feature_id,feature_name,product_domain,depends_on_feature_ids,blocks_feature_ids,dependency_count,blocked_downstream_count,foundational_feature,high_degree_hub,blocked_by_unresolved_governance,blocked_by_missing_implementation_evidence,governance_dependencies,implementation_dependencies,dependency_basis,dependency_confidence,dependency_type,dependency_notes
ES-FEAT-PLATFORM-001,application shell,Platform and shell,,ES-FEAT-PLATFORM-002;ES-FEAT-PLATFORM-003;ES-FEAT-PLATFORM-004;ES-FEAT-PLATFORM-005;ES-FEAT-PLATFORM-006;ES-FEAT-PLATFORM-007;ES-FEAT-PLATFORM-008;ES-FEAT-PLATFORM-009;ES-FEAT-PLATFORM-010;ES-FEAT-IDENTITY-001;ES-FEAT-IDENTITY-002;ES-FEAT-IDENTITY-003;ES-FEAT-IDENTITY-004;ES-FEAT-IDENTITY-005;ES-FEAT-IDENTITY-006;ES-FEAT-IDENTITY-007;ES-FEAT-IDENTITY-008;ES-FEAT-IDENTITY-009;ES-FEAT-IDENTITY-010;ES-FEAT-IDENTITY-011;ES-FEAT-IDENTITY-012;ES-FEAT-IDENTITY-013;ES-FEAT-IDENTITY-014;ES-FEAT-IDENTITY-015;ES-FEAT-IDENTITY-016;ES-FEAT-RELATIONSHIP-001;ES-FEAT-RELATIONSHIP-002;ES-FEAT-RELATIONSHIP-003;ES-FEAT-RELATIONSHIP-004;ES-FEAT-RELATIONSHIP-005;ES-FEAT-RELATIONSHIP-006;ES-FEAT-RELATIONSHIP-007;ES-FEAT-RELATIONSHIP-008;ES-FEAT-RELATIONSHIP-009;ES-FEAT-RELATIONSHIP-010;ES-FEAT-RELATIONSHIP-011;ES-FEAT-FACILITY-001;ES-FEAT-FACILITY-002;ES-FEAT-FACILITY-003;ES-FEAT-FACILITY-004;ES-FEAT-FACILITY-005;ES-FEAT-FACILITY-006;ES-FEAT-FACILITY-007;ES-FEAT-FACILITY-008;ES-FEAT-FACILITY-009;ES-FEAT-FACILITY-010;ES-FEAT-FACILITY-011;ES-FEAT-FACILITY-012;ES-FEAT-FACILITY-013;ES-FEAT-FACILITY-014;ES-FEAT-FACILITY-015;ES-FEAT-FACILITY-016;ES-FEAT-FACILITY-017;ES-FEAT-HORSE-001;ES-FEAT-HORSE-002;ES-FEAT-HORSE-003;ES-FEAT-HORSE-004;ES-FEAT-HORSE-005;ES-FEAT-HORSE-006;ES-FEAT-HORSE-007;ES-FEAT-HORSE-008;ES-FEAT-HORSE-009;ES-FEAT-HORSE-010;ES-FEAT-HORSE-011;ES-FEAT-HORSE-012;ES-FEAT-HORSE-013;ES-FEAT-CARE-001;ES-FEAT-CARE-002;ES-FEAT-CARE-003;ES-FEAT-CARE-004;ES-FEAT-CARE-005;ES-FEAT-CARE-006;ES-FEAT-CARE-007;ES-FEAT-CARE-008;ES-FEAT-CARE-009;ES-FEAT-CARE-010;ES-FEAT-CARE-011;ES-FEAT-CARE-012;ES-FEAT-CARE-013;ES-FEAT-CARE-014;ES-FEAT-CARE-015;ES-FEAT-CARE-016;ES-FEAT-CARE-017;ES-FEAT-CARE-018;ES-FEAT-LESSONS-001;ES-FEAT-LESSONS-002;ES-FEAT-LESSONS-003;ES-FEAT-LESSONS-004;ES-FEAT-LESSONS-005;ES-FEAT-LESSONS-006;ES-FEAT-LESSONS-007;ES-FEAT-LESSONS-008;ES-FEAT-LESSONS-009;ES-FEAT-LESSONS-010;ES-FEAT-LESSONS-011;ES-FEAT-LESSONS-012;ES-FEAT-LESSONS-013;ES-FEAT-LESSONS-014;ES-FEAT-LESSONS-015;ES-FEAT-TASKS-001;ES-FEAT-TASKS-002;ES-FEAT-TASKS-003;ES-FEAT-TASKS-004;ES-FEAT-TASKS-005;ES-FEAT-TASKS-006;ES-FEAT-TASKS-007;ES-FEAT-TASKS-008;ES-FEAT-TASKS-009;ES-FEAT-TASKS-010;ES-FEAT-TASKS-011;ES-FEAT-TASKS-012;ES-FEAT-TASKS-013;ES-FEAT-TASKS-014;ES-FEAT-TASKS-015;ES-FEAT-COMMUNICATIONS-001;ES-FEAT-COMMUNICATIONS-002;ES-FEAT-COMMUNICATIONS-003;ES-FEAT-COMMUNICATIONS-004;ES-FEAT-COMMUNICATIONS-005;ES-FEAT-COMMUNICATIONS-006;ES-FEAT-COMMUNICATIONS-007;ES-FEAT-COMMUNICATIONS-008;ES-FEAT-COMMUNICATIONS-009;ES-FEAT-COMMUNICATIONS-010;ES-FEAT-COMMUNICATIONS-011;ES-FEAT-COMMUNICATIONS-012;ES-FEAT-COMMUNICATIONS-013;ES-FEAT-COMMUNICATIONS-014;ES-FEAT-DOCUMENTS-001;ES-FEAT-DOCUMENTS-002;ES-FEAT-DOCUMENTS-003;ES-FEAT-DOCUMENTS-004;ES-FEAT-DOCUMENTS-005;ES-FEAT-DOCUMENTS-006;ES-FEAT-DOCUMENTS-007;ES-FEAT-DOCUMENTS-008;ES-FEAT-DOCUMENTS-009;ES-FEAT-DOCUMENTS-010;ES-FEAT-DOCUMENTS-011;ES-FEAT-DOCUMENTS-012;ES-FEAT-DOCUMENTS-013;ES-FEAT-DOCUMENTS-014;ES-FEAT-DOCUMENTS-015;ES-FEAT-FINANCIAL-001;ES-FEAT-FINANCIAL-002;ES-FEAT-FINANCIAL-003;ES-FEAT-FINANCIAL-004;ES-FEAT-FINANCIAL-005;ES-FEAT-FINANCIAL-006;ES-FEAT-FINANCIAL-007;ES-FEAT-FINANCIAL-008;ES-FEAT-FINANCIAL-009;ES-FEAT-FINANCIAL-010;ES-FEAT-FINANCIAL-011;ES-FEAT-FINANCIAL-012;ES-FEAT-FINANCIAL-013;ES-FEAT-FINANCIAL-014;ES-FEAT-FINANCIAL-015;ES-FEAT-FINANCIAL-016;ES-FEAT-FINANCIAL-017;ES-FEAT-FINANCIAL-018;ES-FEAT-FINANCIAL-019;ES-FEAT-INVENTORY-001;ES-FEAT-INVENTORY-002;ES-FEAT-INVENTORY-003;ES-FEAT-INVENTORY-004;ES-FEAT-INVENTORY-005;ES-FEAT-INVENTORY-006;ES-FEAT-INVENTORY-007;ES-FEAT-INVENTORY-008;ES-FEAT-INVENTORY-009;ES-FEAT-INVENTORY-010;ES-FEAT-INVENTORY-011;ES-FEAT-INVENTORY-012;ES-FEAT-INVENTORY-013;ES-FEAT-INCIDENT-001;ES-FEAT-INCIDENT-002;ES-FEAT-INCIDENT-003;ES-FEAT-INCIDENT-004;ES-FEAT-INCIDENT-005;ES-FEAT-INCIDENT-006;ES-FEAT-INCIDENT-007;ES-FEAT-INCIDENT-008;ES-FEAT-INCIDENT-009;ES-FEAT-INCIDENT-010;ES-FEAT-INCIDENT-011;ES-FEAT-INCIDENT-012;ES-FEAT-INCIDENT-013;ES-FEAT-INCIDENT-014;ES-FEAT-EVENTS-001;ES-FEAT-EVENTS-002;ES-FEAT-EVENTS-003;ES-FEAT-EVENTS-004;ES-FEAT-EVENTS-005;ES-FEAT-EVENTS-006;ES-FEAT-EVENTS-007;ES-FEAT-EVENTS-008;ES-FEAT-EVENTS-009;ES-FEAT-EVENTS-010;ES-FEAT-EVENTS-011;ES-FEAT-EVENTS-012;ES-FEAT-EVENTS-013;ES-FEAT-EVENTS-014;ES-FEAT-MARKETPLACE-001;ES-FEAT-MARKETPLACE-002;ES-FEAT-MARKETPLACE-003;ES-FEAT-MARKETPLACE-004;ES-FEAT-MARKETPLACE-005;ES-FEAT-MARKETPLACE-006;ES-FEAT-MARKETPLACE-007;ES-FEAT-MARKETPLACE-008;ES-FEAT-MARKETPLACE-009;ES-FEAT-MARKETPLACE-010;ES-FEAT-MARKETPLACE-011;ES-FEAT-MARKETPLACE-012;ES-FEAT-MARKETPLACE-013;ES-FEAT-MARKETPLACE-014;ES-FEAT-MEDIA-001;ES-FEAT-MEDIA-002;ES-FEAT-MEDIA-003;ES-FEAT-MEDIA-004;ES-FEAT-MEDIA-005;ES-FEAT-MEDIA-006;ES-FEAT-MEDIA-007;ES-FEAT-MEDIA-008;ES-FEAT-MEDIA-009;ES-FEAT-MEDIA-010;ES-FEAT-MEDIA-011;ES-FEAT-MEDIA-012;ES-FEAT-MEDIA-013;ES-FEAT-MEDIA-014;ES-FEAT-MEDIA-015;ES-FEAT-MEDIA-016;ES-FEAT-REPORTING-001;ES-FEAT-REPORTING-002;ES-FEAT-REPORTING-003;ES-FEAT-REPORTING-004;ES-FEAT-REPORTING-005;ES-FEAT-REPORTING-006;ES-FEAT-REPORTING-007;ES-FEAT-REPORTING-008;ES-FEAT-REPORTING-009;ES-FEAT-REPORTING-010;ES-FEAT-REPORTING-011;ES-FEAT-AI-001;ES-FEAT-AI-002;ES-FEAT-AI-003;ES-FEAT-AI-004;ES-FEAT-AI-005;ES-FEAT-AI-006;ES-FEAT-AI-007;ES-FEAT-AI-008;ES-FEAT-AI-009;ES-FEAT-AI-010;ES-FEAT-AI-011;ES-FEAT-AI-012;ES-FEAT-INTEGRATIONS-001;ES-FEAT-INTEGRATIONS-002;ES-FEAT-INTEGRATIONS-003;ES-FEAT-INTEGRATIONS-004;ES-FEAT-INTEGRATIONS-005;ES-FEAT-INTEGRATIONS-006;ES-FEAT-INTEGRATIONS-007;ES-FEAT-INTEGRATIONS-008;ES-FEAT-INTEGRATIONS-009;ES-FEAT-INTEGRATIONS-010;ES-FEAT-INTEGRATIONS-011;ES-FEAT-INTEGRATIONS-012;ES-FEAT-INTEGRATIONS-013;ES-FEAT-INTEGRATIONS-014;ES-FEAT-INTEGRATIONS-015;ES-FEAT-INTEGRATIONS-016;ES-FEAT-MOBILE-001;ES-FEAT-MOBILE-002;ES-FEAT-MOBILE-003;ES-FEAT-MOBILE-004;ES-FEAT-MOBILE-005;ES-FEAT-MOBILE-006;ES-FEAT-MOBILE-007;ES-FEAT-MOBILE-008;ES-FEAT-MOBILE-009;ES-FEAT-MOBILE-010;ES-FEAT-MOBILE-011;ES-FEAT-MOBILE-012;ES-FEAT-MOBILE-013;ES-FEAT-ADMINOPS-001;ES-FEAT-ADMINOPS-002;ES-FEAT-ADMINOPS-003;ES-FEAT-ADMINOPS-004;ES-FEAT-ADMINOPS-005;ES-FEAT-ADMINOPS-006;ES-FEAT-ADMINOPS-007;ES-FEAT-ADMINOPS-008;ES-FEAT-ADMINOPS-009;ES-FEAT-ADMINOPS-010;ES-FEAT-ADMINOPS-011;ES-FEAT-ADMINOPS-012;ES-FEAT-ADMINOPS-013;ES-FEAT-ADMINOPS-014;ES-FEAT-ADMINOPS-015;ES-FEAT-ADMINOPS-016;ES-FEAT-DEVELOPER-001;ES-FEAT-DEVELOPER-002;ES-FEAT-DEVELOPER-003;ES-FEAT-DEVELOPER-004;ES-FEAT-DEVELOPER-005;ES-FEAT-DEVELOPER-006;ES-FEAT-DEVELOPER-007;ES-FEAT-DEVELOPER-008;ES-FEAT-DEVELOPER-009;ES-FEAT-DEVELOPER-010;ES-FEAT-DEVELOPER-011;ES-FEAT-DEVELOPER-012,0,313,YES,YES,RETAINED_GAP_ONLY,YES,NO_NEW_DOCUMENT_REQUIRED; Founder disposition required before adoption or activation,"Behavioral repository verification, test execution, and runtime evidence require separate authorization","ROOT_OR_TAXONOMY_ANCHOR relationship inferred from domain shell, identity, relationship, communications, and task hubs; not an empirically verified runtime blast radius.",CONFIRMED,ROOT_OR_TAXONOMY_ANCHOR,Architecture-wide shell/root counts are planning relationships and not empirically verified runtime blast radius.
ES-FEAT-PLATFORM-002,role-aware navigation,Platform and shell,ES-FEAT-PLATFORM-001;ES-FEAT-IDENTITY-001;ES-FEAT-RELATIONSHIP-001;ES-FEAT-FINANCIAL-001;ES-FEAT-COMMUNICATIONS-001;ES-FEAT-TASKS-001,,6,0,NO,NO,RETAINED_GAP_ONLY,YES,NO_NEW_DOCUMENT_REQUIRED; Founder disposition required before adoption or activation,"Behavioral repository verification, test execution, and runtime evidence require separate authorization","AUTHORIZATION;DATA;SOFT_PLANNING_INFERENCE relationship inferred from domain shell, identity, relationship, communications, and task hubs; not an empirically verified runtime blast radius.",STRONGLY_INFERRED,AUTHORIZATION;DATA;SOFT_PLANNING_INFERENCE,Architecture-wide shell/root counts are planning relationships and not empirically verified runtime blast radius.
ES-FEAT-PLATFORM-003,operating centers,Platform and shell,ES-FEAT-PLATFORM-001;ES-FEAT-IDENTITY-001;ES-FEAT-RELATIONSHIP-001;ES-FEAT-FINANCIAL-001;ES-FEAT-COMMUNICATIONS-001;ES-FEAT-TASKS-001,,6,0,NO,NO,YES,YES,DOC-SUP-PIA-05-PLATFORM-SHELL; Founder disposition required before adoption or activation,"Behavioral repository verification, test execution, and runtime evidence require separate authorization","AUTHORIZATION;DATA;SOFT_PLANNING_INFERENCE relationship inferred from domain shell, identity, relationship, communications, and task hubs; not an empirically verified runtime blast radius.",STRONGLY_INFERRED,AUTHORIZATION;DATA;SOFT_PLANNING_INFERENCE,Architecture-wide shell/root counts are planning relationships and not empirically verified runtime blast radius.
ES-FEAT-PLATFORM-004,search,Platform and shell,ES-FEAT-PLATFORM-001;ES-FEAT-IDENTITY-001;ES-FEAT-RELATIONSHIP-001;ES-FEAT-FINANCIAL-001;ES-FEAT-COMMUNICATIONS-001;ES-FEAT-TASKS-001,,6,0,NO,NO,RETAINED_GAP_ONLY,YES,NO_NEW_DOCUMENT_REQUIRED; Founder disposition required before adoption or activation,"Behavioral repository verification, test execution, and runtime evidence require separate authorization","AUTHORIZATION;DATA;SOFT_PLANNING_INFERENCE relationship inferred from domain shell, identity, relationship, communications, and task hubs; not an empirically verified runtime blast radius.",STRONGLY_INFERRED,AUTHORIZATION;DATA;SOFT_PLANNING_INFERENCE,Architecture-wide shell/root counts are planning relationships and not empirically verified runtime blast radius.
ES-FEAT-PLATFORM-005,context switching,Platform and shell,ES-FEAT-PLATFORM-001;ES-FEAT-IDENTITY-001;ES-FEAT-RELATIONSHIP-001;ES-FEAT-FINANCIAL-001;ES-FEAT-COMMUNICATIONS-001;ES-FEAT-TASKS-001,,6,0,NO,NO,YES,YES,DOC-SUP-PIA-05-PLATFORM-SHELL; Founder disposition required before adoption or activation,"Behavioral repository verification, test execution, and runtime evidence require separate authorization","AUTHORIZATION;DATA;SOFT_PLANNING_INFERENCE relationship inferred from domain shell, identity, relationship, communications, and task hubs; not an empirically verified runtime blast radius.",STRONGLY_INFERRED,AUTHORIZATION;DATA;SOFT_PLANNING_INFERENCE,Architecture-wide shell/root counts are planning relationships and not empirically verified runtime blast radius.
ES-FEAT-PLATFORM-006,dashboard composition,Platform and shell,ES-FEAT-PLATFORM-001;ES-FEAT-IDENTITY-001;ES-FEAT-RELATIONSHIP-001;ES-FEAT-FINANCIAL-001;ES-FEAT-COMMUNICATIONS-001;ES-FEAT-TASKS-001,,6,0,NO,NO,YES,YES,DOC-SUP-PIA-05-PLATFORM-SHELL; Founder disposition required before adoption or activation,"Behavioral repository verification, test execution, and runtime evidence require separate authorization","AUTHORIZATION;DATA;SOFT_PLANNING_INFERENCE relationship inferred from domain shell, identity, relationship, communications, and task hubs; not an empirically verified runtime blast radius.",STRONGLY_INFERRED,AUTHORIZATION;DATA;SOFT_PLANNING_INFERENCE,Architecture-wide shell/root counts are planning relationships and not empirically verified runtime blast radius.
ES-FEAT-PLATFORM-007,feature discovery,Platform and shell,ES-FEAT-PLATFORM-001;ES-FEAT-IDENTITY-001;ES-FEAT-RELATIONSHIP-001;ES-FEAT-FINANCIAL-001;ES-FEAT-COMMUNICATIONS-001;ES-FEAT-TASKS-001,,6,0,NO,NO,YES,YES,DOC-SUP-PIA-05-PLATFORM-SHELL; Founder disposition required before adoption or activation,"Behavioral repository verification, test execution, and runtime evidence require separate authorization","AUTHORIZATION;DATA;SOFT_PLANNING_INFERENCE relationship inferred from domain shell, identity, relationship, communications, and task hubs; not an empirically verified runtime blast radius.",STRONGLY_INFERRED,AUTHORIZATION;DATA;SOFT_PLANNING_INFERENCE,Architecture-wide shell/root counts are planning relationships and not empirically verified runtime blast radius.
ES-FEAT-PLATFORM-008,global actions,Platform and shell,ES-FEAT-PLATFORM-001;ES-FEAT-IDENTITY-001;ES-FEAT-RELATIONSHIP-001;ES-FEAT-FINANCIAL-001;ES-FEAT-COMMUNICATIONS-001;ES-FEAT-TASKS-001,,6,0,NO,NO,YES,YES,DOC-SUP-PIA-05-PLATFORM-SHELL; Founder disposition required before adoption or activation,"Behavioral repository verification, test execution, and runtime evidence require separate authorization","AUTHORIZATION;DATA;SOFT_PLANNING_INFERENCE relationship inferred from domain shell, identity, relationship, communications, and task hubs; not an empirically verified runtime blast radius.",STRONGLY_INFERRED,AUTHORIZATION;DATA;SOFT_PLANNING_INFERENCE,Architecture-wide shell/root counts are planning relationships and not empirically verified runtime blast radius.
ES-FEAT-PLATFORM-009,administrative navigation,Platform and shell,ES-FEAT-PLATFORM-001;ES-FEAT-IDENTITY-001;ES-FEAT-RELATIONSHIP-001;ES-FEAT-FINANCIAL-001;ES-FEAT-COMMUNICATIONS-001;ES-FEAT-TASKS-001,,6,0,NO,NO,YES,YES,DOC-SUP-PIA-05-PLATFORM-SHELL; Founder disposition required before adoption or activation,"Behavioral repository verification, test execution, and runtime evidence require separate authorization","AUTHORIZATION;DATA;SOFT_PLANNING_INFERENCE relationship inferred from domain shell, identity, relationship, communications, and task hubs; not an empirically verified runtime blast radius.",STRONGLY_INFERRED,AUTHORIZATION;DATA;SOFT_PLANNING_INFERENCE,Architecture-wide shell/root counts are planning relationships and not empirically verified runtime blast radius.
ES-FEAT-PLATFORM-010,multi-facility context,Platform and shell,ES-FEAT-PLATFORM-001;ES-FEAT-IDENTITY-001;ES-FEAT-RELATIONSHIP-001;ES-FEAT-COMMUNICATIONS-001;ES-FEAT-TASKS-001,,5,0,NO,NO,YES,YES,DOC-SUP-PIA-05-PLATFORM-SHELL; Founder disposition required before adoption or activation,"Behavioral repository verification, test execution, and runtime evidence require separate authorization","AUTHORIZATION;DATA;SOFT_PLANNING_INFERENCE relationship inferred from domain shell, identity, relationship, communications, and task hubs; not an empirically verified runtime blast radius.",STRONGLY_INFERRED,AUTHORIZATION;DATA;SOFT_PLANNING_INFERENCE,Architecture-wide shell/root counts are planning relationships and not empirically verified runtime blast radius.
ES-FEAT-IDENTITY-001,person identity,Identity and access,ES-FEAT-PLATFORM-001,ES-FEAT-PLATFORM-002;ES-FEAT-PLATFORM-003;ES-FEAT-PLATFORM-004;ES-FEAT-PLATFORM-005;ES-FEAT-PLATFORM-006;ES-FEAT-PLATFORM-007;ES-FEAT-PLATFORM-008;ES-FEAT-PLATFORM-009;ES-FEAT-PLATFORM-010;ES-FEAT-IDENTITY-002;ES-FEAT-IDENTITY-003;ES-FEAT-IDENTITY-004;ES-FEAT-IDENTITY-005;ES-FEAT-IDENTITY-006;ES-FEAT-IDENTITY-007;ES-FEAT-IDENTITY-008;ES-FEAT-IDENTITY-009;ES-FEAT-IDENTITY-010;ES-FEAT-IDENTITY-011;ES-FEAT-IDENTITY-012;ES-FEAT-IDENTITY-013;ES-FEAT-IDENTITY-014;ES-FEAT-IDENTITY-015;ES-FEAT-IDENTITY-016;ES-FEAT-RELATIONSHIP-002;ES-FEAT-RELATIONSHIP-003;ES-FEAT-RELATIONSHIP-004;ES-FEAT-RELATIONSHIP-005;ES-FEAT-RELATIONSHIP-006;ES-FEAT-RELATIONSHIP-007;ES-FEAT-RELATIONSHIP-008;ES-FEAT-RELATIONSHIP-009;ES-FEAT-RELATIONSHIP-010;ES-FEAT-RELATIONSHIP-011;ES-FEAT-FACILITY-002;ES-FEAT-FACILITY-003;ES-FEAT-FACILITY-004;ES-FEAT-FACILITY-005;ES-FEAT-FACILITY-006;ES-FEAT-FACILITY-007;ES-FEAT-FACILITY-008;ES-FEAT-FACILITY-009;ES-FEAT-FACILITY-010;ES-FEAT-FACILITY-011;ES-FEAT-FACILITY-012;ES-FEAT-FACILITY-013;ES-FEAT-FACILITY-014;ES-FEAT-FACILITY-015;ES-FEAT-FACILITY-016;ES-FEAT-FACILITY-017;ES-FEAT-HORSE-002;ES-FEAT-HORSE-003;ES-FEAT-HORSE-004;ES-FEAT-HORSE-005;ES-FEAT-HORSE-006;ES-FEAT-HORSE-007;ES-FEAT-HORSE-008;ES-FEAT-HORSE-009;ES-FEAT-HORSE-010;ES-FEAT-HORSE-011;ES-FEAT-HORSE-012;ES-FEAT-HORSE-013;ES-FEAT-CARE-002;ES-FEAT-CARE-003;ES-FEAT-CARE-004;ES-FEAT-CARE-005;ES-FEAT-CARE-006;ES-FEAT-CARE-007;ES-FEAT-CARE-008;ES-FEAT-CARE-009;ES-FEAT-CARE-010;ES-FEAT-CARE-011;ES-FEAT-CARE-012;ES-FEAT-CARE-013;ES-FEAT-CARE-014;ES-FEAT-CARE-015;ES-FEAT-CARE-016;ES-FEAT-CARE-017;ES-FEAT-CARE-018;ES-FEAT-LESSONS-002;ES-FEAT-LESSONS-003;ES-FEAT-LESSONS-004;ES-FEAT-LESSONS-005;ES-FEAT-LESSONS-006;ES-FEAT-LESSONS-007;ES-FEAT-LESSONS-008;ES-FEAT-LESSONS-009;ES-FEAT-LESSONS-010;ES-FEAT-LESSONS-011;ES-FEAT-LESSONS-012;ES-FEAT-LESSONS-013;ES-FEAT-LESSONS-014;ES-FEAT-LESSONS-015;ES-FEAT-TASKS-002;ES-FEAT-TASKS-003;ES-FEAT-TASKS-004;ES-FEAT-TASKS-005;ES-FEAT-TASKS-006;ES-FEAT-TASKS-007;ES-FEAT-TASKS-008;ES-FEAT-TASKS-009;ES-FEAT-TASKS-010;ES-FEAT-TASKS-011;ES-FEAT-TASKS-012;ES-FEAT-TASKS-013;ES-FEAT-TASKS-014;ES-FEAT-TASKS-015;ES-FEAT-COMMUNICATIONS-002;ES-FEAT-COMMUNICATIONS-003;ES-FEAT-COMMUNICATIONS-004;ES-FEAT-COMMUNICATIONS-005;ES-FEAT-COMMUNICATIONS-006;ES-FEAT-COMMUNICATIONS-007;ES-FEAT-COMMUNICATIONS-008;ES-FEAT-COMMUNICATIONS-009;ES-FEAT-COMMUNICATIONS-010;ES-FEAT-COMMUNICATIONS-011;ES-FEAT-COMMUNICATIONS-012;ES-FEAT-COMMUNICATIONS-013;ES-FEAT-COMMUNICATIONS-014;ES-FEAT-DOCUMENTS-002;ES-FEAT-DOCUMENTS-003;ES-FEAT-DOCUMENTS-004;ES-FEAT-DOCUMENTS-005;ES-FEAT-DOCUMENTS-006;ES-FEAT-DOCUMENTS-007;ES-FEAT-DOCUMENTS-008;ES-FEAT-DOCUMENTS-009;ES-FEAT-DOCUMENTS-010;ES-FEAT-DOCUMENTS-011;ES-FEAT-DOCUMENTS-012;ES-FEAT-DOCUMENTS-013;ES-FEAT-DOCUMENTS-014;ES-FEAT-DOCUMENTS-015;ES-FEAT-FINANCIAL-002;ES-FEAT-FINANCIAL-003;ES-FEAT-FINANCIAL-004;ES-FEAT-FINANCIAL-005;ES-FEAT-FINANCIAL-006;ES-FEAT-FINANCIAL-007;ES-FEAT-FINANCIAL-008;ES-FEAT-FINANCIAL-009;ES-FEAT-FINANCIAL-010;ES-FEAT-FINANCIAL-011;ES-FEAT-FINANCIAL-012;ES-FEAT-FINANCIAL-013;ES-FEAT-FINANCIAL-014;ES-FEAT-FINANCIAL-015;ES-FEAT-FINANCIAL-016;ES-FEAT-FINANCIAL-017;ES-FEAT-FINANCIAL-018;ES-FEAT-FINANCIAL-019;ES-FEAT-INVENTORY-002;ES-FEAT-INVENTORY-003;ES-FEAT-INVENTORY-004;ES-FEAT-INVENTORY-005;ES-FEAT-INVENTORY-006;ES-FEAT-INVENTORY-007;ES-FEAT-INVENTORY-008;ES-FEAT-INVENTORY-009;ES-FEAT-INVENTORY-010;ES-FEAT-INVENTORY-011;ES-FEAT-INVENTORY-012;ES-FEAT-INVENTORY-013;ES-FEAT-INCIDENT-002;ES-FEAT-INCIDENT-003;ES-FEAT-INCIDENT-004;ES-FEAT-INCIDENT-005;ES-FEAT-INCIDENT-006;ES-FEAT-INCIDENT-007;ES-FEAT-INCIDENT-008;ES-FEAT-INCIDENT-009;ES-FEAT-INCIDENT-010;ES-FEAT-INCIDENT-011;ES-FEAT-INCIDENT-012;ES-FEAT-INCIDENT-013;ES-FEAT-INCIDENT-014;ES-FEAT-EVENTS-002;ES-FEAT-EVENTS-003;ES-FEAT-EVENTS-004;ES-FEAT-EVENTS-005;ES-FEAT-EVENTS-006;ES-FEAT-EVENTS-007;ES-FEAT-EVENTS-008;ES-FEAT-EVENTS-009;ES-FEAT-EVENTS-010;ES-FEAT-EVENTS-011;ES-FEAT-EVENTS-012;ES-FEAT-EVENTS-013;ES-FEAT-EVENTS-014;ES-FEAT-MARKETPLACE-002;ES-FEAT-MARKETPLACE-003;ES-FEAT-MARKETPLACE-004;ES-FEAT-MARKETPLACE-005;ES-FEAT-MARKETPLACE-006;ES-FEAT-MARKETPLACE-007;ES-FEAT-MARKETPLACE-008;ES-FEAT-MARKETPLACE-009;ES-FEAT-MARKETPLACE-010;ES-FEAT-MARKETPLACE-011;ES-FEAT-MARKETPLACE-012;ES-FEAT-MARKETPLACE-013;ES-FEAT-MARKETPLACE-014;ES-FEAT-MEDIA-002;ES-FEAT-MEDIA-003;ES-FEAT-MEDIA-004;ES-FEAT-MEDIA-005;ES-FEAT-MEDIA-006;ES-FEAT-MEDIA-007;ES-FEAT-MEDIA-008;ES-FEAT-MEDIA-009;ES-FEAT-MEDIA-010;ES-FEAT-MEDIA-011;ES-FEAT-MEDIA-012;ES-FEAT-MEDIA-013;ES-FEAT-MEDIA-014;ES-FEAT-MEDIA-015;ES-FEAT-MEDIA-016;ES-FEAT-REPORTING-002;ES-FEAT-REPORTING-003;ES-FEAT-REPORTING-004;ES-FEAT-REPORTING-005;ES-FEAT-REPORTING-006;ES-FEAT-REPORTING-007;ES-FEAT-REPORTING-008;ES-FEAT-REPORTING-009;ES-FEAT-REPORTING-010;ES-FEAT-REPORTING-011;ES-FEAT-AI-002;ES-FEAT-AI-003;ES-FEAT-AI-004;ES-FEAT-AI-005;ES-FEAT-AI-006;ES-FEAT-AI-007;ES-FEAT-AI-008;ES-FEAT-AI-009;ES-FEAT-AI-010;ES-FEAT-AI-011;ES-FEAT-AI-012;ES-FEAT-INTEGRATIONS-002;ES-FEAT-INTEGRATIONS-003;ES-FEAT-INTEGRATIONS-004;ES-FEAT-INTEGRATIONS-005;ES-FEAT-INTEGRATIONS-006;ES-FEAT-INTEGRATIONS-007;ES-FEAT-INTEGRATIONS-008;ES-FEAT-INTEGRATIONS-009;ES-FEAT-INTEGRATIONS-010;ES-FEAT-INTEGRATIONS-011;ES-FEAT-INTEGRATIONS-012;ES-FEAT-INTEGRATIONS-013;ES-FEAT-INTEGRATIONS-014;ES-FEAT-INTEGRATIONS-015;ES-FEAT-INTEGRATIONS-016;ES-FEAT-MOBILE-002;ES-FEAT-MOBILE-003;ES-FEAT-MOBILE-004;ES-FEAT-MOBILE-005;ES-FEAT-MOBILE-006;ES-FEAT-MOBILE-007;ES-FEAT-MOBILE-008;ES-FEAT-MOBILE-009;ES-FEAT-MOBILE-010;ES-FEAT-MOBILE-011;ES-FEAT-MOBILE-012;ES-FEAT-MOBILE-013;ES-FEAT-ADMINOPS-002;ES-FEAT-ADMINOPS-003;ES-FEAT-ADMINOPS-004;ES-FEAT-ADMINOPS-005;ES-FEAT-ADMINOPS-006;ES-FEAT-ADMINOPS-007;ES-FEAT-ADMINOPS-008;ES-FEAT-ADMINOPS-009;ES-FEAT-ADMINOPS-010;ES-FEAT-ADMINOPS-011;ES-FEAT-ADMINOPS-012;ES-FEAT-ADMINOPS-013;ES-FEAT-ADMINOPS-014;ES-FEAT-ADMINOPS-015;ES-FEAT-ADMINOPS-016;ES-FEAT-DEVELOPER-002;ES-FEAT-DEVELOPER-003;ES-FEAT-DEVELOPER-004;ES-FEAT-DEVELOPER-005;ES-FEAT-DEVELOPER-006;ES-FEAT-DEVELOPER-007;ES-FEAT-DEVELOPER-008;ES-FEAT-DEVELOPER-009;ES-FEAT-DEVELOPER-010;ES-FEAT-DEVELOPER-011;ES-FEAT-DEVELOPER-012,1,292,NO,YES,RETAINED_GAP_ONLY,YES,NO_NEW_DOCUMENT_REQUIRED; Founder disposition required before adoption or activation,"Behavioral repository verification, test execution, and runtime evidence require separate authorization","AUTHORIZATION;DATA;SOFT_PLANNING_INFERENCE relationship inferred from domain shell, identity, relationship, communications, and task hubs; not an empirically verified runtime blast radius.",STRONGLY_INFERRED,AUTHORIZATION;DATA;SOFT_PLANNING_INFERENCE,Architecture-wide shell/root counts are planning relationships and not empirically verified runtime blast radius.
ES-FEAT-IDENTITY-002,accounts,Identity and access,ES-FEAT-PLATFORM-001;ES-FEAT-IDENTITY-001;ES-FEAT-RELATIONSHIP-001;ES-FEAT-FINANCIAL-001;ES-FEAT-COMMUNICATIONS-001;ES-FEAT-TASKS-001;ES-FEAT-HORSE-001;ES-FEAT-CARE-001,,8,0,NO,NO,RETAINED_GAP_ONLY,YES,NO_NEW_DOCUMENT_REQUIRED; Founder disposition required before adoption or activation,"Behavioral repository verification, test execution, and runtime evidence require separate authorization","AUTHORIZATION;DATA;SOFT_PLANNING_INFERENCE relationship inferred from domain shell, identity, relationship, communications, and task hubs; not an empirically verified runtime blast radius.",STRONGLY_INFERRED,AUTHORIZATION;DATA;SOFT_PLANNING_INFERENCE,Architecture-wide shell/root counts are planning relationships and not empirically verified runtime blast radius.
ES-FEAT-IDENTITY-003,authentication,Identity and access,ES-FEAT-PLATFORM-001;ES-FEAT-IDENTITY-001;ES-FEAT-RELATIONSHIP-001;ES-FEAT-FINANCIAL-001;ES-FEAT-COMMUNICATIONS-001;ES-FEAT-TASKS-001;ES-FEAT-HORSE-001;ES-FEAT-CARE-001,,8,0,NO,NO,RETAINED_GAP_ONLY,YES,NO_NEW_DOCUMENT_REQUIRED; Founder disposition required before adoption or activation,"Behavioral repository verification, test execution, and runtime evidence require separate authorization","AUTHORIZATION;DATA;SOFT_PLANNING_INFERENCE relationship inferred from domain shell, identity, relationship, communications, and task hubs; not an empirically verified runtime blast radius.",STRONGLY_INFERRED,AUTHORIZATION;DATA;SOFT_PLANNING_INFERENCE,Architecture-wide shell/root counts are planning relationships and not empirically verified runtime blast radius.
ES-FEAT-IDENTITY-004,passkeys and MFA,Identity and access,ES-FEAT-PLATFORM-001;ES-FEAT-IDENTITY-001;ES-FEAT-RELATIONSHIP-001;ES-FEAT-FINANCIAL-001;ES-FEAT-COMMUNICATIONS-001;ES-FEAT-TASKS-001;ES-FEAT-HORSE-001;ES-FEAT-CARE-001,,8,0,NO,NO,RETAINED_GAP_ONLY,YES,DOC-SUP-PIA-01-IDENTITY-ACCESS; Founder disposition required before adoption or activation,Implementation design or discovery required under separate authority,"AUTHORIZATION;DATA;SOFT_PLANNING_INFERENCE relationship inferred from domain shell, identity, relationship, communications, and task hubs; not an empirically verified runtime blast radius.",STRONGLY_INFERRED,AUTHORIZATION;DATA;SOFT_PLANNING_INFERENCE,Architecture-wide shell/root counts are planning relationships and not empirically verified runtime blast radius.
ES-FEAT-IDENTITY-005,sessions,Identity and access,ES-FEAT-PLATFORM-001;ES-FEAT-IDENTITY-001;ES-FEAT-RELATIONSHIP-001;ES-FEAT-FINANCIAL-001;ES-FEAT-COMMUNICATIONS-001;ES-FEAT-TASKS-001;ES-FEAT-HORSE-001;ES-FEAT-CARE-001,,8,0,NO,NO,YES,YES,DOC-SUP-PIA-01-IDENTITY-ACCESS; Founder disposition required before adoption or activation,"Behavioral repository verification, test execution, and runtime evidence require separate authorization","AUTHORIZATION;DATA;SOFT_PLANNING_INFERENCE relationship inferred from domain shell, identity, relationship, communications, and task hubs; not an empirically verified runtime blast radius.",STRONGLY_INFERRED,AUTHORIZATION;DATA;SOFT_PLANNING_INFERENCE,Architecture-wide shell/root counts are planning relationships and not empirically verified runtime blast radius.
ES-FEAT-IDENTITY-006,recovery (Identity),Identity and access,ES-FEAT-PLATFORM-001;ES-FEAT-IDENTITY-001;ES-FEAT-RELATIONSHIP-001;ES-FEAT-FINANCIAL-001;ES-FEAT-COMMUNICATIONS-001;ES-FEAT-TASKS-001;ES-FEAT-HORSE-001;ES-FEAT-CARE-001,,8,0,NO,NO,YES,YES,DOC-SUP-PIA-01-IDENTITY-ACCESS; Founder disposition required before adoption or activation,"Behavioral repository verification, test execution, and runtime evidence require separate authorization","AUTHORIZATION;DATA;SOFT_PLANNING_INFERENCE relationship inferred from domain shell, identity, relationship, communications, and task hubs; not an empirically verified runtime blast radius.",STRONGLY_INFERRED,AUTHORIZATION;DATA;SOFT_PLANNING_INFERENCE,Architecture-wide shell/root counts are planning relationships and not empirically verified runtime blast radius.
ES-FEAT-IDENTITY-007,invitations,Identity and access,ES-FEAT-PLATFORM-001;ES-FEAT-IDENTITY-001;ES-FEAT-RELATIONSHIP-001;ES-FEAT-FINANCIAL-001;ES-FEAT-COMMUNICATIONS-001;ES-FEAT-TASKS-001;ES-FEAT-HORSE-001;ES-FEAT-CARE-001,,8,0,NO,NO,YES,YES,DOC-SUP-PIA-01-IDENTITY-ACCESS; Founder disposition required before adoption or activation,"Behavioral repository verification, test execution, and runtime evidence require separate authorization","AUTHORIZATION;DATA;SOFT_PLANNING_INFERENCE relationship inferred from domain shell, identity, relationship, communications, and task hubs; not an empirically verified runtime blast radius.",STRONGLY_INFERRED,AUTHORIZATION;DATA;SOFT_PLANNING_INFERENCE,Architecture-wide shell/root counts are planning relationships and not empirically verified runtime blast radius.
ES-FEAT-IDENTITY-008,enrollment,Identity and access,ES-FEAT-PLATFORM-001;ES-FEAT-IDENTITY-001;ES-FEAT-RELATIONSHIP-001;ES-FEAT-FINANCIAL-001;ES-FEAT-COMMUNICATIONS-001;ES-FEAT-TASKS-001;ES-FEAT-HORSE-001;ES-FEAT-CARE-001,,8,0,NO,NO,YES,YES,DOC-SUP-PIA-01-IDENTITY-ACCESS; Founder disposition required before adoption or activation,"Behavioral repository verification, test execution, and runtime evidence require separate authorization","AUTHORIZATION;DATA;SOFT_PLANNING_INFERENCE relationship inferred from domain shell, identity, relationship, communications, and task hubs; not an empirically verified runtime blast radius.",STRONGLY_INFERRED,AUTHORIZATION;DATA;SOFT_PLANNING_INFERENCE,Architecture-wide shell/root counts are planning relationships and not empirically verified runtime blast radius.
ES-FEAT-IDENTITY-009,tenant membership,Identity and access,ES-FEAT-PLATFORM-001;ES-FEAT-IDENTITY-001;ES-FEAT-RELATIONSHIP-001;ES-FEAT-FINANCIAL-001;ES-FEAT-COMMUNICATIONS-001;ES-FEAT-TASKS-001;ES-FEAT-HORSE-001;ES-FEAT-CARE-001,,8,0,NO,NO,YES,YES,DOC-SUP-PIA-01-IDENTITY-ACCESS; Founder disposition required before adoption or activation,"Behavioral repository verification, test execution, and runtime evidence require separate authorization","AUTHORIZATION;DATA;SOFT_PLANNING_INFERENCE relationship inferred from domain shell, identity, relationship, communications, and task hubs; not an empirically verified runtime blast radius.",STRONGLY_INFERRED,AUTHORIZATION;DATA;SOFT_PLANNING_INFERENCE,Architecture-wide shell/root counts are planning relationships and not empirically verified runtime blast radius.
ES-FEAT-IDENTITY-010,facility membership,Identity and access,ES-FEAT-PLATFORM-001;ES-FEAT-IDENTITY-001;ES-FEAT-RELATIONSHIP-001;ES-FEAT-FINANCIAL-001;ES-FEAT-COMMUNICATIONS-001;ES-FEAT-TASKS-001;ES-FEAT-HORSE-001,,7,0,NO,NO,YES,YES,DOC-SUP-PIA-01-IDENTITY-ACCESS; Founder disposition required before adoption or activation,"Behavioral repository verification, test execution, and runtime evidence require separate authorization","AUTHORIZATION;DATA;SOFT_PLANNING_INFERENCE relationship inferred from domain shell, identity, relationship, communications, and task hubs; not an empirically verified runtime blast radius.",STRONGLY_INFERRED,AUTHORIZATION;DATA;SOFT_PLANNING_INFERENCE,Architecture-wide shell/root counts are planning relationships and not empirically verified runtime blast radius.
ES-FEAT-IDENTITY-011,roles and capabilities,Identity and access,ES-FEAT-PLATFORM-001;ES-FEAT-IDENTITY-001;ES-FEAT-RELATIONSHIP-001;ES-FEAT-FINANCIAL-001;ES-FEAT-COMMUNICATIONS-001;ES-FEAT-TASKS-001;ES-FEAT-HORSE-001;ES-FEAT-CARE-001,,8,0,NO,NO,RETAINED_GAP_ONLY,YES,NO_NEW_DOCUMENT_REQUIRED; Founder disposition required before adoption or activation,"Behavioral repository verification, test execution, and runtime evidence require separate authorization","AUTHORIZATION;DATA;SOFT_PLANNING_INFERENCE relationship inferred from domain shell, identity, relationship, communications, and task hubs; not an empirically verified runtime blast radius.",STRONGLY_INFERRED,AUTHORIZATION;DATA;SOFT_PLANNING_INFERENCE,Architecture-wide shell/root counts are planning relationships and not empirically verified runtime blast radius.
ES-FEAT-IDENTITY-012,delegation,Identity and access,ES-FEAT-PLATFORM-001;ES-FEAT-IDENTITY-001;ES-FEAT-RELATIONSHIP-001;ES-FEAT-FINANCIAL-001;ES-FEAT-COMMUNICATIONS-001;ES-FEAT-TASKS-001;ES-FEAT-HORSE-001;ES-FEAT-CARE-001,,8,0,NO,NO,YES,YES,DOC-SUP-PIA-01-IDENTITY-ACCESS; Founder disposition required before adoption or activation,"Behavioral repository verification, test execution, and runtime evidence require separate authorization","AUTHORIZATION;DATA;SOFT_PLANNING_INFERENCE relationship inferred from domain shell, identity, relationship, communications, and task hubs; not an empirically verified runtime blast radius.",STRONGLY_INFERRED,AUTHORIZATION;DATA;SOFT_PLANNING_INFERENCE,Architecture-wide shell/root counts are planning relationships and not empirically verified runtime blast radius.
ES-FEAT-IDENTITY-013,support access,Identity and access,ES-FEAT-PLATFORM-001;ES-FEAT-IDENTITY-001;ES-FEAT-RELATIONSHIP-001;ES-FEAT-FINANCIAL-001;ES-FEAT-COMMUNICATIONS-001;ES-FEAT-TASKS-001;ES-FEAT-HORSE-001;ES-FEAT-CARE-001,,8,0,NO,NO,YES,YES,DOC-SUP-PIA-01-IDENTITY-ACCESS; Founder disposition required before adoption or activation,"Behavioral repository verification, test execution, and runtime evidence require separate authorization","AUTHORIZATION;DATA;SOFT_PLANNING_INFERENCE relationship inferred from domain shell, identity, relationship, communications, and task hubs; not an empirically verified runtime blast radius.",STRONGLY_INFERRED,AUTHORIZATION;DATA;SOFT_PLANNING_INFERENCE,Architecture-wide shell/root counts are planning relationships and not empirically verified runtime blast radius.
ES-FEAT-IDENTITY-014,service accounts (Identity),Identity and access,ES-FEAT-PLATFORM-001;ES-FEAT-IDENTITY-001;ES-FEAT-RELATIONSHIP-001;ES-FEAT-FINANCIAL-001;ES-FEAT-COMMUNICATIONS-001;ES-FEAT-TASKS-001;ES-FEAT-HORSE-001;ES-FEAT-CARE-001,,8,0,NO,NO,YES,YES,DOC-SUP-PIA-01-IDENTITY-ACCESS; Founder disposition required before adoption or activation,"Behavioral repository verification, test execution, and runtime evidence require separate authorization","AUTHORIZATION;DATA;SOFT_PLANNING_INFERENCE relationship inferred from domain shell, identity, relationship, communications, and task hubs; not an empirically verified runtime blast radius.",STRONGLY_INFERRED,AUTHORIZATION;DATA;SOFT_PLANNING_INFERENCE,Architecture-wide shell/root counts are planning relationships and not empirically verified runtime blast radius.
ES-FEAT-IDENTITY-015,account closure,Identity and access,ES-FEAT-PLATFORM-001;ES-FEAT-IDENTITY-001;ES-FEAT-RELATIONSHIP-001;ES-FEAT-FINANCIAL-001;ES-FEAT-COMMUNICATIONS-001;ES-FEAT-TASKS-001;ES-FEAT-HORSE-001;ES-FEAT-CARE-001,,8,0,NO,NO,YES,YES,DOC-SUP-PIA-01-IDENTITY-ACCESS; Founder disposition required before adoption or activation,"Behavioral repository verification, test execution, and runtime evidence require separate authorization","AUTHORIZATION;DATA;SOFT_PLANNING_INFERENCE relationship inferred from domain shell, identity, relationship, communications, and task hubs; not an empirically verified runtime blast radius.",STRONGLY_INFERRED,AUTHORIZATION;DATA;SOFT_PLANNING_INFERENCE,Architecture-wide shell/root counts are planning relationships and not empirically verified runtime blast radius.
ES-FEAT-IDENTITY-016,duplicate identity and merge,Identity and access,ES-FEAT-PLATFORM-001;ES-FEAT-IDENTITY-001;ES-FEAT-RELATIONSHIP-001;ES-FEAT-FINANCIAL-001;ES-FEAT-COMMUNICATIONS-001;ES-FEAT-TASKS-001;ES-FEAT-HORSE-001;ES-FEAT-CARE-001,,8,0,NO,NO,YES,YES,DOC-SUP-PIA-01-IDENTITY-ACCESS; Founder disposition required before adoption or activation,"Behavioral repository verification, test execution, and runtime evidence require separate authorization","AUTHORIZATION;DATA;SOFT_PLANNING_INFERENCE relationship inferred from domain shell, identity, relationship, communications, and task hubs; not an empirically verified runtime blast radius.",STRONGLY_INFERRED,AUTHORIZATION;DATA;SOFT_PLANNING_INFERENCE,Architecture-wide shell/root counts are planning relationships and not empirically verified runtime blast radius.
ES-FEAT-RELATIONSHIP-001,owner-horse relationships,Relationships and guardianship,ES-FEAT-PLATFORM-001,ES-FEAT-PLATFORM-002;ES-FEAT-PLATFORM-003;ES-FEAT-PLATFORM-004;ES-FEAT-PLATFORM-005;ES-FEAT-PLATFORM-006;ES-FEAT-PLATFORM-007;ES-FEAT-PLATFORM-008;ES-FEAT-PLATFORM-009;ES-FEAT-PLATFORM-010;ES-FEAT-IDENTITY-002;ES-FEAT-IDENTITY-003;ES-FEAT-IDENTITY-004;ES-FEAT-IDENTITY-005;ES-FEAT-IDENTITY-006;ES-FEAT-IDENTITY-007;ES-FEAT-IDENTITY-008;ES-FEAT-IDENTITY-009;ES-FEAT-IDENTITY-010;ES-FEAT-IDENTITY-011;ES-FEAT-IDENTITY-012;ES-FEAT-IDENTITY-013;ES-FEAT-IDENTITY-014;ES-FEAT-IDENTITY-015;ES-FEAT-IDENTITY-016;ES-FEAT-RELATIONSHIP-002;ES-FEAT-RELATIONSHIP-003;ES-FEAT-RELATIONSHIP-004;ES-FEAT-RELATIONSHIP-005;ES-FEAT-RELATIONSHIP-006;ES-FEAT-RELATIONSHIP-007;ES-FEAT-RELATIONSHIP-008;ES-FEAT-RELATIONSHIP-009;ES-FEAT-RELATIONSHIP-010;ES-FEAT-RELATIONSHIP-011;ES-FEAT-FACILITY-002;ES-FEAT-FACILITY-003;ES-FEAT-FACILITY-004;ES-FEAT-FACILITY-005;ES-FEAT-FACILITY-006;ES-FEAT-FACILITY-007;ES-FEAT-FACILITY-008;ES-FEAT-FACILITY-009;ES-FEAT-FACILITY-010;ES-FEAT-FACILITY-011;ES-FEAT-FACILITY-012;ES-FEAT-FACILITY-013;ES-FEAT-FACILITY-014;ES-FEAT-FACILITY-015;ES-FEAT-FACILITY-016;ES-FEAT-FACILITY-017;ES-FEAT-HORSE-002;ES-FEAT-HORSE-003;ES-FEAT-HORSE-004;ES-FEAT-HORSE-005;ES-FEAT-HORSE-006;ES-FEAT-HORSE-007;ES-FEAT-HORSE-008;ES-FEAT-HORSE-009;ES-FEAT-HORSE-010;ES-FEAT-HORSE-011;ES-FEAT-HORSE-012;ES-FEAT-HORSE-013;ES-FEAT-CARE-002;ES-FEAT-CARE-003;ES-FEAT-CARE-004;ES-FEAT-CARE-005;ES-FEAT-CARE-006;ES-FEAT-CARE-007;ES-FEAT-CARE-008;ES-FEAT-CARE-009;ES-FEAT-CARE-010;ES-FEAT-CARE-011;ES-FEAT-CARE-012;ES-FEAT-CARE-013;ES-FEAT-CARE-014;ES-FEAT-CARE-015;ES-FEAT-CARE-016;ES-FEAT-CARE-017;ES-FEAT-CARE-018;ES-FEAT-LESSONS-002;ES-FEAT-LESSONS-003;ES-FEAT-LESSONS-004;ES-FEAT-LESSONS-005;ES-FEAT-LESSONS-006;ES-FEAT-LESSONS-007;ES-FEAT-LESSONS-008;ES-FEAT-LESSONS-009;ES-FEAT-LESSONS-010;ES-FEAT-LESSONS-011;ES-FEAT-LESSONS-012;ES-FEAT-LESSONS-013;ES-FEAT-LESSONS-014;ES-FEAT-LESSONS-015;ES-FEAT-TASKS-002;ES-FEAT-TASKS-003;ES-FEAT-TASKS-004;ES-FEAT-TASKS-005;ES-FEAT-TASKS-006;ES-FEAT-TASKS-007;ES-FEAT-TASKS-008;ES-FEAT-TASKS-009;ES-FEAT-TASKS-010;ES-FEAT-TASKS-011;ES-FEAT-TASKS-012;ES-FEAT-TASKS-013;ES-FEAT-TASKS-014;ES-FEAT-TASKS-015;ES-FEAT-COMMUNICATIONS-002;ES-FEAT-COMMUNICATIONS-003;ES-FEAT-COMMUNICATIONS-004;ES-FEAT-COMMUNICATIONS-005;ES-FEAT-COMMUNICATIONS-006;ES-FEAT-COMMUNICATIONS-007;ES-FEAT-COMMUNICATIONS-008;ES-FEAT-COMMUNICATIONS-009;ES-FEAT-COMMUNICATIONS-010;ES-FEAT-COMMUNICATIONS-011;ES-FEAT-COMMUNICATIONS-012;ES-FEAT-COMMUNICATIONS-013;ES-FEAT-COMMUNICATIONS-014;ES-FEAT-DOCUMENTS-002;ES-FEAT-DOCUMENTS-003;ES-FEAT-DOCUMENTS-004;ES-FEAT-DOCUMENTS-005;ES-FEAT-DOCUMENTS-006;ES-FEAT-DOCUMENTS-007;ES-FEAT-DOCUMENTS-008;ES-FEAT-DOCUMENTS-009;ES-FEAT-DOCUMENTS-010;ES-FEAT-DOCUMENTS-011;ES-FEAT-DOCUMENTS-012;ES-FEAT-DOCUMENTS-013;ES-FEAT-DOCUMENTS-014;ES-FEAT-DOCUMENTS-015;ES-FEAT-FINANCIAL-002;ES-FEAT-FINANCIAL-003;ES-FEAT-FINANCIAL-004;ES-FEAT-FINANCIAL-005;ES-FEAT-FINANCIAL-006;ES-FEAT-FINANCIAL-007;ES-FEAT-FINANCIAL-008;ES-FEAT-FINANCIAL-009;ES-FEAT-FINANCIAL-010;ES-FEAT-FINANCIAL-011;ES-FEAT-FINANCIAL-012;ES-FEAT-FINANCIAL-013;ES-FEAT-FINANCIAL-014;ES-FEAT-FINANCIAL-015;ES-FEAT-FINANCIAL-016;ES-FEAT-FINANCIAL-017;ES-FEAT-FINANCIAL-018;ES-FEAT-FINANCIAL-019;ES-FEAT-INVENTORY-002;ES-FEAT-INVENTORY-003;ES-FEAT-INVENTORY-004;ES-FEAT-INVENTORY-005;ES-FEAT-INVENTORY-006;ES-FEAT-INVENTORY-007;ES-FEAT-INVENTORY-008;ES-FEAT-INVENTORY-009;ES-FEAT-INVENTORY-010;ES-FEAT-INVENTORY-011;ES-FEAT-INVENTORY-012;ES-FEAT-INVENTORY-013;ES-FEAT-INCIDENT-002;ES-FEAT-INCIDENT-003;ES-FEAT-INCIDENT-004;ES-FEAT-INCIDENT-005;ES-FEAT-INCIDENT-006;ES-FEAT-INCIDENT-007;ES-FEAT-INCIDENT-008;ES-FEAT-INCIDENT-009;ES-FEAT-INCIDENT-010;ES-FEAT-INCIDENT-011;ES-FEAT-INCIDENT-012;ES-FEAT-INCIDENT-013;ES-FEAT-INCIDENT-014;ES-FEAT-EVENTS-002;ES-FEAT-EVENTS-003;ES-FEAT-EVENTS-004;ES-FEAT-EVENTS-005;ES-FEAT-EVENTS-006;ES-FEAT-EVENTS-007;ES-FEAT-EVENTS-008;ES-FEAT-EVENTS-009;ES-FEAT-EVENTS-010;ES-FEAT-EVENTS-011;ES-FEAT-EVENTS-012;ES-FEAT-EVENTS-013;ES-FEAT-EVENTS-014;ES-FEAT-MARKETPLACE-002;ES-FEAT-MARKETPLACE-003;ES-FEAT-MARKETPLACE-004;ES-FEAT-MARKETPLACE-005;ES-FEAT-MARKETPLACE-006;ES-FEAT-MARKETPLACE-007;ES-FEAT-MARKETPLACE-008;ES-FEAT-MARKETPLACE-009;ES-FEAT-MARKETPLACE-010;ES-FEAT-MARKETPLACE-011;ES-FEAT-MARKETPLACE-012;ES-FEAT-MARKETPLACE-013;ES-FEAT-MARKETPLACE-014;ES-FEAT-MEDIA-002;ES-FEAT-MEDIA-003;ES-FEAT-MEDIA-004;ES-FEAT-MEDIA-005;ES-FEAT-MEDIA-006;ES-FEAT-MEDIA-007;ES-FEAT-MEDIA-008;ES-FEAT-MEDIA-009;ES-FEAT-MEDIA-010;ES-FEAT-MEDIA-011;ES-FEAT-MEDIA-012;ES-FEAT-MEDIA-013;ES-FEAT-MEDIA-014;ES-FEAT-MEDIA-015;ES-FEAT-MEDIA-016;ES-FEAT-REPORTING-002;ES-FEAT-REPORTING-003;ES-FEAT-REPORTING-004;ES-FEAT-REPORTING-005;ES-FEAT-REPORTING-006;ES-FEAT-REPORTING-007;ES-FEAT-REPORTING-008;ES-FEAT-REPORTING-009;ES-FEAT-REPORTING-010;ES-FEAT-REPORTING-011;ES-FEAT-AI-002;ES-FEAT-AI-003;ES-FEAT-AI-004;ES-FEAT-AI-005;ES-FEAT-AI-006;ES-FEAT-AI-007;ES-FEAT-AI-008;ES-FEAT-AI-009;ES-FEAT-AI-010;ES-FEAT-AI-011;ES-FEAT-AI-012;ES-FEAT-INTEGRATIONS-002;ES-FEAT-INTEGRATIONS-003;ES-FEAT-INTEGRATIONS-004;ES-FEAT-INTEGRATIONS-005;ES-FEAT-INTEGRATIONS-006;ES-FEAT-INTEGRATIONS-007;ES-FEAT-INTEGRATIONS-008;ES-FEAT-INTEGRATIONS-009;ES-FEAT-INTEGRATIONS-010;ES-FEAT-INTEGRATIONS-011;ES-FEAT-INTEGRATIONS-012;ES-FEAT-INTEGRATIONS-013;ES-FEAT-INTEGRATIONS-014;ES-FEAT-INTEGRATIONS-015;ES-FEAT-INTEGRATIONS-016;ES-FEAT-MOBILE-002;ES-FEAT-MOBILE-003;ES-FEAT-MOBILE-004;ES-FEAT-MOBILE-005;ES-FEAT-MOBILE-006;ES-FEAT-MOBILE-007;ES-FEAT-MOBILE-008;ES-FEAT-MOBILE-009;ES-FEAT-MOBILE-010;ES-FEAT-MOBILE-011;ES-FEAT-MOBILE-012;ES-FEAT-MOBILE-013;ES-FEAT-ADMINOPS-002;ES-FEAT-ADMINOPS-003;ES-FEAT-ADMINOPS-004;ES-FEAT-ADMINOPS-005;ES-FEAT-ADMINOPS-006;ES-FEAT-ADMINOPS-007;ES-FEAT-ADMINOPS-008;ES-FEAT-ADMINOPS-009;ES-FEAT-ADMINOPS-010;ES-FEAT-ADMINOPS-011;ES-FEAT-ADMINOPS-012;ES-FEAT-ADMINOPS-013;ES-FEAT-ADMINOPS-014;ES-FEAT-ADMINOPS-015;ES-FEAT-ADMINOPS-016;ES-FEAT-DEVELOPER-002;ES-FEAT-DEVELOPER-003;ES-FEAT-DEVELOPER-004;ES-FEAT-DEVELOPER-005;ES-FEAT-DEVELOPER-006;ES-FEAT-DEVELOPER-007;ES-FEAT-DEVELOPER-008;ES-FEAT-DEVELOPER-009;ES-FEAT-DEVELOPER-010;ES-FEAT-DEVELOPER-011;ES-FEAT-DEVELOPER-012,1,292,NO,YES,YES,YES,DOC-SUP-PIA-03-RELATIONSHIP-GUARDIANSHIP; Founder disposition required before adoption or activation,"Behavioral repository verification, test execution, and runtime evidence require separate authorization","AUTHORIZATION;DATA;SOFT_PLANNING_INFERENCE relationship inferred from domain shell, identity, relationship, communications, and task hubs; not an empirically verified runtime blast radius.",STRONGLY_INFERRED,AUTHORIZATION;DATA;SOFT_PLANNING_INFERENCE,Architecture-wide shell/root counts are planning relationships and not empirically verified runtime blast radius.
ES-FEAT-RELATIONSHIP-002,trainer-client relationships,Relationships and guardianship,ES-FEAT-PLATFORM-001;ES-FEAT-RELATIONSHIP-001;ES-FEAT-IDENTITY-001;ES-FEAT-FINANCIAL-001;ES-FEAT-COMMUNICATIONS-001;ES-FEAT-TASKS-001;ES-FEAT-CARE-001,,7,0,NO,NO,YES,YES,DOC-SUP-PIA-03-RELATIONSHIP-GUARDIANSHIP; Founder disposition required before adoption or activation,"Behavioral repository verification, test execution, and runtime evidence require separate authorization","AUTHORIZATION;DATA;SOFT_PLANNING_INFERENCE relationship inferred from domain shell, identity, relationship, communications, and task hubs; not an empirically verified runtime blast radius.",STRONGLY_INFERRED,AUTHORIZATION;DATA;SOFT_PLANNING_INFERENCE,Architecture-wide shell/root counts are planning relationships and not empirically verified runtime blast radius.
ES-FEAT-RELATIONSHIP-003,guardian-minor relationships,Relationships and guardianship,ES-FEAT-PLATFORM-001;ES-FEAT-RELATIONSHIP-001;ES-FEAT-IDENTITY-001;ES-FEAT-FINANCIAL-001;ES-FEAT-COMMUNICATIONS-001;ES-FEAT-TASKS-001,,6,0,NO,NO,YES,YES,DOC-SUP-PIA-03-RELATIONSHIP-GUARDIANSHIP; Founder disposition required before adoption or activation,"Behavioral repository verification, test execution, and runtime evidence require separate authorization","AUTHORIZATION;DATA;SOFT_PLANNING_INFERENCE relationship inferred from domain shell, identity, relationship, communications, and task hubs; not an empirically verified runtime blast radius.",STRONGLY_INFERRED,AUTHORIZATION;DATA;SOFT_PLANNING_INFERENCE,Architecture-wide shell/root counts are planning relationships and not empirically verified runtime blast radius.
ES-FEAT-RELATIONSHIP-004,delegated authority,Relationships and guardianship,ES-FEAT-PLATFORM-001;ES-FEAT-RELATIONSHIP-001;ES-FEAT-IDENTITY-001;ES-FEAT-FINANCIAL-001;ES-FEAT-COMMUNICATIONS-001;ES-FEAT-TASKS-001,,6,0,NO,NO,YES,YES,DOC-SUP-PIA-03-RELATIONSHIP-GUARDIANSHIP; Founder disposition required before adoption or activation,"Behavioral repository verification, test execution, and runtime evidence require separate authorization","AUTHORIZATION;DATA;SOFT_PLANNING_INFERENCE relationship inferred from domain shell, identity, relationship, communications, and task hubs; not an empirically verified runtime blast radius.",STRONGLY_INFERRED,AUTHORIZATION;DATA;SOFT_PLANNING_INFERENCE,Architecture-wide shell/root counts are planning relationships and not empirically verified runtime blast radius.
ES-FEAT-RELATIONSHIP-005,effective dates,Relationships and guardianship,ES-FEAT-PLATFORM-001;ES-FEAT-RELATIONSHIP-001;ES-FEAT-IDENTITY-001;ES-FEAT-COMMUNICATIONS-001;ES-FEAT-TASKS-001;ES-FEAT-HORSE-001,,6,0,NO,NO,YES,YES,DOC-SUP-PIA-03-RELATIONSHIP-GUARDIANSHIP; Founder disposition required before adoption or activation,"Behavioral repository verification, test execution, and runtime evidence require separate authorization","AUTHORIZATION;DATA;SOFT_PLANNING_INFERENCE relationship inferred from domain shell, identity, relationship, communications, and task hubs; not an empirically verified runtime blast radius.",STRONGLY_INFERRED,AUTHORIZATION;DATA;SOFT_PLANNING_INFERENCE,Architecture-wide shell/root counts are planning relationships and not empirically verified runtime blast radius.
ES-FEAT-RELATIONSHIP-006,disputes (Relationships),Relationships and guardianship,ES-FEAT-PLATFORM-001;ES-FEAT-RELATIONSHIP-001;ES-FEAT-IDENTITY-001;ES-FEAT-COMMUNICATIONS-001;ES-FEAT-TASKS-001,,5,0,NO,NO,YES,YES,DOC-SUP-PIA-03-RELATIONSHIP-GUARDIANSHIP; Founder disposition required before adoption or activation,"Behavioral repository verification, test execution, and runtime evidence require separate authorization","AUTHORIZATION;DATA;SOFT_PLANNING_INFERENCE relationship inferred from domain shell, identity, relationship, communications, and task hubs; not an empirically verified runtime blast radius.",STRONGLY_INFERRED,AUTHORIZATION;DATA;SOFT_PLANNING_INFERENCE,Architecture-wide shell/root counts are planning relationships and not empirically verified runtime blast radius.
ES-FEAT-RELATIONSHIP-007,restrictions,Relationships and guardianship,ES-FEAT-PLATFORM-001;ES-FEAT-RELATIONSHIP-001;ES-FEAT-IDENTITY-001;ES-FEAT-COMMUNICATIONS-001;ES-FEAT-TASKS-001,,5,0,NO,NO,YES,YES,DOC-SUP-PIA-03-RELATIONSHIP-GUARDIANSHIP; Founder disposition required before adoption or activation,"Behavioral repository verification, test execution, and runtime evidence require separate authorization","AUTHORIZATION;DATA;SOFT_PLANNING_INFERENCE relationship inferred from domain shell, identity, relationship, communications, and task hubs; not an empirically verified runtime blast radius.",STRONGLY_INFERRED,AUTHORIZATION;DATA;SOFT_PLANNING_INFERENCE,Architecture-wide shell/root counts are planning relationships and not empirically verified runtime blast radius.
ES-FEAT-RELATIONSHIP-008,relationship verification,Relationships and guardianship,ES-FEAT-PLATFORM-001;ES-FEAT-RELATIONSHIP-001;ES-FEAT-IDENTITY-001;ES-FEAT-COMMUNICATIONS-001;ES-FEAT-TASKS-001,,5,0,NO,NO,YES,YES,DOC-SUP-PIA-03-RELATIONSHIP-GUARDIANSHIP; Founder disposition required before adoption or activation,"Behavioral repository verification, test execution, and runtime evidence require separate authorization","AUTHORIZATION;DATA;SOFT_PLANNING_INFERENCE relationship inferred from domain shell, identity, relationship, communications, and task hubs; not an empirically verified runtime blast radius.",STRONGLY_INFERRED,AUTHORIZATION;DATA;SOFT_PLANNING_INFERENCE,Architecture-wide shell/root counts are planning relationships and not empirically verified runtime blast radius.
ES-FEAT-RELATIONSHIP-009,relationship termination,Relationships and guardianship,ES-FEAT-PLATFORM-001;ES-FEAT-RELATIONSHIP-001;ES-FEAT-IDENTITY-001;ES-FEAT-COMMUNICATIONS-001;ES-FEAT-TASKS-001,,5,0,NO,NO,YES,YES,DOC-SUP-PIA-03-RELATIONSHIP-GUARDIANSHIP; Founder disposition required before adoption or activation,"Behavioral repository verification, test execution, and runtime evidence require separate authorization","AUTHORIZATION;DATA;SOFT_PLANNING_INFERENCE relationship inferred from domain shell, identity, relationship, communications, and task hubs; not an empirically verified runtime blast radius.",STRONGLY_INFERRED,AUTHORIZATION;DATA;SOFT_PLANNING_INFERENCE,Architecture-wide shell/root counts are planning relationships and not empirically verified runtime blast radius.
ES-FEAT-RELATIONSHIP-010,cross-tenant relationships,Relationships and guardianship,ES-FEAT-PLATFORM-001;ES-FEAT-RELATIONSHIP-001;ES-FEAT-IDENTITY-001;ES-FEAT-COMMUNICATIONS-001;ES-FEAT-TASKS-001;ES-FEAT-HORSE-001,,6,0,NO,NO,YES,YES,DOC-SUP-PIA-03-RELATIONSHIP-GUARDIANSHIP; Founder disposition required before adoption or activation,"Behavioral repository verification, test execution, and runtime evidence require separate authorization","AUTHORIZATION;DATA;SOFT_PLANNING_INFERENCE relationship inferred from domain shell, identity, relationship, communications, and task hubs; not an empirically verified runtime blast radius.",STRONGLY_INFERRED,AUTHORIZATION;DATA;SOFT_PLANNING_INFERENCE,Architecture-wide shell/root counts are planning relationships and not empirically verified runtime blast radius.
ES-FEAT-RELATIONSHIP-011,historical relationships,Relationships and guardianship,ES-FEAT-PLATFORM-001;ES-FEAT-RELATIONSHIP-001;ES-FEAT-IDENTITY-001;ES-FEAT-COMMUNICATIONS-001;ES-FEAT-TASKS-001,,5,0,NO,NO,YES,YES,DOC-SUP-PIA-03-RELATIONSHIP-GUARDIANSHIP; Founder disposition required before adoption or activation,"Behavioral repository verification, test execution, and runtime evidence require separate authorization","AUTHORIZATION;DATA;SOFT_PLANNING_INFERENCE relationship inferred from domain shell, identity, relationship, communications, and task hubs; not an empirically verified runtime blast radius.",STRONGLY_INFERRED,AUTHORIZATION;DATA;SOFT_PLANNING_INFERENCE,Architecture-wide shell/root counts are planning relationships and not empirically verified runtime blast radius.
ES-FEAT-FACILITY-001,facility creation,"Facility, barn, business, and physical operations",ES-FEAT-PLATFORM-001,ES-FEAT-FACILITY-002;ES-FEAT-FACILITY-003;ES-FEAT-FACILITY-004;ES-FEAT-FACILITY-005;ES-FEAT-FACILITY-006;ES-FEAT-FACILITY-007;ES-FEAT-FACILITY-008;ES-FEAT-FACILITY-009;ES-FEAT-FACILITY-010;ES-FEAT-FACILITY-011;ES-FEAT-FACILITY-012;ES-FEAT-FACILITY-013;ES-FEAT-FACILITY-014;ES-FEAT-FACILITY-015;ES-FEAT-FACILITY-016;ES-FEAT-FACILITY-017,1,16,NO,NO,YES,YES,DOC-SUP-PIA-02-FACILITY-OPERATIONS; Founder disposition required before adoption or activation,"Behavioral repository verification, test execution, and runtime evidence require separate authorization","AUTHORIZATION;DATA;SOFT_PLANNING_INFERENCE relationship inferred from domain shell, identity, relationship, communications, and task hubs; not an empirically verified runtime blast radius.",STRONGLY_INFERRED,AUTHORIZATION;DATA;SOFT_PLANNING_INFERENCE,Architecture-wide shell/root counts are planning relationships and not empirically verified runtime blast radius.
ES-FEAT-FACILITY-002,barn lifecycle,"Facility, barn, business, and physical operations",ES-FEAT-PLATFORM-001;ES-FEAT-FACILITY-001;ES-FEAT-IDENTITY-001;ES-FEAT-RELATIONSHIP-001;ES-FEAT-COMMUNICATIONS-001;ES-FEAT-TASKS-001,,6,0,NO,NO,YES,YES,DOC-SUP-PIA-02-FACILITY-OPERATIONS; Founder disposition required before adoption or activation,"Behavioral repository verification, test execution, and runtime evidence require separate authorization","AUTHORIZATION;DATA;SOFT_PLANNING_INFERENCE relationship inferred from domain shell, identity, relationship, communications, and task hubs; not an empirically verified runtime blast radius.",STRONGLY_INFERRED,AUTHORIZATION;DATA;SOFT_PLANNING_INFERENCE,Architecture-wide shell/root counts are planning relationships and not empirically verified runtime blast radius.
ES-FEAT-FACILITY-003,locations,"Facility, barn, business, and physical operations",ES-FEAT-PLATFORM-001;ES-FEAT-FACILITY-001;ES-FEAT-IDENTITY-001;ES-FEAT-RELATIONSHIP-001;ES-FEAT-COMMUNICATIONS-001;ES-FEAT-TASKS-001,,6,0,NO,NO,YES,YES,DOC-SUP-PIA-02-FACILITY-OPERATIONS; Founder disposition required before adoption or activation,"Behavioral repository verification, test execution, and runtime evidence require separate authorization","AUTHORIZATION;DATA;SOFT_PLANNING_INFERENCE relationship inferred from domain shell, identity, relationship, communications, and task hubs; not an empirically verified runtime blast radius.",STRONGLY_INFERRED,AUTHORIZATION;DATA;SOFT_PLANNING_INFERENCE,Architecture-wide shell/root counts are planning relationships and not empirically verified runtime blast radius.
ES-FEAT-FACILITY-004,stalls,"Facility, barn, business, and physical operations",ES-FEAT-PLATFORM-001;ES-FEAT-FACILITY-001;ES-FEAT-IDENTITY-001;ES-FEAT-RELATIONSHIP-001;ES-FEAT-COMMUNICATIONS-001;ES-FEAT-TASKS-001,,6,0,NO,NO,YES,YES,DOC-SUP-PIA-02-FACILITY-OPERATIONS; Founder disposition required before adoption or activation,"Behavioral repository verification, test execution, and runtime evidence require separate authorization","AUTHORIZATION;DATA;SOFT_PLANNING_INFERENCE relationship inferred from domain shell, identity, relationship, communications, and task hubs; not an empirically verified runtime blast radius.",STRONGLY_INFERRED,AUTHORIZATION;DATA;SOFT_PLANNING_INFERENCE,Architecture-wide shell/root counts are planning relationships and not empirically verified runtime blast radius.
ES-FEAT-FACILITY-005,arenas,"Facility, barn, business, and physical operations",ES-FEAT-PLATFORM-001;ES-FEAT-FACILITY-001;ES-FEAT-IDENTITY-001;ES-FEAT-RELATIONSHIP-001;ES-FEAT-COMMUNICATIONS-001;ES-FEAT-TASKS-001,,6,0,NO,NO,YES,YES,DOC-SUP-PIA-02-FACILITY-OPERATIONS; Founder disposition required before adoption or activation,"Behavioral repository verification, test execution, and runtime evidence require separate authorization","AUTHORIZATION;DATA;SOFT_PLANNING_INFERENCE relationship inferred from domain shell, identity, relationship, communications, and task hubs; not an empirically verified runtime blast radius.",STRONGLY_INFERRED,AUTHORIZATION;DATA;SOFT_PLANNING_INFERENCE,Architecture-wide shell/root counts are planning relationships and not empirically verified runtime blast radius.
ES-FEAT-FACILITY-006,pastures,"Facility, barn, business, and physical operations",ES-FEAT-PLATFORM-001;ES-FEAT-FACILITY-001;ES-FEAT-IDENTITY-001;ES-FEAT-RELATIONSHIP-001;ES-FEAT-COMMUNICATIONS-001;ES-FEAT-TASKS-001,,6,0,NO,NO,YES,YES,DOC-SUP-PIA-02-FACILITY-OPERATIONS; Founder disposition required before adoption or activation,"Behavioral repository verification, test execution, and runtime evidence require separate authorization","AUTHORIZATION;DATA;SOFT_PLANNING_INFERENCE relationship inferred from domain shell, identity, relationship, communications, and task hubs; not an empirically verified runtime blast radius.",STRONGLY_INFERRED,AUTHORIZATION;DATA;SOFT_PLANNING_INFERENCE,Architecture-wide shell/root counts are planning relationships and not empirically verified runtime blast radius.
ES-FEAT-FACILITY-007,facility maps,"Facility, barn, business, and physical operations",ES-FEAT-PLATFORM-001;ES-FEAT-FACILITY-001;ES-FEAT-IDENTITY-001;ES-FEAT-RELATIONSHIP-001;ES-FEAT-COMMUNICATIONS-001;ES-FEAT-TASKS-001,,6,0,NO,NO,YES,YES,DOC-SUP-PIA-02-FACILITY-OPERATIONS; Founder disposition required before adoption or activation,"Behavioral repository verification, test execution, and runtime evidence require separate authorization","AUTHORIZATION;DATA;SOFT_PLANNING_INFERENCE relationship inferred from domain shell, identity, relationship, communications, and task hubs; not an empirically verified runtime blast radius.",STRONGLY_INFERRED,AUTHORIZATION;DATA;SOFT_PLANNING_INFERENCE,Architecture-wide shell/root counts are planning relationships and not empirically verified runtime blast radius.
ES-FEAT-FACILITY-008,occupancy,"Facility, barn, business, and physical operations",ES-FEAT-PLATFORM-001;ES-FEAT-FACILITY-001;ES-FEAT-IDENTITY-001;ES-FEAT-RELATIONSHIP-001;ES-FEAT-COMMUNICATIONS-001;ES-FEAT-TASKS-001,,6,0,NO,NO,YES,YES,DOC-SUP-PIA-02-FACILITY-OPERATIONS; Founder disposition required before adoption or activation,"Behavioral repository verification, test execution, and runtime evidence require separate authorization","AUTHORIZATION;DATA;SOFT_PLANNING_INFERENCE relationship inferred from domain shell, identity, relationship, communications, and task hubs; not an empirically verified runtime blast radius.",STRONGLY_INFERRED,AUTHORIZATION;DATA;SOFT_PLANNING_INFERENCE,Architecture-wide shell/root counts are planning relationships and not empirically verified runtime blast radius.
ES-FEAT-FACILITY-009,assignments (Facility),"Facility, barn, business, and physical operations",ES-FEAT-PLATFORM-001;ES-FEAT-FACILITY-001;ES-FEAT-IDENTITY-001;ES-FEAT-RELATIONSHIP-001;ES-FEAT-COMMUNICATIONS-001;ES-FEAT-TASKS-001;ES-FEAT-HORSE-001;ES-FEAT-CARE-001,,8,0,NO,NO,YES,YES,DOC-SUP-PIA-02-FACILITY-OPERATIONS; Founder disposition required before adoption or activation,"Behavioral repository verification, test execution, and runtime evidence require separate authorization","AUTHORIZATION;DATA;SOFT_PLANNING_INFERENCE relationship inferred from domain shell, identity, relationship, communications, and task hubs; not an empirically verified runtime blast radius.",STRONGLY_INFERRED,AUTHORIZATION;DATA;SOFT_PLANNING_INFERENCE,Architecture-wide shell/root counts are planning relationships and not empirically verified runtime blast radius.
ES-FEAT-FACILITY-010,inspections,"Facility, barn, business, and physical operations",ES-FEAT-PLATFORM-001;ES-FEAT-FACILITY-001;ES-FEAT-IDENTITY-001;ES-FEAT-RELATIONSHIP-001;ES-FEAT-COMMUNICATIONS-001;ES-FEAT-TASKS-001,,6,0,NO,NO,YES,YES,DOC-SUP-PIA-02-FACILITY-OPERATIONS; Founder disposition required before adoption or activation,"Behavioral repository verification, test execution, and runtime evidence require separate authorization","AUTHORIZATION;DATA;SOFT_PLANNING_INFERENCE relationship inferred from domain shell, identity, relationship, communications, and task hubs; not an empirically verified runtime blast radius.",STRONGLY_INFERRED,AUTHORIZATION;DATA;SOFT_PLANNING_INFERENCE,Architecture-wide shell/root counts are planning relationships and not empirically verified runtime blast radius.
ES-FEAT-FACILITY-011,maintenance,"Facility, barn, business, and physical operations",ES-FEAT-PLATFORM-001;ES-FEAT-FACILITY-001;ES-FEAT-IDENTITY-001;ES-FEAT-RELATIONSHIP-001;ES-FEAT-COMMUNICATIONS-001;ES-FEAT-TASKS-001,,6,0,NO,NO,YES,YES,DOC-SUP-PIA-02-FACILITY-OPERATIONS; Founder disposition required before adoption or activation,"Behavioral repository verification, test execution, and runtime evidence require separate authorization","AUTHORIZATION;DATA;SOFT_PLANNING_INFERENCE relationship inferred from domain shell, identity, relationship, communications, and task hubs; not an empirically verified runtime blast radius.",STRONGLY_INFERRED,AUTHORIZATION;DATA;SOFT_PLANNING_INFERENCE,Architecture-wide shell/root counts are planning relationships and not empirically verified runtime blast radius.
ES-FEAT-FACILITY-012,work orders,"Facility, barn, business, and physical operations",ES-FEAT-PLATFORM-001;ES-FEAT-FACILITY-001;ES-FEAT-IDENTITY-001;ES-FEAT-RELATIONSHIP-001;ES-FEAT-FINANCIAL-001;ES-FEAT-COMMUNICATIONS-001;ES-FEAT-TASKS-001,,7,0,NO,NO,YES,YES,DOC-SUP-PIA-02-FACILITY-OPERATIONS; Founder disposition required before adoption or activation,"Behavioral repository verification, test execution, and runtime evidence require separate authorization","AUTHORIZATION;DATA;SOFT_PLANNING_INFERENCE relationship inferred from domain shell, identity, relationship, communications, and task hubs; not an empirically verified runtime blast radius.",STRONGLY_INFERRED,AUTHORIZATION;DATA;SOFT_PLANNING_INFERENCE,Architecture-wide shell/root counts are planning relationships and not empirically verified runtime blast radius.
ES-FEAT-FACILITY-013,hazards,"Facility, barn, business, and physical operations",ES-FEAT-PLATFORM-001;ES-FEAT-FACILITY-001;ES-FEAT-IDENTITY-001;ES-FEAT-RELATIONSHIP-001;ES-FEAT-COMMUNICATIONS-001;ES-FEAT-TASKS-001,,6,0,NO,NO,YES,YES,DOC-SUP-PIA-02-FACILITY-OPERATIONS; Founder disposition required before adoption or activation,"Behavioral repository verification, test execution, and runtime evidence require separate authorization","AUTHORIZATION;DATA;SOFT_PLANNING_INFERENCE relationship inferred from domain shell, identity, relationship, communications, and task hubs; not an empirically verified runtime blast radius.",STRONGLY_INFERRED,AUTHORIZATION;DATA;SOFT_PLANNING_INFERENCE,Architecture-wide shell/root counts are planning relationships and not empirically verified runtime blast radius.
ES-FEAT-FACILITY-014,closures,"Facility, barn, business, and physical operations",ES-FEAT-PLATFORM-001;ES-FEAT-FACILITY-001;ES-FEAT-IDENTITY-001;ES-FEAT-RELATIONSHIP-001;ES-FEAT-COMMUNICATIONS-001;ES-FEAT-TASKS-001,,6,0,NO,NO,YES,YES,DOC-SUP-PIA-02-FACILITY-OPERATIONS; Founder disposition required before adoption or activation,"Behavioral repository verification, test execution, and runtime evidence require separate authorization","AUTHORIZATION;DATA;SOFT_PLANNING_INFERENCE relationship inferred from domain shell, identity, relationship, communications, and task hubs; not an empirically verified runtime blast radius.",STRONGLY_INFERRED,AUTHORIZATION;DATA;SOFT_PLANNING_INFERENCE,Architecture-wide shell/root counts are planning relationships and not empirically verified runtime blast radius.
ES-FEAT-FACILITY-015,contractors,"Facility, barn, business, and physical operations",ES-FEAT-PLATFORM-001;ES-FEAT-FACILITY-001;ES-FEAT-IDENTITY-001;ES-FEAT-RELATIONSHIP-001;ES-FEAT-COMMUNICATIONS-001;ES-FEAT-TASKS-001,,6,0,NO,NO,YES,YES,DOC-SUP-PIA-02-FACILITY-OPERATIONS; Founder disposition required before adoption or activation,"Behavioral repository verification, test execution, and runtime evidence require separate authorization","AUTHORIZATION;DATA;SOFT_PLANNING_INFERENCE relationship inferred from domain shell, identity, relationship, communications, and task hubs; not an empirically verified runtime blast radius.",STRONGLY_INFERRED,AUTHORIZATION;DATA;SOFT_PLANNING_INFERENCE,Architecture-wide shell/root counts are planning relationships and not empirically verified runtime blast radius.
ES-FEAT-FACILITY-016,capital improvements,"Facility, barn, business, and physical operations",ES-FEAT-PLATFORM-001;ES-FEAT-FACILITY-001;ES-FEAT-IDENTITY-001;ES-FEAT-RELATIONSHIP-001;ES-FEAT-COMMUNICATIONS-001;ES-FEAT-TASKS-001,,6,0,NO,NO,YES,YES,DOC-SUP-PIA-02-FACILITY-OPERATIONS; Founder disposition required before adoption or activation,"Behavioral repository verification, test execution, and runtime evidence require separate authorization","AUTHORIZATION;DATA;SOFT_PLANNING_INFERENCE relationship inferred from domain shell, identity, relationship, communications, and task hubs; not an empirically verified runtime blast radius.",STRONGLY_INFERRED,AUTHORIZATION;DATA;SOFT_PLANNING_INFERENCE,Architecture-wide shell/root counts are planning relationships and not empirically verified runtime blast radius.
ES-FEAT-FACILITY-017,business operations,"Facility, barn, business, and physical operations",ES-FEAT-PLATFORM-001;ES-FEAT-FACILITY-001;ES-FEAT-IDENTITY-001;ES-FEAT-RELATIONSHIP-001;ES-FEAT-COMMUNICATIONS-001;ES-FEAT-TASKS-001,,6,0,NO,NO,YES,YES,DOC-SUP-PIA-02-FACILITY-OPERATIONS; Founder disposition required before adoption or activation,"Behavioral repository verification, test execution, and runtime evidence require separate authorization","AUTHORIZATION;DATA;SOFT_PLANNING_INFERENCE relationship inferred from domain shell, identity, relationship, communications, and task hubs; not an empirically verified runtime blast radius.",STRONGLY_INFERRED,AUTHORIZATION;DATA;SOFT_PLANNING_INFERENCE,Architecture-wide shell/root counts are planning relationships and not empirically verified runtime blast radius.
ES-FEAT-HORSE-001,horse profile,Horse identity and lifecycle,ES-FEAT-PLATFORM-001,ES-FEAT-IDENTITY-002;ES-FEAT-IDENTITY-003;ES-FEAT-IDENTITY-004;ES-FEAT-IDENTITY-005;ES-FEAT-IDENTITY-006;ES-FEAT-IDENTITY-007;ES-FEAT-IDENTITY-008;ES-FEAT-IDENTITY-009;ES-FEAT-IDENTITY-010;ES-FEAT-IDENTITY-011;ES-FEAT-IDENTITY-012;ES-FEAT-IDENTITY-013;ES-FEAT-IDENTITY-014;ES-FEAT-IDENTITY-015;ES-FEAT-IDENTITY-016;ES-FEAT-RELATIONSHIP-005;ES-FEAT-RELATIONSHIP-010;ES-FEAT-FACILITY-009;ES-FEAT-HORSE-002;ES-FEAT-HORSE-003;ES-FEAT-HORSE-004;ES-FEAT-HORSE-005;ES-FEAT-HORSE-006;ES-FEAT-HORSE-007;ES-FEAT-HORSE-008;ES-FEAT-HORSE-009;ES-FEAT-HORSE-010;ES-FEAT-HORSE-011;ES-FEAT-HORSE-012;ES-FEAT-HORSE-013;ES-FEAT-CARE-002;ES-FEAT-CARE-003;ES-FEAT-CARE-004;ES-FEAT-CARE-005;ES-FEAT-CARE-006;ES-FEAT-CARE-007;ES-FEAT-CARE-008;ES-FEAT-CARE-009;ES-FEAT-CARE-010;ES-FEAT-CARE-011;ES-FEAT-CARE-012;ES-FEAT-CARE-013;ES-FEAT-CARE-014;ES-FEAT-CARE-015;ES-FEAT-CARE-016;ES-FEAT-CARE-017;ES-FEAT-CARE-018;ES-FEAT-LESSONS-002;ES-FEAT-LESSONS-003;ES-FEAT-LESSONS-004;ES-FEAT-LESSONS-005;ES-FEAT-LESSONS-006;ES-FEAT-LESSONS-007;ES-FEAT-LESSONS-008;ES-FEAT-LESSONS-009;ES-FEAT-LESSONS-010;ES-FEAT-LESSONS-011;ES-FEAT-LESSONS-012;ES-FEAT-LESSONS-013;ES-FEAT-LESSONS-014;ES-FEAT-LESSONS-015;ES-FEAT-COMMUNICATIONS-003;ES-FEAT-COMMUNICATIONS-004;ES-FEAT-COMMUNICATIONS-007;ES-FEAT-COMMUNICATIONS-008;ES-FEAT-COMMUNICATIONS-009;ES-FEAT-COMMUNICATIONS-010;ES-FEAT-COMMUNICATIONS-011;ES-FEAT-COMMUNICATIONS-012;ES-FEAT-COMMUNICATIONS-013;ES-FEAT-FINANCIAL-019;ES-FEAT-INVENTORY-002;ES-FEAT-INVENTORY-003;ES-FEAT-INVENTORY-004;ES-FEAT-INVENTORY-005;ES-FEAT-INVENTORY-006;ES-FEAT-INVENTORY-007;ES-FEAT-INVENTORY-008;ES-FEAT-INVENTORY-009;ES-FEAT-INVENTORY-010;ES-FEAT-INVENTORY-011;ES-FEAT-INVENTORY-012;ES-FEAT-INVENTORY-013;ES-FEAT-INCIDENT-002;ES-FEAT-INCIDENT-003;ES-FEAT-INCIDENT-004;ES-FEAT-INCIDENT-005;ES-FEAT-INCIDENT-006;ES-FEAT-INCIDENT-007;ES-FEAT-INCIDENT-008;ES-FEAT-INCIDENT-009;ES-FEAT-INCIDENT-010;ES-FEAT-INCIDENT-011;ES-FEAT-INCIDENT-012;ES-FEAT-INCIDENT-013;ES-FEAT-INCIDENT-014;ES-FEAT-EVENTS-002;ES-FEAT-EVENTS-003;ES-FEAT-EVENTS-004;ES-FEAT-EVENTS-005;ES-FEAT-EVENTS-006;ES-FEAT-EVENTS-007;ES-FEAT-EVENTS-008;ES-FEAT-EVENTS-009;ES-FEAT-EVENTS-010;ES-FEAT-EVENTS-011;ES-FEAT-EVENTS-012;ES-FEAT-EVENTS-013;ES-FEAT-EVENTS-014;ES-FEAT-MEDIA-002;ES-FEAT-MEDIA-003;ES-FEAT-MEDIA-004;ES-FEAT-MEDIA-005;ES-FEAT-MEDIA-006;ES-FEAT-MEDIA-007;ES-FEAT-MEDIA-008;ES-FEAT-MEDIA-009;ES-FEAT-MEDIA-010;ES-FEAT-MEDIA-011;ES-FEAT-MEDIA-012;ES-FEAT-MEDIA-013;ES-FEAT-MEDIA-014;ES-FEAT-MEDIA-015;ES-FEAT-MEDIA-016;ES-FEAT-REPORTING-003;ES-FEAT-REPORTING-011;ES-FEAT-AI-011;ES-FEAT-INTEGRATIONS-002;ES-FEAT-INTEGRATIONS-003;ES-FEAT-INTEGRATIONS-004;ES-FEAT-INTEGRATIONS-005;ES-FEAT-INTEGRATIONS-007;ES-FEAT-INTEGRATIONS-008;ES-FEAT-INTEGRATIONS-009;ES-FEAT-INTEGRATIONS-010;ES-FEAT-INTEGRATIONS-011;ES-FEAT-INTEGRATIONS-013;ES-FEAT-INTEGRATIONS-014;ES-FEAT-MOBILE-005;ES-FEAT-MOBILE-006;ES-FEAT-MOBILE-012;ES-FEAT-DEVELOPER-002;ES-FEAT-DEVELOPER-003;ES-FEAT-DEVELOPER-004;ES-FEAT-DEVELOPER-005;ES-FEAT-DEVELOPER-006;ES-FEAT-DEVELOPER-007;ES-FEAT-DEVELOPER-008;ES-FEAT-DEVELOPER-009;ES-FEAT-DEVELOPER-011;ES-FEAT-DEVELOPER-012,1,151,NO,YES,RETAINED_GAP_ONLY,YES,NO_NEW_DOCUMENT_REQUIRED; Founder disposition required before adoption or activation,"Behavioral repository verification, test execution, and runtime evidence require separate authorization","AUTHORIZATION;DATA;SOFT_PLANNING_INFERENCE relationship inferred from domain shell, identity, relationship, communications, and task hubs; not an empirically verified runtime blast radius.",STRONGLY_INFERRED,AUTHORIZATION;DATA;SOFT_PLANNING_INFERENCE,Architecture-wide shell/root counts are planning relationships and not empirically verified runtime blast radius.
ES-FEAT-HORSE-002,passport,Horse identity and lifecycle,ES-FEAT-PLATFORM-001;ES-FEAT-HORSE-001;ES-FEAT-IDENTITY-001;ES-FEAT-RELATIONSHIP-001;ES-FEAT-COMMUNICATIONS-001;ES-FEAT-TASKS-001;ES-FEAT-CARE-001,,7,0,NO,NO,YES,YES,DOC-SUP-PIA-04-HORSE-LIFECYCLE; Founder disposition required before adoption or activation,"Behavioral repository verification, test execution, and runtime evidence require separate authorization","AUTHORIZATION;DATA;SOFT_PLANNING_INFERENCE relationship inferred from domain shell, identity, relationship, communications, and task hubs; not an empirically verified runtime blast radius.",STRONGLY_INFERRED,AUTHORIZATION;DATA;SOFT_PLANNING_INFERENCE,Architecture-wide shell/root counts are planning relationships and not empirically verified runtime blast radius.
ES-FEAT-HORSE-003,ownership,Horse identity and lifecycle,ES-FEAT-PLATFORM-001;ES-FEAT-HORSE-001;ES-FEAT-IDENTITY-001;ES-FEAT-RELATIONSHIP-001;ES-FEAT-COMMUNICATIONS-001;ES-FEAT-TASKS-001;ES-FEAT-CARE-001,,7,0,NO,NO,YES,YES,DOC-SUP-PIA-04-HORSE-LIFECYCLE; Founder disposition required before adoption or activation,"Behavioral repository verification, test execution, and runtime evidence require separate authorization","AUTHORIZATION;DATA;SOFT_PLANNING_INFERENCE relationship inferred from domain shell, identity, relationship, communications, and task hubs; not an empirically verified runtime blast radius.",STRONGLY_INFERRED,AUTHORIZATION;DATA;SOFT_PLANNING_INFERENCE,Architecture-wide shell/root counts are planning relationships and not empirically verified runtime blast radius.
ES-FEAT-HORSE-004,custody,Horse identity and lifecycle,ES-FEAT-PLATFORM-001;ES-FEAT-HORSE-001;ES-FEAT-IDENTITY-001;ES-FEAT-RELATIONSHIP-001;ES-FEAT-COMMUNICATIONS-001;ES-FEAT-TASKS-001;ES-FEAT-CARE-001,,7,0,NO,NO,YES,YES,DOC-SUP-PIA-04-HORSE-LIFECYCLE; Founder disposition required before adoption or activation,"Behavioral repository verification, test execution, and runtime evidence require separate authorization","AUTHORIZATION;DATA;SOFT_PLANNING_INFERENCE relationship inferred from domain shell, identity, relationship, communications, and task hubs; not an empirically verified runtime blast radius.",STRONGLY_INFERRED,AUTHORIZATION;DATA;SOFT_PLANNING_INFERENCE,Architecture-wide shell/root counts are planning relationships and not empirically verified runtime blast radius.
ES-FEAT-HORSE-005,lease,Horse identity and lifecycle,ES-FEAT-PLATFORM-001;ES-FEAT-HORSE-001;ES-FEAT-IDENTITY-001;ES-FEAT-RELATIONSHIP-001;ES-FEAT-COMMUNICATIONS-001;ES-FEAT-TASKS-001;ES-FEAT-CARE-001,,7,0,NO,NO,YES,YES,DOC-SUP-PIA-04-HORSE-LIFECYCLE; Founder disposition required before adoption or activation,"Behavioral repository verification, test execution, and runtime evidence require separate authorization","AUTHORIZATION;DATA;SOFT_PLANNING_INFERENCE relationship inferred from domain shell, identity, relationship, communications, and task hubs; not an empirically verified runtime blast radius.",STRONGLY_INFERRED,AUTHORIZATION;DATA;SOFT_PLANNING_INFERENCE,Architecture-wide shell/root counts are planning relationships and not empirically verified runtime blast radius.
ES-FEAT-HORSE-006,transfer (Horse identity),Horse identity and lifecycle,ES-FEAT-PLATFORM-001;ES-FEAT-HORSE-001;ES-FEAT-IDENTITY-001;ES-FEAT-RELATIONSHIP-001;ES-FEAT-COMMUNICATIONS-001;ES-FEAT-TASKS-001;ES-FEAT-CARE-001,,7,0,NO,NO,YES,YES,DOC-SUP-PIA-04-HORSE-LIFECYCLE; Founder disposition required before adoption or activation,"Behavioral repository verification, test execution, and runtime evidence require separate authorization","AUTHORIZATION;DATA;SOFT_PLANNING_INFERENCE relationship inferred from domain shell, identity, relationship, communications, and task hubs; not an empirically verified runtime blast radius.",STRONGLY_INFERRED,AUTHORIZATION;DATA;SOFT_PLANNING_INFERENCE,Architecture-wide shell/root counts are planning relationships and not empirically verified runtime blast radius.
ES-FEAT-HORSE-007,medical continuity,Horse identity and lifecycle,ES-FEAT-PLATFORM-001;ES-FEAT-HORSE-001;ES-FEAT-IDENTITY-001;ES-FEAT-RELATIONSHIP-001;ES-FEAT-COMMUNICATIONS-001;ES-FEAT-TASKS-001;ES-FEAT-CARE-001,,7,0,NO,NO,YES,YES,DOC-SUP-PIA-04-HORSE-LIFECYCLE; Founder disposition required before adoption or activation,"Behavioral repository verification, test execution, and runtime evidence require separate authorization","AUTHORIZATION;DATA;SOFT_PLANNING_INFERENCE relationship inferred from domain shell, identity, relationship, communications, and task hubs; not an empirically verified runtime blast radius.",STRONGLY_INFERRED,AUTHORIZATION;DATA;SOFT_PLANNING_INFERENCE,Architecture-wide shell/root counts are planning relationships and not empirically verified runtime blast radius.
ES-FEAT-HORSE-008,emergency transfer,Horse identity and lifecycle,ES-FEAT-PLATFORM-001;ES-FEAT-HORSE-001;ES-FEAT-IDENTITY-001;ES-FEAT-RELATIONSHIP-001;ES-FEAT-COMMUNICATIONS-001;ES-FEAT-TASKS-001;ES-FEAT-CARE-001,,7,0,NO,NO,YES,YES,DOC-SUP-PIA-04-HORSE-LIFECYCLE; Founder disposition required before adoption or activation,"Behavioral repository verification, test execution, and runtime evidence require separate authorization","AUTHORIZATION;DATA;SOFT_PLANNING_INFERENCE relationship inferred from domain shell, identity, relationship, communications, and task hubs; not an empirically verified runtime blast radius.",STRONGLY_INFERRED,AUTHORIZATION;DATA;SOFT_PLANNING_INFERENCE,Architecture-wide shell/root counts are planning relationships and not empirically verified runtime blast radius.
ES-FEAT-HORSE-009,historical ownership,Horse identity and lifecycle,ES-FEAT-PLATFORM-001;ES-FEAT-HORSE-001;ES-FEAT-IDENTITY-001;ES-FEAT-RELATIONSHIP-001;ES-FEAT-COMMUNICATIONS-001;ES-FEAT-TASKS-001;ES-FEAT-CARE-001,,7,0,NO,NO,YES,YES,DOC-SUP-PIA-04-HORSE-LIFECYCLE; Founder disposition required before adoption or activation,"Behavioral repository verification, test execution, and runtime evidence require separate authorization","AUTHORIZATION;DATA;SOFT_PLANNING_INFERENCE relationship inferred from domain shell, identity, relationship, communications, and task hubs; not an empirically verified runtime blast radius.",STRONGLY_INFERRED,AUTHORIZATION;DATA;SOFT_PLANNING_INFERENCE,Architecture-wide shell/root counts are planning relationships and not empirically verified runtime blast radius.
ES-FEAT-HORSE-010,duplicate horse resolution,Horse identity and lifecycle,ES-FEAT-PLATFORM-001;ES-FEAT-HORSE-001;ES-FEAT-IDENTITY-001;ES-FEAT-RELATIONSHIP-001;ES-FEAT-COMMUNICATIONS-001;ES-FEAT-TASKS-001;ES-FEAT-CARE-001,,7,0,NO,NO,YES,YES,DOC-SUP-PIA-04-HORSE-LIFECYCLE; Founder disposition required before adoption or activation,"Behavioral repository verification, test execution, and runtime evidence require separate authorization","AUTHORIZATION;DATA;SOFT_PLANNING_INFERENCE relationship inferred from domain shell, identity, relationship, communications, and task hubs; not an empirically verified runtime blast radius.",STRONGLY_INFERRED,AUTHORIZATION;DATA;SOFT_PLANNING_INFERENCE,Architecture-wide shell/root counts are planning relationships and not empirically verified runtime blast radius.
ES-FEAT-HORSE-011,retirement,Horse identity and lifecycle,ES-FEAT-PLATFORM-001;ES-FEAT-HORSE-001;ES-FEAT-IDENTITY-001;ES-FEAT-RELATIONSHIP-001;ES-FEAT-COMMUNICATIONS-001;ES-FEAT-TASKS-001;ES-FEAT-CARE-001,,7,0,NO,NO,YES,YES,DOC-SUP-PIA-04-HORSE-LIFECYCLE; Founder disposition required before adoption or activation,"Behavioral repository verification, test execution, and runtime evidence require separate authorization","AUTHORIZATION;DATA;SOFT_PLANNING_INFERENCE relationship inferred from domain shell, identity, relationship, communications, and task hubs; not an empirically verified runtime blast radius.",STRONGLY_INFERRED,AUTHORIZATION;DATA;SOFT_PLANNING_INFERENCE,Architecture-wide shell/root counts are planning relationships and not empirically verified runtime blast radius.
ES-FEAT-HORSE-012,memorialization,Horse identity and lifecycle,ES-FEAT-PLATFORM-001;ES-FEAT-HORSE-001;ES-FEAT-IDENTITY-001;ES-FEAT-RELATIONSHIP-001;ES-FEAT-COMMUNICATIONS-001;ES-FEAT-TASKS-001;ES-FEAT-CARE-001,,7,0,NO,NO,YES,YES,DOC-SUP-PIA-04-HORSE-LIFECYCLE; Founder disposition required before adoption or activation,"Behavioral repository verification, test execution, and runtime evidence require separate authorization","AUTHORIZATION;DATA;SOFT_PLANNING_INFERENCE relationship inferred from domain shell, identity, relationship, communications, and task hubs; not an empirically verified runtime blast radius.",STRONGLY_INFERRED,AUTHORIZATION;DATA;SOFT_PLANNING_INFERENCE,Architecture-wide shell/root counts are planning relationships and not empirically verified runtime blast radius.
ES-FEAT-HORSE-013,public and private projections,Horse identity and lifecycle,ES-FEAT-PLATFORM-001;ES-FEAT-HORSE-001;ES-FEAT-IDENTITY-001;ES-FEAT-RELATIONSHIP-001;ES-FEAT-COMMUNICATIONS-001;ES-FEAT-TASKS-001;ES-FEAT-CARE-001,,7,0,NO,NO,YES,YES,DOC-SUP-PIA-04-HORSE-LIFECYCLE; Founder disposition required before adoption or activation,"Behavioral repository verification, test execution, and runtime evidence require separate authorization","AUTHORIZATION;DATA;SOFT_PLANNING_INFERENCE relationship inferred from domain shell, identity, relationship, communications, and task hubs; not an empirically verified runtime blast radius.",STRONGLY_INFERRED,AUTHORIZATION;DATA;SOFT_PLANNING_INFERENCE,Architecture-wide shell/root counts are planning relationships and not empirically verified runtime blast radius.
ES-FEAT-CARE-001,feed,Care operations,ES-FEAT-PLATFORM-001,ES-FEAT-IDENTITY-002;ES-FEAT-IDENTITY-003;ES-FEAT-IDENTITY-004;ES-FEAT-IDENTITY-005;ES-FEAT-IDENTITY-006;ES-FEAT-IDENTITY-007;ES-FEAT-IDENTITY-008;ES-FEAT-IDENTITY-009;ES-FEAT-IDENTITY-011;ES-FEAT-IDENTITY-012;ES-FEAT-IDENTITY-013;ES-FEAT-IDENTITY-014;ES-FEAT-IDENTITY-015;ES-FEAT-IDENTITY-016;ES-FEAT-RELATIONSHIP-002;ES-FEAT-FACILITY-009;ES-FEAT-HORSE-002;ES-FEAT-HORSE-003;ES-FEAT-HORSE-004;ES-FEAT-HORSE-005;ES-FEAT-HORSE-006;ES-FEAT-HORSE-007;ES-FEAT-HORSE-008;ES-FEAT-HORSE-009;ES-FEAT-HORSE-010;ES-FEAT-HORSE-011;ES-FEAT-HORSE-012;ES-FEAT-HORSE-013;ES-FEAT-CARE-002;ES-FEAT-CARE-003;ES-FEAT-CARE-004;ES-FEAT-CARE-005;ES-FEAT-CARE-006;ES-FEAT-CARE-007;ES-FEAT-CARE-008;ES-FEAT-CARE-009;ES-FEAT-CARE-010;ES-FEAT-CARE-011;ES-FEAT-CARE-012;ES-FEAT-CARE-013;ES-FEAT-CARE-014;ES-FEAT-CARE-015;ES-FEAT-CARE-016;ES-FEAT-CARE-017;ES-FEAT-CARE-018;ES-FEAT-LESSONS-005;ES-FEAT-LESSONS-006;ES-FEAT-LESSONS-007;ES-FEAT-LESSONS-009;ES-FEAT-LESSONS-010;ES-FEAT-LESSONS-012;ES-FEAT-LESSONS-013;ES-FEAT-TASKS-002;ES-FEAT-TASKS-003;ES-FEAT-TASKS-004;ES-FEAT-TASKS-005;ES-FEAT-TASKS-007;ES-FEAT-TASKS-008;ES-FEAT-TASKS-009;ES-FEAT-TASKS-010;ES-FEAT-TASKS-011;ES-FEAT-TASKS-012;ES-FEAT-TASKS-013;ES-FEAT-TASKS-014;ES-FEAT-COMMUNICATIONS-006;ES-FEAT-COMMUNICATIONS-013;ES-FEAT-DOCUMENTS-005;ES-FEAT-DOCUMENTS-013;ES-FEAT-INVENTORY-002;ES-FEAT-INVENTORY-003;ES-FEAT-INVENTORY-004;ES-FEAT-INVENTORY-005;ES-FEAT-INVENTORY-006;ES-FEAT-INVENTORY-007;ES-FEAT-INVENTORY-008;ES-FEAT-INVENTORY-009;ES-FEAT-INVENTORY-010;ES-FEAT-INVENTORY-011;ES-FEAT-INVENTORY-012;ES-FEAT-INVENTORY-013;ES-FEAT-INCIDENT-002;ES-FEAT-INCIDENT-003;ES-FEAT-INCIDENT-004;ES-FEAT-INCIDENT-005;ES-FEAT-INCIDENT-006;ES-FEAT-INCIDENT-007;ES-FEAT-INCIDENT-008;ES-FEAT-INCIDENT-009;ES-FEAT-INCIDENT-010;ES-FEAT-INCIDENT-011;ES-FEAT-INCIDENT-012;ES-FEAT-INCIDENT-013;ES-FEAT-INCIDENT-014;ES-FEAT-EVENTS-004;ES-FEAT-EVENTS-008;ES-FEAT-MARKETPLACE-002;ES-FEAT-MARKETPLACE-003;ES-FEAT-MARKETPLACE-004;ES-FEAT-MARKETPLACE-005;ES-FEAT-MARKETPLACE-006;ES-FEAT-MARKETPLACE-007;ES-FEAT-MARKETPLACE-008;ES-FEAT-MARKETPLACE-009;ES-FEAT-MARKETPLACE-010;ES-FEAT-MARKETPLACE-011;ES-FEAT-MARKETPLACE-012;ES-FEAT-MARKETPLACE-013;ES-FEAT-MARKETPLACE-014;ES-FEAT-MEDIA-006;ES-FEAT-REPORTING-003;ES-FEAT-REPORTING-011;ES-FEAT-AI-008;ES-FEAT-AI-011;ES-FEAT-INTEGRATIONS-002;ES-FEAT-INTEGRATIONS-007;ES-FEAT-INTEGRATIONS-009;ES-FEAT-INTEGRATIONS-010;ES-FEAT-INTEGRATIONS-011;ES-FEAT-INTEGRATIONS-012;ES-FEAT-INTEGRATIONS-013;ES-FEAT-INTEGRATIONS-014;ES-FEAT-MOBILE-005;ES-FEAT-ADMINOPS-002;ES-FEAT-ADMINOPS-003;ES-FEAT-ADMINOPS-004;ES-FEAT-ADMINOPS-005;ES-FEAT-ADMINOPS-006;ES-FEAT-ADMINOPS-007;ES-FEAT-ADMINOPS-008;ES-FEAT-ADMINOPS-009;ES-FEAT-ADMINOPS-010;ES-FEAT-ADMINOPS-011;ES-FEAT-ADMINOPS-012;ES-FEAT-ADMINOPS-013;ES-FEAT-ADMINOPS-014;ES-FEAT-ADMINOPS-015;ES-FEAT-ADMINOPS-016;ES-FEAT-DEVELOPER-006;ES-FEAT-DEVELOPER-008;ES-FEAT-DEVELOPER-011,1,140,NO,YES,YES,YES,DOC-SUP-PIA-07-CARE-OPERATIONS; Founder disposition required before adoption or activation,"Behavioral repository verification, test execution, and runtime evidence require separate authorization","AUTHORIZATION;DATA;SOFT_PLANNING_INFERENCE relationship inferred from domain shell, identity, relationship, communications, and task hubs; not an empirically verified runtime blast radius.",STRONGLY_INFERRED,AUTHORIZATION;DATA;SOFT_PLANNING_INFERENCE,Architecture-wide shell/root counts are planning relationships and not empirically verified runtime blast radius.
ES-FEAT-CARE-002,supplements,Care operations,ES-FEAT-PLATFORM-001;ES-FEAT-CARE-001;ES-FEAT-IDENTITY-001;ES-FEAT-RELATIONSHIP-001;ES-FEAT-COMMUNICATIONS-001;ES-FEAT-TASKS-001;ES-FEAT-HORSE-001,,7,0,NO,NO,YES,YES,DOC-SUP-PIA-07-CARE-OPERATIONS; Founder disposition required before adoption or activation,"Behavioral repository verification, test execution, and runtime evidence require separate authorization","AUTHORIZATION;DATA;SOFT_PLANNING_INFERENCE relationship inferred from domain shell, identity, relationship, communications, and task hubs; not an empirically verified runtime blast radius.",STRONGLY_INFERRED,AUTHORIZATION;DATA;SOFT_PLANNING_INFERENCE,Architecture-wide shell/root counts are planning relationships and not empirically verified runtime blast radius.
ES-FEAT-CARE-003,medication,Care operations,ES-FEAT-PLATFORM-001;ES-FEAT-CARE-001;ES-FEAT-IDENTITY-001;ES-FEAT-RELATIONSHIP-001;ES-FEAT-COMMUNICATIONS-001;ES-FEAT-TASKS-001;ES-FEAT-HORSE-001,,7,0,NO,NO,YES,YES,DOC-SUP-PIA-07-CARE-OPERATIONS; Founder disposition required before adoption or activation,"Behavioral repository verification, test execution, and runtime evidence require separate authorization","AUTHORIZATION;DATA;SOFT_PLANNING_INFERENCE relationship inferred from domain shell, identity, relationship, communications, and task hubs; not an empirically verified runtime blast radius.",STRONGLY_INFERRED,AUTHORIZATION;DATA;SOFT_PLANNING_INFERENCE,Architecture-wide shell/root counts are planning relationships and not empirically verified runtime blast radius.
ES-FEAT-CARE-004,treatment instructions,Care operations,ES-FEAT-PLATFORM-001;ES-FEAT-CARE-001;ES-FEAT-IDENTITY-001;ES-FEAT-RELATIONSHIP-001;ES-FEAT-FINANCIAL-001;ES-FEAT-COMMUNICATIONS-001;ES-FEAT-TASKS-001;ES-FEAT-HORSE-001,,8,0,NO,NO,YES,YES,DOC-SUP-PIA-07-CARE-OPERATIONS; Founder disposition required before adoption or activation,"Behavioral repository verification, test execution, and runtime evidence require separate authorization","AUTHORIZATION;DATA;SOFT_PLANNING_INFERENCE relationship inferred from domain shell, identity, relationship, communications, and task hubs; not an empirically verified runtime blast radius.",STRONGLY_INFERRED,AUTHORIZATION;DATA;SOFT_PLANNING_INFERENCE,Architecture-wide shell/root counts are planning relationships and not empirically verified runtime blast radius.
ES-FEAT-CARE-005,turnout,Care operations,ES-FEAT-PLATFORM-001;ES-FEAT-CARE-001;ES-FEAT-IDENTITY-001;ES-FEAT-RELATIONSHIP-001;ES-FEAT-COMMUNICATIONS-001;ES-FEAT-TASKS-001;ES-FEAT-HORSE-001,,7,0,NO,NO,YES,YES,DOC-SUP-PIA-07-CARE-OPERATIONS; Founder disposition required before adoption or activation,"Behavioral repository verification, test execution, and runtime evidence require separate authorization","AUTHORIZATION;DATA;SOFT_PLANNING_INFERENCE relationship inferred from domain shell, identity, relationship, communications, and task hubs; not an empirically verified runtime blast radius.",STRONGLY_INFERRED,AUTHORIZATION;DATA;SOFT_PLANNING_INFERENCE,Architecture-wide shell/root counts are planning relationships and not empirically verified runtime blast radius.
ES-FEAT-CARE-006,blanketing,Care operations,ES-FEAT-PLATFORM-001;ES-FEAT-CARE-001;ES-FEAT-IDENTITY-001;ES-FEAT-RELATIONSHIP-001;ES-FEAT-COMMUNICATIONS-001;ES-FEAT-TASKS-001;ES-FEAT-HORSE-001,,7,0,NO,NO,YES,YES,DOC-SUP-PIA-07-CARE-OPERATIONS; Founder disposition required before adoption or activation,"Behavioral repository verification, test execution, and runtime evidence require separate authorization","AUTHORIZATION;DATA;SOFT_PLANNING_INFERENCE relationship inferred from domain shell, identity, relationship, communications, and task hubs; not an empirically verified runtime blast radius.",STRONGLY_INFERRED,AUTHORIZATION;DATA;SOFT_PLANNING_INFERENCE,Architecture-wide shell/root counts are planning relationships and not empirically verified runtime blast radius.
ES-FEAT-CARE-007,stall rest,Care operations,ES-FEAT-PLATFORM-001;ES-FEAT-CARE-001;ES-FEAT-IDENTITY-001;ES-FEAT-RELATIONSHIP-001;ES-FEAT-COMMUNICATIONS-001;ES-FEAT-TASKS-001;ES-FEAT-HORSE-001,,7,0,NO,NO,YES,YES,DOC-SUP-PIA-07-CARE-OPERATIONS; Founder disposition required before adoption or activation,"Behavioral repository verification, test execution, and runtime evidence require separate authorization","AUTHORIZATION;DATA;SOFT_PLANNING_INFERENCE relationship inferred from domain shell, identity, relationship, communications, and task hubs; not an empirically verified runtime blast radius.",STRONGLY_INFERRED,AUTHORIZATION;DATA;SOFT_PLANNING_INFERENCE,Architecture-wide shell/root counts are planning relationships and not empirically verified runtime blast radius.
ES-FEAT-CARE-008,rehabilitation,Care operations,ES-FEAT-PLATFORM-001;ES-FEAT-CARE-001;ES-FEAT-IDENTITY-001;ES-FEAT-RELATIONSHIP-001;ES-FEAT-FINANCIAL-001;ES-FEAT-COMMUNICATIONS-001;ES-FEAT-TASKS-001;ES-FEAT-HORSE-001,,8,0,NO,NO,YES,YES,DOC-SUP-PIA-07-CARE-OPERATIONS; Founder disposition required before adoption or activation,"Behavioral repository verification, test execution, and runtime evidence require separate authorization","AUTHORIZATION;DATA;SOFT_PLANNING_INFERENCE relationship inferred from domain shell, identity, relationship, communications, and task hubs; not an empirically verified runtime blast radius.",STRONGLY_INFERRED,AUTHORIZATION;DATA;SOFT_PLANNING_INFERENCE,Architecture-wide shell/root counts are planning relationships and not empirically verified runtime blast radius.
ES-FEAT-CARE-009,observations,Care operations,ES-FEAT-PLATFORM-001;ES-FEAT-CARE-001;ES-FEAT-IDENTITY-001;ES-FEAT-RELATIONSHIP-001;ES-FEAT-FINANCIAL-001;ES-FEAT-COMMUNICATIONS-001;ES-FEAT-TASKS-001;ES-FEAT-HORSE-001,,8,0,NO,NO,YES,YES,DOC-SUP-PIA-07-CARE-OPERATIONS; Founder disposition required before adoption or activation,"Behavioral repository verification, test execution, and runtime evidence require separate authorization","AUTHORIZATION;DATA;SOFT_PLANNING_INFERENCE relationship inferred from domain shell, identity, relationship, communications, and task hubs; not an empirically verified runtime blast radius.",STRONGLY_INFERRED,AUTHORIZATION;DATA;SOFT_PLANNING_INFERENCE,Architecture-wide shell/root counts are planning relationships and not empirically verified runtime blast radius.
ES-FEAT-CARE-010,welfare concerns,Care operations,ES-FEAT-PLATFORM-001;ES-FEAT-CARE-001;ES-FEAT-IDENTITY-001;ES-FEAT-RELATIONSHIP-001;ES-FEAT-FINANCIAL-001;ES-FEAT-COMMUNICATIONS-001;ES-FEAT-TASKS-001;ES-FEAT-HORSE-001,,8,0,NO,NO,YES,YES,DOC-SUP-PIA-07-CARE-OPERATIONS; Founder disposition required before adoption or activation,"Behavioral repository verification, test execution, and runtime evidence require separate authorization","AUTHORIZATION;DATA;SOFT_PLANNING_INFERENCE relationship inferred from domain shell, identity, relationship, communications, and task hubs; not an empirically verified runtime blast radius.",STRONGLY_INFERRED,AUTHORIZATION;DATA;SOFT_PLANNING_INFERENCE,Architecture-wide shell/root counts are planning relationships and not empirically verified runtime blast radius.
ES-FEAT-CARE-011,veterinary visits,Care operations,ES-FEAT-PLATFORM-001;ES-FEAT-CARE-001;ES-FEAT-IDENTITY-001;ES-FEAT-RELATIONSHIP-001;ES-FEAT-FINANCIAL-001;ES-FEAT-COMMUNICATIONS-001;ES-FEAT-TASKS-001;ES-FEAT-HORSE-001,,8,0,NO,NO,YES,YES,DOC-SUP-PIA-07-CARE-OPERATIONS; Founder disposition required before adoption or activation,"Behavioral repository verification, test execution, and runtime evidence require separate authorization","AUTHORIZATION;DATA;SOFT_PLANNING_INFERENCE relationship inferred from domain shell, identity, relationship, communications, and task hubs; not an empirically verified runtime blast radius.",STRONGLY_INFERRED,AUTHORIZATION;DATA;SOFT_PLANNING_INFERENCE,Architecture-wide shell/root counts are planning relationships and not empirically verified runtime blast radius.
ES-FEAT-CARE-012,farrier,Care operations,ES-FEAT-PLATFORM-001;ES-FEAT-CARE-001;ES-FEAT-IDENTITY-001;ES-FEAT-RELATIONSHIP-001;ES-FEAT-COMMUNICATIONS-001;ES-FEAT-TASKS-001;ES-FEAT-HORSE-001,,7,0,NO,NO,YES,YES,DOC-SUP-PIA-07-CARE-OPERATIONS; Founder disposition required before adoption or activation,"Behavioral repository verification, test execution, and runtime evidence require separate authorization","AUTHORIZATION;DATA;SOFT_PLANNING_INFERENCE relationship inferred from domain shell, identity, relationship, communications, and task hubs; not an empirically verified runtime blast radius.",STRONGLY_INFERRED,AUTHORIZATION;DATA;SOFT_PLANNING_INFERENCE,Architecture-wide shell/root counts are planning relationships and not empirically verified runtime blast radius.
ES-FEAT-CARE-013,dental,Care operations,ES-FEAT-PLATFORM-001;ES-FEAT-CARE-001;ES-FEAT-IDENTITY-001;ES-FEAT-RELATIONSHIP-001;ES-FEAT-FINANCIAL-001;ES-FEAT-COMMUNICATIONS-001;ES-FEAT-TASKS-001;ES-FEAT-HORSE-001,,8,0,NO,NO,YES,YES,DOC-SUP-PIA-07-CARE-OPERATIONS; Founder disposition required before adoption or activation,"Behavioral repository verification, test execution, and runtime evidence require separate authorization","AUTHORIZATION;DATA;SOFT_PLANNING_INFERENCE relationship inferred from domain shell, identity, relationship, communications, and task hubs; not an empirically verified runtime blast radius.",STRONGLY_INFERRED,AUTHORIZATION;DATA;SOFT_PLANNING_INFERENCE,Architecture-wide shell/root counts are planning relationships and not empirically verified runtime blast radius.
ES-FEAT-CARE-014,bodywork,Care operations,ES-FEAT-PLATFORM-001;ES-FEAT-CARE-001;ES-FEAT-IDENTITY-001;ES-FEAT-RELATIONSHIP-001;ES-FEAT-FINANCIAL-001;ES-FEAT-COMMUNICATIONS-001;ES-FEAT-TASKS-001;ES-FEAT-HORSE-001,,8,0,NO,NO,YES,YES,DOC-SUP-PIA-07-CARE-OPERATIONS; Founder disposition required before adoption or activation,"Behavioral repository verification, test execution, and runtime evidence require separate authorization","AUTHORIZATION;DATA;SOFT_PLANNING_INFERENCE relationship inferred from domain shell, identity, relationship, communications, and task hubs; not an empirically verified runtime blast radius.",STRONGLY_INFERRED,AUTHORIZATION;DATA;SOFT_PLANNING_INFERENCE,Architecture-wide shell/root counts are planning relationships and not empirically verified runtime blast radius.
ES-FEAT-CARE-015,nutrition,Care operations,ES-FEAT-PLATFORM-001;ES-FEAT-CARE-001;ES-FEAT-IDENTITY-001;ES-FEAT-RELATIONSHIP-001;ES-FEAT-FINANCIAL-001;ES-FEAT-COMMUNICATIONS-001;ES-FEAT-TASKS-001;ES-FEAT-HORSE-001,,8,0,NO,NO,YES,YES,DOC-SUP-PIA-07-CARE-OPERATIONS; Founder disposition required before adoption or activation,"Behavioral repository verification, test execution, and runtime evidence require separate authorization","AUTHORIZATION;DATA;SOFT_PLANNING_INFERENCE relationship inferred from domain shell, identity, relationship, communications, and task hubs; not an empirically verified runtime blast radius.",STRONGLY_INFERRED,AUTHORIZATION;DATA;SOFT_PLANNING_INFERENCE,Architecture-wide shell/root counts are planning relationships and not empirically verified runtime blast radius.
ES-FEAT-CARE-016,care-plan changes,Care operations,ES-FEAT-PLATFORM-001;ES-FEAT-CARE-001;ES-FEAT-IDENTITY-001;ES-FEAT-RELATIONSHIP-001;ES-FEAT-COMMUNICATIONS-001;ES-FEAT-TASKS-001;ES-FEAT-HORSE-001,,7,0,NO,NO,YES,YES,DOC-SUP-PIA-07-CARE-OPERATIONS; Founder disposition required before adoption or activation,"Behavioral repository verification, test execution, and runtime evidence require separate authorization","AUTHORIZATION;DATA;SOFT_PLANNING_INFERENCE relationship inferred from domain shell, identity, relationship, communications, and task hubs; not an empirically verified runtime blast radius.",STRONGLY_INFERRED,AUTHORIZATION;DATA;SOFT_PLANNING_INFERENCE,Architecture-wide shell/root counts are planning relationships and not empirically verified runtime blast radius.
ES-FEAT-CARE-017,missed care,Care operations,ES-FEAT-PLATFORM-001;ES-FEAT-CARE-001;ES-FEAT-IDENTITY-001;ES-FEAT-RELATIONSHIP-001;ES-FEAT-COMMUNICATIONS-001;ES-FEAT-TASKS-001;ES-FEAT-HORSE-001,,7,0,NO,NO,YES,YES,DOC-SUP-PIA-07-CARE-OPERATIONS; Founder disposition required before adoption or activation,"Behavioral repository verification, test execution, and runtime evidence require separate authorization","AUTHORIZATION;DATA;SOFT_PLANNING_INFERENCE relationship inferred from domain shell, identity, relationship, communications, and task hubs; not an empirically verified runtime blast radius.",STRONGLY_INFERRED,AUTHORIZATION;DATA;SOFT_PLANNING_INFERENCE,Architecture-wide shell/root counts are planning relationships and not empirically verified runtime blast radius.
ES-FEAT-CARE-018,care evidence,Care operations,ES-FEAT-PLATFORM-001;ES-FEAT-CARE-001;ES-FEAT-IDENTITY-001;ES-FEAT-RELATIONSHIP-001;ES-FEAT-COMMUNICATIONS-001;ES-FEAT-TASKS-001;ES-FEAT-HORSE-001,,7,0,NO,NO,YES,YES,DOC-SUP-PIA-07-CARE-OPERATIONS; Founder disposition required before adoption or activation,"Behavioral repository verification, test execution, and runtime evidence require separate authorization","AUTHORIZATION;DATA;SOFT_PLANNING_INFERENCE relationship inferred from domain shell, identity, relationship, communications, and task hubs; not an empirically verified runtime blast radius.",STRONGLY_INFERRED,AUTHORIZATION;DATA;SOFT_PLANNING_INFERENCE,Architecture-wide shell/root counts are planning relationships and not empirically verified runtime blast radius.
ES-FEAT-LESSONS-001,rider profiles,"Lessons, training, riders, and guardians",ES-FEAT-PLATFORM-001,ES-FEAT-LESSONS-002;ES-FEAT-LESSONS-003;ES-FEAT-LESSONS-004;ES-FEAT-LESSONS-005;ES-FEAT-LESSONS-006;ES-FEAT-LESSONS-007;ES-FEAT-LESSONS-008;ES-FEAT-LESSONS-009;ES-FEAT-LESSONS-010;ES-FEAT-LESSONS-011;ES-FEAT-LESSONS-012;ES-FEAT-LESSONS-013;ES-FEAT-LESSONS-014;ES-FEAT-LESSONS-015,1,14,NO,NO,YES,YES,DOC-SUP-PIA-08-LESSONS-GUARDIAN; Founder disposition required before adoption or activation,"Behavioral repository verification, test execution, and runtime evidence require separate authorization","AUTHORIZATION;DATA;SOFT_PLANNING_INFERENCE relationship inferred from domain shell, identity, relationship, communications, and task hubs; not an empirically verified runtime blast radius.",STRONGLY_INFERRED,AUTHORIZATION;DATA;SOFT_PLANNING_INFERENCE,Architecture-wide shell/root counts are planning relationships and not empirically verified runtime blast radius.
ES-FEAT-LESSONS-002,lesson enrollment,"Lessons, training, riders, and guardians",ES-FEAT-PLATFORM-001;ES-FEAT-LESSONS-001;ES-FEAT-IDENTITY-001;ES-FEAT-RELATIONSHIP-001;ES-FEAT-COMMUNICATIONS-001;ES-FEAT-TASKS-001;ES-FEAT-HORSE-001,,7,0,NO,NO,YES,YES,DOC-SUP-PIA-08-LESSONS-GUARDIAN; Founder disposition required before adoption or activation,"Behavioral repository verification, test execution, and runtime evidence require separate authorization","AUTHORIZATION;DATA;SOFT_PLANNING_INFERENCE relationship inferred from domain shell, identity, relationship, communications, and task hubs; not an empirically verified runtime blast radius.",STRONGLY_INFERRED,AUTHORIZATION;DATA;SOFT_PLANNING_INFERENCE,Architecture-wide shell/root counts are planning relationships and not empirically verified runtime blast radius.
ES-FEAT-LESSONS-003,lesson scheduling,"Lessons, training, riders, and guardians",ES-FEAT-PLATFORM-001;ES-FEAT-LESSONS-001;ES-FEAT-IDENTITY-001;ES-FEAT-RELATIONSHIP-001;ES-FEAT-COMMUNICATIONS-001;ES-FEAT-TASKS-001;ES-FEAT-HORSE-001,,7,0,NO,NO,YES,YES,DOC-SUP-PIA-08-LESSONS-GUARDIAN; Founder disposition required before adoption or activation,"Behavioral repository verification, test execution, and runtime evidence require separate authorization","AUTHORIZATION;DATA;SOFT_PLANNING_INFERENCE relationship inferred from domain shell, identity, relationship, communications, and task hubs; not an empirically verified runtime blast radius.",STRONGLY_INFERRED,AUTHORIZATION;DATA;SOFT_PLANNING_INFERENCE,Architecture-wide shell/root counts are planning relationships and not empirically verified runtime blast radius.
ES-FEAT-LESSONS-004,lesson attendance,"Lessons, training, riders, and guardians",ES-FEAT-PLATFORM-001;ES-FEAT-LESSONS-001;ES-FEAT-IDENTITY-001;ES-FEAT-RELATIONSHIP-001;ES-FEAT-COMMUNICATIONS-001;ES-FEAT-TASKS-001;ES-FEAT-HORSE-001,,7,0,NO,NO,YES,YES,DOC-SUP-PIA-08-LESSONS-GUARDIAN; Founder disposition required before adoption or activation,"Behavioral repository verification, test execution, and runtime evidence require separate authorization","AUTHORIZATION;DATA;SOFT_PLANNING_INFERENCE relationship inferred from domain shell, identity, relationship, communications, and task hubs; not an empirically verified runtime blast radius.",STRONGLY_INFERRED,AUTHORIZATION;DATA;SOFT_PLANNING_INFERENCE,Architecture-wide shell/root counts are planning relationships and not empirically verified runtime blast radius.
ES-FEAT-LESSONS-005,horse assignment,"Lessons, training, riders, and guardians",ES-FEAT-PLATFORM-001;ES-FEAT-LESSONS-001;ES-FEAT-IDENTITY-001;ES-FEAT-RELATIONSHIP-001;ES-FEAT-COMMUNICATIONS-001;ES-FEAT-TASKS-001;ES-FEAT-HORSE-001;ES-FEAT-CARE-001,,8,0,NO,NO,YES,YES,DOC-SUP-PIA-08-LESSONS-GUARDIAN; Founder disposition required before adoption or activation,"Behavioral repository verification, test execution, and runtime evidence require separate authorization","AUTHORIZATION;DATA;SOFT_PLANNING_INFERENCE relationship inferred from domain shell, identity, relationship, communications, and task hubs; not an empirically verified runtime blast radius.",STRONGLY_INFERRED,AUTHORIZATION;DATA;SOFT_PLANNING_INFERENCE,Architecture-wide shell/root counts are planning relationships and not empirically verified runtime blast radius.
ES-FEAT-LESSONS-006,rider-horse suitability,"Lessons, training, riders, and guardians",ES-FEAT-PLATFORM-001;ES-FEAT-LESSONS-001;ES-FEAT-IDENTITY-001;ES-FEAT-RELATIONSHIP-001;ES-FEAT-COMMUNICATIONS-001;ES-FEAT-TASKS-001;ES-FEAT-HORSE-001;ES-FEAT-CARE-001,,8,0,NO,NO,YES,YES,DOC-SUP-PIA-08-LESSONS-GUARDIAN; Founder disposition required before adoption or activation,"Behavioral repository verification, test execution, and runtime evidence require separate authorization","AUTHORIZATION;DATA;SOFT_PLANNING_INFERENCE relationship inferred from domain shell, identity, relationship, communications, and task hubs; not an empirically verified runtime blast radius.",STRONGLY_INFERRED,AUTHORIZATION;DATA;SOFT_PLANNING_INFERENCE,Architecture-wide shell/root counts are planning relationships and not empirically verified runtime blast radius.
ES-FEAT-LESSONS-007,trainer programs,"Lessons, training, riders, and guardians",ES-FEAT-PLATFORM-001;ES-FEAT-LESSONS-001;ES-FEAT-IDENTITY-001;ES-FEAT-RELATIONSHIP-001;ES-FEAT-COMMUNICATIONS-001;ES-FEAT-TASKS-001;ES-FEAT-HORSE-001;ES-FEAT-CARE-001,,8,0,NO,NO,YES,YES,DOC-SUP-PIA-08-LESSONS-GUARDIAN; Founder disposition required before adoption or activation,"Behavioral repository verification, test execution, and runtime evidence require separate authorization","AUTHORIZATION;DATA;SOFT_PLANNING_INFERENCE relationship inferred from domain shell, identity, relationship, communications, and task hubs; not an empirically verified runtime blast radius.",STRONGLY_INFERRED,AUTHORIZATION;DATA;SOFT_PLANNING_INFERENCE,Architecture-wide shell/root counts are planning relationships and not empirically verified runtime blast radius.
ES-FEAT-LESSONS-008,horse-training sessions,"Lessons, training, riders, and guardians",ES-FEAT-PLATFORM-001;ES-FEAT-LESSONS-001;ES-FEAT-IDENTITY-001;ES-FEAT-RELATIONSHIP-001;ES-FEAT-COMMUNICATIONS-001;ES-FEAT-TASKS-001;ES-FEAT-HORSE-001,,7,0,NO,NO,YES,YES,DOC-SUP-PIA-08-LESSONS-GUARDIAN; Founder disposition required before adoption or activation,"Behavioral repository verification, test execution, and runtime evidence require separate authorization","AUTHORIZATION;DATA;SOFT_PLANNING_INFERENCE relationship inferred from domain shell, identity, relationship, communications, and task hubs; not an empirically verified runtime blast radius.",STRONGLY_INFERRED,AUTHORIZATION;DATA;SOFT_PLANNING_INFERENCE,Architecture-wide shell/root counts are planning relationships and not empirically verified runtime blast radius.
ES-FEAT-LESSONS-009,progress records,"Lessons, training, riders, and guardians",ES-FEAT-PLATFORM-001;ES-FEAT-LESSONS-001;ES-FEAT-IDENTITY-001;ES-FEAT-RELATIONSHIP-001;ES-FEAT-COMMUNICATIONS-001;ES-FEAT-TASKS-001;ES-FEAT-HORSE-001;ES-FEAT-CARE-001,,8,0,NO,NO,YES,YES,DOC-SUP-PIA-08-LESSONS-GUARDIAN; Founder disposition required before adoption or activation,"Behavioral repository verification, test execution, and runtime evidence require separate authorization","AUTHORIZATION;DATA;SOFT_PLANNING_INFERENCE relationship inferred from domain shell, identity, relationship, communications, and task hubs; not an empirically verified runtime blast radius.",STRONGLY_INFERRED,AUTHORIZATION;DATA;SOFT_PLANNING_INFERENCE,Architecture-wide shell/root counts are planning relationships and not empirically verified runtime blast radius.
ES-FEAT-LESSONS-010,assessments,"Lessons, training, riders, and guardians",ES-FEAT-PLATFORM-001;ES-FEAT-LESSONS-001;ES-FEAT-IDENTITY-001;ES-FEAT-RELATIONSHIP-001;ES-FEAT-COMMUNICATIONS-001;ES-FEAT-TASKS-001;ES-FEAT-HORSE-001;ES-FEAT-CARE-001,,8,0,NO,NO,YES,YES,DOC-SUP-PIA-08-LESSONS-GUARDIAN; Founder disposition required before adoption or activation,"Behavioral repository verification, test execution, and runtime evidence require separate authorization","AUTHORIZATION;DATA;SOFT_PLANNING_INFERENCE relationship inferred from domain shell, identity, relationship, communications, and task hubs; not an empirically verified runtime blast radius.",STRONGLY_INFERRED,AUTHORIZATION;DATA;SOFT_PLANNING_INFERENCE,Architecture-wide shell/root counts are planning relationships and not empirically verified runtime blast radius.
ES-FEAT-LESSONS-011,guardian approvals,"Lessons, training, riders, and guardians",ES-FEAT-PLATFORM-001;ES-FEAT-LESSONS-001;ES-FEAT-IDENTITY-001;ES-FEAT-RELATIONSHIP-001;ES-FEAT-COMMUNICATIONS-001;ES-FEAT-TASKS-001;ES-FEAT-HORSE-001,,7,0,NO,NO,YES,YES,DOC-SUP-PIA-08-LESSONS-GUARDIAN; Founder disposition required before adoption or activation,"Behavioral repository verification, test execution, and runtime evidence require separate authorization","AUTHORIZATION;DATA;SOFT_PLANNING_INFERENCE relationship inferred from domain shell, identity, relationship, communications, and task hubs; not an empirically verified runtime blast radius.",STRONGLY_INFERRED,AUTHORIZATION;DATA;SOFT_PLANNING_INFERENCE,Architecture-wide shell/root counts are planning relationships and not empirically verified runtime blast radius.
ES-FEAT-LESSONS-012,protected communications,"Lessons, training, riders, and guardians",ES-FEAT-PLATFORM-001;ES-FEAT-LESSONS-001;ES-FEAT-IDENTITY-001;ES-FEAT-RELATIONSHIP-001;ES-FEAT-COMMUNICATIONS-001;ES-FEAT-TASKS-001;ES-FEAT-HORSE-001;ES-FEAT-CARE-001,,8,0,NO,NO,YES,YES,DOC-SUP-PIA-08-LESSONS-GUARDIAN; Founder disposition required before adoption or activation,"Behavioral repository verification, test execution, and runtime evidence require separate authorization","AUTHORIZATION;DATA;SOFT_PLANNING_INFERENCE relationship inferred from domain shell, identity, relationship, communications, and task hubs; not an empirically verified runtime blast radius.",STRONGLY_INFERRED,AUTHORIZATION;DATA;SOFT_PLANNING_INFERENCE,Architecture-wide shell/root counts are planning relationships and not empirically verified runtime blast radius.
ES-FEAT-LESSONS-013,safety interruption,"Lessons, training, riders, and guardians",ES-FEAT-PLATFORM-001;ES-FEAT-LESSONS-001;ES-FEAT-IDENTITY-001;ES-FEAT-RELATIONSHIP-001;ES-FEAT-COMMUNICATIONS-001;ES-FEAT-TASKS-001;ES-FEAT-HORSE-001;ES-FEAT-CARE-001,,8,0,NO,NO,YES,YES,DOC-SUP-PIA-08-LESSONS-GUARDIAN; Founder disposition required before adoption or activation,"Behavioral repository verification, test execution, and runtime evidence require separate authorization","AUTHORIZATION;DATA;SOFT_PLANNING_INFERENCE relationship inferred from domain shell, identity, relationship, communications, and task hubs; not an empirically verified runtime blast radius.",STRONGLY_INFERRED,AUTHORIZATION;DATA;SOFT_PLANNING_INFERENCE,Architecture-wide shell/root counts are planning relationships and not empirically verified runtime blast radius.
ES-FEAT-LESSONS-014,owner updates (Lessons),"Lessons, training, riders, and guardians",ES-FEAT-PLATFORM-001;ES-FEAT-LESSONS-001;ES-FEAT-IDENTITY-001;ES-FEAT-RELATIONSHIP-001;ES-FEAT-COMMUNICATIONS-001;ES-FEAT-TASKS-001;ES-FEAT-HORSE-001,,7,0,NO,NO,RETAINED_GAP_ONLY,YES,NO_NEW_DOCUMENT_REQUIRED; Founder disposition required before adoption or activation,"Behavioral repository verification, test execution, and runtime evidence require separate authorization","AUTHORIZATION;DATA;SOFT_PLANNING_INFERENCE relationship inferred from domain shell, identity, relationship, communications, and task hubs; not an empirically verified runtime blast radius.",STRONGLY_INFERRED,AUTHORIZATION;DATA;SOFT_PLANNING_INFERENCE,Architecture-wide shell/root counts are planning relationships and not empirically verified runtime blast radius.
ES-FEAT-LESSONS-015,lesson packages,"Lessons, training, riders, and guardians",ES-FEAT-PLATFORM-001;ES-FEAT-LESSONS-001;ES-FEAT-IDENTITY-001;ES-FEAT-RELATIONSHIP-001;ES-FEAT-COMMUNICATIONS-001;ES-FEAT-TASKS-001;ES-FEAT-HORSE-001,,7,0,NO,NO,YES,YES,DOC-SUP-PIA-08-LESSONS-GUARDIAN; Founder disposition required before adoption or activation,"Behavioral repository verification, test execution, and runtime evidence require separate authorization","AUTHORIZATION;DATA;SOFT_PLANNING_INFERENCE relationship inferred from domain shell, identity, relationship, communications, and task hubs; not an empirically verified runtime blast radius.",STRONGLY_INFERRED,AUTHORIZATION;DATA;SOFT_PLANNING_INFERENCE,Architecture-wide shell/root counts are planning relationships and not empirically verified runtime blast radius.
ES-FEAT-TASKS-001,tasks,"Tasks, calendar, scheduling, and notifications",ES-FEAT-PLATFORM-001,ES-FEAT-PLATFORM-002;ES-FEAT-PLATFORM-003;ES-FEAT-PLATFORM-004;ES-FEAT-PLATFORM-005;ES-FEAT-PLATFORM-006;ES-FEAT-PLATFORM-007;ES-FEAT-PLATFORM-008;ES-FEAT-PLATFORM-009;ES-FEAT-PLATFORM-010;ES-FEAT-IDENTITY-002;ES-FEAT-IDENTITY-003;ES-FEAT-IDENTITY-004;ES-FEAT-IDENTITY-005;ES-FEAT-IDENTITY-006;ES-FEAT-IDENTITY-007;ES-FEAT-IDENTITY-008;ES-FEAT-IDENTITY-009;ES-FEAT-IDENTITY-010;ES-FEAT-IDENTITY-011;ES-FEAT-IDENTITY-012;ES-FEAT-IDENTITY-013;ES-FEAT-IDENTITY-014;ES-FEAT-IDENTITY-015;ES-FEAT-IDENTITY-016;ES-FEAT-RELATIONSHIP-002;ES-FEAT-RELATIONSHIP-003;ES-FEAT-RELATIONSHIP-004;ES-FEAT-RELATIONSHIP-005;ES-FEAT-RELATIONSHIP-006;ES-FEAT-RELATIONSHIP-007;ES-FEAT-RELATIONSHIP-008;ES-FEAT-RELATIONSHIP-009;ES-FEAT-RELATIONSHIP-010;ES-FEAT-RELATIONSHIP-011;ES-FEAT-FACILITY-002;ES-FEAT-FACILITY-003;ES-FEAT-FACILITY-004;ES-FEAT-FACILITY-005;ES-FEAT-FACILITY-006;ES-FEAT-FACILITY-007;ES-FEAT-FACILITY-008;ES-FEAT-FACILITY-009;ES-FEAT-FACILITY-010;ES-FEAT-FACILITY-011;ES-FEAT-FACILITY-012;ES-FEAT-FACILITY-013;ES-FEAT-FACILITY-014;ES-FEAT-FACILITY-015;ES-FEAT-FACILITY-016;ES-FEAT-FACILITY-017;ES-FEAT-HORSE-002;ES-FEAT-HORSE-003;ES-FEAT-HORSE-004;ES-FEAT-HORSE-005;ES-FEAT-HORSE-006;ES-FEAT-HORSE-007;ES-FEAT-HORSE-008;ES-FEAT-HORSE-009;ES-FEAT-HORSE-010;ES-FEAT-HORSE-011;ES-FEAT-HORSE-012;ES-FEAT-HORSE-013;ES-FEAT-CARE-002;ES-FEAT-CARE-003;ES-FEAT-CARE-004;ES-FEAT-CARE-005;ES-FEAT-CARE-006;ES-FEAT-CARE-007;ES-FEAT-CARE-008;ES-FEAT-CARE-009;ES-FEAT-CARE-010;ES-FEAT-CARE-011;ES-FEAT-CARE-012;ES-FEAT-CARE-013;ES-FEAT-CARE-014;ES-FEAT-CARE-015;ES-FEAT-CARE-016;ES-FEAT-CARE-017;ES-FEAT-CARE-018;ES-FEAT-LESSONS-002;ES-FEAT-LESSONS-003;ES-FEAT-LESSONS-004;ES-FEAT-LESSONS-005;ES-FEAT-LESSONS-006;ES-FEAT-LESSONS-007;ES-FEAT-LESSONS-008;ES-FEAT-LESSONS-009;ES-FEAT-LESSONS-010;ES-FEAT-LESSONS-011;ES-FEAT-LESSONS-012;ES-FEAT-LESSONS-013;ES-FEAT-LESSONS-014;ES-FEAT-LESSONS-015;ES-FEAT-TASKS-002;ES-FEAT-TASKS-003;ES-FEAT-TASKS-004;ES-FEAT-TASKS-005;ES-FEAT-TASKS-006;ES-FEAT-TASKS-007;ES-FEAT-TASKS-008;ES-FEAT-TASKS-009;ES-FEAT-TASKS-010;ES-FEAT-TASKS-011;ES-FEAT-TASKS-012;ES-FEAT-TASKS-013;ES-FEAT-TASKS-014;ES-FEAT-TASKS-015;ES-FEAT-COMMUNICATIONS-002;ES-FEAT-COMMUNICATIONS-003;ES-FEAT-COMMUNICATIONS-004;ES-FEAT-COMMUNICATIONS-005;ES-FEAT-COMMUNICATIONS-006;ES-FEAT-COMMUNICATIONS-007;ES-FEAT-COMMUNICATIONS-008;ES-FEAT-COMMUNICATIONS-009;ES-FEAT-COMMUNICATIONS-010;ES-FEAT-COMMUNICATIONS-011;ES-FEAT-COMMUNICATIONS-012;ES-FEAT-COMMUNICATIONS-013;ES-FEAT-COMMUNICATIONS-014;ES-FEAT-DOCUMENTS-002;ES-FEAT-DOCUMENTS-003;ES-FEAT-DOCUMENTS-004;ES-FEAT-DOCUMENTS-005;ES-FEAT-DOCUMENTS-006;ES-FEAT-DOCUMENTS-007;ES-FEAT-DOCUMENTS-008;ES-FEAT-DOCUMENTS-009;ES-FEAT-DOCUMENTS-010;ES-FEAT-DOCUMENTS-011;ES-FEAT-DOCUMENTS-012;ES-FEAT-DOCUMENTS-013;ES-FEAT-DOCUMENTS-014;ES-FEAT-DOCUMENTS-015;ES-FEAT-FINANCIAL-002;ES-FEAT-FINANCIAL-003;ES-FEAT-FINANCIAL-004;ES-FEAT-FINANCIAL-005;ES-FEAT-FINANCIAL-006;ES-FEAT-FINANCIAL-007;ES-FEAT-FINANCIAL-008;ES-FEAT-FINANCIAL-009;ES-FEAT-FINANCIAL-010;ES-FEAT-FINANCIAL-011;ES-FEAT-FINANCIAL-012;ES-FEAT-FINANCIAL-013;ES-FEAT-FINANCIAL-014;ES-FEAT-FINANCIAL-015;ES-FEAT-FINANCIAL-016;ES-FEAT-FINANCIAL-017;ES-FEAT-FINANCIAL-018;ES-FEAT-FINANCIAL-019;ES-FEAT-INVENTORY-002;ES-FEAT-INVENTORY-003;ES-FEAT-INVENTORY-004;ES-FEAT-INVENTORY-005;ES-FEAT-INVENTORY-006;ES-FEAT-INVENTORY-007;ES-FEAT-INVENTORY-008;ES-FEAT-INVENTORY-009;ES-FEAT-INVENTORY-010;ES-FEAT-INVENTORY-011;ES-FEAT-INVENTORY-012;ES-FEAT-INVENTORY-013;ES-FEAT-INCIDENT-002;ES-FEAT-INCIDENT-003;ES-FEAT-INCIDENT-004;ES-FEAT-INCIDENT-005;ES-FEAT-INCIDENT-006;ES-FEAT-INCIDENT-007;ES-FEAT-INCIDENT-008;ES-FEAT-INCIDENT-009;ES-FEAT-INCIDENT-010;ES-FEAT-INCIDENT-011;ES-FEAT-INCIDENT-012;ES-FEAT-INCIDENT-013;ES-FEAT-INCIDENT-014;ES-FEAT-EVENTS-002;ES-FEAT-EVENTS-003;ES-FEAT-EVENTS-004;ES-FEAT-EVENTS-005;ES-FEAT-EVENTS-006;ES-FEAT-EVENTS-007;ES-FEAT-EVENTS-008;ES-FEAT-EVENTS-009;ES-FEAT-EVENTS-010;ES-FEAT-EVENTS-011;ES-FEAT-EVENTS-012;ES-FEAT-EVENTS-013;ES-FEAT-EVENTS-014;ES-FEAT-MARKETPLACE-002;ES-FEAT-MARKETPLACE-003;ES-FEAT-MARKETPLACE-004;ES-FEAT-MARKETPLACE-005;ES-FEAT-MARKETPLACE-006;ES-FEAT-MARKETPLACE-007;ES-FEAT-MARKETPLACE-008;ES-FEAT-MARKETPLACE-009;ES-FEAT-MARKETPLACE-010;ES-FEAT-MARKETPLACE-011;ES-FEAT-MARKETPLACE-012;ES-FEAT-MARKETPLACE-013;ES-FEAT-MARKETPLACE-014;ES-FEAT-MEDIA-002;ES-FEAT-MEDIA-003;ES-FEAT-MEDIA-004;ES-FEAT-MEDIA-005;ES-FEAT-MEDIA-006;ES-FEAT-MEDIA-007;ES-FEAT-MEDIA-008;ES-FEAT-MEDIA-009;ES-FEAT-MEDIA-010;ES-FEAT-MEDIA-011;ES-FEAT-MEDIA-012;ES-FEAT-MEDIA-013;ES-FEAT-MEDIA-014;ES-FEAT-MEDIA-015;ES-FEAT-MEDIA-016;ES-FEAT-REPORTING-002;ES-FEAT-REPORTING-003;ES-FEAT-REPORTING-004;ES-FEAT-REPORTING-005;ES-FEAT-REPORTING-006;ES-FEAT-REPORTING-007;ES-FEAT-REPORTING-008;ES-FEAT-REPORTING-009;ES-FEAT-REPORTING-010;ES-FEAT-REPORTING-011;ES-FEAT-AI-002;ES-FEAT-AI-003;ES-FEAT-AI-004;ES-FEAT-AI-005;ES-FEAT-AI-006;ES-FEAT-AI-007;ES-FEAT-AI-008;ES-FEAT-AI-009;ES-FEAT-AI-010;ES-FEAT-AI-011;ES-FEAT-AI-012;ES-FEAT-INTEGRATIONS-002;ES-FEAT-INTEGRATIONS-003;ES-FEAT-INTEGRATIONS-004;ES-FEAT-INTEGRATIONS-005;ES-FEAT-INTEGRATIONS-006;ES-FEAT-INTEGRATIONS-007;ES-FEAT-INTEGRATIONS-008;ES-FEAT-INTEGRATIONS-009;ES-FEAT-INTEGRATIONS-010;ES-FEAT-INTEGRATIONS-011;ES-FEAT-INTEGRATIONS-012;ES-FEAT-INTEGRATIONS-013;ES-FEAT-INTEGRATIONS-014;ES-FEAT-INTEGRATIONS-015;ES-FEAT-INTEGRATIONS-016;ES-FEAT-MOBILE-002;ES-FEAT-MOBILE-003;ES-FEAT-MOBILE-004;ES-FEAT-MOBILE-005;ES-FEAT-MOBILE-006;ES-FEAT-MOBILE-007;ES-FEAT-MOBILE-008;ES-FEAT-MOBILE-009;ES-FEAT-MOBILE-010;ES-FEAT-MOBILE-011;ES-FEAT-MOBILE-012;ES-FEAT-MOBILE-013;ES-FEAT-ADMINOPS-002;ES-FEAT-ADMINOPS-003;ES-FEAT-ADMINOPS-004;ES-FEAT-ADMINOPS-005;ES-FEAT-ADMINOPS-006;ES-FEAT-ADMINOPS-007;ES-FEAT-ADMINOPS-008;ES-FEAT-ADMINOPS-009;ES-FEAT-ADMINOPS-010;ES-FEAT-ADMINOPS-011;ES-FEAT-ADMINOPS-012;ES-FEAT-ADMINOPS-013;ES-FEAT-ADMINOPS-014;ES-FEAT-ADMINOPS-015;ES-FEAT-ADMINOPS-016;ES-FEAT-DEVELOPER-002;ES-FEAT-DEVELOPER-003;ES-FEAT-DEVELOPER-004;ES-FEAT-DEVELOPER-005;ES-FEAT-DEVELOPER-006;ES-FEAT-DEVELOPER-007;ES-FEAT-DEVELOPER-008;ES-FEAT-DEVELOPER-009;ES-FEAT-DEVELOPER-010;ES-FEAT-DEVELOPER-011;ES-FEAT-DEVELOPER-012,1,292,NO,YES,YES,YES,DOC-SUP-PIA-06-TASK-CALENDAR; Founder disposition required before adoption or activation,"Behavioral repository verification, test execution, and runtime evidence require separate authorization","AUTHORIZATION;DATA;SOFT_PLANNING_INFERENCE relationship inferred from domain shell, identity, relationship, communications, and task hubs; not an empirically verified runtime blast radius.",STRONGLY_INFERRED,AUTHORIZATION;DATA;SOFT_PLANNING_INFERENCE,Architecture-wide shell/root counts are planning relationships and not empirically verified runtime blast radius.
ES-FEAT-TASKS-002,events (Tasks),"Tasks, calendar, scheduling, and notifications",ES-FEAT-PLATFORM-001;ES-FEAT-TASKS-001;ES-FEAT-IDENTITY-001;ES-FEAT-RELATIONSHIP-001;ES-FEAT-FINANCIAL-001;ES-FEAT-COMMUNICATIONS-001;ES-FEAT-CARE-001,,7,0,NO,NO,YES,YES,DOC-SUP-PIA-06-TASK-CALENDAR; Founder disposition required before adoption or activation,"Behavioral repository verification, test execution, and runtime evidence require separate authorization","AUTHORIZATION;DATA;SOFT_PLANNING_INFERENCE relationship inferred from domain shell, identity, relationship, communications, and task hubs; not an empirically verified runtime blast radius.",STRONGLY_INFERRED,AUTHORIZATION;DATA;SOFT_PLANNING_INFERENCE,Architecture-wide shell/root counts are planning relationships and not empirically verified runtime blast radius.
ES-FEAT-TASKS-003,recurrence,"Tasks, calendar, scheduling, and notifications",ES-FEAT-PLATFORM-001;ES-FEAT-TASKS-001;ES-FEAT-IDENTITY-001;ES-FEAT-RELATIONSHIP-001;ES-FEAT-COMMUNICATIONS-001;ES-FEAT-CARE-001,,6,0,NO,NO,YES,YES,DOC-SUP-PIA-06-TASK-CALENDAR; Founder disposition required before adoption or activation,"Behavioral repository verification, test execution, and runtime evidence require separate authorization","AUTHORIZATION;DATA;SOFT_PLANNING_INFERENCE relationship inferred from domain shell, identity, relationship, communications, and task hubs; not an empirically verified runtime blast radius.",STRONGLY_INFERRED,AUTHORIZATION;DATA;SOFT_PLANNING_INFERENCE,Architecture-wide shell/root counts are planning relationships and not empirically verified runtime blast radius.
ES-FEAT-TASKS-004,assignments (Tasks),"Tasks, calendar, scheduling, and notifications",ES-FEAT-PLATFORM-001;ES-FEAT-TASKS-001;ES-FEAT-IDENTITY-001;ES-FEAT-RELATIONSHIP-001;ES-FEAT-COMMUNICATIONS-001;ES-FEAT-CARE-001,,6,0,NO,NO,YES,YES,DOC-SUP-PIA-06-TASK-CALENDAR; Founder disposition required before adoption or activation,"Behavioral repository verification, test execution, and runtime evidence require separate authorization","AUTHORIZATION;DATA;SOFT_PLANNING_INFERENCE relationship inferred from domain shell, identity, relationship, communications, and task hubs; not an empirically verified runtime blast radius.",STRONGLY_INFERRED,AUTHORIZATION;DATA;SOFT_PLANNING_INFERENCE,Architecture-wide shell/root counts are planning relationships and not empirically verified runtime blast radius.
ES-FEAT-TASKS-005,claims,"Tasks, calendar, scheduling, and notifications",ES-FEAT-PLATFORM-001;ES-FEAT-TASKS-001;ES-FEAT-IDENTITY-001;ES-FEAT-RELATIONSHIP-001;ES-FEAT-COMMUNICATIONS-001;ES-FEAT-CARE-001,,6,0,NO,NO,YES,YES,DOC-SUP-PIA-06-TASK-CALENDAR; Founder disposition required before adoption or activation,"Behavioral repository verification, test execution, and runtime evidence require separate authorization","AUTHORIZATION;DATA;SOFT_PLANNING_INFERENCE relationship inferred from domain shell, identity, relationship, communications, and task hubs; not an empirically verified runtime blast radius.",STRONGLY_INFERRED,AUTHORIZATION;DATA;SOFT_PLANNING_INFERENCE,Architecture-wide shell/root counts are planning relationships and not empirically verified runtime blast radius.
ES-FEAT-TASKS-006,completion,"Tasks, calendar, scheduling, and notifications",ES-FEAT-PLATFORM-001;ES-FEAT-TASKS-001;ES-FEAT-IDENTITY-001;ES-FEAT-RELATIONSHIP-001;ES-FEAT-COMMUNICATIONS-001,,5,0,NO,NO,YES,YES,DOC-SUP-PIA-06-TASK-CALENDAR; Founder disposition required before adoption or activation,"Behavioral repository verification, test execution, and runtime evidence require separate authorization","AUTHORIZATION;DATA;SOFT_PLANNING_INFERENCE relationship inferred from domain shell, identity, relationship, communications, and task hubs; not an empirically verified runtime blast radius.",STRONGLY_INFERRED,AUTHORIZATION;DATA;SOFT_PLANNING_INFERENCE,Architecture-wide shell/root counts are planning relationships and not empirically verified runtime blast radius.
ES-FEAT-TASKS-007,correction (Tasks),"Tasks, calendar, scheduling, and notifications",ES-FEAT-PLATFORM-001;ES-FEAT-TASKS-001;ES-FEAT-IDENTITY-001;ES-FEAT-RELATIONSHIP-001;ES-FEAT-COMMUNICATIONS-001;ES-FEAT-CARE-001,,6,0,NO,NO,YES,YES,DOC-SUP-PIA-06-TASK-CALENDAR; Founder disposition required before adoption or activation,"Behavioral repository verification, test execution, and runtime evidence require separate authorization","AUTHORIZATION;DATA;SOFT_PLANNING_INFERENCE relationship inferred from domain shell, identity, relationship, communications, and task hubs; not an empirically verified runtime blast radius.",STRONGLY_INFERRED,AUTHORIZATION;DATA;SOFT_PLANNING_INFERENCE,Architecture-wide shell/root counts are planning relationships and not empirically verified runtime blast radius.
ES-FEAT-TASKS-008,reminders,"Tasks, calendar, scheduling, and notifications",ES-FEAT-PLATFORM-001;ES-FEAT-TASKS-001;ES-FEAT-IDENTITY-001;ES-FEAT-RELATIONSHIP-001;ES-FEAT-COMMUNICATIONS-001;ES-FEAT-CARE-001,,6,0,NO,NO,YES,YES,DOC-SUP-PIA-06-TASK-CALENDAR; Founder disposition required before adoption or activation,"Behavioral repository verification, test execution, and runtime evidence require separate authorization","AUTHORIZATION;DATA;SOFT_PLANNING_INFERENCE relationship inferred from domain shell, identity, relationship, communications, and task hubs; not an empirically verified runtime blast radius.",STRONGLY_INFERRED,AUTHORIZATION;DATA;SOFT_PLANNING_INFERENCE,Architecture-wide shell/root counts are planning relationships and not empirically verified runtime blast radius.
ES-FEAT-TASKS-009,acknowledgment,"Tasks, calendar, scheduling, and notifications",ES-FEAT-PLATFORM-001;ES-FEAT-TASKS-001;ES-FEAT-IDENTITY-001;ES-FEAT-RELATIONSHIP-001;ES-FEAT-COMMUNICATIONS-001;ES-FEAT-CARE-001,,6,0,NO,NO,YES,YES,DOC-SUP-PIA-06-TASK-CALENDAR; Founder disposition required before adoption or activation,"Behavioral repository verification, test execution, and runtime evidence require separate authorization","AUTHORIZATION;DATA;SOFT_PLANNING_INFERENCE relationship inferred from domain shell, identity, relationship, communications, and task hubs; not an empirically verified runtime blast radius.",STRONGLY_INFERRED,AUTHORIZATION;DATA;SOFT_PLANNING_INFERENCE,Architecture-wide shell/root counts are planning relationships and not empirically verified runtime blast radius.
ES-FEAT-TASKS-010,escalation (Tasks),"Tasks, calendar, scheduling, and notifications",ES-FEAT-PLATFORM-001;ES-FEAT-TASKS-001;ES-FEAT-IDENTITY-001;ES-FEAT-RELATIONSHIP-001;ES-FEAT-COMMUNICATIONS-001;ES-FEAT-CARE-001,,6,0,NO,NO,YES,YES,DOC-SUP-PIA-06-TASK-CALENDAR; Founder disposition required before adoption or activation,"Behavioral repository verification, test execution, and runtime evidence require separate authorization","AUTHORIZATION;DATA;SOFT_PLANNING_INFERENCE relationship inferred from domain shell, identity, relationship, communications, and task hubs; not an empirically verified runtime blast radius.",STRONGLY_INFERRED,AUTHORIZATION;DATA;SOFT_PLANNING_INFERENCE,Architecture-wide shell/root counts are planning relationships and not empirically verified runtime blast radius.
ES-FEAT-TASKS-011,quiet hours,"Tasks, calendar, scheduling, and notifications",ES-FEAT-PLATFORM-001;ES-FEAT-TASKS-001;ES-FEAT-IDENTITY-001;ES-FEAT-RELATIONSHIP-001;ES-FEAT-COMMUNICATIONS-001;ES-FEAT-CARE-001,,6,0,NO,NO,YES,YES,DOC-SUP-PIA-06-TASK-CALENDAR; Founder disposition required before adoption or activation,"Behavioral repository verification, test execution, and runtime evidence require separate authorization","AUTHORIZATION;DATA;SOFT_PLANNING_INFERENCE relationship inferred from domain shell, identity, relationship, communications, and task hubs; not an empirically verified runtime blast radius.",STRONGLY_INFERRED,AUTHORIZATION;DATA;SOFT_PLANNING_INFERENCE,Architecture-wide shell/root counts are planning relationships and not empirically verified runtime blast radius.
ES-FEAT-TASKS-012,calendar synchronization,"Tasks, calendar, scheduling, and notifications",ES-FEAT-PLATFORM-001;ES-FEAT-TASKS-001;ES-FEAT-IDENTITY-001;ES-FEAT-RELATIONSHIP-001;ES-FEAT-COMMUNICATIONS-001;ES-FEAT-CARE-001,,6,0,NO,NO,YES,YES,DOC-ADR-MOBILE-OFFLINE-SYNC; Founder disposition required before adoption or activation,"Behavioral repository verification, test execution, and runtime evidence require separate authorization","AUTHORIZATION;DATA;SOFT_PLANNING_INFERENCE relationship inferred from domain shell, identity, relationship, communications, and task hubs; not an empirically verified runtime blast radius.",STRONGLY_INFERRED,AUTHORIZATION;DATA;SOFT_PLANNING_INFERENCE,Architecture-wide shell/root counts are planning relationships and not empirically verified runtime blast radius.
ES-FEAT-TASKS-013,schedule conflict handling,"Tasks, calendar, scheduling, and notifications",ES-FEAT-PLATFORM-001;ES-FEAT-TASKS-001;ES-FEAT-IDENTITY-001;ES-FEAT-RELATIONSHIP-001;ES-FEAT-COMMUNICATIONS-001;ES-FEAT-CARE-001,,6,0,NO,NO,YES,YES,DOC-ADR-MOBILE-OFFLINE-SYNC; Founder disposition required before adoption or activation,"Behavioral repository verification, test execution, and runtime evidence require separate authorization","AUTHORIZATION;DATA;SOFT_PLANNING_INFERENCE relationship inferred from domain shell, identity, relationship, communications, and task hubs; not an empirically verified runtime blast radius.",STRONGLY_INFERRED,AUTHORIZATION;DATA;SOFT_PLANNING_INFERENCE,Architecture-wide shell/root counts are planning relationships and not empirically verified runtime blast radius.
ES-FEAT-TASKS-014,time zones,"Tasks, calendar, scheduling, and notifications",ES-FEAT-PLATFORM-001;ES-FEAT-TASKS-001;ES-FEAT-IDENTITY-001;ES-FEAT-RELATIONSHIP-001;ES-FEAT-COMMUNICATIONS-001;ES-FEAT-CARE-001,,6,0,NO,NO,YES,YES,DOC-SUP-PIA-06-TASK-CALENDAR; Founder disposition required before adoption or activation,"Behavioral repository verification, test execution, and runtime evidence require separate authorization","AUTHORIZATION;DATA;SOFT_PLANNING_INFERENCE relationship inferred from domain shell, identity, relationship, communications, and task hubs; not an empirically verified runtime blast radius.",STRONGLY_INFERRED,AUTHORIZATION;DATA;SOFT_PLANNING_INFERENCE,Architecture-wide shell/root counts are planning relationships and not empirically verified runtime blast radius.
ES-FEAT-TASKS-015,offline completion,"Tasks, calendar, scheduling, and notifications",ES-FEAT-PLATFORM-001;ES-FEAT-TASKS-001;ES-FEAT-IDENTITY-001;ES-FEAT-RELATIONSHIP-001;ES-FEAT-COMMUNICATIONS-001,,5,0,NO,NO,YES,YES,DOC-ADR-MOBILE-OFFLINE-SYNC; Founder disposition required before adoption or activation,"Behavioral repository verification, test execution, and runtime evidence require separate authorization","AUTHORIZATION;DATA;SOFT_PLANNING_INFERENCE relationship inferred from domain shell, identity, relationship, communications, and task hubs; not an empirically verified runtime blast radius.",STRONGLY_INFERRED,AUTHORIZATION;DATA;SOFT_PLANNING_INFERENCE,Architecture-wide shell/root counts are planning relationships and not empirically verified runtime blast radius.
ES-FEAT-COMMUNICATIONS-001,direct messaging,Communications and Owner Portal,ES-FEAT-PLATFORM-001,ES-FEAT-PLATFORM-002;ES-FEAT-PLATFORM-003;ES-FEAT-PLATFORM-004;ES-FEAT-PLATFORM-005;ES-FEAT-PLATFORM-006;ES-FEAT-PLATFORM-007;ES-FEAT-PLATFORM-008;ES-FEAT-PLATFORM-009;ES-FEAT-PLATFORM-010;ES-FEAT-IDENTITY-002;ES-FEAT-IDENTITY-003;ES-FEAT-IDENTITY-004;ES-FEAT-IDENTITY-005;ES-FEAT-IDENTITY-006;ES-FEAT-IDENTITY-007;ES-FEAT-IDENTITY-008;ES-FEAT-IDENTITY-009;ES-FEAT-IDENTITY-010;ES-FEAT-IDENTITY-011;ES-FEAT-IDENTITY-012;ES-FEAT-IDENTITY-013;ES-FEAT-IDENTITY-014;ES-FEAT-IDENTITY-015;ES-FEAT-IDENTITY-016;ES-FEAT-RELATIONSHIP-002;ES-FEAT-RELATIONSHIP-003;ES-FEAT-RELATIONSHIP-004;ES-FEAT-RELATIONSHIP-005;ES-FEAT-RELATIONSHIP-006;ES-FEAT-RELATIONSHIP-007;ES-FEAT-RELATIONSHIP-008;ES-FEAT-RELATIONSHIP-009;ES-FEAT-RELATIONSHIP-010;ES-FEAT-RELATIONSHIP-011;ES-FEAT-FACILITY-002;ES-FEAT-FACILITY-003;ES-FEAT-FACILITY-004;ES-FEAT-FACILITY-005;ES-FEAT-FACILITY-006;ES-FEAT-FACILITY-007;ES-FEAT-FACILITY-008;ES-FEAT-FACILITY-009;ES-FEAT-FACILITY-010;ES-FEAT-FACILITY-011;ES-FEAT-FACILITY-012;ES-FEAT-FACILITY-013;ES-FEAT-FACILITY-014;ES-FEAT-FACILITY-015;ES-FEAT-FACILITY-016;ES-FEAT-FACILITY-017;ES-FEAT-HORSE-002;ES-FEAT-HORSE-003;ES-FEAT-HORSE-004;ES-FEAT-HORSE-005;ES-FEAT-HORSE-006;ES-FEAT-HORSE-007;ES-FEAT-HORSE-008;ES-FEAT-HORSE-009;ES-FEAT-HORSE-010;ES-FEAT-HORSE-011;ES-FEAT-HORSE-012;ES-FEAT-HORSE-013;ES-FEAT-CARE-002;ES-FEAT-CARE-003;ES-FEAT-CARE-004;ES-FEAT-CARE-005;ES-FEAT-CARE-006;ES-FEAT-CARE-007;ES-FEAT-CARE-008;ES-FEAT-CARE-009;ES-FEAT-CARE-010;ES-FEAT-CARE-011;ES-FEAT-CARE-012;ES-FEAT-CARE-013;ES-FEAT-CARE-014;ES-FEAT-CARE-015;ES-FEAT-CARE-016;ES-FEAT-CARE-017;ES-FEAT-CARE-018;ES-FEAT-LESSONS-002;ES-FEAT-LESSONS-003;ES-FEAT-LESSONS-004;ES-FEAT-LESSONS-005;ES-FEAT-LESSONS-006;ES-FEAT-LESSONS-007;ES-FEAT-LESSONS-008;ES-FEAT-LESSONS-009;ES-FEAT-LESSONS-010;ES-FEAT-LESSONS-011;ES-FEAT-LESSONS-012;ES-FEAT-LESSONS-013;ES-FEAT-LESSONS-014;ES-FEAT-LESSONS-015;ES-FEAT-TASKS-002;ES-FEAT-TASKS-003;ES-FEAT-TASKS-004;ES-FEAT-TASKS-005;ES-FEAT-TASKS-006;ES-FEAT-TASKS-007;ES-FEAT-TASKS-008;ES-FEAT-TASKS-009;ES-FEAT-TASKS-010;ES-FEAT-TASKS-011;ES-FEAT-TASKS-012;ES-FEAT-TASKS-013;ES-FEAT-TASKS-014;ES-FEAT-TASKS-015;ES-FEAT-COMMUNICATIONS-002;ES-FEAT-COMMUNICATIONS-003;ES-FEAT-COMMUNICATIONS-004;ES-FEAT-COMMUNICATIONS-005;ES-FEAT-COMMUNICATIONS-006;ES-FEAT-COMMUNICATIONS-007;ES-FEAT-COMMUNICATIONS-008;ES-FEAT-COMMUNICATIONS-009;ES-FEAT-COMMUNICATIONS-010;ES-FEAT-COMMUNICATIONS-011;ES-FEAT-COMMUNICATIONS-012;ES-FEAT-COMMUNICATIONS-013;ES-FEAT-COMMUNICATIONS-014;ES-FEAT-DOCUMENTS-002;ES-FEAT-DOCUMENTS-003;ES-FEAT-DOCUMENTS-004;ES-FEAT-DOCUMENTS-005;ES-FEAT-DOCUMENTS-006;ES-FEAT-DOCUMENTS-007;ES-FEAT-DOCUMENTS-008;ES-FEAT-DOCUMENTS-009;ES-FEAT-DOCUMENTS-010;ES-FEAT-DOCUMENTS-011;ES-FEAT-DOCUMENTS-012;ES-FEAT-DOCUMENTS-013;ES-FEAT-DOCUMENTS-014;ES-FEAT-DOCUMENTS-015;ES-FEAT-FINANCIAL-002;ES-FEAT-FINANCIAL-003;ES-FEAT-FINANCIAL-004;ES-FEAT-FINANCIAL-005;ES-FEAT-FINANCIAL-006;ES-FEAT-FINANCIAL-007;ES-FEAT-FINANCIAL-008;ES-FEAT-FINANCIAL-009;ES-FEAT-FINANCIAL-010;ES-FEAT-FINANCIAL-011;ES-FEAT-FINANCIAL-012;ES-FEAT-FINANCIAL-013;ES-FEAT-FINANCIAL-014;ES-FEAT-FINANCIAL-015;ES-FEAT-FINANCIAL-016;ES-FEAT-FINANCIAL-017;ES-FEAT-FINANCIAL-018;ES-FEAT-FINANCIAL-019;ES-FEAT-INVENTORY-002;ES-FEAT-INVENTORY-003;ES-FEAT-INVENTORY-004;ES-FEAT-INVENTORY-005;ES-FEAT-INVENTORY-006;ES-FEAT-INVENTORY-007;ES-FEAT-INVENTORY-008;ES-FEAT-INVENTORY-009;ES-FEAT-INVENTORY-010;ES-FEAT-INVENTORY-011;ES-FEAT-INVENTORY-012;ES-FEAT-INVENTORY-013;ES-FEAT-INCIDENT-002;ES-FEAT-INCIDENT-003;ES-FEAT-INCIDENT-004;ES-FEAT-INCIDENT-005;ES-FEAT-INCIDENT-006;ES-FEAT-INCIDENT-007;ES-FEAT-INCIDENT-008;ES-FEAT-INCIDENT-009;ES-FEAT-INCIDENT-010;ES-FEAT-INCIDENT-011;ES-FEAT-INCIDENT-012;ES-FEAT-INCIDENT-013;ES-FEAT-INCIDENT-014;ES-FEAT-EVENTS-002;ES-FEAT-EVENTS-003;ES-FEAT-EVENTS-004;ES-FEAT-EVENTS-005;ES-FEAT-EVENTS-006;ES-FEAT-EVENTS-007;ES-FEAT-EVENTS-008;ES-FEAT-EVENTS-009;ES-FEAT-EVENTS-010;ES-FEAT-EVENTS-011;ES-FEAT-EVENTS-012;ES-FEAT-EVENTS-013;ES-FEAT-EVENTS-014;ES-FEAT-MARKETPLACE-002;ES-FEAT-MARKETPLACE-003;ES-FEAT-MARKETPLACE-004;ES-FEAT-MARKETPLACE-005;ES-FEAT-MARKETPLACE-006;ES-FEAT-MARKETPLACE-007;ES-FEAT-MARKETPLACE-008;ES-FEAT-MARKETPLACE-009;ES-FEAT-MARKETPLACE-010;ES-FEAT-MARKETPLACE-011;ES-FEAT-MARKETPLACE-012;ES-FEAT-MARKETPLACE-013;ES-FEAT-MARKETPLACE-014;ES-FEAT-MEDIA-002;ES-FEAT-MEDIA-003;ES-FEAT-MEDIA-004;ES-FEAT-MEDIA-005;ES-FEAT-MEDIA-006;ES-FEAT-MEDIA-007;ES-FEAT-MEDIA-008;ES-FEAT-MEDIA-009;ES-FEAT-MEDIA-010;ES-FEAT-MEDIA-011;ES-FEAT-MEDIA-012;ES-FEAT-MEDIA-013;ES-FEAT-MEDIA-014;ES-FEAT-MEDIA-015;ES-FEAT-MEDIA-016;ES-FEAT-REPORTING-002;ES-FEAT-REPORTING-003;ES-FEAT-REPORTING-004;ES-FEAT-REPORTING-005;ES-FEAT-REPORTING-006;ES-FEAT-REPORTING-007;ES-FEAT-REPORTING-008;ES-FEAT-REPORTING-009;ES-FEAT-REPORTING-010;ES-FEAT-REPORTING-011;ES-FEAT-AI-002;ES-FEAT-AI-003;ES-FEAT-AI-004;ES-FEAT-AI-005;ES-FEAT-AI-006;ES-FEAT-AI-007;ES-FEAT-AI-008;ES-FEAT-AI-009;ES-FEAT-AI-010;ES-FEAT-AI-011;ES-FEAT-AI-012;ES-FEAT-INTEGRATIONS-002;ES-FEAT-INTEGRATIONS-003;ES-FEAT-INTEGRATIONS-004;ES-FEAT-INTEGRATIONS-005;ES-FEAT-INTEGRATIONS-006;ES-FEAT-INTEGRATIONS-007;ES-FEAT-INTEGRATIONS-008;ES-FEAT-INTEGRATIONS-009;ES-FEAT-INTEGRATIONS-010;ES-FEAT-INTEGRATIONS-011;ES-FEAT-INTEGRATIONS-012;ES-FEAT-INTEGRATIONS-013;ES-FEAT-INTEGRATIONS-014;ES-FEAT-INTEGRATIONS-015;ES-FEAT-INTEGRATIONS-016;ES-FEAT-MOBILE-002;ES-FEAT-MOBILE-003;ES-FEAT-MOBILE-004;ES-FEAT-MOBILE-005;ES-FEAT-MOBILE-006;ES-FEAT-MOBILE-007;ES-FEAT-MOBILE-008;ES-FEAT-MOBILE-009;ES-FEAT-MOBILE-010;ES-FEAT-MOBILE-011;ES-FEAT-MOBILE-012;ES-FEAT-MOBILE-013;ES-FEAT-ADMINOPS-002;ES-FEAT-ADMINOPS-003;ES-FEAT-ADMINOPS-004;ES-FEAT-ADMINOPS-005;ES-FEAT-ADMINOPS-006;ES-FEAT-ADMINOPS-007;ES-FEAT-ADMINOPS-008;ES-FEAT-ADMINOPS-009;ES-FEAT-ADMINOPS-010;ES-FEAT-ADMINOPS-011;ES-FEAT-ADMINOPS-012;ES-FEAT-ADMINOPS-013;ES-FEAT-ADMINOPS-014;ES-FEAT-ADMINOPS-015;ES-FEAT-ADMINOPS-016;ES-FEAT-DEVELOPER-002;ES-FEAT-DEVELOPER-003;ES-FEAT-DEVELOPER-004;ES-FEAT-DEVELOPER-005;ES-FEAT-DEVELOPER-006;ES-FEAT-DEVELOPER-007;ES-FEAT-DEVELOPER-008;ES-FEAT-DEVELOPER-009;ES-FEAT-DEVELOPER-010;ES-FEAT-DEVELOPER-011;ES-FEAT-DEVELOPER-012,1,292,NO,YES,YES,YES,DOC-SUP-PIA-10-COMMUNICATIONS-PORTAL; Founder disposition required before adoption or activation,"Behavioral repository verification, test execution, and runtime evidence require separate authorization","AUTHORIZATION;DATA;SOFT_PLANNING_INFERENCE relationship inferred from domain shell, identity, relationship, communications, and task hubs; not an empirically verified runtime blast radius.",STRONGLY_INFERRED,AUTHORIZATION;DATA;SOFT_PLANNING_INFERENCE,Architecture-wide shell/root counts are planning relationships and not empirically verified runtime blast radius.
ES-FEAT-COMMUNICATIONS-002,group messaging,Communications and Owner Portal,ES-FEAT-PLATFORM-001;ES-FEAT-COMMUNICATIONS-001;ES-FEAT-IDENTITY-001;ES-FEAT-RELATIONSHIP-001;ES-FEAT-FINANCIAL-001;ES-FEAT-TASKS-001,,6,0,NO,NO,YES,YES,DOC-SUP-PIA-10-COMMUNICATIONS-PORTAL; Founder disposition required before adoption or activation,"Behavioral repository verification, test execution, and runtime evidence require separate authorization","AUTHORIZATION;DATA;SOFT_PLANNING_INFERENCE relationship inferred from domain shell, identity, relationship, communications, and task hubs; not an empirically verified runtime blast radius.",STRONGLY_INFERRED,AUTHORIZATION;DATA;SOFT_PLANNING_INFERENCE,Architecture-wide shell/root counts are planning relationships and not empirically verified runtime blast radius.
ES-FEAT-COMMUNICATIONS-003,staff messaging,Communications and Owner Portal,ES-FEAT-PLATFORM-001;ES-FEAT-COMMUNICATIONS-001;ES-FEAT-IDENTITY-001;ES-FEAT-RELATIONSHIP-001;ES-FEAT-TASKS-001;ES-FEAT-HORSE-001,,6,0,NO,NO,YES,YES,DOC-SUP-PIA-10-COMMUNICATIONS-PORTAL; Founder disposition required before adoption or activation,"Behavioral repository verification, test execution, and runtime evidence require separate authorization","AUTHORIZATION;DATA;SOFT_PLANNING_INFERENCE relationship inferred from domain shell, identity, relationship, communications, and task hubs; not an empirically verified runtime blast radius.",STRONGLY_INFERRED,AUTHORIZATION;DATA;SOFT_PLANNING_INFERENCE,Architecture-wide shell/root counts are planning relationships and not empirically verified runtime blast radius.
ES-FEAT-COMMUNICATIONS-004,owner updates (Communications),Communications and Owner Portal,ES-FEAT-PLATFORM-001;ES-FEAT-COMMUNICATIONS-001;ES-FEAT-IDENTITY-001;ES-FEAT-RELATIONSHIP-001;ES-FEAT-TASKS-001;ES-FEAT-HORSE-001,,6,0,NO,NO,RETAINED_GAP_ONLY,YES,NO_NEW_DOCUMENT_REQUIRED; Founder disposition required before adoption or activation,"Behavioral repository verification, test execution, and runtime evidence require separate authorization","AUTHORIZATION;DATA;SOFT_PLANNING_INFERENCE relationship inferred from domain shell, identity, relationship, communications, and task hubs; not an empirically verified runtime blast radius.",STRONGLY_INFERRED,AUTHORIZATION;DATA;SOFT_PLANNING_INFERENCE,Architecture-wide shell/root counts are planning relationships and not empirically verified runtime blast radius.
ES-FEAT-COMMUNICATIONS-005,guardian messaging,Communications and Owner Portal,ES-FEAT-PLATFORM-001;ES-FEAT-COMMUNICATIONS-001;ES-FEAT-IDENTITY-001;ES-FEAT-RELATIONSHIP-001;ES-FEAT-FINANCIAL-001;ES-FEAT-TASKS-001,,6,0,NO,NO,YES,YES,DOC-SUP-PIA-10-COMMUNICATIONS-PORTAL; Founder disposition required before adoption or activation,"Behavioral repository verification, test execution, and runtime evidence require separate authorization","AUTHORIZATION;DATA;SOFT_PLANNING_INFERENCE relationship inferred from domain shell, identity, relationship, communications, and task hubs; not an empirically verified runtime blast radius.",STRONGLY_INFERRED,AUTHORIZATION;DATA;SOFT_PLANNING_INFERENCE,Architecture-wide shell/root counts are planning relationships and not empirically verified runtime blast radius.
ES-FEAT-COMMUNICATIONS-006,emergency communications,Communications and Owner Portal,ES-FEAT-PLATFORM-001;ES-FEAT-COMMUNICATIONS-001;ES-FEAT-IDENTITY-001;ES-FEAT-RELATIONSHIP-001;ES-FEAT-TASKS-001;ES-FEAT-CARE-001,,6,0,NO,NO,YES,YES,DOC-SUP-PIA-10-COMMUNICATIONS-PORTAL; Founder disposition required before adoption or activation,"Behavioral repository verification, test execution, and runtime evidence require separate authorization","AUTHORIZATION;DATA;SOFT_PLANNING_INFERENCE relationship inferred from domain shell, identity, relationship, communications, and task hubs; not an empirically verified runtime blast radius.",STRONGLY_INFERRED,AUTHORIZATION;DATA;SOFT_PLANNING_INFERENCE,Architecture-wide shell/root counts are planning relationships and not empirically verified runtime blast radius.
ES-FEAT-COMMUNICATIONS-007,formal notices,Communications and Owner Portal,ES-FEAT-PLATFORM-001;ES-FEAT-COMMUNICATIONS-001;ES-FEAT-IDENTITY-001;ES-FEAT-RELATIONSHIP-001;ES-FEAT-TASKS-001;ES-FEAT-HORSE-001,,6,0,NO,NO,YES,YES,DOC-SUP-PIA-10-COMMUNICATIONS-PORTAL; Founder disposition required before adoption or activation,"Behavioral repository verification, test execution, and runtime evidence require separate authorization","AUTHORIZATION;DATA;SOFT_PLANNING_INFERENCE relationship inferred from domain shell, identity, relationship, communications, and task hubs; not an empirically verified runtime blast radius.",STRONGLY_INFERRED,AUTHORIZATION;DATA;SOFT_PLANNING_INFERENCE,Architecture-wide shell/root counts are planning relationships and not empirically verified runtime blast radius.
ES-FEAT-COMMUNICATIONS-008,delivery evidence,Communications and Owner Portal,ES-FEAT-PLATFORM-001;ES-FEAT-COMMUNICATIONS-001;ES-FEAT-IDENTITY-001;ES-FEAT-RELATIONSHIP-001;ES-FEAT-TASKS-001;ES-FEAT-HORSE-001,,6,0,NO,NO,YES,YES,DOC-SUP-PIA-10-COMMUNICATIONS-PORTAL; Founder disposition required before adoption or activation,"Behavioral repository verification, test execution, and runtime evidence require separate authorization","AUTHORIZATION;DATA;SOFT_PLANNING_INFERENCE relationship inferred from domain shell, identity, relationship, communications, and task hubs; not an empirically verified runtime blast radius.",STRONGLY_INFERRED,AUTHORIZATION;DATA;SOFT_PLANNING_INFERENCE,Architecture-wide shell/root counts are planning relationships and not empirically verified runtime blast radius.
ES-FEAT-COMMUNICATIONS-009,read acknowledgment,Communications and Owner Portal,ES-FEAT-PLATFORM-001;ES-FEAT-COMMUNICATIONS-001;ES-FEAT-IDENTITY-001;ES-FEAT-RELATIONSHIP-001;ES-FEAT-FINANCIAL-001;ES-FEAT-TASKS-001;ES-FEAT-HORSE-001,,7,0,NO,NO,YES,YES,DOC-SUP-PIA-10-COMMUNICATIONS-PORTAL; Founder disposition required before adoption or activation,"Behavioral repository verification, test execution, and runtime evidence require separate authorization","AUTHORIZATION;DATA;SOFT_PLANNING_INFERENCE relationship inferred from domain shell, identity, relationship, communications, and task hubs; not an empirically verified runtime blast radius.",STRONGLY_INFERRED,AUTHORIZATION;DATA;SOFT_PLANNING_INFERENCE,Architecture-wide shell/root counts are planning relationships and not empirically verified runtime blast radius.
ES-FEAT-COMMUNICATIONS-010,attachments,Communications and Owner Portal,ES-FEAT-PLATFORM-001;ES-FEAT-COMMUNICATIONS-001;ES-FEAT-IDENTITY-001;ES-FEAT-RELATIONSHIP-001;ES-FEAT-TASKS-001;ES-FEAT-HORSE-001,,6,0,NO,NO,YES,YES,DOC-SUP-PIA-10-COMMUNICATIONS-PORTAL; Founder disposition required before adoption or activation,"Behavioral repository verification, test execution, and runtime evidence require separate authorization","AUTHORIZATION;DATA;SOFT_PLANNING_INFERENCE relationship inferred from domain shell, identity, relationship, communications, and task hubs; not an empirically verified runtime blast radius.",STRONGLY_INFERRED,AUTHORIZATION;DATA;SOFT_PLANNING_INFERENCE,Architecture-wide shell/root counts are planning relationships and not empirically verified runtime blast radius.
ES-FEAT-COMMUNICATIONS-011,community messaging,Communications and Owner Portal,ES-FEAT-PLATFORM-001;ES-FEAT-COMMUNICATIONS-001;ES-FEAT-IDENTITY-001;ES-FEAT-RELATIONSHIP-001;ES-FEAT-TASKS-001;ES-FEAT-HORSE-001,,6,0,NO,NO,YES,YES,DOC-SUP-PIA-10-COMMUNICATIONS-PORTAL; Founder disposition required before adoption or activation,"Behavioral repository verification, test execution, and runtime evidence require separate authorization","AUTHORIZATION;DATA;SOFT_PLANNING_INFERENCE relationship inferred from domain shell, identity, relationship, communications, and task hubs; not an empirically verified runtime blast radius.",STRONGLY_INFERRED,AUTHORIZATION;DATA;SOFT_PLANNING_INFERENCE,Architecture-wide shell/root counts are planning relationships and not empirically verified runtime blast radius.
ES-FEAT-COMMUNICATIONS-012,Owner Portal projections,Communications and Owner Portal,ES-FEAT-PLATFORM-001;ES-FEAT-COMMUNICATIONS-001;ES-FEAT-IDENTITY-001;ES-FEAT-RELATIONSHIP-001;ES-FEAT-TASKS-001;ES-FEAT-HORSE-001,,6,0,NO,NO,YES,YES,DOC-SUP-PIA-10-COMMUNICATIONS-PORTAL; Founder disposition required before adoption or activation,"Behavioral repository verification, test execution, and runtime evidence require separate authorization","AUTHORIZATION;DATA;SOFT_PLANNING_INFERENCE relationship inferred from domain shell, identity, relationship, communications, and task hubs; not an empirically verified runtime blast radius.",STRONGLY_INFERRED,AUTHORIZATION;DATA;SOFT_PLANNING_INFERENCE,Architecture-wide shell/root counts are planning relationships and not empirically verified runtime blast radius.
ES-FEAT-COMMUNICATIONS-013,former-party access,Communications and Owner Portal,ES-FEAT-PLATFORM-001;ES-FEAT-COMMUNICATIONS-001;ES-FEAT-IDENTITY-001;ES-FEAT-RELATIONSHIP-001;ES-FEAT-FINANCIAL-001;ES-FEAT-TASKS-001;ES-FEAT-HORSE-001;ES-FEAT-CARE-001,,8,0,NO,NO,YES,YES,DOC-SUP-PIA-10-COMMUNICATIONS-PORTAL; Founder disposition required before adoption or activation,"Behavioral repository verification, test execution, and runtime evidence require separate authorization","AUTHORIZATION;DATA;SOFT_PLANNING_INFERENCE relationship inferred from domain shell, identity, relationship, communications, and task hubs; not an empirically verified runtime blast radius.",STRONGLY_INFERRED,AUTHORIZATION;DATA;SOFT_PLANNING_INFERENCE,Architecture-wide shell/root counts are planning relationships and not empirically verified runtime blast radius.
ES-FEAT-COMMUNICATIONS-014,support communication,Communications and Owner Portal,ES-FEAT-PLATFORM-001;ES-FEAT-COMMUNICATIONS-001;ES-FEAT-IDENTITY-001;ES-FEAT-RELATIONSHIP-001;ES-FEAT-TASKS-001,,5,0,NO,NO,YES,YES,DOC-SUP-PIA-10-COMMUNICATIONS-PORTAL; Founder disposition required before adoption or activation,"Behavioral repository verification, test execution, and runtime evidence require separate authorization","AUTHORIZATION;DATA;SOFT_PLANNING_INFERENCE relationship inferred from domain shell, identity, relationship, communications, and task hubs; not an empirically verified runtime blast radius.",STRONGLY_INFERRED,AUTHORIZATION;DATA;SOFT_PLANNING_INFERENCE,Architecture-wide shell/root counts are planning relationships and not empirically verified runtime blast radius.
ES-FEAT-DOCUMENTS-001,document templates,"Documents, agreements, and electronic signatures",ES-FEAT-PLATFORM-001,ES-FEAT-DOCUMENTS-002;ES-FEAT-DOCUMENTS-003;ES-FEAT-DOCUMENTS-004;ES-FEAT-DOCUMENTS-005;ES-FEAT-DOCUMENTS-006;ES-FEAT-DOCUMENTS-007;ES-FEAT-DOCUMENTS-008;ES-FEAT-DOCUMENTS-009;ES-FEAT-DOCUMENTS-010;ES-FEAT-DOCUMENTS-011;ES-FEAT-DOCUMENTS-012;ES-FEAT-DOCUMENTS-013;ES-FEAT-DOCUMENTS-014;ES-FEAT-DOCUMENTS-015,1,14,NO,NO,YES,YES,DOC-SUP-PIA-10-DOCUMENTS-SIGNATURES; Founder disposition required before adoption or activation,"Behavioral repository verification, test execution, and runtime evidence require separate authorization","AUTHORIZATION;DATA;SOFT_PLANNING_INFERENCE relationship inferred from domain shell, identity, relationship, communications, and task hubs; not an empirically verified runtime blast radius.",STRONGLY_INFERRED,AUTHORIZATION;DATA;SOFT_PLANNING_INFERENCE,Architecture-wide shell/root counts are planning relationships and not empirically verified runtime blast radius.
ES-FEAT-DOCUMENTS-002,waivers,"Documents, agreements, and electronic signatures",ES-FEAT-PLATFORM-001;ES-FEAT-DOCUMENTS-001;ES-FEAT-IDENTITY-001;ES-FEAT-RELATIONSHIP-001;ES-FEAT-COMMUNICATIONS-001;ES-FEAT-TASKS-001,,6,0,NO,NO,YES,YES,DOC-SUP-PIA-10-DOCUMENTS-SIGNATURES; Founder disposition required before adoption or activation,"Behavioral repository verification, test execution, and runtime evidence require separate authorization","AUTHORIZATION;DATA;SOFT_PLANNING_INFERENCE relationship inferred from domain shell, identity, relationship, communications, and task hubs; not an empirically verified runtime blast radius.",STRONGLY_INFERRED,AUTHORIZATION;DATA;SOFT_PLANNING_INFERENCE,Architecture-wide shell/root counts are planning relationships and not empirically verified runtime blast radius.
ES-FEAT-DOCUMENTS-003,consent (Documents),"Documents, agreements, and electronic signatures",ES-FEAT-PLATFORM-001;ES-FEAT-DOCUMENTS-001;ES-FEAT-IDENTITY-001;ES-FEAT-RELATIONSHIP-001;ES-FEAT-COMMUNICATIONS-001;ES-FEAT-TASKS-001,,6,0,NO,NO,YES,YES,DOC-SUP-PIA-10-DOCUMENTS-SIGNATURES; Founder disposition required before adoption or activation,"Behavioral repository verification, test execution, and runtime evidence require separate authorization","AUTHORIZATION;DATA;SOFT_PLANNING_INFERENCE relationship inferred from domain shell, identity, relationship, communications, and task hubs; not an empirically verified runtime blast radius.",STRONGLY_INFERRED,AUTHORIZATION;DATA;SOFT_PLANNING_INFERENCE,Architecture-wide shell/root counts are planning relationships and not empirically verified runtime blast radius.
ES-FEAT-DOCUMENTS-004,guardian signatures,"Documents, agreements, and electronic signatures",ES-FEAT-PLATFORM-001;ES-FEAT-DOCUMENTS-001;ES-FEAT-IDENTITY-001;ES-FEAT-RELATIONSHIP-001;ES-FEAT-FINANCIAL-001;ES-FEAT-COMMUNICATIONS-001;ES-FEAT-TASKS-001,,7,0,NO,NO,YES,YES,DOC-SUP-PIA-10-DOCUMENTS-SIGNATURES; Founder disposition required before adoption or activation,"Behavioral repository verification, test execution, and runtime evidence require separate authorization","AUTHORIZATION;DATA;SOFT_PLANNING_INFERENCE relationship inferred from domain shell, identity, relationship, communications, and task hubs; not an empirically verified runtime blast radius.",STRONGLY_INFERRED,AUTHORIZATION;DATA;SOFT_PLANNING_INFERENCE,Architecture-wide shell/root counts are planning relationships and not empirically verified runtime blast radius.
ES-FEAT-DOCUMENTS-005,minor assent,"Documents, agreements, and electronic signatures",ES-FEAT-PLATFORM-001;ES-FEAT-DOCUMENTS-001;ES-FEAT-IDENTITY-001;ES-FEAT-RELATIONSHIP-001;ES-FEAT-FINANCIAL-001;ES-FEAT-COMMUNICATIONS-001;ES-FEAT-TASKS-001;ES-FEAT-CARE-001,,8,0,NO,NO,YES,YES,DOC-SUP-PIA-10-DOCUMENTS-SIGNATURES; Founder disposition required before adoption or activation,"Behavioral repository verification, test execution, and runtime evidence require separate authorization","AUTHORIZATION;DATA;SOFT_PLANNING_INFERENCE relationship inferred from domain shell, identity, relationship, communications, and task hubs; not an empirically verified runtime blast radius.",STRONGLY_INFERRED,AUTHORIZATION;DATA;SOFT_PLANNING_INFERENCE,Architecture-wide shell/root counts are planning relationships and not empirically verified runtime blast radius.
ES-FEAT-DOCUMENTS-006,document requests,"Documents, agreements, and electronic signatures",ES-FEAT-PLATFORM-001;ES-FEAT-DOCUMENTS-001;ES-FEAT-IDENTITY-001;ES-FEAT-RELATIONSHIP-001;ES-FEAT-COMMUNICATIONS-001;ES-FEAT-TASKS-001,,6,0,NO,NO,YES,YES,DOC-SUP-PIA-10-DOCUMENTS-SIGNATURES; Founder disposition required before adoption or activation,"Behavioral repository verification, test execution, and runtime evidence require separate authorization","AUTHORIZATION;DATA;SOFT_PLANNING_INFERENCE relationship inferred from domain shell, identity, relationship, communications, and task hubs; not an empirically verified runtime blast radius.",STRONGLY_INFERRED,AUTHORIZATION;DATA;SOFT_PLANNING_INFERENCE,Architecture-wide shell/root counts are planning relationships and not empirically verified runtime blast radius.
ES-FEAT-DOCUMENTS-007,envelope creation,"Documents, agreements, and electronic signatures",ES-FEAT-PLATFORM-001;ES-FEAT-DOCUMENTS-001;ES-FEAT-IDENTITY-001;ES-FEAT-RELATIONSHIP-001;ES-FEAT-COMMUNICATIONS-001;ES-FEAT-TASKS-001,,6,0,NO,NO,YES,YES,DOC-SUP-PIA-10-DOCUMENTS-SIGNATURES; Founder disposition required before adoption or activation,"Behavioral repository verification, test execution, and runtime evidence require separate authorization","AUTHORIZATION;DATA;SOFT_PLANNING_INFERENCE relationship inferred from domain shell, identity, relationship, communications, and task hubs; not an empirically verified runtime blast radius.",STRONGLY_INFERRED,AUTHORIZATION;DATA;SOFT_PLANNING_INFERENCE,Architecture-wide shell/root counts are planning relationships and not empirically verified runtime blast radius.
ES-FEAT-DOCUMENTS-008,signing,"Documents, agreements, and electronic signatures",ES-FEAT-PLATFORM-001;ES-FEAT-DOCUMENTS-001;ES-FEAT-IDENTITY-001;ES-FEAT-RELATIONSHIP-001;ES-FEAT-COMMUNICATIONS-001;ES-FEAT-TASKS-001,,6,0,NO,NO,YES,YES,DOC-SUP-PIA-10-DOCUMENTS-SIGNATURES; Founder disposition required before adoption or activation,"Behavioral repository verification, test execution, and runtime evidence require separate authorization","AUTHORIZATION;DATA;SOFT_PLANNING_INFERENCE relationship inferred from domain shell, identity, relationship, communications, and task hubs; not an empirically verified runtime blast radius.",STRONGLY_INFERRED,AUTHORIZATION;DATA;SOFT_PLANNING_INFERENCE,Architecture-wide shell/root counts are planning relationships and not empirically verified runtime blast radius.
ES-FEAT-DOCUMENTS-009,decline,"Documents, agreements, and electronic signatures",ES-FEAT-PLATFORM-001;ES-FEAT-DOCUMENTS-001;ES-FEAT-IDENTITY-001;ES-FEAT-RELATIONSHIP-001;ES-FEAT-COMMUNICATIONS-001;ES-FEAT-TASKS-001,,6,0,NO,NO,YES,YES,DOC-SUP-PIA-10-DOCUMENTS-SIGNATURES; Founder disposition required before adoption or activation,"Behavioral repository verification, test execution, and runtime evidence require separate authorization","AUTHORIZATION;DATA;SOFT_PLANNING_INFERENCE relationship inferred from domain shell, identity, relationship, communications, and task hubs; not an empirically verified runtime blast radius.",STRONGLY_INFERRED,AUTHORIZATION;DATA;SOFT_PLANNING_INFERENCE,Architecture-wide shell/root counts are planning relationships and not empirically verified runtime blast radius.
ES-FEAT-DOCUMENTS-010,expiration (Documents),"Documents, agreements, and electronic signatures",ES-FEAT-PLATFORM-001;ES-FEAT-DOCUMENTS-001;ES-FEAT-IDENTITY-001;ES-FEAT-RELATIONSHIP-001;ES-FEAT-COMMUNICATIONS-001;ES-FEAT-TASKS-001,,6,0,NO,NO,YES,YES,DOC-SUP-PIA-10-DOCUMENTS-SIGNATURES; Founder disposition required before adoption or activation,"Behavioral repository verification, test execution, and runtime evidence require separate authorization","AUTHORIZATION;DATA;SOFT_PLANNING_INFERENCE relationship inferred from domain shell, identity, relationship, communications, and task hubs; not an empirically verified runtime blast radius.",STRONGLY_INFERRED,AUTHORIZATION;DATA;SOFT_PLANNING_INFERENCE,Architecture-wide shell/root counts are planning relationships and not empirically verified runtime blast radius.
ES-FEAT-DOCUMENTS-011,revocation,"Documents, agreements, and electronic signatures",ES-FEAT-PLATFORM-001;ES-FEAT-DOCUMENTS-001;ES-FEAT-IDENTITY-001;ES-FEAT-RELATIONSHIP-001;ES-FEAT-COMMUNICATIONS-001;ES-FEAT-TASKS-001,,6,0,NO,NO,YES,YES,DOC-SUP-PIA-10-DOCUMENTS-SIGNATURES; Founder disposition required before adoption or activation,"Behavioral repository verification, test execution, and runtime evidence require separate authorization","AUTHORIZATION;DATA;SOFT_PLANNING_INFERENCE relationship inferred from domain shell, identity, relationship, communications, and task hubs; not an empirically verified runtime blast radius.",STRONGLY_INFERRED,AUTHORIZATION;DATA;SOFT_PLANNING_INFERENCE,Architecture-wide shell/root counts are planning relationships and not empirically verified runtime blast radius.
ES-FEAT-DOCUMENTS-012,correction (Documents),"Documents, agreements, and electronic signatures",ES-FEAT-PLATFORM-001;ES-FEAT-DOCUMENTS-001;ES-FEAT-IDENTITY-001;ES-FEAT-RELATIONSHIP-001;ES-FEAT-COMMUNICATIONS-001;ES-FEAT-TASKS-001,,6,0,NO,NO,YES,YES,DOC-SUP-PIA-10-DOCUMENTS-SIGNATURES; Founder disposition required before adoption or activation,"Behavioral repository verification, test execution, and runtime evidence require separate authorization","AUTHORIZATION;DATA;SOFT_PLANNING_INFERENCE relationship inferred from domain shell, identity, relationship, communications, and task hubs; not an empirically verified runtime blast radius.",STRONGLY_INFERRED,AUTHORIZATION;DATA;SOFT_PLANNING_INFERENCE,Architecture-wide shell/root counts are planning relationships and not empirically verified runtime blast radius.
ES-FEAT-DOCUMENTS-013,provider webhooks,"Documents, agreements, and electronic signatures",ES-FEAT-PLATFORM-001;ES-FEAT-DOCUMENTS-001;ES-FEAT-IDENTITY-001;ES-FEAT-RELATIONSHIP-001;ES-FEAT-FINANCIAL-001;ES-FEAT-COMMUNICATIONS-001;ES-FEAT-TASKS-001;ES-FEAT-CARE-001,,8,0,NO,NO,YES,YES,DOC-SUP-PIA-10-DOCUMENTS-SIGNATURES; Founder disposition required before adoption or activation,"Behavioral repository verification, test execution, and runtime evidence require separate authorization","AUTHORIZATION;DATA;SOFT_PLANNING_INFERENCE relationship inferred from domain shell, identity, relationship, communications, and task hubs; not an empirically verified runtime blast radius.",STRONGLY_INFERRED,AUTHORIZATION;DATA;SOFT_PLANNING_INFERENCE,Architecture-wide shell/root counts are planning relationships and not empirically verified runtime blast radius.
ES-FEAT-DOCUMENTS-014,retention (Documents),"Documents, agreements, and electronic signatures",ES-FEAT-PLATFORM-001;ES-FEAT-DOCUMENTS-001;ES-FEAT-IDENTITY-001;ES-FEAT-RELATIONSHIP-001;ES-FEAT-COMMUNICATIONS-001;ES-FEAT-TASKS-001,,6,0,NO,NO,YES,YES,DOC-SUP-PIA-10-DOCUMENTS-SIGNATURES; Founder disposition required before adoption or activation,"Behavioral repository verification, test execution, and runtime evidence require separate authorization","AUTHORIZATION;DATA;SOFT_PLANNING_INFERENCE relationship inferred from domain shell, identity, relationship, communications, and task hubs; not an empirically verified runtime blast radius.",STRONGLY_INFERRED,AUTHORIZATION;DATA;SOFT_PLANNING_INFERENCE,Architecture-wide shell/root counts are planning relationships and not empirically verified runtime blast radius.
ES-FEAT-DOCUMENTS-015,legal hold,"Documents, agreements, and electronic signatures",ES-FEAT-PLATFORM-001;ES-FEAT-DOCUMENTS-001;ES-FEAT-IDENTITY-001;ES-FEAT-RELATIONSHIP-001;ES-FEAT-FINANCIAL-001;ES-FEAT-COMMUNICATIONS-001;ES-FEAT-TASKS-001,,7,0,NO,NO,YES,YES,DOC-SUP-PIA-10-DOCUMENTS-SIGNATURES; Founder disposition required before adoption or activation,"Behavioral repository verification, test execution, and runtime evidence require separate authorization","AUTHORIZATION;DATA;SOFT_PLANNING_INFERENCE relationship inferred from domain shell, identity, relationship, communications, and task hubs; not an empirically verified runtime blast radius.",STRONGLY_INFERRED,AUTHORIZATION;DATA;SOFT_PLANNING_INFERENCE,Architecture-wide shell/root counts are planning relationships and not empirically verified runtime blast radius.
ES-FEAT-FINANCIAL-001,plans,Financial operations,ES-FEAT-PLATFORM-001,ES-FEAT-PLATFORM-002;ES-FEAT-PLATFORM-003;ES-FEAT-PLATFORM-004;ES-FEAT-PLATFORM-005;ES-FEAT-PLATFORM-006;ES-FEAT-PLATFORM-007;ES-FEAT-PLATFORM-008;ES-FEAT-PLATFORM-009;ES-FEAT-IDENTITY-002;ES-FEAT-IDENTITY-003;ES-FEAT-IDENTITY-004;ES-FEAT-IDENTITY-005;ES-FEAT-IDENTITY-006;ES-FEAT-IDENTITY-007;ES-FEAT-IDENTITY-008;ES-FEAT-IDENTITY-009;ES-FEAT-IDENTITY-010;ES-FEAT-IDENTITY-011;ES-FEAT-IDENTITY-012;ES-FEAT-IDENTITY-013;ES-FEAT-IDENTITY-014;ES-FEAT-IDENTITY-015;ES-FEAT-IDENTITY-016;ES-FEAT-RELATIONSHIP-002;ES-FEAT-RELATIONSHIP-003;ES-FEAT-RELATIONSHIP-004;ES-FEAT-FACILITY-012;ES-FEAT-CARE-004;ES-FEAT-CARE-008;ES-FEAT-CARE-009;ES-FEAT-CARE-010;ES-FEAT-CARE-011;ES-FEAT-CARE-013;ES-FEAT-CARE-014;ES-FEAT-CARE-015;ES-FEAT-TASKS-002;ES-FEAT-COMMUNICATIONS-002;ES-FEAT-COMMUNICATIONS-005;ES-FEAT-COMMUNICATIONS-009;ES-FEAT-COMMUNICATIONS-013;ES-FEAT-DOCUMENTS-004;ES-FEAT-DOCUMENTS-005;ES-FEAT-DOCUMENTS-013;ES-FEAT-DOCUMENTS-015;ES-FEAT-FINANCIAL-002;ES-FEAT-FINANCIAL-003;ES-FEAT-FINANCIAL-004;ES-FEAT-FINANCIAL-005;ES-FEAT-FINANCIAL-006;ES-FEAT-FINANCIAL-007;ES-FEAT-FINANCIAL-008;ES-FEAT-FINANCIAL-009;ES-FEAT-FINANCIAL-010;ES-FEAT-FINANCIAL-011;ES-FEAT-FINANCIAL-012;ES-FEAT-FINANCIAL-013;ES-FEAT-FINANCIAL-014;ES-FEAT-FINANCIAL-015;ES-FEAT-FINANCIAL-016;ES-FEAT-FINANCIAL-017;ES-FEAT-FINANCIAL-018;ES-FEAT-FINANCIAL-019;ES-FEAT-EVENTS-002;ES-FEAT-EVENTS-003;ES-FEAT-EVENTS-004;ES-FEAT-EVENTS-005;ES-FEAT-EVENTS-006;ES-FEAT-EVENTS-007;ES-FEAT-EVENTS-008;ES-FEAT-EVENTS-009;ES-FEAT-EVENTS-010;ES-FEAT-EVENTS-011;ES-FEAT-EVENTS-012;ES-FEAT-EVENTS-013;ES-FEAT-EVENTS-014;ES-FEAT-MARKETPLACE-002;ES-FEAT-MARKETPLACE-003;ES-FEAT-MARKETPLACE-004;ES-FEAT-MARKETPLACE-005;ES-FEAT-MARKETPLACE-006;ES-FEAT-MARKETPLACE-007;ES-FEAT-MARKETPLACE-008;ES-FEAT-MARKETPLACE-009;ES-FEAT-MARKETPLACE-010;ES-FEAT-MARKETPLACE-011;ES-FEAT-MARKETPLACE-012;ES-FEAT-MARKETPLACE-013;ES-FEAT-MARKETPLACE-014;ES-FEAT-MEDIA-010;ES-FEAT-MEDIA-014;ES-FEAT-REPORTING-002;ES-FEAT-REPORTING-003;ES-FEAT-REPORTING-004;ES-FEAT-REPORTING-005;ES-FEAT-REPORTING-006;ES-FEAT-REPORTING-007;ES-FEAT-REPORTING-008;ES-FEAT-REPORTING-009;ES-FEAT-REPORTING-010;ES-FEAT-REPORTING-011;ES-FEAT-AI-008;ES-FEAT-AI-009;ES-FEAT-INTEGRATIONS-002;ES-FEAT-INTEGRATIONS-003;ES-FEAT-INTEGRATIONS-004;ES-FEAT-INTEGRATIONS-005;ES-FEAT-INTEGRATIONS-006;ES-FEAT-INTEGRATIONS-007;ES-FEAT-INTEGRATIONS-008;ES-FEAT-INTEGRATIONS-009;ES-FEAT-INTEGRATIONS-010;ES-FEAT-INTEGRATIONS-011;ES-FEAT-INTEGRATIONS-012;ES-FEAT-INTEGRATIONS-013;ES-FEAT-INTEGRATIONS-014;ES-FEAT-INTEGRATIONS-015;ES-FEAT-INTEGRATIONS-016;ES-FEAT-MOBILE-006;ES-FEAT-MOBILE-007;ES-FEAT-MOBILE-008;ES-FEAT-ADMINOPS-002;ES-FEAT-ADMINOPS-003;ES-FEAT-ADMINOPS-004;ES-FEAT-ADMINOPS-005;ES-FEAT-ADMINOPS-006;ES-FEAT-ADMINOPS-007;ES-FEAT-ADMINOPS-008;ES-FEAT-ADMINOPS-009;ES-FEAT-ADMINOPS-010;ES-FEAT-ADMINOPS-011;ES-FEAT-ADMINOPS-012;ES-FEAT-ADMINOPS-013;ES-FEAT-ADMINOPS-014;ES-FEAT-ADMINOPS-015;ES-FEAT-ADMINOPS-016;ES-FEAT-DEVELOPER-002;ES-FEAT-DEVELOPER-003;ES-FEAT-DEVELOPER-004;ES-FEAT-DEVELOPER-005;ES-FEAT-DEVELOPER-006;ES-FEAT-DEVELOPER-007;ES-FEAT-DEVELOPER-008;ES-FEAT-DEVELOPER-009;ES-FEAT-DEVELOPER-010;ES-FEAT-DEVELOPER-011;ES-FEAT-DEVELOPER-012,1,146,NO,YES,YES,YES,DOC-SUP-PIA-09-FINANCIAL-OPERATIONS; Founder disposition required before adoption or activation,"Behavioral repository verification, test execution, and runtime evidence require separate authorization","AUTHORIZATION;DATA;SOFT_PLANNING_INFERENCE relationship inferred from domain shell, identity, relationship, communications, and task hubs; not an empirically verified runtime blast radius.",STRONGLY_INFERRED,AUTHORIZATION;DATA;SOFT_PLANNING_INFERENCE,Architecture-wide shell/root counts are planning relationships and not empirically verified runtime blast radius.
ES-FEAT-FINANCIAL-002,subscriptions,Financial operations,ES-FEAT-PLATFORM-001;ES-FEAT-FINANCIAL-001;ES-FEAT-IDENTITY-001;ES-FEAT-RELATIONSHIP-001;ES-FEAT-COMMUNICATIONS-001;ES-FEAT-TASKS-001,,6,0,NO,NO,YES,YES,DOC-SUP-PIA-09-FINANCIAL-OPERATIONS; Founder disposition required before adoption or activation,"Behavioral repository verification, test execution, and runtime evidence require separate authorization","AUTHORIZATION;DATA;SOFT_PLANNING_INFERENCE relationship inferred from domain shell, identity, relationship, communications, and task hubs; not an empirically verified runtime blast radius.",STRONGLY_INFERRED,AUTHORIZATION;DATA;SOFT_PLANNING_INFERENCE,Architecture-wide shell/root counts are planning relationships and not empirically verified runtime blast radius.
ES-FEAT-FINANCIAL-003,add-ons,Financial operations,ES-FEAT-PLATFORM-001;ES-FEAT-FINANCIAL-001;ES-FEAT-IDENTITY-001;ES-FEAT-RELATIONSHIP-001;ES-FEAT-COMMUNICATIONS-001;ES-FEAT-TASKS-001,,6,0,NO,NO,YES,YES,DOC-SUP-PIA-09-FINANCIAL-OPERATIONS; Founder disposition required before adoption or activation,"Behavioral repository verification, test execution, and runtime evidence require separate authorization","AUTHORIZATION;DATA;SOFT_PLANNING_INFERENCE relationship inferred from domain shell, identity, relationship, communications, and task hubs; not an empirically verified runtime blast radius.",STRONGLY_INFERRED,AUTHORIZATION;DATA;SOFT_PLANNING_INFERENCE,Architecture-wide shell/root counts are planning relationships and not empirically verified runtime blast radius.
ES-FEAT-FINANCIAL-004,pricing,Financial operations,ES-FEAT-PLATFORM-001;ES-FEAT-FINANCIAL-001;ES-FEAT-IDENTITY-001;ES-FEAT-RELATIONSHIP-001;ES-FEAT-COMMUNICATIONS-001;ES-FEAT-TASKS-001,,6,0,NO,NO,YES,YES,DOC-SUP-PIA-09-FINANCIAL-OPERATIONS; Founder disposition required before adoption or activation,"Behavioral repository verification, test execution, and runtime evidence require separate authorization","AUTHORIZATION;DATA;SOFT_PLANNING_INFERENCE relationship inferred from domain shell, identity, relationship, communications, and task hubs; not an empirically verified runtime blast radius.",STRONGLY_INFERRED,AUTHORIZATION;DATA;SOFT_PLANNING_INFERENCE,Architecture-wide shell/root counts are planning relationships and not empirically verified runtime blast radius.
ES-FEAT-FINANCIAL-005,estimates,Financial operations,ES-FEAT-PLATFORM-001;ES-FEAT-FINANCIAL-001;ES-FEAT-IDENTITY-001;ES-FEAT-RELATIONSHIP-001;ES-FEAT-COMMUNICATIONS-001;ES-FEAT-TASKS-001,,6,0,NO,NO,YES,YES,DOC-SUP-PIA-09-FINANCIAL-OPERATIONS; Founder disposition required before adoption or activation,"Behavioral repository verification, test execution, and runtime evidence require separate authorization","AUTHORIZATION;DATA;SOFT_PLANNING_INFERENCE relationship inferred from domain shell, identity, relationship, communications, and task hubs; not an empirically verified runtime blast radius.",STRONGLY_INFERRED,AUTHORIZATION;DATA;SOFT_PLANNING_INFERENCE,Architecture-wide shell/root counts are planning relationships and not empirically verified runtime blast radius.
ES-FEAT-FINANCIAL-006,invoices,Financial operations,ES-FEAT-PLATFORM-001;ES-FEAT-FINANCIAL-001;ES-FEAT-IDENTITY-001;ES-FEAT-RELATIONSHIP-001;ES-FEAT-COMMUNICATIONS-001;ES-FEAT-TASKS-001,,6,0,NO,NO,YES,YES,DOC-SUP-PIA-09-FINANCIAL-OPERATIONS; Founder disposition required before adoption or activation,"Behavioral repository verification, test execution, and runtime evidence require separate authorization","AUTHORIZATION;DATA;SOFT_PLANNING_INFERENCE relationship inferred from domain shell, identity, relationship, communications, and task hubs; not an empirically verified runtime blast radius.",STRONGLY_INFERRED,AUTHORIZATION;DATA;SOFT_PLANNING_INFERENCE,Architecture-wide shell/root counts are planning relationships and not empirically verified runtime blast radius.
ES-FEAT-FINANCIAL-007,recurring charges,Financial operations,ES-FEAT-PLATFORM-001;ES-FEAT-FINANCIAL-001;ES-FEAT-IDENTITY-001;ES-FEAT-RELATIONSHIP-001;ES-FEAT-COMMUNICATIONS-001;ES-FEAT-TASKS-001,,6,0,NO,NO,YES,YES,DOC-SUP-PIA-09-FINANCIAL-OPERATIONS; Founder disposition required before adoption or activation,"Behavioral repository verification, test execution, and runtime evidence require separate authorization","AUTHORIZATION;DATA;SOFT_PLANNING_INFERENCE relationship inferred from domain shell, identity, relationship, communications, and task hubs; not an empirically verified runtime blast radius.",STRONGLY_INFERRED,AUTHORIZATION;DATA;SOFT_PLANNING_INFERENCE,Architecture-wide shell/root counts are planning relationships and not empirically verified runtime blast radius.
ES-FEAT-FINANCIAL-008,payments,Financial operations,ES-FEAT-PLATFORM-001;ES-FEAT-FINANCIAL-001;ES-FEAT-IDENTITY-001;ES-FEAT-RELATIONSHIP-001;ES-FEAT-COMMUNICATIONS-001;ES-FEAT-TASKS-001,,6,0,NO,NO,YES,YES,DOC-SUP-PIA-09-FINANCIAL-OPERATIONS; Founder disposition required before adoption or activation,"Behavioral repository verification, test execution, and runtime evidence require separate authorization","AUTHORIZATION;DATA;SOFT_PLANNING_INFERENCE relationship inferred from domain shell, identity, relationship, communications, and task hubs; not an empirically verified runtime blast radius.",STRONGLY_INFERRED,AUTHORIZATION;DATA;SOFT_PLANNING_INFERENCE,Architecture-wide shell/root counts are planning relationships and not empirically verified runtime blast radius.
ES-FEAT-FINANCIAL-009,refunds,Financial operations,ES-FEAT-PLATFORM-001;ES-FEAT-FINANCIAL-001;ES-FEAT-IDENTITY-001;ES-FEAT-RELATIONSHIP-001;ES-FEAT-COMMUNICATIONS-001;ES-FEAT-TASKS-001,,6,0,NO,NO,YES,YES,DOC-SUP-PIA-09-FINANCIAL-OPERATIONS; Founder disposition required before adoption or activation,"Behavioral repository verification, test execution, and runtime evidence require separate authorization","AUTHORIZATION;DATA;SOFT_PLANNING_INFERENCE relationship inferred from domain shell, identity, relationship, communications, and task hubs; not an empirically verified runtime blast radius.",STRONGLY_INFERRED,AUTHORIZATION;DATA;SOFT_PLANNING_INFERENCE,Architecture-wide shell/root counts are planning relationships and not empirically verified runtime blast radius.
ES-FEAT-FINANCIAL-010,credits,Financial operations,ES-FEAT-PLATFORM-001;ES-FEAT-FINANCIAL-001;ES-FEAT-IDENTITY-001;ES-FEAT-RELATIONSHIP-001;ES-FEAT-COMMUNICATIONS-001;ES-FEAT-TASKS-001,,6,0,NO,NO,YES,YES,DOC-SUP-PIA-09-FINANCIAL-OPERATIONS; Founder disposition required before adoption or activation,"Behavioral repository verification, test execution, and runtime evidence require separate authorization","AUTHORIZATION;DATA;SOFT_PLANNING_INFERENCE relationship inferred from domain shell, identity, relationship, communications, and task hubs; not an empirically verified runtime blast radius.",STRONGLY_INFERRED,AUTHORIZATION;DATA;SOFT_PLANNING_INFERENCE,Architecture-wide shell/root counts are planning relationships and not empirically verified runtime blast radius.
ES-FEAT-FINANCIAL-011,disputes (Financial operations),Financial operations,ES-FEAT-PLATFORM-001;ES-FEAT-FINANCIAL-001;ES-FEAT-IDENTITY-001;ES-FEAT-RELATIONSHIP-001;ES-FEAT-COMMUNICATIONS-001;ES-FEAT-TASKS-001,,6,0,NO,NO,YES,YES,DOC-SUP-PIA-09-FINANCIAL-OPERATIONS; Founder disposition required before adoption or activation,"Behavioral repository verification, test execution, and runtime evidence require separate authorization","AUTHORIZATION;DATA;SOFT_PLANNING_INFERENCE relationship inferred from domain shell, identity, relationship, communications, and task hubs; not an empirically verified runtime blast radius.",STRONGLY_INFERRED,AUTHORIZATION;DATA;SOFT_PLANNING_INFERENCE,Architecture-wide shell/root counts are planning relationships and not empirically verified runtime blast radius.
ES-FEAT-FINANCIAL-012,failed payments,Financial operations,ES-FEAT-PLATFORM-001;ES-FEAT-FINANCIAL-001;ES-FEAT-IDENTITY-001;ES-FEAT-RELATIONSHIP-001;ES-FEAT-COMMUNICATIONS-001;ES-FEAT-TASKS-001,,6,0,NO,NO,YES,YES,DOC-SUP-PIA-09-FINANCIAL-OPERATIONS; Founder disposition required before adoption or activation,"Behavioral repository verification, test execution, and runtime evidence require separate authorization","AUTHORIZATION;DATA;SOFT_PLANNING_INFERENCE relationship inferred from domain shell, identity, relationship, communications, and task hubs; not an empirically verified runtime blast radius.",STRONGLY_INFERRED,AUTHORIZATION;DATA;SOFT_PLANNING_INFERENCE,Architecture-wide shell/root counts are planning relationships and not empirically verified runtime blast radius.
ES-FEAT-FINANCIAL-013,payouts,Financial operations,ES-FEAT-PLATFORM-001;ES-FEAT-FINANCIAL-001;ES-FEAT-IDENTITY-001;ES-FEAT-RELATIONSHIP-001;ES-FEAT-COMMUNICATIONS-001;ES-FEAT-TASKS-001,,6,0,NO,NO,RETAINED_GAP_ONLY,YES,DOC-SUP-PIA-09-FINANCIAL-OPERATIONS; Founder disposition required before adoption or activation,Implementation design or discovery required under separate authority,"AUTHORIZATION;DATA;SOFT_PLANNING_INFERENCE relationship inferred from domain shell, identity, relationship, communications, and task hubs; not an empirically verified runtime blast radius.",STRONGLY_INFERRED,AUTHORIZATION;DATA;SOFT_PLANNING_INFERENCE,Architecture-wide shell/root counts are planning relationships and not empirically verified runtime blast radius.
ES-FEAT-FINANCIAL-014,marketplace payments,Financial operations,ES-FEAT-PLATFORM-001;ES-FEAT-FINANCIAL-001;ES-FEAT-IDENTITY-001;ES-FEAT-RELATIONSHIP-001;ES-FEAT-COMMUNICATIONS-001;ES-FEAT-TASKS-001,,6,0,NO,NO,RETAINED_GAP_ONLY,YES,DOC-SUP-PIA-09-FINANCIAL-OPERATIONS; Founder disposition required before adoption or activation,Implementation design or discovery required under separate authority,"AUTHORIZATION;DATA;SOFT_PLANNING_INFERENCE relationship inferred from domain shell, identity, relationship, communications, and task hubs; not an empirically verified runtime blast radius.",STRONGLY_INFERRED,AUTHORIZATION;DATA;SOFT_PLANNING_INFERENCE,Architecture-wide shell/root counts are planning relationships and not empirically verified runtime blast radius.
ES-FEAT-FINANCIAL-015,taxes,Financial operations,ES-FEAT-PLATFORM-001;ES-FEAT-FINANCIAL-001;ES-FEAT-IDENTITY-001;ES-FEAT-RELATIONSHIP-001;ES-FEAT-COMMUNICATIONS-001;ES-FEAT-TASKS-001,,6,0,NO,NO,RETAINED_GAP_ONLY,YES,DOC-SUP-PIA-09-FINANCIAL-OPERATIONS; Founder disposition required before adoption or activation,Implementation design or discovery required under separate authority,"AUTHORIZATION;DATA;SOFT_PLANNING_INFERENCE relationship inferred from domain shell, identity, relationship, communications, and task hubs; not an empirically verified runtime blast radius.",STRONGLY_INFERRED,AUTHORIZATION;DATA;SOFT_PLANNING_INFERENCE,Architecture-wide shell/root counts are planning relationships and not empirically verified runtime blast radius.
ES-FEAT-FINANCIAL-016,accounting export,Financial operations,ES-FEAT-PLATFORM-001;ES-FEAT-FINANCIAL-001;ES-FEAT-IDENTITY-001;ES-FEAT-RELATIONSHIP-001;ES-FEAT-COMMUNICATIONS-001;ES-FEAT-TASKS-001,,6,0,NO,NO,YES,YES,DOC-SUP-PIA-09-FINANCIAL-OPERATIONS; Founder disposition required before adoption or activation,"Behavioral repository verification, test execution, and runtime evidence require separate authorization","AUTHORIZATION;DATA;SOFT_PLANNING_INFERENCE relationship inferred from domain shell, identity, relationship, communications, and task hubs; not an empirically verified runtime blast radius.",STRONGLY_INFERRED,AUTHORIZATION;DATA;SOFT_PLANNING_INFERENCE,Architecture-wide shell/root counts are planning relationships and not empirically verified runtime blast radius.
ES-FEAT-FINANCIAL-017,financial reporting (Financial operations),Financial operations,ES-FEAT-PLATFORM-001;ES-FEAT-FINANCIAL-001;ES-FEAT-IDENTITY-001;ES-FEAT-RELATIONSHIP-001;ES-FEAT-COMMUNICATIONS-001;ES-FEAT-TASKS-001,,6,0,NO,NO,RETAINED_GAP_ONLY,YES,NO_NEW_DOCUMENT_REQUIRED; Founder disposition required before adoption or activation,"Behavioral repository verification, test execution, and runtime evidence require separate authorization","AUTHORIZATION;DATA;SOFT_PLANNING_INFERENCE relationship inferred from domain shell, identity, relationship, communications, and task hubs; not an empirically verified runtime blast radius.",STRONGLY_INFERRED,AUTHORIZATION;DATA;SOFT_PLANNING_INFERENCE,Architecture-wide shell/root counts are planning relationships and not empirically verified runtime blast radius.
ES-FEAT-FINANCIAL-018,evidence and reconciliation,Financial operations,ES-FEAT-PLATFORM-001;ES-FEAT-FINANCIAL-001;ES-FEAT-IDENTITY-001;ES-FEAT-RELATIONSHIP-001;ES-FEAT-COMMUNICATIONS-001;ES-FEAT-TASKS-001,,6,0,NO,NO,YES,YES,DOC-SUP-PIA-09-FINANCIAL-OPERATIONS; Founder disposition required before adoption or activation,"Behavioral repository verification, test execution, and runtime evidence require separate authorization","AUTHORIZATION;DATA;SOFT_PLANNING_INFERENCE relationship inferred from domain shell, identity, relationship, communications, and task hubs; not an empirically verified runtime blast radius.",STRONGLY_INFERRED,AUTHORIZATION;DATA;SOFT_PLANNING_INFERENCE,Architecture-wide shell/root counts are planning relationships and not empirically verified runtime blast radius.
ES-FEAT-FINANCIAL-019,owner-visible projections,Financial operations,ES-FEAT-PLATFORM-001;ES-FEAT-FINANCIAL-001;ES-FEAT-IDENTITY-001;ES-FEAT-RELATIONSHIP-001;ES-FEAT-COMMUNICATIONS-001;ES-FEAT-TASKS-001;ES-FEAT-HORSE-001,,7,0,NO,NO,YES,YES,DOC-SUP-PIA-09-FINANCIAL-OPERATIONS; Founder disposition required before adoption or activation,"Behavioral repository verification, test execution, and runtime evidence require separate authorization","AUTHORIZATION;DATA;SOFT_PLANNING_INFERENCE relationship inferred from domain shell, identity, relationship, communications, and task hubs; not an empirically verified runtime blast radius.",STRONGLY_INFERRED,AUTHORIZATION;DATA;SOFT_PLANNING_INFERENCE,Architecture-wide shell/root counts are planning relationships and not empirically verified runtime blast radius.
ES-FEAT-INVENTORY-001,feed inventory,Inventory and assets,ES-FEAT-PLATFORM-001,ES-FEAT-INVENTORY-002;ES-FEAT-INVENTORY-003;ES-FEAT-INVENTORY-004;ES-FEAT-INVENTORY-005;ES-FEAT-INVENTORY-006;ES-FEAT-INVENTORY-007;ES-FEAT-INVENTORY-008;ES-FEAT-INVENTORY-009;ES-FEAT-INVENTORY-010;ES-FEAT-INVENTORY-011;ES-FEAT-INVENTORY-012;ES-FEAT-INVENTORY-013,1,12,NO,NO,YES,YES,DOC-SUP-PIA-07-INVENTORY-ASSETS; Founder disposition required before adoption or activation,"Behavioral repository verification, test execution, and runtime evidence require separate authorization","AUTHORIZATION;DATA;SOFT_PLANNING_INFERENCE relationship inferred from domain shell, identity, relationship, communications, and task hubs; not an empirically verified runtime blast radius.",STRONGLY_INFERRED,AUTHORIZATION;DATA;SOFT_PLANNING_INFERENCE,Architecture-wide shell/root counts are planning relationships and not empirically verified runtime blast radius.
ES-FEAT-INVENTORY-002,medication supplies,Inventory and assets,ES-FEAT-PLATFORM-001;ES-FEAT-INVENTORY-001;ES-FEAT-IDENTITY-001;ES-FEAT-RELATIONSHIP-001;ES-FEAT-COMMUNICATIONS-001;ES-FEAT-TASKS-001;ES-FEAT-HORSE-001;ES-FEAT-CARE-001,,8,0,NO,NO,YES,YES,DOC-SUP-PIA-07-INVENTORY-ASSETS; Founder disposition required before adoption or activation,"Behavioral repository verification, test execution, and runtime evidence require separate authorization","AUTHORIZATION;DATA;SOFT_PLANNING_INFERENCE relationship inferred from domain shell, identity, relationship, communications, and task hubs; not an empirically verified runtime blast radius.",STRONGLY_INFERRED,AUTHORIZATION;DATA;SOFT_PLANNING_INFERENCE,Architecture-wide shell/root counts are planning relationships and not empirically verified runtime blast radius.
ES-FEAT-INVENTORY-003,equipment,Inventory and assets,ES-FEAT-PLATFORM-001;ES-FEAT-INVENTORY-001;ES-FEAT-IDENTITY-001;ES-FEAT-RELATIONSHIP-001;ES-FEAT-COMMUNICATIONS-001;ES-FEAT-TASKS-001;ES-FEAT-HORSE-001;ES-FEAT-CARE-001,,8,0,NO,NO,YES,YES,DOC-SUP-PIA-07-INVENTORY-ASSETS; Founder disposition required before adoption or activation,"Behavioral repository verification, test execution, and runtime evidence require separate authorization","AUTHORIZATION;DATA;SOFT_PLANNING_INFERENCE relationship inferred from domain shell, identity, relationship, communications, and task hubs; not an empirically verified runtime blast radius.",STRONGLY_INFERRED,AUTHORIZATION;DATA;SOFT_PLANNING_INFERENCE,Architecture-wide shell/root counts are planning relationships and not empirically verified runtime blast radius.
ES-FEAT-INVENTORY-004,tack,Inventory and assets,ES-FEAT-PLATFORM-001;ES-FEAT-INVENTORY-001;ES-FEAT-IDENTITY-001;ES-FEAT-RELATIONSHIP-001;ES-FEAT-COMMUNICATIONS-001;ES-FEAT-TASKS-001;ES-FEAT-HORSE-001;ES-FEAT-CARE-001,,8,0,NO,NO,YES,YES,DOC-SUP-PIA-07-INVENTORY-ASSETS; Founder disposition required before adoption or activation,"Behavioral repository verification, test execution, and runtime evidence require separate authorization","AUTHORIZATION;DATA;SOFT_PLANNING_INFERENCE relationship inferred from domain shell, identity, relationship, communications, and task hubs; not an empirically verified runtime blast radius.",STRONGLY_INFERRED,AUTHORIZATION;DATA;SOFT_PLANNING_INFERENCE,Architecture-wide shell/root counts are planning relationships and not empirically verified runtime blast radius.
ES-FEAT-INVENTORY-005,lots,Inventory and assets,ES-FEAT-PLATFORM-001;ES-FEAT-INVENTORY-001;ES-FEAT-IDENTITY-001;ES-FEAT-RELATIONSHIP-001;ES-FEAT-COMMUNICATIONS-001;ES-FEAT-TASKS-001;ES-FEAT-HORSE-001;ES-FEAT-CARE-001,,8,0,NO,NO,YES,YES,DOC-SUP-PIA-07-INVENTORY-ASSETS; Founder disposition required before adoption or activation,"Behavioral repository verification, test execution, and runtime evidence require separate authorization","AUTHORIZATION;DATA;SOFT_PLANNING_INFERENCE relationship inferred from domain shell, identity, relationship, communications, and task hubs; not an empirically verified runtime blast radius.",STRONGLY_INFERRED,AUTHORIZATION;DATA;SOFT_PLANNING_INFERENCE,Architecture-wide shell/root counts are planning relationships and not empirically verified runtime blast radius.
ES-FEAT-INVENTORY-006,expiration (Inventory),Inventory and assets,ES-FEAT-PLATFORM-001;ES-FEAT-INVENTORY-001;ES-FEAT-IDENTITY-001;ES-FEAT-RELATIONSHIP-001;ES-FEAT-COMMUNICATIONS-001;ES-FEAT-TASKS-001;ES-FEAT-HORSE-001;ES-FEAT-CARE-001,,8,0,NO,NO,YES,YES,DOC-SUP-PIA-07-INVENTORY-ASSETS; Founder disposition required before adoption or activation,"Behavioral repository verification, test execution, and runtime evidence require separate authorization","AUTHORIZATION;DATA;SOFT_PLANNING_INFERENCE relationship inferred from domain shell, identity, relationship, communications, and task hubs; not an empirically verified runtime blast radius.",STRONGLY_INFERRED,AUTHORIZATION;DATA;SOFT_PLANNING_INFERENCE,Architecture-wide shell/root counts are planning relationships and not empirically verified runtime blast radius.
ES-FEAT-INVENTORY-007,purchasing,Inventory and assets,ES-FEAT-PLATFORM-001;ES-FEAT-INVENTORY-001;ES-FEAT-IDENTITY-001;ES-FEAT-RELATIONSHIP-001;ES-FEAT-COMMUNICATIONS-001;ES-FEAT-TASKS-001;ES-FEAT-HORSE-001;ES-FEAT-CARE-001,,8,0,NO,NO,YES,YES,DOC-SUP-PIA-07-INVENTORY-ASSETS; Founder disposition required before adoption or activation,"Behavioral repository verification, test execution, and runtime evidence require separate authorization","AUTHORIZATION;DATA;SOFT_PLANNING_INFERENCE relationship inferred from domain shell, identity, relationship, communications, and task hubs; not an empirically verified runtime blast radius.",STRONGLY_INFERRED,AUTHORIZATION;DATA;SOFT_PLANNING_INFERENCE,Architecture-wide shell/root counts are planning relationships and not empirically verified runtime blast radius.
ES-FEAT-INVENTORY-008,receiving,Inventory and assets,ES-FEAT-PLATFORM-001;ES-FEAT-INVENTORY-001;ES-FEAT-IDENTITY-001;ES-FEAT-RELATIONSHIP-001;ES-FEAT-COMMUNICATIONS-001;ES-FEAT-TASKS-001;ES-FEAT-HORSE-001;ES-FEAT-CARE-001,,8,0,NO,NO,YES,YES,DOC-SUP-PIA-07-INVENTORY-ASSETS; Founder disposition required before adoption or activation,"Behavioral repository verification, test execution, and runtime evidence require separate authorization","AUTHORIZATION;DATA;SOFT_PLANNING_INFERENCE relationship inferred from domain shell, identity, relationship, communications, and task hubs; not an empirically verified runtime blast radius.",STRONGLY_INFERRED,AUTHORIZATION;DATA;SOFT_PLANNING_INFERENCE,Architecture-wide shell/root counts are planning relationships and not empirically verified runtime blast radius.
ES-FEAT-INVENTORY-009,usage,Inventory and assets,ES-FEAT-PLATFORM-001;ES-FEAT-INVENTORY-001;ES-FEAT-IDENTITY-001;ES-FEAT-RELATIONSHIP-001;ES-FEAT-COMMUNICATIONS-001;ES-FEAT-TASKS-001;ES-FEAT-HORSE-001;ES-FEAT-CARE-001,,8,0,NO,NO,YES,YES,DOC-SUP-PIA-07-INVENTORY-ASSETS; Founder disposition required before adoption or activation,"Behavioral repository verification, test execution, and runtime evidence require separate authorization","AUTHORIZATION;DATA;SOFT_PLANNING_INFERENCE relationship inferred from domain shell, identity, relationship, communications, and task hubs; not an empirically verified runtime blast radius.",STRONGLY_INFERRED,AUTHORIZATION;DATA;SOFT_PLANNING_INFERENCE,Architecture-wide shell/root counts are planning relationships and not empirically verified runtime blast radius.
ES-FEAT-INVENTORY-010,waste,Inventory and assets,ES-FEAT-PLATFORM-001;ES-FEAT-INVENTORY-001;ES-FEAT-IDENTITY-001;ES-FEAT-RELATIONSHIP-001;ES-FEAT-COMMUNICATIONS-001;ES-FEAT-TASKS-001;ES-FEAT-HORSE-001;ES-FEAT-CARE-001,,8,0,NO,NO,YES,YES,DOC-SUP-PIA-07-INVENTORY-ASSETS; Founder disposition required before adoption or activation,"Behavioral repository verification, test execution, and runtime evidence require separate authorization","AUTHORIZATION;DATA;SOFT_PLANNING_INFERENCE relationship inferred from domain shell, identity, relationship, communications, and task hubs; not an empirically verified runtime blast radius.",STRONGLY_INFERRED,AUTHORIZATION;DATA;SOFT_PLANNING_INFERENCE,Architecture-wide shell/root counts are planning relationships and not empirically verified runtime blast radius.
ES-FEAT-INVENTORY-011,reordering,Inventory and assets,ES-FEAT-PLATFORM-001;ES-FEAT-INVENTORY-001;ES-FEAT-IDENTITY-001;ES-FEAT-RELATIONSHIP-001;ES-FEAT-COMMUNICATIONS-001;ES-FEAT-TASKS-001;ES-FEAT-HORSE-001;ES-FEAT-CARE-001,,8,0,NO,NO,YES,YES,DOC-SUP-PIA-07-INVENTORY-ASSETS; Founder disposition required before adoption or activation,"Behavioral repository verification, test execution, and runtime evidence require separate authorization","AUTHORIZATION;DATA;SOFT_PLANNING_INFERENCE relationship inferred from domain shell, identity, relationship, communications, and task hubs; not an empirically verified runtime blast radius.",STRONGLY_INFERRED,AUTHORIZATION;DATA;SOFT_PLANNING_INFERENCE,Architecture-wide shell/root counts are planning relationships and not empirically verified runtime blast radius.
ES-FEAT-INVENTORY-012,vendor records,Inventory and assets,ES-FEAT-PLATFORM-001;ES-FEAT-INVENTORY-001;ES-FEAT-IDENTITY-001;ES-FEAT-RELATIONSHIP-001;ES-FEAT-COMMUNICATIONS-001;ES-FEAT-TASKS-001;ES-FEAT-HORSE-001;ES-FEAT-CARE-001,,8,0,NO,NO,YES,YES,DOC-SUP-PIA-07-INVENTORY-ASSETS; Founder disposition required before adoption or activation,"Behavioral repository verification, test execution, and runtime evidence require separate authorization","AUTHORIZATION;DATA;SOFT_PLANNING_INFERENCE relationship inferred from domain shell, identity, relationship, communications, and task hubs; not an empirically verified runtime blast radius.",STRONGLY_INFERRED,AUTHORIZATION;DATA;SOFT_PLANNING_INFERENCE,Architecture-wide shell/root counts are planning relationships and not empirically verified runtime blast radius.
ES-FEAT-INVENTORY-013,AI-assisted identification,Inventory and assets,ES-FEAT-PLATFORM-001;ES-FEAT-INVENTORY-001;ES-FEAT-IDENTITY-001;ES-FEAT-RELATIONSHIP-001;ES-FEAT-COMMUNICATIONS-001;ES-FEAT-TASKS-001;ES-FEAT-HORSE-001;ES-FEAT-CARE-001,,8,0,NO,NO,YES,YES,DOC-SUP-PIA-07-INVENTORY-ASSETS; Founder disposition required before adoption or activation,"Behavioral repository verification, test execution, and runtime evidence require separate authorization","AUTHORIZATION;DATA;SOFT_PLANNING_INFERENCE relationship inferred from domain shell, identity, relationship, communications, and task hubs; not an empirically verified runtime blast radius.",STRONGLY_INFERRED,AUTHORIZATION;DATA;SOFT_PLANNING_INFERENCE,Architecture-wide shell/root counts are planning relationships and not empirically verified runtime blast radius.
ES-FEAT-INCIDENT-001,rider injury,"Incidents, emergency, welfare, and biosecurity",ES-FEAT-PLATFORM-001,ES-FEAT-INCIDENT-002;ES-FEAT-INCIDENT-003;ES-FEAT-INCIDENT-004;ES-FEAT-INCIDENT-005;ES-FEAT-INCIDENT-006;ES-FEAT-INCIDENT-007;ES-FEAT-INCIDENT-008;ES-FEAT-INCIDENT-009;ES-FEAT-INCIDENT-010;ES-FEAT-INCIDENT-011;ES-FEAT-INCIDENT-012;ES-FEAT-INCIDENT-013;ES-FEAT-INCIDENT-014,1,13,NO,NO,YES,YES,DOC-OPS-INCIDENT-WELFARE-BIOSECURITY; Founder disposition required before adoption or activation,"Behavioral repository verification, test execution, and runtime evidence require separate authorization","AUTHORIZATION;DATA;SOFT_PLANNING_INFERENCE relationship inferred from domain shell, identity, relationship, communications, and task hubs; not an empirically verified runtime blast radius.",STRONGLY_INFERRED,AUTHORIZATION;DATA;SOFT_PLANNING_INFERENCE,Architecture-wide shell/root counts are planning relationships and not empirically verified runtime blast radius.
ES-FEAT-INCIDENT-002,staff injury,"Incidents, emergency, welfare, and biosecurity",ES-FEAT-PLATFORM-001;ES-FEAT-INCIDENT-001;ES-FEAT-IDENTITY-001;ES-FEAT-RELATIONSHIP-001;ES-FEAT-COMMUNICATIONS-001;ES-FEAT-TASKS-001;ES-FEAT-HORSE-001;ES-FEAT-CARE-001,,8,0,NO,NO,YES,YES,DOC-OPS-INCIDENT-WELFARE-BIOSECURITY; Founder disposition required before adoption or activation,"Behavioral repository verification, test execution, and runtime evidence require separate authorization","AUTHORIZATION;DATA;SOFT_PLANNING_INFERENCE relationship inferred from domain shell, identity, relationship, communications, and task hubs; not an empirically verified runtime blast radius.",STRONGLY_INFERRED,AUTHORIZATION;DATA;SOFT_PLANNING_INFERENCE,Architecture-wide shell/root counts are planning relationships and not empirically verified runtime blast radius.
ES-FEAT-INCIDENT-003,horse injury,"Incidents, emergency, welfare, and biosecurity",ES-FEAT-PLATFORM-001;ES-FEAT-INCIDENT-001;ES-FEAT-IDENTITY-001;ES-FEAT-RELATIONSHIP-001;ES-FEAT-COMMUNICATIONS-001;ES-FEAT-TASKS-001;ES-FEAT-HORSE-001;ES-FEAT-CARE-001,,8,0,NO,NO,YES,YES,DOC-OPS-INCIDENT-WELFARE-BIOSECURITY; Founder disposition required before adoption or activation,"Behavioral repository verification, test execution, and runtime evidence require separate authorization","AUTHORIZATION;DATA;SOFT_PLANNING_INFERENCE relationship inferred from domain shell, identity, relationship, communications, and task hubs; not an empirically verified runtime blast radius.",STRONGLY_INFERRED,AUTHORIZATION;DATA;SOFT_PLANNING_INFERENCE,Architecture-wide shell/root counts are planning relationships and not empirically verified runtime blast radius.
ES-FEAT-INCIDENT-004,medication error,"Incidents, emergency, welfare, and biosecurity",ES-FEAT-PLATFORM-001;ES-FEAT-INCIDENT-001;ES-FEAT-IDENTITY-001;ES-FEAT-RELATIONSHIP-001;ES-FEAT-COMMUNICATIONS-001;ES-FEAT-TASKS-001;ES-FEAT-HORSE-001;ES-FEAT-CARE-001,,8,0,NO,NO,YES,YES,DOC-OPS-INCIDENT-WELFARE-BIOSECURITY; Founder disposition required before adoption or activation,"Behavioral repository verification, test execution, and runtime evidence require separate authorization","AUTHORIZATION;DATA;SOFT_PLANNING_INFERENCE relationship inferred from domain shell, identity, relationship, communications, and task hubs; not an empirically verified runtime blast radius.",STRONGLY_INFERRED,AUTHORIZATION;DATA;SOFT_PLANNING_INFERENCE,Architecture-wide shell/root counts are planning relationships and not empirically verified runtime blast radius.
ES-FEAT-INCIDENT-005,loose horse,"Incidents, emergency, welfare, and biosecurity",ES-FEAT-PLATFORM-001;ES-FEAT-INCIDENT-001;ES-FEAT-IDENTITY-001;ES-FEAT-RELATIONSHIP-001;ES-FEAT-COMMUNICATIONS-001;ES-FEAT-TASKS-001;ES-FEAT-HORSE-001;ES-FEAT-CARE-001,,8,0,NO,NO,YES,YES,DOC-OPS-INCIDENT-WELFARE-BIOSECURITY; Founder disposition required before adoption or activation,"Behavioral repository verification, test execution, and runtime evidence require separate authorization","AUTHORIZATION;DATA;SOFT_PLANNING_INFERENCE relationship inferred from domain shell, identity, relationship, communications, and task hubs; not an empirically verified runtime blast radius.",STRONGLY_INFERRED,AUTHORIZATION;DATA;SOFT_PLANNING_INFERENCE,Architecture-wide shell/root counts are planning relationships and not empirically verified runtime blast radius.
ES-FEAT-INCIDENT-006,fire,"Incidents, emergency, welfare, and biosecurity",ES-FEAT-PLATFORM-001;ES-FEAT-INCIDENT-001;ES-FEAT-IDENTITY-001;ES-FEAT-RELATIONSHIP-001;ES-FEAT-COMMUNICATIONS-001;ES-FEAT-TASKS-001;ES-FEAT-HORSE-001;ES-FEAT-CARE-001,,8,0,NO,NO,YES,YES,DOC-OPS-INCIDENT-WELFARE-BIOSECURITY; Founder disposition required before adoption or activation,"Behavioral repository verification, test execution, and runtime evidence require separate authorization","AUTHORIZATION;DATA;SOFT_PLANNING_INFERENCE relationship inferred from domain shell, identity, relationship, communications, and task hubs; not an empirically verified runtime blast radius.",STRONGLY_INFERRED,AUTHORIZATION;DATA;SOFT_PLANNING_INFERENCE,Architecture-wide shell/root counts are planning relationships and not empirically verified runtime blast radius.
ES-FEAT-INCIDENT-007,weather emergency,"Incidents, emergency, welfare, and biosecurity",ES-FEAT-PLATFORM-001;ES-FEAT-INCIDENT-001;ES-FEAT-IDENTITY-001;ES-FEAT-RELATIONSHIP-001;ES-FEAT-COMMUNICATIONS-001;ES-FEAT-TASKS-001;ES-FEAT-HORSE-001;ES-FEAT-CARE-001,,8,0,NO,NO,YES,YES,DOC-OPS-INCIDENT-WELFARE-BIOSECURITY; Founder disposition required before adoption or activation,"Behavioral repository verification, test execution, and runtime evidence require separate authorization","AUTHORIZATION;DATA;SOFT_PLANNING_INFERENCE relationship inferred from domain shell, identity, relationship, communications, and task hubs; not an empirically verified runtime blast radius.",STRONGLY_INFERRED,AUTHORIZATION;DATA;SOFT_PLANNING_INFERENCE,Architecture-wide shell/root counts are planning relationships and not empirically verified runtime blast radius.
ES-FEAT-INCIDENT-008,disease exposure,"Incidents, emergency, welfare, and biosecurity",ES-FEAT-PLATFORM-001;ES-FEAT-INCIDENT-001;ES-FEAT-IDENTITY-001;ES-FEAT-RELATIONSHIP-001;ES-FEAT-COMMUNICATIONS-001;ES-FEAT-TASKS-001;ES-FEAT-HORSE-001;ES-FEAT-CARE-001,,8,0,NO,NO,YES,YES,DOC-OPS-INCIDENT-WELFARE-BIOSECURITY; Founder disposition required before adoption or activation,"Behavioral repository verification, test execution, and runtime evidence require separate authorization","AUTHORIZATION;DATA;SOFT_PLANNING_INFERENCE relationship inferred from domain shell, identity, relationship, communications, and task hubs; not an empirically verified runtime blast radius.",STRONGLY_INFERRED,AUTHORIZATION;DATA;SOFT_PLANNING_INFERENCE,Architecture-wide shell/root counts are planning relationships and not empirically verified runtime blast radius.
ES-FEAT-INCIDENT-009,quarantine,"Incidents, emergency, welfare, and biosecurity",ES-FEAT-PLATFORM-001;ES-FEAT-INCIDENT-001;ES-FEAT-IDENTITY-001;ES-FEAT-RELATIONSHIP-001;ES-FEAT-COMMUNICATIONS-001;ES-FEAT-TASKS-001;ES-FEAT-HORSE-001;ES-FEAT-CARE-001,,8,0,NO,NO,YES,YES,DOC-OPS-INCIDENT-WELFARE-BIOSECURITY; Founder disposition required before adoption or activation,"Behavioral repository verification, test execution, and runtime evidence require separate authorization","AUTHORIZATION;DATA;SOFT_PLANNING_INFERENCE relationship inferred from domain shell, identity, relationship, communications, and task hubs; not an empirically verified runtime blast radius.",STRONGLY_INFERRED,AUTHORIZATION;DATA;SOFT_PLANNING_INFERENCE,Architecture-wide shell/root counts are planning relationships and not empirically verified runtime blast radius.
ES-FEAT-INCIDENT-010,safeguarding incident,"Incidents, emergency, welfare, and biosecurity",ES-FEAT-PLATFORM-001;ES-FEAT-INCIDENT-001;ES-FEAT-IDENTITY-001;ES-FEAT-RELATIONSHIP-001;ES-FEAT-COMMUNICATIONS-001;ES-FEAT-TASKS-001;ES-FEAT-HORSE-001;ES-FEAT-CARE-001,,8,0,NO,NO,YES,YES,DOC-OPS-INCIDENT-WELFARE-BIOSECURITY; Founder disposition required before adoption or activation,"Behavioral repository verification, test execution, and runtime evidence require separate authorization","AUTHORIZATION;DATA;SOFT_PLANNING_INFERENCE relationship inferred from domain shell, identity, relationship, communications, and task hubs; not an empirically verified runtime blast radius.",STRONGLY_INFERRED,AUTHORIZATION;DATA;SOFT_PLANNING_INFERENCE,Architecture-wide shell/root counts are planning relationships and not empirically verified runtime blast radius.
ES-FEAT-INCIDENT-011,emergency contacts,"Incidents, emergency, welfare, and biosecurity",ES-FEAT-PLATFORM-001;ES-FEAT-INCIDENT-001;ES-FEAT-IDENTITY-001;ES-FEAT-RELATIONSHIP-001;ES-FEAT-COMMUNICATIONS-001;ES-FEAT-TASKS-001;ES-FEAT-HORSE-001;ES-FEAT-CARE-001,,8,0,NO,NO,YES,YES,DOC-OPS-INCIDENT-WELFARE-BIOSECURITY; Founder disposition required before adoption or activation,"Behavioral repository verification, test execution, and runtime evidence require separate authorization","AUTHORIZATION;DATA;SOFT_PLANNING_INFERENCE relationship inferred from domain shell, identity, relationship, communications, and task hubs; not an empirically verified runtime blast radius.",STRONGLY_INFERRED,AUTHORIZATION;DATA;SOFT_PLANNING_INFERENCE,Architecture-wide shell/root counts are planning relationships and not empirically verified runtime blast radius.
ES-FEAT-INCIDENT-012,escalation (Incidents),"Incidents, emergency, welfare, and biosecurity",ES-FEAT-PLATFORM-001;ES-FEAT-INCIDENT-001;ES-FEAT-IDENTITY-001;ES-FEAT-RELATIONSHIP-001;ES-FEAT-COMMUNICATIONS-001;ES-FEAT-TASKS-001;ES-FEAT-HORSE-001;ES-FEAT-CARE-001,,8,0,NO,NO,YES,YES,DOC-OPS-INCIDENT-WELFARE-BIOSECURITY; Founder disposition required before adoption or activation,"Behavioral repository verification, test execution, and runtime evidence require separate authorization","AUTHORIZATION;DATA;SOFT_PLANNING_INFERENCE relationship inferred from domain shell, identity, relationship, communications, and task hubs; not an empirically verified runtime blast radius.",STRONGLY_INFERRED,AUTHORIZATION;DATA;SOFT_PLANNING_INFERENCE,Architecture-wide shell/root counts are planning relationships and not empirically verified runtime blast radius.
ES-FEAT-INCIDENT-013,evidence preservation,"Incidents, emergency, welfare, and biosecurity",ES-FEAT-PLATFORM-001;ES-FEAT-INCIDENT-001;ES-FEAT-IDENTITY-001;ES-FEAT-RELATIONSHIP-001;ES-FEAT-COMMUNICATIONS-001;ES-FEAT-TASKS-001;ES-FEAT-HORSE-001;ES-FEAT-CARE-001,,8,0,NO,NO,YES,YES,DOC-OPS-INCIDENT-WELFARE-BIOSECURITY; Founder disposition required before adoption or activation,"Behavioral repository verification, test execution, and runtime evidence require separate authorization","AUTHORIZATION;DATA;SOFT_PLANNING_INFERENCE relationship inferred from domain shell, identity, relationship, communications, and task hubs; not an empirically verified runtime blast radius.",STRONGLY_INFERRED,AUTHORIZATION;DATA;SOFT_PLANNING_INFERENCE,Architecture-wide shell/root counts are planning relationships and not empirically verified runtime blast radius.
ES-FEAT-INCIDENT-014,regulatory reporting,"Incidents, emergency, welfare, and biosecurity",ES-FEAT-PLATFORM-001;ES-FEAT-INCIDENT-001;ES-FEAT-IDENTITY-001;ES-FEAT-RELATIONSHIP-001;ES-FEAT-COMMUNICATIONS-001;ES-FEAT-TASKS-001;ES-FEAT-HORSE-001;ES-FEAT-CARE-001,,8,0,NO,NO,YES,YES,DOC-OPS-INCIDENT-WELFARE-BIOSECURITY; Founder disposition required before adoption or activation,"Behavioral repository verification, test execution, and runtime evidence require separate authorization","AUTHORIZATION;DATA;SOFT_PLANNING_INFERENCE relationship inferred from domain shell, identity, relationship, communications, and task hubs; not an empirically verified runtime blast radius.",STRONGLY_INFERRED,AUTHORIZATION;DATA;SOFT_PLANNING_INFERENCE,Architecture-wide shell/root counts are planning relationships and not empirically verified runtime blast radius.
ES-FEAT-EVENTS-001,event templates,"Shows, events, travel, and transport",ES-FEAT-PLATFORM-001,ES-FEAT-EVENTS-002;ES-FEAT-EVENTS-003;ES-FEAT-EVENTS-004;ES-FEAT-EVENTS-005;ES-FEAT-EVENTS-006;ES-FEAT-EVENTS-007;ES-FEAT-EVENTS-008;ES-FEAT-EVENTS-009;ES-FEAT-EVENTS-010;ES-FEAT-EVENTS-011;ES-FEAT-EVENTS-012;ES-FEAT-EVENTS-013;ES-FEAT-EVENTS-014,1,13,NO,NO,YES,YES,DOC-SUP-PIA-08-EVENTS-TRAVEL; Founder disposition required before adoption or activation,"Behavioral repository verification, test execution, and runtime evidence require separate authorization","AUTHORIZATION;DATA;SOFT_PLANNING_INFERENCE relationship inferred from domain shell, identity, relationship, communications, and task hubs; not an empirically verified runtime blast radius.",STRONGLY_INFERRED,AUTHORIZATION;DATA;SOFT_PLANNING_INFERENCE,Architecture-wide shell/root counts are planning relationships and not empirically verified runtime blast radius.
ES-FEAT-EVENTS-002,entries,"Shows, events, travel, and transport",ES-FEAT-PLATFORM-001;ES-FEAT-EVENTS-001;ES-FEAT-IDENTITY-001;ES-FEAT-RELATIONSHIP-001;ES-FEAT-FINANCIAL-001;ES-FEAT-COMMUNICATIONS-001;ES-FEAT-TASKS-001;ES-FEAT-HORSE-001,,8,0,NO,NO,YES,YES,DOC-SUP-PIA-08-EVENTS-TRAVEL; Founder disposition required before adoption or activation,"Behavioral repository verification, test execution, and runtime evidence require separate authorization","AUTHORIZATION;DATA;SOFT_PLANNING_INFERENCE relationship inferred from domain shell, identity, relationship, communications, and task hubs; not an empirically verified runtime blast radius.",STRONGLY_INFERRED,AUTHORIZATION;DATA;SOFT_PLANNING_INFERENCE,Architecture-wide shell/root counts are planning relationships and not empirically verified runtime blast radius.
ES-FEAT-EVENTS-003,divisions and classes,"Shows, events, travel, and transport",ES-FEAT-PLATFORM-001;ES-FEAT-EVENTS-001;ES-FEAT-IDENTITY-001;ES-FEAT-RELATIONSHIP-001;ES-FEAT-FINANCIAL-001;ES-FEAT-COMMUNICATIONS-001;ES-FEAT-TASKS-001;ES-FEAT-HORSE-001,,8,0,NO,NO,YES,YES,DOC-SUP-PIA-08-EVENTS-TRAVEL; Founder disposition required before adoption or activation,"Behavioral repository verification, test execution, and runtime evidence require separate authorization","AUTHORIZATION;DATA;SOFT_PLANNING_INFERENCE relationship inferred from domain shell, identity, relationship, communications, and task hubs; not an empirically verified runtime blast radius.",STRONGLY_INFERRED,AUTHORIZATION;DATA;SOFT_PLANNING_INFERENCE,Architecture-wide shell/root counts are planning relationships and not empirically verified runtime blast radius.
ES-FEAT-EVENTS-004,ride times,"Shows, events, travel, and transport",ES-FEAT-PLATFORM-001;ES-FEAT-EVENTS-001;ES-FEAT-IDENTITY-001;ES-FEAT-RELATIONSHIP-001;ES-FEAT-FINANCIAL-001;ES-FEAT-COMMUNICATIONS-001;ES-FEAT-TASKS-001;ES-FEAT-HORSE-001;ES-FEAT-CARE-001,,9,0,NO,NO,YES,YES,DOC-SUP-PIA-08-EVENTS-TRAVEL; Founder disposition required before adoption or activation,"Behavioral repository verification, test execution, and runtime evidence require separate authorization","AUTHORIZATION;DATA;SOFT_PLANNING_INFERENCE relationship inferred from domain shell, identity, relationship, communications, and task hubs; not an empirically verified runtime blast radius.",STRONGLY_INFERRED,AUTHORIZATION;DATA;SOFT_PLANNING_INFERENCE,Architecture-wide shell/root counts are planning relationships and not empirically verified runtime blast radius.
ES-FEAT-EVENTS-005,group itineraries,"Shows, events, travel, and transport",ES-FEAT-PLATFORM-001;ES-FEAT-EVENTS-001;ES-FEAT-IDENTITY-001;ES-FEAT-RELATIONSHIP-001;ES-FEAT-FINANCIAL-001;ES-FEAT-COMMUNICATIONS-001;ES-FEAT-TASKS-001;ES-FEAT-HORSE-001,,8,0,NO,NO,YES,YES,DOC-SUP-PIA-08-EVENTS-TRAVEL; Founder disposition required before adoption or activation,"Behavioral repository verification, test execution, and runtime evidence require separate authorization","AUTHORIZATION;DATA;SOFT_PLANNING_INFERENCE relationship inferred from domain shell, identity, relationship, communications, and task hubs; not an empirically verified runtime blast radius.",STRONGLY_INFERRED,AUTHORIZATION;DATA;SOFT_PLANNING_INFERENCE,Architecture-wide shell/root counts are planning relationships and not empirically verified runtime blast radius.
ES-FEAT-EVENTS-006,horse transport,"Shows, events, travel, and transport",ES-FEAT-PLATFORM-001;ES-FEAT-EVENTS-001;ES-FEAT-IDENTITY-001;ES-FEAT-RELATIONSHIP-001;ES-FEAT-FINANCIAL-001;ES-FEAT-COMMUNICATIONS-001;ES-FEAT-TASKS-001;ES-FEAT-HORSE-001,,8,0,NO,NO,YES,YES,DOC-SUP-PIA-08-EVENTS-TRAVEL; Founder disposition required before adoption or activation,"Behavioral repository verification, test execution, and runtime evidence require separate authorization","AUTHORIZATION;DATA;SOFT_PLANNING_INFERENCE relationship inferred from domain shell, identity, relationship, communications, and task hubs; not an empirically verified runtime blast radius.",STRONGLY_INFERRED,AUTHORIZATION;DATA;SOFT_PLANNING_INFERENCE,Architecture-wide shell/root counts are planning relationships and not empirically verified runtime blast radius.
ES-FEAT-EVENTS-007,rider transport,"Shows, events, travel, and transport",ES-FEAT-PLATFORM-001;ES-FEAT-EVENTS-001;ES-FEAT-IDENTITY-001;ES-FEAT-RELATIONSHIP-001;ES-FEAT-FINANCIAL-001;ES-FEAT-COMMUNICATIONS-001;ES-FEAT-TASKS-001;ES-FEAT-HORSE-001,,8,0,NO,NO,YES,YES,DOC-SUP-PIA-08-EVENTS-TRAVEL; Founder disposition required before adoption or activation,"Behavioral repository verification, test execution, and runtime evidence require separate authorization","AUTHORIZATION;DATA;SOFT_PLANNING_INFERENCE relationship inferred from domain shell, identity, relationship, communications, and task hubs; not an empirically verified runtime blast radius.",STRONGLY_INFERRED,AUTHORIZATION;DATA;SOFT_PLANNING_INFERENCE,Architecture-wide shell/root counts are planning relationships and not empirically verified runtime blast radius.
ES-FEAT-EVENTS-008,minor travel,"Shows, events, travel, and transport",ES-FEAT-PLATFORM-001;ES-FEAT-EVENTS-001;ES-FEAT-IDENTITY-001;ES-FEAT-RELATIONSHIP-001;ES-FEAT-FINANCIAL-001;ES-FEAT-COMMUNICATIONS-001;ES-FEAT-TASKS-001;ES-FEAT-HORSE-001;ES-FEAT-CARE-001,,9,0,NO,NO,YES,YES,DOC-SUP-PIA-08-EVENTS-TRAVEL; Founder disposition required before adoption or activation,"Behavioral repository verification, test execution, and runtime evidence require separate authorization","AUTHORIZATION;DATA;SOFT_PLANNING_INFERENCE relationship inferred from domain shell, identity, relationship, communications, and task hubs; not an empirically verified runtime blast radius.",STRONGLY_INFERRED,AUTHORIZATION;DATA;SOFT_PLANNING_INFERENCE,Architecture-wide shell/root counts are planning relationships and not empirically verified runtime blast radius.
ES-FEAT-EVENTS-009,lodging,"Shows, events, travel, and transport",ES-FEAT-PLATFORM-001;ES-FEAT-EVENTS-001;ES-FEAT-IDENTITY-001;ES-FEAT-RELATIONSHIP-001;ES-FEAT-FINANCIAL-001;ES-FEAT-COMMUNICATIONS-001;ES-FEAT-TASKS-001;ES-FEAT-HORSE-001,,8,0,NO,NO,YES,YES,DOC-SUP-PIA-08-EVENTS-TRAVEL; Founder disposition required before adoption or activation,"Behavioral repository verification, test execution, and runtime evidence require separate authorization","AUTHORIZATION;DATA;SOFT_PLANNING_INFERENCE relationship inferred from domain shell, identity, relationship, communications, and task hubs; not an empirically verified runtime blast radius.",STRONGLY_INFERRED,AUTHORIZATION;DATA;SOFT_PLANNING_INFERENCE,Architecture-wide shell/root counts are planning relationships and not empirically verified runtime blast radius.
ES-FEAT-EVENTS-010,guardian approval,"Shows, events, travel, and transport",ES-FEAT-PLATFORM-001;ES-FEAT-EVENTS-001;ES-FEAT-IDENTITY-001;ES-FEAT-RELATIONSHIP-001;ES-FEAT-FINANCIAL-001;ES-FEAT-COMMUNICATIONS-001;ES-FEAT-TASKS-001;ES-FEAT-HORSE-001,,8,0,NO,NO,YES,YES,DOC-SUP-PIA-08-EVENTS-TRAVEL; Founder disposition required before adoption or activation,"Behavioral repository verification, test execution, and runtime evidence require separate authorization","AUTHORIZATION;DATA;SOFT_PLANNING_INFERENCE relationship inferred from domain shell, identity, relationship, communications, and task hubs; not an empirically verified runtime blast radius.",STRONGLY_INFERRED,AUTHORIZATION;DATA;SOFT_PLANNING_INFERENCE,Architecture-wide shell/root counts are planning relationships and not empirically verified runtime blast radius.
ES-FEAT-EVENTS-011,location sharing,"Shows, events, travel, and transport",ES-FEAT-PLATFORM-001;ES-FEAT-EVENTS-001;ES-FEAT-IDENTITY-001;ES-FEAT-RELATIONSHIP-001;ES-FEAT-FINANCIAL-001;ES-FEAT-COMMUNICATIONS-001;ES-FEAT-TASKS-001;ES-FEAT-HORSE-001,,8,0,NO,NO,YES,YES,DOC-SUP-PIA-08-EVENTS-TRAVEL; Founder disposition required before adoption or activation,"Behavioral repository verification, test execution, and runtime evidence require separate authorization","AUTHORIZATION;DATA;SOFT_PLANNING_INFERENCE relationship inferred from domain shell, identity, relationship, communications, and task hubs; not an empirically verified runtime blast radius.",STRONGLY_INFERRED,AUTHORIZATION;DATA;SOFT_PLANNING_INFERENCE,Architecture-wide shell/root counts are planning relationships and not empirically verified runtime blast radius.
ES-FEAT-EVENTS-012,veterinary documentation,"Shows, events, travel, and transport",ES-FEAT-PLATFORM-001;ES-FEAT-EVENTS-001;ES-FEAT-IDENTITY-001;ES-FEAT-RELATIONSHIP-001;ES-FEAT-FINANCIAL-001;ES-FEAT-COMMUNICATIONS-001;ES-FEAT-TASKS-001;ES-FEAT-HORSE-001,,8,0,NO,NO,YES,YES,DOC-SUP-PIA-08-EVENTS-TRAVEL; Founder disposition required before adoption or activation,"Behavioral repository verification, test execution, and runtime evidence require separate authorization","AUTHORIZATION;DATA;SOFT_PLANNING_INFERENCE relationship inferred from domain shell, identity, relationship, communications, and task hubs; not an empirically verified runtime blast radius.",STRONGLY_INFERRED,AUTHORIZATION;DATA;SOFT_PLANNING_INFERENCE,Architecture-wide shell/root counts are planning relationships and not empirically verified runtime blast radius.
ES-FEAT-EVENTS-013,schedule changes,"Shows, events, travel, and transport",ES-FEAT-PLATFORM-001;ES-FEAT-EVENTS-001;ES-FEAT-IDENTITY-001;ES-FEAT-RELATIONSHIP-001;ES-FEAT-FINANCIAL-001;ES-FEAT-COMMUNICATIONS-001;ES-FEAT-TASKS-001;ES-FEAT-HORSE-001,,8,0,NO,NO,YES,YES,DOC-SUP-PIA-08-EVENTS-TRAVEL; Founder disposition required before adoption or activation,"Behavioral repository verification, test execution, and runtime evidence require separate authorization","AUTHORIZATION;DATA;SOFT_PLANNING_INFERENCE relationship inferred from domain shell, identity, relationship, communications, and task hubs; not an empirically verified runtime blast radius.",STRONGLY_INFERRED,AUTHORIZATION;DATA;SOFT_PLANNING_INFERENCE,Architecture-wide shell/root counts are planning relationships and not empirically verified runtime blast radius.
ES-FEAT-EVENTS-014,cancellation,"Shows, events, travel, and transport",ES-FEAT-PLATFORM-001;ES-FEAT-EVENTS-001;ES-FEAT-IDENTITY-001;ES-FEAT-RELATIONSHIP-001;ES-FEAT-FINANCIAL-001;ES-FEAT-COMMUNICATIONS-001;ES-FEAT-TASKS-001;ES-FEAT-HORSE-001,,8,0,NO,NO,YES,YES,DOC-SUP-PIA-08-EVENTS-TRAVEL; Founder disposition required before adoption or activation,"Behavioral repository verification, test execution, and runtime evidence require separate authorization","AUTHORIZATION;DATA;SOFT_PLANNING_INFERENCE relationship inferred from domain shell, identity, relationship, communications, and task hubs; not an empirically verified runtime blast radius.",STRONGLY_INFERRED,AUTHORIZATION;DATA;SOFT_PLANNING_INFERENCE,Architecture-wide shell/root counts are planning relationships and not empirically verified runtime blast radius.
ES-FEAT-MARKETPLACE-001,provider profiles,"Marketplace, provider network, and community",ES-FEAT-PLATFORM-001,ES-FEAT-MARKETPLACE-002;ES-FEAT-MARKETPLACE-003;ES-FEAT-MARKETPLACE-004;ES-FEAT-MARKETPLACE-005;ES-FEAT-MARKETPLACE-006;ES-FEAT-MARKETPLACE-007;ES-FEAT-MARKETPLACE-008;ES-FEAT-MARKETPLACE-009;ES-FEAT-MARKETPLACE-010;ES-FEAT-MARKETPLACE-011;ES-FEAT-MARKETPLACE-012;ES-FEAT-MARKETPLACE-013;ES-FEAT-MARKETPLACE-014,1,13,NO,NO,YES,YES,DOC-NEW-PIA-MARKETPLACE-PROVIDER-NETWORK-COMMUNITY; Founder disposition required before adoption or activation,"Behavioral repository verification, test execution, and runtime evidence require separate authorization","AUTHORIZATION;DATA;SOFT_PLANNING_INFERENCE relationship inferred from domain shell, identity, relationship, communications, and task hubs; not an empirically verified runtime blast radius.",STRONGLY_INFERRED,AUTHORIZATION;DATA;SOFT_PLANNING_INFERENCE,Architecture-wide shell/root counts are planning relationships and not empirically verified runtime blast radius.
ES-FEAT-MARKETPLACE-002,provider verification,"Marketplace, provider network, and community",ES-FEAT-PLATFORM-001;ES-FEAT-MARKETPLACE-001;ES-FEAT-IDENTITY-001;ES-FEAT-RELATIONSHIP-001;ES-FEAT-FINANCIAL-001;ES-FEAT-COMMUNICATIONS-001;ES-FEAT-TASKS-001;ES-FEAT-CARE-001,,8,0,NO,NO,YES,YES,DOC-NEW-PIA-MARKETPLACE-PROVIDER-NETWORK-COMMUNITY; Founder disposition required before adoption or activation,"Behavioral repository verification, test execution, and runtime evidence require separate authorization","AUTHORIZATION;DATA;SOFT_PLANNING_INFERENCE relationship inferred from domain shell, identity, relationship, communications, and task hubs; not an empirically verified runtime blast radius.",STRONGLY_INFERRED,AUTHORIZATION;DATA;SOFT_PLANNING_INFERENCE,Architecture-wide shell/root counts are planning relationships and not empirically verified runtime blast radius.
ES-FEAT-MARKETPLACE-003,credentials,"Marketplace, provider network, and community",ES-FEAT-PLATFORM-001;ES-FEAT-MARKETPLACE-001;ES-FEAT-IDENTITY-001;ES-FEAT-RELATIONSHIP-001;ES-FEAT-FINANCIAL-001;ES-FEAT-COMMUNICATIONS-001;ES-FEAT-TASKS-001;ES-FEAT-CARE-001,,8,0,NO,NO,YES,YES,DOC-NEW-PIA-MARKETPLACE-PROVIDER-NETWORK-COMMUNITY; Founder disposition required before adoption or activation,"Behavioral repository verification, test execution, and runtime evidence require separate authorization","AUTHORIZATION;DATA;SOFT_PLANNING_INFERENCE relationship inferred from domain shell, identity, relationship, communications, and task hubs; not an empirically verified runtime blast radius.",STRONGLY_INFERRED,AUTHORIZATION;DATA;SOFT_PLANNING_INFERENCE,Architecture-wide shell/root counts are planning relationships and not empirically verified runtime blast radius.
ES-FEAT-MARKETPLACE-004,listings,"Marketplace, provider network, and community",ES-FEAT-PLATFORM-001;ES-FEAT-MARKETPLACE-001;ES-FEAT-IDENTITY-001;ES-FEAT-RELATIONSHIP-001;ES-FEAT-FINANCIAL-001;ES-FEAT-COMMUNICATIONS-001;ES-FEAT-TASKS-001;ES-FEAT-CARE-001,,8,0,NO,NO,YES,YES,DOC-NEW-PIA-MARKETPLACE-PROVIDER-NETWORK-COMMUNITY; Founder disposition required before adoption or activation,"Behavioral repository verification, test execution, and runtime evidence require separate authorization","AUTHORIZATION;DATA;SOFT_PLANNING_INFERENCE relationship inferred from domain shell, identity, relationship, communications, and task hubs; not an empirically verified runtime blast radius.",STRONGLY_INFERRED,AUTHORIZATION;DATA;SOFT_PLANNING_INFERENCE,Architecture-wide shell/root counts are planning relationships and not empirically verified runtime blast radius.
ES-FEAT-MARKETPLACE-005,discovery,"Marketplace, provider network, and community",ES-FEAT-PLATFORM-001;ES-FEAT-MARKETPLACE-001;ES-FEAT-IDENTITY-001;ES-FEAT-RELATIONSHIP-001;ES-FEAT-FINANCIAL-001;ES-FEAT-COMMUNICATIONS-001;ES-FEAT-TASKS-001;ES-FEAT-CARE-001,,8,0,NO,NO,YES,YES,DOC-NEW-PIA-MARKETPLACE-PROVIDER-NETWORK-COMMUNITY; Founder disposition required before adoption or activation,"Behavioral repository verification, test execution, and runtime evidence require separate authorization","AUTHORIZATION;DATA;SOFT_PLANNING_INFERENCE relationship inferred from domain shell, identity, relationship, communications, and task hubs; not an empirically verified runtime blast radius.",STRONGLY_INFERRED,AUTHORIZATION;DATA;SOFT_PLANNING_INFERENCE,Architecture-wide shell/root counts are planning relationships and not empirically verified runtime blast radius.
ES-FEAT-MARKETPLACE-006,search ranking,"Marketplace, provider network, and community",ES-FEAT-PLATFORM-001;ES-FEAT-MARKETPLACE-001;ES-FEAT-IDENTITY-001;ES-FEAT-RELATIONSHIP-001;ES-FEAT-FINANCIAL-001;ES-FEAT-COMMUNICATIONS-001;ES-FEAT-TASKS-001;ES-FEAT-CARE-001,,8,0,NO,NO,YES,YES,DOC-NEW-PIA-MARKETPLACE-PROVIDER-NETWORK-COMMUNITY; Founder disposition required before adoption or activation,"Behavioral repository verification, test execution, and runtime evidence require separate authorization","AUTHORIZATION;DATA;SOFT_PLANNING_INFERENCE relationship inferred from domain shell, identity, relationship, communications, and task hubs; not an empirically verified runtime blast radius.",STRONGLY_INFERRED,AUTHORIZATION;DATA;SOFT_PLANNING_INFERENCE,Architecture-wide shell/root counts are planning relationships and not empirically verified runtime blast radius.
ES-FEAT-MARKETPLACE-007,reviews,"Marketplace, provider network, and community",ES-FEAT-PLATFORM-001;ES-FEAT-MARKETPLACE-001;ES-FEAT-IDENTITY-001;ES-FEAT-RELATIONSHIP-001;ES-FEAT-FINANCIAL-001;ES-FEAT-COMMUNICATIONS-001;ES-FEAT-TASKS-001;ES-FEAT-CARE-001,,8,0,NO,NO,YES,YES,DOC-NEW-PIA-MARKETPLACE-PROVIDER-NETWORK-COMMUNITY; Founder disposition required before adoption or activation,"Behavioral repository verification, test execution, and runtime evidence require separate authorization","AUTHORIZATION;DATA;SOFT_PLANNING_INFERENCE relationship inferred from domain shell, identity, relationship, communications, and task hubs; not an empirically verified runtime blast radius.",STRONGLY_INFERRED,AUTHORIZATION;DATA;SOFT_PLANNING_INFERENCE,Architecture-wide shell/root counts are planning relationships and not empirically verified runtime blast radius.
ES-FEAT-MARKETPLACE-008,referrals,"Marketplace, provider network, and community",ES-FEAT-PLATFORM-001;ES-FEAT-MARKETPLACE-001;ES-FEAT-IDENTITY-001;ES-FEAT-RELATIONSHIP-001;ES-FEAT-FINANCIAL-001;ES-FEAT-COMMUNICATIONS-001;ES-FEAT-TASKS-001;ES-FEAT-CARE-001,,8,0,NO,NO,YES,YES,DOC-NEW-PIA-MARKETPLACE-PROVIDER-NETWORK-COMMUNITY; Founder disposition required before adoption or activation,"Behavioral repository verification, test execution, and runtime evidence require separate authorization","AUTHORIZATION;DATA;SOFT_PLANNING_INFERENCE relationship inferred from domain shell, identity, relationship, communications, and task hubs; not an empirically verified runtime blast radius.",STRONGLY_INFERRED,AUTHORIZATION;DATA;SOFT_PLANNING_INFERENCE,Architecture-wide shell/root counts are planning relationships and not empirically verified runtime blast radius.
ES-FEAT-MARKETPLACE-009,community features,"Marketplace, provider network, and community",ES-FEAT-PLATFORM-001;ES-FEAT-MARKETPLACE-001;ES-FEAT-IDENTITY-001;ES-FEAT-RELATIONSHIP-001;ES-FEAT-FINANCIAL-001;ES-FEAT-COMMUNICATIONS-001;ES-FEAT-TASKS-001;ES-FEAT-CARE-001,,8,0,NO,NO,YES,YES,DOC-NEW-PIA-MARKETPLACE-PROVIDER-NETWORK-COMMUNITY; Founder disposition required before adoption or activation,"Behavioral repository verification, test execution, and runtime evidence require separate authorization","AUTHORIZATION;DATA;SOFT_PLANNING_INFERENCE relationship inferred from domain shell, identity, relationship, communications, and task hubs; not an empirically verified runtime blast radius.",STRONGLY_INFERRED,AUTHORIZATION;DATA;SOFT_PLANNING_INFERENCE,Architecture-wide shell/root counts are planning relationships and not empirically verified runtime blast radius.
ES-FEAT-MARKETPLACE-010,moderation,"Marketplace, provider network, and community",ES-FEAT-PLATFORM-001;ES-FEAT-MARKETPLACE-001;ES-FEAT-IDENTITY-001;ES-FEAT-RELATIONSHIP-001;ES-FEAT-FINANCIAL-001;ES-FEAT-COMMUNICATIONS-001;ES-FEAT-TASKS-001;ES-FEAT-CARE-001,,8,0,NO,NO,YES,YES,DOC-NEW-PIA-MARKETPLACE-PROVIDER-NETWORK-COMMUNITY; Founder disposition required before adoption or activation,"Behavioral repository verification, test execution, and runtime evidence require separate authorization","AUTHORIZATION;DATA;SOFT_PLANNING_INFERENCE relationship inferred from domain shell, identity, relationship, communications, and task hubs; not an empirically verified runtime blast radius.",STRONGLY_INFERRED,AUTHORIZATION;DATA;SOFT_PLANNING_INFERENCE,Architecture-wide shell/root counts are planning relationships and not empirically verified runtime blast radius.
ES-FEAT-MARKETPLACE-011,disputes (Marketplace),"Marketplace, provider network, and community",ES-FEAT-PLATFORM-001;ES-FEAT-MARKETPLACE-001;ES-FEAT-IDENTITY-001;ES-FEAT-RELATIONSHIP-001;ES-FEAT-FINANCIAL-001;ES-FEAT-COMMUNICATIONS-001;ES-FEAT-TASKS-001;ES-FEAT-CARE-001,,8,0,NO,NO,YES,YES,DOC-NEW-PIA-MARKETPLACE-PROVIDER-NETWORK-COMMUNITY; Founder disposition required before adoption or activation,"Behavioral repository verification, test execution, and runtime evidence require separate authorization","AUTHORIZATION;DATA;SOFT_PLANNING_INFERENCE relationship inferred from domain shell, identity, relationship, communications, and task hubs; not an empirically verified runtime blast radius.",STRONGLY_INFERRED,AUTHORIZATION;DATA;SOFT_PLANNING_INFERENCE,Architecture-wide shell/root counts are planning relationships and not empirically verified runtime blast radius.
ES-FEAT-MARKETPLACE-012,bookings,"Marketplace, provider network, and community",ES-FEAT-PLATFORM-001;ES-FEAT-MARKETPLACE-001;ES-FEAT-IDENTITY-001;ES-FEAT-RELATIONSHIP-001;ES-FEAT-FINANCIAL-001;ES-FEAT-COMMUNICATIONS-001;ES-FEAT-TASKS-001;ES-FEAT-CARE-001,,8,0,NO,NO,YES,YES,DOC-NEW-PIA-MARKETPLACE-PROVIDER-NETWORK-COMMUNITY; Founder disposition required before adoption or activation,"Behavioral repository verification, test execution, and runtime evidence require separate authorization","AUTHORIZATION;DATA;SOFT_PLANNING_INFERENCE relationship inferred from domain shell, identity, relationship, communications, and task hubs; not an empirically verified runtime blast radius.",STRONGLY_INFERRED,AUTHORIZATION;DATA;SOFT_PLANNING_INFERENCE,Architecture-wide shell/root counts are planning relationships and not empirically verified runtime blast radius.
ES-FEAT-MARKETPLACE-013,payment responsibilities,"Marketplace, provider network, and community",ES-FEAT-PLATFORM-001;ES-FEAT-MARKETPLACE-001;ES-FEAT-IDENTITY-001;ES-FEAT-RELATIONSHIP-001;ES-FEAT-FINANCIAL-001;ES-FEAT-COMMUNICATIONS-001;ES-FEAT-TASKS-001;ES-FEAT-CARE-001,,8,0,NO,NO,YES,YES,DOC-NEW-PIA-MARKETPLACE-PROVIDER-NETWORK-COMMUNITY; Founder disposition required before adoption or activation,"Behavioral repository verification, test execution, and runtime evidence require separate authorization","AUTHORIZATION;DATA;SOFT_PLANNING_INFERENCE relationship inferred from domain shell, identity, relationship, communications, and task hubs; not an empirically verified runtime blast radius.",STRONGLY_INFERRED,AUTHORIZATION;DATA;SOFT_PLANNING_INFERENCE,Architecture-wide shell/root counts are planning relationships and not empirically verified runtime blast radius.
ES-FEAT-MARKETPLACE-014,suspension and delisting,"Marketplace, provider network, and community",ES-FEAT-PLATFORM-001;ES-FEAT-MARKETPLACE-001;ES-FEAT-IDENTITY-001;ES-FEAT-RELATIONSHIP-001;ES-FEAT-FINANCIAL-001;ES-FEAT-COMMUNICATIONS-001;ES-FEAT-TASKS-001;ES-FEAT-CARE-001,,8,0,NO,NO,YES,YES,DOC-NEW-PIA-MARKETPLACE-PROVIDER-NETWORK-COMMUNITY; Founder disposition required before adoption or activation,"Behavioral repository verification, test execution, and runtime evidence require separate authorization","AUTHORIZATION;DATA;SOFT_PLANNING_INFERENCE relationship inferred from domain shell, identity, relationship, communications, and task hubs; not an empirically verified runtime blast radius.",STRONGLY_INFERRED,AUTHORIZATION;DATA;SOFT_PLANNING_INFERENCE,Architecture-wide shell/root counts are planning relationships and not empirically verified runtime blast radius.
ES-FEAT-MEDIA-001,uploads,"Media, files, and digital assets",ES-FEAT-PLATFORM-001,ES-FEAT-MEDIA-002;ES-FEAT-MEDIA-003;ES-FEAT-MEDIA-004;ES-FEAT-MEDIA-005;ES-FEAT-MEDIA-006;ES-FEAT-MEDIA-007;ES-FEAT-MEDIA-008;ES-FEAT-MEDIA-009;ES-FEAT-MEDIA-010;ES-FEAT-MEDIA-011;ES-FEAT-MEDIA-012;ES-FEAT-MEDIA-013;ES-FEAT-MEDIA-014;ES-FEAT-MEDIA-015;ES-FEAT-MEDIA-016,1,15,NO,NO,YES,YES,DOC-SUP-PIA-10-MEDIA-FILES; Founder disposition required before adoption or activation,"Behavioral repository verification, test execution, and runtime evidence require separate authorization","AUTHORIZATION;DATA;SOFT_PLANNING_INFERENCE relationship inferred from domain shell, identity, relationship, communications, and task hubs; not an empirically verified runtime blast radius.",STRONGLY_INFERRED,AUTHORIZATION;DATA;SOFT_PLANNING_INFERENCE,Architecture-wide shell/root counts are planning relationships and not empirically verified runtime blast radius.
ES-FEAT-MEDIA-002,images,"Media, files, and digital assets",ES-FEAT-PLATFORM-001;ES-FEAT-MEDIA-001;ES-FEAT-IDENTITY-001;ES-FEAT-RELATIONSHIP-001;ES-FEAT-COMMUNICATIONS-001;ES-FEAT-TASKS-001;ES-FEAT-HORSE-001,,7,0,NO,NO,YES,YES,DOC-SUP-PIA-10-MEDIA-FILES; Founder disposition required before adoption or activation,"Behavioral repository verification, test execution, and runtime evidence require separate authorization","AUTHORIZATION;DATA;SOFT_PLANNING_INFERENCE relationship inferred from domain shell, identity, relationship, communications, and task hubs; not an empirically verified runtime blast radius.",STRONGLY_INFERRED,AUTHORIZATION;DATA;SOFT_PLANNING_INFERENCE,Architecture-wide shell/root counts are planning relationships and not empirically verified runtime blast radius.
ES-FEAT-MEDIA-003,videos,"Media, files, and digital assets",ES-FEAT-PLATFORM-001;ES-FEAT-MEDIA-001;ES-FEAT-IDENTITY-001;ES-FEAT-RELATIONSHIP-001;ES-FEAT-COMMUNICATIONS-001;ES-FEAT-TASKS-001;ES-FEAT-HORSE-001,,7,0,NO,NO,YES,YES,DOC-SUP-PIA-10-MEDIA-FILES; Founder disposition required before adoption or activation,"Behavioral repository verification, test execution, and runtime evidence require separate authorization","AUTHORIZATION;DATA;SOFT_PLANNING_INFERENCE relationship inferred from domain shell, identity, relationship, communications, and task hubs; not an empirically verified runtime blast radius.",STRONGLY_INFERRED,AUTHORIZATION;DATA;SOFT_PLANNING_INFERENCE,Architecture-wide shell/root counts are planning relationships and not empirically verified runtime blast radius.
ES-FEAT-MEDIA-004,documents,"Media, files, and digital assets",ES-FEAT-PLATFORM-001;ES-FEAT-MEDIA-001;ES-FEAT-IDENTITY-001;ES-FEAT-RELATIONSHIP-001;ES-FEAT-COMMUNICATIONS-001;ES-FEAT-TASKS-001;ES-FEAT-HORSE-001,,7,0,NO,NO,YES,YES,DOC-SUP-PIA-10-MEDIA-FILES; Founder disposition required before adoption or activation,"Behavioral repository verification, test execution, and runtime evidence require separate authorization","AUTHORIZATION;DATA;SOFT_PLANNING_INFERENCE relationship inferred from domain shell, identity, relationship, communications, and task hubs; not an empirically verified runtime blast radius.",STRONGLY_INFERRED,AUTHORIZATION;DATA;SOFT_PLANNING_INFERENCE,Architecture-wide shell/root counts are planning relationships and not empirically verified runtime blast radius.
ES-FEAT-MEDIA-005,consent (Media),"Media, files, and digital assets",ES-FEAT-PLATFORM-001;ES-FEAT-MEDIA-001;ES-FEAT-IDENTITY-001;ES-FEAT-RELATIONSHIP-001;ES-FEAT-COMMUNICATIONS-001;ES-FEAT-TASKS-001;ES-FEAT-HORSE-001,,7,0,NO,NO,YES,YES,DOC-SUP-PIA-10-MEDIA-FILES; Founder disposition required before adoption or activation,"Behavioral repository verification, test execution, and runtime evidence require separate authorization","AUTHORIZATION;DATA;SOFT_PLANNING_INFERENCE relationship inferred from domain shell, identity, relationship, communications, and task hubs; not an empirically verified runtime blast radius.",STRONGLY_INFERRED,AUTHORIZATION;DATA;SOFT_PLANNING_INFERENCE,Architecture-wide shell/root counts are planning relationships and not empirically verified runtime blast radius.
ES-FEAT-MEDIA-006,visibility,"Media, files, and digital assets",ES-FEAT-PLATFORM-001;ES-FEAT-MEDIA-001;ES-FEAT-IDENTITY-001;ES-FEAT-RELATIONSHIP-001;ES-FEAT-COMMUNICATIONS-001;ES-FEAT-TASKS-001;ES-FEAT-HORSE-001;ES-FEAT-CARE-001,,8,0,NO,NO,YES,YES,DOC-SUP-PIA-10-MEDIA-FILES; Founder disposition required before adoption or activation,"Behavioral repository verification, test execution, and runtime evidence require separate authorization","AUTHORIZATION;DATA;SOFT_PLANNING_INFERENCE relationship inferred from domain shell, identity, relationship, communications, and task hubs; not an empirically verified runtime blast radius.",STRONGLY_INFERRED,AUTHORIZATION;DATA;SOFT_PLANNING_INFERENCE,Architecture-wide shell/root counts are planning relationships and not empirically verified runtime blast radius.
ES-FEAT-MEDIA-007,derivation,"Media, files, and digital assets",ES-FEAT-PLATFORM-001;ES-FEAT-MEDIA-001;ES-FEAT-IDENTITY-001;ES-FEAT-RELATIONSHIP-001;ES-FEAT-COMMUNICATIONS-001;ES-FEAT-TASKS-001;ES-FEAT-HORSE-001,,7,0,NO,NO,YES,YES,DOC-SUP-PIA-10-MEDIA-FILES; Founder disposition required before adoption or activation,"Behavioral repository verification, test execution, and runtime evidence require separate authorization","AUTHORIZATION;DATA;SOFT_PLANNING_INFERENCE relationship inferred from domain shell, identity, relationship, communications, and task hubs; not an empirically verified runtime blast radius.",STRONGLY_INFERRED,AUTHORIZATION;DATA;SOFT_PLANNING_INFERENCE,Architecture-wide shell/root counts are planning relationships and not empirically verified runtime blast radius.
ES-FEAT-MEDIA-008,thumbnails,"Media, files, and digital assets",ES-FEAT-PLATFORM-001;ES-FEAT-MEDIA-001;ES-FEAT-IDENTITY-001;ES-FEAT-RELATIONSHIP-001;ES-FEAT-COMMUNICATIONS-001;ES-FEAT-TASKS-001;ES-FEAT-HORSE-001,,7,0,NO,NO,YES,YES,DOC-SUP-PIA-10-MEDIA-FILES; Founder disposition required before adoption or activation,"Behavioral repository verification, test execution, and runtime evidence require separate authorization","AUTHORIZATION;DATA;SOFT_PLANNING_INFERENCE relationship inferred from domain shell, identity, relationship, communications, and task hubs; not an empirically verified runtime blast radius.",STRONGLY_INFERRED,AUTHORIZATION;DATA;SOFT_PLANNING_INFERENCE,Architecture-wide shell/root counts are planning relationships and not empirically verified runtime blast radius.
ES-FEAT-MEDIA-009,OCR,"Media, files, and digital assets",ES-FEAT-PLATFORM-001;ES-FEAT-MEDIA-001;ES-FEAT-IDENTITY-001;ES-FEAT-RELATIONSHIP-001;ES-FEAT-COMMUNICATIONS-001;ES-FEAT-TASKS-001;ES-FEAT-HORSE-001,,7,0,NO,NO,YES,YES,DOC-SUP-PIA-10-MEDIA-FILES; Founder disposition required before adoption or activation,"Behavioral repository verification, test execution, and runtime evidence require separate authorization","AUTHORIZATION;DATA;SOFT_PLANNING_INFERENCE relationship inferred from domain shell, identity, relationship, communications, and task hubs; not an empirically verified runtime blast radius.",STRONGLY_INFERRED,AUTHORIZATION;DATA;SOFT_PLANNING_INFERENCE,Architecture-wide shell/root counts are planning relationships and not empirically verified runtime blast radius.
ES-FEAT-MEDIA-010,search indexing,"Media, files, and digital assets",ES-FEAT-PLATFORM-001;ES-FEAT-MEDIA-001;ES-FEAT-IDENTITY-001;ES-FEAT-RELATIONSHIP-001;ES-FEAT-FINANCIAL-001;ES-FEAT-COMMUNICATIONS-001;ES-FEAT-TASKS-001;ES-FEAT-HORSE-001,,8,0,NO,NO,YES,YES,DOC-SUP-PIA-10-MEDIA-FILES; Founder disposition required before adoption or activation,"Behavioral repository verification, test execution, and runtime evidence require separate authorization","AUTHORIZATION;DATA;SOFT_PLANNING_INFERENCE relationship inferred from domain shell, identity, relationship, communications, and task hubs; not an empirically verified runtime blast radius.",STRONGLY_INFERRED,AUTHORIZATION;DATA;SOFT_PLANNING_INFERENCE,Architecture-wide shell/root counts are planning relationships and not empirically verified runtime blast radius.
ES-FEAT-MEDIA-011,attachment lifecycle,"Media, files, and digital assets",ES-FEAT-PLATFORM-001;ES-FEAT-MEDIA-001;ES-FEAT-IDENTITY-001;ES-FEAT-RELATIONSHIP-001;ES-FEAT-COMMUNICATIONS-001;ES-FEAT-TASKS-001;ES-FEAT-HORSE-001,,7,0,NO,NO,YES,YES,DOC-SUP-PIA-10-MEDIA-FILES; Founder disposition required before adoption or activation,"Behavioral repository verification, test execution, and runtime evidence require separate authorization","AUTHORIZATION;DATA;SOFT_PLANNING_INFERENCE relationship inferred from domain shell, identity, relationship, communications, and task hubs; not an empirically verified runtime blast radius.",STRONGLY_INFERRED,AUTHORIZATION;DATA;SOFT_PLANNING_INFERENCE,Architecture-wide shell/root counts are planning relationships and not empirically verified runtime blast radius.
ES-FEAT-MEDIA-012,media removal,"Media, files, and digital assets",ES-FEAT-PLATFORM-001;ES-FEAT-MEDIA-001;ES-FEAT-IDENTITY-001;ES-FEAT-RELATIONSHIP-001;ES-FEAT-COMMUNICATIONS-001;ES-FEAT-TASKS-001;ES-FEAT-HORSE-001,,7,0,NO,NO,YES,YES,DOC-SUP-PIA-10-MEDIA-FILES; Founder disposition required before adoption or activation,"Behavioral repository verification, test execution, and runtime evidence require separate authorization","AUTHORIZATION;DATA;SOFT_PLANNING_INFERENCE relationship inferred from domain shell, identity, relationship, communications, and task hubs; not an empirically verified runtime blast radius.",STRONGLY_INFERRED,AUTHORIZATION;DATA;SOFT_PLANNING_INFERENCE,Architecture-wide shell/root counts are planning relationships and not empirically verified runtime blast radius.
ES-FEAT-MEDIA-013,transfer (Media),"Media, files, and digital assets",ES-FEAT-PLATFORM-001;ES-FEAT-MEDIA-001;ES-FEAT-IDENTITY-001;ES-FEAT-RELATIONSHIP-001;ES-FEAT-COMMUNICATIONS-001;ES-FEAT-TASKS-001;ES-FEAT-HORSE-001,,7,0,NO,NO,YES,YES,DOC-SUP-PIA-10-MEDIA-FILES; Founder disposition required before adoption or activation,"Behavioral repository verification, test execution, and runtime evidence require separate authorization","AUTHORIZATION;DATA;SOFT_PLANNING_INFERENCE relationship inferred from domain shell, identity, relationship, communications, and task hubs; not an empirically verified runtime blast radius.",STRONGLY_INFERRED,AUTHORIZATION;DATA;SOFT_PLANNING_INFERENCE,Architecture-wide shell/root counts are planning relationships and not empirically verified runtime blast radius.
ES-FEAT-MEDIA-014,export,"Media, files, and digital assets",ES-FEAT-PLATFORM-001;ES-FEAT-MEDIA-001;ES-FEAT-IDENTITY-001;ES-FEAT-RELATIONSHIP-001;ES-FEAT-FINANCIAL-001;ES-FEAT-COMMUNICATIONS-001;ES-FEAT-TASKS-001;ES-FEAT-HORSE-001,,8,0,NO,NO,YES,YES,DOC-SUP-PIA-10-MEDIA-FILES; Founder disposition required before adoption or activation,"Behavioral repository verification, test execution, and runtime evidence require separate authorization","AUTHORIZATION;DATA;SOFT_PLANNING_INFERENCE relationship inferred from domain shell, identity, relationship, communications, and task hubs; not an empirically verified runtime blast radius.",STRONGLY_INFERRED,AUTHORIZATION;DATA;SOFT_PLANNING_INFERENCE,Architecture-wide shell/root counts are planning relationships and not empirically verified runtime blast radius.
ES-FEAT-MEDIA-015,retention (Media),"Media, files, and digital assets",ES-FEAT-PLATFORM-001;ES-FEAT-MEDIA-001;ES-FEAT-IDENTITY-001;ES-FEAT-RELATIONSHIP-001;ES-FEAT-COMMUNICATIONS-001;ES-FEAT-TASKS-001;ES-FEAT-HORSE-001,,7,0,NO,NO,YES,YES,DOC-SUP-PIA-10-MEDIA-FILES; Founder disposition required before adoption or activation,"Behavioral repository verification, test execution, and runtime evidence require separate authorization","AUTHORIZATION;DATA;SOFT_PLANNING_INFERENCE relationship inferred from domain shell, identity, relationship, communications, and task hubs; not an empirically verified runtime blast radius.",STRONGLY_INFERRED,AUTHORIZATION;DATA;SOFT_PLANNING_INFERENCE,Architecture-wide shell/root counts are planning relationships and not empirically verified runtime blast radius.
ES-FEAT-MEDIA-016,holds,"Media, files, and digital assets",ES-FEAT-PLATFORM-001;ES-FEAT-MEDIA-001;ES-FEAT-IDENTITY-001;ES-FEAT-RELATIONSHIP-001;ES-FEAT-COMMUNICATIONS-001;ES-FEAT-TASKS-001;ES-FEAT-HORSE-001,,7,0,NO,NO,YES,YES,DOC-SUP-PIA-10-MEDIA-FILES; Founder disposition required before adoption or activation,"Behavioral repository verification, test execution, and runtime evidence require separate authorization","AUTHORIZATION;DATA;SOFT_PLANNING_INFERENCE relationship inferred from domain shell, identity, relationship, communications, and task hubs; not an empirically verified runtime blast radius.",STRONGLY_INFERRED,AUTHORIZATION;DATA;SOFT_PLANNING_INFERENCE,Architecture-wide shell/root counts are planning relationships and not empirically verified runtime blast radius.
ES-FEAT-REPORTING-001,operational dashboards,Reporting and analytics,ES-FEAT-PLATFORM-001,ES-FEAT-REPORTING-002;ES-FEAT-REPORTING-003;ES-FEAT-REPORTING-004;ES-FEAT-REPORTING-005;ES-FEAT-REPORTING-006;ES-FEAT-REPORTING-007;ES-FEAT-REPORTING-008;ES-FEAT-REPORTING-009;ES-FEAT-REPORTING-010;ES-FEAT-REPORTING-011,1,10,NO,NO,YES,YES,DOC-OPS-REPORTING-ANALYTICS-METRIC-LINEAGE; Founder disposition required before adoption or activation,"Behavioral repository verification, test execution, and runtime evidence require separate authorization","AUTHORIZATION;DATA;SOFT_PLANNING_INFERENCE relationship inferred from domain shell, identity, relationship, communications, and task hubs; not an empirically verified runtime blast radius.",STRONGLY_INFERRED,AUTHORIZATION;DATA;SOFT_PLANNING_INFERENCE,Architecture-wide shell/root counts are planning relationships and not empirically verified runtime blast radius.
ES-FEAT-REPORTING-002,financial reporting (Reporting),Reporting and analytics,ES-FEAT-PLATFORM-001;ES-FEAT-REPORTING-001;ES-FEAT-IDENTITY-001;ES-FEAT-RELATIONSHIP-001;ES-FEAT-FINANCIAL-001;ES-FEAT-COMMUNICATIONS-001;ES-FEAT-TASKS-001,,7,0,NO,NO,YES,YES,DOC-OPS-REPORTING-ANALYTICS-METRIC-LINEAGE; Founder disposition required before adoption or activation,"Behavioral repository verification, test execution, and runtime evidence require separate authorization","AUTHORIZATION;DATA;SOFT_PLANNING_INFERENCE relationship inferred from domain shell, identity, relationship, communications, and task hubs; not an empirically verified runtime blast radius.",STRONGLY_INFERRED,AUTHORIZATION;DATA;SOFT_PLANNING_INFERENCE,Architecture-wide shell/root counts are planning relationships and not empirically verified runtime blast radius.
ES-FEAT-REPORTING-003,horse-care reporting,Reporting and analytics,ES-FEAT-PLATFORM-001;ES-FEAT-REPORTING-001;ES-FEAT-IDENTITY-001;ES-FEAT-RELATIONSHIP-001;ES-FEAT-FINANCIAL-001;ES-FEAT-COMMUNICATIONS-001;ES-FEAT-TASKS-001;ES-FEAT-HORSE-001;ES-FEAT-CARE-001,,9,0,NO,NO,YES,YES,DOC-OPS-REPORTING-ANALYTICS-METRIC-LINEAGE; Founder disposition required before adoption or activation,"Behavioral repository verification, test execution, and runtime evidence require separate authorization","AUTHORIZATION;DATA;SOFT_PLANNING_INFERENCE relationship inferred from domain shell, identity, relationship, communications, and task hubs; not an empirically verified runtime blast radius.",STRONGLY_INFERRED,AUTHORIZATION;DATA;SOFT_PLANNING_INFERENCE,Architecture-wide shell/root counts are planning relationships and not empirically verified runtime blast radius.
ES-FEAT-REPORTING-004,rider progress,Reporting and analytics,ES-FEAT-PLATFORM-001;ES-FEAT-REPORTING-001;ES-FEAT-IDENTITY-001;ES-FEAT-RELATIONSHIP-001;ES-FEAT-FINANCIAL-001;ES-FEAT-COMMUNICATIONS-001;ES-FEAT-TASKS-001,,7,0,NO,NO,YES,YES,DOC-OPS-REPORTING-ANALYTICS-METRIC-LINEAGE; Founder disposition required before adoption or activation,"Behavioral repository verification, test execution, and runtime evidence require separate authorization","AUTHORIZATION;DATA;SOFT_PLANNING_INFERENCE relationship inferred from domain shell, identity, relationship, communications, and task hubs; not an empirically verified runtime blast radius.",STRONGLY_INFERRED,AUTHORIZATION;DATA;SOFT_PLANNING_INFERENCE,Architecture-wide shell/root counts are planning relationships and not empirically verified runtime blast radius.
ES-FEAT-REPORTING-005,facility KPIs,Reporting and analytics,ES-FEAT-PLATFORM-001;ES-FEAT-REPORTING-001;ES-FEAT-IDENTITY-001;ES-FEAT-RELATIONSHIP-001;ES-FEAT-FINANCIAL-001;ES-FEAT-COMMUNICATIONS-001;ES-FEAT-TASKS-001,,7,0,NO,NO,YES,YES,DOC-OPS-REPORTING-ANALYTICS-METRIC-LINEAGE; Founder disposition required before adoption or activation,"Behavioral repository verification, test execution, and runtime evidence require separate authorization","AUTHORIZATION;DATA;SOFT_PLANNING_INFERENCE relationship inferred from domain shell, identity, relationship, communications, and task hubs; not an empirically verified runtime blast radius.",STRONGLY_INFERRED,AUTHORIZATION;DATA;SOFT_PLANNING_INFERENCE,Architecture-wide shell/root counts are planning relationships and not empirically verified runtime blast radius.
ES-FEAT-REPORTING-006,owner summaries,Reporting and analytics,ES-FEAT-PLATFORM-001;ES-FEAT-REPORTING-001;ES-FEAT-IDENTITY-001;ES-FEAT-RELATIONSHIP-001;ES-FEAT-FINANCIAL-001;ES-FEAT-COMMUNICATIONS-001;ES-FEAT-TASKS-001,,7,0,NO,NO,YES,YES,DOC-OPS-REPORTING-ANALYTICS-METRIC-LINEAGE; Founder disposition required before adoption or activation,"Behavioral repository verification, test execution, and runtime evidence require separate authorization","AUTHORIZATION;DATA;SOFT_PLANNING_INFERENCE relationship inferred from domain shell, identity, relationship, communications, and task hubs; not an empirically verified runtime blast radius.",STRONGLY_INFERRED,AUTHORIZATION;DATA;SOFT_PLANNING_INFERENCE,Architecture-wide shell/root counts are planning relationships and not empirically verified runtime blast radius.
ES-FEAT-REPORTING-007,exports,Reporting and analytics,ES-FEAT-PLATFORM-001;ES-FEAT-REPORTING-001;ES-FEAT-IDENTITY-001;ES-FEAT-RELATIONSHIP-001;ES-FEAT-FINANCIAL-001;ES-FEAT-COMMUNICATIONS-001;ES-FEAT-TASKS-001,,7,0,NO,NO,YES,YES,DOC-OPS-REPORTING-ANALYTICS-METRIC-LINEAGE; Founder disposition required before adoption or activation,"Behavioral repository verification, test execution, and runtime evidence require separate authorization","AUTHORIZATION;DATA;SOFT_PLANNING_INFERENCE relationship inferred from domain shell, identity, relationship, communications, and task hubs; not an empirically verified runtime blast radius.",STRONGLY_INFERRED,AUTHORIZATION;DATA;SOFT_PLANNING_INFERENCE,Architecture-wide shell/root counts are planning relationships and not empirically verified runtime blast radius.
ES-FEAT-REPORTING-008,metric lineage,Reporting and analytics,ES-FEAT-PLATFORM-001;ES-FEAT-REPORTING-001;ES-FEAT-IDENTITY-001;ES-FEAT-RELATIONSHIP-001;ES-FEAT-FINANCIAL-001;ES-FEAT-COMMUNICATIONS-001;ES-FEAT-TASKS-001,,7,0,NO,NO,YES,YES,DOC-OPS-REPORTING-ANALYTICS-METRIC-LINEAGE; Founder disposition required before adoption or activation,"Behavioral repository verification, test execution, and runtime evidence require separate authorization","AUTHORIZATION;DATA;SOFT_PLANNING_INFERENCE relationship inferred from domain shell, identity, relationship, communications, and task hubs; not an empirically verified runtime blast radius.",STRONGLY_INFERRED,AUTHORIZATION;DATA;SOFT_PLANNING_INFERENCE,Architecture-wide shell/root counts are planning relationships and not empirically verified runtime blast radius.
ES-FEAT-REPORTING-009,confidence,Reporting and analytics,ES-FEAT-PLATFORM-001;ES-FEAT-REPORTING-001;ES-FEAT-IDENTITY-001;ES-FEAT-RELATIONSHIP-001;ES-FEAT-FINANCIAL-001;ES-FEAT-COMMUNICATIONS-001;ES-FEAT-TASKS-001,,7,0,NO,NO,YES,YES,DOC-OPS-REPORTING-ANALYTICS-METRIC-LINEAGE; Founder disposition required before adoption or activation,"Behavioral repository verification, test execution, and runtime evidence require separate authorization","AUTHORIZATION;DATA;SOFT_PLANNING_INFERENCE relationship inferred from domain shell, identity, relationship, communications, and task hubs; not an empirically verified runtime blast radius.",STRONGLY_INFERRED,AUTHORIZATION;DATA;SOFT_PLANNING_INFERENCE,Architecture-wide shell/root counts are planning relationships and not empirically verified runtime blast radius.
ES-FEAT-REPORTING-010,corrections,Reporting and analytics,ES-FEAT-PLATFORM-001;ES-FEAT-REPORTING-001;ES-FEAT-IDENTITY-001;ES-FEAT-RELATIONSHIP-001;ES-FEAT-FINANCIAL-001;ES-FEAT-COMMUNICATIONS-001;ES-FEAT-TASKS-001,,7,0,NO,NO,YES,YES,DOC-OPS-REPORTING-ANALYTICS-METRIC-LINEAGE; Founder disposition required before adoption or activation,"Behavioral repository verification, test execution, and runtime evidence require separate authorization","AUTHORIZATION;DATA;SOFT_PLANNING_INFERENCE relationship inferred from domain shell, identity, relationship, communications, and task hubs; not an empirically verified runtime blast radius.",STRONGLY_INFERRED,AUTHORIZATION;DATA;SOFT_PLANNING_INFERENCE,Architecture-wide shell/root counts are planning relationships and not empirically verified runtime blast radius.
ES-FEAT-REPORTING-011,access restrictions,Reporting and analytics,ES-FEAT-PLATFORM-001;ES-FEAT-REPORTING-001;ES-FEAT-IDENTITY-001;ES-FEAT-RELATIONSHIP-001;ES-FEAT-FINANCIAL-001;ES-FEAT-COMMUNICATIONS-001;ES-FEAT-TASKS-001;ES-FEAT-HORSE-001;ES-FEAT-CARE-001,,9,0,NO,NO,YES,YES,DOC-OPS-REPORTING-ANALYTICS-METRIC-LINEAGE; Founder disposition required before adoption or activation,"Behavioral repository verification, test execution, and runtime evidence require separate authorization","AUTHORIZATION;DATA;SOFT_PLANNING_INFERENCE relationship inferred from domain shell, identity, relationship, communications, and task hubs; not an empirically verified runtime blast radius.",STRONGLY_INFERRED,AUTHORIZATION;DATA;SOFT_PLANNING_INFERENCE,Architecture-wide shell/root counts are planning relationships and not empirically verified runtime blast radius.
ES-FEAT-AI-001,AI assistant,Artificial intelligence,ES-FEAT-PLATFORM-001,ES-FEAT-AI-002;ES-FEAT-AI-003;ES-FEAT-AI-004;ES-FEAT-AI-005;ES-FEAT-AI-006;ES-FEAT-AI-007;ES-FEAT-AI-008;ES-FEAT-AI-009;ES-FEAT-AI-010;ES-FEAT-AI-011;ES-FEAT-AI-012,1,11,NO,NO,YES,YES,DOC-CG-AI-ASSISTED-WORKFLOW; Founder disposition required before adoption or activation,Implementation design or discovery required under separate authority,"AUTHORIZATION;DATA;SOFT_PLANNING_INFERENCE relationship inferred from domain shell, identity, relationship, communications, and task hubs; not an empirically verified runtime blast radius.",STRONGLY_INFERRED,AUTHORIZATION;DATA;SOFT_PLANNING_INFERENCE,Architecture-wide shell/root counts are planning relationships and not empirically verified runtime blast radius.
ES-FEAT-AI-002,inventory recognition,Artificial intelligence,ES-FEAT-PLATFORM-001;ES-FEAT-AI-001;ES-FEAT-IDENTITY-001;ES-FEAT-RELATIONSHIP-001;ES-FEAT-COMMUNICATIONS-001;ES-FEAT-TASKS-001,,6,0,NO,NO,YES,YES,DOC-CG-AI-ASSISTED-WORKFLOW; Founder disposition required before adoption or activation,"Behavioral repository verification, test execution, and runtime evidence require separate authorization","AUTHORIZATION;DATA;SOFT_PLANNING_INFERENCE relationship inferred from domain shell, identity, relationship, communications, and task hubs; not an empirically verified runtime blast radius.",STRONGLY_INFERRED,AUTHORIZATION;DATA;SOFT_PLANNING_INFERENCE,Architecture-wide shell/root counts are planning relationships and not empirically verified runtime blast radius.
ES-FEAT-AI-003,summaries,Artificial intelligence,ES-FEAT-PLATFORM-001;ES-FEAT-AI-001;ES-FEAT-IDENTITY-001;ES-FEAT-RELATIONSHIP-001;ES-FEAT-COMMUNICATIONS-001;ES-FEAT-TASKS-001,,6,0,NO,NO,YES,YES,DOC-CG-AI-ASSISTED-WORKFLOW; Founder disposition required before adoption or activation,"Behavioral repository verification, test execution, and runtime evidence require separate authorization","AUTHORIZATION;DATA;SOFT_PLANNING_INFERENCE relationship inferred from domain shell, identity, relationship, communications, and task hubs; not an empirically verified runtime blast radius.",STRONGLY_INFERRED,AUTHORIZATION;DATA;SOFT_PLANNING_INFERENCE,Architecture-wide shell/root counts are planning relationships and not empirically verified runtime blast radius.
ES-FEAT-AI-004,recommendations,Artificial intelligence,ES-FEAT-PLATFORM-001;ES-FEAT-AI-001;ES-FEAT-IDENTITY-001;ES-FEAT-RELATIONSHIP-001;ES-FEAT-COMMUNICATIONS-001;ES-FEAT-TASKS-001,,6,0,NO,NO,YES,YES,DOC-CG-AI-ASSISTED-WORKFLOW; Founder disposition required before adoption or activation,"Behavioral repository verification, test execution, and runtime evidence require separate authorization","AUTHORIZATION;DATA;SOFT_PLANNING_INFERENCE relationship inferred from domain shell, identity, relationship, communications, and task hubs; not an empirically verified runtime blast radius.",STRONGLY_INFERRED,AUTHORIZATION;DATA;SOFT_PLANNING_INFERENCE,Architecture-wide shell/root counts are planning relationships and not empirically verified runtime blast radius.
ES-FEAT-AI-005,scheduling assistance,Artificial intelligence,ES-FEAT-PLATFORM-001;ES-FEAT-AI-001;ES-FEAT-IDENTITY-001;ES-FEAT-RELATIONSHIP-001;ES-FEAT-COMMUNICATIONS-001;ES-FEAT-TASKS-001,,6,0,NO,NO,YES,YES,DOC-CG-AI-ASSISTED-WORKFLOW; Founder disposition required before adoption or activation,"Behavioral repository verification, test execution, and runtime evidence require separate authorization","AUTHORIZATION;DATA;SOFT_PLANNING_INFERENCE relationship inferred from domain shell, identity, relationship, communications, and task hubs; not an empirically verified runtime blast radius.",STRONGLY_INFERRED,AUTHORIZATION;DATA;SOFT_PLANNING_INFERENCE,Architecture-wide shell/root counts are planning relationships and not empirically verified runtime blast radius.
ES-FEAT-AI-006,anomaly detection,Artificial intelligence,ES-FEAT-PLATFORM-001;ES-FEAT-AI-001;ES-FEAT-IDENTITY-001;ES-FEAT-RELATIONSHIP-001;ES-FEAT-COMMUNICATIONS-001;ES-FEAT-TASKS-001,,6,0,NO,NO,YES,YES,DOC-CG-AI-ASSISTED-WORKFLOW; Founder disposition required before adoption or activation,Implementation design or discovery required under separate authority,"AUTHORIZATION;DATA;SOFT_PLANNING_INFERENCE relationship inferred from domain shell, identity, relationship, communications, and task hubs; not an empirically verified runtime blast radius.",STRONGLY_INFERRED,AUTHORIZATION;DATA;SOFT_PLANNING_INFERENCE,Architecture-wide shell/root counts are planning relationships and not empirically verified runtime blast radius.
ES-FEAT-AI-007,reporting interpretation,Artificial intelligence,ES-FEAT-PLATFORM-001;ES-FEAT-AI-001;ES-FEAT-IDENTITY-001;ES-FEAT-RELATIONSHIP-001;ES-FEAT-COMMUNICATIONS-001;ES-FEAT-TASKS-001,,6,0,NO,NO,YES,YES,DOC-CG-AI-ASSISTED-WORKFLOW; Founder disposition required before adoption or activation,Implementation design or discovery required under separate authority,"AUTHORIZATION;DATA;SOFT_PLANNING_INFERENCE relationship inferred from domain shell, identity, relationship, communications, and task hubs; not an empirically verified runtime blast radius.",STRONGLY_INFERRED,AUTHORIZATION;DATA;SOFT_PLANNING_INFERENCE,Architecture-wide shell/root counts are planning relationships and not empirically verified runtime blast radius.
ES-FEAT-AI-008,model providers,Artificial intelligence,ES-FEAT-PLATFORM-001;ES-FEAT-AI-001;ES-FEAT-IDENTITY-001;ES-FEAT-RELATIONSHIP-001;ES-FEAT-FINANCIAL-001;ES-FEAT-COMMUNICATIONS-001;ES-FEAT-TASKS-001;ES-FEAT-CARE-001,,8,0,NO,NO,YES,YES,DOC-CG-AI-ASSISTED-WORKFLOW; Founder disposition required before adoption or activation,"Behavioral repository verification, test execution, and runtime evidence require separate authorization","AUTHORIZATION;DATA;SOFT_PLANNING_INFERENCE relationship inferred from domain shell, identity, relationship, communications, and task hubs; not an empirically verified runtime blast radius.",STRONGLY_INFERRED,AUTHORIZATION;DATA;SOFT_PLANNING_INFERENCE,Architecture-wide shell/root counts are planning relationships and not empirically verified runtime blast radius.
ES-FEAT-AI-009,human review,Artificial intelligence,ES-FEAT-PLATFORM-001;ES-FEAT-AI-001;ES-FEAT-IDENTITY-001;ES-FEAT-RELATIONSHIP-001;ES-FEAT-FINANCIAL-001;ES-FEAT-COMMUNICATIONS-001;ES-FEAT-TASKS-001,,7,0,NO,NO,YES,YES,DOC-CG-AI-ASSISTED-WORKFLOW; Founder disposition required before adoption or activation,"Behavioral repository verification, test execution, and runtime evidence require separate authorization","AUTHORIZATION;DATA;SOFT_PLANNING_INFERENCE relationship inferred from domain shell, identity, relationship, communications, and task hubs; not an empirically verified runtime blast radius.",STRONGLY_INFERRED,AUTHORIZATION;DATA;SOFT_PLANNING_INFERENCE,Architecture-wide shell/root counts are planning relationships and not empirically verified runtime blast radius.
ES-FEAT-AI-010,prohibited decisions,Artificial intelligence,ES-FEAT-PLATFORM-001;ES-FEAT-AI-001;ES-FEAT-IDENTITY-001;ES-FEAT-RELATIONSHIP-001;ES-FEAT-COMMUNICATIONS-001;ES-FEAT-TASKS-001,,6,0,NO,NO,YES,YES,DOC-CG-AI-ASSISTED-WORKFLOW; Founder disposition required before adoption or activation,"Behavioral repository verification, test execution, and runtime evidence require separate authorization","AUTHORIZATION;DATA;SOFT_PLANNING_INFERENCE relationship inferred from domain shell, identity, relationship, communications, and task hubs; not an empirically verified runtime blast radius.",STRONGLY_INFERRED,AUTHORIZATION;DATA;SOFT_PLANNING_INFERENCE,Architecture-wide shell/root counts are planning relationships and not empirically verified runtime blast radius.
ES-FEAT-AI-011,prompt and output handling,Artificial intelligence,ES-FEAT-PLATFORM-001;ES-FEAT-AI-001;ES-FEAT-IDENTITY-001;ES-FEAT-RELATIONSHIP-001;ES-FEAT-COMMUNICATIONS-001;ES-FEAT-TASKS-001;ES-FEAT-HORSE-001;ES-FEAT-CARE-001,,8,0,NO,NO,YES,YES,DOC-CG-AI-ASSISTED-WORKFLOW; Founder disposition required before adoption or activation,"Behavioral repository verification, test execution, and runtime evidence require separate authorization","AUTHORIZATION;DATA;SOFT_PLANNING_INFERENCE relationship inferred from domain shell, identity, relationship, communications, and task hubs; not an empirically verified runtime blast radius.",STRONGLY_INFERRED,AUTHORIZATION;DATA;SOFT_PLANNING_INFERENCE,Architecture-wide shell/root counts are planning relationships and not empirically verified runtime blast radius.
ES-FEAT-AI-012,AI provenance,Artificial intelligence,ES-FEAT-PLATFORM-001;ES-FEAT-AI-001;ES-FEAT-IDENTITY-001;ES-FEAT-RELATIONSHIP-001;ES-FEAT-COMMUNICATIONS-001;ES-FEAT-TASKS-001,,6,0,NO,NO,YES,YES,DOC-CG-AI-ASSISTED-WORKFLOW; Founder disposition required before adoption or activation,Implementation design or discovery required under separate authority,"AUTHORIZATION;DATA;SOFT_PLANNING_INFERENCE relationship inferred from domain shell, identity, relationship, communications, and task hubs; not an empirically verified runtime blast radius.",STRONGLY_INFERRED,AUTHORIZATION;DATA;SOFT_PLANNING_INFERENCE,Architecture-wide shell/root counts are planning relationships and not empirically verified runtime blast radius.
ES-FEAT-INTEGRATIONS-001,Stripe,Integrations and external providers,ES-FEAT-PLATFORM-001,ES-FEAT-INTEGRATIONS-002;ES-FEAT-INTEGRATIONS-003;ES-FEAT-INTEGRATIONS-004;ES-FEAT-INTEGRATIONS-005;ES-FEAT-INTEGRATIONS-006;ES-FEAT-INTEGRATIONS-007;ES-FEAT-INTEGRATIONS-008;ES-FEAT-INTEGRATIONS-009;ES-FEAT-INTEGRATIONS-010;ES-FEAT-INTEGRATIONS-011;ES-FEAT-INTEGRATIONS-012;ES-FEAT-INTEGRATIONS-013;ES-FEAT-INTEGRATIONS-014;ES-FEAT-INTEGRATIONS-015;ES-FEAT-INTEGRATIONS-016,1,15,NO,NO,YES,YES,DOC-CG-EXTERNAL-INTEGRATIONS-ADAPTERS; Founder disposition required before adoption or activation,"Behavioral repository verification, test execution, and runtime evidence require separate authorization","AUTHORIZATION;DATA;SOFT_PLANNING_INFERENCE relationship inferred from domain shell, identity, relationship, communications, and task hubs; not an empirically verified runtime blast radius.",STRONGLY_INFERRED,AUTHORIZATION;DATA;SOFT_PLANNING_INFERENCE,Architecture-wide shell/root counts are planning relationships and not empirically verified runtime blast radius.
ES-FEAT-INTEGRATIONS-002,QuickBooks,Integrations and external providers,ES-FEAT-PLATFORM-001;ES-FEAT-INTEGRATIONS-001;ES-FEAT-IDENTITY-001;ES-FEAT-RELATIONSHIP-001;ES-FEAT-FINANCIAL-001;ES-FEAT-COMMUNICATIONS-001;ES-FEAT-TASKS-001;ES-FEAT-HORSE-001;ES-FEAT-CARE-001,,9,0,NO,NO,YES,YES,DOC-CG-EXTERNAL-INTEGRATIONS-ADAPTERS; Founder disposition required before adoption or activation,Implementation design or discovery required under separate authority,"AUTHORIZATION;DATA;SOFT_PLANNING_INFERENCE relationship inferred from domain shell, identity, relationship, communications, and task hubs; not an empirically verified runtime blast radius.",STRONGLY_INFERRED,AUTHORIZATION;DATA;SOFT_PLANNING_INFERENCE,Architecture-wide shell/root counts are planning relationships and not empirically verified runtime blast radius.
ES-FEAT-INTEGRATIONS-003,Google Calendar,Integrations and external providers,ES-FEAT-PLATFORM-001;ES-FEAT-INTEGRATIONS-001;ES-FEAT-IDENTITY-001;ES-FEAT-RELATIONSHIP-001;ES-FEAT-FINANCIAL-001;ES-FEAT-COMMUNICATIONS-001;ES-FEAT-TASKS-001;ES-FEAT-HORSE-001,,8,0,NO,NO,YES,YES,DOC-CG-EXTERNAL-INTEGRATIONS-ADAPTERS; Founder disposition required before adoption or activation,"Behavioral repository verification, test execution, and runtime evidence require separate authorization","AUTHORIZATION;DATA;SOFT_PLANNING_INFERENCE relationship inferred from domain shell, identity, relationship, communications, and task hubs; not an empirically verified runtime blast radius.",STRONGLY_INFERRED,AUTHORIZATION;DATA;SOFT_PLANNING_INFERENCE,Architecture-wide shell/root counts are planning relationships and not empirically verified runtime blast radius.
ES-FEAT-INTEGRATIONS-004,Microsoft Calendar,Integrations and external providers,ES-FEAT-PLATFORM-001;ES-FEAT-INTEGRATIONS-001;ES-FEAT-IDENTITY-001;ES-FEAT-RELATIONSHIP-001;ES-FEAT-FINANCIAL-001;ES-FEAT-COMMUNICATIONS-001;ES-FEAT-TASKS-001;ES-FEAT-HORSE-001,,8,0,NO,NO,YES,YES,DOC-CG-EXTERNAL-INTEGRATIONS-ADAPTERS; Founder disposition required before adoption or activation,Implementation design or discovery required under separate authority,"AUTHORIZATION;DATA;SOFT_PLANNING_INFERENCE relationship inferred from domain shell, identity, relationship, communications, and task hubs; not an empirically verified runtime blast radius.",STRONGLY_INFERRED,AUTHORIZATION;DATA;SOFT_PLANNING_INFERENCE,Architecture-wide shell/root counts are planning relationships and not empirically verified runtime blast radius.
ES-FEAT-INTEGRATIONS-005,Apple Calendar or ICS,Integrations and external providers,ES-FEAT-PLATFORM-001;ES-FEAT-INTEGRATIONS-001;ES-FEAT-IDENTITY-001;ES-FEAT-RELATIONSHIP-001;ES-FEAT-FINANCIAL-001;ES-FEAT-COMMUNICATIONS-001;ES-FEAT-TASKS-001;ES-FEAT-HORSE-001,,8,0,NO,NO,YES,YES,DOC-CG-EXTERNAL-INTEGRATIONS-ADAPTERS; Founder disposition required before adoption or activation,Implementation design or discovery required under separate authority,"AUTHORIZATION;DATA;SOFT_PLANNING_INFERENCE relationship inferred from domain shell, identity, relationship, communications, and task hubs; not an empirically verified runtime blast radius.",STRONGLY_INFERRED,AUTHORIZATION;DATA;SOFT_PLANNING_INFERENCE,Architecture-wide shell/root counts are planning relationships and not empirically verified runtime blast radius.
ES-FEAT-INTEGRATIONS-006,email,Integrations and external providers,ES-FEAT-PLATFORM-001;ES-FEAT-INTEGRATIONS-001;ES-FEAT-IDENTITY-001;ES-FEAT-RELATIONSHIP-001;ES-FEAT-FINANCIAL-001;ES-FEAT-COMMUNICATIONS-001;ES-FEAT-TASKS-001,,7,0,NO,NO,YES,YES,DOC-CG-EXTERNAL-INTEGRATIONS-ADAPTERS; Founder disposition required before adoption or activation,"Behavioral repository verification, test execution, and runtime evidence require separate authorization","AUTHORIZATION;DATA;SOFT_PLANNING_INFERENCE relationship inferred from domain shell, identity, relationship, communications, and task hubs; not an empirically verified runtime blast radius.",STRONGLY_INFERRED,AUTHORIZATION;DATA;SOFT_PLANNING_INFERENCE,Architecture-wide shell/root counts are planning relationships and not empirically verified runtime blast radius.
ES-FEAT-INTEGRATIONS-007,SMS,Integrations and external providers,ES-FEAT-PLATFORM-001;ES-FEAT-INTEGRATIONS-001;ES-FEAT-IDENTITY-001;ES-FEAT-RELATIONSHIP-001;ES-FEAT-FINANCIAL-001;ES-FEAT-COMMUNICATIONS-001;ES-FEAT-TASKS-001;ES-FEAT-HORSE-001;ES-FEAT-CARE-001,,9,0,NO,NO,YES,YES,DOC-CG-EXTERNAL-INTEGRATIONS-ADAPTERS; Founder disposition required before adoption or activation,Implementation design or discovery required under separate authority,"AUTHORIZATION;DATA;SOFT_PLANNING_INFERENCE relationship inferred from domain shell, identity, relationship, communications, and task hubs; not an empirically verified runtime blast radius.",STRONGLY_INFERRED,AUTHORIZATION;DATA;SOFT_PLANNING_INFERENCE,Architecture-wide shell/root counts are planning relationships and not empirically verified runtime blast radius.
ES-FEAT-INTEGRATIONS-008,push notifications,Integrations and external providers,ES-FEAT-PLATFORM-001;ES-FEAT-INTEGRATIONS-001;ES-FEAT-IDENTITY-001;ES-FEAT-RELATIONSHIP-001;ES-FEAT-FINANCIAL-001;ES-FEAT-COMMUNICATIONS-001;ES-FEAT-TASKS-001;ES-FEAT-HORSE-001,,8,0,NO,NO,YES,YES,DOC-CG-EXTERNAL-INTEGRATIONS-ADAPTERS; Founder disposition required before adoption or activation,Implementation design or discovery required under separate authority,"AUTHORIZATION;DATA;SOFT_PLANNING_INFERENCE relationship inferred from domain shell, identity, relationship, communications, and task hubs; not an empirically verified runtime blast radius.",STRONGLY_INFERRED,AUTHORIZATION;DATA;SOFT_PLANNING_INFERENCE,Architecture-wide shell/root counts are planning relationships and not empirically verified runtime blast radius.
ES-FEAT-INTEGRATIONS-009,electronic-signature providers,Integrations and external providers,ES-FEAT-PLATFORM-001;ES-FEAT-INTEGRATIONS-001;ES-FEAT-IDENTITY-001;ES-FEAT-RELATIONSHIP-001;ES-FEAT-FINANCIAL-001;ES-FEAT-COMMUNICATIONS-001;ES-FEAT-TASKS-001;ES-FEAT-HORSE-001;ES-FEAT-CARE-001,,9,0,NO,NO,YES,YES,DOC-CG-EXTERNAL-INTEGRATIONS-ADAPTERS; Founder disposition required before adoption or activation,"Behavioral repository verification, test execution, and runtime evidence require separate authorization","AUTHORIZATION;DATA;SOFT_PLANNING_INFERENCE relationship inferred from domain shell, identity, relationship, communications, and task hubs; not an empirically verified runtime blast radius.",STRONGLY_INFERRED,AUTHORIZATION;DATA;SOFT_PLANNING_INFERENCE,Architecture-wide shell/root counts are planning relationships and not empirically verified runtime blast radius.
ES-FEAT-INTEGRATIONS-010,maps,Integrations and external providers,ES-FEAT-PLATFORM-001;ES-FEAT-INTEGRATIONS-001;ES-FEAT-IDENTITY-001;ES-FEAT-RELATIONSHIP-001;ES-FEAT-FINANCIAL-001;ES-FEAT-COMMUNICATIONS-001;ES-FEAT-TASKS-001;ES-FEAT-HORSE-001;ES-FEAT-CARE-001,,9,0,NO,NO,YES,YES,DOC-CG-EXTERNAL-INTEGRATIONS-ADAPTERS; Founder disposition required before adoption or activation,Implementation design or discovery required under separate authority,"AUTHORIZATION;DATA;SOFT_PLANNING_INFERENCE relationship inferred from domain shell, identity, relationship, communications, and task hubs; not an empirically verified runtime blast radius.",STRONGLY_INFERRED,AUTHORIZATION;DATA;SOFT_PLANNING_INFERENCE,Architecture-wide shell/root counts are planning relationships and not empirically verified runtime blast radius.
ES-FEAT-INTEGRATIONS-011,storage,Integrations and external providers,ES-FEAT-PLATFORM-001;ES-FEAT-INTEGRATIONS-001;ES-FEAT-IDENTITY-001;ES-FEAT-RELATIONSHIP-001;ES-FEAT-FINANCIAL-001;ES-FEAT-COMMUNICATIONS-001;ES-FEAT-TASKS-001;ES-FEAT-HORSE-001;ES-FEAT-CARE-001,,9,0,NO,NO,YES,YES,DOC-CG-EXTERNAL-INTEGRATIONS-ADAPTERS; Founder disposition required before adoption or activation,"Behavioral repository verification, test execution, and runtime evidence require separate authorization","AUTHORIZATION;DATA;SOFT_PLANNING_INFERENCE relationship inferred from domain shell, identity, relationship, communications, and task hubs; not an empirically verified runtime blast radius.",STRONGLY_INFERRED,AUTHORIZATION;DATA;SOFT_PLANNING_INFERENCE,Architecture-wide shell/root counts are planning relationships and not empirically verified runtime blast radius.
ES-FEAT-INTEGRATIONS-012,media processing,Integrations and external providers,ES-FEAT-PLATFORM-001;ES-FEAT-INTEGRATIONS-001;ES-FEAT-IDENTITY-001;ES-FEAT-RELATIONSHIP-001;ES-FEAT-FINANCIAL-001;ES-FEAT-COMMUNICATIONS-001;ES-FEAT-TASKS-001;ES-FEAT-CARE-001,,8,0,NO,NO,YES,YES,DOC-CG-EXTERNAL-INTEGRATIONS-ADAPTERS; Founder disposition required before adoption or activation,"Behavioral repository verification, test execution, and runtime evidence require separate authorization","AUTHORIZATION;DATA;SOFT_PLANNING_INFERENCE relationship inferred from domain shell, identity, relationship, communications, and task hubs; not an empirically verified runtime blast radius.",STRONGLY_INFERRED,AUTHORIZATION;DATA;SOFT_PLANNING_INFERENCE,Architecture-wide shell/root counts are planning relationships and not empirically verified runtime blast radius.
ES-FEAT-INTEGRATIONS-013,identity providers,Integrations and external providers,ES-FEAT-PLATFORM-001;ES-FEAT-INTEGRATIONS-001;ES-FEAT-IDENTITY-001;ES-FEAT-RELATIONSHIP-001;ES-FEAT-FINANCIAL-001;ES-FEAT-COMMUNICATIONS-001;ES-FEAT-TASKS-001;ES-FEAT-HORSE-001;ES-FEAT-CARE-001,,9,0,NO,NO,YES,YES,DOC-CG-EXTERNAL-INTEGRATIONS-ADAPTERS; Founder disposition required before adoption or activation,Implementation design or discovery required under separate authority,"AUTHORIZATION;DATA;SOFT_PLANNING_INFERENCE relationship inferred from domain shell, identity, relationship, communications, and task hubs; not an empirically verified runtime blast radius.",STRONGLY_INFERRED,AUTHORIZATION;DATA;SOFT_PLANNING_INFERENCE,Architecture-wide shell/root counts are planning relationships and not empirically verified runtime blast radius.
ES-FEAT-INTEGRATIONS-014,accounting imports,Integrations and external providers,ES-FEAT-PLATFORM-001;ES-FEAT-INTEGRATIONS-001;ES-FEAT-IDENTITY-001;ES-FEAT-RELATIONSHIP-001;ES-FEAT-FINANCIAL-001;ES-FEAT-COMMUNICATIONS-001;ES-FEAT-TASKS-001;ES-FEAT-HORSE-001;ES-FEAT-CARE-001,,9,0,NO,NO,YES,YES,DOC-CG-EXTERNAL-INTEGRATIONS-ADAPTERS; Founder disposition required before adoption or activation,"Behavioral repository verification, test execution, and runtime evidence require separate authorization","AUTHORIZATION;DATA;SOFT_PLANNING_INFERENCE relationship inferred from domain shell, identity, relationship, communications, and task hubs; not an empirically verified runtime blast radius.",STRONGLY_INFERRED,AUTHORIZATION;DATA;SOFT_PLANNING_INFERENCE,Architecture-wide shell/root counts are planning relationships and not empirically verified runtime blast radius.
ES-FEAT-INTEGRATIONS-015,payment imports,Integrations and external providers,ES-FEAT-PLATFORM-001;ES-FEAT-INTEGRATIONS-001;ES-FEAT-IDENTITY-001;ES-FEAT-RELATIONSHIP-001;ES-FEAT-FINANCIAL-001;ES-FEAT-COMMUNICATIONS-001;ES-FEAT-TASKS-001,,7,0,NO,NO,YES,YES,DOC-CG-EXTERNAL-INTEGRATIONS-ADAPTERS; Founder disposition required before adoption or activation,"Behavioral repository verification, test execution, and runtime evidence require separate authorization","AUTHORIZATION;DATA;SOFT_PLANNING_INFERENCE relationship inferred from domain shell, identity, relationship, communications, and task hubs; not an empirically verified runtime blast radius.",STRONGLY_INFERRED,AUTHORIZATION;DATA;SOFT_PLANNING_INFERENCE,Architecture-wide shell/root counts are planning relationships and not empirically verified runtime blast radius.
ES-FEAT-INTEGRATIONS-016,data export,Integrations and external providers,ES-FEAT-PLATFORM-001;ES-FEAT-INTEGRATIONS-001;ES-FEAT-IDENTITY-001;ES-FEAT-RELATIONSHIP-001;ES-FEAT-FINANCIAL-001;ES-FEAT-COMMUNICATIONS-001;ES-FEAT-TASKS-001,,7,0,NO,NO,YES,YES,DOC-CG-EXTERNAL-INTEGRATIONS-ADAPTERS; Founder disposition required before adoption or activation,"Behavioral repository verification, test execution, and runtime evidence require separate authorization","AUTHORIZATION;DATA;SOFT_PLANNING_INFERENCE relationship inferred from domain shell, identity, relationship, communications, and task hubs; not an empirically verified runtime blast radius.",STRONGLY_INFERRED,AUTHORIZATION;DATA;SOFT_PLANNING_INFERENCE,Architecture-wide shell/root counts are planning relationships and not empirically verified runtime blast radius.
ES-FEAT-MOBILE-001,native apps,"Mobile, offline, and synchronization",ES-FEAT-PLATFORM-001,ES-FEAT-MOBILE-002;ES-FEAT-MOBILE-003;ES-FEAT-MOBILE-004;ES-FEAT-MOBILE-005;ES-FEAT-MOBILE-006;ES-FEAT-MOBILE-007;ES-FEAT-MOBILE-008;ES-FEAT-MOBILE-009;ES-FEAT-MOBILE-010;ES-FEAT-MOBILE-011;ES-FEAT-MOBILE-012;ES-FEAT-MOBILE-013,1,12,NO,NO,YES,YES,DOC-ADR-MOBILE-OFFLINE-SYNC; Founder disposition required before adoption or activation,Implementation design or discovery required under separate authority,"AUTHORIZATION;DATA;SOFT_PLANNING_INFERENCE relationship inferred from domain shell, identity, relationship, communications, and task hubs; not an empirically verified runtime blast radius.",STRONGLY_INFERRED,AUTHORIZATION;DATA;SOFT_PLANNING_INFERENCE,Architecture-wide shell/root counts are planning relationships and not empirically verified runtime blast radius.
ES-FEAT-MOBILE-002,PWA,"Mobile, offline, and synchronization",ES-FEAT-PLATFORM-001;ES-FEAT-MOBILE-001;ES-FEAT-IDENTITY-001;ES-FEAT-RELATIONSHIP-001;ES-FEAT-COMMUNICATIONS-001;ES-FEAT-TASKS-001,,6,0,NO,NO,YES,YES,DOC-ADR-MOBILE-OFFLINE-SYNC; Founder disposition required before adoption or activation,"Behavioral repository verification, test execution, and runtime evidence require separate authorization","AUTHORIZATION;DATA;SOFT_PLANNING_INFERENCE relationship inferred from domain shell, identity, relationship, communications, and task hubs; not an empirically verified runtime blast radius.",STRONGLY_INFERRED,AUTHORIZATION;DATA;SOFT_PLANNING_INFERENCE,Architecture-wide shell/root counts are planning relationships and not empirically verified runtime blast radius.
ES-FEAT-MOBILE-003,local storage,"Mobile, offline, and synchronization",ES-FEAT-PLATFORM-001;ES-FEAT-MOBILE-001;ES-FEAT-IDENTITY-001;ES-FEAT-RELATIONSHIP-001;ES-FEAT-COMMUNICATIONS-001;ES-FEAT-TASKS-001,,6,0,NO,NO,YES,YES,DOC-ADR-MOBILE-OFFLINE-SYNC; Founder disposition required before adoption or activation,"Behavioral repository verification, test execution, and runtime evidence require separate authorization","AUTHORIZATION;DATA;SOFT_PLANNING_INFERENCE relationship inferred from domain shell, identity, relationship, communications, and task hubs; not an empirically verified runtime blast radius.",STRONGLY_INFERRED,AUTHORIZATION;DATA;SOFT_PLANNING_INFERENCE,Architecture-wide shell/root counts are planning relationships and not empirically verified runtime blast radius.
ES-FEAT-MOBILE-004,offline task work,"Mobile, offline, and synchronization",ES-FEAT-PLATFORM-001;ES-FEAT-MOBILE-001;ES-FEAT-IDENTITY-001;ES-FEAT-RELATIONSHIP-001;ES-FEAT-COMMUNICATIONS-001;ES-FEAT-TASKS-001,,6,0,NO,NO,YES,YES,DOC-ADR-MOBILE-OFFLINE-SYNC; Founder disposition required before adoption or activation,"Behavioral repository verification, test execution, and runtime evidence require separate authorization","AUTHORIZATION;DATA;SOFT_PLANNING_INFERENCE relationship inferred from domain shell, identity, relationship, communications, and task hubs; not an empirically verified runtime blast radius.",STRONGLY_INFERRED,AUTHORIZATION;DATA;SOFT_PLANNING_INFERENCE,Architecture-wide shell/root counts are planning relationships and not empirically verified runtime blast radius.
ES-FEAT-MOBILE-005,offline care work,"Mobile, offline, and synchronization",ES-FEAT-PLATFORM-001;ES-FEAT-MOBILE-001;ES-FEAT-IDENTITY-001;ES-FEAT-RELATIONSHIP-001;ES-FEAT-COMMUNICATIONS-001;ES-FEAT-TASKS-001;ES-FEAT-HORSE-001;ES-FEAT-CARE-001,,8,0,NO,NO,YES,YES,DOC-ADR-MOBILE-OFFLINE-SYNC; Founder disposition required before adoption or activation,"Behavioral repository verification, test execution, and runtime evidence require separate authorization","AUTHORIZATION;DATA;SOFT_PLANNING_INFERENCE relationship inferred from domain shell, identity, relationship, communications, and task hubs; not an empirically verified runtime blast radius.",STRONGLY_INFERRED,AUTHORIZATION;DATA;SOFT_PLANNING_INFERENCE,Architecture-wide shell/root counts are planning relationships and not empirically verified runtime blast radius.
ES-FEAT-MOBILE-006,queued writes,"Mobile, offline, and synchronization",ES-FEAT-PLATFORM-001;ES-FEAT-MOBILE-001;ES-FEAT-IDENTITY-001;ES-FEAT-RELATIONSHIP-001;ES-FEAT-FINANCIAL-001;ES-FEAT-COMMUNICATIONS-001;ES-FEAT-TASKS-001;ES-FEAT-HORSE-001,,8,0,NO,NO,YES,YES,DOC-ADR-MOBILE-OFFLINE-SYNC; Founder disposition required before adoption or activation,"Behavioral repository verification, test execution, and runtime evidence require separate authorization","AUTHORIZATION;DATA;SOFT_PLANNING_INFERENCE relationship inferred from domain shell, identity, relationship, communications, and task hubs; not an empirically verified runtime blast radius.",STRONGLY_INFERRED,AUTHORIZATION;DATA;SOFT_PLANNING_INFERENCE,Architecture-wide shell/root counts are planning relationships and not empirically verified runtime blast radius.
ES-FEAT-MOBILE-007,stale permissions,"Mobile, offline, and synchronization",ES-FEAT-PLATFORM-001;ES-FEAT-MOBILE-001;ES-FEAT-IDENTITY-001;ES-FEAT-RELATIONSHIP-001;ES-FEAT-FINANCIAL-001;ES-FEAT-COMMUNICATIONS-001;ES-FEAT-TASKS-001,,7,0,NO,NO,YES,YES,DOC-ADR-MOBILE-OFFLINE-SYNC; Founder disposition required before adoption or activation,"Behavioral repository verification, test execution, and runtime evidence require separate authorization","AUTHORIZATION;DATA;SOFT_PLANNING_INFERENCE relationship inferred from domain shell, identity, relationship, communications, and task hubs; not an empirically verified runtime blast radius.",STRONGLY_INFERRED,AUTHORIZATION;DATA;SOFT_PLANNING_INFERENCE,Architecture-wide shell/root counts are planning relationships and not empirically verified runtime blast radius.
ES-FEAT-MOBILE-008,stale guardian authority,"Mobile, offline, and synchronization",ES-FEAT-PLATFORM-001;ES-FEAT-MOBILE-001;ES-FEAT-IDENTITY-001;ES-FEAT-RELATIONSHIP-001;ES-FEAT-FINANCIAL-001;ES-FEAT-COMMUNICATIONS-001;ES-FEAT-TASKS-001,,7,0,NO,NO,YES,YES,DOC-ADR-MOBILE-OFFLINE-SYNC; Founder disposition required before adoption or activation,"Behavioral repository verification, test execution, and runtime evidence require separate authorization","AUTHORIZATION;DATA;SOFT_PLANNING_INFERENCE relationship inferred from domain shell, identity, relationship, communications, and task hubs; not an empirically verified runtime blast radius.",STRONGLY_INFERRED,AUTHORIZATION;DATA;SOFT_PLANNING_INFERENCE,Architecture-wide shell/root counts are planning relationships and not empirically verified runtime blast radius.
ES-FEAT-MOBILE-009,conflict detection,"Mobile, offline, and synchronization",ES-FEAT-PLATFORM-001;ES-FEAT-MOBILE-001;ES-FEAT-IDENTITY-001;ES-FEAT-RELATIONSHIP-001;ES-FEAT-COMMUNICATIONS-001;ES-FEAT-TASKS-001,,6,0,NO,NO,YES,YES,DOC-ADR-MOBILE-OFFLINE-SYNC; Founder disposition required before adoption or activation,"Behavioral repository verification, test execution, and runtime evidence require separate authorization","AUTHORIZATION;DATA;SOFT_PLANNING_INFERENCE relationship inferred from domain shell, identity, relationship, communications, and task hubs; not an empirically verified runtime blast radius.",STRONGLY_INFERRED,AUTHORIZATION;DATA;SOFT_PLANNING_INFERENCE,Architecture-wide shell/root counts are planning relationships and not empirically verified runtime blast radius.
ES-FEAT-MOBILE-010,conflict resolution,"Mobile, offline, and synchronization",ES-FEAT-PLATFORM-001;ES-FEAT-MOBILE-001;ES-FEAT-IDENTITY-001;ES-FEAT-RELATIONSHIP-001;ES-FEAT-COMMUNICATIONS-001;ES-FEAT-TASKS-001,,6,0,NO,NO,YES,YES,DOC-ADR-MOBILE-OFFLINE-SYNC; Founder disposition required before adoption or activation,"Behavioral repository verification, test execution, and runtime evidence require separate authorization","AUTHORIZATION;DATA;SOFT_PLANNING_INFERENCE relationship inferred from domain shell, identity, relationship, communications, and task hubs; not an empirically verified runtime blast radius.",STRONGLY_INFERRED,AUTHORIZATION;DATA;SOFT_PLANNING_INFERENCE,Architecture-wide shell/root counts are planning relationships and not empirically verified runtime blast radius.
ES-FEAT-MOBILE-011,lost devices,"Mobile, offline, and synchronization",ES-FEAT-PLATFORM-001;ES-FEAT-MOBILE-001;ES-FEAT-IDENTITY-001;ES-FEAT-RELATIONSHIP-001;ES-FEAT-COMMUNICATIONS-001;ES-FEAT-TASKS-001,,6,0,NO,NO,YES,YES,DOC-ADR-MOBILE-OFFLINE-SYNC; Founder disposition required before adoption or activation,"Behavioral repository verification, test execution, and runtime evidence require separate authorization","AUTHORIZATION;DATA;SOFT_PLANNING_INFERENCE relationship inferred from domain shell, identity, relationship, communications, and task hubs; not an empirically verified runtime blast radius.",STRONGLY_INFERRED,AUTHORIZATION;DATA;SOFT_PLANNING_INFERENCE,Architecture-wide shell/root counts are planning relationships and not empirically verified runtime blast radius.
ES-FEAT-MOBILE-012,sync visibility,"Mobile, offline, and synchronization",ES-FEAT-PLATFORM-001;ES-FEAT-MOBILE-001;ES-FEAT-IDENTITY-001;ES-FEAT-RELATIONSHIP-001;ES-FEAT-COMMUNICATIONS-001;ES-FEAT-TASKS-001;ES-FEAT-HORSE-001,,7,0,NO,NO,YES,YES,DOC-ADR-MOBILE-OFFLINE-SYNC; Founder disposition required before adoption or activation,"Behavioral repository verification, test execution, and runtime evidence require separate authorization","AUTHORIZATION;DATA;SOFT_PLANNING_INFERENCE relationship inferred from domain shell, identity, relationship, communications, and task hubs; not an empirically verified runtime blast radius.",STRONGLY_INFERRED,AUTHORIZATION;DATA;SOFT_PLANNING_INFERENCE,Architecture-wide shell/root counts are planning relationships and not empirically verified runtime blast radius.
ES-FEAT-MOBILE-013,recovery (Mobile),"Mobile, offline, and synchronization",ES-FEAT-PLATFORM-001;ES-FEAT-MOBILE-001;ES-FEAT-IDENTITY-001;ES-FEAT-RELATIONSHIP-001;ES-FEAT-COMMUNICATIONS-001;ES-FEAT-TASKS-001,,6,0,NO,NO,YES,YES,DOC-ADR-MOBILE-OFFLINE-SYNC; Founder disposition required before adoption or activation,"Behavioral repository verification, test execution, and runtime evidence require separate authorization","AUTHORIZATION;DATA;SOFT_PLANNING_INFERENCE relationship inferred from domain shell, identity, relationship, communications, and task hubs; not an empirically verified runtime blast radius.",STRONGLY_INFERRED,AUTHORIZATION;DATA;SOFT_PLANNING_INFERENCE,Architecture-wide shell/root counts are planning relationships and not empirically verified runtime blast radius.
ES-FEAT-ADMINOPS-001,platform administration,"Administration, support, security, and operations",ES-FEAT-PLATFORM-001,ES-FEAT-ADMINOPS-002;ES-FEAT-ADMINOPS-003;ES-FEAT-ADMINOPS-004;ES-FEAT-ADMINOPS-005;ES-FEAT-ADMINOPS-006;ES-FEAT-ADMINOPS-007;ES-FEAT-ADMINOPS-008;ES-FEAT-ADMINOPS-009;ES-FEAT-ADMINOPS-010;ES-FEAT-ADMINOPS-011;ES-FEAT-ADMINOPS-012;ES-FEAT-ADMINOPS-013;ES-FEAT-ADMINOPS-014;ES-FEAT-ADMINOPS-015;ES-FEAT-ADMINOPS-016,1,15,NO,NO,YES,YES,DOC-RUNBOOK-ADMIN-SUPPORT-SECURITY-OPERATIONS; Founder disposition required before adoption or activation,"Behavioral repository verification, test execution, and runtime evidence require separate authorization","AUTHORIZATION;DATA;SOFT_PLANNING_INFERENCE relationship inferred from domain shell, identity, relationship, communications, and task hubs; not an empirically verified runtime blast radius.",STRONGLY_INFERRED,AUTHORIZATION;DATA;SOFT_PLANNING_INFERENCE,Architecture-wide shell/root counts are planning relationships and not empirically verified runtime blast radius.
ES-FEAT-ADMINOPS-002,facility administration,"Administration, support, security, and operations",ES-FEAT-PLATFORM-001;ES-FEAT-ADMINOPS-001;ES-FEAT-IDENTITY-001;ES-FEAT-RELATIONSHIP-001;ES-FEAT-FINANCIAL-001;ES-FEAT-COMMUNICATIONS-001;ES-FEAT-TASKS-001;ES-FEAT-CARE-001,,8,0,NO,NO,YES,YES,DOC-RUNBOOK-ADMIN-SUPPORT-SECURITY-OPERATIONS; Founder disposition required before adoption or activation,"Behavioral repository verification, test execution, and runtime evidence require separate authorization","AUTHORIZATION;DATA;SOFT_PLANNING_INFERENCE relationship inferred from domain shell, identity, relationship, communications, and task hubs; not an empirically verified runtime blast radius.",STRONGLY_INFERRED,AUTHORIZATION;DATA;SOFT_PLANNING_INFERENCE,Architecture-wide shell/root counts are planning relationships and not empirically verified runtime blast radius.
ES-FEAT-ADMINOPS-003,support tooling,"Administration, support, security, and operations",ES-FEAT-PLATFORM-001;ES-FEAT-ADMINOPS-001;ES-FEAT-IDENTITY-001;ES-FEAT-RELATIONSHIP-001;ES-FEAT-FINANCIAL-001;ES-FEAT-COMMUNICATIONS-001;ES-FEAT-TASKS-001;ES-FEAT-CARE-001,,8,0,NO,NO,YES,YES,DOC-RUNBOOK-ADMIN-SUPPORT-SECURITY-OPERATIONS; Founder disposition required before adoption or activation,"Behavioral repository verification, test execution, and runtime evidence require separate authorization","AUTHORIZATION;DATA;SOFT_PLANNING_INFERENCE relationship inferred from domain shell, identity, relationship, communications, and task hubs; not an empirically verified runtime blast radius.",STRONGLY_INFERRED,AUTHORIZATION;DATA;SOFT_PLANNING_INFERENCE,Architecture-wide shell/root counts are planning relationships and not empirically verified runtime blast radius.
ES-FEAT-ADMINOPS-004,impersonation,"Administration, support, security, and operations",ES-FEAT-PLATFORM-001;ES-FEAT-ADMINOPS-001;ES-FEAT-IDENTITY-001;ES-FEAT-RELATIONSHIP-001;ES-FEAT-FINANCIAL-001;ES-FEAT-COMMUNICATIONS-001;ES-FEAT-TASKS-001;ES-FEAT-CARE-001,,8,0,NO,NO,YES,YES,DOC-RUNBOOK-ADMIN-SUPPORT-SECURITY-OPERATIONS; Founder disposition required before adoption or activation,"Behavioral repository verification, test execution, and runtime evidence require separate authorization","AUTHORIZATION;DATA;SOFT_PLANNING_INFERENCE relationship inferred from domain shell, identity, relationship, communications, and task hubs; not an empirically verified runtime blast radius.",STRONGLY_INFERRED,AUTHORIZATION;DATA;SOFT_PLANNING_INFERENCE,Architecture-wide shell/root counts are planning relationships and not empirically verified runtime blast radius.
ES-FEAT-ADMINOPS-005,break-glass access,"Administration, support, security, and operations",ES-FEAT-PLATFORM-001;ES-FEAT-ADMINOPS-001;ES-FEAT-IDENTITY-001;ES-FEAT-RELATIONSHIP-001;ES-FEAT-FINANCIAL-001;ES-FEAT-COMMUNICATIONS-001;ES-FEAT-TASKS-001;ES-FEAT-CARE-001,,8,0,NO,NO,YES,YES,DOC-RUNBOOK-ADMIN-SUPPORT-SECURITY-OPERATIONS; Founder disposition required before adoption or activation,"Behavioral repository verification, test execution, and runtime evidence require separate authorization","AUTHORIZATION;DATA;SOFT_PLANNING_INFERENCE relationship inferred from domain shell, identity, relationship, communications, and task hubs; not an empirically verified runtime blast radius.",STRONGLY_INFERRED,AUTHORIZATION;DATA;SOFT_PLANNING_INFERENCE,Architecture-wide shell/root counts are planning relationships and not empirically verified runtime blast radius.
ES-FEAT-ADMINOPS-006,monitoring,"Administration, support, security, and operations",ES-FEAT-PLATFORM-001;ES-FEAT-ADMINOPS-001;ES-FEAT-IDENTITY-001;ES-FEAT-RELATIONSHIP-001;ES-FEAT-FINANCIAL-001;ES-FEAT-COMMUNICATIONS-001;ES-FEAT-TASKS-001;ES-FEAT-CARE-001,,8,0,NO,NO,YES,YES,DOC-RUNBOOK-ADMIN-SUPPORT-SECURITY-OPERATIONS; Founder disposition required before adoption or activation,"Behavioral repository verification, test execution, and runtime evidence require separate authorization","AUTHORIZATION;DATA;SOFT_PLANNING_INFERENCE relationship inferred from domain shell, identity, relationship, communications, and task hubs; not an empirically verified runtime blast radius.",STRONGLY_INFERRED,AUTHORIZATION;DATA;SOFT_PLANNING_INFERENCE,Architecture-wide shell/root counts are planning relationships and not empirically verified runtime blast radius.
ES-FEAT-ADMINOPS-007,audit review,"Administration, support, security, and operations",ES-FEAT-PLATFORM-001;ES-FEAT-ADMINOPS-001;ES-FEAT-IDENTITY-001;ES-FEAT-RELATIONSHIP-001;ES-FEAT-FINANCIAL-001;ES-FEAT-COMMUNICATIONS-001;ES-FEAT-TASKS-001;ES-FEAT-CARE-001,,8,0,NO,NO,YES,YES,DOC-RUNBOOK-ADMIN-SUPPORT-SECURITY-OPERATIONS; Founder disposition required before adoption or activation,"Behavioral repository verification, test execution, and runtime evidence require separate authorization","AUTHORIZATION;DATA;SOFT_PLANNING_INFERENCE relationship inferred from domain shell, identity, relationship, communications, and task hubs; not an empirically verified runtime blast radius.",STRONGLY_INFERRED,AUTHORIZATION;DATA;SOFT_PLANNING_INFERENCE,Architecture-wide shell/root counts are planning relationships and not empirically verified runtime blast radius.
ES-FEAT-ADMINOPS-008,incident response,"Administration, support, security, and operations",ES-FEAT-PLATFORM-001;ES-FEAT-ADMINOPS-001;ES-FEAT-IDENTITY-001;ES-FEAT-RELATIONSHIP-001;ES-FEAT-FINANCIAL-001;ES-FEAT-COMMUNICATIONS-001;ES-FEAT-TASKS-001;ES-FEAT-CARE-001,,8,0,NO,NO,YES,YES,DOC-RUNBOOK-ADMIN-SUPPORT-SECURITY-OPERATIONS; Founder disposition required before adoption or activation,"Behavioral repository verification, test execution, and runtime evidence require separate authorization","AUTHORIZATION;DATA;SOFT_PLANNING_INFERENCE relationship inferred from domain shell, identity, relationship, communications, and task hubs; not an empirically verified runtime blast radius.",STRONGLY_INFERRED,AUTHORIZATION;DATA;SOFT_PLANNING_INFERENCE,Architecture-wide shell/root counts are planning relationships and not empirically verified runtime blast radius.
ES-FEAT-ADMINOPS-009,backup,"Administration, support, security, and operations",ES-FEAT-PLATFORM-001;ES-FEAT-ADMINOPS-001;ES-FEAT-IDENTITY-001;ES-FEAT-RELATIONSHIP-001;ES-FEAT-FINANCIAL-001;ES-FEAT-COMMUNICATIONS-001;ES-FEAT-TASKS-001;ES-FEAT-CARE-001,,8,0,NO,NO,YES,YES,DOC-RUNBOOK-ADMIN-SUPPORT-SECURITY-OPERATIONS; Founder disposition required before adoption or activation,"Behavioral repository verification, test execution, and runtime evidence require separate authorization","AUTHORIZATION;DATA;SOFT_PLANNING_INFERENCE relationship inferred from domain shell, identity, relationship, communications, and task hubs; not an empirically verified runtime blast radius.",STRONGLY_INFERRED,AUTHORIZATION;DATA;SOFT_PLANNING_INFERENCE,Architecture-wide shell/root counts are planning relationships and not empirically verified runtime blast radius.
ES-FEAT-ADMINOPS-010,restore,"Administration, support, security, and operations",ES-FEAT-PLATFORM-001;ES-FEAT-ADMINOPS-001;ES-FEAT-IDENTITY-001;ES-FEAT-RELATIONSHIP-001;ES-FEAT-FINANCIAL-001;ES-FEAT-COMMUNICATIONS-001;ES-FEAT-TASKS-001;ES-FEAT-CARE-001,,8,0,NO,NO,YES,YES,DOC-RUNBOOK-ADMIN-SUPPORT-SECURITY-OPERATIONS; Founder disposition required before adoption or activation,"Behavioral repository verification, test execution, and runtime evidence require separate authorization","AUTHORIZATION;DATA;SOFT_PLANNING_INFERENCE relationship inferred from domain shell, identity, relationship, communications, and task hubs; not an empirically verified runtime blast radius.",STRONGLY_INFERRED,AUTHORIZATION;DATA;SOFT_PLANNING_INFERENCE,Architecture-wide shell/root counts are planning relationships and not empirically verified runtime blast radius.
ES-FEAT-ADMINOPS-011,rollback,"Administration, support, security, and operations",ES-FEAT-PLATFORM-001;ES-FEAT-ADMINOPS-001;ES-FEAT-IDENTITY-001;ES-FEAT-RELATIONSHIP-001;ES-FEAT-FINANCIAL-001;ES-FEAT-COMMUNICATIONS-001;ES-FEAT-TASKS-001;ES-FEAT-CARE-001,,8,0,NO,NO,YES,YES,DOC-RUNBOOK-ADMIN-SUPPORT-SECURITY-OPERATIONS; Founder disposition required before adoption or activation,"Behavioral repository verification, test execution, and runtime evidence require separate authorization","AUTHORIZATION;DATA;SOFT_PLANNING_INFERENCE relationship inferred from domain shell, identity, relationship, communications, and task hubs; not an empirically verified runtime blast radius.",STRONGLY_INFERRED,AUTHORIZATION;DATA;SOFT_PLANNING_INFERENCE,Architecture-wide shell/root counts are planning relationships and not empirically verified runtime blast radius.
ES-FEAT-ADMINOPS-012,feature flags,"Administration, support, security, and operations",ES-FEAT-PLATFORM-001;ES-FEAT-ADMINOPS-001;ES-FEAT-IDENTITY-001;ES-FEAT-RELATIONSHIP-001;ES-FEAT-FINANCIAL-001;ES-FEAT-COMMUNICATIONS-001;ES-FEAT-TASKS-001;ES-FEAT-CARE-001,,8,0,NO,NO,YES,YES,DOC-RUNBOOK-ADMIN-SUPPORT-SECURITY-OPERATIONS; Founder disposition required before adoption or activation,"Behavioral repository verification, test execution, and runtime evidence require separate authorization","AUTHORIZATION;DATA;SOFT_PLANNING_INFERENCE relationship inferred from domain shell, identity, relationship, communications, and task hubs; not an empirically verified runtime blast radius.",STRONGLY_INFERRED,AUTHORIZATION;DATA;SOFT_PLANNING_INFERENCE,Architecture-wide shell/root counts are planning relationships and not empirically verified runtime blast radius.
ES-FEAT-ADMINOPS-013,release,"Administration, support, security, and operations",ES-FEAT-PLATFORM-001;ES-FEAT-ADMINOPS-001;ES-FEAT-IDENTITY-001;ES-FEAT-RELATIONSHIP-001;ES-FEAT-FINANCIAL-001;ES-FEAT-COMMUNICATIONS-001;ES-FEAT-TASKS-001;ES-FEAT-CARE-001,,8,0,NO,NO,YES,YES,DOC-RUNBOOK-ADMIN-SUPPORT-SECURITY-OPERATIONS; Founder disposition required before adoption or activation,"Behavioral repository verification, test execution, and runtime evidence require separate authorization","AUTHORIZATION;DATA;SOFT_PLANNING_INFERENCE relationship inferred from domain shell, identity, relationship, communications, and task hubs; not an empirically verified runtime blast radius.",STRONGLY_INFERRED,AUTHORIZATION;DATA;SOFT_PLANNING_INFERENCE,Architecture-wide shell/root counts are planning relationships and not empirically verified runtime blast radius.
ES-FEAT-ADMINOPS-014,suspension,"Administration, support, security, and operations",ES-FEAT-PLATFORM-001;ES-FEAT-ADMINOPS-001;ES-FEAT-IDENTITY-001;ES-FEAT-RELATIONSHIP-001;ES-FEAT-FINANCIAL-001;ES-FEAT-COMMUNICATIONS-001;ES-FEAT-TASKS-001;ES-FEAT-CARE-001,,8,0,NO,NO,YES,YES,DOC-RUNBOOK-ADMIN-SUPPORT-SECURITY-OPERATIONS; Founder disposition required before adoption or activation,"Behavioral repository verification, test execution, and runtime evidence require separate authorization","AUTHORIZATION;DATA;SOFT_PLANNING_INFERENCE relationship inferred from domain shell, identity, relationship, communications, and task hubs; not an empirically verified runtime blast radius.",STRONGLY_INFERRED,AUTHORIZATION;DATA;SOFT_PLANNING_INFERENCE,Architecture-wide shell/root counts are planning relationships and not empirically verified runtime blast radius.
ES-FEAT-ADMINOPS-015,provider operations,"Administration, support, security, and operations",ES-FEAT-PLATFORM-001;ES-FEAT-ADMINOPS-001;ES-FEAT-IDENTITY-001;ES-FEAT-RELATIONSHIP-001;ES-FEAT-FINANCIAL-001;ES-FEAT-COMMUNICATIONS-001;ES-FEAT-TASKS-001;ES-FEAT-CARE-001,,8,0,NO,NO,YES,YES,DOC-RUNBOOK-ADMIN-SUPPORT-SECURITY-OPERATIONS; Founder disposition required before adoption or activation,"Behavioral repository verification, test execution, and runtime evidence require separate authorization","AUTHORIZATION;DATA;SOFT_PLANNING_INFERENCE relationship inferred from domain shell, identity, relationship, communications, and task hubs; not an empirically verified runtime blast radius.",STRONGLY_INFERRED,AUTHORIZATION;DATA;SOFT_PLANNING_INFERENCE,Architecture-wide shell/root counts are planning relationships and not empirically verified runtime blast radius.
ES-FEAT-ADMINOPS-016,data correction,"Administration, support, security, and operations",ES-FEAT-PLATFORM-001;ES-FEAT-ADMINOPS-001;ES-FEAT-IDENTITY-001;ES-FEAT-RELATIONSHIP-001;ES-FEAT-FINANCIAL-001;ES-FEAT-COMMUNICATIONS-001;ES-FEAT-TASKS-001;ES-FEAT-CARE-001,,8,0,NO,NO,YES,YES,DOC-RUNBOOK-ADMIN-SUPPORT-SECURITY-OPERATIONS; Founder disposition required before adoption or activation,"Behavioral repository verification, test execution, and runtime evidence require separate authorization","AUTHORIZATION;DATA;SOFT_PLANNING_INFERENCE relationship inferred from domain shell, identity, relationship, communications, and task hubs; not an empirically verified runtime blast radius.",STRONGLY_INFERRED,AUTHORIZATION;DATA;SOFT_PLANNING_INFERENCE,Architecture-wide shell/root counts are planning relationships and not empirically verified runtime blast radius.
ES-FEAT-DEVELOPER-001,APIs,Developer platform and extensibility,ES-FEAT-PLATFORM-001,ES-FEAT-DEVELOPER-002;ES-FEAT-DEVELOPER-003;ES-FEAT-DEVELOPER-004;ES-FEAT-DEVELOPER-005;ES-FEAT-DEVELOPER-006;ES-FEAT-DEVELOPER-007;ES-FEAT-DEVELOPER-008;ES-FEAT-DEVELOPER-009;ES-FEAT-DEVELOPER-010;ES-FEAT-DEVELOPER-011;ES-FEAT-DEVELOPER-012,1,11,NO,NO,YES,YES,DOC-CG-DEVELOPER-PLATFORM-EXTENSIBILITY; Founder disposition required before adoption or activation,"Behavioral repository verification, test execution, and runtime evidence require separate authorization","AUTHORIZATION;DATA;SOFT_PLANNING_INFERENCE relationship inferred from domain shell, identity, relationship, communications, and task hubs; not an empirically verified runtime blast radius.",STRONGLY_INFERRED,AUTHORIZATION;DATA;SOFT_PLANNING_INFERENCE,Architecture-wide shell/root counts are planning relationships and not empirically verified runtime blast radius.
ES-FEAT-DEVELOPER-002,webhooks,Developer platform and extensibility,ES-FEAT-PLATFORM-001;ES-FEAT-DEVELOPER-001;ES-FEAT-IDENTITY-001;ES-FEAT-RELATIONSHIP-001;ES-FEAT-FINANCIAL-001;ES-FEAT-COMMUNICATIONS-001;ES-FEAT-TASKS-001;ES-FEAT-HORSE-001,,8,0,NO,NO,YES,YES,DOC-CG-DEVELOPER-PLATFORM-EXTENSIBILITY; Founder disposition required before adoption or activation,"Behavioral repository verification, test execution, and runtime evidence require separate authorization","AUTHORIZATION;DATA;SOFT_PLANNING_INFERENCE relationship inferred from domain shell, identity, relationship, communications, and task hubs; not an empirically verified runtime blast radius.",STRONGLY_INFERRED,AUTHORIZATION;DATA;SOFT_PLANNING_INFERENCE,Architecture-wide shell/root counts are planning relationships and not empirically verified runtime blast radius.
ES-FEAT-DEVELOPER-003,events (Developer platform),Developer platform and extensibility,ES-FEAT-PLATFORM-001;ES-FEAT-DEVELOPER-001;ES-FEAT-IDENTITY-001;ES-FEAT-RELATIONSHIP-001;ES-FEAT-FINANCIAL-001;ES-FEAT-COMMUNICATIONS-001;ES-FEAT-TASKS-001;ES-FEAT-HORSE-001,,8,0,NO,NO,YES,YES,DOC-CG-DEVELOPER-PLATFORM-EXTENSIBILITY; Founder disposition required before adoption or activation,"Behavioral repository verification, test execution, and runtime evidence require separate authorization","AUTHORIZATION;DATA;SOFT_PLANNING_INFERENCE relationship inferred from domain shell, identity, relationship, communications, and task hubs; not an empirically verified runtime blast radius.",STRONGLY_INFERRED,AUTHORIZATION;DATA;SOFT_PLANNING_INFERENCE,Architecture-wide shell/root counts are planning relationships and not empirically verified runtime blast radius.
ES-FEAT-DEVELOPER-004,adapters,Developer platform and extensibility,ES-FEAT-PLATFORM-001;ES-FEAT-DEVELOPER-001;ES-FEAT-IDENTITY-001;ES-FEAT-RELATIONSHIP-001;ES-FEAT-FINANCIAL-001;ES-FEAT-COMMUNICATIONS-001;ES-FEAT-TASKS-001;ES-FEAT-HORSE-001,,8,0,NO,NO,YES,YES,DOC-CG-DEVELOPER-PLATFORM-EXTENSIBILITY; Founder disposition required before adoption or activation,"Behavioral repository verification, test execution, and runtime evidence require separate authorization","AUTHORIZATION;DATA;SOFT_PLANNING_INFERENCE relationship inferred from domain shell, identity, relationship, communications, and task hubs; not an empirically verified runtime blast radius.",STRONGLY_INFERRED,AUTHORIZATION;DATA;SOFT_PLANNING_INFERENCE,Architecture-wide shell/root counts are planning relationships and not empirically verified runtime blast radius.
ES-FEAT-DEVELOPER-005,plugins,Developer platform and extensibility,ES-FEAT-PLATFORM-001;ES-FEAT-DEVELOPER-001;ES-FEAT-IDENTITY-001;ES-FEAT-RELATIONSHIP-001;ES-FEAT-FINANCIAL-001;ES-FEAT-COMMUNICATIONS-001;ES-FEAT-TASKS-001;ES-FEAT-HORSE-001,,8,0,NO,NO,YES,YES,DOC-CG-DEVELOPER-PLATFORM-EXTENSIBILITY; Founder disposition required before adoption or activation,Implementation design or discovery required under separate authority,"AUTHORIZATION;DATA;SOFT_PLANNING_INFERENCE relationship inferred from domain shell, identity, relationship, communications, and task hubs; not an empirically verified runtime blast radius.",STRONGLY_INFERRED,AUTHORIZATION;DATA;SOFT_PLANNING_INFERENCE,Architecture-wide shell/root counts are planning relationships and not empirically verified runtime blast radius.
ES-FEAT-DEVELOPER-006,service accounts (Developer platform),Developer platform and extensibility,ES-FEAT-PLATFORM-001;ES-FEAT-DEVELOPER-001;ES-FEAT-IDENTITY-001;ES-FEAT-RELATIONSHIP-001;ES-FEAT-FINANCIAL-001;ES-FEAT-COMMUNICATIONS-001;ES-FEAT-TASKS-001;ES-FEAT-HORSE-001;ES-FEAT-CARE-001,,9,0,NO,NO,YES,YES,DOC-CG-DEVELOPER-PLATFORM-EXTENSIBILITY; Founder disposition required before adoption or activation,"Behavioral repository verification, test execution, and runtime evidence require separate authorization","AUTHORIZATION;DATA;SOFT_PLANNING_INFERENCE relationship inferred from domain shell, identity, relationship, communications, and task hubs; not an empirically verified runtime blast radius.",STRONGLY_INFERRED,AUTHORIZATION;DATA;SOFT_PLANNING_INFERENCE,Architecture-wide shell/root counts are planning relationships and not empirically verified runtime blast radius.
ES-FEAT-DEVELOPER-007,integrations,Developer platform and extensibility,ES-FEAT-PLATFORM-001;ES-FEAT-DEVELOPER-001;ES-FEAT-IDENTITY-001;ES-FEAT-RELATIONSHIP-001;ES-FEAT-FINANCIAL-001;ES-FEAT-COMMUNICATIONS-001;ES-FEAT-TASKS-001;ES-FEAT-HORSE-001,,8,0,NO,NO,YES,YES,DOC-CG-DEVELOPER-PLATFORM-EXTENSIBILITY; Founder disposition required before adoption or activation,"Behavioral repository verification, test execution, and runtime evidence require separate authorization","AUTHORIZATION;DATA;SOFT_PLANNING_INFERENCE relationship inferred from domain shell, identity, relationship, communications, and task hubs; not an empirically verified runtime blast radius.",STRONGLY_INFERRED,AUTHORIZATION;DATA;SOFT_PLANNING_INFERENCE,Architecture-wide shell/root counts are planning relationships and not empirically verified runtime blast radius.
ES-FEAT-DEVELOPER-008,rate limits,Developer platform and extensibility,ES-FEAT-PLATFORM-001;ES-FEAT-DEVELOPER-001;ES-FEAT-IDENTITY-001;ES-FEAT-RELATIONSHIP-001;ES-FEAT-FINANCIAL-001;ES-FEAT-COMMUNICATIONS-001;ES-FEAT-TASKS-001;ES-FEAT-HORSE-001;ES-FEAT-CARE-001,,9,0,NO,NO,YES,YES,DOC-CG-DEVELOPER-PLATFORM-EXTENSIBILITY; Founder disposition required before adoption or activation,"Behavioral repository verification, test execution, and runtime evidence require separate authorization","AUTHORIZATION;DATA;SOFT_PLANNING_INFERENCE relationship inferred from domain shell, identity, relationship, communications, and task hubs; not an empirically verified runtime blast radius.",STRONGLY_INFERRED,AUTHORIZATION;DATA;SOFT_PLANNING_INFERENCE,Architecture-wide shell/root counts are planning relationships and not empirically verified runtime blast radius.
ES-FEAT-DEVELOPER-009,versioning,Developer platform and extensibility,ES-FEAT-PLATFORM-001;ES-FEAT-DEVELOPER-001;ES-FEAT-IDENTITY-001;ES-FEAT-RELATIONSHIP-001;ES-FEAT-FINANCIAL-001;ES-FEAT-COMMUNICATIONS-001;ES-FEAT-TASKS-001;ES-FEAT-HORSE-001,,8,0,NO,NO,YES,YES,DOC-CG-DEVELOPER-PLATFORM-EXTENSIBILITY; Founder disposition required before adoption or activation,"Behavioral repository verification, test execution, and runtime evidence require separate authorization","AUTHORIZATION;DATA;SOFT_PLANNING_INFERENCE relationship inferred from domain shell, identity, relationship, communications, and task hubs; not an empirically verified runtime blast radius.",STRONGLY_INFERRED,AUTHORIZATION;DATA;SOFT_PLANNING_INFERENCE,Architecture-wide shell/root counts are planning relationships and not empirically verified runtime blast radius.
ES-FEAT-DEVELOPER-010,developer credentials,Developer platform and extensibility,ES-FEAT-PLATFORM-001;ES-FEAT-DEVELOPER-001;ES-FEAT-IDENTITY-001;ES-FEAT-RELATIONSHIP-001;ES-FEAT-FINANCIAL-001;ES-FEAT-COMMUNICATIONS-001;ES-FEAT-TASKS-001,,7,0,NO,NO,YES,YES,DOC-CG-DEVELOPER-PLATFORM-EXTENSIBILITY; Founder disposition required before adoption or activation,"Behavioral repository verification, test execution, and runtime evidence require separate authorization","AUTHORIZATION;DATA;SOFT_PLANNING_INFERENCE relationship inferred from domain shell, identity, relationship, communications, and task hubs; not an empirically verified runtime blast radius.",STRONGLY_INFERRED,AUTHORIZATION;DATA;SOFT_PLANNING_INFERENCE,Architecture-wide shell/root counts are planning relationships and not empirically verified runtime blast radius.
ES-FEAT-DEVELOPER-011,sandbox behavior,Developer platform and extensibility,ES-FEAT-PLATFORM-001;ES-FEAT-DEVELOPER-001;ES-FEAT-IDENTITY-001;ES-FEAT-RELATIONSHIP-001;ES-FEAT-FINANCIAL-001;ES-FEAT-COMMUNICATIONS-001;ES-FEAT-TASKS-001;ES-FEAT-HORSE-001;ES-FEAT-CARE-001,,9,0,NO,NO,YES,YES,DOC-CG-DEVELOPER-PLATFORM-EXTENSIBILITY; Founder disposition required before adoption or activation,"Behavioral repository verification, test execution, and runtime evidence require separate authorization","AUTHORIZATION;DATA;SOFT_PLANNING_INFERENCE relationship inferred from domain shell, identity, relationship, communications, and task hubs; not an empirically verified runtime blast radius.",STRONGLY_INFERRED,AUTHORIZATION;DATA;SOFT_PLANNING_INFERENCE,Architecture-wide shell/root counts are planning relationships and not empirically verified runtime blast radius.
ES-FEAT-DEVELOPER-012,deprecation,Developer platform and extensibility,ES-FEAT-PLATFORM-001;ES-FEAT-DEVELOPER-001;ES-FEAT-IDENTITY-001;ES-FEAT-RELATIONSHIP-001;ES-FEAT-FINANCIAL-001;ES-FEAT-COMMUNICATIONS-001;ES-FEAT-TASKS-001;ES-FEAT-HORSE-001,,8,0,NO,NO,YES,YES,DOC-CG-DEVELOPER-PLATFORM-EXTENSIBILITY; Founder disposition required before adoption or activation,"Behavioral repository verification, test execution, and runtime evidence require separate authorization","AUTHORIZATION;DATA;SOFT_PLANNING_INFERENCE relationship inferred from domain shell, identity, relationship, communications, and task hubs; not an empirically verified runtime blast radius.",STRONGLY_INFERRED,AUTHORIZATION;DATA;SOFT_PLANNING_INFERENCE,Architecture-wide shell/root counts are planning relationships and not empirically verified runtime blast radius.
