feature_id,parent_feature_id,feature_name,product_domain,stable_id_basis,historical_or_repository_mapping,status
ES-FEAT-PLATFORM-000,ROOT,Platform and shell,Platform and shell,DOMAIN_PARENT_FROM_DIRECTIVE_SECTION_8,frontend/src/App.js; frontend/src/components/AppShell.jsx; backend/routes/dashboard.py; backend/routes/pulse.py,DOMAIN_PARENT_ONLY_NOT_A_MATRIX_ROW
ES-FEAT-PLATFORM-001,ES-FEAT-PLATFORM-000,application shell,Platform and shell,ES-FEAT-<DOMAIN>-<NUMBER> assigned by this V1.0 package,frontend/src/pages/Onboarding.jsx;frontend/src/pages/AdminBillingDashboard.jsx;backend/routes/admin.py;backend/routes/backlog.py;backend/routes/barn_owner_intake.py;backend/routes/guardian_intake.py;backend/routes/manager_intake.py,MATRIX_ROW
ES-FEAT-PLATFORM-002,ES-FEAT-PLATFORM-000,role-aware navigation,Platform and shell,ES-FEAT-<DOMAIN>-<NUMBER> assigned by this V1.0 package,frontend/src/pages/RoleHome.jsx;frontend/src/pages/RoleIntake.jsx;frontend/src/pages/AdminBillingDashboard.jsx;frontend/src/pages/Onboarding.jsx;frontend/src/features/dashboards/DashboardResolver.jsx;backend/routes/admin.py;backend/routes/admin_billing.py;backend/routes/backlog.py;backend/routes/barn_owner_intake.py;backend/routes/barns.py,MATRIX_ROW
ES-FEAT-PLATFORM-003,ES-FEAT-PLATFORM-000,operating centers,Platform and shell,ES-FEAT-<DOMAIN>-<NUMBER> assigned by this V1.0 package,frontend/src/features/dashboards/ServiceProviderDashboard.jsx;frontend/src/features/dashboards/TrainerDashboard.jsx;frontend/src/pages/AdminBillingDashboard.jsx;frontend/src/pages/Onboarding.jsx;backend/routes/trainer_operating_center.py;backend/routes/admin.py;backend/routes/admin_billing.py;backend/routes/backlog.py;backend/routes/barn_owner_intake.py,MATRIX_ROW
ES-FEAT-PLATFORM-004,ES-FEAT-PLATFORM-000,search,Platform and shell,ES-FEAT-<DOMAIN>-<NUMBER> assigned by this V1.0 package,frontend/src/pages/AdminBillingDashboard.jsx;frontend/src/pages/AcceptInvite.jsx;frontend/src/pages/EmergencyContacts.jsx;frontend/src/pages/Enrollment.jsx;frontend/src/pages/Equipment.jsx;backend/routes/admin_billing.py;backend/routes/owner_intake.py;backend/routes/admin.py;backend/routes/backlog.py;backend/routes/barn_owner_intake.py,MATRIX_ROW
ES-FEAT-PLATFORM-005,ES-FEAT-PLATFORM-000,context switching,Platform and shell,ES-FEAT-<DOMAIN>-<NUMBER> assigned by this V1.0 package,frontend/src/features/dashboards/DashboardResolver.jsx;frontend/src/features/dashboards/PersonalDashboard.jsx;frontend/src/features/dashboards/ServiceProviderDashboard.jsx;frontend/src/features/dashboards/TrainerDashboard.jsx;frontend/src/pages/AcceptInvite.jsx;backend/routes/account_context.py;backend/routes/barns.py;backend/routes/pulse.py;backend/routes/admin.py;backend/routes/admin_billing.py,MATRIX_ROW
ES-FEAT-PLATFORM-006,ES-FEAT-PLATFORM-000,dashboard composition,Platform and shell,ES-FEAT-<DOMAIN>-<NUMBER> assigned by this V1.0 package,frontend/src/pages/AdminBillingDashboard.jsx;frontend/src/pages/Dashboard.jsx;frontend/src/features/dashboards/DashboardResolver.jsx;frontend/src/features/dashboards/FacilityDashboard.jsx;frontend/src/features/dashboards/GuardianDashboard.jsx;backend/routes/dashboard.py;backend/routes/admin_billing.py;backend/routes/admin.py;backend/routes/backlog.py;backend/routes/barn_owner_intake.py,MATRIX_ROW
ES-FEAT-PLATFORM-007,ES-FEAT-PLATFORM-000,feature discovery,Platform and shell,ES-FEAT-<DOMAIN>-<NUMBER> assigned by this V1.0 package,frontend/src/pages/FeatureWorkspace.jsx;frontend/src/pages/AdminBillingDashboard.jsx;frontend/src/pages/AiAutomation.jsx;frontend/src/pages/Competitions.jsx;frontend/src/pages/EmergencyContacts.jsx;backend/routes/backlog.py;backend/routes/admin.py;backend/routes/admin_billing.py;backend/routes/barn_owner_intake.py;backend/routes/barns.py,MATRIX_ROW
ES-FEAT-PLATFORM-008,ES-FEAT-PLATFORM-000,global actions,Platform and shell,ES-FEAT-<DOMAIN>-<NUMBER> assigned by this V1.0 package,frontend/src/pages/AdminBillingDashboard.jsx;frontend/src/pages/AuditLog.jsx;frontend/src/pages/Onboarding.jsx;backend/routes/admin.py;backend/routes/admin_billing.py;backend/routes/admin_review.py;backend/routes/backlog.py;backend/routes/barn_owner_intake.py,MATRIX_ROW
ES-FEAT-PLATFORM-009,ES-FEAT-PLATFORM-000,administrative navigation,Platform and shell,ES-FEAT-<DOMAIN>-<NUMBER> assigned by this V1.0 package,frontend/src/pages/Onboarding.jsx;frontend/src/pages/AdminBillingDashboard.jsx;backend/routes/admin.py;backend/routes/admin_billing.py;backend/routes/backlog.py;backend/routes/barn_owner_intake.py;backend/routes/barns.py,MATRIX_ROW
ES-FEAT-PLATFORM-010,ES-FEAT-PLATFORM-000,multi-facility context,Platform and shell,ES-FEAT-<DOMAIN>-<NUMBER> assigned by this V1.0 package,frontend/src/features/dashboards/FacilityDashboard.jsx;frontend/src/features/dashboards/PersonalDashboard.jsx;frontend/src/features/dashboards/ServiceProviderDashboard.jsx;frontend/src/pages/AdminReviewQueue.jsx;frontend/src/pages/Landing.jsx;backend/routes/account_context.py;backend/routes/barns.py;backend/routes/pulse.py;backend/routes/barn_owner_intake.py;backend/routes/dashboard.py,MATRIX_ROW
ES-FEAT-IDENTITY-000,ROOT,Identity and access,Identity and access,DOMAIN_PARENT_FROM_DIRECTIVE_SECTION_8,backend/routes/auth.py; backend/routes/invites.py; backend/core/auth.py; backend/core/permissions.py,DOMAIN_PARENT_ONLY_NOT_A_MATRIX_ROW
ES-FEAT-IDENTITY-001,ES-FEAT-IDENTITY-000,person identity,Identity and access,ES-FEAT-<DOMAIN>-<NUMBER> assigned by this V1.0 package,frontend/src/features/dashboards/PersonalDashboard.jsx;frontend/src/features/dashboards/GuardianDashboard.jsx;frontend/src/features/dashboards/OwnerDashboard.jsx;frontend/src/features/dashboards/RiderDashboard.jsx;frontend/src/pages/AdminBillingDashboard.jsx;backend/routes/horse_ledger.py;backend/routes/operations.py;backend/routes/admin.py;backend/routes/admin_billing.py;backend/routes/care.py,MATRIX_ROW
ES-FEAT-IDENTITY-002,ES-FEAT-IDENTITY-000,accounts,Identity and access,ES-FEAT-<DOMAIN>-<NUMBER> assigned by this V1.0 package,frontend/src/pages/AdminBillingDashboard.jsx;frontend/src/pages/AdminReviewQueue.jsx;frontend/src/pages/CareLedgerTab.jsx;frontend/src/pages/Forbidden.jsx;frontend/src/pages/Signup.jsx;backend/routes/horse_ledger.py;backend/routes/trainer_operating_center.py;backend/routes/admin.py;backend/routes/admin_billing.py;backend/routes/barn_owner_intake.py,MATRIX_ROW
ES-FEAT-IDENTITY-003,ES-FEAT-IDENTITY-000,authentication,Identity and access,ES-FEAT-<DOMAIN>-<NUMBER> assigned by this V1.0 package,frontend/src/pages/AdminBillingDashboard.jsx;frontend/src/pages/AdminReviewQueue.jsx;frontend/src/pages/CareLedgerTab.jsx;frontend/src/pages/Forbidden.jsx;frontend/src/pages/Signup.jsx;backend/routes/horse_ledger.py;backend/routes/admin.py;backend/routes/admin_billing.py;backend/routes/care.py;backend/routes/horses.py,MATRIX_ROW
ES-FEAT-IDENTITY-004,ES-FEAT-IDENTITY-000,passkeys and MFA,Identity and access,ES-FEAT-<DOMAIN>-<NUMBER> assigned by this V1.0 package,frontend/src/pages/AdminBillingDashboard.jsx;frontend/src/pages/AdminReviewQueue.jsx;frontend/src/pages/CareLedgerTab.jsx;frontend/src/pages/Forbidden.jsx;frontend/src/pages/Signup.jsx;backend/routes/horse_ledger.py;backend/routes/admin.py;backend/routes/admin_billing.py;backend/routes/care.py;backend/routes/horses.py,MATRIX_ROW
ES-FEAT-IDENTITY-005,ES-FEAT-IDENTITY-000,sessions,Identity and access,ES-FEAT-<DOMAIN>-<NUMBER> assigned by this V1.0 package,frontend/src/pages/Signup.jsx;frontend/src/pages/AdminBillingDashboard.jsx;frontend/src/pages/AdminReviewQueue.jsx;frontend/src/pages/CareLedgerTab.jsx;frontend/src/pages/Forbidden.jsx;backend/routes/horse_ledger.py;backend/routes/admin.py;backend/routes/admin_billing.py;backend/routes/care.py;backend/routes/horses.py,MATRIX_ROW
ES-FEAT-IDENTITY-006,ES-FEAT-IDENTITY-000,recovery,Identity and access,ES-FEAT-<DOMAIN>-<NUMBER> assigned by this V1.0 package,frontend/src/pages/AdminBillingDashboard.jsx;frontend/src/pages/AdminReviewQueue.jsx;frontend/src/pages/CareLedgerTab.jsx;frontend/src/pages/Forbidden.jsx;frontend/src/pages/Signup.jsx;backend/routes/horse_ledger.py;backend/routes/admin.py;backend/routes/admin_billing.py;backend/routes/care.py;backend/routes/horses.py,MATRIX_ROW
ES-FEAT-IDENTITY-007,ES-FEAT-IDENTITY-000,invitations,Identity and access,ES-FEAT-<DOMAIN>-<NUMBER> assigned by this V1.0 package,frontend/src/pages/AdminBillingDashboard.jsx;frontend/src/pages/AdminReviewQueue.jsx;frontend/src/pages/CareLedgerTab.jsx;frontend/src/pages/Forbidden.jsx;frontend/src/pages/Signup.jsx;backend/routes/horse_ledger.py;backend/routes/admin.py;backend/routes/admin_billing.py;backend/routes/care.py;backend/routes/horses.py,MATRIX_ROW
ES-FEAT-IDENTITY-008,ES-FEAT-IDENTITY-000,enrollment,Identity and access,ES-FEAT-<DOMAIN>-<NUMBER> assigned by this V1.0 package,frontend/src/pages/Enrollment.jsx;frontend/src/pages/Signup.jsx;frontend/src/pages/AdminBillingDashboard.jsx;frontend/src/pages/AdminReviewQueue.jsx;frontend/src/pages/CareLedgerTab.jsx;backend/routes/horse_ledger.py;backend/routes/admin.py;backend/routes/admin_billing.py;backend/routes/care.py;backend/routes/guardian_intake.py,MATRIX_ROW
ES-FEAT-IDENTITY-009,ES-FEAT-IDENTITY-000,tenant membership,Identity and access,ES-FEAT-<DOMAIN>-<NUMBER> assigned by this V1.0 package,frontend/src/pages/AdminBillingDashboard.jsx;frontend/src/pages/AdminReviewQueue.jsx;frontend/src/pages/CareLedgerTab.jsx;frontend/src/pages/Forbidden.jsx;frontend/src/pages/Settings.jsx;backend/routes/membership.py;backend/routes/admin.py;backend/routes/horse_ledger.py;backend/routes/onboarding.py;backend/routes/trainer_operating_center.py,MATRIX_ROW
ES-FEAT-IDENTITY-010,ES-FEAT-IDENTITY-000,facility membership,Identity and access,ES-FEAT-<DOMAIN>-<NUMBER> assigned by this V1.0 package,frontend/src/features/dashboards/FacilityDashboard.jsx;frontend/src/pages/AdminReviewQueue.jsx;frontend/src/pages/Settings.jsx;frontend/src/features/dashboards/PersonalDashboard.jsx;frontend/src/features/dashboards/ServiceProviderDashboard.jsx;backend/routes/membership.py;backend/routes/horse_ledger.py;backend/routes/onboarding.py;backend/routes/trainer_operating_center.py;backend/routes/barn_owner_intake.py,MATRIX_ROW
ES-FEAT-IDENTITY-011,ES-FEAT-IDENTITY-000,roles and capabilities,Identity and access,ES-FEAT-<DOMAIN>-<NUMBER> assigned by this V1.0 package,frontend/src/pages/AdminReviewQueue.jsx;frontend/src/pages/CareLedgerTab.jsx;frontend/src/pages/Forbidden.jsx;frontend/src/pages/AdminBillingDashboard.jsx;frontend/src/pages/ArenaSchedule.jsx;backend/routes/horse_ledger.py;backend/routes/admin_billing.py;backend/routes/onboarding.py;backend/routes/subscription_emails.py;backend/routes/admin.py,MATRIX_ROW
ES-FEAT-IDENTITY-012,ES-FEAT-IDENTITY-000,delegation,Identity and access,ES-FEAT-<DOMAIN>-<NUMBER> assigned by this V1.0 package,frontend/src/pages/AdminBillingDashboard.jsx;frontend/src/pages/AdminReviewQueue.jsx;frontend/src/pages/CareLedgerTab.jsx;frontend/src/pages/Forbidden.jsx;frontend/src/pages/Signup.jsx;backend/routes/horse_ledger.py;backend/routes/admin.py;backend/routes/admin_billing.py;backend/routes/care.py;backend/routes/horses.py,MATRIX_ROW
ES-FEAT-IDENTITY-013,ES-FEAT-IDENTITY-000,support access,Identity and access,ES-FEAT-<DOMAIN>-<NUMBER> assigned by this V1.0 package,frontend/src/pages/AdminBillingDashboard.jsx;frontend/src/pages/AdminReviewQueue.jsx;frontend/src/pages/CareLedgerTab.jsx;frontend/src/pages/Forbidden.jsx;frontend/src/pages/Signup.jsx;backend/routes/horse_ledger.py;backend/routes/admin.py;backend/routes/admin_billing.py;backend/routes/care.py;backend/routes/horses.py,MATRIX_ROW
ES-FEAT-IDENTITY-014,ES-FEAT-IDENTITY-000,service accounts,Identity and access,ES-FEAT-<DOMAIN>-<NUMBER> assigned by this V1.0 package,frontend/src/features/dashboards/ServiceProviderDashboard.jsx;frontend/src/pages/AdminReviewQueue.jsx;frontend/src/pages/CareLedgerTab.jsx;frontend/src/pages/Signup.jsx;frontend/src/pages/AdminBillingDashboard.jsx;backend/routes/service_provider_center.py;backend/routes/horse_ledger.py;backend/routes/admin_billing.py;backend/routes/barn_owner_intake.py;backend/routes/onboarding.py,MATRIX_ROW
ES-FEAT-IDENTITY-015,ES-FEAT-IDENTITY-000,account closure,Identity and access,ES-FEAT-<DOMAIN>-<NUMBER> assigned by this V1.0 package,frontend/src/features/dashboards/TrainerDashboard.jsx;frontend/src/pages/AdminBillingDashboard.jsx;frontend/src/pages/AdminReviewQueue.jsx;frontend/src/pages/CareLedgerTab.jsx;frontend/src/pages/Enrollment.jsx;backend/routes/account_context.py;backend/routes/horse_ledger.py;backend/routes/horses.py;backend/routes/onboarding.py;backend/routes/service_provider_center.py,MATRIX_ROW
ES-FEAT-IDENTITY-016,ES-FEAT-IDENTITY-000,duplicate identity and merge,Identity and access,ES-FEAT-<DOMAIN>-<NUMBER> assigned by this V1.0 package,frontend/src/pages/EmergencyContacts.jsx;frontend/src/pages/EmergencyWorkflows.jsx;frontend/src/features/dashboards/PersonalDashboard.jsx;frontend/src/pages/AdminBillingDashboard.jsx;frontend/src/pages/AdminReviewQueue.jsx;backend/routes/care.py;backend/routes/horse_ledger.py;backend/routes/horses.py;backend/routes/operations.py;backend/routes/admin.py,MATRIX_ROW
ES-FEAT-RELATIONSHIP-000,ROOT,Relationships and guardianship,Relationships and guardianship,DOMAIN_PARENT_FROM_DIRECTIVE_SECTION_8,backend/core/minor_safety.py; backend/routes/student_guardians.py; backend/core/permissions.py,DOMAIN_PARENT_ONLY_NOT_A_MATRIX_ROW
ES-FEAT-RELATIONSHIP-001,ES-FEAT-RELATIONSHIP-000,owner-horse relationships,Relationships and guardianship,ES-FEAT-<DOMAIN>-<NUMBER> assigned by this V1.0 package,backend/routes/student_guardians.py,MATRIX_ROW
ES-FEAT-RELATIONSHIP-002,ES-FEAT-RELATIONSHIP-000,trainer-client relationships,Relationships and guardianship,ES-FEAT-<DOMAIN>-<NUMBER> assigned by this V1.0 package,frontend/src/features/dashboards/TrainerDashboard.jsx;frontend/src/pages/Landing.jsx;frontend/src/pages/Signup.jsx;frontend/src/features/dashboards/PersonalDashboard.jsx;frontend/src/pages/AdminReviewQueue.jsx;backend/routes/student_guardians.py;backend/routes/trainer_intake.py;backend/routes/trainer_operating_center.py;backend/routes/care.py;backend/routes/admin_billing.py,MATRIX_ROW
ES-FEAT-RELATIONSHIP-003,ES-FEAT-RELATIONSHIP-000,guardian-minor relationships,Relationships and guardianship,ES-FEAT-<DOMAIN>-<NUMBER> assigned by this V1.0 package,frontend/src/features/dashboards/GuardianDashboard.jsx;frontend/src/features/dashboards/PersonalDashboard.jsx;frontend/src/pages/FormsSignatures.jsx;backend/routes/student_guardians.py;backend/routes/guardian_intake.py;backend/routes/billing.py;backend/routes/document_signatures.py;backend/routes/onboarding.py,MATRIX_ROW
ES-FEAT-RELATIONSHIP-004,ES-FEAT-RELATIONSHIP-000,delegated authority,Relationships and guardianship,ES-FEAT-<DOMAIN>-<NUMBER> assigned by this V1.0 package,backend/routes/student_guardians.py;backend/routes/billing.py;backend/routes/document_signatures.py;backend/routes/operations.py;backend/routes/recurring_charges.py,MATRIX_ROW
ES-FEAT-RELATIONSHIP-005,ES-FEAT-RELATIONSHIP-000,effective dates,Relationships and guardianship,ES-FEAT-<DOMAIN>-<NUMBER> assigned by this V1.0 package,frontend/src/pages/OwnerUpdates.jsx;frontend/src/features/dashboards/PersonalDashboard.jsx;frontend/src/pages/AdminReviewQueue.jsx;frontend/src/pages/HorseProfile.jsx;frontend/src/pages/OwnerPortal.jsx;backend/routes/owner_updates.py;backend/routes/backlog.py;backend/routes/digests.py;backend/routes/reports.py;backend/routes/student_guardians.py,MATRIX_ROW
ES-FEAT-RELATIONSHIP-006,ES-FEAT-RELATIONSHIP-000,disputes,Relationships and guardianship,ES-FEAT-<DOMAIN>-<NUMBER> assigned by this V1.0 package,backend/routes/student_guardians.py,MATRIX_ROW
ES-FEAT-RELATIONSHIP-007,ES-FEAT-RELATIONSHIP-000,restrictions,Relationships and guardianship,ES-FEAT-<DOMAIN>-<NUMBER> assigned by this V1.0 package,backend/routes/student_guardians.py,MATRIX_ROW
ES-FEAT-RELATIONSHIP-008,ES-FEAT-RELATIONSHIP-000,relationship verification,Relationships and guardianship,ES-FEAT-<DOMAIN>-<NUMBER> assigned by this V1.0 package,frontend/src/pages/EmergencyContacts.jsx;frontend/src/pages/VerifyEmail.jsx;backend/routes/student_guardians.py;backend/routes/admin_review.py;backend/routes/auth.py;backend/routes/digests.py;backend/routes/onboarding.py,MATRIX_ROW
ES-FEAT-RELATIONSHIP-009,ES-FEAT-RELATIONSHIP-000,relationship termination,Relationships and guardianship,ES-FEAT-<DOMAIN>-<NUMBER> assigned by this V1.0 package,frontend/src/pages/EmergencyContacts.jsx;backend/routes/student_guardians.py;backend/routes/onboarding.py,MATRIX_ROW
ES-FEAT-RELATIONSHIP-010,ES-FEAT-RELATIONSHIP-000,cross-tenant relationships,Relationships and guardianship,ES-FEAT-<DOMAIN>-<NUMBER> assigned by this V1.0 package,frontend/src/pages/AuditLog.jsx;frontend/src/pages/Dashboard.jsx;frontend/src/pages/Feed.jsx;frontend/src/pages/Riders.jsx;backend/routes/student_guardians.py;backend/routes/admin.py;backend/routes/dashboard.py;backend/routes/horse_ledger.py;backend/routes/pulse.py,MATRIX_ROW
ES-FEAT-RELATIONSHIP-011,ES-FEAT-RELATIONSHIP-000,historical relationships,Relationships and guardianship,ES-FEAT-<DOMAIN>-<NUMBER> assigned by this V1.0 package,backend/routes/student_guardians.py,MATRIX_ROW
ES-FEAT-FACILITY-000,ROOT,"Facility, barn, business, and physical operations","Facility, barn, business, and physical operations",DOMAIN_PARENT_FROM_DIRECTIVE_SECTION_8,backend/routes/barns.py; backend/routes/onboarding.py; backend/routes/backlog.py; backend/routes/admin_portal/facilities.py,DOMAIN_PARENT_ONLY_NOT_A_MATRIX_ROW
ES-FEAT-FACILITY-001,ES-FEAT-FACILITY-000,facility creation,"Facility, barn, business, and physical operations",ES-FEAT-<DOMAIN>-<NUMBER> assigned by this V1.0 package,frontend/src/features/dashboards/FacilityDashboard.jsx;frontend/src/pages/Landing.jsx;frontend/src/pages/RoleIntake.jsx;frontend/src/features/dashboards/PersonalDashboard.jsx;frontend/src/pages/AdminReviewQueue.jsx;backend/routes/manager_intake.py;backend/routes/membership.py;backend/routes/onboarding.py;backend/routes/auth.py;backend/routes/barn_owner_intake.py,MATRIX_ROW
ES-FEAT-FACILITY-002,ES-FEAT-FACILITY-000,barn lifecycle,"Facility, barn, business, and physical operations",ES-FEAT-<DOMAIN>-<NUMBER> assigned by this V1.0 package,frontend/src/pages/BarnLocations.jsx;frontend/src/pages/Landing.jsx;frontend/src/pages/RoleIntake.jsx;frontend/src/features/dashboards/PersonalDashboard.jsx;frontend/src/pages/AdminReviewQueue.jsx;backend/routes/barn_owner_intake.py;backend/routes/barns.py;backend/routes/manager_intake.py;backend/routes/membership.py;backend/routes/onboarding.py,MATRIX_ROW
ES-FEAT-FACILITY-003,ES-FEAT-FACILITY-000,locations,"Facility, barn, business, and physical operations",ES-FEAT-<DOMAIN>-<NUMBER> assigned by this V1.0 package,frontend/src/pages/BarnLocations.jsx;frontend/src/pages/Landing.jsx;frontend/src/pages/Onboarding.jsx;frontend/src/pages/RoleIntake.jsx;frontend/src/features/dashboards/PersonalDashboard.jsx;backend/routes/onboarding.py;backend/routes/backlog.py;backend/routes/manager_intake.py;backend/routes/membership.py;backend/routes/auth.py,MATRIX_ROW
ES-FEAT-FACILITY-004,ES-FEAT-FACILITY-000,stalls,"Facility, barn, business, and physical operations",ES-FEAT-<DOMAIN>-<NUMBER> assigned by this V1.0 package,frontend/src/pages/Landing.jsx;frontend/src/pages/RoleIntake.jsx;frontend/src/features/dashboards/PersonalDashboard.jsx;frontend/src/pages/AdminReviewQueue.jsx;frontend/src/pages/Enrollment.jsx;backend/routes/manager_intake.py;backend/routes/membership.py;backend/routes/onboarding.py;backend/routes/auth.py;backend/routes/backlog.py,MATRIX_ROW
ES-FEAT-FACILITY-005,ES-FEAT-FACILITY-000,arenas,"Facility, barn, business, and physical operations",ES-FEAT-<DOMAIN>-<NUMBER> assigned by this V1.0 package,frontend/src/pages/ArenaSchedule.jsx;frontend/src/pages/Landing.jsx;frontend/src/pages/RoleIntake.jsx;frontend/src/features/dashboards/PersonalDashboard.jsx;frontend/src/pages/AdminReviewQueue.jsx;backend/routes/backlog.py;backend/routes/manager_intake.py;backend/routes/membership.py;backend/routes/onboarding.py;backend/routes/auth.py,MATRIX_ROW
ES-FEAT-FACILITY-006,ES-FEAT-FACILITY-000,pastures,"Facility, barn, business, and physical operations",ES-FEAT-<DOMAIN>-<NUMBER> assigned by this V1.0 package,frontend/src/pages/Landing.jsx;frontend/src/pages/PastureSchedule.jsx;frontend/src/pages/RoleIntake.jsx;frontend/src/features/dashboards/PersonalDashboard.jsx;frontend/src/pages/AdminReviewQueue.jsx;backend/routes/manager_intake.py;backend/routes/membership.py;backend/routes/onboarding.py;backend/routes/auth.py;backend/routes/backlog.py,MATRIX_ROW
ES-FEAT-FACILITY-007,ES-FEAT-FACILITY-000,facility maps,"Facility, barn, business, and physical operations",ES-FEAT-<DOMAIN>-<NUMBER> assigned by this V1.0 package,frontend/src/features/dashboards/FacilityDashboard.jsx;frontend/src/pages/Landing.jsx;frontend/src/pages/RoleIntake.jsx;frontend/src/features/dashboards/PersonalDashboard.jsx;frontend/src/pages/AdminReviewQueue.jsx;backend/routes/manager_intake.py;backend/routes/membership.py;backend/routes/onboarding.py;backend/routes/auth.py;backend/routes/barn_owner_intake.py,MATRIX_ROW
ES-FEAT-FACILITY-008,ES-FEAT-FACILITY-000,occupancy,"Facility, barn, business, and physical operations",ES-FEAT-<DOMAIN>-<NUMBER> assigned by this V1.0 package,frontend/src/pages/Landing.jsx;frontend/src/pages/RoleIntake.jsx;frontend/src/features/dashboards/PersonalDashboard.jsx;frontend/src/pages/AdminReviewQueue.jsx;frontend/src/pages/Enrollment.jsx;backend/routes/manager_intake.py;backend/routes/membership.py;backend/routes/onboarding.py;backend/routes/auth.py;backend/routes/backlog.py,MATRIX_ROW
ES-FEAT-FACILITY-009,ES-FEAT-FACILITY-000,assignments,"Facility, barn, business, and physical operations",ES-FEAT-<DOMAIN>-<NUMBER> assigned by this V1.0 package,frontend/src/pages/Landing.jsx;frontend/src/pages/RoleIntake.jsx;frontend/src/features/dashboards/PersonalDashboard.jsx;frontend/src/pages/AdminReviewQueue.jsx;frontend/src/pages/CareLedgerTab.jsx;backend/routes/backlog.py;backend/routes/horse_ledger.py;backend/routes/manager_intake.py;backend/routes/membership.py;backend/routes/onboarding.py,MATRIX_ROW
ES-FEAT-FACILITY-010,ES-FEAT-FACILITY-000,inspections,"Facility, barn, business, and physical operations",ES-FEAT-<DOMAIN>-<NUMBER> assigned by this V1.0 package,frontend/src/pages/Landing.jsx;frontend/src/pages/RoleIntake.jsx;frontend/src/features/dashboards/PersonalDashboard.jsx;frontend/src/pages/AdminReviewQueue.jsx;frontend/src/pages/Enrollment.jsx;backend/routes/manager_intake.py;backend/routes/membership.py;backend/routes/onboarding.py;backend/routes/auth.py;backend/routes/backlog.py,MATRIX_ROW
ES-FEAT-FACILITY-011,ES-FEAT-FACILITY-000,maintenance,"Facility, barn, business, and physical operations",ES-FEAT-<DOMAIN>-<NUMBER> assigned by this V1.0 package,frontend/src/pages/RoleIntake.jsx;frontend/src/pages/Landing.jsx;frontend/src/features/dashboards/PersonalDashboard.jsx;frontend/src/pages/AdminReviewQueue.jsx;frontend/src/pages/BarnLocations.jsx;backend/routes/manager_intake.py;backend/routes/membership.py;backend/routes/onboarding.py;backend/routes/admin.py;backend/routes/auth.py,MATRIX_ROW
ES-FEAT-FACILITY-012,ES-FEAT-FACILITY-000,work orders,"Facility, barn, business, and physical operations",ES-FEAT-<DOMAIN>-<NUMBER> assigned by this V1.0 package,frontend/src/pages/Landing.jsx;frontend/src/pages/RoleIntake.jsx;frontend/src/features/dashboards/PersonalDashboard.jsx;frontend/src/pages/EmergencyWorkflows.jsx;frontend/src/pages/Enrollment.jsx;backend/routes/membership.py;backend/routes/auth.py;backend/routes/backlog.py;backend/routes/billing.py;backend/routes/document_signatures.py,MATRIX_ROW
ES-FEAT-FACILITY-013,ES-FEAT-FACILITY-000,hazards,"Facility, barn, business, and physical operations",ES-FEAT-<DOMAIN>-<NUMBER> assigned by this V1.0 package,frontend/src/pages/Landing.jsx;frontend/src/pages/RoleIntake.jsx;frontend/src/features/dashboards/PersonalDashboard.jsx;frontend/src/pages/AdminReviewQueue.jsx;frontend/src/pages/Enrollment.jsx;backend/routes/manager_intake.py;backend/routes/membership.py;backend/routes/onboarding.py;backend/routes/auth.py;backend/routes/backlog.py,MATRIX_ROW
ES-FEAT-FACILITY-014,ES-FEAT-FACILITY-000,closures,"Facility, barn, business, and physical operations",ES-FEAT-<DOMAIN>-<NUMBER> assigned by this V1.0 package,frontend/src/pages/Landing.jsx;frontend/src/pages/RoleIntake.jsx;frontend/src/features/dashboards/PersonalDashboard.jsx;frontend/src/pages/AdminReviewQueue.jsx;frontend/src/pages/Enrollment.jsx;backend/routes/manager_intake.py;backend/routes/membership.py;backend/routes/onboarding.py;backend/routes/auth.py;backend/routes/backlog.py,MATRIX_ROW
ES-FEAT-FACILITY-015,ES-FEAT-FACILITY-000,contractors,"Facility, barn, business, and physical operations",ES-FEAT-<DOMAIN>-<NUMBER> assigned by this V1.0 package,frontend/src/pages/Landing.jsx;frontend/src/pages/RoleIntake.jsx;frontend/src/features/dashboards/PersonalDashboard.jsx;frontend/src/pages/AdminReviewQueue.jsx;frontend/src/pages/Enrollment.jsx;backend/routes/manager_intake.py;backend/routes/membership.py;backend/routes/onboarding.py;backend/routes/auth.py;backend/routes/backlog.py,MATRIX_ROW
ES-FEAT-FACILITY-016,ES-FEAT-FACILITY-000,capital improvements,"Facility, barn, business, and physical operations",ES-FEAT-<DOMAIN>-<NUMBER> assigned by this V1.0 package,frontend/src/pages/Landing.jsx;frontend/src/pages/RoleIntake.jsx;frontend/src/features/dashboards/PersonalDashboard.jsx;frontend/src/pages/AdminReviewQueue.jsx;frontend/src/pages/Enrollment.jsx;backend/routes/manager_intake.py;backend/routes/membership.py;backend/routes/onboarding.py;backend/routes/auth.py;backend/routes/backlog.py,MATRIX_ROW
ES-FEAT-FACILITY-017,ES-FEAT-FACILITY-000,business operations,"Facility, barn, business, and physical operations",ES-FEAT-<DOMAIN>-<NUMBER> assigned by this V1.0 package,frontend/src/pages/Landing.jsx;frontend/src/pages/RoleIntake.jsx;frontend/src/pages/Onboarding.jsx;frontend/src/features/dashboards/PersonalDashboard.jsx;frontend/src/pages/AdminReviewQueue.jsx;backend/routes/operations.py;backend/routes/manager_intake.py;backend/routes/membership.py;backend/routes/onboarding.py;backend/routes/backlog.py,MATRIX_ROW
ES-FEAT-HORSE-000,ROOT,Horse identity and lifecycle,Horse identity and lifecycle,DOMAIN_PARENT_FROM_DIRECTIVE_SECTION_8,backend/routes/horses.py; backend/routes/horse_ledger.py,DOMAIN_PARENT_ONLY_NOT_A_MATRIX_ROW
ES-FEAT-HORSE-001,ES-FEAT-HORSE-000,horse profile,Horse identity and lifecycle,ES-FEAT-<DOMAIN>-<NUMBER> assigned by this V1.0 package,frontend/src/pages/HorseProfile.jsx;frontend/src/features/dashboards/GuardianDashboard.jsx;frontend/src/features/dashboards/OwnerDashboard.jsx;frontend/src/features/dashboards/PersonalDashboard.jsx;frontend/src/features/dashboards/RiderDashboard.jsx;backend/routes/rider_profile.py;backend/routes/horse_ledger.py;backend/routes/operations.py;backend/routes/barn_owner_intake.py;backend/routes/billing.py,MATRIX_ROW
ES-FEAT-HORSE-002,ES-FEAT-HORSE-000,passport,Horse identity and lifecycle,ES-FEAT-<DOMAIN>-<NUMBER> assigned by this V1.0 package,backend/routes/horse_ledger.py;backend/routes/operations.py;backend/routes/owner_updates.py;backend/routes/subscriptions.py;backend/routes/subscriptions_webhook_handlers.py,MATRIX_ROW
ES-FEAT-HORSE-003,ES-FEAT-HORSE-000,ownership,Horse identity and lifecycle,ES-FEAT-<DOMAIN>-<NUMBER> assigned by this V1.0 package,backend/routes/horse_ledger.py;backend/routes/operations.py;backend/routes/owner_updates.py;backend/routes/subscriptions.py;backend/routes/subscriptions_webhook_handlers.py,MATRIX_ROW
ES-FEAT-HORSE-004,ES-FEAT-HORSE-000,custody,Horse identity and lifecycle,ES-FEAT-<DOMAIN>-<NUMBER> assigned by this V1.0 package,backend/routes/horse_ledger.py;backend/routes/operations.py;backend/routes/owner_updates.py;backend/routes/subscriptions.py;backend/routes/subscriptions_webhook_handlers.py,MATRIX_ROW
ES-FEAT-HORSE-005,ES-FEAT-HORSE-000,lease,Horse identity and lifecycle,ES-FEAT-<DOMAIN>-<NUMBER> assigned by this V1.0 package,frontend/src/pages/Enrollment.jsx;backend/routes/document_signatures.py;backend/routes/horse_ledger.py;backend/routes/operations.py;backend/routes/owner_updates.py;backend/routes/subscriptions.py,MATRIX_ROW
ES-FEAT-HORSE-006,ES-FEAT-HORSE-000,transfer,Horse identity and lifecycle,ES-FEAT-<DOMAIN>-<NUMBER> assigned by this V1.0 package,backend/routes/horse_ledger.py;backend/routes/operations.py;backend/routes/owner_updates.py;backend/routes/subscriptions.py;backend/routes/subscriptions_webhook_handlers.py,MATRIX_ROW
ES-FEAT-HORSE-007,ES-FEAT-HORSE-000,medical continuity,Horse identity and lifecycle,ES-FEAT-<DOMAIN>-<NUMBER> assigned by this V1.0 package,frontend/src/pages/Inventory.jsx;frontend/src/pages/SupplyInventory.jsx;backend/routes/guardian_intake.py;backend/routes/horse_ledger.py;backend/routes/operations.py;backend/routes/owner_updates.py;backend/routes/subscriptions.py,MATRIX_ROW
ES-FEAT-HORSE-008,ES-FEAT-HORSE-000,emergency transfer,Horse identity and lifecycle,ES-FEAT-<DOMAIN>-<NUMBER> assigned by this V1.0 package,frontend/src/pages/EmergencyContacts.jsx;frontend/src/pages/EmergencyWorkflows.jsx;frontend/src/features/dashboards/PersonalDashboard.jsx;frontend/src/pages/Riders.jsx;backend/routes/care.py;backend/routes/guardian_intake.py;backend/routes/horse_ledger.py;backend/routes/horses.py;backend/routes/manager_intake.py,MATRIX_ROW
ES-FEAT-HORSE-009,ES-FEAT-HORSE-000,historical ownership,Horse identity and lifecycle,ES-FEAT-<DOMAIN>-<NUMBER> assigned by this V1.0 package,backend/routes/horse_ledger.py;backend/routes/operations.py;backend/routes/owner_updates.py;backend/routes/subscriptions.py;backend/routes/subscriptions_webhook_handlers.py,MATRIX_ROW
ES-FEAT-HORSE-010,ES-FEAT-HORSE-000,duplicate horse resolution,Horse identity and lifecycle,ES-FEAT-<DOMAIN>-<NUMBER> assigned by this V1.0 package,backend/routes/care.py;backend/routes/digests.py;backend/routes/horse_ledger.py;backend/routes/operations.py;backend/routes/owner_updates.py,MATRIX_ROW
ES-FEAT-HORSE-011,ES-FEAT-HORSE-000,retirement,Horse identity and lifecycle,ES-FEAT-<DOMAIN>-<NUMBER> assigned by this V1.0 package,backend/routes/horse_ledger.py;backend/routes/operations.py;backend/routes/owner_updates.py;backend/routes/subscriptions.py;backend/routes/subscriptions_webhook_handlers.py,MATRIX_ROW
ES-FEAT-HORSE-012,ES-FEAT-HORSE-000,memorialization,Horse identity and lifecycle,ES-FEAT-<DOMAIN>-<NUMBER> assigned by this V1.0 package,backend/routes/horse_ledger.py;backend/routes/operations.py;backend/routes/owner_updates.py;backend/routes/subscriptions.py;backend/routes/subscriptions_webhook_handlers.py,MATRIX_ROW
ES-FEAT-HORSE-013,ES-FEAT-HORSE-000,public and private projections,Horse identity and lifecycle,ES-FEAT-<DOMAIN>-<NUMBER> assigned by this V1.0 package,frontend/src/pages/ArenaSchedule.jsx;frontend/src/pages/Signup.jsx;backend/routes/horse_ledger.py;backend/routes/subscriptions.py;backend/routes/operations.py;backend/routes/analytics.py;backend/routes/auth.py,MATRIX_ROW
ES-FEAT-CARE-000,ROOT,Care operations,Care operations,DOMAIN_PARENT_FROM_DIRECTIVE_SECTION_8,backend/routes/care.py; backend/routes/horse_ledger.py; backend/task_engine.py,DOMAIN_PARENT_ONLY_NOT_A_MATRIX_ROW
ES-FEAT-CARE-001,ES-FEAT-CARE-000,feed,Care operations,ES-FEAT-<DOMAIN>-<NUMBER> assigned by this V1.0 package,frontend/src/pages/Feed.jsx;frontend/src/pages/CareLedgerTab.jsx;frontend/src/pages/Dashboard.jsx;frontend/src/pages/HorseProfile.jsx;frontend/src/pages/Landing.jsx;backend/routes/onboarding.py;backend/routes/care.py;backend/routes/horse_ledger.py;backend/routes/horses.py;backend/routes/manager_intake.py,MATRIX_ROW
ES-FEAT-CARE-002,ES-FEAT-CARE-000,supplements,Care operations,ES-FEAT-<DOMAIN>-<NUMBER> assigned by this V1.0 package,frontend/src/pages/Dashboard.jsx;frontend/src/pages/Landing.jsx;frontend/src/pages/RoleIntake.jsx;frontend/src/features/dashboards/PersonalDashboard.jsx;frontend/src/pages/AiAutomation.jsx;backend/routes/horse_ledger.py;backend/routes/manager_intake.py;backend/routes/onboarding.py;backend/routes/admin.py;backend/routes/backlog.py,MATRIX_ROW
ES-FEAT-CARE-003,ES-FEAT-CARE-000,medication,Care operations,ES-FEAT-<DOMAIN>-<NUMBER> assigned by this V1.0 package,frontend/src/pages/Medications.jsx;frontend/src/pages/Dashboard.jsx;frontend/src/pages/HealthCareLogs.jsx;frontend/src/pages/HorseProfile.jsx;frontend/src/pages/Landing.jsx;backend/routes/onboarding.py;backend/routes/care.py;backend/routes/manager_intake.py;backend/routes/owner.py;backend/routes/staff_intake.py,MATRIX_ROW
ES-FEAT-CARE-004,ES-FEAT-CARE-000,treatment instructions,Care operations,ES-FEAT-<DOMAIN>-<NUMBER> assigned by this V1.0 package,frontend/src/pages/Dashboard.jsx;frontend/src/pages/Landing.jsx;frontend/src/pages/RoleIntake.jsx;frontend/src/features/dashboards/PersonalDashboard.jsx;frontend/src/pages/AiAutomation.jsx;backend/routes/manager_intake.py;backend/routes/onboarding.py;backend/routes/admin.py;backend/routes/backlog.py;backend/routes/billing.py,MATRIX_ROW
ES-FEAT-CARE-005,ES-FEAT-CARE-000,turnout,Care operations,ES-FEAT-<DOMAIN>-<NUMBER> assigned by this V1.0 package,frontend/src/pages/Turnout.jsx;frontend/src/pages/CareLedgerTab.jsx;frontend/src/pages/Dashboard.jsx;frontend/src/pages/Landing.jsx;frontend/src/pages/RoleIntake.jsx;backend/routes/horse_ledger.py;backend/routes/horses.py;backend/routes/manager_intake.py;backend/routes/onboarding.py;backend/routes/owner.py,MATRIX_ROW
ES-FEAT-CARE-006,ES-FEAT-CARE-000,blanketing,Care operations,ES-FEAT-<DOMAIN>-<NUMBER> assigned by this V1.0 package,frontend/src/pages/Dashboard.jsx;frontend/src/pages/Landing.jsx;frontend/src/pages/RoleIntake.jsx;frontend/src/features/dashboards/PersonalDashboard.jsx;frontend/src/pages/AiAutomation.jsx;backend/routes/manager_intake.py;backend/routes/onboarding.py;backend/routes/staff_intake.py;backend/routes/admin.py;backend/routes/backlog.py,MATRIX_ROW
ES-FEAT-CARE-007,ES-FEAT-CARE-000,stall rest,Care operations,ES-FEAT-<DOMAIN>-<NUMBER> assigned by this V1.0 package,frontend/src/pages/CareLedgerTab.jsx;frontend/src/pages/Landing.jsx;frontend/src/pages/StallMap.jsx;frontend/src/pages/Dashboard.jsx;frontend/src/pages/Horses.jsx;backend/routes/backlog.py;backend/routes/dashboard.py;backend/routes/horse_ledger.py;backend/routes/horses.py;backend/routes/manager_intake.py,MATRIX_ROW
ES-FEAT-CARE-008,ES-FEAT-CARE-000,rehabilitation,Care operations,ES-FEAT-<DOMAIN>-<NUMBER> assigned by this V1.0 package,frontend/src/pages/Dashboard.jsx;frontend/src/pages/Landing.jsx;frontend/src/pages/RoleIntake.jsx;frontend/src/features/dashboards/PersonalDashboard.jsx;frontend/src/pages/AiAutomation.jsx;backend/routes/manager_intake.py;backend/routes/onboarding.py;backend/routes/admin.py;backend/routes/backlog.py;backend/routes/billing.py,MATRIX_ROW
ES-FEAT-CARE-009,ES-FEAT-CARE-000,observations,Care operations,ES-FEAT-<DOMAIN>-<NUMBER> assigned by this V1.0 package,frontend/src/pages/Dashboard.jsx;frontend/src/pages/Landing.jsx;frontend/src/pages/RoleIntake.jsx;frontend/src/features/dashboards/PersonalDashboard.jsx;frontend/src/pages/AiAutomation.jsx;backend/routes/manager_intake.py;backend/routes/onboarding.py;backend/routes/admin.py;backend/routes/backlog.py;backend/routes/billing.py,MATRIX_ROW
ES-FEAT-CARE-010,ES-FEAT-CARE-000,welfare concerns,Care operations,ES-FEAT-<DOMAIN>-<NUMBER> assigned by this V1.0 package,frontend/src/pages/Dashboard.jsx;frontend/src/pages/Landing.jsx;frontend/src/pages/RoleIntake.jsx;frontend/src/features/dashboards/PersonalDashboard.jsx;frontend/src/pages/AiAutomation.jsx;backend/routes/manager_intake.py;backend/routes/onboarding.py;backend/routes/admin.py;backend/routes/backlog.py;backend/routes/billing.py,MATRIX_ROW
ES-FEAT-CARE-011,ES-FEAT-CARE-000,veterinary visits,Care operations,ES-FEAT-<DOMAIN>-<NUMBER> assigned by this V1.0 package,frontend/src/pages/Dashboard.jsx;frontend/src/pages/Landing.jsx;frontend/src/pages/RoleIntake.jsx;frontend/src/features/dashboards/PersonalDashboard.jsx;frontend/src/pages/AiAutomation.jsx;backend/routes/manager_intake.py;backend/routes/onboarding.py;backend/routes/admin.py;backend/routes/backlog.py;backend/routes/billing.py,MATRIX_ROW
ES-FEAT-CARE-012,ES-FEAT-CARE-000,farrier,Care operations,ES-FEAT-<DOMAIN>-<NUMBER> assigned by this V1.0 package,frontend/src/pages/Landing.jsx;frontend/src/pages/Dashboard.jsx;frontend/src/pages/HealthCareLogs.jsx;frontend/src/pages/RoleIntake.jsx;frontend/src/features/dashboards/PersonalDashboard.jsx;backend/routes/care.py;backend/routes/manager_intake.py;backend/routes/membership.py;backend/routes/onboarding.py;backend/routes/owner.py,MATRIX_ROW
ES-FEAT-CARE-013,ES-FEAT-CARE-000,dental,Care operations,ES-FEAT-<DOMAIN>-<NUMBER> assigned by this V1.0 package,frontend/src/pages/Dashboard.jsx;frontend/src/pages/Landing.jsx;frontend/src/pages/RoleIntake.jsx;frontend/src/features/dashboards/PersonalDashboard.jsx;frontend/src/pages/AiAutomation.jsx;backend/routes/manager_intake.py;backend/routes/onboarding.py;backend/routes/admin.py;backend/routes/backlog.py;backend/routes/billing.py,MATRIX_ROW
ES-FEAT-CARE-014,ES-FEAT-CARE-000,bodywork,Care operations,ES-FEAT-<DOMAIN>-<NUMBER> assigned by this V1.0 package,frontend/src/pages/Dashboard.jsx;frontend/src/pages/Landing.jsx;frontend/src/pages/RoleIntake.jsx;frontend/src/features/dashboards/PersonalDashboard.jsx;frontend/src/pages/AiAutomation.jsx;backend/routes/manager_intake.py;backend/routes/onboarding.py;backend/routes/admin.py;backend/routes/backlog.py;backend/routes/billing.py,MATRIX_ROW
ES-FEAT-CARE-015,ES-FEAT-CARE-000,nutrition,Care operations,ES-FEAT-<DOMAIN>-<NUMBER> assigned by this V1.0 package,frontend/src/pages/Dashboard.jsx;frontend/src/pages/Landing.jsx;frontend/src/pages/RoleIntake.jsx;frontend/src/features/dashboards/PersonalDashboard.jsx;frontend/src/pages/AiAutomation.jsx;backend/routes/manager_intake.py;backend/routes/onboarding.py;backend/routes/admin.py;backend/routes/backlog.py;backend/routes/billing.py,MATRIX_ROW
ES-FEAT-CARE-016,ES-FEAT-CARE-000,care-plan changes,Care operations,ES-FEAT-<DOMAIN>-<NUMBER> assigned by this V1.0 package,frontend/src/pages/CareLedgerTab.jsx;frontend/src/pages/HealthCareLogs.jsx;frontend/src/pages/Landing.jsx;frontend/src/pages/OwnerCareLedger.jsx;frontend/src/pages/Dashboard.jsx;backend/routes/care.py;backend/routes/manager_intake.py;backend/routes/horses.py;backend/routes/onboarding.py;backend/routes/owner.py,MATRIX_ROW
ES-FEAT-CARE-017,ES-FEAT-CARE-000,missed care,Care operations,ES-FEAT-<DOMAIN>-<NUMBER> assigned by this V1.0 package,frontend/src/pages/HealthCareLogs.jsx;frontend/src/pages/CareLedgerTab.jsx;frontend/src/pages/OwnerCareLedger.jsx;frontend/src/pages/AiAutomation.jsx;frontend/src/pages/Dashboard.jsx;backend/routes/care.py;backend/routes/manager_intake.py;backend/routes/onboarding.py;backend/routes/admin.py;backend/routes/horse_ledger.py,MATRIX_ROW
ES-FEAT-CARE-018,ES-FEAT-CARE-000,care evidence,Care operations,ES-FEAT-<DOMAIN>-<NUMBER> assigned by this V1.0 package,frontend/src/pages/CareLedgerTab.jsx;frontend/src/pages/HealthCareLogs.jsx;frontend/src/pages/OwnerCareLedger.jsx;frontend/src/pages/Dashboard.jsx;frontend/src/pages/Landing.jsx;backend/routes/care.py;backend/routes/manager_intake.py;backend/routes/onboarding.py;backend/routes/pulse.py;backend/routes/admin.py,MATRIX_ROW
ES-FEAT-LESSONS-000,ROOT,"Lessons, training, riders, and guardians","Lessons, training, riders, and guardians",DOMAIN_PARENT_FROM_DIRECTIVE_SECTION_8,backend/routes/operations.py; backend/routes/trainer_operating_center.py; backend/routes/rider_profile.py; backend/routes/guardian_intake.py,DOMAIN_PARENT_ONLY_NOT_A_MATRIX_ROW
ES-FEAT-LESSONS-001,ES-FEAT-LESSONS-000,rider profiles,"Lessons, training, riders, and guardians",ES-FEAT-<DOMAIN>-<NUMBER> assigned by this V1.0 package,frontend/src/pages/Riders.jsx;frontend/src/pages/RoleIntake.jsx;frontend/src/features/dashboards/RiderDashboard.jsx;frontend/src/pages/Lessons.jsx;frontend/src/features/dashboards/TrainerDashboard.jsx;backend/routes/rider_profile.py;backend/routes/trainer_intake.py;backend/routes/onboarding.py;backend/routes/barn_owner_intake.py;backend/routes/care.py,MATRIX_ROW
ES-FEAT-LESSONS-002,ES-FEAT-LESSONS-000,lesson enrollment,"Lessons, training, riders, and guardians",ES-FEAT-<DOMAIN>-<NUMBER> assigned by this V1.0 package,frontend/src/pages/Lessons.jsx;frontend/src/pages/Riders.jsx;frontend/src/pages/RoleIntake.jsx;frontend/src/features/dashboards/TrainerDashboard.jsx;frontend/src/pages/Enrollment.jsx;backend/routes/trainer_intake.py;backend/routes/operations.py;backend/routes/trainer_operating_center.py;backend/routes/barn_owner_intake.py;backend/routes/dashboard.py,MATRIX_ROW
ES-FEAT-LESSONS-003,ES-FEAT-LESSONS-000,lesson scheduling,"Lessons, training, riders, and guardians",ES-FEAT-<DOMAIN>-<NUMBER> assigned by this V1.0 package,frontend/src/pages/Lessons.jsx;frontend/src/pages/RoleIntake.jsx;frontend/src/pages/Riders.jsx;frontend/src/features/dashboards/TrainerDashboard.jsx;frontend/src/pages/StaffScheduling.jsx;backend/routes/operations.py;backend/routes/trainer_intake.py;backend/routes/trainer_operating_center.py;backend/routes/barn_owner_intake.py;backend/routes/dashboard.py,MATRIX_ROW
ES-FEAT-LESSONS-004,ES-FEAT-LESSONS-000,lesson attendance,"Lessons, training, riders, and guardians",ES-FEAT-<DOMAIN>-<NUMBER> assigned by this V1.0 package,frontend/src/pages/Lessons.jsx;frontend/src/pages/Riders.jsx;frontend/src/pages/RoleIntake.jsx;frontend/src/features/dashboards/TrainerDashboard.jsx;frontend/src/pages/Signup.jsx;backend/routes/operations.py;backend/routes/trainer_intake.py;backend/routes/trainer_operating_center.py;backend/routes/barn_owner_intake.py;backend/routes/dashboard.py,MATRIX_ROW
ES-FEAT-LESSONS-005,ES-FEAT-LESSONS-000,horse assignment,"Lessons, training, riders, and guardians",ES-FEAT-<DOMAIN>-<NUMBER> assigned by this V1.0 package,frontend/src/pages/Riders.jsx;frontend/src/pages/RoleIntake.jsx;frontend/src/features/dashboards/TrainerDashboard.jsx;frontend/src/pages/CareLedgerTab.jsx;frontend/src/pages/Lessons.jsx;backend/routes/trainer_intake.py;backend/routes/horse_ledger.py;backend/routes/operations.py;backend/routes/trainer_operating_center.py;backend/routes/backlog.py,MATRIX_ROW
ES-FEAT-LESSONS-006,ES-FEAT-LESSONS-000,rider-horse suitability,"Lessons, training, riders, and guardians",ES-FEAT-<DOMAIN>-<NUMBER> assigned by this V1.0 package,frontend/src/pages/Riders.jsx;frontend/src/pages/RoleIntake.jsx;frontend/src/features/dashboards/RiderDashboard.jsx;frontend/src/pages/Lessons.jsx;frontend/src/features/dashboards/TrainerDashboard.jsx;backend/routes/rider_profile.py;backend/routes/trainer_intake.py;backend/routes/care.py;backend/routes/horses.py;backend/routes/membership.py,MATRIX_ROW
ES-FEAT-LESSONS-007,ES-FEAT-LESSONS-000,trainer programs,"Lessons, training, riders, and guardians",ES-FEAT-<DOMAIN>-<NUMBER> assigned by this V1.0 package,frontend/src/features/dashboards/TrainerDashboard.jsx;frontend/src/pages/RoleIntake.jsx;frontend/src/pages/Riders.jsx;frontend/src/pages/CareLedgerTab.jsx;frontend/src/pages/HorseProfile.jsx;backend/routes/trainer_intake.py;backend/routes/trainer_operating_center.py;backend/routes/membership.py;backend/routes/operations.py;backend/routes/care.py,MATRIX_ROW
ES-FEAT-LESSONS-008,ES-FEAT-LESSONS-000,horse-training sessions,"Lessons, training, riders, and guardians",ES-FEAT-<DOMAIN>-<NUMBER> assigned by this V1.0 package,frontend/src/pages/Training.jsx;frontend/src/pages/Riders.jsx;frontend/src/pages/RoleIntake.jsx;frontend/src/pages/TrainingPlans.jsx;frontend/src/features/dashboards/TrainerDashboard.jsx;backend/routes/operations.py;backend/routes/trainer_intake.py;backend/routes/trainer_operating_center.py;backend/routes/barn_owner_intake.py;backend/routes/horse_ledger.py,MATRIX_ROW
ES-FEAT-LESSONS-009,ES-FEAT-LESSONS-000,progress records,"Lessons, training, riders, and guardians",ES-FEAT-<DOMAIN>-<NUMBER> assigned by this V1.0 package,frontend/src/pages/Riders.jsx;frontend/src/pages/RoleIntake.jsx;frontend/src/features/dashboards/TrainerDashboard.jsx;frontend/src/pages/HorseProfile.jsx;frontend/src/pages/Lessons.jsx;backend/routes/barn_owner_intake.py;backend/routes/operations.py;backend/routes/trainer_operating_center.py;backend/routes/care.py;backend/routes/staff_intake.py,MATRIX_ROW
ES-FEAT-LESSONS-010,ES-FEAT-LESSONS-000,assessments,"Lessons, training, riders, and guardians",ES-FEAT-<DOMAIN>-<NUMBER> assigned by this V1.0 package,frontend/src/pages/Riders.jsx;frontend/src/pages/RoleIntake.jsx;frontend/src/features/dashboards/TrainerDashboard.jsx;frontend/src/pages/Lessons.jsx;frontend/src/pages/CareLedgerTab.jsx;backend/routes/operations.py;backend/routes/trainer_intake.py;backend/routes/trainer_operating_center.py;backend/routes/barn_owner_intake.py;backend/routes/care.py,MATRIX_ROW
ES-FEAT-LESSONS-011,ES-FEAT-LESSONS-000,guardian approvals,"Lessons, training, riders, and guardians",ES-FEAT-<DOMAIN>-<NUMBER> assigned by this V1.0 package,frontend/src/features/dashboards/GuardianDashboard.jsx;frontend/src/pages/Riders.jsx;frontend/src/pages/RoleIntake.jsx;frontend/src/features/dashboards/TrainerDashboard.jsx;frontend/src/pages/Lessons.jsx;backend/routes/student_guardians.py;backend/routes/guardian_intake.py;backend/routes/operations.py;backend/routes/onboarding.py;backend/routes/trainer_intake.py,MATRIX_ROW
ES-FEAT-LESSONS-012,ES-FEAT-LESSONS-000,protected communications,"Lessons, training, riders, and guardians",ES-FEAT-<DOMAIN>-<NUMBER> assigned by this V1.0 package,frontend/src/pages/Riders.jsx;frontend/src/pages/RoleIntake.jsx;frontend/src/features/dashboards/TrainerDashboard.jsx;frontend/src/pages/Lessons.jsx;frontend/src/pages/AdminReviewQueue.jsx;backend/routes/operations.py;backend/routes/trainer_intake.py;backend/routes/trainer_operating_center.py;backend/routes/barn_owner_intake.py;backend/routes/care.py,MATRIX_ROW
ES-FEAT-LESSONS-013,ES-FEAT-LESSONS-000,safety interruption,"Lessons, training, riders, and guardians",ES-FEAT-<DOMAIN>-<NUMBER> assigned by this V1.0 package,frontend/src/pages/Riders.jsx;frontend/src/pages/RoleIntake.jsx;frontend/src/features/dashboards/TrainerDashboard.jsx;frontend/src/pages/Lessons.jsx;frontend/src/pages/CareLedgerTab.jsx;backend/routes/operations.py;backend/routes/student_guardians.py;backend/routes/trainer_intake.py;backend/routes/trainer_operating_center.py;backend/routes/barn_owner_intake.py,MATRIX_ROW
ES-FEAT-LESSONS-014,ES-FEAT-LESSONS-000,owner updates,"Lessons, training, riders, and guardians",ES-FEAT-<DOMAIN>-<NUMBER> assigned by this V1.0 package,frontend/src/pages/OwnerUpdates.jsx;frontend/src/pages/Riders.jsx;frontend/src/pages/RoleIntake.jsx;frontend/src/features/dashboards/TrainerDashboard.jsx;frontend/src/pages/HorseProfile.jsx;backend/routes/owner_updates.py;backend/routes/operations.py;backend/routes/trainer_intake.py;backend/routes/trainer_operating_center.py;backend/routes/backlog.py,MATRIX_ROW
ES-FEAT-LESSONS-015,ES-FEAT-LESSONS-000,lesson packages,"Lessons, training, riders, and guardians",ES-FEAT-<DOMAIN>-<NUMBER> assigned by this V1.0 package,frontend/src/pages/Lessons.jsx;frontend/src/pages/Riders.jsx;frontend/src/pages/RoleIntake.jsx;frontend/src/features/dashboards/TrainerDashboard.jsx;frontend/src/pages/Signup.jsx;backend/routes/trainer_operating_center.py;backend/routes/operations.py;backend/routes/trainer_intake.py;backend/routes/barn_owner_intake.py;backend/routes/dashboard.py,MATRIX_ROW
ES-FEAT-TASKS-000,ROOT,"Tasks, calendar, scheduling, and notifications","Tasks, calendar, scheduling, and notifications",DOMAIN_PARENT_FROM_DIRECTIVE_SECTION_8,backend/task_engine.py; backend/notifications.py; backend/routes/pulse.py; backend/routes/backlog.py,DOMAIN_PARENT_ONLY_NOT_A_MATRIX_ROW
ES-FEAT-TASKS-001,ES-FEAT-TASKS-000,tasks,"Tasks, calendar, scheduling, and notifications",ES-FEAT-<DOMAIN>-<NUMBER> assigned by this V1.0 package,frontend/src/pages/RoleIntake.jsx;frontend/src/pages/StaffTasks.jsx;frontend/src/pages/HandoffReports.jsx;frontend/src/pages/MyWork.jsx;frontend/src/pages/Rehab.jsx;backend/routes/manager_intake.py;backend/routes/care.py;backend/routes/dashboard.py;backend/routes/owner.py;backend/routes/staff_intake.py,MATRIX_ROW
ES-FEAT-TASKS-002,ES-FEAT-TASKS-000,events,"Tasks, calendar, scheduling, and notifications",ES-FEAT-<DOMAIN>-<NUMBER> assigned by this V1.0 package,frontend/src/pages/RoleIntake.jsx;frontend/src/features/dashboards/PersonalDashboard.jsx;frontend/src/pages/HandoffReports.jsx;frontend/src/pages/Integrations.jsx;frontend/src/pages/MyWork.jsx;backend/routes/manager_intake.py;backend/routes/admin_billing.py;backend/routes/analytics.py;backend/routes/backlog.py;backend/routes/care.py,MATRIX_ROW
ES-FEAT-TASKS-003,ES-FEAT-TASKS-000,recurrence,"Tasks, calendar, scheduling, and notifications",ES-FEAT-<DOMAIN>-<NUMBER> assigned by this V1.0 package,frontend/src/pages/RoleIntake.jsx;frontend/src/features/dashboards/PersonalDashboard.jsx;frontend/src/pages/HandoffReports.jsx;frontend/src/pages/Integrations.jsx;frontend/src/pages/MyWork.jsx;backend/routes/manager_intake.py;backend/routes/backlog.py;backend/routes/care.py;backend/routes/dashboard.py;backend/routes/digests.py,MATRIX_ROW
ES-FEAT-TASKS-004,ES-FEAT-TASKS-000,assignments,"Tasks, calendar, scheduling, and notifications",ES-FEAT-<DOMAIN>-<NUMBER> assigned by this V1.0 package,frontend/src/pages/RoleIntake.jsx;frontend/src/features/dashboards/PersonalDashboard.jsx;frontend/src/pages/HandoffReports.jsx;frontend/src/pages/Integrations.jsx;frontend/src/pages/MyWork.jsx;backend/routes/backlog.py;backend/routes/manager_intake.py;backend/routes/care.py;backend/routes/dashboard.py;backend/routes/digests.py,MATRIX_ROW
ES-FEAT-TASKS-005,ES-FEAT-TASKS-000,claims,"Tasks, calendar, scheduling, and notifications",ES-FEAT-<DOMAIN>-<NUMBER> assigned by this V1.0 package,frontend/src/pages/RoleIntake.jsx;frontend/src/features/dashboards/PersonalDashboard.jsx;frontend/src/pages/HandoffReports.jsx;frontend/src/pages/Integrations.jsx;frontend/src/pages/MyWork.jsx;backend/routes/manager_intake.py;backend/routes/backlog.py;backend/routes/care.py;backend/routes/dashboard.py;backend/routes/digests.py,MATRIX_ROW
ES-FEAT-TASKS-006,ES-FEAT-TASKS-000,completion,"Tasks, calendar, scheduling, and notifications",ES-FEAT-<DOMAIN>-<NUMBER> assigned by this V1.0 package,frontend/src/pages/Rehab.jsx;frontend/src/pages/RoleIntake.jsx;frontend/src/features/dashboards/PersonalDashboard.jsx;frontend/src/pages/HandoffReports.jsx;frontend/src/pages/Integrations.jsx;backend/routes/manager_intake.py;backend/routes/dashboard.py;backend/routes/rider_profile.py;backend/routes/staff_intake.py;backend/routes/backlog.py,MATRIX_ROW
ES-FEAT-TASKS-007,ES-FEAT-TASKS-000,correction,"Tasks, calendar, scheduling, and notifications",ES-FEAT-<DOMAIN>-<NUMBER> assigned by this V1.0 package,frontend/src/pages/RoleIntake.jsx;frontend/src/features/dashboards/PersonalDashboard.jsx;frontend/src/pages/HandoffReports.jsx;frontend/src/pages/Integrations.jsx;frontend/src/pages/MyWork.jsx;backend/routes/manager_intake.py;backend/routes/backlog.py;backend/routes/care.py;backend/routes/dashboard.py;backend/routes/digests.py,MATRIX_ROW
ES-FEAT-TASKS-008,ES-FEAT-TASKS-000,reminders,"Tasks, calendar, scheduling, and notifications",ES-FEAT-<DOMAIN>-<NUMBER> assigned by this V1.0 package,frontend/src/pages/HealthReminders.jsx;frontend/src/pages/RoleIntake.jsx;frontend/src/features/dashboards/PersonalDashboard.jsx;frontend/src/pages/HandoffReports.jsx;frontend/src/pages/Integrations.jsx;backend/routes/manager_intake.py;backend/routes/backlog.py;backend/routes/care.py;backend/routes/dashboard.py;backend/routes/digests.py,MATRIX_ROW
ES-FEAT-TASKS-009,ES-FEAT-TASKS-000,acknowledgment,"Tasks, calendar, scheduling, and notifications",ES-FEAT-<DOMAIN>-<NUMBER> assigned by this V1.0 package,frontend/src/pages/RoleIntake.jsx;frontend/src/features/dashboards/PersonalDashboard.jsx;frontend/src/pages/HandoffReports.jsx;frontend/src/pages/Integrations.jsx;frontend/src/pages/MyWork.jsx;backend/routes/manager_intake.py;backend/routes/backlog.py;backend/routes/care.py;backend/routes/dashboard.py;backend/routes/digests.py,MATRIX_ROW
ES-FEAT-TASKS-010,ES-FEAT-TASKS-000,escalation,"Tasks, calendar, scheduling, and notifications",ES-FEAT-<DOMAIN>-<NUMBER> assigned by this V1.0 package,frontend/src/pages/RoleIntake.jsx;frontend/src/features/dashboards/PersonalDashboard.jsx;frontend/src/pages/HandoffReports.jsx;frontend/src/pages/Integrations.jsx;frontend/src/pages/MyWork.jsx;backend/routes/manager_intake.py;backend/routes/backlog.py;backend/routes/care.py;backend/routes/dashboard.py;backend/routes/digests.py,MATRIX_ROW
ES-FEAT-TASKS-011,ES-FEAT-TASKS-000,quiet hours,"Tasks, calendar, scheduling, and notifications",ES-FEAT-<DOMAIN>-<NUMBER> assigned by this V1.0 package,frontend/src/pages/RoleIntake.jsx;frontend/src/features/dashboards/PersonalDashboard.jsx;frontend/src/pages/HandoffReports.jsx;frontend/src/pages/HealthReminders.jsx;frontend/src/pages/Integrations.jsx;backend/routes/manager_intake.py;backend/routes/auth.py;backend/routes/backlog.py;backend/routes/care.py;backend/routes/dashboard.py,MATRIX_ROW
ES-FEAT-TASKS-012,ES-FEAT-TASKS-000,calendar synchronization,"Tasks, calendar, scheduling, and notifications",ES-FEAT-<DOMAIN>-<NUMBER> assigned by this V1.0 package,frontend/src/pages/RoleIntake.jsx;frontend/src/features/dashboards/PersonalDashboard.jsx;frontend/src/pages/Integrations.jsx;frontend/src/pages/MyWork.jsx;frontend/src/pages/StaffScheduling.jsx;backend/routes/backlog.py;backend/routes/manager_intake.py;backend/routes/care.py;backend/routes/dashboard.py;backend/routes/digests.py,MATRIX_ROW
ES-FEAT-TASKS-013,ES-FEAT-TASKS-000,schedule conflict handling,"Tasks, calendar, scheduling, and notifications",ES-FEAT-<DOMAIN>-<NUMBER> assigned by this V1.0 package,frontend/src/pages/ArenaSchedule.jsx;frontend/src/features/dashboards/PersonalDashboard.jsx;frontend/src/pages/PastureSchedule.jsx;frontend/src/pages/Rehab.jsx;frontend/src/pages/RoleIntake.jsx;backend/routes/backlog.py;backend/routes/care.py;backend/routes/dashboard.py;backend/routes/digests.py;backend/routes/manager_intake.py,MATRIX_ROW
ES-FEAT-TASKS-014,ES-FEAT-TASKS-000,time zones,"Tasks, calendar, scheduling, and notifications",ES-FEAT-<DOMAIN>-<NUMBER> assigned by this V1.0 package,frontend/src/features/dashboards/PersonalDashboard.jsx;frontend/src/pages/MyWork.jsx;frontend/src/pages/Rehab.jsx;frontend/src/pages/RoleIntake.jsx;frontend/src/pages/StaffScheduling.jsx;backend/routes/manager_intake.py;backend/routes/backlog.py;backend/routes/care.py;backend/routes/dashboard.py;backend/routes/owner.py,MATRIX_ROW
ES-FEAT-TASKS-015,ES-FEAT-TASKS-000,offline completion,"Tasks, calendar, scheduling, and notifications",ES-FEAT-<DOMAIN>-<NUMBER> assigned by this V1.0 package,frontend/src/pages/Rehab.jsx;frontend/src/pages/RoleIntake.jsx;frontend/src/features/dashboards/PersonalDashboard.jsx;frontend/src/pages/HandoffReports.jsx;frontend/src/pages/Integrations.jsx;backend/routes/manager_intake.py;backend/routes/dashboard.py;backend/routes/rider_profile.py;backend/routes/staff_intake.py;backend/routes/backlog.py,MATRIX_ROW
ES-FEAT-COMMUNICATIONS-000,ROOT,Communications and Owner Portal,Communications and Owner Portal,DOMAIN_PARENT_FROM_DIRECTIVE_SECTION_8,backend/routes/owner_updates.py; backend/routes/operations.py; backend/routes/digests.py; backend/owner_digest.py; backend/notifications.py,DOMAIN_PARENT_ONLY_NOT_A_MATRIX_ROW
ES-FEAT-COMMUNICATIONS-001,ES-FEAT-COMMUNICATIONS-000,direct messaging,Communications and Owner Portal,ES-FEAT-<DOMAIN>-<NUMBER> assigned by this V1.0 package,frontend/src/pages/GroupMessaging.jsx;frontend/src/pages/Messaging.jsx;frontend/src/pages/HandoffReports.jsx;frontend/src/pages/StaffScheduling.jsx;frontend/src/pages/StaffTasks.jsx;backend/routes/horse_ledger.py;backend/routes/student_guardians.py;backend/routes/admin.py;backend/routes/barn_owner_intake.py;backend/routes/dashboard.py,MATRIX_ROW
ES-FEAT-COMMUNICATIONS-002,ES-FEAT-COMMUNICATIONS-000,group messaging,Communications and Owner Portal,ES-FEAT-<DOMAIN>-<NUMBER> assigned by this V1.0 package,frontend/src/pages/GroupMessaging.jsx;frontend/src/pages/Messaging.jsx;frontend/src/features/dashboards/PersonalDashboard.jsx;frontend/src/pages/AdminBillingDashboard.jsx;frontend/src/pages/AuditLog.jsx;backend/routes/student_guardians.py;backend/routes/subscriptions.py;backend/routes/analytics.py;backend/routes/backlog.py;backend/routes/barn_owner_intake.py,MATRIX_ROW
ES-FEAT-COMMUNICATIONS-003,ES-FEAT-COMMUNICATIONS-000,staff messaging,Communications and Owner Portal,ES-FEAT-<DOMAIN>-<NUMBER> assigned by this V1.0 package,frontend/src/pages/GroupMessaging.jsx;frontend/src/pages/Messaging.jsx;frontend/src/pages/StaffScheduling.jsx;frontend/src/pages/StaffTasks.jsx;frontend/src/features/dashboards/StaffDashboard.jsx;backend/routes/staff_intake.py;backend/routes/barn_owner_intake.py;backend/routes/horse_ledger.py;backend/routes/manager_intake.py;backend/routes/student_guardians.py,MATRIX_ROW
ES-FEAT-COMMUNICATIONS-004,ES-FEAT-COMMUNICATIONS-000,owner updates,Communications and Owner Portal,ES-FEAT-<DOMAIN>-<NUMBER> assigned by this V1.0 package,frontend/src/pages/OwnerUpdates.jsx;frontend/src/features/dashboards/PersonalDashboard.jsx;frontend/src/pages/OwnerPortal.jsx;frontend/src/pages/AuditLog.jsx;frontend/src/pages/HandoffReports.jsx;backend/routes/owner_updates.py;backend/routes/backlog.py;backend/routes/barn_owner_intake.py;backend/routes/digests.py;backend/routes/horse_ledger.py,MATRIX_ROW
ES-FEAT-COMMUNICATIONS-005,ES-FEAT-COMMUNICATIONS-000,guardian messaging,Communications and Owner Portal,ES-FEAT-<DOMAIN>-<NUMBER> assigned by this V1.0 package,frontend/src/features/dashboards/GuardianDashboard.jsx;frontend/src/pages/GroupMessaging.jsx;frontend/src/pages/Messaging.jsx;frontend/src/features/dashboards/PersonalDashboard.jsx;frontend/src/pages/AuditLog.jsx;backend/routes/student_guardians.py;backend/routes/guardian_intake.py;backend/routes/barn_owner_intake.py;backend/routes/billing.py;backend/routes/document_signatures.py,MATRIX_ROW
ES-FEAT-COMMUNICATIONS-006,ES-FEAT-COMMUNICATIONS-000,emergency communications,Communications and Owner Portal,ES-FEAT-<DOMAIN>-<NUMBER> assigned by this V1.0 package,frontend/src/pages/EmergencyContacts.jsx;frontend/src/pages/EmergencyWorkflows.jsx;frontend/src/features/dashboards/PersonalDashboard.jsx;frontend/src/pages/AuditLog.jsx;frontend/src/pages/HandoffReports.jsx;backend/routes/manager_intake.py;backend/routes/staff_intake.py;backend/routes/barn_owner_intake.py;backend/routes/care.py;backend/routes/guardian_intake.py,MATRIX_ROW
ES-FEAT-COMMUNICATIONS-007,ES-FEAT-COMMUNICATIONS-000,formal notices,Communications and Owner Portal,ES-FEAT-<DOMAIN>-<NUMBER> assigned by this V1.0 package,frontend/src/features/dashboards/PersonalDashboard.jsx;frontend/src/pages/AuditLog.jsx;frontend/src/pages/HandoffReports.jsx;frontend/src/pages/MyWork.jsx;frontend/src/pages/OwnerPortal.jsx;backend/routes/barn_owner_intake.py;backend/routes/guardian_intake.py;backend/routes/horse_ledger.py;backend/routes/manager_intake.py;backend/routes/staff_intake.py,MATRIX_ROW
ES-FEAT-COMMUNICATIONS-008,ES-FEAT-COMMUNICATIONS-000,delivery evidence,Communications and Owner Portal,ES-FEAT-<DOMAIN>-<NUMBER> assigned by this V1.0 package,frontend/src/features/dashboards/PersonalDashboard.jsx;frontend/src/pages/AuditLog.jsx;frontend/src/pages/HandoffReports.jsx;frontend/src/pages/MyWork.jsx;frontend/src/pages/OwnerPortal.jsx;backend/routes/pulse.py;backend/routes/student_guardians.py;backend/routes/barn_owner_intake.py;backend/routes/horse_ledger.py;backend/routes/manager_intake.py,MATRIX_ROW
ES-FEAT-COMMUNICATIONS-009,ES-FEAT-COMMUNICATIONS-000,read acknowledgment,Communications and Owner Portal,ES-FEAT-<DOMAIN>-<NUMBER> assigned by this V1.0 package,frontend/src/pages/MobileReadiness.jsx;frontend/src/pages/AuditLog.jsx;frontend/src/pages/SubscriptionBilling.jsx;frontend/src/features/dashboards/PersonalDashboard.jsx;frontend/src/pages/AdminBillingDashboard.jsx;backend/routes/horse_ledger.py;backend/routes/student_guardians.py;backend/routes/account_context.py;backend/routes/admin_billing.py;backend/routes/audit.py,MATRIX_ROW
ES-FEAT-COMMUNICATIONS-010,ES-FEAT-COMMUNICATIONS-000,attachments,Communications and Owner Portal,ES-FEAT-<DOMAIN>-<NUMBER> assigned by this V1.0 package,frontend/src/features/dashboards/PersonalDashboard.jsx;frontend/src/pages/AuditLog.jsx;frontend/src/pages/HandoffReports.jsx;frontend/src/pages/MyWork.jsx;frontend/src/pages/OwnerPortal.jsx;backend/routes/barn_owner_intake.py;backend/routes/horse_ledger.py;backend/routes/manager_intake.py;backend/routes/staff_intake.py;backend/routes/student_guardians.py,MATRIX_ROW
ES-FEAT-COMMUNICATIONS-011,ES-FEAT-COMMUNICATIONS-000,community messaging,Communications and Owner Portal,ES-FEAT-<DOMAIN>-<NUMBER> assigned by this V1.0 package,frontend/src/pages/GroupMessaging.jsx;frontend/src/pages/Messaging.jsx;frontend/src/features/dashboards/PersonalDashboard.jsx;frontend/src/pages/AuditLog.jsx;frontend/src/pages/HandoffReports.jsx;backend/routes/student_guardians.py;backend/routes/barn_owner_intake.py;backend/routes/horse_ledger.py;backend/routes/manager_intake.py;backend/routes/pulse.py,MATRIX_ROW
ES-FEAT-COMMUNICATIONS-012,ES-FEAT-COMMUNICATIONS-000,Owner Portal projections,Communications and Owner Portal,ES-FEAT-<DOMAIN>-<NUMBER> assigned by this V1.0 package,frontend/src/pages/OwnerPortal.jsx;frontend/src/features/dashboards/PersonalDashboard.jsx;frontend/src/pages/AuditLog.jsx;frontend/src/pages/HandoffReports.jsx;frontend/src/pages/MyWork.jsx;backend/routes/barn_owner_intake.py;backend/routes/horse_ledger.py;backend/routes/manager_intake.py;backend/routes/staff_intake.py;backend/routes/student_guardians.py,MATRIX_ROW
ES-FEAT-COMMUNICATIONS-013,ES-FEAT-COMMUNICATIONS-000,former-party access,Communications and Owner Portal,ES-FEAT-<DOMAIN>-<NUMBER> assigned by this V1.0 package,frontend/src/pages/Signup.jsx;frontend/src/features/dashboards/PersonalDashboard.jsx;frontend/src/pages/AdminBillingDashboard.jsx;frontend/src/pages/AdminReviewQueue.jsx;frontend/src/pages/AuditLog.jsx;backend/routes/horse_ledger.py;backend/routes/admin.py;backend/routes/admin_billing.py;backend/routes/barn_owner_intake.py;backend/routes/care.py,MATRIX_ROW
ES-FEAT-COMMUNICATIONS-014,ES-FEAT-COMMUNICATIONS-000,support communication,Communications and Owner Portal,ES-FEAT-<DOMAIN>-<NUMBER> assigned by this V1.0 package,frontend/src/features/dashboards/PersonalDashboard.jsx;frontend/src/pages/AuditLog.jsx;frontend/src/pages/HandoffReports.jsx;frontend/src/pages/Messaging.jsx;frontend/src/pages/MyWork.jsx;backend/routes/manager_intake.py;backend/routes/staff_intake.py;backend/routes/admin_review.py;backend/routes/barn_owner_intake.py;backend/routes/document_signatures.py,MATRIX_ROW
ES-FEAT-DOCUMENTS-000,ROOT,"Documents, agreements, and electronic signatures","Documents, agreements, and electronic signatures",DOMAIN_PARENT_FROM_DIRECTIVE_SECTION_8,backend/core/document_workflows.py; backend/core/document_signing.py; backend/routes/document_signatures.py,DOMAIN_PARENT_ONLY_NOT_A_MATRIX_ROW
ES-FEAT-DOCUMENTS-001,ES-FEAT-DOCUMENTS-000,document templates,"Documents, agreements, and electronic signatures",ES-FEAT-<DOMAIN>-<NUMBER> assigned by this V1.0 package,frontend/src/pages/HealthDocuments.jsx;frontend/src/pages/FormsSignatures.jsx;frontend/src/features/dashboards/PersonalDashboard.jsx;frontend/src/pages/MobileReadiness.jsx;frontend/src/pages/AdvancedReports.jsx;backend/routes/document_signatures.py;backend/routes/backlog.py;backend/routes/dashboard.py;backend/routes/pulse.py;backend/routes/reports.py,MATRIX_ROW
ES-FEAT-DOCUMENTS-002,ES-FEAT-DOCUMENTS-000,waivers,"Documents, agreements, and electronic signatures",ES-FEAT-<DOMAIN>-<NUMBER> assigned by this V1.0 package,frontend/src/features/dashboards/PersonalDashboard.jsx;frontend/src/pages/FormsSignatures.jsx;frontend/src/pages/HealthDocuments.jsx;frontend/src/pages/MobileReadiness.jsx;backend/routes/document_signatures.py;backend/routes/backlog.py;backend/routes/dashboard.py;backend/routes/pulse.py;backend/routes/reports.py,MATRIX_ROW
ES-FEAT-DOCUMENTS-003,ES-FEAT-DOCUMENTS-000,consent,"Documents, agreements, and electronic signatures",ES-FEAT-<DOMAIN>-<NUMBER> assigned by this V1.0 package,frontend/src/features/dashboards/PersonalDashboard.jsx;frontend/src/pages/FormsSignatures.jsx;frontend/src/pages/HealthDocuments.jsx;frontend/src/pages/MobileReadiness.jsx;backend/routes/document_signatures.py;backend/routes/backlog.py;backend/routes/dashboard.py;backend/routes/guardian_intake.py;backend/routes/pulse.py,MATRIX_ROW
ES-FEAT-DOCUMENTS-004,ES-FEAT-DOCUMENTS-000,guardian signatures,"Documents, agreements, and electronic signatures",ES-FEAT-<DOMAIN>-<NUMBER> assigned by this V1.0 package,frontend/src/pages/FormsSignatures.jsx;frontend/src/features/dashboards/GuardianDashboard.jsx;frontend/src/features/dashboards/PersonalDashboard.jsx;frontend/src/pages/HealthDocuments.jsx;frontend/src/pages/MobileReadiness.jsx;backend/routes/document_signatures.py;backend/routes/guardian_intake.py;backend/routes/student_guardians.py;backend/routes/backlog.py;backend/routes/billing.py,MATRIX_ROW
ES-FEAT-DOCUMENTS-005,ES-FEAT-DOCUMENTS-000,minor assent,"Documents, agreements, and electronic signatures",ES-FEAT-<DOMAIN>-<NUMBER> assigned by this V1.0 package,frontend/src/features/dashboards/PersonalDashboard.jsx;frontend/src/pages/FormsSignatures.jsx;frontend/src/pages/HealthDocuments.jsx;frontend/src/pages/MobileReadiness.jsx;backend/routes/document_signatures.py;backend/routes/backlog.py;backend/routes/billing.py;backend/routes/care.py;backend/routes/dashboard.py,MATRIX_ROW
ES-FEAT-DOCUMENTS-006,ES-FEAT-DOCUMENTS-000,document requests,"Documents, agreements, and electronic signatures",ES-FEAT-<DOMAIN>-<NUMBER> assigned by this V1.0 package,frontend/src/pages/HealthDocuments.jsx;frontend/src/features/dashboards/PersonalDashboard.jsx;frontend/src/pages/FormsSignatures.jsx;frontend/src/pages/MobileReadiness.jsx;frontend/src/pages/AdvancedReports.jsx;backend/routes/document_signatures.py;backend/routes/dashboard.py;backend/routes/backlog.py;backend/routes/pulse.py;backend/routes/reports.py,MATRIX_ROW
ES-FEAT-DOCUMENTS-007,ES-FEAT-DOCUMENTS-000,envelope creation,"Documents, agreements, and electronic signatures",ES-FEAT-<DOMAIN>-<NUMBER> assigned by this V1.0 package,frontend/src/features/dashboards/PersonalDashboard.jsx;frontend/src/pages/FormsSignatures.jsx;frontend/src/pages/HealthDocuments.jsx;frontend/src/pages/MobileReadiness.jsx;backend/routes/document_signatures.py;backend/routes/backlog.py;backend/routes/dashboard.py;backend/routes/guardian_intake.py;backend/routes/manager_intake.py,MATRIX_ROW
ES-FEAT-DOCUMENTS-008,ES-FEAT-DOCUMENTS-000,signing,"Documents, agreements, and electronic signatures",ES-FEAT-<DOMAIN>-<NUMBER> assigned by this V1.0 package,frontend/src/features/dashboards/PersonalDashboard.jsx;frontend/src/pages/FormsSignatures.jsx;frontend/src/pages/HealthDocuments.jsx;frontend/src/pages/MobileReadiness.jsx;backend/routes/document_signatures.py;backend/routes/backlog.py;backend/routes/dashboard.py;backend/routes/pulse.py;backend/routes/reports.py,MATRIX_ROW
ES-FEAT-DOCUMENTS-009,ES-FEAT-DOCUMENTS-000,decline,"Documents, agreements, and electronic signatures",ES-FEAT-<DOMAIN>-<NUMBER> assigned by this V1.0 package,frontend/src/features/dashboards/PersonalDashboard.jsx;frontend/src/pages/FormsSignatures.jsx;frontend/src/pages/HealthDocuments.jsx;frontend/src/pages/MobileReadiness.jsx;backend/routes/document_signatures.py;backend/routes/backlog.py;backend/routes/dashboard.py;backend/routes/operations.py;backend/routes/pulse.py,MATRIX_ROW
ES-FEAT-DOCUMENTS-010,ES-FEAT-DOCUMENTS-000,expiration,"Documents, agreements, and electronic signatures",ES-FEAT-<DOMAIN>-<NUMBER> assigned by this V1.0 package,frontend/src/pages/HealthDocuments.jsx;frontend/src/features/dashboards/PersonalDashboard.jsx;frontend/src/pages/FormsSignatures.jsx;frontend/src/pages/MobileReadiness.jsx;backend/routes/document_signatures.py;backend/routes/backlog.py;backend/routes/dashboard.py;backend/routes/pulse.py;backend/routes/reports.py,MATRIX_ROW
ES-FEAT-DOCUMENTS-011,ES-FEAT-DOCUMENTS-000,revocation,"Documents, agreements, and electronic signatures",ES-FEAT-<DOMAIN>-<NUMBER> assigned by this V1.0 package,frontend/src/features/dashboards/PersonalDashboard.jsx;frontend/src/pages/FormsSignatures.jsx;frontend/src/pages/HealthDocuments.jsx;frontend/src/pages/MobileReadiness.jsx;backend/routes/document_signatures.py;backend/routes/backlog.py;backend/routes/dashboard.py;backend/routes/pulse.py;backend/routes/reports.py,MATRIX_ROW
ES-FEAT-DOCUMENTS-012,ES-FEAT-DOCUMENTS-000,correction,"Documents, agreements, and electronic signatures",ES-FEAT-<DOMAIN>-<NUMBER> assigned by this V1.0 package,frontend/src/features/dashboards/PersonalDashboard.jsx;frontend/src/pages/FormsSignatures.jsx;frontend/src/pages/HealthDocuments.jsx;frontend/src/pages/MobileReadiness.jsx;backend/routes/document_signatures.py;backend/routes/backlog.py;backend/routes/dashboard.py;backend/routes/pulse.py;backend/routes/reports.py,MATRIX_ROW
ES-FEAT-DOCUMENTS-013,ES-FEAT-DOCUMENTS-000,provider webhooks,"Documents, agreements, and electronic signatures",ES-FEAT-<DOMAIN>-<NUMBER> assigned by this V1.0 package,frontend/src/features/dashboards/ServiceProviderDashboard.jsx;frontend/src/pages/FormsSignatures.jsx;frontend/src/features/dashboards/PersonalDashboard.jsx;frontend/src/pages/AdminReviewQueue.jsx;frontend/src/pages/CareLedgerTab.jsx;backend/routes/document_signatures.py;backend/routes/service_provider_center.py;backend/routes/backlog.py;backend/routes/admin_billing.py;backend/routes/admin_review.py,MATRIX_ROW
ES-FEAT-DOCUMENTS-014,ES-FEAT-DOCUMENTS-000,retention,"Documents, agreements, and electronic signatures",ES-FEAT-<DOMAIN>-<NUMBER> assigned by this V1.0 package,frontend/src/features/dashboards/PersonalDashboard.jsx;frontend/src/pages/FormsSignatures.jsx;frontend/src/pages/HealthDocuments.jsx;frontend/src/pages/MobileReadiness.jsx;backend/routes/document_signatures.py;backend/routes/backlog.py;backend/routes/dashboard.py;backend/routes/pulse.py;backend/routes/reports.py,MATRIX_ROW
ES-FEAT-DOCUMENTS-015,ES-FEAT-DOCUMENTS-000,legal hold,"Documents, agreements, and electronic signatures",ES-FEAT-<DOMAIN>-<NUMBER> assigned by this V1.0 package,frontend/src/pages/FormsSignatures.jsx;frontend/src/pages/HealthDocuments.jsx;frontend/src/pages/MobileReadiness.jsx;frontend/src/features/dashboards/PersonalDashboard.jsx;frontend/src/pages/AiAutomation.jsx;backend/routes/backlog.py;backend/routes/document_signatures.py;backend/routes/admin_billing.py;backend/routes/dashboard.py;backend/routes/pulse.py,MATRIX_ROW
ES-FEAT-FINANCIAL-000,ROOT,Financial operations,Financial operations,DOMAIN_PARENT_FROM_DIRECTIVE_SECTION_8,backend/routes/billing.py; backend/routes/subscriptions.py; backend/routes/recurring_charges.py; backend/core/subscription_records.py; backend/core/rf12_billing_payments_exports_financial_truth.py,DOMAIN_PARENT_ONLY_NOT_A_MATRIX_ROW
ES-FEAT-FINANCIAL-001,ES-FEAT-FINANCIAL-000,plans,Financial operations,ES-FEAT-<DOMAIN>-<NUMBER> assigned by this V1.0 package,frontend/src/pages/TrainingPlans.jsx;frontend/src/pages/Landing.jsx;frontend/src/pages/Dashboard.jsx;frontend/src/pages/FinancialDashboard.jsx;frontend/src/pages/Onboarding.jsx;backend/routes/backlog.py;backend/routes/billing.py;backend/routes/manager_intake.py;backend/routes/membership.py;backend/routes/onboarding.py,MATRIX_ROW
ES-FEAT-FINANCIAL-002,ES-FEAT-FINANCIAL-000,subscriptions,Financial operations,ES-FEAT-<DOMAIN>-<NUMBER> assigned by this V1.0 package,frontend/src/pages/SubscriptionSuccess.jsx;frontend/src/pages/AdminBillingDashboard.jsx;frontend/src/pages/Dashboard.jsx;frontend/src/pages/FinancialDashboard.jsx;frontend/src/pages/Landing.jsx;backend/routes/subscriptions.py;backend/routes/subscriptions_webhook_handlers.py;backend/routes/billing.py;backend/routes/admin_billing.py;backend/routes/backlog.py,MATRIX_ROW
ES-FEAT-FINANCIAL-003,ES-FEAT-FINANCIAL-000,add-ons,Financial operations,ES-FEAT-<DOMAIN>-<NUMBER> assigned by this V1.0 package,frontend/src/pages/Competitions.jsx;frontend/src/pages/Integrations.jsx;frontend/src/pages/Lessons.jsx;frontend/src/pages/Medications.jsx;frontend/src/pages/BarnLocations.jsx;backend/routes/operations.py;backend/routes/subscriptions.py;backend/routes/backlog.py;backend/routes/onboarding.py;backend/routes/subscriptions_webhook_handlers.py,MATRIX_ROW
ES-FEAT-FINANCIAL-004,ES-FEAT-FINANCIAL-000,pricing,Financial operations,ES-FEAT-<DOMAIN>-<NUMBER> assigned by this V1.0 package,frontend/src/pages/Dashboard.jsx;frontend/src/pages/FinancialDashboard.jsx;frontend/src/pages/Landing.jsx;frontend/src/pages/Onboarding.jsx;frontend/src/pages/Reports.jsx;backend/routes/backlog.py;backend/routes/billing.py;backend/routes/manager_intake.py;backend/routes/membership.py;backend/routes/onboarding.py,MATRIX_ROW
ES-FEAT-FINANCIAL-005,ES-FEAT-FINANCIAL-000,estimates,Financial operations,ES-FEAT-<DOMAIN>-<NUMBER> assigned by this V1.0 package,frontend/src/pages/Dashboard.jsx;frontend/src/pages/FinancialDashboard.jsx;frontend/src/pages/Landing.jsx;frontend/src/pages/Onboarding.jsx;frontend/src/pages/Reports.jsx;backend/routes/backlog.py;backend/routes/billing.py;backend/routes/manager_intake.py;backend/routes/membership.py;backend/routes/onboarding.py,MATRIX_ROW
ES-FEAT-FINANCIAL-006,ES-FEAT-FINANCIAL-000,invoices,Financial operations,ES-FEAT-<DOMAIN>-<NUMBER> assigned by this V1.0 package,frontend/src/pages/FinancialDashboard.jsx;frontend/src/pages/Billing.jsx;frontend/src/pages/Dashboard.jsx;frontend/src/pages/Landing.jsx;frontend/src/pages/Onboarding.jsx;backend/routes/backlog.py;backend/routes/billing.py;backend/routes/admin.py;backend/routes/admin_billing.py;backend/routes/manager_intake.py,MATRIX_ROW
ES-FEAT-FINANCIAL-007,ES-FEAT-FINANCIAL-000,recurring charges,Financial operations,ES-FEAT-<DOMAIN>-<NUMBER> assigned by this V1.0 package,frontend/src/pages/RecurringBilling.jsx;frontend/src/pages/FinancialDashboard.jsx;frontend/src/pages/Dashboard.jsx;frontend/src/pages/Landing.jsx;frontend/src/pages/Onboarding.jsx;backend/routes/recurring_charges.py;backend/routes/admin_billing.py;backend/routes/billing.py;backend/routes/onboarding.py;backend/routes/backlog.py,MATRIX_ROW
ES-FEAT-FINANCIAL-008,ES-FEAT-FINANCIAL-000,payments,Financial operations,ES-FEAT-<DOMAIN>-<NUMBER> assigned by this V1.0 package,frontend/src/pages/Payments.jsx;frontend/src/pages/FinancialDashboard.jsx;frontend/src/pages/AdvancedReports.jsx;frontend/src/pages/Dashboard.jsx;frontend/src/pages/Landing.jsx;backend/routes/billing.py;backend/routes/backlog.py;backend/routes/manager_intake.py;backend/routes/membership.py;backend/routes/onboarding.py,MATRIX_ROW
ES-FEAT-FINANCIAL-009,ES-FEAT-FINANCIAL-000,refunds,Financial operations,ES-FEAT-<DOMAIN>-<NUMBER> assigned by this V1.0 package,frontend/src/pages/Dashboard.jsx;frontend/src/pages/FinancialDashboard.jsx;frontend/src/pages/Landing.jsx;frontend/src/pages/Onboarding.jsx;frontend/src/pages/Reports.jsx;backend/routes/backlog.py;backend/routes/billing.py;backend/routes/manager_intake.py;backend/routes/membership.py;backend/routes/onboarding.py,MATRIX_ROW
ES-FEAT-FINANCIAL-010,ES-FEAT-FINANCIAL-000,credits,Financial operations,ES-FEAT-<DOMAIN>-<NUMBER> assigned by this V1.0 package,frontend/src/pages/Dashboard.jsx;frontend/src/pages/FinancialDashboard.jsx;frontend/src/pages/Landing.jsx;frontend/src/pages/Onboarding.jsx;frontend/src/pages/Reports.jsx;backend/routes/backlog.py;backend/routes/billing.py;backend/routes/manager_intake.py;backend/routes/membership.py;backend/routes/onboarding.py,MATRIX_ROW
ES-FEAT-FINANCIAL-011,ES-FEAT-FINANCIAL-000,disputes,Financial operations,ES-FEAT-<DOMAIN>-<NUMBER> assigned by this V1.0 package,frontend/src/pages/Dashboard.jsx;frontend/src/pages/FinancialDashboard.jsx;frontend/src/pages/Landing.jsx;frontend/src/pages/Onboarding.jsx;frontend/src/pages/Reports.jsx;backend/routes/backlog.py;backend/routes/billing.py;backend/routes/manager_intake.py;backend/routes/membership.py;backend/routes/onboarding.py,MATRIX_ROW
ES-FEAT-FINANCIAL-012,ES-FEAT-FINANCIAL-000,failed payments,Financial operations,ES-FEAT-<DOMAIN>-<NUMBER> assigned by this V1.0 package,frontend/src/pages/Payments.jsx;frontend/src/pages/FinancialDashboard.jsx;frontend/src/pages/Reports.jsx;frontend/src/pages/AdvancedReports.jsx;frontend/src/pages/Dashboard.jsx;backend/routes/billing.py;backend/routes/backlog.py;backend/routes/manager_intake.py;backend/routes/membership.py;backend/routes/onboarding.py,MATRIX_ROW
ES-FEAT-FINANCIAL-013,ES-FEAT-FINANCIAL-000,payouts,Financial operations,ES-FEAT-<DOMAIN>-<NUMBER> assigned by this V1.0 package,frontend/src/pages/Dashboard.jsx;frontend/src/pages/FinancialDashboard.jsx;frontend/src/pages/Landing.jsx;frontend/src/pages/Onboarding.jsx;frontend/src/pages/Reports.jsx;backend/routes/backlog.py;backend/routes/billing.py;backend/routes/manager_intake.py;backend/routes/membership.py;backend/routes/onboarding.py,MATRIX_ROW
ES-FEAT-FINANCIAL-014,ES-FEAT-FINANCIAL-000,marketplace payments,Financial operations,ES-FEAT-<DOMAIN>-<NUMBER> assigned by this V1.0 package,frontend/src/pages/Payments.jsx;frontend/src/pages/FinancialDashboard.jsx;frontend/src/pages/AdvancedReports.jsx;frontend/src/pages/Dashboard.jsx;frontend/src/pages/Landing.jsx;backend/routes/billing.py;backend/routes/membership.py;backend/routes/admin_review.py;backend/routes/auth.py;backend/routes/backlog.py,MATRIX_ROW
ES-FEAT-FINANCIAL-015,ES-FEAT-FINANCIAL-000,taxes,Financial operations,ES-FEAT-<DOMAIN>-<NUMBER> assigned by this V1.0 package,frontend/src/pages/Dashboard.jsx;frontend/src/pages/FinancialDashboard.jsx;frontend/src/pages/Landing.jsx;frontend/src/pages/Onboarding.jsx;frontend/src/pages/Reports.jsx;backend/routes/backlog.py;backend/routes/billing.py;backend/routes/manager_intake.py;backend/routes/membership.py;backend/routes/onboarding.py,MATRIX_ROW
ES-FEAT-FINANCIAL-016,ES-FEAT-FINANCIAL-000,accounting export,Financial operations,ES-FEAT-<DOMAIN>-<NUMBER> assigned by this V1.0 package,frontend/src/pages/Dashboard.jsx;frontend/src/pages/FinancialDashboard.jsx;frontend/src/pages/Reports.jsx;frontend/src/features/dashboards/DashboardResolver.jsx;frontend/src/features/dashboards/FacilityDashboard.jsx;backend/routes/backlog.py;backend/routes/billing.py;backend/routes/manager_intake.py;backend/routes/membership.py;backend/routes/onboarding.py,MATRIX_ROW
ES-FEAT-FINANCIAL-017,ES-FEAT-FINANCIAL-000,financial reporting,Financial operations,ES-FEAT-<DOMAIN>-<NUMBER> assigned by this V1.0 package,frontend/src/pages/FinancialDashboard.jsx;frontend/src/pages/Dashboard.jsx;frontend/src/pages/Landing.jsx;frontend/src/pages/Onboarding.jsx;frontend/src/pages/Reports.jsx;backend/routes/backlog.py;backend/routes/billing.py;backend/routes/manager_intake.py;backend/routes/membership.py;backend/routes/onboarding.py,MATRIX_ROW
ES-FEAT-FINANCIAL-018,ES-FEAT-FINANCIAL-000,evidence and reconciliation,Financial operations,ES-FEAT-<DOMAIN>-<NUMBER> assigned by this V1.0 package,frontend/src/pages/Dashboard.jsx;frontend/src/pages/FinancialDashboard.jsx;frontend/src/pages/Landing.jsx;frontend/src/pages/Onboarding.jsx;frontend/src/pages/Reports.jsx;backend/routes/backlog.py;backend/routes/billing.py;backend/routes/manager_intake.py;backend/routes/membership.py;backend/routes/onboarding.py,MATRIX_ROW
ES-FEAT-FINANCIAL-019,ES-FEAT-FINANCIAL-000,owner-visible projections,Financial operations,ES-FEAT-<DOMAIN>-<NUMBER> assigned by this V1.0 package,frontend/src/features/dashboards/PersonalDashboard.jsx;frontend/src/pages/Dashboard.jsx;frontend/src/pages/FinancialDashboard.jsx;frontend/src/pages/Landing.jsx;frontend/src/pages/Onboarding.jsx;backend/routes/backlog.py;backend/routes/billing.py;backend/routes/horse_ledger.py;backend/routes/manager_intake.py;backend/routes/membership.py,MATRIX_ROW
ES-FEAT-INVENTORY-000,ROOT,Inventory and assets,Inventory and assets,DOMAIN_PARENT_FROM_DIRECTIVE_SECTION_8,backend/routes/onboarding.py; backend/routes/horse_ledger.py; backend/routes/backlog.py,DOMAIN_PARENT_ONLY_NOT_A_MATRIX_ROW
ES-FEAT-INVENTORY-001,ES-FEAT-INVENTORY-000,feed inventory,Inventory and assets,ES-FEAT-<DOMAIN>-<NUMBER> assigned by this V1.0 package,frontend/src/pages/Inventory.jsx;frontend/src/pages/SupplyInventory.jsx;frontend/src/pages/Feed.jsx;frontend/src/pages/Onboarding.jsx;frontend/src/pages/RoleIntake.jsx;backend/routes/onboarding.py;backend/routes/manager_intake.py;backend/routes/care.py;backend/routes/dashboard.py;backend/routes/horse_ledger.py,MATRIX_ROW
ES-FEAT-INVENTORY-002,ES-FEAT-INVENTORY-000,medication supplies,Inventory and assets,ES-FEAT-<DOMAIN>-<NUMBER> assigned by this V1.0 package,frontend/src/pages/Medications.jsx;frontend/src/pages/HealthCareLogs.jsx;frontend/src/pages/HorseProfile.jsx;frontend/src/pages/Inventory.jsx;frontend/src/pages/Onboarding.jsx;backend/routes/onboarding.py;backend/routes/care.py;backend/routes/dashboard.py;backend/routes/manager_intake.py;backend/routes/owner.py,MATRIX_ROW
ES-FEAT-INVENTORY-003,ES-FEAT-INVENTORY-000,equipment,Inventory and assets,ES-FEAT-<DOMAIN>-<NUMBER> assigned by this V1.0 package,frontend/src/pages/Equipment.jsx;frontend/src/pages/CareLedgerTab.jsx;frontend/src/pages/Inventory.jsx;frontend/src/pages/Onboarding.jsx;frontend/src/pages/RoleIntake.jsx;backend/routes/horse_ledger.py;backend/routes/manager_intake.py;backend/routes/onboarding.py,MATRIX_ROW
ES-FEAT-INVENTORY-004,ES-FEAT-INVENTORY-000,tack,Inventory and assets,ES-FEAT-<DOMAIN>-<NUMBER> assigned by this V1.0 package,frontend/src/pages/Inventory.jsx;frontend/src/pages/EmergencyContacts.jsx;frontend/src/pages/Equipment.jsx;frontend/src/pages/Onboarding.jsx;frontend/src/pages/OwnerUpdates.jsx;backend/routes/manager_intake.py;backend/routes/onboarding.py,MATRIX_ROW
ES-FEAT-INVENTORY-005,ES-FEAT-INVENTORY-000,lots,Inventory and assets,ES-FEAT-<DOMAIN>-<NUMBER> assigned by this V1.0 package,frontend/src/pages/Inventory.jsx;frontend/src/pages/Onboarding.jsx;frontend/src/pages/RoleIntake.jsx;frontend/src/pages/SupplyInventory.jsx;backend/routes/manager_intake.py;backend/routes/onboarding.py,MATRIX_ROW
ES-FEAT-INVENTORY-006,ES-FEAT-INVENTORY-000,expiration,Inventory and assets,ES-FEAT-<DOMAIN>-<NUMBER> assigned by this V1.0 package,frontend/src/pages/HealthDocuments.jsx;frontend/src/pages/Inventory.jsx;frontend/src/pages/Onboarding.jsx;frontend/src/pages/RoleIntake.jsx;frontend/src/pages/SupplyInventory.jsx;backend/routes/manager_intake.py;backend/routes/onboarding.py,MATRIX_ROW
ES-FEAT-INVENTORY-007,ES-FEAT-INVENTORY-000,purchasing,Inventory and assets,ES-FEAT-<DOMAIN>-<NUMBER> assigned by this V1.0 package,frontend/src/pages/Inventory.jsx;frontend/src/pages/Onboarding.jsx;frontend/src/pages/RoleIntake.jsx;frontend/src/pages/SupplyInventory.jsx;backend/routes/manager_intake.py;backend/routes/onboarding.py,MATRIX_ROW
ES-FEAT-INVENTORY-008,ES-FEAT-INVENTORY-000,receiving,Inventory and assets,ES-FEAT-<DOMAIN>-<NUMBER> assigned by this V1.0 package,frontend/src/pages/Inventory.jsx;frontend/src/pages/Onboarding.jsx;frontend/src/pages/RoleIntake.jsx;frontend/src/pages/SupplyInventory.jsx;backend/routes/manager_intake.py;backend/routes/onboarding.py,MATRIX_ROW
ES-FEAT-INVENTORY-009,ES-FEAT-INVENTORY-000,usage,Inventory and assets,ES-FEAT-<DOMAIN>-<NUMBER> assigned by this V1.0 package,frontend/src/pages/Dashboard.jsx;frontend/src/pages/Horses.jsx;frontend/src/pages/Inventory.jsx;frontend/src/pages/Onboarding.jsx;frontend/src/pages/RoleIntake.jsx;backend/routes/manager_intake.py;backend/routes/onboarding.py;backend/routes/subscriptions.py,MATRIX_ROW
ES-FEAT-INVENTORY-010,ES-FEAT-INVENTORY-000,waste,Inventory and assets,ES-FEAT-<DOMAIN>-<NUMBER> assigned by this V1.0 package,frontend/src/pages/Inventory.jsx;frontend/src/pages/Onboarding.jsx;frontend/src/pages/RoleIntake.jsx;frontend/src/pages/SupplyInventory.jsx;frontend/src/pages/Today.jsx;backend/routes/manager_intake.py;backend/routes/onboarding.py,MATRIX_ROW
ES-FEAT-INVENTORY-011,ES-FEAT-INVENTORY-000,reordering,Inventory and assets,ES-FEAT-<DOMAIN>-<NUMBER> assigned by this V1.0 package,frontend/src/pages/Inventory.jsx;frontend/src/pages/Onboarding.jsx;frontend/src/pages/RoleIntake.jsx;frontend/src/pages/SupplyInventory.jsx;backend/routes/manager_intake.py;backend/routes/onboarding.py,MATRIX_ROW
ES-FEAT-INVENTORY-012,ES-FEAT-INVENTORY-000,vendor records,Inventory and assets,ES-FEAT-<DOMAIN>-<NUMBER> assigned by this V1.0 package,frontend/src/pages/SupplyInventory.jsx;frontend/src/pages/Expenses.jsx;frontend/src/pages/Inventory.jsx;frontend/src/pages/Onboarding.jsx;frontend/src/pages/AiAutomation.jsx;backend/routes/manager_intake.py;backend/routes/admin.py;backend/routes/audit.py;backend/routes/barn_owner_intake.py;backend/routes/care.py,MATRIX_ROW
ES-FEAT-INVENTORY-013,ES-FEAT-INVENTORY-000,AI-assisted identification,Inventory and assets,ES-FEAT-<DOMAIN>-<NUMBER> assigned by this V1.0 package,frontend/src/pages/Inventory.jsx;frontend/src/pages/Onboarding.jsx;frontend/src/pages/RoleIntake.jsx;frontend/src/pages/SupplyInventory.jsx;backend/routes/manager_intake.py;backend/routes/onboarding.py,MATRIX_ROW
ES-FEAT-INCIDENT-000,ROOT,"Incidents, emergency, welfare, and biosecurity","Incidents, emergency, welfare, and biosecurity",DOMAIN_PARENT_FROM_DIRECTIVE_SECTION_8,backend/routes/operations.py; frontend/src/pages/Incidents.jsx; frontend/src/pages/EmergencyWorkflows.jsx,DOMAIN_PARENT_ONLY_NOT_A_MATRIX_ROW
ES-FEAT-INCIDENT-001,ES-FEAT-INCIDENT-000,rider injury,"Incidents, emergency, welfare, and biosecurity",ES-FEAT-<DOMAIN>-<NUMBER> assigned by this V1.0 package,frontend/src/pages/Riders.jsx;frontend/src/features/dashboards/RiderDashboard.jsx;frontend/src/features/dashboards/PersonalDashboard.jsx;frontend/src/pages/EmergencyWorkflows.jsx;frontend/src/pages/Incidents.jsx;backend/routes/rider_profile.py;backend/routes/care.py;backend/routes/guardian_intake.py;backend/routes/horses.py;backend/routes/admin_billing.py,MATRIX_ROW
ES-FEAT-INCIDENT-002,ES-FEAT-INCIDENT-000,staff injury,"Incidents, emergency, welfare, and biosecurity",ES-FEAT-<DOMAIN>-<NUMBER> assigned by this V1.0 package,frontend/src/features/dashboards/StaffDashboard.jsx;frontend/src/pages/StaffScheduling.jsx;frontend/src/pages/StaffTasks.jsx;frontend/src/features/dashboards/PersonalDashboard.jsx;frontend/src/pages/EmergencyWorkflows.jsx;backend/routes/staff_intake.py;backend/routes/care.py;backend/routes/guardian_intake.py;backend/routes/manager_intake.py;backend/routes/backlog.py,MATRIX_ROW
ES-FEAT-INCIDENT-003,ES-FEAT-INCIDENT-000,horse injury,"Incidents, emergency, welfare, and biosecurity",ES-FEAT-<DOMAIN>-<NUMBER> assigned by this V1.0 package,frontend/src/pages/EmergencyWorkflows.jsx;frontend/src/pages/Incidents.jsx;frontend/src/features/dashboards/PersonalDashboard.jsx;frontend/src/pages/EmergencyContacts.jsx;frontend/src/pages/HealthCareLogs.jsx;backend/routes/care.py;backend/routes/dashboard.py;backend/routes/guardian_intake.py;backend/routes/horses.py;backend/routes/manager_intake.py,MATRIX_ROW
ES-FEAT-INCIDENT-004,ES-FEAT-INCIDENT-000,medication error,"Incidents, emergency, welfare, and biosecurity",ES-FEAT-<DOMAIN>-<NUMBER> assigned by this V1.0 package,frontend/src/pages/Medications.jsx;frontend/src/pages/EmergencyContacts.jsx;frontend/src/pages/EmergencyWorkflows.jsx;frontend/src/features/dashboards/PersonalDashboard.jsx;frontend/src/features/dashboards/ServiceProviderDashboard.jsx;backend/routes/staff_intake.py;backend/routes/care.py;backend/routes/dashboard.py;backend/routes/guardian_intake.py;backend/routes/manager_intake.py,MATRIX_ROW
ES-FEAT-INCIDENT-005,ES-FEAT-INCIDENT-000,loose horse,"Incidents, emergency, welfare, and biosecurity",ES-FEAT-<DOMAIN>-<NUMBER> assigned by this V1.0 package,frontend/src/pages/Incidents.jsx;frontend/src/features/dashboards/PersonalDashboard.jsx;frontend/src/pages/EmergencyContacts.jsx;frontend/src/pages/EmergencyWorkflows.jsx;frontend/src/pages/Riders.jsx;backend/routes/care.py;backend/routes/dashboard.py;backend/routes/guardian_intake.py;backend/routes/horses.py;backend/routes/manager_intake.py,MATRIX_ROW
ES-FEAT-INCIDENT-006,ES-FEAT-INCIDENT-000,fire,"Incidents, emergency, welfare, and biosecurity",ES-FEAT-<DOMAIN>-<NUMBER> assigned by this V1.0 package,frontend/src/features/dashboards/PersonalDashboard.jsx;frontend/src/pages/EmergencyContacts.jsx;frontend/src/pages/EmergencyWorkflows.jsx;frontend/src/pages/Incidents.jsx;frontend/src/pages/Riders.jsx;backend/routes/care.py;backend/routes/dashboard.py;backend/routes/guardian_intake.py;backend/routes/horses.py;backend/routes/manager_intake.py,MATRIX_ROW
ES-FEAT-INCIDENT-007,ES-FEAT-INCIDENT-000,weather emergency,"Incidents, emergency, welfare, and biosecurity",ES-FEAT-<DOMAIN>-<NUMBER> assigned by this V1.0 package,frontend/src/pages/EmergencyWorkflows.jsx;frontend/src/pages/EmergencyContacts.jsx;frontend/src/features/dashboards/PersonalDashboard.jsx;frontend/src/pages/Riders.jsx;frontend/src/pages/BarnLocations.jsx;backend/routes/care.py;backend/routes/guardian_intake.py;backend/routes/horses.py;backend/routes/manager_intake.py;backend/routes/rider_profile.py,MATRIX_ROW
ES-FEAT-INCIDENT-008,ES-FEAT-INCIDENT-000,disease exposure,"Incidents, emergency, welfare, and biosecurity",ES-FEAT-<DOMAIN>-<NUMBER> assigned by this V1.0 package,frontend/src/features/dashboards/PersonalDashboard.jsx;frontend/src/pages/EmergencyContacts.jsx;frontend/src/pages/EmergencyWorkflows.jsx;frontend/src/pages/Incidents.jsx;frontend/src/pages/Riders.jsx;backend/routes/care.py;backend/routes/dashboard.py;backend/routes/guardian_intake.py;backend/routes/horses.py;backend/routes/manager_intake.py,MATRIX_ROW
ES-FEAT-INCIDENT-009,ES-FEAT-INCIDENT-000,quarantine,"Incidents, emergency, welfare, and biosecurity",ES-FEAT-<DOMAIN>-<NUMBER> assigned by this V1.0 package,frontend/src/features/dashboards/PersonalDashboard.jsx;frontend/src/pages/EmergencyContacts.jsx;frontend/src/pages/EmergencyWorkflows.jsx;frontend/src/pages/Incidents.jsx;frontend/src/pages/Riders.jsx;backend/routes/care.py;backend/routes/dashboard.py;backend/routes/guardian_intake.py;backend/routes/horses.py;backend/routes/manager_intake.py,MATRIX_ROW
ES-FEAT-INCIDENT-010,ES-FEAT-INCIDENT-000,safeguarding incident,"Incidents, emergency, welfare, and biosecurity",ES-FEAT-<DOMAIN>-<NUMBER> assigned by this V1.0 package,frontend/src/pages/Incidents.jsx;frontend/src/features/dashboards/PersonalDashboard.jsx;frontend/src/pages/EmergencyContacts.jsx;frontend/src/pages/EmergencyWorkflows.jsx;frontend/src/pages/Riders.jsx;backend/routes/operations.py;backend/routes/dashboard.py;backend/routes/care.py;backend/routes/guardian_intake.py;backend/routes/horses.py,MATRIX_ROW
ES-FEAT-INCIDENT-011,ES-FEAT-INCIDENT-000,emergency contacts,"Incidents, emergency, welfare, and biosecurity",ES-FEAT-<DOMAIN>-<NUMBER> assigned by this V1.0 package,frontend/src/pages/EmergencyContacts.jsx;frontend/src/pages/EmergencyWorkflows.jsx;frontend/src/features/dashboards/PersonalDashboard.jsx;frontend/src/pages/Riders.jsx;frontend/src/pages/Incidents.jsx;backend/routes/care.py;backend/routes/guardian_intake.py;backend/routes/horses.py;backend/routes/manager_intake.py;backend/routes/rider_profile.py,MATRIX_ROW
ES-FEAT-INCIDENT-012,ES-FEAT-INCIDENT-000,escalation,"Incidents, emergency, welfare, and biosecurity",ES-FEAT-<DOMAIN>-<NUMBER> assigned by this V1.0 package,frontend/src/features/dashboards/PersonalDashboard.jsx;frontend/src/pages/EmergencyContacts.jsx;frontend/src/pages/EmergencyWorkflows.jsx;frontend/src/pages/Incidents.jsx;frontend/src/pages/Riders.jsx;backend/routes/care.py;backend/routes/dashboard.py;backend/routes/guardian_intake.py;backend/routes/horse_ledger.py;backend/routes/horses.py,MATRIX_ROW
ES-FEAT-INCIDENT-013,ES-FEAT-INCIDENT-000,evidence preservation,"Incidents, emergency, welfare, and biosecurity",ES-FEAT-<DOMAIN>-<NUMBER> assigned by this V1.0 package,frontend/src/features/dashboards/PersonalDashboard.jsx;frontend/src/pages/EmergencyContacts.jsx;frontend/src/pages/EmergencyWorkflows.jsx;frontend/src/pages/Incidents.jsx;frontend/src/pages/Riders.jsx;backend/routes/care.py;backend/routes/dashboard.py;backend/routes/guardian_intake.py;backend/routes/horses.py;backend/routes/manager_intake.py,MATRIX_ROW
ES-FEAT-INCIDENT-014,ES-FEAT-INCIDENT-000,regulatory reporting,"Incidents, emergency, welfare, and biosecurity",ES-FEAT-<DOMAIN>-<NUMBER> assigned by this V1.0 package,frontend/src/features/dashboards/PersonalDashboard.jsx;frontend/src/pages/EmergencyContacts.jsx;frontend/src/pages/EmergencyWorkflows.jsx;frontend/src/pages/Incidents.jsx;frontend/src/pages/Riders.jsx;backend/routes/care.py;backend/routes/dashboard.py;backend/routes/guardian_intake.py;backend/routes/horses.py;backend/routes/manager_intake.py,MATRIX_ROW
ES-FEAT-EVENTS-000,ROOT,"Shows, events, travel, and transport","Shows, events, travel, and transport",DOMAIN_PARENT_FROM_DIRECTIVE_SECTION_8,frontend/src/pages/Competitions.jsx; backend/routes/backlog.py; backend/routes/operations.py,DOMAIN_PARENT_ONLY_NOT_A_MATRIX_ROW
ES-FEAT-EVENTS-001,ES-FEAT-EVENTS-000,event templates,"Shows, events, travel, and transport",ES-FEAT-<DOMAIN>-<NUMBER> assigned by this V1.0 package,frontend/src/pages/AcceptInvite.jsx;frontend/src/pages/CareLedgerTab.jsx;frontend/src/pages/EmergencyWorkflows.jsx;frontend/src/pages/FormsSignatures.jsx;frontend/src/pages/Login.jsx;backend/routes/admin_billing.py;backend/routes/analytics.py;backend/routes/owner_updates.py;backend/routes/recurring_charges.py;backend/routes/subscriptions_webhook_handlers.py,MATRIX_ROW
ES-FEAT-EVENTS-002,ES-FEAT-EVENTS-000,entries,"Shows, events, travel, and transport",ES-FEAT-<DOMAIN>-<NUMBER> assigned by this V1.0 package,frontend/src/pages/BarnLocations.jsx;frontend/src/pages/Competitions.jsx;frontend/src/pages/EmergencyWorkflows.jsx;frontend/src/pages/MyWork.jsx;frontend/src/pages/OwnerPortal.jsx;backend/routes/admin_billing.py;backend/routes/analytics.py;backend/routes/owner_updates.py;backend/routes/recurring_charges.py;backend/routes/subscriptions_webhook_handlers.py,MATRIX_ROW
ES-FEAT-EVENTS-003,ES-FEAT-EVENTS-000,divisions and classes,"Shows, events, travel, and transport",ES-FEAT-<DOMAIN>-<NUMBER> assigned by this V1.0 package,frontend/src/pages/EmergencyWorkflows.jsx;frontend/src/pages/PerformanceAnalytics.jsx;backend/routes/admin_billing.py;backend/routes/analytics.py;backend/routes/owner_updates.py;backend/routes/recurring_charges.py;backend/routes/subscriptions_webhook_handlers.py,MATRIX_ROW
ES-FEAT-EVENTS-004,ES-FEAT-EVENTS-000,ride times,"Shows, events, travel, and transport",ES-FEAT-<DOMAIN>-<NUMBER> assigned by this V1.0 package,frontend/src/features/dashboards/RiderDashboard.jsx;frontend/src/pages/RideGps.jsx;frontend/src/pages/Riders.jsx;frontend/src/features/dashboards/PersonalDashboard.jsx;frontend/src/pages/PerformanceAnalytics.jsx;backend/routes/rider_profile.py;backend/routes/admin_billing.py;backend/routes/care.py;backend/routes/recurring_charges.py;backend/routes/subscriptions_webhook_handlers.py,MATRIX_ROW
ES-FEAT-EVENTS-005,ES-FEAT-EVENTS-000,group itineraries,"Shows, events, travel, and transport",ES-FEAT-<DOMAIN>-<NUMBER> assigned by this V1.0 package,frontend/src/pages/GroupMessaging.jsx;frontend/src/pages/AdminBillingDashboard.jsx;frontend/src/pages/EmergencyWorkflows.jsx;frontend/src/pages/Horses.jsx;frontend/src/pages/Inventory.jsx;backend/routes/analytics.py;backend/routes/subscriptions_webhook_handlers.py;backend/routes/admin_billing.py;backend/routes/backlog.py;backend/routes/horses.py,MATRIX_ROW
ES-FEAT-EVENTS-006,ES-FEAT-EVENTS-000,horse transport,"Shows, events, travel, and transport",ES-FEAT-<DOMAIN>-<NUMBER> assigned by this V1.0 package,frontend/src/pages/EmergencyWorkflows.jsx;frontend/src/pages/PerformanceAnalytics.jsx;backend/routes/admin_billing.py;backend/routes/analytics.py;backend/routes/owner_updates.py;backend/routes/recurring_charges.py;backend/routes/subscriptions_webhook_handlers.py,MATRIX_ROW
ES-FEAT-EVENTS-007,ES-FEAT-EVENTS-000,rider transport,"Shows, events, travel, and transport",ES-FEAT-<DOMAIN>-<NUMBER> assigned by this V1.0 package,frontend/src/features/dashboards/RiderDashboard.jsx;frontend/src/pages/Riders.jsx;frontend/src/pages/EmergencyWorkflows.jsx;frontend/src/pages/PerformanceAnalytics.jsx;frontend/src/features/dashboards/PersonalDashboard.jsx;backend/routes/rider_profile.py;backend/routes/admin_billing.py;backend/routes/recurring_charges.py;backend/routes/analytics.py;backend/routes/auth.py,MATRIX_ROW
ES-FEAT-EVENTS-008,ES-FEAT-EVENTS-000,minor travel,"Shows, events, travel, and transport",ES-FEAT-<DOMAIN>-<NUMBER> assigned by this V1.0 package,frontend/src/features/dashboards/PersonalDashboard.jsx;frontend/src/pages/EmergencyWorkflows.jsx;frontend/src/pages/FormsSignatures.jsx;frontend/src/pages/PerformanceAnalytics.jsx;backend/routes/recurring_charges.py;backend/routes/admin_billing.py;backend/routes/analytics.py;backend/routes/billing.py;backend/routes/care.py,MATRIX_ROW
ES-FEAT-EVENTS-009,ES-FEAT-EVENTS-000,lodging,"Shows, events, travel, and transport",ES-FEAT-<DOMAIN>-<NUMBER> assigned by this V1.0 package,frontend/src/pages/EmergencyWorkflows.jsx;frontend/src/pages/PerformanceAnalytics.jsx;backend/routes/admin_billing.py;backend/routes/analytics.py;backend/routes/owner_updates.py;backend/routes/recurring_charges.py;backend/routes/subscriptions_webhook_handlers.py,MATRIX_ROW
ES-FEAT-EVENTS-010,ES-FEAT-EVENTS-000,guardian approval,"Shows, events, travel, and transport",ES-FEAT-<DOMAIN>-<NUMBER> assigned by this V1.0 package,frontend/src/features/dashboards/GuardianDashboard.jsx;frontend/src/features/dashboards/PersonalDashboard.jsx;frontend/src/pages/EmergencyWorkflows.jsx;frontend/src/pages/PerformanceAnalytics.jsx;backend/routes/guardian_intake.py;backend/routes/student_guardians.py;backend/routes/owner_updates.py;backend/routes/recurring_charges.py;backend/routes/admin_billing.py,MATRIX_ROW
ES-FEAT-EVENTS-011,ES-FEAT-EVENTS-000,location sharing,"Shows, events, travel, and transport",ES-FEAT-<DOMAIN>-<NUMBER> assigned by this V1.0 package,frontend/src/pages/BarnLocations.jsx;frontend/src/pages/EmergencyWorkflows.jsx;frontend/src/pages/Equipment.jsx;frontend/src/pages/Horses.jsx;frontend/src/pages/MobileReadiness.jsx;backend/routes/onboarding.py;backend/routes/admin_billing.py;backend/routes/analytics.py;backend/routes/backlog.py;backend/routes/membership.py,MATRIX_ROW
ES-FEAT-EVENTS-012,ES-FEAT-EVENTS-000,veterinary documentation,"Shows, events, travel, and transport",ES-FEAT-<DOMAIN>-<NUMBER> assigned by this V1.0 package,frontend/src/pages/EmergencyWorkflows.jsx;frontend/src/pages/PerformanceAnalytics.jsx;backend/routes/admin_billing.py;backend/routes/analytics.py;backend/routes/owner_updates.py;backend/routes/recurring_charges.py;backend/routes/subscriptions_webhook_handlers.py,MATRIX_ROW
ES-FEAT-EVENTS-013,ES-FEAT-EVENTS-000,schedule changes,"Shows, events, travel, and transport",ES-FEAT-<DOMAIN>-<NUMBER> assigned by this V1.0 package,frontend/src/pages/ArenaSchedule.jsx;frontend/src/pages/PastureSchedule.jsx;frontend/src/features/dashboards/PersonalDashboard.jsx;frontend/src/pages/AiAutomation.jsx;frontend/src/pages/EmergencyWorkflows.jsx;backend/routes/owner.py;backend/routes/owner_updates.py;backend/routes/recurring_charges.py;backend/routes/staff_intake.py;backend/routes/admin_billing.py,MATRIX_ROW
ES-FEAT-EVENTS-014,ES-FEAT-EVENTS-000,cancellation,"Shows, events, travel, and transport",ES-FEAT-<DOMAIN>-<NUMBER> assigned by this V1.0 package,frontend/src/pages/EmergencyWorkflows.jsx;frontend/src/pages/PerformanceAnalytics.jsx;backend/routes/admin_billing.py;backend/routes/analytics.py;backend/routes/owner_updates.py;backend/routes/recurring_charges.py;backend/routes/subscriptions_webhook_handlers.py,MATRIX_ROW
ES-FEAT-MARKETPLACE-000,ROOT,"Marketplace, provider network, and community","Marketplace, provider network, and community",DOMAIN_PARENT_FROM_DIRECTIVE_SECTION_8,backend/routes/service_provider_center.py; backend/routes/backlog.py; frontend/src/features/dashboards/ServiceProviderDashboard.jsx,DOMAIN_PARENT_ONLY_NOT_A_MATRIX_ROW
ES-FEAT-MARKETPLACE-001,ES-FEAT-MARKETPLACE-000,provider profiles,"Marketplace, provider network, and community",ES-FEAT-<DOMAIN>-<NUMBER> assigned by this V1.0 package,frontend/src/features/dashboards/ServiceProviderDashboard.jsx;frontend/src/pages/Signup.jsx;frontend/src/pages/AdminReviewQueue.jsx;frontend/src/pages/CareLedgerTab.jsx;frontend/src/pages/Enrollment.jsx;backend/routes/membership.py;backend/routes/service_provider_center.py;backend/routes/admin_review.py;backend/routes/auth.py;backend/routes/horse_ledger.py,MATRIX_ROW
ES-FEAT-MARKETPLACE-002,ES-FEAT-MARKETPLACE-000,provider verification,"Marketplace, provider network, and community",ES-FEAT-<DOMAIN>-<NUMBER> assigned by this V1.0 package,frontend/src/features/dashboards/ServiceProviderDashboard.jsx;frontend/src/pages/Signup.jsx;frontend/src/pages/AdminReviewQueue.jsx;frontend/src/pages/CareLedgerTab.jsx;frontend/src/pages/Enrollment.jsx;backend/routes/admin_review.py;backend/routes/auth.py;backend/routes/membership.py;backend/routes/service_provider_center.py;backend/routes/admin_billing.py,MATRIX_ROW
ES-FEAT-MARKETPLACE-003,ES-FEAT-MARKETPLACE-000,credentials,"Marketplace, provider network, and community",ES-FEAT-<DOMAIN>-<NUMBER> assigned by this V1.0 package,frontend/src/pages/Enrollment.jsx;frontend/src/pages/Signup.jsx;frontend/src/features/dashboards/ServiceProviderDashboard.jsx;frontend/src/pages/AdminReviewQueue.jsx;frontend/src/pages/CareLedgerTab.jsx;backend/routes/auth.py;backend/routes/membership.py;backend/routes/admin_review.py;backend/routes/admin.py;backend/routes/admin_billing.py,MATRIX_ROW
ES-FEAT-MARKETPLACE-004,ES-FEAT-MARKETPLACE-000,listings,"Marketplace, provider network, and community",ES-FEAT-<DOMAIN>-<NUMBER> assigned by this V1.0 package,frontend/src/pages/Signup.jsx;frontend/src/features/dashboards/ServiceProviderDashboard.jsx;frontend/src/pages/AdminReviewQueue.jsx;frontend/src/pages/CareLedgerTab.jsx;frontend/src/pages/Enrollment.jsx;backend/routes/membership.py;backend/routes/admin_review.py;backend/routes/auth.py;backend/routes/admin_billing.py;backend/routes/backlog.py,MATRIX_ROW
ES-FEAT-MARKETPLACE-005,ES-FEAT-MARKETPLACE-000,discovery,"Marketplace, provider network, and community",ES-FEAT-<DOMAIN>-<NUMBER> assigned by this V1.0 package,frontend/src/pages/Signup.jsx;frontend/src/features/dashboards/ServiceProviderDashboard.jsx;frontend/src/pages/AdminReviewQueue.jsx;frontend/src/pages/CareLedgerTab.jsx;frontend/src/pages/Enrollment.jsx;backend/routes/membership.py;backend/routes/admin_review.py;backend/routes/auth.py;backend/routes/admin_billing.py;backend/routes/backlog.py,MATRIX_ROW
ES-FEAT-MARKETPLACE-006,ES-FEAT-MARKETPLACE-000,search ranking,"Marketplace, provider network, and community",ES-FEAT-<DOMAIN>-<NUMBER> assigned by this V1.0 package,frontend/src/pages/Signup.jsx;frontend/src/pages/Enrollment.jsx;frontend/src/pages/Expenses.jsx;frontend/src/features/dashboards/ServiceProviderDashboard.jsx;frontend/src/pages/AcceptInvite.jsx;backend/routes/membership.py;backend/routes/admin_billing.py;backend/routes/admin_review.py;backend/routes/auth.py;backend/routes/backlog.py,MATRIX_ROW
ES-FEAT-MARKETPLACE-007,ES-FEAT-MARKETPLACE-000,reviews,"Marketplace, provider network, and community",ES-FEAT-<DOMAIN>-<NUMBER> assigned by this V1.0 package,frontend/src/pages/Signup.jsx;frontend/src/features/dashboards/ServiceProviderDashboard.jsx;frontend/src/pages/AdminReviewQueue.jsx;frontend/src/pages/CareLedgerTab.jsx;frontend/src/pages/Enrollment.jsx;backend/routes/membership.py;backend/routes/admin_review.py;backend/routes/auth.py;backend/routes/admin_billing.py;backend/routes/backlog.py,MATRIX_ROW
ES-FEAT-MARKETPLACE-008,ES-FEAT-MARKETPLACE-000,referrals,"Marketplace, provider network, and community",ES-FEAT-<DOMAIN>-<NUMBER> assigned by this V1.0 package,frontend/src/pages/Signup.jsx;frontend/src/features/dashboards/ServiceProviderDashboard.jsx;frontend/src/pages/AdminReviewQueue.jsx;frontend/src/pages/CareLedgerTab.jsx;frontend/src/pages/Enrollment.jsx;backend/routes/membership.py;backend/routes/admin_review.py;backend/routes/auth.py;backend/routes/admin_billing.py;backend/routes/backlog.py,MATRIX_ROW
ES-FEAT-MARKETPLACE-009,ES-FEAT-MARKETPLACE-000,community features,"Marketplace, provider network, and community",ES-FEAT-<DOMAIN>-<NUMBER> assigned by this V1.0 package,frontend/src/pages/Signup.jsx;frontend/src/features/dashboards/ServiceProviderDashboard.jsx;frontend/src/pages/AdminReviewQueue.jsx;frontend/src/pages/CareLedgerTab.jsx;frontend/src/pages/Enrollment.jsx;backend/routes/membership.py;backend/routes/admin_review.py;backend/routes/auth.py;backend/routes/backlog.py;backend/routes/pulse.py,MATRIX_ROW
ES-FEAT-MARKETPLACE-010,ES-FEAT-MARKETPLACE-000,moderation,"Marketplace, provider network, and community",ES-FEAT-<DOMAIN>-<NUMBER> assigned by this V1.0 package,frontend/src/pages/Signup.jsx;frontend/src/features/dashboards/ServiceProviderDashboard.jsx;frontend/src/pages/AdminReviewQueue.jsx;frontend/src/pages/CareLedgerTab.jsx;frontend/src/pages/Enrollment.jsx;backend/routes/membership.py;backend/routes/admin_review.py;backend/routes/auth.py;backend/routes/admin_billing.py;backend/routes/backlog.py,MATRIX_ROW
ES-FEAT-MARKETPLACE-011,ES-FEAT-MARKETPLACE-000,disputes,"Marketplace, provider network, and community",ES-FEAT-<DOMAIN>-<NUMBER> assigned by this V1.0 package,frontend/src/pages/Signup.jsx;frontend/src/features/dashboards/ServiceProviderDashboard.jsx;frontend/src/pages/AdminReviewQueue.jsx;frontend/src/pages/CareLedgerTab.jsx;frontend/src/pages/Enrollment.jsx;backend/routes/membership.py;backend/routes/admin_review.py;backend/routes/auth.py;backend/routes/admin_billing.py;backend/routes/backlog.py,MATRIX_ROW
ES-FEAT-MARKETPLACE-012,ES-FEAT-MARKETPLACE-000,bookings,"Marketplace, provider network, and community",ES-FEAT-<DOMAIN>-<NUMBER> assigned by this V1.0 package,frontend/src/pages/Signup.jsx;frontend/src/features/dashboards/ServiceProviderDashboard.jsx;frontend/src/pages/AdminReviewQueue.jsx;frontend/src/pages/CareLedgerTab.jsx;frontend/src/pages/Enrollment.jsx;backend/routes/membership.py;backend/routes/admin_review.py;backend/routes/auth.py;backend/routes/admin_billing.py;backend/routes/backlog.py,MATRIX_ROW
ES-FEAT-MARKETPLACE-013,ES-FEAT-MARKETPLACE-000,payment responsibilities,"Marketplace, provider network, and community",ES-FEAT-<DOMAIN>-<NUMBER> assigned by this V1.0 package,frontend/src/pages/Payments.jsx;frontend/src/pages/Signup.jsx;frontend/src/features/dashboards/ServiceProviderDashboard.jsx;frontend/src/pages/AdminReviewQueue.jsx;frontend/src/pages/AdvancedReports.jsx;backend/routes/membership.py;backend/routes/admin_review.py;backend/routes/auth.py;backend/routes/admin_billing.py;backend/routes/backlog.py,MATRIX_ROW
ES-FEAT-MARKETPLACE-014,ES-FEAT-MARKETPLACE-000,suspension and delisting,"Marketplace, provider network, and community",ES-FEAT-<DOMAIN>-<NUMBER> assigned by this V1.0 package,frontend/src/pages/Signup.jsx;frontend/src/features/dashboards/ServiceProviderDashboard.jsx;frontend/src/pages/AdminReviewQueue.jsx;frontend/src/pages/CareLedgerTab.jsx;frontend/src/pages/Enrollment.jsx;backend/routes/membership.py;backend/routes/admin_review.py;backend/routes/auth.py;backend/routes/admin_billing.py;backend/routes/backlog.py,MATRIX_ROW
ES-FEAT-MEDIA-000,ROOT,"Media, files, and digital assets","Media, files, and digital assets",DOMAIN_PARENT_FROM_DIRECTIVE_SECTION_8,backend/storage.py; backend/routes/backlog.py; backend/routes/document_signatures.py; frontend/src/pages/HealthDocuments.jsx,DOMAIN_PARENT_ONLY_NOT_A_MATRIX_ROW
ES-FEAT-MEDIA-001,ES-FEAT-MEDIA-000,uploads,"Media, files, and digital assets",ES-FEAT-<DOMAIN>-<NUMBER> assigned by this V1.0 package,frontend/src/pages/AdvancedReports.jsx;frontend/src/pages/FormsSignatures.jsx;frontend/src/pages/MobileReadiness.jsx;frontend/src/pages/OwnerUpdates.jsx;frontend/src/pages/Riders.jsx;backend/routes/guardian_intake.py;backend/routes/rider_profile.py;backend/routes/staff_intake.py;backend/routes/trainer_intake.py;backend/routes/barn_owner_intake.py,MATRIX_ROW
ES-FEAT-MEDIA-002,ES-FEAT-MEDIA-000,images,"Media, files, and digital assets",ES-FEAT-<DOMAIN>-<NUMBER> assigned by this V1.0 package,frontend/src/pages/AdvancedReports.jsx;frontend/src/pages/FormsSignatures.jsx;frontend/src/pages/Landing.jsx;frontend/src/pages/MobileReadiness.jsx;frontend/src/pages/OwnerUpdates.jsx;backend/routes/guardian_intake.py;backend/routes/rider_profile.py;backend/routes/staff_intake.py;backend/routes/trainer_intake.py;backend/routes/barn_owner_intake.py,MATRIX_ROW
ES-FEAT-MEDIA-003,ES-FEAT-MEDIA-000,videos,"Media, files, and digital assets",ES-FEAT-<DOMAIN>-<NUMBER> assigned by this V1.0 package,frontend/src/pages/AdvancedReports.jsx;frontend/src/pages/FormsSignatures.jsx;frontend/src/pages/MobileReadiness.jsx;frontend/src/pages/OwnerUpdates.jsx;frontend/src/pages/Riders.jsx;backend/routes/guardian_intake.py;backend/routes/rider_profile.py;backend/routes/staff_intake.py;backend/routes/trainer_intake.py;backend/routes/barn_owner_intake.py,MATRIX_ROW
ES-FEAT-MEDIA-004,ES-FEAT-MEDIA-000,documents,"Media, files, and digital assets",ES-FEAT-<DOMAIN>-<NUMBER> assigned by this V1.0 package,frontend/src/pages/HealthDocuments.jsx;frontend/src/pages/MobileReadiness.jsx;frontend/src/features/dashboards/PersonalDashboard.jsx;frontend/src/pages/AdvancedReports.jsx;frontend/src/pages/FormsSignatures.jsx;backend/routes/document_signatures.py;backend/routes/guardian_intake.py;backend/routes/reports.py;backend/routes/rider_profile.py;backend/routes/staff_intake.py,MATRIX_ROW
ES-FEAT-MEDIA-005,ES-FEAT-MEDIA-000,consent,"Media, files, and digital assets",ES-FEAT-<DOMAIN>-<NUMBER> assigned by this V1.0 package,frontend/src/pages/AdvancedReports.jsx;frontend/src/pages/FormsSignatures.jsx;frontend/src/pages/MobileReadiness.jsx;frontend/src/pages/OwnerUpdates.jsx;frontend/src/pages/Riders.jsx;backend/routes/guardian_intake.py;backend/routes/rider_profile.py;backend/routes/staff_intake.py;backend/routes/student_guardians.py;backend/routes/trainer_intake.py,MATRIX_ROW
ES-FEAT-MEDIA-006,ES-FEAT-MEDIA-000,visibility,"Media, files, and digital assets",ES-FEAT-<DOMAIN>-<NUMBER> assigned by this V1.0 package,frontend/src/pages/OwnerUpdates.jsx;frontend/src/features/dashboards/PersonalDashboard.jsx;frontend/src/pages/AdvancedReports.jsx;frontend/src/pages/ArenaSchedule.jsx;frontend/src/pages/CareLedgerTab.jsx;backend/routes/guardian_intake.py;backend/routes/horse_ledger.py;backend/routes/rider_profile.py;backend/routes/staff_intake.py;backend/routes/trainer_intake.py,MATRIX_ROW
ES-FEAT-MEDIA-007,ES-FEAT-MEDIA-000,derivation,"Media, files, and digital assets",ES-FEAT-<DOMAIN>-<NUMBER> assigned by this V1.0 package,frontend/src/pages/AdvancedReports.jsx;frontend/src/pages/FormsSignatures.jsx;frontend/src/pages/MobileReadiness.jsx;frontend/src/pages/OwnerUpdates.jsx;frontend/src/pages/Riders.jsx;backend/routes/guardian_intake.py;backend/routes/rider_profile.py;backend/routes/staff_intake.py;backend/routes/trainer_intake.py;backend/routes/barn_owner_intake.py,MATRIX_ROW
ES-FEAT-MEDIA-008,ES-FEAT-MEDIA-000,thumbnails,"Media, files, and digital assets",ES-FEAT-<DOMAIN>-<NUMBER> assigned by this V1.0 package,frontend/src/pages/AdvancedReports.jsx;frontend/src/pages/FormsSignatures.jsx;frontend/src/pages/MobileReadiness.jsx;frontend/src/pages/OwnerUpdates.jsx;frontend/src/pages/Riders.jsx;backend/routes/guardian_intake.py;backend/routes/rider_profile.py;backend/routes/staff_intake.py;backend/routes/trainer_intake.py;backend/routes/barn_owner_intake.py,MATRIX_ROW
ES-FEAT-MEDIA-009,ES-FEAT-MEDIA-000,OCR,"Media, files, and digital assets",ES-FEAT-<DOMAIN>-<NUMBER> assigned by this V1.0 package,frontend/src/pages/AdvancedReports.jsx;frontend/src/pages/FormsSignatures.jsx;frontend/src/pages/MobileReadiness.jsx;frontend/src/pages/OwnerUpdates.jsx;frontend/src/pages/Riders.jsx;backend/routes/guardian_intake.py;backend/routes/rider_profile.py;backend/routes/staff_intake.py;backend/routes/trainer_intake.py;backend/routes/barn_owner_intake.py,MATRIX_ROW
ES-FEAT-MEDIA-010,ES-FEAT-MEDIA-000,search indexing,"Media, files, and digital assets",ES-FEAT-<DOMAIN>-<NUMBER> assigned by this V1.0 package,frontend/src/pages/OwnerUpdates.jsx;frontend/src/pages/AcceptInvite.jsx;frontend/src/pages/AdminBillingDashboard.jsx;frontend/src/pages/AdvancedReports.jsx;frontend/src/pages/EmergencyContacts.jsx;backend/routes/guardian_intake.py;backend/routes/owner_intake.py;backend/routes/rider_profile.py;backend/routes/staff_intake.py;backend/routes/trainer_intake.py,MATRIX_ROW
ES-FEAT-MEDIA-011,ES-FEAT-MEDIA-000,attachment lifecycle,"Media, files, and digital assets",ES-FEAT-<DOMAIN>-<NUMBER> assigned by this V1.0 package,frontend/src/pages/AdvancedReports.jsx;frontend/src/pages/FormsSignatures.jsx;frontend/src/pages/MobileReadiness.jsx;frontend/src/pages/OwnerUpdates.jsx;frontend/src/pages/Riders.jsx;backend/routes/guardian_intake.py;backend/routes/rider_profile.py;backend/routes/staff_intake.py;backend/routes/trainer_intake.py;backend/routes/barn_owner_intake.py,MATRIX_ROW
ES-FEAT-MEDIA-012,ES-FEAT-MEDIA-000,media removal,"Media, files, and digital assets",ES-FEAT-<DOMAIN>-<NUMBER> assigned by this V1.0 package,frontend/src/pages/OwnerUpdates.jsx;frontend/src/pages/Riders.jsx;frontend/src/pages/RoleIntake.jsx;frontend/src/pages/AdvancedReports.jsx;frontend/src/pages/FormsSignatures.jsx;backend/routes/guardian_intake.py;backend/routes/rider_profile.py;backend/routes/staff_intake.py;backend/routes/trainer_intake.py;backend/routes/document_signatures.py,MATRIX_ROW
ES-FEAT-MEDIA-013,ES-FEAT-MEDIA-000,transfer,"Media, files, and digital assets",ES-FEAT-<DOMAIN>-<NUMBER> assigned by this V1.0 package,frontend/src/pages/AdvancedReports.jsx;frontend/src/pages/FormsSignatures.jsx;frontend/src/pages/MobileReadiness.jsx;frontend/src/pages/OwnerUpdates.jsx;frontend/src/pages/Riders.jsx;backend/routes/guardian_intake.py;backend/routes/rider_profile.py;backend/routes/staff_intake.py;backend/routes/trainer_intake.py;backend/routes/barn_owner_intake.py,MATRIX_ROW
ES-FEAT-MEDIA-014,ES-FEAT-MEDIA-000,export,"Media, files, and digital assets",ES-FEAT-<DOMAIN>-<NUMBER> assigned by this V1.0 package,frontend/src/pages/AdvancedReports.jsx;frontend/src/pages/FormsSignatures.jsx;frontend/src/pages/OwnerUpdates.jsx;frontend/src/pages/Riders.jsx;frontend/src/features/dashboards/DashboardResolver.jsx;backend/routes/guardian_intake.py;backend/routes/rider_profile.py;backend/routes/staff_intake.py;backend/routes/trainer_intake.py;backend/routes/backlog.py,MATRIX_ROW
ES-FEAT-MEDIA-015,ES-FEAT-MEDIA-000,retention,"Media, files, and digital assets",ES-FEAT-<DOMAIN>-<NUMBER> assigned by this V1.0 package,frontend/src/pages/AdvancedReports.jsx;frontend/src/pages/FormsSignatures.jsx;frontend/src/pages/MobileReadiness.jsx;frontend/src/pages/OwnerUpdates.jsx;frontend/src/pages/Riders.jsx;backend/routes/guardian_intake.py;backend/routes/rider_profile.py;backend/routes/staff_intake.py;backend/routes/trainer_intake.py;backend/routes/barn_owner_intake.py,MATRIX_ROW
ES-FEAT-MEDIA-016,ES-FEAT-MEDIA-000,holds,"Media, files, and digital assets",ES-FEAT-<DOMAIN>-<NUMBER> assigned by this V1.0 package,frontend/src/pages/AdvancedReports.jsx;frontend/src/pages/FormsSignatures.jsx;frontend/src/pages/MobileReadiness.jsx;frontend/src/pages/OwnerUpdates.jsx;frontend/src/pages/Riders.jsx;backend/routes/guardian_intake.py;backend/routes/rider_profile.py;backend/routes/staff_intake.py;backend/routes/trainer_intake.py;backend/routes/barn_owner_intake.py,MATRIX_ROW
ES-FEAT-REPORTING-000,ROOT,Reporting and analytics,Reporting and analytics,DOMAIN_PARENT_FROM_DIRECTIVE_SECTION_8,backend/routes/analytics.py; backend/routes/reports.py; frontend/src/pages/Reports.jsx; frontend/src/pages/PerformanceAnalytics.jsx; frontend/src/pages/FinancialDashboard.jsx,DOMAIN_PARENT_ONLY_NOT_A_MATRIX_ROW
ES-FEAT-REPORTING-001,ES-FEAT-REPORTING-000,operational dashboards,Reporting and analytics,ES-FEAT-<DOMAIN>-<NUMBER> assigned by this V1.0 package,frontend/src/pages/Dashboard.jsx;frontend/src/features/dashboards/PersonalDashboard.jsx;frontend/src/pages/AdminBillingDashboard.jsx;frontend/src/pages/PerformanceAnalytics.jsx;frontend/src/pages/Rehab.jsx;backend/routes/admin.py;backend/routes/admin_billing.py;backend/routes/analytics.py;backend/routes/horse_ledger.py;backend/routes/invites.py,MATRIX_ROW
ES-FEAT-REPORTING-002,ES-FEAT-REPORTING-000,financial reporting,Reporting and analytics,ES-FEAT-<DOMAIN>-<NUMBER> assigned by this V1.0 package,frontend/src/pages/FinancialDashboard.jsx;frontend/src/pages/Dashboard.jsx;frontend/src/pages/PerformanceAnalytics.jsx;backend/routes/admin.py;backend/routes/analytics.py;backend/routes/invites.py;backend/routes/reports.py,MATRIX_ROW
ES-FEAT-REPORTING-003,ES-FEAT-REPORTING-000,horse-care reporting,Reporting and analytics,ES-FEAT-<DOMAIN>-<NUMBER> assigned by this V1.0 package,frontend/src/pages/CareLedgerTab.jsx;frontend/src/pages/HealthCareLogs.jsx;frontend/src/pages/OwnerCareLedger.jsx;frontend/src/pages/Dashboard.jsx;frontend/src/features/dashboards/PersonalDashboard.jsx;backend/routes/care.py;backend/routes/admin.py;backend/routes/analytics.py;backend/routes/horse_ledger.py;backend/routes/horses.py,MATRIX_ROW
ES-FEAT-REPORTING-004,ES-FEAT-REPORTING-000,rider progress,Reporting and analytics,ES-FEAT-<DOMAIN>-<NUMBER> assigned by this V1.0 package,frontend/src/pages/Riders.jsx;frontend/src/features/dashboards/RiderDashboard.jsx;frontend/src/features/dashboards/PersonalDashboard.jsx;frontend/src/pages/Dashboard.jsx;frontend/src/pages/PerformanceAnalytics.jsx;backend/routes/rider_profile.py;backend/routes/reports.py;backend/routes/admin.py;backend/routes/admin_billing.py;backend/routes/analytics.py,MATRIX_ROW
ES-FEAT-REPORTING-005,ES-FEAT-REPORTING-000,facility KPIs,Reporting and analytics,ES-FEAT-<DOMAIN>-<NUMBER> assigned by this V1.0 package,frontend/src/features/dashboards/FacilityDashboard.jsx;frontend/src/features/dashboards/PersonalDashboard.jsx;frontend/src/features/dashboards/ServiceProviderDashboard.jsx;frontend/src/pages/AdminReviewQueue.jsx;frontend/src/pages/Dashboard.jsx;backend/routes/admin.py;backend/routes/analytics.py;backend/routes/auth.py;backend/routes/barn_owner_intake.py;backend/routes/barns.py,MATRIX_ROW
ES-FEAT-REPORTING-006,ES-FEAT-REPORTING-000,owner summaries,Reporting and analytics,ES-FEAT-<DOMAIN>-<NUMBER> assigned by this V1.0 package,frontend/src/features/dashboards/PersonalDashboard.jsx;frontend/src/pages/Dashboard.jsx;frontend/src/pages/PerformanceAnalytics.jsx;backend/routes/admin.py;backend/routes/analytics.py;backend/routes/invites.py;backend/routes/reports.py,MATRIX_ROW
ES-FEAT-REPORTING-007,ES-FEAT-REPORTING-000,exports,Reporting and analytics,ES-FEAT-<DOMAIN>-<NUMBER> assigned by this V1.0 package,frontend/src/pages/Dashboard.jsx;frontend/src/pages/PerformanceAnalytics.jsx;backend/routes/admin.py;backend/routes/analytics.py;backend/routes/invites.py;backend/routes/reports.py,MATRIX_ROW
ES-FEAT-REPORTING-008,ES-FEAT-REPORTING-000,metric lineage,Reporting and analytics,ES-FEAT-<DOMAIN>-<NUMBER> assigned by this V1.0 package,frontend/src/pages/Dashboard.jsx;frontend/src/pages/PerformanceAnalytics.jsx;backend/routes/admin.py;backend/routes/analytics.py;backend/routes/invites.py;backend/routes/reports.py,MATRIX_ROW
ES-FEAT-REPORTING-009,ES-FEAT-REPORTING-000,confidence,Reporting and analytics,ES-FEAT-<DOMAIN>-<NUMBER> assigned by this V1.0 package,frontend/src/pages/AiAutomation.jsx;frontend/src/pages/Dashboard.jsx;frontend/src/pages/PerformanceAnalytics.jsx;backend/routes/admin.py;backend/routes/analytics.py;backend/routes/invites.py;backend/routes/reports.py,MATRIX_ROW
ES-FEAT-REPORTING-010,ES-FEAT-REPORTING-000,corrections,Reporting and analytics,ES-FEAT-<DOMAIN>-<NUMBER> assigned by this V1.0 package,frontend/src/pages/Dashboard.jsx;frontend/src/pages/PerformanceAnalytics.jsx;backend/routes/admin.py;backend/routes/analytics.py;backend/routes/invites.py;backend/routes/reports.py,MATRIX_ROW
ES-FEAT-REPORTING-011,ES-FEAT-REPORTING-000,access restrictions,Reporting and analytics,ES-FEAT-<DOMAIN>-<NUMBER> assigned by this V1.0 package,frontend/src/pages/AdminBillingDashboard.jsx;frontend/src/pages/AdminReviewQueue.jsx;frontend/src/pages/CareLedgerTab.jsx;frontend/src/pages/Dashboard.jsx;frontend/src/pages/Forbidden.jsx;backend/routes/admin.py;backend/routes/admin_billing.py;backend/routes/analytics.py;backend/routes/care.py;backend/routes/horse_ledger.py,MATRIX_ROW
ES-FEAT-AI-000,ROOT,Artificial intelligence,Artificial intelligence,DOMAIN_PARENT_FROM_DIRECTIVE_SECTION_8,frontend/src/pages/AiAutomation.jsx; backend/routes/backlog.py; backend/core/rf17_feature_shell_ux_truth.py,DOMAIN_PARENT_ONLY_NOT_A_MATRIX_ROW
ES-FEAT-AI-001,ES-FEAT-AI-000,AI assistant,Artificial intelligence,ES-FEAT-<DOMAIN>-<NUMBER> assigned by this V1.0 package,No direct implementation path located by keyword search,MATRIX_ROW
ES-FEAT-AI-002,ES-FEAT-AI-000,inventory recognition,Artificial intelligence,ES-FEAT-<DOMAIN>-<NUMBER> assigned by this V1.0 package,frontend/src/pages/Inventory.jsx;frontend/src/pages/SupplyInventory.jsx;frontend/src/pages/Onboarding.jsx;frontend/src/pages/RoleIntake.jsx;backend/routes/manager_intake.py;backend/routes/onboarding.py,MATRIX_ROW
ES-FEAT-AI-003,ES-FEAT-AI-000,summaries,Artificial intelligence,ES-FEAT-<DOMAIN>-<NUMBER> assigned by this V1.0 package,frontend/src/features/dashboards/PersonalDashboard.jsx,MATRIX_ROW
ES-FEAT-AI-004,ES-FEAT-AI-000,recommendations,Artificial intelligence,ES-FEAT-<DOMAIN>-<NUMBER> assigned by this V1.0 package,frontend/src/pages/Signup.jsx,MATRIX_ROW
ES-FEAT-AI-005,ES-FEAT-AI-000,scheduling assistance,Artificial intelligence,ES-FEAT-<DOMAIN>-<NUMBER> assigned by this V1.0 package,frontend/src/pages/StaffScheduling.jsx;frontend/src/features/dashboards/PersonalDashboard.jsx;frontend/src/pages/HandoffReports.jsx;frontend/src/pages/Rehab.jsx;frontend/src/pages/RoleIntake.jsx;backend/routes/manager_intake.py;backend/routes/rider_profile.py,MATRIX_ROW
ES-FEAT-AI-006,ES-FEAT-AI-000,anomaly detection,Artificial intelligence,ES-FEAT-<DOMAIN>-<NUMBER> assigned by this V1.0 package,No direct implementation path located by keyword search,MATRIX_ROW
ES-FEAT-AI-007,ES-FEAT-AI-000,reporting interpretation,Artificial intelligence,ES-FEAT-<DOMAIN>-<NUMBER> assigned by this V1.0 package,No direct implementation path located by keyword search,MATRIX_ROW
ES-FEAT-AI-008,ES-FEAT-AI-000,model providers,Artificial intelligence,ES-FEAT-<DOMAIN>-<NUMBER> assigned by this V1.0 package,frontend/src/pages/CareLedgerTab.jsx;frontend/src/pages/Integrations.jsx;backend/routes/admin_review.py;backend/routes/membership.py;backend/routes/onboarding.py;backend/routes/admin.py;backend/routes/admin_billing.py,MATRIX_ROW
ES-FEAT-AI-009,ES-FEAT-AI-000,human review,Artificial intelligence,ES-FEAT-<DOMAIN>-<NUMBER> assigned by this V1.0 package,frontend/src/pages/AdminReviewQueue.jsx;frontend/src/pages/ReviewQueue.jsx;frontend/src/pages/AdminBillingDashboard.jsx;frontend/src/pages/AiAutomation.jsx;frontend/src/pages/GroupMessaging.jsx;backend/routes/admin_review.py;backend/routes/auth.py;backend/routes/backlog.py;backend/routes/digests.py;backend/routes/onboarding.py,MATRIX_ROW
ES-FEAT-AI-010,ES-FEAT-AI-000,prohibited decisions,Artificial intelligence,ES-FEAT-<DOMAIN>-<NUMBER> assigned by this V1.0 package,backend/routes/admin_review.py,MATRIX_ROW
ES-FEAT-AI-011,ES-FEAT-AI-000,prompt and output handling,Artificial intelligence,ES-FEAT-<DOMAIN>-<NUMBER> assigned by this V1.0 package,frontend/src/pages/CareLedgerTab.jsx;backend/routes/horse_ledger.py,MATRIX_ROW
ES-FEAT-AI-012,ES-FEAT-AI-000,AI provenance,Artificial intelligence,ES-FEAT-<DOMAIN>-<NUMBER> assigned by this V1.0 package,No direct implementation path located by keyword search,MATRIX_ROW
ES-FEAT-INTEGRATIONS-000,ROOT,Integrations and external providers,Integrations and external providers,DOMAIN_PARENT_FROM_DIRECTIVE_SECTION_8,backend/routes/backlog.py; backend/routes/document_signatures.py; backend/routes/subscriptions.py; frontend/src/pages/Integrations.jsx,DOMAIN_PARENT_ONLY_NOT_A_MATRIX_ROW
ES-FEAT-INTEGRATIONS-001,ES-FEAT-INTEGRATIONS-000,Stripe,Integrations and external providers,ES-FEAT-<DOMAIN>-<NUMBER> assigned by this V1.0 package,frontend/src/pages/Integrations.jsx;frontend/src/pages/Expenses.jsx;frontend/src/pages/Payments.jsx;frontend/src/pages/RideGps.jsx;frontend/src/pages/CareLedgerTab.jsx;backend/routes/horse_ledger.py;backend/routes/membership.py;backend/routes/admin_billing.py;backend/routes/admin_review.py;backend/routes/barn_owner_intake.py,MATRIX_ROW
ES-FEAT-INTEGRATIONS-002,ES-FEAT-INTEGRATIONS-000,QuickBooks,Integrations and external providers,ES-FEAT-<DOMAIN>-<NUMBER> assigned by this V1.0 package,frontend/src/pages/Integrations.jsx;frontend/src/pages/Expenses.jsx;frontend/src/pages/RideGps.jsx;frontend/src/pages/CareLedgerTab.jsx;frontend/src/pages/FeatureWorkspace.jsx;backend/routes/admin_billing.py;backend/routes/admin_review.py;backend/routes/backlog.py;backend/routes/horse_ledger.py;backend/routes/membership.py,MATRIX_ROW
ES-FEAT-INTEGRATIONS-003,ES-FEAT-INTEGRATIONS-000,Google Calendar,Integrations and external providers,ES-FEAT-<DOMAIN>-<NUMBER> assigned by this V1.0 package,frontend/src/pages/Integrations.jsx;frontend/src/pages/Expenses.jsx;frontend/src/pages/RideGps.jsx;frontend/src/pages/SubscriptionBilling.jsx;frontend/src/features/dashboards/PersonalDashboard.jsx;backend/routes/admin_billing.py;backend/routes/admin_review.py;backend/routes/backlog.py;backend/routes/horse_ledger.py;backend/routes/membership.py,MATRIX_ROW
ES-FEAT-INTEGRATIONS-004,ES-FEAT-INTEGRATIONS-000,Microsoft Calendar,Integrations and external providers,ES-FEAT-<DOMAIN>-<NUMBER> assigned by this V1.0 package,frontend/src/pages/Integrations.jsx;frontend/src/pages/Expenses.jsx;frontend/src/pages/RideGps.jsx;frontend/src/pages/SubscriptionBilling.jsx;frontend/src/features/dashboards/PersonalDashboard.jsx;backend/routes/admin_billing.py;backend/routes/admin_review.py;backend/routes/backlog.py;backend/routes/horse_ledger.py;backend/routes/membership.py,MATRIX_ROW
ES-FEAT-INTEGRATIONS-005,ES-FEAT-INTEGRATIONS-000,Apple Calendar or ICS,Integrations and external providers,ES-FEAT-<DOMAIN>-<NUMBER> assigned by this V1.0 package,frontend/src/pages/Integrations.jsx;frontend/src/pages/PerformanceAnalytics.jsx;frontend/src/pages/SubscriptionBilling.jsx;frontend/src/pages/Expenses.jsx;frontend/src/pages/RideGps.jsx;backend/routes/analytics.py;backend/routes/horse_ledger.py;backend/routes/admin.py;backend/routes/admin_billing.py;backend/routes/admin_review.py,MATRIX_ROW
ES-FEAT-INTEGRATIONS-006,ES-FEAT-INTEGRATIONS-000,email,Integrations and external providers,ES-FEAT-<DOMAIN>-<NUMBER> assigned by this V1.0 package,frontend/src/pages/Integrations.jsx;frontend/src/pages/VerifyEmail.jsx;frontend/src/pages/Expenses.jsx;frontend/src/pages/GroupMessaging.jsx;frontend/src/pages/RideGps.jsx;backend/routes/subscription_emails.py;backend/routes/admin_billing.py;backend/routes/onboarding.py;backend/routes/admin_review.py;backend/routes/audit.py,MATRIX_ROW
ES-FEAT-INTEGRATIONS-007,ES-FEAT-INTEGRATIONS-000,SMS,Integrations and external providers,ES-FEAT-<DOMAIN>-<NUMBER> assigned by this V1.0 package,frontend/src/pages/Integrations.jsx;frontend/src/pages/Expenses.jsx;frontend/src/pages/RideGps.jsx;frontend/src/pages/CareLedgerTab.jsx;frontend/src/pages/FeatureWorkspace.jsx;backend/routes/admin_billing.py;backend/routes/admin_review.py;backend/routes/barn_owner_intake.py;backend/routes/guardian_intake.py;backend/routes/horse_ledger.py,MATRIX_ROW
ES-FEAT-INTEGRATIONS-008,ES-FEAT-INTEGRATIONS-000,push notifications,Integrations and external providers,ES-FEAT-<DOMAIN>-<NUMBER> assigned by this V1.0 package,frontend/src/pages/Integrations.jsx;frontend/src/pages/GroupMessaging.jsx;frontend/src/pages/Expenses.jsx;frontend/src/pages/RideGps.jsx;frontend/src/pages/BarnLocations.jsx;backend/routes/admin_billing.py;backend/routes/admin_review.py;backend/routes/backlog.py;backend/routes/digests.py;backend/routes/horse_ledger.py,MATRIX_ROW
ES-FEAT-INTEGRATIONS-009,ES-FEAT-INTEGRATIONS-000,electronic-signature providers,Integrations and external providers,ES-FEAT-<DOMAIN>-<NUMBER> assigned by this V1.0 package,frontend/src/pages/Integrations.jsx;frontend/src/pages/FormsSignatures.jsx;frontend/src/pages/CareLedgerTab.jsx;frontend/src/pages/Expenses.jsx;frontend/src/pages/RideGps.jsx;backend/routes/document_signatures.py;backend/routes/admin_review.py;backend/routes/horse_ledger.py;backend/routes/membership.py;backend/routes/onboarding.py,MATRIX_ROW
ES-FEAT-INTEGRATIONS-010,ES-FEAT-INTEGRATIONS-000,maps,Integrations and external providers,ES-FEAT-<DOMAIN>-<NUMBER> assigned by this V1.0 package,frontend/src/pages/Integrations.jsx;frontend/src/pages/Expenses.jsx;frontend/src/pages/RideGps.jsx;frontend/src/pages/CareLedgerTab.jsx;frontend/src/pages/FeatureWorkspace.jsx;backend/routes/admin_billing.py;backend/routes/admin_review.py;backend/routes/horse_ledger.py;backend/routes/membership.py;backend/routes/onboarding.py,MATRIX_ROW
ES-FEAT-INTEGRATIONS-011,ES-FEAT-INTEGRATIONS-000,storage,Integrations and external providers,ES-FEAT-<DOMAIN>-<NUMBER> assigned by this V1.0 package,frontend/src/pages/Integrations.jsx;frontend/src/pages/Expenses.jsx;frontend/src/pages/RideGps.jsx;frontend/src/pages/CareLedgerTab.jsx;frontend/src/pages/Equipment.jsx;backend/routes/admin_billing.py;backend/routes/admin_review.py;backend/routes/backlog.py;backend/routes/document_signatures.py;backend/routes/horse_ledger.py,MATRIX_ROW
ES-FEAT-INTEGRATIONS-012,ES-FEAT-INTEGRATIONS-000,media processing,Integrations and external providers,ES-FEAT-<DOMAIN>-<NUMBER> assigned by this V1.0 package,frontend/src/pages/Integrations.jsx;frontend/src/pages/Expenses.jsx;frontend/src/pages/RideGps.jsx;frontend/src/pages/CareLedgerTab.jsx;frontend/src/pages/FeatureWorkspace.jsx;backend/routes/membership.py;backend/routes/admin_billing.py;backend/routes/admin_review.py;backend/routes/document_signatures.py;backend/routes/guardian_intake.py,MATRIX_ROW
ES-FEAT-INTEGRATIONS-013,ES-FEAT-INTEGRATIONS-000,identity providers,Integrations and external providers,ES-FEAT-<DOMAIN>-<NUMBER> assigned by this V1.0 package,frontend/src/pages/Integrations.jsx;frontend/src/pages/CareLedgerTab.jsx;frontend/src/pages/Expenses.jsx;frontend/src/pages/RideGps.jsx;frontend/src/pages/FeatureWorkspace.jsx;backend/routes/horse_ledger.py;backend/routes/admin_review.py;backend/routes/membership.py;backend/routes/onboarding.py;backend/routes/admin_billing.py,MATRIX_ROW
ES-FEAT-INTEGRATIONS-014,ES-FEAT-INTEGRATIONS-000,accounting imports,Integrations and external providers,ES-FEAT-<DOMAIN>-<NUMBER> assigned by this V1.0 package,frontend/src/pages/Integrations.jsx;frontend/src/pages/Expenses.jsx;frontend/src/pages/RideGps.jsx;frontend/src/pages/CareLedgerTab.jsx;frontend/src/pages/FeatureWorkspace.jsx;backend/routes/onboarding.py;backend/routes/admin_billing.py;backend/routes/admin_review.py;backend/routes/horse_ledger.py;backend/routes/invites.py,MATRIX_ROW
ES-FEAT-INTEGRATIONS-015,ES-FEAT-INTEGRATIONS-000,payment imports,Integrations and external providers,ES-FEAT-<DOMAIN>-<NUMBER> assigned by this V1.0 package,frontend/src/pages/Payments.jsx;frontend/src/pages/Integrations.jsx;frontend/src/pages/Expenses.jsx;frontend/src/pages/RideGps.jsx;frontend/src/pages/AdvancedReports.jsx;backend/routes/membership.py;backend/routes/onboarding.py;backend/routes/admin_billing.py;backend/routes/admin_review.py;backend/routes/billing.py,MATRIX_ROW
ES-FEAT-INTEGRATIONS-016,ES-FEAT-INTEGRATIONS-000,data export,Integrations and external providers,ES-FEAT-<DOMAIN>-<NUMBER> assigned by this V1.0 package,frontend/src/pages/Integrations.jsx;frontend/src/pages/Expenses.jsx;frontend/src/pages/RideGps.jsx;frontend/src/pages/FeatureWorkspace.jsx;frontend/src/pages/GroupMessaging.jsx;backend/routes/admin_billing.py;backend/routes/backlog.py;backend/routes/admin.py;backend/routes/admin_review.py;backend/routes/audit.py,MATRIX_ROW
ES-FEAT-MOBILE-000,ROOT,"Mobile, offline, and synchronization","Mobile, offline, and synchronization",DOMAIN_PARENT_FROM_DIRECTIVE_SECTION_8,frontend/src/lib/taskSync.js; frontend/src/pages/MobileReadiness.jsx; frontend/android; frontend/ios; docs/FIELD_RELIABILITY_OFFLINE_MATRIX.md,DOMAIN_PARENT_ONLY_NOT_A_MATRIX_ROW
ES-FEAT-MOBILE-001,ES-FEAT-MOBILE-000,native apps,"Mobile, offline, and synchronization",ES-FEAT-<DOMAIN>-<NUMBER> assigned by this V1.0 package,frontend/src/pages/MobileReadiness.jsx;frontend/src/pages/Rehab.jsx;frontend/src/pages/Today.jsx,MATRIX_ROW
ES-FEAT-MOBILE-002,ES-FEAT-MOBILE-000,PWA,"Mobile, offline, and synchronization",ES-FEAT-<DOMAIN>-<NUMBER> assigned by this V1.0 package,frontend/src/pages/MobileReadiness.jsx;frontend/src/pages/Rehab.jsx;frontend/src/pages/Today.jsx,MATRIX_ROW
ES-FEAT-MOBILE-003,ES-FEAT-MOBILE-000,local storage,"Mobile, offline, and synchronization",ES-FEAT-<DOMAIN>-<NUMBER> assigned by this V1.0 package,frontend/src/pages/MobileReadiness.jsx;frontend/src/pages/Today.jsx;frontend/src/pages/AdvancedReports.jsx;frontend/src/pages/Competitions.jsx;frontend/src/pages/EmergencyWorkflows.jsx;backend/routes/document_signatures.py;backend/routes/backlog.py;backend/routes/subscriptions.py,MATRIX_ROW
ES-FEAT-MOBILE-004,ES-FEAT-MOBILE-000,offline task work,"Mobile, offline, and synchronization",ES-FEAT-<DOMAIN>-<NUMBER> assigned by this V1.0 package,frontend/src/pages/MobileReadiness.jsx;frontend/src/pages/MyWork.jsx;frontend/src/pages/Today.jsx;frontend/src/pages/EmergencyWorkflows.jsx;frontend/src/pages/FeatureWorkspace.jsx;backend/routes/owner_updates.py;backend/routes/pulse.py;backend/routes/staff_intake.py;backend/routes/admin.py;backend/routes/auth.py,MATRIX_ROW
ES-FEAT-MOBILE-005,ES-FEAT-MOBILE-000,offline care work,"Mobile, offline, and synchronization",ES-FEAT-<DOMAIN>-<NUMBER> assigned by this V1.0 package,frontend/src/pages/CareLedgerTab.jsx;frontend/src/pages/EmergencyWorkflows.jsx;frontend/src/pages/FeatureWorkspace.jsx;frontend/src/pages/HealthCareLogs.jsx;frontend/src/pages/MobileReadiness.jsx;backend/routes/care.py;backend/routes/admin.py;backend/routes/horse_ledger.py;backend/routes/pulse.py;backend/routes/service_provider_center.py,MATRIX_ROW
ES-FEAT-MOBILE-006,ES-FEAT-MOBILE-000,queued writes,"Mobile, offline, and synchronization",ES-FEAT-<DOMAIN>-<NUMBER> assigned by this V1.0 package,frontend/src/pages/MobileReadiness.jsx;frontend/src/pages/Today.jsx;frontend/src/pages/GroupMessaging.jsx;frontend/src/pages/Rehab.jsx;frontend/src/pages/SubscriptionBilling.jsx;backend/routes/audit.py;backend/routes/horse_ledger.py;backend/routes/horses.py;backend/routes/recurring_charges.py,MATRIX_ROW
ES-FEAT-MOBILE-007,ES-FEAT-MOBILE-000,stale permissions,"Mobile, offline, and synchronization",ES-FEAT-<DOMAIN>-<NUMBER> assigned by this V1.0 package,frontend/src/pages/MobileReadiness.jsx;frontend/src/pages/ArenaSchedule.jsx;frontend/src/pages/BarnLocations.jsx;frontend/src/pages/Dashboard.jsx;frontend/src/pages/Forbidden.jsx;backend/routes/admin.py;backend/routes/admin_billing.py;backend/routes/admin_review.py;backend/routes/audit.py;backend/routes/backlog.py,MATRIX_ROW
ES-FEAT-MOBILE-008,ES-FEAT-MOBILE-000,stale guardian authority,"Mobile, offline, and synchronization",ES-FEAT-<DOMAIN>-<NUMBER> assigned by this V1.0 package,frontend/src/features/dashboards/GuardianDashboard.jsx;frontend/src/pages/MobileReadiness.jsx;frontend/src/features/dashboards/PersonalDashboard.jsx;frontend/src/pages/Rehab.jsx;frontend/src/pages/Today.jsx;backend/routes/student_guardians.py;backend/routes/guardian_intake.py;backend/routes/billing.py;backend/routes/document_signatures.py;backend/routes/operations.py,MATRIX_ROW
ES-FEAT-MOBILE-009,ES-FEAT-MOBILE-000,conflict detection,"Mobile, offline, and synchronization",ES-FEAT-<DOMAIN>-<NUMBER> assigned by this V1.0 package,frontend/src/pages/MobileReadiness.jsx;frontend/src/pages/Lessons.jsx;frontend/src/pages/Rehab.jsx;frontend/src/pages/Today.jsx;frontend/src/pages/Training.jsx,MATRIX_ROW
ES-FEAT-MOBILE-010,ES-FEAT-MOBILE-000,conflict resolution,"Mobile, offline, and synchronization",ES-FEAT-<DOMAIN>-<NUMBER> assigned by this V1.0 package,frontend/src/pages/MobileReadiness.jsx;frontend/src/pages/Lessons.jsx;frontend/src/pages/Rehab.jsx;frontend/src/pages/Today.jsx;frontend/src/pages/Training.jsx,MATRIX_ROW
ES-FEAT-MOBILE-011,ES-FEAT-MOBILE-000,lost devices,"Mobile, offline, and synchronization",ES-FEAT-<DOMAIN>-<NUMBER> assigned by this V1.0 package,frontend/src/pages/MobileReadiness.jsx;frontend/src/pages/Rehab.jsx;frontend/src/pages/Today.jsx,MATRIX_ROW
ES-FEAT-MOBILE-012,ES-FEAT-MOBILE-000,sync visibility,"Mobile, offline, and synchronization",ES-FEAT-<DOMAIN>-<NUMBER> assigned by this V1.0 package,frontend/src/pages/MobileReadiness.jsx;frontend/src/pages/Messaging.jsx;frontend/src/pages/OwnerUpdates.jsx;frontend/src/pages/Rehab.jsx;frontend/src/pages/Today.jsx;backend/routes/owner_updates.py;backend/routes/pulse.py;backend/routes/account_context.py;backend/routes/admin.py;backend/routes/admin_review.py,MATRIX_ROW
ES-FEAT-MOBILE-013,ES-FEAT-MOBILE-000,recovery,"Mobile, offline, and synchronization",ES-FEAT-<DOMAIN>-<NUMBER> assigned by this V1.0 package,frontend/src/pages/MobileReadiness.jsx;frontend/src/pages/Rehab.jsx;frontend/src/pages/Today.jsx,MATRIX_ROW
ES-FEAT-ADMINOPS-000,ROOT,"Administration, support, security, and operations","Administration, support, security, and operations",DOMAIN_PARENT_FROM_DIRECTIVE_SECTION_8,frontend/src/pages/admin; backend/routes/admin_portal; backend/core/audit.py; backend/core/config.py,DOMAIN_PARENT_ONLY_NOT_A_MATRIX_ROW
ES-FEAT-ADMINOPS-001,ES-FEAT-ADMINOPS-000,platform administration,"Administration, support, security, and operations",ES-FEAT-<DOMAIN>-<NUMBER> assigned by this V1.0 package,frontend/src/features/dashboards/PersonalDashboard.jsx;frontend/src/pages/AdminBillingDashboard.jsx;frontend/src/pages/Dashboard.jsx;frontend/src/pages/Landing.jsx;frontend/src/pages/Onboarding.jsx;backend/routes/student_guardians.py;backend/routes/admin.py;backend/routes/admin_billing.py;backend/routes/admin_review.py;backend/routes/auth.py,MATRIX_ROW
ES-FEAT-ADMINOPS-002,ES-FEAT-ADMINOPS-000,facility administration,"Administration, support, security, and operations",ES-FEAT-<DOMAIN>-<NUMBER> assigned by this V1.0 package,frontend/src/features/dashboards/FacilityDashboard.jsx;frontend/src/features/dashboards/PersonalDashboard.jsx;frontend/src/pages/Landing.jsx;frontend/src/pages/RoleIntake.jsx;frontend/src/features/dashboards/ServiceProviderDashboard.jsx;backend/routes/auth.py;backend/routes/manager_intake.py;backend/routes/membership.py;backend/routes/onboarding.py;backend/routes/staff_intake.py,MATRIX_ROW
ES-FEAT-ADMINOPS-003,ES-FEAT-ADMINOPS-000,support tooling,"Administration, support, security, and operations",ES-FEAT-<DOMAIN>-<NUMBER> assigned by this V1.0 package,frontend/src/features/dashboards/PersonalDashboard.jsx;frontend/src/pages/Dashboard.jsx;frontend/src/pages/Landing.jsx;frontend/src/pages/Onboarding.jsx;frontend/src/pages/Reports.jsx;backend/routes/admin_review.py;backend/routes/staff_intake.py;backend/routes/trainer_intake.py;backend/routes/admin.py;backend/routes/auth.py,MATRIX_ROW
ES-FEAT-ADMINOPS-004,ES-FEAT-ADMINOPS-000,impersonation,"Administration, support, security, and operations",ES-FEAT-<DOMAIN>-<NUMBER> assigned by this V1.0 package,frontend/src/features/dashboards/PersonalDashboard.jsx;frontend/src/pages/Dashboard.jsx;frontend/src/pages/Landing.jsx;frontend/src/pages/Onboarding.jsx;frontend/src/pages/Reports.jsx;backend/routes/admin.py;backend/routes/admin_review.py;backend/routes/auth.py;backend/routes/backlog.py;backend/routes/billing.py,MATRIX_ROW
ES-FEAT-ADMINOPS-005,ES-FEAT-ADMINOPS-000,break-glass access,"Administration, support, security, and operations",ES-FEAT-<DOMAIN>-<NUMBER> assigned by this V1.0 package,frontend/src/features/dashboards/PersonalDashboard.jsx;frontend/src/pages/AdminBillingDashboard.jsx;frontend/src/pages/AdminReviewQueue.jsx;frontend/src/pages/Billing.jsx;frontend/src/pages/CareLedgerTab.jsx;backend/routes/admin.py;backend/routes/onboarding.py;backend/routes/admin_billing.py;backend/routes/admin_review.py;backend/routes/auth.py,MATRIX_ROW
ES-FEAT-ADMINOPS-006,ES-FEAT-ADMINOPS-000,monitoring,"Administration, support, security, and operations",ES-FEAT-<DOMAIN>-<NUMBER> assigned by this V1.0 package,frontend/src/features/dashboards/PersonalDashboard.jsx;frontend/src/pages/Dashboard.jsx;frontend/src/pages/Landing.jsx;frontend/src/pages/Onboarding.jsx;frontend/src/pages/Reports.jsx;backend/routes/admin.py;backend/routes/admin_review.py;backend/routes/auth.py;backend/routes/backlog.py;backend/routes/billing.py,MATRIX_ROW
ES-FEAT-ADMINOPS-007,ES-FEAT-ADMINOPS-000,audit review,"Administration, support, security, and operations",ES-FEAT-<DOMAIN>-<NUMBER> assigned by this V1.0 package,frontend/src/pages/AdminReviewQueue.jsx;frontend/src/pages/AuditLog.jsx;frontend/src/pages/ReviewQueue.jsx;frontend/src/pages/Onboarding.jsx;frontend/src/features/dashboards/PersonalDashboard.jsx;backend/routes/admin_review.py;backend/routes/audit.py;backend/routes/auth.py;backend/routes/backlog.py;backend/routes/onboarding.py,MATRIX_ROW
ES-FEAT-ADMINOPS-008,ES-FEAT-ADMINOPS-000,incident response,"Administration, support, security, and operations",ES-FEAT-<DOMAIN>-<NUMBER> assigned by this V1.0 package,frontend/src/pages/Incidents.jsx;frontend/src/pages/Reports.jsx;frontend/src/features/dashboards/PersonalDashboard.jsx;frontend/src/features/dashboards/ServiceProviderDashboard.jsx;frontend/src/features/dashboards/TrainerDashboard.jsx;backend/routes/operations.py;backend/routes/dashboard.py;backend/routes/manager_intake.py;backend/routes/staff_intake.py;backend/routes/trainer_intake.py,MATRIX_ROW
ES-FEAT-ADMINOPS-009,ES-FEAT-ADMINOPS-000,backup,"Administration, support, security, and operations",ES-FEAT-<DOMAIN>-<NUMBER> assigned by this V1.0 package,frontend/src/features/dashboards/PersonalDashboard.jsx;frontend/src/pages/Dashboard.jsx;frontend/src/pages/Landing.jsx;frontend/src/pages/Onboarding.jsx;frontend/src/pages/Reports.jsx;backend/routes/admin.py;backend/routes/admin_review.py;backend/routes/auth.py;backend/routes/backlog.py;backend/routes/billing.py,MATRIX_ROW
ES-FEAT-ADMINOPS-010,ES-FEAT-ADMINOPS-000,restore,"Administration, support, security, and operations",ES-FEAT-<DOMAIN>-<NUMBER> assigned by this V1.0 package,frontend/src/features/dashboards/PersonalDashboard.jsx;frontend/src/pages/Dashboard.jsx;frontend/src/pages/Landing.jsx;frontend/src/pages/Onboarding.jsx;frontend/src/pages/Reports.jsx;backend/routes/admin.py;backend/routes/admin_review.py;backend/routes/auth.py;backend/routes/backlog.py;backend/routes/billing.py,MATRIX_ROW
ES-FEAT-ADMINOPS-011,ES-FEAT-ADMINOPS-000,rollback,"Administration, support, security, and operations",ES-FEAT-<DOMAIN>-<NUMBER> assigned by this V1.0 package,frontend/src/features/dashboards/PersonalDashboard.jsx;frontend/src/pages/Dashboard.jsx;frontend/src/pages/Landing.jsx;frontend/src/pages/Onboarding.jsx;frontend/src/pages/Reports.jsx;backend/routes/admin.py;backend/routes/admin_review.py;backend/routes/auth.py;backend/routes/backlog.py;backend/routes/billing.py,MATRIX_ROW
ES-FEAT-ADMINOPS-012,ES-FEAT-ADMINOPS-000,feature flags,"Administration, support, security, and operations",ES-FEAT-<DOMAIN>-<NUMBER> assigned by this V1.0 package,frontend/src/pages/FeatureWorkspace.jsx;frontend/src/features/dashboards/PersonalDashboard.jsx;frontend/src/pages/AiAutomation.jsx;frontend/src/pages/Competitions.jsx;frontend/src/pages/Dashboard.jsx;backend/routes/backlog.py;backend/routes/billing.py;backend/routes/admin.py;backend/routes/admin_review.py;backend/routes/auth.py,MATRIX_ROW
ES-FEAT-ADMINOPS-013,ES-FEAT-ADMINOPS-000,release,"Administration, support, security, and operations",ES-FEAT-<DOMAIN>-<NUMBER> assigned by this V1.0 package,frontend/src/features/dashboards/PersonalDashboard.jsx;frontend/src/pages/Dashboard.jsx;frontend/src/pages/Landing.jsx;frontend/src/pages/Onboarding.jsx;frontend/src/pages/Reports.jsx;backend/routes/admin.py;backend/routes/admin_review.py;backend/routes/auth.py;backend/routes/backlog.py;backend/routes/billing.py,MATRIX_ROW
ES-FEAT-ADMINOPS-014,ES-FEAT-ADMINOPS-000,suspension,"Administration, support, security, and operations",ES-FEAT-<DOMAIN>-<NUMBER> assigned by this V1.0 package,frontend/src/features/dashboards/PersonalDashboard.jsx;frontend/src/pages/Dashboard.jsx;frontend/src/pages/Landing.jsx;frontend/src/pages/Onboarding.jsx;frontend/src/pages/Reports.jsx;backend/routes/admin.py;backend/routes/admin_review.py;backend/routes/auth.py;backend/routes/backlog.py;backend/routes/billing.py,MATRIX_ROW
ES-FEAT-ADMINOPS-015,ES-FEAT-ADMINOPS-000,provider operations,"Administration, support, security, and operations",ES-FEAT-<DOMAIN>-<NUMBER> assigned by this V1.0 package,frontend/src/features/dashboards/ServiceProviderDashboard.jsx;frontend/src/pages/Landing.jsx;frontend/src/pages/Dashboard.jsx;frontend/src/pages/Onboarding.jsx;frontend/src/pages/Reports.jsx;backend/routes/operations.py;backend/routes/backlog.py;backend/routes/membership.py;backend/routes/onboarding.py;backend/routes/service_provider_center.py,MATRIX_ROW
ES-FEAT-ADMINOPS-016,ES-FEAT-ADMINOPS-000,data correction,"Administration, support, security, and operations",ES-FEAT-<DOMAIN>-<NUMBER> assigned by this V1.0 package,frontend/src/pages/Reports.jsx;frontend/src/features/dashboards/PersonalDashboard.jsx;frontend/src/features/dashboards/ServiceProviderDashboard.jsx;frontend/src/features/dashboards/TrainerDashboard.jsx;frontend/src/pages/AcceptInvite.jsx;backend/routes/admin.py;backend/routes/backlog.py;backend/routes/billing.py;backend/routes/manager_intake.py;backend/routes/operations.py,MATRIX_ROW
ES-FEAT-DEVELOPER-000,ROOT,Developer platform and extensibility,Developer platform and extensibility,DOMAIN_PARENT_FROM_DIRECTIVE_SECTION_8,backend/routes/backlog.py; backend/server.py; governance/implementation/code-guides/registers,DOMAIN_PARENT_ONLY_NOT_A_MATRIX_ROW
ES-FEAT-DEVELOPER-001,ES-FEAT-DEVELOPER-000,APIs,Developer platform and extensibility,ES-FEAT-<DOMAIN>-<NUMBER> assigned by this V1.0 package,frontend/src/pages/AdminBillingDashboard.jsx;backend/routes/admin_billing.py;backend/routes/barns.py;backend/routes/document_signatures.py;backend/routes/horse_ledger.py;backend/routes/pulse.py,MATRIX_ROW
ES-FEAT-DEVELOPER-002,ES-FEAT-DEVELOPER-000,webhooks,Developer platform and extensibility,ES-FEAT-<DOMAIN>-<NUMBER> assigned by this V1.0 package,frontend/src/pages/AdminBillingDashboard.jsx;frontend/src/pages/SubscriptionSuccess.jsx;backend/routes/admin_billing.py;backend/routes/barns.py;backend/routes/document_signatures.py;backend/routes/horse_ledger.py;backend/routes/pulse.py,MATRIX_ROW
ES-FEAT-DEVELOPER-003,ES-FEAT-DEVELOPER-000,events,Developer platform and extensibility,ES-FEAT-<DOMAIN>-<NUMBER> assigned by this V1.0 package,frontend/src/pages/AdminBillingDashboard.jsx;backend/routes/admin_billing.py;backend/routes/analytics.py;backend/routes/barns.py;backend/routes/document_signatures.py;backend/routes/horse_ledger.py,MATRIX_ROW
ES-FEAT-DEVELOPER-004,ES-FEAT-DEVELOPER-000,adapters,Developer platform and extensibility,ES-FEAT-<DOMAIN>-<NUMBER> assigned by this V1.0 package,frontend/src/pages/AdminBillingDashboard.jsx;backend/routes/admin_billing.py;backend/routes/barns.py;backend/routes/document_signatures.py;backend/routes/horse_ledger.py;backend/routes/pulse.py,MATRIX_ROW
ES-FEAT-DEVELOPER-005,ES-FEAT-DEVELOPER-000,plugins,Developer platform and extensibility,ES-FEAT-<DOMAIN>-<NUMBER> assigned by this V1.0 package,frontend/src/pages/AdminBillingDashboard.jsx;backend/routes/admin_billing.py;backend/routes/barns.py;backend/routes/document_signatures.py;backend/routes/horse_ledger.py;backend/routes/pulse.py,MATRIX_ROW
ES-FEAT-DEVELOPER-006,ES-FEAT-DEVELOPER-000,service accounts,Developer platform and extensibility,ES-FEAT-<DOMAIN>-<NUMBER> assigned by this V1.0 package,frontend/src/features/dashboards/ServiceProviderDashboard.jsx;frontend/src/pages/AdminBillingDashboard.jsx;frontend/src/pages/AdminReviewQueue.jsx;frontend/src/pages/CareLedgerTab.jsx;frontend/src/pages/Enrollment.jsx;backend/routes/service_provider_center.py;backend/routes/admin_billing.py;backend/routes/barn_owner_intake.py;backend/routes/horse_ledger.py;backend/routes/admin_review.py,MATRIX_ROW
ES-FEAT-DEVELOPER-007,ES-FEAT-DEVELOPER-000,integrations,Developer platform and extensibility,ES-FEAT-<DOMAIN>-<NUMBER> assigned by this V1.0 package,frontend/src/pages/Integrations.jsx;frontend/src/pages/AdminBillingDashboard.jsx;frontend/src/pages/Expenses.jsx;frontend/src/pages/FeatureWorkspace.jsx;frontend/src/pages/GroupMessaging.jsx;backend/routes/admin_billing.py;backend/routes/barns.py;backend/routes/document_signatures.py;backend/routes/horse_ledger.py;backend/routes/pulse.py,MATRIX_ROW
ES-FEAT-DEVELOPER-008,ES-FEAT-DEVELOPER-000,rate limits,Developer platform and extensibility,ES-FEAT-<DOMAIN>-<NUMBER> assigned by this V1.0 package,frontend/src/pages/AdminBillingDashboard.jsx;frontend/src/pages/HealthCareLogs.jsx;frontend/src/pages/HorseProfile.jsx;frontend/src/pages/Incidents.jsx;frontend/src/pages/OwnerPortal.jsx;backend/routes/document_signatures.py;backend/routes/admin_billing.py;backend/routes/audit.py;backend/routes/auth.py;backend/routes/barns.py,MATRIX_ROW
ES-FEAT-DEVELOPER-009,ES-FEAT-DEVELOPER-000,versioning,Developer platform and extensibility,ES-FEAT-<DOMAIN>-<NUMBER> assigned by this V1.0 package,frontend/src/pages/AdminBillingDashboard.jsx;backend/routes/admin_billing.py;backend/routes/barns.py;backend/routes/document_signatures.py;backend/routes/horse_ledger.py;backend/routes/pulse.py,MATRIX_ROW
ES-FEAT-DEVELOPER-010,ES-FEAT-DEVELOPER-000,developer credentials,Developer platform and extensibility,ES-FEAT-<DOMAIN>-<NUMBER> assigned by this V1.0 package,frontend/src/pages/AdminBillingDashboard.jsx;frontend/src/pages/Enrollment.jsx;backend/routes/admin.py;backend/routes/admin_billing.py;backend/routes/auth.py;backend/routes/barns.py;backend/routes/document_signatures.py,MATRIX_ROW
ES-FEAT-DEVELOPER-011,ES-FEAT-DEVELOPER-000,sandbox behavior,Developer platform and extensibility,ES-FEAT-<DOMAIN>-<NUMBER> assigned by this V1.0 package,frontend/src/pages/AdminBillingDashboard.jsx;frontend/src/pages/CareLedgerTab.jsx;frontend/src/pages/Reports.jsx;backend/routes/document_signatures.py;backend/routes/horse_ledger.py;backend/routes/admin_billing.py;backend/routes/analytics.py;backend/routes/barns.py,MATRIX_ROW
ES-FEAT-DEVELOPER-012,ES-FEAT-DEVELOPER-000,deprecation,Developer platform and extensibility,ES-FEAT-<DOMAIN>-<NUMBER> assigned by this V1.0 package,frontend/src/pages/AdminBillingDashboard.jsx;backend/routes/admin_billing.py;backend/routes/barns.py;backend/routes/dashboard.py;backend/routes/document_signatures.py;backend/routes/horse_ledger.py,MATRIX_ROW
