field_name,description,controlled_values,source,data_type,allowed_values_or_format,authority_basis,owning_role,derivation_method,null_blank_handling,maintenance_trigger,field_authority_class
Feature ID,"Field-specific contract for Feature ID: records the row-level feature id used by the documentary feature-to-governance matrix; it is not implementation, runtime, deployment, pilot, production, certification, or Founder approval evidence.",FREE_TEXT_OR_SEMICOLON_LIST_AS_APPLICABLE_WITH_ROW_SPECIFIC_SOURCE_OR_PLANNING_INFERENCE,MATRIX_SCHEMA_AND_VALIDATOR_VOCABULARY_V1_0_REVISED_2026_08_04,TEXT,UTF-8 text; normalized repository paths only for path fields; semicolon-delimited identifiers where plural.,Founder-directed documentary revision; validator constants where controlled; source registers and matrix derivation where evidentiary.,GOVERNANCE_DOCUMENTATION_OWNER,"Generated from authoritative matrix rows, companion registers, source-state inspection, and reviewer finding adjudication; manually reviewed for semantic plausibility where stated in reports.","Blank means not located, not applicable, or not assigned only when the row carries an explanatory status/rationale field; path blanks must not be backfilled with prose.","Update on feature taxonomy change, source identity change, reviewer finding, Founder decision, validator vocabulary change, implementation verification, or package regeneration.",AUTHORITATIVE_STRUCTURED_FIELD
Feature name,"Field-specific contract for Feature name: records the row-level feature name used by the documentary feature-to-governance matrix; it is not implementation, runtime, deployment, pilot, production, certification, or Founder approval evidence.",FREE_TEXT_OR_SEMICOLON_LIST_AS_APPLICABLE_WITH_ROW_SPECIFIC_SOURCE_OR_PLANNING_INFERENCE,MATRIX_SCHEMA_AND_VALIDATOR_VOCABULARY_V1_0_REVISED_2026_08_04,TEXT,UTF-8 text; normalized repository paths only for path fields; semicolon-delimited identifiers where plural.,Founder-directed documentary revision; validator constants where controlled; source registers and matrix derivation where evidentiary.,GOVERNANCE_DOCUMENTATION_OWNER,"Generated from authoritative matrix rows, companion registers, source-state inspection, and reviewer finding adjudication; manually reviewed for semantic plausibility where stated in reports.","Blank means not located, not applicable, or not assigned only when the row carries an explanatory status/rationale field; path blanks must not be backfilled with prose.","Update on feature taxonomy change, source identity change, reviewer finding, Founder decision, validator vocabulary change, implementation verification, or package regeneration.",AUTHORITATIVE_STRUCTURED_FIELD
Parent feature ID,"Field-specific contract for Parent feature ID: records the row-level parent feature id used by the documentary feature-to-governance matrix; it is not implementation, runtime, deployment, pilot, production, certification, or Founder approval evidence.",FREE_TEXT_OR_SEMICOLON_LIST_AS_APPLICABLE_WITH_ROW_SPECIFIC_SOURCE_OR_PLANNING_INFERENCE,MATRIX_SCHEMA_AND_VALIDATOR_VOCABULARY_V1_0_REVISED_2026_08_04,TEXT,UTF-8 text; normalized repository paths only for path fields; semicolon-delimited identifiers where plural.,Founder-directed documentary revision; validator constants where controlled; source registers and matrix derivation where evidentiary.,GOVERNANCE_DOCUMENTATION_OWNER,"Generated from authoritative matrix rows, companion registers, source-state inspection, and reviewer finding adjudication; manually reviewed for semantic plausibility where stated in reports.","Blank means not located, not applicable, or not assigned only when the row carries an explanatory status/rationale field; path blanks must not be backfilled with prose.","Update on feature taxonomy change, source identity change, reviewer finding, Founder decision, validator vocabulary change, implementation verification, or package regeneration.",PLANNING_OR_GOVERNANCE_ANALYSIS_FIELD
Product domain,"Field-specific contract for Product domain: records the row-level product domain used by the documentary feature-to-governance matrix; it is not implementation, runtime, deployment, pilot, production, certification, or Founder approval evidence.",FREE_TEXT_OR_SEMICOLON_LIST_AS_APPLICABLE_WITH_ROW_SPECIFIC_SOURCE_OR_PLANNING_INFERENCE,MATRIX_SCHEMA_AND_VALIDATOR_VOCABULARY_V1_0_REVISED_2026_08_04,TEXT,UTF-8 text; normalized repository paths only for path fields; semicolon-delimited identifiers where plural.,Founder-directed documentary revision; validator constants where controlled; source registers and matrix derivation where evidentiary.,GOVERNANCE_DOCUMENTATION_OWNER,"Generated from authoritative matrix rows, companion registers, source-state inspection, and reviewer finding adjudication; manually reviewed for semantic plausibility where stated in reports.","Blank means not located, not applicable, or not assigned only when the row carries an explanatory status/rationale field; path blanks must not be backfilled with prose.","Update on feature taxonomy change, source identity change, reviewer finding, Founder decision, validator vocabulary change, implementation verification, or package regeneration.",AUTHORITATIVE_STRUCTURED_FIELD
Feature or workflow description,"Field-specific contract for Feature or workflow description: records the row-level feature or workflow description used by the documentary feature-to-governance matrix; it is not implementation, runtime, deployment, pilot, production, certification, or Founder approval evidence.",FREE_TEXT_OR_SEMICOLON_LIST_AS_APPLICABLE_WITH_ROW_SPECIFIC_SOURCE_OR_PLANNING_INFERENCE,MATRIX_SCHEMA_AND_VALIDATOR_VOCABULARY_V1_0_REVISED_2026_08_04,TEXT,UTF-8 text; normalized repository paths only for path fields; semicolon-delimited identifiers where plural.,Founder-directed documentary revision; validator constants where controlled; source registers and matrix derivation where evidentiary.,GOVERNANCE_DOCUMENTATION_OWNER,"Generated from authoritative matrix rows, companion registers, source-state inspection, and reviewer finding adjudication; manually reviewed for semantic plausibility where stated in reports.","Blank means not located, not applicable, or not assigned only when the row carries an explanatory status/rationale field; path blanks must not be backfilled with prose.","Update on feature taxonomy change, source identity change, reviewer finding, Founder decision, validator vocabulary change, implementation verification, or package regeneration.",PLANNING_OR_GOVERNANCE_ANALYSIS_FIELD
Current lifecycle stage,"Field-specific contract for Current lifecycle stage: records the row-level current lifecycle stage used by the documentary feature-to-governance matrix; it is not implementation, runtime, deployment, pilot, production, certification, or Founder approval evidence.",FREE_TEXT_OR_SEMICOLON_LIST_AS_APPLICABLE_WITH_ROW_SPECIFIC_SOURCE_OR_PLANNING_INFERENCE,MATRIX_SCHEMA_AND_VALIDATOR_VOCABULARY_V1_0_REVISED_2026_08_04,TEXT,UTF-8 text; normalized repository paths only for path fields; semicolon-delimited identifiers where plural.,Founder-directed documentary revision; validator constants where controlled; source registers and matrix derivation where evidentiary.,GOVERNANCE_DOCUMENTATION_OWNER,"Generated from authoritative matrix rows, companion registers, source-state inspection, and reviewer finding adjudication; manually reviewed for semantic plausibility where stated in reports.","Blank means not located, not applicable, or not assigned only when the row carries an explanatory status/rationale field; path blanks must not be backfilled with prose.","Update on feature taxonomy change, source identity change, reviewer finding, Founder decision, validator vocabulary change, implementation verification, or package regeneration.",PLANNING_OR_GOVERNANCE_ANALYSIS_FIELD
Affected personas,"Field-specific contract for Affected personas: records the row-level affected personas used by the documentary feature-to-governance matrix; it is not implementation, runtime, deployment, pilot, production, certification, or Founder approval evidence.",FREE_TEXT_OR_SEMICOLON_LIST_AS_APPLICABLE_WITH_ROW_SPECIFIC_SOURCE_OR_PLANNING_INFERENCE,MATRIX_SCHEMA_AND_VALIDATOR_VOCABULARY_V1_0_REVISED_2026_08_04,SEMICOLON_LIST,UTF-8 text; normalized repository paths only for path fields; semicolon-delimited identifiers where plural.,Founder-directed documentary revision; validator constants where controlled; source registers and matrix derivation where evidentiary.,GOVERNANCE_DOCUMENTATION_OWNER,"Generated from authoritative matrix rows, companion registers, source-state inspection, and reviewer finding adjudication; manually reviewed for semantic plausibility where stated in reports.","Blank means not located, not applicable, or not assigned only when the row carries an explanatory status/rationale field; path blanks must not be backfilled with prose.","Update on feature taxonomy change, source identity change, reviewer finding, Founder decision, validator vocabulary change, implementation verification, or package regeneration.",PLANNING_OR_GOVERNANCE_ANALYSIS_FIELD
Governing constitutional canon,"Field-specific contract for Governing constitutional canon: records the row-level governing constitutional canon used by the documentary feature-to-governance matrix; it is not implementation, runtime, deployment, pilot, production, certification, or Founder approval evidence.",FREE_TEXT_OR_SEMICOLON_LIST_AS_APPLICABLE_WITH_ROW_SPECIFIC_SOURCE_OR_PLANNING_INFERENCE,MATRIX_SCHEMA_AND_VALIDATOR_VOCABULARY_V1_0_REVISED_2026_08_04,TEXT,UTF-8 text; normalized repository paths only for path fields; semicolon-delimited identifiers where plural.,Founder-directed documentary revision; validator constants where controlled; source registers and matrix derivation where evidentiary.,GOVERNANCE_DOCUMENTATION_OWNER,"Generated from authoritative matrix rows, companion registers, source-state inspection, and reviewer finding adjudication; manually reviewed for semantic plausibility where stated in reports.","Blank means not located, not applicable, or not assigned only when the row carries an explanatory status/rationale field; path blanks must not be backfilled with prose.","Update on feature taxonomy change, source identity change, reviewer finding, Founder decision, validator vocabulary change, implementation verification, or package regeneration.",PLANNING_OR_GOVERNANCE_ANALYSIS_FIELD
Governing PIA,"Field-specific contract for Governing PIA: records the row-level governing pia used by the documentary feature-to-governance matrix; it is not implementation, runtime, deployment, pilot, production, certification, or Founder approval evidence.",FREE_TEXT_OR_SEMICOLON_LIST_AS_APPLICABLE_WITH_ROW_SPECIFIC_SOURCE_OR_PLANNING_INFERENCE,MATRIX_SCHEMA_AND_VALIDATOR_VOCABULARY_V1_0_REVISED_2026_08_04,TEXT,UTF-8 text; normalized repository paths only for path fields; semicolon-delimited identifiers where plural.,Founder-directed documentary revision; validator constants where controlled; source registers and matrix derivation where evidentiary.,GOVERNANCE_DOCUMENTATION_OWNER,"Generated from authoritative matrix rows, companion registers, source-state inspection, and reviewer finding adjudication; manually reviewed for semantic plausibility where stated in reports.","Blank means not located, not applicable, or not assigned only when the row carries an explanatory status/rationale field; path blanks must not be backfilled with prose.","Update on feature taxonomy change, source identity change, reviewer finding, Founder decision, validator vocabulary change, implementation verification, or package regeneration.",PLANNING_OR_GOVERNANCE_ANALYSIS_FIELD
Applicable Code Guides,"Field-specific contract for Applicable Code Guides: records the row-level applicable code guides used by the documentary feature-to-governance matrix; it is not implementation, runtime, deployment, pilot, production, certification, or Founder approval evidence.",FREE_TEXT_OR_SEMICOLON_LIST_AS_APPLICABLE_WITH_ROW_SPECIFIC_SOURCE_OR_PLANNING_INFERENCE,MATRIX_SCHEMA_AND_VALIDATOR_VOCABULARY_V1_0_REVISED_2026_08_04,TEXT,UTF-8 text; normalized repository paths only for path fields; semicolon-delimited identifiers where plural.,Founder-directed documentary revision; validator constants where controlled; source registers and matrix derivation where evidentiary.,GOVERNANCE_DOCUMENTATION_OWNER,"Generated from authoritative matrix rows, companion registers, source-state inspection, and reviewer finding adjudication; manually reviewed for semantic plausibility where stated in reports.","Blank means not located, not applicable, or not assigned only when the row carries an explanatory status/rationale field; path blanks must not be backfilled with prose.","Update on feature taxonomy change, source identity change, reviewer finding, Founder decision, validator vocabulary change, implementation verification, or package regeneration.",PLANNING_OR_GOVERNANCE_ANALYSIS_FIELD
Applicable ADRs,"Field-specific contract for Applicable ADRs: records the row-level applicable adrs used by the documentary feature-to-governance matrix; it is not implementation, runtime, deployment, pilot, production, certification, or Founder approval evidence.",FREE_TEXT_OR_SEMICOLON_LIST_AS_APPLICABLE_WITH_ROW_SPECIFIC_SOURCE_OR_PLANNING_INFERENCE,MATRIX_SCHEMA_AND_VALIDATOR_VOCABULARY_V1_0_REVISED_2026_08_04,TEXT,UTF-8 text; normalized repository paths only for path fields; semicolon-delimited identifiers where plural.,Founder-directed documentary revision; validator constants where controlled; source registers and matrix derivation where evidentiary.,GOVERNANCE_DOCUMENTATION_OWNER,"Generated from authoritative matrix rows, companion registers, source-state inspection, and reviewer finding adjudication; manually reviewed for semantic plausibility where stated in reports.","Blank means not located, not applicable, or not assigned only when the row carries an explanatory status/rationale field; path blanks must not be backfilled with prose.","Update on feature taxonomy change, source identity change, reviewer finding, Founder decision, validator vocabulary change, implementation verification, or package regeneration.",PLANNING_OR_GOVERNANCE_ANALYSIS_FIELD
Applicable operating standards,"Field-specific contract for Applicable operating standards: records the row-level applicable operating standards used by the documentary feature-to-governance matrix; it is not implementation, runtime, deployment, pilot, production, certification, or Founder approval evidence.",FREE_TEXT_OR_SEMICOLON_LIST_AS_APPLICABLE_WITH_ROW_SPECIFIC_SOURCE_OR_PLANNING_INFERENCE,MATRIX_SCHEMA_AND_VALIDATOR_VOCABULARY_V1_0_REVISED_2026_08_04,TEXT,UTF-8 text; normalized repository paths only for path fields; semicolon-delimited identifiers where plural.,Founder-directed documentary revision; validator constants where controlled; source registers and matrix derivation where evidentiary.,GOVERNANCE_DOCUMENTATION_OWNER,"Generated from authoritative matrix rows, companion registers, source-state inspection, and reviewer finding adjudication; manually reviewed for semantic plausibility where stated in reports.","Blank means not located, not applicable, or not assigned only when the row carries an explanatory status/rationale field; path blanks must not be backfilled with prose.","Update on feature taxonomy change, source identity change, reviewer finding, Founder decision, validator vocabulary change, implementation verification, or package regeneration.",PLANNING_OR_GOVERNANCE_ANALYSIS_FIELD
Applicable registers,"Field-specific contract for Applicable registers: records the row-level applicable registers used by the documentary feature-to-governance matrix; it is not implementation, runtime, deployment, pilot, production, certification, or Founder approval evidence.",FREE_TEXT_OR_SEMICOLON_LIST_AS_APPLICABLE_WITH_ROW_SPECIFIC_SOURCE_OR_PLANNING_INFERENCE,MATRIX_SCHEMA_AND_VALIDATOR_VOCABULARY_V1_0_REVISED_2026_08_04,TEXT,UTF-8 text; normalized repository paths only for path fields; semicolon-delimited identifiers where plural.,Founder-directed documentary revision; validator constants where controlled; source registers and matrix derivation where evidentiary.,GOVERNANCE_DOCUMENTATION_OWNER,"Generated from authoritative matrix rows, companion registers, source-state inspection, and reviewer finding adjudication; manually reviewed for semantic plausibility where stated in reports.","Blank means not located, not applicable, or not assigned only when the row carries an explanatory status/rationale field; path blanks must not be backfilled with prose.","Update on feature taxonomy change, source identity change, reviewer finding, Founder decision, validator vocabulary change, implementation verification, or package regeneration.",PLANNING_OR_GOVERNANCE_ANALYSIS_FIELD
Applicable runbooks,"Field-specific contract for Applicable runbooks: records the row-level applicable runbooks used by the documentary feature-to-governance matrix; it is not implementation, runtime, deployment, pilot, production, certification, or Founder approval evidence.",FREE_TEXT_OR_SEMICOLON_LIST_AS_APPLICABLE_WITH_ROW_SPECIFIC_SOURCE_OR_PLANNING_INFERENCE,MATRIX_SCHEMA_AND_VALIDATOR_VOCABULARY_V1_0_REVISED_2026_08_04,TEXT,UTF-8 text; normalized repository paths only for path fields; semicolon-delimited identifiers where plural.,Founder-directed documentary revision; validator constants where controlled; source registers and matrix derivation where evidentiary.,GOVERNANCE_DOCUMENTATION_OWNER,"Generated from authoritative matrix rows, companion registers, source-state inspection, and reviewer finding adjudication; manually reviewed for semantic plausibility where stated in reports.","Blank means not located, not applicable, or not assigned only when the row carries an explanatory status/rationale field; path blanks must not be backfilled with prose.","Update on feature taxonomy change, source identity change, reviewer finding, Founder decision, validator vocabulary change, implementation verification, or package regeneration.",PLANNING_OR_GOVERNANCE_ANALYSIS_FIELD
Applicable Founder decisions,"Field-specific contract for Applicable Founder decisions: records the row-level applicable founder decisions used by the documentary feature-to-governance matrix; it is not implementation, runtime, deployment, pilot, production, certification, or Founder approval evidence.",FREE_TEXT_OR_SEMICOLON_LIST_AS_APPLICABLE_WITH_ROW_SPECIFIC_SOURCE_OR_PLANNING_INFERENCE,MATRIX_SCHEMA_AND_VALIDATOR_VOCABULARY_V1_0_REVISED_2026_08_04,TEXT,UTF-8 text; normalized repository paths only for path fields; semicolon-delimited identifiers where plural.,Founder-directed documentary revision; validator constants where controlled; source registers and matrix derivation where evidentiary.,GOVERNANCE_DOCUMENTATION_OWNER,"Generated from authoritative matrix rows, companion registers, source-state inspection, and reviewer finding adjudication; manually reviewed for semantic plausibility where stated in reports.","Blank means not located, not applicable, or not assigned only when the row carries an explanatory status/rationale field; path blanks must not be backfilled with prose.","Update on feature taxonomy change, source identity change, reviewer finding, Founder decision, validator vocabulary change, implementation verification, or package regeneration.",PLANNING_OR_GOVERNANCE_ANALYSIS_FIELD
Applicable cross-domain contracts,"Field-specific contract for Applicable cross-domain contracts: records the row-level applicable cross-domain contracts used by the documentary feature-to-governance matrix; it is not implementation, runtime, deployment, pilot, production, certification, or Founder approval evidence.",FREE_TEXT_OR_SEMICOLON_LIST_AS_APPLICABLE_WITH_ROW_SPECIFIC_SOURCE_OR_PLANNING_INFERENCE,MATRIX_SCHEMA_AND_VALIDATOR_VOCABULARY_V1_0_REVISED_2026_08_04,TEXT,UTF-8 text; normalized repository paths only for path fields; semicolon-delimited identifiers where plural.,Founder-directed documentary revision; validator constants where controlled; source registers and matrix derivation where evidentiary.,GOVERNANCE_DOCUMENTATION_OWNER,"Generated from authoritative matrix rows, companion registers, source-state inspection, and reviewer finding adjudication; manually reviewed for semantic plausibility where stated in reports.","Blank means not located, not applicable, or not assigned only when the row carries an explanatory status/rationale field; path blanks must not be backfilled with prose.","Update on feature taxonomy change, source identity change, reviewer finding, Founder decision, validator vocabulary change, implementation verification, or package regeneration.",PLANNING_OR_GOVERNANCE_ANALYSIS_FIELD
System of truth,"Field-specific contract for System of truth: records the row-level system of truth used by the documentary feature-to-governance matrix; it is not implementation, runtime, deployment, pilot, production, certification, or Founder approval evidence.",FREE_TEXT_OR_SEMICOLON_LIST_AS_APPLICABLE_WITH_ROW_SPECIFIC_SOURCE_OR_PLANNING_INFERENCE,MATRIX_SCHEMA_AND_VALIDATOR_VOCABULARY_V1_0_REVISED_2026_08_04,TEXT,UTF-8 text; normalized repository paths only for path fields; semicolon-delimited identifiers where plural.,Founder-directed documentary revision; validator constants where controlled; source registers and matrix derivation where evidentiary.,GOVERNANCE_DOCUMENTATION_OWNER,"Generated from authoritative matrix rows, companion registers, source-state inspection, and reviewer finding adjudication; manually reviewed for semantic plausibility where stated in reports.","Blank means not located, not applicable, or not assigned only when the row carries an explanatory status/rationale field; path blanks must not be backfilled with prose.","Update on feature taxonomy change, source identity change, reviewer finding, Founder decision, validator vocabulary change, implementation verification, or package regeneration.",PLANNING_OR_GOVERNANCE_ANALYSIS_FIELD
Owning domain,"Field-specific contract for Owning domain: records the row-level owning domain used by the documentary feature-to-governance matrix; it is not implementation, runtime, deployment, pilot, production, certification, or Founder approval evidence.",FREE_TEXT_OR_SEMICOLON_LIST_AS_APPLICABLE_WITH_ROW_SPECIFIC_SOURCE_OR_PLANNING_INFERENCE,MATRIX_SCHEMA_AND_VALIDATOR_VOCABULARY_V1_0_REVISED_2026_08_04,TEXT,UTF-8 text; normalized repository paths only for path fields; semicolon-delimited identifiers where plural.,Founder-directed documentary revision; validator constants where controlled; source registers and matrix derivation where evidentiary.,GOVERNANCE_DOCUMENTATION_OWNER,"Generated from authoritative matrix rows, companion registers, source-state inspection, and reviewer finding adjudication; manually reviewed for semantic plausibility where stated in reports.","Blank means not located, not applicable, or not assigned only when the row carries an explanatory status/rationale field; path blanks must not be backfilled with prose.","Update on feature taxonomy change, source identity change, reviewer finding, Founder decision, validator vocabulary change, implementation verification, or package regeneration.",PLANNING_OR_GOVERNANCE_ANALYSIS_FIELD
Owning service or module,"Field-specific contract for Owning service or module: records the row-level owning service or module used by the documentary feature-to-governance matrix; it is not implementation, runtime, deployment, pilot, production, certification, or Founder approval evidence.",FREE_TEXT_OR_SEMICOLON_LIST_AS_APPLICABLE_WITH_ROW_SPECIFIC_SOURCE_OR_PLANNING_INFERENCE,MATRIX_SCHEMA_AND_VALIDATOR_VOCABULARY_V1_0_REVISED_2026_08_04,TEXT,UTF-8 text; normalized repository paths only for path fields; semicolon-delimited identifiers where plural.,Founder-directed documentary revision; validator constants where controlled; source registers and matrix derivation where evidentiary.,GOVERNANCE_DOCUMENTATION_OWNER,"Generated from authoritative matrix rows, companion registers, source-state inspection, and reviewer finding adjudication; manually reviewed for semantic plausibility where stated in reports.","Blank means not located, not applicable, or not assigned only when the row carries an explanatory status/rationale field; path blanks must not be backfilled with prose.","Update on feature taxonomy change, source identity change, reviewer finding, Founder decision, validator vocabulary change, implementation verification, or package regeneration.",PLANNING_OR_GOVERNANCE_ANALYSIS_FIELD
Governing record types,"Field-specific contract for Governing record types: records the row-level governing record types used by the documentary feature-to-governance matrix; it is not implementation, runtime, deployment, pilot, production, certification, or Founder approval evidence.",FREE_TEXT_OR_SEMICOLON_LIST_AS_APPLICABLE_WITH_ROW_SPECIFIC_SOURCE_OR_PLANNING_INFERENCE,MATRIX_SCHEMA_AND_VALIDATOR_VOCABULARY_V1_0_REVISED_2026_08_04,TEXT,UTF-8 text; normalized repository paths only for path fields; semicolon-delimited identifiers where plural.,Founder-directed documentary revision; validator constants where controlled; source registers and matrix derivation where evidentiary.,GOVERNANCE_DOCUMENTATION_OWNER,"Generated from authoritative matrix rows, companion registers, source-state inspection, and reviewer finding adjudication; manually reviewed for semantic plausibility where stated in reports.","Blank means not located, not applicable, or not assigned only when the row carries an explanatory status/rationale field; path blanks must not be backfilled with prose.","Update on feature taxonomy change, source identity change, reviewer finding, Founder decision, validator vocabulary change, implementation verification, or package regeneration.",PLANNING_OR_GOVERNANCE_ANALYSIS_FIELD
Data classification,"Field-specific contract for Data classification: records the row-level data classification used by the documentary feature-to-governance matrix; it is not implementation, runtime, deployment, pilot, production, certification, or Founder approval evidence.",FREE_TEXT_OR_SEMICOLON_LIST_AS_APPLICABLE_WITH_ROW_SPECIFIC_SOURCE_OR_PLANNING_INFERENCE,MATRIX_SCHEMA_AND_VALIDATOR_VOCABULARY_V1_0_REVISED_2026_08_04,TEXT,UTF-8 text; normalized repository paths only for path fields; semicolon-delimited identifiers where plural.,Founder-directed documentary revision; validator constants where controlled; source registers and matrix derivation where evidentiary.,GOVERNANCE_DOCUMENTATION_OWNER,"Generated from authoritative matrix rows, companion registers, source-state inspection, and reviewer finding adjudication; manually reviewed for semantic plausibility where stated in reports.","Blank means not located, not applicable, or not assigned only when the row carries an explanatory status/rationale field; path blanks must not be backfilled with prose.","Update on feature taxonomy change, source identity change, reviewer finding, Founder decision, validator vocabulary change, implementation verification, or package regeneration.",PLANNING_OR_GOVERNANCE_ANALYSIS_FIELD
Retention class,"Field-specific contract for Retention class: records the row-level retention class used by the documentary feature-to-governance matrix; it is not implementation, runtime, deployment, pilot, production, certification, or Founder approval evidence.",FREE_TEXT_OR_SEMICOLON_LIST_AS_APPLICABLE_WITH_ROW_SPECIFIC_SOURCE_OR_PLANNING_INFERENCE,MATRIX_SCHEMA_AND_VALIDATOR_VOCABULARY_V1_0_REVISED_2026_08_04,TEXT,UTF-8 text; normalized repository paths only for path fields; semicolon-delimited identifiers where plural.,Founder-directed documentary revision; validator constants where controlled; source registers and matrix derivation where evidentiary.,GOVERNANCE_DOCUMENTATION_OWNER,"Generated from authoritative matrix rows, companion registers, source-state inspection, and reviewer finding adjudication; manually reviewed for semantic plausibility where stated in reports.","Blank means not located, not applicable, or not assigned only when the row carries an explanatory status/rationale field; path blanks must not be backfilled with prose.","Update on feature taxonomy change, source identity change, reviewer finding, Founder decision, validator vocabulary change, implementation verification, or package regeneration.",PLANNING_OR_GOVERNANCE_ANALYSIS_FIELD
Export or portability requirements,"Field-specific contract for Export or portability requirements: records the row-level export or portability requirements used by the documentary feature-to-governance matrix; it is not implementation, runtime, deployment, pilot, production, certification, or Founder approval evidence.",FREE_TEXT_OR_SEMICOLON_LIST_AS_APPLICABLE_WITH_ROW_SPECIFIC_SOURCE_OR_PLANNING_INFERENCE,MATRIX_SCHEMA_AND_VALIDATOR_VOCABULARY_V1_0_REVISED_2026_08_04,TEXT,UTF-8 text; normalized repository paths only for path fields; semicolon-delimited identifiers where plural.,Founder-directed documentary revision; validator constants where controlled; source registers and matrix derivation where evidentiary.,GOVERNANCE_DOCUMENTATION_OWNER,"Generated from authoritative matrix rows, companion registers, source-state inspection, and reviewer finding adjudication; manually reviewed for semantic plausibility where stated in reports.","Blank means not located, not applicable, or not assigned only when the row carries an explanatory status/rationale field; path blanks must not be backfilled with prose.","Update on feature taxonomy change, source identity change, reviewer finding, Founder decision, validator vocabulary change, implementation verification, or package regeneration.",PLANNING_OR_GOVERNANCE_ANALYSIS_FIELD
Derived-record implications,"Field-specific contract for Derived-record implications: records the row-level derived-record implications used by the documentary feature-to-governance matrix; it is not implementation, runtime, deployment, pilot, production, certification, or Founder approval evidence.",FREE_TEXT_OR_SEMICOLON_LIST_AS_APPLICABLE_WITH_ROW_SPECIFIC_SOURCE_OR_PLANNING_INFERENCE,MATRIX_SCHEMA_AND_VALIDATOR_VOCABULARY_V1_0_REVISED_2026_08_04,TEXT,UTF-8 text; normalized repository paths only for path fields; semicolon-delimited identifiers where plural.,Founder-directed documentary revision; validator constants where controlled; source registers and matrix derivation where evidentiary.,GOVERNANCE_DOCUMENTATION_OWNER,"Generated from authoritative matrix rows, companion registers, source-state inspection, and reviewer finding adjudication; manually reviewed for semantic plausibility where stated in reports.","Blank means not located, not applicable, or not assigned only when the row carries an explanatory status/rationale field; path blanks must not be backfilled with prose.","Update on feature taxonomy change, source identity change, reviewer finding, Founder decision, validator vocabulary change, implementation verification, or package regeneration.",PLANNING_OR_GOVERNANCE_ANALYSIS_FIELD
Permission owner,"Field-specific contract for Permission owner: records the row-level permission owner used by the documentary feature-to-governance matrix; it is not implementation, runtime, deployment, pilot, production, certification, or Founder approval evidence.",FREE_TEXT_OR_SEMICOLON_LIST_AS_APPLICABLE_WITH_ROW_SPECIFIC_SOURCE_OR_PLANNING_INFERENCE,MATRIX_SCHEMA_AND_VALIDATOR_VOCABULARY_V1_0_REVISED_2026_08_04,TEXT,UTF-8 text; normalized repository paths only for path fields; semicolon-delimited identifiers where plural.,Founder-directed documentary revision; validator constants where controlled; source registers and matrix derivation where evidentiary.,GOVERNANCE_DOCUMENTATION_OWNER,"Generated from authoritative matrix rows, companion registers, source-state inspection, and reviewer finding adjudication; manually reviewed for semantic plausibility where stated in reports.","Blank means not located, not applicable, or not assigned only when the row carries an explanatory status/rationale field; path blanks must not be backfilled with prose.","Update on feature taxonomy change, source identity change, reviewer finding, Founder decision, validator vocabulary change, implementation verification, or package regeneration.",PLANNING_OR_GOVERNANCE_ANALYSIS_FIELD
Required capability or authority basis,"Field-specific contract for Required capability or authority basis: records the row-level required capability or authority basis used by the documentary feature-to-governance matrix; it is not implementation, runtime, deployment, pilot, production, certification, or Founder approval evidence.",FREE_TEXT_OR_SEMICOLON_LIST_AS_APPLICABLE_WITH_ROW_SPECIFIC_SOURCE_OR_PLANNING_INFERENCE,MATRIX_SCHEMA_AND_VALIDATOR_VOCABULARY_V1_0_REVISED_2026_08_04,TEXT,UTF-8 text; normalized repository paths only for path fields; semicolon-delimited identifiers where plural.,Founder-directed documentary revision; validator constants where controlled; source registers and matrix derivation where evidentiary.,GOVERNANCE_DOCUMENTATION_OWNER,"Generated from authoritative matrix rows, companion registers, source-state inspection, and reviewer finding adjudication; manually reviewed for semantic plausibility where stated in reports.","Blank means not located, not applicable, or not assigned only when the row carries an explanatory status/rationale field; path blanks must not be backfilled with prose.","Update on feature taxonomy change, source identity change, reviewer finding, Founder decision, validator vocabulary change, implementation verification, or package regeneration.",PLANNING_OR_GOVERNANCE_ANALYSIS_FIELD
Safeguarding implications,"Field-specific contract for Safeguarding implications: records the row-level safeguarding implications used by the documentary feature-to-governance matrix; it is not implementation, runtime, deployment, pilot, production, certification, or Founder approval evidence.",FREE_TEXT_OR_SEMICOLON_LIST_AS_APPLICABLE_WITH_ROW_SPECIFIC_SOURCE_OR_PLANNING_INFERENCE,MATRIX_SCHEMA_AND_VALIDATOR_VOCABULARY_V1_0_REVISED_2026_08_04,TEXT,UTF-8 text; normalized repository paths only for path fields; semicolon-delimited identifiers where plural.,Founder-directed documentary revision; validator constants where controlled; source registers and matrix derivation where evidentiary.,GOVERNANCE_DOCUMENTATION_OWNER,"Generated from authoritative matrix rows, companion registers, source-state inspection, and reviewer finding adjudication; manually reviewed for semantic plausibility where stated in reports.","Blank means not located, not applicable, or not assigned only when the row carries an explanatory status/rationale field; path blanks must not be backfilled with prose.","Update on feature taxonomy change, source identity change, reviewer finding, Founder decision, validator vocabulary change, implementation verification, or package regeneration.",PLANNING_OR_GOVERNANCE_ANALYSIS_FIELD
Privacy implications,"Field-specific contract for Privacy implications: records the row-level privacy implications used by the documentary feature-to-governance matrix; it is not implementation, runtime, deployment, pilot, production, certification, or Founder approval evidence.",FREE_TEXT_OR_SEMICOLON_LIST_AS_APPLICABLE_WITH_ROW_SPECIFIC_SOURCE_OR_PLANNING_INFERENCE,MATRIX_SCHEMA_AND_VALIDATOR_VOCABULARY_V1_0_REVISED_2026_08_04,TEXT,UTF-8 text; normalized repository paths only for path fields; semicolon-delimited identifiers where plural.,Founder-directed documentary revision; validator constants where controlled; source registers and matrix derivation where evidentiary.,GOVERNANCE_DOCUMENTATION_OWNER,"Generated from authoritative matrix rows, companion registers, source-state inspection, and reviewer finding adjudication; manually reviewed for semantic plausibility where stated in reports.","Blank means not located, not applicable, or not assigned only when the row carries an explanatory status/rationale field; path blanks must not be backfilled with prose.","Update on feature taxonomy change, source identity change, reviewer finding, Founder decision, validator vocabulary change, implementation verification, or package regeneration.",PLANNING_OR_GOVERNANCE_ANALYSIS_FIELD
Security implications,"Field-specific contract for Security implications: records the row-level security implications used by the documentary feature-to-governance matrix; it is not implementation, runtime, deployment, pilot, production, certification, or Founder approval evidence.",FREE_TEXT_OR_SEMICOLON_LIST_AS_APPLICABLE_WITH_ROW_SPECIFIC_SOURCE_OR_PLANNING_INFERENCE,MATRIX_SCHEMA_AND_VALIDATOR_VOCABULARY_V1_0_REVISED_2026_08_04,TEXT,UTF-8 text; normalized repository paths only for path fields; semicolon-delimited identifiers where plural.,Founder-directed documentary revision; validator constants where controlled; source registers and matrix derivation where evidentiary.,GOVERNANCE_DOCUMENTATION_OWNER,"Generated from authoritative matrix rows, companion registers, source-state inspection, and reviewer finding adjudication; manually reviewed for semantic plausibility where stated in reports.","Blank means not located, not applicable, or not assigned only when the row carries an explanatory status/rationale field; path blanks must not be backfilled with prose.","Update on feature taxonomy change, source identity change, reviewer finding, Founder decision, validator vocabulary change, implementation verification, or package regeneration.",PLANNING_OR_GOVERNANCE_ANALYSIS_FIELD
Financial implications,"Field-specific contract for Financial implications: records the row-level financial implications used by the documentary feature-to-governance matrix; it is not implementation, runtime, deployment, pilot, production, certification, or Founder approval evidence.",FREE_TEXT_OR_SEMICOLON_LIST_AS_APPLICABLE_WITH_ROW_SPECIFIC_SOURCE_OR_PLANNING_INFERENCE,MATRIX_SCHEMA_AND_VALIDATOR_VOCABULARY_V1_0_REVISED_2026_08_04,TEXT,UTF-8 text; normalized repository paths only for path fields; semicolon-delimited identifiers where plural.,Founder-directed documentary revision; validator constants where controlled; source registers and matrix derivation where evidentiary.,GOVERNANCE_DOCUMENTATION_OWNER,"Generated from authoritative matrix rows, companion registers, source-state inspection, and reviewer finding adjudication; manually reviewed for semantic plausibility where stated in reports.","Blank means not located, not applicable, or not assigned only when the row carries an explanatory status/rationale field; path blanks must not be backfilled with prose.","Update on feature taxonomy change, source identity change, reviewer finding, Founder decision, validator vocabulary change, implementation verification, or package regeneration.",PLANNING_OR_GOVERNANCE_ANALYSIS_FIELD
Equine-health or welfare implications,"Field-specific contract for Equine-health or welfare implications: records the row-level equine-health or welfare implications used by the documentary feature-to-governance matrix; it is not implementation, runtime, deployment, pilot, production, certification, or Founder approval evidence.",FREE_TEXT_OR_SEMICOLON_LIST_AS_APPLICABLE_WITH_ROW_SPECIFIC_SOURCE_OR_PLANNING_INFERENCE,MATRIX_SCHEMA_AND_VALIDATOR_VOCABULARY_V1_0_REVISED_2026_08_04,TEXT,UTF-8 text; normalized repository paths only for path fields; semicolon-delimited identifiers where plural.,Founder-directed documentary revision; validator constants where controlled; source registers and matrix derivation where evidentiary.,GOVERNANCE_DOCUMENTATION_OWNER,"Generated from authoritative matrix rows, companion registers, source-state inspection, and reviewer finding adjudication; manually reviewed for semantic plausibility where stated in reports.","Blank means not located, not applicable, or not assigned only when the row carries an explanatory status/rationale field; path blanks must not be backfilled with prose.","Update on feature taxonomy change, source identity change, reviewer finding, Founder decision, validator vocabulary change, implementation verification, or package regeneration.",PLANNING_OR_GOVERNANCE_ANALYSIS_FIELD
Human-authority implications,"Field-specific contract for Human-authority implications: records the row-level human-authority implications used by the documentary feature-to-governance matrix; it is not implementation, runtime, deployment, pilot, production, certification, or Founder approval evidence.",FREE_TEXT_OR_SEMICOLON_LIST_AS_APPLICABLE_WITH_ROW_SPECIFIC_SOURCE_OR_PLANNING_INFERENCE,MATRIX_SCHEMA_AND_VALIDATOR_VOCABULARY_V1_0_REVISED_2026_08_04,TEXT,UTF-8 text; normalized repository paths only for path fields; semicolon-delimited identifiers where plural.,Founder-directed documentary revision; validator constants where controlled; source registers and matrix derivation where evidentiary.,GOVERNANCE_DOCUMENTATION_OWNER,"Generated from authoritative matrix rows, companion registers, source-state inspection, and reviewer finding adjudication; manually reviewed for semantic plausibility where stated in reports.","Blank means not located, not applicable, or not assigned only when the row carries an explanatory status/rationale field; path blanks must not be backfilled with prose.","Update on feature taxonomy change, source identity change, reviewer finding, Founder decision, validator vocabulary change, implementation verification, or package regeneration.",PLANNING_OR_GOVERNANCE_ANALYSIS_FIELD
AI implications,"Field-specific contract for AI implications: records the row-level ai implications used by the documentary feature-to-governance matrix; it is not implementation, runtime, deployment, pilot, production, certification, or Founder approval evidence.",FREE_TEXT_OR_SEMICOLON_LIST_AS_APPLICABLE_WITH_ROW_SPECIFIC_SOURCE_OR_PLANNING_INFERENCE,MATRIX_SCHEMA_AND_VALIDATOR_VOCABULARY_V1_0_REVISED_2026_08_04,TEXT,UTF-8 text; normalized repository paths only for path fields; semicolon-delimited identifiers where plural.,Founder-directed documentary revision; validator constants where controlled; source registers and matrix derivation where evidentiary.,GOVERNANCE_DOCUMENTATION_OWNER,"Generated from authoritative matrix rows, companion registers, source-state inspection, and reviewer finding adjudication; manually reviewed for semantic plausibility where stated in reports.","Blank means not located, not applicable, or not assigned only when the row carries an explanatory status/rationale field; path blanks must not be backfilled with prose.","Update on feature taxonomy change, source identity change, reviewer finding, Founder decision, validator vocabulary change, implementation verification, or package regeneration.",PLANNING_OR_GOVERNANCE_ANALYSIS_FIELD
Legal or external-obligation dependencies,"Field-specific contract for Legal or external-obligation dependencies: records the row-level legal or external-obligation dependencies used by the documentary feature-to-governance matrix; it is not implementation, runtime, deployment, pilot, production, certification, or Founder approval evidence.",FREE_TEXT_OR_SEMICOLON_LIST_AS_APPLICABLE_WITH_ROW_SPECIFIC_SOURCE_OR_PLANNING_INFERENCE,MATRIX_SCHEMA_AND_VALIDATOR_VOCABULARY_V1_0_REVISED_2026_08_04,SEMICOLON_LIST,UTF-8 text; normalized repository paths only for path fields; semicolon-delimited identifiers where plural.,Founder-directed documentary revision; validator constants where controlled; source registers and matrix derivation where evidentiary.,GOVERNANCE_DOCUMENTATION_OWNER,"Generated from authoritative matrix rows, companion registers, source-state inspection, and reviewer finding adjudication; manually reviewed for semantic plausibility where stated in reports.","Blank means not located, not applicable, or not assigned only when the row carries an explanatory status/rationale field; path blanks must not be backfilled with prose.","Update on feature taxonomy change, source identity change, reviewer finding, Founder decision, validator vocabulary change, implementation verification, or package regeneration.",PLANNING_OR_GOVERNANCE_ANALYSIS_FIELD
External providers,"Field-specific contract for External providers: records the row-level external providers used by the documentary feature-to-governance matrix; it is not implementation, runtime, deployment, pilot, production, certification, or Founder approval evidence.",FREE_TEXT_OR_SEMICOLON_LIST_AS_APPLICABLE_WITH_ROW_SPECIFIC_SOURCE_OR_PLANNING_INFERENCE,MATRIX_SCHEMA_AND_VALIDATOR_VOCABULARY_V1_0_REVISED_2026_08_04,TEXT,UTF-8 text; normalized repository paths only for path fields; semicolon-delimited identifiers where plural.,Founder-directed documentary revision; validator constants where controlled; source registers and matrix derivation where evidentiary.,GOVERNANCE_DOCUMENTATION_OWNER,"Generated from authoritative matrix rows, companion registers, source-state inspection, and reviewer finding adjudication; manually reviewed for semantic plausibility where stated in reports.","Blank means not located, not applicable, or not assigned only when the row carries an explanatory status/rationale field; path blanks must not be backfilled with prose.","Update on feature taxonomy change, source identity change, reviewer finding, Founder decision, validator vocabulary change, implementation verification, or package regeneration.",PLANNING_OR_GOVERNANCE_ANALYSIS_FIELD
Offline behavior,"Field-specific contract for Offline behavior: records the row-level offline behavior used by the documentary feature-to-governance matrix; it is not implementation, runtime, deployment, pilot, production, certification, or Founder approval evidence.",FREE_TEXT_OR_SEMICOLON_LIST_AS_APPLICABLE_WITH_ROW_SPECIFIC_SOURCE_OR_PLANNING_INFERENCE,MATRIX_SCHEMA_AND_VALIDATOR_VOCABULARY_V1_0_REVISED_2026_08_04,TEXT,UTF-8 text; normalized repository paths only for path fields; semicolon-delimited identifiers where plural.,Founder-directed documentary revision; validator constants where controlled; source registers and matrix derivation where evidentiary.,GOVERNANCE_DOCUMENTATION_OWNER,"Generated from authoritative matrix rows, companion registers, source-state inspection, and reviewer finding adjudication; manually reviewed for semantic plausibility where stated in reports.","Blank means not located, not applicable, or not assigned only when the row carries an explanatory status/rationale field; path blanks must not be backfilled with prose.","Update on feature taxonomy change, source identity change, reviewer finding, Founder decision, validator vocabulary change, implementation verification, or package regeneration.",PLANNING_OR_GOVERNANCE_ANALYSIS_FIELD
Synchronization behavior,"Field-specific contract for Synchronization behavior: records the row-level synchronization behavior used by the documentary feature-to-governance matrix; it is not implementation, runtime, deployment, pilot, production, certification, or Founder approval evidence.",FREE_TEXT_OR_SEMICOLON_LIST_AS_APPLICABLE_WITH_ROW_SPECIFIC_SOURCE_OR_PLANNING_INFERENCE,MATRIX_SCHEMA_AND_VALIDATOR_VOCABULARY_V1_0_REVISED_2026_08_04,TEXT,UTF-8 text; normalized repository paths only for path fields; semicolon-delimited identifiers where plural.,Founder-directed documentary revision; validator constants where controlled; source registers and matrix derivation where evidentiary.,GOVERNANCE_DOCUMENTATION_OWNER,"Generated from authoritative matrix rows, companion registers, source-state inspection, and reviewer finding adjudication; manually reviewed for semantic plausibility where stated in reports.","Blank means not located, not applicable, or not assigned only when the row carries an explanatory status/rationale field; path blanks must not be backfilled with prose.","Update on feature taxonomy change, source identity change, reviewer finding, Founder decision, validator vocabulary change, implementation verification, or package regeneration.",PLANNING_OR_GOVERNANCE_ANALYSIS_FIELD
Audit requirements,"Field-specific contract for Audit requirements: records the row-level audit requirements used by the documentary feature-to-governance matrix; it is not implementation, runtime, deployment, pilot, production, certification, or Founder approval evidence.",FREE_TEXT_OR_SEMICOLON_LIST_AS_APPLICABLE_WITH_ROW_SPECIFIC_SOURCE_OR_PLANNING_INFERENCE,MATRIX_SCHEMA_AND_VALIDATOR_VOCABULARY_V1_0_REVISED_2026_08_04,TEXT,UTF-8 text; normalized repository paths only for path fields; semicolon-delimited identifiers where plural.,Founder-directed documentary revision; validator constants where controlled; source registers and matrix derivation where evidentiary.,GOVERNANCE_DOCUMENTATION_OWNER,"Generated from authoritative matrix rows, companion registers, source-state inspection, and reviewer finding adjudication; manually reviewed for semantic plausibility where stated in reports.","Blank means not located, not applicable, or not assigned only when the row carries an explanatory status/rationale field; path blanks must not be backfilled with prose.","Update on feature taxonomy change, source identity change, reviewer finding, Founder decision, validator vocabulary change, implementation verification, or package regeneration.",PLANNING_OR_GOVERNANCE_ANALYSIS_FIELD
Notification requirements,"Field-specific contract for Notification requirements: records the row-level notification requirements used by the documentary feature-to-governance matrix; it is not implementation, runtime, deployment, pilot, production, certification, or Founder approval evidence.",FREE_TEXT_OR_SEMICOLON_LIST_AS_APPLICABLE_WITH_ROW_SPECIFIC_SOURCE_OR_PLANNING_INFERENCE,MATRIX_SCHEMA_AND_VALIDATOR_VOCABULARY_V1_0_REVISED_2026_08_04,TEXT,UTF-8 text; normalized repository paths only for path fields; semicolon-delimited identifiers where plural.,Founder-directed documentary revision; validator constants where controlled; source registers and matrix derivation where evidentiary.,GOVERNANCE_DOCUMENTATION_OWNER,"Generated from authoritative matrix rows, companion registers, source-state inspection, and reviewer finding adjudication; manually reviewed for semantic plausibility where stated in reports.","Blank means not located, not applicable, or not assigned only when the row carries an explanatory status/rationale field; path blanks must not be backfilled with prose.","Update on feature taxonomy change, source identity change, reviewer finding, Founder decision, validator vocabulary change, implementation verification, or package regeneration.",PLANNING_OR_GOVERNANCE_ANALYSIS_FIELD
Failure behavior,"Field-specific contract for Failure behavior: records the row-level failure behavior used by the documentary feature-to-governance matrix; it is not implementation, runtime, deployment, pilot, production, certification, or Founder approval evidence.",FREE_TEXT_OR_SEMICOLON_LIST_AS_APPLICABLE_WITH_ROW_SPECIFIC_SOURCE_OR_PLANNING_INFERENCE,MATRIX_SCHEMA_AND_VALIDATOR_VOCABULARY_V1_0_REVISED_2026_08_04,TEXT,UTF-8 text; normalized repository paths only for path fields; semicolon-delimited identifiers where plural.,Founder-directed documentary revision; validator constants where controlled; source registers and matrix derivation where evidentiary.,GOVERNANCE_DOCUMENTATION_OWNER,"Generated from authoritative matrix rows, companion registers, source-state inspection, and reviewer finding adjudication; manually reviewed for semantic plausibility where stated in reports.","Blank means not located, not applicable, or not assigned only when the row carries an explanatory status/rationale field; path blanks must not be backfilled with prose.","Update on feature taxonomy change, source identity change, reviewer finding, Founder decision, validator vocabulary change, implementation verification, or package regeneration.",PLANNING_OR_GOVERNANCE_ANALYSIS_FIELD
Recovery behavior,"Field-specific contract for Recovery behavior: records the row-level recovery behavior used by the documentary feature-to-governance matrix; it is not implementation, runtime, deployment, pilot, production, certification, or Founder approval evidence.",FREE_TEXT_OR_SEMICOLON_LIST_AS_APPLICABLE_WITH_ROW_SPECIFIC_SOURCE_OR_PLANNING_INFERENCE,MATRIX_SCHEMA_AND_VALIDATOR_VOCABULARY_V1_0_REVISED_2026_08_04,TEXT,UTF-8 text; normalized repository paths only for path fields; semicolon-delimited identifiers where plural.,Founder-directed documentary revision; validator constants where controlled; source registers and matrix derivation where evidentiary.,GOVERNANCE_DOCUMENTATION_OWNER,"Generated from authoritative matrix rows, companion registers, source-state inspection, and reviewer finding adjudication; manually reviewed for semantic plausibility where stated in reports.","Blank means not located, not applicable, or not assigned only when the row carries an explanatory status/rationale field; path blanks must not be backfilled with prose.","Update on feature taxonomy change, source identity change, reviewer finding, Founder decision, validator vocabulary change, implementation verification, or package regeneration.",PLANNING_OR_GOVERNANCE_ANALYSIS_FIELD
Frontend implementation,"Field-specific contract for Frontend implementation: records the row-level frontend implementation used by the documentary feature-to-governance matrix; it is not implementation, runtime, deployment, pilot, production, certification, or Founder approval evidence.",FREE_TEXT_OR_SEMICOLON_LIST_AS_APPLICABLE_WITH_ROW_SPECIFIC_SOURCE_OR_PLANNING_INFERENCE,MATRIX_SCHEMA_AND_VALIDATOR_VOCABULARY_V1_0_REVISED_2026_08_04,TEXT,UTF-8 text; normalized repository paths only for path fields; semicolon-delimited identifiers where plural.,Founder-directed documentary revision; validator constants where controlled; source registers and matrix derivation where evidentiary.,GOVERNANCE_DOCUMENTATION_OWNER,"Generated from authoritative matrix rows, companion registers, source-state inspection, and reviewer finding adjudication; manually reviewed for semantic plausibility where stated in reports.","Blank means not located, not applicable, or not assigned only when the row carries an explanatory status/rationale field; path blanks must not be backfilled with prose.","Update on feature taxonomy change, source identity change, reviewer finding, Founder decision, validator vocabulary change, implementation verification, or package regeneration.",PLANNING_OR_GOVERNANCE_ANALYSIS_FIELD
Backend implementation,"Field-specific contract for Backend implementation: records the row-level backend implementation used by the documentary feature-to-governance matrix; it is not implementation, runtime, deployment, pilot, production, certification, or Founder approval evidence.",FREE_TEXT_OR_SEMICOLON_LIST_AS_APPLICABLE_WITH_ROW_SPECIFIC_SOURCE_OR_PLANNING_INFERENCE,MATRIX_SCHEMA_AND_VALIDATOR_VOCABULARY_V1_0_REVISED_2026_08_04,TEXT,UTF-8 text; normalized repository paths only for path fields; semicolon-delimited identifiers where plural.,Founder-directed documentary revision; validator constants where controlled; source registers and matrix derivation where evidentiary.,GOVERNANCE_DOCUMENTATION_OWNER,"Generated from authoritative matrix rows, companion registers, source-state inspection, and reviewer finding adjudication; manually reviewed for semantic plausibility where stated in reports.","Blank means not located, not applicable, or not assigned only when the row carries an explanatory status/rationale field; path blanks must not be backfilled with prose.","Update on feature taxonomy change, source identity change, reviewer finding, Founder decision, validator vocabulary change, implementation verification, or package regeneration.",PLANNING_OR_GOVERNANCE_ANALYSIS_FIELD
Data-store implementation,"Field-specific contract for Data-store implementation: records the row-level data-store implementation used by the documentary feature-to-governance matrix; it is not implementation, runtime, deployment, pilot, production, certification, or Founder approval evidence.",FREE_TEXT_OR_SEMICOLON_LIST_AS_APPLICABLE_WITH_ROW_SPECIFIC_SOURCE_OR_PLANNING_INFERENCE,MATRIX_SCHEMA_AND_VALIDATOR_VOCABULARY_V1_0_REVISED_2026_08_04,TEXT,UTF-8 text; normalized repository paths only for path fields; semicolon-delimited identifiers where plural.,Founder-directed documentary revision; validator constants where controlled; source registers and matrix derivation where evidentiary.,GOVERNANCE_DOCUMENTATION_OWNER,"Generated from authoritative matrix rows, companion registers, source-state inspection, and reviewer finding adjudication; manually reviewed for semantic plausibility where stated in reports.","Blank means not located, not applicable, or not assigned only when the row carries an explanatory status/rationale field; path blanks must not be backfilled with prose.","Update on feature taxonomy change, source identity change, reviewer finding, Founder decision, validator vocabulary change, implementation verification, or package regeneration.",PLANNING_OR_GOVERNANCE_ANALYSIS_FIELD
Mobile implementation,"Field-specific contract for Mobile implementation: records the row-level mobile implementation used by the documentary feature-to-governance matrix; it is not implementation, runtime, deployment, pilot, production, certification, or Founder approval evidence.",FREE_TEXT_OR_SEMICOLON_LIST_AS_APPLICABLE_WITH_ROW_SPECIFIC_SOURCE_OR_PLANNING_INFERENCE,MATRIX_SCHEMA_AND_VALIDATOR_VOCABULARY_V1_0_REVISED_2026_08_04,TEXT,UTF-8 text; normalized repository paths only for path fields; semicolon-delimited identifiers where plural.,Founder-directed documentary revision; validator constants where controlled; source registers and matrix derivation where evidentiary.,GOVERNANCE_DOCUMENTATION_OWNER,"Generated from authoritative matrix rows, companion registers, source-state inspection, and reviewer finding adjudication; manually reviewed for semantic plausibility where stated in reports.","Blank means not located, not applicable, or not assigned only when the row carries an explanatory status/rationale field; path blanks must not be backfilled with prose.","Update on feature taxonomy change, source identity change, reviewer finding, Founder decision, validator vocabulary change, implementation verification, or package regeneration.",PLANNING_OR_GOVERNANCE_ANALYSIS_FIELD
Current implementation status,"Field-specific contract for Current implementation status: records the row-level current implementation status used by the documentary feature-to-governance matrix; it is not implementation, runtime, deployment, pilot, production, certification, or Founder approval evidence.",FREE_TEXT_OR_SEMICOLON_LIST_AS_APPLICABLE_WITH_ROW_SPECIFIC_SOURCE_OR_PLANNING_INFERENCE,MATRIX_SCHEMA_AND_VALIDATOR_VOCABULARY_V1_0_REVISED_2026_08_04,TEXT,UTF-8 text; normalized repository paths only for path fields; semicolon-delimited identifiers where plural.,Founder-directed documentary revision; validator constants where controlled; source registers and matrix derivation where evidentiary.,GOVERNANCE_DOCUMENTATION_OWNER,"Generated from authoritative matrix rows, companion registers, source-state inspection, and reviewer finding adjudication; manually reviewed for semantic plausibility where stated in reports.","Blank means not located, not applicable, or not assigned only when the row carries an explanatory status/rationale field; path blanks must not be backfilled with prose.","Update on feature taxonomy change, source identity change, reviewer finding, Founder decision, validator vocabulary change, implementation verification, or package regeneration.",PLANNING_OR_GOVERNANCE_ANALYSIS_FIELD
Current tests,"Field-specific contract for Current tests: records the row-level current tests used by the documentary feature-to-governance matrix; it is not implementation, runtime, deployment, pilot, production, certification, or Founder approval evidence.",FREE_TEXT_OR_SEMICOLON_LIST_AS_APPLICABLE_WITH_ROW_SPECIFIC_SOURCE_OR_PLANNING_INFERENCE,MATRIX_SCHEMA_AND_VALIDATOR_VOCABULARY_V1_0_REVISED_2026_08_04,TEXT,UTF-8 text; normalized repository paths only for path fields; semicolon-delimited identifiers where plural.,Founder-directed documentary revision; validator constants where controlled; source registers and matrix derivation where evidentiary.,GOVERNANCE_DOCUMENTATION_OWNER,"Generated from authoritative matrix rows, companion registers, source-state inspection, and reviewer finding adjudication; manually reviewed for semantic plausibility where stated in reports.","Blank means not located, not applicable, or not assigned only when the row carries an explanatory status/rationale field; path blanks must not be backfilled with prose.","Update on feature taxonomy change, source identity change, reviewer finding, Founder decision, validator vocabulary change, implementation verification, or package regeneration.",PLANNING_OR_GOVERNANCE_ANALYSIS_FIELD
Test execution status,"Field-specific contract for Test execution status: records the row-level test execution status used by the documentary feature-to-governance matrix; it is not implementation, runtime, deployment, pilot, production, certification, or Founder approval evidence.",FREE_TEXT_OR_SEMICOLON_LIST_AS_APPLICABLE_WITH_ROW_SPECIFIC_SOURCE_OR_PLANNING_INFERENCE,MATRIX_SCHEMA_AND_VALIDATOR_VOCABULARY_V1_0_REVISED_2026_08_04,TEXT,UTF-8 text; normalized repository paths only for path fields; semicolon-delimited identifiers where plural.,Founder-directed documentary revision; validator constants where controlled; source registers and matrix derivation where evidentiary.,GOVERNANCE_DOCUMENTATION_OWNER,"Generated from authoritative matrix rows, companion registers, source-state inspection, and reviewer finding adjudication; manually reviewed for semantic plausibility where stated in reports.","Blank means not located, not applicable, or not assigned only when the row carries an explanatory status/rationale field; path blanks must not be backfilled with prose.","Update on feature taxonomy change, source identity change, reviewer finding, Founder decision, validator vocabulary change, implementation verification, or package regeneration.",PLANNING_OR_GOVERNANCE_ANALYSIS_FIELD
Current evidence,"Field-specific contract for Current evidence: records the row-level current evidence used by the documentary feature-to-governance matrix; it is not implementation, runtime, deployment, pilot, production, certification, or Founder approval evidence.",FREE_TEXT_OR_SEMICOLON_LIST_AS_APPLICABLE_WITH_ROW_SPECIFIC_SOURCE_OR_PLANNING_INFERENCE,MATRIX_SCHEMA_AND_VALIDATOR_VOCABULARY_V1_0_REVISED_2026_08_04,TEXT,UTF-8 text; normalized repository paths only for path fields; semicolon-delimited identifiers where plural.,Founder-directed documentary revision; validator constants where controlled; source registers and matrix derivation where evidentiary.,GOVERNANCE_DOCUMENTATION_OWNER,"Generated from authoritative matrix rows, companion registers, source-state inspection, and reviewer finding adjudication; manually reviewed for semantic plausibility where stated in reports.","Blank means not located, not applicable, or not assigned only when the row carries an explanatory status/rationale field; path blanks must not be backfilled with prose.","Update on feature taxonomy change, source identity change, reviewer finding, Founder decision, validator vocabulary change, implementation verification, or package regeneration.",DERIVED_OR_EVIDENTIARY_FIELD
Evidence baseline or commit,"Field-specific contract for Evidence baseline or commit: records the row-level evidence baseline or commit used by the documentary feature-to-governance matrix; it is not implementation, runtime, deployment, pilot, production, certification, or Founder approval evidence.",FREE_TEXT_OR_SEMICOLON_LIST_AS_APPLICABLE_WITH_ROW_SPECIFIC_SOURCE_OR_PLANNING_INFERENCE,MATRIX_SCHEMA_AND_VALIDATOR_VOCABULARY_V1_0_REVISED_2026_08_04,TEXT,UTF-8 text; normalized repository paths only for path fields; semicolon-delimited identifiers where plural.,Founder-directed documentary revision; validator constants where controlled; source registers and matrix derivation where evidentiary.,GOVERNANCE_DOCUMENTATION_OWNER,"Generated from authoritative matrix rows, companion registers, source-state inspection, and reviewer finding adjudication; manually reviewed for semantic plausibility where stated in reports.","Blank means not located, not applicable, or not assigned only when the row carries an explanatory status/rationale field; path blanks must not be backfilled with prose.","Update on feature taxonomy change, source identity change, reviewer finding, Founder decision, validator vocabulary change, implementation verification, or package regeneration.",DERIVED_OR_EVIDENTIARY_FIELD
Known runtime or provider evidence,"Field-specific contract for Known runtime or provider evidence: records the row-level known runtime or provider evidence used by the documentary feature-to-governance matrix; it is not implementation, runtime, deployment, pilot, production, certification, or Founder approval evidence.",FREE_TEXT_OR_SEMICOLON_LIST_AS_APPLICABLE_WITH_ROW_SPECIFIC_SOURCE_OR_PLANNING_INFERENCE,MATRIX_SCHEMA_AND_VALIDATOR_VOCABULARY_V1_0_REVISED_2026_08_04,TEXT,UTF-8 text; normalized repository paths only for path fields; semicolon-delimited identifiers where plural.,Founder-directed documentary revision; validator constants where controlled; source registers and matrix derivation where evidentiary.,GOVERNANCE_DOCUMENTATION_OWNER,"Generated from authoritative matrix rows, companion registers, source-state inspection, and reviewer finding adjudication; manually reviewed for semantic plausibility where stated in reports.","Blank means not located, not applicable, or not assigned only when the row carries an explanatory status/rationale field; path blanks must not be backfilled with prose.","Update on feature taxonomy change, source identity change, reviewer finding, Founder decision, validator vocabulary change, implementation verification, or package regeneration.",DERIVED_OR_EVIDENTIARY_FIELD
Known UAT or pilot evidence,"Field-specific contract for Known UAT or pilot evidence: records the row-level known uat or pilot evidence used by the documentary feature-to-governance matrix; it is not implementation, runtime, deployment, pilot, production, certification, or Founder approval evidence.",FREE_TEXT_OR_SEMICOLON_LIST_AS_APPLICABLE_WITH_ROW_SPECIFIC_SOURCE_OR_PLANNING_INFERENCE,MATRIX_SCHEMA_AND_VALIDATOR_VOCABULARY_V1_0_REVISED_2026_08_04,TEXT,UTF-8 text; normalized repository paths only for path fields; semicolon-delimited identifiers where plural.,Founder-directed documentary revision; validator constants where controlled; source registers and matrix derivation where evidentiary.,GOVERNANCE_DOCUMENTATION_OWNER,"Generated from authoritative matrix rows, companion registers, source-state inspection, and reviewer finding adjudication; manually reviewed for semantic plausibility where stated in reports.","Blank means not located, not applicable, or not assigned only when the row carries an explanatory status/rationale field; path blanks must not be backfilled with prose.","Update on feature taxonomy change, source identity change, reviewer finding, Founder decision, validator vocabulary change, implementation verification, or package regeneration.",DERIVED_OR_EVIDENTIARY_FIELD
Governance coverage state,"Field-specific contract for Governance coverage state: records the row-level governance coverage state used by the documentary feature-to-governance matrix; it is not implementation, runtime, deployment, pilot, production, certification, or Founder approval evidence.",FULLY_COVERED;COVERED_WITH_RETAINED_GAP;PARTIALLY_COVERED;CONFLICTING_GOVERNANCE;SOURCE_IDENTITY_UNRESOLVED;NO_CLEAR_GOVERNANCE_OWNER;NEW_PIA_CANDIDATE;PIA_SUPPLEMENT_CANDIDATE;CODE_GUIDE_GAP;ADR_GAP;OPERATING_STANDARD_GAP;REGISTER_GAP;RUNBOOK_GAP;IMPLEMENTATION_ONLY_GAP;TESTING_ONLY_GAP;EVIDENCE_ONLY_GAP;OPERATIONS_ONLY_GAP;DEFERRED_CAPABILITY;OUT_OF_SCOPE,MATRIX_SCHEMA_AND_VALIDATOR_VOCABULARY_V1_0_REVISED_2026_08_04,TEXT_ENUM,FULLY_COVERED;COVERED_WITH_RETAINED_GAP;PARTIALLY_COVERED;CONFLICTING_GOVERNANCE;SOURCE_IDENTITY_UNRESOLVED;NO_CLEAR_GOVERNANCE_OWNER;NEW_PIA_CANDIDATE;PIA_SUPPLEMENT_CANDIDATE;CODE_GUIDE_GAP;ADR_GAP;OPERATING_STANDARD_GAP;REGISTER_GAP;RUNBOOK_GAP;IMPLEMENTATION_ONLY_GAP;TESTING_ONLY_GAP;EVIDENCE_ONLY_GAP;OPERATIONS_ONLY_GAP;DEFERRED_CAPABILITY;OUT_OF_SCOPE,Founder-directed documentary revision; validator constants where controlled; source registers and matrix derivation where evidentiary.,GOVERNANCE_DOCUMENTATION_OWNER,"Generated from authoritative matrix rows, companion registers, source-state inspection, and reviewer finding adjudication; manually reviewed for semantic plausibility where stated in reports.","Blank means not located, not applicable, or not assigned only when the row carries an explanatory status/rationale field; path blanks must not be backfilled with prose.","Update on feature taxonomy change, source identity change, reviewer finding, Founder decision, validator vocabulary change, implementation verification, or package regeneration.",PLANNING_OR_GOVERNANCE_ANALYSIS_FIELD
Open gaps,"Field-specific contract for Open gaps: records the row-level open gaps used by the documentary feature-to-governance matrix; it is not implementation, runtime, deployment, pilot, production, certification, or Founder approval evidence.",FREE_TEXT_OR_SEMICOLON_LIST_AS_APPLICABLE_WITH_ROW_SPECIFIC_SOURCE_OR_PLANNING_INFERENCE,MATRIX_SCHEMA_AND_VALIDATOR_VOCABULARY_V1_0_REVISED_2026_08_04,TEXT,UTF-8 text; normalized repository paths only for path fields; semicolon-delimited identifiers where plural.,Founder-directed documentary revision; validator constants where controlled; source registers and matrix derivation where evidentiary.,GOVERNANCE_DOCUMENTATION_OWNER,"Generated from authoritative matrix rows, companion registers, source-state inspection, and reviewer finding adjudication; manually reviewed for semantic plausibility where stated in reports.","Blank means not located, not applicable, or not assigned only when the row carries an explanatory status/rationale field; path blanks must not be backfilled with prose.","Update on feature taxonomy change, source identity change, reviewer finding, Founder decision, validator vocabulary change, implementation verification, or package regeneration.",PLANNING_OR_GOVERNANCE_ANALYSIS_FIELD
Gap classification,"Field-specific contract for Gap classification: records the row-level gap classification used by the documentary feature-to-governance matrix; it is not implementation, runtime, deployment, pilot, production, certification, or Founder approval evidence.",FREE_TEXT_OR_SEMICOLON_LIST_AS_APPLICABLE_WITH_ROW_SPECIFIC_SOURCE_OR_PLANNING_INFERENCE,MATRIX_SCHEMA_AND_VALIDATOR_VOCABULARY_V1_0_REVISED_2026_08_04,TEXT,UTF-8 text; normalized repository paths only for path fields; semicolon-delimited identifiers where plural.,Founder-directed documentary revision; validator constants where controlled; source registers and matrix derivation where evidentiary.,GOVERNANCE_DOCUMENTATION_OWNER,"Generated from authoritative matrix rows, companion registers, source-state inspection, and reviewer finding adjudication; manually reviewed for semantic plausibility where stated in reports.","Blank means not located, not applicable, or not assigned only when the row carries an explanatory status/rationale field; path blanks must not be backfilled with prose.","Update on feature taxonomy change, source identity change, reviewer finding, Founder decision, validator vocabulary change, implementation verification, or package regeneration.",PLANNING_OR_GOVERNANCE_ANALYSIS_FIELD
Gap severity,"Field-specific contract for Gap severity: records the row-level gap severity used by the documentary feature-to-governance matrix; it is not implementation, runtime, deployment, pilot, production, certification, or Founder approval evidence.",FREE_TEXT_OR_SEMICOLON_LIST_AS_APPLICABLE_WITH_ROW_SPECIFIC_SOURCE_OR_PLANNING_INFERENCE,MATRIX_SCHEMA_AND_VALIDATOR_VOCABULARY_V1_0_REVISED_2026_08_04,TEXT,UTF-8 text; normalized repository paths only for path fields; semicolon-delimited identifiers where plural.,Founder-directed documentary revision; validator constants where controlled; source registers and matrix derivation where evidentiary.,GOVERNANCE_DOCUMENTATION_OWNER,"Generated from authoritative matrix rows, companion registers, source-state inspection, and reviewer finding adjudication; manually reviewed for semantic plausibility where stated in reports.","Blank means not located, not applicable, or not assigned only when the row carries an explanatory status/rationale field; path blanks must not be backfilled with prose.","Update on feature taxonomy change, source identity change, reviewer finding, Founder decision, validator vocabulary change, implementation verification, or package regeneration.",PLANNING_OR_GOVERNANCE_ANALYSIS_FIELD
Required new document or supplement,"Field-specific contract for Required new document or supplement: records the row-level required new document or supplement used by the documentary feature-to-governance matrix; it is not implementation, runtime, deployment, pilot, production, certification, or Founder approval evidence.",FREE_TEXT_OR_SEMICOLON_LIST_AS_APPLICABLE_WITH_ROW_SPECIFIC_SOURCE_OR_PLANNING_INFERENCE,MATRIX_SCHEMA_AND_VALIDATOR_VOCABULARY_V1_0_REVISED_2026_08_04,TEXT,UTF-8 text; normalized repository paths only for path fields; semicolon-delimited identifiers where plural.,Founder-directed documentary revision; validator constants where controlled; source registers and matrix derivation where evidentiary.,GOVERNANCE_DOCUMENTATION_OWNER,"Generated from authoritative matrix rows, companion registers, source-state inspection, and reviewer finding adjudication; manually reviewed for semantic plausibility where stated in reports.","Blank means not located, not applicable, or not assigned only when the row carries an explanatory status/rationale field; path blanks must not be backfilled with prose.","Update on feature taxonomy change, source identity change, reviewer finding, Founder decision, validator vocabulary change, implementation verification, or package regeneration.",PLANNING_OR_GOVERNANCE_ANALYSIS_FIELD
Required implementation work,"Field-specific contract for Required implementation work: records the row-level required implementation work used by the documentary feature-to-governance matrix; it is not implementation, runtime, deployment, pilot, production, certification, or Founder approval evidence.",FREE_TEXT_OR_SEMICOLON_LIST_AS_APPLICABLE_WITH_ROW_SPECIFIC_SOURCE_OR_PLANNING_INFERENCE,MATRIX_SCHEMA_AND_VALIDATOR_VOCABULARY_V1_0_REVISED_2026_08_04,TEXT,UTF-8 text; normalized repository paths only for path fields; semicolon-delimited identifiers where plural.,Founder-directed documentary revision; validator constants where controlled; source registers and matrix derivation where evidentiary.,GOVERNANCE_DOCUMENTATION_OWNER,"Generated from authoritative matrix rows, companion registers, source-state inspection, and reviewer finding adjudication; manually reviewed for semantic plausibility where stated in reports.","Blank means not located, not applicable, or not assigned only when the row carries an explanatory status/rationale field; path blanks must not be backfilled with prose.","Update on feature taxonomy change, source identity change, reviewer finding, Founder decision, validator vocabulary change, implementation verification, or package regeneration.",PLANNING_OR_GOVERNANCE_ANALYSIS_FIELD
Required testing work,"Field-specific contract for Required testing work: records the row-level required testing work used by the documentary feature-to-governance matrix; it is not implementation, runtime, deployment, pilot, production, certification, or Founder approval evidence.",FREE_TEXT_OR_SEMICOLON_LIST_AS_APPLICABLE_WITH_ROW_SPECIFIC_SOURCE_OR_PLANNING_INFERENCE,MATRIX_SCHEMA_AND_VALIDATOR_VOCABULARY_V1_0_REVISED_2026_08_04,TEXT,UTF-8 text; normalized repository paths only for path fields; semicolon-delimited identifiers where plural.,Founder-directed documentary revision; validator constants where controlled; source registers and matrix derivation where evidentiary.,GOVERNANCE_DOCUMENTATION_OWNER,"Generated from authoritative matrix rows, companion registers, source-state inspection, and reviewer finding adjudication; manually reviewed for semantic plausibility where stated in reports.","Blank means not located, not applicable, or not assigned only when the row carries an explanatory status/rationale field; path blanks must not be backfilled with prose.","Update on feature taxonomy change, source identity change, reviewer finding, Founder decision, validator vocabulary change, implementation verification, or package regeneration.",PLANNING_OR_GOVERNANCE_ANALYSIS_FIELD
Required operational work,"Field-specific contract for Required operational work: records the row-level required operational work used by the documentary feature-to-governance matrix; it is not implementation, runtime, deployment, pilot, production, certification, or Founder approval evidence.",FREE_TEXT_OR_SEMICOLON_LIST_AS_APPLICABLE_WITH_ROW_SPECIFIC_SOURCE_OR_PLANNING_INFERENCE,MATRIX_SCHEMA_AND_VALIDATOR_VOCABULARY_V1_0_REVISED_2026_08_04,TEXT,UTF-8 text; normalized repository paths only for path fields; semicolon-delimited identifiers where plural.,Founder-directed documentary revision; validator constants where controlled; source registers and matrix derivation where evidentiary.,GOVERNANCE_DOCUMENTATION_OWNER,"Generated from authoritative matrix rows, companion registers, source-state inspection, and reviewer finding adjudication; manually reviewed for semantic plausibility where stated in reports.","Blank means not located, not applicable, or not assigned only when the row carries an explanatory status/rationale field; path blanks must not be backfilled with prose.","Update on feature taxonomy change, source identity change, reviewer finding, Founder decision, validator vocabulary change, implementation verification, or package regeneration.",PLANNING_OR_GOVERNANCE_ANALYSIS_FIELD
Required evidence work,"Field-specific contract for Required evidence work: records the row-level required evidence work used by the documentary feature-to-governance matrix; it is not implementation, runtime, deployment, pilot, production, certification, or Founder approval evidence.",FREE_TEXT_OR_SEMICOLON_LIST_AS_APPLICABLE_WITH_ROW_SPECIFIC_SOURCE_OR_PLANNING_INFERENCE,MATRIX_SCHEMA_AND_VALIDATOR_VOCABULARY_V1_0_REVISED_2026_08_04,TEXT,UTF-8 text; normalized repository paths only for path fields; semicolon-delimited identifiers where plural.,Founder-directed documentary revision; validator constants where controlled; source registers and matrix derivation where evidentiary.,GOVERNANCE_DOCUMENTATION_OWNER,"Generated from authoritative matrix rows, companion registers, source-state inspection, and reviewer finding adjudication; manually reviewed for semantic plausibility where stated in reports.","Blank means not located, not applicable, or not assigned only when the row carries an explanatory status/rationale field; path blanks must not be backfilled with prose.","Update on feature taxonomy change, source identity change, reviewer finding, Founder decision, validator vocabulary change, implementation verification, or package regeneration.",DERIVED_OR_EVIDENTIARY_FIELD
Recommended owner,"Field-specific contract for Recommended owner: records the row-level recommended owner used by the documentary feature-to-governance matrix; it is not implementation, runtime, deployment, pilot, production, certification, or Founder approval evidence.",FREE_TEXT_OR_SEMICOLON_LIST_AS_APPLICABLE_WITH_ROW_SPECIFIC_SOURCE_OR_PLANNING_INFERENCE,MATRIX_SCHEMA_AND_VALIDATOR_VOCABULARY_V1_0_REVISED_2026_08_04,TEXT,UTF-8 text; normalized repository paths only for path fields; semicolon-delimited identifiers where plural.,Founder-directed documentary revision; validator constants where controlled; source registers and matrix derivation where evidentiary.,GOVERNANCE_DOCUMENTATION_OWNER,"Generated from authoritative matrix rows, companion registers, source-state inspection, and reviewer finding adjudication; manually reviewed for semantic plausibility where stated in reports.","Blank means not located, not applicable, or not assigned only when the row carries an explanatory status/rationale field; path blanks must not be backfilled with prose.","Update on feature taxonomy change, source identity change, reviewer finding, Founder decision, validator vocabulary change, implementation verification, or package regeneration.",PLANNING_OR_GOVERNANCE_ANALYSIS_FIELD
Final disposition,"Field-specific contract for Final disposition: records the row-level final disposition used by the documentary feature-to-governance matrix; it is not implementation, runtime, deployment, pilot, production, certification, or Founder approval evidence.",FREE_TEXT_OR_SEMICOLON_LIST_AS_APPLICABLE_WITH_ROW_SPECIFIC_SOURCE_OR_PLANNING_INFERENCE,MATRIX_SCHEMA_AND_VALIDATOR_VOCABULARY_V1_0_REVISED_2026_08_04,TEXT,UTF-8 text; normalized repository paths only for path fields; semicolon-delimited identifiers where plural.,Founder-directed documentary revision; validator constants where controlled; source registers and matrix derivation where evidentiary.,GOVERNANCE_DOCUMENTATION_OWNER,"Generated from authoritative matrix rows, companion registers, source-state inspection, and reviewer finding adjudication; manually reviewed for semantic plausibility where stated in reports.","Blank means not located, not applicable, or not assigned only when the row carries an explanatory status/rationale field; path blanks must not be backfilled with prose.","Update on feature taxonomy change, source identity change, reviewer finding, Founder decision, validator vocabulary change, implementation verification, or package regeneration.",PLANNING_OR_GOVERNANCE_ANALYSIS_FIELD
Founder decision required,"Field-specific contract for Founder decision required: records the row-level founder decision required used by the documentary feature-to-governance matrix; it is not implementation, runtime, deployment, pilot, production, certification, or Founder approval evidence.",FREE_TEXT_OR_SEMICOLON_LIST_AS_APPLICABLE_WITH_ROW_SPECIFIC_SOURCE_OR_PLANNING_INFERENCE,MATRIX_SCHEMA_AND_VALIDATOR_VOCABULARY_V1_0_REVISED_2026_08_04,TEXT,UTF-8 text; normalized repository paths only for path fields; semicolon-delimited identifiers where plural.,Founder-directed documentary revision; validator constants where controlled; source registers and matrix derivation where evidentiary.,GOVERNANCE_DOCUMENTATION_OWNER,"Generated from authoritative matrix rows, companion registers, source-state inspection, and reviewer finding adjudication; manually reviewed for semantic plausibility where stated in reports.","Blank means not located, not applicable, or not assigned only when the row carries an explanatory status/rationale field; path blanks must not be backfilled with prose.","Update on feature taxonomy change, source identity change, reviewer finding, Founder decision, validator vocabulary change, implementation verification, or package regeneration.",PLANNING_OR_GOVERNANCE_ANALYSIS_FIELD
Closure criteria,"Field-specific contract for Closure criteria: records the row-level closure criteria used by the documentary feature-to-governance matrix; it is not implementation, runtime, deployment, pilot, production, certification, or Founder approval evidence.",FREE_TEXT_OR_SEMICOLON_LIST_AS_APPLICABLE_WITH_ROW_SPECIFIC_SOURCE_OR_PLANNING_INFERENCE,MATRIX_SCHEMA_AND_VALIDATOR_VOCABULARY_V1_0_REVISED_2026_08_04,TEXT,UTF-8 text; normalized repository paths only for path fields; semicolon-delimited identifiers where plural.,Founder-directed documentary revision; validator constants where controlled; source registers and matrix derivation where evidentiary.,GOVERNANCE_DOCUMENTATION_OWNER,"Generated from authoritative matrix rows, companion registers, source-state inspection, and reviewer finding adjudication; manually reviewed for semantic plausibility where stated in reports.","Blank means not located, not applicable, or not assigned only when the row carries an explanatory status/rationale field; path blanks must not be backfilled with prose.","Update on feature taxonomy change, source identity change, reviewer finding, Founder decision, validator vocabulary change, implementation verification, or package regeneration.",PLANNING_OR_GOVERNANCE_ANALYSIS_FIELD
Source IDs,"Field-specific contract for Source IDs: records the row-level source ids used by the documentary feature-to-governance matrix; it is not implementation, runtime, deployment, pilot, production, certification, or Founder approval evidence.",FREE_TEXT_OR_SEMICOLON_LIST_AS_APPLICABLE_WITH_ROW_SPECIFIC_SOURCE_OR_PLANNING_INFERENCE,MATRIX_SCHEMA_AND_VALIDATOR_VOCABULARY_V1_0_REVISED_2026_08_04,SEMICOLON_LIST,UTF-8 text; normalized repository paths only for path fields; semicolon-delimited identifiers where plural.,Founder-directed documentary revision; validator constants where controlled; source registers and matrix derivation where evidentiary.,GOVERNANCE_DOCUMENTATION_OWNER,"Generated from authoritative matrix rows, companion registers, source-state inspection, and reviewer finding adjudication; manually reviewed for semantic plausibility where stated in reports.","Blank means not located, not applicable, or not assigned only when the row carries an explanatory status/rationale field; path blanks must not be backfilled with prose.","Update on feature taxonomy change, source identity change, reviewer finding, Founder decision, validator vocabulary change, implementation verification, or package regeneration.",DERIVED_OR_EVIDENTIARY_FIELD
PIA_COVERAGE_STATE,"Field-specific contract for PIA_COVERAGE_STATE: records the row-level pia coverage state used by the documentary feature-to-governance matrix; it is not implementation, runtime, deployment, pilot, production, certification, or Founder approval evidence.",FREE_TEXT_OR_SEMICOLON_LIST_AS_APPLICABLE_WITH_ROW_SPECIFIC_SOURCE_OR_PLANNING_INFERENCE,MATRIX_SCHEMA_AND_VALIDATOR_VOCABULARY_V1_0_REVISED_2026_08_04,TEXT,UTF-8 text; normalized repository paths only for path fields; semicolon-delimited identifiers where plural.,Founder-directed documentary revision; validator constants where controlled; source registers and matrix derivation where evidentiary.,GOVERNANCE_DOCUMENTATION_OWNER,"Generated from authoritative matrix rows, companion registers, source-state inspection, and reviewer finding adjudication; manually reviewed for semantic plausibility where stated in reports.","Blank means not located, not applicable, or not assigned only when the row carries an explanatory status/rationale field; path blanks must not be backfilled with prose.","Update on feature taxonomy change, source identity change, reviewer finding, Founder decision, validator vocabulary change, implementation verification, or package regeneration.",PLANNING_OR_GOVERNANCE_ANALYSIS_FIELD
CODE_GUIDE_COVERAGE_STATE,"Field-specific contract for CODE_GUIDE_COVERAGE_STATE: records the row-level code guide coverage state used by the documentary feature-to-governance matrix; it is not implementation, runtime, deployment, pilot, production, certification, or Founder approval evidence.",FREE_TEXT_OR_SEMICOLON_LIST_AS_APPLICABLE_WITH_ROW_SPECIFIC_SOURCE_OR_PLANNING_INFERENCE,MATRIX_SCHEMA_AND_VALIDATOR_VOCABULARY_V1_0_REVISED_2026_08_04,TEXT,UTF-8 text; normalized repository paths only for path fields; semicolon-delimited identifiers where plural.,Founder-directed documentary revision; validator constants where controlled; source registers and matrix derivation where evidentiary.,GOVERNANCE_DOCUMENTATION_OWNER,"Generated from authoritative matrix rows, companion registers, source-state inspection, and reviewer finding adjudication; manually reviewed for semantic plausibility where stated in reports.","Blank means not located, not applicable, or not assigned only when the row carries an explanatory status/rationale field; path blanks must not be backfilled with prose.","Update on feature taxonomy change, source identity change, reviewer finding, Founder decision, validator vocabulary change, implementation verification, or package regeneration.",PLANNING_OR_GOVERNANCE_ANALYSIS_FIELD
ADR_COVERAGE_STATE,"Field-specific contract for ADR_COVERAGE_STATE: records the row-level adr coverage state used by the documentary feature-to-governance matrix; it is not implementation, runtime, deployment, pilot, production, certification, or Founder approval evidence.",FREE_TEXT_OR_SEMICOLON_LIST_AS_APPLICABLE_WITH_ROW_SPECIFIC_SOURCE_OR_PLANNING_INFERENCE,MATRIX_SCHEMA_AND_VALIDATOR_VOCABULARY_V1_0_REVISED_2026_08_04,TEXT,UTF-8 text; normalized repository paths only for path fields; semicolon-delimited identifiers where plural.,Founder-directed documentary revision; validator constants where controlled; source registers and matrix derivation where evidentiary.,GOVERNANCE_DOCUMENTATION_OWNER,"Generated from authoritative matrix rows, companion registers, source-state inspection, and reviewer finding adjudication; manually reviewed for semantic plausibility where stated in reports.","Blank means not located, not applicable, or not assigned only when the row carries an explanatory status/rationale field; path blanks must not be backfilled with prose.","Update on feature taxonomy change, source identity change, reviewer finding, Founder decision, validator vocabulary change, implementation verification, or package regeneration.",PLANNING_OR_GOVERNANCE_ANALYSIS_FIELD
OPERATING_STANDARD_COVERAGE_STATE,"Field-specific contract for OPERATING_STANDARD_COVERAGE_STATE: records the row-level operating standard coverage state used by the documentary feature-to-governance matrix; it is not implementation, runtime, deployment, pilot, production, certification, or Founder approval evidence.",FREE_TEXT_OR_SEMICOLON_LIST_AS_APPLICABLE_WITH_ROW_SPECIFIC_SOURCE_OR_PLANNING_INFERENCE,MATRIX_SCHEMA_AND_VALIDATOR_VOCABULARY_V1_0_REVISED_2026_08_04,TEXT,UTF-8 text; normalized repository paths only for path fields; semicolon-delimited identifiers where plural.,Founder-directed documentary revision; validator constants where controlled; source registers and matrix derivation where evidentiary.,GOVERNANCE_DOCUMENTATION_OWNER,"Generated from authoritative matrix rows, companion registers, source-state inspection, and reviewer finding adjudication; manually reviewed for semantic plausibility where stated in reports.","Blank means not located, not applicable, or not assigned only when the row carries an explanatory status/rationale field; path blanks must not be backfilled with prose.","Update on feature taxonomy change, source identity change, reviewer finding, Founder decision, validator vocabulary change, implementation verification, or package regeneration.",PLANNING_OR_GOVERNANCE_ANALYSIS_FIELD
RUNBOOK_COVERAGE_STATE,"Field-specific contract for RUNBOOK_COVERAGE_STATE: records the row-level runbook coverage state used by the documentary feature-to-governance matrix; it is not implementation, runtime, deployment, pilot, production, certification, or Founder approval evidence.",FREE_TEXT_OR_SEMICOLON_LIST_AS_APPLICABLE_WITH_ROW_SPECIFIC_SOURCE_OR_PLANNING_INFERENCE,MATRIX_SCHEMA_AND_VALIDATOR_VOCABULARY_V1_0_REVISED_2026_08_04,TEXT,UTF-8 text; normalized repository paths only for path fields; semicolon-delimited identifiers where plural.,Founder-directed documentary revision; validator constants where controlled; source registers and matrix derivation where evidentiary.,GOVERNANCE_DOCUMENTATION_OWNER,"Generated from authoritative matrix rows, companion registers, source-state inspection, and reviewer finding adjudication; manually reviewed for semantic plausibility where stated in reports.","Blank means not located, not applicable, or not assigned only when the row carries an explanatory status/rationale field; path blanks must not be backfilled with prose.","Update on feature taxonomy change, source identity change, reviewer finding, Founder decision, validator vocabulary change, implementation verification, or package regeneration.",PLANNING_OR_GOVERNANCE_ANALYSIS_FIELD
AI_GOVERNANCE_COVERAGE_STATE,"Field-specific contract for AI_GOVERNANCE_COVERAGE_STATE: records the row-level ai governance coverage state used by the documentary feature-to-governance matrix; it is not implementation, runtime, deployment, pilot, production, certification, or Founder approval evidence.",FREE_TEXT_OR_SEMICOLON_LIST_AS_APPLICABLE_WITH_ROW_SPECIFIC_SOURCE_OR_PLANNING_INFERENCE,MATRIX_SCHEMA_AND_VALIDATOR_VOCABULARY_V1_0_REVISED_2026_08_04,TEXT,UTF-8 text; normalized repository paths only for path fields; semicolon-delimited identifiers where plural.,Founder-directed documentary revision; validator constants where controlled; source registers and matrix derivation where evidentiary.,GOVERNANCE_DOCUMENTATION_OWNER,"Generated from authoritative matrix rows, companion registers, source-state inspection, and reviewer finding adjudication; manually reviewed for semantic plausibility where stated in reports.","Blank means not located, not applicable, or not assigned only when the row carries an explanatory status/rationale field; path blanks must not be backfilled with prose.","Update on feature taxonomy change, source identity change, reviewer finding, Founder decision, validator vocabulary change, implementation verification, or package regeneration.",PLANNING_OR_GOVERNANCE_ANALYSIS_FIELD
SAFEGUARDING_COVERAGE_STATE,"Field-specific contract for SAFEGUARDING_COVERAGE_STATE: records the row-level safeguarding coverage state used by the documentary feature-to-governance matrix; it is not implementation, runtime, deployment, pilot, production, certification, or Founder approval evidence.",FREE_TEXT_OR_SEMICOLON_LIST_AS_APPLICABLE_WITH_ROW_SPECIFIC_SOURCE_OR_PLANNING_INFERENCE,MATRIX_SCHEMA_AND_VALIDATOR_VOCABULARY_V1_0_REVISED_2026_08_04,TEXT,UTF-8 text; normalized repository paths only for path fields; semicolon-delimited identifiers where plural.,Founder-directed documentary revision; validator constants where controlled; source registers and matrix derivation where evidentiary.,GOVERNANCE_DOCUMENTATION_OWNER,"Generated from authoritative matrix rows, companion registers, source-state inspection, and reviewer finding adjudication; manually reviewed for semantic plausibility where stated in reports.","Blank means not located, not applicable, or not assigned only when the row carries an explanatory status/rationale field; path blanks must not be backfilled with prose.","Update on feature taxonomy change, source identity change, reviewer finding, Founder decision, validator vocabulary change, implementation verification, or package regeneration.",PLANNING_OR_GOVERNANCE_ANALYSIS_FIELD
PRIVACY_COVERAGE_STATE,"Field-specific contract for PRIVACY_COVERAGE_STATE: records the row-level privacy coverage state used by the documentary feature-to-governance matrix; it is not implementation, runtime, deployment, pilot, production, certification, or Founder approval evidence.",FREE_TEXT_OR_SEMICOLON_LIST_AS_APPLICABLE_WITH_ROW_SPECIFIC_SOURCE_OR_PLANNING_INFERENCE,MATRIX_SCHEMA_AND_VALIDATOR_VOCABULARY_V1_0_REVISED_2026_08_04,TEXT,UTF-8 text; normalized repository paths only for path fields; semicolon-delimited identifiers where plural.,Founder-directed documentary revision; validator constants where controlled; source registers and matrix derivation where evidentiary.,GOVERNANCE_DOCUMENTATION_OWNER,"Generated from authoritative matrix rows, companion registers, source-state inspection, and reviewer finding adjudication; manually reviewed for semantic plausibility where stated in reports.","Blank means not located, not applicable, or not assigned only when the row carries an explanatory status/rationale field; path blanks must not be backfilled with prose.","Update on feature taxonomy change, source identity change, reviewer finding, Founder decision, validator vocabulary change, implementation verification, or package regeneration.",PLANNING_OR_GOVERNANCE_ANALYSIS_FIELD
REPORTING_COVERAGE_STATE,"Field-specific contract for REPORTING_COVERAGE_STATE: records the row-level reporting coverage state used by the documentary feature-to-governance matrix; it is not implementation, runtime, deployment, pilot, production, certification, or Founder approval evidence.",FREE_TEXT_OR_SEMICOLON_LIST_AS_APPLICABLE_WITH_ROW_SPECIFIC_SOURCE_OR_PLANNING_INFERENCE,MATRIX_SCHEMA_AND_VALIDATOR_VOCABULARY_V1_0_REVISED_2026_08_04,TEXT,UTF-8 text; normalized repository paths only for path fields; semicolon-delimited identifiers where plural.,Founder-directed documentary revision; validator constants where controlled; source registers and matrix derivation where evidentiary.,GOVERNANCE_DOCUMENTATION_OWNER,"Generated from authoritative matrix rows, companion registers, source-state inspection, and reviewer finding adjudication; manually reviewed for semantic plausibility where stated in reports.","Blank means not located, not applicable, or not assigned only when the row carries an explanatory status/rationale field; path blanks must not be backfilled with prose.","Update on feature taxonomy change, source identity change, reviewer finding, Founder decision, validator vocabulary change, implementation verification, or package regeneration.",PLANNING_OR_GOVERNANCE_ANALYSIS_FIELD
GOVERNANCE_READINESS_SCORE,"Field-specific contract for GOVERNANCE_READINESS_SCORE: records the row-level governance readiness score used by the documentary feature-to-governance matrix; it is not implementation, runtime, deployment, pilot, production, certification, or Founder approval evidence.",FREE_TEXT_OR_SEMICOLON_LIST_AS_APPLICABLE_WITH_ROW_SPECIFIC_SOURCE_OR_PLANNING_INFERENCE,MATRIX_SCHEMA_AND_VALIDATOR_VOCABULARY_V1_0_REVISED_2026_08_04,INTEGER,UTF-8 text; normalized repository paths only for path fields; semicolon-delimited identifiers where plural.,Founder-directed documentary revision; validator constants where controlled; source registers and matrix derivation where evidentiary.,GOVERNANCE_DOCUMENTATION_OWNER,"Generated from authoritative matrix rows, companion registers, source-state inspection, and reviewer finding adjudication; manually reviewed for semantic plausibility where stated in reports.","Blank means not located, not applicable, or not assigned only when the row carries an explanatory status/rationale field; path blanks must not be backfilled with prose.","Update on feature taxonomy change, source identity change, reviewer finding, Founder decision, validator vocabulary change, implementation verification, or package regeneration.",PLANNING_OR_GOVERNANCE_ANALYSIS_FIELD
GOVERNANCE_READINESS_BAND,"Field-specific contract for GOVERNANCE_READINESS_BAND: records the row-level governance readiness band used by the documentary feature-to-governance matrix; it is not implementation, runtime, deployment, pilot, production, certification, or Founder approval evidence.",CRITICAL_GOVERNANCE_GAP;LOW_READINESS;PARTIAL_READINESS;HIGH_READINESS_WITH_RETAINED_GAPS;GOVERNANCE_READY,MATRIX_SCHEMA_AND_VALIDATOR_VOCABULARY_V1_0_REVISED_2026_08_04,TEXT_ENUM,CRITICAL_GOVERNANCE_GAP;LOW_READINESS;PARTIAL_READINESS;HIGH_READINESS_WITH_RETAINED_GAPS;GOVERNANCE_READY,Founder-directed documentary revision; validator constants where controlled; source registers and matrix derivation where evidentiary.,GOVERNANCE_DOCUMENTATION_OWNER,"Generated from authoritative matrix rows, companion registers, source-state inspection, and reviewer finding adjudication; manually reviewed for semantic plausibility where stated in reports.","Blank means not located, not applicable, or not assigned only when the row carries an explanatory status/rationale field; path blanks must not be backfilled with prose.","Update on feature taxonomy change, source identity change, reviewer finding, Founder decision, validator vocabulary change, implementation verification, or package regeneration.",PLANNING_OR_GOVERNANCE_ANALYSIS_FIELD
RISK_SEVERITY,"Field-specific contract for RISK_SEVERITY: records the row-level risk severity used by the documentary feature-to-governance matrix; it is not implementation, runtime, deployment, pilot, production, certification, or Founder approval evidence.",LOW;MEDIUM;HIGH;CRITICAL,MATRIX_SCHEMA_AND_VALIDATOR_VOCABULARY_V1_0_REVISED_2026_08_04,TEXT_ENUM,LOW;MEDIUM;HIGH;CRITICAL,Founder-directed documentary revision; validator constants where controlled; source registers and matrix derivation where evidentiary.,GOVERNANCE_DOCUMENTATION_OWNER,"Generated from authoritative matrix rows, companion registers, source-state inspection, and reviewer finding adjudication; manually reviewed for semantic plausibility where stated in reports.","Blank means not located, not applicable, or not assigned only when the row carries an explanatory status/rationale field; path blanks must not be backfilled with prose.","Update on feature taxonomy change, source identity change, reviewer finding, Founder decision, validator vocabulary change, implementation verification, or package regeneration.",PLANNING_OR_GOVERNANCE_ANALYSIS_FIELD
RISK_LIKELIHOOD,"Field-specific contract for RISK_LIKELIHOOD: records the row-level risk likelihood used by the documentary feature-to-governance matrix; it is not implementation, runtime, deployment, pilot, production, certification, or Founder approval evidence.",RARE;UNLIKELY;POSSIBLE;LIKELY,MATRIX_SCHEMA_AND_VALIDATOR_VOCABULARY_V1_0_REVISED_2026_08_04,TEXT_ENUM,RARE;UNLIKELY;POSSIBLE;LIKELY,Founder-directed documentary revision; validator constants where controlled; source registers and matrix derivation where evidentiary.,GOVERNANCE_DOCUMENTATION_OWNER,"Generated from authoritative matrix rows, companion registers, source-state inspection, and reviewer finding adjudication; manually reviewed for semantic plausibility where stated in reports.","Blank means not located, not applicable, or not assigned only when the row carries an explanatory status/rationale field; path blanks must not be backfilled with prose.","Update on feature taxonomy change, source identity change, reviewer finding, Founder decision, validator vocabulary change, implementation verification, or package regeneration.",PLANNING_OR_GOVERNANCE_ANALYSIS_FIELD
RISK_SCORE,"Field-specific contract for RISK_SCORE: records the row-level risk score used by the documentary feature-to-governance matrix; it is not implementation, runtime, deployment, pilot, production, certification, or Founder approval evidence.",FREE_TEXT_OR_SEMICOLON_LIST_AS_APPLICABLE_WITH_ROW_SPECIFIC_SOURCE_OR_PLANNING_INFERENCE,MATRIX_SCHEMA_AND_VALIDATOR_VOCABULARY_V1_0_REVISED_2026_08_04,INTEGER,UTF-8 text; normalized repository paths only for path fields; semicolon-delimited identifiers where plural.,Founder-directed documentary revision; validator constants where controlled; source registers and matrix derivation where evidentiary.,GOVERNANCE_DOCUMENTATION_OWNER,"Generated from authoritative matrix rows, companion registers, source-state inspection, and reviewer finding adjudication; manually reviewed for semantic plausibility where stated in reports.","Blank means not located, not applicable, or not assigned only when the row carries an explanatory status/rationale field; path blanks must not be backfilled with prose.","Update on feature taxonomy change, source identity change, reviewer finding, Founder decision, validator vocabulary change, implementation verification, or package regeneration.",PLANNING_OR_GOVERNANCE_ANALYSIS_FIELD
DELIVERY_PRIORITY,"Field-specific contract for DELIVERY_PRIORITY: records the row-level delivery priority used by the documentary feature-to-governance matrix; it is not implementation, runtime, deployment, pilot, production, certification, or Founder approval evidence.",FREE_TEXT_OR_SEMICOLON_LIST_AS_APPLICABLE_WITH_ROW_SPECIFIC_SOURCE_OR_PLANNING_INFERENCE,MATRIX_SCHEMA_AND_VALIDATOR_VOCABULARY_V1_0_REVISED_2026_08_04,TEXT,UTF-8 text; normalized repository paths only for path fields; semicolon-delimited identifiers where plural.,Founder-directed documentary revision; validator constants where controlled; source registers and matrix derivation where evidentiary.,GOVERNANCE_DOCUMENTATION_OWNER,"Generated from authoritative matrix rows, companion registers, source-state inspection, and reviewer finding adjudication; manually reviewed for semantic plausibility where stated in reports.","Blank means not located, not applicable, or not assigned only when the row carries an explanatory status/rationale field; path blanks must not be backfilled with prose.","Update on feature taxonomy change, source identity change, reviewer finding, Founder decision, validator vocabulary change, implementation verification, or package regeneration.",PLANNING_OR_GOVERNANCE_ANALYSIS_FIELD
GOVERNANCE_PRIORITY,"Field-specific contract for GOVERNANCE_PRIORITY: records the row-level governance priority used by the documentary feature-to-governance matrix; it is not implementation, runtime, deployment, pilot, production, certification, or Founder approval evidence.",FREE_TEXT_OR_SEMICOLON_LIST_AS_APPLICABLE_WITH_ROW_SPECIFIC_SOURCE_OR_PLANNING_INFERENCE,MATRIX_SCHEMA_AND_VALIDATOR_VOCABULARY_V1_0_REVISED_2026_08_04,TEXT,UTF-8 text; normalized repository paths only for path fields; semicolon-delimited identifiers where plural.,Founder-directed documentary revision; validator constants where controlled; source registers and matrix derivation where evidentiary.,GOVERNANCE_DOCUMENTATION_OWNER,"Generated from authoritative matrix rows, companion registers, source-state inspection, and reviewer finding adjudication; manually reviewed for semantic plausibility where stated in reports.","Blank means not located, not applicable, or not assigned only when the row carries an explanatory status/rationale field; path blanks must not be backfilled with prose.","Update on feature taxonomy change, source identity change, reviewer finding, Founder decision, validator vocabulary change, implementation verification, or package regeneration.",PLANNING_OR_GOVERNANCE_ANALYSIS_FIELD
VERIFICATION_PRIORITY,"Field-specific contract for VERIFICATION_PRIORITY: records the row-level verification priority used by the documentary feature-to-governance matrix; it is not implementation, runtime, deployment, pilot, production, certification, or Founder approval evidence.",FREE_TEXT_OR_SEMICOLON_LIST_AS_APPLICABLE_WITH_ROW_SPECIFIC_SOURCE_OR_PLANNING_INFERENCE,MATRIX_SCHEMA_AND_VALIDATOR_VOCABULARY_V1_0_REVISED_2026_08_04,TEXT,UTF-8 text; normalized repository paths only for path fields; semicolon-delimited identifiers where plural.,Founder-directed documentary revision; validator constants where controlled; source registers and matrix derivation where evidentiary.,GOVERNANCE_DOCUMENTATION_OWNER,"Generated from authoritative matrix rows, companion registers, source-state inspection, and reviewer finding adjudication; manually reviewed for semantic plausibility where stated in reports.","Blank means not located, not applicable, or not assigned only when the row carries an explanatory status/rationale field; path blanks must not be backfilled with prose.","Update on feature taxonomy change, source identity change, reviewer finding, Founder decision, validator vocabulary change, implementation verification, or package regeneration.",PLANNING_OR_GOVERNANCE_ANALYSIS_FIELD
DEPENDS_ON_FEATURE_IDS,"Field-specific contract for DEPENDS_ON_FEATURE_IDS: records the row-level depends on feature ids used by the documentary feature-to-governance matrix; it is not implementation, runtime, deployment, pilot, production, certification, or Founder approval evidence.",FREE_TEXT_OR_SEMICOLON_LIST_AS_APPLICABLE_WITH_ROW_SPECIFIC_SOURCE_OR_PLANNING_INFERENCE,MATRIX_SCHEMA_AND_VALIDATOR_VOCABULARY_V1_0_REVISED_2026_08_04,SEMICOLON_LIST,UTF-8 text; normalized repository paths only for path fields; semicolon-delimited identifiers where plural.,Founder-directed documentary revision; validator constants where controlled; source registers and matrix derivation where evidentiary.,GOVERNANCE_DOCUMENTATION_OWNER,"Generated from authoritative matrix rows, companion registers, source-state inspection, and reviewer finding adjudication; manually reviewed for semantic plausibility where stated in reports.","Blank means not located, not applicable, or not assigned only when the row carries an explanatory status/rationale field; path blanks must not be backfilled with prose.","Update on feature taxonomy change, source identity change, reviewer finding, Founder decision, validator vocabulary change, implementation verification, or package regeneration.",PLANNING_OR_GOVERNANCE_ANALYSIS_FIELD
BLOCKED_BY_FEATURE_IDS,"Field-specific contract for BLOCKED_BY_FEATURE_IDS: records the row-level blocked by feature ids used by the documentary feature-to-governance matrix; it is not implementation, runtime, deployment, pilot, production, certification, or Founder approval evidence.",FREE_TEXT_OR_SEMICOLON_LIST_AS_APPLICABLE_WITH_ROW_SPECIFIC_SOURCE_OR_PLANNING_INFERENCE,MATRIX_SCHEMA_AND_VALIDATOR_VOCABULARY_V1_0_REVISED_2026_08_04,SEMICOLON_LIST,UTF-8 text; normalized repository paths only for path fields; semicolon-delimited identifiers where plural.,Founder-directed documentary revision; validator constants where controlled; source registers and matrix derivation where evidentiary.,GOVERNANCE_DOCUMENTATION_OWNER,"Generated from authoritative matrix rows, companion registers, source-state inspection, and reviewer finding adjudication; manually reviewed for semantic plausibility where stated in reports.","Blank means not located, not applicable, or not assigned only when the row carries an explanatory status/rationale field; path blanks must not be backfilled with prose.","Update on feature taxonomy change, source identity change, reviewer finding, Founder decision, validator vocabulary change, implementation verification, or package regeneration.",PLANNING_OR_GOVERNANCE_ANALYSIS_FIELD
BLOCKS_FEATURE_IDS,"Field-specific contract for BLOCKS_FEATURE_IDS: records the row-level blocks feature ids used by the documentary feature-to-governance matrix; it is not implementation, runtime, deployment, pilot, production, certification, or Founder approval evidence.",FREE_TEXT_OR_SEMICOLON_LIST_AS_APPLICABLE_WITH_ROW_SPECIFIC_SOURCE_OR_PLANNING_INFERENCE,MATRIX_SCHEMA_AND_VALIDATOR_VOCABULARY_V1_0_REVISED_2026_08_04,SEMICOLON_LIST,UTF-8 text; normalized repository paths only for path fields; semicolon-delimited identifiers where plural.,Founder-directed documentary revision; validator constants where controlled; source registers and matrix derivation where evidentiary.,GOVERNANCE_DOCUMENTATION_OWNER,"Generated from authoritative matrix rows, companion registers, source-state inspection, and reviewer finding adjudication; manually reviewed for semantic plausibility where stated in reports.","Blank means not located, not applicable, or not assigned only when the row carries an explanatory status/rationale field; path blanks must not be backfilled with prose.","Update on feature taxonomy change, source identity change, reviewer finding, Founder decision, validator vocabulary change, implementation verification, or package regeneration.",PLANNING_OR_GOVERNANCE_ANALYSIS_FIELD
GOVERNANCE_DEPENDENCIES,"Field-specific contract for GOVERNANCE_DEPENDENCIES: records the row-level governance dependencies used by the documentary feature-to-governance matrix; it is not implementation, runtime, deployment, pilot, production, certification, or Founder approval evidence.",FREE_TEXT_OR_SEMICOLON_LIST_AS_APPLICABLE_WITH_ROW_SPECIFIC_SOURCE_OR_PLANNING_INFERENCE,MATRIX_SCHEMA_AND_VALIDATOR_VOCABULARY_V1_0_REVISED_2026_08_04,SEMICOLON_LIST,UTF-8 text; normalized repository paths only for path fields; semicolon-delimited identifiers where plural.,Founder-directed documentary revision; validator constants where controlled; source registers and matrix derivation where evidentiary.,GOVERNANCE_DOCUMENTATION_OWNER,"Generated from authoritative matrix rows, companion registers, source-state inspection, and reviewer finding adjudication; manually reviewed for semantic plausibility where stated in reports.","Blank means not located, not applicable, or not assigned only when the row carries an explanatory status/rationale field; path blanks must not be backfilled with prose.","Update on feature taxonomy change, source identity change, reviewer finding, Founder decision, validator vocabulary change, implementation verification, or package regeneration.",PLANNING_OR_GOVERNANCE_ANALYSIS_FIELD
IMPLEMENTATION_DEPENDENCIES,"Field-specific contract for IMPLEMENTATION_DEPENDENCIES: records the row-level implementation dependencies used by the documentary feature-to-governance matrix; it is not implementation, runtime, deployment, pilot, production, certification, or Founder approval evidence.",FREE_TEXT_OR_SEMICOLON_LIST_AS_APPLICABLE_WITH_ROW_SPECIFIC_SOURCE_OR_PLANNING_INFERENCE,MATRIX_SCHEMA_AND_VALIDATOR_VOCABULARY_V1_0_REVISED_2026_08_04,SEMICOLON_LIST,UTF-8 text; normalized repository paths only for path fields; semicolon-delimited identifiers where plural.,Founder-directed documentary revision; validator constants where controlled; source registers and matrix derivation where evidentiary.,GOVERNANCE_DOCUMENTATION_OWNER,"Generated from authoritative matrix rows, companion registers, source-state inspection, and reviewer finding adjudication; manually reviewed for semantic plausibility where stated in reports.","Blank means not located, not applicable, or not assigned only when the row carries an explanatory status/rationale field; path blanks must not be backfilled with prose.","Update on feature taxonomy change, source identity change, reviewer finding, Founder decision, validator vocabulary change, implementation verification, or package regeneration.",PLANNING_OR_GOVERNANCE_ANALYSIS_FIELD
DEPENDENCY_BASIS,"Field-specific contract for DEPENDENCY_BASIS: records the row-level dependency basis used by the documentary feature-to-governance matrix; it is not implementation, runtime, deployment, pilot, production, certification, or Founder approval evidence.",FREE_TEXT_OR_SEMICOLON_LIST_AS_APPLICABLE_WITH_ROW_SPECIFIC_SOURCE_OR_PLANNING_INFERENCE,MATRIX_SCHEMA_AND_VALIDATOR_VOCABULARY_V1_0_REVISED_2026_08_04,TEXT,UTF-8 text; normalized repository paths only for path fields; semicolon-delimited identifiers where plural.,Founder-directed documentary revision; validator constants where controlled; source registers and matrix derivation where evidentiary.,GOVERNANCE_DOCUMENTATION_OWNER,"Generated from authoritative matrix rows, companion registers, source-state inspection, and reviewer finding adjudication; manually reviewed for semantic plausibility where stated in reports.","Blank means not located, not applicable, or not assigned only when the row carries an explanatory status/rationale field; path blanks must not be backfilled with prose.","Update on feature taxonomy change, source identity change, reviewer finding, Founder decision, validator vocabulary change, implementation verification, or package regeneration.",PLANNING_OR_GOVERNANCE_ANALYSIS_FIELD
DEPENDENCY_CONFIDENCE,"Field-specific contract for DEPENDENCY_CONFIDENCE: records the row-level dependency confidence used by the documentary feature-to-governance matrix; it is not implementation, runtime, deployment, pilot, production, certification, or Founder approval evidence.",FREE_TEXT_OR_SEMICOLON_LIST_AS_APPLICABLE_WITH_ROW_SPECIFIC_SOURCE_OR_PLANNING_INFERENCE,MATRIX_SCHEMA_AND_VALIDATOR_VOCABULARY_V1_0_REVISED_2026_08_04,TEXT,UTF-8 text; normalized repository paths only for path fields; semicolon-delimited identifiers where plural.,Founder-directed documentary revision; validator constants where controlled; source registers and matrix derivation where evidentiary.,GOVERNANCE_DOCUMENTATION_OWNER,"Generated from authoritative matrix rows, companion registers, source-state inspection, and reviewer finding adjudication; manually reviewed for semantic plausibility where stated in reports.","Blank means not located, not applicable, or not assigned only when the row carries an explanatory status/rationale field; path blanks must not be backfilled with prose.","Update on feature taxonomy change, source identity change, reviewer finding, Founder decision, validator vocabulary change, implementation verification, or package regeneration.",PLANNING_OR_GOVERNANCE_ANALYSIS_FIELD
IMPLEMENTATION_STATE,"Field-specific contract for IMPLEMENTATION_STATE: records the row-level implementation state used by the documentary feature-to-governance matrix; it is not implementation, runtime, deployment, pilot, production, certification, or Founder approval evidence.",NOT_DESIGNED;DOCUMENTED_ONLY;NOT_FOUND;PARTIAL_IMPLEMENTATION;IMPLEMENTED_UNVERIFIED;REPOSITORY_VERIFIED;TEST_VERIFIED;RUNTIME_VERIFIED;FOUNDER_VERIFIED;DEPRECATED;REMOVED,MATRIX_SCHEMA_AND_VALIDATOR_VOCABULARY_V1_0_REVISED_2026_08_04,TEXT_ENUM,NOT_DESIGNED;DOCUMENTED_ONLY;NOT_FOUND;PARTIAL_IMPLEMENTATION;IMPLEMENTED_UNVERIFIED;REPOSITORY_VERIFIED;TEST_VERIFIED;RUNTIME_VERIFIED;FOUNDER_VERIFIED;DEPRECATED;REMOVED,Founder-directed documentary revision; validator constants where controlled; source registers and matrix derivation where evidentiary.,GOVERNANCE_DOCUMENTATION_OWNER,"Generated from authoritative matrix rows, companion registers, source-state inspection, and reviewer finding adjudication; manually reviewed for semantic plausibility where stated in reports.","Blank means not located, not applicable, or not assigned only when the row carries an explanatory status/rationale field; path blanks must not be backfilled with prose.","Update on feature taxonomy change, source identity change, reviewer finding, Founder decision, validator vocabulary change, implementation verification, or package regeneration.",PLANNING_OR_GOVERNANCE_ANALYSIS_FIELD
IMPLEMENTATION_EVIDENCE_PATHS,"Field-specific contract for IMPLEMENTATION_EVIDENCE_PATHS: records the row-level implementation evidence paths used by the documentary feature-to-governance matrix; it is not implementation, runtime, deployment, pilot, production, certification, or Founder approval evidence.",FREE_TEXT_OR_SEMICOLON_LIST_AS_APPLICABLE_WITH_ROW_SPECIFIC_SOURCE_OR_PLANNING_INFERENCE,MATRIX_SCHEMA_AND_VALIDATOR_VOCABULARY_V1_0_REVISED_2026_08_04,SEMICOLON_LIST,UTF-8 text; normalized repository paths only for path fields; semicolon-delimited identifiers where plural.,Founder-directed documentary revision; validator constants where controlled; source registers and matrix derivation where evidentiary.,GOVERNANCE_DOCUMENTATION_OWNER,"Generated from authoritative matrix rows, companion registers, source-state inspection, and reviewer finding adjudication; manually reviewed for semantic plausibility where stated in reports.","Blank means not located, not applicable, or not assigned only when the row carries an explanatory status/rationale field; path blanks must not be backfilled with prose.","Update on feature taxonomy change, source identity change, reviewer finding, Founder decision, validator vocabulary change, implementation verification, or package regeneration.",DERIVED_OR_EVIDENTIARY_FIELD
IMPLEMENTATION_EVIDENCE_TYPE,"Field-specific contract for IMPLEMENTATION_EVIDENCE_TYPE: records the row-level implementation evidence type used by the documentary feature-to-governance matrix; it is not implementation, runtime, deployment, pilot, production, certification, or Founder approval evidence.",FREE_TEXT_OR_SEMICOLON_LIST_AS_APPLICABLE_WITH_ROW_SPECIFIC_SOURCE_OR_PLANNING_INFERENCE,MATRIX_SCHEMA_AND_VALIDATOR_VOCABULARY_V1_0_REVISED_2026_08_04,TEXT,UTF-8 text; normalized repository paths only for path fields; semicolon-delimited identifiers where plural.,Founder-directed documentary revision; validator constants where controlled; source registers and matrix derivation where evidentiary.,GOVERNANCE_DOCUMENTATION_OWNER,"Generated from authoritative matrix rows, companion registers, source-state inspection, and reviewer finding adjudication; manually reviewed for semantic plausibility where stated in reports.","Blank means not located, not applicable, or not assigned only when the row carries an explanatory status/rationale field; path blanks must not be backfilled with prose.","Update on feature taxonomy change, source identity change, reviewer finding, Founder decision, validator vocabulary change, implementation verification, or package regeneration.",DERIVED_OR_EVIDENTIARY_FIELD
IMPLEMENTATION_EVIDENCE_COMMIT,"Field-specific contract for IMPLEMENTATION_EVIDENCE_COMMIT: records the row-level implementation evidence commit used by the documentary feature-to-governance matrix; it is not implementation, runtime, deployment, pilot, production, certification, or Founder approval evidence.",FREE_TEXT_OR_SEMICOLON_LIST_AS_APPLICABLE_WITH_ROW_SPECIFIC_SOURCE_OR_PLANNING_INFERENCE,MATRIX_SCHEMA_AND_VALIDATOR_VOCABULARY_V1_0_REVISED_2026_08_04,TEXT,UTF-8 text; normalized repository paths only for path fields; semicolon-delimited identifiers where plural.,Founder-directed documentary revision; validator constants where controlled; source registers and matrix derivation where evidentiary.,GOVERNANCE_DOCUMENTATION_OWNER,"Generated from authoritative matrix rows, companion registers, source-state inspection, and reviewer finding adjudication; manually reviewed for semantic plausibility where stated in reports.","Blank means not located, not applicable, or not assigned only when the row carries an explanatory status/rationale field; path blanks must not be backfilled with prose.","Update on feature taxonomy change, source identity change, reviewer finding, Founder decision, validator vocabulary change, implementation verification, or package regeneration.",DERIVED_OR_EVIDENTIARY_FIELD
IMPLEMENTATION_EVIDENCE_PR,"Field-specific contract for IMPLEMENTATION_EVIDENCE_PR: records the row-level implementation evidence pr used by the documentary feature-to-governance matrix; it is not implementation, runtime, deployment, pilot, production, certification, or Founder approval evidence.",FREE_TEXT_OR_SEMICOLON_LIST_AS_APPLICABLE_WITH_ROW_SPECIFIC_SOURCE_OR_PLANNING_INFERENCE,MATRIX_SCHEMA_AND_VALIDATOR_VOCABULARY_V1_0_REVISED_2026_08_04,TEXT,UTF-8 text; normalized repository paths only for path fields; semicolon-delimited identifiers where plural.,Founder-directed documentary revision; validator constants where controlled; source registers and matrix derivation where evidentiary.,GOVERNANCE_DOCUMENTATION_OWNER,"Generated from authoritative matrix rows, companion registers, source-state inspection, and reviewer finding adjudication; manually reviewed for semantic plausibility where stated in reports.","Blank means not located, not applicable, or not assigned only when the row carries an explanatory status/rationale field; path blanks must not be backfilled with prose.","Update on feature taxonomy change, source identity change, reviewer finding, Founder decision, validator vocabulary change, implementation verification, or package regeneration.",DERIVED_OR_EVIDENTIARY_FIELD
IMPLEMENTATION_EVIDENCE_CONFIDENCE,"Field-specific contract for IMPLEMENTATION_EVIDENCE_CONFIDENCE: records the row-level implementation evidence confidence used by the documentary feature-to-governance matrix; it is not implementation, runtime, deployment, pilot, production, certification, or Founder approval evidence.",FREE_TEXT_OR_SEMICOLON_LIST_AS_APPLICABLE_WITH_ROW_SPECIFIC_SOURCE_OR_PLANNING_INFERENCE,MATRIX_SCHEMA_AND_VALIDATOR_VOCABULARY_V1_0_REVISED_2026_08_04,TEXT,UTF-8 text; normalized repository paths only for path fields; semicolon-delimited identifiers where plural.,Founder-directed documentary revision; validator constants where controlled; source registers and matrix derivation where evidentiary.,GOVERNANCE_DOCUMENTATION_OWNER,"Generated from authoritative matrix rows, companion registers, source-state inspection, and reviewer finding adjudication; manually reviewed for semantic plausibility where stated in reports.","Blank means not located, not applicable, or not assigned only when the row carries an explanatory status/rationale field; path blanks must not be backfilled with prose.","Update on feature taxonomy change, source identity change, reviewer finding, Founder decision, validator vocabulary change, implementation verification, or package regeneration.",DERIVED_OR_EVIDENTIARY_FIELD
REPOSITORY_VERIFICATION_STATE,"Field-specific contract for REPOSITORY_VERIFICATION_STATE: records the row-level repository verification state used by the documentary feature-to-governance matrix; it is not implementation, runtime, deployment, pilot, production, certification, or Founder approval evidence.",FREE_TEXT_OR_SEMICOLON_LIST_AS_APPLICABLE_WITH_ROW_SPECIFIC_SOURCE_OR_PLANNING_INFERENCE,MATRIX_SCHEMA_AND_VALIDATOR_VOCABULARY_V1_0_REVISED_2026_08_04,TEXT,UTF-8 text; normalized repository paths only for path fields; semicolon-delimited identifiers where plural.,Founder-directed documentary revision; validator constants where controlled; source registers and matrix derivation where evidentiary.,GOVERNANCE_DOCUMENTATION_OWNER,"Generated from authoritative matrix rows, companion registers, source-state inspection, and reviewer finding adjudication; manually reviewed for semantic plausibility where stated in reports.","Blank means not located, not applicable, or not assigned only when the row carries an explanatory status/rationale field; path blanks must not be backfilled with prose.","Update on feature taxonomy change, source identity change, reviewer finding, Founder decision, validator vocabulary change, implementation verification, or package regeneration.",PLANNING_OR_GOVERNANCE_ANALYSIS_FIELD
RUNTIME_VERIFICATION_STATE,"Field-specific contract for RUNTIME_VERIFICATION_STATE: records the row-level runtime verification state used by the documentary feature-to-governance matrix; it is not implementation, runtime, deployment, pilot, production, certification, or Founder approval evidence.",FREE_TEXT_OR_SEMICOLON_LIST_AS_APPLICABLE_WITH_ROW_SPECIFIC_SOURCE_OR_PLANNING_INFERENCE,MATRIX_SCHEMA_AND_VALIDATOR_VOCABULARY_V1_0_REVISED_2026_08_04,TEXT,UTF-8 text; normalized repository paths only for path fields; semicolon-delimited identifiers where plural.,Founder-directed documentary revision; validator constants where controlled; source registers and matrix derivation where evidentiary.,GOVERNANCE_DOCUMENTATION_OWNER,"Generated from authoritative matrix rows, companion registers, source-state inspection, and reviewer finding adjudication; manually reviewed for semantic plausibility where stated in reports.","Blank means not located, not applicable, or not assigned only when the row carries an explanatory status/rationale field; path blanks must not be backfilled with prose.","Update on feature taxonomy change, source identity change, reviewer finding, Founder decision, validator vocabulary change, implementation verification, or package regeneration.",PLANNING_OR_GOVERNANCE_ANALYSIS_FIELD
TEST_EVIDENCE,"Field-specific contract for TEST_EVIDENCE: records the row-level test evidence used by the documentary feature-to-governance matrix; it is not implementation, runtime, deployment, pilot, production, certification, or Founder approval evidence.",FREE_TEXT_OR_SEMICOLON_LIST_AS_APPLICABLE_WITH_ROW_SPECIFIC_SOURCE_OR_PLANNING_INFERENCE,MATRIX_SCHEMA_AND_VALIDATOR_VOCABULARY_V1_0_REVISED_2026_08_04,TEXT,UTF-8 text; normalized repository paths only for path fields; semicolon-delimited identifiers where plural.,Founder-directed documentary revision; validator constants where controlled; source registers and matrix derivation where evidentiary.,GOVERNANCE_DOCUMENTATION_OWNER,"Generated from authoritative matrix rows, companion registers, source-state inspection, and reviewer finding adjudication; manually reviewed for semantic plausibility where stated in reports.","Blank means not located, not applicable, or not assigned only when the row carries an explanatory status/rationale field; path blanks must not be backfilled with prose.","Update on feature taxonomy change, source identity change, reviewer finding, Founder decision, validator vocabulary change, implementation verification, or package regeneration.",DERIVED_OR_EVIDENTIARY_FIELD
VERIFICATION_NOTES,"Field-specific contract for VERIFICATION_NOTES: records the row-level verification notes used by the documentary feature-to-governance matrix; it is not implementation, runtime, deployment, pilot, production, certification, or Founder approval evidence.",FREE_TEXT_OR_SEMICOLON_LIST_AS_APPLICABLE_WITH_ROW_SPECIFIC_SOURCE_OR_PLANNING_INFERENCE,MATRIX_SCHEMA_AND_VALIDATOR_VOCABULARY_V1_0_REVISED_2026_08_04,TEXT,UTF-8 text; normalized repository paths only for path fields; semicolon-delimited identifiers where plural.,Founder-directed documentary revision; validator constants where controlled; source registers and matrix derivation where evidentiary.,GOVERNANCE_DOCUMENTATION_OWNER,"Generated from authoritative matrix rows, companion registers, source-state inspection, and reviewer finding adjudication; manually reviewed for semantic plausibility where stated in reports.","Blank means not located, not applicable, or not assigned only when the row carries an explanatory status/rationale field; path blanks must not be backfilled with prose.","Update on feature taxonomy change, source identity change, reviewer finding, Founder decision, validator vocabulary change, implementation verification, or package regeneration.",PLANNING_OR_GOVERNANCE_ANALYSIS_FIELD
ORIGIN_DOCUMENT,"Field-specific contract for ORIGIN_DOCUMENT: records the row-level origin document used by the documentary feature-to-governance matrix; it is not implementation, runtime, deployment, pilot, production, certification, or Founder approval evidence.",FREE_TEXT_OR_SEMICOLON_LIST_AS_APPLICABLE_WITH_ROW_SPECIFIC_SOURCE_OR_PLANNING_INFERENCE,MATRIX_SCHEMA_AND_VALIDATOR_VOCABULARY_V1_0_REVISED_2026_08_04,TEXT,UTF-8 text; normalized repository paths only for path fields; semicolon-delimited identifiers where plural.,Founder-directed documentary revision; validator constants where controlled; source registers and matrix derivation where evidentiary.,GOVERNANCE_DOCUMENTATION_OWNER,"Generated from authoritative matrix rows, companion registers, source-state inspection, and reviewer finding adjudication; manually reviewed for semantic plausibility where stated in reports.","Blank means not located, not applicable, or not assigned only when the row carries an explanatory status/rationale field; path blanks must not be backfilled with prose.","Update on feature taxonomy change, source identity change, reviewer finding, Founder decision, validator vocabulary change, implementation verification, or package regeneration.",PLANNING_OR_GOVERNANCE_ANALYSIS_FIELD
ORIGIN_SECTION,"Field-specific contract for ORIGIN_SECTION: records the row-level origin section used by the documentary feature-to-governance matrix; it is not implementation, runtime, deployment, pilot, production, certification, or Founder approval evidence.",FREE_TEXT_OR_SEMICOLON_LIST_AS_APPLICABLE_WITH_ROW_SPECIFIC_SOURCE_OR_PLANNING_INFERENCE,MATRIX_SCHEMA_AND_VALIDATOR_VOCABULARY_V1_0_REVISED_2026_08_04,TEXT,UTF-8 text; normalized repository paths only for path fields; semicolon-delimited identifiers where plural.,Founder-directed documentary revision; validator constants where controlled; source registers and matrix derivation where evidentiary.,GOVERNANCE_DOCUMENTATION_OWNER,"Generated from authoritative matrix rows, companion registers, source-state inspection, and reviewer finding adjudication; manually reviewed for semantic plausibility where stated in reports.","Blank means not located, not applicable, or not assigned only when the row carries an explanatory status/rationale field; path blanks must not be backfilled with prose.","Update on feature taxonomy change, source identity change, reviewer finding, Founder decision, validator vocabulary change, implementation verification, or package regeneration.",PLANNING_OR_GOVERNANCE_ANALYSIS_FIELD
ORIGIN_REQUIREMENT_ID,"Field-specific contract for ORIGIN_REQUIREMENT_ID: records the row-level origin requirement id used by the documentary feature-to-governance matrix; it is not implementation, runtime, deployment, pilot, production, certification, or Founder approval evidence.",FREE_TEXT_OR_SEMICOLON_LIST_AS_APPLICABLE_WITH_ROW_SPECIFIC_SOURCE_OR_PLANNING_INFERENCE,MATRIX_SCHEMA_AND_VALIDATOR_VOCABULARY_V1_0_REVISED_2026_08_04,TEXT,UTF-8 text; normalized repository paths only for path fields; semicolon-delimited identifiers where plural.,Founder-directed documentary revision; validator constants where controlled; source registers and matrix derivation where evidentiary.,GOVERNANCE_DOCUMENTATION_OWNER,"Generated from authoritative matrix rows, companion registers, source-state inspection, and reviewer finding adjudication; manually reviewed for semantic plausibility where stated in reports.","Blank means not located, not applicable, or not assigned only when the row carries an explanatory status/rationale field; path blanks must not be backfilled with prose.","Update on feature taxonomy change, source identity change, reviewer finding, Founder decision, validator vocabulary change, implementation verification, or package regeneration.",PLANNING_OR_GOVERNANCE_ANALYSIS_FIELD
GOVERNANCE_AUTHORITY_SOURCE,"Field-specific contract for GOVERNANCE_AUTHORITY_SOURCE: records the row-level governance authority source used by the documentary feature-to-governance matrix; it is not implementation, runtime, deployment, pilot, production, certification, or Founder approval evidence.",FREE_TEXT_OR_SEMICOLON_LIST_AS_APPLICABLE_WITH_ROW_SPECIFIC_SOURCE_OR_PLANNING_INFERENCE,MATRIX_SCHEMA_AND_VALIDATOR_VOCABULARY_V1_0_REVISED_2026_08_04,TEXT,UTF-8 text; normalized repository paths only for path fields; semicolon-delimited identifiers where plural.,Founder-directed documentary revision; validator constants where controlled; source registers and matrix derivation where evidentiary.,GOVERNANCE_DOCUMENTATION_OWNER,"Generated from authoritative matrix rows, companion registers, source-state inspection, and reviewer finding adjudication; manually reviewed for semantic plausibility where stated in reports.","Blank means not located, not applicable, or not assigned only when the row carries an explanatory status/rationale field; path blanks must not be backfilled with prose.","Update on feature taxonomy change, source identity change, reviewer finding, Founder decision, validator vocabulary change, implementation verification, or package regeneration.",DERIVED_OR_EVIDENTIARY_FIELD
FOUNDER_DECISION_ID,"Field-specific contract for FOUNDER_DECISION_ID: records the row-level founder decision id used by the documentary feature-to-governance matrix; it is not implementation, runtime, deployment, pilot, production, certification, or Founder approval evidence.",FREE_TEXT_OR_SEMICOLON_LIST_AS_APPLICABLE_WITH_ROW_SPECIFIC_SOURCE_OR_PLANNING_INFERENCE,MATRIX_SCHEMA_AND_VALIDATOR_VOCABULARY_V1_0_REVISED_2026_08_04,TEXT,UTF-8 text; normalized repository paths only for path fields; semicolon-delimited identifiers where plural.,Founder-directed documentary revision; validator constants where controlled; source registers and matrix derivation where evidentiary.,GOVERNANCE_DOCUMENTATION_OWNER,"Generated from authoritative matrix rows, companion registers, source-state inspection, and reviewer finding adjudication; manually reviewed for semantic plausibility where stated in reports.","Blank means not located, not applicable, or not assigned only when the row carries an explanatory status/rationale field; path blanks must not be backfilled with prose.","Update on feature taxonomy change, source identity change, reviewer finding, Founder decision, validator vocabulary change, implementation verification, or package regeneration.",PLANNING_OR_GOVERNANCE_ANALYSIS_FIELD
FOUNDER_DECISION_STATE,"Field-specific contract for FOUNDER_DECISION_STATE: records the row-level founder decision state used by the documentary feature-to-governance matrix; it is not implementation, runtime, deployment, pilot, production, certification, or Founder approval evidence.",FREE_TEXT_OR_SEMICOLON_LIST_AS_APPLICABLE_WITH_ROW_SPECIFIC_SOURCE_OR_PLANNING_INFERENCE,MATRIX_SCHEMA_AND_VALIDATOR_VOCABULARY_V1_0_REVISED_2026_08_04,TEXT,UTF-8 text; normalized repository paths only for path fields; semicolon-delimited identifiers where plural.,Founder-directed documentary revision; validator constants where controlled; source registers and matrix derivation where evidentiary.,GOVERNANCE_DOCUMENTATION_OWNER,"Generated from authoritative matrix rows, companion registers, source-state inspection, and reviewer finding adjudication; manually reviewed for semantic plausibility where stated in reports.","Blank means not located, not applicable, or not assigned only when the row carries an explanatory status/rationale field; path blanks must not be backfilled with prose.","Update on feature taxonomy change, source identity change, reviewer finding, Founder decision, validator vocabulary change, implementation verification, or package regeneration.",PLANNING_OR_GOVERNANCE_ANALYSIS_FIELD
FOUNDER_DECISION_DATE,"Field-specific contract for FOUNDER_DECISION_DATE: records the row-level founder decision date used by the documentary feature-to-governance matrix; it is not implementation, runtime, deployment, pilot, production, certification, or Founder approval evidence.",FREE_TEXT_OR_SEMICOLON_LIST_AS_APPLICABLE_WITH_ROW_SPECIFIC_SOURCE_OR_PLANNING_INFERENCE,MATRIX_SCHEMA_AND_VALIDATOR_VOCABULARY_V1_0_REVISED_2026_08_04,TEXT,UTF-8 text; normalized repository paths only for path fields; semicolon-delimited identifiers where plural.,Founder-directed documentary revision; validator constants where controlled; source registers and matrix derivation where evidentiary.,GOVERNANCE_DOCUMENTATION_OWNER,"Generated from authoritative matrix rows, companion registers, source-state inspection, and reviewer finding adjudication; manually reviewed for semantic plausibility where stated in reports.","Blank means not located, not applicable, or not assigned only when the row carries an explanatory status/rationale field; path blanks must not be backfilled with prose.","Update on feature taxonomy change, source identity change, reviewer finding, Founder decision, validator vocabulary change, implementation verification, or package regeneration.",PLANNING_OR_GOVERNANCE_ANALYSIS_FIELD
FOUNDER_DECISION_SOURCE_PATH,"Field-specific contract for FOUNDER_DECISION_SOURCE_PATH: records the row-level founder decision source path used by the documentary feature-to-governance matrix; it is not implementation, runtime, deployment, pilot, production, certification, or Founder approval evidence.",FREE_TEXT_OR_SEMICOLON_LIST_AS_APPLICABLE_WITH_ROW_SPECIFIC_SOURCE_OR_PLANNING_INFERENCE,MATRIX_SCHEMA_AND_VALIDATOR_VOCABULARY_V1_0_REVISED_2026_08_04,TEXT,UTF-8 text; normalized repository paths only for path fields; semicolon-delimited identifiers where plural.,Founder-directed documentary revision; validator constants where controlled; source registers and matrix derivation where evidentiary.,GOVERNANCE_DOCUMENTATION_OWNER,"Generated from authoritative matrix rows, companion registers, source-state inspection, and reviewer finding adjudication; manually reviewed for semantic plausibility where stated in reports.","Blank means not located, not applicable, or not assigned only when the row carries an explanatory status/rationale field; path blanks must not be backfilled with prose.","Update on feature taxonomy change, source identity change, reviewer finding, Founder decision, validator vocabulary change, implementation verification, or package regeneration.",DERIVED_OR_EVIDENTIARY_FIELD
AUTHORITY_NOTES,"Field-specific contract for AUTHORITY_NOTES: records the row-level authority notes used by the documentary feature-to-governance matrix; it is not implementation, runtime, deployment, pilot, production, certification, or Founder approval evidence.",FREE_TEXT_OR_SEMICOLON_LIST_AS_APPLICABLE_WITH_ROW_SPECIFIC_SOURCE_OR_PLANNING_INFERENCE,MATRIX_SCHEMA_AND_VALIDATOR_VOCABULARY_V1_0_REVISED_2026_08_04,TEXT,UTF-8 text; normalized repository paths only for path fields; semicolon-delimited identifiers where plural.,Founder-directed documentary revision; validator constants where controlled; source registers and matrix derivation where evidentiary.,GOVERNANCE_DOCUMENTATION_OWNER,"Generated from authoritative matrix rows, companion registers, source-state inspection, and reviewer finding adjudication; manually reviewed for semantic plausibility where stated in reports.","Blank means not located, not applicable, or not assigned only when the row carries an explanatory status/rationale field; path blanks must not be backfilled with prose.","Update on feature taxonomy change, source identity change, reviewer finding, Founder decision, validator vocabulary change, implementation verification, or package regeneration.",PLANNING_OR_GOVERNANCE_ANALYSIS_FIELD
BUSINESS_VALUE,"Field-specific contract for BUSINESS_VALUE: records the row-level business value used by the documentary feature-to-governance matrix; it is not implementation, runtime, deployment, pilot, production, certification, or Founder approval evidence.",FREE_TEXT_OR_SEMICOLON_LIST_AS_APPLICABLE_WITH_ROW_SPECIFIC_SOURCE_OR_PLANNING_INFERENCE,MATRIX_SCHEMA_AND_VALIDATOR_VOCABULARY_V1_0_REVISED_2026_08_04,TEXT,UTF-8 text; normalized repository paths only for path fields; semicolon-delimited identifiers where plural.,Founder-directed documentary revision; validator constants where controlled; source registers and matrix derivation where evidentiary.,GOVERNANCE_DOCUMENTATION_OWNER,"Generated from authoritative matrix rows, companion registers, source-state inspection, and reviewer finding adjudication; manually reviewed for semantic plausibility where stated in reports.","Blank means not located, not applicable, or not assigned only when the row carries an explanatory status/rationale field; path blanks must not be backfilled with prose.","Update on feature taxonomy change, source identity change, reviewer finding, Founder decision, validator vocabulary change, implementation verification, or package regeneration.",PLANNING_OR_GOVERNANCE_ANALYSIS_FIELD
BUSINESS_VALUE_RATIONALE,"Field-specific contract for BUSINESS_VALUE_RATIONALE: records the row-level business value rationale used by the documentary feature-to-governance matrix; it is not implementation, runtime, deployment, pilot, production, certification, or Founder approval evidence.",FREE_TEXT_OR_SEMICOLON_LIST_AS_APPLICABLE_WITH_ROW_SPECIFIC_SOURCE_OR_PLANNING_INFERENCE,MATRIX_SCHEMA_AND_VALIDATOR_VOCABULARY_V1_0_REVISED_2026_08_04,TEXT,UTF-8 text; normalized repository paths only for path fields; semicolon-delimited identifiers where plural.,Founder-directed documentary revision; validator constants where controlled; source registers and matrix derivation where evidentiary.,GOVERNANCE_DOCUMENTATION_OWNER,"Generated from authoritative matrix rows, companion registers, source-state inspection, and reviewer finding adjudication; manually reviewed for semantic plausibility where stated in reports.","Blank means not located, not applicable, or not assigned only when the row carries an explanatory status/rationale field; path blanks must not be backfilled with prose.","Update on feature taxonomy change, source identity change, reviewer finding, Founder decision, validator vocabulary change, implementation verification, or package regeneration.",PLANNING_OR_GOVERNANCE_ANALYSIS_FIELD
MVP_CLASSIFICATION,"Field-specific contract for MVP_CLASSIFICATION: records the row-level mvp classification used by the documentary feature-to-governance matrix; it is not implementation, runtime, deployment, pilot, production, certification, or Founder approval evidence.",MVP_REQUIRED;MVP_SUPPORTING;POST_MVP;FUTURE;UNDETERMINED,MATRIX_SCHEMA_AND_VALIDATOR_VOCABULARY_V1_0_REVISED_2026_08_04,TEXT_ENUM,MVP_REQUIRED;MVP_SUPPORTING;POST_MVP;FUTURE;UNDETERMINED,Founder-directed documentary revision; validator constants where controlled; source registers and matrix derivation where evidentiary.,GOVERNANCE_DOCUMENTATION_OWNER,"Generated from authoritative matrix rows, companion registers, source-state inspection, and reviewer finding adjudication; manually reviewed for semantic plausibility where stated in reports.","Blank means not located, not applicable, or not assigned only when the row carries an explanatory status/rationale field; path blanks must not be backfilled with prose.","Update on feature taxonomy change, source identity change, reviewer finding, Founder decision, validator vocabulary change, implementation verification, or package regeneration.",PLANNING_OR_GOVERNANCE_ANALYSIS_FIELD
RELEASE_TARGET,"Field-specific contract for RELEASE_TARGET: records the row-level release target used by the documentary feature-to-governance matrix; it is not implementation, runtime, deployment, pilot, production, certification, or Founder approval evidence.",PILOT;BETA;GENERAL_AVAILABILITY;PHASE_2;FUTURE;UNASSIGNED,MATRIX_SCHEMA_AND_VALIDATOR_VOCABULARY_V1_0_REVISED_2026_08_04,TEXT_ENUM,PILOT;BETA;GENERAL_AVAILABILITY;PHASE_2;FUTURE;UNASSIGNED,Founder-directed documentary revision; validator constants where controlled; source registers and matrix derivation where evidentiary.,GOVERNANCE_DOCUMENTATION_OWNER,"Generated from authoritative matrix rows, companion registers, source-state inspection, and reviewer finding adjudication; manually reviewed for semantic plausibility where stated in reports.","Blank means not located, not applicable, or not assigned only when the row carries an explanatory status/rationale field; path blanks must not be backfilled with prose.","Update on feature taxonomy change, source identity change, reviewer finding, Founder decision, validator vocabulary change, implementation verification, or package regeneration.",PLANNING_OR_GOVERNANCE_ANALYSIS_FIELD
RELEASE_PLANNING_BASIS,"Field-specific contract for RELEASE_PLANNING_BASIS: records the row-level release planning basis used by the documentary feature-to-governance matrix; it is not implementation, runtime, deployment, pilot, production, certification, or Founder approval evidence.",FREE_TEXT_OR_SEMICOLON_LIST_AS_APPLICABLE_WITH_ROW_SPECIFIC_SOURCE_OR_PLANNING_INFERENCE,MATRIX_SCHEMA_AND_VALIDATOR_VOCABULARY_V1_0_REVISED_2026_08_04,TEXT,UTF-8 text; normalized repository paths only for path fields; semicolon-delimited identifiers where plural.,Founder-directed documentary revision; validator constants where controlled; source registers and matrix derivation where evidentiary.,GOVERNANCE_DOCUMENTATION_OWNER,"Generated from authoritative matrix rows, companion registers, source-state inspection, and reviewer finding adjudication; manually reviewed for semantic plausibility where stated in reports.","Blank means not located, not applicable, or not assigned only when the row carries an explanatory status/rationale field; path blanks must not be backfilled with prose.","Update on feature taxonomy change, source identity change, reviewer finding, Founder decision, validator vocabulary change, implementation verification, or package regeneration.",PLANNING_OR_GOVERNANCE_ANALYSIS_FIELD
REVENUE_RELEVANCE,"Field-specific contract for REVENUE_RELEVANCE: records the row-level revenue relevance used by the documentary feature-to-governance matrix; it is not implementation, runtime, deployment, pilot, production, certification, or Founder approval evidence.",FREE_TEXT_OR_SEMICOLON_LIST_AS_APPLICABLE_WITH_ROW_SPECIFIC_SOURCE_OR_PLANNING_INFERENCE,MATRIX_SCHEMA_AND_VALIDATOR_VOCABULARY_V1_0_REVISED_2026_08_04,TEXT,UTF-8 text; normalized repository paths only for path fields; semicolon-delimited identifiers where plural.,Founder-directed documentary revision; validator constants where controlled; source registers and matrix derivation where evidentiary.,GOVERNANCE_DOCUMENTATION_OWNER,"Generated from authoritative matrix rows, companion registers, source-state inspection, and reviewer finding adjudication; manually reviewed for semantic plausibility where stated in reports.","Blank means not located, not applicable, or not assigned only when the row carries an explanatory status/rationale field; path blanks must not be backfilled with prose.","Update on feature taxonomy change, source identity change, reviewer finding, Founder decision, validator vocabulary change, implementation verification, or package regeneration.",PLANNING_OR_GOVERNANCE_ANALYSIS_FIELD
OPERATIONAL_RELEVANCE,"Field-specific contract for OPERATIONAL_RELEVANCE: records the row-level operational relevance used by the documentary feature-to-governance matrix; it is not implementation, runtime, deployment, pilot, production, certification, or Founder approval evidence.",FREE_TEXT_OR_SEMICOLON_LIST_AS_APPLICABLE_WITH_ROW_SPECIFIC_SOURCE_OR_PLANNING_INFERENCE,MATRIX_SCHEMA_AND_VALIDATOR_VOCABULARY_V1_0_REVISED_2026_08_04,TEXT,UTF-8 text; normalized repository paths only for path fields; semicolon-delimited identifiers where plural.,Founder-directed documentary revision; validator constants where controlled; source registers and matrix derivation where evidentiary.,GOVERNANCE_DOCUMENTATION_OWNER,"Generated from authoritative matrix rows, companion registers, source-state inspection, and reviewer finding adjudication; manually reviewed for semantic plausibility where stated in reports.","Blank means not located, not applicable, or not assigned only when the row carries an explanatory status/rationale field; path blanks must not be backfilled with prose.","Update on feature taxonomy change, source identity change, reviewer finding, Founder decision, validator vocabulary change, implementation verification, or package regeneration.",PLANNING_OR_GOVERNANCE_ANALYSIS_FIELD
SAFETY_RELEVANCE,"Field-specific contract for SAFETY_RELEVANCE: records the row-level safety relevance used by the documentary feature-to-governance matrix; it is not implementation, runtime, deployment, pilot, production, certification, or Founder approval evidence.",FREE_TEXT_OR_SEMICOLON_LIST_AS_APPLICABLE_WITH_ROW_SPECIFIC_SOURCE_OR_PLANNING_INFERENCE,MATRIX_SCHEMA_AND_VALIDATOR_VOCABULARY_V1_0_REVISED_2026_08_04,TEXT,UTF-8 text; normalized repository paths only for path fields; semicolon-delimited identifiers where plural.,Founder-directed documentary revision; validator constants where controlled; source registers and matrix derivation where evidentiary.,GOVERNANCE_DOCUMENTATION_OWNER,"Generated from authoritative matrix rows, companion registers, source-state inspection, and reviewer finding adjudication; manually reviewed for semantic plausibility where stated in reports.","Blank means not located, not applicable, or not assigned only when the row carries an explanatory status/rationale field; path blanks must not be backfilled with prose.","Update on feature taxonomy change, source identity change, reviewer finding, Founder decision, validator vocabulary change, implementation verification, or package regeneration.",PLANNING_OR_GOVERNANCE_ANALYSIS_FIELD
CUSTOMER_EXPERIENCE_RELEVANCE,"Field-specific contract for CUSTOMER_EXPERIENCE_RELEVANCE: records the row-level customer experience relevance used by the documentary feature-to-governance matrix; it is not implementation, runtime, deployment, pilot, production, certification, or Founder approval evidence.",FREE_TEXT_OR_SEMICOLON_LIST_AS_APPLICABLE_WITH_ROW_SPECIFIC_SOURCE_OR_PLANNING_INFERENCE,MATRIX_SCHEMA_AND_VALIDATOR_VOCABULARY_V1_0_REVISED_2026_08_04,TEXT,UTF-8 text; normalized repository paths only for path fields; semicolon-delimited identifiers where plural.,Founder-directed documentary revision; validator constants where controlled; source registers and matrix derivation where evidentiary.,GOVERNANCE_DOCUMENTATION_OWNER,"Generated from authoritative matrix rows, companion registers, source-state inspection, and reviewer finding adjudication; manually reviewed for semantic plausibility where stated in reports.","Blank means not located, not applicable, or not assigned only when the row carries an explanatory status/rationale field; path blanks must not be backfilled with prose.","Update on feature taxonomy change, source identity change, reviewer finding, Founder decision, validator vocabulary change, implementation verification, or package regeneration.",PLANNING_OR_GOVERNANCE_ANALYSIS_FIELD
EFFORT_ESTIMATE,"Field-specific contract for EFFORT_ESTIMATE: records the row-level effort estimate used by the documentary feature-to-governance matrix; it is not implementation, runtime, deployment, pilot, production, certification, or Founder approval evidence.",XS;S;M;L;XL;UNKNOWN,MATRIX_SCHEMA_AND_VALIDATOR_VOCABULARY_V1_0_REVISED_2026_08_04,TEXT_ENUM,XS;S;M;L;XL;UNKNOWN,Founder-directed documentary revision; validator constants where controlled; source registers and matrix derivation where evidentiary.,GOVERNANCE_DOCUMENTATION_OWNER,"Generated from authoritative matrix rows, companion registers, source-state inspection, and reviewer finding adjudication; manually reviewed for semantic plausibility where stated in reports.","Blank means not located, not applicable, or not assigned only when the row carries an explanatory status/rationale field; path blanks must not be backfilled with prose.","Update on feature taxonomy change, source identity change, reviewer finding, Founder decision, validator vocabulary change, implementation verification, or package regeneration.",PLANNING_OR_GOVERNANCE_ANALYSIS_FIELD
EFFORT_CONFIDENCE,"Field-specific contract for EFFORT_CONFIDENCE: records the row-level effort confidence used by the documentary feature-to-governance matrix; it is not implementation, runtime, deployment, pilot, production, certification, or Founder approval evidence.",FREE_TEXT_OR_SEMICOLON_LIST_AS_APPLICABLE_WITH_ROW_SPECIFIC_SOURCE_OR_PLANNING_INFERENCE,MATRIX_SCHEMA_AND_VALIDATOR_VOCABULARY_V1_0_REVISED_2026_08_04,TEXT,UTF-8 text; normalized repository paths only for path fields; semicolon-delimited identifiers where plural.,Founder-directed documentary revision; validator constants where controlled; source registers and matrix derivation where evidentiary.,GOVERNANCE_DOCUMENTATION_OWNER,"Generated from authoritative matrix rows, companion registers, source-state inspection, and reviewer finding adjudication; manually reviewed for semantic plausibility where stated in reports.","Blank means not located, not applicable, or not assigned only when the row carries an explanatory status/rationale field; path blanks must not be backfilled with prose.","Update on feature taxonomy change, source identity change, reviewer finding, Founder decision, validator vocabulary change, implementation verification, or package regeneration.",PLANNING_OR_GOVERNANCE_ANALYSIS_FIELD
PRIMARY_GAP_OWNER,"Field-specific contract for PRIMARY_GAP_OWNER: records the row-level primary gap owner used by the documentary feature-to-governance matrix; it is not implementation, runtime, deployment, pilot, production, certification, or Founder approval evidence.",FREE_TEXT_OR_SEMICOLON_LIST_AS_APPLICABLE_WITH_ROW_SPECIFIC_SOURCE_OR_PLANNING_INFERENCE,MATRIX_SCHEMA_AND_VALIDATOR_VOCABULARY_V1_0_REVISED_2026_08_04,TEXT,UTF-8 text; normalized repository paths only for path fields; semicolon-delimited identifiers where plural.,Founder-directed documentary revision; validator constants where controlled; source registers and matrix derivation where evidentiary.,GOVERNANCE_DOCUMENTATION_OWNER,"Generated from authoritative matrix rows, companion registers, source-state inspection, and reviewer finding adjudication; manually reviewed for semantic plausibility where stated in reports.","Blank means not located, not applicable, or not assigned only when the row carries an explanatory status/rationale field; path blanks must not be backfilled with prose.","Update on feature taxonomy change, source identity change, reviewer finding, Founder decision, validator vocabulary change, implementation verification, or package regeneration.",PLANNING_OR_GOVERNANCE_ANALYSIS_FIELD
SECONDARY_GAP_OWNER,"Field-specific contract for SECONDARY_GAP_OWNER: records the row-level secondary gap owner used by the documentary feature-to-governance matrix; it is not implementation, runtime, deployment, pilot, production, certification, or Founder approval evidence.",FREE_TEXT_OR_SEMICOLON_LIST_AS_APPLICABLE_WITH_ROW_SPECIFIC_SOURCE_OR_PLANNING_INFERENCE,MATRIX_SCHEMA_AND_VALIDATOR_VOCABULARY_V1_0_REVISED_2026_08_04,TEXT,UTF-8 text; normalized repository paths only for path fields; semicolon-delimited identifiers where plural.,Founder-directed documentary revision; validator constants where controlled; source registers and matrix derivation where evidentiary.,GOVERNANCE_DOCUMENTATION_OWNER,"Generated from authoritative matrix rows, companion registers, source-state inspection, and reviewer finding adjudication; manually reviewed for semantic plausibility where stated in reports.","Blank means not located, not applicable, or not assigned only when the row carries an explanatory status/rationale field; path blanks must not be backfilled with prose.","Update on feature taxonomy change, source identity change, reviewer finding, Founder decision, validator vocabulary change, implementation verification, or package regeneration.",PLANNING_OR_GOVERNANCE_ANALYSIS_FIELD
RECOMMENDED_NEXT_ACTION,"Field-specific contract for RECOMMENDED_NEXT_ACTION: records the row-level recommended next action used by the documentary feature-to-governance matrix; it is not implementation, runtime, deployment, pilot, production, certification, or Founder approval evidence.",FREE_TEXT_OR_SEMICOLON_LIST_AS_APPLICABLE_WITH_ROW_SPECIFIC_SOURCE_OR_PLANNING_INFERENCE,MATRIX_SCHEMA_AND_VALIDATOR_VOCABULARY_V1_0_REVISED_2026_08_04,TEXT,UTF-8 text; normalized repository paths only for path fields; semicolon-delimited identifiers where plural.,Founder-directed documentary revision; validator constants where controlled; source registers and matrix derivation where evidentiary.,GOVERNANCE_DOCUMENTATION_OWNER,"Generated from authoritative matrix rows, companion registers, source-state inspection, and reviewer finding adjudication; manually reviewed for semantic plausibility where stated in reports.","Blank means not located, not applicable, or not assigned only when the row carries an explanatory status/rationale field; path blanks must not be backfilled with prose.","Update on feature taxonomy change, source identity change, reviewer finding, Founder decision, validator vocabulary change, implementation verification, or package regeneration.",PLANNING_OR_GOVERNANCE_ANALYSIS_FIELD
ACTION_ARTIFACT_TYPE,"Field-specific contract for ACTION_ARTIFACT_TYPE: records the row-level action artifact type used by the documentary feature-to-governance matrix; it is not implementation, runtime, deployment, pilot, production, certification, or Founder approval evidence.",FREE_TEXT_OR_SEMICOLON_LIST_AS_APPLICABLE_WITH_ROW_SPECIFIC_SOURCE_OR_PLANNING_INFERENCE,MATRIX_SCHEMA_AND_VALIDATOR_VOCABULARY_V1_0_REVISED_2026_08_04,TEXT,UTF-8 text; normalized repository paths only for path fields; semicolon-delimited identifiers where plural.,Founder-directed documentary revision; validator constants where controlled; source registers and matrix derivation where evidentiary.,GOVERNANCE_DOCUMENTATION_OWNER,"Generated from authoritative matrix rows, companion registers, source-state inspection, and reviewer finding adjudication; manually reviewed for semantic plausibility where stated in reports.","Blank means not located, not applicable, or not assigned only when the row carries an explanatory status/rationale field; path blanks must not be backfilled with prose.","Update on feature taxonomy change, source identity change, reviewer finding, Founder decision, validator vocabulary change, implementation verification, or package regeneration.",PLANNING_OR_GOVERNANCE_ANALYSIS_FIELD
ACTION_DEPENDENCIES,"Field-specific contract for ACTION_DEPENDENCIES: records the row-level action dependencies used by the documentary feature-to-governance matrix; it is not implementation, runtime, deployment, pilot, production, certification, or Founder approval evidence.",FREE_TEXT_OR_SEMICOLON_LIST_AS_APPLICABLE_WITH_ROW_SPECIFIC_SOURCE_OR_PLANNING_INFERENCE,MATRIX_SCHEMA_AND_VALIDATOR_VOCABULARY_V1_0_REVISED_2026_08_04,SEMICOLON_LIST,UTF-8 text; normalized repository paths only for path fields; semicolon-delimited identifiers where plural.,Founder-directed documentary revision; validator constants where controlled; source registers and matrix derivation where evidentiary.,GOVERNANCE_DOCUMENTATION_OWNER,"Generated from authoritative matrix rows, companion registers, source-state inspection, and reviewer finding adjudication; manually reviewed for semantic plausibility where stated in reports.","Blank means not located, not applicable, or not assigned only when the row carries an explanatory status/rationale field; path blanks must not be backfilled with prose.","Update on feature taxonomy change, source identity change, reviewer finding, Founder decision, validator vocabulary change, implementation verification, or package regeneration.",PLANNING_OR_GOVERNANCE_ANALYSIS_FIELD
ACTION_PRIORITY,"Field-specific contract for ACTION_PRIORITY: records the row-level action priority used by the documentary feature-to-governance matrix; it is not implementation, runtime, deployment, pilot, production, certification, or Founder approval evidence.",FREE_TEXT_OR_SEMICOLON_LIST_AS_APPLICABLE_WITH_ROW_SPECIFIC_SOURCE_OR_PLANNING_INFERENCE,MATRIX_SCHEMA_AND_VALIDATOR_VOCABULARY_V1_0_REVISED_2026_08_04,TEXT,UTF-8 text; normalized repository paths only for path fields; semicolon-delimited identifiers where plural.,Founder-directed documentary revision; validator constants where controlled; source registers and matrix derivation where evidentiary.,GOVERNANCE_DOCUMENTATION_OWNER,"Generated from authoritative matrix rows, companion registers, source-state inspection, and reviewer finding adjudication; manually reviewed for semantic plausibility where stated in reports.","Blank means not located, not applicable, or not assigned only when the row carries an explanatory status/rationale field; path blanks must not be backfilled with prose.","Update on feature taxonomy change, source identity change, reviewer finding, Founder decision, validator vocabulary change, implementation verification, or package regeneration.",PLANNING_OR_GOVERNANCE_ANALYSIS_FIELD
ACTION_STATUS,"Field-specific contract for ACTION_STATUS: records the row-level action status used by the documentary feature-to-governance matrix; it is not implementation, runtime, deployment, pilot, production, certification, or Founder approval evidence.",FREE_TEXT_OR_SEMICOLON_LIST_AS_APPLICABLE_WITH_ROW_SPECIFIC_SOURCE_OR_PLANNING_INFERENCE,MATRIX_SCHEMA_AND_VALIDATOR_VOCABULARY_V1_0_REVISED_2026_08_04,TEXT,UTF-8 text; normalized repository paths only for path fields; semicolon-delimited identifiers where plural.,Founder-directed documentary revision; validator constants where controlled; source registers and matrix derivation where evidentiary.,GOVERNANCE_DOCUMENTATION_OWNER,"Generated from authoritative matrix rows, companion registers, source-state inspection, and reviewer finding adjudication; manually reviewed for semantic plausibility where stated in reports.","Blank means not located, not applicable, or not assigned only when the row carries an explanatory status/rationale field; path blanks must not be backfilled with prose.","Update on feature taxonomy change, source identity change, reviewer finding, Founder decision, validator vocabulary change, implementation verification, or package regeneration.",PLANNING_OR_GOVERNANCE_ANALYSIS_FIELD
GAP_OWNER_EXPLANATION,"Field-specific contract for GAP_OWNER_EXPLANATION: records the row-level gap owner explanation used by the documentary feature-to-governance matrix; it is not implementation, runtime, deployment, pilot, production, certification, or Founder approval evidence.",FREE_TEXT_OR_SEMICOLON_LIST_AS_APPLICABLE_WITH_ROW_SPECIFIC_SOURCE_OR_PLANNING_INFERENCE,MATRIX_SCHEMA_AND_VALIDATOR_VOCABULARY_V1_0_REVISED_2026_08_04,TEXT,UTF-8 text; normalized repository paths only for path fields; semicolon-delimited identifiers where plural.,Founder-directed documentary revision; validator constants where controlled; source registers and matrix derivation where evidentiary.,GOVERNANCE_DOCUMENTATION_OWNER,"Generated from authoritative matrix rows, companion registers, source-state inspection, and reviewer finding adjudication; manually reviewed for semantic plausibility where stated in reports.","Blank means not located, not applicable, or not assigned only when the row carries an explanatory status/rationale field; path blanks must not be backfilled with prose.","Update on feature taxonomy change, source identity change, reviewer finding, Founder decision, validator vocabulary change, implementation verification, or package regeneration.",PLANNING_OR_GOVERNANCE_ANALYSIS_FIELD
SECONDARY_DOMAINS,"Field-specific contract for SECONDARY_DOMAINS: records the row-level secondary domains used by the documentary feature-to-governance matrix; it is not implementation, runtime, deployment, pilot, production, certification, or Founder approval evidence.",FREE_TEXT_OR_SEMICOLON_LIST_AS_APPLICABLE_WITH_ROW_SPECIFIC_SOURCE_OR_PLANNING_INFERENCE,MATRIX_SCHEMA_AND_VALIDATOR_VOCABULARY_V1_0_REVISED_2026_08_04,TEXT,UTF-8 text; normalized repository paths only for path fields; semicolon-delimited identifiers where plural.,Founder-directed documentary revision; validator constants where controlled; source registers and matrix derivation where evidentiary.,GOVERNANCE_DOCUMENTATION_OWNER,"Generated from authoritative matrix rows, companion registers, source-state inspection, and reviewer finding adjudication; manually reviewed for semantic plausibility where stated in reports.","Blank means not located, not applicable, or not assigned only when the row carries an explanatory status/rationale field; path blanks must not be backfilled with prose.","Update on feature taxonomy change, source identity change, reviewer finding, Founder decision, validator vocabulary change, implementation verification, or package regeneration.",PLANNING_OR_GOVERNANCE_ANALYSIS_FIELD
CROSS_CUTTING_CONCERNS,"Field-specific contract for CROSS_CUTTING_CONCERNS: records the row-level cross cutting concerns used by the documentary feature-to-governance matrix; it is not implementation, runtime, deployment, pilot, production, certification, or Founder approval evidence.",FREE_TEXT_OR_SEMICOLON_LIST_AS_APPLICABLE_WITH_ROW_SPECIFIC_SOURCE_OR_PLANNING_INFERENCE,MATRIX_SCHEMA_AND_VALIDATOR_VOCABULARY_V1_0_REVISED_2026_08_04,TEXT,UTF-8 text; normalized repository paths only for path fields; semicolon-delimited identifiers where plural.,Founder-directed documentary revision; validator constants where controlled; source registers and matrix derivation where evidentiary.,GOVERNANCE_DOCUMENTATION_OWNER,"Generated from authoritative matrix rows, companion registers, source-state inspection, and reviewer finding adjudication; manually reviewed for semantic plausibility where stated in reports.","Blank means not located, not applicable, or not assigned only when the row carries an explanatory status/rationale field; path blanks must not be backfilled with prose.","Update on feature taxonomy change, source identity change, reviewer finding, Founder decision, validator vocabulary change, implementation verification, or package regeneration.",PLANNING_OR_GOVERNANCE_ANALYSIS_FIELD
AI_INVOLVEMENT,"Field-specific contract for AI_INVOLVEMENT: records the row-level ai involvement used by the documentary feature-to-governance matrix; it is not implementation, runtime, deployment, pilot, production, certification, or Founder approval evidence.",FREE_TEXT_OR_SEMICOLON_LIST_AS_APPLICABLE_WITH_ROW_SPECIFIC_SOURCE_OR_PLANNING_INFERENCE,MATRIX_SCHEMA_AND_VALIDATOR_VOCABULARY_V1_0_REVISED_2026_08_04,TEXT,UTF-8 text; normalized repository paths only for path fields; semicolon-delimited identifiers where plural.,Founder-directed documentary revision; validator constants where controlled; source registers and matrix derivation where evidentiary.,GOVERNANCE_DOCUMENTATION_OWNER,"Generated from authoritative matrix rows, companion registers, source-state inspection, and reviewer finding adjudication; manually reviewed for semantic plausibility where stated in reports.","Blank means not located, not applicable, or not assigned only when the row carries an explanatory status/rationale field; path blanks must not be backfilled with prose.","Update on feature taxonomy change, source identity change, reviewer finding, Founder decision, validator vocabulary change, implementation verification, or package regeneration.",PLANNING_OR_GOVERNANCE_ANALYSIS_FIELD
AI_DECISION_IMPACT,"Field-specific contract for AI_DECISION_IMPACT: records the row-level ai decision impact used by the documentary feature-to-governance matrix; it is not implementation, runtime, deployment, pilot, production, certification, or Founder approval evidence.",FREE_TEXT_OR_SEMICOLON_LIST_AS_APPLICABLE_WITH_ROW_SPECIFIC_SOURCE_OR_PLANNING_INFERENCE,MATRIX_SCHEMA_AND_VALIDATOR_VOCABULARY_V1_0_REVISED_2026_08_04,TEXT,UTF-8 text; normalized repository paths only for path fields; semicolon-delimited identifiers where plural.,Founder-directed documentary revision; validator constants where controlled; source registers and matrix derivation where evidentiary.,GOVERNANCE_DOCUMENTATION_OWNER,"Generated from authoritative matrix rows, companion registers, source-state inspection, and reviewer finding adjudication; manually reviewed for semantic plausibility where stated in reports.","Blank means not located, not applicable, or not assigned only when the row carries an explanatory status/rationale field; path blanks must not be backfilled with prose.","Update on feature taxonomy change, source identity change, reviewer finding, Founder decision, validator vocabulary change, implementation verification, or package regeneration.",PLANNING_OR_GOVERNANCE_ANALYSIS_FIELD
MINOR_USER_IMPACT,"Field-specific contract for MINOR_USER_IMPACT: records the row-level minor user impact used by the documentary feature-to-governance matrix; it is not implementation, runtime, deployment, pilot, production, certification, or Founder approval evidence.",FREE_TEXT_OR_SEMICOLON_LIST_AS_APPLICABLE_WITH_ROW_SPECIFIC_SOURCE_OR_PLANNING_INFERENCE,MATRIX_SCHEMA_AND_VALIDATOR_VOCABULARY_V1_0_REVISED_2026_08_04,TEXT,UTF-8 text; normalized repository paths only for path fields; semicolon-delimited identifiers where plural.,Founder-directed documentary revision; validator constants where controlled; source registers and matrix derivation where evidentiary.,GOVERNANCE_DOCUMENTATION_OWNER,"Generated from authoritative matrix rows, companion registers, source-state inspection, and reviewer finding adjudication; manually reviewed for semantic plausibility where stated in reports.","Blank means not located, not applicable, or not assigned only when the row carries an explanatory status/rationale field; path blanks must not be backfilled with prose.","Update on feature taxonomy change, source identity change, reviewer finding, Founder decision, validator vocabulary change, implementation verification, or package regeneration.",PLANNING_OR_GOVERNANCE_ANALYSIS_FIELD
GUARDIAN_WORKFLOW_IMPACT,"Field-specific contract for GUARDIAN_WORKFLOW_IMPACT: records the row-level guardian workflow impact used by the documentary feature-to-governance matrix; it is not implementation, runtime, deployment, pilot, production, certification, or Founder approval evidence.",FREE_TEXT_OR_SEMICOLON_LIST_AS_APPLICABLE_WITH_ROW_SPECIFIC_SOURCE_OR_PLANNING_INFERENCE,MATRIX_SCHEMA_AND_VALIDATOR_VOCABULARY_V1_0_REVISED_2026_08_04,TEXT,UTF-8 text; normalized repository paths only for path fields; semicolon-delimited identifiers where plural.,Founder-directed documentary revision; validator constants where controlled; source registers and matrix derivation where evidentiary.,GOVERNANCE_DOCUMENTATION_OWNER,"Generated from authoritative matrix rows, companion registers, source-state inspection, and reviewer finding adjudication; manually reviewed for semantic plausibility where stated in reports.","Blank means not located, not applicable, or not assigned only when the row carries an explanatory status/rationale field; path blanks must not be backfilled with prose.","Update on feature taxonomy change, source identity change, reviewer finding, Founder decision, validator vocabulary change, implementation verification, or package regeneration.",PLANNING_OR_GOVERNANCE_ANALYSIS_FIELD
SAFEGUARDING_RELEVANCE,"Field-specific contract for SAFEGUARDING_RELEVANCE: records the row-level safeguarding relevance used by the documentary feature-to-governance matrix; it is not implementation, runtime, deployment, pilot, production, certification, or Founder approval evidence.",FREE_TEXT_OR_SEMICOLON_LIST_AS_APPLICABLE_WITH_ROW_SPECIFIC_SOURCE_OR_PLANNING_INFERENCE,MATRIX_SCHEMA_AND_VALIDATOR_VOCABULARY_V1_0_REVISED_2026_08_04,TEXT,UTF-8 text; normalized repository paths only for path fields; semicolon-delimited identifiers where plural.,Founder-directed documentary revision; validator constants where controlled; source registers and matrix derivation where evidentiary.,GOVERNANCE_DOCUMENTATION_OWNER,"Generated from authoritative matrix rows, companion registers, source-state inspection, and reviewer finding adjudication; manually reviewed for semantic plausibility where stated in reports.","Blank means not located, not applicable, or not assigned only when the row carries an explanatory status/rationale field; path blanks must not be backfilled with prose.","Update on feature taxonomy change, source identity change, reviewer finding, Founder decision, validator vocabulary change, implementation verification, or package regeneration.",PLANNING_OR_GOVERNANCE_ANALYSIS_FIELD
EQUINE_HEALTH_RELEVANCE,"Field-specific contract for EQUINE_HEALTH_RELEVANCE: records the row-level equine health relevance used by the documentary feature-to-governance matrix; it is not implementation, runtime, deployment, pilot, production, certification, or Founder approval evidence.",FREE_TEXT_OR_SEMICOLON_LIST_AS_APPLICABLE_WITH_ROW_SPECIFIC_SOURCE_OR_PLANNING_INFERENCE,MATRIX_SCHEMA_AND_VALIDATOR_VOCABULARY_V1_0_REVISED_2026_08_04,TEXT,UTF-8 text; normalized repository paths only for path fields; semicolon-delimited identifiers where plural.,Founder-directed documentary revision; validator constants where controlled; source registers and matrix derivation where evidentiary.,GOVERNANCE_DOCUMENTATION_OWNER,"Generated from authoritative matrix rows, companion registers, source-state inspection, and reviewer finding adjudication; manually reviewed for semantic plausibility where stated in reports.","Blank means not located, not applicable, or not assigned only when the row carries an explanatory status/rationale field; path blanks must not be backfilled with prose.","Update on feature taxonomy change, source identity change, reviewer finding, Founder decision, validator vocabulary change, implementation verification, or package regeneration.",PLANNING_OR_GOVERNANCE_ANALYSIS_FIELD
FINANCIAL_DATA_RELEVANCE,"Field-specific contract for FINANCIAL_DATA_RELEVANCE: records the row-level financial data relevance used by the documentary feature-to-governance matrix; it is not implementation, runtime, deployment, pilot, production, certification, or Founder approval evidence.",FREE_TEXT_OR_SEMICOLON_LIST_AS_APPLICABLE_WITH_ROW_SPECIFIC_SOURCE_OR_PLANNING_INFERENCE,MATRIX_SCHEMA_AND_VALIDATOR_VOCABULARY_V1_0_REVISED_2026_08_04,TEXT,UTF-8 text; normalized repository paths only for path fields; semicolon-delimited identifiers where plural.,Founder-directed documentary revision; validator constants where controlled; source registers and matrix derivation where evidentiary.,GOVERNANCE_DOCUMENTATION_OWNER,"Generated from authoritative matrix rows, companion registers, source-state inspection, and reviewer finding adjudication; manually reviewed for semantic plausibility where stated in reports.","Blank means not located, not applicable, or not assigned only when the row carries an explanatory status/rationale field; path blanks must not be backfilled with prose.","Update on feature taxonomy change, source identity change, reviewer finding, Founder decision, validator vocabulary change, implementation verification, or package regeneration.",PLANNING_OR_GOVERNANCE_ANALYSIS_FIELD
PERSONAL_DATA_RELEVANCE,"Field-specific contract for PERSONAL_DATA_RELEVANCE: records the row-level personal data relevance used by the documentary feature-to-governance matrix; it is not implementation, runtime, deployment, pilot, production, certification, or Founder approval evidence.",FREE_TEXT_OR_SEMICOLON_LIST_AS_APPLICABLE_WITH_ROW_SPECIFIC_SOURCE_OR_PLANNING_INFERENCE,MATRIX_SCHEMA_AND_VALIDATOR_VOCABULARY_V1_0_REVISED_2026_08_04,TEXT,UTF-8 text; normalized repository paths only for path fields; semicolon-delimited identifiers where plural.,Founder-directed documentary revision; validator constants where controlled; source registers and matrix derivation where evidentiary.,GOVERNANCE_DOCUMENTATION_OWNER,"Generated from authoritative matrix rows, companion registers, source-state inspection, and reviewer finding adjudication; manually reviewed for semantic plausibility where stated in reports.","Blank means not located, not applicable, or not assigned only when the row carries an explanatory status/rationale field; path blanks must not be backfilled with prose.","Update on feature taxonomy change, source identity change, reviewer finding, Founder decision, validator vocabulary change, implementation verification, or package regeneration.",PLANNING_OR_GOVERNANCE_ANALYSIS_FIELD
SENSITIVE_DOCUMENT_RELEVANCE,"Field-specific contract for SENSITIVE_DOCUMENT_RELEVANCE: records the row-level sensitive document relevance used by the documentary feature-to-governance matrix; it is not implementation, runtime, deployment, pilot, production, certification, or Founder approval evidence.",FREE_TEXT_OR_SEMICOLON_LIST_AS_APPLICABLE_WITH_ROW_SPECIFIC_SOURCE_OR_PLANNING_INFERENCE,MATRIX_SCHEMA_AND_VALIDATOR_VOCABULARY_V1_0_REVISED_2026_08_04,TEXT,UTF-8 text; normalized repository paths only for path fields; semicolon-delimited identifiers where plural.,Founder-directed documentary revision; validator constants where controlled; source registers and matrix derivation where evidentiary.,GOVERNANCE_DOCUMENTATION_OWNER,"Generated from authoritative matrix rows, companion registers, source-state inspection, and reviewer finding adjudication; manually reviewed for semantic plausibility where stated in reports.","Blank means not located, not applicable, or not assigned only when the row carries an explanatory status/rationale field; path blanks must not be backfilled with prose.","Update on feature taxonomy change, source identity change, reviewer finding, Founder decision, validator vocabulary change, implementation verification, or package regeneration.",PLANNING_OR_GOVERNANCE_ANALYSIS_FIELD
INCIDENT_OR_EMERGENCY_RELEVANCE,"Field-specific contract for INCIDENT_OR_EMERGENCY_RELEVANCE: records the row-level incident or emergency relevance used by the documentary feature-to-governance matrix; it is not implementation, runtime, deployment, pilot, production, certification, or Founder approval evidence.",FREE_TEXT_OR_SEMICOLON_LIST_AS_APPLICABLE_WITH_ROW_SPECIFIC_SOURCE_OR_PLANNING_INFERENCE,MATRIX_SCHEMA_AND_VALIDATOR_VOCABULARY_V1_0_REVISED_2026_08_04,TEXT,UTF-8 text; normalized repository paths only for path fields; semicolon-delimited identifiers where plural.,Founder-directed documentary revision; validator constants where controlled; source registers and matrix derivation where evidentiary.,GOVERNANCE_DOCUMENTATION_OWNER,"Generated from authoritative matrix rows, companion registers, source-state inspection, and reviewer finding adjudication; manually reviewed for semantic plausibility where stated in reports.","Blank means not located, not applicable, or not assigned only when the row carries an explanatory status/rationale field; path blanks must not be backfilled with prose.","Update on feature taxonomy change, source identity change, reviewer finding, Founder decision, validator vocabulary change, implementation verification, or package regeneration.",PLANNING_OR_GOVERNANCE_ANALYSIS_FIELD
FIRST_INTRODUCED_VERSION,"Field-specific contract for FIRST_INTRODUCED_VERSION: records the row-level first introduced version used by the documentary feature-to-governance matrix; it is not implementation, runtime, deployment, pilot, production, certification, or Founder approval evidence.",FREE_TEXT_OR_SEMICOLON_LIST_AS_APPLICABLE_WITH_ROW_SPECIFIC_SOURCE_OR_PLANNING_INFERENCE,MATRIX_SCHEMA_AND_VALIDATOR_VOCABULARY_V1_0_REVISED_2026_08_04,TEXT,UTF-8 text; normalized repository paths only for path fields; semicolon-delimited identifiers where plural.,Founder-directed documentary revision; validator constants where controlled; source registers and matrix derivation where evidentiary.,GOVERNANCE_DOCUMENTATION_OWNER,"Generated from authoritative matrix rows, companion registers, source-state inspection, and reviewer finding adjudication; manually reviewed for semantic plausibility where stated in reports.","Blank means not located, not applicable, or not assigned only when the row carries an explanatory status/rationale field; path blanks must not be backfilled with prose.","Update on feature taxonomy change, source identity change, reviewer finding, Founder decision, validator vocabulary change, implementation verification, or package regeneration.",PLANNING_OR_GOVERNANCE_ANALYSIS_FIELD
LAST_REVIEWED_VERSION,"Field-specific contract for LAST_REVIEWED_VERSION: records the row-level last reviewed version used by the documentary feature-to-governance matrix; it is not implementation, runtime, deployment, pilot, production, certification, or Founder approval evidence.",FREE_TEXT_OR_SEMICOLON_LIST_AS_APPLICABLE_WITH_ROW_SPECIFIC_SOURCE_OR_PLANNING_INFERENCE,MATRIX_SCHEMA_AND_VALIDATOR_VOCABULARY_V1_0_REVISED_2026_08_04,TEXT,UTF-8 text; normalized repository paths only for path fields; semicolon-delimited identifiers where plural.,Founder-directed documentary revision; validator constants where controlled; source registers and matrix derivation where evidentiary.,GOVERNANCE_DOCUMENTATION_OWNER,"Generated from authoritative matrix rows, companion registers, source-state inspection, and reviewer finding adjudication; manually reviewed for semantic plausibility where stated in reports.","Blank means not located, not applicable, or not assigned only when the row carries an explanatory status/rationale field; path blanks must not be backfilled with prose.","Update on feature taxonomy change, source identity change, reviewer finding, Founder decision, validator vocabulary change, implementation verification, or package regeneration.",PLANNING_OR_GOVERNANCE_ANALYSIS_FIELD
LAST_CHANGED_VERSION,"Field-specific contract for LAST_CHANGED_VERSION: records the row-level last changed version used by the documentary feature-to-governance matrix; it is not implementation, runtime, deployment, pilot, production, certification, or Founder approval evidence.",FREE_TEXT_OR_SEMICOLON_LIST_AS_APPLICABLE_WITH_ROW_SPECIFIC_SOURCE_OR_PLANNING_INFERENCE,MATRIX_SCHEMA_AND_VALIDATOR_VOCABULARY_V1_0_REVISED_2026_08_04,TEXT,UTF-8 text; normalized repository paths only for path fields; semicolon-delimited identifiers where plural.,Founder-directed documentary revision; validator constants where controlled; source registers and matrix derivation where evidentiary.,GOVERNANCE_DOCUMENTATION_OWNER,"Generated from authoritative matrix rows, companion registers, source-state inspection, and reviewer finding adjudication; manually reviewed for semantic plausibility where stated in reports.","Blank means not located, not applicable, or not assigned only when the row carries an explanatory status/rationale field; path blanks must not be backfilled with prose.","Update on feature taxonomy change, source identity change, reviewer finding, Founder decision, validator vocabulary change, implementation verification, or package regeneration.",PLANNING_OR_GOVERNANCE_ANALYSIS_FIELD
CHANGE_TYPE,"Field-specific contract for CHANGE_TYPE: records the row-level change type used by the documentary feature-to-governance matrix; it is not implementation, runtime, deployment, pilot, production, certification, or Founder approval evidence.",FREE_TEXT_OR_SEMICOLON_LIST_AS_APPLICABLE_WITH_ROW_SPECIFIC_SOURCE_OR_PLANNING_INFERENCE,MATRIX_SCHEMA_AND_VALIDATOR_VOCABULARY_V1_0_REVISED_2026_08_04,TEXT,UTF-8 text; normalized repository paths only for path fields; semicolon-delimited identifiers where plural.,Founder-directed documentary revision; validator constants where controlled; source registers and matrix derivation where evidentiary.,GOVERNANCE_DOCUMENTATION_OWNER,"Generated from authoritative matrix rows, companion registers, source-state inspection, and reviewer finding adjudication; manually reviewed for semantic plausibility where stated in reports.","Blank means not located, not applicable, or not assigned only when the row carries an explanatory status/rationale field; path blanks must not be backfilled with prose.","Update on feature taxonomy change, source identity change, reviewer finding, Founder decision, validator vocabulary change, implementation verification, or package regeneration.",PLANNING_OR_GOVERNANCE_ANALYSIS_FIELD
CHANGE_NOTES,"Field-specific contract for CHANGE_NOTES: records the row-level change notes used by the documentary feature-to-governance matrix; it is not implementation, runtime, deployment, pilot, production, certification, or Founder approval evidence.",FREE_TEXT_OR_SEMICOLON_LIST_AS_APPLICABLE_WITH_ROW_SPECIFIC_SOURCE_OR_PLANNING_INFERENCE,MATRIX_SCHEMA_AND_VALIDATOR_VOCABULARY_V1_0_REVISED_2026_08_04,TEXT,UTF-8 text; normalized repository paths only for path fields; semicolon-delimited identifiers where plural.,Founder-directed documentary revision; validator constants where controlled; source registers and matrix derivation where evidentiary.,GOVERNANCE_DOCUMENTATION_OWNER,"Generated from authoritative matrix rows, companion registers, source-state inspection, and reviewer finding adjudication; manually reviewed for semantic plausibility where stated in reports.","Blank means not located, not applicable, or not assigned only when the row carries an explanatory status/rationale field; path blanks must not be backfilled with prose.","Update on feature taxonomy change, source identity change, reviewer finding, Founder decision, validator vocabulary change, implementation verification, or package regeneration.",PLANNING_OR_GOVERNANCE_ANALYSIS_FIELD
SUPERSEDES_FEATURE_ID,"Field-specific contract for SUPERSEDES_FEATURE_ID: records the row-level supersedes feature id used by the documentary feature-to-governance matrix; it is not implementation, runtime, deployment, pilot, production, certification, or Founder approval evidence.",FREE_TEXT_OR_SEMICOLON_LIST_AS_APPLICABLE_WITH_ROW_SPECIFIC_SOURCE_OR_PLANNING_INFERENCE,MATRIX_SCHEMA_AND_VALIDATOR_VOCABULARY_V1_0_REVISED_2026_08_04,TEXT,UTF-8 text; normalized repository paths only for path fields; semicolon-delimited identifiers where plural.,Founder-directed documentary revision; validator constants where controlled; source registers and matrix derivation where evidentiary.,GOVERNANCE_DOCUMENTATION_OWNER,"Generated from authoritative matrix rows, companion registers, source-state inspection, and reviewer finding adjudication; manually reviewed for semantic plausibility where stated in reports.","Blank means not located, not applicable, or not assigned only when the row carries an explanatory status/rationale field; path blanks must not be backfilled with prose.","Update on feature taxonomy change, source identity change, reviewer finding, Founder decision, validator vocabulary change, implementation verification, or package regeneration.",PLANNING_OR_GOVERNANCE_ANALYSIS_FIELD
SUPERSEDED_BY_FEATURE_ID,"Field-specific contract for SUPERSEDED_BY_FEATURE_ID: records the row-level superseded by feature id used by the documentary feature-to-governance matrix; it is not implementation, runtime, deployment, pilot, production, certification, or Founder approval evidence.",FREE_TEXT_OR_SEMICOLON_LIST_AS_APPLICABLE_WITH_ROW_SPECIFIC_SOURCE_OR_PLANNING_INFERENCE,MATRIX_SCHEMA_AND_VALIDATOR_VOCABULARY_V1_0_REVISED_2026_08_04,TEXT,UTF-8 text; normalized repository paths only for path fields; semicolon-delimited identifiers where plural.,Founder-directed documentary revision; validator constants where controlled; source registers and matrix derivation where evidentiary.,GOVERNANCE_DOCUMENTATION_OWNER,"Generated from authoritative matrix rows, companion registers, source-state inspection, and reviewer finding adjudication; manually reviewed for semantic plausibility where stated in reports.","Blank means not located, not applicable, or not assigned only when the row carries an explanatory status/rationale field; path blanks must not be backfilled with prose.","Update on feature taxonomy change, source identity change, reviewer finding, Founder decision, validator vocabulary change, implementation verification, or package regeneration.",PLANNING_OR_GOVERNANCE_ANALYSIS_FIELD
FEATURE_NAME_DISAMBIGUATION,"Field-specific contract for FEATURE_NAME_DISAMBIGUATION: records the row-level feature name disambiguation used by the documentary feature-to-governance matrix; it is not implementation, runtime, deployment, pilot, production, certification, or Founder approval evidence.",FREE_TEXT_OR_SEMICOLON_LIST_AS_APPLICABLE_WITH_ROW_SPECIFIC_SOURCE_OR_PLANNING_INFERENCE,MATRIX_SCHEMA_AND_VALIDATOR_VOCABULARY_V1_0_REVISED_2026_08_04,TEXT,UTF-8 text; normalized repository paths only for path fields; semicolon-delimited identifiers where plural.,Founder-directed documentary revision; validator constants where controlled; source registers and matrix derivation where evidentiary.,GOVERNANCE_DOCUMENTATION_OWNER,"Generated from authoritative matrix rows, companion registers, source-state inspection, and reviewer finding adjudication; manually reviewed for semantic plausibility where stated in reports.","Blank means not located, not applicable, or not assigned only when the row carries an explanatory status/rationale field; path blanks must not be backfilled with prose.","Update on feature taxonomy change, source identity change, reviewer finding, Founder decision, validator vocabulary change, implementation verification, or package regeneration.",PLANNING_OR_GOVERNANCE_ANALYSIS_FIELD
PARENT_FEATURE_ID_TYPE,"Field-specific contract for PARENT_FEATURE_ID_TYPE: records the row-level parent feature id type used by the documentary feature-to-governance matrix; it is not implementation, runtime, deployment, pilot, production, certification, or Founder approval evidence.",FEATURE_ROW_PARENT;TAXONOMY_ONLY_PARENT,MATRIX_SCHEMA_AND_VALIDATOR_VOCABULARY_V1_0_REVISED_2026_08_04,TEXT_ENUM,FEATURE_ROW_PARENT;TAXONOMY_ONLY_PARENT,Founder-directed documentary revision; validator constants where controlled; source registers and matrix derivation where evidentiary.,GOVERNANCE_DOCUMENTATION_OWNER,"Generated from authoritative matrix rows, companion registers, source-state inspection, and reviewer finding adjudication; manually reviewed for semantic plausibility where stated in reports.","Blank means not located, not applicable, or not assigned only when the row carries an explanatory status/rationale field; path blanks must not be backfilled with prose.","Update on feature taxonomy change, source identity change, reviewer finding, Founder decision, validator vocabulary change, implementation verification, or package regeneration.",PLANNING_OR_GOVERNANCE_ANALYSIS_FIELD
PARENT_PIA_SOURCE_STATE,"Field-specific contract for PARENT_PIA_SOURCE_STATE: records the row-level parent pia source state used by the documentary feature-to-governance matrix; it is not implementation, runtime, deployment, pilot, production, certification, or Founder approval evidence.",FREE_TEXT_OR_SEMICOLON_LIST_AS_APPLICABLE_WITH_ROW_SPECIFIC_SOURCE_OR_PLANNING_INFERENCE,MATRIX_SCHEMA_AND_VALIDATOR_VOCABULARY_V1_0_REVISED_2026_08_04,TEXT,UTF-8 text; normalized repository paths only for path fields; semicolon-delimited identifiers where plural.,Founder-directed documentary revision; validator constants where controlled; source registers and matrix derivation where evidentiary.,GOVERNANCE_DOCUMENTATION_OWNER,"Generated from authoritative matrix rows, companion registers, source-state inspection, and reviewer finding adjudication; manually reviewed for semantic plausibility where stated in reports.","Blank means not located, not applicable, or not assigned only when the row carries an explanatory status/rationale field; path blanks must not be backfilled with prose.","Update on feature taxonomy change, source identity change, reviewer finding, Founder decision, validator vocabulary change, implementation verification, or package regeneration.",DERIVED_OR_EVIDENTIARY_FIELD
IMPLEMENTATION_EVIDENCE_TIER,"Field-specific contract for IMPLEMENTATION_EVIDENCE_TIER: records the row-level implementation evidence tier used by the documentary feature-to-governance matrix; it is not implementation, runtime, deployment, pilot, production, certification, or Founder approval evidence.",NOT_FOUND;KEYWORD_MATCH_ONLY;PATH_CONFIRMED;CODE_INSPECTED;TEST_EXECUTED;RUNTIME_VERIFIED,MATRIX_SCHEMA_AND_VALIDATOR_VOCABULARY_V1_0_REVISED_2026_08_04,TEXT_ENUM,NOT_FOUND;KEYWORD_MATCH_ONLY;PATH_CONFIRMED;CODE_INSPECTED;TEST_EXECUTED;RUNTIME_VERIFIED,Founder-directed documentary revision; validator constants where controlled; source registers and matrix derivation where evidentiary.,GOVERNANCE_DOCUMENTATION_OWNER,"Generated from authoritative matrix rows, companion registers, source-state inspection, and reviewer finding adjudication; manually reviewed for semantic plausibility where stated in reports.","Blank means not located, not applicable, or not assigned only when the row carries an explanatory status/rationale field; path blanks must not be backfilled with prose.","Update on feature taxonomy change, source identity change, reviewer finding, Founder decision, validator vocabulary change, implementation verification, or package regeneration.",DERIVED_OR_EVIDENTIARY_FIELD
EVIDENCE_LIMITATION_NOTES,"Field-specific contract for EVIDENCE_LIMITATION_NOTES: records the row-level evidence limitation notes used by the documentary feature-to-governance matrix; it is not implementation, runtime, deployment, pilot, production, certification, or Founder approval evidence.",FREE_TEXT_OR_SEMICOLON_LIST_AS_APPLICABLE_WITH_ROW_SPECIFIC_SOURCE_OR_PLANNING_INFERENCE,MATRIX_SCHEMA_AND_VALIDATOR_VOCABULARY_V1_0_REVISED_2026_08_04,TEXT,UTF-8 text; normalized repository paths only for path fields; semicolon-delimited identifiers where plural.,Founder-directed documentary revision; validator constants where controlled; source registers and matrix derivation where evidentiary.,GOVERNANCE_DOCUMENTATION_OWNER,"Generated from authoritative matrix rows, companion registers, source-state inspection, and reviewer finding adjudication; manually reviewed for semantic plausibility where stated in reports.","Blank means not located, not applicable, or not assigned only when the row carries an explanatory status/rationale field; path blanks must not be backfilled with prose.","Update on feature taxonomy change, source identity change, reviewer finding, Founder decision, validator vocabulary change, implementation verification, or package regeneration.",DERIVED_OR_EVIDENTIARY_FIELD
SOURCE_TRACEABILITY_STATE,"Field-specific contract for SOURCE_TRACEABILITY_STATE: records the row-level source traceability state used by the documentary feature-to-governance matrix; it is not implementation, runtime, deployment, pilot, production, certification, or Founder approval evidence.",FREE_TEXT_OR_SEMICOLON_LIST_AS_APPLICABLE_WITH_ROW_SPECIFIC_SOURCE_OR_PLANNING_INFERENCE,MATRIX_SCHEMA_AND_VALIDATOR_VOCABULARY_V1_0_REVISED_2026_08_04,TEXT,UTF-8 text; normalized repository paths only for path fields; semicolon-delimited identifiers where plural.,Founder-directed documentary revision; validator constants where controlled; source registers and matrix derivation where evidentiary.,GOVERNANCE_DOCUMENTATION_OWNER,"Generated from authoritative matrix rows, companion registers, source-state inspection, and reviewer finding adjudication; manually reviewed for semantic plausibility where stated in reports.","Blank means not located, not applicable, or not assigned only when the row carries an explanatory status/rationale field; path blanks must not be backfilled with prose.","Update on feature taxonomy change, source identity change, reviewer finding, Founder decision, validator vocabulary change, implementation verification, or package regeneration.",DERIVED_OR_EVIDENTIARY_FIELD
PACKAGE_CONTEXT_SOURCES,"Field-specific contract for PACKAGE_CONTEXT_SOURCES: records the row-level package context sources used by the documentary feature-to-governance matrix; it is not implementation, runtime, deployment, pilot, production, certification, or Founder approval evidence.",FREE_TEXT_OR_SEMICOLON_LIST_AS_APPLICABLE_WITH_ROW_SPECIFIC_SOURCE_OR_PLANNING_INFERENCE,MATRIX_SCHEMA_AND_VALIDATOR_VOCABULARY_V1_0_REVISED_2026_08_04,SEMICOLON_LIST,UTF-8 text; normalized repository paths only for path fields; semicolon-delimited identifiers where plural.,Founder-directed documentary revision; validator constants where controlled; source registers and matrix derivation where evidentiary.,GOVERNANCE_DOCUMENTATION_OWNER,"Generated from authoritative matrix rows, companion registers, source-state inspection, and reviewer finding adjudication; manually reviewed for semantic plausibility where stated in reports.","Blank means not located, not applicable, or not assigned only when the row carries an explanatory status/rationale field; path blanks must not be backfilled with prose.","Update on feature taxonomy change, source identity change, reviewer finding, Founder decision, validator vocabulary change, implementation verification, or package regeneration.",DERIVED_OR_EVIDENTIARY_FIELD
DEPENDENCY_TYPE,"Field-specific contract for DEPENDENCY_TYPE: records the row-level dependency type used by the documentary feature-to-governance matrix; it is not implementation, runtime, deployment, pilot, production, certification, or Founder approval evidence.",HARD;SOFT;DATA;AUTHORIZATION;PLANNING_INFERENCE;ROOT_OR_TAXONOMY_ANCHOR,MATRIX_SCHEMA_AND_VALIDATOR_VOCABULARY_V1_0_REVISED_2026_08_04,TEXT_ENUM,HARD;SOFT;DATA;AUTHORIZATION;PLANNING_INFERENCE;ROOT_OR_TAXONOMY_ANCHOR,Founder-directed documentary revision; validator constants where controlled; source registers and matrix derivation where evidentiary.,GOVERNANCE_DOCUMENTATION_OWNER,"Generated from authoritative matrix rows, companion registers, source-state inspection, and reviewer finding adjudication; manually reviewed for semantic plausibility where stated in reports.","Blank means not located, not applicable, or not assigned only when the row carries an explanatory status/rationale field; path blanks must not be backfilled with prose.","Update on feature taxonomy change, source identity change, reviewer finding, Founder decision, validator vocabulary change, implementation verification, or package regeneration.",PLANNING_OR_GOVERNANCE_ANALYSIS_FIELD
PERSONA_ASSIGNMENT_RATIONALE,"Field-specific contract for PERSONA_ASSIGNMENT_RATIONALE: records the row-level persona assignment rationale used by the documentary feature-to-governance matrix; it is not implementation, runtime, deployment, pilot, production, certification, or Founder approval evidence.",FREE_TEXT_OR_SEMICOLON_LIST_AS_APPLICABLE_WITH_ROW_SPECIFIC_SOURCE_OR_PLANNING_INFERENCE,MATRIX_SCHEMA_AND_VALIDATOR_VOCABULARY_V1_0_REVISED_2026_08_04,TEXT,UTF-8 text; normalized repository paths only for path fields; semicolon-delimited identifiers where plural.,Founder-directed documentary revision; validator constants where controlled; source registers and matrix derivation where evidentiary.,GOVERNANCE_DOCUMENTATION_OWNER,"Generated from authoritative matrix rows, companion registers, source-state inspection, and reviewer finding adjudication; manually reviewed for semantic plausibility where stated in reports.","Blank means not located, not applicable, or not assigned only when the row carries an explanatory status/rationale field; path blanks must not be backfilled with prose.","Update on feature taxonomy change, source identity change, reviewer finding, Founder decision, validator vocabulary change, implementation verification, or package regeneration.",PLANNING_OR_GOVERNANCE_ANALYSIS_FIELD
RISK_RATIONALE,"Field-specific contract for RISK_RATIONALE: records the row-level risk rationale used by the documentary feature-to-governance matrix; it is not implementation, runtime, deployment, pilot, production, certification, or Founder approval evidence.",FREE_TEXT_OR_SEMICOLON_LIST_AS_APPLICABLE_WITH_ROW_SPECIFIC_SOURCE_OR_PLANNING_INFERENCE,MATRIX_SCHEMA_AND_VALIDATOR_VOCABULARY_V1_0_REVISED_2026_08_04,TEXT,UTF-8 text; normalized repository paths only for path fields; semicolon-delimited identifiers where plural.,Founder-directed documentary revision; validator constants where controlled; source registers and matrix derivation where evidentiary.,GOVERNANCE_DOCUMENTATION_OWNER,"Generated from authoritative matrix rows, companion registers, source-state inspection, and reviewer finding adjudication; manually reviewed for semantic plausibility where stated in reports.","Blank means not located, not applicable, or not assigned only when the row carries an explanatory status/rationale field; path blanks must not be backfilled with prose.","Update on feature taxonomy change, source identity change, reviewer finding, Founder decision, validator vocabulary change, implementation verification, or package regeneration.",PLANNING_OR_GOVERNANCE_ANALYSIS_FIELD
