gap_id,feature_id,feature_name,product_domain,has_non_pia_governance_gap,primary_non_pia_gap_type,code_guide_gap,adr_gap,operating_standard_gap,runbook_gap,implementation_verification_gap,source_authority_gap,dependency_gap,conflict_gap,release_planning_gap,gap_severity,risk_severity,risk_score,governance_readiness_score,required_artifact_or_action,recommended_owner,recommended_next_action,founder_decision_required,closure_criteria,source_ids
GAP-ES-FEAT-PLATFORM-001,ES-FEAT-PLATFORM-001,application shell,Platform and shell,NO,NO_NON_PIA_GOVERNANCE_GAP,NO,NO,NO,NO,YES,YES,NO,NO,YES,P3,MEDIUM,4,94,NO_NEW_ARTIFACT,ENGINEERING,VERIFY_REPOSITORY_IMPLEMENTATION,FDQ-007,Founder disposition plus source-register update plus validator pass plus implementation/test/evidence gates where applicable,SRC-BACKEND-PERMISSION-MAP;SRC-BACKEND-ROUTE-ADMIN;SRC-BACKEND-ROUTE-BACKLOG;SRC-BACKEND-ROUTE-BARN-OWNER-INTAKE;SRC-BACKEND-ROUTE-GUARDIAN-INTAKE;SRC-BACKEND-ROUTE-MANAGER-INTAKE;SRC-BACKEND-SERVER-ASSEMBLY;SRC-BACKEND-TEST-TEST-BUILD-NEXT-13C-RIDER-INTAKE-SHELL;SRC-BACKEND-TEST-TEST-BUILD-NEXT-13E-OWNER-INTAKE-SHELL;SRC-BACKEND-TEST-TEST-BUILD-NEXT-13F-BARN-OWNER-INTAKE-SHELL;SRC-BACKEND-TEST-TEST-BUILD-NEXT-13G-TRAINER-INTAKE-SHELL;SRC-BACKEND-TEST-TEST-BUILD-NEXT-13H-MANAGER-INTAKE-SHELL;SRC-BACKEND-TEST-TEST-BUILD-NEXT-13I-STAFF-INTAKE-SHELL;SRC-BACKEND-TEST-TEST-RF17-FEATURE-SHELL-UX-TRUTH;SRC-CANON-PERMISSION-CANON-V1.1;SRC-CANON-PLATFORM-OPS-CANON-V2.0;SRC-CANON-PRODUCT-VISION-CANON;SRC-CANON-SEARCH-CANON-V2.0;SRC-CODE-GUIDE-PROGRAM-STATUS;SRC-FOUNDER-DIRECTIVE;SRC-FRONTEND-APP-ROUTES;SRC-FRONTEND-PAGE-ADMINBILLINGDASHBOARD;SRC-FRONTEND-PAGE-ONBOARDING;SRC-IMPLEMENTATION-ATLAS;SRC-MASTER-PRODUCT-VISION;SRC-PIA-COMPONENT-OWNERSHIP;SRC-PIA-ITEM-05-CUSTODY;SRC-PIA-PORTFOLIO-TEN;SRC-PIA-REALIGNMENT-REGISTER;SRC-ROLE-PERMISSION-MATRIX;SRC-FOUNDER-REVISION-DIRECTIVE-2026-08-01
GAP-ES-FEAT-PLATFORM-002,ES-FEAT-PLATFORM-002,role-aware navigation,Platform and shell,NO,NO_NON_PIA_GOVERNANCE_GAP,NO,NO,NO,NO,YES,YES,NO,NO,YES,P3,MEDIUM,4,94,NO_NEW_ARTIFACT,ENGINEERING,VERIFY_REPOSITORY_IMPLEMENTATION,FDQ-007,Founder disposition plus source-register update plus validator pass plus implementation/test/evidence gates where applicable,SRC-BACKEND-PERMISSION-MAP;SRC-BACKEND-ROUTE-ADMIN;SRC-BACKEND-ROUTE-ADMIN-BILLING;SRC-BACKEND-ROUTE-BACKLOG;SRC-BACKEND-ROUTE-BARN-OWNER-INTAKE;SRC-BACKEND-ROUTE-BARNS;SRC-BACKEND-SERVER-ASSEMBLY;SRC-BACKEND-TEST-TEST-BUILD-NEXT-13A-ROLE-ROUTING;SRC-BACKEND-TEST-TEST-BUILD-NEXT-13B-ROLE-NAVIGATION;SRC-BACKEND-TEST-TEST-BUILD-NEXT-13J-ROLE-FIRST-LOGIN-MATRIX;SRC-BACKEND-TEST-TEST-BUILD-NEXT-13K-ROLE-FLOW-SMOKE;SRC-BACKEND-TEST-TEST-BUILD-NEXT-13L-ROLE-SMOKE-PREP;SRC-BACKEND-TEST-TEST-BUILD-NEXT-13M-ROLE-SMOKE-EVIDENCE;SRC-BACKEND-TEST-TEST-BUILD-NEXT-13N-ROLE-CREDENTIAL-READINESS;SRC-BACKEND-TEST-TEST-BUILD-NEXT-13O-ROLE-SCREENSHOT-PASS;SRC-CANON-PERMISSION-CANON-V1.1;SRC-CANON-PLATFORM-OPS-CANON-V2.0;SRC-CANON-PRODUCT-VISION-CANON;SRC-CANON-SEARCH-CANON-V2.0;SRC-CODE-GUIDE-PROGRAM-STATUS;SRC-FOUNDER-DIRECTIVE;SRC-FRONTEND-APP-ROUTES;SRC-FRONTEND-PAGE-ADMINBILLINGDASHBOARD;SRC-FRONTEND-PAGE-DASHBOARDRESOLVER;SRC-FRONTEND-PAGE-ONBOARDING;SRC-FRONTEND-PAGE-ROLEHOME;SRC-FRONTEND-PAGE-ROLEINTAKE;SRC-IMPLEMENTATION-ATLAS;SRC-MASTER-PRODUCT-VISION;SRC-PIA-COMPONENT-OWNERSHIP;SRC-PIA-ITEM-05-CUSTODY;SRC-PIA-PORTFOLIO-TEN;SRC-PIA-REALIGNMENT-REGISTER;SRC-ROLE-PERMISSION-MATRIX;SRC-FOUNDER-REVISION-DIRECTIVE-2026-08-01
GAP-ES-FEAT-PLATFORM-003,ES-FEAT-PLATFORM-003,operating centers,Platform and shell,NO,NO_NON_PIA_GOVERNANCE_GAP,NO,NO,NO,NO,YES,YES,YES,NO,YES,P2,MEDIUM,8,74,PIA_SUPPLEMENT,GOVERNANCE,DRAFT_PIA_SUPPLEMENT,FDQ-002,Founder disposition plus source-register update plus validator pass plus implementation/test/evidence gates where applicable,SRC-BACKEND-PERMISSION-MAP;SRC-BACKEND-ROUTE-ADMIN;SRC-BACKEND-ROUTE-ADMIN-BILLING;SRC-BACKEND-ROUTE-BACKLOG;SRC-BACKEND-ROUTE-BARN-OWNER-INTAKE;SRC-BACKEND-ROUTE-TRAINER-OPERATING-CENTER;SRC-BACKEND-SERVER-ASSEMBLY;SRC-BACKEND-TEST-TEST-BUILD-NEXT-13C-RIDER-INTAKE-SHELL;SRC-BACKEND-TEST-TEST-BUILD-NEXT-13E-OWNER-INTAKE-SHELL;SRC-BACKEND-TEST-TEST-BUILD-NEXT-13F-BARN-OWNER-INTAKE-SHELL;SRC-BACKEND-TEST-TEST-BUILD-NEXT-13G-TRAINER-INTAKE-SHELL;SRC-BACKEND-TEST-TEST-BUILD-NEXT-13H-MANAGER-INTAKE-SHELL;SRC-BACKEND-TEST-TEST-BUILD-NEXT-13I-STAFF-INTAKE-SHELL;SRC-BACKEND-TEST-TEST-RF17-FEATURE-SHELL-UX-TRUTH;SRC-BACKEND-TEST-TEST-RF9-TRAINER-OPERATING-CENTER;SRC-CANON-PERMISSION-CANON-V1.1;SRC-CANON-PLATFORM-OPS-CANON-V2.0;SRC-CANON-PRODUCT-VISION-CANON;SRC-CANON-SEARCH-CANON-V2.0;SRC-CODE-GUIDE-PROGRAM-STATUS;SRC-FOUNDER-DIRECTIVE;SRC-FRONTEND-APP-ROUTES;SRC-FRONTEND-PAGE-ADMINBILLINGDASHBOARD;SRC-FRONTEND-PAGE-ONBOARDING;SRC-FRONTEND-PAGE-SERVICEPROVIDERDASHBOARD;SRC-FRONTEND-PAGE-TRAINERDASHBOARD;SRC-IMPLEMENTATION-ATLAS;SRC-MASTER-PRODUCT-VISION;SRC-PIA-COMPONENT-OWNERSHIP;SRC-PIA-ITEM-05-CUSTODY;SRC-PIA-PORTFOLIO-TEN;SRC-PIA-REALIGNMENT-REGISTER;SRC-ROLE-PERMISSION-MATRIX;SRC-FOUNDER-REVISION-DIRECTIVE-2026-08-01
GAP-ES-FEAT-PLATFORM-004,ES-FEAT-PLATFORM-004,search,Platform and shell,NO,NO_NON_PIA_GOVERNANCE_GAP,NO,NO,NO,NO,YES,YES,NO,NO,YES,P3,MEDIUM,4,94,NO_NEW_ARTIFACT,ENGINEERING,VERIFY_REPOSITORY_IMPLEMENTATION,FDQ-007,Founder disposition plus source-register update plus validator pass plus implementation/test/evidence gates where applicable,SRC-BACKEND-PERMISSION-MAP;SRC-BACKEND-ROUTE-ADMIN;SRC-BACKEND-ROUTE-ADMIN-BILLING;SRC-BACKEND-ROUTE-BACKLOG;SRC-BACKEND-ROUTE-BARN-OWNER-INTAKE;SRC-BACKEND-ROUTE-OWNER-INTAKE;SRC-BACKEND-SERVER-ASSEMBLY;SRC-BACKEND-TEST-TEST-BUILD-NEXT-13C-RIDER-INTAKE-SHELL;SRC-BACKEND-TEST-TEST-BUILD-NEXT-13E-OWNER-INTAKE-SHELL;SRC-BACKEND-TEST-TEST-BUILD-NEXT-13F-BARN-OWNER-INTAKE-SHELL;SRC-BACKEND-TEST-TEST-BUILD-NEXT-13G-TRAINER-INTAKE-SHELL;SRC-BACKEND-TEST-TEST-BUILD-NEXT-13H-MANAGER-INTAKE-SHELL;SRC-BACKEND-TEST-TEST-BUILD-NEXT-13I-STAFF-INTAKE-SHELL;SRC-BACKEND-TEST-TEST-RF17-FEATURE-SHELL-UX-TRUTH;SRC-CANON-PERMISSION-CANON-V1.1;SRC-CANON-PLATFORM-OPS-CANON-V2.0;SRC-CANON-PRODUCT-VISION-CANON;SRC-CANON-SEARCH-CANON-V2.0;SRC-CODE-GUIDE-PROGRAM-STATUS;SRC-FOUNDER-DIRECTIVE;SRC-FRONTEND-APP-ROUTES;SRC-FRONTEND-PAGE-ACCEPTINVITE;SRC-FRONTEND-PAGE-ADMINBILLINGDASHBOARD;SRC-FRONTEND-PAGE-EMERGENCYCONTACTS;SRC-FRONTEND-PAGE-ENROLLMENT;SRC-FRONTEND-PAGE-EQUIPMENT;SRC-IMPLEMENTATION-ATLAS;SRC-MASTER-PRODUCT-VISION;SRC-PIA-COMPONENT-OWNERSHIP;SRC-PIA-ITEM-05-CUSTODY;SRC-PIA-PORTFOLIO-TEN;SRC-PIA-REALIGNMENT-REGISTER;SRC-ROLE-PERMISSION-MATRIX;SRC-FOUNDER-REVISION-DIRECTIVE-2026-08-01
GAP-ES-FEAT-PLATFORM-005,ES-FEAT-PLATFORM-005,context switching,Platform and shell,NO,NO_NON_PIA_GOVERNANCE_GAP,NO,NO,NO,NO,YES,YES,YES,NO,YES,P2,MEDIUM,8,74,PIA_SUPPLEMENT,GOVERNANCE,DRAFT_PIA_SUPPLEMENT,FDQ-002,Founder disposition plus source-register update plus validator pass plus implementation/test/evidence gates where applicable,SRC-BACKEND-PERMISSION-MAP;SRC-BACKEND-ROUTE-ACCOUNT-CONTEXT;SRC-BACKEND-ROUTE-ADMIN;SRC-BACKEND-ROUTE-ADMIN-BILLING;SRC-BACKEND-ROUTE-BARNS;SRC-BACKEND-ROUTE-PULSE;SRC-BACKEND-SERVER-ASSEMBLY;SRC-BACKEND-TEST-TEST-BUILD-NEXT-13C-RIDER-INTAKE-SHELL;SRC-BACKEND-TEST-TEST-BUILD-NEXT-13E-OWNER-INTAKE-SHELL;SRC-BACKEND-TEST-TEST-BUILD-NEXT-13F-BARN-OWNER-INTAKE-SHELL;SRC-BACKEND-TEST-TEST-BUILD-NEXT-13G-TRAINER-INTAKE-SHELL;SRC-BACKEND-TEST-TEST-BUILD-NEXT-13H-MANAGER-INTAKE-SHELL;SRC-BACKEND-TEST-TEST-BUILD-NEXT-3B-ACCOUNT-CONTEXT;SRC-BACKEND-TEST-TEST-BUILD-NEXT-3C-ROUTE-CONTEXT;SRC-BACKEND-TEST-TEST-BUILD-NEXT-3D-TASK-CONTEXT;SRC-CANON-PERMISSION-CANON-V1.1;SRC-CANON-PLATFORM-OPS-CANON-V2.0;SRC-CANON-PRODUCT-VISION-CANON;SRC-CANON-SEARCH-CANON-V2.0;SRC-CODE-GUIDE-PROGRAM-STATUS;SRC-FOUNDER-DIRECTIVE;SRC-FRONTEND-APP-ROUTES;SRC-FRONTEND-PAGE-ACCEPTINVITE;SRC-FRONTEND-PAGE-DASHBOARDRESOLVER;SRC-FRONTEND-PAGE-PERSONALDASHBOARD;SRC-FRONTEND-PAGE-SERVICEPROVIDERDASHBOARD;SRC-FRONTEND-PAGE-TRAINERDASHBOARD;SRC-IMPLEMENTATION-ATLAS;SRC-MASTER-PRODUCT-VISION;SRC-PIA-COMPONENT-OWNERSHIP;SRC-PIA-ITEM-05-CUSTODY;SRC-PIA-PORTFOLIO-TEN;SRC-PIA-REALIGNMENT-REGISTER;SRC-ROLE-PERMISSION-MATRIX;SRC-FOUNDER-REVISION-DIRECTIVE-2026-08-01
GAP-ES-FEAT-PLATFORM-006,ES-FEAT-PLATFORM-006,dashboard composition,Platform and shell,NO,NO_NON_PIA_GOVERNANCE_GAP,NO,NO,NO,NO,YES,YES,YES,NO,YES,P2,MEDIUM,8,74,PIA_SUPPLEMENT,GOVERNANCE,DRAFT_PIA_SUPPLEMENT,FDQ-002,Founder disposition plus source-register update plus validator pass plus implementation/test/evidence gates where applicable,SRC-BACKEND-PERMISSION-MAP;SRC-BACKEND-ROUTE-ADMIN;SRC-BACKEND-ROUTE-ADMIN-BILLING;SRC-BACKEND-ROUTE-BACKLOG;SRC-BACKEND-ROUTE-BARN-OWNER-INTAKE;SRC-BACKEND-ROUTE-DASHBOARD;SRC-BACKEND-SERVER-ASSEMBLY;SRC-BACKEND-TEST-TEST-BUILD-NEXT-13C-RIDER-INTAKE-SHELL;SRC-BACKEND-TEST-TEST-BUILD-NEXT-13E-OWNER-INTAKE-SHELL;SRC-BACKEND-TEST-TEST-BUILD-NEXT-13F-BARN-OWNER-INTAKE-SHELL;SRC-BACKEND-TEST-TEST-BUILD-NEXT-13G-TRAINER-INTAKE-SHELL;SRC-BACKEND-TEST-TEST-BUILD-NEXT-13H-MANAGER-INTAKE-SHELL;SRC-BACKEND-TEST-TEST-BUILD-NEXT-13I-STAFF-INTAKE-SHELL;SRC-BACKEND-TEST-TEST-DASHBOARD-INVITES-SCOPING;SRC-BACKEND-TEST-TEST-RF17-FEATURE-SHELL-UX-TRUTH;SRC-CANON-PERMISSION-CANON-V1.1;SRC-CANON-PLATFORM-OPS-CANON-V2.0;SRC-CANON-PRODUCT-VISION-CANON;SRC-CANON-SEARCH-CANON-V2.0;SRC-CODE-GUIDE-PROGRAM-STATUS;SRC-FOUNDER-DIRECTIVE;SRC-FRONTEND-APP-ROUTES;SRC-FRONTEND-PAGE-ADMINBILLINGDASHBOARD;SRC-FRONTEND-PAGE-DASHBOARD;SRC-FRONTEND-PAGE-DASHBOARDRESOLVER;SRC-FRONTEND-PAGE-FACILITYDASHBOARD;SRC-FRONTEND-PAGE-GUARDIANDASHBOARD;SRC-IMPLEMENTATION-ATLAS;SRC-MASTER-PRODUCT-VISION;SRC-PIA-COMPONENT-OWNERSHIP;SRC-PIA-ITEM-05-CUSTODY;SRC-PIA-PORTFOLIO-TEN;SRC-PIA-REALIGNMENT-REGISTER;SRC-ROLE-PERMISSION-MATRIX;SRC-FOUNDER-REVISION-DIRECTIVE-2026-08-01
GAP-ES-FEAT-PLATFORM-007,ES-FEAT-PLATFORM-007,feature discovery,Platform and shell,NO,NO_NON_PIA_GOVERNANCE_GAP,NO,NO,NO,NO,YES,YES,YES,NO,YES,P2,MEDIUM,8,74,PIA_SUPPLEMENT,GOVERNANCE,DRAFT_PIA_SUPPLEMENT,FDQ-002,Founder disposition plus source-register update plus validator pass plus implementation/test/evidence gates where applicable,SRC-BACKEND-PERMISSION-MAP;SRC-BACKEND-ROUTE-ADMIN;SRC-BACKEND-ROUTE-ADMIN-BILLING;SRC-BACKEND-ROUTE-BACKLOG;SRC-BACKEND-ROUTE-BARN-OWNER-INTAKE;SRC-BACKEND-ROUTE-BARNS;SRC-BACKEND-SERVER-ASSEMBLY;SRC-BACKEND-TEST-TEST-BUILD-NEXT-13C-RIDER-INTAKE-SHELL;SRC-BACKEND-TEST-TEST-BUILD-NEXT-13E-OWNER-INTAKE-SHELL;SRC-BACKEND-TEST-TEST-BUILD-NEXT-13F-BARN-OWNER-INTAKE-SHELL;SRC-BACKEND-TEST-TEST-BUILD-NEXT-13G-TRAINER-INTAKE-SHELL;SRC-BACKEND-TEST-TEST-BUILD-NEXT-13H-MANAGER-INTAKE-SHELL;SRC-BACKEND-TEST-TEST-BUILD-NEXT-13I-STAFF-INTAKE-SHELL;SRC-BACKEND-TEST-TEST-RF17-FEATURE-SHELL-UX-TRUTH;SRC-BACKEND-TEST-TEST-RF4-FEATURE-COMPLETION-CERTIFICATION;SRC-CANON-PERMISSION-CANON-V1.1;SRC-CANON-PLATFORM-OPS-CANON-V2.0;SRC-CANON-PRODUCT-VISION-CANON;SRC-CANON-SEARCH-CANON-V2.0;SRC-CODE-GUIDE-PROGRAM-STATUS;SRC-FOUNDER-DIRECTIVE;SRC-FRONTEND-APP-ROUTES;SRC-FRONTEND-PAGE-ADMINBILLINGDASHBOARD;SRC-FRONTEND-PAGE-AIAUTOMATION;SRC-FRONTEND-PAGE-COMPETITIONS;SRC-FRONTEND-PAGE-EMERGENCYCONTACTS;SRC-FRONTEND-PAGE-FEATUREWORKSPACE;SRC-IMPLEMENTATION-ATLAS;SRC-MASTER-PRODUCT-VISION;SRC-PIA-COMPONENT-OWNERSHIP;SRC-PIA-ITEM-05-CUSTODY;SRC-PIA-PORTFOLIO-TEN;SRC-PIA-REALIGNMENT-REGISTER;SRC-ROLE-PERMISSION-MATRIX;SRC-FOUNDER-REVISION-DIRECTIVE-2026-08-01
GAP-ES-FEAT-PLATFORM-008,ES-FEAT-PLATFORM-008,global actions,Platform and shell,NO,NO_NON_PIA_GOVERNANCE_GAP,NO,NO,NO,NO,YES,YES,YES,NO,YES,P2,MEDIUM,8,74,PIA_SUPPLEMENT,GOVERNANCE,DRAFT_PIA_SUPPLEMENT,FDQ-002,Founder disposition plus source-register update plus validator pass plus implementation/test/evidence gates where applicable,SRC-BACKEND-PERMISSION-MAP;SRC-BACKEND-ROUTE-ADMIN;SRC-BACKEND-ROUTE-ADMIN-BILLING;SRC-BACKEND-ROUTE-ADMIN-REVIEW;SRC-BACKEND-ROUTE-BACKLOG;SRC-BACKEND-ROUTE-BARN-OWNER-INTAKE;SRC-BACKEND-SERVER-ASSEMBLY;SRC-BACKEND-TEST-TEST-BUILD-NEXT-13C-RIDER-INTAKE-SHELL;SRC-BACKEND-TEST-TEST-BUILD-NEXT-13E-OWNER-INTAKE-SHELL;SRC-BACKEND-TEST-TEST-BUILD-NEXT-13F-BARN-OWNER-INTAKE-SHELL;SRC-BACKEND-TEST-TEST-BUILD-NEXT-13G-TRAINER-INTAKE-SHELL;SRC-BACKEND-TEST-TEST-BUILD-NEXT-13H-MANAGER-INTAKE-SHELL;SRC-BACKEND-TEST-TEST-BUILD-NEXT-13I-STAFF-INTAKE-SHELL;SRC-BACKEND-TEST-TEST-RF17-FEATURE-SHELL-UX-TRUTH;SRC-CANON-PERMISSION-CANON-V1.1;SRC-CANON-PLATFORM-OPS-CANON-V2.0;SRC-CANON-PRODUCT-VISION-CANON;SRC-CANON-SEARCH-CANON-V2.0;SRC-CODE-GUIDE-PROGRAM-STATUS;SRC-FOUNDER-DIRECTIVE;SRC-FRONTEND-APP-ROUTES;SRC-FRONTEND-PAGE-ADMINBILLINGDASHBOARD;SRC-FRONTEND-PAGE-AUDITLOG;SRC-FRONTEND-PAGE-ONBOARDING;SRC-IMPLEMENTATION-ATLAS;SRC-MASTER-PRODUCT-VISION;SRC-PIA-COMPONENT-OWNERSHIP;SRC-PIA-ITEM-05-CUSTODY;SRC-PIA-PORTFOLIO-TEN;SRC-PIA-REALIGNMENT-REGISTER;SRC-ROLE-PERMISSION-MATRIX;SRC-FOUNDER-REVISION-DIRECTIVE-2026-08-01
GAP-ES-FEAT-PLATFORM-009,ES-FEAT-PLATFORM-009,administrative navigation,Platform and shell,NO,NO_NON_PIA_GOVERNANCE_GAP,NO,NO,NO,NO,YES,YES,YES,NO,YES,P2,MEDIUM,8,74,PIA_SUPPLEMENT,GOVERNANCE,DRAFT_PIA_SUPPLEMENT,FDQ-002,Founder disposition plus source-register update plus validator pass plus implementation/test/evidence gates where applicable,SRC-BACKEND-PERMISSION-MAP;SRC-BACKEND-ROUTE-ADMIN;SRC-BACKEND-ROUTE-ADMIN-BILLING;SRC-BACKEND-ROUTE-BACKLOG;SRC-BACKEND-ROUTE-BARN-OWNER-INTAKE;SRC-BACKEND-ROUTE-BARNS;SRC-BACKEND-SERVER-ASSEMBLY;SRC-BACKEND-TEST-TEST-BUILD-NEXT-13B-ROLE-NAVIGATION;SRC-BACKEND-TEST-TEST-BUILD-NEXT-13C-RIDER-INTAKE-SHELL;SRC-BACKEND-TEST-TEST-BUILD-NEXT-13E-OWNER-INTAKE-SHELL;SRC-BACKEND-TEST-TEST-BUILD-NEXT-13F-BARN-OWNER-INTAKE-SHELL;SRC-BACKEND-TEST-TEST-BUILD-NEXT-13G-TRAINER-INTAKE-SHELL;SRC-BACKEND-TEST-TEST-BUILD-NEXT-13H-MANAGER-INTAKE-SHELL;SRC-BACKEND-TEST-TEST-BUILD-NEXT-13I-STAFF-INTAKE-SHELL;SRC-BACKEND-TEST-TEST-RF17-FEATURE-SHELL-UX-TRUTH;SRC-CANON-PERMISSION-CANON-V1.1;SRC-CANON-PLATFORM-OPS-CANON-V2.0;SRC-CANON-PRODUCT-VISION-CANON;SRC-CANON-SEARCH-CANON-V2.0;SRC-CODE-GUIDE-PROGRAM-STATUS;SRC-FOUNDER-DIRECTIVE;SRC-FRONTEND-APP-ROUTES;SRC-FRONTEND-PAGE-ADMINBILLINGDASHBOARD;SRC-FRONTEND-PAGE-ONBOARDING;SRC-IMPLEMENTATION-ATLAS;SRC-MASTER-PRODUCT-VISION;SRC-PIA-COMPONENT-OWNERSHIP;SRC-PIA-ITEM-05-CUSTODY;SRC-PIA-PORTFOLIO-TEN;SRC-PIA-REALIGNMENT-REGISTER;SRC-ROLE-PERMISSION-MATRIX;SRC-FOUNDER-REVISION-DIRECTIVE-2026-08-01
GAP-ES-FEAT-PLATFORM-010,ES-FEAT-PLATFORM-010,multi-facility context,Platform and shell,NO,NO_NON_PIA_GOVERNANCE_GAP,NO,NO,NO,NO,YES,YES,YES,NO,YES,P2,MEDIUM,8,74,PIA_SUPPLEMENT,GOVERNANCE,DRAFT_PIA_SUPPLEMENT,FDQ-002,Founder disposition plus source-register update plus validator pass plus implementation/test/evidence gates where applicable,SRC-BACKEND-PERMISSION-MAP;SRC-BACKEND-ROUTE-ACCOUNT-CONTEXT;SRC-BACKEND-ROUTE-BARN-OWNER-INTAKE;SRC-BACKEND-ROUTE-BARNS;SRC-BACKEND-ROUTE-DASHBOARD;SRC-BACKEND-ROUTE-PULSE;SRC-BACKEND-SERVER-ASSEMBLY;SRC-BACKEND-TEST-TEST-BUILD-NEXT-13C-RIDER-INTAKE-SHELL;SRC-BACKEND-TEST-TEST-BUILD-NEXT-13E-OWNER-INTAKE-SHELL;SRC-BACKEND-TEST-TEST-BUILD-NEXT-13F-BARN-OWNER-INTAKE-SHELL;SRC-BACKEND-TEST-TEST-BUILD-NEXT-13G-TRAINER-INTAKE-SHELL;SRC-BACKEND-TEST-TEST-BUILD-NEXT-3-MULTI-BARN-GAP-REPORT;SRC-BACKEND-TEST-TEST-BUILD-NEXT-3B-ACCOUNT-CONTEXT;SRC-BACKEND-TEST-TEST-BUILD-NEXT-3C-ROUTE-CONTEXT;SRC-BACKEND-TEST-TEST-BUILD-NEXT-3D-TASK-CONTEXT;SRC-CANON-PERMISSION-CANON-V1.1;SRC-CANON-PLATFORM-OPS-CANON-V2.0;SRC-CANON-PRODUCT-VISION-CANON;SRC-CANON-SEARCH-CANON-V2.0;SRC-CODE-GUIDE-PROGRAM-STATUS;SRC-FOUNDER-DIRECTIVE;SRC-FRONTEND-APP-ROUTES;SRC-FRONTEND-PAGE-ADMINREVIEWQUEUE;SRC-FRONTEND-PAGE-FACILITYDASHBOARD;SRC-FRONTEND-PAGE-LANDING;SRC-FRONTEND-PAGE-PERSONALDASHBOARD;SRC-FRONTEND-PAGE-SERVICEPROVIDERDASHBOARD;SRC-IMPLEMENTATION-ATLAS;SRC-MASTER-PRODUCT-VISION;SRC-PIA-COMPONENT-OWNERSHIP;SRC-PIA-ITEM-05-CUSTODY;SRC-PIA-PORTFOLIO-TEN;SRC-PIA-REALIGNMENT-REGISTER;SRC-ROLE-PERMISSION-MATRIX;SRC-FOUNDER-REVISION-DIRECTIVE-2026-08-01
GAP-ES-FEAT-IDENTITY-001,ES-FEAT-IDENTITY-001,person identity,Identity and access,NO,NO_NON_PIA_GOVERNANCE_GAP,NO,NO,NO,NO,YES,YES,NO,YES,YES,P3,HIGH,6,94,NO_NEW_ARTIFACT,ENGINEERING,VERIFY_REPOSITORY_IMPLEMENTATION,FDQ-007,Founder disposition plus source-register update plus validator pass plus implementation/test/evidence gates where applicable,SRC-BACKEND-PERMISSION-MAP;SRC-BACKEND-ROUTE-ADMIN;SRC-BACKEND-ROUTE-ADMIN-BILLING;SRC-BACKEND-ROUTE-CARE;SRC-BACKEND-ROUTE-HORSE-LEDGER;SRC-BACKEND-ROUTE-OPERATIONS;SRC-BACKEND-SERVER-ASSEMBLY;SRC-BACKEND-TEST-TEST-RF2-IDENTITY-ACCESS-MIGRATION;SRC-CANON-DATA-PROTECTION-CANON-V1.0;SRC-CANON-IDENTITY-CANON-V2.0;SRC-CANON-PERMISSION-CANON-V1.1;SRC-CANON-PRIVACY-CANON-V2.0;SRC-CODE-GUIDE-PROGRAM-STATUS;SRC-FOUNDER-DIRECTIVE;SRC-FRONTEND-APP-ROUTES;SRC-FRONTEND-PAGE-ADMINBILLINGDASHBOARD;SRC-FRONTEND-PAGE-GUARDIANDASHBOARD;SRC-FRONTEND-PAGE-OWNERDASHBOARD;SRC-FRONTEND-PAGE-PERSONALDASHBOARD;SRC-FRONTEND-PAGE-RIDERDASHBOARD;SRC-IMPLEMENTATION-ATLAS;SRC-MASTER-PRODUCT-VISION;SRC-PIA-COMPONENT-OWNERSHIP;SRC-PIA-ITEM-01-DISPOSITION;SRC-PIA-ITEM-03-CUSTODY;SRC-PIA-PORTFOLIO-TEN;SRC-PIA-REALIGNMENT-REGISTER;SRC-ROLE-PERMISSION-MATRIX;SRC-FOUNDER-REVISION-DIRECTIVE-2026-08-01
GAP-ES-FEAT-IDENTITY-002,ES-FEAT-IDENTITY-002,accounts,Identity and access,NO,NO_NON_PIA_GOVERNANCE_GAP,NO,NO,NO,NO,YES,YES,NO,YES,YES,P3,HIGH,6,94,NO_NEW_ARTIFACT,ENGINEERING,VERIFY_REPOSITORY_IMPLEMENTATION,FDQ-007,Founder disposition plus source-register update plus validator pass plus implementation/test/evidence gates where applicable,SRC-BACKEND-PERMISSION-MAP;SRC-BACKEND-ROUTE-ADMIN;SRC-BACKEND-ROUTE-ADMIN-BILLING;SRC-BACKEND-ROUTE-BARN-OWNER-INTAKE;SRC-BACKEND-ROUTE-HORSE-LEDGER;SRC-BACKEND-ROUTE-TRAINER-OPERATING-CENTER;SRC-BACKEND-SERVER-ASSEMBLY;SRC-BACKEND-TEST-TEST-RF2-IDENTITY-ACCESS-MIGRATION;SRC-CANON-DATA-PROTECTION-CANON-V1.0;SRC-CANON-IDENTITY-CANON-V2.0;SRC-CANON-PERMISSION-CANON-V1.1;SRC-CANON-PRIVACY-CANON-V2.0;SRC-CODE-GUIDE-PROGRAM-STATUS;SRC-FOUNDER-DIRECTIVE;SRC-FRONTEND-APP-ROUTES;SRC-FRONTEND-PAGE-ADMINBILLINGDASHBOARD;SRC-FRONTEND-PAGE-ADMINREVIEWQUEUE;SRC-FRONTEND-PAGE-CARELEDGERTAB;SRC-FRONTEND-PAGE-FORBIDDEN;SRC-FRONTEND-PAGE-SIGNUP;SRC-IMPLEMENTATION-ATLAS;SRC-MASTER-PRODUCT-VISION;SRC-PIA-COMPONENT-OWNERSHIP;SRC-PIA-ITEM-01-DISPOSITION;SRC-PIA-ITEM-03-CUSTODY;SRC-PIA-PORTFOLIO-TEN;SRC-PIA-REALIGNMENT-REGISTER;SRC-ROLE-PERMISSION-MATRIX;SRC-FOUNDER-REVISION-DIRECTIVE-2026-08-01
GAP-ES-FEAT-IDENTITY-003,ES-FEAT-IDENTITY-003,authentication,Identity and access,NO,NO_NON_PIA_GOVERNANCE_GAP,NO,NO,NO,NO,YES,YES,NO,YES,YES,P3,HIGH,6,94,NO_NEW_ARTIFACT,ENGINEERING,VERIFY_REPOSITORY_IMPLEMENTATION,FDQ-007,Founder disposition plus source-register update plus validator pass plus implementation/test/evidence gates where applicable,SRC-BACKEND-PERMISSION-MAP;SRC-BACKEND-ROUTE-ADMIN;SRC-BACKEND-ROUTE-ADMIN-BILLING;SRC-BACKEND-ROUTE-CARE;SRC-BACKEND-ROUTE-HORSE-LEDGER;SRC-BACKEND-ROUTE-HORSES;SRC-BACKEND-SERVER-ASSEMBLY;SRC-BACKEND-TEST-TEST-RF2-IDENTITY-ACCESS-MIGRATION;SRC-CANON-DATA-PROTECTION-CANON-V1.0;SRC-CANON-IDENTITY-CANON-V2.0;SRC-CANON-PERMISSION-CANON-V1.1;SRC-CANON-PRIVACY-CANON-V2.0;SRC-CODE-GUIDE-PROGRAM-STATUS;SRC-FOUNDER-DIRECTIVE;SRC-FRONTEND-APP-ROUTES;SRC-FRONTEND-PAGE-ADMINBILLINGDASHBOARD;SRC-FRONTEND-PAGE-ADMINREVIEWQUEUE;SRC-FRONTEND-PAGE-CARELEDGERTAB;SRC-FRONTEND-PAGE-FORBIDDEN;SRC-FRONTEND-PAGE-SIGNUP;SRC-IMPLEMENTATION-ATLAS;SRC-MASTER-PRODUCT-VISION;SRC-PIA-COMPONENT-OWNERSHIP;SRC-PIA-ITEM-01-DISPOSITION;SRC-PIA-ITEM-03-CUSTODY;SRC-PIA-PORTFOLIO-TEN;SRC-PIA-REALIGNMENT-REGISTER;SRC-ROLE-PERMISSION-MATRIX;SRC-FOUNDER-REVISION-DIRECTIVE-2026-08-01
GAP-ES-FEAT-IDENTITY-004,ES-FEAT-IDENTITY-004,passkeys and MFA,Identity and access,NO,NO_NON_PIA_GOVERNANCE_GAP,NO,NO,NO,NO,YES,YES,YES,YES,YES,P2,HIGH,9,86,IMPLEMENTATION_VERIFICATION,ENGINEERING,VERIFY_REPOSITORY_IMPLEMENTATION,FDQ-008,Founder disposition plus source-register update plus validator pass plus implementation/test/evidence gates where applicable,SRC-BACKEND-PERMISSION-MAP;SRC-BACKEND-ROUTE-ADMIN;SRC-BACKEND-ROUTE-ADMIN-BILLING;SRC-BACKEND-ROUTE-CARE;SRC-BACKEND-ROUTE-HORSE-LEDGER;SRC-BACKEND-ROUTE-HORSES;SRC-BACKEND-SERVER-ASSEMBLY;SRC-BACKEND-TEST-TEST-RF2-IDENTITY-ACCESS-MIGRATION;SRC-CANON-DATA-PROTECTION-CANON-V1.0;SRC-CANON-IDENTITY-CANON-V2.0;SRC-CANON-PERMISSION-CANON-V1.1;SRC-CANON-PRIVACY-CANON-V2.0;SRC-CODE-GUIDE-PROGRAM-STATUS;SRC-FOUNDER-DIRECTIVE;SRC-FRONTEND-APP-ROUTES;SRC-FRONTEND-PAGE-ADMINBILLINGDASHBOARD;SRC-FRONTEND-PAGE-ADMINREVIEWQUEUE;SRC-FRONTEND-PAGE-CARELEDGERTAB;SRC-FRONTEND-PAGE-FORBIDDEN;SRC-FRONTEND-PAGE-SIGNUP;SRC-IMPLEMENTATION-ATLAS;SRC-MASTER-PRODUCT-VISION;SRC-PIA-COMPONENT-OWNERSHIP;SRC-PIA-ITEM-01-DISPOSITION;SRC-PIA-ITEM-03-CUSTODY;SRC-PIA-PORTFOLIO-TEN;SRC-PIA-REALIGNMENT-REGISTER;SRC-ROLE-PERMISSION-MATRIX;SRC-FOUNDER-REVISION-DIRECTIVE-2026-08-01
GAP-ES-FEAT-IDENTITY-005,ES-FEAT-IDENTITY-005,sessions,Identity and access,NO,NO_NON_PIA_GOVERNANCE_GAP,NO,NO,NO,NO,YES,YES,YES,YES,YES,P2,HIGH,12,74,PIA_SUPPLEMENT,GOVERNANCE,DRAFT_PIA_SUPPLEMENT,FDQ-002,Founder disposition plus source-register update plus validator pass plus implementation/test/evidence gates where applicable,SRC-BACKEND-PERMISSION-MAP;SRC-BACKEND-ROUTE-ADMIN;SRC-BACKEND-ROUTE-ADMIN-BILLING;SRC-BACKEND-ROUTE-CARE;SRC-BACKEND-ROUTE-HORSE-LEDGER;SRC-BACKEND-ROUTE-HORSES;SRC-BACKEND-SERVER-ASSEMBLY;SRC-BACKEND-TEST-TEST-RF2-IDENTITY-ACCESS-MIGRATION;SRC-CANON-DATA-PROTECTION-CANON-V1.0;SRC-CANON-IDENTITY-CANON-V2.0;SRC-CANON-PERMISSION-CANON-V1.1;SRC-CANON-PRIVACY-CANON-V2.0;SRC-CODE-GUIDE-PROGRAM-STATUS;SRC-FOUNDER-DIRECTIVE;SRC-FRONTEND-APP-ROUTES;SRC-FRONTEND-PAGE-ADMINBILLINGDASHBOARD;SRC-FRONTEND-PAGE-ADMINREVIEWQUEUE;SRC-FRONTEND-PAGE-CARELEDGERTAB;SRC-FRONTEND-PAGE-FORBIDDEN;SRC-FRONTEND-PAGE-SIGNUP;SRC-IMPLEMENTATION-ATLAS;SRC-MASTER-PRODUCT-VISION;SRC-PIA-COMPONENT-OWNERSHIP;SRC-PIA-ITEM-01-DISPOSITION;SRC-PIA-ITEM-03-CUSTODY;SRC-PIA-PORTFOLIO-TEN;SRC-PIA-REALIGNMENT-REGISTER;SRC-ROLE-PERMISSION-MATRIX;SRC-FOUNDER-REVISION-DIRECTIVE-2026-08-01
GAP-ES-FEAT-IDENTITY-006,ES-FEAT-IDENTITY-006,recovery,Identity and access,NO,NO_NON_PIA_GOVERNANCE_GAP,NO,NO,NO,NO,YES,YES,YES,YES,YES,P2,HIGH,12,74,PIA_SUPPLEMENT,GOVERNANCE,DRAFT_PIA_SUPPLEMENT,FDQ-002,Founder disposition plus source-register update plus validator pass plus implementation/test/evidence gates where applicable,SRC-BACKEND-PERMISSION-MAP;SRC-BACKEND-ROUTE-ADMIN;SRC-BACKEND-ROUTE-ADMIN-BILLING;SRC-BACKEND-ROUTE-CARE;SRC-BACKEND-ROUTE-HORSE-LEDGER;SRC-BACKEND-ROUTE-HORSES;SRC-BACKEND-SERVER-ASSEMBLY;SRC-BACKEND-TEST-TEST-RF2-IDENTITY-ACCESS-MIGRATION;SRC-CANON-DATA-PROTECTION-CANON-V1.0;SRC-CANON-IDENTITY-CANON-V2.0;SRC-CANON-PERMISSION-CANON-V1.1;SRC-CANON-PRIVACY-CANON-V2.0;SRC-CODE-GUIDE-PROGRAM-STATUS;SRC-FOUNDER-DIRECTIVE;SRC-FRONTEND-APP-ROUTES;SRC-FRONTEND-PAGE-ADMINBILLINGDASHBOARD;SRC-FRONTEND-PAGE-ADMINREVIEWQUEUE;SRC-FRONTEND-PAGE-CARELEDGERTAB;SRC-FRONTEND-PAGE-FORBIDDEN;SRC-FRONTEND-PAGE-SIGNUP;SRC-IMPLEMENTATION-ATLAS;SRC-MASTER-PRODUCT-VISION;SRC-PIA-COMPONENT-OWNERSHIP;SRC-PIA-ITEM-01-DISPOSITION;SRC-PIA-ITEM-03-CUSTODY;SRC-PIA-PORTFOLIO-TEN;SRC-PIA-REALIGNMENT-REGISTER;SRC-ROLE-PERMISSION-MATRIX;SRC-FOUNDER-REVISION-DIRECTIVE-2026-08-01
GAP-ES-FEAT-IDENTITY-007,ES-FEAT-IDENTITY-007,invitations,Identity and access,NO,NO_NON_PIA_GOVERNANCE_GAP,NO,NO,NO,NO,YES,YES,YES,YES,YES,P2,HIGH,12,74,PIA_SUPPLEMENT,GOVERNANCE,DRAFT_PIA_SUPPLEMENT,FDQ-002,Founder disposition plus source-register update plus validator pass plus implementation/test/evidence gates where applicable,SRC-BACKEND-PERMISSION-MAP;SRC-BACKEND-ROUTE-ADMIN;SRC-BACKEND-ROUTE-ADMIN-BILLING;SRC-BACKEND-ROUTE-CARE;SRC-BACKEND-ROUTE-HORSE-LEDGER;SRC-BACKEND-ROUTE-HORSES;SRC-BACKEND-SERVER-ASSEMBLY;SRC-BACKEND-TEST-TEST-RF2-IDENTITY-ACCESS-MIGRATION;SRC-CANON-DATA-PROTECTION-CANON-V1.0;SRC-CANON-IDENTITY-CANON-V2.0;SRC-CANON-PERMISSION-CANON-V1.1;SRC-CANON-PRIVACY-CANON-V2.0;SRC-CODE-GUIDE-PROGRAM-STATUS;SRC-FOUNDER-DIRECTIVE;SRC-FRONTEND-APP-ROUTES;SRC-FRONTEND-PAGE-ADMINBILLINGDASHBOARD;SRC-FRONTEND-PAGE-ADMINREVIEWQUEUE;SRC-FRONTEND-PAGE-CARELEDGERTAB;SRC-FRONTEND-PAGE-FORBIDDEN;SRC-FRONTEND-PAGE-SIGNUP;SRC-IMPLEMENTATION-ATLAS;SRC-MASTER-PRODUCT-VISION;SRC-PIA-COMPONENT-OWNERSHIP;SRC-PIA-ITEM-01-DISPOSITION;SRC-PIA-ITEM-03-CUSTODY;SRC-PIA-PORTFOLIO-TEN;SRC-PIA-REALIGNMENT-REGISTER;SRC-ROLE-PERMISSION-MATRIX;SRC-FOUNDER-REVISION-DIRECTIVE-2026-08-01
GAP-ES-FEAT-IDENTITY-008,ES-FEAT-IDENTITY-008,enrollment,Identity and access,NO,NO_NON_PIA_GOVERNANCE_GAP,NO,NO,NO,NO,YES,YES,YES,YES,YES,P2,HIGH,12,74,PIA_SUPPLEMENT,GOVERNANCE,DRAFT_PIA_SUPPLEMENT,FDQ-002,Founder disposition plus source-register update plus validator pass plus implementation/test/evidence gates where applicable,SRC-BACKEND-PERMISSION-MAP;SRC-BACKEND-ROUTE-ADMIN;SRC-BACKEND-ROUTE-ADMIN-BILLING;SRC-BACKEND-ROUTE-CARE;SRC-BACKEND-ROUTE-GUARDIAN-INTAKE;SRC-BACKEND-ROUTE-HORSE-LEDGER;SRC-BACKEND-SERVER-ASSEMBLY;SRC-BACKEND-TEST-TEST-RF2-IDENTITY-ACCESS-MIGRATION;SRC-BACKEND-TEST-TEST-RF5-WEB-ENROLLMENT-ACCOUNT-HEALTH;SRC-CANON-DATA-PROTECTION-CANON-V1.0;SRC-CANON-IDENTITY-CANON-V2.0;SRC-CANON-PERMISSION-CANON-V1.1;SRC-CANON-PRIVACY-CANON-V2.0;SRC-CODE-GUIDE-PROGRAM-STATUS;SRC-FOUNDER-DIRECTIVE;SRC-FRONTEND-APP-ROUTES;SRC-FRONTEND-PAGE-ADMINBILLINGDASHBOARD;SRC-FRONTEND-PAGE-ADMINREVIEWQUEUE;SRC-FRONTEND-PAGE-CARELEDGERTAB;SRC-FRONTEND-PAGE-ENROLLMENT;SRC-FRONTEND-PAGE-SIGNUP;SRC-IMPLEMENTATION-ATLAS;SRC-MASTER-PRODUCT-VISION;SRC-PIA-COMPONENT-OWNERSHIP;SRC-PIA-ITEM-01-DISPOSITION;SRC-PIA-ITEM-03-CUSTODY;SRC-PIA-PORTFOLIO-TEN;SRC-PIA-REALIGNMENT-REGISTER;SRC-ROLE-PERMISSION-MATRIX;SRC-FOUNDER-REVISION-DIRECTIVE-2026-08-01
GAP-ES-FEAT-IDENTITY-009,ES-FEAT-IDENTITY-009,tenant membership,Identity and access,NO,NO_NON_PIA_GOVERNANCE_GAP,NO,NO,NO,NO,YES,YES,YES,YES,YES,P2,HIGH,12,74,PIA_SUPPLEMENT,GOVERNANCE,DRAFT_PIA_SUPPLEMENT,FDQ-002,Founder disposition plus source-register update plus validator pass plus implementation/test/evidence gates where applicable,SRC-BACKEND-PERMISSION-MAP;SRC-BACKEND-ROUTE-ADMIN;SRC-BACKEND-ROUTE-HORSE-LEDGER;SRC-BACKEND-ROUTE-MEMBERSHIP;SRC-BACKEND-ROUTE-ONBOARDING;SRC-BACKEND-ROUTE-TRAINER-OPERATING-CENTER;SRC-BACKEND-SERVER-ASSEMBLY;SRC-BACKEND-TEST-TEST-BUILD-NEXT-3A-ACCOUNT-MEMBERSHIPS;SRC-BACKEND-TEST-TEST-MEMBERSHIP-LEGACY-STRIPE-WEBHOOK-SECURITY;SRC-BACKEND-TEST-TEST-RF2-IDENTITY-ACCESS-MIGRATION;SRC-CANON-DATA-PROTECTION-CANON-V1.0;SRC-CANON-IDENTITY-CANON-V2.0;SRC-CANON-PERMISSION-CANON-V1.1;SRC-CANON-PRIVACY-CANON-V2.0;SRC-CODE-GUIDE-PROGRAM-STATUS;SRC-FOUNDER-DIRECTIVE;SRC-FRONTEND-APP-ROUTES;SRC-FRONTEND-PAGE-ADMINBILLINGDASHBOARD;SRC-FRONTEND-PAGE-ADMINREVIEWQUEUE;SRC-FRONTEND-PAGE-CARELEDGERTAB;SRC-FRONTEND-PAGE-FORBIDDEN;SRC-FRONTEND-PAGE-SETTINGS;SRC-IMPLEMENTATION-ATLAS;SRC-MASTER-PRODUCT-VISION;SRC-PIA-COMPONENT-OWNERSHIP;SRC-PIA-ITEM-01-DISPOSITION;SRC-PIA-ITEM-03-CUSTODY;SRC-PIA-PORTFOLIO-TEN;SRC-PIA-REALIGNMENT-REGISTER;SRC-ROLE-PERMISSION-MATRIX;SRC-FOUNDER-REVISION-DIRECTIVE-2026-08-01
GAP-ES-FEAT-IDENTITY-010,ES-FEAT-IDENTITY-010,facility membership,Identity and access,NO,NO_NON_PIA_GOVERNANCE_GAP,NO,NO,NO,NO,YES,YES,YES,YES,YES,P2,HIGH,12,74,PIA_SUPPLEMENT,GOVERNANCE,DRAFT_PIA_SUPPLEMENT,FDQ-002,Founder disposition plus source-register update plus validator pass plus implementation/test/evidence gates where applicable,SRC-BACKEND-PERMISSION-MAP;SRC-BACKEND-ROUTE-BARN-OWNER-INTAKE;SRC-BACKEND-ROUTE-HORSE-LEDGER;SRC-BACKEND-ROUTE-MEMBERSHIP;SRC-BACKEND-ROUTE-ONBOARDING;SRC-BACKEND-ROUTE-TRAINER-OPERATING-CENTER;SRC-BACKEND-SERVER-ASSEMBLY;SRC-BACKEND-TEST-TEST-BUILD-NEXT-3A-ACCOUNT-MEMBERSHIPS;SRC-BACKEND-TEST-TEST-MEMBERSHIP-LEGACY-STRIPE-WEBHOOK-SECURITY;SRC-BACKEND-TEST-TEST-RF2-IDENTITY-ACCESS-MIGRATION;SRC-CANON-DATA-PROTECTION-CANON-V1.0;SRC-CANON-IDENTITY-CANON-V2.0;SRC-CANON-PERMISSION-CANON-V1.1;SRC-CANON-PRIVACY-CANON-V2.0;SRC-CODE-GUIDE-PROGRAM-STATUS;SRC-FOUNDER-DIRECTIVE;SRC-FRONTEND-APP-ROUTES;SRC-FRONTEND-PAGE-ADMINREVIEWQUEUE;SRC-FRONTEND-PAGE-FACILITYDASHBOARD;SRC-FRONTEND-PAGE-PERSONALDASHBOARD;SRC-FRONTEND-PAGE-SERVICEPROVIDERDASHBOARD;SRC-FRONTEND-PAGE-SETTINGS;SRC-IMPLEMENTATION-ATLAS;SRC-MASTER-PRODUCT-VISION;SRC-PIA-COMPONENT-OWNERSHIP;SRC-PIA-ITEM-01-DISPOSITION;SRC-PIA-ITEM-03-CUSTODY;SRC-PIA-PORTFOLIO-TEN;SRC-PIA-REALIGNMENT-REGISTER;SRC-ROLE-PERMISSION-MATRIX;SRC-FOUNDER-REVISION-DIRECTIVE-2026-08-01
GAP-ES-FEAT-IDENTITY-011,ES-FEAT-IDENTITY-011,roles and capabilities,Identity and access,NO,NO_NON_PIA_GOVERNANCE_GAP,NO,NO,NO,NO,YES,YES,NO,YES,YES,P3,HIGH,6,94,NO_NEW_ARTIFACT,ENGINEERING,VERIFY_REPOSITORY_IMPLEMENTATION,FDQ-007,Founder disposition plus source-register update plus validator pass plus implementation/test/evidence gates where applicable,SRC-BACKEND-PERMISSION-MAP;SRC-BACKEND-ROUTE-ADMIN;SRC-BACKEND-ROUTE-ADMIN-BILLING;SRC-BACKEND-ROUTE-HORSE-LEDGER;SRC-BACKEND-ROUTE-ONBOARDING;SRC-BACKEND-ROUTE-SUBSCRIPTION-EMAILS;SRC-BACKEND-SERVER-ASSEMBLY;SRC-BACKEND-TEST-TEST-RF2-IDENTITY-ACCESS-MIGRATION;SRC-CANON-DATA-PROTECTION-CANON-V1.0;SRC-CANON-IDENTITY-CANON-V2.0;SRC-CANON-PERMISSION-CANON-V1.1;SRC-CANON-PRIVACY-CANON-V2.0;SRC-CODE-GUIDE-PROGRAM-STATUS;SRC-FOUNDER-DIRECTIVE;SRC-FRONTEND-APP-ROUTES;SRC-FRONTEND-PAGE-ADMINBILLINGDASHBOARD;SRC-FRONTEND-PAGE-ADMINREVIEWQUEUE;SRC-FRONTEND-PAGE-ARENASCHEDULE;SRC-FRONTEND-PAGE-CARELEDGERTAB;SRC-FRONTEND-PAGE-FORBIDDEN;SRC-IMPLEMENTATION-ATLAS;SRC-MASTER-PRODUCT-VISION;SRC-PIA-COMPONENT-OWNERSHIP;SRC-PIA-ITEM-01-DISPOSITION;SRC-PIA-ITEM-03-CUSTODY;SRC-PIA-PORTFOLIO-TEN;SRC-PIA-REALIGNMENT-REGISTER;SRC-ROLE-PERMISSION-MATRIX;SRC-FOUNDER-REVISION-DIRECTIVE-2026-08-01
GAP-ES-FEAT-IDENTITY-012,ES-FEAT-IDENTITY-012,delegation,Identity and access,NO,NO_NON_PIA_GOVERNANCE_GAP,NO,NO,NO,NO,YES,YES,YES,YES,YES,P2,HIGH,12,74,PIA_SUPPLEMENT,GOVERNANCE,DRAFT_PIA_SUPPLEMENT,FDQ-002,Founder disposition plus source-register update plus validator pass plus implementation/test/evidence gates where applicable,SRC-BACKEND-PERMISSION-MAP;SRC-BACKEND-ROUTE-ADMIN;SRC-BACKEND-ROUTE-ADMIN-BILLING;SRC-BACKEND-ROUTE-CARE;SRC-BACKEND-ROUTE-HORSE-LEDGER;SRC-BACKEND-ROUTE-HORSES;SRC-BACKEND-SERVER-ASSEMBLY;SRC-BACKEND-TEST-TEST-RF2-IDENTITY-ACCESS-MIGRATION;SRC-CANON-DATA-PROTECTION-CANON-V1.0;SRC-CANON-IDENTITY-CANON-V2.0;SRC-CANON-PERMISSION-CANON-V1.1;SRC-CANON-PRIVACY-CANON-V2.0;SRC-CODE-GUIDE-PROGRAM-STATUS;SRC-FOUNDER-DIRECTIVE;SRC-FRONTEND-APP-ROUTES;SRC-FRONTEND-PAGE-ADMINBILLINGDASHBOARD;SRC-FRONTEND-PAGE-ADMINREVIEWQUEUE;SRC-FRONTEND-PAGE-CARELEDGERTAB;SRC-FRONTEND-PAGE-FORBIDDEN;SRC-FRONTEND-PAGE-SIGNUP;SRC-IMPLEMENTATION-ATLAS;SRC-MASTER-PRODUCT-VISION;SRC-PIA-COMPONENT-OWNERSHIP;SRC-PIA-ITEM-01-DISPOSITION;SRC-PIA-ITEM-03-CUSTODY;SRC-PIA-PORTFOLIO-TEN;SRC-PIA-REALIGNMENT-REGISTER;SRC-ROLE-PERMISSION-MATRIX;SRC-FOUNDER-REVISION-DIRECTIVE-2026-08-01
GAP-ES-FEAT-IDENTITY-013,ES-FEAT-IDENTITY-013,support access,Identity and access,NO,NO_NON_PIA_GOVERNANCE_GAP,NO,NO,NO,NO,YES,YES,YES,YES,YES,P2,HIGH,12,74,PIA_SUPPLEMENT,GOVERNANCE,DRAFT_PIA_SUPPLEMENT,FDQ-002,Founder disposition plus source-register update plus validator pass plus implementation/test/evidence gates where applicable,SRC-BACKEND-PERMISSION-MAP;SRC-BACKEND-ROUTE-ADMIN;SRC-BACKEND-ROUTE-ADMIN-BILLING;SRC-BACKEND-ROUTE-CARE;SRC-BACKEND-ROUTE-HORSE-LEDGER;SRC-BACKEND-ROUTE-HORSES;SRC-BACKEND-SERVER-ASSEMBLY;SRC-BACKEND-TEST-TEST-RF2-IDENTITY-ACCESS-MIGRATION;SRC-CANON-DATA-PROTECTION-CANON-V1.0;SRC-CANON-IDENTITY-CANON-V2.0;SRC-CANON-PERMISSION-CANON-V1.1;SRC-CANON-PRIVACY-CANON-V2.0;SRC-CODE-GUIDE-PROGRAM-STATUS;SRC-FOUNDER-DIRECTIVE;SRC-FRONTEND-APP-ROUTES;SRC-FRONTEND-PAGE-ADMINBILLINGDASHBOARD;SRC-FRONTEND-PAGE-ADMINREVIEWQUEUE;SRC-FRONTEND-PAGE-CARELEDGERTAB;SRC-FRONTEND-PAGE-FORBIDDEN;SRC-FRONTEND-PAGE-SIGNUP;SRC-IMPLEMENTATION-ATLAS;SRC-MASTER-PRODUCT-VISION;SRC-PIA-COMPONENT-OWNERSHIP;SRC-PIA-ITEM-01-DISPOSITION;SRC-PIA-ITEM-03-CUSTODY;SRC-PIA-PORTFOLIO-TEN;SRC-PIA-REALIGNMENT-REGISTER;SRC-ROLE-PERMISSION-MATRIX;SRC-FOUNDER-REVISION-DIRECTIVE-2026-08-01
GAP-ES-FEAT-IDENTITY-014,ES-FEAT-IDENTITY-014,service accounts,Identity and access,NO,NO_NON_PIA_GOVERNANCE_GAP,NO,NO,NO,NO,YES,YES,YES,YES,YES,P2,HIGH,12,74,PIA_SUPPLEMENT,GOVERNANCE,DRAFT_PIA_SUPPLEMENT,FDQ-002,Founder disposition plus source-register update plus validator pass plus implementation/test/evidence gates where applicable,SRC-BACKEND-PERMISSION-MAP;SRC-BACKEND-ROUTE-ADMIN-BILLING;SRC-BACKEND-ROUTE-BARN-OWNER-INTAKE;SRC-BACKEND-ROUTE-HORSE-LEDGER;SRC-BACKEND-ROUTE-ONBOARDING;SRC-BACKEND-ROUTE-SERVICE-PROVIDER-CENTER;SRC-BACKEND-SERVER-ASSEMBLY;SRC-BACKEND-TEST-TEST-AUDIT-SERVICE;SRC-BACKEND-TEST-TEST-RF10-SERVICE-PROVIDER-CARE-PARTNER;SRC-BACKEND-TEST-TEST-RF2-IDENTITY-ACCESS-MIGRATION;SRC-CANON-DATA-PROTECTION-CANON-V1.0;SRC-CANON-IDENTITY-CANON-V2.0;SRC-CANON-PERMISSION-CANON-V1.1;SRC-CANON-PRIVACY-CANON-V2.0;SRC-CODE-GUIDE-PROGRAM-STATUS;SRC-FOUNDER-DIRECTIVE;SRC-FRONTEND-APP-ROUTES;SRC-FRONTEND-PAGE-ADMINBILLINGDASHBOARD;SRC-FRONTEND-PAGE-ADMINREVIEWQUEUE;SRC-FRONTEND-PAGE-CARELEDGERTAB;SRC-FRONTEND-PAGE-SERVICEPROVIDERDASHBOARD;SRC-FRONTEND-PAGE-SIGNUP;SRC-IMPLEMENTATION-ATLAS;SRC-MASTER-PRODUCT-VISION;SRC-PIA-COMPONENT-OWNERSHIP;SRC-PIA-ITEM-01-DISPOSITION;SRC-PIA-ITEM-03-CUSTODY;SRC-PIA-PORTFOLIO-TEN;SRC-PIA-REALIGNMENT-REGISTER;SRC-ROLE-PERMISSION-MATRIX;SRC-FOUNDER-REVISION-DIRECTIVE-2026-08-01
GAP-ES-FEAT-IDENTITY-015,ES-FEAT-IDENTITY-015,account closure,Identity and access,NO,NO_NON_PIA_GOVERNANCE_GAP,NO,NO,NO,NO,YES,YES,YES,YES,YES,P2,HIGH,12,74,PIA_SUPPLEMENT,GOVERNANCE,DRAFT_PIA_SUPPLEMENT,FDQ-002,Founder disposition plus source-register update plus validator pass plus implementation/test/evidence gates where applicable,SRC-BACKEND-PERMISSION-MAP;SRC-BACKEND-ROUTE-ACCOUNT-CONTEXT;SRC-BACKEND-ROUTE-HORSE-LEDGER;SRC-BACKEND-ROUTE-HORSES;SRC-BACKEND-ROUTE-ONBOARDING;SRC-BACKEND-ROUTE-SERVICE-PROVIDER-CENTER;SRC-BACKEND-SERVER-ASSEMBLY;SRC-BACKEND-TEST-TEST-BUILD-NEXT-10-STAGING-UAT-CLOSURE;SRC-BACKEND-TEST-TEST-BUILD-NEXT-12-CLOSURE;SRC-BACKEND-TEST-TEST-BUILD-NEXT-12A-UAT-ACCOUNT-SEED;SRC-BACKEND-TEST-TEST-BUILD-NEXT-20-BN12-CLOSURE;SRC-BACKEND-TEST-TEST-BUILD-NEXT-3A-ACCOUNT-MEMBERSHIPS;SRC-BACKEND-TEST-TEST-BUILD-NEXT-3B-ACCOUNT-CONTEXT;SRC-BACKEND-TEST-TEST-RF2-IDENTITY-ACCESS-MIGRATION;SRC-BACKEND-TEST-TEST-RF5-WEB-ENROLLMENT-ACCOUNT-HEALTH;SRC-CANON-DATA-PROTECTION-CANON-V1.0;SRC-CANON-IDENTITY-CANON-V2.0;SRC-CANON-PERMISSION-CANON-V1.1;SRC-CANON-PRIVACY-CANON-V2.0;SRC-CODE-GUIDE-PROGRAM-STATUS;SRC-FOUNDER-DIRECTIVE;SRC-FRONTEND-APP-ROUTES;SRC-FRONTEND-PAGE-ADMINBILLINGDASHBOARD;SRC-FRONTEND-PAGE-ADMINREVIEWQUEUE;SRC-FRONTEND-PAGE-CARELEDGERTAB;SRC-FRONTEND-PAGE-ENROLLMENT;SRC-FRONTEND-PAGE-TRAINERDASHBOARD;SRC-IMPLEMENTATION-ATLAS;SRC-MASTER-PRODUCT-VISION;SRC-PIA-COMPONENT-OWNERSHIP;SRC-PIA-ITEM-01-DISPOSITION;SRC-PIA-ITEM-03-CUSTODY;SRC-PIA-PORTFOLIO-TEN;SRC-PIA-REALIGNMENT-REGISTER;SRC-ROLE-PERMISSION-MATRIX;SRC-FOUNDER-REVISION-DIRECTIVE-2026-08-01
GAP-ES-FEAT-IDENTITY-016,ES-FEAT-IDENTITY-016,duplicate identity and merge,Identity and access,NO,NO_NON_PIA_GOVERNANCE_GAP,NO,NO,NO,NO,YES,YES,YES,YES,YES,P2,HIGH,12,74,PIA_SUPPLEMENT,GOVERNANCE,DRAFT_PIA_SUPPLEMENT,FDQ-002,Founder disposition plus source-register update plus validator pass plus implementation/test/evidence gates where applicable,SRC-BACKEND-PERMISSION-MAP;SRC-BACKEND-ROUTE-ADMIN;SRC-BACKEND-ROUTE-CARE;SRC-BACKEND-ROUTE-HORSE-LEDGER;SRC-BACKEND-ROUTE-HORSES;SRC-BACKEND-ROUTE-OPERATIONS;SRC-BACKEND-SERVER-ASSEMBLY;SRC-BACKEND-TEST-TEST-RF2-IDENTITY-ACCESS-MIGRATION;SRC-CANON-DATA-PROTECTION-CANON-V1.0;SRC-CANON-IDENTITY-CANON-V2.0;SRC-CANON-PERMISSION-CANON-V1.1;SRC-CANON-PRIVACY-CANON-V2.0;SRC-CODE-GUIDE-PROGRAM-STATUS;SRC-FOUNDER-DIRECTIVE;SRC-FRONTEND-APP-ROUTES;SRC-FRONTEND-PAGE-ADMINBILLINGDASHBOARD;SRC-FRONTEND-PAGE-ADMINREVIEWQUEUE;SRC-FRONTEND-PAGE-EMERGENCYCONTACTS;SRC-FRONTEND-PAGE-EMERGENCYWORKFLOWS;SRC-FRONTEND-PAGE-PERSONALDASHBOARD;SRC-IMPLEMENTATION-ATLAS;SRC-MASTER-PRODUCT-VISION;SRC-PIA-COMPONENT-OWNERSHIP;SRC-PIA-ITEM-01-DISPOSITION;SRC-PIA-ITEM-03-CUSTODY;SRC-PIA-PORTFOLIO-TEN;SRC-PIA-REALIGNMENT-REGISTER;SRC-ROLE-PERMISSION-MATRIX;SRC-FOUNDER-REVISION-DIRECTIVE-2026-08-01
GAP-ES-FEAT-RELATIONSHIP-001,ES-FEAT-RELATIONSHIP-001,owner-horse relationships,Relationships and guardianship,NO,NO_NON_PIA_GOVERNANCE_GAP,NO,NO,NO,NO,YES,YES,YES,YES,YES,P2,HIGH,12,74,PIA_SUPPLEMENT,GOVERNANCE,DRAFT_PIA_SUPPLEMENT,FDQ-002,Founder disposition plus source-register update plus validator pass plus implementation/test/evidence gates where applicable,SRC-BACKEND-PERMISSION-MAP;SRC-BACKEND-ROUTE-STUDENT-GUARDIANS;SRC-BACKEND-SERVER-ASSEMBLY;SRC-CANON-AGREEMENT-CONSENT-AUTHORIZATION-CANON-V2.1;SRC-CANON-CLAIMS-CANON-V2.0;SRC-CANON-PERMISSION-CANON-V1.1;SRC-CANON-RELATIONSHIP-CANON-V2.0;SRC-CANON-SAFEGUARDING-CANON-V1.2;SRC-CODE-GUIDE-PROGRAM-STATUS;SRC-FOUNDER-DIRECTIVE;SRC-FRONTEND-APP-ROUTES;SRC-IMPLEMENTATION-ATLAS;SRC-MASTER-PRODUCT-VISION;SRC-PIA-COMPONENT-OWNERSHIP;SRC-PIA-ITEM-01-DISPOSITION;SRC-PIA-ITEM-03-CUSTODY;SRC-PIA-ITEM-08-DISPOSITION;SRC-PIA-PORTFOLIO-TEN;SRC-PIA-REALIGNMENT-REGISTER;SRC-ROLE-PERMISSION-MATRIX;SRC-FOUNDER-REVISION-DIRECTIVE-2026-08-01
GAP-ES-FEAT-RELATIONSHIP-002,ES-FEAT-RELATIONSHIP-002,trainer-client relationships,Relationships and guardianship,YES,CODE_GUIDE_GAP,YES,NO,NO,NO,YES,YES,YES,YES,YES,P2,HIGH,12,68,CODE_GUIDE,ARCHITECTURE,DRAFT_CODE_GUIDE,FDQ-006,Founder disposition plus source-register update plus validator pass plus implementation/test/evidence gates where applicable,SRC-BACKEND-PERMISSION-MAP;SRC-BACKEND-ROUTE-ADMIN-BILLING;SRC-BACKEND-ROUTE-CARE;SRC-BACKEND-ROUTE-STUDENT-GUARDIANS;SRC-BACKEND-ROUTE-TRAINER-INTAKE;SRC-BACKEND-ROUTE-TRAINER-OPERATING-CENTER;SRC-BACKEND-SERVER-ASSEMBLY;SRC-BACKEND-TEST-TEST-BUILD-NEXT-13G-TRAINER-INTAKE-SHELL;SRC-BACKEND-TEST-TEST-RF7-OWNER-CLIENT-PORTAL-HARDENING;SRC-BACKEND-TEST-TEST-RF9-TRAINER-OPERATING-CENTER;SRC-CANON-AGREEMENT-CONSENT-AUTHORIZATION-CANON-V2.1;SRC-CANON-CLAIMS-CANON-V2.0;SRC-CANON-PERMISSION-CANON-V1.1;SRC-CANON-RELATIONSHIP-CANON-V2.0;SRC-CANON-SAFEGUARDING-CANON-V1.2;SRC-CODE-GUIDE-PROGRAM-STATUS;SRC-FOUNDER-DIRECTIVE;SRC-FRONTEND-APP-ROUTES;SRC-FRONTEND-PAGE-ADMINREVIEWQUEUE;SRC-FRONTEND-PAGE-LANDING;SRC-FRONTEND-PAGE-PERSONALDASHBOARD;SRC-FRONTEND-PAGE-SIGNUP;SRC-FRONTEND-PAGE-TRAINERDASHBOARD;SRC-IMPLEMENTATION-ATLAS;SRC-MASTER-PRODUCT-VISION;SRC-PIA-COMPONENT-OWNERSHIP;SRC-PIA-ITEM-01-DISPOSITION;SRC-PIA-ITEM-03-CUSTODY;SRC-PIA-ITEM-08-DISPOSITION;SRC-PIA-PORTFOLIO-TEN;SRC-PIA-REALIGNMENT-REGISTER;SRC-ROLE-PERMISSION-MATRIX;SRC-FOUNDER-REVISION-DIRECTIVE-2026-08-01
GAP-ES-FEAT-RELATIONSHIP-003,ES-FEAT-RELATIONSHIP-003,guardian-minor relationships,Relationships and guardianship,NO,NO_NON_PIA_GOVERNANCE_GAP,NO,NO,NO,NO,YES,YES,YES,YES,YES,P2,HIGH,12,74,PIA_SUPPLEMENT,GOVERNANCE,DRAFT_PIA_SUPPLEMENT,FDQ-002,Founder disposition plus source-register update plus validator pass plus implementation/test/evidence gates where applicable,SRC-BACKEND-PERMISSION-MAP;SRC-BACKEND-ROUTE-BILLING;SRC-BACKEND-ROUTE-DOCUMENT-SIGNATURES;SRC-BACKEND-ROUTE-GUARDIAN-INTAKE;SRC-BACKEND-ROUTE-ONBOARDING;SRC-BACKEND-ROUTE-STUDENT-GUARDIANS;SRC-BACKEND-SERVER-ASSEMBLY;SRC-BACKEND-TEST-TEST-BUILD-NEXT-13D-GUARDIAN-MINOR-INTAKE;SRC-BACKEND-TEST-TEST-BUILD-NEXT-5A-MINOR-SAFETY-RULES;SRC-BACKEND-TEST-TEST-BUILD-NEXT-5B-GUARDIAN-STUDENT-INVITES;SRC-BACKEND-TEST-TEST-BUILD-NEXT-5C-MINOR-COMMUNICATION-GUARD;SRC-BACKEND-TEST-TEST-BUILD-NEXT-5D-MINOR-PARENT-EVIDENCE;SRC-BACKEND-TEST-TEST-CGP006-IWP0002-GUARDIAN-MINOR-SAFEGUARDING;SRC-CANON-AGREEMENT-CONSENT-AUTHORIZATION-CANON-V2.1;SRC-CANON-CLAIMS-CANON-V2.0;SRC-CANON-PERMISSION-CANON-V1.1;SRC-CANON-RELATIONSHIP-CANON-V2.0;SRC-CANON-SAFEGUARDING-CANON-V1.2;SRC-CODE-GUIDE-PROGRAM-STATUS;SRC-FOUNDER-DIRECTIVE;SRC-FRONTEND-APP-ROUTES;SRC-FRONTEND-PAGE-FORMSSIGNATURES;SRC-FRONTEND-PAGE-GUARDIANDASHBOARD;SRC-FRONTEND-PAGE-PERSONALDASHBOARD;SRC-IMPLEMENTATION-ATLAS;SRC-MASTER-PRODUCT-VISION;SRC-PIA-COMPONENT-OWNERSHIP;SRC-PIA-ITEM-01-DISPOSITION;SRC-PIA-ITEM-03-CUSTODY;SRC-PIA-ITEM-08-DISPOSITION;SRC-PIA-PORTFOLIO-TEN;SRC-PIA-REALIGNMENT-REGISTER;SRC-ROLE-PERMISSION-MATRIX;SRC-FOUNDER-REVISION-DIRECTIVE-2026-08-01
GAP-ES-FEAT-RELATIONSHIP-004,ES-FEAT-RELATIONSHIP-004,delegated authority,Relationships and guardianship,NO,NO_NON_PIA_GOVERNANCE_GAP,NO,NO,NO,NO,YES,YES,YES,YES,YES,P2,HIGH,12,74,PIA_SUPPLEMENT,GOVERNANCE,DRAFT_PIA_SUPPLEMENT,FDQ-002,Founder disposition plus source-register update plus validator pass plus implementation/test/evidence gates where applicable,SRC-BACKEND-PERMISSION-MAP;SRC-BACKEND-ROUTE-BILLING;SRC-BACKEND-ROUTE-DOCUMENT-SIGNATURES;SRC-BACKEND-ROUTE-OPERATIONS;SRC-BACKEND-ROUTE-RECURRING-CHARGES;SRC-BACKEND-ROUTE-STUDENT-GUARDIANS;SRC-BACKEND-SERVER-ASSEMBLY;SRC-CANON-AGREEMENT-CONSENT-AUTHORIZATION-CANON-V2.1;SRC-CANON-CLAIMS-CANON-V2.0;SRC-CANON-PERMISSION-CANON-V1.1;SRC-CANON-RELATIONSHIP-CANON-V2.0;SRC-CANON-SAFEGUARDING-CANON-V1.2;SRC-CODE-GUIDE-PROGRAM-STATUS;SRC-FOUNDER-DIRECTIVE;SRC-FRONTEND-APP-ROUTES;SRC-IMPLEMENTATION-ATLAS;SRC-MASTER-PRODUCT-VISION;SRC-PIA-COMPONENT-OWNERSHIP;SRC-PIA-ITEM-01-DISPOSITION;SRC-PIA-ITEM-03-CUSTODY;SRC-PIA-ITEM-08-DISPOSITION;SRC-PIA-PORTFOLIO-TEN;SRC-PIA-REALIGNMENT-REGISTER;SRC-ROLE-PERMISSION-MATRIX;SRC-FOUNDER-REVISION-DIRECTIVE-2026-08-01
GAP-ES-FEAT-RELATIONSHIP-005,ES-FEAT-RELATIONSHIP-005,effective dates,Relationships and guardianship,NO,NO_NON_PIA_GOVERNANCE_GAP,NO,NO,NO,NO,YES,YES,YES,YES,YES,P2,HIGH,12,74,PIA_SUPPLEMENT,GOVERNANCE,DRAFT_PIA_SUPPLEMENT,FDQ-002,Founder disposition plus source-register update plus validator pass plus implementation/test/evidence gates where applicable,SRC-BACKEND-PERMISSION-MAP;SRC-BACKEND-ROUTE-BACKLOG;SRC-BACKEND-ROUTE-DIGESTS;SRC-BACKEND-ROUTE-OWNER-UPDATES;SRC-BACKEND-ROUTE-REPORTS;SRC-BACKEND-ROUTE-STUDENT-GUARDIANS;SRC-BACKEND-SERVER-ASSEMBLY;SRC-BACKEND-TEST-TEST-OWNER-UPDATES;SRC-CANON-AGREEMENT-CONSENT-AUTHORIZATION-CANON-V2.1;SRC-CANON-CLAIMS-CANON-V2.0;SRC-CANON-PERMISSION-CANON-V1.1;SRC-CANON-RELATIONSHIP-CANON-V2.0;SRC-CANON-SAFEGUARDING-CANON-V1.2;SRC-CODE-GUIDE-PROGRAM-STATUS;SRC-FOUNDER-DIRECTIVE;SRC-FRONTEND-APP-ROUTES;SRC-FRONTEND-PAGE-ADMINREVIEWQUEUE;SRC-FRONTEND-PAGE-HORSEPROFILE;SRC-FRONTEND-PAGE-OWNERPORTAL;SRC-FRONTEND-PAGE-OWNERUPDATES;SRC-FRONTEND-PAGE-PERSONALDASHBOARD;SRC-IMPLEMENTATION-ATLAS;SRC-MASTER-PRODUCT-VISION;SRC-PIA-COMPONENT-OWNERSHIP;SRC-PIA-ITEM-01-DISPOSITION;SRC-PIA-ITEM-03-CUSTODY;SRC-PIA-ITEM-08-DISPOSITION;SRC-PIA-PORTFOLIO-TEN;SRC-PIA-REALIGNMENT-REGISTER;SRC-ROLE-PERMISSION-MATRIX;SRC-FOUNDER-REVISION-DIRECTIVE-2026-08-01
GAP-ES-FEAT-RELATIONSHIP-006,ES-FEAT-RELATIONSHIP-006,disputes,Relationships and guardianship,NO,NO_NON_PIA_GOVERNANCE_GAP,NO,NO,NO,NO,YES,YES,YES,YES,YES,P2,HIGH,12,74,PIA_SUPPLEMENT,GOVERNANCE,DRAFT_PIA_SUPPLEMENT,FDQ-002,Founder disposition plus source-register update plus validator pass plus implementation/test/evidence gates where applicable,SRC-BACKEND-PERMISSION-MAP;SRC-BACKEND-ROUTE-STUDENT-GUARDIANS;SRC-BACKEND-SERVER-ASSEMBLY;SRC-CANON-AGREEMENT-CONSENT-AUTHORIZATION-CANON-V2.1;SRC-CANON-CLAIMS-CANON-V2.0;SRC-CANON-PERMISSION-CANON-V1.1;SRC-CANON-RELATIONSHIP-CANON-V2.0;SRC-CANON-SAFEGUARDING-CANON-V1.2;SRC-CODE-GUIDE-PROGRAM-STATUS;SRC-FOUNDER-DIRECTIVE;SRC-FRONTEND-APP-ROUTES;SRC-IMPLEMENTATION-ATLAS;SRC-MASTER-PRODUCT-VISION;SRC-PIA-COMPONENT-OWNERSHIP;SRC-PIA-ITEM-01-DISPOSITION;SRC-PIA-ITEM-03-CUSTODY;SRC-PIA-ITEM-08-DISPOSITION;SRC-PIA-PORTFOLIO-TEN;SRC-PIA-REALIGNMENT-REGISTER;SRC-ROLE-PERMISSION-MATRIX;SRC-FOUNDER-REVISION-DIRECTIVE-2026-08-01
GAP-ES-FEAT-RELATIONSHIP-007,ES-FEAT-RELATIONSHIP-007,restrictions,Relationships and guardianship,NO,NO_NON_PIA_GOVERNANCE_GAP,NO,NO,NO,NO,YES,YES,YES,YES,YES,P2,HIGH,12,74,PIA_SUPPLEMENT,GOVERNANCE,DRAFT_PIA_SUPPLEMENT,FDQ-002,Founder disposition plus source-register update plus validator pass plus implementation/test/evidence gates where applicable,SRC-BACKEND-PERMISSION-MAP;SRC-BACKEND-ROUTE-STUDENT-GUARDIANS;SRC-BACKEND-SERVER-ASSEMBLY;SRC-CANON-AGREEMENT-CONSENT-AUTHORIZATION-CANON-V2.1;SRC-CANON-CLAIMS-CANON-V2.0;SRC-CANON-PERMISSION-CANON-V1.1;SRC-CANON-RELATIONSHIP-CANON-V2.0;SRC-CANON-SAFEGUARDING-CANON-V1.2;SRC-CODE-GUIDE-PROGRAM-STATUS;SRC-FOUNDER-DIRECTIVE;SRC-FRONTEND-APP-ROUTES;SRC-IMPLEMENTATION-ATLAS;SRC-MASTER-PRODUCT-VISION;SRC-PIA-COMPONENT-OWNERSHIP;SRC-PIA-ITEM-01-DISPOSITION;SRC-PIA-ITEM-03-CUSTODY;SRC-PIA-ITEM-08-DISPOSITION;SRC-PIA-PORTFOLIO-TEN;SRC-PIA-REALIGNMENT-REGISTER;SRC-ROLE-PERMISSION-MATRIX;SRC-FOUNDER-REVISION-DIRECTIVE-2026-08-01
GAP-ES-FEAT-RELATIONSHIP-008,ES-FEAT-RELATIONSHIP-008,relationship verification,Relationships and guardianship,NO,NO_NON_PIA_GOVERNANCE_GAP,NO,NO,NO,NO,YES,YES,YES,YES,YES,P2,HIGH,12,74,PIA_SUPPLEMENT,GOVERNANCE,DRAFT_PIA_SUPPLEMENT,FDQ-002,Founder disposition plus source-register update plus validator pass plus implementation/test/evidence gates where applicable,SRC-BACKEND-PERMISSION-MAP;SRC-BACKEND-ROUTE-ADMIN-REVIEW;SRC-BACKEND-ROUTE-AUTH;SRC-BACKEND-ROUTE-DIGESTS;SRC-BACKEND-ROUTE-ONBOARDING;SRC-BACKEND-ROUTE-STUDENT-GUARDIANS;SRC-BACKEND-SERVER-ASSEMBLY;SRC-BACKEND-TEST-TEST-CORE-AUTH-VERIFICATION-GATE;SRC-CANON-AGREEMENT-CONSENT-AUTHORIZATION-CANON-V2.1;SRC-CANON-CLAIMS-CANON-V2.0;SRC-CANON-PERMISSION-CANON-V1.1;SRC-CANON-RELATIONSHIP-CANON-V2.0;SRC-CANON-SAFEGUARDING-CANON-V1.2;SRC-CODE-GUIDE-PROGRAM-STATUS;SRC-FOUNDER-DIRECTIVE;SRC-FRONTEND-APP-ROUTES;SRC-FRONTEND-PAGE-EMERGENCYCONTACTS;SRC-FRONTEND-PAGE-VERIFYEMAIL;SRC-IMPLEMENTATION-ATLAS;SRC-MASTER-PRODUCT-VISION;SRC-PIA-COMPONENT-OWNERSHIP;SRC-PIA-ITEM-01-DISPOSITION;SRC-PIA-ITEM-03-CUSTODY;SRC-PIA-ITEM-08-DISPOSITION;SRC-PIA-PORTFOLIO-TEN;SRC-PIA-REALIGNMENT-REGISTER;SRC-ROLE-PERMISSION-MATRIX;SRC-FOUNDER-REVISION-DIRECTIVE-2026-08-01
GAP-ES-FEAT-RELATIONSHIP-009,ES-FEAT-RELATIONSHIP-009,relationship termination,Relationships and guardianship,NO,NO_NON_PIA_GOVERNANCE_GAP,NO,NO,NO,NO,YES,YES,YES,YES,YES,P2,HIGH,12,74,PIA_SUPPLEMENT,GOVERNANCE,DRAFT_PIA_SUPPLEMENT,FDQ-002,Founder disposition plus source-register update plus validator pass plus implementation/test/evidence gates where applicable,SRC-BACKEND-PERMISSION-MAP;SRC-BACKEND-ROUTE-ONBOARDING;SRC-BACKEND-ROUTE-STUDENT-GUARDIANS;SRC-BACKEND-SERVER-ASSEMBLY;SRC-CANON-AGREEMENT-CONSENT-AUTHORIZATION-CANON-V2.1;SRC-CANON-CLAIMS-CANON-V2.0;SRC-CANON-PERMISSION-CANON-V1.1;SRC-CANON-RELATIONSHIP-CANON-V2.0;SRC-CANON-SAFEGUARDING-CANON-V1.2;SRC-CODE-GUIDE-PROGRAM-STATUS;SRC-FOUNDER-DIRECTIVE;SRC-FRONTEND-APP-ROUTES;SRC-FRONTEND-PAGE-EMERGENCYCONTACTS;SRC-IMPLEMENTATION-ATLAS;SRC-MASTER-PRODUCT-VISION;SRC-PIA-COMPONENT-OWNERSHIP;SRC-PIA-ITEM-01-DISPOSITION;SRC-PIA-ITEM-03-CUSTODY;SRC-PIA-ITEM-08-DISPOSITION;SRC-PIA-PORTFOLIO-TEN;SRC-PIA-REALIGNMENT-REGISTER;SRC-ROLE-PERMISSION-MATRIX;SRC-FOUNDER-REVISION-DIRECTIVE-2026-08-01
GAP-ES-FEAT-RELATIONSHIP-010,ES-FEAT-RELATIONSHIP-010,cross-tenant relationships,Relationships and guardianship,NO,NO_NON_PIA_GOVERNANCE_GAP,NO,NO,NO,NO,YES,YES,YES,YES,YES,P2,HIGH,12,74,PIA_SUPPLEMENT,GOVERNANCE,DRAFT_PIA_SUPPLEMENT,FDQ-002,Founder disposition plus source-register update plus validator pass plus implementation/test/evidence gates where applicable,SRC-BACKEND-PERMISSION-MAP;SRC-BACKEND-ROUTE-ADMIN;SRC-BACKEND-ROUTE-DASHBOARD;SRC-BACKEND-ROUTE-HORSE-LEDGER;SRC-BACKEND-ROUTE-PULSE;SRC-BACKEND-ROUTE-STUDENT-GUARDIANS;SRC-BACKEND-SERVER-ASSEMBLY;SRC-CANON-AGREEMENT-CONSENT-AUTHORIZATION-CANON-V2.1;SRC-CANON-CLAIMS-CANON-V2.0;SRC-CANON-PERMISSION-CANON-V1.1;SRC-CANON-RELATIONSHIP-CANON-V2.0;SRC-CANON-SAFEGUARDING-CANON-V1.2;SRC-CODE-GUIDE-PROGRAM-STATUS;SRC-FOUNDER-DIRECTIVE;SRC-FRONTEND-APP-ROUTES;SRC-FRONTEND-PAGE-AUDITLOG;SRC-FRONTEND-PAGE-DASHBOARD;SRC-FRONTEND-PAGE-FEED;SRC-FRONTEND-PAGE-RIDERS;SRC-IMPLEMENTATION-ATLAS;SRC-MASTER-PRODUCT-VISION;SRC-PIA-COMPONENT-OWNERSHIP;SRC-PIA-ITEM-01-DISPOSITION;SRC-PIA-ITEM-03-CUSTODY;SRC-PIA-ITEM-08-DISPOSITION;SRC-PIA-PORTFOLIO-TEN;SRC-PIA-REALIGNMENT-REGISTER;SRC-ROLE-PERMISSION-MATRIX;SRC-FOUNDER-REVISION-DIRECTIVE-2026-08-01
GAP-ES-FEAT-RELATIONSHIP-011,ES-FEAT-RELATIONSHIP-011,historical relationships,Relationships and guardianship,NO,NO_NON_PIA_GOVERNANCE_GAP,NO,NO,NO,NO,YES,YES,YES,YES,YES,P2,HIGH,12,74,PIA_SUPPLEMENT,GOVERNANCE,DRAFT_PIA_SUPPLEMENT,FDQ-002,Founder disposition plus source-register update plus validator pass plus implementation/test/evidence gates where applicable,SRC-BACKEND-PERMISSION-MAP;SRC-BACKEND-ROUTE-STUDENT-GUARDIANS;SRC-BACKEND-SERVER-ASSEMBLY;SRC-CANON-AGREEMENT-CONSENT-AUTHORIZATION-CANON-V2.1;SRC-CANON-CLAIMS-CANON-V2.0;SRC-CANON-PERMISSION-CANON-V1.1;SRC-CANON-RELATIONSHIP-CANON-V2.0;SRC-CANON-SAFEGUARDING-CANON-V1.2;SRC-CODE-GUIDE-PROGRAM-STATUS;SRC-FOUNDER-DIRECTIVE;SRC-FRONTEND-APP-ROUTES;SRC-IMPLEMENTATION-ATLAS;SRC-MASTER-PRODUCT-VISION;SRC-PIA-COMPONENT-OWNERSHIP;SRC-PIA-ITEM-01-DISPOSITION;SRC-PIA-ITEM-03-CUSTODY;SRC-PIA-ITEM-08-DISPOSITION;SRC-PIA-PORTFOLIO-TEN;SRC-PIA-REALIGNMENT-REGISTER;SRC-ROLE-PERMISSION-MATRIX;SRC-FOUNDER-REVISION-DIRECTIVE-2026-08-01
GAP-ES-FEAT-FACILITY-001,ES-FEAT-FACILITY-001,facility creation,"Facility, barn, business, and physical operations",NO,NO_NON_PIA_GOVERNANCE_GAP,NO,NO,NO,NO,YES,YES,YES,NO,YES,P2,MEDIUM,8,74,PIA_SUPPLEMENT,GOVERNANCE,DRAFT_PIA_SUPPLEMENT,FDQ-002,Founder disposition plus source-register update plus validator pass plus implementation/test/evidence gates where applicable,SRC-BACKEND-PERMISSION-MAP;SRC-BACKEND-ROUTE-AUTH;SRC-BACKEND-ROUTE-BARN-OWNER-INTAKE;SRC-BACKEND-ROUTE-MANAGER-INTAKE;SRC-BACKEND-ROUTE-MEMBERSHIP;SRC-BACKEND-ROUTE-ONBOARDING;SRC-BACKEND-SERVER-ASSEMBLY;SRC-BACKEND-TEST-TEST-BARN-BINDING;SRC-BACKEND-TEST-TEST-BUILD-NEXT-13F-BARN-OWNER-INTAKE-SHELL;SRC-BACKEND-TEST-TEST-BUILD-NEXT-15C-B-BARN-VISIBILITY-POLICY;SRC-BACKEND-TEST-TEST-BUILD-NEXT-3-MULTI-BARN-GAP-REPORT;SRC-BACKEND-TEST-TEST-OPERATIONS-ROUTES;SRC-BACKEND-TEST-TEST-OPERATIONS-SCOPING;SRC-BACKEND-TEST-TEST-PHASE4A-BARN-ID;SRC-CANON-BARN-CANON-V3.1;SRC-CANON-BUSINESS-CANON-V2.1;SRC-CANON-ECOSYSTEM-CANON-V2.1;SRC-CANON-FACILITY-CANON-V2.1;SRC-CANON-PLATFORM-OPS-CANON-V2.0;SRC-CODE-GUIDE-PROGRAM-STATUS;SRC-FOUNDER-DIRECTIVE;SRC-FRONTEND-APP-ROUTES;SRC-FRONTEND-PAGE-ADMINREVIEWQUEUE;SRC-FRONTEND-PAGE-FACILITYDASHBOARD;SRC-FRONTEND-PAGE-LANDING;SRC-FRONTEND-PAGE-PERSONALDASHBOARD;SRC-FRONTEND-PAGE-ROLEINTAKE;SRC-IMPLEMENTATION-ATLAS;SRC-MASTER-PRODUCT-VISION;SRC-PIA-COMPONENT-OWNERSHIP;SRC-PIA-ITEM-02-CUSTODY;SRC-PIA-PORTFOLIO-TEN;SRC-PIA-REALIGNMENT-REGISTER;SRC-ROLE-PERMISSION-MATRIX;SRC-FOUNDER-REVISION-DIRECTIVE-2026-08-01
GAP-ES-FEAT-FACILITY-002,ES-FEAT-FACILITY-002,barn lifecycle,"Facility, barn, business, and physical operations",NO,NO_NON_PIA_GOVERNANCE_GAP,NO,NO,NO,NO,YES,YES,YES,NO,YES,P2,MEDIUM,8,74,PIA_SUPPLEMENT,GOVERNANCE,DRAFT_PIA_SUPPLEMENT,FDQ-002,Founder disposition plus source-register update plus validator pass plus implementation/test/evidence gates where applicable,SRC-BACKEND-PERMISSION-MAP;SRC-BACKEND-ROUTE-BARN-OWNER-INTAKE;SRC-BACKEND-ROUTE-BARNS;SRC-BACKEND-ROUTE-MANAGER-INTAKE;SRC-BACKEND-ROUTE-MEMBERSHIP;SRC-BACKEND-ROUTE-ONBOARDING;SRC-BACKEND-SERVER-ASSEMBLY;SRC-BACKEND-TEST-TEST-BARN-BINDING;SRC-BACKEND-TEST-TEST-BUILD-NEXT-13F-BARN-OWNER-INTAKE-SHELL;SRC-BACKEND-TEST-TEST-BUILD-NEXT-15C-B-BARN-VISIBILITY-POLICY;SRC-BACKEND-TEST-TEST-BUILD-NEXT-3-MULTI-BARN-GAP-REPORT;SRC-BACKEND-TEST-TEST-OPERATIONS-ROUTES;SRC-BACKEND-TEST-TEST-OPERATIONS-SCOPING;SRC-BACKEND-TEST-TEST-PHASE4A-BARN-ID;SRC-BACKEND-TEST-TEST-REVIEW-QUEUE-AND-LIFECYCLE;SRC-CANON-BARN-CANON-V3.1;SRC-CANON-BUSINESS-CANON-V2.1;SRC-CANON-ECOSYSTEM-CANON-V2.1;SRC-CANON-FACILITY-CANON-V2.1;SRC-CANON-PLATFORM-OPS-CANON-V2.0;SRC-CODE-GUIDE-PROGRAM-STATUS;SRC-FOUNDER-DIRECTIVE;SRC-FRONTEND-APP-ROUTES;SRC-FRONTEND-PAGE-ADMINREVIEWQUEUE;SRC-FRONTEND-PAGE-BARNLOCATIONS;SRC-FRONTEND-PAGE-LANDING;SRC-FRONTEND-PAGE-PERSONALDASHBOARD;SRC-FRONTEND-PAGE-ROLEINTAKE;SRC-IMPLEMENTATION-ATLAS;SRC-MASTER-PRODUCT-VISION;SRC-PIA-COMPONENT-OWNERSHIP;SRC-PIA-ITEM-02-CUSTODY;SRC-PIA-PORTFOLIO-TEN;SRC-PIA-REALIGNMENT-REGISTER;SRC-ROLE-PERMISSION-MATRIX;SRC-FOUNDER-REVISION-DIRECTIVE-2026-08-01
GAP-ES-FEAT-FACILITY-003,ES-FEAT-FACILITY-003,locations,"Facility, barn, business, and physical operations",NO,NO_NON_PIA_GOVERNANCE_GAP,NO,NO,NO,NO,YES,YES,YES,NO,YES,P2,MEDIUM,8,74,PIA_SUPPLEMENT,GOVERNANCE,DRAFT_PIA_SUPPLEMENT,FDQ-002,Founder disposition plus source-register update plus validator pass plus implementation/test/evidence gates where applicable,SRC-BACKEND-PERMISSION-MAP;SRC-BACKEND-ROUTE-AUTH;SRC-BACKEND-ROUTE-BACKLOG;SRC-BACKEND-ROUTE-MANAGER-INTAKE;SRC-BACKEND-ROUTE-MEMBERSHIP;SRC-BACKEND-ROUTE-ONBOARDING;SRC-BACKEND-SERVER-ASSEMBLY;SRC-BACKEND-TEST-TEST-BARN-BINDING;SRC-BACKEND-TEST-TEST-BUILD-NEXT-13F-BARN-OWNER-INTAKE-SHELL;SRC-BACKEND-TEST-TEST-BUILD-NEXT-15C-B-BARN-VISIBILITY-POLICY;SRC-BACKEND-TEST-TEST-BUILD-NEXT-3-MULTI-BARN-GAP-REPORT;SRC-BACKEND-TEST-TEST-OPERATIONS-ROUTES;SRC-BACKEND-TEST-TEST-OPERATIONS-SCOPING;SRC-BACKEND-TEST-TEST-PHASE4A-BARN-ID;SRC-CANON-BARN-CANON-V3.1;SRC-CANON-BUSINESS-CANON-V2.1;SRC-CANON-ECOSYSTEM-CANON-V2.1;SRC-CANON-FACILITY-CANON-V2.1;SRC-CANON-PLATFORM-OPS-CANON-V2.0;SRC-CODE-GUIDE-PROGRAM-STATUS;SRC-FOUNDER-DIRECTIVE;SRC-FRONTEND-APP-ROUTES;SRC-FRONTEND-PAGE-BARNLOCATIONS;SRC-FRONTEND-PAGE-LANDING;SRC-FRONTEND-PAGE-ONBOARDING;SRC-FRONTEND-PAGE-PERSONALDASHBOARD;SRC-FRONTEND-PAGE-ROLEINTAKE;SRC-IMPLEMENTATION-ATLAS;SRC-MASTER-PRODUCT-VISION;SRC-PIA-COMPONENT-OWNERSHIP;SRC-PIA-ITEM-02-CUSTODY;SRC-PIA-PORTFOLIO-TEN;SRC-PIA-REALIGNMENT-REGISTER;SRC-ROLE-PERMISSION-MATRIX;SRC-FOUNDER-REVISION-DIRECTIVE-2026-08-01
GAP-ES-FEAT-FACILITY-004,ES-FEAT-FACILITY-004,stalls,"Facility, barn, business, and physical operations",NO,NO_NON_PIA_GOVERNANCE_GAP,NO,NO,NO,NO,YES,YES,YES,NO,YES,P2,MEDIUM,8,74,PIA_SUPPLEMENT,GOVERNANCE,DRAFT_PIA_SUPPLEMENT,FDQ-002,Founder disposition plus source-register update plus validator pass plus implementation/test/evidence gates where applicable,SRC-BACKEND-PERMISSION-MAP;SRC-BACKEND-ROUTE-AUTH;SRC-BACKEND-ROUTE-BACKLOG;SRC-BACKEND-ROUTE-MANAGER-INTAKE;SRC-BACKEND-ROUTE-MEMBERSHIP;SRC-BACKEND-ROUTE-ONBOARDING;SRC-BACKEND-SERVER-ASSEMBLY;SRC-BACKEND-TEST-TEST-BARN-BINDING;SRC-BACKEND-TEST-TEST-BUILD-NEXT-13F-BARN-OWNER-INTAKE-SHELL;SRC-BACKEND-TEST-TEST-BUILD-NEXT-15C-B-BARN-VISIBILITY-POLICY;SRC-BACKEND-TEST-TEST-BUILD-NEXT-3-MULTI-BARN-GAP-REPORT;SRC-BACKEND-TEST-TEST-OPERATIONS-ROUTES;SRC-BACKEND-TEST-TEST-OPERATIONS-SCOPING;SRC-BACKEND-TEST-TEST-PHASE4A-BARN-ID;SRC-CANON-BARN-CANON-V3.1;SRC-CANON-BUSINESS-CANON-V2.1;SRC-CANON-ECOSYSTEM-CANON-V2.1;SRC-CANON-FACILITY-CANON-V2.1;SRC-CANON-PLATFORM-OPS-CANON-V2.0;SRC-CODE-GUIDE-PROGRAM-STATUS;SRC-FOUNDER-DIRECTIVE;SRC-FRONTEND-APP-ROUTES;SRC-FRONTEND-PAGE-ADMINREVIEWQUEUE;SRC-FRONTEND-PAGE-ENROLLMENT;SRC-FRONTEND-PAGE-LANDING;SRC-FRONTEND-PAGE-PERSONALDASHBOARD;SRC-FRONTEND-PAGE-ROLEINTAKE;SRC-IMPLEMENTATION-ATLAS;SRC-MASTER-PRODUCT-VISION;SRC-PIA-COMPONENT-OWNERSHIP;SRC-PIA-ITEM-02-CUSTODY;SRC-PIA-PORTFOLIO-TEN;SRC-PIA-REALIGNMENT-REGISTER;SRC-ROLE-PERMISSION-MATRIX;SRC-FOUNDER-REVISION-DIRECTIVE-2026-08-01
GAP-ES-FEAT-FACILITY-005,ES-FEAT-FACILITY-005,arenas,"Facility, barn, business, and physical operations",NO,NO_NON_PIA_GOVERNANCE_GAP,NO,NO,NO,NO,YES,YES,YES,NO,YES,P2,MEDIUM,8,74,PIA_SUPPLEMENT,GOVERNANCE,DRAFT_PIA_SUPPLEMENT,FDQ-002,Founder disposition plus source-register update plus validator pass plus implementation/test/evidence gates where applicable,SRC-BACKEND-PERMISSION-MAP;SRC-BACKEND-ROUTE-AUTH;SRC-BACKEND-ROUTE-BACKLOG;SRC-BACKEND-ROUTE-MANAGER-INTAKE;SRC-BACKEND-ROUTE-MEMBERSHIP;SRC-BACKEND-ROUTE-ONBOARDING;SRC-BACKEND-SERVER-ASSEMBLY;SRC-BACKEND-TEST-TEST-BARN-BINDING;SRC-BACKEND-TEST-TEST-BUILD-NEXT-13F-BARN-OWNER-INTAKE-SHELL;SRC-BACKEND-TEST-TEST-BUILD-NEXT-15C-B-BARN-VISIBILITY-POLICY;SRC-BACKEND-TEST-TEST-BUILD-NEXT-3-MULTI-BARN-GAP-REPORT;SRC-BACKEND-TEST-TEST-OPERATIONS-ROUTES;SRC-BACKEND-TEST-TEST-OPERATIONS-SCOPING;SRC-BACKEND-TEST-TEST-PHASE4A-BARN-ID;SRC-CANON-BARN-CANON-V3.1;SRC-CANON-BUSINESS-CANON-V2.1;SRC-CANON-ECOSYSTEM-CANON-V2.1;SRC-CANON-FACILITY-CANON-V2.1;SRC-CANON-PLATFORM-OPS-CANON-V2.0;SRC-CODE-GUIDE-PROGRAM-STATUS;SRC-FOUNDER-DIRECTIVE;SRC-FRONTEND-APP-ROUTES;SRC-FRONTEND-PAGE-ADMINREVIEWQUEUE;SRC-FRONTEND-PAGE-ARENASCHEDULE;SRC-FRONTEND-PAGE-LANDING;SRC-FRONTEND-PAGE-PERSONALDASHBOARD;SRC-FRONTEND-PAGE-ROLEINTAKE;SRC-IMPLEMENTATION-ATLAS;SRC-MASTER-PRODUCT-VISION;SRC-PIA-COMPONENT-OWNERSHIP;SRC-PIA-ITEM-02-CUSTODY;SRC-PIA-PORTFOLIO-TEN;SRC-PIA-REALIGNMENT-REGISTER;SRC-ROLE-PERMISSION-MATRIX;SRC-FOUNDER-REVISION-DIRECTIVE-2026-08-01
GAP-ES-FEAT-FACILITY-006,ES-FEAT-FACILITY-006,pastures,"Facility, barn, business, and physical operations",NO,NO_NON_PIA_GOVERNANCE_GAP,NO,NO,NO,NO,YES,YES,YES,NO,YES,P2,MEDIUM,8,74,PIA_SUPPLEMENT,GOVERNANCE,DRAFT_PIA_SUPPLEMENT,FDQ-002,Founder disposition plus source-register update plus validator pass plus implementation/test/evidence gates where applicable,SRC-BACKEND-PERMISSION-MAP;SRC-BACKEND-ROUTE-AUTH;SRC-BACKEND-ROUTE-BACKLOG;SRC-BACKEND-ROUTE-MANAGER-INTAKE;SRC-BACKEND-ROUTE-MEMBERSHIP;SRC-BACKEND-ROUTE-ONBOARDING;SRC-BACKEND-SERVER-ASSEMBLY;SRC-BACKEND-TEST-TEST-BARN-BINDING;SRC-BACKEND-TEST-TEST-BUILD-NEXT-13F-BARN-OWNER-INTAKE-SHELL;SRC-BACKEND-TEST-TEST-BUILD-NEXT-15C-B-BARN-VISIBILITY-POLICY;SRC-BACKEND-TEST-TEST-BUILD-NEXT-3-MULTI-BARN-GAP-REPORT;SRC-BACKEND-TEST-TEST-OPERATIONS-ROUTES;SRC-BACKEND-TEST-TEST-OPERATIONS-SCOPING;SRC-BACKEND-TEST-TEST-PHASE4A-BARN-ID;SRC-CANON-BARN-CANON-V3.1;SRC-CANON-BUSINESS-CANON-V2.1;SRC-CANON-ECOSYSTEM-CANON-V2.1;SRC-CANON-FACILITY-CANON-V2.1;SRC-CANON-PLATFORM-OPS-CANON-V2.0;SRC-CODE-GUIDE-PROGRAM-STATUS;SRC-FOUNDER-DIRECTIVE;SRC-FRONTEND-APP-ROUTES;SRC-FRONTEND-PAGE-ADMINREVIEWQUEUE;SRC-FRONTEND-PAGE-LANDING;SRC-FRONTEND-PAGE-PASTURESCHEDULE;SRC-FRONTEND-PAGE-PERSONALDASHBOARD;SRC-FRONTEND-PAGE-ROLEINTAKE;SRC-IMPLEMENTATION-ATLAS;SRC-MASTER-PRODUCT-VISION;SRC-PIA-COMPONENT-OWNERSHIP;SRC-PIA-ITEM-02-CUSTODY;SRC-PIA-PORTFOLIO-TEN;SRC-PIA-REALIGNMENT-REGISTER;SRC-ROLE-PERMISSION-MATRIX;SRC-FOUNDER-REVISION-DIRECTIVE-2026-08-01
GAP-ES-FEAT-FACILITY-007,ES-FEAT-FACILITY-007,facility maps,"Facility, barn, business, and physical operations",NO,NO_NON_PIA_GOVERNANCE_GAP,NO,NO,NO,NO,YES,YES,YES,NO,YES,P2,MEDIUM,8,74,PIA_SUPPLEMENT,GOVERNANCE,DRAFT_PIA_SUPPLEMENT,FDQ-002,Founder disposition plus source-register update plus validator pass plus implementation/test/evidence gates where applicable,SRC-BACKEND-PERMISSION-MAP;SRC-BACKEND-ROUTE-AUTH;SRC-BACKEND-ROUTE-BARN-OWNER-INTAKE;SRC-BACKEND-ROUTE-MANAGER-INTAKE;SRC-BACKEND-ROUTE-MEMBERSHIP;SRC-BACKEND-ROUTE-ONBOARDING;SRC-BACKEND-SERVER-ASSEMBLY;SRC-BACKEND-TEST-TEST-BARN-BINDING;SRC-BACKEND-TEST-TEST-BUILD-NEXT-13F-BARN-OWNER-INTAKE-SHELL;SRC-BACKEND-TEST-TEST-BUILD-NEXT-15C-B-BARN-VISIBILITY-POLICY;SRC-BACKEND-TEST-TEST-BUILD-NEXT-3-MULTI-BARN-GAP-REPORT;SRC-BACKEND-TEST-TEST-OPERATIONS-ROUTES;SRC-BACKEND-TEST-TEST-OPERATIONS-SCOPING;SRC-BACKEND-TEST-TEST-PHASE4A-BARN-ID;SRC-CANON-BARN-CANON-V3.1;SRC-CANON-BUSINESS-CANON-V2.1;SRC-CANON-ECOSYSTEM-CANON-V2.1;SRC-CANON-FACILITY-CANON-V2.1;SRC-CANON-PLATFORM-OPS-CANON-V2.0;SRC-CODE-GUIDE-PROGRAM-STATUS;SRC-FOUNDER-DIRECTIVE;SRC-FRONTEND-APP-ROUTES;SRC-FRONTEND-PAGE-ADMINREVIEWQUEUE;SRC-FRONTEND-PAGE-FACILITYDASHBOARD;SRC-FRONTEND-PAGE-LANDING;SRC-FRONTEND-PAGE-PERSONALDASHBOARD;SRC-FRONTEND-PAGE-ROLEINTAKE;SRC-IMPLEMENTATION-ATLAS;SRC-MASTER-PRODUCT-VISION;SRC-PIA-COMPONENT-OWNERSHIP;SRC-PIA-ITEM-02-CUSTODY;SRC-PIA-PORTFOLIO-TEN;SRC-PIA-REALIGNMENT-REGISTER;SRC-ROLE-PERMISSION-MATRIX;SRC-FOUNDER-REVISION-DIRECTIVE-2026-08-01
GAP-ES-FEAT-FACILITY-008,ES-FEAT-FACILITY-008,occupancy,"Facility, barn, business, and physical operations",NO,NO_NON_PIA_GOVERNANCE_GAP,NO,NO,NO,NO,YES,YES,YES,NO,YES,P2,MEDIUM,8,74,PIA_SUPPLEMENT,GOVERNANCE,DRAFT_PIA_SUPPLEMENT,FDQ-002,Founder disposition plus source-register update plus validator pass plus implementation/test/evidence gates where applicable,SRC-BACKEND-PERMISSION-MAP;SRC-BACKEND-ROUTE-AUTH;SRC-BACKEND-ROUTE-BACKLOG;SRC-BACKEND-ROUTE-MANAGER-INTAKE;SRC-BACKEND-ROUTE-MEMBERSHIP;SRC-BACKEND-ROUTE-ONBOARDING;SRC-BACKEND-SERVER-ASSEMBLY;SRC-BACKEND-TEST-TEST-BARN-BINDING;SRC-BACKEND-TEST-TEST-BUILD-NEXT-13F-BARN-OWNER-INTAKE-SHELL;SRC-BACKEND-TEST-TEST-BUILD-NEXT-15C-B-BARN-VISIBILITY-POLICY;SRC-BACKEND-TEST-TEST-BUILD-NEXT-3-MULTI-BARN-GAP-REPORT;SRC-BACKEND-TEST-TEST-OPERATIONS-ROUTES;SRC-BACKEND-TEST-TEST-OPERATIONS-SCOPING;SRC-BACKEND-TEST-TEST-PHASE4A-BARN-ID;SRC-CANON-BARN-CANON-V3.1;SRC-CANON-BUSINESS-CANON-V2.1;SRC-CANON-ECOSYSTEM-CANON-V2.1;SRC-CANON-FACILITY-CANON-V2.1;SRC-CANON-PLATFORM-OPS-CANON-V2.0;SRC-CODE-GUIDE-PROGRAM-STATUS;SRC-FOUNDER-DIRECTIVE;SRC-FRONTEND-APP-ROUTES;SRC-FRONTEND-PAGE-ADMINREVIEWQUEUE;SRC-FRONTEND-PAGE-ENROLLMENT;SRC-FRONTEND-PAGE-LANDING;SRC-FRONTEND-PAGE-PERSONALDASHBOARD;SRC-FRONTEND-PAGE-ROLEINTAKE;SRC-IMPLEMENTATION-ATLAS;SRC-MASTER-PRODUCT-VISION;SRC-PIA-COMPONENT-OWNERSHIP;SRC-PIA-ITEM-02-CUSTODY;SRC-PIA-PORTFOLIO-TEN;SRC-PIA-REALIGNMENT-REGISTER;SRC-ROLE-PERMISSION-MATRIX;SRC-FOUNDER-REVISION-DIRECTIVE-2026-08-01
GAP-ES-FEAT-FACILITY-009,ES-FEAT-FACILITY-009,assignments,"Facility, barn, business, and physical operations",NO,NO_NON_PIA_GOVERNANCE_GAP,NO,NO,NO,NO,YES,YES,YES,NO,YES,P2,MEDIUM,8,74,PIA_SUPPLEMENT,GOVERNANCE,DRAFT_PIA_SUPPLEMENT,FDQ-002,Founder disposition plus source-register update plus validator pass plus implementation/test/evidence gates where applicable,SRC-BACKEND-PERMISSION-MAP;SRC-BACKEND-ROUTE-BACKLOG;SRC-BACKEND-ROUTE-HORSE-LEDGER;SRC-BACKEND-ROUTE-MANAGER-INTAKE;SRC-BACKEND-ROUTE-MEMBERSHIP;SRC-BACKEND-ROUTE-ONBOARDING;SRC-BACKEND-SERVER-ASSEMBLY;SRC-BACKEND-TEST-TEST-BARN-BINDING;SRC-BACKEND-TEST-TEST-BUILD-NEXT-13F-BARN-OWNER-INTAKE-SHELL;SRC-BACKEND-TEST-TEST-BUILD-NEXT-15C-B-BARN-VISIBILITY-POLICY;SRC-BACKEND-TEST-TEST-BUILD-NEXT-3-MULTI-BARN-GAP-REPORT;SRC-BACKEND-TEST-TEST-OPERATIONS-ROUTES;SRC-BACKEND-TEST-TEST-OPERATIONS-SCOPING;SRC-BACKEND-TEST-TEST-PHASE4A-BARN-ID;SRC-CANON-BARN-CANON-V3.1;SRC-CANON-BUSINESS-CANON-V2.1;SRC-CANON-ECOSYSTEM-CANON-V2.1;SRC-CANON-FACILITY-CANON-V2.1;SRC-CANON-PLATFORM-OPS-CANON-V2.0;SRC-CODE-GUIDE-PROGRAM-STATUS;SRC-FOUNDER-DIRECTIVE;SRC-FRONTEND-APP-ROUTES;SRC-FRONTEND-PAGE-ADMINREVIEWQUEUE;SRC-FRONTEND-PAGE-CARELEDGERTAB;SRC-FRONTEND-PAGE-LANDING;SRC-FRONTEND-PAGE-PERSONALDASHBOARD;SRC-FRONTEND-PAGE-ROLEINTAKE;SRC-IMPLEMENTATION-ATLAS;SRC-MASTER-PRODUCT-VISION;SRC-PIA-COMPONENT-OWNERSHIP;SRC-PIA-ITEM-02-CUSTODY;SRC-PIA-PORTFOLIO-TEN;SRC-PIA-REALIGNMENT-REGISTER;SRC-ROLE-PERMISSION-MATRIX;SRC-FOUNDER-REVISION-DIRECTIVE-2026-08-01
GAP-ES-FEAT-FACILITY-010,ES-FEAT-FACILITY-010,inspections,"Facility, barn, business, and physical operations",NO,NO_NON_PIA_GOVERNANCE_GAP,NO,NO,NO,NO,YES,YES,YES,NO,YES,P2,MEDIUM,8,74,PIA_SUPPLEMENT,GOVERNANCE,DRAFT_PIA_SUPPLEMENT,FDQ-002,Founder disposition plus source-register update plus validator pass plus implementation/test/evidence gates where applicable,SRC-BACKEND-PERMISSION-MAP;SRC-BACKEND-ROUTE-AUTH;SRC-BACKEND-ROUTE-BACKLOG;SRC-BACKEND-ROUTE-MANAGER-INTAKE;SRC-BACKEND-ROUTE-MEMBERSHIP;SRC-BACKEND-ROUTE-ONBOARDING;SRC-BACKEND-SERVER-ASSEMBLY;SRC-BACKEND-TEST-TEST-BARN-BINDING;SRC-BACKEND-TEST-TEST-BUILD-NEXT-13F-BARN-OWNER-INTAKE-SHELL;SRC-BACKEND-TEST-TEST-BUILD-NEXT-15C-B-BARN-VISIBILITY-POLICY;SRC-BACKEND-TEST-TEST-BUILD-NEXT-3-MULTI-BARN-GAP-REPORT;SRC-BACKEND-TEST-TEST-OPERATIONS-ROUTES;SRC-BACKEND-TEST-TEST-OPERATIONS-SCOPING;SRC-BACKEND-TEST-TEST-PHASE4A-BARN-ID;SRC-CANON-BARN-CANON-V3.1;SRC-CANON-BUSINESS-CANON-V2.1;SRC-CANON-ECOSYSTEM-CANON-V2.1;SRC-CANON-FACILITY-CANON-V2.1;SRC-CANON-PLATFORM-OPS-CANON-V2.0;SRC-CODE-GUIDE-PROGRAM-STATUS;SRC-FOUNDER-DIRECTIVE;SRC-FRONTEND-APP-ROUTES;SRC-FRONTEND-PAGE-ADMINREVIEWQUEUE;SRC-FRONTEND-PAGE-ENROLLMENT;SRC-FRONTEND-PAGE-LANDING;SRC-FRONTEND-PAGE-PERSONALDASHBOARD;SRC-FRONTEND-PAGE-ROLEINTAKE;SRC-IMPLEMENTATION-ATLAS;SRC-MASTER-PRODUCT-VISION;SRC-PIA-COMPONENT-OWNERSHIP;SRC-PIA-ITEM-02-CUSTODY;SRC-PIA-PORTFOLIO-TEN;SRC-PIA-REALIGNMENT-REGISTER;SRC-ROLE-PERMISSION-MATRIX;SRC-FOUNDER-REVISION-DIRECTIVE-2026-08-01
GAP-ES-FEAT-FACILITY-011,ES-FEAT-FACILITY-011,maintenance,"Facility, barn, business, and physical operations",YES,CODE_GUIDE_GAP,YES,NO,NO,NO,YES,YES,YES,NO,YES,P2,MEDIUM,8,68,CODE_GUIDE,ARCHITECTURE,DRAFT_CODE_GUIDE,FDQ-006,Founder disposition plus source-register update plus validator pass plus implementation/test/evidence gates where applicable,SRC-BACKEND-PERMISSION-MAP;SRC-BACKEND-ROUTE-ADMIN;SRC-BACKEND-ROUTE-AUTH;SRC-BACKEND-ROUTE-MANAGER-INTAKE;SRC-BACKEND-ROUTE-MEMBERSHIP;SRC-BACKEND-ROUTE-ONBOARDING;SRC-BACKEND-SERVER-ASSEMBLY;SRC-BACKEND-TEST-TEST-BARN-BINDING;SRC-BACKEND-TEST-TEST-BUILD-NEXT-13F-BARN-OWNER-INTAKE-SHELL;SRC-BACKEND-TEST-TEST-BUILD-NEXT-15C-B-BARN-VISIBILITY-POLICY;SRC-BACKEND-TEST-TEST-BUILD-NEXT-3-MULTI-BARN-GAP-REPORT;SRC-BACKEND-TEST-TEST-OPERATIONS-ROUTES;SRC-BACKEND-TEST-TEST-OPERATIONS-SCOPING;SRC-BACKEND-TEST-TEST-PHASE4A-BARN-ID;SRC-CANON-BARN-CANON-V3.1;SRC-CANON-BUSINESS-CANON-V2.1;SRC-CANON-ECOSYSTEM-CANON-V2.1;SRC-CANON-FACILITY-CANON-V2.1;SRC-CANON-PLATFORM-OPS-CANON-V2.0;SRC-CODE-GUIDE-PROGRAM-STATUS;SRC-FOUNDER-DIRECTIVE;SRC-FRONTEND-APP-ROUTES;SRC-FRONTEND-PAGE-ADMINREVIEWQUEUE;SRC-FRONTEND-PAGE-BARNLOCATIONS;SRC-FRONTEND-PAGE-LANDING;SRC-FRONTEND-PAGE-PERSONALDASHBOARD;SRC-FRONTEND-PAGE-ROLEINTAKE;SRC-IMPLEMENTATION-ATLAS;SRC-MASTER-PRODUCT-VISION;SRC-PIA-COMPONENT-OWNERSHIP;SRC-PIA-ITEM-02-CUSTODY;SRC-PIA-PORTFOLIO-TEN;SRC-PIA-REALIGNMENT-REGISTER;SRC-ROLE-PERMISSION-MATRIX;SRC-FOUNDER-REVISION-DIRECTIVE-2026-08-01
GAP-ES-FEAT-FACILITY-012,ES-FEAT-FACILITY-012,work orders,"Facility, barn, business, and physical operations",NO,NO_NON_PIA_GOVERNANCE_GAP,NO,NO,NO,NO,YES,YES,YES,NO,YES,P2,MEDIUM,8,74,PIA_SUPPLEMENT,GOVERNANCE,DRAFT_PIA_SUPPLEMENT,FDQ-002,Founder disposition plus source-register update plus validator pass plus implementation/test/evidence gates where applicable,SRC-BACKEND-PERMISSION-MAP;SRC-BACKEND-ROUTE-AUTH;SRC-BACKEND-ROUTE-BACKLOG;SRC-BACKEND-ROUTE-BILLING;SRC-BACKEND-ROUTE-DOCUMENT-SIGNATURES;SRC-BACKEND-ROUTE-MEMBERSHIP;SRC-BACKEND-SERVER-ASSEMBLY;SRC-BACKEND-TEST-TEST-BARN-BINDING;SRC-BACKEND-TEST-TEST-BUILD-NEXT-13F-BARN-OWNER-INTAKE-SHELL;SRC-BACKEND-TEST-TEST-BUILD-NEXT-15C-B-BARN-VISIBILITY-POLICY;SRC-BACKEND-TEST-TEST-BUILD-NEXT-3-MULTI-BARN-GAP-REPORT;SRC-BACKEND-TEST-TEST-BUILD-NEXT-6B-DOCUMENT-WORKFLOW-CONTRACT;SRC-BACKEND-TEST-TEST-OPERATIONS-ROUTES;SRC-BACKEND-TEST-TEST-OPERATIONS-SCOPING;SRC-BACKEND-TEST-TEST-RF8-STAFF-WORKFORCE-MODEL;SRC-CANON-BARN-CANON-V3.1;SRC-CANON-BUSINESS-CANON-V2.1;SRC-CANON-ECOSYSTEM-CANON-V2.1;SRC-CANON-FACILITY-CANON-V2.1;SRC-CANON-PLATFORM-OPS-CANON-V2.0;SRC-CODE-GUIDE-PROGRAM-STATUS;SRC-FOUNDER-DIRECTIVE;SRC-FRONTEND-APP-ROUTES;SRC-FRONTEND-PAGE-EMERGENCYWORKFLOWS;SRC-FRONTEND-PAGE-ENROLLMENT;SRC-FRONTEND-PAGE-LANDING;SRC-FRONTEND-PAGE-PERSONALDASHBOARD;SRC-FRONTEND-PAGE-ROLEINTAKE;SRC-IMPLEMENTATION-ATLAS;SRC-MASTER-PRODUCT-VISION;SRC-PIA-COMPONENT-OWNERSHIP;SRC-PIA-ITEM-02-CUSTODY;SRC-PIA-PORTFOLIO-TEN;SRC-PIA-REALIGNMENT-REGISTER;SRC-ROLE-PERMISSION-MATRIX;SRC-FOUNDER-REVISION-DIRECTIVE-2026-08-01
GAP-ES-FEAT-FACILITY-013,ES-FEAT-FACILITY-013,hazards,"Facility, barn, business, and physical operations",NO,NO_NON_PIA_GOVERNANCE_GAP,NO,NO,NO,NO,YES,YES,YES,NO,YES,P2,MEDIUM,8,74,PIA_SUPPLEMENT,GOVERNANCE,DRAFT_PIA_SUPPLEMENT,FDQ-002,Founder disposition plus source-register update plus validator pass plus implementation/test/evidence gates where applicable,SRC-BACKEND-PERMISSION-MAP;SRC-BACKEND-ROUTE-AUTH;SRC-BACKEND-ROUTE-BACKLOG;SRC-BACKEND-ROUTE-MANAGER-INTAKE;SRC-BACKEND-ROUTE-MEMBERSHIP;SRC-BACKEND-ROUTE-ONBOARDING;SRC-BACKEND-SERVER-ASSEMBLY;SRC-BACKEND-TEST-TEST-BARN-BINDING;SRC-BACKEND-TEST-TEST-BUILD-NEXT-13F-BARN-OWNER-INTAKE-SHELL;SRC-BACKEND-TEST-TEST-BUILD-NEXT-15C-B-BARN-VISIBILITY-POLICY;SRC-BACKEND-TEST-TEST-BUILD-NEXT-3-MULTI-BARN-GAP-REPORT;SRC-BACKEND-TEST-TEST-OPERATIONS-ROUTES;SRC-BACKEND-TEST-TEST-OPERATIONS-SCOPING;SRC-BACKEND-TEST-TEST-PHASE4A-BARN-ID;SRC-CANON-BARN-CANON-V3.1;SRC-CANON-BUSINESS-CANON-V2.1;SRC-CANON-ECOSYSTEM-CANON-V2.1;SRC-CANON-FACILITY-CANON-V2.1;SRC-CANON-PLATFORM-OPS-CANON-V2.0;SRC-CODE-GUIDE-PROGRAM-STATUS;SRC-FOUNDER-DIRECTIVE;SRC-FRONTEND-APP-ROUTES;SRC-FRONTEND-PAGE-ADMINREVIEWQUEUE;SRC-FRONTEND-PAGE-ENROLLMENT;SRC-FRONTEND-PAGE-LANDING;SRC-FRONTEND-PAGE-PERSONALDASHBOARD;SRC-FRONTEND-PAGE-ROLEINTAKE;SRC-IMPLEMENTATION-ATLAS;SRC-MASTER-PRODUCT-VISION;SRC-PIA-COMPONENT-OWNERSHIP;SRC-PIA-ITEM-02-CUSTODY;SRC-PIA-PORTFOLIO-TEN;SRC-PIA-REALIGNMENT-REGISTER;SRC-ROLE-PERMISSION-MATRIX;SRC-FOUNDER-REVISION-DIRECTIVE-2026-08-01
GAP-ES-FEAT-FACILITY-014,ES-FEAT-FACILITY-014,closures,"Facility, barn, business, and physical operations",NO,NO_NON_PIA_GOVERNANCE_GAP,NO,NO,NO,NO,YES,YES,YES,NO,YES,P2,MEDIUM,8,74,PIA_SUPPLEMENT,GOVERNANCE,DRAFT_PIA_SUPPLEMENT,FDQ-002,Founder disposition plus source-register update plus validator pass plus implementation/test/evidence gates where applicable,SRC-BACKEND-PERMISSION-MAP;SRC-BACKEND-ROUTE-AUTH;SRC-BACKEND-ROUTE-BACKLOG;SRC-BACKEND-ROUTE-MANAGER-INTAKE;SRC-BACKEND-ROUTE-MEMBERSHIP;SRC-BACKEND-ROUTE-ONBOARDING;SRC-BACKEND-SERVER-ASSEMBLY;SRC-BACKEND-TEST-TEST-BARN-BINDING;SRC-BACKEND-TEST-TEST-BUILD-NEXT-13F-BARN-OWNER-INTAKE-SHELL;SRC-BACKEND-TEST-TEST-BUILD-NEXT-15C-B-BARN-VISIBILITY-POLICY;SRC-BACKEND-TEST-TEST-BUILD-NEXT-3-MULTI-BARN-GAP-REPORT;SRC-BACKEND-TEST-TEST-OPERATIONS-ROUTES;SRC-BACKEND-TEST-TEST-OPERATIONS-SCOPING;SRC-BACKEND-TEST-TEST-PHASE4A-BARN-ID;SRC-CANON-BARN-CANON-V3.1;SRC-CANON-BUSINESS-CANON-V2.1;SRC-CANON-ECOSYSTEM-CANON-V2.1;SRC-CANON-FACILITY-CANON-V2.1;SRC-CANON-PLATFORM-OPS-CANON-V2.0;SRC-CODE-GUIDE-PROGRAM-STATUS;SRC-FOUNDER-DIRECTIVE;SRC-FRONTEND-APP-ROUTES;SRC-FRONTEND-PAGE-ADMINREVIEWQUEUE;SRC-FRONTEND-PAGE-ENROLLMENT;SRC-FRONTEND-PAGE-LANDING;SRC-FRONTEND-PAGE-PERSONALDASHBOARD;SRC-FRONTEND-PAGE-ROLEINTAKE;SRC-IMPLEMENTATION-ATLAS;SRC-MASTER-PRODUCT-VISION;SRC-PIA-COMPONENT-OWNERSHIP;SRC-PIA-ITEM-02-CUSTODY;SRC-PIA-PORTFOLIO-TEN;SRC-PIA-REALIGNMENT-REGISTER;SRC-ROLE-PERMISSION-MATRIX;SRC-FOUNDER-REVISION-DIRECTIVE-2026-08-01
GAP-ES-FEAT-FACILITY-015,ES-FEAT-FACILITY-015,contractors,"Facility, barn, business, and physical operations",NO,NO_NON_PIA_GOVERNANCE_GAP,NO,NO,NO,NO,YES,YES,YES,NO,YES,P2,MEDIUM,8,74,PIA_SUPPLEMENT,GOVERNANCE,DRAFT_PIA_SUPPLEMENT,FDQ-002,Founder disposition plus source-register update plus validator pass plus implementation/test/evidence gates where applicable,SRC-BACKEND-PERMISSION-MAP;SRC-BACKEND-ROUTE-AUTH;SRC-BACKEND-ROUTE-BACKLOG;SRC-BACKEND-ROUTE-MANAGER-INTAKE;SRC-BACKEND-ROUTE-MEMBERSHIP;SRC-BACKEND-ROUTE-ONBOARDING;SRC-BACKEND-SERVER-ASSEMBLY;SRC-BACKEND-TEST-TEST-BARN-BINDING;SRC-BACKEND-TEST-TEST-BUILD-NEXT-13F-BARN-OWNER-INTAKE-SHELL;SRC-BACKEND-TEST-TEST-BUILD-NEXT-15C-B-BARN-VISIBILITY-POLICY;SRC-BACKEND-TEST-TEST-BUILD-NEXT-3-MULTI-BARN-GAP-REPORT;SRC-BACKEND-TEST-TEST-OPERATIONS-ROUTES;SRC-BACKEND-TEST-TEST-OPERATIONS-SCOPING;SRC-BACKEND-TEST-TEST-PHASE4A-BARN-ID;SRC-CANON-BARN-CANON-V3.1;SRC-CANON-BUSINESS-CANON-V2.1;SRC-CANON-ECOSYSTEM-CANON-V2.1;SRC-CANON-FACILITY-CANON-V2.1;SRC-CANON-PLATFORM-OPS-CANON-V2.0;SRC-CODE-GUIDE-PROGRAM-STATUS;SRC-FOUNDER-DIRECTIVE;SRC-FRONTEND-APP-ROUTES;SRC-FRONTEND-PAGE-ADMINREVIEWQUEUE;SRC-FRONTEND-PAGE-ENROLLMENT;SRC-FRONTEND-PAGE-LANDING;SRC-FRONTEND-PAGE-PERSONALDASHBOARD;SRC-FRONTEND-PAGE-ROLEINTAKE;SRC-IMPLEMENTATION-ATLAS;SRC-MASTER-PRODUCT-VISION;SRC-PIA-COMPONENT-OWNERSHIP;SRC-PIA-ITEM-02-CUSTODY;SRC-PIA-PORTFOLIO-TEN;SRC-PIA-REALIGNMENT-REGISTER;SRC-ROLE-PERMISSION-MATRIX;SRC-FOUNDER-REVISION-DIRECTIVE-2026-08-01
GAP-ES-FEAT-FACILITY-016,ES-FEAT-FACILITY-016,capital improvements,"Facility, barn, business, and physical operations",NO,NO_NON_PIA_GOVERNANCE_GAP,NO,NO,NO,NO,YES,YES,YES,NO,YES,P2,MEDIUM,8,74,PIA_SUPPLEMENT,GOVERNANCE,DRAFT_PIA_SUPPLEMENT,FDQ-002,Founder disposition plus source-register update plus validator pass plus implementation/test/evidence gates where applicable,SRC-BACKEND-PERMISSION-MAP;SRC-BACKEND-ROUTE-AUTH;SRC-BACKEND-ROUTE-BACKLOG;SRC-BACKEND-ROUTE-MANAGER-INTAKE;SRC-BACKEND-ROUTE-MEMBERSHIP;SRC-BACKEND-ROUTE-ONBOARDING;SRC-BACKEND-SERVER-ASSEMBLY;SRC-BACKEND-TEST-TEST-BARN-BINDING;SRC-BACKEND-TEST-TEST-BUILD-NEXT-13F-BARN-OWNER-INTAKE-SHELL;SRC-BACKEND-TEST-TEST-BUILD-NEXT-15C-B-BARN-VISIBILITY-POLICY;SRC-BACKEND-TEST-TEST-BUILD-NEXT-3-MULTI-BARN-GAP-REPORT;SRC-BACKEND-TEST-TEST-OPERATIONS-ROUTES;SRC-BACKEND-TEST-TEST-OPERATIONS-SCOPING;SRC-BACKEND-TEST-TEST-PHASE4A-BARN-ID;SRC-CANON-BARN-CANON-V3.1;SRC-CANON-BUSINESS-CANON-V2.1;SRC-CANON-ECOSYSTEM-CANON-V2.1;SRC-CANON-FACILITY-CANON-V2.1;SRC-CANON-PLATFORM-OPS-CANON-V2.0;SRC-CODE-GUIDE-PROGRAM-STATUS;SRC-FOUNDER-DIRECTIVE;SRC-FRONTEND-APP-ROUTES;SRC-FRONTEND-PAGE-ADMINREVIEWQUEUE;SRC-FRONTEND-PAGE-ENROLLMENT;SRC-FRONTEND-PAGE-LANDING;SRC-FRONTEND-PAGE-PERSONALDASHBOARD;SRC-FRONTEND-PAGE-ROLEINTAKE;SRC-IMPLEMENTATION-ATLAS;SRC-MASTER-PRODUCT-VISION;SRC-PIA-COMPONENT-OWNERSHIP;SRC-PIA-ITEM-02-CUSTODY;SRC-PIA-PORTFOLIO-TEN;SRC-PIA-REALIGNMENT-REGISTER;SRC-ROLE-PERMISSION-MATRIX;SRC-FOUNDER-REVISION-DIRECTIVE-2026-08-01
GAP-ES-FEAT-FACILITY-017,ES-FEAT-FACILITY-017,business operations,"Facility, barn, business, and physical operations",NO,NO_NON_PIA_GOVERNANCE_GAP,NO,NO,NO,NO,YES,YES,YES,NO,YES,P2,MEDIUM,8,74,PIA_SUPPLEMENT,GOVERNANCE,DRAFT_PIA_SUPPLEMENT,FDQ-002,Founder disposition plus source-register update plus validator pass plus implementation/test/evidence gates where applicable,SRC-BACKEND-PERMISSION-MAP;SRC-BACKEND-ROUTE-BACKLOG;SRC-BACKEND-ROUTE-MANAGER-INTAKE;SRC-BACKEND-ROUTE-MEMBERSHIP;SRC-BACKEND-ROUTE-ONBOARDING;SRC-BACKEND-ROUTE-OPERATIONS;SRC-BACKEND-SERVER-ASSEMBLY;SRC-BACKEND-TEST-TEST-BARN-BINDING;SRC-BACKEND-TEST-TEST-BUILD-NEXT-13F-BARN-OWNER-INTAKE-SHELL;SRC-BACKEND-TEST-TEST-BUILD-NEXT-15C-B-BARN-VISIBILITY-POLICY;SRC-BACKEND-TEST-TEST-BUILD-NEXT-3-MULTI-BARN-GAP-REPORT;SRC-BACKEND-TEST-TEST-OPERATIONS-ROUTES;SRC-BACKEND-TEST-TEST-OPERATIONS-SCOPING;SRC-BACKEND-TEST-TEST-PHASE4A-BARN-ID;SRC-CANON-BARN-CANON-V3.1;SRC-CANON-BUSINESS-CANON-V2.1;SRC-CANON-ECOSYSTEM-CANON-V2.1;SRC-CANON-FACILITY-CANON-V2.1;SRC-CANON-PLATFORM-OPS-CANON-V2.0;SRC-CODE-GUIDE-PROGRAM-STATUS;SRC-FOUNDER-DIRECTIVE;SRC-FRONTEND-APP-ROUTES;SRC-FRONTEND-PAGE-ADMINREVIEWQUEUE;SRC-FRONTEND-PAGE-LANDING;SRC-FRONTEND-PAGE-ONBOARDING;SRC-FRONTEND-PAGE-PERSONALDASHBOARD;SRC-FRONTEND-PAGE-ROLEINTAKE;SRC-IMPLEMENTATION-ATLAS;SRC-MASTER-PRODUCT-VISION;SRC-PIA-COMPONENT-OWNERSHIP;SRC-PIA-ITEM-02-CUSTODY;SRC-PIA-PORTFOLIO-TEN;SRC-PIA-REALIGNMENT-REGISTER;SRC-ROLE-PERMISSION-MATRIX;SRC-FOUNDER-REVISION-DIRECTIVE-2026-08-01
GAP-ES-FEAT-HORSE-001,ES-FEAT-HORSE-001,horse profile,Horse identity and lifecycle,NO,NO_NON_PIA_GOVERNANCE_GAP,NO,NO,NO,NO,YES,YES,NO,NO,YES,P3,HIGH,6,94,NO_NEW_ARTIFACT,ENGINEERING,VERIFY_REPOSITORY_IMPLEMENTATION,FDQ-007,Founder disposition plus source-register update plus validator pass plus implementation/test/evidence gates where applicable,SRC-BACKEND-PERMISSION-MAP;SRC-BACKEND-ROUTE-BARN-OWNER-INTAKE;SRC-BACKEND-ROUTE-BILLING;SRC-BACKEND-ROUTE-HORSE-LEDGER;SRC-BACKEND-ROUTE-OPERATIONS;SRC-BACKEND-ROUTE-RIDER-PROFILE;SRC-BACKEND-SERVER-ASSEMBLY;SRC-BACKEND-TEST-TEST-REVIEW-QUEUE-AND-LIFECYCLE;SRC-BACKEND-TEST-TEST-RF2-IDENTITY-ACCESS-MIGRATION;SRC-CANON-EQUINE-HEALTH-CANON-V1.1;SRC-CANON-HORSE-LIFECYCLE-CANON-V3.1;SRC-CANON-HORSE-TRANSFER-CANON;SRC-CANON-RECORDS-CANON-V2.1;SRC-CANON-RELATIONSHIP-CANON-V2.0;SRC-CODE-GUIDE-PROGRAM-STATUS;SRC-FOUNDER-DIRECTIVE;SRC-FRONTEND-APP-ROUTES;SRC-FRONTEND-PAGE-GUARDIANDASHBOARD;SRC-FRONTEND-PAGE-HORSEPROFILE;SRC-FRONTEND-PAGE-OWNERDASHBOARD;SRC-FRONTEND-PAGE-PERSONALDASHBOARD;SRC-FRONTEND-PAGE-RIDERDASHBOARD;SRC-IMPLEMENTATION-ATLAS;SRC-MASTER-PRODUCT-VISION;SRC-PIA-COMPONENT-OWNERSHIP;SRC-PIA-ITEM-03-CUSTODY;SRC-PIA-ITEM-04-CUSTODY;SRC-PIA-PORTFOLIO-TEN;SRC-PIA-REALIGNMENT-REGISTER;SRC-ROLE-PERMISSION-MATRIX;SRC-FOUNDER-REVISION-DIRECTIVE-2026-08-01
GAP-ES-FEAT-HORSE-002,ES-FEAT-HORSE-002,passport,Horse identity and lifecycle,NO,NO_NON_PIA_GOVERNANCE_GAP,NO,NO,NO,NO,YES,YES,YES,NO,YES,P2,HIGH,12,74,PIA_SUPPLEMENT,GOVERNANCE,DRAFT_PIA_SUPPLEMENT,FDQ-002,Founder disposition plus source-register update plus validator pass plus implementation/test/evidence gates where applicable,SRC-BACKEND-PERMISSION-MAP;SRC-BACKEND-ROUTE-HORSE-LEDGER;SRC-BACKEND-ROUTE-OPERATIONS;SRC-BACKEND-ROUTE-OWNER-UPDATES;SRC-BACKEND-ROUTE-SUBSCRIPTIONS;SRC-BACKEND-ROUTE-SUBSCRIPTIONS-WEBHOOK-HANDLERS;SRC-BACKEND-SERVER-ASSEMBLY;SRC-BACKEND-TEST-TEST-REVIEW-QUEUE-AND-LIFECYCLE;SRC-BACKEND-TEST-TEST-RF2-IDENTITY-ACCESS-MIGRATION;SRC-CANON-EQUINE-HEALTH-CANON-V1.1;SRC-CANON-HORSE-LIFECYCLE-CANON-V3.1;SRC-CANON-HORSE-TRANSFER-CANON;SRC-CANON-RECORDS-CANON-V2.1;SRC-CANON-RELATIONSHIP-CANON-V2.0;SRC-CODE-GUIDE-PROGRAM-STATUS;SRC-FOUNDER-DIRECTIVE;SRC-FRONTEND-APP-ROUTES;SRC-IMPLEMENTATION-ATLAS;SRC-MASTER-PRODUCT-VISION;SRC-PIA-COMPONENT-OWNERSHIP;SRC-PIA-ITEM-03-CUSTODY;SRC-PIA-ITEM-04-CUSTODY;SRC-PIA-PORTFOLIO-TEN;SRC-PIA-REALIGNMENT-REGISTER;SRC-ROLE-PERMISSION-MATRIX;SRC-FOUNDER-REVISION-DIRECTIVE-2026-08-01
GAP-ES-FEAT-HORSE-003,ES-FEAT-HORSE-003,ownership,Horse identity and lifecycle,NO,NO_NON_PIA_GOVERNANCE_GAP,NO,NO,NO,NO,YES,YES,YES,NO,YES,P2,HIGH,12,74,PIA_SUPPLEMENT,GOVERNANCE,DRAFT_PIA_SUPPLEMENT,FDQ-002,Founder disposition plus source-register update plus validator pass plus implementation/test/evidence gates where applicable,SRC-BACKEND-PERMISSION-MAP;SRC-BACKEND-ROUTE-HORSE-LEDGER;SRC-BACKEND-ROUTE-OPERATIONS;SRC-BACKEND-ROUTE-OWNER-UPDATES;SRC-BACKEND-ROUTE-SUBSCRIPTIONS;SRC-BACKEND-ROUTE-SUBSCRIPTIONS-WEBHOOK-HANDLERS;SRC-BACKEND-SERVER-ASSEMBLY;SRC-BACKEND-TEST-TEST-REVIEW-QUEUE-AND-LIFECYCLE;SRC-BACKEND-TEST-TEST-RF2-IDENTITY-ACCESS-MIGRATION;SRC-CANON-EQUINE-HEALTH-CANON-V1.1;SRC-CANON-HORSE-LIFECYCLE-CANON-V3.1;SRC-CANON-HORSE-TRANSFER-CANON;SRC-CANON-RECORDS-CANON-V2.1;SRC-CANON-RELATIONSHIP-CANON-V2.0;SRC-CODE-GUIDE-PROGRAM-STATUS;SRC-FOUNDER-DIRECTIVE;SRC-FRONTEND-APP-ROUTES;SRC-IMPLEMENTATION-ATLAS;SRC-MASTER-PRODUCT-VISION;SRC-PIA-COMPONENT-OWNERSHIP;SRC-PIA-ITEM-03-CUSTODY;SRC-PIA-ITEM-04-CUSTODY;SRC-PIA-PORTFOLIO-TEN;SRC-PIA-REALIGNMENT-REGISTER;SRC-ROLE-PERMISSION-MATRIX;SRC-FOUNDER-REVISION-DIRECTIVE-2026-08-01
GAP-ES-FEAT-HORSE-004,ES-FEAT-HORSE-004,custody,Horse identity and lifecycle,NO,NO_NON_PIA_GOVERNANCE_GAP,NO,NO,NO,NO,YES,YES,YES,NO,YES,P2,HIGH,12,74,PIA_SUPPLEMENT,GOVERNANCE,DRAFT_PIA_SUPPLEMENT,FDQ-002,Founder disposition plus source-register update plus validator pass plus implementation/test/evidence gates where applicable,SRC-BACKEND-PERMISSION-MAP;SRC-BACKEND-ROUTE-HORSE-LEDGER;SRC-BACKEND-ROUTE-OPERATIONS;SRC-BACKEND-ROUTE-OWNER-UPDATES;SRC-BACKEND-ROUTE-SUBSCRIPTIONS;SRC-BACKEND-ROUTE-SUBSCRIPTIONS-WEBHOOK-HANDLERS;SRC-BACKEND-SERVER-ASSEMBLY;SRC-BACKEND-TEST-TEST-REVIEW-QUEUE-AND-LIFECYCLE;SRC-BACKEND-TEST-TEST-RF2-IDENTITY-ACCESS-MIGRATION;SRC-CANON-EQUINE-HEALTH-CANON-V1.1;SRC-CANON-HORSE-LIFECYCLE-CANON-V3.1;SRC-CANON-HORSE-TRANSFER-CANON;SRC-CANON-RECORDS-CANON-V2.1;SRC-CANON-RELATIONSHIP-CANON-V2.0;SRC-CODE-GUIDE-PROGRAM-STATUS;SRC-FOUNDER-DIRECTIVE;SRC-FRONTEND-APP-ROUTES;SRC-IMPLEMENTATION-ATLAS;SRC-MASTER-PRODUCT-VISION;SRC-PIA-COMPONENT-OWNERSHIP;SRC-PIA-ITEM-03-CUSTODY;SRC-PIA-ITEM-04-CUSTODY;SRC-PIA-PORTFOLIO-TEN;SRC-PIA-REALIGNMENT-REGISTER;SRC-ROLE-PERMISSION-MATRIX;SRC-FOUNDER-REVISION-DIRECTIVE-2026-08-01
GAP-ES-FEAT-HORSE-005,ES-FEAT-HORSE-005,lease,Horse identity and lifecycle,NO,NO_NON_PIA_GOVERNANCE_GAP,NO,NO,NO,NO,YES,YES,YES,NO,YES,P2,HIGH,12,74,PIA_SUPPLEMENT,GOVERNANCE,DRAFT_PIA_SUPPLEMENT,FDQ-002,Founder disposition plus source-register update plus validator pass plus implementation/test/evidence gates where applicable,SRC-BACKEND-PERMISSION-MAP;SRC-BACKEND-ROUTE-DOCUMENT-SIGNATURES;SRC-BACKEND-ROUTE-HORSE-LEDGER;SRC-BACKEND-ROUTE-OPERATIONS;SRC-BACKEND-ROUTE-OWNER-UPDATES;SRC-BACKEND-ROUTE-SUBSCRIPTIONS;SRC-BACKEND-SERVER-ASSEMBLY;SRC-BACKEND-TEST-TEST-REVIEW-QUEUE-AND-LIFECYCLE;SRC-BACKEND-TEST-TEST-RF2-IDENTITY-ACCESS-MIGRATION;SRC-CANON-EQUINE-HEALTH-CANON-V1.1;SRC-CANON-HORSE-LIFECYCLE-CANON-V3.1;SRC-CANON-HORSE-TRANSFER-CANON;SRC-CANON-RECORDS-CANON-V2.1;SRC-CANON-RELATIONSHIP-CANON-V2.0;SRC-CODE-GUIDE-PROGRAM-STATUS;SRC-FOUNDER-DIRECTIVE;SRC-FRONTEND-APP-ROUTES;SRC-FRONTEND-PAGE-ENROLLMENT;SRC-IMPLEMENTATION-ATLAS;SRC-MASTER-PRODUCT-VISION;SRC-PIA-COMPONENT-OWNERSHIP;SRC-PIA-ITEM-03-CUSTODY;SRC-PIA-ITEM-04-CUSTODY;SRC-PIA-PORTFOLIO-TEN;SRC-PIA-REALIGNMENT-REGISTER;SRC-ROLE-PERMISSION-MATRIX;SRC-FOUNDER-REVISION-DIRECTIVE-2026-08-01
GAP-ES-FEAT-HORSE-006,ES-FEAT-HORSE-006,transfer,Horse identity and lifecycle,NO,NO_NON_PIA_GOVERNANCE_GAP,NO,NO,NO,NO,YES,YES,YES,NO,YES,P2,HIGH,12,74,PIA_SUPPLEMENT,GOVERNANCE,DRAFT_PIA_SUPPLEMENT,FDQ-002,Founder disposition plus source-register update plus validator pass plus implementation/test/evidence gates where applicable,SRC-BACKEND-PERMISSION-MAP;SRC-BACKEND-ROUTE-HORSE-LEDGER;SRC-BACKEND-ROUTE-OPERATIONS;SRC-BACKEND-ROUTE-OWNER-UPDATES;SRC-BACKEND-ROUTE-SUBSCRIPTIONS;SRC-BACKEND-ROUTE-SUBSCRIPTIONS-WEBHOOK-HANDLERS;SRC-BACKEND-SERVER-ASSEMBLY;SRC-BACKEND-TEST-TEST-REVIEW-QUEUE-AND-LIFECYCLE;SRC-BACKEND-TEST-TEST-RF2-IDENTITY-ACCESS-MIGRATION;SRC-CANON-EQUINE-HEALTH-CANON-V1.1;SRC-CANON-HORSE-LIFECYCLE-CANON-V3.1;SRC-CANON-HORSE-TRANSFER-CANON;SRC-CANON-RECORDS-CANON-V2.1;SRC-CANON-RELATIONSHIP-CANON-V2.0;SRC-CODE-GUIDE-PROGRAM-STATUS;SRC-FOUNDER-DIRECTIVE;SRC-FRONTEND-APP-ROUTES;SRC-IMPLEMENTATION-ATLAS;SRC-MASTER-PRODUCT-VISION;SRC-PIA-COMPONENT-OWNERSHIP;SRC-PIA-ITEM-03-CUSTODY;SRC-PIA-ITEM-04-CUSTODY;SRC-PIA-PORTFOLIO-TEN;SRC-PIA-REALIGNMENT-REGISTER;SRC-ROLE-PERMISSION-MATRIX;SRC-FOUNDER-REVISION-DIRECTIVE-2026-08-01
GAP-ES-FEAT-HORSE-007,ES-FEAT-HORSE-007,medical continuity,Horse identity and lifecycle,NO,NO_NON_PIA_GOVERNANCE_GAP,NO,NO,NO,NO,YES,YES,YES,NO,YES,P2,HIGH,12,74,PIA_SUPPLEMENT,GOVERNANCE,DRAFT_PIA_SUPPLEMENT,FDQ-002,Founder disposition plus source-register update plus validator pass plus implementation/test/evidence gates where applicable,SRC-BACKEND-PERMISSION-MAP;SRC-BACKEND-ROUTE-GUARDIAN-INTAKE;SRC-BACKEND-ROUTE-HORSE-LEDGER;SRC-BACKEND-ROUTE-OPERATIONS;SRC-BACKEND-ROUTE-OWNER-UPDATES;SRC-BACKEND-ROUTE-SUBSCRIPTIONS;SRC-BACKEND-SERVER-ASSEMBLY;SRC-BACKEND-TEST-TEST-REVIEW-QUEUE-AND-LIFECYCLE;SRC-BACKEND-TEST-TEST-RF2-IDENTITY-ACCESS-MIGRATION;SRC-CANON-EQUINE-HEALTH-CANON-V1.1;SRC-CANON-HORSE-LIFECYCLE-CANON-V3.1;SRC-CANON-HORSE-TRANSFER-CANON;SRC-CANON-RECORDS-CANON-V2.1;SRC-CANON-RELATIONSHIP-CANON-V2.0;SRC-CODE-GUIDE-PROGRAM-STATUS;SRC-FOUNDER-DIRECTIVE;SRC-FRONTEND-APP-ROUTES;SRC-FRONTEND-PAGE-INVENTORY;SRC-FRONTEND-PAGE-SUPPLYINVENTORY;SRC-IMPLEMENTATION-ATLAS;SRC-MASTER-PRODUCT-VISION;SRC-PIA-COMPONENT-OWNERSHIP;SRC-PIA-ITEM-03-CUSTODY;SRC-PIA-ITEM-04-CUSTODY;SRC-PIA-PORTFOLIO-TEN;SRC-PIA-REALIGNMENT-REGISTER;SRC-ROLE-PERMISSION-MATRIX;SRC-FOUNDER-REVISION-DIRECTIVE-2026-08-01
GAP-ES-FEAT-HORSE-008,ES-FEAT-HORSE-008,emergency transfer,Horse identity and lifecycle,NO,NO_NON_PIA_GOVERNANCE_GAP,NO,NO,NO,NO,YES,YES,YES,NO,YES,P2,CRITICAL,16,74,PIA_SUPPLEMENT,GOVERNANCE,DRAFT_PIA_SUPPLEMENT,FDQ-002,Founder disposition plus source-register update plus validator pass plus implementation/test/evidence gates where applicable,SRC-BACKEND-PERMISSION-MAP;SRC-BACKEND-ROUTE-CARE;SRC-BACKEND-ROUTE-GUARDIAN-INTAKE;SRC-BACKEND-ROUTE-HORSE-LEDGER;SRC-BACKEND-ROUTE-HORSES;SRC-BACKEND-ROUTE-MANAGER-INTAKE;SRC-BACKEND-SERVER-ASSEMBLY;SRC-BACKEND-TEST-TEST-REVIEW-QUEUE-AND-LIFECYCLE;SRC-BACKEND-TEST-TEST-RF2-IDENTITY-ACCESS-MIGRATION;SRC-CANON-EQUINE-HEALTH-CANON-V1.1;SRC-CANON-HORSE-LIFECYCLE-CANON-V3.1;SRC-CANON-HORSE-TRANSFER-CANON;SRC-CANON-RECORDS-CANON-V2.1;SRC-CANON-RELATIONSHIP-CANON-V2.0;SRC-CODE-GUIDE-PROGRAM-STATUS;SRC-FOUNDER-DIRECTIVE;SRC-FRONTEND-APP-ROUTES;SRC-FRONTEND-PAGE-EMERGENCYCONTACTS;SRC-FRONTEND-PAGE-EMERGENCYWORKFLOWS;SRC-FRONTEND-PAGE-PERSONALDASHBOARD;SRC-FRONTEND-PAGE-RIDERS;SRC-IMPLEMENTATION-ATLAS;SRC-MASTER-PRODUCT-VISION;SRC-PIA-COMPONENT-OWNERSHIP;SRC-PIA-ITEM-03-CUSTODY;SRC-PIA-ITEM-04-CUSTODY;SRC-PIA-PORTFOLIO-TEN;SRC-PIA-REALIGNMENT-REGISTER;SRC-ROLE-PERMISSION-MATRIX;SRC-FOUNDER-REVISION-DIRECTIVE-2026-08-01
GAP-ES-FEAT-HORSE-009,ES-FEAT-HORSE-009,historical ownership,Horse identity and lifecycle,NO,NO_NON_PIA_GOVERNANCE_GAP,NO,NO,NO,NO,YES,YES,YES,NO,YES,P2,HIGH,12,74,PIA_SUPPLEMENT,GOVERNANCE,DRAFT_PIA_SUPPLEMENT,FDQ-002,Founder disposition plus source-register update plus validator pass plus implementation/test/evidence gates where applicable,SRC-BACKEND-PERMISSION-MAP;SRC-BACKEND-ROUTE-HORSE-LEDGER;SRC-BACKEND-ROUTE-OPERATIONS;SRC-BACKEND-ROUTE-OWNER-UPDATES;SRC-BACKEND-ROUTE-SUBSCRIPTIONS;SRC-BACKEND-ROUTE-SUBSCRIPTIONS-WEBHOOK-HANDLERS;SRC-BACKEND-SERVER-ASSEMBLY;SRC-BACKEND-TEST-TEST-REVIEW-QUEUE-AND-LIFECYCLE;SRC-BACKEND-TEST-TEST-RF2-IDENTITY-ACCESS-MIGRATION;SRC-CANON-EQUINE-HEALTH-CANON-V1.1;SRC-CANON-HORSE-LIFECYCLE-CANON-V3.1;SRC-CANON-HORSE-TRANSFER-CANON;SRC-CANON-RECORDS-CANON-V2.1;SRC-CANON-RELATIONSHIP-CANON-V2.0;SRC-CODE-GUIDE-PROGRAM-STATUS;SRC-FOUNDER-DIRECTIVE;SRC-FRONTEND-APP-ROUTES;SRC-IMPLEMENTATION-ATLAS;SRC-MASTER-PRODUCT-VISION;SRC-PIA-COMPONENT-OWNERSHIP;SRC-PIA-ITEM-03-CUSTODY;SRC-PIA-ITEM-04-CUSTODY;SRC-PIA-PORTFOLIO-TEN;SRC-PIA-REALIGNMENT-REGISTER;SRC-ROLE-PERMISSION-MATRIX;SRC-FOUNDER-REVISION-DIRECTIVE-2026-08-01
GAP-ES-FEAT-HORSE-010,ES-FEAT-HORSE-010,duplicate horse resolution,Horse identity and lifecycle,NO,NO_NON_PIA_GOVERNANCE_GAP,NO,NO,NO,NO,YES,YES,YES,NO,YES,P2,HIGH,12,74,PIA_SUPPLEMENT,GOVERNANCE,DRAFT_PIA_SUPPLEMENT,FDQ-002,Founder disposition plus source-register update plus validator pass plus implementation/test/evidence gates where applicable,SRC-BACKEND-PERMISSION-MAP;SRC-BACKEND-ROUTE-CARE;SRC-BACKEND-ROUTE-DIGESTS;SRC-BACKEND-ROUTE-HORSE-LEDGER;SRC-BACKEND-ROUTE-OPERATIONS;SRC-BACKEND-ROUTE-OWNER-UPDATES;SRC-BACKEND-SERVER-ASSEMBLY;SRC-BACKEND-TEST-TEST-REVIEW-QUEUE-AND-LIFECYCLE;SRC-BACKEND-TEST-TEST-RF2-IDENTITY-ACCESS-MIGRATION;SRC-CANON-EQUINE-HEALTH-CANON-V1.1;SRC-CANON-HORSE-LIFECYCLE-CANON-V3.1;SRC-CANON-HORSE-TRANSFER-CANON;SRC-CANON-RECORDS-CANON-V2.1;SRC-CANON-RELATIONSHIP-CANON-V2.0;SRC-CODE-GUIDE-PROGRAM-STATUS;SRC-FOUNDER-DIRECTIVE;SRC-FRONTEND-APP-ROUTES;SRC-IMPLEMENTATION-ATLAS;SRC-MASTER-PRODUCT-VISION;SRC-PIA-COMPONENT-OWNERSHIP;SRC-PIA-ITEM-03-CUSTODY;SRC-PIA-ITEM-04-CUSTODY;SRC-PIA-PORTFOLIO-TEN;SRC-PIA-REALIGNMENT-REGISTER;SRC-ROLE-PERMISSION-MATRIX;SRC-FOUNDER-REVISION-DIRECTIVE-2026-08-01
GAP-ES-FEAT-HORSE-011,ES-FEAT-HORSE-011,retirement,Horse identity and lifecycle,NO,NO_NON_PIA_GOVERNANCE_GAP,NO,NO,NO,NO,YES,YES,YES,NO,YES,P2,HIGH,12,74,PIA_SUPPLEMENT,GOVERNANCE,DRAFT_PIA_SUPPLEMENT,FDQ-002,Founder disposition plus source-register update plus validator pass plus implementation/test/evidence gates where applicable,SRC-BACKEND-PERMISSION-MAP;SRC-BACKEND-ROUTE-HORSE-LEDGER;SRC-BACKEND-ROUTE-OPERATIONS;SRC-BACKEND-ROUTE-OWNER-UPDATES;SRC-BACKEND-ROUTE-SUBSCRIPTIONS;SRC-BACKEND-ROUTE-SUBSCRIPTIONS-WEBHOOK-HANDLERS;SRC-BACKEND-SERVER-ASSEMBLY;SRC-BACKEND-TEST-TEST-REVIEW-QUEUE-AND-LIFECYCLE;SRC-BACKEND-TEST-TEST-RF2-IDENTITY-ACCESS-MIGRATION;SRC-CANON-EQUINE-HEALTH-CANON-V1.1;SRC-CANON-HORSE-LIFECYCLE-CANON-V3.1;SRC-CANON-HORSE-TRANSFER-CANON;SRC-CANON-RECORDS-CANON-V2.1;SRC-CANON-RELATIONSHIP-CANON-V2.0;SRC-CODE-GUIDE-PROGRAM-STATUS;SRC-FOUNDER-DIRECTIVE;SRC-FRONTEND-APP-ROUTES;SRC-IMPLEMENTATION-ATLAS;SRC-MASTER-PRODUCT-VISION;SRC-PIA-COMPONENT-OWNERSHIP;SRC-PIA-ITEM-03-CUSTODY;SRC-PIA-ITEM-04-CUSTODY;SRC-PIA-PORTFOLIO-TEN;SRC-PIA-REALIGNMENT-REGISTER;SRC-ROLE-PERMISSION-MATRIX;SRC-FOUNDER-REVISION-DIRECTIVE-2026-08-01
GAP-ES-FEAT-HORSE-012,ES-FEAT-HORSE-012,memorialization,Horse identity and lifecycle,NO,NO_NON_PIA_GOVERNANCE_GAP,NO,NO,NO,NO,YES,YES,YES,NO,YES,P2,HIGH,12,74,PIA_SUPPLEMENT,GOVERNANCE,DRAFT_PIA_SUPPLEMENT,FDQ-002,Founder disposition plus source-register update plus validator pass plus implementation/test/evidence gates where applicable,SRC-BACKEND-PERMISSION-MAP;SRC-BACKEND-ROUTE-HORSE-LEDGER;SRC-BACKEND-ROUTE-OPERATIONS;SRC-BACKEND-ROUTE-OWNER-UPDATES;SRC-BACKEND-ROUTE-SUBSCRIPTIONS;SRC-BACKEND-ROUTE-SUBSCRIPTIONS-WEBHOOK-HANDLERS;SRC-BACKEND-SERVER-ASSEMBLY;SRC-BACKEND-TEST-TEST-REVIEW-QUEUE-AND-LIFECYCLE;SRC-BACKEND-TEST-TEST-RF2-IDENTITY-ACCESS-MIGRATION;SRC-CANON-EQUINE-HEALTH-CANON-V1.1;SRC-CANON-HORSE-LIFECYCLE-CANON-V3.1;SRC-CANON-HORSE-TRANSFER-CANON;SRC-CANON-RECORDS-CANON-V2.1;SRC-CANON-RELATIONSHIP-CANON-V2.0;SRC-CODE-GUIDE-PROGRAM-STATUS;SRC-FOUNDER-DIRECTIVE;SRC-FRONTEND-APP-ROUTES;SRC-IMPLEMENTATION-ATLAS;SRC-MASTER-PRODUCT-VISION;SRC-PIA-COMPONENT-OWNERSHIP;SRC-PIA-ITEM-03-CUSTODY;SRC-PIA-ITEM-04-CUSTODY;SRC-PIA-PORTFOLIO-TEN;SRC-PIA-REALIGNMENT-REGISTER;SRC-ROLE-PERMISSION-MATRIX;SRC-FOUNDER-REVISION-DIRECTIVE-2026-08-01
GAP-ES-FEAT-HORSE-013,ES-FEAT-HORSE-013,public and private projections,Horse identity and lifecycle,NO,NO_NON_PIA_GOVERNANCE_GAP,NO,NO,NO,NO,YES,YES,YES,YES,YES,P2,HIGH,12,74,PIA_SUPPLEMENT,GOVERNANCE,DRAFT_PIA_SUPPLEMENT,FDQ-002,Founder disposition plus source-register update plus validator pass plus implementation/test/evidence gates where applicable,SRC-BACKEND-PERMISSION-MAP;SRC-BACKEND-ROUTE-ANALYTICS;SRC-BACKEND-ROUTE-AUTH;SRC-BACKEND-ROUTE-HORSE-LEDGER;SRC-BACKEND-ROUTE-OPERATIONS;SRC-BACKEND-ROUTE-SUBSCRIPTIONS;SRC-BACKEND-SERVER-ASSEMBLY;SRC-BACKEND-TEST-TEST-REVIEW-QUEUE-AND-LIFECYCLE;SRC-BACKEND-TEST-TEST-RF18-QA-UAT-PUBLIC-LAUNCH-READINESS;SRC-BACKEND-TEST-TEST-RF2-IDENTITY-ACCESS-MIGRATION;SRC-CANON-EQUINE-HEALTH-CANON-V1.1;SRC-CANON-HORSE-LIFECYCLE-CANON-V3.1;SRC-CANON-HORSE-TRANSFER-CANON;SRC-CANON-RECORDS-CANON-V2.1;SRC-CANON-RELATIONSHIP-CANON-V2.0;SRC-CODE-GUIDE-PROGRAM-STATUS;SRC-FOUNDER-DIRECTIVE;SRC-FRONTEND-APP-ROUTES;SRC-FRONTEND-PAGE-ARENASCHEDULE;SRC-FRONTEND-PAGE-SIGNUP;SRC-IMPLEMENTATION-ATLAS;SRC-MASTER-PRODUCT-VISION;SRC-PIA-COMPONENT-OWNERSHIP;SRC-PIA-ITEM-03-CUSTODY;SRC-PIA-ITEM-04-CUSTODY;SRC-PIA-PORTFOLIO-TEN;SRC-PIA-REALIGNMENT-REGISTER;SRC-ROLE-PERMISSION-MATRIX;SRC-FOUNDER-REVISION-DIRECTIVE-2026-08-01
GAP-ES-FEAT-CARE-001,ES-FEAT-CARE-001,feed,Care operations,NO,NO_NON_PIA_GOVERNANCE_GAP,NO,NO,NO,NO,YES,YES,YES,NO,YES,P2,HIGH,12,74,PIA_SUPPLEMENT,GOVERNANCE,DRAFT_PIA_SUPPLEMENT,FDQ-002,Founder disposition plus source-register update plus validator pass plus implementation/test/evidence gates where applicable,SRC-BACKEND-PERMISSION-MAP;SRC-BACKEND-ROUTE-CARE;SRC-BACKEND-ROUTE-HORSE-LEDGER;SRC-BACKEND-ROUTE-HORSES;SRC-BACKEND-ROUTE-MANAGER-INTAKE;SRC-BACKEND-ROUTE-ONBOARDING;SRC-BACKEND-SERVER-ASSEMBLY;SRC-BACKEND-TEST-TEST-CARE-FILTERING;SRC-BACKEND-TEST-TEST-CARE-INTEGRITY;SRC-BACKEND-TEST-TEST-CARE-ROUTES;SRC-BACKEND-TEST-TEST-CARE-SCOPING;SRC-BACKEND-TEST-TEST-CARE-STATE-GUARDS;SRC-BACKEND-TEST-TEST-OPERATIONS-ROUTES;SRC-BACKEND-TEST-TEST-OPERATIONS-SCOPING;SRC-BACKEND-TEST-TEST-RF10-SERVICE-PROVIDER-CARE-PARTNER;SRC-CANON-AUDIT-CANON-V2.0;SRC-CANON-BARN-CANON-V3.1;SRC-CANON-EQUINE-HEALTH-CANON-V1.1;SRC-CANON-HORSE-LIFECYCLE-CANON-V3.1;SRC-CODE-GUIDE-PROGRAM-STATUS;SRC-FOUNDER-DIRECTIVE;SRC-FRONTEND-APP-ROUTES;SRC-FRONTEND-PAGE-CARELEDGERTAB;SRC-FRONTEND-PAGE-DASHBOARD;SRC-FRONTEND-PAGE-FEED;SRC-FRONTEND-PAGE-HORSEPROFILE;SRC-FRONTEND-PAGE-LANDING;SRC-IMPLEMENTATION-ATLAS;SRC-MASTER-PRODUCT-VISION;SRC-PIA-COMPONENT-OWNERSHIP;SRC-PIA-ITEM-04-CUSTODY;SRC-PIA-ITEM-06-CUSTODY;SRC-PIA-ITEM-07-DISPOSITION;SRC-PIA-PORTFOLIO-TEN;SRC-PIA-REALIGNMENT-REGISTER;SRC-ROLE-PERMISSION-MATRIX;SRC-FOUNDER-REVISION-DIRECTIVE-2026-08-01
GAP-ES-FEAT-CARE-002,ES-FEAT-CARE-002,supplements,Care operations,NO,NO_NON_PIA_GOVERNANCE_GAP,NO,NO,NO,NO,YES,YES,YES,NO,YES,P2,HIGH,12,74,PIA_SUPPLEMENT,GOVERNANCE,DRAFT_PIA_SUPPLEMENT,FDQ-002,Founder disposition plus source-register update plus validator pass plus implementation/test/evidence gates where applicable,SRC-BACKEND-PERMISSION-MAP;SRC-BACKEND-ROUTE-ADMIN;SRC-BACKEND-ROUTE-BACKLOG;SRC-BACKEND-ROUTE-HORSE-LEDGER;SRC-BACKEND-ROUTE-MANAGER-INTAKE;SRC-BACKEND-ROUTE-ONBOARDING;SRC-BACKEND-SERVER-ASSEMBLY;SRC-BACKEND-TEST-TEST-CARE-FILTERING;SRC-BACKEND-TEST-TEST-CARE-INTEGRITY;SRC-BACKEND-TEST-TEST-CARE-ROUTES;SRC-BACKEND-TEST-TEST-CARE-SCOPING;SRC-BACKEND-TEST-TEST-CARE-STATE-GUARDS;SRC-BACKEND-TEST-TEST-OPERATIONS-ROUTES;SRC-BACKEND-TEST-TEST-OPERATIONS-SCOPING;SRC-BACKEND-TEST-TEST-RF10-SERVICE-PROVIDER-CARE-PARTNER;SRC-CANON-AUDIT-CANON-V2.0;SRC-CANON-BARN-CANON-V3.1;SRC-CANON-EQUINE-HEALTH-CANON-V1.1;SRC-CANON-HORSE-LIFECYCLE-CANON-V3.1;SRC-CODE-GUIDE-PROGRAM-STATUS;SRC-FOUNDER-DIRECTIVE;SRC-FRONTEND-APP-ROUTES;SRC-FRONTEND-PAGE-AIAUTOMATION;SRC-FRONTEND-PAGE-DASHBOARD;SRC-FRONTEND-PAGE-LANDING;SRC-FRONTEND-PAGE-PERSONALDASHBOARD;SRC-FRONTEND-PAGE-ROLEINTAKE;SRC-IMPLEMENTATION-ATLAS;SRC-MASTER-PRODUCT-VISION;SRC-PIA-COMPONENT-OWNERSHIP;SRC-PIA-ITEM-04-CUSTODY;SRC-PIA-ITEM-06-CUSTODY;SRC-PIA-ITEM-07-DISPOSITION;SRC-PIA-PORTFOLIO-TEN;SRC-PIA-REALIGNMENT-REGISTER;SRC-ROLE-PERMISSION-MATRIX;SRC-FOUNDER-REVISION-DIRECTIVE-2026-08-01
GAP-ES-FEAT-CARE-003,ES-FEAT-CARE-003,medication,Care operations,NO,NO_NON_PIA_GOVERNANCE_GAP,NO,NO,NO,NO,YES,YES,YES,NO,YES,P2,HIGH,12,74,PIA_SUPPLEMENT,GOVERNANCE,DRAFT_PIA_SUPPLEMENT,FDQ-002,Founder disposition plus source-register update plus validator pass plus implementation/test/evidence gates where applicable,SRC-BACKEND-PERMISSION-MAP;SRC-BACKEND-ROUTE-CARE;SRC-BACKEND-ROUTE-MANAGER-INTAKE;SRC-BACKEND-ROUTE-ONBOARDING;SRC-BACKEND-ROUTE-OWNER;SRC-BACKEND-ROUTE-STAFF-INTAKE;SRC-BACKEND-SERVER-ASSEMBLY;SRC-BACKEND-TEST-TEST-CARE-FILTERING;SRC-BACKEND-TEST-TEST-CARE-INTEGRITY;SRC-BACKEND-TEST-TEST-CARE-ROUTES;SRC-BACKEND-TEST-TEST-CARE-SCOPING;SRC-BACKEND-TEST-TEST-CARE-STATE-GUARDS;SRC-BACKEND-TEST-TEST-OPERATIONS-ROUTES;SRC-BACKEND-TEST-TEST-OPERATIONS-SCOPING;SRC-BACKEND-TEST-TEST-RF10-SERVICE-PROVIDER-CARE-PARTNER;SRC-CANON-AUDIT-CANON-V2.0;SRC-CANON-BARN-CANON-V3.1;SRC-CANON-EQUINE-HEALTH-CANON-V1.1;SRC-CANON-HORSE-LIFECYCLE-CANON-V3.1;SRC-CODE-GUIDE-PROGRAM-STATUS;SRC-FOUNDER-DIRECTIVE;SRC-FRONTEND-APP-ROUTES;SRC-FRONTEND-PAGE-DASHBOARD;SRC-FRONTEND-PAGE-HEALTHCARELOGS;SRC-FRONTEND-PAGE-HORSEPROFILE;SRC-FRONTEND-PAGE-LANDING;SRC-FRONTEND-PAGE-MEDICATIONS;SRC-IMPLEMENTATION-ATLAS;SRC-MASTER-PRODUCT-VISION;SRC-PIA-COMPONENT-OWNERSHIP;SRC-PIA-ITEM-04-CUSTODY;SRC-PIA-ITEM-06-CUSTODY;SRC-PIA-ITEM-07-DISPOSITION;SRC-PIA-PORTFOLIO-TEN;SRC-PIA-REALIGNMENT-REGISTER;SRC-ROLE-PERMISSION-MATRIX;SRC-FOUNDER-REVISION-DIRECTIVE-2026-08-01
GAP-ES-FEAT-CARE-004,ES-FEAT-CARE-004,treatment instructions,Care operations,NO,NO_NON_PIA_GOVERNANCE_GAP,NO,NO,NO,NO,YES,YES,YES,NO,YES,P2,HIGH,12,74,PIA_SUPPLEMENT,GOVERNANCE,DRAFT_PIA_SUPPLEMENT,FDQ-002,Founder disposition plus source-register update plus validator pass plus implementation/test/evidence gates where applicable,SRC-BACKEND-PERMISSION-MAP;SRC-BACKEND-ROUTE-ADMIN;SRC-BACKEND-ROUTE-BACKLOG;SRC-BACKEND-ROUTE-BILLING;SRC-BACKEND-ROUTE-MANAGER-INTAKE;SRC-BACKEND-ROUTE-ONBOARDING;SRC-BACKEND-SERVER-ASSEMBLY;SRC-BACKEND-TEST-TEST-CARE-FILTERING;SRC-BACKEND-TEST-TEST-CARE-INTEGRITY;SRC-BACKEND-TEST-TEST-CARE-ROUTES;SRC-BACKEND-TEST-TEST-CARE-SCOPING;SRC-BACKEND-TEST-TEST-CARE-STATE-GUARDS;SRC-BACKEND-TEST-TEST-OPERATIONS-ROUTES;SRC-BACKEND-TEST-TEST-OPERATIONS-SCOPING;SRC-BACKEND-TEST-TEST-RF10-SERVICE-PROVIDER-CARE-PARTNER;SRC-CANON-AUDIT-CANON-V2.0;SRC-CANON-BARN-CANON-V3.1;SRC-CANON-EQUINE-HEALTH-CANON-V1.1;SRC-CANON-HORSE-LIFECYCLE-CANON-V3.1;SRC-CODE-GUIDE-PROGRAM-STATUS;SRC-FOUNDER-DIRECTIVE;SRC-FRONTEND-APP-ROUTES;SRC-FRONTEND-PAGE-AIAUTOMATION;SRC-FRONTEND-PAGE-DASHBOARD;SRC-FRONTEND-PAGE-LANDING;SRC-FRONTEND-PAGE-PERSONALDASHBOARD;SRC-FRONTEND-PAGE-ROLEINTAKE;SRC-IMPLEMENTATION-ATLAS;SRC-MASTER-PRODUCT-VISION;SRC-PIA-COMPONENT-OWNERSHIP;SRC-PIA-ITEM-04-CUSTODY;SRC-PIA-ITEM-06-CUSTODY;SRC-PIA-ITEM-07-DISPOSITION;SRC-PIA-PORTFOLIO-TEN;SRC-PIA-REALIGNMENT-REGISTER;SRC-ROLE-PERMISSION-MATRIX;SRC-FOUNDER-REVISION-DIRECTIVE-2026-08-01
GAP-ES-FEAT-CARE-005,ES-FEAT-CARE-005,turnout,Care operations,NO,NO_NON_PIA_GOVERNANCE_GAP,NO,NO,NO,NO,YES,YES,YES,NO,YES,P2,HIGH,12,74,PIA_SUPPLEMENT,GOVERNANCE,DRAFT_PIA_SUPPLEMENT,FDQ-002,Founder disposition plus source-register update plus validator pass plus implementation/test/evidence gates where applicable,SRC-BACKEND-PERMISSION-MAP;SRC-BACKEND-ROUTE-HORSE-LEDGER;SRC-BACKEND-ROUTE-HORSES;SRC-BACKEND-ROUTE-MANAGER-INTAKE;SRC-BACKEND-ROUTE-ONBOARDING;SRC-BACKEND-ROUTE-OWNER;SRC-BACKEND-SERVER-ASSEMBLY;SRC-BACKEND-TEST-TEST-CARE-FILTERING;SRC-BACKEND-TEST-TEST-CARE-INTEGRITY;SRC-BACKEND-TEST-TEST-CARE-ROUTES;SRC-BACKEND-TEST-TEST-CARE-SCOPING;SRC-BACKEND-TEST-TEST-CARE-STATE-GUARDS;SRC-BACKEND-TEST-TEST-OPERATIONS-ROUTES;SRC-BACKEND-TEST-TEST-OPERATIONS-SCOPING;SRC-BACKEND-TEST-TEST-RF10-SERVICE-PROVIDER-CARE-PARTNER;SRC-CANON-AUDIT-CANON-V2.0;SRC-CANON-BARN-CANON-V3.1;SRC-CANON-EQUINE-HEALTH-CANON-V1.1;SRC-CANON-HORSE-LIFECYCLE-CANON-V3.1;SRC-CODE-GUIDE-PROGRAM-STATUS;SRC-FOUNDER-DIRECTIVE;SRC-FRONTEND-APP-ROUTES;SRC-FRONTEND-PAGE-CARELEDGERTAB;SRC-FRONTEND-PAGE-DASHBOARD;SRC-FRONTEND-PAGE-LANDING;SRC-FRONTEND-PAGE-ROLEINTAKE;SRC-FRONTEND-PAGE-TURNOUT;SRC-IMPLEMENTATION-ATLAS;SRC-MASTER-PRODUCT-VISION;SRC-PIA-COMPONENT-OWNERSHIP;SRC-PIA-ITEM-04-CUSTODY;SRC-PIA-ITEM-06-CUSTODY;SRC-PIA-ITEM-07-DISPOSITION;SRC-PIA-PORTFOLIO-TEN;SRC-PIA-REALIGNMENT-REGISTER;SRC-ROLE-PERMISSION-MATRIX;SRC-FOUNDER-REVISION-DIRECTIVE-2026-08-01
GAP-ES-FEAT-CARE-006,ES-FEAT-CARE-006,blanketing,Care operations,NO,NO_NON_PIA_GOVERNANCE_GAP,NO,NO,NO,NO,YES,YES,YES,NO,YES,P2,HIGH,12,74,PIA_SUPPLEMENT,GOVERNANCE,DRAFT_PIA_SUPPLEMENT,FDQ-002,Founder disposition plus source-register update plus validator pass plus implementation/test/evidence gates where applicable,SRC-BACKEND-PERMISSION-MAP;SRC-BACKEND-ROUTE-ADMIN;SRC-BACKEND-ROUTE-BACKLOG;SRC-BACKEND-ROUTE-MANAGER-INTAKE;SRC-BACKEND-ROUTE-ONBOARDING;SRC-BACKEND-ROUTE-STAFF-INTAKE;SRC-BACKEND-SERVER-ASSEMBLY;SRC-BACKEND-TEST-TEST-CARE-FILTERING;SRC-BACKEND-TEST-TEST-CARE-INTEGRITY;SRC-BACKEND-TEST-TEST-CARE-ROUTES;SRC-BACKEND-TEST-TEST-CARE-SCOPING;SRC-BACKEND-TEST-TEST-CARE-STATE-GUARDS;SRC-BACKEND-TEST-TEST-OPERATIONS-ROUTES;SRC-BACKEND-TEST-TEST-OPERATIONS-SCOPING;SRC-BACKEND-TEST-TEST-RF10-SERVICE-PROVIDER-CARE-PARTNER;SRC-CANON-AUDIT-CANON-V2.0;SRC-CANON-BARN-CANON-V3.1;SRC-CANON-EQUINE-HEALTH-CANON-V1.1;SRC-CANON-HORSE-LIFECYCLE-CANON-V3.1;SRC-CODE-GUIDE-PROGRAM-STATUS;SRC-FOUNDER-DIRECTIVE;SRC-FRONTEND-APP-ROUTES;SRC-FRONTEND-PAGE-AIAUTOMATION;SRC-FRONTEND-PAGE-DASHBOARD;SRC-FRONTEND-PAGE-LANDING;SRC-FRONTEND-PAGE-PERSONALDASHBOARD;SRC-FRONTEND-PAGE-ROLEINTAKE;SRC-IMPLEMENTATION-ATLAS;SRC-MASTER-PRODUCT-VISION;SRC-PIA-COMPONENT-OWNERSHIP;SRC-PIA-ITEM-04-CUSTODY;SRC-PIA-ITEM-06-CUSTODY;SRC-PIA-ITEM-07-DISPOSITION;SRC-PIA-PORTFOLIO-TEN;SRC-PIA-REALIGNMENT-REGISTER;SRC-ROLE-PERMISSION-MATRIX;SRC-FOUNDER-REVISION-DIRECTIVE-2026-08-01
GAP-ES-FEAT-CARE-007,ES-FEAT-CARE-007,stall rest,Care operations,NO,NO_NON_PIA_GOVERNANCE_GAP,NO,NO,NO,NO,YES,YES,YES,NO,YES,P2,HIGH,12,74,PIA_SUPPLEMENT,GOVERNANCE,DRAFT_PIA_SUPPLEMENT,FDQ-002,Founder disposition plus source-register update plus validator pass plus implementation/test/evidence gates where applicable,SRC-BACKEND-PERMISSION-MAP;SRC-BACKEND-ROUTE-BACKLOG;SRC-BACKEND-ROUTE-DASHBOARD;SRC-BACKEND-ROUTE-HORSE-LEDGER;SRC-BACKEND-ROUTE-HORSES;SRC-BACKEND-ROUTE-MANAGER-INTAKE;SRC-BACKEND-SERVER-ASSEMBLY;SRC-BACKEND-TEST-TEST-CARE-FILTERING;SRC-BACKEND-TEST-TEST-CARE-INTEGRITY;SRC-BACKEND-TEST-TEST-CARE-ROUTES;SRC-BACKEND-TEST-TEST-CARE-SCOPING;SRC-BACKEND-TEST-TEST-CARE-STATE-GUARDS;SRC-BACKEND-TEST-TEST-OPERATIONS-ROUTES;SRC-BACKEND-TEST-TEST-OPERATIONS-SCOPING;SRC-BACKEND-TEST-TEST-RF10-SERVICE-PROVIDER-CARE-PARTNER;SRC-CANON-AUDIT-CANON-V2.0;SRC-CANON-BARN-CANON-V3.1;SRC-CANON-EQUINE-HEALTH-CANON-V1.1;SRC-CANON-HORSE-LIFECYCLE-CANON-V3.1;SRC-CODE-GUIDE-PROGRAM-STATUS;SRC-FOUNDER-DIRECTIVE;SRC-FRONTEND-APP-ROUTES;SRC-FRONTEND-PAGE-CARELEDGERTAB;SRC-FRONTEND-PAGE-DASHBOARD;SRC-FRONTEND-PAGE-HORSES;SRC-FRONTEND-PAGE-LANDING;SRC-FRONTEND-PAGE-STALLMAP;SRC-IMPLEMENTATION-ATLAS;SRC-MASTER-PRODUCT-VISION;SRC-PIA-COMPONENT-OWNERSHIP;SRC-PIA-ITEM-04-CUSTODY;SRC-PIA-ITEM-06-CUSTODY;SRC-PIA-ITEM-07-DISPOSITION;SRC-PIA-PORTFOLIO-TEN;SRC-PIA-REALIGNMENT-REGISTER;SRC-ROLE-PERMISSION-MATRIX;SRC-FOUNDER-REVISION-DIRECTIVE-2026-08-01
GAP-ES-FEAT-CARE-008,ES-FEAT-CARE-008,rehabilitation,Care operations,NO,NO_NON_PIA_GOVERNANCE_GAP,NO,NO,NO,NO,YES,YES,YES,NO,YES,P2,HIGH,12,74,PIA_SUPPLEMENT,GOVERNANCE,DRAFT_PIA_SUPPLEMENT,FDQ-002,Founder disposition plus source-register update plus validator pass plus implementation/test/evidence gates where applicable,SRC-BACKEND-PERMISSION-MAP;SRC-BACKEND-ROUTE-ADMIN;SRC-BACKEND-ROUTE-BACKLOG;SRC-BACKEND-ROUTE-BILLING;SRC-BACKEND-ROUTE-MANAGER-INTAKE;SRC-BACKEND-ROUTE-ONBOARDING;SRC-BACKEND-SERVER-ASSEMBLY;SRC-BACKEND-TEST-TEST-CARE-FILTERING;SRC-BACKEND-TEST-TEST-CARE-INTEGRITY;SRC-BACKEND-TEST-TEST-CARE-ROUTES;SRC-BACKEND-TEST-TEST-CARE-SCOPING;SRC-BACKEND-TEST-TEST-CARE-STATE-GUARDS;SRC-BACKEND-TEST-TEST-OPERATIONS-ROUTES;SRC-BACKEND-TEST-TEST-OPERATIONS-SCOPING;SRC-BACKEND-TEST-TEST-RF10-SERVICE-PROVIDER-CARE-PARTNER;SRC-CANON-AUDIT-CANON-V2.0;SRC-CANON-BARN-CANON-V3.1;SRC-CANON-EQUINE-HEALTH-CANON-V1.1;SRC-CANON-HORSE-LIFECYCLE-CANON-V3.1;SRC-CODE-GUIDE-PROGRAM-STATUS;SRC-FOUNDER-DIRECTIVE;SRC-FRONTEND-APP-ROUTES;SRC-FRONTEND-PAGE-AIAUTOMATION;SRC-FRONTEND-PAGE-DASHBOARD;SRC-FRONTEND-PAGE-LANDING;SRC-FRONTEND-PAGE-PERSONALDASHBOARD;SRC-FRONTEND-PAGE-ROLEINTAKE;SRC-IMPLEMENTATION-ATLAS;SRC-MASTER-PRODUCT-VISION;SRC-PIA-COMPONENT-OWNERSHIP;SRC-PIA-ITEM-04-CUSTODY;SRC-PIA-ITEM-06-CUSTODY;SRC-PIA-ITEM-07-DISPOSITION;SRC-PIA-PORTFOLIO-TEN;SRC-PIA-REALIGNMENT-REGISTER;SRC-ROLE-PERMISSION-MATRIX;SRC-FOUNDER-REVISION-DIRECTIVE-2026-08-01
GAP-ES-FEAT-CARE-009,ES-FEAT-CARE-009,observations,Care operations,NO,NO_NON_PIA_GOVERNANCE_GAP,NO,NO,NO,NO,YES,YES,YES,NO,YES,P2,HIGH,12,74,PIA_SUPPLEMENT,GOVERNANCE,DRAFT_PIA_SUPPLEMENT,FDQ-002,Founder disposition plus source-register update plus validator pass plus implementation/test/evidence gates where applicable,SRC-BACKEND-PERMISSION-MAP;SRC-BACKEND-ROUTE-ADMIN;SRC-BACKEND-ROUTE-BACKLOG;SRC-BACKEND-ROUTE-BILLING;SRC-BACKEND-ROUTE-MANAGER-INTAKE;SRC-BACKEND-ROUTE-ONBOARDING;SRC-BACKEND-SERVER-ASSEMBLY;SRC-BACKEND-TEST-TEST-CARE-FILTERING;SRC-BACKEND-TEST-TEST-CARE-INTEGRITY;SRC-BACKEND-TEST-TEST-CARE-ROUTES;SRC-BACKEND-TEST-TEST-CARE-SCOPING;SRC-BACKEND-TEST-TEST-CARE-STATE-GUARDS;SRC-BACKEND-TEST-TEST-OPERATIONS-ROUTES;SRC-BACKEND-TEST-TEST-OPERATIONS-SCOPING;SRC-BACKEND-TEST-TEST-RF10-SERVICE-PROVIDER-CARE-PARTNER;SRC-CANON-AUDIT-CANON-V2.0;SRC-CANON-BARN-CANON-V3.1;SRC-CANON-EQUINE-HEALTH-CANON-V1.1;SRC-CANON-HORSE-LIFECYCLE-CANON-V3.1;SRC-CODE-GUIDE-PROGRAM-STATUS;SRC-FOUNDER-DIRECTIVE;SRC-FRONTEND-APP-ROUTES;SRC-FRONTEND-PAGE-AIAUTOMATION;SRC-FRONTEND-PAGE-DASHBOARD;SRC-FRONTEND-PAGE-LANDING;SRC-FRONTEND-PAGE-PERSONALDASHBOARD;SRC-FRONTEND-PAGE-ROLEINTAKE;SRC-IMPLEMENTATION-ATLAS;SRC-MASTER-PRODUCT-VISION;SRC-PIA-COMPONENT-OWNERSHIP;SRC-PIA-ITEM-04-CUSTODY;SRC-PIA-ITEM-06-CUSTODY;SRC-PIA-ITEM-07-DISPOSITION;SRC-PIA-PORTFOLIO-TEN;SRC-PIA-REALIGNMENT-REGISTER;SRC-ROLE-PERMISSION-MATRIX;SRC-FOUNDER-REVISION-DIRECTIVE-2026-08-01
GAP-ES-FEAT-CARE-010,ES-FEAT-CARE-010,welfare concerns,Care operations,NO,NO_NON_PIA_GOVERNANCE_GAP,NO,NO,NO,NO,YES,YES,YES,NO,YES,P2,HIGH,12,74,PIA_SUPPLEMENT,GOVERNANCE,DRAFT_PIA_SUPPLEMENT,FDQ-002,Founder disposition plus source-register update plus validator pass plus implementation/test/evidence gates where applicable,SRC-BACKEND-PERMISSION-MAP;SRC-BACKEND-ROUTE-ADMIN;SRC-BACKEND-ROUTE-BACKLOG;SRC-BACKEND-ROUTE-BILLING;SRC-BACKEND-ROUTE-MANAGER-INTAKE;SRC-BACKEND-ROUTE-ONBOARDING;SRC-BACKEND-SERVER-ASSEMBLY;SRC-BACKEND-TEST-TEST-CARE-FILTERING;SRC-BACKEND-TEST-TEST-CARE-INTEGRITY;SRC-BACKEND-TEST-TEST-CARE-ROUTES;SRC-BACKEND-TEST-TEST-CARE-SCOPING;SRC-BACKEND-TEST-TEST-CARE-STATE-GUARDS;SRC-BACKEND-TEST-TEST-OPERATIONS-ROUTES;SRC-BACKEND-TEST-TEST-OPERATIONS-SCOPING;SRC-BACKEND-TEST-TEST-RF10-SERVICE-PROVIDER-CARE-PARTNER;SRC-CANON-AUDIT-CANON-V2.0;SRC-CANON-BARN-CANON-V3.1;SRC-CANON-EQUINE-HEALTH-CANON-V1.1;SRC-CANON-HORSE-LIFECYCLE-CANON-V3.1;SRC-CODE-GUIDE-PROGRAM-STATUS;SRC-FOUNDER-DIRECTIVE;SRC-FRONTEND-APP-ROUTES;SRC-FRONTEND-PAGE-AIAUTOMATION;SRC-FRONTEND-PAGE-DASHBOARD;SRC-FRONTEND-PAGE-LANDING;SRC-FRONTEND-PAGE-PERSONALDASHBOARD;SRC-FRONTEND-PAGE-ROLEINTAKE;SRC-IMPLEMENTATION-ATLAS;SRC-MASTER-PRODUCT-VISION;SRC-PIA-COMPONENT-OWNERSHIP;SRC-PIA-ITEM-04-CUSTODY;SRC-PIA-ITEM-06-CUSTODY;SRC-PIA-ITEM-07-DISPOSITION;SRC-PIA-PORTFOLIO-TEN;SRC-PIA-REALIGNMENT-REGISTER;SRC-ROLE-PERMISSION-MATRIX;SRC-FOUNDER-REVISION-DIRECTIVE-2026-08-01
GAP-ES-FEAT-CARE-011,ES-FEAT-CARE-011,veterinary visits,Care operations,NO,NO_NON_PIA_GOVERNANCE_GAP,NO,NO,NO,NO,YES,YES,YES,NO,YES,P2,HIGH,12,74,PIA_SUPPLEMENT,GOVERNANCE,DRAFT_PIA_SUPPLEMENT,FDQ-002,Founder disposition plus source-register update plus validator pass plus implementation/test/evidence gates where applicable,SRC-BACKEND-PERMISSION-MAP;SRC-BACKEND-ROUTE-ADMIN;SRC-BACKEND-ROUTE-BACKLOG;SRC-BACKEND-ROUTE-BILLING;SRC-BACKEND-ROUTE-MANAGER-INTAKE;SRC-BACKEND-ROUTE-ONBOARDING;SRC-BACKEND-SERVER-ASSEMBLY;SRC-BACKEND-TEST-TEST-CARE-FILTERING;SRC-BACKEND-TEST-TEST-CARE-INTEGRITY;SRC-BACKEND-TEST-TEST-CARE-ROUTES;SRC-BACKEND-TEST-TEST-CARE-SCOPING;SRC-BACKEND-TEST-TEST-CARE-STATE-GUARDS;SRC-BACKEND-TEST-TEST-OPERATIONS-ROUTES;SRC-BACKEND-TEST-TEST-OPERATIONS-SCOPING;SRC-BACKEND-TEST-TEST-RF10-SERVICE-PROVIDER-CARE-PARTNER;SRC-CANON-AUDIT-CANON-V2.0;SRC-CANON-BARN-CANON-V3.1;SRC-CANON-EQUINE-HEALTH-CANON-V1.1;SRC-CANON-HORSE-LIFECYCLE-CANON-V3.1;SRC-CODE-GUIDE-PROGRAM-STATUS;SRC-FOUNDER-DIRECTIVE;SRC-FRONTEND-APP-ROUTES;SRC-FRONTEND-PAGE-AIAUTOMATION;SRC-FRONTEND-PAGE-DASHBOARD;SRC-FRONTEND-PAGE-LANDING;SRC-FRONTEND-PAGE-PERSONALDASHBOARD;SRC-FRONTEND-PAGE-ROLEINTAKE;SRC-IMPLEMENTATION-ATLAS;SRC-MASTER-PRODUCT-VISION;SRC-PIA-COMPONENT-OWNERSHIP;SRC-PIA-ITEM-04-CUSTODY;SRC-PIA-ITEM-06-CUSTODY;SRC-PIA-ITEM-07-DISPOSITION;SRC-PIA-PORTFOLIO-TEN;SRC-PIA-REALIGNMENT-REGISTER;SRC-ROLE-PERMISSION-MATRIX;SRC-FOUNDER-REVISION-DIRECTIVE-2026-08-01
GAP-ES-FEAT-CARE-012,ES-FEAT-CARE-012,farrier,Care operations,NO,NO_NON_PIA_GOVERNANCE_GAP,NO,NO,NO,NO,YES,YES,YES,NO,YES,P2,HIGH,12,74,PIA_SUPPLEMENT,GOVERNANCE,DRAFT_PIA_SUPPLEMENT,FDQ-002,Founder disposition plus source-register update plus validator pass plus implementation/test/evidence gates where applicable,SRC-BACKEND-PERMISSION-MAP;SRC-BACKEND-ROUTE-CARE;SRC-BACKEND-ROUTE-MANAGER-INTAKE;SRC-BACKEND-ROUTE-MEMBERSHIP;SRC-BACKEND-ROUTE-ONBOARDING;SRC-BACKEND-ROUTE-OWNER;SRC-BACKEND-SERVER-ASSEMBLY;SRC-BACKEND-TEST-TEST-CARE-FILTERING;SRC-BACKEND-TEST-TEST-CARE-INTEGRITY;SRC-BACKEND-TEST-TEST-CARE-ROUTES;SRC-BACKEND-TEST-TEST-CARE-SCOPING;SRC-BACKEND-TEST-TEST-CARE-STATE-GUARDS;SRC-BACKEND-TEST-TEST-OPERATIONS-ROUTES;SRC-BACKEND-TEST-TEST-OPERATIONS-SCOPING;SRC-BACKEND-TEST-TEST-RF10-SERVICE-PROVIDER-CARE-PARTNER;SRC-CANON-AUDIT-CANON-V2.0;SRC-CANON-BARN-CANON-V3.1;SRC-CANON-EQUINE-HEALTH-CANON-V1.1;SRC-CANON-HORSE-LIFECYCLE-CANON-V3.1;SRC-CODE-GUIDE-PROGRAM-STATUS;SRC-FOUNDER-DIRECTIVE;SRC-FRONTEND-APP-ROUTES;SRC-FRONTEND-PAGE-DASHBOARD;SRC-FRONTEND-PAGE-HEALTHCARELOGS;SRC-FRONTEND-PAGE-LANDING;SRC-FRONTEND-PAGE-PERSONALDASHBOARD;SRC-FRONTEND-PAGE-ROLEINTAKE;SRC-IMPLEMENTATION-ATLAS;SRC-MASTER-PRODUCT-VISION;SRC-PIA-COMPONENT-OWNERSHIP;SRC-PIA-ITEM-04-CUSTODY;SRC-PIA-ITEM-06-CUSTODY;SRC-PIA-ITEM-07-DISPOSITION;SRC-PIA-PORTFOLIO-TEN;SRC-PIA-REALIGNMENT-REGISTER;SRC-ROLE-PERMISSION-MATRIX;SRC-FOUNDER-REVISION-DIRECTIVE-2026-08-01
GAP-ES-FEAT-CARE-013,ES-FEAT-CARE-013,dental,Care operations,NO,NO_NON_PIA_GOVERNANCE_GAP,NO,NO,NO,NO,YES,YES,YES,NO,YES,P2,HIGH,12,74,PIA_SUPPLEMENT,GOVERNANCE,DRAFT_PIA_SUPPLEMENT,FDQ-002,Founder disposition plus source-register update plus validator pass plus implementation/test/evidence gates where applicable,SRC-BACKEND-PERMISSION-MAP;SRC-BACKEND-ROUTE-ADMIN;SRC-BACKEND-ROUTE-BACKLOG;SRC-BACKEND-ROUTE-BILLING;SRC-BACKEND-ROUTE-MANAGER-INTAKE;SRC-BACKEND-ROUTE-ONBOARDING;SRC-BACKEND-SERVER-ASSEMBLY;SRC-BACKEND-TEST-TEST-CARE-FILTERING;SRC-BACKEND-TEST-TEST-CARE-INTEGRITY;SRC-BACKEND-TEST-TEST-CARE-ROUTES;SRC-BACKEND-TEST-TEST-CARE-SCOPING;SRC-BACKEND-TEST-TEST-CARE-STATE-GUARDS;SRC-BACKEND-TEST-TEST-OPERATIONS-ROUTES;SRC-BACKEND-TEST-TEST-OPERATIONS-SCOPING;SRC-BACKEND-TEST-TEST-RF10-SERVICE-PROVIDER-CARE-PARTNER;SRC-CANON-AUDIT-CANON-V2.0;SRC-CANON-BARN-CANON-V3.1;SRC-CANON-EQUINE-HEALTH-CANON-V1.1;SRC-CANON-HORSE-LIFECYCLE-CANON-V3.1;SRC-CODE-GUIDE-PROGRAM-STATUS;SRC-FOUNDER-DIRECTIVE;SRC-FRONTEND-APP-ROUTES;SRC-FRONTEND-PAGE-AIAUTOMATION;SRC-FRONTEND-PAGE-DASHBOARD;SRC-FRONTEND-PAGE-LANDING;SRC-FRONTEND-PAGE-PERSONALDASHBOARD;SRC-FRONTEND-PAGE-ROLEINTAKE;SRC-IMPLEMENTATION-ATLAS;SRC-MASTER-PRODUCT-VISION;SRC-PIA-COMPONENT-OWNERSHIP;SRC-PIA-ITEM-04-CUSTODY;SRC-PIA-ITEM-06-CUSTODY;SRC-PIA-ITEM-07-DISPOSITION;SRC-PIA-PORTFOLIO-TEN;SRC-PIA-REALIGNMENT-REGISTER;SRC-ROLE-PERMISSION-MATRIX;SRC-FOUNDER-REVISION-DIRECTIVE-2026-08-01
GAP-ES-FEAT-CARE-014,ES-FEAT-CARE-014,bodywork,Care operations,NO,NO_NON_PIA_GOVERNANCE_GAP,NO,NO,NO,NO,YES,YES,YES,NO,YES,P2,HIGH,12,74,PIA_SUPPLEMENT,GOVERNANCE,DRAFT_PIA_SUPPLEMENT,FDQ-002,Founder disposition plus source-register update plus validator pass plus implementation/test/evidence gates where applicable,SRC-BACKEND-PERMISSION-MAP;SRC-BACKEND-ROUTE-ADMIN;SRC-BACKEND-ROUTE-BACKLOG;SRC-BACKEND-ROUTE-BILLING;SRC-BACKEND-ROUTE-MANAGER-INTAKE;SRC-BACKEND-ROUTE-ONBOARDING;SRC-BACKEND-SERVER-ASSEMBLY;SRC-BACKEND-TEST-TEST-CARE-FILTERING;SRC-BACKEND-TEST-TEST-CARE-INTEGRITY;SRC-BACKEND-TEST-TEST-CARE-ROUTES;SRC-BACKEND-TEST-TEST-CARE-SCOPING;SRC-BACKEND-TEST-TEST-CARE-STATE-GUARDS;SRC-BACKEND-TEST-TEST-OPERATIONS-ROUTES;SRC-BACKEND-TEST-TEST-OPERATIONS-SCOPING;SRC-BACKEND-TEST-TEST-RF10-SERVICE-PROVIDER-CARE-PARTNER;SRC-CANON-AUDIT-CANON-V2.0;SRC-CANON-BARN-CANON-V3.1;SRC-CANON-EQUINE-HEALTH-CANON-V1.1;SRC-CANON-HORSE-LIFECYCLE-CANON-V3.1;SRC-CODE-GUIDE-PROGRAM-STATUS;SRC-FOUNDER-DIRECTIVE;SRC-FRONTEND-APP-ROUTES;SRC-FRONTEND-PAGE-AIAUTOMATION;SRC-FRONTEND-PAGE-DASHBOARD;SRC-FRONTEND-PAGE-LANDING;SRC-FRONTEND-PAGE-PERSONALDASHBOARD;SRC-FRONTEND-PAGE-ROLEINTAKE;SRC-IMPLEMENTATION-ATLAS;SRC-MASTER-PRODUCT-VISION;SRC-PIA-COMPONENT-OWNERSHIP;SRC-PIA-ITEM-04-CUSTODY;SRC-PIA-ITEM-06-CUSTODY;SRC-PIA-ITEM-07-DISPOSITION;SRC-PIA-PORTFOLIO-TEN;SRC-PIA-REALIGNMENT-REGISTER;SRC-ROLE-PERMISSION-MATRIX;SRC-FOUNDER-REVISION-DIRECTIVE-2026-08-01
GAP-ES-FEAT-CARE-015,ES-FEAT-CARE-015,nutrition,Care operations,NO,NO_NON_PIA_GOVERNANCE_GAP,NO,NO,NO,NO,YES,YES,YES,NO,YES,P2,HIGH,12,74,PIA_SUPPLEMENT,GOVERNANCE,DRAFT_PIA_SUPPLEMENT,FDQ-002,Founder disposition plus source-register update plus validator pass plus implementation/test/evidence gates where applicable,SRC-BACKEND-PERMISSION-MAP;SRC-BACKEND-ROUTE-ADMIN;SRC-BACKEND-ROUTE-BACKLOG;SRC-BACKEND-ROUTE-BILLING;SRC-BACKEND-ROUTE-MANAGER-INTAKE;SRC-BACKEND-ROUTE-ONBOARDING;SRC-BACKEND-SERVER-ASSEMBLY;SRC-BACKEND-TEST-TEST-CARE-FILTERING;SRC-BACKEND-TEST-TEST-CARE-INTEGRITY;SRC-BACKEND-TEST-TEST-CARE-ROUTES;SRC-BACKEND-TEST-TEST-CARE-SCOPING;SRC-BACKEND-TEST-TEST-CARE-STATE-GUARDS;SRC-BACKEND-TEST-TEST-OPERATIONS-ROUTES;SRC-BACKEND-TEST-TEST-OPERATIONS-SCOPING;SRC-BACKEND-TEST-TEST-RF10-SERVICE-PROVIDER-CARE-PARTNER;SRC-CANON-AUDIT-CANON-V2.0;SRC-CANON-BARN-CANON-V3.1;SRC-CANON-EQUINE-HEALTH-CANON-V1.1;SRC-CANON-HORSE-LIFECYCLE-CANON-V3.1;SRC-CODE-GUIDE-PROGRAM-STATUS;SRC-FOUNDER-DIRECTIVE;SRC-FRONTEND-APP-ROUTES;SRC-FRONTEND-PAGE-AIAUTOMATION;SRC-FRONTEND-PAGE-DASHBOARD;SRC-FRONTEND-PAGE-LANDING;SRC-FRONTEND-PAGE-PERSONALDASHBOARD;SRC-FRONTEND-PAGE-ROLEINTAKE;SRC-IMPLEMENTATION-ATLAS;SRC-MASTER-PRODUCT-VISION;SRC-PIA-COMPONENT-OWNERSHIP;SRC-PIA-ITEM-04-CUSTODY;SRC-PIA-ITEM-06-CUSTODY;SRC-PIA-ITEM-07-DISPOSITION;SRC-PIA-PORTFOLIO-TEN;SRC-PIA-REALIGNMENT-REGISTER;SRC-ROLE-PERMISSION-MATRIX;SRC-FOUNDER-REVISION-DIRECTIVE-2026-08-01
GAP-ES-FEAT-CARE-016,ES-FEAT-CARE-016,care-plan changes,Care operations,NO,NO_NON_PIA_GOVERNANCE_GAP,NO,NO,NO,NO,YES,YES,YES,NO,YES,P2,HIGH,12,74,PIA_SUPPLEMENT,GOVERNANCE,DRAFT_PIA_SUPPLEMENT,FDQ-002,Founder disposition plus source-register update plus validator pass plus implementation/test/evidence gates where applicable,SRC-BACKEND-PERMISSION-MAP;SRC-BACKEND-ROUTE-CARE;SRC-BACKEND-ROUTE-HORSES;SRC-BACKEND-ROUTE-MANAGER-INTAKE;SRC-BACKEND-ROUTE-ONBOARDING;SRC-BACKEND-ROUTE-OWNER;SRC-BACKEND-SERVER-ASSEMBLY;SRC-BACKEND-TEST-TEST-CARE-FILTERING;SRC-BACKEND-TEST-TEST-CARE-INTEGRITY;SRC-BACKEND-TEST-TEST-CARE-ROUTES;SRC-BACKEND-TEST-TEST-CARE-SCOPING;SRC-BACKEND-TEST-TEST-CARE-STATE-GUARDS;SRC-BACKEND-TEST-TEST-OPERATIONS-ROUTES;SRC-BACKEND-TEST-TEST-OPERATIONS-SCOPING;SRC-BACKEND-TEST-TEST-RF10-SERVICE-PROVIDER-CARE-PARTNER;SRC-CANON-AUDIT-CANON-V2.0;SRC-CANON-BARN-CANON-V3.1;SRC-CANON-EQUINE-HEALTH-CANON-V1.1;SRC-CANON-HORSE-LIFECYCLE-CANON-V3.1;SRC-CODE-GUIDE-PROGRAM-STATUS;SRC-FOUNDER-DIRECTIVE;SRC-FRONTEND-APP-ROUTES;SRC-FRONTEND-PAGE-CARELEDGERTAB;SRC-FRONTEND-PAGE-DASHBOARD;SRC-FRONTEND-PAGE-HEALTHCARELOGS;SRC-FRONTEND-PAGE-LANDING;SRC-FRONTEND-PAGE-OWNERCARELEDGER;SRC-IMPLEMENTATION-ATLAS;SRC-MASTER-PRODUCT-VISION;SRC-PIA-COMPONENT-OWNERSHIP;SRC-PIA-ITEM-04-CUSTODY;SRC-PIA-ITEM-06-CUSTODY;SRC-PIA-ITEM-07-DISPOSITION;SRC-PIA-PORTFOLIO-TEN;SRC-PIA-REALIGNMENT-REGISTER;SRC-ROLE-PERMISSION-MATRIX;SRC-FOUNDER-REVISION-DIRECTIVE-2026-08-01
GAP-ES-FEAT-CARE-017,ES-FEAT-CARE-017,missed care,Care operations,NO,NO_NON_PIA_GOVERNANCE_GAP,NO,NO,NO,NO,YES,YES,YES,NO,YES,P2,HIGH,12,74,PIA_SUPPLEMENT,GOVERNANCE,DRAFT_PIA_SUPPLEMENT,FDQ-002,Founder disposition plus source-register update plus validator pass plus implementation/test/evidence gates where applicable,SRC-BACKEND-PERMISSION-MAP;SRC-BACKEND-ROUTE-ADMIN;SRC-BACKEND-ROUTE-CARE;SRC-BACKEND-ROUTE-HORSE-LEDGER;SRC-BACKEND-ROUTE-MANAGER-INTAKE;SRC-BACKEND-ROUTE-ONBOARDING;SRC-BACKEND-SERVER-ASSEMBLY;SRC-BACKEND-TEST-TEST-CARE-FILTERING;SRC-BACKEND-TEST-TEST-CARE-INTEGRITY;SRC-BACKEND-TEST-TEST-CARE-ROUTES;SRC-BACKEND-TEST-TEST-CARE-SCOPING;SRC-BACKEND-TEST-TEST-CARE-STATE-GUARDS;SRC-BACKEND-TEST-TEST-OPERATIONS-ROUTES;SRC-BACKEND-TEST-TEST-OPERATIONS-SCOPING;SRC-BACKEND-TEST-TEST-RF10-SERVICE-PROVIDER-CARE-PARTNER;SRC-CANON-AUDIT-CANON-V2.0;SRC-CANON-BARN-CANON-V3.1;SRC-CANON-EQUINE-HEALTH-CANON-V1.1;SRC-CANON-HORSE-LIFECYCLE-CANON-V3.1;SRC-CODE-GUIDE-PROGRAM-STATUS;SRC-FOUNDER-DIRECTIVE;SRC-FRONTEND-APP-ROUTES;SRC-FRONTEND-PAGE-AIAUTOMATION;SRC-FRONTEND-PAGE-CARELEDGERTAB;SRC-FRONTEND-PAGE-DASHBOARD;SRC-FRONTEND-PAGE-HEALTHCARELOGS;SRC-FRONTEND-PAGE-OWNERCARELEDGER;SRC-IMPLEMENTATION-ATLAS;SRC-MASTER-PRODUCT-VISION;SRC-PIA-COMPONENT-OWNERSHIP;SRC-PIA-ITEM-04-CUSTODY;SRC-PIA-ITEM-06-CUSTODY;SRC-PIA-ITEM-07-DISPOSITION;SRC-PIA-PORTFOLIO-TEN;SRC-PIA-REALIGNMENT-REGISTER;SRC-ROLE-PERMISSION-MATRIX;SRC-FOUNDER-REVISION-DIRECTIVE-2026-08-01
GAP-ES-FEAT-CARE-018,ES-FEAT-CARE-018,care evidence,Care operations,NO,NO_NON_PIA_GOVERNANCE_GAP,NO,NO,NO,NO,YES,YES,YES,NO,YES,P2,HIGH,12,74,PIA_SUPPLEMENT,GOVERNANCE,DRAFT_PIA_SUPPLEMENT,FDQ-002,Founder disposition plus source-register update plus validator pass plus implementation/test/evidence gates where applicable,SRC-BACKEND-PERMISSION-MAP;SRC-BACKEND-ROUTE-ADMIN;SRC-BACKEND-ROUTE-CARE;SRC-BACKEND-ROUTE-MANAGER-INTAKE;SRC-BACKEND-ROUTE-ONBOARDING;SRC-BACKEND-ROUTE-PULSE;SRC-BACKEND-SERVER-ASSEMBLY;SRC-BACKEND-TEST-TEST-BUILD-NEXT-13M-ROLE-SMOKE-EVIDENCE;SRC-BACKEND-TEST-TEST-BUILD-NEXT-15C-C-TODAY-PULSE-ROLE-HOME-EVIDENCE;SRC-BACKEND-TEST-TEST-CARE-FILTERING;SRC-BACKEND-TEST-TEST-CARE-INTEGRITY;SRC-BACKEND-TEST-TEST-CARE-ROUTES;SRC-BACKEND-TEST-TEST-CARE-SCOPING;SRC-BACKEND-TEST-TEST-CARE-STATE-GUARDS;SRC-BACKEND-TEST-TEST-RF10-SERVICE-PROVIDER-CARE-PARTNER;SRC-CANON-AUDIT-CANON-V2.0;SRC-CANON-BARN-CANON-V3.1;SRC-CANON-EQUINE-HEALTH-CANON-V1.1;SRC-CANON-HORSE-LIFECYCLE-CANON-V3.1;SRC-CODE-GUIDE-PROGRAM-STATUS;SRC-FOUNDER-DIRECTIVE;SRC-FRONTEND-APP-ROUTES;SRC-FRONTEND-PAGE-CARELEDGERTAB;SRC-FRONTEND-PAGE-DASHBOARD;SRC-FRONTEND-PAGE-HEALTHCARELOGS;SRC-FRONTEND-PAGE-LANDING;SRC-FRONTEND-PAGE-OWNERCARELEDGER;SRC-IMPLEMENTATION-ATLAS;SRC-MASTER-PRODUCT-VISION;SRC-PIA-COMPONENT-OWNERSHIP;SRC-PIA-ITEM-04-CUSTODY;SRC-PIA-ITEM-06-CUSTODY;SRC-PIA-ITEM-07-DISPOSITION;SRC-PIA-PORTFOLIO-TEN;SRC-PIA-REALIGNMENT-REGISTER;SRC-ROLE-PERMISSION-MATRIX;SRC-FOUNDER-REVISION-DIRECTIVE-2026-08-01
GAP-ES-FEAT-LESSONS-001,ES-FEAT-LESSONS-001,rider profiles,"Lessons, training, riders, and guardians",NO,NO_NON_PIA_GOVERNANCE_GAP,NO,NO,NO,NO,YES,YES,YES,NO,YES,P2,HIGH,12,74,PIA_SUPPLEMENT,GOVERNANCE,DRAFT_PIA_SUPPLEMENT,FDQ-002,Founder disposition plus source-register update plus validator pass plus implementation/test/evidence gates where applicable,SRC-BACKEND-PERMISSION-MAP;SRC-BACKEND-ROUTE-BARN-OWNER-INTAKE;SRC-BACKEND-ROUTE-CARE;SRC-BACKEND-ROUTE-ONBOARDING;SRC-BACKEND-ROUTE-RIDER-PROFILE;SRC-BACKEND-ROUTE-TRAINER-INTAKE;SRC-BACKEND-SERVER-ASSEMBLY;SRC-BACKEND-TEST-TEST-BUILD-NEXT-13C-RIDER-INTAKE-SHELL;SRC-CANON-AGREEMENT-CONSENT-AUTHORIZATION-CANON-V2.1;SRC-CANON-COMMUNICATION-CANON-V2.0;SRC-CANON-RELATIONSHIP-CANON-V2.0;SRC-CANON-SAFEGUARDING-CANON-V1.2;SRC-CODE-GUIDE-PROGRAM-STATUS;SRC-FOUNDER-DIRECTIVE;SRC-FRONTEND-APP-ROUTES;SRC-FRONTEND-PAGE-LESSONS;SRC-FRONTEND-PAGE-RIDERDASHBOARD;SRC-FRONTEND-PAGE-RIDERS;SRC-FRONTEND-PAGE-ROLEINTAKE;SRC-FRONTEND-PAGE-TRAINERDASHBOARD;SRC-IMPLEMENTATION-ATLAS;SRC-MASTER-PRODUCT-VISION;SRC-PIA-COMPONENT-OWNERSHIP;SRC-PIA-ITEM-03-CUSTODY;SRC-PIA-ITEM-06-CUSTODY;SRC-PIA-ITEM-08-DISPOSITION;SRC-PIA-PORTFOLIO-TEN;SRC-PIA-REALIGNMENT-REGISTER;SRC-ROLE-PERMISSION-MATRIX;SRC-FOUNDER-REVISION-DIRECTIVE-2026-08-01
GAP-ES-FEAT-LESSONS-002,ES-FEAT-LESSONS-002,lesson enrollment,"Lessons, training, riders, and guardians",NO,NO_NON_PIA_GOVERNANCE_GAP,NO,NO,NO,NO,YES,YES,YES,NO,YES,P2,HIGH,12,74,PIA_SUPPLEMENT,GOVERNANCE,DRAFT_PIA_SUPPLEMENT,FDQ-002,Founder disposition plus source-register update plus validator pass plus implementation/test/evidence gates where applicable,SRC-BACKEND-PERMISSION-MAP;SRC-BACKEND-ROUTE-BARN-OWNER-INTAKE;SRC-BACKEND-ROUTE-DASHBOARD;SRC-BACKEND-ROUTE-OPERATIONS;SRC-BACKEND-ROUTE-TRAINER-INTAKE;SRC-BACKEND-ROUTE-TRAINER-OPERATING-CENTER;SRC-BACKEND-SERVER-ASSEMBLY;SRC-BACKEND-TEST-TEST-RF5-WEB-ENROLLMENT-ACCOUNT-HEALTH;SRC-CANON-AGREEMENT-CONSENT-AUTHORIZATION-CANON-V2.1;SRC-CANON-COMMUNICATION-CANON-V2.0;SRC-CANON-RELATIONSHIP-CANON-V2.0;SRC-CANON-SAFEGUARDING-CANON-V1.2;SRC-CODE-GUIDE-PROGRAM-STATUS;SRC-FOUNDER-DIRECTIVE;SRC-FRONTEND-APP-ROUTES;SRC-FRONTEND-PAGE-ENROLLMENT;SRC-FRONTEND-PAGE-LESSONS;SRC-FRONTEND-PAGE-RIDERS;SRC-FRONTEND-PAGE-ROLEINTAKE;SRC-FRONTEND-PAGE-TRAINERDASHBOARD;SRC-IMPLEMENTATION-ATLAS;SRC-MASTER-PRODUCT-VISION;SRC-PIA-COMPONENT-OWNERSHIP;SRC-PIA-ITEM-03-CUSTODY;SRC-PIA-ITEM-06-CUSTODY;SRC-PIA-ITEM-08-DISPOSITION;SRC-PIA-PORTFOLIO-TEN;SRC-PIA-REALIGNMENT-REGISTER;SRC-ROLE-PERMISSION-MATRIX;SRC-FOUNDER-REVISION-DIRECTIVE-2026-08-01
GAP-ES-FEAT-LESSONS-003,ES-FEAT-LESSONS-003,lesson scheduling,"Lessons, training, riders, and guardians",NO,NO_NON_PIA_GOVERNANCE_GAP,NO,NO,NO,NO,YES,YES,YES,NO,YES,P2,HIGH,12,74,PIA_SUPPLEMENT,GOVERNANCE,DRAFT_PIA_SUPPLEMENT,FDQ-002,Founder disposition plus source-register update plus validator pass plus implementation/test/evidence gates where applicable,SRC-BACKEND-PERMISSION-MAP;SRC-BACKEND-ROUTE-BARN-OWNER-INTAKE;SRC-BACKEND-ROUTE-DASHBOARD;SRC-BACKEND-ROUTE-OPERATIONS;SRC-BACKEND-ROUTE-TRAINER-INTAKE;SRC-BACKEND-ROUTE-TRAINER-OPERATING-CENTER;SRC-BACKEND-SERVER-ASSEMBLY;SRC-CANON-AGREEMENT-CONSENT-AUTHORIZATION-CANON-V2.1;SRC-CANON-COMMUNICATION-CANON-V2.0;SRC-CANON-RELATIONSHIP-CANON-V2.0;SRC-CANON-SAFEGUARDING-CANON-V1.2;SRC-CODE-GUIDE-PROGRAM-STATUS;SRC-FOUNDER-DIRECTIVE;SRC-FRONTEND-APP-ROUTES;SRC-FRONTEND-PAGE-LESSONS;SRC-FRONTEND-PAGE-RIDERS;SRC-FRONTEND-PAGE-ROLEINTAKE;SRC-FRONTEND-PAGE-STAFFSCHEDULING;SRC-FRONTEND-PAGE-TRAINERDASHBOARD;SRC-IMPLEMENTATION-ATLAS;SRC-MASTER-PRODUCT-VISION;SRC-PIA-COMPONENT-OWNERSHIP;SRC-PIA-ITEM-03-CUSTODY;SRC-PIA-ITEM-06-CUSTODY;SRC-PIA-ITEM-08-DISPOSITION;SRC-PIA-PORTFOLIO-TEN;SRC-PIA-REALIGNMENT-REGISTER;SRC-ROLE-PERMISSION-MATRIX;SRC-FOUNDER-REVISION-DIRECTIVE-2026-08-01
GAP-ES-FEAT-LESSONS-004,ES-FEAT-LESSONS-004,lesson attendance,"Lessons, training, riders, and guardians",NO,NO_NON_PIA_GOVERNANCE_GAP,NO,NO,NO,NO,YES,YES,YES,NO,YES,P2,HIGH,12,74,PIA_SUPPLEMENT,GOVERNANCE,DRAFT_PIA_SUPPLEMENT,FDQ-002,Founder disposition plus source-register update plus validator pass plus implementation/test/evidence gates where applicable,SRC-BACKEND-PERMISSION-MAP;SRC-BACKEND-ROUTE-BARN-OWNER-INTAKE;SRC-BACKEND-ROUTE-DASHBOARD;SRC-BACKEND-ROUTE-OPERATIONS;SRC-BACKEND-ROUTE-TRAINER-INTAKE;SRC-BACKEND-ROUTE-TRAINER-OPERATING-CENTER;SRC-BACKEND-SERVER-ASSEMBLY;SRC-CANON-AGREEMENT-CONSENT-AUTHORIZATION-CANON-V2.1;SRC-CANON-COMMUNICATION-CANON-V2.0;SRC-CANON-RELATIONSHIP-CANON-V2.0;SRC-CANON-SAFEGUARDING-CANON-V1.2;SRC-CODE-GUIDE-PROGRAM-STATUS;SRC-FOUNDER-DIRECTIVE;SRC-FRONTEND-APP-ROUTES;SRC-FRONTEND-PAGE-LESSONS;SRC-FRONTEND-PAGE-RIDERS;SRC-FRONTEND-PAGE-ROLEINTAKE;SRC-FRONTEND-PAGE-SIGNUP;SRC-FRONTEND-PAGE-TRAINERDASHBOARD;SRC-IMPLEMENTATION-ATLAS;SRC-MASTER-PRODUCT-VISION;SRC-PIA-COMPONENT-OWNERSHIP;SRC-PIA-ITEM-03-CUSTODY;SRC-PIA-ITEM-06-CUSTODY;SRC-PIA-ITEM-08-DISPOSITION;SRC-PIA-PORTFOLIO-TEN;SRC-PIA-REALIGNMENT-REGISTER;SRC-ROLE-PERMISSION-MATRIX;SRC-FOUNDER-REVISION-DIRECTIVE-2026-08-01
GAP-ES-FEAT-LESSONS-005,ES-FEAT-LESSONS-005,horse assignment,"Lessons, training, riders, and guardians",NO,NO_NON_PIA_GOVERNANCE_GAP,NO,NO,NO,NO,YES,YES,YES,NO,YES,P2,HIGH,12,74,PIA_SUPPLEMENT,GOVERNANCE,DRAFT_PIA_SUPPLEMENT,FDQ-002,Founder disposition plus source-register update plus validator pass plus implementation/test/evidence gates where applicable,SRC-BACKEND-PERMISSION-MAP;SRC-BACKEND-ROUTE-BACKLOG;SRC-BACKEND-ROUTE-HORSE-LEDGER;SRC-BACKEND-ROUTE-OPERATIONS;SRC-BACKEND-ROUTE-TRAINER-INTAKE;SRC-BACKEND-ROUTE-TRAINER-OPERATING-CENTER;SRC-BACKEND-SERVER-ASSEMBLY;SRC-CANON-AGREEMENT-CONSENT-AUTHORIZATION-CANON-V2.1;SRC-CANON-COMMUNICATION-CANON-V2.0;SRC-CANON-RELATIONSHIP-CANON-V2.0;SRC-CANON-SAFEGUARDING-CANON-V1.2;SRC-CODE-GUIDE-PROGRAM-STATUS;SRC-FOUNDER-DIRECTIVE;SRC-FRONTEND-APP-ROUTES;SRC-FRONTEND-PAGE-CARELEDGERTAB;SRC-FRONTEND-PAGE-LESSONS;SRC-FRONTEND-PAGE-RIDERS;SRC-FRONTEND-PAGE-ROLEINTAKE;SRC-FRONTEND-PAGE-TRAINERDASHBOARD;SRC-IMPLEMENTATION-ATLAS;SRC-MASTER-PRODUCT-VISION;SRC-PIA-COMPONENT-OWNERSHIP;SRC-PIA-ITEM-03-CUSTODY;SRC-PIA-ITEM-06-CUSTODY;SRC-PIA-ITEM-08-DISPOSITION;SRC-PIA-PORTFOLIO-TEN;SRC-PIA-REALIGNMENT-REGISTER;SRC-ROLE-PERMISSION-MATRIX;SRC-FOUNDER-REVISION-DIRECTIVE-2026-08-01
GAP-ES-FEAT-LESSONS-006,ES-FEAT-LESSONS-006,rider-horse suitability,"Lessons, training, riders, and guardians",NO,NO_NON_PIA_GOVERNANCE_GAP,NO,NO,NO,NO,YES,YES,YES,NO,YES,P2,HIGH,12,74,PIA_SUPPLEMENT,GOVERNANCE,DRAFT_PIA_SUPPLEMENT,FDQ-002,Founder disposition plus source-register update plus validator pass plus implementation/test/evidence gates where applicable,SRC-BACKEND-PERMISSION-MAP;SRC-BACKEND-ROUTE-CARE;SRC-BACKEND-ROUTE-HORSES;SRC-BACKEND-ROUTE-MEMBERSHIP;SRC-BACKEND-ROUTE-RIDER-PROFILE;SRC-BACKEND-ROUTE-TRAINER-INTAKE;SRC-BACKEND-SERVER-ASSEMBLY;SRC-BACKEND-TEST-TEST-BUILD-NEXT-13C-RIDER-INTAKE-SHELL;SRC-CANON-AGREEMENT-CONSENT-AUTHORIZATION-CANON-V2.1;SRC-CANON-COMMUNICATION-CANON-V2.0;SRC-CANON-RELATIONSHIP-CANON-V2.0;SRC-CANON-SAFEGUARDING-CANON-V1.2;SRC-CODE-GUIDE-PROGRAM-STATUS;SRC-FOUNDER-DIRECTIVE;SRC-FRONTEND-APP-ROUTES;SRC-FRONTEND-PAGE-LESSONS;SRC-FRONTEND-PAGE-RIDERDASHBOARD;SRC-FRONTEND-PAGE-RIDERS;SRC-FRONTEND-PAGE-ROLEINTAKE;SRC-FRONTEND-PAGE-TRAINERDASHBOARD;SRC-IMPLEMENTATION-ATLAS;SRC-MASTER-PRODUCT-VISION;SRC-PIA-COMPONENT-OWNERSHIP;SRC-PIA-ITEM-03-CUSTODY;SRC-PIA-ITEM-06-CUSTODY;SRC-PIA-ITEM-08-DISPOSITION;SRC-PIA-PORTFOLIO-TEN;SRC-PIA-REALIGNMENT-REGISTER;SRC-ROLE-PERMISSION-MATRIX;SRC-FOUNDER-REVISION-DIRECTIVE-2026-08-01
GAP-ES-FEAT-LESSONS-007,ES-FEAT-LESSONS-007,trainer programs,"Lessons, training, riders, and guardians",YES,CODE_GUIDE_GAP,YES,NO,NO,NO,YES,YES,YES,NO,YES,P2,HIGH,12,68,CODE_GUIDE,ARCHITECTURE,DRAFT_CODE_GUIDE,FDQ-006,Founder disposition plus source-register update plus validator pass plus implementation/test/evidence gates where applicable,SRC-BACKEND-PERMISSION-MAP;SRC-BACKEND-ROUTE-CARE;SRC-BACKEND-ROUTE-MEMBERSHIP;SRC-BACKEND-ROUTE-OPERATIONS;SRC-BACKEND-ROUTE-TRAINER-INTAKE;SRC-BACKEND-ROUTE-TRAINER-OPERATING-CENTER;SRC-BACKEND-SERVER-ASSEMBLY;SRC-BACKEND-TEST-TEST-BUILD-NEXT-13G-TRAINER-INTAKE-SHELL;SRC-BACKEND-TEST-TEST-RF9-TRAINER-OPERATING-CENTER;SRC-CANON-AGREEMENT-CONSENT-AUTHORIZATION-CANON-V2.1;SRC-CANON-COMMUNICATION-CANON-V2.0;SRC-CANON-RELATIONSHIP-CANON-V2.0;SRC-CANON-SAFEGUARDING-CANON-V1.2;SRC-CODE-GUIDE-PROGRAM-STATUS;SRC-FOUNDER-DIRECTIVE;SRC-FRONTEND-APP-ROUTES;SRC-FRONTEND-PAGE-CARELEDGERTAB;SRC-FRONTEND-PAGE-HORSEPROFILE;SRC-FRONTEND-PAGE-RIDERS;SRC-FRONTEND-PAGE-ROLEINTAKE;SRC-FRONTEND-PAGE-TRAINERDASHBOARD;SRC-IMPLEMENTATION-ATLAS;SRC-MASTER-PRODUCT-VISION;SRC-PIA-COMPONENT-OWNERSHIP;SRC-PIA-ITEM-03-CUSTODY;SRC-PIA-ITEM-06-CUSTODY;SRC-PIA-ITEM-08-DISPOSITION;SRC-PIA-PORTFOLIO-TEN;SRC-PIA-REALIGNMENT-REGISTER;SRC-ROLE-PERMISSION-MATRIX;SRC-FOUNDER-REVISION-DIRECTIVE-2026-08-01
GAP-ES-FEAT-LESSONS-008,ES-FEAT-LESSONS-008,horse-training sessions,"Lessons, training, riders, and guardians",YES,CODE_GUIDE_GAP,YES,NO,NO,NO,YES,YES,YES,NO,YES,P2,HIGH,12,68,CODE_GUIDE,ARCHITECTURE,DRAFT_CODE_GUIDE,FDQ-006,Founder disposition plus source-register update plus validator pass plus implementation/test/evidence gates where applicable,SRC-BACKEND-PERMISSION-MAP;SRC-BACKEND-ROUTE-BARN-OWNER-INTAKE;SRC-BACKEND-ROUTE-HORSE-LEDGER;SRC-BACKEND-ROUTE-OPERATIONS;SRC-BACKEND-ROUTE-TRAINER-INTAKE;SRC-BACKEND-ROUTE-TRAINER-OPERATING-CENTER;SRC-BACKEND-SERVER-ASSEMBLY;SRC-CANON-AGREEMENT-CONSENT-AUTHORIZATION-CANON-V2.1;SRC-CANON-COMMUNICATION-CANON-V2.0;SRC-CANON-RELATIONSHIP-CANON-V2.0;SRC-CANON-SAFEGUARDING-CANON-V1.2;SRC-CODE-GUIDE-PROGRAM-STATUS;SRC-FOUNDER-DIRECTIVE;SRC-FRONTEND-APP-ROUTES;SRC-FRONTEND-PAGE-RIDERS;SRC-FRONTEND-PAGE-ROLEINTAKE;SRC-FRONTEND-PAGE-TRAINERDASHBOARD;SRC-FRONTEND-PAGE-TRAINING;SRC-FRONTEND-PAGE-TRAININGPLANS;SRC-IMPLEMENTATION-ATLAS;SRC-MASTER-PRODUCT-VISION;SRC-PIA-COMPONENT-OWNERSHIP;SRC-PIA-ITEM-03-CUSTODY;SRC-PIA-ITEM-06-CUSTODY;SRC-PIA-ITEM-08-DISPOSITION;SRC-PIA-PORTFOLIO-TEN;SRC-PIA-REALIGNMENT-REGISTER;SRC-ROLE-PERMISSION-MATRIX;SRC-FOUNDER-REVISION-DIRECTIVE-2026-08-01
GAP-ES-FEAT-LESSONS-009,ES-FEAT-LESSONS-009,progress records,"Lessons, training, riders, and guardians",NO,NO_NON_PIA_GOVERNANCE_GAP,NO,NO,NO,NO,YES,YES,YES,NO,YES,P2,HIGH,12,74,PIA_SUPPLEMENT,GOVERNANCE,DRAFT_PIA_SUPPLEMENT,FDQ-002,Founder disposition plus source-register update plus validator pass plus implementation/test/evidence gates where applicable,SRC-BACKEND-PERMISSION-MAP;SRC-BACKEND-ROUTE-BARN-OWNER-INTAKE;SRC-BACKEND-ROUTE-CARE;SRC-BACKEND-ROUTE-OPERATIONS;SRC-BACKEND-ROUTE-STAFF-INTAKE;SRC-BACKEND-ROUTE-TRAINER-OPERATING-CENTER;SRC-BACKEND-SERVER-ASSEMBLY;SRC-CANON-AGREEMENT-CONSENT-AUTHORIZATION-CANON-V2.1;SRC-CANON-COMMUNICATION-CANON-V2.0;SRC-CANON-RELATIONSHIP-CANON-V2.0;SRC-CANON-SAFEGUARDING-CANON-V1.2;SRC-CODE-GUIDE-PROGRAM-STATUS;SRC-FOUNDER-DIRECTIVE;SRC-FRONTEND-APP-ROUTES;SRC-FRONTEND-PAGE-HORSEPROFILE;SRC-FRONTEND-PAGE-LESSONS;SRC-FRONTEND-PAGE-RIDERS;SRC-FRONTEND-PAGE-ROLEINTAKE;SRC-FRONTEND-PAGE-TRAINERDASHBOARD;SRC-IMPLEMENTATION-ATLAS;SRC-MASTER-PRODUCT-VISION;SRC-PIA-COMPONENT-OWNERSHIP;SRC-PIA-ITEM-03-CUSTODY;SRC-PIA-ITEM-06-CUSTODY;SRC-PIA-ITEM-08-DISPOSITION;SRC-PIA-PORTFOLIO-TEN;SRC-PIA-REALIGNMENT-REGISTER;SRC-ROLE-PERMISSION-MATRIX;SRC-FOUNDER-REVISION-DIRECTIVE-2026-08-01
GAP-ES-FEAT-LESSONS-010,ES-FEAT-LESSONS-010,assessments,"Lessons, training, riders, and guardians",NO,NO_NON_PIA_GOVERNANCE_GAP,NO,NO,NO,NO,YES,YES,YES,NO,YES,P2,HIGH,12,74,PIA_SUPPLEMENT,GOVERNANCE,DRAFT_PIA_SUPPLEMENT,FDQ-002,Founder disposition plus source-register update plus validator pass plus implementation/test/evidence gates where applicable,SRC-BACKEND-PERMISSION-MAP;SRC-BACKEND-ROUTE-BARN-OWNER-INTAKE;SRC-BACKEND-ROUTE-CARE;SRC-BACKEND-ROUTE-OPERATIONS;SRC-BACKEND-ROUTE-TRAINER-INTAKE;SRC-BACKEND-ROUTE-TRAINER-OPERATING-CENTER;SRC-BACKEND-SERVER-ASSEMBLY;SRC-CANON-AGREEMENT-CONSENT-AUTHORIZATION-CANON-V2.1;SRC-CANON-COMMUNICATION-CANON-V2.0;SRC-CANON-RELATIONSHIP-CANON-V2.0;SRC-CANON-SAFEGUARDING-CANON-V1.2;SRC-CODE-GUIDE-PROGRAM-STATUS;SRC-FOUNDER-DIRECTIVE;SRC-FRONTEND-APP-ROUTES;SRC-FRONTEND-PAGE-CARELEDGERTAB;SRC-FRONTEND-PAGE-LESSONS;SRC-FRONTEND-PAGE-RIDERS;SRC-FRONTEND-PAGE-ROLEINTAKE;SRC-FRONTEND-PAGE-TRAINERDASHBOARD;SRC-IMPLEMENTATION-ATLAS;SRC-MASTER-PRODUCT-VISION;SRC-PIA-COMPONENT-OWNERSHIP;SRC-PIA-ITEM-03-CUSTODY;SRC-PIA-ITEM-06-CUSTODY;SRC-PIA-ITEM-08-DISPOSITION;SRC-PIA-PORTFOLIO-TEN;SRC-PIA-REALIGNMENT-REGISTER;SRC-ROLE-PERMISSION-MATRIX;SRC-FOUNDER-REVISION-DIRECTIVE-2026-08-01
GAP-ES-FEAT-LESSONS-011,ES-FEAT-LESSONS-011,guardian approvals,"Lessons, training, riders, and guardians",NO,NO_NON_PIA_GOVERNANCE_GAP,NO,NO,NO,NO,YES,YES,YES,NO,YES,P2,HIGH,12,74,PIA_SUPPLEMENT,GOVERNANCE,DRAFT_PIA_SUPPLEMENT,FDQ-002,Founder disposition plus source-register update plus validator pass plus implementation/test/evidence gates where applicable,SRC-BACKEND-PERMISSION-MAP;SRC-BACKEND-ROUTE-GUARDIAN-INTAKE;SRC-BACKEND-ROUTE-ONBOARDING;SRC-BACKEND-ROUTE-OPERATIONS;SRC-BACKEND-ROUTE-STUDENT-GUARDIANS;SRC-BACKEND-ROUTE-TRAINER-INTAKE;SRC-BACKEND-SERVER-ASSEMBLY;SRC-BACKEND-TEST-TEST-BUILD-NEXT-13D-GUARDIAN-MINOR-INTAKE;SRC-BACKEND-TEST-TEST-BUILD-NEXT-5B-GUARDIAN-STUDENT-INVITES;SRC-BACKEND-TEST-TEST-CGP006-IWP0002-GUARDIAN-MINOR-SAFEGUARDING;SRC-CANON-AGREEMENT-CONSENT-AUTHORIZATION-CANON-V2.1;SRC-CANON-COMMUNICATION-CANON-V2.0;SRC-CANON-RELATIONSHIP-CANON-V2.0;SRC-CANON-SAFEGUARDING-CANON-V1.2;SRC-CODE-GUIDE-PROGRAM-STATUS;SRC-FOUNDER-DIRECTIVE;SRC-FRONTEND-APP-ROUTES;SRC-FRONTEND-PAGE-GUARDIANDASHBOARD;SRC-FRONTEND-PAGE-LESSONS;SRC-FRONTEND-PAGE-RIDERS;SRC-FRONTEND-PAGE-ROLEINTAKE;SRC-FRONTEND-PAGE-TRAINERDASHBOARD;SRC-IMPLEMENTATION-ATLAS;SRC-MASTER-PRODUCT-VISION;SRC-PIA-COMPONENT-OWNERSHIP;SRC-PIA-ITEM-03-CUSTODY;SRC-PIA-ITEM-06-CUSTODY;SRC-PIA-ITEM-08-DISPOSITION;SRC-PIA-PORTFOLIO-TEN;SRC-PIA-REALIGNMENT-REGISTER;SRC-ROLE-PERMISSION-MATRIX;SRC-FOUNDER-REVISION-DIRECTIVE-2026-08-01
GAP-ES-FEAT-LESSONS-012,ES-FEAT-LESSONS-012,protected communications,"Lessons, training, riders, and guardians",NO,NO_NON_PIA_GOVERNANCE_GAP,NO,NO,NO,NO,YES,YES,YES,NO,YES,P2,HIGH,12,74,PIA_SUPPLEMENT,GOVERNANCE,DRAFT_PIA_SUPPLEMENT,FDQ-002,Founder disposition plus source-register update plus validator pass plus implementation/test/evidence gates where applicable,SRC-BACKEND-PERMISSION-MAP;SRC-BACKEND-ROUTE-BARN-OWNER-INTAKE;SRC-BACKEND-ROUTE-CARE;SRC-BACKEND-ROUTE-OPERATIONS;SRC-BACKEND-ROUTE-TRAINER-INTAKE;SRC-BACKEND-ROUTE-TRAINER-OPERATING-CENTER;SRC-BACKEND-SERVER-ASSEMBLY;SRC-CANON-AGREEMENT-CONSENT-AUTHORIZATION-CANON-V2.1;SRC-CANON-COMMUNICATION-CANON-V2.0;SRC-CANON-RELATIONSHIP-CANON-V2.0;SRC-CANON-SAFEGUARDING-CANON-V1.2;SRC-CODE-GUIDE-PROGRAM-STATUS;SRC-FOUNDER-DIRECTIVE;SRC-FRONTEND-APP-ROUTES;SRC-FRONTEND-PAGE-ADMINREVIEWQUEUE;SRC-FRONTEND-PAGE-LESSONS;SRC-FRONTEND-PAGE-RIDERS;SRC-FRONTEND-PAGE-ROLEINTAKE;SRC-FRONTEND-PAGE-TRAINERDASHBOARD;SRC-IMPLEMENTATION-ATLAS;SRC-MASTER-PRODUCT-VISION;SRC-PIA-COMPONENT-OWNERSHIP;SRC-PIA-ITEM-03-CUSTODY;SRC-PIA-ITEM-06-CUSTODY;SRC-PIA-ITEM-08-DISPOSITION;SRC-PIA-PORTFOLIO-TEN;SRC-PIA-REALIGNMENT-REGISTER;SRC-ROLE-PERMISSION-MATRIX;SRC-FOUNDER-REVISION-DIRECTIVE-2026-08-01
GAP-ES-FEAT-LESSONS-013,ES-FEAT-LESSONS-013,safety interruption,"Lessons, training, riders, and guardians",NO,NO_NON_PIA_GOVERNANCE_GAP,NO,NO,NO,NO,YES,YES,YES,NO,YES,P2,HIGH,12,74,PIA_SUPPLEMENT,GOVERNANCE,DRAFT_PIA_SUPPLEMENT,FDQ-002,Founder disposition plus source-register update plus validator pass plus implementation/test/evidence gates where applicable,SRC-BACKEND-PERMISSION-MAP;SRC-BACKEND-ROUTE-BARN-OWNER-INTAKE;SRC-BACKEND-ROUTE-OPERATIONS;SRC-BACKEND-ROUTE-STUDENT-GUARDIANS;SRC-BACKEND-ROUTE-TRAINER-INTAKE;SRC-BACKEND-ROUTE-TRAINER-OPERATING-CENTER;SRC-BACKEND-SERVER-ASSEMBLY;SRC-BACKEND-TEST-TEST-BUILD-NEXT-5A-MINOR-SAFETY-RULES;SRC-CANON-AGREEMENT-CONSENT-AUTHORIZATION-CANON-V2.1;SRC-CANON-COMMUNICATION-CANON-V2.0;SRC-CANON-RELATIONSHIP-CANON-V2.0;SRC-CANON-SAFEGUARDING-CANON-V1.2;SRC-CODE-GUIDE-PROGRAM-STATUS;SRC-FOUNDER-DIRECTIVE;SRC-FRONTEND-APP-ROUTES;SRC-FRONTEND-PAGE-CARELEDGERTAB;SRC-FRONTEND-PAGE-LESSONS;SRC-FRONTEND-PAGE-RIDERS;SRC-FRONTEND-PAGE-ROLEINTAKE;SRC-FRONTEND-PAGE-TRAINERDASHBOARD;SRC-IMPLEMENTATION-ATLAS;SRC-MASTER-PRODUCT-VISION;SRC-PIA-COMPONENT-OWNERSHIP;SRC-PIA-ITEM-03-CUSTODY;SRC-PIA-ITEM-06-CUSTODY;SRC-PIA-ITEM-08-DISPOSITION;SRC-PIA-PORTFOLIO-TEN;SRC-PIA-REALIGNMENT-REGISTER;SRC-ROLE-PERMISSION-MATRIX;SRC-FOUNDER-REVISION-DIRECTIVE-2026-08-01
GAP-ES-FEAT-LESSONS-014,ES-FEAT-LESSONS-014,owner updates,"Lessons, training, riders, and guardians",NO,NO_NON_PIA_GOVERNANCE_GAP,NO,NO,NO,NO,YES,YES,NO,NO,YES,P3,HIGH,6,94,NO_NEW_ARTIFACT,ENGINEERING,VERIFY_REPOSITORY_IMPLEMENTATION,FDQ-007,Founder disposition plus source-register update plus validator pass plus implementation/test/evidence gates where applicable,SRC-BACKEND-PERMISSION-MAP;SRC-BACKEND-ROUTE-BACKLOG;SRC-BACKEND-ROUTE-OPERATIONS;SRC-BACKEND-ROUTE-OWNER-UPDATES;SRC-BACKEND-ROUTE-TRAINER-INTAKE;SRC-BACKEND-ROUTE-TRAINER-OPERATING-CENTER;SRC-BACKEND-SERVER-ASSEMBLY;SRC-BACKEND-TEST-TEST-OWNER-UPDATES;SRC-CANON-AGREEMENT-CONSENT-AUTHORIZATION-CANON-V2.1;SRC-CANON-COMMUNICATION-CANON-V2.0;SRC-CANON-RELATIONSHIP-CANON-V2.0;SRC-CANON-SAFEGUARDING-CANON-V1.2;SRC-CODE-GUIDE-PROGRAM-STATUS;SRC-FOUNDER-DIRECTIVE;SRC-FRONTEND-APP-ROUTES;SRC-FRONTEND-PAGE-HORSEPROFILE;SRC-FRONTEND-PAGE-OWNERUPDATES;SRC-FRONTEND-PAGE-RIDERS;SRC-FRONTEND-PAGE-ROLEINTAKE;SRC-FRONTEND-PAGE-TRAINERDASHBOARD;SRC-IMPLEMENTATION-ATLAS;SRC-MASTER-PRODUCT-VISION;SRC-PIA-COMPONENT-OWNERSHIP;SRC-PIA-ITEM-03-CUSTODY;SRC-PIA-ITEM-06-CUSTODY;SRC-PIA-ITEM-08-DISPOSITION;SRC-PIA-PORTFOLIO-TEN;SRC-PIA-REALIGNMENT-REGISTER;SRC-ROLE-PERMISSION-MATRIX;SRC-FOUNDER-REVISION-DIRECTIVE-2026-08-01
GAP-ES-FEAT-LESSONS-015,ES-FEAT-LESSONS-015,lesson packages,"Lessons, training, riders, and guardians",NO,NO_NON_PIA_GOVERNANCE_GAP,NO,NO,NO,NO,YES,YES,YES,NO,YES,P2,HIGH,12,74,PIA_SUPPLEMENT,GOVERNANCE,DRAFT_PIA_SUPPLEMENT,FDQ-002,Founder disposition plus source-register update plus validator pass plus implementation/test/evidence gates where applicable,SRC-BACKEND-PERMISSION-MAP;SRC-BACKEND-ROUTE-BARN-OWNER-INTAKE;SRC-BACKEND-ROUTE-DASHBOARD;SRC-BACKEND-ROUTE-OPERATIONS;SRC-BACKEND-ROUTE-TRAINER-INTAKE;SRC-BACKEND-ROUTE-TRAINER-OPERATING-CENTER;SRC-BACKEND-SERVER-ASSEMBLY;SRC-CANON-AGREEMENT-CONSENT-AUTHORIZATION-CANON-V2.1;SRC-CANON-COMMUNICATION-CANON-V2.0;SRC-CANON-RELATIONSHIP-CANON-V2.0;SRC-CANON-SAFEGUARDING-CANON-V1.2;SRC-CODE-GUIDE-PROGRAM-STATUS;SRC-FOUNDER-DIRECTIVE;SRC-FRONTEND-APP-ROUTES;SRC-FRONTEND-PAGE-LESSONS;SRC-FRONTEND-PAGE-RIDERS;SRC-FRONTEND-PAGE-ROLEINTAKE;SRC-FRONTEND-PAGE-SIGNUP;SRC-FRONTEND-PAGE-TRAINERDASHBOARD;SRC-IMPLEMENTATION-ATLAS;SRC-MASTER-PRODUCT-VISION;SRC-PIA-COMPONENT-OWNERSHIP;SRC-PIA-ITEM-03-CUSTODY;SRC-PIA-ITEM-06-CUSTODY;SRC-PIA-ITEM-08-DISPOSITION;SRC-PIA-PORTFOLIO-TEN;SRC-PIA-REALIGNMENT-REGISTER;SRC-ROLE-PERMISSION-MATRIX;SRC-FOUNDER-REVISION-DIRECTIVE-2026-08-01
GAP-ES-FEAT-TASKS-001,ES-FEAT-TASKS-001,tasks,"Tasks, calendar, scheduling, and notifications",NO,NO_NON_PIA_GOVERNANCE_GAP,NO,NO,NO,NO,YES,YES,YES,NO,YES,P2,MEDIUM,8,74,PIA_SUPPLEMENT,GOVERNANCE,DRAFT_PIA_SUPPLEMENT,FDQ-002,Founder disposition plus source-register update plus validator pass plus implementation/test/evidence gates where applicable,SRC-BACKEND-PERMISSION-MAP;SRC-BACKEND-ROUTE-CARE;SRC-BACKEND-ROUTE-DASHBOARD;SRC-BACKEND-ROUTE-MANAGER-INTAKE;SRC-BACKEND-ROUTE-OWNER;SRC-BACKEND-ROUTE-STAFF-INTAKE;SRC-BACKEND-SERVER-ASSEMBLY;SRC-BACKEND-TEST-TEST-RF13-MESSAGING-NOTIFICATIONS-DELIVERY-TRUTH;SRC-CANON-AUDIT-CANON-V2.0;SRC-CANON-COMMUNICATION-CANON-V2.0;SRC-CANON-PLATFORM-OPS-CANON-V2.0;SRC-CANON-RECORDS-CANON-V2.1;SRC-CODE-GUIDE-PROGRAM-STATUS;SRC-FOUNDER-DIRECTIVE;SRC-FRONTEND-APP-ROUTES;SRC-FRONTEND-PAGE-HANDOFFREPORTS;SRC-FRONTEND-PAGE-MYWORK;SRC-FRONTEND-PAGE-REHAB;SRC-FRONTEND-PAGE-ROLEINTAKE;SRC-FRONTEND-PAGE-STAFFTASKS;SRC-IMPLEMENTATION-ATLAS;SRC-MASTER-PRODUCT-VISION;SRC-PIA-COMPONENT-OWNERSHIP;SRC-PIA-ITEM-06-CUSTODY;SRC-PIA-PORTFOLIO-TEN;SRC-PIA-REALIGNMENT-REGISTER;SRC-ROLE-PERMISSION-MATRIX;SRC-FOUNDER-REVISION-DIRECTIVE-2026-08-01
GAP-ES-FEAT-TASKS-002,ES-FEAT-TASKS-002,events,"Tasks, calendar, scheduling, and notifications",NO,NO_NON_PIA_GOVERNANCE_GAP,NO,NO,NO,NO,YES,YES,YES,NO,YES,P2,MEDIUM,8,74,PIA_SUPPLEMENT,GOVERNANCE,DRAFT_PIA_SUPPLEMENT,FDQ-002,Founder disposition plus source-register update plus validator pass plus implementation/test/evidence gates where applicable,SRC-BACKEND-PERMISSION-MAP;SRC-BACKEND-ROUTE-ADMIN-BILLING;SRC-BACKEND-ROUTE-ANALYTICS;SRC-BACKEND-ROUTE-BACKLOG;SRC-BACKEND-ROUTE-CARE;SRC-BACKEND-ROUTE-MANAGER-INTAKE;SRC-BACKEND-SERVER-ASSEMBLY;SRC-BACKEND-TEST-TEST-RF13-MESSAGING-NOTIFICATIONS-DELIVERY-TRUTH;SRC-CANON-AUDIT-CANON-V2.0;SRC-CANON-COMMUNICATION-CANON-V2.0;SRC-CANON-PLATFORM-OPS-CANON-V2.0;SRC-CANON-RECORDS-CANON-V2.1;SRC-CODE-GUIDE-PROGRAM-STATUS;SRC-FOUNDER-DIRECTIVE;SRC-FRONTEND-APP-ROUTES;SRC-FRONTEND-PAGE-HANDOFFREPORTS;SRC-FRONTEND-PAGE-INTEGRATIONS;SRC-FRONTEND-PAGE-MYWORK;SRC-FRONTEND-PAGE-PERSONALDASHBOARD;SRC-FRONTEND-PAGE-ROLEINTAKE;SRC-IMPLEMENTATION-ATLAS;SRC-MASTER-PRODUCT-VISION;SRC-PIA-COMPONENT-OWNERSHIP;SRC-PIA-ITEM-06-CUSTODY;SRC-PIA-PORTFOLIO-TEN;SRC-PIA-REALIGNMENT-REGISTER;SRC-ROLE-PERMISSION-MATRIX;SRC-FOUNDER-REVISION-DIRECTIVE-2026-08-01
GAP-ES-FEAT-TASKS-003,ES-FEAT-TASKS-003,recurrence,"Tasks, calendar, scheduling, and notifications",NO,NO_NON_PIA_GOVERNANCE_GAP,NO,NO,NO,NO,YES,YES,YES,NO,YES,P2,MEDIUM,8,74,PIA_SUPPLEMENT,GOVERNANCE,DRAFT_PIA_SUPPLEMENT,FDQ-002,Founder disposition plus source-register update plus validator pass plus implementation/test/evidence gates where applicable,SRC-BACKEND-PERMISSION-MAP;SRC-BACKEND-ROUTE-BACKLOG;SRC-BACKEND-ROUTE-CARE;SRC-BACKEND-ROUTE-DASHBOARD;SRC-BACKEND-ROUTE-DIGESTS;SRC-BACKEND-ROUTE-MANAGER-INTAKE;SRC-BACKEND-SERVER-ASSEMBLY;SRC-BACKEND-TEST-TEST-RF13-MESSAGING-NOTIFICATIONS-DELIVERY-TRUTH;SRC-CANON-AUDIT-CANON-V2.0;SRC-CANON-COMMUNICATION-CANON-V2.0;SRC-CANON-PLATFORM-OPS-CANON-V2.0;SRC-CANON-RECORDS-CANON-V2.1;SRC-CODE-GUIDE-PROGRAM-STATUS;SRC-FOUNDER-DIRECTIVE;SRC-FRONTEND-APP-ROUTES;SRC-FRONTEND-PAGE-HANDOFFREPORTS;SRC-FRONTEND-PAGE-INTEGRATIONS;SRC-FRONTEND-PAGE-MYWORK;SRC-FRONTEND-PAGE-PERSONALDASHBOARD;SRC-FRONTEND-PAGE-ROLEINTAKE;SRC-IMPLEMENTATION-ATLAS;SRC-MASTER-PRODUCT-VISION;SRC-PIA-COMPONENT-OWNERSHIP;SRC-PIA-ITEM-06-CUSTODY;SRC-PIA-PORTFOLIO-TEN;SRC-PIA-REALIGNMENT-REGISTER;SRC-ROLE-PERMISSION-MATRIX;SRC-FOUNDER-REVISION-DIRECTIVE-2026-08-01
GAP-ES-FEAT-TASKS-004,ES-FEAT-TASKS-004,assignments,"Tasks, calendar, scheduling, and notifications",NO,NO_NON_PIA_GOVERNANCE_GAP,NO,NO,NO,NO,YES,YES,YES,NO,YES,P2,MEDIUM,8,74,PIA_SUPPLEMENT,GOVERNANCE,DRAFT_PIA_SUPPLEMENT,FDQ-002,Founder disposition plus source-register update plus validator pass plus implementation/test/evidence gates where applicable,SRC-BACKEND-PERMISSION-MAP;SRC-BACKEND-ROUTE-BACKLOG;SRC-BACKEND-ROUTE-CARE;SRC-BACKEND-ROUTE-DASHBOARD;SRC-BACKEND-ROUTE-DIGESTS;SRC-BACKEND-ROUTE-MANAGER-INTAKE;SRC-BACKEND-SERVER-ASSEMBLY;SRC-BACKEND-TEST-TEST-RF13-MESSAGING-NOTIFICATIONS-DELIVERY-TRUTH;SRC-CANON-AUDIT-CANON-V2.0;SRC-CANON-COMMUNICATION-CANON-V2.0;SRC-CANON-PLATFORM-OPS-CANON-V2.0;SRC-CANON-RECORDS-CANON-V2.1;SRC-CODE-GUIDE-PROGRAM-STATUS;SRC-FOUNDER-DIRECTIVE;SRC-FRONTEND-APP-ROUTES;SRC-FRONTEND-PAGE-HANDOFFREPORTS;SRC-FRONTEND-PAGE-INTEGRATIONS;SRC-FRONTEND-PAGE-MYWORK;SRC-FRONTEND-PAGE-PERSONALDASHBOARD;SRC-FRONTEND-PAGE-ROLEINTAKE;SRC-IMPLEMENTATION-ATLAS;SRC-MASTER-PRODUCT-VISION;SRC-PIA-COMPONENT-OWNERSHIP;SRC-PIA-ITEM-06-CUSTODY;SRC-PIA-PORTFOLIO-TEN;SRC-PIA-REALIGNMENT-REGISTER;SRC-ROLE-PERMISSION-MATRIX;SRC-FOUNDER-REVISION-DIRECTIVE-2026-08-01
GAP-ES-FEAT-TASKS-005,ES-FEAT-TASKS-005,claims,"Tasks, calendar, scheduling, and notifications",YES,CODE_GUIDE_GAP,YES,NO,NO,NO,YES,YES,YES,NO,YES,P2,MEDIUM,8,68,CODE_GUIDE,ARCHITECTURE,DRAFT_CODE_GUIDE,FDQ-006,Founder disposition plus source-register update plus validator pass plus implementation/test/evidence gates where applicable,SRC-BACKEND-PERMISSION-MAP;SRC-BACKEND-ROUTE-BACKLOG;SRC-BACKEND-ROUTE-CARE;SRC-BACKEND-ROUTE-DASHBOARD;SRC-BACKEND-ROUTE-DIGESTS;SRC-BACKEND-ROUTE-MANAGER-INTAKE;SRC-BACKEND-SERVER-ASSEMBLY;SRC-BACKEND-TEST-TEST-RF13-MESSAGING-NOTIFICATIONS-DELIVERY-TRUTH;SRC-CANON-AUDIT-CANON-V2.0;SRC-CANON-COMMUNICATION-CANON-V2.0;SRC-CANON-PLATFORM-OPS-CANON-V2.0;SRC-CANON-RECORDS-CANON-V2.1;SRC-CODE-GUIDE-PROGRAM-STATUS;SRC-FOUNDER-DIRECTIVE;SRC-FRONTEND-APP-ROUTES;SRC-FRONTEND-PAGE-HANDOFFREPORTS;SRC-FRONTEND-PAGE-INTEGRATIONS;SRC-FRONTEND-PAGE-MYWORK;SRC-FRONTEND-PAGE-PERSONALDASHBOARD;SRC-FRONTEND-PAGE-ROLEINTAKE;SRC-IMPLEMENTATION-ATLAS;SRC-MASTER-PRODUCT-VISION;SRC-PIA-COMPONENT-OWNERSHIP;SRC-PIA-ITEM-06-CUSTODY;SRC-PIA-PORTFOLIO-TEN;SRC-PIA-REALIGNMENT-REGISTER;SRC-ROLE-PERMISSION-MATRIX;SRC-FOUNDER-REVISION-DIRECTIVE-2026-08-01
GAP-ES-FEAT-TASKS-006,ES-FEAT-TASKS-006,completion,"Tasks, calendar, scheduling, and notifications",NO,NO_NON_PIA_GOVERNANCE_GAP,NO,NO,NO,NO,YES,YES,YES,NO,YES,P2,MEDIUM,8,74,PIA_SUPPLEMENT,GOVERNANCE,DRAFT_PIA_SUPPLEMENT,FDQ-002,Founder disposition plus source-register update plus validator pass plus implementation/test/evidence gates where applicable,SRC-BACKEND-PERMISSION-MAP;SRC-BACKEND-ROUTE-BACKLOG;SRC-BACKEND-ROUTE-DASHBOARD;SRC-BACKEND-ROUTE-MANAGER-INTAKE;SRC-BACKEND-ROUTE-RIDER-PROFILE;SRC-BACKEND-ROUTE-STAFF-INTAKE;SRC-BACKEND-SERVER-ASSEMBLY;SRC-BACKEND-TEST-TEST-RF13-MESSAGING-NOTIFICATIONS-DELIVERY-TRUTH;SRC-BACKEND-TEST-TEST-RF4-FEATURE-COMPLETION-CERTIFICATION;SRC-CANON-AUDIT-CANON-V2.0;SRC-CANON-COMMUNICATION-CANON-V2.0;SRC-CANON-PLATFORM-OPS-CANON-V2.0;SRC-CANON-RECORDS-CANON-V2.1;SRC-CODE-GUIDE-PROGRAM-STATUS;SRC-FOUNDER-DIRECTIVE;SRC-FRONTEND-APP-ROUTES;SRC-FRONTEND-PAGE-HANDOFFREPORTS;SRC-FRONTEND-PAGE-INTEGRATIONS;SRC-FRONTEND-PAGE-PERSONALDASHBOARD;SRC-FRONTEND-PAGE-REHAB;SRC-FRONTEND-PAGE-ROLEINTAKE;SRC-IMPLEMENTATION-ATLAS;SRC-MASTER-PRODUCT-VISION;SRC-PIA-COMPONENT-OWNERSHIP;SRC-PIA-ITEM-06-CUSTODY;SRC-PIA-PORTFOLIO-TEN;SRC-PIA-REALIGNMENT-REGISTER;SRC-ROLE-PERMISSION-MATRIX;SRC-FOUNDER-REVISION-DIRECTIVE-2026-08-01
GAP-ES-FEAT-TASKS-007,ES-FEAT-TASKS-007,correction,"Tasks, calendar, scheduling, and notifications",NO,NO_NON_PIA_GOVERNANCE_GAP,NO,NO,NO,NO,YES,YES,YES,NO,YES,P2,MEDIUM,8,74,PIA_SUPPLEMENT,GOVERNANCE,DRAFT_PIA_SUPPLEMENT,FDQ-002,Founder disposition plus source-register update plus validator pass plus implementation/test/evidence gates where applicable,SRC-BACKEND-PERMISSION-MAP;SRC-BACKEND-ROUTE-BACKLOG;SRC-BACKEND-ROUTE-CARE;SRC-BACKEND-ROUTE-DASHBOARD;SRC-BACKEND-ROUTE-DIGESTS;SRC-BACKEND-ROUTE-MANAGER-INTAKE;SRC-BACKEND-SERVER-ASSEMBLY;SRC-BACKEND-TEST-TEST-RF13-MESSAGING-NOTIFICATIONS-DELIVERY-TRUTH;SRC-CANON-AUDIT-CANON-V2.0;SRC-CANON-COMMUNICATION-CANON-V2.0;SRC-CANON-PLATFORM-OPS-CANON-V2.0;SRC-CANON-RECORDS-CANON-V2.1;SRC-CODE-GUIDE-PROGRAM-STATUS;SRC-FOUNDER-DIRECTIVE;SRC-FRONTEND-APP-ROUTES;SRC-FRONTEND-PAGE-HANDOFFREPORTS;SRC-FRONTEND-PAGE-INTEGRATIONS;SRC-FRONTEND-PAGE-MYWORK;SRC-FRONTEND-PAGE-PERSONALDASHBOARD;SRC-FRONTEND-PAGE-ROLEINTAKE;SRC-IMPLEMENTATION-ATLAS;SRC-MASTER-PRODUCT-VISION;SRC-PIA-COMPONENT-OWNERSHIP;SRC-PIA-ITEM-06-CUSTODY;SRC-PIA-PORTFOLIO-TEN;SRC-PIA-REALIGNMENT-REGISTER;SRC-ROLE-PERMISSION-MATRIX;SRC-FOUNDER-REVISION-DIRECTIVE-2026-08-01
GAP-ES-FEAT-TASKS-008,ES-FEAT-TASKS-008,reminders,"Tasks, calendar, scheduling, and notifications",NO,NO_NON_PIA_GOVERNANCE_GAP,NO,NO,NO,NO,YES,YES,YES,NO,YES,P2,MEDIUM,8,74,PIA_SUPPLEMENT,GOVERNANCE,DRAFT_PIA_SUPPLEMENT,FDQ-002,Founder disposition plus source-register update plus validator pass plus implementation/test/evidence gates where applicable,SRC-BACKEND-PERMISSION-MAP;SRC-BACKEND-ROUTE-BACKLOG;SRC-BACKEND-ROUTE-CARE;SRC-BACKEND-ROUTE-DASHBOARD;SRC-BACKEND-ROUTE-DIGESTS;SRC-BACKEND-ROUTE-MANAGER-INTAKE;SRC-BACKEND-SERVER-ASSEMBLY;SRC-BACKEND-TEST-TEST-RF13-MESSAGING-NOTIFICATIONS-DELIVERY-TRUTH;SRC-CANON-AUDIT-CANON-V2.0;SRC-CANON-COMMUNICATION-CANON-V2.0;SRC-CANON-PLATFORM-OPS-CANON-V2.0;SRC-CANON-RECORDS-CANON-V2.1;SRC-CODE-GUIDE-PROGRAM-STATUS;SRC-FOUNDER-DIRECTIVE;SRC-FRONTEND-APP-ROUTES;SRC-FRONTEND-PAGE-HANDOFFREPORTS;SRC-FRONTEND-PAGE-HEALTHREMINDERS;SRC-FRONTEND-PAGE-INTEGRATIONS;SRC-FRONTEND-PAGE-PERSONALDASHBOARD;SRC-FRONTEND-PAGE-ROLEINTAKE;SRC-IMPLEMENTATION-ATLAS;SRC-MASTER-PRODUCT-VISION;SRC-PIA-COMPONENT-OWNERSHIP;SRC-PIA-ITEM-06-CUSTODY;SRC-PIA-PORTFOLIO-TEN;SRC-PIA-REALIGNMENT-REGISTER;SRC-ROLE-PERMISSION-MATRIX;SRC-FOUNDER-REVISION-DIRECTIVE-2026-08-01
GAP-ES-FEAT-TASKS-009,ES-FEAT-TASKS-009,acknowledgment,"Tasks, calendar, scheduling, and notifications",NO,NO_NON_PIA_GOVERNANCE_GAP,NO,NO,NO,NO,YES,YES,YES,NO,YES,P2,MEDIUM,8,74,PIA_SUPPLEMENT,GOVERNANCE,DRAFT_PIA_SUPPLEMENT,FDQ-002,Founder disposition plus source-register update plus validator pass plus implementation/test/evidence gates where applicable,SRC-BACKEND-PERMISSION-MAP;SRC-BACKEND-ROUTE-BACKLOG;SRC-BACKEND-ROUTE-CARE;SRC-BACKEND-ROUTE-DASHBOARD;SRC-BACKEND-ROUTE-DIGESTS;SRC-BACKEND-ROUTE-MANAGER-INTAKE;SRC-BACKEND-SERVER-ASSEMBLY;SRC-BACKEND-TEST-TEST-RF13-MESSAGING-NOTIFICATIONS-DELIVERY-TRUTH;SRC-CANON-AUDIT-CANON-V2.0;SRC-CANON-COMMUNICATION-CANON-V2.0;SRC-CANON-PLATFORM-OPS-CANON-V2.0;SRC-CANON-RECORDS-CANON-V2.1;SRC-CODE-GUIDE-PROGRAM-STATUS;SRC-FOUNDER-DIRECTIVE;SRC-FRONTEND-APP-ROUTES;SRC-FRONTEND-PAGE-HANDOFFREPORTS;SRC-FRONTEND-PAGE-INTEGRATIONS;SRC-FRONTEND-PAGE-MYWORK;SRC-FRONTEND-PAGE-PERSONALDASHBOARD;SRC-FRONTEND-PAGE-ROLEINTAKE;SRC-IMPLEMENTATION-ATLAS;SRC-MASTER-PRODUCT-VISION;SRC-PIA-COMPONENT-OWNERSHIP;SRC-PIA-ITEM-06-CUSTODY;SRC-PIA-PORTFOLIO-TEN;SRC-PIA-REALIGNMENT-REGISTER;SRC-ROLE-PERMISSION-MATRIX;SRC-FOUNDER-REVISION-DIRECTIVE-2026-08-01
GAP-ES-FEAT-TASKS-010,ES-FEAT-TASKS-010,escalation,"Tasks, calendar, scheduling, and notifications",NO,NO_NON_PIA_GOVERNANCE_GAP,NO,NO,NO,NO,YES,YES,YES,NO,YES,P2,MEDIUM,8,74,PIA_SUPPLEMENT,GOVERNANCE,DRAFT_PIA_SUPPLEMENT,FDQ-002,Founder disposition plus source-register update plus validator pass plus implementation/test/evidence gates where applicable,SRC-BACKEND-PERMISSION-MAP;SRC-BACKEND-ROUTE-BACKLOG;SRC-BACKEND-ROUTE-CARE;SRC-BACKEND-ROUTE-DASHBOARD;SRC-BACKEND-ROUTE-DIGESTS;SRC-BACKEND-ROUTE-MANAGER-INTAKE;SRC-BACKEND-SERVER-ASSEMBLY;SRC-BACKEND-TEST-TEST-RF13-MESSAGING-NOTIFICATIONS-DELIVERY-TRUTH;SRC-CANON-AUDIT-CANON-V2.0;SRC-CANON-COMMUNICATION-CANON-V2.0;SRC-CANON-PLATFORM-OPS-CANON-V2.0;SRC-CANON-RECORDS-CANON-V2.1;SRC-CODE-GUIDE-PROGRAM-STATUS;SRC-FOUNDER-DIRECTIVE;SRC-FRONTEND-APP-ROUTES;SRC-FRONTEND-PAGE-HANDOFFREPORTS;SRC-FRONTEND-PAGE-INTEGRATIONS;SRC-FRONTEND-PAGE-MYWORK;SRC-FRONTEND-PAGE-PERSONALDASHBOARD;SRC-FRONTEND-PAGE-ROLEINTAKE;SRC-IMPLEMENTATION-ATLAS;SRC-MASTER-PRODUCT-VISION;SRC-PIA-COMPONENT-OWNERSHIP;SRC-PIA-ITEM-06-CUSTODY;SRC-PIA-PORTFOLIO-TEN;SRC-PIA-REALIGNMENT-REGISTER;SRC-ROLE-PERMISSION-MATRIX;SRC-FOUNDER-REVISION-DIRECTIVE-2026-08-01
GAP-ES-FEAT-TASKS-011,ES-FEAT-TASKS-011,quiet hours,"Tasks, calendar, scheduling, and notifications",NO,NO_NON_PIA_GOVERNANCE_GAP,NO,NO,NO,NO,YES,YES,YES,NO,YES,P2,MEDIUM,8,74,PIA_SUPPLEMENT,GOVERNANCE,DRAFT_PIA_SUPPLEMENT,FDQ-002,Founder disposition plus source-register update plus validator pass plus implementation/test/evidence gates where applicable,SRC-BACKEND-PERMISSION-MAP;SRC-BACKEND-ROUTE-AUTH;SRC-BACKEND-ROUTE-BACKLOG;SRC-BACKEND-ROUTE-CARE;SRC-BACKEND-ROUTE-DASHBOARD;SRC-BACKEND-ROUTE-MANAGER-INTAKE;SRC-BACKEND-SERVER-ASSEMBLY;SRC-BACKEND-TEST-TEST-RF13-MESSAGING-NOTIFICATIONS-DELIVERY-TRUTH;SRC-CANON-AUDIT-CANON-V2.0;SRC-CANON-COMMUNICATION-CANON-V2.0;SRC-CANON-PLATFORM-OPS-CANON-V2.0;SRC-CANON-RECORDS-CANON-V2.1;SRC-CODE-GUIDE-PROGRAM-STATUS;SRC-FOUNDER-DIRECTIVE;SRC-FRONTEND-APP-ROUTES;SRC-FRONTEND-PAGE-HANDOFFREPORTS;SRC-FRONTEND-PAGE-HEALTHREMINDERS;SRC-FRONTEND-PAGE-INTEGRATIONS;SRC-FRONTEND-PAGE-PERSONALDASHBOARD;SRC-FRONTEND-PAGE-ROLEINTAKE;SRC-IMPLEMENTATION-ATLAS;SRC-MASTER-PRODUCT-VISION;SRC-PIA-COMPONENT-OWNERSHIP;SRC-PIA-ITEM-06-CUSTODY;SRC-PIA-PORTFOLIO-TEN;SRC-PIA-REALIGNMENT-REGISTER;SRC-ROLE-PERMISSION-MATRIX;SRC-FOUNDER-REVISION-DIRECTIVE-2026-08-01
GAP-ES-FEAT-TASKS-012,ES-FEAT-TASKS-012,calendar synchronization,"Tasks, calendar, scheduling, and notifications",YES,ADR_GAP,NO,YES,NO,NO,YES,YES,YES,NO,YES,P2,MEDIUM,8,66,ADR,ARCHITECTURE,DRAFT_ADR,FDQ-010,Founder disposition plus source-register update plus validator pass plus implementation/test/evidence gates where applicable,SRC-BACKEND-PERMISSION-MAP;SRC-BACKEND-ROUTE-BACKLOG;SRC-BACKEND-ROUTE-CARE;SRC-BACKEND-ROUTE-DASHBOARD;SRC-BACKEND-ROUTE-DIGESTS;SRC-BACKEND-ROUTE-MANAGER-INTAKE;SRC-BACKEND-SERVER-ASSEMBLY;SRC-BACKEND-TEST-TEST-RF13-MESSAGING-NOTIFICATIONS-DELIVERY-TRUTH;SRC-CANON-AUDIT-CANON-V2.0;SRC-CANON-COMMUNICATION-CANON-V2.0;SRC-CANON-PLATFORM-OPS-CANON-V2.0;SRC-CANON-RECORDS-CANON-V2.1;SRC-CODE-GUIDE-PROGRAM-STATUS;SRC-FOUNDER-DIRECTIVE;SRC-FRONTEND-APP-ROUTES;SRC-FRONTEND-PAGE-INTEGRATIONS;SRC-FRONTEND-PAGE-MYWORK;SRC-FRONTEND-PAGE-PERSONALDASHBOARD;SRC-FRONTEND-PAGE-ROLEINTAKE;SRC-FRONTEND-PAGE-STAFFSCHEDULING;SRC-IMPLEMENTATION-ATLAS;SRC-MASTER-PRODUCT-VISION;SRC-PIA-COMPONENT-OWNERSHIP;SRC-PIA-ITEM-06-CUSTODY;SRC-PIA-PORTFOLIO-TEN;SRC-PIA-REALIGNMENT-REGISTER;SRC-ROLE-PERMISSION-MATRIX;SRC-FOUNDER-REVISION-DIRECTIVE-2026-08-01
GAP-ES-FEAT-TASKS-013,ES-FEAT-TASKS-013,schedule conflict handling,"Tasks, calendar, scheduling, and notifications",YES,ADR_GAP,NO,YES,NO,NO,YES,YES,YES,NO,YES,P2,MEDIUM,8,66,ADR,ARCHITECTURE,DRAFT_ADR,FDQ-010,Founder disposition plus source-register update plus validator pass plus implementation/test/evidence gates where applicable,SRC-BACKEND-PERMISSION-MAP;SRC-BACKEND-ROUTE-BACKLOG;SRC-BACKEND-ROUTE-CARE;SRC-BACKEND-ROUTE-DASHBOARD;SRC-BACKEND-ROUTE-DIGESTS;SRC-BACKEND-ROUTE-MANAGER-INTAKE;SRC-BACKEND-SERVER-ASSEMBLY;SRC-BACKEND-TEST-TEST-RF13-MESSAGING-NOTIFICATIONS-DELIVERY-TRUTH;SRC-CANON-AUDIT-CANON-V2.0;SRC-CANON-COMMUNICATION-CANON-V2.0;SRC-CANON-PLATFORM-OPS-CANON-V2.0;SRC-CANON-RECORDS-CANON-V2.1;SRC-CODE-GUIDE-PROGRAM-STATUS;SRC-FOUNDER-DIRECTIVE;SRC-FRONTEND-APP-ROUTES;SRC-FRONTEND-PAGE-ARENASCHEDULE;SRC-FRONTEND-PAGE-PASTURESCHEDULE;SRC-FRONTEND-PAGE-PERSONALDASHBOARD;SRC-FRONTEND-PAGE-REHAB;SRC-FRONTEND-PAGE-ROLEINTAKE;SRC-IMPLEMENTATION-ATLAS;SRC-MASTER-PRODUCT-VISION;SRC-PIA-COMPONENT-OWNERSHIP;SRC-PIA-ITEM-06-CUSTODY;SRC-PIA-PORTFOLIO-TEN;SRC-PIA-REALIGNMENT-REGISTER;SRC-ROLE-PERMISSION-MATRIX;SRC-FOUNDER-REVISION-DIRECTIVE-2026-08-01
GAP-ES-FEAT-TASKS-014,ES-FEAT-TASKS-014,time zones,"Tasks, calendar, scheduling, and notifications",NO,NO_NON_PIA_GOVERNANCE_GAP,NO,NO,NO,NO,YES,YES,YES,NO,YES,P2,MEDIUM,8,74,PIA_SUPPLEMENT,GOVERNANCE,DRAFT_PIA_SUPPLEMENT,FDQ-002,Founder disposition plus source-register update plus validator pass plus implementation/test/evidence gates where applicable,SRC-BACKEND-PERMISSION-MAP;SRC-BACKEND-ROUTE-BACKLOG;SRC-BACKEND-ROUTE-CARE;SRC-BACKEND-ROUTE-DASHBOARD;SRC-BACKEND-ROUTE-MANAGER-INTAKE;SRC-BACKEND-ROUTE-OWNER;SRC-BACKEND-SERVER-ASSEMBLY;SRC-BACKEND-TEST-TEST-RF13-MESSAGING-NOTIFICATIONS-DELIVERY-TRUTH;SRC-CANON-AUDIT-CANON-V2.0;SRC-CANON-COMMUNICATION-CANON-V2.0;SRC-CANON-PLATFORM-OPS-CANON-V2.0;SRC-CANON-RECORDS-CANON-V2.1;SRC-CODE-GUIDE-PROGRAM-STATUS;SRC-FOUNDER-DIRECTIVE;SRC-FRONTEND-APP-ROUTES;SRC-FRONTEND-PAGE-MYWORK;SRC-FRONTEND-PAGE-PERSONALDASHBOARD;SRC-FRONTEND-PAGE-REHAB;SRC-FRONTEND-PAGE-ROLEINTAKE;SRC-FRONTEND-PAGE-STAFFSCHEDULING;SRC-IMPLEMENTATION-ATLAS;SRC-MASTER-PRODUCT-VISION;SRC-PIA-COMPONENT-OWNERSHIP;SRC-PIA-ITEM-06-CUSTODY;SRC-PIA-PORTFOLIO-TEN;SRC-PIA-REALIGNMENT-REGISTER;SRC-ROLE-PERMISSION-MATRIX;SRC-FOUNDER-REVISION-DIRECTIVE-2026-08-01
GAP-ES-FEAT-TASKS-015,ES-FEAT-TASKS-015,offline completion,"Tasks, calendar, scheduling, and notifications",YES,ADR_GAP,NO,YES,NO,NO,YES,YES,YES,NO,YES,P2,MEDIUM,8,66,ADR,ARCHITECTURE,DRAFT_ADR,FDQ-010,Founder disposition plus source-register update plus validator pass plus implementation/test/evidence gates where applicable,SRC-BACKEND-PERMISSION-MAP;SRC-BACKEND-ROUTE-BACKLOG;SRC-BACKEND-ROUTE-DASHBOARD;SRC-BACKEND-ROUTE-MANAGER-INTAKE;SRC-BACKEND-ROUTE-RIDER-PROFILE;SRC-BACKEND-ROUTE-STAFF-INTAKE;SRC-BACKEND-SERVER-ASSEMBLY;SRC-BACKEND-TEST-TEST-RF13-MESSAGING-NOTIFICATIONS-DELIVERY-TRUTH;SRC-BACKEND-TEST-TEST-RF15-OFFLINE-LOCK-SCREEN-FIELD-RELIABILITY;SRC-BACKEND-TEST-TEST-RF4-FEATURE-COMPLETION-CERTIFICATION;SRC-CANON-AUDIT-CANON-V2.0;SRC-CANON-COMMUNICATION-CANON-V2.0;SRC-CANON-PLATFORM-OPS-CANON-V2.0;SRC-CANON-RECORDS-CANON-V2.1;SRC-CODE-GUIDE-PROGRAM-STATUS;SRC-FOUNDER-DIRECTIVE;SRC-FRONTEND-APP-ROUTES;SRC-FRONTEND-PAGE-HANDOFFREPORTS;SRC-FRONTEND-PAGE-INTEGRATIONS;SRC-FRONTEND-PAGE-PERSONALDASHBOARD;SRC-FRONTEND-PAGE-REHAB;SRC-FRONTEND-PAGE-ROLEINTAKE;SRC-IMPLEMENTATION-ATLAS;SRC-MASTER-PRODUCT-VISION;SRC-PIA-COMPONENT-OWNERSHIP;SRC-PIA-ITEM-06-CUSTODY;SRC-PIA-PORTFOLIO-TEN;SRC-PIA-REALIGNMENT-REGISTER;SRC-ROLE-PERMISSION-MATRIX;SRC-FOUNDER-REVISION-DIRECTIVE-2026-08-01
GAP-ES-FEAT-COMMUNICATIONS-001,ES-FEAT-COMMUNICATIONS-001,direct messaging,Communications and Owner Portal,NO,NO_NON_PIA_GOVERNANCE_GAP,NO,NO,NO,NO,YES,YES,YES,YES,YES,P2,MEDIUM,8,74,PIA_SUPPLEMENT,GOVERNANCE,DRAFT_PIA_SUPPLEMENT,FDQ-002,Founder disposition plus source-register update plus validator pass plus implementation/test/evidence gates where applicable,SRC-BACKEND-PERMISSION-MAP;SRC-BACKEND-ROUTE-ADMIN;SRC-BACKEND-ROUTE-BARN-OWNER-INTAKE;SRC-BACKEND-ROUTE-DASHBOARD;SRC-BACKEND-ROUTE-HORSE-LEDGER;SRC-BACKEND-ROUTE-STUDENT-GUARDIANS;SRC-BACKEND-SERVER-ASSEMBLY;SRC-BACKEND-TEST-TEST-ADMIN-PORTAL-ADMIN1;SRC-BACKEND-TEST-TEST-ADMIN-PORTAL-ADMIN2;SRC-BACKEND-TEST-TEST-ADMIN-PORTAL-ADMIN3;SRC-BACKEND-TEST-TEST-ADMIN-PORTAL-ADMIN4;SRC-BACKEND-TEST-TEST-ADMIN-PORTAL-ADMIN4B;SRC-BACKEND-TEST-TEST-ADMIN-PORTAL-ADMIN5;SRC-BACKEND-TEST-TEST-ADMIN-PORTAL-ADMIN6;SRC-BACKEND-TEST-TEST-RF13-MESSAGING-NOTIFICATIONS-DELIVERY-TRUTH;SRC-CANON-COMMUNICATION-CANON-V2.0;SRC-CANON-MEDIA-CANON-V2.1;SRC-CANON-PRIVACY-CANON-V2.0;SRC-CANON-SAFEGUARDING-CANON-V1.2;SRC-CODE-GUIDE-PROGRAM-STATUS;SRC-FOUNDER-DIRECTIVE;SRC-FRONTEND-APP-ROUTES;SRC-FRONTEND-PAGE-GROUPMESSAGING;SRC-FRONTEND-PAGE-HANDOFFREPORTS;SRC-FRONTEND-PAGE-MESSAGING;SRC-FRONTEND-PAGE-STAFFSCHEDULING;SRC-FRONTEND-PAGE-STAFFTASKS;SRC-IMPLEMENTATION-ATLAS;SRC-MASTER-PRODUCT-VISION;SRC-PIA-COMPONENT-OWNERSHIP;SRC-PIA-ITEM-03-CUSTODY;SRC-PIA-ITEM-10-DISPOSITION;SRC-PIA-PORTFOLIO-TEN;SRC-PIA-REALIGNMENT-REGISTER;SRC-ROLE-PERMISSION-MATRIX;SRC-FOUNDER-REVISION-DIRECTIVE-2026-08-01
GAP-ES-FEAT-COMMUNICATIONS-002,ES-FEAT-COMMUNICATIONS-002,group messaging,Communications and Owner Portal,NO,NO_NON_PIA_GOVERNANCE_GAP,NO,NO,NO,NO,YES,YES,YES,YES,YES,P2,MEDIUM,8,74,PIA_SUPPLEMENT,GOVERNANCE,DRAFT_PIA_SUPPLEMENT,FDQ-002,Founder disposition plus source-register update plus validator pass plus implementation/test/evidence gates where applicable,SRC-BACKEND-PERMISSION-MAP;SRC-BACKEND-ROUTE-ANALYTICS;SRC-BACKEND-ROUTE-BACKLOG;SRC-BACKEND-ROUTE-BARN-OWNER-INTAKE;SRC-BACKEND-ROUTE-STUDENT-GUARDIANS;SRC-BACKEND-ROUTE-SUBSCRIPTIONS;SRC-BACKEND-SERVER-ASSEMBLY;SRC-BACKEND-TEST-TEST-ADMIN-PORTAL-ADMIN1;SRC-BACKEND-TEST-TEST-ADMIN-PORTAL-ADMIN2;SRC-BACKEND-TEST-TEST-ADMIN-PORTAL-ADMIN3;SRC-BACKEND-TEST-TEST-ADMIN-PORTAL-ADMIN4;SRC-BACKEND-TEST-TEST-ADMIN-PORTAL-ADMIN4B;SRC-BACKEND-TEST-TEST-ADMIN-PORTAL-ADMIN5;SRC-BACKEND-TEST-TEST-ADMIN-PORTAL-ADMIN6;SRC-BACKEND-TEST-TEST-RF13-MESSAGING-NOTIFICATIONS-DELIVERY-TRUTH;SRC-CANON-COMMUNICATION-CANON-V2.0;SRC-CANON-MEDIA-CANON-V2.1;SRC-CANON-PRIVACY-CANON-V2.0;SRC-CANON-SAFEGUARDING-CANON-V1.2;SRC-CODE-GUIDE-PROGRAM-STATUS;SRC-FOUNDER-DIRECTIVE;SRC-FRONTEND-APP-ROUTES;SRC-FRONTEND-PAGE-ADMINBILLINGDASHBOARD;SRC-FRONTEND-PAGE-AUDITLOG;SRC-FRONTEND-PAGE-GROUPMESSAGING;SRC-FRONTEND-PAGE-MESSAGING;SRC-FRONTEND-PAGE-PERSONALDASHBOARD;SRC-IMPLEMENTATION-ATLAS;SRC-MASTER-PRODUCT-VISION;SRC-PIA-COMPONENT-OWNERSHIP;SRC-PIA-ITEM-03-CUSTODY;SRC-PIA-ITEM-10-DISPOSITION;SRC-PIA-PORTFOLIO-TEN;SRC-PIA-REALIGNMENT-REGISTER;SRC-ROLE-PERMISSION-MATRIX;SRC-FOUNDER-REVISION-DIRECTIVE-2026-08-01
GAP-ES-FEAT-COMMUNICATIONS-003,ES-FEAT-COMMUNICATIONS-003,staff messaging,Communications and Owner Portal,NO,NO_NON_PIA_GOVERNANCE_GAP,NO,NO,NO,NO,YES,YES,YES,YES,YES,P2,MEDIUM,8,74,PIA_SUPPLEMENT,GOVERNANCE,DRAFT_PIA_SUPPLEMENT,FDQ-002,Founder disposition plus source-register update plus validator pass plus implementation/test/evidence gates where applicable,SRC-BACKEND-PERMISSION-MAP;SRC-BACKEND-ROUTE-BARN-OWNER-INTAKE;SRC-BACKEND-ROUTE-HORSE-LEDGER;SRC-BACKEND-ROUTE-MANAGER-INTAKE;SRC-BACKEND-ROUTE-STAFF-INTAKE;SRC-BACKEND-ROUTE-STUDENT-GUARDIANS;SRC-BACKEND-SERVER-ASSEMBLY;SRC-BACKEND-TEST-TEST-ADMIN-PORTAL-ADMIN1;SRC-BACKEND-TEST-TEST-ADMIN-PORTAL-ADMIN2;SRC-BACKEND-TEST-TEST-ADMIN-PORTAL-ADMIN3;SRC-BACKEND-TEST-TEST-ADMIN-PORTAL-ADMIN4;SRC-BACKEND-TEST-TEST-ADMIN-PORTAL-ADMIN4B;SRC-BACKEND-TEST-TEST-BUILD-NEXT-13I-STAFF-INTAKE-SHELL;SRC-BACKEND-TEST-TEST-RF13-MESSAGING-NOTIFICATIONS-DELIVERY-TRUTH;SRC-BACKEND-TEST-TEST-RF8-STAFF-WORKFORCE-MODEL;SRC-CANON-COMMUNICATION-CANON-V2.0;SRC-CANON-MEDIA-CANON-V2.1;SRC-CANON-PRIVACY-CANON-V2.0;SRC-CANON-SAFEGUARDING-CANON-V1.2;SRC-CODE-GUIDE-PROGRAM-STATUS;SRC-FOUNDER-DIRECTIVE;SRC-FRONTEND-APP-ROUTES;SRC-FRONTEND-PAGE-GROUPMESSAGING;SRC-FRONTEND-PAGE-MESSAGING;SRC-FRONTEND-PAGE-STAFFDASHBOARD;SRC-FRONTEND-PAGE-STAFFSCHEDULING;SRC-FRONTEND-PAGE-STAFFTASKS;SRC-IMPLEMENTATION-ATLAS;SRC-MASTER-PRODUCT-VISION;SRC-PIA-COMPONENT-OWNERSHIP;SRC-PIA-ITEM-03-CUSTODY;SRC-PIA-ITEM-10-DISPOSITION;SRC-PIA-PORTFOLIO-TEN;SRC-PIA-REALIGNMENT-REGISTER;SRC-ROLE-PERMISSION-MATRIX;SRC-FOUNDER-REVISION-DIRECTIVE-2026-08-01
GAP-ES-FEAT-COMMUNICATIONS-004,ES-FEAT-COMMUNICATIONS-004,owner updates,Communications and Owner Portal,NO,NO_NON_PIA_GOVERNANCE_GAP,NO,NO,NO,NO,YES,YES,NO,YES,YES,P3,MEDIUM,4,94,NO_NEW_ARTIFACT,ENGINEERING,VERIFY_REPOSITORY_IMPLEMENTATION,FDQ-007,Founder disposition plus source-register update plus validator pass plus implementation/test/evidence gates where applicable,SRC-BACKEND-PERMISSION-MAP;SRC-BACKEND-ROUTE-BACKLOG;SRC-BACKEND-ROUTE-BARN-OWNER-INTAKE;SRC-BACKEND-ROUTE-DIGESTS;SRC-BACKEND-ROUTE-HORSE-LEDGER;SRC-BACKEND-ROUTE-OWNER-UPDATES;SRC-BACKEND-SERVER-ASSEMBLY;SRC-BACKEND-TEST-TEST-ADMIN-PORTAL-ADMIN1;SRC-BACKEND-TEST-TEST-ADMIN-PORTAL-ADMIN2;SRC-BACKEND-TEST-TEST-ADMIN-PORTAL-ADMIN3;SRC-BACKEND-TEST-TEST-ADMIN-PORTAL-ADMIN4;SRC-BACKEND-TEST-TEST-ADMIN-PORTAL-ADMIN4B;SRC-BACKEND-TEST-TEST-ADMIN-PORTAL-ADMIN5;SRC-BACKEND-TEST-TEST-ADMIN-PORTAL-ADMIN6;SRC-BACKEND-TEST-TEST-OWNER-UPDATES;SRC-CANON-COMMUNICATION-CANON-V2.0;SRC-CANON-MEDIA-CANON-V2.1;SRC-CANON-PRIVACY-CANON-V2.0;SRC-CANON-SAFEGUARDING-CANON-V1.2;SRC-CODE-GUIDE-PROGRAM-STATUS;SRC-FOUNDER-DIRECTIVE;SRC-FRONTEND-APP-ROUTES;SRC-FRONTEND-PAGE-AUDITLOG;SRC-FRONTEND-PAGE-HANDOFFREPORTS;SRC-FRONTEND-PAGE-OWNERPORTAL;SRC-FRONTEND-PAGE-OWNERUPDATES;SRC-FRONTEND-PAGE-PERSONALDASHBOARD;SRC-IMPLEMENTATION-ATLAS;SRC-MASTER-PRODUCT-VISION;SRC-PIA-COMPONENT-OWNERSHIP;SRC-PIA-ITEM-03-CUSTODY;SRC-PIA-ITEM-10-DISPOSITION;SRC-PIA-PORTFOLIO-TEN;SRC-PIA-REALIGNMENT-REGISTER;SRC-ROLE-PERMISSION-MATRIX;SRC-FOUNDER-REVISION-DIRECTIVE-2026-08-01
GAP-ES-FEAT-COMMUNICATIONS-005,ES-FEAT-COMMUNICATIONS-005,guardian messaging,Communications and Owner Portal,NO,NO_NON_PIA_GOVERNANCE_GAP,NO,NO,NO,NO,YES,YES,YES,YES,YES,P2,MEDIUM,8,74,PIA_SUPPLEMENT,GOVERNANCE,DRAFT_PIA_SUPPLEMENT,FDQ-002,Founder disposition plus source-register update plus validator pass plus implementation/test/evidence gates where applicable,SRC-BACKEND-PERMISSION-MAP;SRC-BACKEND-ROUTE-BARN-OWNER-INTAKE;SRC-BACKEND-ROUTE-BILLING;SRC-BACKEND-ROUTE-DOCUMENT-SIGNATURES;SRC-BACKEND-ROUTE-GUARDIAN-INTAKE;SRC-BACKEND-ROUTE-STUDENT-GUARDIANS;SRC-BACKEND-SERVER-ASSEMBLY;SRC-BACKEND-TEST-TEST-ADMIN-PORTAL-ADMIN1;SRC-BACKEND-TEST-TEST-ADMIN-PORTAL-ADMIN2;SRC-BACKEND-TEST-TEST-ADMIN-PORTAL-ADMIN3;SRC-BACKEND-TEST-TEST-ADMIN-PORTAL-ADMIN4;SRC-BACKEND-TEST-TEST-BUILD-NEXT-13D-GUARDIAN-MINOR-INTAKE;SRC-BACKEND-TEST-TEST-BUILD-NEXT-5B-GUARDIAN-STUDENT-INVITES;SRC-BACKEND-TEST-TEST-CGP006-IWP0002-GUARDIAN-MINOR-SAFEGUARDING;SRC-BACKEND-TEST-TEST-RF13-MESSAGING-NOTIFICATIONS-DELIVERY-TRUTH;SRC-CANON-COMMUNICATION-CANON-V2.0;SRC-CANON-MEDIA-CANON-V2.1;SRC-CANON-PRIVACY-CANON-V2.0;SRC-CANON-SAFEGUARDING-CANON-V1.2;SRC-CODE-GUIDE-PROGRAM-STATUS;SRC-FOUNDER-DIRECTIVE;SRC-FRONTEND-APP-ROUTES;SRC-FRONTEND-PAGE-AUDITLOG;SRC-FRONTEND-PAGE-GROUPMESSAGING;SRC-FRONTEND-PAGE-GUARDIANDASHBOARD;SRC-FRONTEND-PAGE-MESSAGING;SRC-FRONTEND-PAGE-PERSONALDASHBOARD;SRC-IMPLEMENTATION-ATLAS;SRC-MASTER-PRODUCT-VISION;SRC-PIA-COMPONENT-OWNERSHIP;SRC-PIA-ITEM-03-CUSTODY;SRC-PIA-ITEM-10-DISPOSITION;SRC-PIA-PORTFOLIO-TEN;SRC-PIA-REALIGNMENT-REGISTER;SRC-ROLE-PERMISSION-MATRIX;SRC-FOUNDER-REVISION-DIRECTIVE-2026-08-01
GAP-ES-FEAT-COMMUNICATIONS-006,ES-FEAT-COMMUNICATIONS-006,emergency communications,Communications and Owner Portal,NO,NO_NON_PIA_GOVERNANCE_GAP,NO,NO,NO,NO,YES,YES,YES,YES,YES,P2,HIGH,12,74,PIA_SUPPLEMENT,GOVERNANCE,DRAFT_PIA_SUPPLEMENT,FDQ-002,Founder disposition plus source-register update plus validator pass plus implementation/test/evidence gates where applicable,SRC-BACKEND-PERMISSION-MAP;SRC-BACKEND-ROUTE-BARN-OWNER-INTAKE;SRC-BACKEND-ROUTE-CARE;SRC-BACKEND-ROUTE-GUARDIAN-INTAKE;SRC-BACKEND-ROUTE-MANAGER-INTAKE;SRC-BACKEND-ROUTE-STAFF-INTAKE;SRC-BACKEND-SERVER-ASSEMBLY;SRC-BACKEND-TEST-TEST-ADMIN-PORTAL-ADMIN1;SRC-BACKEND-TEST-TEST-ADMIN-PORTAL-ADMIN2;SRC-BACKEND-TEST-TEST-ADMIN-PORTAL-ADMIN3;SRC-BACKEND-TEST-TEST-ADMIN-PORTAL-ADMIN4;SRC-BACKEND-TEST-TEST-ADMIN-PORTAL-ADMIN4B;SRC-BACKEND-TEST-TEST-ADMIN-PORTAL-ADMIN5;SRC-BACKEND-TEST-TEST-ADMIN-PORTAL-ADMIN6;SRC-BACKEND-TEST-TEST-ADMIN-PORTAL-ADMIN7A;SRC-CANON-COMMUNICATION-CANON-V2.0;SRC-CANON-MEDIA-CANON-V2.1;SRC-CANON-PRIVACY-CANON-V2.0;SRC-CANON-SAFEGUARDING-CANON-V1.2;SRC-CODE-GUIDE-PROGRAM-STATUS;SRC-FOUNDER-DIRECTIVE;SRC-FRONTEND-APP-ROUTES;SRC-FRONTEND-PAGE-AUDITLOG;SRC-FRONTEND-PAGE-EMERGENCYCONTACTS;SRC-FRONTEND-PAGE-EMERGENCYWORKFLOWS;SRC-FRONTEND-PAGE-HANDOFFREPORTS;SRC-FRONTEND-PAGE-PERSONALDASHBOARD;SRC-IMPLEMENTATION-ATLAS;SRC-MASTER-PRODUCT-VISION;SRC-PIA-COMPONENT-OWNERSHIP;SRC-PIA-ITEM-03-CUSTODY;SRC-PIA-ITEM-10-DISPOSITION;SRC-PIA-PORTFOLIO-TEN;SRC-PIA-REALIGNMENT-REGISTER;SRC-ROLE-PERMISSION-MATRIX;SRC-FOUNDER-REVISION-DIRECTIVE-2026-08-01
GAP-ES-FEAT-COMMUNICATIONS-007,ES-FEAT-COMMUNICATIONS-007,formal notices,Communications and Owner Portal,NO,NO_NON_PIA_GOVERNANCE_GAP,NO,NO,NO,NO,YES,YES,YES,YES,YES,P2,MEDIUM,8,74,PIA_SUPPLEMENT,GOVERNANCE,DRAFT_PIA_SUPPLEMENT,FDQ-002,Founder disposition plus source-register update plus validator pass plus implementation/test/evidence gates where applicable,SRC-BACKEND-PERMISSION-MAP;SRC-BACKEND-ROUTE-BARN-OWNER-INTAKE;SRC-BACKEND-ROUTE-GUARDIAN-INTAKE;SRC-BACKEND-ROUTE-HORSE-LEDGER;SRC-BACKEND-ROUTE-MANAGER-INTAKE;SRC-BACKEND-ROUTE-STAFF-INTAKE;SRC-BACKEND-SERVER-ASSEMBLY;SRC-BACKEND-TEST-TEST-ADMIN-PORTAL-ADMIN1;SRC-BACKEND-TEST-TEST-ADMIN-PORTAL-ADMIN2;SRC-BACKEND-TEST-TEST-ADMIN-PORTAL-ADMIN3;SRC-BACKEND-TEST-TEST-ADMIN-PORTAL-ADMIN4;SRC-BACKEND-TEST-TEST-ADMIN-PORTAL-ADMIN4B;SRC-BACKEND-TEST-TEST-ADMIN-PORTAL-ADMIN5;SRC-BACKEND-TEST-TEST-ADMIN-PORTAL-ADMIN6;SRC-BACKEND-TEST-TEST-ADMIN-PORTAL-ADMIN7A;SRC-CANON-COMMUNICATION-CANON-V2.0;SRC-CANON-MEDIA-CANON-V2.1;SRC-CANON-PRIVACY-CANON-V2.0;SRC-CANON-SAFEGUARDING-CANON-V1.2;SRC-CODE-GUIDE-PROGRAM-STATUS;SRC-FOUNDER-DIRECTIVE;SRC-FRONTEND-APP-ROUTES;SRC-FRONTEND-PAGE-AUDITLOG;SRC-FRONTEND-PAGE-HANDOFFREPORTS;SRC-FRONTEND-PAGE-MYWORK;SRC-FRONTEND-PAGE-OWNERPORTAL;SRC-FRONTEND-PAGE-PERSONALDASHBOARD;SRC-IMPLEMENTATION-ATLAS;SRC-MASTER-PRODUCT-VISION;SRC-PIA-COMPONENT-OWNERSHIP;SRC-PIA-ITEM-03-CUSTODY;SRC-PIA-ITEM-10-DISPOSITION;SRC-PIA-PORTFOLIO-TEN;SRC-PIA-REALIGNMENT-REGISTER;SRC-ROLE-PERMISSION-MATRIX;SRC-FOUNDER-REVISION-DIRECTIVE-2026-08-01
GAP-ES-FEAT-COMMUNICATIONS-008,ES-FEAT-COMMUNICATIONS-008,delivery evidence,Communications and Owner Portal,NO,NO_NON_PIA_GOVERNANCE_GAP,NO,NO,NO,NO,YES,YES,YES,YES,YES,P2,MEDIUM,8,74,PIA_SUPPLEMENT,GOVERNANCE,DRAFT_PIA_SUPPLEMENT,FDQ-002,Founder disposition plus source-register update plus validator pass plus implementation/test/evidence gates where applicable,SRC-BACKEND-PERMISSION-MAP;SRC-BACKEND-ROUTE-BARN-OWNER-INTAKE;SRC-BACKEND-ROUTE-HORSE-LEDGER;SRC-BACKEND-ROUTE-MANAGER-INTAKE;SRC-BACKEND-ROUTE-PULSE;SRC-BACKEND-ROUTE-STUDENT-GUARDIANS;SRC-BACKEND-SERVER-ASSEMBLY;SRC-BACKEND-TEST-TEST-BUILD-NEXT-13M-ROLE-SMOKE-EVIDENCE;SRC-BACKEND-TEST-TEST-BUILD-NEXT-15C-C-TODAY-PULSE-ROLE-HOME-EVIDENCE;SRC-BACKEND-TEST-TEST-BUILD-NEXT-15D-TODAY-PULSE-UAT-EVIDENCE;SRC-BACKEND-TEST-TEST-BUILD-NEXT-17C-ROLE-JOURNEY-LAUNCH-TRUST-EVIDENCE;SRC-BACKEND-TEST-TEST-BUILD-NEXT-5D-MINOR-PARENT-EVIDENCE;SRC-BACKEND-TEST-TEST-BUILD-NEXT-7A-STAGING-UAT-EVIDENCE;SRC-BACKEND-TEST-TEST-RF13-MESSAGING-NOTIFICATIONS-DELIVERY-TRUTH;SRC-BACKEND-TEST-TEST-RF19-STAGING-UAT-EVIDENCE-CAPTURE;SRC-CANON-COMMUNICATION-CANON-V2.0;SRC-CANON-MEDIA-CANON-V2.1;SRC-CANON-PRIVACY-CANON-V2.0;SRC-CANON-SAFEGUARDING-CANON-V1.2;SRC-CODE-GUIDE-PROGRAM-STATUS;SRC-FOUNDER-DIRECTIVE;SRC-FRONTEND-APP-ROUTES;SRC-FRONTEND-PAGE-AUDITLOG;SRC-FRONTEND-PAGE-HANDOFFREPORTS;SRC-FRONTEND-PAGE-MYWORK;SRC-FRONTEND-PAGE-OWNERPORTAL;SRC-FRONTEND-PAGE-PERSONALDASHBOARD;SRC-IMPLEMENTATION-ATLAS;SRC-MASTER-PRODUCT-VISION;SRC-PIA-COMPONENT-OWNERSHIP;SRC-PIA-ITEM-03-CUSTODY;SRC-PIA-ITEM-10-DISPOSITION;SRC-PIA-PORTFOLIO-TEN;SRC-PIA-REALIGNMENT-REGISTER;SRC-ROLE-PERMISSION-MATRIX;SRC-FOUNDER-REVISION-DIRECTIVE-2026-08-01
GAP-ES-FEAT-COMMUNICATIONS-009,ES-FEAT-COMMUNICATIONS-009,read acknowledgment,Communications and Owner Portal,NO,NO_NON_PIA_GOVERNANCE_GAP,NO,NO,NO,NO,YES,YES,YES,YES,YES,P2,MEDIUM,8,74,PIA_SUPPLEMENT,GOVERNANCE,DRAFT_PIA_SUPPLEMENT,FDQ-002,Founder disposition plus source-register update plus validator pass plus implementation/test/evidence gates where applicable,SRC-BACKEND-PERMISSION-MAP;SRC-BACKEND-ROUTE-ACCOUNT-CONTEXT;SRC-BACKEND-ROUTE-ADMIN-BILLING;SRC-BACKEND-ROUTE-AUDIT;SRC-BACKEND-ROUTE-HORSE-LEDGER;SRC-BACKEND-ROUTE-STUDENT-GUARDIANS;SRC-BACKEND-SERVER-ASSEMBLY;SRC-BACKEND-TEST-TEST-ADMIN-PORTAL-ADMIN1;SRC-BACKEND-TEST-TEST-BUILD-NEXT-1-BILLING-LAUNCH-READINESS;SRC-BACKEND-TEST-TEST-BUILD-NEXT-13N-ROLE-CREDENTIAL-READINESS;SRC-BACKEND-TEST-TEST-BUILD-NEXT-16B-SETUP-READINESS-CONTRACT;SRC-BACKEND-TEST-TEST-BUILD-NEXT-18E-APP-STORE-READINESS-PROOF;SRC-BACKEND-TEST-TEST-BUILD-NEXT-2-MOBILE-READINESS;SRC-BACKEND-TEST-TEST-RF16-PWA-NATIVE-APP-STORE-READINESS;SRC-BACKEND-TEST-TEST-RF18-QA-UAT-PUBLIC-LAUNCH-READINESS;SRC-CANON-COMMUNICATION-CANON-V2.0;SRC-CANON-MEDIA-CANON-V2.1;SRC-CANON-PRIVACY-CANON-V2.0;SRC-CANON-SAFEGUARDING-CANON-V1.2;SRC-CODE-GUIDE-PROGRAM-STATUS;SRC-FOUNDER-DIRECTIVE;SRC-FRONTEND-APP-ROUTES;SRC-FRONTEND-PAGE-ADMINBILLINGDASHBOARD;SRC-FRONTEND-PAGE-AUDITLOG;SRC-FRONTEND-PAGE-MOBILEREADINESS;SRC-FRONTEND-PAGE-PERSONALDASHBOARD;SRC-FRONTEND-PAGE-SUBSCRIPTIONBILLING;SRC-IMPLEMENTATION-ATLAS;SRC-MASTER-PRODUCT-VISION;SRC-PIA-COMPONENT-OWNERSHIP;SRC-PIA-ITEM-03-CUSTODY;SRC-PIA-ITEM-10-DISPOSITION;SRC-PIA-PORTFOLIO-TEN;SRC-PIA-REALIGNMENT-REGISTER;SRC-ROLE-PERMISSION-MATRIX;SRC-FOUNDER-REVISION-DIRECTIVE-2026-08-01
GAP-ES-FEAT-COMMUNICATIONS-010,ES-FEAT-COMMUNICATIONS-010,attachments,Communications and Owner Portal,NO,NO_NON_PIA_GOVERNANCE_GAP,NO,NO,NO,NO,YES,YES,YES,YES,YES,P2,MEDIUM,8,74,PIA_SUPPLEMENT,GOVERNANCE,DRAFT_PIA_SUPPLEMENT,FDQ-002,Founder disposition plus source-register update plus validator pass plus implementation/test/evidence gates where applicable,SRC-BACKEND-PERMISSION-MAP;SRC-BACKEND-ROUTE-BARN-OWNER-INTAKE;SRC-BACKEND-ROUTE-HORSE-LEDGER;SRC-BACKEND-ROUTE-MANAGER-INTAKE;SRC-BACKEND-ROUTE-STAFF-INTAKE;SRC-BACKEND-ROUTE-STUDENT-GUARDIANS;SRC-BACKEND-SERVER-ASSEMBLY;SRC-BACKEND-TEST-TEST-ADMIN-PORTAL-ADMIN1;SRC-BACKEND-TEST-TEST-ADMIN-PORTAL-ADMIN2;SRC-BACKEND-TEST-TEST-ADMIN-PORTAL-ADMIN3;SRC-BACKEND-TEST-TEST-ADMIN-PORTAL-ADMIN4;SRC-BACKEND-TEST-TEST-ADMIN-PORTAL-ADMIN4B;SRC-BACKEND-TEST-TEST-ADMIN-PORTAL-ADMIN5;SRC-BACKEND-TEST-TEST-ADMIN-PORTAL-ADMIN6;SRC-BACKEND-TEST-TEST-ADMIN-PORTAL-ADMIN7A;SRC-CANON-COMMUNICATION-CANON-V2.0;SRC-CANON-MEDIA-CANON-V2.1;SRC-CANON-PRIVACY-CANON-V2.0;SRC-CANON-SAFEGUARDING-CANON-V1.2;SRC-CODE-GUIDE-PROGRAM-STATUS;SRC-FOUNDER-DIRECTIVE;SRC-FRONTEND-APP-ROUTES;SRC-FRONTEND-PAGE-AUDITLOG;SRC-FRONTEND-PAGE-HANDOFFREPORTS;SRC-FRONTEND-PAGE-MYWORK;SRC-FRONTEND-PAGE-OWNERPORTAL;SRC-FRONTEND-PAGE-PERSONALDASHBOARD;SRC-IMPLEMENTATION-ATLAS;SRC-MASTER-PRODUCT-VISION;SRC-PIA-COMPONENT-OWNERSHIP;SRC-PIA-ITEM-03-CUSTODY;SRC-PIA-ITEM-10-DISPOSITION;SRC-PIA-PORTFOLIO-TEN;SRC-PIA-REALIGNMENT-REGISTER;SRC-ROLE-PERMISSION-MATRIX;SRC-FOUNDER-REVISION-DIRECTIVE-2026-08-01
GAP-ES-FEAT-COMMUNICATIONS-011,ES-FEAT-COMMUNICATIONS-011,community messaging,Communications and Owner Portal,NO,NO_NON_PIA_GOVERNANCE_GAP,NO,NO,NO,NO,YES,YES,YES,YES,YES,P2,MEDIUM,8,74,PIA_SUPPLEMENT,GOVERNANCE,DRAFT_PIA_SUPPLEMENT,FDQ-002,Founder disposition plus source-register update plus validator pass plus implementation/test/evidence gates where applicable,SRC-BACKEND-PERMISSION-MAP;SRC-BACKEND-ROUTE-BARN-OWNER-INTAKE;SRC-BACKEND-ROUTE-HORSE-LEDGER;SRC-BACKEND-ROUTE-MANAGER-INTAKE;SRC-BACKEND-ROUTE-PULSE;SRC-BACKEND-ROUTE-STUDENT-GUARDIANS;SRC-BACKEND-SERVER-ASSEMBLY;SRC-BACKEND-TEST-TEST-ADMIN-PORTAL-ADMIN1;SRC-BACKEND-TEST-TEST-ADMIN-PORTAL-ADMIN2;SRC-BACKEND-TEST-TEST-ADMIN-PORTAL-ADMIN3;SRC-BACKEND-TEST-TEST-ADMIN-PORTAL-ADMIN4;SRC-BACKEND-TEST-TEST-ADMIN-PORTAL-ADMIN4B;SRC-BACKEND-TEST-TEST-ADMIN-PORTAL-ADMIN5;SRC-BACKEND-TEST-TEST-RF11-PROPERTY-LOCATION-MAP-COMMUNITY-HELP;SRC-BACKEND-TEST-TEST-RF13-MESSAGING-NOTIFICATIONS-DELIVERY-TRUTH;SRC-CANON-COMMUNICATION-CANON-V2.0;SRC-CANON-MEDIA-CANON-V2.1;SRC-CANON-PRIVACY-CANON-V2.0;SRC-CANON-SAFEGUARDING-CANON-V1.2;SRC-CODE-GUIDE-PROGRAM-STATUS;SRC-FOUNDER-DIRECTIVE;SRC-FRONTEND-APP-ROUTES;SRC-FRONTEND-PAGE-AUDITLOG;SRC-FRONTEND-PAGE-GROUPMESSAGING;SRC-FRONTEND-PAGE-HANDOFFREPORTS;SRC-FRONTEND-PAGE-MESSAGING;SRC-FRONTEND-PAGE-PERSONALDASHBOARD;SRC-IMPLEMENTATION-ATLAS;SRC-MASTER-PRODUCT-VISION;SRC-PIA-COMPONENT-OWNERSHIP;SRC-PIA-ITEM-03-CUSTODY;SRC-PIA-ITEM-10-DISPOSITION;SRC-PIA-PORTFOLIO-TEN;SRC-PIA-REALIGNMENT-REGISTER;SRC-ROLE-PERMISSION-MATRIX;SRC-FOUNDER-REVISION-DIRECTIVE-2026-08-01
GAP-ES-FEAT-COMMUNICATIONS-012,ES-FEAT-COMMUNICATIONS-012,Owner Portal projections,Communications and Owner Portal,NO,NO_NON_PIA_GOVERNANCE_GAP,NO,NO,NO,NO,YES,YES,YES,YES,YES,P2,MEDIUM,8,74,PIA_SUPPLEMENT,GOVERNANCE,DRAFT_PIA_SUPPLEMENT,FDQ-002,Founder disposition plus source-register update plus validator pass plus implementation/test/evidence gates where applicable,SRC-BACKEND-PERMISSION-MAP;SRC-BACKEND-ROUTE-BARN-OWNER-INTAKE;SRC-BACKEND-ROUTE-HORSE-LEDGER;SRC-BACKEND-ROUTE-MANAGER-INTAKE;SRC-BACKEND-ROUTE-STAFF-INTAKE;SRC-BACKEND-ROUTE-STUDENT-GUARDIANS;SRC-BACKEND-SERVER-ASSEMBLY;SRC-BACKEND-TEST-TEST-ADMIN-PORTAL-ADMIN1;SRC-BACKEND-TEST-TEST-ADMIN-PORTAL-ADMIN2;SRC-BACKEND-TEST-TEST-ADMIN-PORTAL-ADMIN3;SRC-BACKEND-TEST-TEST-ADMIN-PORTAL-ADMIN4;SRC-BACKEND-TEST-TEST-ADMIN-PORTAL-ADMIN4B;SRC-BACKEND-TEST-TEST-ADMIN-PORTAL-ADMIN5;SRC-BACKEND-TEST-TEST-ADMIN-PORTAL-ADMIN6;SRC-BACKEND-TEST-TEST-ADMIN-PORTAL-ADMIN7A;SRC-CANON-COMMUNICATION-CANON-V2.0;SRC-CANON-MEDIA-CANON-V2.1;SRC-CANON-PRIVACY-CANON-V2.0;SRC-CANON-SAFEGUARDING-CANON-V1.2;SRC-CODE-GUIDE-PROGRAM-STATUS;SRC-FOUNDER-DIRECTIVE;SRC-FRONTEND-APP-ROUTES;SRC-FRONTEND-PAGE-AUDITLOG;SRC-FRONTEND-PAGE-HANDOFFREPORTS;SRC-FRONTEND-PAGE-MYWORK;SRC-FRONTEND-PAGE-OWNERPORTAL;SRC-FRONTEND-PAGE-PERSONALDASHBOARD;SRC-IMPLEMENTATION-ATLAS;SRC-MASTER-PRODUCT-VISION;SRC-PIA-COMPONENT-OWNERSHIP;SRC-PIA-ITEM-03-CUSTODY;SRC-PIA-ITEM-10-DISPOSITION;SRC-PIA-PORTFOLIO-TEN;SRC-PIA-REALIGNMENT-REGISTER;SRC-ROLE-PERMISSION-MATRIX;SRC-FOUNDER-REVISION-DIRECTIVE-2026-08-01
GAP-ES-FEAT-COMMUNICATIONS-013,ES-FEAT-COMMUNICATIONS-013,former-party access,Communications and Owner Portal,NO,NO_NON_PIA_GOVERNANCE_GAP,NO,NO,NO,NO,YES,YES,YES,YES,YES,P2,MEDIUM,8,74,PIA_SUPPLEMENT,GOVERNANCE,DRAFT_PIA_SUPPLEMENT,FDQ-002,Founder disposition plus source-register update plus validator pass plus implementation/test/evidence gates where applicable,SRC-BACKEND-PERMISSION-MAP;SRC-BACKEND-ROUTE-ADMIN;SRC-BACKEND-ROUTE-ADMIN-BILLING;SRC-BACKEND-ROUTE-BARN-OWNER-INTAKE;SRC-BACKEND-ROUTE-CARE;SRC-BACKEND-ROUTE-HORSE-LEDGER;SRC-BACKEND-SERVER-ASSEMBLY;SRC-BACKEND-TEST-TEST-ADMIN-PORTAL-ADMIN1;SRC-BACKEND-TEST-TEST-ADMIN-PORTAL-ADMIN2;SRC-BACKEND-TEST-TEST-ADMIN-PORTAL-ADMIN3;SRC-BACKEND-TEST-TEST-ADMIN-PORTAL-ADMIN4;SRC-BACKEND-TEST-TEST-ADMIN-PORTAL-ADMIN4B;SRC-BACKEND-TEST-TEST-ADMIN-PORTAL-ADMIN5;SRC-BACKEND-TEST-TEST-ADMIN-PORTAL-ADMIN6;SRC-BACKEND-TEST-TEST-RF2-IDENTITY-ACCESS-MIGRATION;SRC-CANON-COMMUNICATION-CANON-V2.0;SRC-CANON-MEDIA-CANON-V2.1;SRC-CANON-PRIVACY-CANON-V2.0;SRC-CANON-SAFEGUARDING-CANON-V1.2;SRC-CODE-GUIDE-PROGRAM-STATUS;SRC-FOUNDER-DIRECTIVE;SRC-FRONTEND-APP-ROUTES;SRC-FRONTEND-PAGE-ADMINBILLINGDASHBOARD;SRC-FRONTEND-PAGE-ADMINREVIEWQUEUE;SRC-FRONTEND-PAGE-AUDITLOG;SRC-FRONTEND-PAGE-PERSONALDASHBOARD;SRC-FRONTEND-PAGE-SIGNUP;SRC-IMPLEMENTATION-ATLAS;SRC-MASTER-PRODUCT-VISION;SRC-PIA-COMPONENT-OWNERSHIP;SRC-PIA-ITEM-03-CUSTODY;SRC-PIA-ITEM-10-DISPOSITION;SRC-PIA-PORTFOLIO-TEN;SRC-PIA-REALIGNMENT-REGISTER;SRC-ROLE-PERMISSION-MATRIX;SRC-FOUNDER-REVISION-DIRECTIVE-2026-08-01
GAP-ES-FEAT-COMMUNICATIONS-014,ES-FEAT-COMMUNICATIONS-014,support communication,Communications and Owner Portal,NO,NO_NON_PIA_GOVERNANCE_GAP,NO,NO,NO,NO,YES,YES,YES,YES,YES,P2,MEDIUM,8,74,PIA_SUPPLEMENT,GOVERNANCE,DRAFT_PIA_SUPPLEMENT,FDQ-002,Founder disposition plus source-register update plus validator pass plus implementation/test/evidence gates where applicable,SRC-BACKEND-PERMISSION-MAP;SRC-BACKEND-ROUTE-ADMIN-REVIEW;SRC-BACKEND-ROUTE-BARN-OWNER-INTAKE;SRC-BACKEND-ROUTE-DOCUMENT-SIGNATURES;SRC-BACKEND-ROUTE-MANAGER-INTAKE;SRC-BACKEND-ROUTE-STAFF-INTAKE;SRC-BACKEND-SERVER-ASSEMBLY;SRC-BACKEND-TEST-TEST-ADMIN-PORTAL-ADMIN1;SRC-BACKEND-TEST-TEST-ADMIN-PORTAL-ADMIN2;SRC-BACKEND-TEST-TEST-ADMIN-PORTAL-ADMIN3;SRC-BACKEND-TEST-TEST-ADMIN-PORTAL-ADMIN4;SRC-BACKEND-TEST-TEST-ADMIN-PORTAL-ADMIN4B;SRC-BACKEND-TEST-TEST-ADMIN-PORTAL-ADMIN5;SRC-BACKEND-TEST-TEST-ADMIN-PORTAL-ADMIN6;SRC-BACKEND-TEST-TEST-BUILD-NEXT-5C-MINOR-COMMUNICATION-GUARD;SRC-CANON-COMMUNICATION-CANON-V2.0;SRC-CANON-MEDIA-CANON-V2.1;SRC-CANON-PRIVACY-CANON-V2.0;SRC-CANON-SAFEGUARDING-CANON-V1.2;SRC-CODE-GUIDE-PROGRAM-STATUS;SRC-FOUNDER-DIRECTIVE;SRC-FRONTEND-APP-ROUTES;SRC-FRONTEND-PAGE-AUDITLOG;SRC-FRONTEND-PAGE-HANDOFFREPORTS;SRC-FRONTEND-PAGE-MESSAGING;SRC-FRONTEND-PAGE-MYWORK;SRC-FRONTEND-PAGE-PERSONALDASHBOARD;SRC-IMPLEMENTATION-ATLAS;SRC-MASTER-PRODUCT-VISION;SRC-PIA-COMPONENT-OWNERSHIP;SRC-PIA-ITEM-03-CUSTODY;SRC-PIA-ITEM-10-DISPOSITION;SRC-PIA-PORTFOLIO-TEN;SRC-PIA-REALIGNMENT-REGISTER;SRC-ROLE-PERMISSION-MATRIX;SRC-FOUNDER-REVISION-DIRECTIVE-2026-08-01
GAP-ES-FEAT-DOCUMENTS-001,ES-FEAT-DOCUMENTS-001,document templates,"Documents, agreements, and electronic signatures",NO,NO_NON_PIA_GOVERNANCE_GAP,NO,NO,NO,NO,YES,YES,YES,NO,YES,P2,MEDIUM,8,74,PIA_SUPPLEMENT,GOVERNANCE,DRAFT_PIA_SUPPLEMENT,FDQ-002,Founder disposition plus source-register update plus validator pass plus implementation/test/evidence gates where applicable,SRC-BACKEND-PERMISSION-MAP;SRC-BACKEND-ROUTE-BACKLOG;SRC-BACKEND-ROUTE-DASHBOARD;SRC-BACKEND-ROUTE-DOCUMENT-SIGNATURES;SRC-BACKEND-ROUTE-PULSE;SRC-BACKEND-ROUTE-REPORTS;SRC-BACKEND-SERVER-ASSEMBLY;SRC-BACKEND-TEST-TEST-BUILD-NEXT-6B-DOCUMENT-WORKFLOW-CONTRACT;SRC-BACKEND-TEST-TEST-BUILD-NEXT-6C-DOCUMENT-REQUEST-FOUNDATION;SRC-BACKEND-TEST-TEST-RF14-DOCUMENTS-SIGNATURES-STORAGE-CONSOLIDATION;SRC-CANON-AGREEMENT-CONSENT-AUTHORIZATION-CANON-V2.1;SRC-CANON-MEDIA-CANON-V2.1;SRC-CANON-PRIVACY-CANON-V2.0;SRC-CANON-RECORDS-CANON-V2.1;SRC-CODE-GUIDE-PROGRAM-STATUS;SRC-FOUNDER-DIRECTIVE;SRC-FRONTEND-APP-ROUTES;SRC-FRONTEND-PAGE-ADVANCEDREPORTS;SRC-FRONTEND-PAGE-FORMSSIGNATURES;SRC-FRONTEND-PAGE-HEALTHDOCUMENTS;SRC-FRONTEND-PAGE-MOBILEREADINESS;SRC-FRONTEND-PAGE-PERSONALDASHBOARD;SRC-IMPLEMENTATION-ATLAS;SRC-MASTER-PRODUCT-VISION;SRC-PIA-COMPONENT-OWNERSHIP;SRC-PIA-ITEM-03-CUSTODY;SRC-PIA-ITEM-10-DISPOSITION;SRC-PIA-PORTFOLIO-TEN;SRC-PIA-REALIGNMENT-REGISTER;SRC-ROLE-PERMISSION-MATRIX;SRC-FOUNDER-REVISION-DIRECTIVE-2026-08-01
GAP-ES-FEAT-DOCUMENTS-002,ES-FEAT-DOCUMENTS-002,waivers,"Documents, agreements, and electronic signatures",YES,CODE_GUIDE_GAP,YES,NO,NO,NO,YES,YES,YES,NO,YES,P2,MEDIUM,8,68,CODE_GUIDE,ARCHITECTURE,DRAFT_CODE_GUIDE,FDQ-006,Founder disposition plus source-register update plus validator pass plus implementation/test/evidence gates where applicable,SRC-BACKEND-PERMISSION-MAP;SRC-BACKEND-ROUTE-BACKLOG;SRC-BACKEND-ROUTE-DASHBOARD;SRC-BACKEND-ROUTE-DOCUMENT-SIGNATURES;SRC-BACKEND-ROUTE-PULSE;SRC-BACKEND-ROUTE-REPORTS;SRC-BACKEND-SERVER-ASSEMBLY;SRC-BACKEND-TEST-TEST-RF14-DOCUMENTS-SIGNATURES-STORAGE-CONSOLIDATION;SRC-CANON-AGREEMENT-CONSENT-AUTHORIZATION-CANON-V2.1;SRC-CANON-MEDIA-CANON-V2.1;SRC-CANON-PRIVACY-CANON-V2.0;SRC-CANON-RECORDS-CANON-V2.1;SRC-CODE-GUIDE-PROGRAM-STATUS;SRC-FOUNDER-DIRECTIVE;SRC-FRONTEND-APP-ROUTES;SRC-FRONTEND-PAGE-FORMSSIGNATURES;SRC-FRONTEND-PAGE-HEALTHDOCUMENTS;SRC-FRONTEND-PAGE-MOBILEREADINESS;SRC-FRONTEND-PAGE-PERSONALDASHBOARD;SRC-IMPLEMENTATION-ATLAS;SRC-MASTER-PRODUCT-VISION;SRC-PIA-COMPONENT-OWNERSHIP;SRC-PIA-ITEM-03-CUSTODY;SRC-PIA-ITEM-10-DISPOSITION;SRC-PIA-PORTFOLIO-TEN;SRC-PIA-REALIGNMENT-REGISTER;SRC-ROLE-PERMISSION-MATRIX;SRC-FOUNDER-REVISION-DIRECTIVE-2026-08-01
GAP-ES-FEAT-DOCUMENTS-003,ES-FEAT-DOCUMENTS-003,consent,"Documents, agreements, and electronic signatures",NO,NO_NON_PIA_GOVERNANCE_GAP,NO,NO,NO,NO,YES,YES,YES,NO,YES,P2,MEDIUM,8,74,PIA_SUPPLEMENT,GOVERNANCE,DRAFT_PIA_SUPPLEMENT,FDQ-002,Founder disposition plus source-register update plus validator pass plus implementation/test/evidence gates where applicable,SRC-BACKEND-PERMISSION-MAP;SRC-BACKEND-ROUTE-BACKLOG;SRC-BACKEND-ROUTE-DASHBOARD;SRC-BACKEND-ROUTE-DOCUMENT-SIGNATURES;SRC-BACKEND-ROUTE-GUARDIAN-INTAKE;SRC-BACKEND-ROUTE-PULSE;SRC-BACKEND-SERVER-ASSEMBLY;SRC-BACKEND-TEST-TEST-RF14-DOCUMENTS-SIGNATURES-STORAGE-CONSOLIDATION;SRC-CANON-AGREEMENT-CONSENT-AUTHORIZATION-CANON-V2.1;SRC-CANON-MEDIA-CANON-V2.1;SRC-CANON-PRIVACY-CANON-V2.0;SRC-CANON-RECORDS-CANON-V2.1;SRC-CODE-GUIDE-PROGRAM-STATUS;SRC-FOUNDER-DIRECTIVE;SRC-FRONTEND-APP-ROUTES;SRC-FRONTEND-PAGE-FORMSSIGNATURES;SRC-FRONTEND-PAGE-HEALTHDOCUMENTS;SRC-FRONTEND-PAGE-MOBILEREADINESS;SRC-FRONTEND-PAGE-PERSONALDASHBOARD;SRC-IMPLEMENTATION-ATLAS;SRC-MASTER-PRODUCT-VISION;SRC-PIA-COMPONENT-OWNERSHIP;SRC-PIA-ITEM-03-CUSTODY;SRC-PIA-ITEM-10-DISPOSITION;SRC-PIA-PORTFOLIO-TEN;SRC-PIA-REALIGNMENT-REGISTER;SRC-ROLE-PERMISSION-MATRIX;SRC-FOUNDER-REVISION-DIRECTIVE-2026-08-01
GAP-ES-FEAT-DOCUMENTS-004,ES-FEAT-DOCUMENTS-004,guardian signatures,"Documents, agreements, and electronic signatures",NO,NO_NON_PIA_GOVERNANCE_GAP,NO,NO,NO,NO,YES,YES,YES,NO,YES,P2,MEDIUM,8,74,PIA_SUPPLEMENT,GOVERNANCE,DRAFT_PIA_SUPPLEMENT,FDQ-002,Founder disposition plus source-register update plus validator pass plus implementation/test/evidence gates where applicable,SRC-BACKEND-PERMISSION-MAP;SRC-BACKEND-ROUTE-BACKLOG;SRC-BACKEND-ROUTE-BILLING;SRC-BACKEND-ROUTE-DOCUMENT-SIGNATURES;SRC-BACKEND-ROUTE-GUARDIAN-INTAKE;SRC-BACKEND-ROUTE-STUDENT-GUARDIANS;SRC-BACKEND-SERVER-ASSEMBLY;SRC-BACKEND-TEST-TEST-BUILD-NEXT-13D-GUARDIAN-MINOR-INTAKE;SRC-BACKEND-TEST-TEST-BUILD-NEXT-5B-GUARDIAN-STUDENT-INVITES;SRC-BACKEND-TEST-TEST-CGP006-IWP0002-GUARDIAN-MINOR-SAFEGUARDING;SRC-BACKEND-TEST-TEST-RF14-DOCUMENTS-SIGNATURES-STORAGE-CONSOLIDATION;SRC-CANON-AGREEMENT-CONSENT-AUTHORIZATION-CANON-V2.1;SRC-CANON-MEDIA-CANON-V2.1;SRC-CANON-PRIVACY-CANON-V2.0;SRC-CANON-RECORDS-CANON-V2.1;SRC-CODE-GUIDE-PROGRAM-STATUS;SRC-FOUNDER-DIRECTIVE;SRC-FRONTEND-APP-ROUTES;SRC-FRONTEND-PAGE-FORMSSIGNATURES;SRC-FRONTEND-PAGE-GUARDIANDASHBOARD;SRC-FRONTEND-PAGE-HEALTHDOCUMENTS;SRC-FRONTEND-PAGE-MOBILEREADINESS;SRC-FRONTEND-PAGE-PERSONALDASHBOARD;SRC-IMPLEMENTATION-ATLAS;SRC-MASTER-PRODUCT-VISION;SRC-PIA-COMPONENT-OWNERSHIP;SRC-PIA-ITEM-03-CUSTODY;SRC-PIA-ITEM-10-DISPOSITION;SRC-PIA-PORTFOLIO-TEN;SRC-PIA-REALIGNMENT-REGISTER;SRC-ROLE-PERMISSION-MATRIX;SRC-FOUNDER-REVISION-DIRECTIVE-2026-08-01
GAP-ES-FEAT-DOCUMENTS-005,ES-FEAT-DOCUMENTS-005,minor assent,"Documents, agreements, and electronic signatures",NO,NO_NON_PIA_GOVERNANCE_GAP,NO,NO,NO,NO,YES,YES,YES,NO,YES,P2,HIGH,12,74,PIA_SUPPLEMENT,GOVERNANCE,DRAFT_PIA_SUPPLEMENT,FDQ-002,Founder disposition plus source-register update plus validator pass plus implementation/test/evidence gates where applicable,SRC-BACKEND-PERMISSION-MAP;SRC-BACKEND-ROUTE-BACKLOG;SRC-BACKEND-ROUTE-BILLING;SRC-BACKEND-ROUTE-CARE;SRC-BACKEND-ROUTE-DASHBOARD;SRC-BACKEND-ROUTE-DOCUMENT-SIGNATURES;SRC-BACKEND-SERVER-ASSEMBLY;SRC-BACKEND-TEST-TEST-BUILD-NEXT-13D-GUARDIAN-MINOR-INTAKE;SRC-BACKEND-TEST-TEST-BUILD-NEXT-5A-MINOR-SAFETY-RULES;SRC-BACKEND-TEST-TEST-BUILD-NEXT-5C-MINOR-COMMUNICATION-GUARD;SRC-BACKEND-TEST-TEST-BUILD-NEXT-5D-MINOR-PARENT-EVIDENCE;SRC-BACKEND-TEST-TEST-CGP006-IWP0002-GUARDIAN-MINOR-SAFEGUARDING;SRC-BACKEND-TEST-TEST-RF14-DOCUMENTS-SIGNATURES-STORAGE-CONSOLIDATION;SRC-CANON-AGREEMENT-CONSENT-AUTHORIZATION-CANON-V2.1;SRC-CANON-MEDIA-CANON-V2.1;SRC-CANON-PRIVACY-CANON-V2.0;SRC-CANON-RECORDS-CANON-V2.1;SRC-CODE-GUIDE-PROGRAM-STATUS;SRC-FOUNDER-DIRECTIVE;SRC-FRONTEND-APP-ROUTES;SRC-FRONTEND-PAGE-FORMSSIGNATURES;SRC-FRONTEND-PAGE-HEALTHDOCUMENTS;SRC-FRONTEND-PAGE-MOBILEREADINESS;SRC-FRONTEND-PAGE-PERSONALDASHBOARD;SRC-IMPLEMENTATION-ATLAS;SRC-MASTER-PRODUCT-VISION;SRC-PIA-COMPONENT-OWNERSHIP;SRC-PIA-ITEM-03-CUSTODY;SRC-PIA-ITEM-10-DISPOSITION;SRC-PIA-PORTFOLIO-TEN;SRC-PIA-REALIGNMENT-REGISTER;SRC-ROLE-PERMISSION-MATRIX;SRC-FOUNDER-REVISION-DIRECTIVE-2026-08-01
GAP-ES-FEAT-DOCUMENTS-006,ES-FEAT-DOCUMENTS-006,document requests,"Documents, agreements, and electronic signatures",NO,NO_NON_PIA_GOVERNANCE_GAP,NO,NO,NO,NO,YES,YES,YES,NO,YES,P2,MEDIUM,8,74,PIA_SUPPLEMENT,GOVERNANCE,DRAFT_PIA_SUPPLEMENT,FDQ-002,Founder disposition plus source-register update plus validator pass plus implementation/test/evidence gates where applicable,SRC-BACKEND-PERMISSION-MAP;SRC-BACKEND-ROUTE-BACKLOG;SRC-BACKEND-ROUTE-DASHBOARD;SRC-BACKEND-ROUTE-DOCUMENT-SIGNATURES;SRC-BACKEND-ROUTE-PULSE;SRC-BACKEND-ROUTE-REPORTS;SRC-BACKEND-SERVER-ASSEMBLY;SRC-BACKEND-TEST-TEST-BUILD-NEXT-6B-DOCUMENT-WORKFLOW-CONTRACT;SRC-BACKEND-TEST-TEST-BUILD-NEXT-6C-DOCUMENT-REQUEST-FOUNDATION;SRC-BACKEND-TEST-TEST-RF14-DOCUMENTS-SIGNATURES-STORAGE-CONSOLIDATION;SRC-CANON-AGREEMENT-CONSENT-AUTHORIZATION-CANON-V2.1;SRC-CANON-MEDIA-CANON-V2.1;SRC-CANON-PRIVACY-CANON-V2.0;SRC-CANON-RECORDS-CANON-V2.1;SRC-CODE-GUIDE-PROGRAM-STATUS;SRC-FOUNDER-DIRECTIVE;SRC-FRONTEND-APP-ROUTES;SRC-FRONTEND-PAGE-ADVANCEDREPORTS;SRC-FRONTEND-PAGE-FORMSSIGNATURES;SRC-FRONTEND-PAGE-HEALTHDOCUMENTS;SRC-FRONTEND-PAGE-MOBILEREADINESS;SRC-FRONTEND-PAGE-PERSONALDASHBOARD;SRC-IMPLEMENTATION-ATLAS;SRC-MASTER-PRODUCT-VISION;SRC-PIA-COMPONENT-OWNERSHIP;SRC-PIA-ITEM-03-CUSTODY;SRC-PIA-ITEM-10-DISPOSITION;SRC-PIA-PORTFOLIO-TEN;SRC-PIA-REALIGNMENT-REGISTER;SRC-ROLE-PERMISSION-MATRIX;SRC-FOUNDER-REVISION-DIRECTIVE-2026-08-01
GAP-ES-FEAT-DOCUMENTS-007,ES-FEAT-DOCUMENTS-007,envelope creation,"Documents, agreements, and electronic signatures",NO,NO_NON_PIA_GOVERNANCE_GAP,NO,NO,NO,NO,YES,YES,YES,NO,YES,P2,MEDIUM,8,74,PIA_SUPPLEMENT,GOVERNANCE,DRAFT_PIA_SUPPLEMENT,FDQ-002,Founder disposition plus source-register update plus validator pass plus implementation/test/evidence gates where applicable,SRC-BACKEND-PERMISSION-MAP;SRC-BACKEND-ROUTE-BACKLOG;SRC-BACKEND-ROUTE-DASHBOARD;SRC-BACKEND-ROUTE-DOCUMENT-SIGNATURES;SRC-BACKEND-ROUTE-GUARDIAN-INTAKE;SRC-BACKEND-ROUTE-MANAGER-INTAKE;SRC-BACKEND-SERVER-ASSEMBLY;SRC-BACKEND-TEST-TEST-BUILD-NEXT-6E-DOCUSIGN-SANDBOX-ENVELOPE;SRC-BACKEND-TEST-TEST-RF14-DOCUMENTS-SIGNATURES-STORAGE-CONSOLIDATION;SRC-CANON-AGREEMENT-CONSENT-AUTHORIZATION-CANON-V2.1;SRC-CANON-MEDIA-CANON-V2.1;SRC-CANON-PRIVACY-CANON-V2.0;SRC-CANON-RECORDS-CANON-V2.1;SRC-CODE-GUIDE-PROGRAM-STATUS;SRC-FOUNDER-DIRECTIVE;SRC-FRONTEND-APP-ROUTES;SRC-FRONTEND-PAGE-FORMSSIGNATURES;SRC-FRONTEND-PAGE-HEALTHDOCUMENTS;SRC-FRONTEND-PAGE-MOBILEREADINESS;SRC-FRONTEND-PAGE-PERSONALDASHBOARD;SRC-IMPLEMENTATION-ATLAS;SRC-MASTER-PRODUCT-VISION;SRC-PIA-COMPONENT-OWNERSHIP;SRC-PIA-ITEM-03-CUSTODY;SRC-PIA-ITEM-10-DISPOSITION;SRC-PIA-PORTFOLIO-TEN;SRC-PIA-REALIGNMENT-REGISTER;SRC-ROLE-PERMISSION-MATRIX;SRC-FOUNDER-REVISION-DIRECTIVE-2026-08-01
GAP-ES-FEAT-DOCUMENTS-008,ES-FEAT-DOCUMENTS-008,signing,"Documents, agreements, and electronic signatures",NO,NO_NON_PIA_GOVERNANCE_GAP,NO,NO,NO,NO,YES,YES,YES,NO,YES,P2,MEDIUM,8,74,PIA_SUPPLEMENT,GOVERNANCE,DRAFT_PIA_SUPPLEMENT,FDQ-002,Founder disposition plus source-register update plus validator pass plus implementation/test/evidence gates where applicable,SRC-BACKEND-PERMISSION-MAP;SRC-BACKEND-ROUTE-BACKLOG;SRC-BACKEND-ROUTE-DASHBOARD;SRC-BACKEND-ROUTE-DOCUMENT-SIGNATURES;SRC-BACKEND-ROUTE-PULSE;SRC-BACKEND-ROUTE-REPORTS;SRC-BACKEND-SERVER-ASSEMBLY;SRC-BACKEND-TEST-TEST-RF14-DOCUMENTS-SIGNATURES-STORAGE-CONSOLIDATION;SRC-CANON-AGREEMENT-CONSENT-AUTHORIZATION-CANON-V2.1;SRC-CANON-MEDIA-CANON-V2.1;SRC-CANON-PRIVACY-CANON-V2.0;SRC-CANON-RECORDS-CANON-V2.1;SRC-CODE-GUIDE-PROGRAM-STATUS;SRC-FOUNDER-DIRECTIVE;SRC-FRONTEND-APP-ROUTES;SRC-FRONTEND-PAGE-FORMSSIGNATURES;SRC-FRONTEND-PAGE-HEALTHDOCUMENTS;SRC-FRONTEND-PAGE-MOBILEREADINESS;SRC-FRONTEND-PAGE-PERSONALDASHBOARD;SRC-IMPLEMENTATION-ATLAS;SRC-MASTER-PRODUCT-VISION;SRC-PIA-COMPONENT-OWNERSHIP;SRC-PIA-ITEM-03-CUSTODY;SRC-PIA-ITEM-10-DISPOSITION;SRC-PIA-PORTFOLIO-TEN;SRC-PIA-REALIGNMENT-REGISTER;SRC-ROLE-PERMISSION-MATRIX;SRC-FOUNDER-REVISION-DIRECTIVE-2026-08-01
GAP-ES-FEAT-DOCUMENTS-009,ES-FEAT-DOCUMENTS-009,decline,"Documents, agreements, and electronic signatures",NO,NO_NON_PIA_GOVERNANCE_GAP,NO,NO,NO,NO,YES,YES,YES,NO,YES,P2,MEDIUM,8,74,PIA_SUPPLEMENT,GOVERNANCE,DRAFT_PIA_SUPPLEMENT,FDQ-002,Founder disposition plus source-register update plus validator pass plus implementation/test/evidence gates where applicable,SRC-BACKEND-PERMISSION-MAP;SRC-BACKEND-ROUTE-BACKLOG;SRC-BACKEND-ROUTE-DASHBOARD;SRC-BACKEND-ROUTE-DOCUMENT-SIGNATURES;SRC-BACKEND-ROUTE-OPERATIONS;SRC-BACKEND-ROUTE-PULSE;SRC-BACKEND-SERVER-ASSEMBLY;SRC-BACKEND-TEST-TEST-RF14-DOCUMENTS-SIGNATURES-STORAGE-CONSOLIDATION;SRC-CANON-AGREEMENT-CONSENT-AUTHORIZATION-CANON-V2.1;SRC-CANON-MEDIA-CANON-V2.1;SRC-CANON-PRIVACY-CANON-V2.0;SRC-CANON-RECORDS-CANON-V2.1;SRC-CODE-GUIDE-PROGRAM-STATUS;SRC-FOUNDER-DIRECTIVE;SRC-FRONTEND-APP-ROUTES;SRC-FRONTEND-PAGE-FORMSSIGNATURES;SRC-FRONTEND-PAGE-HEALTHDOCUMENTS;SRC-FRONTEND-PAGE-MOBILEREADINESS;SRC-FRONTEND-PAGE-PERSONALDASHBOARD;SRC-IMPLEMENTATION-ATLAS;SRC-MASTER-PRODUCT-VISION;SRC-PIA-COMPONENT-OWNERSHIP;SRC-PIA-ITEM-03-CUSTODY;SRC-PIA-ITEM-10-DISPOSITION;SRC-PIA-PORTFOLIO-TEN;SRC-PIA-REALIGNMENT-REGISTER;SRC-ROLE-PERMISSION-MATRIX;SRC-FOUNDER-REVISION-DIRECTIVE-2026-08-01
GAP-ES-FEAT-DOCUMENTS-010,ES-FEAT-DOCUMENTS-010,expiration,"Documents, agreements, and electronic signatures",NO,NO_NON_PIA_GOVERNANCE_GAP,NO,NO,NO,NO,YES,YES,YES,NO,YES,P2,MEDIUM,8,74,PIA_SUPPLEMENT,GOVERNANCE,DRAFT_PIA_SUPPLEMENT,FDQ-002,Founder disposition plus source-register update plus validator pass plus implementation/test/evidence gates where applicable,SRC-BACKEND-PERMISSION-MAP;SRC-BACKEND-ROUTE-BACKLOG;SRC-BACKEND-ROUTE-DASHBOARD;SRC-BACKEND-ROUTE-DOCUMENT-SIGNATURES;SRC-BACKEND-ROUTE-PULSE;SRC-BACKEND-ROUTE-REPORTS;SRC-BACKEND-SERVER-ASSEMBLY;SRC-BACKEND-TEST-TEST-RF14-DOCUMENTS-SIGNATURES-STORAGE-CONSOLIDATION;SRC-CANON-AGREEMENT-CONSENT-AUTHORIZATION-CANON-V2.1;SRC-CANON-MEDIA-CANON-V2.1;SRC-CANON-PRIVACY-CANON-V2.0;SRC-CANON-RECORDS-CANON-V2.1;SRC-CODE-GUIDE-PROGRAM-STATUS;SRC-FOUNDER-DIRECTIVE;SRC-FRONTEND-APP-ROUTES;SRC-FRONTEND-PAGE-FORMSSIGNATURES;SRC-FRONTEND-PAGE-HEALTHDOCUMENTS;SRC-FRONTEND-PAGE-MOBILEREADINESS;SRC-FRONTEND-PAGE-PERSONALDASHBOARD;SRC-IMPLEMENTATION-ATLAS;SRC-MASTER-PRODUCT-VISION;SRC-PIA-COMPONENT-OWNERSHIP;SRC-PIA-ITEM-03-CUSTODY;SRC-PIA-ITEM-10-DISPOSITION;SRC-PIA-PORTFOLIO-TEN;SRC-PIA-REALIGNMENT-REGISTER;SRC-ROLE-PERMISSION-MATRIX;SRC-FOUNDER-REVISION-DIRECTIVE-2026-08-01
GAP-ES-FEAT-DOCUMENTS-011,ES-FEAT-DOCUMENTS-011,revocation,"Documents, agreements, and electronic signatures",NO,NO_NON_PIA_GOVERNANCE_GAP,NO,NO,NO,NO,YES,YES,YES,NO,YES,P2,MEDIUM,8,74,PIA_SUPPLEMENT,GOVERNANCE,DRAFT_PIA_SUPPLEMENT,FDQ-002,Founder disposition plus source-register update plus validator pass plus implementation/test/evidence gates where applicable,SRC-BACKEND-PERMISSION-MAP;SRC-BACKEND-ROUTE-BACKLOG;SRC-BACKEND-ROUTE-DASHBOARD;SRC-BACKEND-ROUTE-DOCUMENT-SIGNATURES;SRC-BACKEND-ROUTE-PULSE;SRC-BACKEND-ROUTE-REPORTS;SRC-BACKEND-SERVER-ASSEMBLY;SRC-BACKEND-TEST-TEST-RF14-DOCUMENTS-SIGNATURES-STORAGE-CONSOLIDATION;SRC-CANON-AGREEMENT-CONSENT-AUTHORIZATION-CANON-V2.1;SRC-CANON-MEDIA-CANON-V2.1;SRC-CANON-PRIVACY-CANON-V2.0;SRC-CANON-RECORDS-CANON-V2.1;SRC-CODE-GUIDE-PROGRAM-STATUS;SRC-FOUNDER-DIRECTIVE;SRC-FRONTEND-APP-ROUTES;SRC-FRONTEND-PAGE-FORMSSIGNATURES;SRC-FRONTEND-PAGE-HEALTHDOCUMENTS;SRC-FRONTEND-PAGE-MOBILEREADINESS;SRC-FRONTEND-PAGE-PERSONALDASHBOARD;SRC-IMPLEMENTATION-ATLAS;SRC-MASTER-PRODUCT-VISION;SRC-PIA-COMPONENT-OWNERSHIP;SRC-PIA-ITEM-03-CUSTODY;SRC-PIA-ITEM-10-DISPOSITION;SRC-PIA-PORTFOLIO-TEN;SRC-PIA-REALIGNMENT-REGISTER;SRC-ROLE-PERMISSION-MATRIX;SRC-FOUNDER-REVISION-DIRECTIVE-2026-08-01
GAP-ES-FEAT-DOCUMENTS-012,ES-FEAT-DOCUMENTS-012,correction,"Documents, agreements, and electronic signatures",NO,NO_NON_PIA_GOVERNANCE_GAP,NO,NO,NO,NO,YES,YES,YES,NO,YES,P2,MEDIUM,8,74,PIA_SUPPLEMENT,GOVERNANCE,DRAFT_PIA_SUPPLEMENT,FDQ-002,Founder disposition plus source-register update plus validator pass plus implementation/test/evidence gates where applicable,SRC-BACKEND-PERMISSION-MAP;SRC-BACKEND-ROUTE-BACKLOG;SRC-BACKEND-ROUTE-DASHBOARD;SRC-BACKEND-ROUTE-DOCUMENT-SIGNATURES;SRC-BACKEND-ROUTE-PULSE;SRC-BACKEND-ROUTE-REPORTS;SRC-BACKEND-SERVER-ASSEMBLY;SRC-BACKEND-TEST-TEST-RF14-DOCUMENTS-SIGNATURES-STORAGE-CONSOLIDATION;SRC-CANON-AGREEMENT-CONSENT-AUTHORIZATION-CANON-V2.1;SRC-CANON-MEDIA-CANON-V2.1;SRC-CANON-PRIVACY-CANON-V2.0;SRC-CANON-RECORDS-CANON-V2.1;SRC-CODE-GUIDE-PROGRAM-STATUS;SRC-FOUNDER-DIRECTIVE;SRC-FRONTEND-APP-ROUTES;SRC-FRONTEND-PAGE-FORMSSIGNATURES;SRC-FRONTEND-PAGE-HEALTHDOCUMENTS;SRC-FRONTEND-PAGE-MOBILEREADINESS;SRC-FRONTEND-PAGE-PERSONALDASHBOARD;SRC-IMPLEMENTATION-ATLAS;SRC-MASTER-PRODUCT-VISION;SRC-PIA-COMPONENT-OWNERSHIP;SRC-PIA-ITEM-03-CUSTODY;SRC-PIA-ITEM-10-DISPOSITION;SRC-PIA-PORTFOLIO-TEN;SRC-PIA-REALIGNMENT-REGISTER;SRC-ROLE-PERMISSION-MATRIX;SRC-FOUNDER-REVISION-DIRECTIVE-2026-08-01
GAP-ES-FEAT-DOCUMENTS-013,ES-FEAT-DOCUMENTS-013,provider webhooks,"Documents, agreements, and electronic signatures",NO,NO_NON_PIA_GOVERNANCE_GAP,NO,NO,NO,NO,YES,YES,YES,YES,YES,P2,MEDIUM,8,74,PIA_SUPPLEMENT,GOVERNANCE,DRAFT_PIA_SUPPLEMENT,FDQ-002,Founder disposition plus source-register update plus validator pass plus implementation/test/evidence gates where applicable,SRC-BACKEND-PERMISSION-MAP;SRC-BACKEND-ROUTE-ADMIN-BILLING;SRC-BACKEND-ROUTE-ADMIN-REVIEW;SRC-BACKEND-ROUTE-BACKLOG;SRC-BACKEND-ROUTE-DOCUMENT-SIGNATURES;SRC-BACKEND-ROUTE-SERVICE-PROVIDER-CENTER;SRC-BACKEND-SERVER-ASSEMBLY;SRC-BACKEND-TEST-TEST-BUILD-NEXT-18A-PROVIDER-LIVE-PROOF;SRC-BACKEND-TEST-TEST-RF10-SERVICE-PROVIDER-CARE-PARTNER;SRC-BACKEND-TEST-TEST-RF14-DOCUMENTS-SIGNATURES-STORAGE-CONSOLIDATION;SRC-CANON-AGREEMENT-CONSENT-AUTHORIZATION-CANON-V2.1;SRC-CANON-MEDIA-CANON-V2.1;SRC-CANON-PRIVACY-CANON-V2.0;SRC-CANON-RECORDS-CANON-V2.1;SRC-CODE-GUIDE-PROGRAM-STATUS;SRC-FOUNDER-DIRECTIVE;SRC-FRONTEND-APP-ROUTES;SRC-FRONTEND-PAGE-ADMINREVIEWQUEUE;SRC-FRONTEND-PAGE-CARELEDGERTAB;SRC-FRONTEND-PAGE-FORMSSIGNATURES;SRC-FRONTEND-PAGE-PERSONALDASHBOARD;SRC-FRONTEND-PAGE-SERVICEPROVIDERDASHBOARD;SRC-IMPLEMENTATION-ATLAS;SRC-MASTER-PRODUCT-VISION;SRC-PIA-COMPONENT-OWNERSHIP;SRC-PIA-ITEM-03-CUSTODY;SRC-PIA-ITEM-10-DISPOSITION;SRC-PIA-PORTFOLIO-TEN;SRC-PIA-REALIGNMENT-REGISTER;SRC-ROLE-PERMISSION-MATRIX;SRC-FOUNDER-REVISION-DIRECTIVE-2026-08-01
GAP-ES-FEAT-DOCUMENTS-014,ES-FEAT-DOCUMENTS-014,retention,"Documents, agreements, and electronic signatures",NO,NO_NON_PIA_GOVERNANCE_GAP,NO,NO,NO,NO,YES,YES,YES,NO,YES,P2,MEDIUM,8,74,PIA_SUPPLEMENT,GOVERNANCE,DRAFT_PIA_SUPPLEMENT,FDQ-002,Founder disposition plus source-register update plus validator pass plus implementation/test/evidence gates where applicable,SRC-BACKEND-PERMISSION-MAP;SRC-BACKEND-ROUTE-BACKLOG;SRC-BACKEND-ROUTE-DASHBOARD;SRC-BACKEND-ROUTE-DOCUMENT-SIGNATURES;SRC-BACKEND-ROUTE-PULSE;SRC-BACKEND-ROUTE-REPORTS;SRC-BACKEND-SERVER-ASSEMBLY;SRC-BACKEND-TEST-TEST-RF14-DOCUMENTS-SIGNATURES-STORAGE-CONSOLIDATION;SRC-CANON-AGREEMENT-CONSENT-AUTHORIZATION-CANON-V2.1;SRC-CANON-MEDIA-CANON-V2.1;SRC-CANON-PRIVACY-CANON-V2.0;SRC-CANON-RECORDS-CANON-V2.1;SRC-CODE-GUIDE-PROGRAM-STATUS;SRC-FOUNDER-DIRECTIVE;SRC-FRONTEND-APP-ROUTES;SRC-FRONTEND-PAGE-FORMSSIGNATURES;SRC-FRONTEND-PAGE-HEALTHDOCUMENTS;SRC-FRONTEND-PAGE-MOBILEREADINESS;SRC-FRONTEND-PAGE-PERSONALDASHBOARD;SRC-IMPLEMENTATION-ATLAS;SRC-MASTER-PRODUCT-VISION;SRC-PIA-COMPONENT-OWNERSHIP;SRC-PIA-ITEM-03-CUSTODY;SRC-PIA-ITEM-10-DISPOSITION;SRC-PIA-PORTFOLIO-TEN;SRC-PIA-REALIGNMENT-REGISTER;SRC-ROLE-PERMISSION-MATRIX;SRC-FOUNDER-REVISION-DIRECTIVE-2026-08-01
GAP-ES-FEAT-DOCUMENTS-015,ES-FEAT-DOCUMENTS-015,legal hold,"Documents, agreements, and electronic signatures",NO,NO_NON_PIA_GOVERNANCE_GAP,NO,NO,NO,NO,YES,YES,YES,NO,YES,P2,MEDIUM,8,74,PIA_SUPPLEMENT,GOVERNANCE,DRAFT_PIA_SUPPLEMENT,FDQ-002,Founder disposition plus source-register update plus validator pass plus implementation/test/evidence gates where applicable,SRC-BACKEND-PERMISSION-MAP;SRC-BACKEND-ROUTE-ADMIN-BILLING;SRC-BACKEND-ROUTE-BACKLOG;SRC-BACKEND-ROUTE-DASHBOARD;SRC-BACKEND-ROUTE-DOCUMENT-SIGNATURES;SRC-BACKEND-ROUTE-PULSE;SRC-BACKEND-SERVER-ASSEMBLY;SRC-BACKEND-TEST-TEST-RF14-DOCUMENTS-SIGNATURES-STORAGE-CONSOLIDATION;SRC-CANON-AGREEMENT-CONSENT-AUTHORIZATION-CANON-V2.1;SRC-CANON-MEDIA-CANON-V2.1;SRC-CANON-PRIVACY-CANON-V2.0;SRC-CANON-RECORDS-CANON-V2.1;SRC-CODE-GUIDE-PROGRAM-STATUS;SRC-FOUNDER-DIRECTIVE;SRC-FRONTEND-APP-ROUTES;SRC-FRONTEND-PAGE-AIAUTOMATION;SRC-FRONTEND-PAGE-FORMSSIGNATURES;SRC-FRONTEND-PAGE-HEALTHDOCUMENTS;SRC-FRONTEND-PAGE-MOBILEREADINESS;SRC-FRONTEND-PAGE-PERSONALDASHBOARD;SRC-IMPLEMENTATION-ATLAS;SRC-MASTER-PRODUCT-VISION;SRC-PIA-COMPONENT-OWNERSHIP;SRC-PIA-ITEM-03-CUSTODY;SRC-PIA-ITEM-10-DISPOSITION;SRC-PIA-PORTFOLIO-TEN;SRC-PIA-REALIGNMENT-REGISTER;SRC-ROLE-PERMISSION-MATRIX;SRC-FOUNDER-REVISION-DIRECTIVE-2026-08-01
GAP-ES-FEAT-FINANCIAL-001,ES-FEAT-FINANCIAL-001,plans,Financial operations,NO,NO_NON_PIA_GOVERNANCE_GAP,NO,NO,NO,NO,YES,YES,YES,YES,YES,P2,HIGH,12,74,PIA_SUPPLEMENT,GOVERNANCE,DRAFT_PIA_SUPPLEMENT,FDQ-002,Founder disposition plus source-register update plus validator pass plus implementation/test/evidence gates where applicable,SRC-BACKEND-PERMISSION-MAP;SRC-BACKEND-ROUTE-BACKLOG;SRC-BACKEND-ROUTE-BILLING;SRC-BACKEND-ROUTE-MANAGER-INTAKE;SRC-BACKEND-ROUTE-MEMBERSHIP;SRC-BACKEND-ROUTE-ONBOARDING;SRC-BACKEND-SERVER-ASSEMBLY;SRC-BACKEND-TEST-TEST-OPERATIONS-ROUTES;SRC-BACKEND-TEST-TEST-OPERATIONS-SCOPING;SRC-BACKEND-TEST-TEST-RF12-BILLING-PAYMENTS-EXPORTS-FINANCIAL-TRUTH;SRC-CANON-AGREEMENT-CONSENT-AUTHORIZATION-CANON-V2.1;SRC-CANON-AUDIT-CANON-V2.0;SRC-CANON-BUSINESS-CANON-V2.1;SRC-CANON-FINANCIAL-TRUTH-CANON-V2.1;SRC-CODE-GUIDE-PROGRAM-STATUS;SRC-FOUNDER-DIRECTIVE;SRC-FRONTEND-APP-ROUTES;SRC-FRONTEND-PAGE-DASHBOARD;SRC-FRONTEND-PAGE-FINANCIALDASHBOARD;SRC-FRONTEND-PAGE-LANDING;SRC-FRONTEND-PAGE-ONBOARDING;SRC-FRONTEND-PAGE-TRAININGPLANS;SRC-IMPLEMENTATION-ATLAS;SRC-MASTER-PRODUCT-VISION;SRC-PIA-COMPONENT-OWNERSHIP;SRC-PIA-ITEM-09-DISPOSITION;SRC-PIA-PORTFOLIO-TEN;SRC-PIA-REALIGNMENT-REGISTER;SRC-ROLE-PERMISSION-MATRIX;SRC-FOUNDER-REVISION-DIRECTIVE-2026-08-01
GAP-ES-FEAT-FINANCIAL-002,ES-FEAT-FINANCIAL-002,subscriptions,Financial operations,NO,NO_NON_PIA_GOVERNANCE_GAP,NO,NO,NO,NO,YES,YES,YES,YES,YES,P2,HIGH,12,74,PIA_SUPPLEMENT,GOVERNANCE,DRAFT_PIA_SUPPLEMENT,FDQ-002,Founder disposition plus source-register update plus validator pass plus implementation/test/evidence gates where applicable,SRC-BACKEND-PERMISSION-MAP;SRC-BACKEND-ROUTE-ADMIN-BILLING;SRC-BACKEND-ROUTE-BACKLOG;SRC-BACKEND-ROUTE-BILLING;SRC-BACKEND-ROUTE-SUBSCRIPTIONS;SRC-BACKEND-ROUTE-SUBSCRIPTIONS-WEBHOOK-HANDLERS;SRC-BACKEND-SERVER-ASSEMBLY;SRC-BACKEND-TEST-TEST-OPERATIONS-ROUTES;SRC-BACKEND-TEST-TEST-OPERATIONS-SCOPING;SRC-BACKEND-TEST-TEST-RF12-BILLING-PAYMENTS-EXPORTS-FINANCIAL-TRUTH;SRC-BACKEND-TEST-TEST-SUBSCRIPTIONS-15A;SRC-BACKEND-TEST-TEST-SUBSCRIPTIONS-15B;SRC-BACKEND-TEST-TEST-SUBSCRIPTIONS-15G;SRC-CANON-AGREEMENT-CONSENT-AUTHORIZATION-CANON-V2.1;SRC-CANON-AUDIT-CANON-V2.0;SRC-CANON-BUSINESS-CANON-V2.1;SRC-CANON-FINANCIAL-TRUTH-CANON-V2.1;SRC-CODE-GUIDE-PROGRAM-STATUS;SRC-FOUNDER-DIRECTIVE;SRC-FRONTEND-APP-ROUTES;SRC-FRONTEND-PAGE-ADMINBILLINGDASHBOARD;SRC-FRONTEND-PAGE-DASHBOARD;SRC-FRONTEND-PAGE-FINANCIALDASHBOARD;SRC-FRONTEND-PAGE-LANDING;SRC-FRONTEND-PAGE-SUBSCRIPTIONSUCCESS;SRC-IMPLEMENTATION-ATLAS;SRC-MASTER-PRODUCT-VISION;SRC-PIA-COMPONENT-OWNERSHIP;SRC-PIA-ITEM-09-DISPOSITION;SRC-PIA-PORTFOLIO-TEN;SRC-PIA-REALIGNMENT-REGISTER;SRC-ROLE-PERMISSION-MATRIX;SRC-FOUNDER-REVISION-DIRECTIVE-2026-08-01
GAP-ES-FEAT-FINANCIAL-003,ES-FEAT-FINANCIAL-003,add-ons,Financial operations,NO,NO_NON_PIA_GOVERNANCE_GAP,NO,NO,NO,NO,YES,YES,YES,YES,YES,P2,HIGH,12,74,PIA_SUPPLEMENT,GOVERNANCE,DRAFT_PIA_SUPPLEMENT,FDQ-002,Founder disposition plus source-register update plus validator pass plus implementation/test/evidence gates where applicable,SRC-BACKEND-PERMISSION-MAP;SRC-BACKEND-ROUTE-BACKLOG;SRC-BACKEND-ROUTE-ONBOARDING;SRC-BACKEND-ROUTE-OPERATIONS;SRC-BACKEND-ROUTE-SUBSCRIPTIONS;SRC-BACKEND-ROUTE-SUBSCRIPTIONS-WEBHOOK-HANDLERS;SRC-BACKEND-SERVER-ASSEMBLY;SRC-BACKEND-TEST-TEST-BACKLOG-FOUNDATIONS;SRC-BACKEND-TEST-TEST-OPERATIONS-ROUTES;SRC-BACKEND-TEST-TEST-OPERATIONS-SCOPING;SRC-BACKEND-TEST-TEST-PERMISSIONS;SRC-BACKEND-TEST-TEST-PERMISSIONS-WIRING;SRC-BACKEND-TEST-TEST-RF13-MESSAGING-NOTIFICATIONS-DELIVERY-TRUTH;SRC-BACKEND-TEST-TEST-RF14-DOCUMENTS-SIGNATURES-STORAGE-CONSOLIDATION;SRC-BACKEND-TEST-TEST-RF6-CANONICAL-SYSTEMS-CONSOLIDATION;SRC-CANON-AGREEMENT-CONSENT-AUTHORIZATION-CANON-V2.1;SRC-CANON-AUDIT-CANON-V2.0;SRC-CANON-BUSINESS-CANON-V2.1;SRC-CANON-FINANCIAL-TRUTH-CANON-V2.1;SRC-CODE-GUIDE-PROGRAM-STATUS;SRC-FOUNDER-DIRECTIVE;SRC-FRONTEND-APP-ROUTES;SRC-FRONTEND-PAGE-BARNLOCATIONS;SRC-FRONTEND-PAGE-COMPETITIONS;SRC-FRONTEND-PAGE-INTEGRATIONS;SRC-FRONTEND-PAGE-LESSONS;SRC-FRONTEND-PAGE-MEDICATIONS;SRC-IMPLEMENTATION-ATLAS;SRC-MASTER-PRODUCT-VISION;SRC-PIA-COMPONENT-OWNERSHIP;SRC-PIA-ITEM-09-DISPOSITION;SRC-PIA-PORTFOLIO-TEN;SRC-PIA-REALIGNMENT-REGISTER;SRC-ROLE-PERMISSION-MATRIX;SRC-FOUNDER-REVISION-DIRECTIVE-2026-08-01
GAP-ES-FEAT-FINANCIAL-004,ES-FEAT-FINANCIAL-004,pricing,Financial operations,NO,NO_NON_PIA_GOVERNANCE_GAP,NO,NO,NO,NO,YES,YES,YES,YES,YES,P2,HIGH,12,74,PIA_SUPPLEMENT,GOVERNANCE,DRAFT_PIA_SUPPLEMENT,FDQ-002,Founder disposition plus source-register update plus validator pass plus implementation/test/evidence gates where applicable,SRC-BACKEND-PERMISSION-MAP;SRC-BACKEND-ROUTE-BACKLOG;SRC-BACKEND-ROUTE-BILLING;SRC-BACKEND-ROUTE-MANAGER-INTAKE;SRC-BACKEND-ROUTE-MEMBERSHIP;SRC-BACKEND-ROUTE-ONBOARDING;SRC-BACKEND-SERVER-ASSEMBLY;SRC-BACKEND-TEST-TEST-OPERATIONS-ROUTES;SRC-BACKEND-TEST-TEST-OPERATIONS-SCOPING;SRC-BACKEND-TEST-TEST-RF12-BILLING-PAYMENTS-EXPORTS-FINANCIAL-TRUTH;SRC-CANON-AGREEMENT-CONSENT-AUTHORIZATION-CANON-V2.1;SRC-CANON-AUDIT-CANON-V2.0;SRC-CANON-BUSINESS-CANON-V2.1;SRC-CANON-FINANCIAL-TRUTH-CANON-V2.1;SRC-CODE-GUIDE-PROGRAM-STATUS;SRC-FOUNDER-DIRECTIVE;SRC-FRONTEND-APP-ROUTES;SRC-FRONTEND-PAGE-DASHBOARD;SRC-FRONTEND-PAGE-FINANCIALDASHBOARD;SRC-FRONTEND-PAGE-LANDING;SRC-FRONTEND-PAGE-ONBOARDING;SRC-FRONTEND-PAGE-REPORTS;SRC-IMPLEMENTATION-ATLAS;SRC-MASTER-PRODUCT-VISION;SRC-PIA-COMPONENT-OWNERSHIP;SRC-PIA-ITEM-09-DISPOSITION;SRC-PIA-PORTFOLIO-TEN;SRC-PIA-REALIGNMENT-REGISTER;SRC-ROLE-PERMISSION-MATRIX;SRC-FOUNDER-REVISION-DIRECTIVE-2026-08-01
GAP-ES-FEAT-FINANCIAL-005,ES-FEAT-FINANCIAL-005,estimates,Financial operations,NO,NO_NON_PIA_GOVERNANCE_GAP,NO,NO,NO,NO,YES,YES,YES,YES,YES,P2,HIGH,12,74,PIA_SUPPLEMENT,GOVERNANCE,DRAFT_PIA_SUPPLEMENT,FDQ-002,Founder disposition plus source-register update plus validator pass plus implementation/test/evidence gates where applicable,SRC-BACKEND-PERMISSION-MAP;SRC-BACKEND-ROUTE-BACKLOG;SRC-BACKEND-ROUTE-BILLING;SRC-BACKEND-ROUTE-MANAGER-INTAKE;SRC-BACKEND-ROUTE-MEMBERSHIP;SRC-BACKEND-ROUTE-ONBOARDING;SRC-BACKEND-SERVER-ASSEMBLY;SRC-BACKEND-TEST-TEST-OPERATIONS-ROUTES;SRC-BACKEND-TEST-TEST-OPERATIONS-SCOPING;SRC-BACKEND-TEST-TEST-RF12-BILLING-PAYMENTS-EXPORTS-FINANCIAL-TRUTH;SRC-CANON-AGREEMENT-CONSENT-AUTHORIZATION-CANON-V2.1;SRC-CANON-AUDIT-CANON-V2.0;SRC-CANON-BUSINESS-CANON-V2.1;SRC-CANON-FINANCIAL-TRUTH-CANON-V2.1;SRC-CODE-GUIDE-PROGRAM-STATUS;SRC-FOUNDER-DIRECTIVE;SRC-FRONTEND-APP-ROUTES;SRC-FRONTEND-PAGE-DASHBOARD;SRC-FRONTEND-PAGE-FINANCIALDASHBOARD;SRC-FRONTEND-PAGE-LANDING;SRC-FRONTEND-PAGE-ONBOARDING;SRC-FRONTEND-PAGE-REPORTS;SRC-IMPLEMENTATION-ATLAS;SRC-MASTER-PRODUCT-VISION;SRC-PIA-COMPONENT-OWNERSHIP;SRC-PIA-ITEM-09-DISPOSITION;SRC-PIA-PORTFOLIO-TEN;SRC-PIA-REALIGNMENT-REGISTER;SRC-ROLE-PERMISSION-MATRIX;SRC-FOUNDER-REVISION-DIRECTIVE-2026-08-01
GAP-ES-FEAT-FINANCIAL-006,ES-FEAT-FINANCIAL-006,invoices,Financial operations,NO,NO_NON_PIA_GOVERNANCE_GAP,NO,NO,NO,NO,YES,YES,YES,YES,YES,P2,HIGH,12,74,PIA_SUPPLEMENT,GOVERNANCE,DRAFT_PIA_SUPPLEMENT,FDQ-002,Founder disposition plus source-register update plus validator pass plus implementation/test/evidence gates where applicable,SRC-BACKEND-PERMISSION-MAP;SRC-BACKEND-ROUTE-ADMIN;SRC-BACKEND-ROUTE-ADMIN-BILLING;SRC-BACKEND-ROUTE-BACKLOG;SRC-BACKEND-ROUTE-BILLING;SRC-BACKEND-ROUTE-MANAGER-INTAKE;SRC-BACKEND-SERVER-ASSEMBLY;SRC-BACKEND-TEST-TEST-OPERATIONS-ROUTES;SRC-BACKEND-TEST-TEST-OPERATIONS-SCOPING;SRC-BACKEND-TEST-TEST-RF12-BILLING-PAYMENTS-EXPORTS-FINANCIAL-TRUTH;SRC-CANON-AGREEMENT-CONSENT-AUTHORIZATION-CANON-V2.1;SRC-CANON-AUDIT-CANON-V2.0;SRC-CANON-BUSINESS-CANON-V2.1;SRC-CANON-FINANCIAL-TRUTH-CANON-V2.1;SRC-CODE-GUIDE-PROGRAM-STATUS;SRC-FOUNDER-DIRECTIVE;SRC-FRONTEND-APP-ROUTES;SRC-FRONTEND-PAGE-BILLING;SRC-FRONTEND-PAGE-DASHBOARD;SRC-FRONTEND-PAGE-FINANCIALDASHBOARD;SRC-FRONTEND-PAGE-LANDING;SRC-FRONTEND-PAGE-ONBOARDING;SRC-IMPLEMENTATION-ATLAS;SRC-MASTER-PRODUCT-VISION;SRC-PIA-COMPONENT-OWNERSHIP;SRC-PIA-ITEM-09-DISPOSITION;SRC-PIA-PORTFOLIO-TEN;SRC-PIA-REALIGNMENT-REGISTER;SRC-ROLE-PERMISSION-MATRIX;SRC-FOUNDER-REVISION-DIRECTIVE-2026-08-01
GAP-ES-FEAT-FINANCIAL-007,ES-FEAT-FINANCIAL-007,recurring charges,Financial operations,NO,NO_NON_PIA_GOVERNANCE_GAP,NO,NO,NO,NO,YES,YES,YES,YES,YES,P2,HIGH,12,74,PIA_SUPPLEMENT,GOVERNANCE,DRAFT_PIA_SUPPLEMENT,FDQ-002,Founder disposition plus source-register update plus validator pass plus implementation/test/evidence gates where applicable,SRC-BACKEND-PERMISSION-MAP;SRC-BACKEND-ROUTE-ADMIN-BILLING;SRC-BACKEND-ROUTE-BACKLOG;SRC-BACKEND-ROUTE-BILLING;SRC-BACKEND-ROUTE-ONBOARDING;SRC-BACKEND-ROUTE-RECURRING-CHARGES;SRC-BACKEND-SERVER-ASSEMBLY;SRC-BACKEND-TEST-TEST-OPERATIONS-ROUTES;SRC-BACKEND-TEST-TEST-OPERATIONS-SCOPING;SRC-BACKEND-TEST-TEST-RECURRING-CHARGES;SRC-BACKEND-TEST-TEST-RF12-BILLING-PAYMENTS-EXPORTS-FINANCIAL-TRUTH;SRC-CANON-AGREEMENT-CONSENT-AUTHORIZATION-CANON-V2.1;SRC-CANON-AUDIT-CANON-V2.0;SRC-CANON-BUSINESS-CANON-V2.1;SRC-CANON-FINANCIAL-TRUTH-CANON-V2.1;SRC-CODE-GUIDE-PROGRAM-STATUS;SRC-FOUNDER-DIRECTIVE;SRC-FRONTEND-APP-ROUTES;SRC-FRONTEND-PAGE-DASHBOARD;SRC-FRONTEND-PAGE-FINANCIALDASHBOARD;SRC-FRONTEND-PAGE-LANDING;SRC-FRONTEND-PAGE-ONBOARDING;SRC-FRONTEND-PAGE-RECURRINGBILLING;SRC-IMPLEMENTATION-ATLAS;SRC-MASTER-PRODUCT-VISION;SRC-PIA-COMPONENT-OWNERSHIP;SRC-PIA-ITEM-09-DISPOSITION;SRC-PIA-PORTFOLIO-TEN;SRC-PIA-REALIGNMENT-REGISTER;SRC-ROLE-PERMISSION-MATRIX;SRC-FOUNDER-REVISION-DIRECTIVE-2026-08-01
GAP-ES-FEAT-FINANCIAL-008,ES-FEAT-FINANCIAL-008,payments,Financial operations,NO,NO_NON_PIA_GOVERNANCE_GAP,NO,NO,NO,NO,YES,YES,YES,YES,YES,P2,HIGH,12,74,PIA_SUPPLEMENT,GOVERNANCE,DRAFT_PIA_SUPPLEMENT,FDQ-002,Founder disposition plus source-register update plus validator pass plus implementation/test/evidence gates where applicable,SRC-BACKEND-PERMISSION-MAP;SRC-BACKEND-ROUTE-BACKLOG;SRC-BACKEND-ROUTE-BILLING;SRC-BACKEND-ROUTE-MANAGER-INTAKE;SRC-BACKEND-ROUTE-MEMBERSHIP;SRC-BACKEND-ROUTE-ONBOARDING;SRC-BACKEND-SERVER-ASSEMBLY;SRC-BACKEND-TEST-TEST-OPERATIONS-ROUTES;SRC-BACKEND-TEST-TEST-OPERATIONS-SCOPING;SRC-BACKEND-TEST-TEST-RF12-BILLING-PAYMENTS-EXPORTS-FINANCIAL-TRUTH;SRC-CANON-AGREEMENT-CONSENT-AUTHORIZATION-CANON-V2.1;SRC-CANON-AUDIT-CANON-V2.0;SRC-CANON-BUSINESS-CANON-V2.1;SRC-CANON-FINANCIAL-TRUTH-CANON-V2.1;SRC-CODE-GUIDE-PROGRAM-STATUS;SRC-FOUNDER-DIRECTIVE;SRC-FRONTEND-APP-ROUTES;SRC-FRONTEND-PAGE-ADVANCEDREPORTS;SRC-FRONTEND-PAGE-DASHBOARD;SRC-FRONTEND-PAGE-FINANCIALDASHBOARD;SRC-FRONTEND-PAGE-LANDING;SRC-FRONTEND-PAGE-PAYMENTS;SRC-IMPLEMENTATION-ATLAS;SRC-MASTER-PRODUCT-VISION;SRC-PIA-COMPONENT-OWNERSHIP;SRC-PIA-ITEM-09-DISPOSITION;SRC-PIA-PORTFOLIO-TEN;SRC-PIA-REALIGNMENT-REGISTER;SRC-ROLE-PERMISSION-MATRIX;SRC-FOUNDER-REVISION-DIRECTIVE-2026-08-01
GAP-ES-FEAT-FINANCIAL-009,ES-FEAT-FINANCIAL-009,refunds,Financial operations,NO,NO_NON_PIA_GOVERNANCE_GAP,NO,NO,NO,NO,YES,YES,YES,YES,YES,P2,HIGH,12,74,PIA_SUPPLEMENT,GOVERNANCE,DRAFT_PIA_SUPPLEMENT,FDQ-002,Founder disposition plus source-register update plus validator pass plus implementation/test/evidence gates where applicable,SRC-BACKEND-PERMISSION-MAP;SRC-BACKEND-ROUTE-BACKLOG;SRC-BACKEND-ROUTE-BILLING;SRC-BACKEND-ROUTE-MANAGER-INTAKE;SRC-BACKEND-ROUTE-MEMBERSHIP;SRC-BACKEND-ROUTE-ONBOARDING;SRC-BACKEND-SERVER-ASSEMBLY;SRC-BACKEND-TEST-TEST-OPERATIONS-ROUTES;SRC-BACKEND-TEST-TEST-OPERATIONS-SCOPING;SRC-BACKEND-TEST-TEST-RF12-BILLING-PAYMENTS-EXPORTS-FINANCIAL-TRUTH;SRC-CANON-AGREEMENT-CONSENT-AUTHORIZATION-CANON-V2.1;SRC-CANON-AUDIT-CANON-V2.0;SRC-CANON-BUSINESS-CANON-V2.1;SRC-CANON-FINANCIAL-TRUTH-CANON-V2.1;SRC-CODE-GUIDE-PROGRAM-STATUS;SRC-FOUNDER-DIRECTIVE;SRC-FRONTEND-APP-ROUTES;SRC-FRONTEND-PAGE-DASHBOARD;SRC-FRONTEND-PAGE-FINANCIALDASHBOARD;SRC-FRONTEND-PAGE-LANDING;SRC-FRONTEND-PAGE-ONBOARDING;SRC-FRONTEND-PAGE-REPORTS;SRC-IMPLEMENTATION-ATLAS;SRC-MASTER-PRODUCT-VISION;SRC-PIA-COMPONENT-OWNERSHIP;SRC-PIA-ITEM-09-DISPOSITION;SRC-PIA-PORTFOLIO-TEN;SRC-PIA-REALIGNMENT-REGISTER;SRC-ROLE-PERMISSION-MATRIX;SRC-FOUNDER-REVISION-DIRECTIVE-2026-08-01
GAP-ES-FEAT-FINANCIAL-010,ES-FEAT-FINANCIAL-010,credits,Financial operations,NO,NO_NON_PIA_GOVERNANCE_GAP,NO,NO,NO,NO,YES,YES,YES,YES,YES,P2,HIGH,12,74,PIA_SUPPLEMENT,GOVERNANCE,DRAFT_PIA_SUPPLEMENT,FDQ-002,Founder disposition plus source-register update plus validator pass plus implementation/test/evidence gates where applicable,SRC-BACKEND-PERMISSION-MAP;SRC-BACKEND-ROUTE-BACKLOG;SRC-BACKEND-ROUTE-BILLING;SRC-BACKEND-ROUTE-MANAGER-INTAKE;SRC-BACKEND-ROUTE-MEMBERSHIP;SRC-BACKEND-ROUTE-ONBOARDING;SRC-BACKEND-SERVER-ASSEMBLY;SRC-BACKEND-TEST-TEST-OPERATIONS-ROUTES;SRC-BACKEND-TEST-TEST-OPERATIONS-SCOPING;SRC-BACKEND-TEST-TEST-RF12-BILLING-PAYMENTS-EXPORTS-FINANCIAL-TRUTH;SRC-CANON-AGREEMENT-CONSENT-AUTHORIZATION-CANON-V2.1;SRC-CANON-AUDIT-CANON-V2.0;SRC-CANON-BUSINESS-CANON-V2.1;SRC-CANON-FINANCIAL-TRUTH-CANON-V2.1;SRC-CODE-GUIDE-PROGRAM-STATUS;SRC-FOUNDER-DIRECTIVE;SRC-FRONTEND-APP-ROUTES;SRC-FRONTEND-PAGE-DASHBOARD;SRC-FRONTEND-PAGE-FINANCIALDASHBOARD;SRC-FRONTEND-PAGE-LANDING;SRC-FRONTEND-PAGE-ONBOARDING;SRC-FRONTEND-PAGE-REPORTS;SRC-IMPLEMENTATION-ATLAS;SRC-MASTER-PRODUCT-VISION;SRC-PIA-COMPONENT-OWNERSHIP;SRC-PIA-ITEM-09-DISPOSITION;SRC-PIA-PORTFOLIO-TEN;SRC-PIA-REALIGNMENT-REGISTER;SRC-ROLE-PERMISSION-MATRIX;SRC-FOUNDER-REVISION-DIRECTIVE-2026-08-01
GAP-ES-FEAT-FINANCIAL-011,ES-FEAT-FINANCIAL-011,disputes,Financial operations,NO,NO_NON_PIA_GOVERNANCE_GAP,NO,NO,NO,NO,YES,YES,YES,YES,YES,P2,HIGH,12,74,PIA_SUPPLEMENT,GOVERNANCE,DRAFT_PIA_SUPPLEMENT,FDQ-002,Founder disposition plus source-register update plus validator pass plus implementation/test/evidence gates where applicable,SRC-BACKEND-PERMISSION-MAP;SRC-BACKEND-ROUTE-BACKLOG;SRC-BACKEND-ROUTE-BILLING;SRC-BACKEND-ROUTE-MANAGER-INTAKE;SRC-BACKEND-ROUTE-MEMBERSHIP;SRC-BACKEND-ROUTE-ONBOARDING;SRC-BACKEND-SERVER-ASSEMBLY;SRC-BACKEND-TEST-TEST-OPERATIONS-ROUTES;SRC-BACKEND-TEST-TEST-OPERATIONS-SCOPING;SRC-BACKEND-TEST-TEST-RF12-BILLING-PAYMENTS-EXPORTS-FINANCIAL-TRUTH;SRC-CANON-AGREEMENT-CONSENT-AUTHORIZATION-CANON-V2.1;SRC-CANON-AUDIT-CANON-V2.0;SRC-CANON-BUSINESS-CANON-V2.1;SRC-CANON-FINANCIAL-TRUTH-CANON-V2.1;SRC-CODE-GUIDE-PROGRAM-STATUS;SRC-FOUNDER-DIRECTIVE;SRC-FRONTEND-APP-ROUTES;SRC-FRONTEND-PAGE-DASHBOARD;SRC-FRONTEND-PAGE-FINANCIALDASHBOARD;SRC-FRONTEND-PAGE-LANDING;SRC-FRONTEND-PAGE-ONBOARDING;SRC-FRONTEND-PAGE-REPORTS;SRC-IMPLEMENTATION-ATLAS;SRC-MASTER-PRODUCT-VISION;SRC-PIA-COMPONENT-OWNERSHIP;SRC-PIA-ITEM-09-DISPOSITION;SRC-PIA-PORTFOLIO-TEN;SRC-PIA-REALIGNMENT-REGISTER;SRC-ROLE-PERMISSION-MATRIX;SRC-FOUNDER-REVISION-DIRECTIVE-2026-08-01
GAP-ES-FEAT-FINANCIAL-012,ES-FEAT-FINANCIAL-012,failed payments,Financial operations,YES,CODE_GUIDE_GAP,YES,NO,NO,NO,YES,YES,YES,YES,YES,P2,HIGH,12,68,CODE_GUIDE,ARCHITECTURE,DRAFT_CODE_GUIDE,FDQ-006,Founder disposition plus source-register update plus validator pass plus implementation/test/evidence gates where applicable,SRC-BACKEND-PERMISSION-MAP;SRC-BACKEND-ROUTE-BACKLOG;SRC-BACKEND-ROUTE-BILLING;SRC-BACKEND-ROUTE-MANAGER-INTAKE;SRC-BACKEND-ROUTE-MEMBERSHIP;SRC-BACKEND-ROUTE-ONBOARDING;SRC-BACKEND-SERVER-ASSEMBLY;SRC-BACKEND-TEST-TEST-OPERATIONS-ROUTES;SRC-BACKEND-TEST-TEST-OPERATIONS-SCOPING;SRC-BACKEND-TEST-TEST-RF12-BILLING-PAYMENTS-EXPORTS-FINANCIAL-TRUTH;SRC-CANON-AGREEMENT-CONSENT-AUTHORIZATION-CANON-V2.1;SRC-CANON-AUDIT-CANON-V2.0;SRC-CANON-BUSINESS-CANON-V2.1;SRC-CANON-FINANCIAL-TRUTH-CANON-V2.1;SRC-CODE-GUIDE-PROGRAM-STATUS;SRC-FOUNDER-DIRECTIVE;SRC-FRONTEND-APP-ROUTES;SRC-FRONTEND-PAGE-ADVANCEDREPORTS;SRC-FRONTEND-PAGE-DASHBOARD;SRC-FRONTEND-PAGE-FINANCIALDASHBOARD;SRC-FRONTEND-PAGE-PAYMENTS;SRC-FRONTEND-PAGE-REPORTS;SRC-IMPLEMENTATION-ATLAS;SRC-MASTER-PRODUCT-VISION;SRC-PIA-COMPONENT-OWNERSHIP;SRC-PIA-ITEM-09-DISPOSITION;SRC-PIA-PORTFOLIO-TEN;SRC-PIA-REALIGNMENT-REGISTER;SRC-ROLE-PERMISSION-MATRIX;SRC-FOUNDER-REVISION-DIRECTIVE-2026-08-01
GAP-ES-FEAT-FINANCIAL-013,ES-FEAT-FINANCIAL-013,payouts,Financial operations,NO,NO_NON_PIA_GOVERNANCE_GAP,NO,NO,NO,NO,YES,YES,YES,YES,YES,P2,HIGH,9,86,IMPLEMENTATION_VERIFICATION,ENGINEERING,VERIFY_REPOSITORY_IMPLEMENTATION,FDQ-008,Founder disposition plus source-register update plus validator pass plus implementation/test/evidence gates where applicable,SRC-BACKEND-PERMISSION-MAP;SRC-BACKEND-ROUTE-BACKLOG;SRC-BACKEND-ROUTE-BILLING;SRC-BACKEND-ROUTE-MANAGER-INTAKE;SRC-BACKEND-ROUTE-MEMBERSHIP;SRC-BACKEND-ROUTE-ONBOARDING;SRC-BACKEND-SERVER-ASSEMBLY;SRC-BACKEND-TEST-TEST-OPERATIONS-ROUTES;SRC-BACKEND-TEST-TEST-OPERATIONS-SCOPING;SRC-BACKEND-TEST-TEST-RF12-BILLING-PAYMENTS-EXPORTS-FINANCIAL-TRUTH;SRC-CANON-AGREEMENT-CONSENT-AUTHORIZATION-CANON-V2.1;SRC-CANON-AUDIT-CANON-V2.0;SRC-CANON-BUSINESS-CANON-V2.1;SRC-CANON-FINANCIAL-TRUTH-CANON-V2.1;SRC-CODE-GUIDE-PROGRAM-STATUS;SRC-FOUNDER-DIRECTIVE;SRC-FRONTEND-APP-ROUTES;SRC-FRONTEND-PAGE-DASHBOARD;SRC-FRONTEND-PAGE-FINANCIALDASHBOARD;SRC-FRONTEND-PAGE-LANDING;SRC-FRONTEND-PAGE-ONBOARDING;SRC-FRONTEND-PAGE-REPORTS;SRC-IMPLEMENTATION-ATLAS;SRC-MASTER-PRODUCT-VISION;SRC-PIA-COMPONENT-OWNERSHIP;SRC-PIA-ITEM-09-DISPOSITION;SRC-PIA-PORTFOLIO-TEN;SRC-PIA-REALIGNMENT-REGISTER;SRC-ROLE-PERMISSION-MATRIX;SRC-FOUNDER-REVISION-DIRECTIVE-2026-08-01
GAP-ES-FEAT-FINANCIAL-014,ES-FEAT-FINANCIAL-014,marketplace payments,Financial operations,NO,NO_NON_PIA_GOVERNANCE_GAP,NO,NO,NO,NO,YES,YES,YES,YES,YES,P2,HIGH,9,86,IMPLEMENTATION_VERIFICATION,ENGINEERING,VERIFY_REPOSITORY_IMPLEMENTATION,FDQ-008,Founder disposition plus source-register update plus validator pass plus implementation/test/evidence gates where applicable,SRC-BACKEND-PERMISSION-MAP;SRC-BACKEND-ROUTE-ADMIN-REVIEW;SRC-BACKEND-ROUTE-AUTH;SRC-BACKEND-ROUTE-BACKLOG;SRC-BACKEND-ROUTE-BILLING;SRC-BACKEND-ROUTE-MEMBERSHIP;SRC-BACKEND-SERVER-ASSEMBLY;SRC-BACKEND-TEST-TEST-MARKETPLACE-SIGNUP;SRC-BACKEND-TEST-TEST-OPERATIONS-ROUTES;SRC-BACKEND-TEST-TEST-OPERATIONS-SCOPING;SRC-BACKEND-TEST-TEST-RF12-BILLING-PAYMENTS-EXPORTS-FINANCIAL-TRUTH;SRC-CANON-AGREEMENT-CONSENT-AUTHORIZATION-CANON-V2.1;SRC-CANON-AUDIT-CANON-V2.0;SRC-CANON-BUSINESS-CANON-V2.1;SRC-CANON-FINANCIAL-TRUTH-CANON-V2.1;SRC-CODE-GUIDE-PROGRAM-STATUS;SRC-FOUNDER-DIRECTIVE;SRC-FRONTEND-APP-ROUTES;SRC-FRONTEND-PAGE-ADVANCEDREPORTS;SRC-FRONTEND-PAGE-DASHBOARD;SRC-FRONTEND-PAGE-FINANCIALDASHBOARD;SRC-FRONTEND-PAGE-LANDING;SRC-FRONTEND-PAGE-PAYMENTS;SRC-IMPLEMENTATION-ATLAS;SRC-MASTER-PRODUCT-VISION;SRC-PIA-COMPONENT-OWNERSHIP;SRC-PIA-ITEM-09-DISPOSITION;SRC-PIA-PORTFOLIO-TEN;SRC-PIA-REALIGNMENT-REGISTER;SRC-ROLE-PERMISSION-MATRIX;SRC-FOUNDER-REVISION-DIRECTIVE-2026-08-01
GAP-ES-FEAT-FINANCIAL-015,ES-FEAT-FINANCIAL-015,taxes,Financial operations,NO,NO_NON_PIA_GOVERNANCE_GAP,NO,NO,NO,NO,YES,YES,YES,YES,YES,P2,HIGH,9,86,IMPLEMENTATION_VERIFICATION,ENGINEERING,VERIFY_REPOSITORY_IMPLEMENTATION,FDQ-008,Founder disposition plus source-register update plus validator pass plus implementation/test/evidence gates where applicable,SRC-BACKEND-PERMISSION-MAP;SRC-BACKEND-ROUTE-BACKLOG;SRC-BACKEND-ROUTE-BILLING;SRC-BACKEND-ROUTE-MANAGER-INTAKE;SRC-BACKEND-ROUTE-MEMBERSHIP;SRC-BACKEND-ROUTE-ONBOARDING;SRC-BACKEND-SERVER-ASSEMBLY;SRC-BACKEND-TEST-TEST-OPERATIONS-ROUTES;SRC-BACKEND-TEST-TEST-OPERATIONS-SCOPING;SRC-BACKEND-TEST-TEST-RF12-BILLING-PAYMENTS-EXPORTS-FINANCIAL-TRUTH;SRC-CANON-AGREEMENT-CONSENT-AUTHORIZATION-CANON-V2.1;SRC-CANON-AUDIT-CANON-V2.0;SRC-CANON-BUSINESS-CANON-V2.1;SRC-CANON-FINANCIAL-TRUTH-CANON-V2.1;SRC-CODE-GUIDE-PROGRAM-STATUS;SRC-FOUNDER-DIRECTIVE;SRC-FRONTEND-APP-ROUTES;SRC-FRONTEND-PAGE-DASHBOARD;SRC-FRONTEND-PAGE-FINANCIALDASHBOARD;SRC-FRONTEND-PAGE-LANDING;SRC-FRONTEND-PAGE-ONBOARDING;SRC-FRONTEND-PAGE-REPORTS;SRC-IMPLEMENTATION-ATLAS;SRC-MASTER-PRODUCT-VISION;SRC-PIA-COMPONENT-OWNERSHIP;SRC-PIA-ITEM-09-DISPOSITION;SRC-PIA-PORTFOLIO-TEN;SRC-PIA-REALIGNMENT-REGISTER;SRC-ROLE-PERMISSION-MATRIX;SRC-FOUNDER-REVISION-DIRECTIVE-2026-08-01
GAP-ES-FEAT-FINANCIAL-016,ES-FEAT-FINANCIAL-016,accounting export,Financial operations,NO,NO_NON_PIA_GOVERNANCE_GAP,NO,NO,NO,NO,YES,YES,YES,YES,YES,P2,HIGH,12,74,PIA_SUPPLEMENT,GOVERNANCE,DRAFT_PIA_SUPPLEMENT,FDQ-002,Founder disposition plus source-register update plus validator pass plus implementation/test/evidence gates where applicable,SRC-BACKEND-PERMISSION-MAP;SRC-BACKEND-ROUTE-BACKLOG;SRC-BACKEND-ROUTE-BILLING;SRC-BACKEND-ROUTE-MANAGER-INTAKE;SRC-BACKEND-ROUTE-MEMBERSHIP;SRC-BACKEND-ROUTE-ONBOARDING;SRC-BACKEND-SERVER-ASSEMBLY;SRC-BACKEND-TEST-TEST-OPERATIONS-ROUTES;SRC-BACKEND-TEST-TEST-OPERATIONS-SCOPING;SRC-BACKEND-TEST-TEST-RF12-BILLING-PAYMENTS-EXPORTS-FINANCIAL-TRUTH;SRC-CANON-AGREEMENT-CONSENT-AUTHORIZATION-CANON-V2.1;SRC-CANON-AUDIT-CANON-V2.0;SRC-CANON-BUSINESS-CANON-V2.1;SRC-CANON-FINANCIAL-TRUTH-CANON-V2.1;SRC-CODE-GUIDE-PROGRAM-STATUS;SRC-FOUNDER-DIRECTIVE;SRC-FRONTEND-APP-ROUTES;SRC-FRONTEND-PAGE-DASHBOARD;SRC-FRONTEND-PAGE-DASHBOARDRESOLVER;SRC-FRONTEND-PAGE-FACILITYDASHBOARD;SRC-FRONTEND-PAGE-FINANCIALDASHBOARD;SRC-FRONTEND-PAGE-REPORTS;SRC-IMPLEMENTATION-ATLAS;SRC-MASTER-PRODUCT-VISION;SRC-PIA-COMPONENT-OWNERSHIP;SRC-PIA-ITEM-09-DISPOSITION;SRC-PIA-PORTFOLIO-TEN;SRC-PIA-REALIGNMENT-REGISTER;SRC-ROLE-PERMISSION-MATRIX;SRC-FOUNDER-REVISION-DIRECTIVE-2026-08-01
GAP-ES-FEAT-FINANCIAL-017,ES-FEAT-FINANCIAL-017,financial reporting,Financial operations,NO,NO_NON_PIA_GOVERNANCE_GAP,NO,NO,NO,NO,YES,YES,NO,YES,YES,P3,HIGH,6,94,NO_NEW_ARTIFACT,ENGINEERING,VERIFY_REPOSITORY_IMPLEMENTATION,FDQ-007,Founder disposition plus source-register update plus validator pass plus implementation/test/evidence gates where applicable,SRC-BACKEND-PERMISSION-MAP;SRC-BACKEND-ROUTE-BACKLOG;SRC-BACKEND-ROUTE-BILLING;SRC-BACKEND-ROUTE-MANAGER-INTAKE;SRC-BACKEND-ROUTE-MEMBERSHIP;SRC-BACKEND-ROUTE-ONBOARDING;SRC-BACKEND-SERVER-ASSEMBLY;SRC-BACKEND-TEST-TEST-OPERATIONS-ROUTES;SRC-BACKEND-TEST-TEST-OPERATIONS-SCOPING;SRC-BACKEND-TEST-TEST-RF12-BILLING-PAYMENTS-EXPORTS-FINANCIAL-TRUTH;SRC-CANON-AGREEMENT-CONSENT-AUTHORIZATION-CANON-V2.1;SRC-CANON-AUDIT-CANON-V2.0;SRC-CANON-BUSINESS-CANON-V2.1;SRC-CANON-FINANCIAL-TRUTH-CANON-V2.1;SRC-CODE-GUIDE-PROGRAM-STATUS;SRC-FOUNDER-DIRECTIVE;SRC-FRONTEND-APP-ROUTES;SRC-FRONTEND-PAGE-DASHBOARD;SRC-FRONTEND-PAGE-FINANCIALDASHBOARD;SRC-FRONTEND-PAGE-LANDING;SRC-FRONTEND-PAGE-ONBOARDING;SRC-FRONTEND-PAGE-REPORTS;SRC-IMPLEMENTATION-ATLAS;SRC-MASTER-PRODUCT-VISION;SRC-PIA-COMPONENT-OWNERSHIP;SRC-PIA-ITEM-09-DISPOSITION;SRC-PIA-PORTFOLIO-TEN;SRC-PIA-REALIGNMENT-REGISTER;SRC-ROLE-PERMISSION-MATRIX;SRC-FOUNDER-REVISION-DIRECTIVE-2026-08-01
GAP-ES-FEAT-FINANCIAL-018,ES-FEAT-FINANCIAL-018,evidence and reconciliation,Financial operations,NO,NO_NON_PIA_GOVERNANCE_GAP,NO,NO,NO,NO,YES,YES,YES,YES,YES,P2,HIGH,12,74,PIA_SUPPLEMENT,GOVERNANCE,DRAFT_PIA_SUPPLEMENT,FDQ-002,Founder disposition plus source-register update plus validator pass plus implementation/test/evidence gates where applicable,SRC-BACKEND-PERMISSION-MAP;SRC-BACKEND-ROUTE-BACKLOG;SRC-BACKEND-ROUTE-BILLING;SRC-BACKEND-ROUTE-MANAGER-INTAKE;SRC-BACKEND-ROUTE-MEMBERSHIP;SRC-BACKEND-ROUTE-ONBOARDING;SRC-BACKEND-SERVER-ASSEMBLY;SRC-BACKEND-TEST-TEST-BUILD-NEXT-13M-ROLE-SMOKE-EVIDENCE;SRC-BACKEND-TEST-TEST-BUILD-NEXT-15C-C-TODAY-PULSE-ROLE-HOME-EVIDENCE;SRC-BACKEND-TEST-TEST-BUILD-NEXT-15D-TODAY-PULSE-UAT-EVIDENCE;SRC-BACKEND-TEST-TEST-BUILD-NEXT-17C-ROLE-JOURNEY-LAUNCH-TRUST-EVIDENCE;SRC-BACKEND-TEST-TEST-BUILD-NEXT-5D-MINOR-PARENT-EVIDENCE;SRC-BACKEND-TEST-TEST-BUILD-NEXT-7A-STAGING-UAT-EVIDENCE;SRC-BACKEND-TEST-TEST-RF19-STAGING-UAT-EVIDENCE-CAPTURE;SRC-BACKEND-TEST-TEST-TASKENGINE-RECONCILIATION-SCOPING;SRC-CANON-AGREEMENT-CONSENT-AUTHORIZATION-CANON-V2.1;SRC-CANON-AUDIT-CANON-V2.0;SRC-CANON-BUSINESS-CANON-V2.1;SRC-CANON-FINANCIAL-TRUTH-CANON-V2.1;SRC-CODE-GUIDE-PROGRAM-STATUS;SRC-FOUNDER-DIRECTIVE;SRC-FRONTEND-APP-ROUTES;SRC-FRONTEND-PAGE-DASHBOARD;SRC-FRONTEND-PAGE-FINANCIALDASHBOARD;SRC-FRONTEND-PAGE-LANDING;SRC-FRONTEND-PAGE-ONBOARDING;SRC-FRONTEND-PAGE-REPORTS;SRC-IMPLEMENTATION-ATLAS;SRC-MASTER-PRODUCT-VISION;SRC-PIA-COMPONENT-OWNERSHIP;SRC-PIA-ITEM-09-DISPOSITION;SRC-PIA-PORTFOLIO-TEN;SRC-PIA-REALIGNMENT-REGISTER;SRC-ROLE-PERMISSION-MATRIX;SRC-FOUNDER-REVISION-DIRECTIVE-2026-08-01
GAP-ES-FEAT-FINANCIAL-019,ES-FEAT-FINANCIAL-019,owner-visible projections,Financial operations,NO,NO_NON_PIA_GOVERNANCE_GAP,NO,NO,NO,NO,YES,YES,YES,YES,YES,P2,HIGH,12,74,PIA_SUPPLEMENT,GOVERNANCE,DRAFT_PIA_SUPPLEMENT,FDQ-002,Founder disposition plus source-register update plus validator pass plus implementation/test/evidence gates where applicable,SRC-BACKEND-PERMISSION-MAP;SRC-BACKEND-ROUTE-BACKLOG;SRC-BACKEND-ROUTE-BILLING;SRC-BACKEND-ROUTE-HORSE-LEDGER;SRC-BACKEND-ROUTE-MANAGER-INTAKE;SRC-BACKEND-ROUTE-MEMBERSHIP;SRC-BACKEND-SERVER-ASSEMBLY;SRC-BACKEND-TEST-TEST-OPERATIONS-ROUTES;SRC-BACKEND-TEST-TEST-OPERATIONS-SCOPING;SRC-BACKEND-TEST-TEST-RF12-BILLING-PAYMENTS-EXPORTS-FINANCIAL-TRUTH;SRC-CANON-AGREEMENT-CONSENT-AUTHORIZATION-CANON-V2.1;SRC-CANON-AUDIT-CANON-V2.0;SRC-CANON-BUSINESS-CANON-V2.1;SRC-CANON-FINANCIAL-TRUTH-CANON-V2.1;SRC-CODE-GUIDE-PROGRAM-STATUS;SRC-FOUNDER-DIRECTIVE;SRC-FRONTEND-APP-ROUTES;SRC-FRONTEND-PAGE-DASHBOARD;SRC-FRONTEND-PAGE-FINANCIALDASHBOARD;SRC-FRONTEND-PAGE-LANDING;SRC-FRONTEND-PAGE-ONBOARDING;SRC-FRONTEND-PAGE-PERSONALDASHBOARD;SRC-IMPLEMENTATION-ATLAS;SRC-MASTER-PRODUCT-VISION;SRC-PIA-COMPONENT-OWNERSHIP;SRC-PIA-ITEM-09-DISPOSITION;SRC-PIA-PORTFOLIO-TEN;SRC-PIA-REALIGNMENT-REGISTER;SRC-ROLE-PERMISSION-MATRIX;SRC-FOUNDER-REVISION-DIRECTIVE-2026-08-01
GAP-ES-FEAT-INVENTORY-001,ES-FEAT-INVENTORY-001,feed inventory,Inventory and assets,NO,NO_NON_PIA_GOVERNANCE_GAP,NO,NO,NO,NO,YES,YES,YES,NO,YES,P2,HIGH,12,74,PIA_SUPPLEMENT,GOVERNANCE,DRAFT_PIA_SUPPLEMENT,FDQ-002,Founder disposition plus source-register update plus validator pass plus implementation/test/evidence gates where applicable,SRC-BACKEND-PERMISSION-MAP;SRC-BACKEND-ROUTE-CARE;SRC-BACKEND-ROUTE-DASHBOARD;SRC-BACKEND-ROUTE-HORSE-LEDGER;SRC-BACKEND-ROUTE-MANAGER-INTAKE;SRC-BACKEND-ROUTE-ONBOARDING;SRC-BACKEND-SERVER-ASSEMBLY;SRC-BACKEND-TEST-TEST-TASK-ROUTES-INVENTORY;SRC-CANON-AUDIT-CANON-V2.0;SRC-CANON-BARN-CANON-V3.1;SRC-CANON-EQUINE-HEALTH-CANON-V1.1;SRC-CANON-RECORDS-CANON-V2.1;SRC-CODE-GUIDE-PROGRAM-STATUS;SRC-FOUNDER-DIRECTIVE;SRC-FRONTEND-APP-ROUTES;SRC-FRONTEND-PAGE-FEED;SRC-FRONTEND-PAGE-INVENTORY;SRC-FRONTEND-PAGE-ONBOARDING;SRC-FRONTEND-PAGE-ROLEINTAKE;SRC-FRONTEND-PAGE-SUPPLYINVENTORY;SRC-IMPLEMENTATION-ATLAS;SRC-MASTER-PRODUCT-VISION;SRC-PIA-COMPONENT-OWNERSHIP;SRC-PIA-PORTFOLIO-TEN;SRC-PIA-REALIGNMENT-REGISTER;SRC-ROLE-PERMISSION-MATRIX;SRC-FOUNDER-REVISION-DIRECTIVE-2026-08-01
GAP-ES-FEAT-INVENTORY-002,ES-FEAT-INVENTORY-002,medication supplies,Inventory and assets,NO,NO_NON_PIA_GOVERNANCE_GAP,NO,NO,NO,NO,YES,YES,YES,NO,YES,P2,HIGH,12,74,PIA_SUPPLEMENT,GOVERNANCE,DRAFT_PIA_SUPPLEMENT,FDQ-002,Founder disposition plus source-register update plus validator pass plus implementation/test/evidence gates where applicable,SRC-BACKEND-PERMISSION-MAP;SRC-BACKEND-ROUTE-CARE;SRC-BACKEND-ROUTE-DASHBOARD;SRC-BACKEND-ROUTE-MANAGER-INTAKE;SRC-BACKEND-ROUTE-ONBOARDING;SRC-BACKEND-ROUTE-OWNER;SRC-BACKEND-SERVER-ASSEMBLY;SRC-BACKEND-TEST-TEST-TASK-ROUTES-INVENTORY;SRC-CANON-AUDIT-CANON-V2.0;SRC-CANON-BARN-CANON-V3.1;SRC-CANON-EQUINE-HEALTH-CANON-V1.1;SRC-CANON-RECORDS-CANON-V2.1;SRC-CODE-GUIDE-PROGRAM-STATUS;SRC-FOUNDER-DIRECTIVE;SRC-FRONTEND-APP-ROUTES;SRC-FRONTEND-PAGE-HEALTHCARELOGS;SRC-FRONTEND-PAGE-HORSEPROFILE;SRC-FRONTEND-PAGE-INVENTORY;SRC-FRONTEND-PAGE-MEDICATIONS;SRC-FRONTEND-PAGE-ONBOARDING;SRC-IMPLEMENTATION-ATLAS;SRC-MASTER-PRODUCT-VISION;SRC-PIA-COMPONENT-OWNERSHIP;SRC-PIA-PORTFOLIO-TEN;SRC-PIA-REALIGNMENT-REGISTER;SRC-ROLE-PERMISSION-MATRIX;SRC-FOUNDER-REVISION-DIRECTIVE-2026-08-01
GAP-ES-FEAT-INVENTORY-003,ES-FEAT-INVENTORY-003,equipment,Inventory and assets,NO,NO_NON_PIA_GOVERNANCE_GAP,NO,NO,NO,NO,YES,YES,YES,NO,YES,P2,HIGH,12,74,PIA_SUPPLEMENT,GOVERNANCE,DRAFT_PIA_SUPPLEMENT,FDQ-002,Founder disposition plus source-register update plus validator pass plus implementation/test/evidence gates where applicable,SRC-BACKEND-PERMISSION-MAP;SRC-BACKEND-ROUTE-HORSE-LEDGER;SRC-BACKEND-ROUTE-MANAGER-INTAKE;SRC-BACKEND-ROUTE-ONBOARDING;SRC-BACKEND-SERVER-ASSEMBLY;SRC-BACKEND-TEST-TEST-TASK-ROUTES-INVENTORY;SRC-CANON-AUDIT-CANON-V2.0;SRC-CANON-BARN-CANON-V3.1;SRC-CANON-EQUINE-HEALTH-CANON-V1.1;SRC-CANON-RECORDS-CANON-V2.1;SRC-CODE-GUIDE-PROGRAM-STATUS;SRC-FOUNDER-DIRECTIVE;SRC-FRONTEND-APP-ROUTES;SRC-FRONTEND-PAGE-CARELEDGERTAB;SRC-FRONTEND-PAGE-EQUIPMENT;SRC-FRONTEND-PAGE-INVENTORY;SRC-FRONTEND-PAGE-ONBOARDING;SRC-FRONTEND-PAGE-ROLEINTAKE;SRC-IMPLEMENTATION-ATLAS;SRC-MASTER-PRODUCT-VISION;SRC-PIA-COMPONENT-OWNERSHIP;SRC-PIA-PORTFOLIO-TEN;SRC-PIA-REALIGNMENT-REGISTER;SRC-ROLE-PERMISSION-MATRIX;SRC-FOUNDER-REVISION-DIRECTIVE-2026-08-01
GAP-ES-FEAT-INVENTORY-004,ES-FEAT-INVENTORY-004,tack,Inventory and assets,NO,NO_NON_PIA_GOVERNANCE_GAP,NO,NO,NO,NO,YES,YES,YES,NO,YES,P2,HIGH,12,74,PIA_SUPPLEMENT,GOVERNANCE,DRAFT_PIA_SUPPLEMENT,FDQ-002,Founder disposition plus source-register update plus validator pass plus implementation/test/evidence gates where applicable,SRC-BACKEND-PERMISSION-MAP;SRC-BACKEND-ROUTE-MANAGER-INTAKE;SRC-BACKEND-ROUTE-ONBOARDING;SRC-BACKEND-SERVER-ASSEMBLY;SRC-BACKEND-TEST-TEST-TASK-ROUTES-INVENTORY;SRC-CANON-AUDIT-CANON-V2.0;SRC-CANON-BARN-CANON-V3.1;SRC-CANON-EQUINE-HEALTH-CANON-V1.1;SRC-CANON-RECORDS-CANON-V2.1;SRC-CODE-GUIDE-PROGRAM-STATUS;SRC-FOUNDER-DIRECTIVE;SRC-FRONTEND-APP-ROUTES;SRC-FRONTEND-PAGE-EMERGENCYCONTACTS;SRC-FRONTEND-PAGE-EQUIPMENT;SRC-FRONTEND-PAGE-INVENTORY;SRC-FRONTEND-PAGE-ONBOARDING;SRC-FRONTEND-PAGE-OWNERUPDATES;SRC-IMPLEMENTATION-ATLAS;SRC-MASTER-PRODUCT-VISION;SRC-PIA-COMPONENT-OWNERSHIP;SRC-PIA-PORTFOLIO-TEN;SRC-PIA-REALIGNMENT-REGISTER;SRC-ROLE-PERMISSION-MATRIX;SRC-FOUNDER-REVISION-DIRECTIVE-2026-08-01
GAP-ES-FEAT-INVENTORY-005,ES-FEAT-INVENTORY-005,lots,Inventory and assets,NO,NO_NON_PIA_GOVERNANCE_GAP,NO,NO,NO,NO,YES,YES,YES,NO,YES,P2,HIGH,12,74,PIA_SUPPLEMENT,GOVERNANCE,DRAFT_PIA_SUPPLEMENT,FDQ-002,Founder disposition plus source-register update plus validator pass plus implementation/test/evidence gates where applicable,SRC-BACKEND-PERMISSION-MAP;SRC-BACKEND-ROUTE-MANAGER-INTAKE;SRC-BACKEND-ROUTE-ONBOARDING;SRC-BACKEND-SERVER-ASSEMBLY;SRC-BACKEND-TEST-TEST-TASK-ROUTES-INVENTORY;SRC-CANON-AUDIT-CANON-V2.0;SRC-CANON-BARN-CANON-V3.1;SRC-CANON-EQUINE-HEALTH-CANON-V1.1;SRC-CANON-RECORDS-CANON-V2.1;SRC-CODE-GUIDE-PROGRAM-STATUS;SRC-FOUNDER-DIRECTIVE;SRC-FRONTEND-APP-ROUTES;SRC-FRONTEND-PAGE-INVENTORY;SRC-FRONTEND-PAGE-ONBOARDING;SRC-FRONTEND-PAGE-ROLEINTAKE;SRC-FRONTEND-PAGE-SUPPLYINVENTORY;SRC-IMPLEMENTATION-ATLAS;SRC-MASTER-PRODUCT-VISION;SRC-PIA-COMPONENT-OWNERSHIP;SRC-PIA-PORTFOLIO-TEN;SRC-PIA-REALIGNMENT-REGISTER;SRC-ROLE-PERMISSION-MATRIX;SRC-FOUNDER-REVISION-DIRECTIVE-2026-08-01
GAP-ES-FEAT-INVENTORY-006,ES-FEAT-INVENTORY-006,expiration,Inventory and assets,NO,NO_NON_PIA_GOVERNANCE_GAP,NO,NO,NO,NO,YES,YES,YES,NO,YES,P2,HIGH,12,74,PIA_SUPPLEMENT,GOVERNANCE,DRAFT_PIA_SUPPLEMENT,FDQ-002,Founder disposition plus source-register update plus validator pass plus implementation/test/evidence gates where applicable,SRC-BACKEND-PERMISSION-MAP;SRC-BACKEND-ROUTE-MANAGER-INTAKE;SRC-BACKEND-ROUTE-ONBOARDING;SRC-BACKEND-SERVER-ASSEMBLY;SRC-BACKEND-TEST-TEST-TASK-ROUTES-INVENTORY;SRC-CANON-AUDIT-CANON-V2.0;SRC-CANON-BARN-CANON-V3.1;SRC-CANON-EQUINE-HEALTH-CANON-V1.1;SRC-CANON-RECORDS-CANON-V2.1;SRC-CODE-GUIDE-PROGRAM-STATUS;SRC-FOUNDER-DIRECTIVE;SRC-FRONTEND-APP-ROUTES;SRC-FRONTEND-PAGE-HEALTHDOCUMENTS;SRC-FRONTEND-PAGE-INVENTORY;SRC-FRONTEND-PAGE-ONBOARDING;SRC-FRONTEND-PAGE-ROLEINTAKE;SRC-FRONTEND-PAGE-SUPPLYINVENTORY;SRC-IMPLEMENTATION-ATLAS;SRC-MASTER-PRODUCT-VISION;SRC-PIA-COMPONENT-OWNERSHIP;SRC-PIA-PORTFOLIO-TEN;SRC-PIA-REALIGNMENT-REGISTER;SRC-ROLE-PERMISSION-MATRIX;SRC-FOUNDER-REVISION-DIRECTIVE-2026-08-01
GAP-ES-FEAT-INVENTORY-007,ES-FEAT-INVENTORY-007,purchasing,Inventory and assets,NO,NO_NON_PIA_GOVERNANCE_GAP,NO,NO,NO,NO,YES,YES,YES,NO,YES,P2,HIGH,12,74,PIA_SUPPLEMENT,GOVERNANCE,DRAFT_PIA_SUPPLEMENT,FDQ-002,Founder disposition plus source-register update plus validator pass plus implementation/test/evidence gates where applicable,SRC-BACKEND-PERMISSION-MAP;SRC-BACKEND-ROUTE-MANAGER-INTAKE;SRC-BACKEND-ROUTE-ONBOARDING;SRC-BACKEND-SERVER-ASSEMBLY;SRC-BACKEND-TEST-TEST-TASK-ROUTES-INVENTORY;SRC-CANON-AUDIT-CANON-V2.0;SRC-CANON-BARN-CANON-V3.1;SRC-CANON-EQUINE-HEALTH-CANON-V1.1;SRC-CANON-RECORDS-CANON-V2.1;SRC-CODE-GUIDE-PROGRAM-STATUS;SRC-FOUNDER-DIRECTIVE;SRC-FRONTEND-APP-ROUTES;SRC-FRONTEND-PAGE-INVENTORY;SRC-FRONTEND-PAGE-ONBOARDING;SRC-FRONTEND-PAGE-ROLEINTAKE;SRC-FRONTEND-PAGE-SUPPLYINVENTORY;SRC-IMPLEMENTATION-ATLAS;SRC-MASTER-PRODUCT-VISION;SRC-PIA-COMPONENT-OWNERSHIP;SRC-PIA-PORTFOLIO-TEN;SRC-PIA-REALIGNMENT-REGISTER;SRC-ROLE-PERMISSION-MATRIX;SRC-FOUNDER-REVISION-DIRECTIVE-2026-08-01
GAP-ES-FEAT-INVENTORY-008,ES-FEAT-INVENTORY-008,receiving,Inventory and assets,NO,NO_NON_PIA_GOVERNANCE_GAP,NO,NO,NO,NO,YES,YES,YES,NO,YES,P2,HIGH,12,74,PIA_SUPPLEMENT,GOVERNANCE,DRAFT_PIA_SUPPLEMENT,FDQ-002,Founder disposition plus source-register update plus validator pass plus implementation/test/evidence gates where applicable,SRC-BACKEND-PERMISSION-MAP;SRC-BACKEND-ROUTE-MANAGER-INTAKE;SRC-BACKEND-ROUTE-ONBOARDING;SRC-BACKEND-SERVER-ASSEMBLY;SRC-BACKEND-TEST-TEST-TASK-ROUTES-INVENTORY;SRC-CANON-AUDIT-CANON-V2.0;SRC-CANON-BARN-CANON-V3.1;SRC-CANON-EQUINE-HEALTH-CANON-V1.1;SRC-CANON-RECORDS-CANON-V2.1;SRC-CODE-GUIDE-PROGRAM-STATUS;SRC-FOUNDER-DIRECTIVE;SRC-FRONTEND-APP-ROUTES;SRC-FRONTEND-PAGE-INVENTORY;SRC-FRONTEND-PAGE-ONBOARDING;SRC-FRONTEND-PAGE-ROLEINTAKE;SRC-FRONTEND-PAGE-SUPPLYINVENTORY;SRC-IMPLEMENTATION-ATLAS;SRC-MASTER-PRODUCT-VISION;SRC-PIA-COMPONENT-OWNERSHIP;SRC-PIA-PORTFOLIO-TEN;SRC-PIA-REALIGNMENT-REGISTER;SRC-ROLE-PERMISSION-MATRIX;SRC-FOUNDER-REVISION-DIRECTIVE-2026-08-01
GAP-ES-FEAT-INVENTORY-009,ES-FEAT-INVENTORY-009,usage,Inventory and assets,NO,NO_NON_PIA_GOVERNANCE_GAP,NO,NO,NO,NO,YES,YES,YES,NO,YES,P2,HIGH,12,74,PIA_SUPPLEMENT,GOVERNANCE,DRAFT_PIA_SUPPLEMENT,FDQ-002,Founder disposition plus source-register update plus validator pass plus implementation/test/evidence gates where applicable,SRC-BACKEND-PERMISSION-MAP;SRC-BACKEND-ROUTE-MANAGER-INTAKE;SRC-BACKEND-ROUTE-ONBOARDING;SRC-BACKEND-ROUTE-SUBSCRIPTIONS;SRC-BACKEND-SERVER-ASSEMBLY;SRC-BACKEND-TEST-TEST-PHASE15R-USAGE-PROMPTS;SRC-BACKEND-TEST-TEST-TASK-ROUTES-INVENTORY;SRC-CANON-AUDIT-CANON-V2.0;SRC-CANON-BARN-CANON-V3.1;SRC-CANON-EQUINE-HEALTH-CANON-V1.1;SRC-CANON-RECORDS-CANON-V2.1;SRC-CODE-GUIDE-PROGRAM-STATUS;SRC-FOUNDER-DIRECTIVE;SRC-FRONTEND-APP-ROUTES;SRC-FRONTEND-PAGE-DASHBOARD;SRC-FRONTEND-PAGE-HORSES;SRC-FRONTEND-PAGE-INVENTORY;SRC-FRONTEND-PAGE-ONBOARDING;SRC-FRONTEND-PAGE-ROLEINTAKE;SRC-IMPLEMENTATION-ATLAS;SRC-MASTER-PRODUCT-VISION;SRC-PIA-COMPONENT-OWNERSHIP;SRC-PIA-PORTFOLIO-TEN;SRC-PIA-REALIGNMENT-REGISTER;SRC-ROLE-PERMISSION-MATRIX;SRC-FOUNDER-REVISION-DIRECTIVE-2026-08-01
GAP-ES-FEAT-INVENTORY-010,ES-FEAT-INVENTORY-010,waste,Inventory and assets,NO,NO_NON_PIA_GOVERNANCE_GAP,NO,NO,NO,NO,YES,YES,YES,NO,YES,P2,HIGH,12,74,PIA_SUPPLEMENT,GOVERNANCE,DRAFT_PIA_SUPPLEMENT,FDQ-002,Founder disposition plus source-register update plus validator pass plus implementation/test/evidence gates where applicable,SRC-BACKEND-PERMISSION-MAP;SRC-BACKEND-ROUTE-MANAGER-INTAKE;SRC-BACKEND-ROUTE-ONBOARDING;SRC-BACKEND-SERVER-ASSEMBLY;SRC-BACKEND-TEST-TEST-TASK-ROUTES-INVENTORY;SRC-CANON-AUDIT-CANON-V2.0;SRC-CANON-BARN-CANON-V3.1;SRC-CANON-EQUINE-HEALTH-CANON-V1.1;SRC-CANON-RECORDS-CANON-V2.1;SRC-CODE-GUIDE-PROGRAM-STATUS;SRC-FOUNDER-DIRECTIVE;SRC-FRONTEND-APP-ROUTES;SRC-FRONTEND-PAGE-INVENTORY;SRC-FRONTEND-PAGE-ONBOARDING;SRC-FRONTEND-PAGE-ROLEINTAKE;SRC-FRONTEND-PAGE-SUPPLYINVENTORY;SRC-FRONTEND-PAGE-TODAY;SRC-IMPLEMENTATION-ATLAS;SRC-MASTER-PRODUCT-VISION;SRC-PIA-COMPONENT-OWNERSHIP;SRC-PIA-PORTFOLIO-TEN;SRC-PIA-REALIGNMENT-REGISTER;SRC-ROLE-PERMISSION-MATRIX;SRC-FOUNDER-REVISION-DIRECTIVE-2026-08-01
GAP-ES-FEAT-INVENTORY-011,ES-FEAT-INVENTORY-011,reordering,Inventory and assets,NO,NO_NON_PIA_GOVERNANCE_GAP,NO,NO,NO,NO,YES,YES,YES,NO,YES,P2,HIGH,12,74,PIA_SUPPLEMENT,GOVERNANCE,DRAFT_PIA_SUPPLEMENT,FDQ-002,Founder disposition plus source-register update plus validator pass plus implementation/test/evidence gates where applicable,SRC-BACKEND-PERMISSION-MAP;SRC-BACKEND-ROUTE-MANAGER-INTAKE;SRC-BACKEND-ROUTE-ONBOARDING;SRC-BACKEND-SERVER-ASSEMBLY;SRC-BACKEND-TEST-TEST-TASK-ROUTES-INVENTORY;SRC-CANON-AUDIT-CANON-V2.0;SRC-CANON-BARN-CANON-V3.1;SRC-CANON-EQUINE-HEALTH-CANON-V1.1;SRC-CANON-RECORDS-CANON-V2.1;SRC-CODE-GUIDE-PROGRAM-STATUS;SRC-FOUNDER-DIRECTIVE;SRC-FRONTEND-APP-ROUTES;SRC-FRONTEND-PAGE-INVENTORY;SRC-FRONTEND-PAGE-ONBOARDING;SRC-FRONTEND-PAGE-ROLEINTAKE;SRC-FRONTEND-PAGE-SUPPLYINVENTORY;SRC-IMPLEMENTATION-ATLAS;SRC-MASTER-PRODUCT-VISION;SRC-PIA-COMPONENT-OWNERSHIP;SRC-PIA-PORTFOLIO-TEN;SRC-PIA-REALIGNMENT-REGISTER;SRC-ROLE-PERMISSION-MATRIX;SRC-FOUNDER-REVISION-DIRECTIVE-2026-08-01
GAP-ES-FEAT-INVENTORY-012,ES-FEAT-INVENTORY-012,vendor records,Inventory and assets,NO,NO_NON_PIA_GOVERNANCE_GAP,NO,NO,NO,NO,YES,YES,YES,NO,YES,P2,HIGH,12,74,PIA_SUPPLEMENT,GOVERNANCE,DRAFT_PIA_SUPPLEMENT,FDQ-002,Founder disposition plus source-register update plus validator pass plus implementation/test/evidence gates where applicable,SRC-BACKEND-PERMISSION-MAP;SRC-BACKEND-ROUTE-ADMIN;SRC-BACKEND-ROUTE-AUDIT;SRC-BACKEND-ROUTE-BARN-OWNER-INTAKE;SRC-BACKEND-ROUTE-CARE;SRC-BACKEND-ROUTE-MANAGER-INTAKE;SRC-BACKEND-SERVER-ASSEMBLY;SRC-BACKEND-TEST-TEST-TASK-ROUTES-INVENTORY;SRC-CANON-AUDIT-CANON-V2.0;SRC-CANON-BARN-CANON-V3.1;SRC-CANON-EQUINE-HEALTH-CANON-V1.1;SRC-CANON-RECORDS-CANON-V2.1;SRC-CODE-GUIDE-PROGRAM-STATUS;SRC-FOUNDER-DIRECTIVE;SRC-FRONTEND-APP-ROUTES;SRC-FRONTEND-PAGE-AIAUTOMATION;SRC-FRONTEND-PAGE-EXPENSES;SRC-FRONTEND-PAGE-INVENTORY;SRC-FRONTEND-PAGE-ONBOARDING;SRC-FRONTEND-PAGE-SUPPLYINVENTORY;SRC-IMPLEMENTATION-ATLAS;SRC-MASTER-PRODUCT-VISION;SRC-PIA-COMPONENT-OWNERSHIP;SRC-PIA-PORTFOLIO-TEN;SRC-PIA-REALIGNMENT-REGISTER;SRC-ROLE-PERMISSION-MATRIX;SRC-FOUNDER-REVISION-DIRECTIVE-2026-08-01
GAP-ES-FEAT-INVENTORY-013,ES-FEAT-INVENTORY-013,AI-assisted identification,Inventory and assets,YES,CODE_GUIDE_GAP,YES,NO,NO,NO,YES,YES,YES,NO,YES,P2,HIGH,12,68,CODE_GUIDE,ARCHITECTURE,DRAFT_CODE_GUIDE,FDQ-006,Founder disposition plus source-register update plus validator pass plus implementation/test/evidence gates where applicable,SRC-BACKEND-PERMISSION-MAP;SRC-BACKEND-ROUTE-MANAGER-INTAKE;SRC-BACKEND-ROUTE-ONBOARDING;SRC-BACKEND-SERVER-ASSEMBLY;SRC-BACKEND-TEST-TEST-TASK-ROUTES-INVENTORY;SRC-CANON-AUDIT-CANON-V2.0;SRC-CANON-BARN-CANON-V3.1;SRC-CANON-EQUINE-HEALTH-CANON-V1.1;SRC-CANON-RECORDS-CANON-V2.1;SRC-CODE-GUIDE-PROGRAM-STATUS;SRC-FOUNDER-DIRECTIVE;SRC-FRONTEND-APP-ROUTES;SRC-FRONTEND-PAGE-INVENTORY;SRC-FRONTEND-PAGE-ONBOARDING;SRC-FRONTEND-PAGE-ROLEINTAKE;SRC-FRONTEND-PAGE-SUPPLYINVENTORY;SRC-IMPLEMENTATION-ATLAS;SRC-MASTER-PRODUCT-VISION;SRC-PIA-COMPONENT-OWNERSHIP;SRC-PIA-PORTFOLIO-TEN;SRC-PIA-REALIGNMENT-REGISTER;SRC-ROLE-PERMISSION-MATRIX;SRC-FOUNDER-REVISION-DIRECTIVE-2026-08-01
GAP-ES-FEAT-INCIDENT-001,ES-FEAT-INCIDENT-001,rider injury,"Incidents, emergency, welfare, and biosecurity",YES,OPERATING_STANDARD_GAP,NO,NO,YES,NO,YES,YES,YES,NO,YES,P2,CRITICAL,16,64,OPERATING_STANDARD,OPERATIONS,DRAFT_OPERATING_STANDARD,FDQ-011,Founder disposition plus source-register update plus validator pass plus implementation/test/evidence gates where applicable,SRC-BACKEND-PERMISSION-MAP;SRC-BACKEND-ROUTE-ADMIN-BILLING;SRC-BACKEND-ROUTE-CARE;SRC-BACKEND-ROUTE-GUARDIAN-INTAKE;SRC-BACKEND-ROUTE-HORSES;SRC-BACKEND-ROUTE-RIDER-PROFILE;SRC-BACKEND-SERVER-ASSEMBLY;SRC-BACKEND-TEST-TEST-BUILD-NEXT-13C-RIDER-INTAKE-SHELL;SRC-CANON-AUDIT-CANON-V2.0;SRC-CANON-BARN-CANON-V3.1;SRC-CANON-EQUINE-HEALTH-CANON-V1.1;SRC-CANON-INCIDENT-RESPONSE-CANON-V1.0;SRC-CANON-SAFEGUARDING-CANON-V1.2;SRC-CODE-GUIDE-PROGRAM-STATUS;SRC-FOUNDER-DIRECTIVE;SRC-FRONTEND-APP-ROUTES;SRC-FRONTEND-PAGE-EMERGENCYWORKFLOWS;SRC-FRONTEND-PAGE-INCIDENTS;SRC-FRONTEND-PAGE-PERSONALDASHBOARD;SRC-FRONTEND-PAGE-RIDERDASHBOARD;SRC-FRONTEND-PAGE-RIDERS;SRC-IMPLEMENTATION-ATLAS;SRC-MASTER-PRODUCT-VISION;SRC-PIA-COMPONENT-OWNERSHIP;SRC-PIA-PORTFOLIO-TEN;SRC-PIA-REALIGNMENT-REGISTER;SRC-ROLE-PERMISSION-MATRIX;SRC-FOUNDER-REVISION-DIRECTIVE-2026-08-01
GAP-ES-FEAT-INCIDENT-002,ES-FEAT-INCIDENT-002,staff injury,"Incidents, emergency, welfare, and biosecurity",YES,OPERATING_STANDARD_GAP,NO,NO,YES,NO,YES,YES,YES,NO,YES,P2,CRITICAL,16,64,OPERATING_STANDARD,OPERATIONS,DRAFT_OPERATING_STANDARD,FDQ-011,Founder disposition plus source-register update plus validator pass plus implementation/test/evidence gates where applicable,SRC-BACKEND-PERMISSION-MAP;SRC-BACKEND-ROUTE-BACKLOG;SRC-BACKEND-ROUTE-CARE;SRC-BACKEND-ROUTE-GUARDIAN-INTAKE;SRC-BACKEND-ROUTE-MANAGER-INTAKE;SRC-BACKEND-ROUTE-STAFF-INTAKE;SRC-BACKEND-SERVER-ASSEMBLY;SRC-BACKEND-TEST-TEST-BUILD-NEXT-13I-STAFF-INTAKE-SHELL;SRC-BACKEND-TEST-TEST-RF8-STAFF-WORKFORCE-MODEL;SRC-CANON-AUDIT-CANON-V2.0;SRC-CANON-BARN-CANON-V3.1;SRC-CANON-EQUINE-HEALTH-CANON-V1.1;SRC-CANON-INCIDENT-RESPONSE-CANON-V1.0;SRC-CANON-SAFEGUARDING-CANON-V1.2;SRC-CODE-GUIDE-PROGRAM-STATUS;SRC-FOUNDER-DIRECTIVE;SRC-FRONTEND-APP-ROUTES;SRC-FRONTEND-PAGE-EMERGENCYWORKFLOWS;SRC-FRONTEND-PAGE-PERSONALDASHBOARD;SRC-FRONTEND-PAGE-STAFFDASHBOARD;SRC-FRONTEND-PAGE-STAFFSCHEDULING;SRC-FRONTEND-PAGE-STAFFTASKS;SRC-IMPLEMENTATION-ATLAS;SRC-MASTER-PRODUCT-VISION;SRC-PIA-COMPONENT-OWNERSHIP;SRC-PIA-PORTFOLIO-TEN;SRC-PIA-REALIGNMENT-REGISTER;SRC-ROLE-PERMISSION-MATRIX;SRC-FOUNDER-REVISION-DIRECTIVE-2026-08-01
GAP-ES-FEAT-INCIDENT-003,ES-FEAT-INCIDENT-003,horse injury,"Incidents, emergency, welfare, and biosecurity",YES,OPERATING_STANDARD_GAP,NO,NO,YES,NO,YES,YES,YES,NO,YES,P2,CRITICAL,16,64,OPERATING_STANDARD,OPERATIONS,DRAFT_OPERATING_STANDARD,FDQ-011,Founder disposition plus source-register update plus validator pass plus implementation/test/evidence gates where applicable,SRC-BACKEND-PERMISSION-MAP;SRC-BACKEND-ROUTE-CARE;SRC-BACKEND-ROUTE-DASHBOARD;SRC-BACKEND-ROUTE-GUARDIAN-INTAKE;SRC-BACKEND-ROUTE-HORSES;SRC-BACKEND-ROUTE-MANAGER-INTAKE;SRC-BACKEND-SERVER-ASSEMBLY;SRC-CANON-AUDIT-CANON-V2.0;SRC-CANON-BARN-CANON-V3.1;SRC-CANON-EQUINE-HEALTH-CANON-V1.1;SRC-CANON-INCIDENT-RESPONSE-CANON-V1.0;SRC-CANON-SAFEGUARDING-CANON-V1.2;SRC-CODE-GUIDE-PROGRAM-STATUS;SRC-FOUNDER-DIRECTIVE;SRC-FRONTEND-APP-ROUTES;SRC-FRONTEND-PAGE-EMERGENCYCONTACTS;SRC-FRONTEND-PAGE-EMERGENCYWORKFLOWS;SRC-FRONTEND-PAGE-HEALTHCARELOGS;SRC-FRONTEND-PAGE-INCIDENTS;SRC-FRONTEND-PAGE-PERSONALDASHBOARD;SRC-IMPLEMENTATION-ATLAS;SRC-MASTER-PRODUCT-VISION;SRC-PIA-COMPONENT-OWNERSHIP;SRC-PIA-PORTFOLIO-TEN;SRC-PIA-REALIGNMENT-REGISTER;SRC-ROLE-PERMISSION-MATRIX;SRC-FOUNDER-REVISION-DIRECTIVE-2026-08-01
GAP-ES-FEAT-INCIDENT-004,ES-FEAT-INCIDENT-004,medication error,"Incidents, emergency, welfare, and biosecurity",YES,OPERATING_STANDARD_GAP,NO,NO,YES,NO,YES,YES,YES,NO,YES,P2,CRITICAL,16,64,OPERATING_STANDARD,OPERATIONS,DRAFT_OPERATING_STANDARD,FDQ-011,Founder disposition plus source-register update plus validator pass plus implementation/test/evidence gates where applicable,SRC-BACKEND-PERMISSION-MAP;SRC-BACKEND-ROUTE-CARE;SRC-BACKEND-ROUTE-DASHBOARD;SRC-BACKEND-ROUTE-GUARDIAN-INTAKE;SRC-BACKEND-ROUTE-MANAGER-INTAKE;SRC-BACKEND-ROUTE-STAFF-INTAKE;SRC-BACKEND-SERVER-ASSEMBLY;SRC-CANON-AUDIT-CANON-V2.0;SRC-CANON-BARN-CANON-V3.1;SRC-CANON-EQUINE-HEALTH-CANON-V1.1;SRC-CANON-INCIDENT-RESPONSE-CANON-V1.0;SRC-CANON-SAFEGUARDING-CANON-V1.2;SRC-CODE-GUIDE-PROGRAM-STATUS;SRC-FOUNDER-DIRECTIVE;SRC-FRONTEND-APP-ROUTES;SRC-FRONTEND-PAGE-EMERGENCYCONTACTS;SRC-FRONTEND-PAGE-EMERGENCYWORKFLOWS;SRC-FRONTEND-PAGE-MEDICATIONS;SRC-FRONTEND-PAGE-PERSONALDASHBOARD;SRC-FRONTEND-PAGE-SERVICEPROVIDERDASHBOARD;SRC-IMPLEMENTATION-ATLAS;SRC-MASTER-PRODUCT-VISION;SRC-PIA-COMPONENT-OWNERSHIP;SRC-PIA-PORTFOLIO-TEN;SRC-PIA-REALIGNMENT-REGISTER;SRC-ROLE-PERMISSION-MATRIX;SRC-FOUNDER-REVISION-DIRECTIVE-2026-08-01
GAP-ES-FEAT-INCIDENT-005,ES-FEAT-INCIDENT-005,loose horse,"Incidents, emergency, welfare, and biosecurity",YES,OPERATING_STANDARD_GAP,NO,NO,YES,NO,YES,YES,YES,NO,YES,P2,CRITICAL,16,64,OPERATING_STANDARD,OPERATIONS,DRAFT_OPERATING_STANDARD,FDQ-011,Founder disposition plus source-register update plus validator pass plus implementation/test/evidence gates where applicable,SRC-BACKEND-PERMISSION-MAP;SRC-BACKEND-ROUTE-CARE;SRC-BACKEND-ROUTE-DASHBOARD;SRC-BACKEND-ROUTE-GUARDIAN-INTAKE;SRC-BACKEND-ROUTE-HORSES;SRC-BACKEND-ROUTE-MANAGER-INTAKE;SRC-BACKEND-SERVER-ASSEMBLY;SRC-CANON-AUDIT-CANON-V2.0;SRC-CANON-BARN-CANON-V3.1;SRC-CANON-EQUINE-HEALTH-CANON-V1.1;SRC-CANON-INCIDENT-RESPONSE-CANON-V1.0;SRC-CANON-SAFEGUARDING-CANON-V1.2;SRC-CODE-GUIDE-PROGRAM-STATUS;SRC-FOUNDER-DIRECTIVE;SRC-FRONTEND-APP-ROUTES;SRC-FRONTEND-PAGE-EMERGENCYCONTACTS;SRC-FRONTEND-PAGE-EMERGENCYWORKFLOWS;SRC-FRONTEND-PAGE-INCIDENTS;SRC-FRONTEND-PAGE-PERSONALDASHBOARD;SRC-FRONTEND-PAGE-RIDERS;SRC-IMPLEMENTATION-ATLAS;SRC-MASTER-PRODUCT-VISION;SRC-PIA-COMPONENT-OWNERSHIP;SRC-PIA-PORTFOLIO-TEN;SRC-PIA-REALIGNMENT-REGISTER;SRC-ROLE-PERMISSION-MATRIX;SRC-FOUNDER-REVISION-DIRECTIVE-2026-08-01
GAP-ES-FEAT-INCIDENT-006,ES-FEAT-INCIDENT-006,fire,"Incidents, emergency, welfare, and biosecurity",YES,OPERATING_STANDARD_GAP,NO,NO,YES,NO,YES,YES,YES,NO,YES,P2,CRITICAL,16,64,OPERATING_STANDARD,OPERATIONS,DRAFT_OPERATING_STANDARD,FDQ-011,Founder disposition plus source-register update plus validator pass plus implementation/test/evidence gates where applicable,SRC-BACKEND-PERMISSION-MAP;SRC-BACKEND-ROUTE-CARE;SRC-BACKEND-ROUTE-DASHBOARD;SRC-BACKEND-ROUTE-GUARDIAN-INTAKE;SRC-BACKEND-ROUTE-HORSES;SRC-BACKEND-ROUTE-MANAGER-INTAKE;SRC-BACKEND-SERVER-ASSEMBLY;SRC-CANON-AUDIT-CANON-V2.0;SRC-CANON-BARN-CANON-V3.1;SRC-CANON-EQUINE-HEALTH-CANON-V1.1;SRC-CANON-INCIDENT-RESPONSE-CANON-V1.0;SRC-CANON-SAFEGUARDING-CANON-V1.2;SRC-CODE-GUIDE-PROGRAM-STATUS;SRC-FOUNDER-DIRECTIVE;SRC-FRONTEND-APP-ROUTES;SRC-FRONTEND-PAGE-EMERGENCYCONTACTS;SRC-FRONTEND-PAGE-EMERGENCYWORKFLOWS;SRC-FRONTEND-PAGE-INCIDENTS;SRC-FRONTEND-PAGE-PERSONALDASHBOARD;SRC-FRONTEND-PAGE-RIDERS;SRC-IMPLEMENTATION-ATLAS;SRC-MASTER-PRODUCT-VISION;SRC-PIA-COMPONENT-OWNERSHIP;SRC-PIA-PORTFOLIO-TEN;SRC-PIA-REALIGNMENT-REGISTER;SRC-ROLE-PERMISSION-MATRIX;SRC-FOUNDER-REVISION-DIRECTIVE-2026-08-01
GAP-ES-FEAT-INCIDENT-007,ES-FEAT-INCIDENT-007,weather emergency,"Incidents, emergency, welfare, and biosecurity",YES,OPERATING_STANDARD_GAP,NO,NO,YES,NO,YES,YES,YES,NO,YES,P2,CRITICAL,16,64,OPERATING_STANDARD,OPERATIONS,DRAFT_OPERATING_STANDARD,FDQ-011,Founder disposition plus source-register update plus validator pass plus implementation/test/evidence gates where applicable,SRC-BACKEND-PERMISSION-MAP;SRC-BACKEND-ROUTE-CARE;SRC-BACKEND-ROUTE-GUARDIAN-INTAKE;SRC-BACKEND-ROUTE-HORSES;SRC-BACKEND-ROUTE-MANAGER-INTAKE;SRC-BACKEND-ROUTE-RIDER-PROFILE;SRC-BACKEND-SERVER-ASSEMBLY;SRC-CANON-AUDIT-CANON-V2.0;SRC-CANON-BARN-CANON-V3.1;SRC-CANON-EQUINE-HEALTH-CANON-V1.1;SRC-CANON-INCIDENT-RESPONSE-CANON-V1.0;SRC-CANON-SAFEGUARDING-CANON-V1.2;SRC-CODE-GUIDE-PROGRAM-STATUS;SRC-FOUNDER-DIRECTIVE;SRC-FRONTEND-APP-ROUTES;SRC-FRONTEND-PAGE-BARNLOCATIONS;SRC-FRONTEND-PAGE-EMERGENCYCONTACTS;SRC-FRONTEND-PAGE-EMERGENCYWORKFLOWS;SRC-FRONTEND-PAGE-PERSONALDASHBOARD;SRC-FRONTEND-PAGE-RIDERS;SRC-IMPLEMENTATION-ATLAS;SRC-MASTER-PRODUCT-VISION;SRC-PIA-COMPONENT-OWNERSHIP;SRC-PIA-PORTFOLIO-TEN;SRC-PIA-REALIGNMENT-REGISTER;SRC-ROLE-PERMISSION-MATRIX;SRC-FOUNDER-REVISION-DIRECTIVE-2026-08-01
GAP-ES-FEAT-INCIDENT-008,ES-FEAT-INCIDENT-008,disease exposure,"Incidents, emergency, welfare, and biosecurity",YES,OPERATING_STANDARD_GAP,NO,NO,YES,NO,YES,YES,YES,NO,YES,P2,CRITICAL,16,64,OPERATING_STANDARD,OPERATIONS,DRAFT_OPERATING_STANDARD,FDQ-011,Founder disposition plus source-register update plus validator pass plus implementation/test/evidence gates where applicable,SRC-BACKEND-PERMISSION-MAP;SRC-BACKEND-ROUTE-CARE;SRC-BACKEND-ROUTE-DASHBOARD;SRC-BACKEND-ROUTE-GUARDIAN-INTAKE;SRC-BACKEND-ROUTE-HORSES;SRC-BACKEND-ROUTE-MANAGER-INTAKE;SRC-BACKEND-SERVER-ASSEMBLY;SRC-CANON-AUDIT-CANON-V2.0;SRC-CANON-BARN-CANON-V3.1;SRC-CANON-EQUINE-HEALTH-CANON-V1.1;SRC-CANON-INCIDENT-RESPONSE-CANON-V1.0;SRC-CANON-SAFEGUARDING-CANON-V1.2;SRC-CODE-GUIDE-PROGRAM-STATUS;SRC-FOUNDER-DIRECTIVE;SRC-FRONTEND-APP-ROUTES;SRC-FRONTEND-PAGE-EMERGENCYCONTACTS;SRC-FRONTEND-PAGE-EMERGENCYWORKFLOWS;SRC-FRONTEND-PAGE-INCIDENTS;SRC-FRONTEND-PAGE-PERSONALDASHBOARD;SRC-FRONTEND-PAGE-RIDERS;SRC-IMPLEMENTATION-ATLAS;SRC-MASTER-PRODUCT-VISION;SRC-PIA-COMPONENT-OWNERSHIP;SRC-PIA-PORTFOLIO-TEN;SRC-PIA-REALIGNMENT-REGISTER;SRC-ROLE-PERMISSION-MATRIX;SRC-FOUNDER-REVISION-DIRECTIVE-2026-08-01
GAP-ES-FEAT-INCIDENT-009,ES-FEAT-INCIDENT-009,quarantine,"Incidents, emergency, welfare, and biosecurity",YES,OPERATING_STANDARD_GAP,NO,NO,YES,NO,YES,YES,YES,NO,YES,P2,CRITICAL,16,64,OPERATING_STANDARD,OPERATIONS,DRAFT_OPERATING_STANDARD,FDQ-011,Founder disposition plus source-register update plus validator pass plus implementation/test/evidence gates where applicable,SRC-BACKEND-PERMISSION-MAP;SRC-BACKEND-ROUTE-CARE;SRC-BACKEND-ROUTE-DASHBOARD;SRC-BACKEND-ROUTE-GUARDIAN-INTAKE;SRC-BACKEND-ROUTE-HORSES;SRC-BACKEND-ROUTE-MANAGER-INTAKE;SRC-BACKEND-SERVER-ASSEMBLY;SRC-CANON-AUDIT-CANON-V2.0;SRC-CANON-BARN-CANON-V3.1;SRC-CANON-EQUINE-HEALTH-CANON-V1.1;SRC-CANON-INCIDENT-RESPONSE-CANON-V1.0;SRC-CANON-SAFEGUARDING-CANON-V1.2;SRC-CODE-GUIDE-PROGRAM-STATUS;SRC-FOUNDER-DIRECTIVE;SRC-FRONTEND-APP-ROUTES;SRC-FRONTEND-PAGE-EMERGENCYCONTACTS;SRC-FRONTEND-PAGE-EMERGENCYWORKFLOWS;SRC-FRONTEND-PAGE-INCIDENTS;SRC-FRONTEND-PAGE-PERSONALDASHBOARD;SRC-FRONTEND-PAGE-RIDERS;SRC-IMPLEMENTATION-ATLAS;SRC-MASTER-PRODUCT-VISION;SRC-PIA-COMPONENT-OWNERSHIP;SRC-PIA-PORTFOLIO-TEN;SRC-PIA-REALIGNMENT-REGISTER;SRC-ROLE-PERMISSION-MATRIX;SRC-FOUNDER-REVISION-DIRECTIVE-2026-08-01
GAP-ES-FEAT-INCIDENT-010,ES-FEAT-INCIDENT-010,safeguarding incident,"Incidents, emergency, welfare, and biosecurity",YES,OPERATING_STANDARD_GAP,NO,NO,YES,NO,YES,YES,YES,NO,YES,P2,CRITICAL,16,64,OPERATING_STANDARD,OPERATIONS,DRAFT_OPERATING_STANDARD,FDQ-011,Founder disposition plus source-register update plus validator pass plus implementation/test/evidence gates where applicable,SRC-BACKEND-PERMISSION-MAP;SRC-BACKEND-ROUTE-CARE;SRC-BACKEND-ROUTE-DASHBOARD;SRC-BACKEND-ROUTE-GUARDIAN-INTAKE;SRC-BACKEND-ROUTE-HORSES;SRC-BACKEND-ROUTE-OPERATIONS;SRC-BACKEND-SERVER-ASSEMBLY;SRC-BACKEND-TEST-TEST-CGP006-IWP0002-GUARDIAN-MINOR-SAFEGUARDING;SRC-CANON-AUDIT-CANON-V2.0;SRC-CANON-BARN-CANON-V3.1;SRC-CANON-EQUINE-HEALTH-CANON-V1.1;SRC-CANON-INCIDENT-RESPONSE-CANON-V1.0;SRC-CANON-SAFEGUARDING-CANON-V1.2;SRC-CODE-GUIDE-PROGRAM-STATUS;SRC-FOUNDER-DIRECTIVE;SRC-FRONTEND-APP-ROUTES;SRC-FRONTEND-PAGE-EMERGENCYCONTACTS;SRC-FRONTEND-PAGE-EMERGENCYWORKFLOWS;SRC-FRONTEND-PAGE-INCIDENTS;SRC-FRONTEND-PAGE-PERSONALDASHBOARD;SRC-FRONTEND-PAGE-RIDERS;SRC-IMPLEMENTATION-ATLAS;SRC-MASTER-PRODUCT-VISION;SRC-PIA-COMPONENT-OWNERSHIP;SRC-PIA-PORTFOLIO-TEN;SRC-PIA-REALIGNMENT-REGISTER;SRC-ROLE-PERMISSION-MATRIX;SRC-FOUNDER-REVISION-DIRECTIVE-2026-08-01
GAP-ES-FEAT-INCIDENT-011,ES-FEAT-INCIDENT-011,emergency contacts,"Incidents, emergency, welfare, and biosecurity",YES,OPERATING_STANDARD_GAP,NO,NO,YES,NO,YES,YES,YES,NO,YES,P2,CRITICAL,16,64,OPERATING_STANDARD,OPERATIONS,DRAFT_OPERATING_STANDARD,FDQ-011,Founder disposition plus source-register update plus validator pass plus implementation/test/evidence gates where applicable,SRC-BACKEND-PERMISSION-MAP;SRC-BACKEND-ROUTE-CARE;SRC-BACKEND-ROUTE-GUARDIAN-INTAKE;SRC-BACKEND-ROUTE-HORSES;SRC-BACKEND-ROUTE-MANAGER-INTAKE;SRC-BACKEND-ROUTE-RIDER-PROFILE;SRC-BACKEND-SERVER-ASSEMBLY;SRC-CANON-AUDIT-CANON-V2.0;SRC-CANON-BARN-CANON-V3.1;SRC-CANON-EQUINE-HEALTH-CANON-V1.1;SRC-CANON-INCIDENT-RESPONSE-CANON-V1.0;SRC-CANON-SAFEGUARDING-CANON-V1.2;SRC-CODE-GUIDE-PROGRAM-STATUS;SRC-FOUNDER-DIRECTIVE;SRC-FRONTEND-APP-ROUTES;SRC-FRONTEND-PAGE-EMERGENCYCONTACTS;SRC-FRONTEND-PAGE-EMERGENCYWORKFLOWS;SRC-FRONTEND-PAGE-INCIDENTS;SRC-FRONTEND-PAGE-PERSONALDASHBOARD;SRC-FRONTEND-PAGE-RIDERS;SRC-IMPLEMENTATION-ATLAS;SRC-MASTER-PRODUCT-VISION;SRC-PIA-COMPONENT-OWNERSHIP;SRC-PIA-PORTFOLIO-TEN;SRC-PIA-REALIGNMENT-REGISTER;SRC-ROLE-PERMISSION-MATRIX;SRC-FOUNDER-REVISION-DIRECTIVE-2026-08-01
GAP-ES-FEAT-INCIDENT-012,ES-FEAT-INCIDENT-012,escalation,"Incidents, emergency, welfare, and biosecurity",YES,OPERATING_STANDARD_GAP,NO,NO,YES,NO,YES,YES,YES,NO,YES,P2,CRITICAL,16,64,OPERATING_STANDARD,OPERATIONS,DRAFT_OPERATING_STANDARD,FDQ-011,Founder disposition plus source-register update plus validator pass plus implementation/test/evidence gates where applicable,SRC-BACKEND-PERMISSION-MAP;SRC-BACKEND-ROUTE-CARE;SRC-BACKEND-ROUTE-DASHBOARD;SRC-BACKEND-ROUTE-GUARDIAN-INTAKE;SRC-BACKEND-ROUTE-HORSE-LEDGER;SRC-BACKEND-ROUTE-HORSES;SRC-BACKEND-SERVER-ASSEMBLY;SRC-CANON-AUDIT-CANON-V2.0;SRC-CANON-BARN-CANON-V3.1;SRC-CANON-EQUINE-HEALTH-CANON-V1.1;SRC-CANON-INCIDENT-RESPONSE-CANON-V1.0;SRC-CANON-SAFEGUARDING-CANON-V1.2;SRC-CODE-GUIDE-PROGRAM-STATUS;SRC-FOUNDER-DIRECTIVE;SRC-FRONTEND-APP-ROUTES;SRC-FRONTEND-PAGE-EMERGENCYCONTACTS;SRC-FRONTEND-PAGE-EMERGENCYWORKFLOWS;SRC-FRONTEND-PAGE-INCIDENTS;SRC-FRONTEND-PAGE-PERSONALDASHBOARD;SRC-FRONTEND-PAGE-RIDERS;SRC-IMPLEMENTATION-ATLAS;SRC-MASTER-PRODUCT-VISION;SRC-PIA-COMPONENT-OWNERSHIP;SRC-PIA-PORTFOLIO-TEN;SRC-PIA-REALIGNMENT-REGISTER;SRC-ROLE-PERMISSION-MATRIX;SRC-FOUNDER-REVISION-DIRECTIVE-2026-08-01
GAP-ES-FEAT-INCIDENT-013,ES-FEAT-INCIDENT-013,evidence preservation,"Incidents, emergency, welfare, and biosecurity",YES,OPERATING_STANDARD_GAP,NO,NO,YES,NO,YES,YES,YES,NO,YES,P2,CRITICAL,16,64,OPERATING_STANDARD,OPERATIONS,DRAFT_OPERATING_STANDARD,FDQ-011,Founder disposition plus source-register update plus validator pass plus implementation/test/evidence gates where applicable,SRC-BACKEND-PERMISSION-MAP;SRC-BACKEND-ROUTE-CARE;SRC-BACKEND-ROUTE-DASHBOARD;SRC-BACKEND-ROUTE-GUARDIAN-INTAKE;SRC-BACKEND-ROUTE-HORSES;SRC-BACKEND-ROUTE-MANAGER-INTAKE;SRC-BACKEND-SERVER-ASSEMBLY;SRC-BACKEND-TEST-TEST-BUILD-NEXT-13M-ROLE-SMOKE-EVIDENCE;SRC-BACKEND-TEST-TEST-BUILD-NEXT-15C-C-TODAY-PULSE-ROLE-HOME-EVIDENCE;SRC-BACKEND-TEST-TEST-BUILD-NEXT-15D-TODAY-PULSE-UAT-EVIDENCE;SRC-BACKEND-TEST-TEST-BUILD-NEXT-17C-ROLE-JOURNEY-LAUNCH-TRUST-EVIDENCE;SRC-BACKEND-TEST-TEST-BUILD-NEXT-5D-MINOR-PARENT-EVIDENCE;SRC-BACKEND-TEST-TEST-BUILD-NEXT-7A-STAGING-UAT-EVIDENCE;SRC-BACKEND-TEST-TEST-RF19-STAGING-UAT-EVIDENCE-CAPTURE;SRC-CANON-AUDIT-CANON-V2.0;SRC-CANON-BARN-CANON-V3.1;SRC-CANON-EQUINE-HEALTH-CANON-V1.1;SRC-CANON-INCIDENT-RESPONSE-CANON-V1.0;SRC-CANON-SAFEGUARDING-CANON-V1.2;SRC-CODE-GUIDE-PROGRAM-STATUS;SRC-FOUNDER-DIRECTIVE;SRC-FRONTEND-APP-ROUTES;SRC-FRONTEND-PAGE-EMERGENCYCONTACTS;SRC-FRONTEND-PAGE-EMERGENCYWORKFLOWS;SRC-FRONTEND-PAGE-INCIDENTS;SRC-FRONTEND-PAGE-PERSONALDASHBOARD;SRC-FRONTEND-PAGE-RIDERS;SRC-IMPLEMENTATION-ATLAS;SRC-MASTER-PRODUCT-VISION;SRC-PIA-COMPONENT-OWNERSHIP;SRC-PIA-PORTFOLIO-TEN;SRC-PIA-REALIGNMENT-REGISTER;SRC-ROLE-PERMISSION-MATRIX;SRC-FOUNDER-REVISION-DIRECTIVE-2026-08-01
GAP-ES-FEAT-INCIDENT-014,ES-FEAT-INCIDENT-014,regulatory reporting,"Incidents, emergency, welfare, and biosecurity",YES,OPERATING_STANDARD_GAP,NO,NO,YES,NO,YES,YES,YES,NO,YES,P2,CRITICAL,16,64,OPERATING_STANDARD,OPERATIONS,DRAFT_OPERATING_STANDARD,FDQ-011,Founder disposition plus source-register update plus validator pass plus implementation/test/evidence gates where applicable,SRC-BACKEND-PERMISSION-MAP;SRC-BACKEND-ROUTE-CARE;SRC-BACKEND-ROUTE-DASHBOARD;SRC-BACKEND-ROUTE-GUARDIAN-INTAKE;SRC-BACKEND-ROUTE-HORSES;SRC-BACKEND-ROUTE-MANAGER-INTAKE;SRC-BACKEND-SERVER-ASSEMBLY;SRC-CANON-AUDIT-CANON-V2.0;SRC-CANON-BARN-CANON-V3.1;SRC-CANON-EQUINE-HEALTH-CANON-V1.1;SRC-CANON-INCIDENT-RESPONSE-CANON-V1.0;SRC-CANON-SAFEGUARDING-CANON-V1.2;SRC-CODE-GUIDE-PROGRAM-STATUS;SRC-FOUNDER-DIRECTIVE;SRC-FRONTEND-APP-ROUTES;SRC-FRONTEND-PAGE-EMERGENCYCONTACTS;SRC-FRONTEND-PAGE-EMERGENCYWORKFLOWS;SRC-FRONTEND-PAGE-INCIDENTS;SRC-FRONTEND-PAGE-PERSONALDASHBOARD;SRC-FRONTEND-PAGE-RIDERS;SRC-IMPLEMENTATION-ATLAS;SRC-MASTER-PRODUCT-VISION;SRC-PIA-COMPONENT-OWNERSHIP;SRC-PIA-PORTFOLIO-TEN;SRC-PIA-REALIGNMENT-REGISTER;SRC-ROLE-PERMISSION-MATRIX;SRC-FOUNDER-REVISION-DIRECTIVE-2026-08-01
GAP-ES-FEAT-EVENTS-001,ES-FEAT-EVENTS-001,event templates,"Shows, events, travel, and transport",NO,NO_NON_PIA_GOVERNANCE_GAP,NO,NO,NO,NO,YES,YES,YES,NO,YES,P2,HIGH,12,74,PIA_SUPPLEMENT,GOVERNANCE,DRAFT_PIA_SUPPLEMENT,FDQ-002,Founder disposition plus source-register update plus validator pass plus implementation/test/evidence gates where applicable,SRC-BACKEND-PERMISSION-MAP;SRC-BACKEND-ROUTE-ADMIN-BILLING;SRC-BACKEND-ROUTE-ANALYTICS;SRC-BACKEND-ROUTE-OWNER-UPDATES;SRC-BACKEND-ROUTE-RECURRING-CHARGES;SRC-BACKEND-ROUTE-SUBSCRIPTIONS-WEBHOOK-HANDLERS;SRC-BACKEND-SERVER-ASSEMBLY;SRC-CANON-COMMUNICATION-CANON-V2.0;SRC-CANON-HORSE-LIFECYCLE-CANON-V3.1;SRC-CANON-RELATIONSHIP-CANON-V2.0;SRC-CANON-SAFEGUARDING-CANON-V1.2;SRC-CODE-GUIDE-PROGRAM-STATUS;SRC-FOUNDER-DIRECTIVE;SRC-FRONTEND-APP-ROUTES;SRC-FRONTEND-PAGE-ACCEPTINVITE;SRC-FRONTEND-PAGE-CARELEDGERTAB;SRC-FRONTEND-PAGE-EMERGENCYWORKFLOWS;SRC-FRONTEND-PAGE-FORMSSIGNATURES;SRC-FRONTEND-PAGE-LOGIN;SRC-IMPLEMENTATION-ATLAS;SRC-MASTER-PRODUCT-VISION;SRC-PIA-COMPONENT-OWNERSHIP;SRC-PIA-PORTFOLIO-TEN;SRC-PIA-REALIGNMENT-REGISTER;SRC-ROLE-PERMISSION-MATRIX;SRC-FOUNDER-REVISION-DIRECTIVE-2026-08-01
GAP-ES-FEAT-EVENTS-002,ES-FEAT-EVENTS-002,entries,"Shows, events, travel, and transport",NO,NO_NON_PIA_GOVERNANCE_GAP,NO,NO,NO,NO,YES,YES,YES,NO,YES,P2,HIGH,12,74,PIA_SUPPLEMENT,GOVERNANCE,DRAFT_PIA_SUPPLEMENT,FDQ-002,Founder disposition plus source-register update plus validator pass plus implementation/test/evidence gates where applicable,SRC-BACKEND-PERMISSION-MAP;SRC-BACKEND-ROUTE-ADMIN-BILLING;SRC-BACKEND-ROUTE-ANALYTICS;SRC-BACKEND-ROUTE-OWNER-UPDATES;SRC-BACKEND-ROUTE-RECURRING-CHARGES;SRC-BACKEND-ROUTE-SUBSCRIPTIONS-WEBHOOK-HANDLERS;SRC-BACKEND-SERVER-ASSEMBLY;SRC-CANON-COMMUNICATION-CANON-V2.0;SRC-CANON-HORSE-LIFECYCLE-CANON-V3.1;SRC-CANON-RELATIONSHIP-CANON-V2.0;SRC-CANON-SAFEGUARDING-CANON-V1.2;SRC-CODE-GUIDE-PROGRAM-STATUS;SRC-FOUNDER-DIRECTIVE;SRC-FRONTEND-APP-ROUTES;SRC-FRONTEND-PAGE-BARNLOCATIONS;SRC-FRONTEND-PAGE-COMPETITIONS;SRC-FRONTEND-PAGE-EMERGENCYWORKFLOWS;SRC-FRONTEND-PAGE-MYWORK;SRC-FRONTEND-PAGE-OWNERPORTAL;SRC-IMPLEMENTATION-ATLAS;SRC-MASTER-PRODUCT-VISION;SRC-PIA-COMPONENT-OWNERSHIP;SRC-PIA-PORTFOLIO-TEN;SRC-PIA-REALIGNMENT-REGISTER;SRC-ROLE-PERMISSION-MATRIX;SRC-FOUNDER-REVISION-DIRECTIVE-2026-08-01
GAP-ES-FEAT-EVENTS-003,ES-FEAT-EVENTS-003,divisions and classes,"Shows, events, travel, and transport",NO,NO_NON_PIA_GOVERNANCE_GAP,NO,NO,NO,NO,YES,YES,YES,NO,YES,P2,HIGH,12,74,PIA_SUPPLEMENT,GOVERNANCE,DRAFT_PIA_SUPPLEMENT,FDQ-002,Founder disposition plus source-register update plus validator pass plus implementation/test/evidence gates where applicable,SRC-BACKEND-PERMISSION-MAP;SRC-BACKEND-ROUTE-ADMIN-BILLING;SRC-BACKEND-ROUTE-ANALYTICS;SRC-BACKEND-ROUTE-OWNER-UPDATES;SRC-BACKEND-ROUTE-RECURRING-CHARGES;SRC-BACKEND-ROUTE-SUBSCRIPTIONS-WEBHOOK-HANDLERS;SRC-BACKEND-SERVER-ASSEMBLY;SRC-CANON-COMMUNICATION-CANON-V2.0;SRC-CANON-HORSE-LIFECYCLE-CANON-V3.1;SRC-CANON-RELATIONSHIP-CANON-V2.0;SRC-CANON-SAFEGUARDING-CANON-V1.2;SRC-CODE-GUIDE-PROGRAM-STATUS;SRC-FOUNDER-DIRECTIVE;SRC-FRONTEND-APP-ROUTES;SRC-FRONTEND-PAGE-EMERGENCYWORKFLOWS;SRC-FRONTEND-PAGE-PERFORMANCEANALYTICS;SRC-IMPLEMENTATION-ATLAS;SRC-MASTER-PRODUCT-VISION;SRC-PIA-COMPONENT-OWNERSHIP;SRC-PIA-PORTFOLIO-TEN;SRC-PIA-REALIGNMENT-REGISTER;SRC-ROLE-PERMISSION-MATRIX;SRC-FOUNDER-REVISION-DIRECTIVE-2026-08-01
GAP-ES-FEAT-EVENTS-004,ES-FEAT-EVENTS-004,ride times,"Shows, events, travel, and transport",NO,NO_NON_PIA_GOVERNANCE_GAP,NO,NO,NO,NO,YES,YES,YES,NO,YES,P2,HIGH,12,74,PIA_SUPPLEMENT,GOVERNANCE,DRAFT_PIA_SUPPLEMENT,FDQ-002,Founder disposition plus source-register update plus validator pass plus implementation/test/evidence gates where applicable,SRC-BACKEND-PERMISSION-MAP;SRC-BACKEND-ROUTE-ADMIN-BILLING;SRC-BACKEND-ROUTE-CARE;SRC-BACKEND-ROUTE-RECURRING-CHARGES;SRC-BACKEND-ROUTE-RIDER-PROFILE;SRC-BACKEND-ROUTE-SUBSCRIPTIONS-WEBHOOK-HANDLERS;SRC-BACKEND-SERVER-ASSEMBLY;SRC-BACKEND-TEST-TEST-BUILD-NEXT-13C-RIDER-INTAKE-SHELL;SRC-CANON-COMMUNICATION-CANON-V2.0;SRC-CANON-HORSE-LIFECYCLE-CANON-V3.1;SRC-CANON-RELATIONSHIP-CANON-V2.0;SRC-CANON-SAFEGUARDING-CANON-V1.2;SRC-CODE-GUIDE-PROGRAM-STATUS;SRC-FOUNDER-DIRECTIVE;SRC-FRONTEND-APP-ROUTES;SRC-FRONTEND-PAGE-PERFORMANCEANALYTICS;SRC-FRONTEND-PAGE-PERSONALDASHBOARD;SRC-FRONTEND-PAGE-RIDEGPS;SRC-FRONTEND-PAGE-RIDERDASHBOARD;SRC-FRONTEND-PAGE-RIDERS;SRC-IMPLEMENTATION-ATLAS;SRC-MASTER-PRODUCT-VISION;SRC-PIA-COMPONENT-OWNERSHIP;SRC-PIA-PORTFOLIO-TEN;SRC-PIA-REALIGNMENT-REGISTER;SRC-ROLE-PERMISSION-MATRIX;SRC-FOUNDER-REVISION-DIRECTIVE-2026-08-01
GAP-ES-FEAT-EVENTS-005,ES-FEAT-EVENTS-005,group itineraries,"Shows, events, travel, and transport",NO,NO_NON_PIA_GOVERNANCE_GAP,NO,NO,NO,NO,YES,YES,YES,NO,YES,P2,HIGH,12,74,PIA_SUPPLEMENT,GOVERNANCE,DRAFT_PIA_SUPPLEMENT,FDQ-002,Founder disposition plus source-register update plus validator pass plus implementation/test/evidence gates where applicable,SRC-BACKEND-PERMISSION-MAP;SRC-BACKEND-ROUTE-ADMIN-BILLING;SRC-BACKEND-ROUTE-ANALYTICS;SRC-BACKEND-ROUTE-BACKLOG;SRC-BACKEND-ROUTE-HORSES;SRC-BACKEND-ROUTE-SUBSCRIPTIONS-WEBHOOK-HANDLERS;SRC-BACKEND-SERVER-ASSEMBLY;SRC-CANON-COMMUNICATION-CANON-V2.0;SRC-CANON-HORSE-LIFECYCLE-CANON-V3.1;SRC-CANON-RELATIONSHIP-CANON-V2.0;SRC-CANON-SAFEGUARDING-CANON-V1.2;SRC-CODE-GUIDE-PROGRAM-STATUS;SRC-FOUNDER-DIRECTIVE;SRC-FRONTEND-APP-ROUTES;SRC-FRONTEND-PAGE-ADMINBILLINGDASHBOARD;SRC-FRONTEND-PAGE-EMERGENCYWORKFLOWS;SRC-FRONTEND-PAGE-GROUPMESSAGING;SRC-FRONTEND-PAGE-HORSES;SRC-FRONTEND-PAGE-INVENTORY;SRC-IMPLEMENTATION-ATLAS;SRC-MASTER-PRODUCT-VISION;SRC-PIA-COMPONENT-OWNERSHIP;SRC-PIA-PORTFOLIO-TEN;SRC-PIA-REALIGNMENT-REGISTER;SRC-ROLE-PERMISSION-MATRIX;SRC-FOUNDER-REVISION-DIRECTIVE-2026-08-01
GAP-ES-FEAT-EVENTS-006,ES-FEAT-EVENTS-006,horse transport,"Shows, events, travel, and transport",NO,NO_NON_PIA_GOVERNANCE_GAP,NO,NO,NO,NO,YES,YES,YES,NO,YES,P2,HIGH,12,74,PIA_SUPPLEMENT,GOVERNANCE,DRAFT_PIA_SUPPLEMENT,FDQ-002,Founder disposition plus source-register update plus validator pass plus implementation/test/evidence gates where applicable,SRC-BACKEND-PERMISSION-MAP;SRC-BACKEND-ROUTE-ADMIN-BILLING;SRC-BACKEND-ROUTE-ANALYTICS;SRC-BACKEND-ROUTE-OWNER-UPDATES;SRC-BACKEND-ROUTE-RECURRING-CHARGES;SRC-BACKEND-ROUTE-SUBSCRIPTIONS-WEBHOOK-HANDLERS;SRC-BACKEND-SERVER-ASSEMBLY;SRC-CANON-COMMUNICATION-CANON-V2.0;SRC-CANON-HORSE-LIFECYCLE-CANON-V3.1;SRC-CANON-RELATIONSHIP-CANON-V2.0;SRC-CANON-SAFEGUARDING-CANON-V1.2;SRC-CODE-GUIDE-PROGRAM-STATUS;SRC-FOUNDER-DIRECTIVE;SRC-FRONTEND-APP-ROUTES;SRC-FRONTEND-PAGE-EMERGENCYWORKFLOWS;SRC-FRONTEND-PAGE-PERFORMANCEANALYTICS;SRC-IMPLEMENTATION-ATLAS;SRC-MASTER-PRODUCT-VISION;SRC-PIA-COMPONENT-OWNERSHIP;SRC-PIA-PORTFOLIO-TEN;SRC-PIA-REALIGNMENT-REGISTER;SRC-ROLE-PERMISSION-MATRIX;SRC-FOUNDER-REVISION-DIRECTIVE-2026-08-01
GAP-ES-FEAT-EVENTS-007,ES-FEAT-EVENTS-007,rider transport,"Shows, events, travel, and transport",NO,NO_NON_PIA_GOVERNANCE_GAP,NO,NO,NO,NO,YES,YES,YES,NO,YES,P2,HIGH,12,74,PIA_SUPPLEMENT,GOVERNANCE,DRAFT_PIA_SUPPLEMENT,FDQ-002,Founder disposition plus source-register update plus validator pass plus implementation/test/evidence gates where applicable,SRC-BACKEND-PERMISSION-MAP;SRC-BACKEND-ROUTE-ADMIN-BILLING;SRC-BACKEND-ROUTE-ANALYTICS;SRC-BACKEND-ROUTE-AUTH;SRC-BACKEND-ROUTE-RECURRING-CHARGES;SRC-BACKEND-ROUTE-RIDER-PROFILE;SRC-BACKEND-SERVER-ASSEMBLY;SRC-BACKEND-TEST-TEST-BUILD-NEXT-13C-RIDER-INTAKE-SHELL;SRC-CANON-COMMUNICATION-CANON-V2.0;SRC-CANON-HORSE-LIFECYCLE-CANON-V3.1;SRC-CANON-RELATIONSHIP-CANON-V2.0;SRC-CANON-SAFEGUARDING-CANON-V1.2;SRC-CODE-GUIDE-PROGRAM-STATUS;SRC-FOUNDER-DIRECTIVE;SRC-FRONTEND-APP-ROUTES;SRC-FRONTEND-PAGE-EMERGENCYWORKFLOWS;SRC-FRONTEND-PAGE-PERFORMANCEANALYTICS;SRC-FRONTEND-PAGE-PERSONALDASHBOARD;SRC-FRONTEND-PAGE-RIDERDASHBOARD;SRC-FRONTEND-PAGE-RIDERS;SRC-IMPLEMENTATION-ATLAS;SRC-MASTER-PRODUCT-VISION;SRC-PIA-COMPONENT-OWNERSHIP;SRC-PIA-PORTFOLIO-TEN;SRC-PIA-REALIGNMENT-REGISTER;SRC-ROLE-PERMISSION-MATRIX;SRC-FOUNDER-REVISION-DIRECTIVE-2026-08-01
GAP-ES-FEAT-EVENTS-008,ES-FEAT-EVENTS-008,minor travel,"Shows, events, travel, and transport",NO,NO_NON_PIA_GOVERNANCE_GAP,NO,NO,NO,NO,YES,YES,YES,NO,YES,P2,HIGH,12,74,PIA_SUPPLEMENT,GOVERNANCE,DRAFT_PIA_SUPPLEMENT,FDQ-002,Founder disposition plus source-register update plus validator pass plus implementation/test/evidence gates where applicable,SRC-BACKEND-PERMISSION-MAP;SRC-BACKEND-ROUTE-ADMIN-BILLING;SRC-BACKEND-ROUTE-ANALYTICS;SRC-BACKEND-ROUTE-BILLING;SRC-BACKEND-ROUTE-CARE;SRC-BACKEND-ROUTE-RECURRING-CHARGES;SRC-BACKEND-SERVER-ASSEMBLY;SRC-BACKEND-TEST-TEST-BUILD-NEXT-13D-GUARDIAN-MINOR-INTAKE;SRC-BACKEND-TEST-TEST-BUILD-NEXT-5A-MINOR-SAFETY-RULES;SRC-BACKEND-TEST-TEST-BUILD-NEXT-5C-MINOR-COMMUNICATION-GUARD;SRC-BACKEND-TEST-TEST-BUILD-NEXT-5D-MINOR-PARENT-EVIDENCE;SRC-BACKEND-TEST-TEST-CGP006-IWP0002-GUARDIAN-MINOR-SAFEGUARDING;SRC-CANON-COMMUNICATION-CANON-V2.0;SRC-CANON-HORSE-LIFECYCLE-CANON-V3.1;SRC-CANON-RELATIONSHIP-CANON-V2.0;SRC-CANON-SAFEGUARDING-CANON-V1.2;SRC-CODE-GUIDE-PROGRAM-STATUS;SRC-FOUNDER-DIRECTIVE;SRC-FRONTEND-APP-ROUTES;SRC-FRONTEND-PAGE-EMERGENCYWORKFLOWS;SRC-FRONTEND-PAGE-FORMSSIGNATURES;SRC-FRONTEND-PAGE-PERFORMANCEANALYTICS;SRC-FRONTEND-PAGE-PERSONALDASHBOARD;SRC-IMPLEMENTATION-ATLAS;SRC-MASTER-PRODUCT-VISION;SRC-PIA-COMPONENT-OWNERSHIP;SRC-PIA-PORTFOLIO-TEN;SRC-PIA-REALIGNMENT-REGISTER;SRC-ROLE-PERMISSION-MATRIX;SRC-FOUNDER-REVISION-DIRECTIVE-2026-08-01
GAP-ES-FEAT-EVENTS-009,ES-FEAT-EVENTS-009,lodging,"Shows, events, travel, and transport",NO,NO_NON_PIA_GOVERNANCE_GAP,NO,NO,NO,NO,YES,YES,YES,NO,YES,P2,HIGH,12,74,PIA_SUPPLEMENT,GOVERNANCE,DRAFT_PIA_SUPPLEMENT,FDQ-002,Founder disposition plus source-register update plus validator pass plus implementation/test/evidence gates where applicable,SRC-BACKEND-PERMISSION-MAP;SRC-BACKEND-ROUTE-ADMIN-BILLING;SRC-BACKEND-ROUTE-ANALYTICS;SRC-BACKEND-ROUTE-OWNER-UPDATES;SRC-BACKEND-ROUTE-RECURRING-CHARGES;SRC-BACKEND-ROUTE-SUBSCRIPTIONS-WEBHOOK-HANDLERS;SRC-BACKEND-SERVER-ASSEMBLY;SRC-CANON-COMMUNICATION-CANON-V2.0;SRC-CANON-HORSE-LIFECYCLE-CANON-V3.1;SRC-CANON-RELATIONSHIP-CANON-V2.0;SRC-CANON-SAFEGUARDING-CANON-V1.2;SRC-CODE-GUIDE-PROGRAM-STATUS;SRC-FOUNDER-DIRECTIVE;SRC-FRONTEND-APP-ROUTES;SRC-FRONTEND-PAGE-EMERGENCYWORKFLOWS;SRC-FRONTEND-PAGE-PERFORMANCEANALYTICS;SRC-IMPLEMENTATION-ATLAS;SRC-MASTER-PRODUCT-VISION;SRC-PIA-COMPONENT-OWNERSHIP;SRC-PIA-PORTFOLIO-TEN;SRC-PIA-REALIGNMENT-REGISTER;SRC-ROLE-PERMISSION-MATRIX;SRC-FOUNDER-REVISION-DIRECTIVE-2026-08-01
GAP-ES-FEAT-EVENTS-010,ES-FEAT-EVENTS-010,guardian approval,"Shows, events, travel, and transport",NO,NO_NON_PIA_GOVERNANCE_GAP,NO,NO,NO,NO,YES,YES,YES,NO,YES,P2,HIGH,12,74,PIA_SUPPLEMENT,GOVERNANCE,DRAFT_PIA_SUPPLEMENT,FDQ-002,Founder disposition plus source-register update plus validator pass plus implementation/test/evidence gates where applicable,SRC-BACKEND-PERMISSION-MAP;SRC-BACKEND-ROUTE-ADMIN-BILLING;SRC-BACKEND-ROUTE-GUARDIAN-INTAKE;SRC-BACKEND-ROUTE-OWNER-UPDATES;SRC-BACKEND-ROUTE-RECURRING-CHARGES;SRC-BACKEND-ROUTE-STUDENT-GUARDIANS;SRC-BACKEND-SERVER-ASSEMBLY;SRC-BACKEND-TEST-TEST-BUILD-NEXT-13D-GUARDIAN-MINOR-INTAKE;SRC-BACKEND-TEST-TEST-BUILD-NEXT-5B-GUARDIAN-STUDENT-INVITES;SRC-BACKEND-TEST-TEST-CGP006-IWP0002-GUARDIAN-MINOR-SAFEGUARDING;SRC-CANON-COMMUNICATION-CANON-V2.0;SRC-CANON-HORSE-LIFECYCLE-CANON-V3.1;SRC-CANON-RELATIONSHIP-CANON-V2.0;SRC-CANON-SAFEGUARDING-CANON-V1.2;SRC-CODE-GUIDE-PROGRAM-STATUS;SRC-FOUNDER-DIRECTIVE;SRC-FRONTEND-APP-ROUTES;SRC-FRONTEND-PAGE-EMERGENCYWORKFLOWS;SRC-FRONTEND-PAGE-GUARDIANDASHBOARD;SRC-FRONTEND-PAGE-PERFORMANCEANALYTICS;SRC-FRONTEND-PAGE-PERSONALDASHBOARD;SRC-IMPLEMENTATION-ATLAS;SRC-MASTER-PRODUCT-VISION;SRC-PIA-COMPONENT-OWNERSHIP;SRC-PIA-PORTFOLIO-TEN;SRC-PIA-REALIGNMENT-REGISTER;SRC-ROLE-PERMISSION-MATRIX;SRC-FOUNDER-REVISION-DIRECTIVE-2026-08-01
GAP-ES-FEAT-EVENTS-011,ES-FEAT-EVENTS-011,location sharing,"Shows, events, travel, and transport",NO,NO_NON_PIA_GOVERNANCE_GAP,NO,NO,NO,NO,YES,YES,YES,NO,YES,P2,HIGH,12,74,PIA_SUPPLEMENT,GOVERNANCE,DRAFT_PIA_SUPPLEMENT,FDQ-002,Founder disposition plus source-register update plus validator pass plus implementation/test/evidence gates where applicable,SRC-BACKEND-PERMISSION-MAP;SRC-BACKEND-ROUTE-ADMIN-BILLING;SRC-BACKEND-ROUTE-ANALYTICS;SRC-BACKEND-ROUTE-BACKLOG;SRC-BACKEND-ROUTE-MEMBERSHIP;SRC-BACKEND-ROUTE-ONBOARDING;SRC-BACKEND-SERVER-ASSEMBLY;SRC-BACKEND-TEST-TEST-RF11-PROPERTY-LOCATION-MAP-COMMUNITY-HELP;SRC-CANON-COMMUNICATION-CANON-V2.0;SRC-CANON-HORSE-LIFECYCLE-CANON-V3.1;SRC-CANON-RELATIONSHIP-CANON-V2.0;SRC-CANON-SAFEGUARDING-CANON-V1.2;SRC-CODE-GUIDE-PROGRAM-STATUS;SRC-FOUNDER-DIRECTIVE;SRC-FRONTEND-APP-ROUTES;SRC-FRONTEND-PAGE-BARNLOCATIONS;SRC-FRONTEND-PAGE-EMERGENCYWORKFLOWS;SRC-FRONTEND-PAGE-EQUIPMENT;SRC-FRONTEND-PAGE-HORSES;SRC-FRONTEND-PAGE-MOBILEREADINESS;SRC-IMPLEMENTATION-ATLAS;SRC-MASTER-PRODUCT-VISION;SRC-PIA-COMPONENT-OWNERSHIP;SRC-PIA-PORTFOLIO-TEN;SRC-PIA-REALIGNMENT-REGISTER;SRC-ROLE-PERMISSION-MATRIX;SRC-FOUNDER-REVISION-DIRECTIVE-2026-08-01
GAP-ES-FEAT-EVENTS-012,ES-FEAT-EVENTS-012,veterinary documentation,"Shows, events, travel, and transport",NO,NO_NON_PIA_GOVERNANCE_GAP,NO,NO,NO,NO,YES,YES,YES,NO,YES,P2,HIGH,12,74,PIA_SUPPLEMENT,GOVERNANCE,DRAFT_PIA_SUPPLEMENT,FDQ-002,Founder disposition plus source-register update plus validator pass plus implementation/test/evidence gates where applicable,SRC-BACKEND-PERMISSION-MAP;SRC-BACKEND-ROUTE-ADMIN-BILLING;SRC-BACKEND-ROUTE-ANALYTICS;SRC-BACKEND-ROUTE-OWNER-UPDATES;SRC-BACKEND-ROUTE-RECURRING-CHARGES;SRC-BACKEND-ROUTE-SUBSCRIPTIONS-WEBHOOK-HANDLERS;SRC-BACKEND-SERVER-ASSEMBLY;SRC-CANON-COMMUNICATION-CANON-V2.0;SRC-CANON-HORSE-LIFECYCLE-CANON-V3.1;SRC-CANON-RELATIONSHIP-CANON-V2.0;SRC-CANON-SAFEGUARDING-CANON-V1.2;SRC-CODE-GUIDE-PROGRAM-STATUS;SRC-FOUNDER-DIRECTIVE;SRC-FRONTEND-APP-ROUTES;SRC-FRONTEND-PAGE-EMERGENCYWORKFLOWS;SRC-FRONTEND-PAGE-PERFORMANCEANALYTICS;SRC-IMPLEMENTATION-ATLAS;SRC-MASTER-PRODUCT-VISION;SRC-PIA-COMPONENT-OWNERSHIP;SRC-PIA-PORTFOLIO-TEN;SRC-PIA-REALIGNMENT-REGISTER;SRC-ROLE-PERMISSION-MATRIX;SRC-FOUNDER-REVISION-DIRECTIVE-2026-08-01
GAP-ES-FEAT-EVENTS-013,ES-FEAT-EVENTS-013,schedule changes,"Shows, events, travel, and transport",NO,NO_NON_PIA_GOVERNANCE_GAP,NO,NO,NO,NO,YES,YES,YES,NO,YES,P2,HIGH,12,74,PIA_SUPPLEMENT,GOVERNANCE,DRAFT_PIA_SUPPLEMENT,FDQ-002,Founder disposition plus source-register update plus validator pass plus implementation/test/evidence gates where applicable,SRC-BACKEND-PERMISSION-MAP;SRC-BACKEND-ROUTE-ADMIN-BILLING;SRC-BACKEND-ROUTE-OWNER;SRC-BACKEND-ROUTE-OWNER-UPDATES;SRC-BACKEND-ROUTE-RECURRING-CHARGES;SRC-BACKEND-ROUTE-STAFF-INTAKE;SRC-BACKEND-SERVER-ASSEMBLY;SRC-CANON-COMMUNICATION-CANON-V2.0;SRC-CANON-HORSE-LIFECYCLE-CANON-V3.1;SRC-CANON-RELATIONSHIP-CANON-V2.0;SRC-CANON-SAFEGUARDING-CANON-V1.2;SRC-CODE-GUIDE-PROGRAM-STATUS;SRC-FOUNDER-DIRECTIVE;SRC-FRONTEND-APP-ROUTES;SRC-FRONTEND-PAGE-AIAUTOMATION;SRC-FRONTEND-PAGE-ARENASCHEDULE;SRC-FRONTEND-PAGE-EMERGENCYWORKFLOWS;SRC-FRONTEND-PAGE-PASTURESCHEDULE;SRC-FRONTEND-PAGE-PERSONALDASHBOARD;SRC-IMPLEMENTATION-ATLAS;SRC-MASTER-PRODUCT-VISION;SRC-PIA-COMPONENT-OWNERSHIP;SRC-PIA-PORTFOLIO-TEN;SRC-PIA-REALIGNMENT-REGISTER;SRC-ROLE-PERMISSION-MATRIX;SRC-FOUNDER-REVISION-DIRECTIVE-2026-08-01
GAP-ES-FEAT-EVENTS-014,ES-FEAT-EVENTS-014,cancellation,"Shows, events, travel, and transport",NO,NO_NON_PIA_GOVERNANCE_GAP,NO,NO,NO,NO,YES,YES,YES,NO,YES,P2,HIGH,12,74,PIA_SUPPLEMENT,GOVERNANCE,DRAFT_PIA_SUPPLEMENT,FDQ-002,Founder disposition plus source-register update plus validator pass plus implementation/test/evidence gates where applicable,SRC-BACKEND-PERMISSION-MAP;SRC-BACKEND-ROUTE-ADMIN-BILLING;SRC-BACKEND-ROUTE-ANALYTICS;SRC-BACKEND-ROUTE-OWNER-UPDATES;SRC-BACKEND-ROUTE-RECURRING-CHARGES;SRC-BACKEND-ROUTE-SUBSCRIPTIONS-WEBHOOK-HANDLERS;SRC-BACKEND-SERVER-ASSEMBLY;SRC-CANON-COMMUNICATION-CANON-V2.0;SRC-CANON-HORSE-LIFECYCLE-CANON-V3.1;SRC-CANON-RELATIONSHIP-CANON-V2.0;SRC-CANON-SAFEGUARDING-CANON-V1.2;SRC-CODE-GUIDE-PROGRAM-STATUS;SRC-FOUNDER-DIRECTIVE;SRC-FRONTEND-APP-ROUTES;SRC-FRONTEND-PAGE-EMERGENCYWORKFLOWS;SRC-FRONTEND-PAGE-PERFORMANCEANALYTICS;SRC-IMPLEMENTATION-ATLAS;SRC-MASTER-PRODUCT-VISION;SRC-PIA-COMPONENT-OWNERSHIP;SRC-PIA-PORTFOLIO-TEN;SRC-PIA-REALIGNMENT-REGISTER;SRC-ROLE-PERMISSION-MATRIX;SRC-FOUNDER-REVISION-DIRECTIVE-2026-08-01
GAP-ES-FEAT-MARKETPLACE-001,ES-FEAT-MARKETPLACE-001,provider profiles,"Marketplace, provider network, and community",NO,NO_NON_PIA_GOVERNANCE_GAP,NO,NO,NO,NO,YES,YES,YES,YES,YES,P1,HIGH,12,49,NEW_PIA,GOVERNANCE,DRAFT_NEW_PIA,FDQ-001,Founder disposition plus source-register update plus validator pass plus implementation/test/evidence gates where applicable,SRC-BACKEND-PERMISSION-MAP;SRC-BACKEND-ROUTE-ADMIN-REVIEW;SRC-BACKEND-ROUTE-AUTH;SRC-BACKEND-ROUTE-HORSE-LEDGER;SRC-BACKEND-ROUTE-MEMBERSHIP;SRC-BACKEND-ROUTE-SERVICE-PROVIDER-CENTER;SRC-BACKEND-SERVER-ASSEMBLY;SRC-BACKEND-TEST-TEST-BUILD-NEXT-18A-PROVIDER-LIVE-PROOF;SRC-BACKEND-TEST-TEST-MARKETPLACE-SIGNUP;SRC-BACKEND-TEST-TEST-RF10-SERVICE-PROVIDER-CARE-PARTNER;SRC-BACKEND-TEST-TEST-RF11-PROPERTY-LOCATION-MAP-COMMUNITY-HELP;SRC-CANON-CLAIMS-CANON-V2.0;SRC-CANON-COMMUNICATION-CANON-V2.0;SRC-CANON-ECOSYSTEM-CANON-V2.1;SRC-CANON-FINANCIAL-TRUTH-CANON-V2.1;SRC-CANON-VENDOR-SECURITY-CANON-V2.0;SRC-CODE-GUIDE-PROGRAM-STATUS;SRC-FOUNDER-DIRECTIVE;SRC-FRONTEND-APP-ROUTES;SRC-FRONTEND-PAGE-ADMINREVIEWQUEUE;SRC-FRONTEND-PAGE-CARELEDGERTAB;SRC-FRONTEND-PAGE-ENROLLMENT;SRC-FRONTEND-PAGE-SERVICEPROVIDERDASHBOARD;SRC-FRONTEND-PAGE-SIGNUP;SRC-IMPLEMENTATION-ATLAS;SRC-MASTER-PRODUCT-VISION;SRC-PIA-COMPONENT-OWNERSHIP;SRC-PIA-PORTFOLIO-TEN;SRC-PIA-REALIGNMENT-REGISTER;SRC-ROLE-PERMISSION-MATRIX;SRC-FOUNDER-REVISION-DIRECTIVE-2026-08-01
GAP-ES-FEAT-MARKETPLACE-002,ES-FEAT-MARKETPLACE-002,provider verification,"Marketplace, provider network, and community",NO,NO_NON_PIA_GOVERNANCE_GAP,NO,NO,NO,NO,YES,YES,YES,YES,YES,P1,HIGH,12,49,NEW_PIA,GOVERNANCE,DRAFT_NEW_PIA,FDQ-001,Founder disposition plus source-register update plus validator pass plus implementation/test/evidence gates where applicable,SRC-BACKEND-PERMISSION-MAP;SRC-BACKEND-ROUTE-ADMIN-BILLING;SRC-BACKEND-ROUTE-ADMIN-REVIEW;SRC-BACKEND-ROUTE-AUTH;SRC-BACKEND-ROUTE-MEMBERSHIP;SRC-BACKEND-ROUTE-SERVICE-PROVIDER-CENTER;SRC-BACKEND-SERVER-ASSEMBLY;SRC-BACKEND-TEST-TEST-BUILD-NEXT-18A-PROVIDER-LIVE-PROOF;SRC-BACKEND-TEST-TEST-CORE-AUTH-VERIFICATION-GATE;SRC-BACKEND-TEST-TEST-MARKETPLACE-SIGNUP;SRC-BACKEND-TEST-TEST-RF10-SERVICE-PROVIDER-CARE-PARTNER;SRC-BACKEND-TEST-TEST-RF11-PROPERTY-LOCATION-MAP-COMMUNITY-HELP;SRC-CANON-CLAIMS-CANON-V2.0;SRC-CANON-COMMUNICATION-CANON-V2.0;SRC-CANON-ECOSYSTEM-CANON-V2.1;SRC-CANON-FINANCIAL-TRUTH-CANON-V2.1;SRC-CANON-VENDOR-SECURITY-CANON-V2.0;SRC-CODE-GUIDE-PROGRAM-STATUS;SRC-FOUNDER-DIRECTIVE;SRC-FRONTEND-APP-ROUTES;SRC-FRONTEND-PAGE-ADMINREVIEWQUEUE;SRC-FRONTEND-PAGE-CARELEDGERTAB;SRC-FRONTEND-PAGE-ENROLLMENT;SRC-FRONTEND-PAGE-SERVICEPROVIDERDASHBOARD;SRC-FRONTEND-PAGE-SIGNUP;SRC-IMPLEMENTATION-ATLAS;SRC-MASTER-PRODUCT-VISION;SRC-PIA-COMPONENT-OWNERSHIP;SRC-PIA-PORTFOLIO-TEN;SRC-PIA-REALIGNMENT-REGISTER;SRC-ROLE-PERMISSION-MATRIX;SRC-FOUNDER-REVISION-DIRECTIVE-2026-08-01
GAP-ES-FEAT-MARKETPLACE-003,ES-FEAT-MARKETPLACE-003,credentials,"Marketplace, provider network, and community",NO,NO_NON_PIA_GOVERNANCE_GAP,NO,NO,NO,NO,YES,YES,YES,YES,YES,P1,HIGH,12,49,NEW_PIA,GOVERNANCE,DRAFT_NEW_PIA,FDQ-001,Founder disposition plus source-register update plus validator pass plus implementation/test/evidence gates where applicable,SRC-BACKEND-PERMISSION-MAP;SRC-BACKEND-ROUTE-ADMIN;SRC-BACKEND-ROUTE-ADMIN-BILLING;SRC-BACKEND-ROUTE-ADMIN-REVIEW;SRC-BACKEND-ROUTE-AUTH;SRC-BACKEND-ROUTE-MEMBERSHIP;SRC-BACKEND-SERVER-ASSEMBLY;SRC-BACKEND-TEST-TEST-BUILD-NEXT-18A-PROVIDER-LIVE-PROOF;SRC-BACKEND-TEST-TEST-MARKETPLACE-SIGNUP;SRC-BACKEND-TEST-TEST-RF10-SERVICE-PROVIDER-CARE-PARTNER;SRC-BACKEND-TEST-TEST-RF11-PROPERTY-LOCATION-MAP-COMMUNITY-HELP;SRC-CANON-CLAIMS-CANON-V2.0;SRC-CANON-COMMUNICATION-CANON-V2.0;SRC-CANON-ECOSYSTEM-CANON-V2.1;SRC-CANON-FINANCIAL-TRUTH-CANON-V2.1;SRC-CANON-VENDOR-SECURITY-CANON-V2.0;SRC-CODE-GUIDE-PROGRAM-STATUS;SRC-FOUNDER-DIRECTIVE;SRC-FRONTEND-APP-ROUTES;SRC-FRONTEND-PAGE-ADMINREVIEWQUEUE;SRC-FRONTEND-PAGE-CARELEDGERTAB;SRC-FRONTEND-PAGE-ENROLLMENT;SRC-FRONTEND-PAGE-SERVICEPROVIDERDASHBOARD;SRC-FRONTEND-PAGE-SIGNUP;SRC-IMPLEMENTATION-ATLAS;SRC-MASTER-PRODUCT-VISION;SRC-PIA-COMPONENT-OWNERSHIP;SRC-PIA-PORTFOLIO-TEN;SRC-PIA-REALIGNMENT-REGISTER;SRC-ROLE-PERMISSION-MATRIX;SRC-FOUNDER-REVISION-DIRECTIVE-2026-08-01
GAP-ES-FEAT-MARKETPLACE-004,ES-FEAT-MARKETPLACE-004,listings,"Marketplace, provider network, and community",NO,NO_NON_PIA_GOVERNANCE_GAP,NO,NO,NO,NO,YES,YES,YES,YES,YES,P1,HIGH,12,49,NEW_PIA,GOVERNANCE,DRAFT_NEW_PIA,FDQ-001,Founder disposition plus source-register update plus validator pass plus implementation/test/evidence gates where applicable,SRC-BACKEND-PERMISSION-MAP;SRC-BACKEND-ROUTE-ADMIN-BILLING;SRC-BACKEND-ROUTE-ADMIN-REVIEW;SRC-BACKEND-ROUTE-AUTH;SRC-BACKEND-ROUTE-BACKLOG;SRC-BACKEND-ROUTE-MEMBERSHIP;SRC-BACKEND-SERVER-ASSEMBLY;SRC-BACKEND-TEST-TEST-BUILD-NEXT-18A-PROVIDER-LIVE-PROOF;SRC-BACKEND-TEST-TEST-MARKETPLACE-SIGNUP;SRC-BACKEND-TEST-TEST-RF10-SERVICE-PROVIDER-CARE-PARTNER;SRC-BACKEND-TEST-TEST-RF11-PROPERTY-LOCATION-MAP-COMMUNITY-HELP;SRC-CANON-CLAIMS-CANON-V2.0;SRC-CANON-COMMUNICATION-CANON-V2.0;SRC-CANON-ECOSYSTEM-CANON-V2.1;SRC-CANON-FINANCIAL-TRUTH-CANON-V2.1;SRC-CANON-VENDOR-SECURITY-CANON-V2.0;SRC-CODE-GUIDE-PROGRAM-STATUS;SRC-FOUNDER-DIRECTIVE;SRC-FRONTEND-APP-ROUTES;SRC-FRONTEND-PAGE-ADMINREVIEWQUEUE;SRC-FRONTEND-PAGE-CARELEDGERTAB;SRC-FRONTEND-PAGE-ENROLLMENT;SRC-FRONTEND-PAGE-SERVICEPROVIDERDASHBOARD;SRC-FRONTEND-PAGE-SIGNUP;SRC-IMPLEMENTATION-ATLAS;SRC-MASTER-PRODUCT-VISION;SRC-PIA-COMPONENT-OWNERSHIP;SRC-PIA-PORTFOLIO-TEN;SRC-PIA-REALIGNMENT-REGISTER;SRC-ROLE-PERMISSION-MATRIX;SRC-FOUNDER-REVISION-DIRECTIVE-2026-08-01
GAP-ES-FEAT-MARKETPLACE-005,ES-FEAT-MARKETPLACE-005,discovery,"Marketplace, provider network, and community",NO,NO_NON_PIA_GOVERNANCE_GAP,NO,NO,NO,NO,YES,YES,YES,YES,YES,P1,HIGH,12,49,NEW_PIA,GOVERNANCE,DRAFT_NEW_PIA,FDQ-001,Founder disposition plus source-register update plus validator pass plus implementation/test/evidence gates where applicable,SRC-BACKEND-PERMISSION-MAP;SRC-BACKEND-ROUTE-ADMIN-BILLING;SRC-BACKEND-ROUTE-ADMIN-REVIEW;SRC-BACKEND-ROUTE-AUTH;SRC-BACKEND-ROUTE-BACKLOG;SRC-BACKEND-ROUTE-MEMBERSHIP;SRC-BACKEND-SERVER-ASSEMBLY;SRC-BACKEND-TEST-TEST-BUILD-NEXT-18A-PROVIDER-LIVE-PROOF;SRC-BACKEND-TEST-TEST-MARKETPLACE-SIGNUP;SRC-BACKEND-TEST-TEST-RF10-SERVICE-PROVIDER-CARE-PARTNER;SRC-BACKEND-TEST-TEST-RF11-PROPERTY-LOCATION-MAP-COMMUNITY-HELP;SRC-CANON-CLAIMS-CANON-V2.0;SRC-CANON-COMMUNICATION-CANON-V2.0;SRC-CANON-ECOSYSTEM-CANON-V2.1;SRC-CANON-FINANCIAL-TRUTH-CANON-V2.1;SRC-CANON-VENDOR-SECURITY-CANON-V2.0;SRC-CODE-GUIDE-PROGRAM-STATUS;SRC-FOUNDER-DIRECTIVE;SRC-FRONTEND-APP-ROUTES;SRC-FRONTEND-PAGE-ADMINREVIEWQUEUE;SRC-FRONTEND-PAGE-CARELEDGERTAB;SRC-FRONTEND-PAGE-ENROLLMENT;SRC-FRONTEND-PAGE-SERVICEPROVIDERDASHBOARD;SRC-FRONTEND-PAGE-SIGNUP;SRC-IMPLEMENTATION-ATLAS;SRC-MASTER-PRODUCT-VISION;SRC-PIA-COMPONENT-OWNERSHIP;SRC-PIA-PORTFOLIO-TEN;SRC-PIA-REALIGNMENT-REGISTER;SRC-ROLE-PERMISSION-MATRIX;SRC-FOUNDER-REVISION-DIRECTIVE-2026-08-01
GAP-ES-FEAT-MARKETPLACE-006,ES-FEAT-MARKETPLACE-006,search ranking,"Marketplace, provider network, and community",NO,NO_NON_PIA_GOVERNANCE_GAP,NO,NO,NO,NO,YES,YES,YES,YES,YES,P1,HIGH,12,49,NEW_PIA,GOVERNANCE,DRAFT_NEW_PIA,FDQ-001,Founder disposition plus source-register update plus validator pass plus implementation/test/evidence gates where applicable,SRC-BACKEND-PERMISSION-MAP;SRC-BACKEND-ROUTE-ADMIN-BILLING;SRC-BACKEND-ROUTE-ADMIN-REVIEW;SRC-BACKEND-ROUTE-AUTH;SRC-BACKEND-ROUTE-BACKLOG;SRC-BACKEND-ROUTE-MEMBERSHIP;SRC-BACKEND-SERVER-ASSEMBLY;SRC-BACKEND-TEST-TEST-BUILD-NEXT-18A-PROVIDER-LIVE-PROOF;SRC-BACKEND-TEST-TEST-MARKETPLACE-SIGNUP;SRC-BACKEND-TEST-TEST-RF10-SERVICE-PROVIDER-CARE-PARTNER;SRC-BACKEND-TEST-TEST-RF11-PROPERTY-LOCATION-MAP-COMMUNITY-HELP;SRC-CANON-CLAIMS-CANON-V2.0;SRC-CANON-COMMUNICATION-CANON-V2.0;SRC-CANON-ECOSYSTEM-CANON-V2.1;SRC-CANON-FINANCIAL-TRUTH-CANON-V2.1;SRC-CANON-VENDOR-SECURITY-CANON-V2.0;SRC-CODE-GUIDE-PROGRAM-STATUS;SRC-FOUNDER-DIRECTIVE;SRC-FRONTEND-APP-ROUTES;SRC-FRONTEND-PAGE-ACCEPTINVITE;SRC-FRONTEND-PAGE-ENROLLMENT;SRC-FRONTEND-PAGE-EXPENSES;SRC-FRONTEND-PAGE-SERVICEPROVIDERDASHBOARD;SRC-FRONTEND-PAGE-SIGNUP;SRC-IMPLEMENTATION-ATLAS;SRC-MASTER-PRODUCT-VISION;SRC-PIA-COMPONENT-OWNERSHIP;SRC-PIA-PORTFOLIO-TEN;SRC-PIA-REALIGNMENT-REGISTER;SRC-ROLE-PERMISSION-MATRIX;SRC-FOUNDER-REVISION-DIRECTIVE-2026-08-01
GAP-ES-FEAT-MARKETPLACE-007,ES-FEAT-MARKETPLACE-007,reviews,"Marketplace, provider network, and community",NO,NO_NON_PIA_GOVERNANCE_GAP,NO,NO,NO,NO,YES,YES,YES,YES,YES,P1,HIGH,12,49,NEW_PIA,GOVERNANCE,DRAFT_NEW_PIA,FDQ-001,Founder disposition plus source-register update plus validator pass plus implementation/test/evidence gates where applicable,SRC-BACKEND-PERMISSION-MAP;SRC-BACKEND-ROUTE-ADMIN-BILLING;SRC-BACKEND-ROUTE-ADMIN-REVIEW;SRC-BACKEND-ROUTE-AUTH;SRC-BACKEND-ROUTE-BACKLOG;SRC-BACKEND-ROUTE-MEMBERSHIP;SRC-BACKEND-SERVER-ASSEMBLY;SRC-BACKEND-TEST-TEST-BUILD-NEXT-18A-PROVIDER-LIVE-PROOF;SRC-BACKEND-TEST-TEST-MARKETPLACE-SIGNUP;SRC-BACKEND-TEST-TEST-RF10-SERVICE-PROVIDER-CARE-PARTNER;SRC-BACKEND-TEST-TEST-RF11-PROPERTY-LOCATION-MAP-COMMUNITY-HELP;SRC-CANON-CLAIMS-CANON-V2.0;SRC-CANON-COMMUNICATION-CANON-V2.0;SRC-CANON-ECOSYSTEM-CANON-V2.1;SRC-CANON-FINANCIAL-TRUTH-CANON-V2.1;SRC-CANON-VENDOR-SECURITY-CANON-V2.0;SRC-CODE-GUIDE-PROGRAM-STATUS;SRC-FOUNDER-DIRECTIVE;SRC-FRONTEND-APP-ROUTES;SRC-FRONTEND-PAGE-ADMINREVIEWQUEUE;SRC-FRONTEND-PAGE-CARELEDGERTAB;SRC-FRONTEND-PAGE-ENROLLMENT;SRC-FRONTEND-PAGE-SERVICEPROVIDERDASHBOARD;SRC-FRONTEND-PAGE-SIGNUP;SRC-IMPLEMENTATION-ATLAS;SRC-MASTER-PRODUCT-VISION;SRC-PIA-COMPONENT-OWNERSHIP;SRC-PIA-PORTFOLIO-TEN;SRC-PIA-REALIGNMENT-REGISTER;SRC-ROLE-PERMISSION-MATRIX;SRC-FOUNDER-REVISION-DIRECTIVE-2026-08-01
GAP-ES-FEAT-MARKETPLACE-008,ES-FEAT-MARKETPLACE-008,referrals,"Marketplace, provider network, and community",NO,NO_NON_PIA_GOVERNANCE_GAP,NO,NO,NO,NO,YES,YES,YES,YES,YES,P1,HIGH,12,49,NEW_PIA,GOVERNANCE,DRAFT_NEW_PIA,FDQ-001,Founder disposition plus source-register update plus validator pass plus implementation/test/evidence gates where applicable,SRC-BACKEND-PERMISSION-MAP;SRC-BACKEND-ROUTE-ADMIN-BILLING;SRC-BACKEND-ROUTE-ADMIN-REVIEW;SRC-BACKEND-ROUTE-AUTH;SRC-BACKEND-ROUTE-BACKLOG;SRC-BACKEND-ROUTE-MEMBERSHIP;SRC-BACKEND-SERVER-ASSEMBLY;SRC-BACKEND-TEST-TEST-BUILD-NEXT-18A-PROVIDER-LIVE-PROOF;SRC-BACKEND-TEST-TEST-MARKETPLACE-SIGNUP;SRC-BACKEND-TEST-TEST-RF10-SERVICE-PROVIDER-CARE-PARTNER;SRC-BACKEND-TEST-TEST-RF11-PROPERTY-LOCATION-MAP-COMMUNITY-HELP;SRC-CANON-CLAIMS-CANON-V2.0;SRC-CANON-COMMUNICATION-CANON-V2.0;SRC-CANON-ECOSYSTEM-CANON-V2.1;SRC-CANON-FINANCIAL-TRUTH-CANON-V2.1;SRC-CANON-VENDOR-SECURITY-CANON-V2.0;SRC-CODE-GUIDE-PROGRAM-STATUS;SRC-FOUNDER-DIRECTIVE;SRC-FRONTEND-APP-ROUTES;SRC-FRONTEND-PAGE-ADMINREVIEWQUEUE;SRC-FRONTEND-PAGE-CARELEDGERTAB;SRC-FRONTEND-PAGE-ENROLLMENT;SRC-FRONTEND-PAGE-SERVICEPROVIDERDASHBOARD;SRC-FRONTEND-PAGE-SIGNUP;SRC-IMPLEMENTATION-ATLAS;SRC-MASTER-PRODUCT-VISION;SRC-PIA-COMPONENT-OWNERSHIP;SRC-PIA-PORTFOLIO-TEN;SRC-PIA-REALIGNMENT-REGISTER;SRC-ROLE-PERMISSION-MATRIX;SRC-FOUNDER-REVISION-DIRECTIVE-2026-08-01
GAP-ES-FEAT-MARKETPLACE-009,ES-FEAT-MARKETPLACE-009,community features,"Marketplace, provider network, and community",NO,NO_NON_PIA_GOVERNANCE_GAP,NO,NO,NO,NO,YES,YES,YES,YES,YES,P1,HIGH,12,49,NEW_PIA,GOVERNANCE,DRAFT_NEW_PIA,FDQ-001,Founder disposition plus source-register update plus validator pass plus implementation/test/evidence gates where applicable,SRC-BACKEND-PERMISSION-MAP;SRC-BACKEND-ROUTE-ADMIN-REVIEW;SRC-BACKEND-ROUTE-AUTH;SRC-BACKEND-ROUTE-BACKLOG;SRC-BACKEND-ROUTE-MEMBERSHIP;SRC-BACKEND-ROUTE-PULSE;SRC-BACKEND-SERVER-ASSEMBLY;SRC-BACKEND-TEST-TEST-BUILD-NEXT-18A-PROVIDER-LIVE-PROOF;SRC-BACKEND-TEST-TEST-MARKETPLACE-SIGNUP;SRC-BACKEND-TEST-TEST-RF10-SERVICE-PROVIDER-CARE-PARTNER;SRC-BACKEND-TEST-TEST-RF11-PROPERTY-LOCATION-MAP-COMMUNITY-HELP;SRC-CANON-CLAIMS-CANON-V2.0;SRC-CANON-COMMUNICATION-CANON-V2.0;SRC-CANON-ECOSYSTEM-CANON-V2.1;SRC-CANON-FINANCIAL-TRUTH-CANON-V2.1;SRC-CANON-VENDOR-SECURITY-CANON-V2.0;SRC-CODE-GUIDE-PROGRAM-STATUS;SRC-FOUNDER-DIRECTIVE;SRC-FRONTEND-APP-ROUTES;SRC-FRONTEND-PAGE-ADMINREVIEWQUEUE;SRC-FRONTEND-PAGE-CARELEDGERTAB;SRC-FRONTEND-PAGE-ENROLLMENT;SRC-FRONTEND-PAGE-SERVICEPROVIDERDASHBOARD;SRC-FRONTEND-PAGE-SIGNUP;SRC-IMPLEMENTATION-ATLAS;SRC-MASTER-PRODUCT-VISION;SRC-PIA-COMPONENT-OWNERSHIP;SRC-PIA-PORTFOLIO-TEN;SRC-PIA-REALIGNMENT-REGISTER;SRC-ROLE-PERMISSION-MATRIX;SRC-FOUNDER-REVISION-DIRECTIVE-2026-08-01
GAP-ES-FEAT-MARKETPLACE-010,ES-FEAT-MARKETPLACE-010,moderation,"Marketplace, provider network, and community",NO,NO_NON_PIA_GOVERNANCE_GAP,NO,NO,NO,NO,YES,YES,YES,YES,YES,P1,HIGH,12,49,NEW_PIA,GOVERNANCE,DRAFT_NEW_PIA,FDQ-001,Founder disposition plus source-register update plus validator pass plus implementation/test/evidence gates where applicable,SRC-BACKEND-PERMISSION-MAP;SRC-BACKEND-ROUTE-ADMIN-BILLING;SRC-BACKEND-ROUTE-ADMIN-REVIEW;SRC-BACKEND-ROUTE-AUTH;SRC-BACKEND-ROUTE-BACKLOG;SRC-BACKEND-ROUTE-MEMBERSHIP;SRC-BACKEND-SERVER-ASSEMBLY;SRC-BACKEND-TEST-TEST-BUILD-NEXT-18A-PROVIDER-LIVE-PROOF;SRC-BACKEND-TEST-TEST-MARKETPLACE-SIGNUP;SRC-BACKEND-TEST-TEST-RF10-SERVICE-PROVIDER-CARE-PARTNER;SRC-BACKEND-TEST-TEST-RF11-PROPERTY-LOCATION-MAP-COMMUNITY-HELP;SRC-CANON-CLAIMS-CANON-V2.0;SRC-CANON-COMMUNICATION-CANON-V2.0;SRC-CANON-ECOSYSTEM-CANON-V2.1;SRC-CANON-FINANCIAL-TRUTH-CANON-V2.1;SRC-CANON-VENDOR-SECURITY-CANON-V2.0;SRC-CODE-GUIDE-PROGRAM-STATUS;SRC-FOUNDER-DIRECTIVE;SRC-FRONTEND-APP-ROUTES;SRC-FRONTEND-PAGE-ADMINREVIEWQUEUE;SRC-FRONTEND-PAGE-CARELEDGERTAB;SRC-FRONTEND-PAGE-ENROLLMENT;SRC-FRONTEND-PAGE-SERVICEPROVIDERDASHBOARD;SRC-FRONTEND-PAGE-SIGNUP;SRC-IMPLEMENTATION-ATLAS;SRC-MASTER-PRODUCT-VISION;SRC-PIA-COMPONENT-OWNERSHIP;SRC-PIA-PORTFOLIO-TEN;SRC-PIA-REALIGNMENT-REGISTER;SRC-ROLE-PERMISSION-MATRIX;SRC-FOUNDER-REVISION-DIRECTIVE-2026-08-01
GAP-ES-FEAT-MARKETPLACE-011,ES-FEAT-MARKETPLACE-011,disputes,"Marketplace, provider network, and community",NO,NO_NON_PIA_GOVERNANCE_GAP,NO,NO,NO,NO,YES,YES,YES,YES,YES,P1,HIGH,12,49,NEW_PIA,GOVERNANCE,DRAFT_NEW_PIA,FDQ-001,Founder disposition plus source-register update plus validator pass plus implementation/test/evidence gates where applicable,SRC-BACKEND-PERMISSION-MAP;SRC-BACKEND-ROUTE-ADMIN-BILLING;SRC-BACKEND-ROUTE-ADMIN-REVIEW;SRC-BACKEND-ROUTE-AUTH;SRC-BACKEND-ROUTE-BACKLOG;SRC-BACKEND-ROUTE-MEMBERSHIP;SRC-BACKEND-SERVER-ASSEMBLY;SRC-BACKEND-TEST-TEST-BUILD-NEXT-18A-PROVIDER-LIVE-PROOF;SRC-BACKEND-TEST-TEST-MARKETPLACE-SIGNUP;SRC-BACKEND-TEST-TEST-RF10-SERVICE-PROVIDER-CARE-PARTNER;SRC-BACKEND-TEST-TEST-RF11-PROPERTY-LOCATION-MAP-COMMUNITY-HELP;SRC-CANON-CLAIMS-CANON-V2.0;SRC-CANON-COMMUNICATION-CANON-V2.0;SRC-CANON-ECOSYSTEM-CANON-V2.1;SRC-CANON-FINANCIAL-TRUTH-CANON-V2.1;SRC-CANON-VENDOR-SECURITY-CANON-V2.0;SRC-CODE-GUIDE-PROGRAM-STATUS;SRC-FOUNDER-DIRECTIVE;SRC-FRONTEND-APP-ROUTES;SRC-FRONTEND-PAGE-ADMINREVIEWQUEUE;SRC-FRONTEND-PAGE-CARELEDGERTAB;SRC-FRONTEND-PAGE-ENROLLMENT;SRC-FRONTEND-PAGE-SERVICEPROVIDERDASHBOARD;SRC-FRONTEND-PAGE-SIGNUP;SRC-IMPLEMENTATION-ATLAS;SRC-MASTER-PRODUCT-VISION;SRC-PIA-COMPONENT-OWNERSHIP;SRC-PIA-PORTFOLIO-TEN;SRC-PIA-REALIGNMENT-REGISTER;SRC-ROLE-PERMISSION-MATRIX;SRC-FOUNDER-REVISION-DIRECTIVE-2026-08-01
GAP-ES-FEAT-MARKETPLACE-012,ES-FEAT-MARKETPLACE-012,bookings,"Marketplace, provider network, and community",NO,NO_NON_PIA_GOVERNANCE_GAP,NO,NO,NO,NO,YES,YES,YES,YES,YES,P1,HIGH,12,49,NEW_PIA,GOVERNANCE,DRAFT_NEW_PIA,FDQ-001,Founder disposition plus source-register update plus validator pass plus implementation/test/evidence gates where applicable,SRC-BACKEND-PERMISSION-MAP;SRC-BACKEND-ROUTE-ADMIN-BILLING;SRC-BACKEND-ROUTE-ADMIN-REVIEW;SRC-BACKEND-ROUTE-AUTH;SRC-BACKEND-ROUTE-BACKLOG;SRC-BACKEND-ROUTE-MEMBERSHIP;SRC-BACKEND-SERVER-ASSEMBLY;SRC-BACKEND-TEST-TEST-BUILD-NEXT-18A-PROVIDER-LIVE-PROOF;SRC-BACKEND-TEST-TEST-MARKETPLACE-SIGNUP;SRC-BACKEND-TEST-TEST-RF10-SERVICE-PROVIDER-CARE-PARTNER;SRC-BACKEND-TEST-TEST-RF11-PROPERTY-LOCATION-MAP-COMMUNITY-HELP;SRC-CANON-CLAIMS-CANON-V2.0;SRC-CANON-COMMUNICATION-CANON-V2.0;SRC-CANON-ECOSYSTEM-CANON-V2.1;SRC-CANON-FINANCIAL-TRUTH-CANON-V2.1;SRC-CANON-VENDOR-SECURITY-CANON-V2.0;SRC-CODE-GUIDE-PROGRAM-STATUS;SRC-FOUNDER-DIRECTIVE;SRC-FRONTEND-APP-ROUTES;SRC-FRONTEND-PAGE-ADMINREVIEWQUEUE;SRC-FRONTEND-PAGE-CARELEDGERTAB;SRC-FRONTEND-PAGE-ENROLLMENT;SRC-FRONTEND-PAGE-SERVICEPROVIDERDASHBOARD;SRC-FRONTEND-PAGE-SIGNUP;SRC-IMPLEMENTATION-ATLAS;SRC-MASTER-PRODUCT-VISION;SRC-PIA-COMPONENT-OWNERSHIP;SRC-PIA-PORTFOLIO-TEN;SRC-PIA-REALIGNMENT-REGISTER;SRC-ROLE-PERMISSION-MATRIX;SRC-FOUNDER-REVISION-DIRECTIVE-2026-08-01
GAP-ES-FEAT-MARKETPLACE-013,ES-FEAT-MARKETPLACE-013,payment responsibilities,"Marketplace, provider network, and community",NO,NO_NON_PIA_GOVERNANCE_GAP,NO,NO,NO,NO,YES,YES,YES,YES,YES,P1,HIGH,12,49,NEW_PIA,GOVERNANCE,DRAFT_NEW_PIA,FDQ-001,Founder disposition plus source-register update plus validator pass plus implementation/test/evidence gates where applicable,SRC-BACKEND-PERMISSION-MAP;SRC-BACKEND-ROUTE-ADMIN-BILLING;SRC-BACKEND-ROUTE-ADMIN-REVIEW;SRC-BACKEND-ROUTE-AUTH;SRC-BACKEND-ROUTE-BACKLOG;SRC-BACKEND-ROUTE-MEMBERSHIP;SRC-BACKEND-SERVER-ASSEMBLY;SRC-BACKEND-TEST-TEST-BUILD-NEXT-18A-PROVIDER-LIVE-PROOF;SRC-BACKEND-TEST-TEST-MARKETPLACE-SIGNUP;SRC-BACKEND-TEST-TEST-RF10-SERVICE-PROVIDER-CARE-PARTNER;SRC-BACKEND-TEST-TEST-RF11-PROPERTY-LOCATION-MAP-COMMUNITY-HELP;SRC-BACKEND-TEST-TEST-RF12-BILLING-PAYMENTS-EXPORTS-FINANCIAL-TRUTH;SRC-CANON-CLAIMS-CANON-V2.0;SRC-CANON-COMMUNICATION-CANON-V2.0;SRC-CANON-ECOSYSTEM-CANON-V2.1;SRC-CANON-FINANCIAL-TRUTH-CANON-V2.1;SRC-CANON-VENDOR-SECURITY-CANON-V2.0;SRC-CODE-GUIDE-PROGRAM-STATUS;SRC-FOUNDER-DIRECTIVE;SRC-FRONTEND-APP-ROUTES;SRC-FRONTEND-PAGE-ADMINREVIEWQUEUE;SRC-FRONTEND-PAGE-ADVANCEDREPORTS;SRC-FRONTEND-PAGE-PAYMENTS;SRC-FRONTEND-PAGE-SERVICEPROVIDERDASHBOARD;SRC-FRONTEND-PAGE-SIGNUP;SRC-IMPLEMENTATION-ATLAS;SRC-MASTER-PRODUCT-VISION;SRC-PIA-COMPONENT-OWNERSHIP;SRC-PIA-PORTFOLIO-TEN;SRC-PIA-REALIGNMENT-REGISTER;SRC-ROLE-PERMISSION-MATRIX;SRC-FOUNDER-REVISION-DIRECTIVE-2026-08-01
GAP-ES-FEAT-MARKETPLACE-014,ES-FEAT-MARKETPLACE-014,suspension and delisting,"Marketplace, provider network, and community",NO,NO_NON_PIA_GOVERNANCE_GAP,NO,NO,NO,NO,YES,YES,YES,YES,YES,P1,HIGH,12,49,NEW_PIA,GOVERNANCE,DRAFT_NEW_PIA,FDQ-001,Founder disposition plus source-register update plus validator pass plus implementation/test/evidence gates where applicable,SRC-BACKEND-PERMISSION-MAP;SRC-BACKEND-ROUTE-ADMIN-BILLING;SRC-BACKEND-ROUTE-ADMIN-REVIEW;SRC-BACKEND-ROUTE-AUTH;SRC-BACKEND-ROUTE-BACKLOG;SRC-BACKEND-ROUTE-MEMBERSHIP;SRC-BACKEND-SERVER-ASSEMBLY;SRC-BACKEND-TEST-TEST-BUILD-NEXT-18A-PROVIDER-LIVE-PROOF;SRC-BACKEND-TEST-TEST-MARKETPLACE-SIGNUP;SRC-BACKEND-TEST-TEST-RF10-SERVICE-PROVIDER-CARE-PARTNER;SRC-BACKEND-TEST-TEST-RF11-PROPERTY-LOCATION-MAP-COMMUNITY-HELP;SRC-CANON-CLAIMS-CANON-V2.0;SRC-CANON-COMMUNICATION-CANON-V2.0;SRC-CANON-ECOSYSTEM-CANON-V2.1;SRC-CANON-FINANCIAL-TRUTH-CANON-V2.1;SRC-CANON-VENDOR-SECURITY-CANON-V2.0;SRC-CODE-GUIDE-PROGRAM-STATUS;SRC-FOUNDER-DIRECTIVE;SRC-FRONTEND-APP-ROUTES;SRC-FRONTEND-PAGE-ADMINREVIEWQUEUE;SRC-FRONTEND-PAGE-CARELEDGERTAB;SRC-FRONTEND-PAGE-ENROLLMENT;SRC-FRONTEND-PAGE-SERVICEPROVIDERDASHBOARD;SRC-FRONTEND-PAGE-SIGNUP;SRC-IMPLEMENTATION-ATLAS;SRC-MASTER-PRODUCT-VISION;SRC-PIA-COMPONENT-OWNERSHIP;SRC-PIA-PORTFOLIO-TEN;SRC-PIA-REALIGNMENT-REGISTER;SRC-ROLE-PERMISSION-MATRIX;SRC-FOUNDER-REVISION-DIRECTIVE-2026-08-01
GAP-ES-FEAT-MEDIA-001,ES-FEAT-MEDIA-001,uploads,"Media, files, and digital assets",NO,NO_NON_PIA_GOVERNANCE_GAP,NO,NO,NO,NO,YES,YES,YES,NO,YES,P2,MEDIUM,8,74,PIA_SUPPLEMENT,GOVERNANCE,DRAFT_PIA_SUPPLEMENT,FDQ-002,Founder disposition plus source-register update plus validator pass plus implementation/test/evidence gates where applicable,SRC-BACKEND-PERMISSION-MAP;SRC-BACKEND-ROUTE-BARN-OWNER-INTAKE;SRC-BACKEND-ROUTE-GUARDIAN-INTAKE;SRC-BACKEND-ROUTE-RIDER-PROFILE;SRC-BACKEND-ROUTE-STAFF-INTAKE;SRC-BACKEND-ROUTE-TRAINER-INTAKE;SRC-BACKEND-SERVER-ASSEMBLY;SRC-CANON-DATA-PROTECTION-CANON-V1.0;SRC-CANON-MEDIA-CANON-V2.1;SRC-CANON-PRIVACY-CANON-V2.0;SRC-CANON-RECORDS-CANON-V2.1;SRC-CODE-GUIDE-PROGRAM-STATUS;SRC-FOUNDER-DIRECTIVE;SRC-FRONTEND-APP-ROUTES;SRC-FRONTEND-PAGE-ADVANCEDREPORTS;SRC-FRONTEND-PAGE-FORMSSIGNATURES;SRC-FRONTEND-PAGE-MOBILEREADINESS;SRC-FRONTEND-PAGE-OWNERUPDATES;SRC-FRONTEND-PAGE-RIDERS;SRC-IMPLEMENTATION-ATLAS;SRC-MASTER-PRODUCT-VISION;SRC-PIA-COMPONENT-OWNERSHIP;SRC-PIA-PORTFOLIO-TEN;SRC-PIA-REALIGNMENT-REGISTER;SRC-ROLE-PERMISSION-MATRIX;SRC-FOUNDER-REVISION-DIRECTIVE-2026-08-01
GAP-ES-FEAT-MEDIA-002,ES-FEAT-MEDIA-002,images,"Media, files, and digital assets",NO,NO_NON_PIA_GOVERNANCE_GAP,NO,NO,NO,NO,YES,YES,YES,NO,YES,P2,MEDIUM,8,74,PIA_SUPPLEMENT,GOVERNANCE,DRAFT_PIA_SUPPLEMENT,FDQ-002,Founder disposition plus source-register update plus validator pass plus implementation/test/evidence gates where applicable,SRC-BACKEND-PERMISSION-MAP;SRC-BACKEND-ROUTE-BARN-OWNER-INTAKE;SRC-BACKEND-ROUTE-GUARDIAN-INTAKE;SRC-BACKEND-ROUTE-RIDER-PROFILE;SRC-BACKEND-ROUTE-STAFF-INTAKE;SRC-BACKEND-ROUTE-TRAINER-INTAKE;SRC-BACKEND-SERVER-ASSEMBLY;SRC-CANON-DATA-PROTECTION-CANON-V1.0;SRC-CANON-MEDIA-CANON-V2.1;SRC-CANON-PRIVACY-CANON-V2.0;SRC-CANON-RECORDS-CANON-V2.1;SRC-CODE-GUIDE-PROGRAM-STATUS;SRC-FOUNDER-DIRECTIVE;SRC-FRONTEND-APP-ROUTES;SRC-FRONTEND-PAGE-ADVANCEDREPORTS;SRC-FRONTEND-PAGE-FORMSSIGNATURES;SRC-FRONTEND-PAGE-LANDING;SRC-FRONTEND-PAGE-MOBILEREADINESS;SRC-FRONTEND-PAGE-OWNERUPDATES;SRC-IMPLEMENTATION-ATLAS;SRC-MASTER-PRODUCT-VISION;SRC-PIA-COMPONENT-OWNERSHIP;SRC-PIA-PORTFOLIO-TEN;SRC-PIA-REALIGNMENT-REGISTER;SRC-ROLE-PERMISSION-MATRIX;SRC-FOUNDER-REVISION-DIRECTIVE-2026-08-01
GAP-ES-FEAT-MEDIA-003,ES-FEAT-MEDIA-003,videos,"Media, files, and digital assets",NO,NO_NON_PIA_GOVERNANCE_GAP,NO,NO,NO,NO,YES,YES,YES,NO,YES,P2,MEDIUM,8,74,PIA_SUPPLEMENT,GOVERNANCE,DRAFT_PIA_SUPPLEMENT,FDQ-002,Founder disposition plus source-register update plus validator pass plus implementation/test/evidence gates where applicable,SRC-BACKEND-PERMISSION-MAP;SRC-BACKEND-ROUTE-BARN-OWNER-INTAKE;SRC-BACKEND-ROUTE-GUARDIAN-INTAKE;SRC-BACKEND-ROUTE-RIDER-PROFILE;SRC-BACKEND-ROUTE-STAFF-INTAKE;SRC-BACKEND-ROUTE-TRAINER-INTAKE;SRC-BACKEND-SERVER-ASSEMBLY;SRC-CANON-DATA-PROTECTION-CANON-V1.0;SRC-CANON-MEDIA-CANON-V2.1;SRC-CANON-PRIVACY-CANON-V2.0;SRC-CANON-RECORDS-CANON-V2.1;SRC-CODE-GUIDE-PROGRAM-STATUS;SRC-FOUNDER-DIRECTIVE;SRC-FRONTEND-APP-ROUTES;SRC-FRONTEND-PAGE-ADVANCEDREPORTS;SRC-FRONTEND-PAGE-FORMSSIGNATURES;SRC-FRONTEND-PAGE-MOBILEREADINESS;SRC-FRONTEND-PAGE-OWNERUPDATES;SRC-FRONTEND-PAGE-RIDERS;SRC-IMPLEMENTATION-ATLAS;SRC-MASTER-PRODUCT-VISION;SRC-PIA-COMPONENT-OWNERSHIP;SRC-PIA-PORTFOLIO-TEN;SRC-PIA-REALIGNMENT-REGISTER;SRC-ROLE-PERMISSION-MATRIX;SRC-FOUNDER-REVISION-DIRECTIVE-2026-08-01
GAP-ES-FEAT-MEDIA-004,ES-FEAT-MEDIA-004,documents,"Media, files, and digital assets",NO,NO_NON_PIA_GOVERNANCE_GAP,NO,NO,NO,NO,YES,YES,YES,NO,YES,P2,MEDIUM,8,74,PIA_SUPPLEMENT,GOVERNANCE,DRAFT_PIA_SUPPLEMENT,FDQ-002,Founder disposition plus source-register update plus validator pass plus implementation/test/evidence gates where applicable,SRC-BACKEND-PERMISSION-MAP;SRC-BACKEND-ROUTE-DOCUMENT-SIGNATURES;SRC-BACKEND-ROUTE-GUARDIAN-INTAKE;SRC-BACKEND-ROUTE-REPORTS;SRC-BACKEND-ROUTE-RIDER-PROFILE;SRC-BACKEND-ROUTE-STAFF-INTAKE;SRC-BACKEND-SERVER-ASSEMBLY;SRC-BACKEND-TEST-TEST-RF14-DOCUMENTS-SIGNATURES-STORAGE-CONSOLIDATION;SRC-CANON-DATA-PROTECTION-CANON-V1.0;SRC-CANON-MEDIA-CANON-V2.1;SRC-CANON-PRIVACY-CANON-V2.0;SRC-CANON-RECORDS-CANON-V2.1;SRC-CODE-GUIDE-PROGRAM-STATUS;SRC-FOUNDER-DIRECTIVE;SRC-FRONTEND-APP-ROUTES;SRC-FRONTEND-PAGE-ADVANCEDREPORTS;SRC-FRONTEND-PAGE-FORMSSIGNATURES;SRC-FRONTEND-PAGE-HEALTHDOCUMENTS;SRC-FRONTEND-PAGE-MOBILEREADINESS;SRC-FRONTEND-PAGE-PERSONALDASHBOARD;SRC-IMPLEMENTATION-ATLAS;SRC-MASTER-PRODUCT-VISION;SRC-PIA-COMPONENT-OWNERSHIP;SRC-PIA-PORTFOLIO-TEN;SRC-PIA-REALIGNMENT-REGISTER;SRC-ROLE-PERMISSION-MATRIX;SRC-FOUNDER-REVISION-DIRECTIVE-2026-08-01
GAP-ES-FEAT-MEDIA-005,ES-FEAT-MEDIA-005,consent,"Media, files, and digital assets",NO,NO_NON_PIA_GOVERNANCE_GAP,NO,NO,NO,NO,YES,YES,YES,NO,YES,P2,MEDIUM,8,74,PIA_SUPPLEMENT,GOVERNANCE,DRAFT_PIA_SUPPLEMENT,FDQ-002,Founder disposition plus source-register update plus validator pass plus implementation/test/evidence gates where applicable,SRC-BACKEND-PERMISSION-MAP;SRC-BACKEND-ROUTE-GUARDIAN-INTAKE;SRC-BACKEND-ROUTE-RIDER-PROFILE;SRC-BACKEND-ROUTE-STAFF-INTAKE;SRC-BACKEND-ROUTE-STUDENT-GUARDIANS;SRC-BACKEND-ROUTE-TRAINER-INTAKE;SRC-BACKEND-SERVER-ASSEMBLY;SRC-CANON-DATA-PROTECTION-CANON-V1.0;SRC-CANON-MEDIA-CANON-V2.1;SRC-CANON-PRIVACY-CANON-V2.0;SRC-CANON-RECORDS-CANON-V2.1;SRC-CODE-GUIDE-PROGRAM-STATUS;SRC-FOUNDER-DIRECTIVE;SRC-FRONTEND-APP-ROUTES;SRC-FRONTEND-PAGE-ADVANCEDREPORTS;SRC-FRONTEND-PAGE-FORMSSIGNATURES;SRC-FRONTEND-PAGE-MOBILEREADINESS;SRC-FRONTEND-PAGE-OWNERUPDATES;SRC-FRONTEND-PAGE-RIDERS;SRC-IMPLEMENTATION-ATLAS;SRC-MASTER-PRODUCT-VISION;SRC-PIA-COMPONENT-OWNERSHIP;SRC-PIA-PORTFOLIO-TEN;SRC-PIA-REALIGNMENT-REGISTER;SRC-ROLE-PERMISSION-MATRIX;SRC-FOUNDER-REVISION-DIRECTIVE-2026-08-01
GAP-ES-FEAT-MEDIA-006,ES-FEAT-MEDIA-006,visibility,"Media, files, and digital assets",NO,NO_NON_PIA_GOVERNANCE_GAP,NO,NO,NO,NO,YES,YES,YES,NO,YES,P2,MEDIUM,8,74,PIA_SUPPLEMENT,GOVERNANCE,DRAFT_PIA_SUPPLEMENT,FDQ-002,Founder disposition plus source-register update plus validator pass plus implementation/test/evidence gates where applicable,SRC-BACKEND-PERMISSION-MAP;SRC-BACKEND-ROUTE-GUARDIAN-INTAKE;SRC-BACKEND-ROUTE-HORSE-LEDGER;SRC-BACKEND-ROUTE-RIDER-PROFILE;SRC-BACKEND-ROUTE-STAFF-INTAKE;SRC-BACKEND-ROUTE-TRAINER-INTAKE;SRC-BACKEND-SERVER-ASSEMBLY;SRC-BACKEND-TEST-TEST-BUILD-NEXT-15C-B-BARN-VISIBILITY-POLICY;SRC-CANON-DATA-PROTECTION-CANON-V1.0;SRC-CANON-MEDIA-CANON-V2.1;SRC-CANON-PRIVACY-CANON-V2.0;SRC-CANON-RECORDS-CANON-V2.1;SRC-CODE-GUIDE-PROGRAM-STATUS;SRC-FOUNDER-DIRECTIVE;SRC-FRONTEND-APP-ROUTES;SRC-FRONTEND-PAGE-ADVANCEDREPORTS;SRC-FRONTEND-PAGE-ARENASCHEDULE;SRC-FRONTEND-PAGE-CARELEDGERTAB;SRC-FRONTEND-PAGE-OWNERUPDATES;SRC-FRONTEND-PAGE-PERSONALDASHBOARD;SRC-IMPLEMENTATION-ATLAS;SRC-MASTER-PRODUCT-VISION;SRC-PIA-COMPONENT-OWNERSHIP;SRC-PIA-PORTFOLIO-TEN;SRC-PIA-REALIGNMENT-REGISTER;SRC-ROLE-PERMISSION-MATRIX;SRC-FOUNDER-REVISION-DIRECTIVE-2026-08-01
GAP-ES-FEAT-MEDIA-007,ES-FEAT-MEDIA-007,derivation,"Media, files, and digital assets",NO,NO_NON_PIA_GOVERNANCE_GAP,NO,NO,NO,NO,YES,YES,YES,NO,YES,P2,MEDIUM,8,74,PIA_SUPPLEMENT,GOVERNANCE,DRAFT_PIA_SUPPLEMENT,FDQ-002,Founder disposition plus source-register update plus validator pass plus implementation/test/evidence gates where applicable,SRC-BACKEND-PERMISSION-MAP;SRC-BACKEND-ROUTE-BARN-OWNER-INTAKE;SRC-BACKEND-ROUTE-GUARDIAN-INTAKE;SRC-BACKEND-ROUTE-RIDER-PROFILE;SRC-BACKEND-ROUTE-STAFF-INTAKE;SRC-BACKEND-ROUTE-TRAINER-INTAKE;SRC-BACKEND-SERVER-ASSEMBLY;SRC-CANON-DATA-PROTECTION-CANON-V1.0;SRC-CANON-MEDIA-CANON-V2.1;SRC-CANON-PRIVACY-CANON-V2.0;SRC-CANON-RECORDS-CANON-V2.1;SRC-CODE-GUIDE-PROGRAM-STATUS;SRC-FOUNDER-DIRECTIVE;SRC-FRONTEND-APP-ROUTES;SRC-FRONTEND-PAGE-ADVANCEDREPORTS;SRC-FRONTEND-PAGE-FORMSSIGNATURES;SRC-FRONTEND-PAGE-MOBILEREADINESS;SRC-FRONTEND-PAGE-OWNERUPDATES;SRC-FRONTEND-PAGE-RIDERS;SRC-IMPLEMENTATION-ATLAS;SRC-MASTER-PRODUCT-VISION;SRC-PIA-COMPONENT-OWNERSHIP;SRC-PIA-PORTFOLIO-TEN;SRC-PIA-REALIGNMENT-REGISTER;SRC-ROLE-PERMISSION-MATRIX;SRC-FOUNDER-REVISION-DIRECTIVE-2026-08-01
GAP-ES-FEAT-MEDIA-008,ES-FEAT-MEDIA-008,thumbnails,"Media, files, and digital assets",YES,CODE_GUIDE_GAP,YES,NO,NO,NO,YES,YES,YES,NO,YES,P2,MEDIUM,8,68,CODE_GUIDE,ARCHITECTURE,DRAFT_CODE_GUIDE,FDQ-006,Founder disposition plus source-register update plus validator pass plus implementation/test/evidence gates where applicable,SRC-BACKEND-PERMISSION-MAP;SRC-BACKEND-ROUTE-BARN-OWNER-INTAKE;SRC-BACKEND-ROUTE-GUARDIAN-INTAKE;SRC-BACKEND-ROUTE-RIDER-PROFILE;SRC-BACKEND-ROUTE-STAFF-INTAKE;SRC-BACKEND-ROUTE-TRAINER-INTAKE;SRC-BACKEND-SERVER-ASSEMBLY;SRC-CANON-DATA-PROTECTION-CANON-V1.0;SRC-CANON-MEDIA-CANON-V2.1;SRC-CANON-PRIVACY-CANON-V2.0;SRC-CANON-RECORDS-CANON-V2.1;SRC-CODE-GUIDE-PROGRAM-STATUS;SRC-FOUNDER-DIRECTIVE;SRC-FRONTEND-APP-ROUTES;SRC-FRONTEND-PAGE-ADVANCEDREPORTS;SRC-FRONTEND-PAGE-FORMSSIGNATURES;SRC-FRONTEND-PAGE-MOBILEREADINESS;SRC-FRONTEND-PAGE-OWNERUPDATES;SRC-FRONTEND-PAGE-RIDERS;SRC-IMPLEMENTATION-ATLAS;SRC-MASTER-PRODUCT-VISION;SRC-PIA-COMPONENT-OWNERSHIP;SRC-PIA-PORTFOLIO-TEN;SRC-PIA-REALIGNMENT-REGISTER;SRC-ROLE-PERMISSION-MATRIX;SRC-FOUNDER-REVISION-DIRECTIVE-2026-08-01
GAP-ES-FEAT-MEDIA-009,ES-FEAT-MEDIA-009,OCR,"Media, files, and digital assets",NO,NO_NON_PIA_GOVERNANCE_GAP,NO,NO,NO,NO,YES,YES,YES,NO,YES,P2,MEDIUM,8,74,PIA_SUPPLEMENT,GOVERNANCE,DRAFT_PIA_SUPPLEMENT,FDQ-002,Founder disposition plus source-register update plus validator pass plus implementation/test/evidence gates where applicable,SRC-BACKEND-PERMISSION-MAP;SRC-BACKEND-ROUTE-BARN-OWNER-INTAKE;SRC-BACKEND-ROUTE-GUARDIAN-INTAKE;SRC-BACKEND-ROUTE-RIDER-PROFILE;SRC-BACKEND-ROUTE-STAFF-INTAKE;SRC-BACKEND-ROUTE-TRAINER-INTAKE;SRC-BACKEND-SERVER-ASSEMBLY;SRC-CANON-DATA-PROTECTION-CANON-V1.0;SRC-CANON-MEDIA-CANON-V2.1;SRC-CANON-PRIVACY-CANON-V2.0;SRC-CANON-RECORDS-CANON-V2.1;SRC-CODE-GUIDE-PROGRAM-STATUS;SRC-FOUNDER-DIRECTIVE;SRC-FRONTEND-APP-ROUTES;SRC-FRONTEND-PAGE-ADVANCEDREPORTS;SRC-FRONTEND-PAGE-FORMSSIGNATURES;SRC-FRONTEND-PAGE-MOBILEREADINESS;SRC-FRONTEND-PAGE-OWNERUPDATES;SRC-FRONTEND-PAGE-RIDERS;SRC-IMPLEMENTATION-ATLAS;SRC-MASTER-PRODUCT-VISION;SRC-PIA-COMPONENT-OWNERSHIP;SRC-PIA-PORTFOLIO-TEN;SRC-PIA-REALIGNMENT-REGISTER;SRC-ROLE-PERMISSION-MATRIX;SRC-FOUNDER-REVISION-DIRECTIVE-2026-08-01
GAP-ES-FEAT-MEDIA-010,ES-FEAT-MEDIA-010,search indexing,"Media, files, and digital assets",NO,NO_NON_PIA_GOVERNANCE_GAP,NO,NO,NO,NO,YES,YES,YES,NO,YES,P2,MEDIUM,8,74,PIA_SUPPLEMENT,GOVERNANCE,DRAFT_PIA_SUPPLEMENT,FDQ-002,Founder disposition plus source-register update plus validator pass plus implementation/test/evidence gates where applicable,SRC-BACKEND-PERMISSION-MAP;SRC-BACKEND-ROUTE-GUARDIAN-INTAKE;SRC-BACKEND-ROUTE-OWNER-INTAKE;SRC-BACKEND-ROUTE-RIDER-PROFILE;SRC-BACKEND-ROUTE-STAFF-INTAKE;SRC-BACKEND-ROUTE-TRAINER-INTAKE;SRC-BACKEND-SERVER-ASSEMBLY;SRC-CANON-DATA-PROTECTION-CANON-V1.0;SRC-CANON-MEDIA-CANON-V2.1;SRC-CANON-PRIVACY-CANON-V2.0;SRC-CANON-RECORDS-CANON-V2.1;SRC-CODE-GUIDE-PROGRAM-STATUS;SRC-FOUNDER-DIRECTIVE;SRC-FRONTEND-APP-ROUTES;SRC-FRONTEND-PAGE-ACCEPTINVITE;SRC-FRONTEND-PAGE-ADMINBILLINGDASHBOARD;SRC-FRONTEND-PAGE-ADVANCEDREPORTS;SRC-FRONTEND-PAGE-EMERGENCYCONTACTS;SRC-FRONTEND-PAGE-OWNERUPDATES;SRC-IMPLEMENTATION-ATLAS;SRC-MASTER-PRODUCT-VISION;SRC-PIA-COMPONENT-OWNERSHIP;SRC-PIA-PORTFOLIO-TEN;SRC-PIA-REALIGNMENT-REGISTER;SRC-ROLE-PERMISSION-MATRIX;SRC-FOUNDER-REVISION-DIRECTIVE-2026-08-01
GAP-ES-FEAT-MEDIA-011,ES-FEAT-MEDIA-011,attachment lifecycle,"Media, files, and digital assets",NO,NO_NON_PIA_GOVERNANCE_GAP,NO,NO,NO,NO,YES,YES,YES,NO,YES,P2,MEDIUM,8,74,PIA_SUPPLEMENT,GOVERNANCE,DRAFT_PIA_SUPPLEMENT,FDQ-002,Founder disposition plus source-register update plus validator pass plus implementation/test/evidence gates where applicable,SRC-BACKEND-PERMISSION-MAP;SRC-BACKEND-ROUTE-BARN-OWNER-INTAKE;SRC-BACKEND-ROUTE-GUARDIAN-INTAKE;SRC-BACKEND-ROUTE-RIDER-PROFILE;SRC-BACKEND-ROUTE-STAFF-INTAKE;SRC-BACKEND-ROUTE-TRAINER-INTAKE;SRC-BACKEND-SERVER-ASSEMBLY;SRC-BACKEND-TEST-TEST-REVIEW-QUEUE-AND-LIFECYCLE;SRC-CANON-DATA-PROTECTION-CANON-V1.0;SRC-CANON-MEDIA-CANON-V2.1;SRC-CANON-PRIVACY-CANON-V2.0;SRC-CANON-RECORDS-CANON-V2.1;SRC-CODE-GUIDE-PROGRAM-STATUS;SRC-FOUNDER-DIRECTIVE;SRC-FRONTEND-APP-ROUTES;SRC-FRONTEND-PAGE-ADVANCEDREPORTS;SRC-FRONTEND-PAGE-FORMSSIGNATURES;SRC-FRONTEND-PAGE-MOBILEREADINESS;SRC-FRONTEND-PAGE-OWNERUPDATES;SRC-FRONTEND-PAGE-RIDERS;SRC-IMPLEMENTATION-ATLAS;SRC-MASTER-PRODUCT-VISION;SRC-PIA-COMPONENT-OWNERSHIP;SRC-PIA-PORTFOLIO-TEN;SRC-PIA-REALIGNMENT-REGISTER;SRC-ROLE-PERMISSION-MATRIX;SRC-FOUNDER-REVISION-DIRECTIVE-2026-08-01
GAP-ES-FEAT-MEDIA-012,ES-FEAT-MEDIA-012,media removal,"Media, files, and digital assets",NO,NO_NON_PIA_GOVERNANCE_GAP,NO,NO,NO,NO,YES,YES,YES,NO,YES,P2,MEDIUM,8,74,PIA_SUPPLEMENT,GOVERNANCE,DRAFT_PIA_SUPPLEMENT,FDQ-002,Founder disposition plus source-register update plus validator pass plus implementation/test/evidence gates where applicable,SRC-BACKEND-PERMISSION-MAP;SRC-BACKEND-ROUTE-DOCUMENT-SIGNATURES;SRC-BACKEND-ROUTE-GUARDIAN-INTAKE;SRC-BACKEND-ROUTE-RIDER-PROFILE;SRC-BACKEND-ROUTE-STAFF-INTAKE;SRC-BACKEND-ROUTE-TRAINER-INTAKE;SRC-BACKEND-SERVER-ASSEMBLY;SRC-CANON-DATA-PROTECTION-CANON-V1.0;SRC-CANON-MEDIA-CANON-V2.1;SRC-CANON-PRIVACY-CANON-V2.0;SRC-CANON-RECORDS-CANON-V2.1;SRC-CODE-GUIDE-PROGRAM-STATUS;SRC-FOUNDER-DIRECTIVE;SRC-FRONTEND-APP-ROUTES;SRC-FRONTEND-PAGE-ADVANCEDREPORTS;SRC-FRONTEND-PAGE-FORMSSIGNATURES;SRC-FRONTEND-PAGE-OWNERUPDATES;SRC-FRONTEND-PAGE-RIDERS;SRC-FRONTEND-PAGE-ROLEINTAKE;SRC-IMPLEMENTATION-ATLAS;SRC-MASTER-PRODUCT-VISION;SRC-PIA-COMPONENT-OWNERSHIP;SRC-PIA-PORTFOLIO-TEN;SRC-PIA-REALIGNMENT-REGISTER;SRC-ROLE-PERMISSION-MATRIX;SRC-FOUNDER-REVISION-DIRECTIVE-2026-08-01
GAP-ES-FEAT-MEDIA-013,ES-FEAT-MEDIA-013,transfer,"Media, files, and digital assets",NO,NO_NON_PIA_GOVERNANCE_GAP,NO,NO,NO,NO,YES,YES,YES,NO,YES,P2,MEDIUM,8,74,PIA_SUPPLEMENT,GOVERNANCE,DRAFT_PIA_SUPPLEMENT,FDQ-002,Founder disposition plus source-register update plus validator pass plus implementation/test/evidence gates where applicable,SRC-BACKEND-PERMISSION-MAP;SRC-BACKEND-ROUTE-BARN-OWNER-INTAKE;SRC-BACKEND-ROUTE-GUARDIAN-INTAKE;SRC-BACKEND-ROUTE-RIDER-PROFILE;SRC-BACKEND-ROUTE-STAFF-INTAKE;SRC-BACKEND-ROUTE-TRAINER-INTAKE;SRC-BACKEND-SERVER-ASSEMBLY;SRC-CANON-DATA-PROTECTION-CANON-V1.0;SRC-CANON-MEDIA-CANON-V2.1;SRC-CANON-PRIVACY-CANON-V2.0;SRC-CANON-RECORDS-CANON-V2.1;SRC-CODE-GUIDE-PROGRAM-STATUS;SRC-FOUNDER-DIRECTIVE;SRC-FRONTEND-APP-ROUTES;SRC-FRONTEND-PAGE-ADVANCEDREPORTS;SRC-FRONTEND-PAGE-FORMSSIGNATURES;SRC-FRONTEND-PAGE-MOBILEREADINESS;SRC-FRONTEND-PAGE-OWNERUPDATES;SRC-FRONTEND-PAGE-RIDERS;SRC-IMPLEMENTATION-ATLAS;SRC-MASTER-PRODUCT-VISION;SRC-PIA-COMPONENT-OWNERSHIP;SRC-PIA-PORTFOLIO-TEN;SRC-PIA-REALIGNMENT-REGISTER;SRC-ROLE-PERMISSION-MATRIX;SRC-FOUNDER-REVISION-DIRECTIVE-2026-08-01
GAP-ES-FEAT-MEDIA-014,ES-FEAT-MEDIA-014,export,"Media, files, and digital assets",NO,NO_NON_PIA_GOVERNANCE_GAP,NO,NO,NO,NO,YES,YES,YES,NO,YES,P2,MEDIUM,8,74,PIA_SUPPLEMENT,GOVERNANCE,DRAFT_PIA_SUPPLEMENT,FDQ-002,Founder disposition plus source-register update plus validator pass plus implementation/test/evidence gates where applicable,SRC-BACKEND-PERMISSION-MAP;SRC-BACKEND-ROUTE-BACKLOG;SRC-BACKEND-ROUTE-GUARDIAN-INTAKE;SRC-BACKEND-ROUTE-RIDER-PROFILE;SRC-BACKEND-ROUTE-STAFF-INTAKE;SRC-BACKEND-ROUTE-TRAINER-INTAKE;SRC-BACKEND-SERVER-ASSEMBLY;SRC-BACKEND-TEST-TEST-RF12-BILLING-PAYMENTS-EXPORTS-FINANCIAL-TRUTH;SRC-CANON-DATA-PROTECTION-CANON-V1.0;SRC-CANON-MEDIA-CANON-V2.1;SRC-CANON-PRIVACY-CANON-V2.0;SRC-CANON-RECORDS-CANON-V2.1;SRC-CODE-GUIDE-PROGRAM-STATUS;SRC-FOUNDER-DIRECTIVE;SRC-FRONTEND-APP-ROUTES;SRC-FRONTEND-PAGE-ADVANCEDREPORTS;SRC-FRONTEND-PAGE-DASHBOARDRESOLVER;SRC-FRONTEND-PAGE-FORMSSIGNATURES;SRC-FRONTEND-PAGE-OWNERUPDATES;SRC-FRONTEND-PAGE-RIDERS;SRC-IMPLEMENTATION-ATLAS;SRC-MASTER-PRODUCT-VISION;SRC-PIA-COMPONENT-OWNERSHIP;SRC-PIA-PORTFOLIO-TEN;SRC-PIA-REALIGNMENT-REGISTER;SRC-ROLE-PERMISSION-MATRIX;SRC-FOUNDER-REVISION-DIRECTIVE-2026-08-01
GAP-ES-FEAT-MEDIA-015,ES-FEAT-MEDIA-015,retention,"Media, files, and digital assets",NO,NO_NON_PIA_GOVERNANCE_GAP,NO,NO,NO,NO,YES,YES,YES,NO,YES,P2,MEDIUM,8,74,PIA_SUPPLEMENT,GOVERNANCE,DRAFT_PIA_SUPPLEMENT,FDQ-002,Founder disposition plus source-register update plus validator pass plus implementation/test/evidence gates where applicable,SRC-BACKEND-PERMISSION-MAP;SRC-BACKEND-ROUTE-BARN-OWNER-INTAKE;SRC-BACKEND-ROUTE-GUARDIAN-INTAKE;SRC-BACKEND-ROUTE-RIDER-PROFILE;SRC-BACKEND-ROUTE-STAFF-INTAKE;SRC-BACKEND-ROUTE-TRAINER-INTAKE;SRC-BACKEND-SERVER-ASSEMBLY;SRC-CANON-DATA-PROTECTION-CANON-V1.0;SRC-CANON-MEDIA-CANON-V2.1;SRC-CANON-PRIVACY-CANON-V2.0;SRC-CANON-RECORDS-CANON-V2.1;SRC-CODE-GUIDE-PROGRAM-STATUS;SRC-FOUNDER-DIRECTIVE;SRC-FRONTEND-APP-ROUTES;SRC-FRONTEND-PAGE-ADVANCEDREPORTS;SRC-FRONTEND-PAGE-FORMSSIGNATURES;SRC-FRONTEND-PAGE-MOBILEREADINESS;SRC-FRONTEND-PAGE-OWNERUPDATES;SRC-FRONTEND-PAGE-RIDERS;SRC-IMPLEMENTATION-ATLAS;SRC-MASTER-PRODUCT-VISION;SRC-PIA-COMPONENT-OWNERSHIP;SRC-PIA-PORTFOLIO-TEN;SRC-PIA-REALIGNMENT-REGISTER;SRC-ROLE-PERMISSION-MATRIX;SRC-FOUNDER-REVISION-DIRECTIVE-2026-08-01
GAP-ES-FEAT-MEDIA-016,ES-FEAT-MEDIA-016,holds,"Media, files, and digital assets",NO,NO_NON_PIA_GOVERNANCE_GAP,NO,NO,NO,NO,YES,YES,YES,NO,YES,P2,MEDIUM,8,74,PIA_SUPPLEMENT,GOVERNANCE,DRAFT_PIA_SUPPLEMENT,FDQ-002,Founder disposition plus source-register update plus validator pass plus implementation/test/evidence gates where applicable,SRC-BACKEND-PERMISSION-MAP;SRC-BACKEND-ROUTE-BARN-OWNER-INTAKE;SRC-BACKEND-ROUTE-GUARDIAN-INTAKE;SRC-BACKEND-ROUTE-RIDER-PROFILE;SRC-BACKEND-ROUTE-STAFF-INTAKE;SRC-BACKEND-ROUTE-TRAINER-INTAKE;SRC-BACKEND-SERVER-ASSEMBLY;SRC-CANON-DATA-PROTECTION-CANON-V1.0;SRC-CANON-MEDIA-CANON-V2.1;SRC-CANON-PRIVACY-CANON-V2.0;SRC-CANON-RECORDS-CANON-V2.1;SRC-CODE-GUIDE-PROGRAM-STATUS;SRC-FOUNDER-DIRECTIVE;SRC-FRONTEND-APP-ROUTES;SRC-FRONTEND-PAGE-ADVANCEDREPORTS;SRC-FRONTEND-PAGE-FORMSSIGNATURES;SRC-FRONTEND-PAGE-MOBILEREADINESS;SRC-FRONTEND-PAGE-OWNERUPDATES;SRC-FRONTEND-PAGE-RIDERS;SRC-IMPLEMENTATION-ATLAS;SRC-MASTER-PRODUCT-VISION;SRC-PIA-COMPONENT-OWNERSHIP;SRC-PIA-PORTFOLIO-TEN;SRC-PIA-REALIGNMENT-REGISTER;SRC-ROLE-PERMISSION-MATRIX;SRC-FOUNDER-REVISION-DIRECTIVE-2026-08-01
GAP-ES-FEAT-REPORTING-001,ES-FEAT-REPORTING-001,operational dashboards,Reporting and analytics,YES,OPERATING_STANDARD_GAP,NO,NO,YES,NO,YES,YES,YES,YES,YES,P2,MEDIUM,8,64,OPERATING_STANDARD,OPERATIONS,DRAFT_OPERATING_STANDARD,FDQ-011,Founder disposition plus source-register update plus validator pass plus implementation/test/evidence gates where applicable,SRC-BACKEND-PERMISSION-MAP;SRC-BACKEND-ROUTE-ADMIN;SRC-BACKEND-ROUTE-ADMIN-BILLING;SRC-BACKEND-ROUTE-ANALYTICS;SRC-BACKEND-ROUTE-HORSE-LEDGER;SRC-BACKEND-ROUTE-INVITES;SRC-BACKEND-SERVER-ASSEMBLY;SRC-BACKEND-TEST-TEST-ANALYTICS-ROUTES;SRC-BACKEND-TEST-TEST-INVITES-AND-ANALYTICS;SRC-CANON-AUDIT-CANON-V2.0;SRC-CANON-FINANCIAL-TRUTH-CANON-V2.1;SRC-CANON-PRIVACY-CANON-V2.0;SRC-CANON-REPORTING-CANON-V2.0;SRC-CODE-GUIDE-PROGRAM-STATUS;SRC-FOUNDER-DIRECTIVE;SRC-FRONTEND-APP-ROUTES;SRC-FRONTEND-PAGE-ADMINBILLINGDASHBOARD;SRC-FRONTEND-PAGE-DASHBOARD;SRC-FRONTEND-PAGE-PERFORMANCEANALYTICS;SRC-FRONTEND-PAGE-PERSONALDASHBOARD;SRC-FRONTEND-PAGE-REHAB;SRC-IMPLEMENTATION-ATLAS;SRC-MASTER-PRODUCT-VISION;SRC-PIA-COMPONENT-OWNERSHIP;SRC-PIA-PORTFOLIO-TEN;SRC-PIA-REALIGNMENT-REGISTER;SRC-ROLE-PERMISSION-MATRIX;SRC-FOUNDER-REVISION-DIRECTIVE-2026-08-01
GAP-ES-FEAT-REPORTING-002,ES-FEAT-REPORTING-002,financial reporting,Reporting and analytics,YES,OPERATING_STANDARD_GAP,NO,NO,YES,NO,YES,YES,YES,YES,YES,P2,MEDIUM,8,64,OPERATING_STANDARD,OPERATIONS,DRAFT_OPERATING_STANDARD,FDQ-011,Founder disposition plus source-register update plus validator pass plus implementation/test/evidence gates where applicable,SRC-BACKEND-PERMISSION-MAP;SRC-BACKEND-ROUTE-ADMIN;SRC-BACKEND-ROUTE-ANALYTICS;SRC-BACKEND-ROUTE-INVITES;SRC-BACKEND-ROUTE-REPORTS;SRC-BACKEND-SERVER-ASSEMBLY;SRC-BACKEND-TEST-TEST-ANALYTICS-ROUTES;SRC-BACKEND-TEST-TEST-INVITES-AND-ANALYTICS;SRC-BACKEND-TEST-TEST-RF12-BILLING-PAYMENTS-EXPORTS-FINANCIAL-TRUTH;SRC-CANON-AUDIT-CANON-V2.0;SRC-CANON-FINANCIAL-TRUTH-CANON-V2.1;SRC-CANON-PRIVACY-CANON-V2.0;SRC-CANON-REPORTING-CANON-V2.0;SRC-CODE-GUIDE-PROGRAM-STATUS;SRC-FOUNDER-DIRECTIVE;SRC-FRONTEND-APP-ROUTES;SRC-FRONTEND-PAGE-DASHBOARD;SRC-FRONTEND-PAGE-FINANCIALDASHBOARD;SRC-FRONTEND-PAGE-PERFORMANCEANALYTICS;SRC-IMPLEMENTATION-ATLAS;SRC-MASTER-PRODUCT-VISION;SRC-PIA-COMPONENT-OWNERSHIP;SRC-PIA-PORTFOLIO-TEN;SRC-PIA-REALIGNMENT-REGISTER;SRC-ROLE-PERMISSION-MATRIX;SRC-FOUNDER-REVISION-DIRECTIVE-2026-08-01
GAP-ES-FEAT-REPORTING-003,ES-FEAT-REPORTING-003,horse-care reporting,Reporting and analytics,YES,OPERATING_STANDARD_GAP,NO,NO,YES,NO,YES,YES,YES,YES,YES,P2,MEDIUM,8,64,OPERATING_STANDARD,OPERATIONS,DRAFT_OPERATING_STANDARD,FDQ-011,Founder disposition plus source-register update plus validator pass plus implementation/test/evidence gates where applicable,SRC-BACKEND-PERMISSION-MAP;SRC-BACKEND-ROUTE-ADMIN;SRC-BACKEND-ROUTE-ANALYTICS;SRC-BACKEND-ROUTE-CARE;SRC-BACKEND-ROUTE-HORSE-LEDGER;SRC-BACKEND-ROUTE-HORSES;SRC-BACKEND-SERVER-ASSEMBLY;SRC-BACKEND-TEST-TEST-ANALYTICS-ROUTES;SRC-BACKEND-TEST-TEST-CARE-FILTERING;SRC-BACKEND-TEST-TEST-CARE-INTEGRITY;SRC-BACKEND-TEST-TEST-CARE-ROUTES;SRC-BACKEND-TEST-TEST-CARE-SCOPING;SRC-BACKEND-TEST-TEST-CARE-STATE-GUARDS;SRC-BACKEND-TEST-TEST-INVITES-AND-ANALYTICS;SRC-BACKEND-TEST-TEST-RF10-SERVICE-PROVIDER-CARE-PARTNER;SRC-CANON-AUDIT-CANON-V2.0;SRC-CANON-FINANCIAL-TRUTH-CANON-V2.1;SRC-CANON-PRIVACY-CANON-V2.0;SRC-CANON-REPORTING-CANON-V2.0;SRC-CODE-GUIDE-PROGRAM-STATUS;SRC-FOUNDER-DIRECTIVE;SRC-FRONTEND-APP-ROUTES;SRC-FRONTEND-PAGE-CARELEDGERTAB;SRC-FRONTEND-PAGE-DASHBOARD;SRC-FRONTEND-PAGE-HEALTHCARELOGS;SRC-FRONTEND-PAGE-OWNERCARELEDGER;SRC-FRONTEND-PAGE-PERSONALDASHBOARD;SRC-IMPLEMENTATION-ATLAS;SRC-MASTER-PRODUCT-VISION;SRC-PIA-COMPONENT-OWNERSHIP;SRC-PIA-PORTFOLIO-TEN;SRC-PIA-REALIGNMENT-REGISTER;SRC-ROLE-PERMISSION-MATRIX;SRC-FOUNDER-REVISION-DIRECTIVE-2026-08-01
GAP-ES-FEAT-REPORTING-004,ES-FEAT-REPORTING-004,rider progress,Reporting and analytics,YES,OPERATING_STANDARD_GAP,NO,NO,YES,NO,YES,YES,YES,YES,YES,P2,MEDIUM,8,64,OPERATING_STANDARD,OPERATIONS,DRAFT_OPERATING_STANDARD,FDQ-011,Founder disposition plus source-register update plus validator pass plus implementation/test/evidence gates where applicable,SRC-BACKEND-PERMISSION-MAP;SRC-BACKEND-ROUTE-ADMIN;SRC-BACKEND-ROUTE-ADMIN-BILLING;SRC-BACKEND-ROUTE-ANALYTICS;SRC-BACKEND-ROUTE-REPORTS;SRC-BACKEND-ROUTE-RIDER-PROFILE;SRC-BACKEND-SERVER-ASSEMBLY;SRC-BACKEND-TEST-TEST-ANALYTICS-ROUTES;SRC-BACKEND-TEST-TEST-BUILD-NEXT-13C-RIDER-INTAKE-SHELL;SRC-BACKEND-TEST-TEST-INVITES-AND-ANALYTICS;SRC-CANON-AUDIT-CANON-V2.0;SRC-CANON-FINANCIAL-TRUTH-CANON-V2.1;SRC-CANON-PRIVACY-CANON-V2.0;SRC-CANON-REPORTING-CANON-V2.0;SRC-CODE-GUIDE-PROGRAM-STATUS;SRC-FOUNDER-DIRECTIVE;SRC-FRONTEND-APP-ROUTES;SRC-FRONTEND-PAGE-DASHBOARD;SRC-FRONTEND-PAGE-PERFORMANCEANALYTICS;SRC-FRONTEND-PAGE-PERSONALDASHBOARD;SRC-FRONTEND-PAGE-RIDERDASHBOARD;SRC-FRONTEND-PAGE-RIDERS;SRC-IMPLEMENTATION-ATLAS;SRC-MASTER-PRODUCT-VISION;SRC-PIA-COMPONENT-OWNERSHIP;SRC-PIA-PORTFOLIO-TEN;SRC-PIA-REALIGNMENT-REGISTER;SRC-ROLE-PERMISSION-MATRIX;SRC-FOUNDER-REVISION-DIRECTIVE-2026-08-01
GAP-ES-FEAT-REPORTING-005,ES-FEAT-REPORTING-005,facility KPIs,Reporting and analytics,YES,OPERATING_STANDARD_GAP,NO,NO,YES,NO,YES,YES,YES,YES,YES,P2,MEDIUM,8,64,OPERATING_STANDARD,OPERATIONS,DRAFT_OPERATING_STANDARD,FDQ-011,Founder disposition plus source-register update plus validator pass plus implementation/test/evidence gates where applicable,SRC-BACKEND-PERMISSION-MAP;SRC-BACKEND-ROUTE-ADMIN;SRC-BACKEND-ROUTE-ANALYTICS;SRC-BACKEND-ROUTE-AUTH;SRC-BACKEND-ROUTE-BARN-OWNER-INTAKE;SRC-BACKEND-ROUTE-BARNS;SRC-BACKEND-SERVER-ASSEMBLY;SRC-BACKEND-TEST-TEST-ANALYTICS-ROUTES;SRC-BACKEND-TEST-TEST-INVITES-AND-ANALYTICS;SRC-CANON-AUDIT-CANON-V2.0;SRC-CANON-FINANCIAL-TRUTH-CANON-V2.1;SRC-CANON-PRIVACY-CANON-V2.0;SRC-CANON-REPORTING-CANON-V2.0;SRC-CODE-GUIDE-PROGRAM-STATUS;SRC-FOUNDER-DIRECTIVE;SRC-FRONTEND-APP-ROUTES;SRC-FRONTEND-PAGE-ADMINREVIEWQUEUE;SRC-FRONTEND-PAGE-DASHBOARD;SRC-FRONTEND-PAGE-FACILITYDASHBOARD;SRC-FRONTEND-PAGE-PERSONALDASHBOARD;SRC-FRONTEND-PAGE-SERVICEPROVIDERDASHBOARD;SRC-IMPLEMENTATION-ATLAS;SRC-MASTER-PRODUCT-VISION;SRC-PIA-COMPONENT-OWNERSHIP;SRC-PIA-PORTFOLIO-TEN;SRC-PIA-REALIGNMENT-REGISTER;SRC-ROLE-PERMISSION-MATRIX;SRC-FOUNDER-REVISION-DIRECTIVE-2026-08-01
GAP-ES-FEAT-REPORTING-006,ES-FEAT-REPORTING-006,owner summaries,Reporting and analytics,YES,OPERATING_STANDARD_GAP,NO,NO,YES,NO,YES,YES,YES,YES,YES,P2,MEDIUM,8,64,OPERATING_STANDARD,OPERATIONS,DRAFT_OPERATING_STANDARD,FDQ-011,Founder disposition plus source-register update plus validator pass plus implementation/test/evidence gates where applicable,SRC-BACKEND-PERMISSION-MAP;SRC-BACKEND-ROUTE-ADMIN;SRC-BACKEND-ROUTE-ANALYTICS;SRC-BACKEND-ROUTE-INVITES;SRC-BACKEND-ROUTE-REPORTS;SRC-BACKEND-SERVER-ASSEMBLY;SRC-BACKEND-TEST-TEST-ANALYTICS-ROUTES;SRC-BACKEND-TEST-TEST-INVITES-AND-ANALYTICS;SRC-CANON-AUDIT-CANON-V2.0;SRC-CANON-FINANCIAL-TRUTH-CANON-V2.1;SRC-CANON-PRIVACY-CANON-V2.0;SRC-CANON-REPORTING-CANON-V2.0;SRC-CODE-GUIDE-PROGRAM-STATUS;SRC-FOUNDER-DIRECTIVE;SRC-FRONTEND-APP-ROUTES;SRC-FRONTEND-PAGE-DASHBOARD;SRC-FRONTEND-PAGE-PERFORMANCEANALYTICS;SRC-FRONTEND-PAGE-PERSONALDASHBOARD;SRC-IMPLEMENTATION-ATLAS;SRC-MASTER-PRODUCT-VISION;SRC-PIA-COMPONENT-OWNERSHIP;SRC-PIA-PORTFOLIO-TEN;SRC-PIA-REALIGNMENT-REGISTER;SRC-ROLE-PERMISSION-MATRIX;SRC-FOUNDER-REVISION-DIRECTIVE-2026-08-01
GAP-ES-FEAT-REPORTING-007,ES-FEAT-REPORTING-007,exports,Reporting and analytics,YES,OPERATING_STANDARD_GAP,NO,NO,YES,NO,YES,YES,YES,YES,YES,P2,MEDIUM,8,64,OPERATING_STANDARD,OPERATIONS,DRAFT_OPERATING_STANDARD,FDQ-011,Founder disposition plus source-register update plus validator pass plus implementation/test/evidence gates where applicable,SRC-BACKEND-PERMISSION-MAP;SRC-BACKEND-ROUTE-ADMIN;SRC-BACKEND-ROUTE-ANALYTICS;SRC-BACKEND-ROUTE-INVITES;SRC-BACKEND-ROUTE-REPORTS;SRC-BACKEND-SERVER-ASSEMBLY;SRC-BACKEND-TEST-TEST-ANALYTICS-ROUTES;SRC-BACKEND-TEST-TEST-INVITES-AND-ANALYTICS;SRC-BACKEND-TEST-TEST-RF12-BILLING-PAYMENTS-EXPORTS-FINANCIAL-TRUTH;SRC-CANON-AUDIT-CANON-V2.0;SRC-CANON-FINANCIAL-TRUTH-CANON-V2.1;SRC-CANON-PRIVACY-CANON-V2.0;SRC-CANON-REPORTING-CANON-V2.0;SRC-CODE-GUIDE-PROGRAM-STATUS;SRC-FOUNDER-DIRECTIVE;SRC-FRONTEND-APP-ROUTES;SRC-FRONTEND-PAGE-DASHBOARD;SRC-FRONTEND-PAGE-PERFORMANCEANALYTICS;SRC-IMPLEMENTATION-ATLAS;SRC-MASTER-PRODUCT-VISION;SRC-PIA-COMPONENT-OWNERSHIP;SRC-PIA-PORTFOLIO-TEN;SRC-PIA-REALIGNMENT-REGISTER;SRC-ROLE-PERMISSION-MATRIX;SRC-FOUNDER-REVISION-DIRECTIVE-2026-08-01
GAP-ES-FEAT-REPORTING-008,ES-FEAT-REPORTING-008,metric lineage,Reporting and analytics,YES,OPERATING_STANDARD_GAP,NO,NO,YES,NO,YES,YES,YES,YES,YES,P2,MEDIUM,8,64,OPERATING_STANDARD,OPERATIONS,DRAFT_OPERATING_STANDARD,FDQ-011,Founder disposition plus source-register update plus validator pass plus implementation/test/evidence gates where applicable,SRC-BACKEND-PERMISSION-MAP;SRC-BACKEND-ROUTE-ADMIN;SRC-BACKEND-ROUTE-ANALYTICS;SRC-BACKEND-ROUTE-INVITES;SRC-BACKEND-ROUTE-REPORTS;SRC-BACKEND-SERVER-ASSEMBLY;SRC-BACKEND-TEST-TEST-ANALYTICS-ROUTES;SRC-BACKEND-TEST-TEST-INVITES-AND-ANALYTICS;SRC-CANON-AUDIT-CANON-V2.0;SRC-CANON-FINANCIAL-TRUTH-CANON-V2.1;SRC-CANON-PRIVACY-CANON-V2.0;SRC-CANON-REPORTING-CANON-V2.0;SRC-CODE-GUIDE-PROGRAM-STATUS;SRC-FOUNDER-DIRECTIVE;SRC-FRONTEND-APP-ROUTES;SRC-FRONTEND-PAGE-DASHBOARD;SRC-FRONTEND-PAGE-PERFORMANCEANALYTICS;SRC-IMPLEMENTATION-ATLAS;SRC-MASTER-PRODUCT-VISION;SRC-PIA-COMPONENT-OWNERSHIP;SRC-PIA-PORTFOLIO-TEN;SRC-PIA-REALIGNMENT-REGISTER;SRC-ROLE-PERMISSION-MATRIX;SRC-FOUNDER-REVISION-DIRECTIVE-2026-08-01
GAP-ES-FEAT-REPORTING-009,ES-FEAT-REPORTING-009,confidence,Reporting and analytics,YES,OPERATING_STANDARD_GAP,NO,NO,YES,NO,YES,YES,YES,YES,YES,P2,MEDIUM,8,64,OPERATING_STANDARD,OPERATIONS,DRAFT_OPERATING_STANDARD,FDQ-011,Founder disposition plus source-register update plus validator pass plus implementation/test/evidence gates where applicable,SRC-BACKEND-PERMISSION-MAP;SRC-BACKEND-ROUTE-ADMIN;SRC-BACKEND-ROUTE-ANALYTICS;SRC-BACKEND-ROUTE-INVITES;SRC-BACKEND-ROUTE-REPORTS;SRC-BACKEND-SERVER-ASSEMBLY;SRC-BACKEND-TEST-TEST-ANALYTICS-ROUTES;SRC-BACKEND-TEST-TEST-INVITES-AND-ANALYTICS;SRC-CANON-AUDIT-CANON-V2.0;SRC-CANON-FINANCIAL-TRUTH-CANON-V2.1;SRC-CANON-PRIVACY-CANON-V2.0;SRC-CANON-REPORTING-CANON-V2.0;SRC-CODE-GUIDE-PROGRAM-STATUS;SRC-FOUNDER-DIRECTIVE;SRC-FRONTEND-APP-ROUTES;SRC-FRONTEND-PAGE-AIAUTOMATION;SRC-FRONTEND-PAGE-DASHBOARD;SRC-FRONTEND-PAGE-PERFORMANCEANALYTICS;SRC-IMPLEMENTATION-ATLAS;SRC-MASTER-PRODUCT-VISION;SRC-PIA-COMPONENT-OWNERSHIP;SRC-PIA-PORTFOLIO-TEN;SRC-PIA-REALIGNMENT-REGISTER;SRC-ROLE-PERMISSION-MATRIX;SRC-FOUNDER-REVISION-DIRECTIVE-2026-08-01
GAP-ES-FEAT-REPORTING-010,ES-FEAT-REPORTING-010,corrections,Reporting and analytics,YES,OPERATING_STANDARD_GAP,NO,NO,YES,NO,YES,YES,YES,YES,YES,P2,MEDIUM,8,64,OPERATING_STANDARD,OPERATIONS,DRAFT_OPERATING_STANDARD,FDQ-011,Founder disposition plus source-register update plus validator pass plus implementation/test/evidence gates where applicable,SRC-BACKEND-PERMISSION-MAP;SRC-BACKEND-ROUTE-ADMIN;SRC-BACKEND-ROUTE-ANALYTICS;SRC-BACKEND-ROUTE-INVITES;SRC-BACKEND-ROUTE-REPORTS;SRC-BACKEND-SERVER-ASSEMBLY;SRC-BACKEND-TEST-TEST-ANALYTICS-ROUTES;SRC-BACKEND-TEST-TEST-INVITES-AND-ANALYTICS;SRC-CANON-AUDIT-CANON-V2.0;SRC-CANON-FINANCIAL-TRUTH-CANON-V2.1;SRC-CANON-PRIVACY-CANON-V2.0;SRC-CANON-REPORTING-CANON-V2.0;SRC-CODE-GUIDE-PROGRAM-STATUS;SRC-FOUNDER-DIRECTIVE;SRC-FRONTEND-APP-ROUTES;SRC-FRONTEND-PAGE-DASHBOARD;SRC-FRONTEND-PAGE-PERFORMANCEANALYTICS;SRC-IMPLEMENTATION-ATLAS;SRC-MASTER-PRODUCT-VISION;SRC-PIA-COMPONENT-OWNERSHIP;SRC-PIA-PORTFOLIO-TEN;SRC-PIA-REALIGNMENT-REGISTER;SRC-ROLE-PERMISSION-MATRIX;SRC-FOUNDER-REVISION-DIRECTIVE-2026-08-01
GAP-ES-FEAT-REPORTING-011,ES-FEAT-REPORTING-011,access restrictions,Reporting and analytics,YES,OPERATING_STANDARD_GAP,NO,NO,YES,NO,YES,YES,YES,YES,YES,P2,MEDIUM,8,64,OPERATING_STANDARD,OPERATIONS,DRAFT_OPERATING_STANDARD,FDQ-011,Founder disposition plus source-register update plus validator pass plus implementation/test/evidence gates where applicable,SRC-BACKEND-PERMISSION-MAP;SRC-BACKEND-ROUTE-ADMIN;SRC-BACKEND-ROUTE-ADMIN-BILLING;SRC-BACKEND-ROUTE-ANALYTICS;SRC-BACKEND-ROUTE-CARE;SRC-BACKEND-ROUTE-HORSE-LEDGER;SRC-BACKEND-SERVER-ASSEMBLY;SRC-BACKEND-TEST-TEST-ANALYTICS-ROUTES;SRC-BACKEND-TEST-TEST-INVITES-AND-ANALYTICS;SRC-BACKEND-TEST-TEST-RF2-IDENTITY-ACCESS-MIGRATION;SRC-CANON-AUDIT-CANON-V2.0;SRC-CANON-FINANCIAL-TRUTH-CANON-V2.1;SRC-CANON-PRIVACY-CANON-V2.0;SRC-CANON-REPORTING-CANON-V2.0;SRC-CODE-GUIDE-PROGRAM-STATUS;SRC-FOUNDER-DIRECTIVE;SRC-FRONTEND-APP-ROUTES;SRC-FRONTEND-PAGE-ADMINBILLINGDASHBOARD;SRC-FRONTEND-PAGE-ADMINREVIEWQUEUE;SRC-FRONTEND-PAGE-CARELEDGERTAB;SRC-FRONTEND-PAGE-DASHBOARD;SRC-FRONTEND-PAGE-FORBIDDEN;SRC-IMPLEMENTATION-ATLAS;SRC-MASTER-PRODUCT-VISION;SRC-PIA-COMPONENT-OWNERSHIP;SRC-PIA-PORTFOLIO-TEN;SRC-PIA-REALIGNMENT-REGISTER;SRC-ROLE-PERMISSION-MATRIX;SRC-FOUNDER-REVISION-DIRECTIVE-2026-08-01
GAP-ES-FEAT-AI-001,ES-FEAT-AI-001,AI assistant,Artificial intelligence,YES,CODE_GUIDE_GAP,YES,NO,NO,NO,YES,YES,YES,YES,YES,P2,HIGH,9,68,CODE_GUIDE,ARCHITECTURE,DRAFT_CODE_GUIDE,FDQ-006,Founder disposition plus source-register update plus validator pass plus implementation/test/evidence gates where applicable,SRC-BACKEND-PERMISSION-MAP;SRC-BACKEND-SERVER-ASSEMBLY;SRC-CANON-PRIVACY-CANON-V2.0;SRC-CANON-PRODUCT-VISION-CANON;SRC-CANON-REPORTING-CANON-V2.0;SRC-CANON-VENDOR-SECURITY-CANON-V2.0;SRC-CODE-GUIDE-PROGRAM-STATUS;SRC-FOUNDER-DIRECTIVE;SRC-FRONTEND-APP-ROUTES;SRC-IMPLEMENTATION-ATLAS;SRC-MASTER-PRODUCT-VISION;SRC-PIA-COMPONENT-OWNERSHIP;SRC-PIA-PORTFOLIO-TEN;SRC-PIA-REALIGNMENT-REGISTER;SRC-ROLE-PERMISSION-MATRIX;SRC-FOUNDER-REVISION-DIRECTIVE-2026-08-01
GAP-ES-FEAT-AI-002,ES-FEAT-AI-002,inventory recognition,Artificial intelligence,YES,CODE_GUIDE_GAP,YES,NO,NO,NO,YES,YES,YES,YES,YES,P2,HIGH,12,68,CODE_GUIDE,ARCHITECTURE,DRAFT_CODE_GUIDE,FDQ-006,Founder disposition plus source-register update plus validator pass plus implementation/test/evidence gates where applicable,SRC-BACKEND-PERMISSION-MAP;SRC-BACKEND-ROUTE-MANAGER-INTAKE;SRC-BACKEND-ROUTE-ONBOARDING;SRC-BACKEND-SERVER-ASSEMBLY;SRC-BACKEND-TEST-TEST-TASK-ROUTES-INVENTORY;SRC-CANON-PRIVACY-CANON-V2.0;SRC-CANON-PRODUCT-VISION-CANON;SRC-CANON-REPORTING-CANON-V2.0;SRC-CANON-VENDOR-SECURITY-CANON-V2.0;SRC-CODE-GUIDE-PROGRAM-STATUS;SRC-FOUNDER-DIRECTIVE;SRC-FRONTEND-APP-ROUTES;SRC-FRONTEND-PAGE-INVENTORY;SRC-FRONTEND-PAGE-ONBOARDING;SRC-FRONTEND-PAGE-ROLEINTAKE;SRC-FRONTEND-PAGE-SUPPLYINVENTORY;SRC-IMPLEMENTATION-ATLAS;SRC-MASTER-PRODUCT-VISION;SRC-PIA-COMPONENT-OWNERSHIP;SRC-PIA-PORTFOLIO-TEN;SRC-PIA-REALIGNMENT-REGISTER;SRC-ROLE-PERMISSION-MATRIX;SRC-FOUNDER-REVISION-DIRECTIVE-2026-08-01
GAP-ES-FEAT-AI-003,ES-FEAT-AI-003,summaries,Artificial intelligence,YES,CODE_GUIDE_GAP,YES,NO,NO,NO,YES,YES,YES,YES,YES,P2,HIGH,12,68,CODE_GUIDE,ARCHITECTURE,DRAFT_CODE_GUIDE,FDQ-006,Founder disposition plus source-register update plus validator pass plus implementation/test/evidence gates where applicable,SRC-BACKEND-PERMISSION-MAP;SRC-BACKEND-SERVER-ASSEMBLY;SRC-CANON-PRIVACY-CANON-V2.0;SRC-CANON-PRODUCT-VISION-CANON;SRC-CANON-REPORTING-CANON-V2.0;SRC-CANON-VENDOR-SECURITY-CANON-V2.0;SRC-CODE-GUIDE-PROGRAM-STATUS;SRC-FOUNDER-DIRECTIVE;SRC-FRONTEND-APP-ROUTES;SRC-FRONTEND-PAGE-PERSONALDASHBOARD;SRC-IMPLEMENTATION-ATLAS;SRC-MASTER-PRODUCT-VISION;SRC-PIA-COMPONENT-OWNERSHIP;SRC-PIA-PORTFOLIO-TEN;SRC-PIA-REALIGNMENT-REGISTER;SRC-ROLE-PERMISSION-MATRIX;SRC-FOUNDER-REVISION-DIRECTIVE-2026-08-01
GAP-ES-FEAT-AI-004,ES-FEAT-AI-004,recommendations,Artificial intelligence,YES,CODE_GUIDE_GAP,YES,NO,NO,NO,YES,YES,YES,YES,YES,P2,HIGH,12,68,CODE_GUIDE,ARCHITECTURE,DRAFT_CODE_GUIDE,FDQ-006,Founder disposition plus source-register update plus validator pass plus implementation/test/evidence gates where applicable,SRC-BACKEND-PERMISSION-MAP;SRC-BACKEND-SERVER-ASSEMBLY;SRC-CANON-PRIVACY-CANON-V2.0;SRC-CANON-PRODUCT-VISION-CANON;SRC-CANON-REPORTING-CANON-V2.0;SRC-CANON-VENDOR-SECURITY-CANON-V2.0;SRC-CODE-GUIDE-PROGRAM-STATUS;SRC-FOUNDER-DIRECTIVE;SRC-FRONTEND-APP-ROUTES;SRC-FRONTEND-PAGE-SIGNUP;SRC-IMPLEMENTATION-ATLAS;SRC-MASTER-PRODUCT-VISION;SRC-PIA-COMPONENT-OWNERSHIP;SRC-PIA-PORTFOLIO-TEN;SRC-PIA-REALIGNMENT-REGISTER;SRC-ROLE-PERMISSION-MATRIX;SRC-FOUNDER-REVISION-DIRECTIVE-2026-08-01
GAP-ES-FEAT-AI-005,ES-FEAT-AI-005,scheduling assistance,Artificial intelligence,YES,CODE_GUIDE_GAP,YES,NO,NO,NO,YES,YES,YES,YES,YES,P2,HIGH,12,68,CODE_GUIDE,ARCHITECTURE,DRAFT_CODE_GUIDE,FDQ-006,Founder disposition plus source-register update plus validator pass plus implementation/test/evidence gates where applicable,SRC-BACKEND-PERMISSION-MAP;SRC-BACKEND-ROUTE-MANAGER-INTAKE;SRC-BACKEND-ROUTE-RIDER-PROFILE;SRC-BACKEND-SERVER-ASSEMBLY;SRC-CANON-PRIVACY-CANON-V2.0;SRC-CANON-PRODUCT-VISION-CANON;SRC-CANON-REPORTING-CANON-V2.0;SRC-CANON-VENDOR-SECURITY-CANON-V2.0;SRC-CODE-GUIDE-PROGRAM-STATUS;SRC-FOUNDER-DIRECTIVE;SRC-FRONTEND-APP-ROUTES;SRC-FRONTEND-PAGE-HANDOFFREPORTS;SRC-FRONTEND-PAGE-PERSONALDASHBOARD;SRC-FRONTEND-PAGE-REHAB;SRC-FRONTEND-PAGE-ROLEINTAKE;SRC-FRONTEND-PAGE-STAFFSCHEDULING;SRC-IMPLEMENTATION-ATLAS;SRC-MASTER-PRODUCT-VISION;SRC-PIA-COMPONENT-OWNERSHIP;SRC-PIA-PORTFOLIO-TEN;SRC-PIA-REALIGNMENT-REGISTER;SRC-ROLE-PERMISSION-MATRIX;SRC-FOUNDER-REVISION-DIRECTIVE-2026-08-01
GAP-ES-FEAT-AI-006,ES-FEAT-AI-006,anomaly detection,Artificial intelligence,YES,CODE_GUIDE_GAP,YES,NO,NO,NO,YES,YES,YES,YES,YES,P2,HIGH,9,68,CODE_GUIDE,ARCHITECTURE,DRAFT_CODE_GUIDE,FDQ-006,Founder disposition plus source-register update plus validator pass plus implementation/test/evidence gates where applicable,SRC-BACKEND-PERMISSION-MAP;SRC-BACKEND-SERVER-ASSEMBLY;SRC-CANON-PRIVACY-CANON-V2.0;SRC-CANON-PRODUCT-VISION-CANON;SRC-CANON-REPORTING-CANON-V2.0;SRC-CANON-VENDOR-SECURITY-CANON-V2.0;SRC-CODE-GUIDE-PROGRAM-STATUS;SRC-FOUNDER-DIRECTIVE;SRC-FRONTEND-APP-ROUTES;SRC-IMPLEMENTATION-ATLAS;SRC-MASTER-PRODUCT-VISION;SRC-PIA-COMPONENT-OWNERSHIP;SRC-PIA-PORTFOLIO-TEN;SRC-PIA-REALIGNMENT-REGISTER;SRC-ROLE-PERMISSION-MATRIX;SRC-FOUNDER-REVISION-DIRECTIVE-2026-08-01
GAP-ES-FEAT-AI-007,ES-FEAT-AI-007,reporting interpretation,Artificial intelligence,YES,CODE_GUIDE_GAP,YES,NO,NO,NO,YES,YES,YES,YES,YES,P2,HIGH,9,68,CODE_GUIDE,ARCHITECTURE,DRAFT_CODE_GUIDE,FDQ-006,Founder disposition plus source-register update plus validator pass plus implementation/test/evidence gates where applicable,SRC-BACKEND-PERMISSION-MAP;SRC-BACKEND-SERVER-ASSEMBLY;SRC-CANON-PRIVACY-CANON-V2.0;SRC-CANON-PRODUCT-VISION-CANON;SRC-CANON-REPORTING-CANON-V2.0;SRC-CANON-VENDOR-SECURITY-CANON-V2.0;SRC-CODE-GUIDE-PROGRAM-STATUS;SRC-FOUNDER-DIRECTIVE;SRC-FRONTEND-APP-ROUTES;SRC-IMPLEMENTATION-ATLAS;SRC-MASTER-PRODUCT-VISION;SRC-PIA-COMPONENT-OWNERSHIP;SRC-PIA-PORTFOLIO-TEN;SRC-PIA-REALIGNMENT-REGISTER;SRC-ROLE-PERMISSION-MATRIX;SRC-FOUNDER-REVISION-DIRECTIVE-2026-08-01
GAP-ES-FEAT-AI-008,ES-FEAT-AI-008,model providers,Artificial intelligence,YES,CODE_GUIDE_GAP,YES,NO,NO,NO,YES,YES,YES,YES,YES,P2,HIGH,12,68,CODE_GUIDE,ARCHITECTURE,DRAFT_CODE_GUIDE,FDQ-006,Founder disposition plus source-register update plus validator pass plus implementation/test/evidence gates where applicable,SRC-BACKEND-PERMISSION-MAP;SRC-BACKEND-ROUTE-ADMIN;SRC-BACKEND-ROUTE-ADMIN-BILLING;SRC-BACKEND-ROUTE-ADMIN-REVIEW;SRC-BACKEND-ROUTE-MEMBERSHIP;SRC-BACKEND-ROUTE-ONBOARDING;SRC-BACKEND-SERVER-ASSEMBLY;SRC-BACKEND-TEST-TEST-RF8-STAFF-WORKFORCE-MODEL;SRC-CANON-PRIVACY-CANON-V2.0;SRC-CANON-PRODUCT-VISION-CANON;SRC-CANON-REPORTING-CANON-V2.0;SRC-CANON-VENDOR-SECURITY-CANON-V2.0;SRC-CODE-GUIDE-PROGRAM-STATUS;SRC-FOUNDER-DIRECTIVE;SRC-FRONTEND-APP-ROUTES;SRC-FRONTEND-PAGE-CARELEDGERTAB;SRC-FRONTEND-PAGE-INTEGRATIONS;SRC-IMPLEMENTATION-ATLAS;SRC-MASTER-PRODUCT-VISION;SRC-PIA-COMPONENT-OWNERSHIP;SRC-PIA-PORTFOLIO-TEN;SRC-PIA-REALIGNMENT-REGISTER;SRC-ROLE-PERMISSION-MATRIX;SRC-FOUNDER-REVISION-DIRECTIVE-2026-08-01
GAP-ES-FEAT-AI-009,ES-FEAT-AI-009,human review,Artificial intelligence,YES,CODE_GUIDE_GAP,YES,NO,NO,NO,YES,YES,YES,YES,YES,P2,HIGH,12,68,CODE_GUIDE,ARCHITECTURE,DRAFT_CODE_GUIDE,FDQ-006,Founder disposition plus source-register update plus validator pass plus implementation/test/evidence gates where applicable,SRC-BACKEND-PERMISSION-MAP;SRC-BACKEND-ROUTE-ADMIN-REVIEW;SRC-BACKEND-ROUTE-AUTH;SRC-BACKEND-ROUTE-BACKLOG;SRC-BACKEND-ROUTE-DIGESTS;SRC-BACKEND-ROUTE-ONBOARDING;SRC-BACKEND-SERVER-ASSEMBLY;SRC-BACKEND-TEST-TEST-REVIEW-QUEUE-AND-LIFECYCLE;SRC-CANON-PRIVACY-CANON-V2.0;SRC-CANON-PRODUCT-VISION-CANON;SRC-CANON-REPORTING-CANON-V2.0;SRC-CANON-VENDOR-SECURITY-CANON-V2.0;SRC-CODE-GUIDE-PROGRAM-STATUS;SRC-FOUNDER-DIRECTIVE;SRC-FRONTEND-APP-ROUTES;SRC-FRONTEND-PAGE-ADMINBILLINGDASHBOARD;SRC-FRONTEND-PAGE-ADMINREVIEWQUEUE;SRC-FRONTEND-PAGE-AIAUTOMATION;SRC-FRONTEND-PAGE-GROUPMESSAGING;SRC-FRONTEND-PAGE-REVIEWQUEUE;SRC-IMPLEMENTATION-ATLAS;SRC-MASTER-PRODUCT-VISION;SRC-PIA-COMPONENT-OWNERSHIP;SRC-PIA-PORTFOLIO-TEN;SRC-PIA-REALIGNMENT-REGISTER;SRC-ROLE-PERMISSION-MATRIX;SRC-FOUNDER-REVISION-DIRECTIVE-2026-08-01
GAP-ES-FEAT-AI-010,ES-FEAT-AI-010,prohibited decisions,Artificial intelligence,YES,CODE_GUIDE_GAP,YES,NO,NO,NO,YES,YES,YES,YES,YES,P2,HIGH,12,68,CODE_GUIDE,ARCHITECTURE,DRAFT_CODE_GUIDE,FDQ-006,Founder disposition plus source-register update plus validator pass plus implementation/test/evidence gates where applicable,SRC-BACKEND-PERMISSION-MAP;SRC-BACKEND-ROUTE-ADMIN-REVIEW;SRC-BACKEND-SERVER-ASSEMBLY;SRC-CANON-PRIVACY-CANON-V2.0;SRC-CANON-PRODUCT-VISION-CANON;SRC-CANON-REPORTING-CANON-V2.0;SRC-CANON-VENDOR-SECURITY-CANON-V2.0;SRC-CODE-GUIDE-PROGRAM-STATUS;SRC-FOUNDER-DIRECTIVE;SRC-FRONTEND-APP-ROUTES;SRC-IMPLEMENTATION-ATLAS;SRC-MASTER-PRODUCT-VISION;SRC-PIA-COMPONENT-OWNERSHIP;SRC-PIA-PORTFOLIO-TEN;SRC-PIA-REALIGNMENT-REGISTER;SRC-ROLE-PERMISSION-MATRIX;SRC-FOUNDER-REVISION-DIRECTIVE-2026-08-01
GAP-ES-FEAT-AI-011,ES-FEAT-AI-011,prompt and output handling,Artificial intelligence,YES,CODE_GUIDE_GAP,YES,NO,NO,NO,YES,YES,YES,YES,YES,P2,HIGH,12,68,CODE_GUIDE,ARCHITECTURE,DRAFT_CODE_GUIDE,FDQ-006,Founder disposition plus source-register update plus validator pass plus implementation/test/evidence gates where applicable,SRC-BACKEND-PERMISSION-MAP;SRC-BACKEND-ROUTE-HORSE-LEDGER;SRC-BACKEND-SERVER-ASSEMBLY;SRC-BACKEND-TEST-TEST-PHASE15R-USAGE-PROMPTS;SRC-CANON-PRIVACY-CANON-V2.0;SRC-CANON-PRODUCT-VISION-CANON;SRC-CANON-REPORTING-CANON-V2.0;SRC-CANON-VENDOR-SECURITY-CANON-V2.0;SRC-CODE-GUIDE-PROGRAM-STATUS;SRC-FOUNDER-DIRECTIVE;SRC-FRONTEND-APP-ROUTES;SRC-FRONTEND-PAGE-CARELEDGERTAB;SRC-IMPLEMENTATION-ATLAS;SRC-MASTER-PRODUCT-VISION;SRC-PIA-COMPONENT-OWNERSHIP;SRC-PIA-PORTFOLIO-TEN;SRC-PIA-REALIGNMENT-REGISTER;SRC-ROLE-PERMISSION-MATRIX;SRC-FOUNDER-REVISION-DIRECTIVE-2026-08-01
GAP-ES-FEAT-AI-012,ES-FEAT-AI-012,AI provenance,Artificial intelligence,YES,CODE_GUIDE_GAP,YES,NO,NO,NO,YES,YES,YES,YES,YES,P2,HIGH,9,68,CODE_GUIDE,ARCHITECTURE,DRAFT_CODE_GUIDE,FDQ-006,Founder disposition plus source-register update plus validator pass plus implementation/test/evidence gates where applicable,SRC-BACKEND-PERMISSION-MAP;SRC-BACKEND-SERVER-ASSEMBLY;SRC-CANON-PRIVACY-CANON-V2.0;SRC-CANON-PRODUCT-VISION-CANON;SRC-CANON-REPORTING-CANON-V2.0;SRC-CANON-VENDOR-SECURITY-CANON-V2.0;SRC-CODE-GUIDE-PROGRAM-STATUS;SRC-FOUNDER-DIRECTIVE;SRC-FRONTEND-APP-ROUTES;SRC-IMPLEMENTATION-ATLAS;SRC-MASTER-PRODUCT-VISION;SRC-PIA-COMPONENT-OWNERSHIP;SRC-PIA-PORTFOLIO-TEN;SRC-PIA-REALIGNMENT-REGISTER;SRC-ROLE-PERMISSION-MATRIX;SRC-FOUNDER-REVISION-DIRECTIVE-2026-08-01
GAP-ES-FEAT-INTEGRATIONS-001,ES-FEAT-INTEGRATIONS-001,Stripe,Integrations and external providers,YES,CODE_GUIDE_GAP,YES,NO,NO,NO,YES,YES,YES,YES,YES,P2,HIGH,12,68,CODE_GUIDE,ARCHITECTURE,DRAFT_CODE_GUIDE,FDQ-006,Founder disposition plus source-register update plus validator pass plus implementation/test/evidence gates where applicable,SRC-BACKEND-PERMISSION-MAP;SRC-BACKEND-ROUTE-ADMIN-BILLING;SRC-BACKEND-ROUTE-ADMIN-REVIEW;SRC-BACKEND-ROUTE-BARN-OWNER-INTAKE;SRC-BACKEND-ROUTE-HORSE-LEDGER;SRC-BACKEND-ROUTE-MEMBERSHIP;SRC-BACKEND-SERVER-ASSEMBLY;SRC-BACKEND-TEST-TEST-MEMBERSHIP-LEGACY-STRIPE-WEBHOOK-SECURITY;SRC-BACKEND-TEST-TEST-PHASE15R-STRIPE-CATALOG;SRC-CANON-COMMUNICATION-CANON-V2.0;SRC-CANON-DEVELOPER-PLATFORM-CANON-V2.0;SRC-CANON-FINANCIAL-TRUTH-CANON-V2.1;SRC-CANON-MEDIA-CANON-V2.1;SRC-CANON-VENDOR-SECURITY-CANON-V2.0;SRC-CODE-GUIDE-PROGRAM-STATUS;SRC-FOUNDER-DIRECTIVE;SRC-FRONTEND-APP-ROUTES;SRC-FRONTEND-PAGE-CARELEDGERTAB;SRC-FRONTEND-PAGE-EXPENSES;SRC-FRONTEND-PAGE-INTEGRATIONS;SRC-FRONTEND-PAGE-PAYMENTS;SRC-FRONTEND-PAGE-RIDEGPS;SRC-IMPLEMENTATION-ATLAS;SRC-MASTER-PRODUCT-VISION;SRC-PIA-COMPONENT-OWNERSHIP;SRC-PIA-PORTFOLIO-TEN;SRC-PIA-REALIGNMENT-REGISTER;SRC-ROLE-PERMISSION-MATRIX;SRC-FOUNDER-REVISION-DIRECTIVE-2026-08-01
GAP-ES-FEAT-INTEGRATIONS-002,ES-FEAT-INTEGRATIONS-002,QuickBooks,Integrations and external providers,YES,CODE_GUIDE_GAP,YES,NO,NO,NO,YES,YES,YES,YES,YES,P2,HIGH,9,68,CODE_GUIDE,ARCHITECTURE,DRAFT_CODE_GUIDE,FDQ-006,Founder disposition plus source-register update plus validator pass plus implementation/test/evidence gates where applicable,SRC-BACKEND-PERMISSION-MAP;SRC-BACKEND-ROUTE-ADMIN-BILLING;SRC-BACKEND-ROUTE-ADMIN-REVIEW;SRC-BACKEND-ROUTE-BACKLOG;SRC-BACKEND-ROUTE-HORSE-LEDGER;SRC-BACKEND-ROUTE-MEMBERSHIP;SRC-BACKEND-SERVER-ASSEMBLY;SRC-CANON-COMMUNICATION-CANON-V2.0;SRC-CANON-DEVELOPER-PLATFORM-CANON-V2.0;SRC-CANON-FINANCIAL-TRUTH-CANON-V2.1;SRC-CANON-MEDIA-CANON-V2.1;SRC-CANON-VENDOR-SECURITY-CANON-V2.0;SRC-CODE-GUIDE-PROGRAM-STATUS;SRC-FOUNDER-DIRECTIVE;SRC-FRONTEND-APP-ROUTES;SRC-FRONTEND-PAGE-CARELEDGERTAB;SRC-FRONTEND-PAGE-EXPENSES;SRC-FRONTEND-PAGE-FEATUREWORKSPACE;SRC-FRONTEND-PAGE-INTEGRATIONS;SRC-FRONTEND-PAGE-RIDEGPS;SRC-IMPLEMENTATION-ATLAS;SRC-MASTER-PRODUCT-VISION;SRC-PIA-COMPONENT-OWNERSHIP;SRC-PIA-PORTFOLIO-TEN;SRC-PIA-REALIGNMENT-REGISTER;SRC-ROLE-PERMISSION-MATRIX;SRC-FOUNDER-REVISION-DIRECTIVE-2026-08-01
GAP-ES-FEAT-INTEGRATIONS-003,ES-FEAT-INTEGRATIONS-003,Google Calendar,Integrations and external providers,YES,CODE_GUIDE_GAP,YES,NO,NO,NO,YES,YES,YES,YES,YES,P2,HIGH,12,68,CODE_GUIDE,ARCHITECTURE,DRAFT_CODE_GUIDE,FDQ-006,Founder disposition plus source-register update plus validator pass plus implementation/test/evidence gates where applicable,SRC-BACKEND-PERMISSION-MAP;SRC-BACKEND-ROUTE-ADMIN-BILLING;SRC-BACKEND-ROUTE-ADMIN-REVIEW;SRC-BACKEND-ROUTE-BACKLOG;SRC-BACKEND-ROUTE-HORSE-LEDGER;SRC-BACKEND-ROUTE-MEMBERSHIP;SRC-BACKEND-SERVER-ASSEMBLY;SRC-CANON-COMMUNICATION-CANON-V2.0;SRC-CANON-DEVELOPER-PLATFORM-CANON-V2.0;SRC-CANON-FINANCIAL-TRUTH-CANON-V2.1;SRC-CANON-MEDIA-CANON-V2.1;SRC-CANON-VENDOR-SECURITY-CANON-V2.0;SRC-CODE-GUIDE-PROGRAM-STATUS;SRC-FOUNDER-DIRECTIVE;SRC-FRONTEND-APP-ROUTES;SRC-FRONTEND-PAGE-EXPENSES;SRC-FRONTEND-PAGE-INTEGRATIONS;SRC-FRONTEND-PAGE-PERSONALDASHBOARD;SRC-FRONTEND-PAGE-RIDEGPS;SRC-FRONTEND-PAGE-SUBSCRIPTIONBILLING;SRC-IMPLEMENTATION-ATLAS;SRC-MASTER-PRODUCT-VISION;SRC-PIA-COMPONENT-OWNERSHIP;SRC-PIA-PORTFOLIO-TEN;SRC-PIA-REALIGNMENT-REGISTER;SRC-ROLE-PERMISSION-MATRIX;SRC-FOUNDER-REVISION-DIRECTIVE-2026-08-01
GAP-ES-FEAT-INTEGRATIONS-004,ES-FEAT-INTEGRATIONS-004,Microsoft Calendar,Integrations and external providers,YES,CODE_GUIDE_GAP,YES,NO,NO,NO,YES,YES,YES,YES,YES,P2,HIGH,9,68,CODE_GUIDE,ARCHITECTURE,DRAFT_CODE_GUIDE,FDQ-006,Founder disposition plus source-register update plus validator pass plus implementation/test/evidence gates where applicable,SRC-BACKEND-PERMISSION-MAP;SRC-BACKEND-ROUTE-ADMIN-BILLING;SRC-BACKEND-ROUTE-ADMIN-REVIEW;SRC-BACKEND-ROUTE-BACKLOG;SRC-BACKEND-ROUTE-HORSE-LEDGER;SRC-BACKEND-ROUTE-MEMBERSHIP;SRC-BACKEND-SERVER-ASSEMBLY;SRC-CANON-COMMUNICATION-CANON-V2.0;SRC-CANON-DEVELOPER-PLATFORM-CANON-V2.0;SRC-CANON-FINANCIAL-TRUTH-CANON-V2.1;SRC-CANON-MEDIA-CANON-V2.1;SRC-CANON-VENDOR-SECURITY-CANON-V2.0;SRC-CODE-GUIDE-PROGRAM-STATUS;SRC-FOUNDER-DIRECTIVE;SRC-FRONTEND-APP-ROUTES;SRC-FRONTEND-PAGE-EXPENSES;SRC-FRONTEND-PAGE-INTEGRATIONS;SRC-FRONTEND-PAGE-PERSONALDASHBOARD;SRC-FRONTEND-PAGE-RIDEGPS;SRC-FRONTEND-PAGE-SUBSCRIPTIONBILLING;SRC-IMPLEMENTATION-ATLAS;SRC-MASTER-PRODUCT-VISION;SRC-PIA-COMPONENT-OWNERSHIP;SRC-PIA-PORTFOLIO-TEN;SRC-PIA-REALIGNMENT-REGISTER;SRC-ROLE-PERMISSION-MATRIX;SRC-FOUNDER-REVISION-DIRECTIVE-2026-08-01
GAP-ES-FEAT-INTEGRATIONS-005,ES-FEAT-INTEGRATIONS-005,Apple Calendar or ICS,Integrations and external providers,YES,CODE_GUIDE_GAP,YES,NO,NO,NO,YES,YES,YES,YES,YES,P2,HIGH,9,68,CODE_GUIDE,ARCHITECTURE,DRAFT_CODE_GUIDE,FDQ-006,Founder disposition plus source-register update plus validator pass plus implementation/test/evidence gates where applicable,SRC-BACKEND-PERMISSION-MAP;SRC-BACKEND-ROUTE-ADMIN;SRC-BACKEND-ROUTE-ADMIN-BILLING;SRC-BACKEND-ROUTE-ADMIN-REVIEW;SRC-BACKEND-ROUTE-ANALYTICS;SRC-BACKEND-ROUTE-HORSE-LEDGER;SRC-BACKEND-SERVER-ASSEMBLY;SRC-BACKEND-TEST-TEST-ANALYTICS-ROUTES;SRC-BACKEND-TEST-TEST-INVITES-AND-ANALYTICS;SRC-CANON-COMMUNICATION-CANON-V2.0;SRC-CANON-DEVELOPER-PLATFORM-CANON-V2.0;SRC-CANON-FINANCIAL-TRUTH-CANON-V2.1;SRC-CANON-MEDIA-CANON-V2.1;SRC-CANON-VENDOR-SECURITY-CANON-V2.0;SRC-CODE-GUIDE-PROGRAM-STATUS;SRC-FOUNDER-DIRECTIVE;SRC-FRONTEND-APP-ROUTES;SRC-FRONTEND-PAGE-EXPENSES;SRC-FRONTEND-PAGE-INTEGRATIONS;SRC-FRONTEND-PAGE-PERFORMANCEANALYTICS;SRC-FRONTEND-PAGE-RIDEGPS;SRC-FRONTEND-PAGE-SUBSCRIPTIONBILLING;SRC-IMPLEMENTATION-ATLAS;SRC-MASTER-PRODUCT-VISION;SRC-PIA-COMPONENT-OWNERSHIP;SRC-PIA-PORTFOLIO-TEN;SRC-PIA-REALIGNMENT-REGISTER;SRC-ROLE-PERMISSION-MATRIX;SRC-FOUNDER-REVISION-DIRECTIVE-2026-08-01
GAP-ES-FEAT-INTEGRATIONS-006,ES-FEAT-INTEGRATIONS-006,email,Integrations and external providers,YES,CODE_GUIDE_GAP,YES,NO,NO,NO,YES,YES,YES,YES,YES,P2,HIGH,12,68,CODE_GUIDE,ARCHITECTURE,DRAFT_CODE_GUIDE,FDQ-006,Founder disposition plus source-register update plus validator pass plus implementation/test/evidence gates where applicable,SRC-BACKEND-PERMISSION-MAP;SRC-BACKEND-ROUTE-ADMIN-BILLING;SRC-BACKEND-ROUTE-ADMIN-REVIEW;SRC-BACKEND-ROUTE-AUDIT;SRC-BACKEND-ROUTE-ONBOARDING;SRC-BACKEND-ROUTE-SUBSCRIPTION-EMAILS;SRC-BACKEND-SERVER-ASSEMBLY;SRC-BACKEND-TEST-TEST-SUBSCRIPTION-EMAILS-15D;SRC-CANON-COMMUNICATION-CANON-V2.0;SRC-CANON-DEVELOPER-PLATFORM-CANON-V2.0;SRC-CANON-FINANCIAL-TRUTH-CANON-V2.1;SRC-CANON-MEDIA-CANON-V2.1;SRC-CANON-VENDOR-SECURITY-CANON-V2.0;SRC-CODE-GUIDE-PROGRAM-STATUS;SRC-FOUNDER-DIRECTIVE;SRC-FRONTEND-APP-ROUTES;SRC-FRONTEND-PAGE-EXPENSES;SRC-FRONTEND-PAGE-GROUPMESSAGING;SRC-FRONTEND-PAGE-INTEGRATIONS;SRC-FRONTEND-PAGE-RIDEGPS;SRC-FRONTEND-PAGE-VERIFYEMAIL;SRC-IMPLEMENTATION-ATLAS;SRC-MASTER-PRODUCT-VISION;SRC-PIA-COMPONENT-OWNERSHIP;SRC-PIA-PORTFOLIO-TEN;SRC-PIA-REALIGNMENT-REGISTER;SRC-ROLE-PERMISSION-MATRIX;SRC-FOUNDER-REVISION-DIRECTIVE-2026-08-01
GAP-ES-FEAT-INTEGRATIONS-007,ES-FEAT-INTEGRATIONS-007,SMS,Integrations and external providers,YES,CODE_GUIDE_GAP,YES,NO,NO,NO,YES,YES,YES,YES,YES,P2,HIGH,9,68,CODE_GUIDE,ARCHITECTURE,DRAFT_CODE_GUIDE,FDQ-006,Founder disposition plus source-register update plus validator pass plus implementation/test/evidence gates where applicable,SRC-BACKEND-PERMISSION-MAP;SRC-BACKEND-ROUTE-ADMIN-BILLING;SRC-BACKEND-ROUTE-ADMIN-REVIEW;SRC-BACKEND-ROUTE-BARN-OWNER-INTAKE;SRC-BACKEND-ROUTE-GUARDIAN-INTAKE;SRC-BACKEND-ROUTE-HORSE-LEDGER;SRC-BACKEND-SERVER-ASSEMBLY;SRC-CANON-COMMUNICATION-CANON-V2.0;SRC-CANON-DEVELOPER-PLATFORM-CANON-V2.0;SRC-CANON-FINANCIAL-TRUTH-CANON-V2.1;SRC-CANON-MEDIA-CANON-V2.1;SRC-CANON-VENDOR-SECURITY-CANON-V2.0;SRC-CODE-GUIDE-PROGRAM-STATUS;SRC-FOUNDER-DIRECTIVE;SRC-FRONTEND-APP-ROUTES;SRC-FRONTEND-PAGE-CARELEDGERTAB;SRC-FRONTEND-PAGE-EXPENSES;SRC-FRONTEND-PAGE-FEATUREWORKSPACE;SRC-FRONTEND-PAGE-INTEGRATIONS;SRC-FRONTEND-PAGE-RIDEGPS;SRC-IMPLEMENTATION-ATLAS;SRC-MASTER-PRODUCT-VISION;SRC-PIA-COMPONENT-OWNERSHIP;SRC-PIA-PORTFOLIO-TEN;SRC-PIA-REALIGNMENT-REGISTER;SRC-ROLE-PERMISSION-MATRIX;SRC-FOUNDER-REVISION-DIRECTIVE-2026-08-01
GAP-ES-FEAT-INTEGRATIONS-008,ES-FEAT-INTEGRATIONS-008,push notifications,Integrations and external providers,YES,CODE_GUIDE_GAP,YES,NO,NO,NO,YES,YES,YES,YES,YES,P2,HIGH,9,68,CODE_GUIDE,ARCHITECTURE,DRAFT_CODE_GUIDE,FDQ-006,Founder disposition plus source-register update plus validator pass plus implementation/test/evidence gates where applicable,SRC-BACKEND-PERMISSION-MAP;SRC-BACKEND-ROUTE-ADMIN-BILLING;SRC-BACKEND-ROUTE-ADMIN-REVIEW;SRC-BACKEND-ROUTE-BACKLOG;SRC-BACKEND-ROUTE-DIGESTS;SRC-BACKEND-ROUTE-HORSE-LEDGER;SRC-BACKEND-SERVER-ASSEMBLY;SRC-BACKEND-TEST-TEST-RF13-MESSAGING-NOTIFICATIONS-DELIVERY-TRUTH;SRC-CANON-COMMUNICATION-CANON-V2.0;SRC-CANON-DEVELOPER-PLATFORM-CANON-V2.0;SRC-CANON-FINANCIAL-TRUTH-CANON-V2.1;SRC-CANON-MEDIA-CANON-V2.1;SRC-CANON-VENDOR-SECURITY-CANON-V2.0;SRC-CODE-GUIDE-PROGRAM-STATUS;SRC-FOUNDER-DIRECTIVE;SRC-FRONTEND-APP-ROUTES;SRC-FRONTEND-PAGE-BARNLOCATIONS;SRC-FRONTEND-PAGE-EXPENSES;SRC-FRONTEND-PAGE-GROUPMESSAGING;SRC-FRONTEND-PAGE-INTEGRATIONS;SRC-FRONTEND-PAGE-RIDEGPS;SRC-IMPLEMENTATION-ATLAS;SRC-MASTER-PRODUCT-VISION;SRC-PIA-COMPONENT-OWNERSHIP;SRC-PIA-PORTFOLIO-TEN;SRC-PIA-REALIGNMENT-REGISTER;SRC-ROLE-PERMISSION-MATRIX;SRC-FOUNDER-REVISION-DIRECTIVE-2026-08-01
GAP-ES-FEAT-INTEGRATIONS-009,ES-FEAT-INTEGRATIONS-009,electronic-signature providers,Integrations and external providers,YES,CODE_GUIDE_GAP,YES,NO,NO,NO,YES,YES,YES,YES,YES,P2,HIGH,12,68,CODE_GUIDE,ARCHITECTURE,DRAFT_CODE_GUIDE,FDQ-006,Founder disposition plus source-register update plus validator pass plus implementation/test/evidence gates where applicable,SRC-BACKEND-PERMISSION-MAP;SRC-BACKEND-ROUTE-ADMIN-REVIEW;SRC-BACKEND-ROUTE-DOCUMENT-SIGNATURES;SRC-BACKEND-ROUTE-HORSE-LEDGER;SRC-BACKEND-ROUTE-MEMBERSHIP;SRC-BACKEND-ROUTE-ONBOARDING;SRC-BACKEND-SERVER-ASSEMBLY;SRC-BACKEND-TEST-TEST-BUILD-NEXT-6-SIGNATURE-CONNECTOR;SRC-BACKEND-TEST-TEST-RF14-DOCUMENTS-SIGNATURES-STORAGE-CONSOLIDATION;SRC-CANON-COMMUNICATION-CANON-V2.0;SRC-CANON-DEVELOPER-PLATFORM-CANON-V2.0;SRC-CANON-FINANCIAL-TRUTH-CANON-V2.1;SRC-CANON-MEDIA-CANON-V2.1;SRC-CANON-VENDOR-SECURITY-CANON-V2.0;SRC-CODE-GUIDE-PROGRAM-STATUS;SRC-FOUNDER-DIRECTIVE;SRC-FRONTEND-APP-ROUTES;SRC-FRONTEND-PAGE-CARELEDGERTAB;SRC-FRONTEND-PAGE-EXPENSES;SRC-FRONTEND-PAGE-FORMSSIGNATURES;SRC-FRONTEND-PAGE-INTEGRATIONS;SRC-FRONTEND-PAGE-RIDEGPS;SRC-IMPLEMENTATION-ATLAS;SRC-MASTER-PRODUCT-VISION;SRC-PIA-COMPONENT-OWNERSHIP;SRC-PIA-PORTFOLIO-TEN;SRC-PIA-REALIGNMENT-REGISTER;SRC-ROLE-PERMISSION-MATRIX;SRC-FOUNDER-REVISION-DIRECTIVE-2026-08-01
GAP-ES-FEAT-INTEGRATIONS-010,ES-FEAT-INTEGRATIONS-010,maps,Integrations and external providers,YES,CODE_GUIDE_GAP,YES,NO,NO,NO,YES,YES,YES,YES,YES,P2,HIGH,9,68,CODE_GUIDE,ARCHITECTURE,DRAFT_CODE_GUIDE,FDQ-006,Founder disposition plus source-register update plus validator pass plus implementation/test/evidence gates where applicable,SRC-BACKEND-PERMISSION-MAP;SRC-BACKEND-ROUTE-ADMIN-BILLING;SRC-BACKEND-ROUTE-ADMIN-REVIEW;SRC-BACKEND-ROUTE-HORSE-LEDGER;SRC-BACKEND-ROUTE-MEMBERSHIP;SRC-BACKEND-ROUTE-ONBOARDING;SRC-BACKEND-SERVER-ASSEMBLY;SRC-CANON-COMMUNICATION-CANON-V2.0;SRC-CANON-DEVELOPER-PLATFORM-CANON-V2.0;SRC-CANON-FINANCIAL-TRUTH-CANON-V2.1;SRC-CANON-MEDIA-CANON-V2.1;SRC-CANON-VENDOR-SECURITY-CANON-V2.0;SRC-CODE-GUIDE-PROGRAM-STATUS;SRC-FOUNDER-DIRECTIVE;SRC-FRONTEND-APP-ROUTES;SRC-FRONTEND-PAGE-CARELEDGERTAB;SRC-FRONTEND-PAGE-EXPENSES;SRC-FRONTEND-PAGE-FEATUREWORKSPACE;SRC-FRONTEND-PAGE-INTEGRATIONS;SRC-FRONTEND-PAGE-RIDEGPS;SRC-IMPLEMENTATION-ATLAS;SRC-MASTER-PRODUCT-VISION;SRC-PIA-COMPONENT-OWNERSHIP;SRC-PIA-PORTFOLIO-TEN;SRC-PIA-REALIGNMENT-REGISTER;SRC-ROLE-PERMISSION-MATRIX;SRC-FOUNDER-REVISION-DIRECTIVE-2026-08-01
GAP-ES-FEAT-INTEGRATIONS-011,ES-FEAT-INTEGRATIONS-011,storage,Integrations and external providers,YES,CODE_GUIDE_GAP,YES,NO,NO,NO,YES,YES,YES,YES,YES,P2,HIGH,12,68,CODE_GUIDE,ARCHITECTURE,DRAFT_CODE_GUIDE,FDQ-006,Founder disposition plus source-register update plus validator pass plus implementation/test/evidence gates where applicable,SRC-BACKEND-PERMISSION-MAP;SRC-BACKEND-ROUTE-ADMIN-BILLING;SRC-BACKEND-ROUTE-ADMIN-REVIEW;SRC-BACKEND-ROUTE-BACKLOG;SRC-BACKEND-ROUTE-DOCUMENT-SIGNATURES;SRC-BACKEND-ROUTE-HORSE-LEDGER;SRC-BACKEND-SERVER-ASSEMBLY;SRC-BACKEND-TEST-TEST-RF14-DOCUMENTS-SIGNATURES-STORAGE-CONSOLIDATION;SRC-CANON-COMMUNICATION-CANON-V2.0;SRC-CANON-DEVELOPER-PLATFORM-CANON-V2.0;SRC-CANON-FINANCIAL-TRUTH-CANON-V2.1;SRC-CANON-MEDIA-CANON-V2.1;SRC-CANON-VENDOR-SECURITY-CANON-V2.0;SRC-CODE-GUIDE-PROGRAM-STATUS;SRC-FOUNDER-DIRECTIVE;SRC-FRONTEND-APP-ROUTES;SRC-FRONTEND-PAGE-CARELEDGERTAB;SRC-FRONTEND-PAGE-EQUIPMENT;SRC-FRONTEND-PAGE-EXPENSES;SRC-FRONTEND-PAGE-INTEGRATIONS;SRC-FRONTEND-PAGE-RIDEGPS;SRC-IMPLEMENTATION-ATLAS;SRC-MASTER-PRODUCT-VISION;SRC-PIA-COMPONENT-OWNERSHIP;SRC-PIA-PORTFOLIO-TEN;SRC-PIA-REALIGNMENT-REGISTER;SRC-ROLE-PERMISSION-MATRIX;SRC-FOUNDER-REVISION-DIRECTIVE-2026-08-01
GAP-ES-FEAT-INTEGRATIONS-012,ES-FEAT-INTEGRATIONS-012,media processing,Integrations and external providers,YES,CODE_GUIDE_GAP,YES,NO,NO,NO,YES,YES,YES,YES,YES,P2,HIGH,12,68,CODE_GUIDE,ARCHITECTURE,DRAFT_CODE_GUIDE,FDQ-006,Founder disposition plus source-register update plus validator pass plus implementation/test/evidence gates where applicable,SRC-BACKEND-PERMISSION-MAP;SRC-BACKEND-ROUTE-ADMIN-BILLING;SRC-BACKEND-ROUTE-ADMIN-REVIEW;SRC-BACKEND-ROUTE-DOCUMENT-SIGNATURES;SRC-BACKEND-ROUTE-GUARDIAN-INTAKE;SRC-BACKEND-ROUTE-MEMBERSHIP;SRC-BACKEND-SERVER-ASSEMBLY;SRC-CANON-COMMUNICATION-CANON-V2.0;SRC-CANON-DEVELOPER-PLATFORM-CANON-V2.0;SRC-CANON-FINANCIAL-TRUTH-CANON-V2.1;SRC-CANON-MEDIA-CANON-V2.1;SRC-CANON-VENDOR-SECURITY-CANON-V2.0;SRC-CODE-GUIDE-PROGRAM-STATUS;SRC-FOUNDER-DIRECTIVE;SRC-FRONTEND-APP-ROUTES;SRC-FRONTEND-PAGE-CARELEDGERTAB;SRC-FRONTEND-PAGE-EXPENSES;SRC-FRONTEND-PAGE-FEATUREWORKSPACE;SRC-FRONTEND-PAGE-INTEGRATIONS;SRC-FRONTEND-PAGE-RIDEGPS;SRC-IMPLEMENTATION-ATLAS;SRC-MASTER-PRODUCT-VISION;SRC-PIA-COMPONENT-OWNERSHIP;SRC-PIA-PORTFOLIO-TEN;SRC-PIA-REALIGNMENT-REGISTER;SRC-ROLE-PERMISSION-MATRIX;SRC-FOUNDER-REVISION-DIRECTIVE-2026-08-01
GAP-ES-FEAT-INTEGRATIONS-013,ES-FEAT-INTEGRATIONS-013,identity providers,Integrations and external providers,YES,CODE_GUIDE_GAP,YES,NO,NO,NO,YES,YES,YES,YES,YES,P2,HIGH,9,68,CODE_GUIDE,ARCHITECTURE,DRAFT_CODE_GUIDE,FDQ-006,Founder disposition plus source-register update plus validator pass plus implementation/test/evidence gates where applicable,SRC-BACKEND-PERMISSION-MAP;SRC-BACKEND-ROUTE-ADMIN-BILLING;SRC-BACKEND-ROUTE-ADMIN-REVIEW;SRC-BACKEND-ROUTE-HORSE-LEDGER;SRC-BACKEND-ROUTE-MEMBERSHIP;SRC-BACKEND-ROUTE-ONBOARDING;SRC-BACKEND-SERVER-ASSEMBLY;SRC-BACKEND-TEST-TEST-RF2-IDENTITY-ACCESS-MIGRATION;SRC-CANON-COMMUNICATION-CANON-V2.0;SRC-CANON-DEVELOPER-PLATFORM-CANON-V2.0;SRC-CANON-FINANCIAL-TRUTH-CANON-V2.1;SRC-CANON-MEDIA-CANON-V2.1;SRC-CANON-VENDOR-SECURITY-CANON-V2.0;SRC-CODE-GUIDE-PROGRAM-STATUS;SRC-FOUNDER-DIRECTIVE;SRC-FRONTEND-APP-ROUTES;SRC-FRONTEND-PAGE-CARELEDGERTAB;SRC-FRONTEND-PAGE-EXPENSES;SRC-FRONTEND-PAGE-FEATUREWORKSPACE;SRC-FRONTEND-PAGE-INTEGRATIONS;SRC-FRONTEND-PAGE-RIDEGPS;SRC-IMPLEMENTATION-ATLAS;SRC-MASTER-PRODUCT-VISION;SRC-PIA-COMPONENT-OWNERSHIP;SRC-PIA-PORTFOLIO-TEN;SRC-PIA-REALIGNMENT-REGISTER;SRC-ROLE-PERMISSION-MATRIX;SRC-FOUNDER-REVISION-DIRECTIVE-2026-08-01
GAP-ES-FEAT-INTEGRATIONS-014,ES-FEAT-INTEGRATIONS-014,accounting imports,Integrations and external providers,YES,CODE_GUIDE_GAP,YES,NO,NO,NO,YES,YES,YES,YES,YES,P2,HIGH,12,68,CODE_GUIDE,ARCHITECTURE,DRAFT_CODE_GUIDE,FDQ-006,Founder disposition plus source-register update plus validator pass plus implementation/test/evidence gates where applicable,SRC-BACKEND-PERMISSION-MAP;SRC-BACKEND-ROUTE-ADMIN-BILLING;SRC-BACKEND-ROUTE-ADMIN-REVIEW;SRC-BACKEND-ROUTE-HORSE-LEDGER;SRC-BACKEND-ROUTE-INVITES;SRC-BACKEND-ROUTE-ONBOARDING;SRC-BACKEND-SERVER-ASSEMBLY;SRC-CANON-COMMUNICATION-CANON-V2.0;SRC-CANON-DEVELOPER-PLATFORM-CANON-V2.0;SRC-CANON-FINANCIAL-TRUTH-CANON-V2.1;SRC-CANON-MEDIA-CANON-V2.1;SRC-CANON-VENDOR-SECURITY-CANON-V2.0;SRC-CODE-GUIDE-PROGRAM-STATUS;SRC-FOUNDER-DIRECTIVE;SRC-FRONTEND-APP-ROUTES;SRC-FRONTEND-PAGE-CARELEDGERTAB;SRC-FRONTEND-PAGE-EXPENSES;SRC-FRONTEND-PAGE-FEATUREWORKSPACE;SRC-FRONTEND-PAGE-INTEGRATIONS;SRC-FRONTEND-PAGE-RIDEGPS;SRC-IMPLEMENTATION-ATLAS;SRC-MASTER-PRODUCT-VISION;SRC-PIA-COMPONENT-OWNERSHIP;SRC-PIA-PORTFOLIO-TEN;SRC-PIA-REALIGNMENT-REGISTER;SRC-ROLE-PERMISSION-MATRIX;SRC-FOUNDER-REVISION-DIRECTIVE-2026-08-01
GAP-ES-FEAT-INTEGRATIONS-015,ES-FEAT-INTEGRATIONS-015,payment imports,Integrations and external providers,YES,CODE_GUIDE_GAP,YES,NO,NO,NO,YES,YES,YES,YES,YES,P2,HIGH,12,68,CODE_GUIDE,ARCHITECTURE,DRAFT_CODE_GUIDE,FDQ-006,Founder disposition plus source-register update plus validator pass plus implementation/test/evidence gates where applicable,SRC-BACKEND-PERMISSION-MAP;SRC-BACKEND-ROUTE-ADMIN-BILLING;SRC-BACKEND-ROUTE-ADMIN-REVIEW;SRC-BACKEND-ROUTE-BILLING;SRC-BACKEND-ROUTE-MEMBERSHIP;SRC-BACKEND-ROUTE-ONBOARDING;SRC-BACKEND-SERVER-ASSEMBLY;SRC-BACKEND-TEST-TEST-RF12-BILLING-PAYMENTS-EXPORTS-FINANCIAL-TRUTH;SRC-CANON-COMMUNICATION-CANON-V2.0;SRC-CANON-DEVELOPER-PLATFORM-CANON-V2.0;SRC-CANON-FINANCIAL-TRUTH-CANON-V2.1;SRC-CANON-MEDIA-CANON-V2.1;SRC-CANON-VENDOR-SECURITY-CANON-V2.0;SRC-CODE-GUIDE-PROGRAM-STATUS;SRC-FOUNDER-DIRECTIVE;SRC-FRONTEND-APP-ROUTES;SRC-FRONTEND-PAGE-ADVANCEDREPORTS;SRC-FRONTEND-PAGE-EXPENSES;SRC-FRONTEND-PAGE-INTEGRATIONS;SRC-FRONTEND-PAGE-PAYMENTS;SRC-FRONTEND-PAGE-RIDEGPS;SRC-IMPLEMENTATION-ATLAS;SRC-MASTER-PRODUCT-VISION;SRC-PIA-COMPONENT-OWNERSHIP;SRC-PIA-PORTFOLIO-TEN;SRC-PIA-REALIGNMENT-REGISTER;SRC-ROLE-PERMISSION-MATRIX;SRC-FOUNDER-REVISION-DIRECTIVE-2026-08-01
GAP-ES-FEAT-INTEGRATIONS-016,ES-FEAT-INTEGRATIONS-016,data export,Integrations and external providers,YES,CODE_GUIDE_GAP,YES,NO,NO,NO,YES,YES,YES,YES,YES,P2,HIGH,12,68,CODE_GUIDE,ARCHITECTURE,DRAFT_CODE_GUIDE,FDQ-006,Founder disposition plus source-register update plus validator pass plus implementation/test/evidence gates where applicable,SRC-BACKEND-PERMISSION-MAP;SRC-BACKEND-ROUTE-ADMIN;SRC-BACKEND-ROUTE-ADMIN-BILLING;SRC-BACKEND-ROUTE-ADMIN-REVIEW;SRC-BACKEND-ROUTE-AUDIT;SRC-BACKEND-ROUTE-BACKLOG;SRC-BACKEND-SERVER-ASSEMBLY;SRC-BACKEND-TEST-TEST-CI-DATABASE-ISOLATION;SRC-BACKEND-TEST-TEST-RF1-DATA-FENCES-CAPABILITY-GATES;SRC-BACKEND-TEST-TEST-RF12-BILLING-PAYMENTS-EXPORTS-FINANCIAL-TRUTH;SRC-CANON-COMMUNICATION-CANON-V2.0;SRC-CANON-DEVELOPER-PLATFORM-CANON-V2.0;SRC-CANON-FINANCIAL-TRUTH-CANON-V2.1;SRC-CANON-MEDIA-CANON-V2.1;SRC-CANON-VENDOR-SECURITY-CANON-V2.0;SRC-CODE-GUIDE-PROGRAM-STATUS;SRC-FOUNDER-DIRECTIVE;SRC-FRONTEND-APP-ROUTES;SRC-FRONTEND-PAGE-EXPENSES;SRC-FRONTEND-PAGE-FEATUREWORKSPACE;SRC-FRONTEND-PAGE-GROUPMESSAGING;SRC-FRONTEND-PAGE-INTEGRATIONS;SRC-FRONTEND-PAGE-RIDEGPS;SRC-IMPLEMENTATION-ATLAS;SRC-MASTER-PRODUCT-VISION;SRC-PIA-COMPONENT-OWNERSHIP;SRC-PIA-PORTFOLIO-TEN;SRC-PIA-REALIGNMENT-REGISTER;SRC-ROLE-PERMISSION-MATRIX;SRC-FOUNDER-REVISION-DIRECTIVE-2026-08-01
GAP-ES-FEAT-MOBILE-001,ES-FEAT-MOBILE-001,native apps,"Mobile, offline, and synchronization",YES,ADR_GAP,NO,YES,NO,NO,YES,YES,YES,NO,YES,P2,MEDIUM,6,66,ADR,ARCHITECTURE,DRAFT_ADR,FDQ-010,Founder disposition plus source-register update plus validator pass plus implementation/test/evidence gates where applicable,SRC-BACKEND-PERMISSION-MAP;SRC-BACKEND-SERVER-ASSEMBLY;SRC-BACKEND-TEST-TEST-BUILD-NEXT-2-MOBILE-READINESS;SRC-BACKEND-TEST-TEST-BUILD-NEXT-2B-MOBILE-SCREENSHOT-GATE;SRC-BACKEND-TEST-TEST-RF15-OFFLINE-LOCK-SCREEN-FIELD-RELIABILITY;SRC-BACKEND-TEST-TEST-RF16-PWA-NATIVE-APP-STORE-READINESS;SRC-CANON-PERMISSION-CANON-V1.1;SRC-CANON-PLATFORM-OPS-CANON-V2.0;SRC-CANON-RECORDS-CANON-V2.1;SRC-CANON-RESILIENCE-CANON-V1.0;SRC-CODE-GUIDE-PROGRAM-STATUS;SRC-FOUNDER-DIRECTIVE;SRC-FRONTEND-APP-ROUTES;SRC-FRONTEND-PAGE-MOBILEREADINESS;SRC-FRONTEND-PAGE-REHAB;SRC-FRONTEND-PAGE-TODAY;SRC-IMPLEMENTATION-ATLAS;SRC-MASTER-PRODUCT-VISION;SRC-PIA-COMPONENT-OWNERSHIP;SRC-PIA-PORTFOLIO-TEN;SRC-PIA-REALIGNMENT-REGISTER;SRC-ROLE-PERMISSION-MATRIX;SRC-FOUNDER-REVISION-DIRECTIVE-2026-08-01
GAP-ES-FEAT-MOBILE-002,ES-FEAT-MOBILE-002,PWA,"Mobile, offline, and synchronization",YES,ADR_GAP,NO,YES,NO,NO,YES,YES,YES,NO,YES,P2,MEDIUM,8,66,ADR,ARCHITECTURE,DRAFT_ADR,FDQ-010,Founder disposition plus source-register update plus validator pass plus implementation/test/evidence gates where applicable,SRC-BACKEND-PERMISSION-MAP;SRC-BACKEND-SERVER-ASSEMBLY;SRC-BACKEND-TEST-TEST-BUILD-NEXT-2-MOBILE-READINESS;SRC-BACKEND-TEST-TEST-BUILD-NEXT-2B-MOBILE-SCREENSHOT-GATE;SRC-BACKEND-TEST-TEST-RF15-OFFLINE-LOCK-SCREEN-FIELD-RELIABILITY;SRC-BACKEND-TEST-TEST-RF16-PWA-NATIVE-APP-STORE-READINESS;SRC-CANON-PERMISSION-CANON-V1.1;SRC-CANON-PLATFORM-OPS-CANON-V2.0;SRC-CANON-RECORDS-CANON-V2.1;SRC-CANON-RESILIENCE-CANON-V1.0;SRC-CODE-GUIDE-PROGRAM-STATUS;SRC-FOUNDER-DIRECTIVE;SRC-FRONTEND-APP-ROUTES;SRC-FRONTEND-PAGE-MOBILEREADINESS;SRC-FRONTEND-PAGE-REHAB;SRC-FRONTEND-PAGE-TODAY;SRC-IMPLEMENTATION-ATLAS;SRC-MASTER-PRODUCT-VISION;SRC-PIA-COMPONENT-OWNERSHIP;SRC-PIA-PORTFOLIO-TEN;SRC-PIA-REALIGNMENT-REGISTER;SRC-ROLE-PERMISSION-MATRIX;SRC-FOUNDER-REVISION-DIRECTIVE-2026-08-01
GAP-ES-FEAT-MOBILE-003,ES-FEAT-MOBILE-003,local storage,"Mobile, offline, and synchronization",YES,ADR_GAP,NO,YES,NO,NO,YES,YES,YES,NO,YES,P2,MEDIUM,8,66,ADR,ARCHITECTURE,DRAFT_ADR,FDQ-010,Founder disposition plus source-register update plus validator pass plus implementation/test/evidence gates where applicable,SRC-BACKEND-PERMISSION-MAP;SRC-BACKEND-ROUTE-BACKLOG;SRC-BACKEND-ROUTE-DOCUMENT-SIGNATURES;SRC-BACKEND-ROUTE-SUBSCRIPTIONS;SRC-BACKEND-SERVER-ASSEMBLY;SRC-BACKEND-TEST-TEST-BUILD-NEXT-2-MOBILE-READINESS;SRC-BACKEND-TEST-TEST-BUILD-NEXT-2B-MOBILE-SCREENSHOT-GATE;SRC-BACKEND-TEST-TEST-RF14-DOCUMENTS-SIGNATURES-STORAGE-CONSOLIDATION;SRC-BACKEND-TEST-TEST-RF15-OFFLINE-LOCK-SCREEN-FIELD-RELIABILITY;SRC-CANON-PERMISSION-CANON-V1.1;SRC-CANON-PLATFORM-OPS-CANON-V2.0;SRC-CANON-RECORDS-CANON-V2.1;SRC-CANON-RESILIENCE-CANON-V1.0;SRC-CODE-GUIDE-PROGRAM-STATUS;SRC-FOUNDER-DIRECTIVE;SRC-FRONTEND-APP-ROUTES;SRC-FRONTEND-PAGE-ADVANCEDREPORTS;SRC-FRONTEND-PAGE-COMPETITIONS;SRC-FRONTEND-PAGE-EMERGENCYWORKFLOWS;SRC-FRONTEND-PAGE-MOBILEREADINESS;SRC-FRONTEND-PAGE-TODAY;SRC-IMPLEMENTATION-ATLAS;SRC-MASTER-PRODUCT-VISION;SRC-PIA-COMPONENT-OWNERSHIP;SRC-PIA-PORTFOLIO-TEN;SRC-PIA-REALIGNMENT-REGISTER;SRC-ROLE-PERMISSION-MATRIX;SRC-FOUNDER-REVISION-DIRECTIVE-2026-08-01
GAP-ES-FEAT-MOBILE-004,ES-FEAT-MOBILE-004,offline task work,"Mobile, offline, and synchronization",YES,ADR_GAP,NO,YES,NO,NO,YES,YES,YES,NO,YES,P2,MEDIUM,8,66,ADR,ARCHITECTURE,DRAFT_ADR,FDQ-010,Founder disposition plus source-register update plus validator pass plus implementation/test/evidence gates where applicable,SRC-BACKEND-PERMISSION-MAP;SRC-BACKEND-ROUTE-ADMIN;SRC-BACKEND-ROUTE-AUTH;SRC-BACKEND-ROUTE-OWNER-UPDATES;SRC-BACKEND-ROUTE-PULSE;SRC-BACKEND-ROUTE-STAFF-INTAKE;SRC-BACKEND-SERVER-ASSEMBLY;SRC-BACKEND-TEST-TEST-BUILD-NEXT-2-MOBILE-READINESS;SRC-BACKEND-TEST-TEST-BUILD-NEXT-3D-TASK-CONTEXT;SRC-BACKEND-TEST-TEST-BUILD-NEXT-6B-DOCUMENT-WORKFLOW-CONTRACT;SRC-BACKEND-TEST-TEST-RF15-OFFLINE-LOCK-SCREEN-FIELD-RELIABILITY;SRC-BACKEND-TEST-TEST-RF8-STAFF-WORKFORCE-MODEL;SRC-BACKEND-TEST-TEST-TASK-ENGINE;SRC-BACKEND-TEST-TEST-TASK-ROUTES-INVENTORY;SRC-BACKEND-TEST-TEST-TASKENGINE-RECONCILIATION-SCOPING;SRC-CANON-PERMISSION-CANON-V1.1;SRC-CANON-PLATFORM-OPS-CANON-V2.0;SRC-CANON-RECORDS-CANON-V2.1;SRC-CANON-RESILIENCE-CANON-V1.0;SRC-CODE-GUIDE-PROGRAM-STATUS;SRC-FOUNDER-DIRECTIVE;SRC-FRONTEND-APP-ROUTES;SRC-FRONTEND-PAGE-EMERGENCYWORKFLOWS;SRC-FRONTEND-PAGE-FEATUREWORKSPACE;SRC-FRONTEND-PAGE-MOBILEREADINESS;SRC-FRONTEND-PAGE-MYWORK;SRC-FRONTEND-PAGE-TODAY;SRC-IMPLEMENTATION-ATLAS;SRC-MASTER-PRODUCT-VISION;SRC-PIA-COMPONENT-OWNERSHIP;SRC-PIA-PORTFOLIO-TEN;SRC-PIA-REALIGNMENT-REGISTER;SRC-ROLE-PERMISSION-MATRIX;SRC-FOUNDER-REVISION-DIRECTIVE-2026-08-01
GAP-ES-FEAT-MOBILE-005,ES-FEAT-MOBILE-005,offline care work,"Mobile, offline, and synchronization",YES,ADR_GAP,NO,YES,NO,NO,YES,YES,YES,NO,YES,P2,MEDIUM,8,66,ADR,ARCHITECTURE,DRAFT_ADR,FDQ-010,Founder disposition plus source-register update plus validator pass plus implementation/test/evidence gates where applicable,SRC-BACKEND-PERMISSION-MAP;SRC-BACKEND-ROUTE-ADMIN;SRC-BACKEND-ROUTE-CARE;SRC-BACKEND-ROUTE-HORSE-LEDGER;SRC-BACKEND-ROUTE-PULSE;SRC-BACKEND-ROUTE-SERVICE-PROVIDER-CENTER;SRC-BACKEND-SERVER-ASSEMBLY;SRC-BACKEND-TEST-TEST-BUILD-NEXT-6B-DOCUMENT-WORKFLOW-CONTRACT;SRC-BACKEND-TEST-TEST-CARE-FILTERING;SRC-BACKEND-TEST-TEST-CARE-INTEGRITY;SRC-BACKEND-TEST-TEST-CARE-ROUTES;SRC-BACKEND-TEST-TEST-CARE-SCOPING;SRC-BACKEND-TEST-TEST-CARE-STATE-GUARDS;SRC-BACKEND-TEST-TEST-RF10-SERVICE-PROVIDER-CARE-PARTNER;SRC-BACKEND-TEST-TEST-RF15-OFFLINE-LOCK-SCREEN-FIELD-RELIABILITY;SRC-CANON-PERMISSION-CANON-V1.1;SRC-CANON-PLATFORM-OPS-CANON-V2.0;SRC-CANON-RECORDS-CANON-V2.1;SRC-CANON-RESILIENCE-CANON-V1.0;SRC-CODE-GUIDE-PROGRAM-STATUS;SRC-FOUNDER-DIRECTIVE;SRC-FRONTEND-APP-ROUTES;SRC-FRONTEND-PAGE-CARELEDGERTAB;SRC-FRONTEND-PAGE-EMERGENCYWORKFLOWS;SRC-FRONTEND-PAGE-FEATUREWORKSPACE;SRC-FRONTEND-PAGE-HEALTHCARELOGS;SRC-FRONTEND-PAGE-MOBILEREADINESS;SRC-IMPLEMENTATION-ATLAS;SRC-MASTER-PRODUCT-VISION;SRC-PIA-COMPONENT-OWNERSHIP;SRC-PIA-PORTFOLIO-TEN;SRC-PIA-REALIGNMENT-REGISTER;SRC-ROLE-PERMISSION-MATRIX;SRC-FOUNDER-REVISION-DIRECTIVE-2026-08-01
GAP-ES-FEAT-MOBILE-006,ES-FEAT-MOBILE-006,queued writes,"Mobile, offline, and synchronization",YES,ADR_GAP,NO,YES,NO,NO,YES,YES,YES,NO,YES,P2,MEDIUM,8,66,ADR,ARCHITECTURE,DRAFT_ADR,FDQ-010,Founder disposition plus source-register update plus validator pass plus implementation/test/evidence gates where applicable,SRC-BACKEND-PERMISSION-MAP;SRC-BACKEND-ROUTE-AUDIT;SRC-BACKEND-ROUTE-HORSE-LEDGER;SRC-BACKEND-ROUTE-HORSES;SRC-BACKEND-ROUTE-RECURRING-CHARGES;SRC-BACKEND-SERVER-ASSEMBLY;SRC-BACKEND-TEST-TEST-BUILD-NEXT-2-MOBILE-READINESS;SRC-BACKEND-TEST-TEST-BUILD-NEXT-2B-MOBILE-SCREENSHOT-GATE;SRC-BACKEND-TEST-TEST-RF15-OFFLINE-LOCK-SCREEN-FIELD-RELIABILITY;SRC-CANON-PERMISSION-CANON-V1.1;SRC-CANON-PLATFORM-OPS-CANON-V2.0;SRC-CANON-RECORDS-CANON-V2.1;SRC-CANON-RESILIENCE-CANON-V1.0;SRC-CODE-GUIDE-PROGRAM-STATUS;SRC-FOUNDER-DIRECTIVE;SRC-FRONTEND-APP-ROUTES;SRC-FRONTEND-PAGE-GROUPMESSAGING;SRC-FRONTEND-PAGE-MOBILEREADINESS;SRC-FRONTEND-PAGE-REHAB;SRC-FRONTEND-PAGE-SUBSCRIPTIONBILLING;SRC-FRONTEND-PAGE-TODAY;SRC-IMPLEMENTATION-ATLAS;SRC-MASTER-PRODUCT-VISION;SRC-PIA-COMPONENT-OWNERSHIP;SRC-PIA-PORTFOLIO-TEN;SRC-PIA-REALIGNMENT-REGISTER;SRC-ROLE-PERMISSION-MATRIX;SRC-FOUNDER-REVISION-DIRECTIVE-2026-08-01
GAP-ES-FEAT-MOBILE-007,ES-FEAT-MOBILE-007,stale permissions,"Mobile, offline, and synchronization",YES,ADR_GAP,NO,YES,NO,NO,YES,YES,YES,NO,YES,P2,MEDIUM,8,66,ADR,ARCHITECTURE,DRAFT_ADR,FDQ-010,Founder disposition plus source-register update plus validator pass plus implementation/test/evidence gates where applicable,SRC-BACKEND-PERMISSION-MAP;SRC-BACKEND-ROUTE-ADMIN;SRC-BACKEND-ROUTE-ADMIN-BILLING;SRC-BACKEND-ROUTE-ADMIN-REVIEW;SRC-BACKEND-ROUTE-AUDIT;SRC-BACKEND-ROUTE-BACKLOG;SRC-BACKEND-SERVER-ASSEMBLY;SRC-BACKEND-TEST-TEST-BUILD-NEXT-2-MOBILE-READINESS;SRC-BACKEND-TEST-TEST-BUILD-NEXT-2B-MOBILE-SCREENSHOT-GATE;SRC-BACKEND-TEST-TEST-PERMISSIONS;SRC-BACKEND-TEST-TEST-PERMISSIONS-WIRING;SRC-BACKEND-TEST-TEST-RF15-OFFLINE-LOCK-SCREEN-FIELD-RELIABILITY;SRC-CANON-PERMISSION-CANON-V1.1;SRC-CANON-PLATFORM-OPS-CANON-V2.0;SRC-CANON-RECORDS-CANON-V2.1;SRC-CANON-RESILIENCE-CANON-V1.0;SRC-CODE-GUIDE-PROGRAM-STATUS;SRC-FOUNDER-DIRECTIVE;SRC-FRONTEND-APP-ROUTES;SRC-FRONTEND-PAGE-ARENASCHEDULE;SRC-FRONTEND-PAGE-BARNLOCATIONS;SRC-FRONTEND-PAGE-DASHBOARD;SRC-FRONTEND-PAGE-FORBIDDEN;SRC-FRONTEND-PAGE-MOBILEREADINESS;SRC-IMPLEMENTATION-ATLAS;SRC-MASTER-PRODUCT-VISION;SRC-PIA-COMPONENT-OWNERSHIP;SRC-PIA-PORTFOLIO-TEN;SRC-PIA-REALIGNMENT-REGISTER;SRC-ROLE-PERMISSION-MATRIX;SRC-FOUNDER-REVISION-DIRECTIVE-2026-08-01
GAP-ES-FEAT-MOBILE-008,ES-FEAT-MOBILE-008,stale guardian authority,"Mobile, offline, and synchronization",YES,ADR_GAP,NO,YES,NO,NO,YES,YES,YES,NO,YES,P2,MEDIUM,8,66,ADR,ARCHITECTURE,DRAFT_ADR,FDQ-010,Founder disposition plus source-register update plus validator pass plus implementation/test/evidence gates where applicable,SRC-BACKEND-PERMISSION-MAP;SRC-BACKEND-ROUTE-BILLING;SRC-BACKEND-ROUTE-DOCUMENT-SIGNATURES;SRC-BACKEND-ROUTE-GUARDIAN-INTAKE;SRC-BACKEND-ROUTE-OPERATIONS;SRC-BACKEND-ROUTE-STUDENT-GUARDIANS;SRC-BACKEND-SERVER-ASSEMBLY;SRC-BACKEND-TEST-TEST-BUILD-NEXT-13D-GUARDIAN-MINOR-INTAKE;SRC-BACKEND-TEST-TEST-BUILD-NEXT-2-MOBILE-READINESS;SRC-BACKEND-TEST-TEST-BUILD-NEXT-2B-MOBILE-SCREENSHOT-GATE;SRC-BACKEND-TEST-TEST-BUILD-NEXT-5B-GUARDIAN-STUDENT-INVITES;SRC-BACKEND-TEST-TEST-CGP006-IWP0002-GUARDIAN-MINOR-SAFEGUARDING;SRC-BACKEND-TEST-TEST-RF15-OFFLINE-LOCK-SCREEN-FIELD-RELIABILITY;SRC-CANON-PERMISSION-CANON-V1.1;SRC-CANON-PLATFORM-OPS-CANON-V2.0;SRC-CANON-RECORDS-CANON-V2.1;SRC-CANON-RESILIENCE-CANON-V1.0;SRC-CODE-GUIDE-PROGRAM-STATUS;SRC-FOUNDER-DIRECTIVE;SRC-FRONTEND-APP-ROUTES;SRC-FRONTEND-PAGE-GUARDIANDASHBOARD;SRC-FRONTEND-PAGE-MOBILEREADINESS;SRC-FRONTEND-PAGE-PERSONALDASHBOARD;SRC-FRONTEND-PAGE-REHAB;SRC-FRONTEND-PAGE-TODAY;SRC-IMPLEMENTATION-ATLAS;SRC-MASTER-PRODUCT-VISION;SRC-PIA-COMPONENT-OWNERSHIP;SRC-PIA-PORTFOLIO-TEN;SRC-PIA-REALIGNMENT-REGISTER;SRC-ROLE-PERMISSION-MATRIX;SRC-FOUNDER-REVISION-DIRECTIVE-2026-08-01
GAP-ES-FEAT-MOBILE-009,ES-FEAT-MOBILE-009,conflict detection,"Mobile, offline, and synchronization",YES,ADR_GAP,NO,YES,NO,NO,YES,YES,YES,NO,YES,P2,MEDIUM,8,66,ADR,ARCHITECTURE,DRAFT_ADR,FDQ-010,Founder disposition plus source-register update plus validator pass plus implementation/test/evidence gates where applicable,SRC-BACKEND-PERMISSION-MAP;SRC-BACKEND-SERVER-ASSEMBLY;SRC-BACKEND-TEST-TEST-BUILD-NEXT-2-MOBILE-READINESS;SRC-BACKEND-TEST-TEST-BUILD-NEXT-2B-MOBILE-SCREENSHOT-GATE;SRC-BACKEND-TEST-TEST-RF15-OFFLINE-LOCK-SCREEN-FIELD-RELIABILITY;SRC-CANON-PERMISSION-CANON-V1.1;SRC-CANON-PLATFORM-OPS-CANON-V2.0;SRC-CANON-RECORDS-CANON-V2.1;SRC-CANON-RESILIENCE-CANON-V1.0;SRC-CODE-GUIDE-PROGRAM-STATUS;SRC-FOUNDER-DIRECTIVE;SRC-FRONTEND-APP-ROUTES;SRC-FRONTEND-PAGE-LESSONS;SRC-FRONTEND-PAGE-MOBILEREADINESS;SRC-FRONTEND-PAGE-REHAB;SRC-FRONTEND-PAGE-TODAY;SRC-FRONTEND-PAGE-TRAINING;SRC-IMPLEMENTATION-ATLAS;SRC-MASTER-PRODUCT-VISION;SRC-PIA-COMPONENT-OWNERSHIP;SRC-PIA-PORTFOLIO-TEN;SRC-PIA-REALIGNMENT-REGISTER;SRC-ROLE-PERMISSION-MATRIX;SRC-FOUNDER-REVISION-DIRECTIVE-2026-08-01
GAP-ES-FEAT-MOBILE-010,ES-FEAT-MOBILE-010,conflict resolution,"Mobile, offline, and synchronization",YES,ADR_GAP,NO,YES,NO,NO,YES,YES,YES,NO,YES,P2,MEDIUM,8,66,ADR,ARCHITECTURE,DRAFT_ADR,FDQ-010,Founder disposition plus source-register update plus validator pass plus implementation/test/evidence gates where applicable,SRC-BACKEND-PERMISSION-MAP;SRC-BACKEND-SERVER-ASSEMBLY;SRC-BACKEND-TEST-TEST-BUILD-NEXT-2-MOBILE-READINESS;SRC-BACKEND-TEST-TEST-BUILD-NEXT-2B-MOBILE-SCREENSHOT-GATE;SRC-BACKEND-TEST-TEST-RF15-OFFLINE-LOCK-SCREEN-FIELD-RELIABILITY;SRC-CANON-PERMISSION-CANON-V1.1;SRC-CANON-PLATFORM-OPS-CANON-V2.0;SRC-CANON-RECORDS-CANON-V2.1;SRC-CANON-RESILIENCE-CANON-V1.0;SRC-CODE-GUIDE-PROGRAM-STATUS;SRC-FOUNDER-DIRECTIVE;SRC-FRONTEND-APP-ROUTES;SRC-FRONTEND-PAGE-LESSONS;SRC-FRONTEND-PAGE-MOBILEREADINESS;SRC-FRONTEND-PAGE-REHAB;SRC-FRONTEND-PAGE-TODAY;SRC-FRONTEND-PAGE-TRAINING;SRC-IMPLEMENTATION-ATLAS;SRC-MASTER-PRODUCT-VISION;SRC-PIA-COMPONENT-OWNERSHIP;SRC-PIA-PORTFOLIO-TEN;SRC-PIA-REALIGNMENT-REGISTER;SRC-ROLE-PERMISSION-MATRIX;SRC-FOUNDER-REVISION-DIRECTIVE-2026-08-01
GAP-ES-FEAT-MOBILE-011,ES-FEAT-MOBILE-011,lost devices,"Mobile, offline, and synchronization",YES,ADR_GAP,NO,YES,NO,NO,YES,YES,YES,NO,YES,P2,MEDIUM,8,66,ADR,ARCHITECTURE,DRAFT_ADR,FDQ-010,Founder disposition plus source-register update plus validator pass plus implementation/test/evidence gates where applicable,SRC-BACKEND-PERMISSION-MAP;SRC-BACKEND-SERVER-ASSEMBLY;SRC-BACKEND-TEST-TEST-BUILD-NEXT-2-MOBILE-READINESS;SRC-BACKEND-TEST-TEST-BUILD-NEXT-2B-MOBILE-SCREENSHOT-GATE;SRC-BACKEND-TEST-TEST-RF15-OFFLINE-LOCK-SCREEN-FIELD-RELIABILITY;SRC-CANON-PERMISSION-CANON-V1.1;SRC-CANON-PLATFORM-OPS-CANON-V2.0;SRC-CANON-RECORDS-CANON-V2.1;SRC-CANON-RESILIENCE-CANON-V1.0;SRC-CODE-GUIDE-PROGRAM-STATUS;SRC-FOUNDER-DIRECTIVE;SRC-FRONTEND-APP-ROUTES;SRC-FRONTEND-PAGE-MOBILEREADINESS;SRC-FRONTEND-PAGE-REHAB;SRC-FRONTEND-PAGE-TODAY;SRC-IMPLEMENTATION-ATLAS;SRC-MASTER-PRODUCT-VISION;SRC-PIA-COMPONENT-OWNERSHIP;SRC-PIA-PORTFOLIO-TEN;SRC-PIA-REALIGNMENT-REGISTER;SRC-ROLE-PERMISSION-MATRIX;SRC-FOUNDER-REVISION-DIRECTIVE-2026-08-01
GAP-ES-FEAT-MOBILE-012,ES-FEAT-MOBILE-012,sync visibility,"Mobile, offline, and synchronization",YES,ADR_GAP,NO,YES,NO,NO,YES,YES,YES,NO,YES,P2,MEDIUM,8,66,ADR,ARCHITECTURE,DRAFT_ADR,FDQ-010,Founder disposition plus source-register update plus validator pass plus implementation/test/evidence gates where applicable,SRC-BACKEND-PERMISSION-MAP;SRC-BACKEND-ROUTE-ACCOUNT-CONTEXT;SRC-BACKEND-ROUTE-ADMIN;SRC-BACKEND-ROUTE-ADMIN-REVIEW;SRC-BACKEND-ROUTE-OWNER-UPDATES;SRC-BACKEND-ROUTE-PULSE;SRC-BACKEND-SERVER-ASSEMBLY;SRC-BACKEND-TEST-TEST-BUILD-NEXT-15C-B-BARN-VISIBILITY-POLICY;SRC-BACKEND-TEST-TEST-BUILD-NEXT-2-MOBILE-READINESS;SRC-BACKEND-TEST-TEST-BUILD-NEXT-2B-MOBILE-SCREENSHOT-GATE;SRC-BACKEND-TEST-TEST-BUILD-NEXT-6F-DOCUSIGN-WEBHOOK-STATUS-SYNC;SRC-BACKEND-TEST-TEST-EQUINESYNC;SRC-BACKEND-TEST-TEST-RF15-OFFLINE-LOCK-SCREEN-FIELD-RELIABILITY;SRC-CANON-PERMISSION-CANON-V1.1;SRC-CANON-PLATFORM-OPS-CANON-V2.0;SRC-CANON-RECORDS-CANON-V2.1;SRC-CANON-RESILIENCE-CANON-V1.0;SRC-CODE-GUIDE-PROGRAM-STATUS;SRC-FOUNDER-DIRECTIVE;SRC-FRONTEND-APP-ROUTES;SRC-FRONTEND-PAGE-MESSAGING;SRC-FRONTEND-PAGE-MOBILEREADINESS;SRC-FRONTEND-PAGE-OWNERUPDATES;SRC-FRONTEND-PAGE-REHAB;SRC-FRONTEND-PAGE-TODAY;SRC-IMPLEMENTATION-ATLAS;SRC-MASTER-PRODUCT-VISION;SRC-PIA-COMPONENT-OWNERSHIP;SRC-PIA-PORTFOLIO-TEN;SRC-PIA-REALIGNMENT-REGISTER;SRC-ROLE-PERMISSION-MATRIX;SRC-FOUNDER-REVISION-DIRECTIVE-2026-08-01
GAP-ES-FEAT-MOBILE-013,ES-FEAT-MOBILE-013,recovery,"Mobile, offline, and synchronization",YES,ADR_GAP,NO,YES,NO,NO,YES,YES,YES,NO,YES,P2,MEDIUM,8,66,ADR,ARCHITECTURE,DRAFT_ADR,FDQ-010,Founder disposition plus source-register update plus validator pass plus implementation/test/evidence gates where applicable,SRC-BACKEND-PERMISSION-MAP;SRC-BACKEND-SERVER-ASSEMBLY;SRC-BACKEND-TEST-TEST-BUILD-NEXT-2-MOBILE-READINESS;SRC-BACKEND-TEST-TEST-BUILD-NEXT-2B-MOBILE-SCREENSHOT-GATE;SRC-BACKEND-TEST-TEST-RF15-OFFLINE-LOCK-SCREEN-FIELD-RELIABILITY;SRC-CANON-PERMISSION-CANON-V1.1;SRC-CANON-PLATFORM-OPS-CANON-V2.0;SRC-CANON-RECORDS-CANON-V2.1;SRC-CANON-RESILIENCE-CANON-V1.0;SRC-CODE-GUIDE-PROGRAM-STATUS;SRC-FOUNDER-DIRECTIVE;SRC-FRONTEND-APP-ROUTES;SRC-FRONTEND-PAGE-MOBILEREADINESS;SRC-FRONTEND-PAGE-REHAB;SRC-FRONTEND-PAGE-TODAY;SRC-IMPLEMENTATION-ATLAS;SRC-MASTER-PRODUCT-VISION;SRC-PIA-COMPONENT-OWNERSHIP;SRC-PIA-PORTFOLIO-TEN;SRC-PIA-REALIGNMENT-REGISTER;SRC-ROLE-PERMISSION-MATRIX;SRC-FOUNDER-REVISION-DIRECTIVE-2026-08-01
GAP-ES-FEAT-ADMINOPS-001,ES-FEAT-ADMINOPS-001,platform administration,"Administration, support, security, and operations",YES,RUNBOOK_GAP,NO,NO,NO,YES,YES,YES,YES,NO,YES,P2,MEDIUM,8,64,RUNBOOK,OPERATIONS,DRAFT_RUNBOOK,FDQ-012,Founder disposition plus source-register update plus validator pass plus implementation/test/evidence gates where applicable,SRC-BACKEND-PERMISSION-MAP;SRC-BACKEND-ROUTE-ADMIN;SRC-BACKEND-ROUTE-ADMIN-BILLING;SRC-BACKEND-ROUTE-ADMIN-REVIEW;SRC-BACKEND-ROUTE-AUTH;SRC-BACKEND-ROUTE-STUDENT-GUARDIANS;SRC-BACKEND-SERVER-ASSEMBLY;SRC-BACKEND-TEST-TEST-MEMBERSHIP-LEGACY-STRIPE-WEBHOOK-SECURITY;SRC-BACKEND-TEST-TEST-OPERATIONS-ROUTES;SRC-BACKEND-TEST-TEST-OPERATIONS-SCOPING;SRC-BACKEND-TEST-TEST-SECURITY-PATCH-2E;SRC-CANON-AUDIT-CANON-V2.0;SRC-CANON-CONFIGURATION-CANON-V2.0;SRC-CANON-INCIDENT-RESPONSE-CANON-V1.0;SRC-CANON-PLATFORM-OPS-CANON-V2.0;SRC-CANON-RESILIENCE-CANON-V1.0;SRC-CODE-GUIDE-PROGRAM-STATUS;SRC-FOUNDER-DIRECTIVE;SRC-FRONTEND-APP-ROUTES;SRC-FRONTEND-PAGE-ADMINBILLINGDASHBOARD;SRC-FRONTEND-PAGE-DASHBOARD;SRC-FRONTEND-PAGE-LANDING;SRC-FRONTEND-PAGE-ONBOARDING;SRC-FRONTEND-PAGE-PERSONALDASHBOARD;SRC-IMPLEMENTATION-ATLAS;SRC-MASTER-PRODUCT-VISION;SRC-PIA-COMPONENT-OWNERSHIP;SRC-PIA-PORTFOLIO-TEN;SRC-PIA-REALIGNMENT-REGISTER;SRC-ROLE-PERMISSION-MATRIX;SRC-FOUNDER-REVISION-DIRECTIVE-2026-08-01
GAP-ES-FEAT-ADMINOPS-002,ES-FEAT-ADMINOPS-002,facility administration,"Administration, support, security, and operations",YES,RUNBOOK_GAP,NO,NO,NO,YES,YES,YES,YES,NO,YES,P2,MEDIUM,8,64,RUNBOOK,OPERATIONS,DRAFT_RUNBOOK,FDQ-012,Founder disposition plus source-register update plus validator pass plus implementation/test/evidence gates where applicable,SRC-BACKEND-PERMISSION-MAP;SRC-BACKEND-ROUTE-AUTH;SRC-BACKEND-ROUTE-MANAGER-INTAKE;SRC-BACKEND-ROUTE-MEMBERSHIP;SRC-BACKEND-ROUTE-ONBOARDING;SRC-BACKEND-ROUTE-STAFF-INTAKE;SRC-BACKEND-SERVER-ASSEMBLY;SRC-BACKEND-TEST-TEST-MEMBERSHIP-LEGACY-STRIPE-WEBHOOK-SECURITY;SRC-BACKEND-TEST-TEST-OPERATIONS-ROUTES;SRC-BACKEND-TEST-TEST-OPERATIONS-SCOPING;SRC-BACKEND-TEST-TEST-SECURITY-PATCH-2E;SRC-CANON-AUDIT-CANON-V2.0;SRC-CANON-CONFIGURATION-CANON-V2.0;SRC-CANON-INCIDENT-RESPONSE-CANON-V1.0;SRC-CANON-PLATFORM-OPS-CANON-V2.0;SRC-CANON-RESILIENCE-CANON-V1.0;SRC-CODE-GUIDE-PROGRAM-STATUS;SRC-FOUNDER-DIRECTIVE;SRC-FRONTEND-APP-ROUTES;SRC-FRONTEND-PAGE-FACILITYDASHBOARD;SRC-FRONTEND-PAGE-LANDING;SRC-FRONTEND-PAGE-PERSONALDASHBOARD;SRC-FRONTEND-PAGE-ROLEINTAKE;SRC-FRONTEND-PAGE-SERVICEPROVIDERDASHBOARD;SRC-IMPLEMENTATION-ATLAS;SRC-MASTER-PRODUCT-VISION;SRC-PIA-COMPONENT-OWNERSHIP;SRC-PIA-PORTFOLIO-TEN;SRC-PIA-REALIGNMENT-REGISTER;SRC-ROLE-PERMISSION-MATRIX;SRC-FOUNDER-REVISION-DIRECTIVE-2026-08-01
GAP-ES-FEAT-ADMINOPS-003,ES-FEAT-ADMINOPS-003,support tooling,"Administration, support, security, and operations",YES,RUNBOOK_GAP,NO,NO,NO,YES,YES,YES,YES,NO,YES,P2,MEDIUM,8,64,RUNBOOK,OPERATIONS,DRAFT_RUNBOOK,FDQ-012,Founder disposition plus source-register update plus validator pass plus implementation/test/evidence gates where applicable,SRC-BACKEND-PERMISSION-MAP;SRC-BACKEND-ROUTE-ADMIN;SRC-BACKEND-ROUTE-ADMIN-REVIEW;SRC-BACKEND-ROUTE-AUTH;SRC-BACKEND-ROUTE-STAFF-INTAKE;SRC-BACKEND-ROUTE-TRAINER-INTAKE;SRC-BACKEND-SERVER-ASSEMBLY;SRC-BACKEND-TEST-TEST-MEMBERSHIP-LEGACY-STRIPE-WEBHOOK-SECURITY;SRC-BACKEND-TEST-TEST-OPERATIONS-ROUTES;SRC-BACKEND-TEST-TEST-OPERATIONS-SCOPING;SRC-BACKEND-TEST-TEST-SECURITY-PATCH-2E;SRC-CANON-AUDIT-CANON-V2.0;SRC-CANON-CONFIGURATION-CANON-V2.0;SRC-CANON-INCIDENT-RESPONSE-CANON-V1.0;SRC-CANON-PLATFORM-OPS-CANON-V2.0;SRC-CANON-RESILIENCE-CANON-V1.0;SRC-CODE-GUIDE-PROGRAM-STATUS;SRC-FOUNDER-DIRECTIVE;SRC-FRONTEND-APP-ROUTES;SRC-FRONTEND-PAGE-DASHBOARD;SRC-FRONTEND-PAGE-LANDING;SRC-FRONTEND-PAGE-ONBOARDING;SRC-FRONTEND-PAGE-PERSONALDASHBOARD;SRC-FRONTEND-PAGE-REPORTS;SRC-IMPLEMENTATION-ATLAS;SRC-MASTER-PRODUCT-VISION;SRC-PIA-COMPONENT-OWNERSHIP;SRC-PIA-PORTFOLIO-TEN;SRC-PIA-REALIGNMENT-REGISTER;SRC-ROLE-PERMISSION-MATRIX;SRC-FOUNDER-REVISION-DIRECTIVE-2026-08-01
GAP-ES-FEAT-ADMINOPS-004,ES-FEAT-ADMINOPS-004,impersonation,"Administration, support, security, and operations",YES,RUNBOOK_GAP,NO,NO,NO,YES,YES,YES,YES,NO,YES,P2,MEDIUM,8,64,RUNBOOK,OPERATIONS,DRAFT_RUNBOOK,FDQ-012,Founder disposition plus source-register update plus validator pass plus implementation/test/evidence gates where applicable,SRC-BACKEND-PERMISSION-MAP;SRC-BACKEND-ROUTE-ADMIN;SRC-BACKEND-ROUTE-ADMIN-REVIEW;SRC-BACKEND-ROUTE-AUTH;SRC-BACKEND-ROUTE-BACKLOG;SRC-BACKEND-ROUTE-BILLING;SRC-BACKEND-SERVER-ASSEMBLY;SRC-BACKEND-TEST-TEST-MEMBERSHIP-LEGACY-STRIPE-WEBHOOK-SECURITY;SRC-BACKEND-TEST-TEST-OPERATIONS-ROUTES;SRC-BACKEND-TEST-TEST-OPERATIONS-SCOPING;SRC-BACKEND-TEST-TEST-SECURITY-PATCH-2E;SRC-CANON-AUDIT-CANON-V2.0;SRC-CANON-CONFIGURATION-CANON-V2.0;SRC-CANON-INCIDENT-RESPONSE-CANON-V1.0;SRC-CANON-PLATFORM-OPS-CANON-V2.0;SRC-CANON-RESILIENCE-CANON-V1.0;SRC-CODE-GUIDE-PROGRAM-STATUS;SRC-FOUNDER-DIRECTIVE;SRC-FRONTEND-APP-ROUTES;SRC-FRONTEND-PAGE-DASHBOARD;SRC-FRONTEND-PAGE-LANDING;SRC-FRONTEND-PAGE-ONBOARDING;SRC-FRONTEND-PAGE-PERSONALDASHBOARD;SRC-FRONTEND-PAGE-REPORTS;SRC-IMPLEMENTATION-ATLAS;SRC-MASTER-PRODUCT-VISION;SRC-PIA-COMPONENT-OWNERSHIP;SRC-PIA-PORTFOLIO-TEN;SRC-PIA-REALIGNMENT-REGISTER;SRC-ROLE-PERMISSION-MATRIX;SRC-FOUNDER-REVISION-DIRECTIVE-2026-08-01
GAP-ES-FEAT-ADMINOPS-005,ES-FEAT-ADMINOPS-005,break-glass access,"Administration, support, security, and operations",YES,RUNBOOK_GAP,NO,NO,NO,YES,YES,YES,YES,NO,YES,P2,MEDIUM,8,64,RUNBOOK,OPERATIONS,DRAFT_RUNBOOK,FDQ-012,Founder disposition plus source-register update plus validator pass plus implementation/test/evidence gates where applicable,SRC-BACKEND-PERMISSION-MAP;SRC-BACKEND-ROUTE-ADMIN;SRC-BACKEND-ROUTE-ADMIN-BILLING;SRC-BACKEND-ROUTE-ADMIN-REVIEW;SRC-BACKEND-ROUTE-AUTH;SRC-BACKEND-ROUTE-ONBOARDING;SRC-BACKEND-SERVER-ASSEMBLY;SRC-BACKEND-TEST-TEST-MEMBERSHIP-LEGACY-STRIPE-WEBHOOK-SECURITY;SRC-BACKEND-TEST-TEST-OPERATIONS-ROUTES;SRC-BACKEND-TEST-TEST-OPERATIONS-SCOPING;SRC-BACKEND-TEST-TEST-RF2-IDENTITY-ACCESS-MIGRATION;SRC-BACKEND-TEST-TEST-SECURITY-PATCH-2E;SRC-CANON-AUDIT-CANON-V2.0;SRC-CANON-CONFIGURATION-CANON-V2.0;SRC-CANON-INCIDENT-RESPONSE-CANON-V1.0;SRC-CANON-PLATFORM-OPS-CANON-V2.0;SRC-CANON-RESILIENCE-CANON-V1.0;SRC-CODE-GUIDE-PROGRAM-STATUS;SRC-FOUNDER-DIRECTIVE;SRC-FRONTEND-APP-ROUTES;SRC-FRONTEND-PAGE-ADMINBILLINGDASHBOARD;SRC-FRONTEND-PAGE-ADMINREVIEWQUEUE;SRC-FRONTEND-PAGE-BILLING;SRC-FRONTEND-PAGE-CARELEDGERTAB;SRC-FRONTEND-PAGE-PERSONALDASHBOARD;SRC-IMPLEMENTATION-ATLAS;SRC-MASTER-PRODUCT-VISION;SRC-PIA-COMPONENT-OWNERSHIP;SRC-PIA-PORTFOLIO-TEN;SRC-PIA-REALIGNMENT-REGISTER;SRC-ROLE-PERMISSION-MATRIX;SRC-FOUNDER-REVISION-DIRECTIVE-2026-08-01
GAP-ES-FEAT-ADMINOPS-006,ES-FEAT-ADMINOPS-006,monitoring,"Administration, support, security, and operations",YES,RUNBOOK_GAP,NO,NO,NO,YES,YES,YES,YES,NO,YES,P2,MEDIUM,8,64,RUNBOOK,OPERATIONS,DRAFT_RUNBOOK,FDQ-012,Founder disposition plus source-register update plus validator pass plus implementation/test/evidence gates where applicable,SRC-BACKEND-PERMISSION-MAP;SRC-BACKEND-ROUTE-ADMIN;SRC-BACKEND-ROUTE-ADMIN-REVIEW;SRC-BACKEND-ROUTE-AUTH;SRC-BACKEND-ROUTE-BACKLOG;SRC-BACKEND-ROUTE-BILLING;SRC-BACKEND-SERVER-ASSEMBLY;SRC-BACKEND-TEST-TEST-MEMBERSHIP-LEGACY-STRIPE-WEBHOOK-SECURITY;SRC-BACKEND-TEST-TEST-OPERATIONS-ROUTES;SRC-BACKEND-TEST-TEST-OPERATIONS-SCOPING;SRC-BACKEND-TEST-TEST-SECURITY-PATCH-2E;SRC-CANON-AUDIT-CANON-V2.0;SRC-CANON-CONFIGURATION-CANON-V2.0;SRC-CANON-INCIDENT-RESPONSE-CANON-V1.0;SRC-CANON-PLATFORM-OPS-CANON-V2.0;SRC-CANON-RESILIENCE-CANON-V1.0;SRC-CODE-GUIDE-PROGRAM-STATUS;SRC-FOUNDER-DIRECTIVE;SRC-FRONTEND-APP-ROUTES;SRC-FRONTEND-PAGE-DASHBOARD;SRC-FRONTEND-PAGE-LANDING;SRC-FRONTEND-PAGE-ONBOARDING;SRC-FRONTEND-PAGE-PERSONALDASHBOARD;SRC-FRONTEND-PAGE-REPORTS;SRC-IMPLEMENTATION-ATLAS;SRC-MASTER-PRODUCT-VISION;SRC-PIA-COMPONENT-OWNERSHIP;SRC-PIA-PORTFOLIO-TEN;SRC-PIA-REALIGNMENT-REGISTER;SRC-ROLE-PERMISSION-MATRIX;SRC-FOUNDER-REVISION-DIRECTIVE-2026-08-01
GAP-ES-FEAT-ADMINOPS-007,ES-FEAT-ADMINOPS-007,audit review,"Administration, support, security, and operations",YES,RUNBOOK_GAP,NO,NO,NO,YES,YES,YES,YES,NO,YES,P2,MEDIUM,8,64,RUNBOOK,OPERATIONS,DRAFT_RUNBOOK,FDQ-012,Founder disposition plus source-register update plus validator pass plus implementation/test/evidence gates where applicable,SRC-BACKEND-PERMISSION-MAP;SRC-BACKEND-ROUTE-ADMIN-REVIEW;SRC-BACKEND-ROUTE-AUDIT;SRC-BACKEND-ROUTE-AUTH;SRC-BACKEND-ROUTE-BACKLOG;SRC-BACKEND-ROUTE-ONBOARDING;SRC-BACKEND-SERVER-ASSEMBLY;SRC-BACKEND-TEST-TEST-AUDIT-5B;SRC-BACKEND-TEST-TEST-AUDIT-5C;SRC-BACKEND-TEST-TEST-AUDIT-5D;SRC-BACKEND-TEST-TEST-AUDIT-SERVICE;SRC-BACKEND-TEST-TEST-MEMBERSHIP-LEGACY-STRIPE-WEBHOOK-SECURITY;SRC-BACKEND-TEST-TEST-OPERATIONS-ROUTES;SRC-BACKEND-TEST-TEST-OPERATIONS-SCOPING;SRC-BACKEND-TEST-TEST-REVIEW-QUEUE-AND-LIFECYCLE;SRC-CANON-AUDIT-CANON-V2.0;SRC-CANON-CONFIGURATION-CANON-V2.0;SRC-CANON-INCIDENT-RESPONSE-CANON-V1.0;SRC-CANON-PLATFORM-OPS-CANON-V2.0;SRC-CANON-RESILIENCE-CANON-V1.0;SRC-CODE-GUIDE-PROGRAM-STATUS;SRC-FOUNDER-DIRECTIVE;SRC-FRONTEND-APP-ROUTES;SRC-FRONTEND-PAGE-ADMINREVIEWQUEUE;SRC-FRONTEND-PAGE-AUDITLOG;SRC-FRONTEND-PAGE-ONBOARDING;SRC-FRONTEND-PAGE-PERSONALDASHBOARD;SRC-FRONTEND-PAGE-REVIEWQUEUE;SRC-IMPLEMENTATION-ATLAS;SRC-MASTER-PRODUCT-VISION;SRC-PIA-COMPONENT-OWNERSHIP;SRC-PIA-PORTFOLIO-TEN;SRC-PIA-REALIGNMENT-REGISTER;SRC-ROLE-PERMISSION-MATRIX;SRC-FOUNDER-REVISION-DIRECTIVE-2026-08-01
GAP-ES-FEAT-ADMINOPS-008,ES-FEAT-ADMINOPS-008,incident response,"Administration, support, security, and operations",YES,RUNBOOK_GAP,NO,NO,NO,YES,YES,YES,YES,NO,YES,P2,HIGH,12,64,RUNBOOK,OPERATIONS,DRAFT_RUNBOOK,FDQ-012,Founder disposition plus source-register update plus validator pass plus implementation/test/evidence gates where applicable,SRC-BACKEND-PERMISSION-MAP;SRC-BACKEND-ROUTE-DASHBOARD;SRC-BACKEND-ROUTE-MANAGER-INTAKE;SRC-BACKEND-ROUTE-OPERATIONS;SRC-BACKEND-ROUTE-STAFF-INTAKE;SRC-BACKEND-ROUTE-TRAINER-INTAKE;SRC-BACKEND-SERVER-ASSEMBLY;SRC-BACKEND-TEST-TEST-MEMBERSHIP-LEGACY-STRIPE-WEBHOOK-SECURITY;SRC-BACKEND-TEST-TEST-OPERATIONS-ROUTES;SRC-BACKEND-TEST-TEST-OPERATIONS-SCOPING;SRC-BACKEND-TEST-TEST-SECURITY-PATCH-2E;SRC-CANON-AUDIT-CANON-V2.0;SRC-CANON-CONFIGURATION-CANON-V2.0;SRC-CANON-INCIDENT-RESPONSE-CANON-V1.0;SRC-CANON-PLATFORM-OPS-CANON-V2.0;SRC-CANON-RESILIENCE-CANON-V1.0;SRC-CODE-GUIDE-PROGRAM-STATUS;SRC-FOUNDER-DIRECTIVE;SRC-FRONTEND-APP-ROUTES;SRC-FRONTEND-PAGE-INCIDENTS;SRC-FRONTEND-PAGE-PERSONALDASHBOARD;SRC-FRONTEND-PAGE-REPORTS;SRC-FRONTEND-PAGE-SERVICEPROVIDERDASHBOARD;SRC-FRONTEND-PAGE-TRAINERDASHBOARD;SRC-IMPLEMENTATION-ATLAS;SRC-MASTER-PRODUCT-VISION;SRC-PIA-COMPONENT-OWNERSHIP;SRC-PIA-PORTFOLIO-TEN;SRC-PIA-REALIGNMENT-REGISTER;SRC-ROLE-PERMISSION-MATRIX;SRC-FOUNDER-REVISION-DIRECTIVE-2026-08-01
GAP-ES-FEAT-ADMINOPS-009,ES-FEAT-ADMINOPS-009,backup,"Administration, support, security, and operations",YES,RUNBOOK_GAP,NO,NO,NO,YES,YES,YES,YES,NO,YES,P2,MEDIUM,8,64,RUNBOOK,OPERATIONS,DRAFT_RUNBOOK,FDQ-012,Founder disposition plus source-register update plus validator pass plus implementation/test/evidence gates where applicable,SRC-BACKEND-PERMISSION-MAP;SRC-BACKEND-ROUTE-ADMIN;SRC-BACKEND-ROUTE-ADMIN-REVIEW;SRC-BACKEND-ROUTE-AUTH;SRC-BACKEND-ROUTE-BACKLOG;SRC-BACKEND-ROUTE-BILLING;SRC-BACKEND-SERVER-ASSEMBLY;SRC-BACKEND-TEST-TEST-MEMBERSHIP-LEGACY-STRIPE-WEBHOOK-SECURITY;SRC-BACKEND-TEST-TEST-OPERATIONS-ROUTES;SRC-BACKEND-TEST-TEST-OPERATIONS-SCOPING;SRC-BACKEND-TEST-TEST-SECURITY-PATCH-2E;SRC-CANON-AUDIT-CANON-V2.0;SRC-CANON-CONFIGURATION-CANON-V2.0;SRC-CANON-INCIDENT-RESPONSE-CANON-V1.0;SRC-CANON-PLATFORM-OPS-CANON-V2.0;SRC-CANON-RESILIENCE-CANON-V1.0;SRC-CODE-GUIDE-PROGRAM-STATUS;SRC-FOUNDER-DIRECTIVE;SRC-FRONTEND-APP-ROUTES;SRC-FRONTEND-PAGE-DASHBOARD;SRC-FRONTEND-PAGE-LANDING;SRC-FRONTEND-PAGE-ONBOARDING;SRC-FRONTEND-PAGE-PERSONALDASHBOARD;SRC-FRONTEND-PAGE-REPORTS;SRC-IMPLEMENTATION-ATLAS;SRC-MASTER-PRODUCT-VISION;SRC-PIA-COMPONENT-OWNERSHIP;SRC-PIA-PORTFOLIO-TEN;SRC-PIA-REALIGNMENT-REGISTER;SRC-ROLE-PERMISSION-MATRIX;SRC-FOUNDER-REVISION-DIRECTIVE-2026-08-01
GAP-ES-FEAT-ADMINOPS-010,ES-FEAT-ADMINOPS-010,restore,"Administration, support, security, and operations",YES,RUNBOOK_GAP,NO,NO,NO,YES,YES,YES,YES,NO,YES,P2,MEDIUM,8,64,RUNBOOK,OPERATIONS,DRAFT_RUNBOOK,FDQ-012,Founder disposition plus source-register update plus validator pass plus implementation/test/evidence gates where applicable,SRC-BACKEND-PERMISSION-MAP;SRC-BACKEND-ROUTE-ADMIN;SRC-BACKEND-ROUTE-ADMIN-REVIEW;SRC-BACKEND-ROUTE-AUTH;SRC-BACKEND-ROUTE-BACKLOG;SRC-BACKEND-ROUTE-BILLING;SRC-BACKEND-SERVER-ASSEMBLY;SRC-BACKEND-TEST-TEST-MEMBERSHIP-LEGACY-STRIPE-WEBHOOK-SECURITY;SRC-BACKEND-TEST-TEST-OPERATIONS-ROUTES;SRC-BACKEND-TEST-TEST-OPERATIONS-SCOPING;SRC-BACKEND-TEST-TEST-SECURITY-PATCH-2E;SRC-CANON-AUDIT-CANON-V2.0;SRC-CANON-CONFIGURATION-CANON-V2.0;SRC-CANON-INCIDENT-RESPONSE-CANON-V1.0;SRC-CANON-PLATFORM-OPS-CANON-V2.0;SRC-CANON-RESILIENCE-CANON-V1.0;SRC-CODE-GUIDE-PROGRAM-STATUS;SRC-FOUNDER-DIRECTIVE;SRC-FRONTEND-APP-ROUTES;SRC-FRONTEND-PAGE-DASHBOARD;SRC-FRONTEND-PAGE-LANDING;SRC-FRONTEND-PAGE-ONBOARDING;SRC-FRONTEND-PAGE-PERSONALDASHBOARD;SRC-FRONTEND-PAGE-REPORTS;SRC-IMPLEMENTATION-ATLAS;SRC-MASTER-PRODUCT-VISION;SRC-PIA-COMPONENT-OWNERSHIP;SRC-PIA-PORTFOLIO-TEN;SRC-PIA-REALIGNMENT-REGISTER;SRC-ROLE-PERMISSION-MATRIX;SRC-FOUNDER-REVISION-DIRECTIVE-2026-08-01
GAP-ES-FEAT-ADMINOPS-011,ES-FEAT-ADMINOPS-011,rollback,"Administration, support, security, and operations",YES,RUNBOOK_GAP,NO,NO,NO,YES,YES,YES,YES,NO,YES,P2,MEDIUM,8,64,RUNBOOK,OPERATIONS,DRAFT_RUNBOOK,FDQ-012,Founder disposition plus source-register update plus validator pass plus implementation/test/evidence gates where applicable,SRC-BACKEND-PERMISSION-MAP;SRC-BACKEND-ROUTE-ADMIN;SRC-BACKEND-ROUTE-ADMIN-REVIEW;SRC-BACKEND-ROUTE-AUTH;SRC-BACKEND-ROUTE-BACKLOG;SRC-BACKEND-ROUTE-BILLING;SRC-BACKEND-SERVER-ASSEMBLY;SRC-BACKEND-TEST-TEST-MEMBERSHIP-LEGACY-STRIPE-WEBHOOK-SECURITY;SRC-BACKEND-TEST-TEST-OPERATIONS-ROUTES;SRC-BACKEND-TEST-TEST-OPERATIONS-SCOPING;SRC-BACKEND-TEST-TEST-SECURITY-PATCH-2E;SRC-CANON-AUDIT-CANON-V2.0;SRC-CANON-CONFIGURATION-CANON-V2.0;SRC-CANON-INCIDENT-RESPONSE-CANON-V1.0;SRC-CANON-PLATFORM-OPS-CANON-V2.0;SRC-CANON-RESILIENCE-CANON-V1.0;SRC-CODE-GUIDE-PROGRAM-STATUS;SRC-FOUNDER-DIRECTIVE;SRC-FRONTEND-APP-ROUTES;SRC-FRONTEND-PAGE-DASHBOARD;SRC-FRONTEND-PAGE-LANDING;SRC-FRONTEND-PAGE-ONBOARDING;SRC-FRONTEND-PAGE-PERSONALDASHBOARD;SRC-FRONTEND-PAGE-REPORTS;SRC-IMPLEMENTATION-ATLAS;SRC-MASTER-PRODUCT-VISION;SRC-PIA-COMPONENT-OWNERSHIP;SRC-PIA-PORTFOLIO-TEN;SRC-PIA-REALIGNMENT-REGISTER;SRC-ROLE-PERMISSION-MATRIX;SRC-FOUNDER-REVISION-DIRECTIVE-2026-08-01
GAP-ES-FEAT-ADMINOPS-012,ES-FEAT-ADMINOPS-012,feature flags,"Administration, support, security, and operations",YES,RUNBOOK_GAP,NO,NO,NO,YES,YES,YES,YES,NO,YES,P2,MEDIUM,8,64,RUNBOOK,OPERATIONS,DRAFT_RUNBOOK,FDQ-012,Founder disposition plus source-register update plus validator pass plus implementation/test/evidence gates where applicable,SRC-BACKEND-PERMISSION-MAP;SRC-BACKEND-ROUTE-ADMIN;SRC-BACKEND-ROUTE-ADMIN-REVIEW;SRC-BACKEND-ROUTE-AUTH;SRC-BACKEND-ROUTE-BACKLOG;SRC-BACKEND-ROUTE-BILLING;SRC-BACKEND-SERVER-ASSEMBLY;SRC-BACKEND-TEST-TEST-MEMBERSHIP-LEGACY-STRIPE-WEBHOOK-SECURITY;SRC-BACKEND-TEST-TEST-OPERATIONS-ROUTES;SRC-BACKEND-TEST-TEST-OPERATIONS-SCOPING;SRC-BACKEND-TEST-TEST-RF17-FEATURE-SHELL-UX-TRUTH;SRC-BACKEND-TEST-TEST-RF4-FEATURE-COMPLETION-CERTIFICATION;SRC-BACKEND-TEST-TEST-SECURITY-PATCH-2E;SRC-CANON-AUDIT-CANON-V2.0;SRC-CANON-CONFIGURATION-CANON-V2.0;SRC-CANON-INCIDENT-RESPONSE-CANON-V1.0;SRC-CANON-PLATFORM-OPS-CANON-V2.0;SRC-CANON-RESILIENCE-CANON-V1.0;SRC-CODE-GUIDE-PROGRAM-STATUS;SRC-FOUNDER-DIRECTIVE;SRC-FRONTEND-APP-ROUTES;SRC-FRONTEND-PAGE-AIAUTOMATION;SRC-FRONTEND-PAGE-COMPETITIONS;SRC-FRONTEND-PAGE-DASHBOARD;SRC-FRONTEND-PAGE-FEATUREWORKSPACE;SRC-FRONTEND-PAGE-PERSONALDASHBOARD;SRC-IMPLEMENTATION-ATLAS;SRC-MASTER-PRODUCT-VISION;SRC-PIA-COMPONENT-OWNERSHIP;SRC-PIA-PORTFOLIO-TEN;SRC-PIA-REALIGNMENT-REGISTER;SRC-ROLE-PERMISSION-MATRIX;SRC-FOUNDER-REVISION-DIRECTIVE-2026-08-01
GAP-ES-FEAT-ADMINOPS-013,ES-FEAT-ADMINOPS-013,release,"Administration, support, security, and operations",YES,RUNBOOK_GAP,NO,NO,NO,YES,YES,YES,YES,NO,YES,P2,MEDIUM,8,64,RUNBOOK,OPERATIONS,DRAFT_RUNBOOK,FDQ-012,Founder disposition plus source-register update plus validator pass plus implementation/test/evidence gates where applicable,SRC-BACKEND-PERMISSION-MAP;SRC-BACKEND-ROUTE-ADMIN;SRC-BACKEND-ROUTE-ADMIN-REVIEW;SRC-BACKEND-ROUTE-AUTH;SRC-BACKEND-ROUTE-BACKLOG;SRC-BACKEND-ROUTE-BILLING;SRC-BACKEND-SERVER-ASSEMBLY;SRC-BACKEND-TEST-TEST-MEMBERSHIP-LEGACY-STRIPE-WEBHOOK-SECURITY;SRC-BACKEND-TEST-TEST-OPERATIONS-ROUTES;SRC-BACKEND-TEST-TEST-OPERATIONS-SCOPING;SRC-BACKEND-TEST-TEST-SECURITY-PATCH-2E;SRC-CANON-AUDIT-CANON-V2.0;SRC-CANON-CONFIGURATION-CANON-V2.0;SRC-CANON-INCIDENT-RESPONSE-CANON-V1.0;SRC-CANON-PLATFORM-OPS-CANON-V2.0;SRC-CANON-RESILIENCE-CANON-V1.0;SRC-CODE-GUIDE-PROGRAM-STATUS;SRC-FOUNDER-DIRECTIVE;SRC-FRONTEND-APP-ROUTES;SRC-FRONTEND-PAGE-DASHBOARD;SRC-FRONTEND-PAGE-LANDING;SRC-FRONTEND-PAGE-ONBOARDING;SRC-FRONTEND-PAGE-PERSONALDASHBOARD;SRC-FRONTEND-PAGE-REPORTS;SRC-IMPLEMENTATION-ATLAS;SRC-MASTER-PRODUCT-VISION;SRC-PIA-COMPONENT-OWNERSHIP;SRC-PIA-PORTFOLIO-TEN;SRC-PIA-REALIGNMENT-REGISTER;SRC-ROLE-PERMISSION-MATRIX;SRC-FOUNDER-REVISION-DIRECTIVE-2026-08-01
GAP-ES-FEAT-ADMINOPS-014,ES-FEAT-ADMINOPS-014,suspension,"Administration, support, security, and operations",YES,RUNBOOK_GAP,NO,NO,NO,YES,YES,YES,YES,NO,YES,P2,MEDIUM,8,64,RUNBOOK,OPERATIONS,DRAFT_RUNBOOK,FDQ-012,Founder disposition plus source-register update plus validator pass plus implementation/test/evidence gates where applicable,SRC-BACKEND-PERMISSION-MAP;SRC-BACKEND-ROUTE-ADMIN;SRC-BACKEND-ROUTE-ADMIN-REVIEW;SRC-BACKEND-ROUTE-AUTH;SRC-BACKEND-ROUTE-BACKLOG;SRC-BACKEND-ROUTE-BILLING;SRC-BACKEND-SERVER-ASSEMBLY;SRC-BACKEND-TEST-TEST-MEMBERSHIP-LEGACY-STRIPE-WEBHOOK-SECURITY;SRC-BACKEND-TEST-TEST-OPERATIONS-ROUTES;SRC-BACKEND-TEST-TEST-OPERATIONS-SCOPING;SRC-BACKEND-TEST-TEST-SECURITY-PATCH-2E;SRC-CANON-AUDIT-CANON-V2.0;SRC-CANON-CONFIGURATION-CANON-V2.0;SRC-CANON-INCIDENT-RESPONSE-CANON-V1.0;SRC-CANON-PLATFORM-OPS-CANON-V2.0;SRC-CANON-RESILIENCE-CANON-V1.0;SRC-CODE-GUIDE-PROGRAM-STATUS;SRC-FOUNDER-DIRECTIVE;SRC-FRONTEND-APP-ROUTES;SRC-FRONTEND-PAGE-DASHBOARD;SRC-FRONTEND-PAGE-LANDING;SRC-FRONTEND-PAGE-ONBOARDING;SRC-FRONTEND-PAGE-PERSONALDASHBOARD;SRC-FRONTEND-PAGE-REPORTS;SRC-IMPLEMENTATION-ATLAS;SRC-MASTER-PRODUCT-VISION;SRC-PIA-COMPONENT-OWNERSHIP;SRC-PIA-PORTFOLIO-TEN;SRC-PIA-REALIGNMENT-REGISTER;SRC-ROLE-PERMISSION-MATRIX;SRC-FOUNDER-REVISION-DIRECTIVE-2026-08-01
GAP-ES-FEAT-ADMINOPS-015,ES-FEAT-ADMINOPS-015,provider operations,"Administration, support, security, and operations",YES,RUNBOOK_GAP,NO,NO,NO,YES,YES,YES,YES,YES,YES,P2,MEDIUM,8,64,RUNBOOK,OPERATIONS,DRAFT_RUNBOOK,FDQ-012,Founder disposition plus source-register update plus validator pass plus implementation/test/evidence gates where applicable,SRC-BACKEND-PERMISSION-MAP;SRC-BACKEND-ROUTE-BACKLOG;SRC-BACKEND-ROUTE-MEMBERSHIP;SRC-BACKEND-ROUTE-ONBOARDING;SRC-BACKEND-ROUTE-OPERATIONS;SRC-BACKEND-ROUTE-SERVICE-PROVIDER-CENTER;SRC-BACKEND-SERVER-ASSEMBLY;SRC-BACKEND-TEST-TEST-BUILD-NEXT-18A-PROVIDER-LIVE-PROOF;SRC-BACKEND-TEST-TEST-MEMBERSHIP-LEGACY-STRIPE-WEBHOOK-SECURITY;SRC-BACKEND-TEST-TEST-OPERATIONS-ROUTES;SRC-BACKEND-TEST-TEST-OPERATIONS-SCOPING;SRC-BACKEND-TEST-TEST-RF10-SERVICE-PROVIDER-CARE-PARTNER;SRC-BACKEND-TEST-TEST-SECURITY-PATCH-2E;SRC-CANON-AUDIT-CANON-V2.0;SRC-CANON-CONFIGURATION-CANON-V2.0;SRC-CANON-INCIDENT-RESPONSE-CANON-V1.0;SRC-CANON-PLATFORM-OPS-CANON-V2.0;SRC-CANON-RESILIENCE-CANON-V1.0;SRC-CODE-GUIDE-PROGRAM-STATUS;SRC-FOUNDER-DIRECTIVE;SRC-FRONTEND-APP-ROUTES;SRC-FRONTEND-PAGE-DASHBOARD;SRC-FRONTEND-PAGE-LANDING;SRC-FRONTEND-PAGE-ONBOARDING;SRC-FRONTEND-PAGE-REPORTS;SRC-FRONTEND-PAGE-SERVICEPROVIDERDASHBOARD;SRC-IMPLEMENTATION-ATLAS;SRC-MASTER-PRODUCT-VISION;SRC-PIA-COMPONENT-OWNERSHIP;SRC-PIA-PORTFOLIO-TEN;SRC-PIA-REALIGNMENT-REGISTER;SRC-ROLE-PERMISSION-MATRIX;SRC-FOUNDER-REVISION-DIRECTIVE-2026-08-01
GAP-ES-FEAT-ADMINOPS-016,ES-FEAT-ADMINOPS-016,data correction,"Administration, support, security, and operations",YES,RUNBOOK_GAP,NO,NO,NO,YES,YES,YES,YES,NO,YES,P2,MEDIUM,8,64,RUNBOOK,OPERATIONS,DRAFT_RUNBOOK,FDQ-012,Founder disposition plus source-register update plus validator pass plus implementation/test/evidence gates where applicable,SRC-BACKEND-PERMISSION-MAP;SRC-BACKEND-ROUTE-ADMIN;SRC-BACKEND-ROUTE-BACKLOG;SRC-BACKEND-ROUTE-BILLING;SRC-BACKEND-ROUTE-MANAGER-INTAKE;SRC-BACKEND-ROUTE-OPERATIONS;SRC-BACKEND-SERVER-ASSEMBLY;SRC-BACKEND-TEST-TEST-CI-DATABASE-ISOLATION;SRC-BACKEND-TEST-TEST-MEMBERSHIP-LEGACY-STRIPE-WEBHOOK-SECURITY;SRC-BACKEND-TEST-TEST-OPERATIONS-ROUTES;SRC-BACKEND-TEST-TEST-OPERATIONS-SCOPING;SRC-BACKEND-TEST-TEST-RF1-DATA-FENCES-CAPABILITY-GATES;SRC-BACKEND-TEST-TEST-SECURITY-PATCH-2E;SRC-CANON-AUDIT-CANON-V2.0;SRC-CANON-CONFIGURATION-CANON-V2.0;SRC-CANON-INCIDENT-RESPONSE-CANON-V1.0;SRC-CANON-PLATFORM-OPS-CANON-V2.0;SRC-CANON-RESILIENCE-CANON-V1.0;SRC-CODE-GUIDE-PROGRAM-STATUS;SRC-FOUNDER-DIRECTIVE;SRC-FRONTEND-APP-ROUTES;SRC-FRONTEND-PAGE-ACCEPTINVITE;SRC-FRONTEND-PAGE-PERSONALDASHBOARD;SRC-FRONTEND-PAGE-REPORTS;SRC-FRONTEND-PAGE-SERVICEPROVIDERDASHBOARD;SRC-FRONTEND-PAGE-TRAINERDASHBOARD;SRC-IMPLEMENTATION-ATLAS;SRC-MASTER-PRODUCT-VISION;SRC-PIA-COMPONENT-OWNERSHIP;SRC-PIA-PORTFOLIO-TEN;SRC-PIA-REALIGNMENT-REGISTER;SRC-ROLE-PERMISSION-MATRIX;SRC-FOUNDER-REVISION-DIRECTIVE-2026-08-01
GAP-ES-FEAT-DEVELOPER-001,ES-FEAT-DEVELOPER-001,APIs,Developer platform and extensibility,YES,CODE_GUIDE_GAP,YES,NO,NO,NO,YES,YES,YES,NO,YES,P2,MEDIUM,8,54,CODE_GUIDE,ARCHITECTURE,DRAFT_CODE_GUIDE,FDQ-006,Founder disposition plus source-register update plus validator pass plus implementation/test/evidence gates where applicable,SRC-BACKEND-PERMISSION-MAP;SRC-BACKEND-ROUTE-ADMIN-BILLING;SRC-BACKEND-ROUTE-BARNS;SRC-BACKEND-ROUTE-DOCUMENT-SIGNATURES;SRC-BACKEND-ROUTE-HORSE-LEDGER;SRC-BACKEND-ROUTE-PULSE;SRC-BACKEND-SERVER-ASSEMBLY;SRC-CANON-DATA-PROTECTION-CANON-V1.0;SRC-CANON-DEVELOPER-PLATFORM-CANON-V2.0;SRC-CANON-EXTENSIBILITY-CANON-V2.0;SRC-CANON-VENDOR-SECURITY-CANON-V2.0;SRC-CODE-GUIDE-PROGRAM-STATUS;SRC-FOUNDER-DIRECTIVE;SRC-FRONTEND-APP-ROUTES;SRC-FRONTEND-PAGE-ADMINBILLINGDASHBOARD;SRC-IMPLEMENTATION-ATLAS;SRC-MASTER-PRODUCT-VISION;SRC-PIA-COMPONENT-OWNERSHIP;SRC-PIA-PORTFOLIO-TEN;SRC-PIA-REALIGNMENT-REGISTER;SRC-ROLE-PERMISSION-MATRIX;SRC-FOUNDER-REVISION-DIRECTIVE-2026-08-01
GAP-ES-FEAT-DEVELOPER-002,ES-FEAT-DEVELOPER-002,webhooks,Developer platform and extensibility,YES,CODE_GUIDE_GAP,YES,NO,NO,NO,YES,YES,YES,NO,YES,P2,MEDIUM,8,54,CODE_GUIDE,ARCHITECTURE,DRAFT_CODE_GUIDE,FDQ-006,Founder disposition plus source-register update plus validator pass plus implementation/test/evidence gates where applicable,SRC-BACKEND-PERMISSION-MAP;SRC-BACKEND-ROUTE-ADMIN-BILLING;SRC-BACKEND-ROUTE-BARNS;SRC-BACKEND-ROUTE-DOCUMENT-SIGNATURES;SRC-BACKEND-ROUTE-HORSE-LEDGER;SRC-BACKEND-ROUTE-PULSE;SRC-BACKEND-SERVER-ASSEMBLY;SRC-CANON-DATA-PROTECTION-CANON-V1.0;SRC-CANON-DEVELOPER-PLATFORM-CANON-V2.0;SRC-CANON-EXTENSIBILITY-CANON-V2.0;SRC-CANON-VENDOR-SECURITY-CANON-V2.0;SRC-CODE-GUIDE-PROGRAM-STATUS;SRC-FOUNDER-DIRECTIVE;SRC-FRONTEND-APP-ROUTES;SRC-FRONTEND-PAGE-ADMINBILLINGDASHBOARD;SRC-FRONTEND-PAGE-SUBSCRIPTIONSUCCESS;SRC-IMPLEMENTATION-ATLAS;SRC-MASTER-PRODUCT-VISION;SRC-PIA-COMPONENT-OWNERSHIP;SRC-PIA-PORTFOLIO-TEN;SRC-PIA-REALIGNMENT-REGISTER;SRC-ROLE-PERMISSION-MATRIX;SRC-FOUNDER-REVISION-DIRECTIVE-2026-08-01
GAP-ES-FEAT-DEVELOPER-003,ES-FEAT-DEVELOPER-003,events,Developer platform and extensibility,YES,CODE_GUIDE_GAP,YES,NO,NO,NO,YES,YES,YES,NO,YES,P2,MEDIUM,8,54,CODE_GUIDE,ARCHITECTURE,DRAFT_CODE_GUIDE,FDQ-006,Founder disposition plus source-register update plus validator pass plus implementation/test/evidence gates where applicable,SRC-BACKEND-PERMISSION-MAP;SRC-BACKEND-ROUTE-ADMIN-BILLING;SRC-BACKEND-ROUTE-ANALYTICS;SRC-BACKEND-ROUTE-BARNS;SRC-BACKEND-ROUTE-DOCUMENT-SIGNATURES;SRC-BACKEND-ROUTE-HORSE-LEDGER;SRC-BACKEND-SERVER-ASSEMBLY;SRC-CANON-DATA-PROTECTION-CANON-V1.0;SRC-CANON-DEVELOPER-PLATFORM-CANON-V2.0;SRC-CANON-EXTENSIBILITY-CANON-V2.0;SRC-CANON-VENDOR-SECURITY-CANON-V2.0;SRC-CODE-GUIDE-PROGRAM-STATUS;SRC-FOUNDER-DIRECTIVE;SRC-FRONTEND-APP-ROUTES;SRC-FRONTEND-PAGE-ADMINBILLINGDASHBOARD;SRC-IMPLEMENTATION-ATLAS;SRC-MASTER-PRODUCT-VISION;SRC-PIA-COMPONENT-OWNERSHIP;SRC-PIA-PORTFOLIO-TEN;SRC-PIA-REALIGNMENT-REGISTER;SRC-ROLE-PERMISSION-MATRIX;SRC-FOUNDER-REVISION-DIRECTIVE-2026-08-01
GAP-ES-FEAT-DEVELOPER-004,ES-FEAT-DEVELOPER-004,adapters,Developer platform and extensibility,YES,CODE_GUIDE_GAP,YES,NO,NO,NO,YES,YES,YES,NO,YES,P2,MEDIUM,8,54,CODE_GUIDE,ARCHITECTURE,DRAFT_CODE_GUIDE,FDQ-006,Founder disposition plus source-register update plus validator pass plus implementation/test/evidence gates where applicable,SRC-BACKEND-PERMISSION-MAP;SRC-BACKEND-ROUTE-ADMIN-BILLING;SRC-BACKEND-ROUTE-BARNS;SRC-BACKEND-ROUTE-DOCUMENT-SIGNATURES;SRC-BACKEND-ROUTE-HORSE-LEDGER;SRC-BACKEND-ROUTE-PULSE;SRC-BACKEND-SERVER-ASSEMBLY;SRC-CANON-DATA-PROTECTION-CANON-V1.0;SRC-CANON-DEVELOPER-PLATFORM-CANON-V2.0;SRC-CANON-EXTENSIBILITY-CANON-V2.0;SRC-CANON-VENDOR-SECURITY-CANON-V2.0;SRC-CODE-GUIDE-PROGRAM-STATUS;SRC-FOUNDER-DIRECTIVE;SRC-FRONTEND-APP-ROUTES;SRC-FRONTEND-PAGE-ADMINBILLINGDASHBOARD;SRC-IMPLEMENTATION-ATLAS;SRC-MASTER-PRODUCT-VISION;SRC-PIA-COMPONENT-OWNERSHIP;SRC-PIA-PORTFOLIO-TEN;SRC-PIA-REALIGNMENT-REGISTER;SRC-ROLE-PERMISSION-MATRIX;SRC-FOUNDER-REVISION-DIRECTIVE-2026-08-01
GAP-ES-FEAT-DEVELOPER-005,ES-FEAT-DEVELOPER-005,plugins,Developer platform and extensibility,YES,CODE_GUIDE_GAP,YES,NO,NO,NO,YES,YES,YES,NO,YES,P2,MEDIUM,6,54,CODE_GUIDE,ARCHITECTURE,DRAFT_CODE_GUIDE,FDQ-006,Founder disposition plus source-register update plus validator pass plus implementation/test/evidence gates where applicable,SRC-BACKEND-PERMISSION-MAP;SRC-BACKEND-ROUTE-ADMIN-BILLING;SRC-BACKEND-ROUTE-BARNS;SRC-BACKEND-ROUTE-DOCUMENT-SIGNATURES;SRC-BACKEND-ROUTE-HORSE-LEDGER;SRC-BACKEND-ROUTE-PULSE;SRC-BACKEND-SERVER-ASSEMBLY;SRC-CANON-DATA-PROTECTION-CANON-V1.0;SRC-CANON-DEVELOPER-PLATFORM-CANON-V2.0;SRC-CANON-EXTENSIBILITY-CANON-V2.0;SRC-CANON-VENDOR-SECURITY-CANON-V2.0;SRC-CODE-GUIDE-PROGRAM-STATUS;SRC-FOUNDER-DIRECTIVE;SRC-FRONTEND-APP-ROUTES;SRC-FRONTEND-PAGE-ADMINBILLINGDASHBOARD;SRC-IMPLEMENTATION-ATLAS;SRC-MASTER-PRODUCT-VISION;SRC-PIA-COMPONENT-OWNERSHIP;SRC-PIA-PORTFOLIO-TEN;SRC-PIA-REALIGNMENT-REGISTER;SRC-ROLE-PERMISSION-MATRIX;SRC-FOUNDER-REVISION-DIRECTIVE-2026-08-01
GAP-ES-FEAT-DEVELOPER-006,ES-FEAT-DEVELOPER-006,service accounts,Developer platform and extensibility,YES,CODE_GUIDE_GAP,YES,NO,NO,NO,YES,YES,YES,NO,YES,P2,MEDIUM,8,54,CODE_GUIDE,ARCHITECTURE,DRAFT_CODE_GUIDE,FDQ-006,Founder disposition plus source-register update plus validator pass plus implementation/test/evidence gates where applicable,SRC-BACKEND-PERMISSION-MAP;SRC-BACKEND-ROUTE-ADMIN-BILLING;SRC-BACKEND-ROUTE-ADMIN-REVIEW;SRC-BACKEND-ROUTE-BARN-OWNER-INTAKE;SRC-BACKEND-ROUTE-HORSE-LEDGER;SRC-BACKEND-ROUTE-SERVICE-PROVIDER-CENTER;SRC-BACKEND-SERVER-ASSEMBLY;SRC-BACKEND-TEST-TEST-AUDIT-SERVICE;SRC-BACKEND-TEST-TEST-RF10-SERVICE-PROVIDER-CARE-PARTNER;SRC-CANON-DATA-PROTECTION-CANON-V1.0;SRC-CANON-DEVELOPER-PLATFORM-CANON-V2.0;SRC-CANON-EXTENSIBILITY-CANON-V2.0;SRC-CANON-VENDOR-SECURITY-CANON-V2.0;SRC-CODE-GUIDE-PROGRAM-STATUS;SRC-FOUNDER-DIRECTIVE;SRC-FRONTEND-APP-ROUTES;SRC-FRONTEND-PAGE-ADMINBILLINGDASHBOARD;SRC-FRONTEND-PAGE-ADMINREVIEWQUEUE;SRC-FRONTEND-PAGE-CARELEDGERTAB;SRC-FRONTEND-PAGE-ENROLLMENT;SRC-FRONTEND-PAGE-SERVICEPROVIDERDASHBOARD;SRC-IMPLEMENTATION-ATLAS;SRC-MASTER-PRODUCT-VISION;SRC-PIA-COMPONENT-OWNERSHIP;SRC-PIA-PORTFOLIO-TEN;SRC-PIA-REALIGNMENT-REGISTER;SRC-ROLE-PERMISSION-MATRIX;SRC-FOUNDER-REVISION-DIRECTIVE-2026-08-01
GAP-ES-FEAT-DEVELOPER-007,ES-FEAT-DEVELOPER-007,integrations,Developer platform and extensibility,YES,CODE_GUIDE_GAP,YES,NO,NO,NO,YES,YES,YES,NO,YES,P2,MEDIUM,8,54,CODE_GUIDE,ARCHITECTURE,DRAFT_CODE_GUIDE,FDQ-006,Founder disposition plus source-register update plus validator pass plus implementation/test/evidence gates where applicable,SRC-BACKEND-PERMISSION-MAP;SRC-BACKEND-ROUTE-ADMIN-BILLING;SRC-BACKEND-ROUTE-BARNS;SRC-BACKEND-ROUTE-DOCUMENT-SIGNATURES;SRC-BACKEND-ROUTE-HORSE-LEDGER;SRC-BACKEND-ROUTE-PULSE;SRC-BACKEND-SERVER-ASSEMBLY;SRC-CANON-DATA-PROTECTION-CANON-V1.0;SRC-CANON-DEVELOPER-PLATFORM-CANON-V2.0;SRC-CANON-EXTENSIBILITY-CANON-V2.0;SRC-CANON-VENDOR-SECURITY-CANON-V2.0;SRC-CODE-GUIDE-PROGRAM-STATUS;SRC-FOUNDER-DIRECTIVE;SRC-FRONTEND-APP-ROUTES;SRC-FRONTEND-PAGE-ADMINBILLINGDASHBOARD;SRC-FRONTEND-PAGE-EXPENSES;SRC-FRONTEND-PAGE-FEATUREWORKSPACE;SRC-FRONTEND-PAGE-GROUPMESSAGING;SRC-FRONTEND-PAGE-INTEGRATIONS;SRC-IMPLEMENTATION-ATLAS;SRC-MASTER-PRODUCT-VISION;SRC-PIA-COMPONENT-OWNERSHIP;SRC-PIA-PORTFOLIO-TEN;SRC-PIA-REALIGNMENT-REGISTER;SRC-ROLE-PERMISSION-MATRIX;SRC-FOUNDER-REVISION-DIRECTIVE-2026-08-01
GAP-ES-FEAT-DEVELOPER-008,ES-FEAT-DEVELOPER-008,rate limits,Developer platform and extensibility,YES,CODE_GUIDE_GAP,YES,NO,NO,NO,YES,YES,YES,NO,YES,P2,MEDIUM,8,54,CODE_GUIDE,ARCHITECTURE,DRAFT_CODE_GUIDE,FDQ-006,Founder disposition plus source-register update plus validator pass plus implementation/test/evidence gates where applicable,SRC-BACKEND-PERMISSION-MAP;SRC-BACKEND-ROUTE-ADMIN-BILLING;SRC-BACKEND-ROUTE-AUDIT;SRC-BACKEND-ROUTE-AUTH;SRC-BACKEND-ROUTE-BARNS;SRC-BACKEND-ROUTE-DOCUMENT-SIGNATURES;SRC-BACKEND-SERVER-ASSEMBLY;SRC-BACKEND-TEST-TEST-RATE-LIMIT;SRC-CANON-DATA-PROTECTION-CANON-V1.0;SRC-CANON-DEVELOPER-PLATFORM-CANON-V2.0;SRC-CANON-EXTENSIBILITY-CANON-V2.0;SRC-CANON-VENDOR-SECURITY-CANON-V2.0;SRC-CODE-GUIDE-PROGRAM-STATUS;SRC-FOUNDER-DIRECTIVE;SRC-FRONTEND-APP-ROUTES;SRC-FRONTEND-PAGE-ADMINBILLINGDASHBOARD;SRC-FRONTEND-PAGE-HEALTHCARELOGS;SRC-FRONTEND-PAGE-HORSEPROFILE;SRC-FRONTEND-PAGE-INCIDENTS;SRC-FRONTEND-PAGE-OWNERPORTAL;SRC-IMPLEMENTATION-ATLAS;SRC-MASTER-PRODUCT-VISION;SRC-PIA-COMPONENT-OWNERSHIP;SRC-PIA-PORTFOLIO-TEN;SRC-PIA-REALIGNMENT-REGISTER;SRC-ROLE-PERMISSION-MATRIX;SRC-FOUNDER-REVISION-DIRECTIVE-2026-08-01
GAP-ES-FEAT-DEVELOPER-009,ES-FEAT-DEVELOPER-009,versioning,Developer platform and extensibility,YES,CODE_GUIDE_GAP,YES,NO,NO,NO,YES,YES,YES,NO,YES,P2,MEDIUM,8,54,CODE_GUIDE,ARCHITECTURE,DRAFT_CODE_GUIDE,FDQ-006,Founder disposition plus source-register update plus validator pass plus implementation/test/evidence gates where applicable,SRC-BACKEND-PERMISSION-MAP;SRC-BACKEND-ROUTE-ADMIN-BILLING;SRC-BACKEND-ROUTE-BARNS;SRC-BACKEND-ROUTE-DOCUMENT-SIGNATURES;SRC-BACKEND-ROUTE-HORSE-LEDGER;SRC-BACKEND-ROUTE-PULSE;SRC-BACKEND-SERVER-ASSEMBLY;SRC-CANON-DATA-PROTECTION-CANON-V1.0;SRC-CANON-DEVELOPER-PLATFORM-CANON-V2.0;SRC-CANON-EXTENSIBILITY-CANON-V2.0;SRC-CANON-VENDOR-SECURITY-CANON-V2.0;SRC-CODE-GUIDE-PROGRAM-STATUS;SRC-FOUNDER-DIRECTIVE;SRC-FRONTEND-APP-ROUTES;SRC-FRONTEND-PAGE-ADMINBILLINGDASHBOARD;SRC-IMPLEMENTATION-ATLAS;SRC-MASTER-PRODUCT-VISION;SRC-PIA-COMPONENT-OWNERSHIP;SRC-PIA-PORTFOLIO-TEN;SRC-PIA-REALIGNMENT-REGISTER;SRC-ROLE-PERMISSION-MATRIX;SRC-FOUNDER-REVISION-DIRECTIVE-2026-08-01
GAP-ES-FEAT-DEVELOPER-010,ES-FEAT-DEVELOPER-010,developer credentials,Developer platform and extensibility,YES,CODE_GUIDE_GAP,YES,NO,NO,NO,YES,YES,YES,NO,YES,P2,MEDIUM,8,54,CODE_GUIDE,ARCHITECTURE,DRAFT_CODE_GUIDE,FDQ-006,Founder disposition plus source-register update plus validator pass plus implementation/test/evidence gates where applicable,SRC-BACKEND-PERMISSION-MAP;SRC-BACKEND-ROUTE-ADMIN;SRC-BACKEND-ROUTE-ADMIN-BILLING;SRC-BACKEND-ROUTE-AUTH;SRC-BACKEND-ROUTE-BARNS;SRC-BACKEND-ROUTE-DOCUMENT-SIGNATURES;SRC-BACKEND-SERVER-ASSEMBLY;SRC-CANON-DATA-PROTECTION-CANON-V1.0;SRC-CANON-DEVELOPER-PLATFORM-CANON-V2.0;SRC-CANON-EXTENSIBILITY-CANON-V2.0;SRC-CANON-VENDOR-SECURITY-CANON-V2.0;SRC-CODE-GUIDE-PROGRAM-STATUS;SRC-FOUNDER-DIRECTIVE;SRC-FRONTEND-APP-ROUTES;SRC-FRONTEND-PAGE-ADMINBILLINGDASHBOARD;SRC-FRONTEND-PAGE-ENROLLMENT;SRC-IMPLEMENTATION-ATLAS;SRC-MASTER-PRODUCT-VISION;SRC-PIA-COMPONENT-OWNERSHIP;SRC-PIA-PORTFOLIO-TEN;SRC-PIA-REALIGNMENT-REGISTER;SRC-ROLE-PERMISSION-MATRIX;SRC-FOUNDER-REVISION-DIRECTIVE-2026-08-01
GAP-ES-FEAT-DEVELOPER-011,ES-FEAT-DEVELOPER-011,sandbox behavior,Developer platform and extensibility,YES,CODE_GUIDE_GAP,YES,NO,NO,NO,YES,YES,YES,NO,YES,P2,MEDIUM,8,54,CODE_GUIDE,ARCHITECTURE,DRAFT_CODE_GUIDE,FDQ-006,Founder disposition plus source-register update plus validator pass plus implementation/test/evidence gates where applicable,SRC-BACKEND-PERMISSION-MAP;SRC-BACKEND-ROUTE-ADMIN-BILLING;SRC-BACKEND-ROUTE-ANALYTICS;SRC-BACKEND-ROUTE-BARNS;SRC-BACKEND-ROUTE-DOCUMENT-SIGNATURES;SRC-BACKEND-ROUTE-HORSE-LEDGER;SRC-BACKEND-SERVER-ASSEMBLY;SRC-BACKEND-TEST-TEST-BUILD-NEXT-6E-DOCUSIGN-SANDBOX-ENVELOPE;SRC-CANON-DATA-PROTECTION-CANON-V1.0;SRC-CANON-DEVELOPER-PLATFORM-CANON-V2.0;SRC-CANON-EXTENSIBILITY-CANON-V2.0;SRC-CANON-VENDOR-SECURITY-CANON-V2.0;SRC-CODE-GUIDE-PROGRAM-STATUS;SRC-FOUNDER-DIRECTIVE;SRC-FRONTEND-APP-ROUTES;SRC-FRONTEND-PAGE-ADMINBILLINGDASHBOARD;SRC-FRONTEND-PAGE-CARELEDGERTAB;SRC-FRONTEND-PAGE-REPORTS;SRC-IMPLEMENTATION-ATLAS;SRC-MASTER-PRODUCT-VISION;SRC-PIA-COMPONENT-OWNERSHIP;SRC-PIA-PORTFOLIO-TEN;SRC-PIA-REALIGNMENT-REGISTER;SRC-ROLE-PERMISSION-MATRIX;SRC-FOUNDER-REVISION-DIRECTIVE-2026-08-01
GAP-ES-FEAT-DEVELOPER-012,ES-FEAT-DEVELOPER-012,deprecation,Developer platform and extensibility,YES,CODE_GUIDE_GAP,YES,NO,NO,NO,YES,YES,YES,NO,YES,P2,MEDIUM,8,54,CODE_GUIDE,ARCHITECTURE,DRAFT_CODE_GUIDE,FDQ-006,Founder disposition plus source-register update plus validator pass plus implementation/test/evidence gates where applicable,SRC-BACKEND-PERMISSION-MAP;SRC-BACKEND-ROUTE-ADMIN-BILLING;SRC-BACKEND-ROUTE-BARNS;SRC-BACKEND-ROUTE-DASHBOARD;SRC-BACKEND-ROUTE-DOCUMENT-SIGNATURES;SRC-BACKEND-ROUTE-HORSE-LEDGER;SRC-BACKEND-SERVER-ASSEMBLY;SRC-CANON-DATA-PROTECTION-CANON-V1.0;SRC-CANON-DEVELOPER-PLATFORM-CANON-V2.0;SRC-CANON-EXTENSIBILITY-CANON-V2.0;SRC-CANON-VENDOR-SECURITY-CANON-V2.0;SRC-CODE-GUIDE-PROGRAM-STATUS;SRC-FOUNDER-DIRECTIVE;SRC-FRONTEND-APP-ROUTES;SRC-FRONTEND-PAGE-ADMINBILLINGDASHBOARD;SRC-IMPLEMENTATION-ATLAS;SRC-MASTER-PRODUCT-VISION;SRC-PIA-COMPONENT-OWNERSHIP;SRC-PIA-PORTFOLIO-TEN;SRC-PIA-REALIGNMENT-REGISTER;SRC-ROLE-PERMISSION-MATRIX;SRC-FOUNDER-REVISION-DIRECTIVE-2026-08-01
