queue_name,feature_id,feature_name,primary_domain,risk,priority,affected_personas,governance_status,implementation_status,dependency_blockers,proposed_owner,recommended_next_action,rationale
FOUNDER_DECISION_QUEUE,ES-FEAT-PLATFORM-001,application shell,Platform and shell,LOW:3,P2,Admin;Facility Owner;Barn Manager;Trainer;Staff;Owner;Guardian;Rider;Service Provider,COVERED_WITH_RETAINED_GAP,IMPLEMENTED_UNVERIFIED,,ENGINEERING,VERIFY_REPOSITORY_IMPLEMENTATION,Derived from revised structured row ES-FEAT-PLATFORM-001 after independent-review adjudication; evidence tier=KEYWORD_MATCH_ONLY.
IMPLEMENTATION_VERIFICATION_QUEUE,ES-FEAT-PLATFORM-001,application shell,Platform and shell,LOW:3,P2,Admin;Facility Owner;Barn Manager;Trainer;Staff;Owner;Guardian;Rider;Service Provider,COVERED_WITH_RETAINED_GAP,IMPLEMENTED_UNVERIFIED,,ENGINEERING,VERIFY_REPOSITORY_IMPLEMENTATION,Derived from revised structured row ES-FEAT-PLATFORM-001 after independent-review adjudication; evidence tier=KEYWORD_MATCH_ONLY.
RETAINED_GAP_REREVIEW_QUEUE,ES-FEAT-PLATFORM-001,application shell,Platform and shell,LOW:3,P2,Admin;Facility Owner;Barn Manager;Trainer;Staff;Owner;Guardian;Rider;Service Provider,COVERED_WITH_RETAINED_GAP,IMPLEMENTED_UNVERIFIED,,ENGINEERING,VERIFY_REPOSITORY_IMPLEMENTATION,Derived from revised structured row ES-FEAT-PLATFORM-001 after independent-review adjudication; evidence tier=KEYWORD_MATCH_ONLY.
RUNTIME_VERIFICATION_QUEUE,ES-FEAT-PLATFORM-001,application shell,Platform and shell,LOW:3,P2,Admin;Facility Owner;Barn Manager;Trainer;Staff;Owner;Guardian;Rider;Service Provider,COVERED_WITH_RETAINED_GAP,IMPLEMENTED_UNVERIFIED,,ENGINEERING,VERIFY_REPOSITORY_IMPLEMENTATION,Derived from revised structured row ES-FEAT-PLATFORM-001 after independent-review adjudication; evidence tier=KEYWORD_MATCH_ONLY.
FOUNDER_DECISION_QUEUE,ES-FEAT-PLATFORM-002,role-aware navigation,Platform and shell,MEDIUM:4,P2,Admin;Facility Owner;Barn Manager;Trainer;Staff;Owner;Guardian;Rider;Service Provider,COVERED_WITH_RETAINED_GAP,IMPLEMENTED_UNVERIFIED,ES-FEAT-PLATFORM-001;ES-FEAT-IDENTITY-001;ES-FEAT-RELATIONSHIP-001;ES-FEAT-FINANCIAL-001;ES-FEAT-COMMUNICATIONS-001;ES-FEAT-TASKS-001,ENGINEERING,VERIFY_REPOSITORY_IMPLEMENTATION,Derived from revised structured row ES-FEAT-PLATFORM-002 after independent-review adjudication; evidence tier=KEYWORD_MATCH_ONLY.
IMPLEMENTATION_VERIFICATION_QUEUE,ES-FEAT-PLATFORM-002,role-aware navigation,Platform and shell,MEDIUM:4,P2,Admin;Facility Owner;Barn Manager;Trainer;Staff;Owner;Guardian;Rider;Service Provider,COVERED_WITH_RETAINED_GAP,IMPLEMENTED_UNVERIFIED,ES-FEAT-PLATFORM-001;ES-FEAT-IDENTITY-001;ES-FEAT-RELATIONSHIP-001;ES-FEAT-FINANCIAL-001;ES-FEAT-COMMUNICATIONS-001;ES-FEAT-TASKS-001,ENGINEERING,VERIFY_REPOSITORY_IMPLEMENTATION,Derived from revised structured row ES-FEAT-PLATFORM-002 after independent-review adjudication; evidence tier=KEYWORD_MATCH_ONLY.
RETAINED_GAP_REREVIEW_QUEUE,ES-FEAT-PLATFORM-002,role-aware navigation,Platform and shell,MEDIUM:4,P2,Admin;Facility Owner;Barn Manager;Trainer;Staff;Owner;Guardian;Rider;Service Provider,COVERED_WITH_RETAINED_GAP,IMPLEMENTED_UNVERIFIED,ES-FEAT-PLATFORM-001;ES-FEAT-IDENTITY-001;ES-FEAT-RELATIONSHIP-001;ES-FEAT-FINANCIAL-001;ES-FEAT-COMMUNICATIONS-001;ES-FEAT-TASKS-001,ENGINEERING,VERIFY_REPOSITORY_IMPLEMENTATION,Derived from revised structured row ES-FEAT-PLATFORM-002 after independent-review adjudication; evidence tier=KEYWORD_MATCH_ONLY.
RUNTIME_VERIFICATION_QUEUE,ES-FEAT-PLATFORM-002,role-aware navigation,Platform and shell,MEDIUM:4,P2,Admin;Facility Owner;Barn Manager;Trainer;Staff;Owner;Guardian;Rider;Service Provider,COVERED_WITH_RETAINED_GAP,IMPLEMENTED_UNVERIFIED,ES-FEAT-PLATFORM-001;ES-FEAT-IDENTITY-001;ES-FEAT-RELATIONSHIP-001;ES-FEAT-FINANCIAL-001;ES-FEAT-COMMUNICATIONS-001;ES-FEAT-TASKS-001,ENGINEERING,VERIFY_REPOSITORY_IMPLEMENTATION,Derived from revised structured row ES-FEAT-PLATFORM-002 after independent-review adjudication; evidence tier=KEYWORD_MATCH_ONLY.
FOUNDER_DECISION_QUEUE,ES-FEAT-PLATFORM-003,operating centers,Platform and shell,MEDIUM:4,P1,Admin;Facility Owner;Barn Manager;Trainer;Staff;Owner;Guardian;Rider;Service Provider,PIA_SUPPLEMENT_CANDIDATE,IMPLEMENTED_UNVERIFIED,ES-FEAT-PLATFORM-001;ES-FEAT-IDENTITY-001;ES-FEAT-RELATIONSHIP-001;ES-FEAT-FINANCIAL-001;ES-FEAT-COMMUNICATIONS-001;ES-FEAT-TASKS-001,GOVERNANCE,DRAFT_PIA_SUPPLEMENT,Derived from revised structured row ES-FEAT-PLATFORM-003 after independent-review adjudication; evidence tier=KEYWORD_MATCH_ONLY.
IMPLEMENTATION_VERIFICATION_QUEUE,ES-FEAT-PLATFORM-003,operating centers,Platform and shell,MEDIUM:4,P1,Admin;Facility Owner;Barn Manager;Trainer;Staff;Owner;Guardian;Rider;Service Provider,PIA_SUPPLEMENT_CANDIDATE,IMPLEMENTED_UNVERIFIED,ES-FEAT-PLATFORM-001;ES-FEAT-IDENTITY-001;ES-FEAT-RELATIONSHIP-001;ES-FEAT-FINANCIAL-001;ES-FEAT-COMMUNICATIONS-001;ES-FEAT-TASKS-001,GOVERNANCE,DRAFT_PIA_SUPPLEMENT,Derived from revised structured row ES-FEAT-PLATFORM-003 after independent-review adjudication; evidence tier=KEYWORD_MATCH_ONLY.
PIA_SUPPLEMENT_QUEUE,ES-FEAT-PLATFORM-003,operating centers,Platform and shell,MEDIUM:4,P1,Admin;Facility Owner;Barn Manager;Trainer;Staff;Owner;Guardian;Rider;Service Provider,PIA_SUPPLEMENT_CANDIDATE,IMPLEMENTED_UNVERIFIED,ES-FEAT-PLATFORM-001;ES-FEAT-IDENTITY-001;ES-FEAT-RELATIONSHIP-001;ES-FEAT-FINANCIAL-001;ES-FEAT-COMMUNICATIONS-001;ES-FEAT-TASKS-001,GOVERNANCE,DRAFT_PIA_SUPPLEMENT,Derived from revised structured row ES-FEAT-PLATFORM-003 after independent-review adjudication; evidence tier=KEYWORD_MATCH_ONLY.
RUNTIME_VERIFICATION_QUEUE,ES-FEAT-PLATFORM-003,operating centers,Platform and shell,MEDIUM:4,P1,Admin;Facility Owner;Barn Manager;Trainer;Staff;Owner;Guardian;Rider;Service Provider,PIA_SUPPLEMENT_CANDIDATE,IMPLEMENTED_UNVERIFIED,ES-FEAT-PLATFORM-001;ES-FEAT-IDENTITY-001;ES-FEAT-RELATIONSHIP-001;ES-FEAT-FINANCIAL-001;ES-FEAT-COMMUNICATIONS-001;ES-FEAT-TASKS-001,GOVERNANCE,DRAFT_PIA_SUPPLEMENT,Derived from revised structured row ES-FEAT-PLATFORM-003 after independent-review adjudication; evidence tier=KEYWORD_MATCH_ONLY.
FOUNDER_DECISION_QUEUE,ES-FEAT-PLATFORM-004,search,Platform and shell,LOW:4,P2,Admin;Facility Owner;Barn Manager;Trainer;Staff;Owner;Guardian;Rider;Service Provider,COVERED_WITH_RETAINED_GAP,IMPLEMENTED_UNVERIFIED,ES-FEAT-PLATFORM-001;ES-FEAT-IDENTITY-001;ES-FEAT-RELATIONSHIP-001;ES-FEAT-FINANCIAL-001;ES-FEAT-COMMUNICATIONS-001;ES-FEAT-TASKS-001,ENGINEERING,VERIFY_REPOSITORY_IMPLEMENTATION,Derived from revised structured row ES-FEAT-PLATFORM-004 after independent-review adjudication; evidence tier=KEYWORD_MATCH_ONLY.
IMPLEMENTATION_VERIFICATION_QUEUE,ES-FEAT-PLATFORM-004,search,Platform and shell,LOW:4,P2,Admin;Facility Owner;Barn Manager;Trainer;Staff;Owner;Guardian;Rider;Service Provider,COVERED_WITH_RETAINED_GAP,IMPLEMENTED_UNVERIFIED,ES-FEAT-PLATFORM-001;ES-FEAT-IDENTITY-001;ES-FEAT-RELATIONSHIP-001;ES-FEAT-FINANCIAL-001;ES-FEAT-COMMUNICATIONS-001;ES-FEAT-TASKS-001,ENGINEERING,VERIFY_REPOSITORY_IMPLEMENTATION,Derived from revised structured row ES-FEAT-PLATFORM-004 after independent-review adjudication; evidence tier=KEYWORD_MATCH_ONLY.
RETAINED_GAP_REREVIEW_QUEUE,ES-FEAT-PLATFORM-004,search,Platform and shell,LOW:4,P2,Admin;Facility Owner;Barn Manager;Trainer;Staff;Owner;Guardian;Rider;Service Provider,COVERED_WITH_RETAINED_GAP,IMPLEMENTED_UNVERIFIED,ES-FEAT-PLATFORM-001;ES-FEAT-IDENTITY-001;ES-FEAT-RELATIONSHIP-001;ES-FEAT-FINANCIAL-001;ES-FEAT-COMMUNICATIONS-001;ES-FEAT-TASKS-001,ENGINEERING,VERIFY_REPOSITORY_IMPLEMENTATION,Derived from revised structured row ES-FEAT-PLATFORM-004 after independent-review adjudication; evidence tier=KEYWORD_MATCH_ONLY.
RUNTIME_VERIFICATION_QUEUE,ES-FEAT-PLATFORM-004,search,Platform and shell,LOW:4,P2,Admin;Facility Owner;Barn Manager;Trainer;Staff;Owner;Guardian;Rider;Service Provider,COVERED_WITH_RETAINED_GAP,IMPLEMENTED_UNVERIFIED,ES-FEAT-PLATFORM-001;ES-FEAT-IDENTITY-001;ES-FEAT-RELATIONSHIP-001;ES-FEAT-FINANCIAL-001;ES-FEAT-COMMUNICATIONS-001;ES-FEAT-TASKS-001,ENGINEERING,VERIFY_REPOSITORY_IMPLEMENTATION,Derived from revised structured row ES-FEAT-PLATFORM-004 after independent-review adjudication; evidence tier=KEYWORD_MATCH_ONLY.
FOUNDER_DECISION_QUEUE,ES-FEAT-PLATFORM-005,context switching,Platform and shell,MEDIUM:6,P1,Admin;Facility Owner;Barn Manager;Trainer;Staff;Owner;Guardian;Rider;Service Provider,PIA_SUPPLEMENT_CANDIDATE,IMPLEMENTED_UNVERIFIED,ES-FEAT-PLATFORM-001;ES-FEAT-IDENTITY-001;ES-FEAT-RELATIONSHIP-001;ES-FEAT-FINANCIAL-001;ES-FEAT-COMMUNICATIONS-001;ES-FEAT-TASKS-001,GOVERNANCE,DRAFT_PIA_SUPPLEMENT,Derived from revised structured row ES-FEAT-PLATFORM-005 after independent-review adjudication; evidence tier=KEYWORD_MATCH_ONLY.
IMPLEMENTATION_VERIFICATION_QUEUE,ES-FEAT-PLATFORM-005,context switching,Platform and shell,MEDIUM:6,P1,Admin;Facility Owner;Barn Manager;Trainer;Staff;Owner;Guardian;Rider;Service Provider,PIA_SUPPLEMENT_CANDIDATE,IMPLEMENTED_UNVERIFIED,ES-FEAT-PLATFORM-001;ES-FEAT-IDENTITY-001;ES-FEAT-RELATIONSHIP-001;ES-FEAT-FINANCIAL-001;ES-FEAT-COMMUNICATIONS-001;ES-FEAT-TASKS-001,GOVERNANCE,DRAFT_PIA_SUPPLEMENT,Derived from revised structured row ES-FEAT-PLATFORM-005 after independent-review adjudication; evidence tier=KEYWORD_MATCH_ONLY.
PIA_SUPPLEMENT_QUEUE,ES-FEAT-PLATFORM-005,context switching,Platform and shell,MEDIUM:6,P1,Admin;Facility Owner;Barn Manager;Trainer;Staff;Owner;Guardian;Rider;Service Provider,PIA_SUPPLEMENT_CANDIDATE,IMPLEMENTED_UNVERIFIED,ES-FEAT-PLATFORM-001;ES-FEAT-IDENTITY-001;ES-FEAT-RELATIONSHIP-001;ES-FEAT-FINANCIAL-001;ES-FEAT-COMMUNICATIONS-001;ES-FEAT-TASKS-001,GOVERNANCE,DRAFT_PIA_SUPPLEMENT,Derived from revised structured row ES-FEAT-PLATFORM-005 after independent-review adjudication; evidence tier=KEYWORD_MATCH_ONLY.
RUNTIME_VERIFICATION_QUEUE,ES-FEAT-PLATFORM-005,context switching,Platform and shell,MEDIUM:6,P1,Admin;Facility Owner;Barn Manager;Trainer;Staff;Owner;Guardian;Rider;Service Provider,PIA_SUPPLEMENT_CANDIDATE,IMPLEMENTED_UNVERIFIED,ES-FEAT-PLATFORM-001;ES-FEAT-IDENTITY-001;ES-FEAT-RELATIONSHIP-001;ES-FEAT-FINANCIAL-001;ES-FEAT-COMMUNICATIONS-001;ES-FEAT-TASKS-001,GOVERNANCE,DRAFT_PIA_SUPPLEMENT,Derived from revised structured row ES-FEAT-PLATFORM-005 after independent-review adjudication; evidence tier=KEYWORD_MATCH_ONLY.
FOUNDER_DECISION_QUEUE,ES-FEAT-PLATFORM-006,dashboard composition,Platform and shell,MEDIUM:4,P1,Admin;Facility Owner;Barn Manager;Trainer;Staff;Owner;Guardian;Rider;Service Provider,PIA_SUPPLEMENT_CANDIDATE,IMPLEMENTED_UNVERIFIED,ES-FEAT-PLATFORM-001;ES-FEAT-IDENTITY-001;ES-FEAT-RELATIONSHIP-001;ES-FEAT-FINANCIAL-001;ES-FEAT-COMMUNICATIONS-001;ES-FEAT-TASKS-001,GOVERNANCE,DRAFT_PIA_SUPPLEMENT,Derived from revised structured row ES-FEAT-PLATFORM-006 after independent-review adjudication; evidence tier=KEYWORD_MATCH_ONLY.
IMPLEMENTATION_VERIFICATION_QUEUE,ES-FEAT-PLATFORM-006,dashboard composition,Platform and shell,MEDIUM:4,P1,Admin;Facility Owner;Barn Manager;Trainer;Staff;Owner;Guardian;Rider;Service Provider,PIA_SUPPLEMENT_CANDIDATE,IMPLEMENTED_UNVERIFIED,ES-FEAT-PLATFORM-001;ES-FEAT-IDENTITY-001;ES-FEAT-RELATIONSHIP-001;ES-FEAT-FINANCIAL-001;ES-FEAT-COMMUNICATIONS-001;ES-FEAT-TASKS-001,GOVERNANCE,DRAFT_PIA_SUPPLEMENT,Derived from revised structured row ES-FEAT-PLATFORM-006 after independent-review adjudication; evidence tier=KEYWORD_MATCH_ONLY.
PIA_SUPPLEMENT_QUEUE,ES-FEAT-PLATFORM-006,dashboard composition,Platform and shell,MEDIUM:4,P1,Admin;Facility Owner;Barn Manager;Trainer;Staff;Owner;Guardian;Rider;Service Provider,PIA_SUPPLEMENT_CANDIDATE,IMPLEMENTED_UNVERIFIED,ES-FEAT-PLATFORM-001;ES-FEAT-IDENTITY-001;ES-FEAT-RELATIONSHIP-001;ES-FEAT-FINANCIAL-001;ES-FEAT-COMMUNICATIONS-001;ES-FEAT-TASKS-001,GOVERNANCE,DRAFT_PIA_SUPPLEMENT,Derived from revised structured row ES-FEAT-PLATFORM-006 after independent-review adjudication; evidence tier=KEYWORD_MATCH_ONLY.
RUNTIME_VERIFICATION_QUEUE,ES-FEAT-PLATFORM-006,dashboard composition,Platform and shell,MEDIUM:4,P1,Admin;Facility Owner;Barn Manager;Trainer;Staff;Owner;Guardian;Rider;Service Provider,PIA_SUPPLEMENT_CANDIDATE,IMPLEMENTED_UNVERIFIED,ES-FEAT-PLATFORM-001;ES-FEAT-IDENTITY-001;ES-FEAT-RELATIONSHIP-001;ES-FEAT-FINANCIAL-001;ES-FEAT-COMMUNICATIONS-001;ES-FEAT-TASKS-001,GOVERNANCE,DRAFT_PIA_SUPPLEMENT,Derived from revised structured row ES-FEAT-PLATFORM-006 after independent-review adjudication; evidence tier=KEYWORD_MATCH_ONLY.
FOUNDER_DECISION_QUEUE,ES-FEAT-PLATFORM-007,feature discovery,Platform and shell,MEDIUM:8,P1,Admin;Facility Owner;Barn Manager;Trainer;Staff;Owner;Guardian;Rider;Service Provider,PIA_SUPPLEMENT_CANDIDATE,IMPLEMENTED_UNVERIFIED,ES-FEAT-PLATFORM-001;ES-FEAT-IDENTITY-001;ES-FEAT-RELATIONSHIP-001;ES-FEAT-FINANCIAL-001;ES-FEAT-COMMUNICATIONS-001;ES-FEAT-TASKS-001,GOVERNANCE,DRAFT_PIA_SUPPLEMENT,Derived from revised structured row ES-FEAT-PLATFORM-007 after independent-review adjudication; evidence tier=KEYWORD_MATCH_ONLY.
IMPLEMENTATION_VERIFICATION_QUEUE,ES-FEAT-PLATFORM-007,feature discovery,Platform and shell,MEDIUM:8,P1,Admin;Facility Owner;Barn Manager;Trainer;Staff;Owner;Guardian;Rider;Service Provider,PIA_SUPPLEMENT_CANDIDATE,IMPLEMENTED_UNVERIFIED,ES-FEAT-PLATFORM-001;ES-FEAT-IDENTITY-001;ES-FEAT-RELATIONSHIP-001;ES-FEAT-FINANCIAL-001;ES-FEAT-COMMUNICATIONS-001;ES-FEAT-TASKS-001,GOVERNANCE,DRAFT_PIA_SUPPLEMENT,Derived from revised structured row ES-FEAT-PLATFORM-007 after independent-review adjudication; evidence tier=KEYWORD_MATCH_ONLY.
PIA_SUPPLEMENT_QUEUE,ES-FEAT-PLATFORM-007,feature discovery,Platform and shell,MEDIUM:8,P1,Admin;Facility Owner;Barn Manager;Trainer;Staff;Owner;Guardian;Rider;Service Provider,PIA_SUPPLEMENT_CANDIDATE,IMPLEMENTED_UNVERIFIED,ES-FEAT-PLATFORM-001;ES-FEAT-IDENTITY-001;ES-FEAT-RELATIONSHIP-001;ES-FEAT-FINANCIAL-001;ES-FEAT-COMMUNICATIONS-001;ES-FEAT-TASKS-001,GOVERNANCE,DRAFT_PIA_SUPPLEMENT,Derived from revised structured row ES-FEAT-PLATFORM-007 after independent-review adjudication; evidence tier=KEYWORD_MATCH_ONLY.
RUNTIME_VERIFICATION_QUEUE,ES-FEAT-PLATFORM-007,feature discovery,Platform and shell,MEDIUM:8,P1,Admin;Facility Owner;Barn Manager;Trainer;Staff;Owner;Guardian;Rider;Service Provider,PIA_SUPPLEMENT_CANDIDATE,IMPLEMENTED_UNVERIFIED,ES-FEAT-PLATFORM-001;ES-FEAT-IDENTITY-001;ES-FEAT-RELATIONSHIP-001;ES-FEAT-FINANCIAL-001;ES-FEAT-COMMUNICATIONS-001;ES-FEAT-TASKS-001,GOVERNANCE,DRAFT_PIA_SUPPLEMENT,Derived from revised structured row ES-FEAT-PLATFORM-007 after independent-review adjudication; evidence tier=KEYWORD_MATCH_ONLY.
FOUNDER_DECISION_QUEUE,ES-FEAT-PLATFORM-008,global actions,Platform and shell,MEDIUM:6,P1,Admin;Facility Owner;Barn Manager;Trainer;Staff;Owner;Guardian;Rider;Service Provider,PIA_SUPPLEMENT_CANDIDATE,IMPLEMENTED_UNVERIFIED,ES-FEAT-PLATFORM-001;ES-FEAT-IDENTITY-001;ES-FEAT-RELATIONSHIP-001;ES-FEAT-FINANCIAL-001;ES-FEAT-COMMUNICATIONS-001;ES-FEAT-TASKS-001,GOVERNANCE,DRAFT_PIA_SUPPLEMENT,Derived from revised structured row ES-FEAT-PLATFORM-008 after independent-review adjudication; evidence tier=KEYWORD_MATCH_ONLY.
IMPLEMENTATION_VERIFICATION_QUEUE,ES-FEAT-PLATFORM-008,global actions,Platform and shell,MEDIUM:6,P1,Admin;Facility Owner;Barn Manager;Trainer;Staff;Owner;Guardian;Rider;Service Provider,PIA_SUPPLEMENT_CANDIDATE,IMPLEMENTED_UNVERIFIED,ES-FEAT-PLATFORM-001;ES-FEAT-IDENTITY-001;ES-FEAT-RELATIONSHIP-001;ES-FEAT-FINANCIAL-001;ES-FEAT-COMMUNICATIONS-001;ES-FEAT-TASKS-001,GOVERNANCE,DRAFT_PIA_SUPPLEMENT,Derived from revised structured row ES-FEAT-PLATFORM-008 after independent-review adjudication; evidence tier=KEYWORD_MATCH_ONLY.
PIA_SUPPLEMENT_QUEUE,ES-FEAT-PLATFORM-008,global actions,Platform and shell,MEDIUM:6,P1,Admin;Facility Owner;Barn Manager;Trainer;Staff;Owner;Guardian;Rider;Service Provider,PIA_SUPPLEMENT_CANDIDATE,IMPLEMENTED_UNVERIFIED,ES-FEAT-PLATFORM-001;ES-FEAT-IDENTITY-001;ES-FEAT-RELATIONSHIP-001;ES-FEAT-FINANCIAL-001;ES-FEAT-COMMUNICATIONS-001;ES-FEAT-TASKS-001,GOVERNANCE,DRAFT_PIA_SUPPLEMENT,Derived from revised structured row ES-FEAT-PLATFORM-008 after independent-review adjudication; evidence tier=KEYWORD_MATCH_ONLY.
RUNTIME_VERIFICATION_QUEUE,ES-FEAT-PLATFORM-008,global actions,Platform and shell,MEDIUM:6,P1,Admin;Facility Owner;Barn Manager;Trainer;Staff;Owner;Guardian;Rider;Service Provider,PIA_SUPPLEMENT_CANDIDATE,IMPLEMENTED_UNVERIFIED,ES-FEAT-PLATFORM-001;ES-FEAT-IDENTITY-001;ES-FEAT-RELATIONSHIP-001;ES-FEAT-FINANCIAL-001;ES-FEAT-COMMUNICATIONS-001;ES-FEAT-TASKS-001,GOVERNANCE,DRAFT_PIA_SUPPLEMENT,Derived from revised structured row ES-FEAT-PLATFORM-008 after independent-review adjudication; evidence tier=KEYWORD_MATCH_ONLY.
FOUNDER_DECISION_QUEUE,ES-FEAT-PLATFORM-009,administrative navigation,Platform and shell,MEDIUM:4,P1,Admin;Facility Owner;Barn Manager;Trainer;Staff;Owner;Guardian;Rider;Service Provider,PIA_SUPPLEMENT_CANDIDATE,IMPLEMENTED_UNVERIFIED,ES-FEAT-PLATFORM-001;ES-FEAT-IDENTITY-001;ES-FEAT-RELATIONSHIP-001;ES-FEAT-FINANCIAL-001;ES-FEAT-COMMUNICATIONS-001;ES-FEAT-TASKS-001,GOVERNANCE,DRAFT_PIA_SUPPLEMENT,Derived from revised structured row ES-FEAT-PLATFORM-009 after independent-review adjudication; evidence tier=KEYWORD_MATCH_ONLY.
IMPLEMENTATION_VERIFICATION_QUEUE,ES-FEAT-PLATFORM-009,administrative navigation,Platform and shell,MEDIUM:4,P1,Admin;Facility Owner;Barn Manager;Trainer;Staff;Owner;Guardian;Rider;Service Provider,PIA_SUPPLEMENT_CANDIDATE,IMPLEMENTED_UNVERIFIED,ES-FEAT-PLATFORM-001;ES-FEAT-IDENTITY-001;ES-FEAT-RELATIONSHIP-001;ES-FEAT-FINANCIAL-001;ES-FEAT-COMMUNICATIONS-001;ES-FEAT-TASKS-001,GOVERNANCE,DRAFT_PIA_SUPPLEMENT,Derived from revised structured row ES-FEAT-PLATFORM-009 after independent-review adjudication; evidence tier=KEYWORD_MATCH_ONLY.
PIA_SUPPLEMENT_QUEUE,ES-FEAT-PLATFORM-009,administrative navigation,Platform and shell,MEDIUM:4,P1,Admin;Facility Owner;Barn Manager;Trainer;Staff;Owner;Guardian;Rider;Service Provider,PIA_SUPPLEMENT_CANDIDATE,IMPLEMENTED_UNVERIFIED,ES-FEAT-PLATFORM-001;ES-FEAT-IDENTITY-001;ES-FEAT-RELATIONSHIP-001;ES-FEAT-FINANCIAL-001;ES-FEAT-COMMUNICATIONS-001;ES-FEAT-TASKS-001,GOVERNANCE,DRAFT_PIA_SUPPLEMENT,Derived from revised structured row ES-FEAT-PLATFORM-009 after independent-review adjudication; evidence tier=KEYWORD_MATCH_ONLY.
RUNTIME_VERIFICATION_QUEUE,ES-FEAT-PLATFORM-009,administrative navigation,Platform and shell,MEDIUM:4,P1,Admin;Facility Owner;Barn Manager;Trainer;Staff;Owner;Guardian;Rider;Service Provider,PIA_SUPPLEMENT_CANDIDATE,IMPLEMENTED_UNVERIFIED,ES-FEAT-PLATFORM-001;ES-FEAT-IDENTITY-001;ES-FEAT-RELATIONSHIP-001;ES-FEAT-FINANCIAL-001;ES-FEAT-COMMUNICATIONS-001;ES-FEAT-TASKS-001,GOVERNANCE,DRAFT_PIA_SUPPLEMENT,Derived from revised structured row ES-FEAT-PLATFORM-009 after independent-review adjudication; evidence tier=KEYWORD_MATCH_ONLY.
FOUNDER_DECISION_QUEUE,ES-FEAT-PLATFORM-010,multi-facility context,Platform and shell,MEDIUM:8,P1,Admin;Facility Owner;Barn Manager;Trainer;Staff;Owner;Guardian;Rider;Service Provider,PIA_SUPPLEMENT_CANDIDATE,IMPLEMENTED_UNVERIFIED,ES-FEAT-PLATFORM-001;ES-FEAT-IDENTITY-001;ES-FEAT-RELATIONSHIP-001;ES-FEAT-COMMUNICATIONS-001;ES-FEAT-TASKS-001,GOVERNANCE,DRAFT_PIA_SUPPLEMENT,Derived from revised structured row ES-FEAT-PLATFORM-010 after independent-review adjudication; evidence tier=KEYWORD_MATCH_ONLY.
IMPLEMENTATION_VERIFICATION_QUEUE,ES-FEAT-PLATFORM-010,multi-facility context,Platform and shell,MEDIUM:8,P1,Admin;Facility Owner;Barn Manager;Trainer;Staff;Owner;Guardian;Rider;Service Provider,PIA_SUPPLEMENT_CANDIDATE,IMPLEMENTED_UNVERIFIED,ES-FEAT-PLATFORM-001;ES-FEAT-IDENTITY-001;ES-FEAT-RELATIONSHIP-001;ES-FEAT-COMMUNICATIONS-001;ES-FEAT-TASKS-001,GOVERNANCE,DRAFT_PIA_SUPPLEMENT,Derived from revised structured row ES-FEAT-PLATFORM-010 after independent-review adjudication; evidence tier=KEYWORD_MATCH_ONLY.
PIA_SUPPLEMENT_QUEUE,ES-FEAT-PLATFORM-010,multi-facility context,Platform and shell,MEDIUM:8,P1,Admin;Facility Owner;Barn Manager;Trainer;Staff;Owner;Guardian;Rider;Service Provider,PIA_SUPPLEMENT_CANDIDATE,IMPLEMENTED_UNVERIFIED,ES-FEAT-PLATFORM-001;ES-FEAT-IDENTITY-001;ES-FEAT-RELATIONSHIP-001;ES-FEAT-COMMUNICATIONS-001;ES-FEAT-TASKS-001,GOVERNANCE,DRAFT_PIA_SUPPLEMENT,Derived from revised structured row ES-FEAT-PLATFORM-010 after independent-review adjudication; evidence tier=KEYWORD_MATCH_ONLY.
RUNTIME_VERIFICATION_QUEUE,ES-FEAT-PLATFORM-010,multi-facility context,Platform and shell,MEDIUM:8,P1,Admin;Facility Owner;Barn Manager;Trainer;Staff;Owner;Guardian;Rider;Service Provider,PIA_SUPPLEMENT_CANDIDATE,IMPLEMENTED_UNVERIFIED,ES-FEAT-PLATFORM-001;ES-FEAT-IDENTITY-001;ES-FEAT-RELATIONSHIP-001;ES-FEAT-COMMUNICATIONS-001;ES-FEAT-TASKS-001,GOVERNANCE,DRAFT_PIA_SUPPLEMENT,Derived from revised structured row ES-FEAT-PLATFORM-010 after independent-review adjudication; evidence tier=KEYWORD_MATCH_ONLY.
FOUNDER_DECISION_QUEUE,ES-FEAT-IDENTITY-001,person identity,Identity and access,MEDIUM:2,P2,Guest;User;Admin;Facility Owner;Barn Manager;Trainer;Staff;Owner;Guardian;Rider;Service Provider,COVERED_WITH_RETAINED_GAP,IMPLEMENTED_UNVERIFIED,ES-FEAT-PLATFORM-001,ENGINEERING,VERIFY_REPOSITORY_IMPLEMENTATION,Derived from revised structured row ES-FEAT-IDENTITY-001 after independent-review adjudication; evidence tier=KEYWORD_MATCH_ONLY.
IMPLEMENTATION_VERIFICATION_QUEUE,ES-FEAT-IDENTITY-001,person identity,Identity and access,MEDIUM:2,P2,Guest;User;Admin;Facility Owner;Barn Manager;Trainer;Staff;Owner;Guardian;Rider;Service Provider,COVERED_WITH_RETAINED_GAP,IMPLEMENTED_UNVERIFIED,ES-FEAT-PLATFORM-001,ENGINEERING,VERIFY_REPOSITORY_IMPLEMENTATION,Derived from revised structured row ES-FEAT-IDENTITY-001 after independent-review adjudication; evidence tier=KEYWORD_MATCH_ONLY.
RETAINED_GAP_REREVIEW_QUEUE,ES-FEAT-IDENTITY-001,person identity,Identity and access,MEDIUM:2,P2,Guest;User;Admin;Facility Owner;Barn Manager;Trainer;Staff;Owner;Guardian;Rider;Service Provider,COVERED_WITH_RETAINED_GAP,IMPLEMENTED_UNVERIFIED,ES-FEAT-PLATFORM-001,ENGINEERING,VERIFY_REPOSITORY_IMPLEMENTATION,Derived from revised structured row ES-FEAT-IDENTITY-001 after independent-review adjudication; evidence tier=KEYWORD_MATCH_ONLY.
RUNTIME_VERIFICATION_QUEUE,ES-FEAT-IDENTITY-001,person identity,Identity and access,MEDIUM:2,P2,Guest;User;Admin;Facility Owner;Barn Manager;Trainer;Staff;Owner;Guardian;Rider;Service Provider,COVERED_WITH_RETAINED_GAP,IMPLEMENTED_UNVERIFIED,ES-FEAT-PLATFORM-001,ENGINEERING,VERIFY_REPOSITORY_IMPLEMENTATION,Derived from revised structured row ES-FEAT-IDENTITY-001 after independent-review adjudication; evidence tier=KEYWORD_MATCH_ONLY.
FOUNDER_DECISION_QUEUE,ES-FEAT-IDENTITY-002,accounts,Identity and access,MEDIUM:8,P2,Guest;User;Admin;Facility Owner;Barn Manager;Trainer;Staff;Owner;Guardian;Rider;Service Provider,COVERED_WITH_RETAINED_GAP,IMPLEMENTED_UNVERIFIED,ES-FEAT-PLATFORM-001;ES-FEAT-IDENTITY-001;ES-FEAT-RELATIONSHIP-001;ES-FEAT-FINANCIAL-001;ES-FEAT-COMMUNICATIONS-001;ES-FEAT-TASKS-001;ES-FEAT-HORSE-001;ES-FEAT-CARE-001,ENGINEERING,VERIFY_REPOSITORY_IMPLEMENTATION,Derived from revised structured row ES-FEAT-IDENTITY-002 after independent-review adjudication; evidence tier=KEYWORD_MATCH_ONLY.
IMPLEMENTATION_VERIFICATION_QUEUE,ES-FEAT-IDENTITY-002,accounts,Identity and access,MEDIUM:8,P2,Guest;User;Admin;Facility Owner;Barn Manager;Trainer;Staff;Owner;Guardian;Rider;Service Provider,COVERED_WITH_RETAINED_GAP,IMPLEMENTED_UNVERIFIED,ES-FEAT-PLATFORM-001;ES-FEAT-IDENTITY-001;ES-FEAT-RELATIONSHIP-001;ES-FEAT-FINANCIAL-001;ES-FEAT-COMMUNICATIONS-001;ES-FEAT-TASKS-001;ES-FEAT-HORSE-001;ES-FEAT-CARE-001,ENGINEERING,VERIFY_REPOSITORY_IMPLEMENTATION,Derived from revised structured row ES-FEAT-IDENTITY-002 after independent-review adjudication; evidence tier=KEYWORD_MATCH_ONLY.
RETAINED_GAP_REREVIEW_QUEUE,ES-FEAT-IDENTITY-002,accounts,Identity and access,MEDIUM:8,P2,Guest;User;Admin;Facility Owner;Barn Manager;Trainer;Staff;Owner;Guardian;Rider;Service Provider,COVERED_WITH_RETAINED_GAP,IMPLEMENTED_UNVERIFIED,ES-FEAT-PLATFORM-001;ES-FEAT-IDENTITY-001;ES-FEAT-RELATIONSHIP-001;ES-FEAT-FINANCIAL-001;ES-FEAT-COMMUNICATIONS-001;ES-FEAT-TASKS-001;ES-FEAT-HORSE-001;ES-FEAT-CARE-001,ENGINEERING,VERIFY_REPOSITORY_IMPLEMENTATION,Derived from revised structured row ES-FEAT-IDENTITY-002 after independent-review adjudication; evidence tier=KEYWORD_MATCH_ONLY.
RUNTIME_VERIFICATION_QUEUE,ES-FEAT-IDENTITY-002,accounts,Identity and access,MEDIUM:8,P2,Guest;User;Admin;Facility Owner;Barn Manager;Trainer;Staff;Owner;Guardian;Rider;Service Provider,COVERED_WITH_RETAINED_GAP,IMPLEMENTED_UNVERIFIED,ES-FEAT-PLATFORM-001;ES-FEAT-IDENTITY-001;ES-FEAT-RELATIONSHIP-001;ES-FEAT-FINANCIAL-001;ES-FEAT-COMMUNICATIONS-001;ES-FEAT-TASKS-001;ES-FEAT-HORSE-001;ES-FEAT-CARE-001,ENGINEERING,VERIFY_REPOSITORY_IMPLEMENTATION,Derived from revised structured row ES-FEAT-IDENTITY-002 after independent-review adjudication; evidence tier=KEYWORD_MATCH_ONLY.
FOUNDER_DECISION_QUEUE,ES-FEAT-IDENTITY-003,authentication,Identity and access,LOW:3,P2,Guest;User;Admin;Facility Owner;Barn Manager;Trainer;Staff;Owner;Guardian;Rider;Service Provider,COVERED_WITH_RETAINED_GAP,IMPLEMENTED_UNVERIFIED,ES-FEAT-PLATFORM-001;ES-FEAT-IDENTITY-001;ES-FEAT-RELATIONSHIP-001;ES-FEAT-FINANCIAL-001;ES-FEAT-COMMUNICATIONS-001;ES-FEAT-TASKS-001;ES-FEAT-HORSE-001;ES-FEAT-CARE-001,ENGINEERING,VERIFY_REPOSITORY_IMPLEMENTATION,Derived from revised structured row ES-FEAT-IDENTITY-003 after independent-review adjudication; evidence tier=KEYWORD_MATCH_ONLY.
IMPLEMENTATION_VERIFICATION_QUEUE,ES-FEAT-IDENTITY-003,authentication,Identity and access,LOW:3,P2,Guest;User;Admin;Facility Owner;Barn Manager;Trainer;Staff;Owner;Guardian;Rider;Service Provider,COVERED_WITH_RETAINED_GAP,IMPLEMENTED_UNVERIFIED,ES-FEAT-PLATFORM-001;ES-FEAT-IDENTITY-001;ES-FEAT-RELATIONSHIP-001;ES-FEAT-FINANCIAL-001;ES-FEAT-COMMUNICATIONS-001;ES-FEAT-TASKS-001;ES-FEAT-HORSE-001;ES-FEAT-CARE-001,ENGINEERING,VERIFY_REPOSITORY_IMPLEMENTATION,Derived from revised structured row ES-FEAT-IDENTITY-003 after independent-review adjudication; evidence tier=KEYWORD_MATCH_ONLY.
RETAINED_GAP_REREVIEW_QUEUE,ES-FEAT-IDENTITY-003,authentication,Identity and access,LOW:3,P2,Guest;User;Admin;Facility Owner;Barn Manager;Trainer;Staff;Owner;Guardian;Rider;Service Provider,COVERED_WITH_RETAINED_GAP,IMPLEMENTED_UNVERIFIED,ES-FEAT-PLATFORM-001;ES-FEAT-IDENTITY-001;ES-FEAT-RELATIONSHIP-001;ES-FEAT-FINANCIAL-001;ES-FEAT-COMMUNICATIONS-001;ES-FEAT-TASKS-001;ES-FEAT-HORSE-001;ES-FEAT-CARE-001,ENGINEERING,VERIFY_REPOSITORY_IMPLEMENTATION,Derived from revised structured row ES-FEAT-IDENTITY-003 after independent-review adjudication; evidence tier=KEYWORD_MATCH_ONLY.
RUNTIME_VERIFICATION_QUEUE,ES-FEAT-IDENTITY-003,authentication,Identity and access,LOW:3,P2,Guest;User;Admin;Facility Owner;Barn Manager;Trainer;Staff;Owner;Guardian;Rider;Service Provider,COVERED_WITH_RETAINED_GAP,IMPLEMENTED_UNVERIFIED,ES-FEAT-PLATFORM-001;ES-FEAT-IDENTITY-001;ES-FEAT-RELATIONSHIP-001;ES-FEAT-FINANCIAL-001;ES-FEAT-COMMUNICATIONS-001;ES-FEAT-TASKS-001;ES-FEAT-HORSE-001;ES-FEAT-CARE-001,ENGINEERING,VERIFY_REPOSITORY_IMPLEMENTATION,Derived from revised structured row ES-FEAT-IDENTITY-003 after independent-review adjudication; evidence tier=KEYWORD_MATCH_ONLY.
FOUNDER_DECISION_QUEUE,ES-FEAT-IDENTITY-004,passkeys and MFA,Identity and access,MEDIUM:6,P1,Guest;User;Admin;Facility Owner;Barn Manager;Trainer;Staff;Owner;Guardian;Rider;Service Provider,COVERED_WITH_RETAINED_GAP,NOT_FOUND,ES-FEAT-PLATFORM-001;ES-FEAT-IDENTITY-001;ES-FEAT-RELATIONSHIP-001;ES-FEAT-FINANCIAL-001;ES-FEAT-COMMUNICATIONS-001;ES-FEAT-TASKS-001;ES-FEAT-HORSE-001;ES-FEAT-CARE-001,ENGINEERING,VERIFY_REPOSITORY_IMPLEMENTATION,Derived from revised structured row ES-FEAT-IDENTITY-004 after independent-review adjudication; evidence tier=NOT_FOUND.
IMPLEMENTATION_VERIFICATION_QUEUE,ES-FEAT-IDENTITY-004,passkeys and MFA,Identity and access,MEDIUM:6,P1,Guest;User;Admin;Facility Owner;Barn Manager;Trainer;Staff;Owner;Guardian;Rider;Service Provider,COVERED_WITH_RETAINED_GAP,NOT_FOUND,ES-FEAT-PLATFORM-001;ES-FEAT-IDENTITY-001;ES-FEAT-RELATIONSHIP-001;ES-FEAT-FINANCIAL-001;ES-FEAT-COMMUNICATIONS-001;ES-FEAT-TASKS-001;ES-FEAT-HORSE-001;ES-FEAT-CARE-001,ENGINEERING,VERIFY_REPOSITORY_IMPLEMENTATION,Derived from revised structured row ES-FEAT-IDENTITY-004 after independent-review adjudication; evidence tier=NOT_FOUND.
RETAINED_GAP_REREVIEW_QUEUE,ES-FEAT-IDENTITY-004,passkeys and MFA,Identity and access,MEDIUM:6,P1,Guest;User;Admin;Facility Owner;Barn Manager;Trainer;Staff;Owner;Guardian;Rider;Service Provider,COVERED_WITH_RETAINED_GAP,NOT_FOUND,ES-FEAT-PLATFORM-001;ES-FEAT-IDENTITY-001;ES-FEAT-RELATIONSHIP-001;ES-FEAT-FINANCIAL-001;ES-FEAT-COMMUNICATIONS-001;ES-FEAT-TASKS-001;ES-FEAT-HORSE-001;ES-FEAT-CARE-001,ENGINEERING,VERIFY_REPOSITORY_IMPLEMENTATION,Derived from revised structured row ES-FEAT-IDENTITY-004 after independent-review adjudication; evidence tier=NOT_FOUND.
FOUNDER_DECISION_QUEUE,ES-FEAT-IDENTITY-005,sessions,Identity and access,MEDIUM:4,P0,Guest;User;Admin;Facility Owner;Barn Manager;Trainer;Staff;Owner;Guardian;Rider;Service Provider,PIA_SUPPLEMENT_CANDIDATE,IMPLEMENTED_UNVERIFIED,ES-FEAT-PLATFORM-001;ES-FEAT-IDENTITY-001;ES-FEAT-RELATIONSHIP-001;ES-FEAT-FINANCIAL-001;ES-FEAT-COMMUNICATIONS-001;ES-FEAT-TASKS-001;ES-FEAT-HORSE-001;ES-FEAT-CARE-001,GOVERNANCE,DRAFT_PIA_SUPPLEMENT,Derived from revised structured row ES-FEAT-IDENTITY-005 after independent-review adjudication; evidence tier=KEYWORD_MATCH_ONLY.
IMPLEMENTATION_VERIFICATION_QUEUE,ES-FEAT-IDENTITY-005,sessions,Identity and access,MEDIUM:4,P0,Guest;User;Admin;Facility Owner;Barn Manager;Trainer;Staff;Owner;Guardian;Rider;Service Provider,PIA_SUPPLEMENT_CANDIDATE,IMPLEMENTED_UNVERIFIED,ES-FEAT-PLATFORM-001;ES-FEAT-IDENTITY-001;ES-FEAT-RELATIONSHIP-001;ES-FEAT-FINANCIAL-001;ES-FEAT-COMMUNICATIONS-001;ES-FEAT-TASKS-001;ES-FEAT-HORSE-001;ES-FEAT-CARE-001,GOVERNANCE,DRAFT_PIA_SUPPLEMENT,Derived from revised structured row ES-FEAT-IDENTITY-005 after independent-review adjudication; evidence tier=KEYWORD_MATCH_ONLY.
PIA_SUPPLEMENT_QUEUE,ES-FEAT-IDENTITY-005,sessions,Identity and access,MEDIUM:4,P0,Guest;User;Admin;Facility Owner;Barn Manager;Trainer;Staff;Owner;Guardian;Rider;Service Provider,PIA_SUPPLEMENT_CANDIDATE,IMPLEMENTED_UNVERIFIED,ES-FEAT-PLATFORM-001;ES-FEAT-IDENTITY-001;ES-FEAT-RELATIONSHIP-001;ES-FEAT-FINANCIAL-001;ES-FEAT-COMMUNICATIONS-001;ES-FEAT-TASKS-001;ES-FEAT-HORSE-001;ES-FEAT-CARE-001,GOVERNANCE,DRAFT_PIA_SUPPLEMENT,Derived from revised structured row ES-FEAT-IDENTITY-005 after independent-review adjudication; evidence tier=KEYWORD_MATCH_ONLY.
RUNTIME_VERIFICATION_QUEUE,ES-FEAT-IDENTITY-005,sessions,Identity and access,MEDIUM:4,P0,Guest;User;Admin;Facility Owner;Barn Manager;Trainer;Staff;Owner;Guardian;Rider;Service Provider,PIA_SUPPLEMENT_CANDIDATE,IMPLEMENTED_UNVERIFIED,ES-FEAT-PLATFORM-001;ES-FEAT-IDENTITY-001;ES-FEAT-RELATIONSHIP-001;ES-FEAT-FINANCIAL-001;ES-FEAT-COMMUNICATIONS-001;ES-FEAT-TASKS-001;ES-FEAT-HORSE-001;ES-FEAT-CARE-001,GOVERNANCE,DRAFT_PIA_SUPPLEMENT,Derived from revised structured row ES-FEAT-IDENTITY-005 after independent-review adjudication; evidence tier=KEYWORD_MATCH_ONLY.
FOUNDER_DECISION_QUEUE,ES-FEAT-IDENTITY-006,recovery (Identity),Identity and access,MEDIUM:8,P0,Guest;User;Admin;Facility Owner;Barn Manager;Trainer;Staff;Owner;Guardian;Rider;Service Provider,PIA_SUPPLEMENT_CANDIDATE,IMPLEMENTED_UNVERIFIED,ES-FEAT-PLATFORM-001;ES-FEAT-IDENTITY-001;ES-FEAT-RELATIONSHIP-001;ES-FEAT-FINANCIAL-001;ES-FEAT-COMMUNICATIONS-001;ES-FEAT-TASKS-001;ES-FEAT-HORSE-001;ES-FEAT-CARE-001,GOVERNANCE,DRAFT_PIA_SUPPLEMENT,Derived from revised structured row ES-FEAT-IDENTITY-006 after independent-review adjudication; evidence tier=KEYWORD_MATCH_ONLY.
IMPLEMENTATION_VERIFICATION_QUEUE,ES-FEAT-IDENTITY-006,recovery (Identity),Identity and access,MEDIUM:8,P0,Guest;User;Admin;Facility Owner;Barn Manager;Trainer;Staff;Owner;Guardian;Rider;Service Provider,PIA_SUPPLEMENT_CANDIDATE,IMPLEMENTED_UNVERIFIED,ES-FEAT-PLATFORM-001;ES-FEAT-IDENTITY-001;ES-FEAT-RELATIONSHIP-001;ES-FEAT-FINANCIAL-001;ES-FEAT-COMMUNICATIONS-001;ES-FEAT-TASKS-001;ES-FEAT-HORSE-001;ES-FEAT-CARE-001,GOVERNANCE,DRAFT_PIA_SUPPLEMENT,Derived from revised structured row ES-FEAT-IDENTITY-006 after independent-review adjudication; evidence tier=KEYWORD_MATCH_ONLY.
PIA_SUPPLEMENT_QUEUE,ES-FEAT-IDENTITY-006,recovery (Identity),Identity and access,MEDIUM:8,P0,Guest;User;Admin;Facility Owner;Barn Manager;Trainer;Staff;Owner;Guardian;Rider;Service Provider,PIA_SUPPLEMENT_CANDIDATE,IMPLEMENTED_UNVERIFIED,ES-FEAT-PLATFORM-001;ES-FEAT-IDENTITY-001;ES-FEAT-RELATIONSHIP-001;ES-FEAT-FINANCIAL-001;ES-FEAT-COMMUNICATIONS-001;ES-FEAT-TASKS-001;ES-FEAT-HORSE-001;ES-FEAT-CARE-001,GOVERNANCE,DRAFT_PIA_SUPPLEMENT,Derived from revised structured row ES-FEAT-IDENTITY-006 after independent-review adjudication; evidence tier=KEYWORD_MATCH_ONLY.
RUNTIME_VERIFICATION_QUEUE,ES-FEAT-IDENTITY-006,recovery (Identity),Identity and access,MEDIUM:8,P0,Guest;User;Admin;Facility Owner;Barn Manager;Trainer;Staff;Owner;Guardian;Rider;Service Provider,PIA_SUPPLEMENT_CANDIDATE,IMPLEMENTED_UNVERIFIED,ES-FEAT-PLATFORM-001;ES-FEAT-IDENTITY-001;ES-FEAT-RELATIONSHIP-001;ES-FEAT-FINANCIAL-001;ES-FEAT-COMMUNICATIONS-001;ES-FEAT-TASKS-001;ES-FEAT-HORSE-001;ES-FEAT-CARE-001,GOVERNANCE,DRAFT_PIA_SUPPLEMENT,Derived from revised structured row ES-FEAT-IDENTITY-006 after independent-review adjudication; evidence tier=KEYWORD_MATCH_ONLY.
FOUNDER_DECISION_QUEUE,ES-FEAT-IDENTITY-007,invitations,Identity and access,MEDIUM:6,P0,Guest;User;Admin;Facility Owner;Barn Manager;Trainer;Staff;Owner;Guardian;Rider;Service Provider,PIA_SUPPLEMENT_CANDIDATE,IMPLEMENTED_UNVERIFIED,ES-FEAT-PLATFORM-001;ES-FEAT-IDENTITY-001;ES-FEAT-RELATIONSHIP-001;ES-FEAT-FINANCIAL-001;ES-FEAT-COMMUNICATIONS-001;ES-FEAT-TASKS-001;ES-FEAT-HORSE-001;ES-FEAT-CARE-001,GOVERNANCE,DRAFT_PIA_SUPPLEMENT,Derived from revised structured row ES-FEAT-IDENTITY-007 after independent-review adjudication; evidence tier=KEYWORD_MATCH_ONLY.
IMPLEMENTATION_VERIFICATION_QUEUE,ES-FEAT-IDENTITY-007,invitations,Identity and access,MEDIUM:6,P0,Guest;User;Admin;Facility Owner;Barn Manager;Trainer;Staff;Owner;Guardian;Rider;Service Provider,PIA_SUPPLEMENT_CANDIDATE,IMPLEMENTED_UNVERIFIED,ES-FEAT-PLATFORM-001;ES-FEAT-IDENTITY-001;ES-FEAT-RELATIONSHIP-001;ES-FEAT-FINANCIAL-001;ES-FEAT-COMMUNICATIONS-001;ES-FEAT-TASKS-001;ES-FEAT-HORSE-001;ES-FEAT-CARE-001,GOVERNANCE,DRAFT_PIA_SUPPLEMENT,Derived from revised structured row ES-FEAT-IDENTITY-007 after independent-review adjudication; evidence tier=KEYWORD_MATCH_ONLY.
PIA_SUPPLEMENT_QUEUE,ES-FEAT-IDENTITY-007,invitations,Identity and access,MEDIUM:6,P0,Guest;User;Admin;Facility Owner;Barn Manager;Trainer;Staff;Owner;Guardian;Rider;Service Provider,PIA_SUPPLEMENT_CANDIDATE,IMPLEMENTED_UNVERIFIED,ES-FEAT-PLATFORM-001;ES-FEAT-IDENTITY-001;ES-FEAT-RELATIONSHIP-001;ES-FEAT-FINANCIAL-001;ES-FEAT-COMMUNICATIONS-001;ES-FEAT-TASKS-001;ES-FEAT-HORSE-001;ES-FEAT-CARE-001,GOVERNANCE,DRAFT_PIA_SUPPLEMENT,Derived from revised structured row ES-FEAT-IDENTITY-007 after independent-review adjudication; evidence tier=KEYWORD_MATCH_ONLY.
RUNTIME_VERIFICATION_QUEUE,ES-FEAT-IDENTITY-007,invitations,Identity and access,MEDIUM:6,P0,Guest;User;Admin;Facility Owner;Barn Manager;Trainer;Staff;Owner;Guardian;Rider;Service Provider,PIA_SUPPLEMENT_CANDIDATE,IMPLEMENTED_UNVERIFIED,ES-FEAT-PLATFORM-001;ES-FEAT-IDENTITY-001;ES-FEAT-RELATIONSHIP-001;ES-FEAT-FINANCIAL-001;ES-FEAT-COMMUNICATIONS-001;ES-FEAT-TASKS-001;ES-FEAT-HORSE-001;ES-FEAT-CARE-001,GOVERNANCE,DRAFT_PIA_SUPPLEMENT,Derived from revised structured row ES-FEAT-IDENTITY-007 after independent-review adjudication; evidence tier=KEYWORD_MATCH_ONLY.
FOUNDER_DECISION_QUEUE,ES-FEAT-IDENTITY-008,enrollment,Identity and access,MEDIUM:4,P0,Guest;User;Admin;Facility Owner;Barn Manager;Trainer;Staff;Owner;Guardian;Rider;Service Provider,PIA_SUPPLEMENT_CANDIDATE,IMPLEMENTED_UNVERIFIED,ES-FEAT-PLATFORM-001;ES-FEAT-IDENTITY-001;ES-FEAT-RELATIONSHIP-001;ES-FEAT-FINANCIAL-001;ES-FEAT-COMMUNICATIONS-001;ES-FEAT-TASKS-001;ES-FEAT-HORSE-001;ES-FEAT-CARE-001,GOVERNANCE,DRAFT_PIA_SUPPLEMENT,Derived from revised structured row ES-FEAT-IDENTITY-008 after independent-review adjudication; evidence tier=KEYWORD_MATCH_ONLY.
IMPLEMENTATION_VERIFICATION_QUEUE,ES-FEAT-IDENTITY-008,enrollment,Identity and access,MEDIUM:4,P0,Guest;User;Admin;Facility Owner;Barn Manager;Trainer;Staff;Owner;Guardian;Rider;Service Provider,PIA_SUPPLEMENT_CANDIDATE,IMPLEMENTED_UNVERIFIED,ES-FEAT-PLATFORM-001;ES-FEAT-IDENTITY-001;ES-FEAT-RELATIONSHIP-001;ES-FEAT-FINANCIAL-001;ES-FEAT-COMMUNICATIONS-001;ES-FEAT-TASKS-001;ES-FEAT-HORSE-001;ES-FEAT-CARE-001,GOVERNANCE,DRAFT_PIA_SUPPLEMENT,Derived from revised structured row ES-FEAT-IDENTITY-008 after independent-review adjudication; evidence tier=KEYWORD_MATCH_ONLY.
PIA_SUPPLEMENT_QUEUE,ES-FEAT-IDENTITY-008,enrollment,Identity and access,MEDIUM:4,P0,Guest;User;Admin;Facility Owner;Barn Manager;Trainer;Staff;Owner;Guardian;Rider;Service Provider,PIA_SUPPLEMENT_CANDIDATE,IMPLEMENTED_UNVERIFIED,ES-FEAT-PLATFORM-001;ES-FEAT-IDENTITY-001;ES-FEAT-RELATIONSHIP-001;ES-FEAT-FINANCIAL-001;ES-FEAT-COMMUNICATIONS-001;ES-FEAT-TASKS-001;ES-FEAT-HORSE-001;ES-FEAT-CARE-001,GOVERNANCE,DRAFT_PIA_SUPPLEMENT,Derived from revised structured row ES-FEAT-IDENTITY-008 after independent-review adjudication; evidence tier=KEYWORD_MATCH_ONLY.
RUNTIME_VERIFICATION_QUEUE,ES-FEAT-IDENTITY-008,enrollment,Identity and access,MEDIUM:4,P0,Guest;User;Admin;Facility Owner;Barn Manager;Trainer;Staff;Owner;Guardian;Rider;Service Provider,PIA_SUPPLEMENT_CANDIDATE,IMPLEMENTED_UNVERIFIED,ES-FEAT-PLATFORM-001;ES-FEAT-IDENTITY-001;ES-FEAT-RELATIONSHIP-001;ES-FEAT-FINANCIAL-001;ES-FEAT-COMMUNICATIONS-001;ES-FEAT-TASKS-001;ES-FEAT-HORSE-001;ES-FEAT-CARE-001,GOVERNANCE,DRAFT_PIA_SUPPLEMENT,Derived from revised structured row ES-FEAT-IDENTITY-008 after independent-review adjudication; evidence tier=KEYWORD_MATCH_ONLY.
FOUNDER_DECISION_QUEUE,ES-FEAT-IDENTITY-009,tenant membership,Identity and access,MEDIUM:8,P0,Guest;User;Admin;Facility Owner;Barn Manager;Trainer;Staff;Owner;Guardian;Rider;Service Provider,PIA_SUPPLEMENT_CANDIDATE,IMPLEMENTED_UNVERIFIED,ES-FEAT-PLATFORM-001;ES-FEAT-IDENTITY-001;ES-FEAT-RELATIONSHIP-001;ES-FEAT-FINANCIAL-001;ES-FEAT-COMMUNICATIONS-001;ES-FEAT-TASKS-001;ES-FEAT-HORSE-001;ES-FEAT-CARE-001,GOVERNANCE,DRAFT_PIA_SUPPLEMENT,Derived from revised structured row ES-FEAT-IDENTITY-009 after independent-review adjudication; evidence tier=KEYWORD_MATCH_ONLY.
IMPLEMENTATION_VERIFICATION_QUEUE,ES-FEAT-IDENTITY-009,tenant membership,Identity and access,MEDIUM:8,P0,Guest;User;Admin;Facility Owner;Barn Manager;Trainer;Staff;Owner;Guardian;Rider;Service Provider,PIA_SUPPLEMENT_CANDIDATE,IMPLEMENTED_UNVERIFIED,ES-FEAT-PLATFORM-001;ES-FEAT-IDENTITY-001;ES-FEAT-RELATIONSHIP-001;ES-FEAT-FINANCIAL-001;ES-FEAT-COMMUNICATIONS-001;ES-FEAT-TASKS-001;ES-FEAT-HORSE-001;ES-FEAT-CARE-001,GOVERNANCE,DRAFT_PIA_SUPPLEMENT,Derived from revised structured row ES-FEAT-IDENTITY-009 after independent-review adjudication; evidence tier=KEYWORD_MATCH_ONLY.
PIA_SUPPLEMENT_QUEUE,ES-FEAT-IDENTITY-009,tenant membership,Identity and access,MEDIUM:8,P0,Guest;User;Admin;Facility Owner;Barn Manager;Trainer;Staff;Owner;Guardian;Rider;Service Provider,PIA_SUPPLEMENT_CANDIDATE,IMPLEMENTED_UNVERIFIED,ES-FEAT-PLATFORM-001;ES-FEAT-IDENTITY-001;ES-FEAT-RELATIONSHIP-001;ES-FEAT-FINANCIAL-001;ES-FEAT-COMMUNICATIONS-001;ES-FEAT-TASKS-001;ES-FEAT-HORSE-001;ES-FEAT-CARE-001,GOVERNANCE,DRAFT_PIA_SUPPLEMENT,Derived from revised structured row ES-FEAT-IDENTITY-009 after independent-review adjudication; evidence tier=KEYWORD_MATCH_ONLY.
RUNTIME_VERIFICATION_QUEUE,ES-FEAT-IDENTITY-009,tenant membership,Identity and access,MEDIUM:8,P0,Guest;User;Admin;Facility Owner;Barn Manager;Trainer;Staff;Owner;Guardian;Rider;Service Provider,PIA_SUPPLEMENT_CANDIDATE,IMPLEMENTED_UNVERIFIED,ES-FEAT-PLATFORM-001;ES-FEAT-IDENTITY-001;ES-FEAT-RELATIONSHIP-001;ES-FEAT-FINANCIAL-001;ES-FEAT-COMMUNICATIONS-001;ES-FEAT-TASKS-001;ES-FEAT-HORSE-001;ES-FEAT-CARE-001,GOVERNANCE,DRAFT_PIA_SUPPLEMENT,Derived from revised structured row ES-FEAT-IDENTITY-009 after independent-review adjudication; evidence tier=KEYWORD_MATCH_ONLY.
FOUNDER_DECISION_QUEUE,ES-FEAT-IDENTITY-010,facility membership,Identity and access,MEDIUM:6,P0,Guest;User;Admin;Facility Owner;Barn Manager;Trainer;Staff;Owner;Guardian;Rider;Service Provider,PIA_SUPPLEMENT_CANDIDATE,IMPLEMENTED_UNVERIFIED,ES-FEAT-PLATFORM-001;ES-FEAT-IDENTITY-001;ES-FEAT-RELATIONSHIP-001;ES-FEAT-FINANCIAL-001;ES-FEAT-COMMUNICATIONS-001;ES-FEAT-TASKS-001;ES-FEAT-HORSE-001,GOVERNANCE,DRAFT_PIA_SUPPLEMENT,Derived from revised structured row ES-FEAT-IDENTITY-010 after independent-review adjudication; evidence tier=KEYWORD_MATCH_ONLY.
IMPLEMENTATION_VERIFICATION_QUEUE,ES-FEAT-IDENTITY-010,facility membership,Identity and access,MEDIUM:6,P0,Guest;User;Admin;Facility Owner;Barn Manager;Trainer;Staff;Owner;Guardian;Rider;Service Provider,PIA_SUPPLEMENT_CANDIDATE,IMPLEMENTED_UNVERIFIED,ES-FEAT-PLATFORM-001;ES-FEAT-IDENTITY-001;ES-FEAT-RELATIONSHIP-001;ES-FEAT-FINANCIAL-001;ES-FEAT-COMMUNICATIONS-001;ES-FEAT-TASKS-001;ES-FEAT-HORSE-001,GOVERNANCE,DRAFT_PIA_SUPPLEMENT,Derived from revised structured row ES-FEAT-IDENTITY-010 after independent-review adjudication; evidence tier=KEYWORD_MATCH_ONLY.
PIA_SUPPLEMENT_QUEUE,ES-FEAT-IDENTITY-010,facility membership,Identity and access,MEDIUM:6,P0,Guest;User;Admin;Facility Owner;Barn Manager;Trainer;Staff;Owner;Guardian;Rider;Service Provider,PIA_SUPPLEMENT_CANDIDATE,IMPLEMENTED_UNVERIFIED,ES-FEAT-PLATFORM-001;ES-FEAT-IDENTITY-001;ES-FEAT-RELATIONSHIP-001;ES-FEAT-FINANCIAL-001;ES-FEAT-COMMUNICATIONS-001;ES-FEAT-TASKS-001;ES-FEAT-HORSE-001,GOVERNANCE,DRAFT_PIA_SUPPLEMENT,Derived from revised structured row ES-FEAT-IDENTITY-010 after independent-review adjudication; evidence tier=KEYWORD_MATCH_ONLY.
RUNTIME_VERIFICATION_QUEUE,ES-FEAT-IDENTITY-010,facility membership,Identity and access,MEDIUM:6,P0,Guest;User;Admin;Facility Owner;Barn Manager;Trainer;Staff;Owner;Guardian;Rider;Service Provider,PIA_SUPPLEMENT_CANDIDATE,IMPLEMENTED_UNVERIFIED,ES-FEAT-PLATFORM-001;ES-FEAT-IDENTITY-001;ES-FEAT-RELATIONSHIP-001;ES-FEAT-FINANCIAL-001;ES-FEAT-COMMUNICATIONS-001;ES-FEAT-TASKS-001;ES-FEAT-HORSE-001,GOVERNANCE,DRAFT_PIA_SUPPLEMENT,Derived from revised structured row ES-FEAT-IDENTITY-010 after independent-review adjudication; evidence tier=KEYWORD_MATCH_ONLY.
FOUNDER_DECISION_QUEUE,ES-FEAT-IDENTITY-011,roles and capabilities,Identity and access,MEDIUM:6,P2,Guest;User;Admin;Facility Owner;Barn Manager;Trainer;Staff;Owner;Guardian;Rider;Service Provider,COVERED_WITH_RETAINED_GAP,IMPLEMENTED_UNVERIFIED,ES-FEAT-PLATFORM-001;ES-FEAT-IDENTITY-001;ES-FEAT-RELATIONSHIP-001;ES-FEAT-FINANCIAL-001;ES-FEAT-COMMUNICATIONS-001;ES-FEAT-TASKS-001;ES-FEAT-HORSE-001;ES-FEAT-CARE-001,ENGINEERING,VERIFY_REPOSITORY_IMPLEMENTATION,Derived from revised structured row ES-FEAT-IDENTITY-011 after independent-review adjudication; evidence tier=KEYWORD_MATCH_ONLY.
IMPLEMENTATION_VERIFICATION_QUEUE,ES-FEAT-IDENTITY-011,roles and capabilities,Identity and access,MEDIUM:6,P2,Guest;User;Admin;Facility Owner;Barn Manager;Trainer;Staff;Owner;Guardian;Rider;Service Provider,COVERED_WITH_RETAINED_GAP,IMPLEMENTED_UNVERIFIED,ES-FEAT-PLATFORM-001;ES-FEAT-IDENTITY-001;ES-FEAT-RELATIONSHIP-001;ES-FEAT-FINANCIAL-001;ES-FEAT-COMMUNICATIONS-001;ES-FEAT-TASKS-001;ES-FEAT-HORSE-001;ES-FEAT-CARE-001,ENGINEERING,VERIFY_REPOSITORY_IMPLEMENTATION,Derived from revised structured row ES-FEAT-IDENTITY-011 after independent-review adjudication; evidence tier=KEYWORD_MATCH_ONLY.
RETAINED_GAP_REREVIEW_QUEUE,ES-FEAT-IDENTITY-011,roles and capabilities,Identity and access,MEDIUM:6,P2,Guest;User;Admin;Facility Owner;Barn Manager;Trainer;Staff;Owner;Guardian;Rider;Service Provider,COVERED_WITH_RETAINED_GAP,IMPLEMENTED_UNVERIFIED,ES-FEAT-PLATFORM-001;ES-FEAT-IDENTITY-001;ES-FEAT-RELATIONSHIP-001;ES-FEAT-FINANCIAL-001;ES-FEAT-COMMUNICATIONS-001;ES-FEAT-TASKS-001;ES-FEAT-HORSE-001;ES-FEAT-CARE-001,ENGINEERING,VERIFY_REPOSITORY_IMPLEMENTATION,Derived from revised structured row ES-FEAT-IDENTITY-011 after independent-review adjudication; evidence tier=KEYWORD_MATCH_ONLY.
RUNTIME_VERIFICATION_QUEUE,ES-FEAT-IDENTITY-011,roles and capabilities,Identity and access,MEDIUM:6,P2,Guest;User;Admin;Facility Owner;Barn Manager;Trainer;Staff;Owner;Guardian;Rider;Service Provider,COVERED_WITH_RETAINED_GAP,IMPLEMENTED_UNVERIFIED,ES-FEAT-PLATFORM-001;ES-FEAT-IDENTITY-001;ES-FEAT-RELATIONSHIP-001;ES-FEAT-FINANCIAL-001;ES-FEAT-COMMUNICATIONS-001;ES-FEAT-TASKS-001;ES-FEAT-HORSE-001;ES-FEAT-CARE-001,ENGINEERING,VERIFY_REPOSITORY_IMPLEMENTATION,Derived from revised structured row ES-FEAT-IDENTITY-011 after independent-review adjudication; evidence tier=KEYWORD_MATCH_ONLY.
FOUNDER_DECISION_QUEUE,ES-FEAT-IDENTITY-012,delegation,Identity and access,MEDIUM:8,P0,Guest;User;Admin;Facility Owner;Barn Manager;Trainer;Staff;Owner;Guardian;Rider;Service Provider,PIA_SUPPLEMENT_CANDIDATE,IMPLEMENTED_UNVERIFIED,ES-FEAT-PLATFORM-001;ES-FEAT-IDENTITY-001;ES-FEAT-RELATIONSHIP-001;ES-FEAT-FINANCIAL-001;ES-FEAT-COMMUNICATIONS-001;ES-FEAT-TASKS-001;ES-FEAT-HORSE-001;ES-FEAT-CARE-001,GOVERNANCE,DRAFT_PIA_SUPPLEMENT,Derived from revised structured row ES-FEAT-IDENTITY-012 after independent-review adjudication; evidence tier=KEYWORD_MATCH_ONLY.
IMPLEMENTATION_VERIFICATION_QUEUE,ES-FEAT-IDENTITY-012,delegation,Identity and access,MEDIUM:8,P0,Guest;User;Admin;Facility Owner;Barn Manager;Trainer;Staff;Owner;Guardian;Rider;Service Provider,PIA_SUPPLEMENT_CANDIDATE,IMPLEMENTED_UNVERIFIED,ES-FEAT-PLATFORM-001;ES-FEAT-IDENTITY-001;ES-FEAT-RELATIONSHIP-001;ES-FEAT-FINANCIAL-001;ES-FEAT-COMMUNICATIONS-001;ES-FEAT-TASKS-001;ES-FEAT-HORSE-001;ES-FEAT-CARE-001,GOVERNANCE,DRAFT_PIA_SUPPLEMENT,Derived from revised structured row ES-FEAT-IDENTITY-012 after independent-review adjudication; evidence tier=KEYWORD_MATCH_ONLY.
PIA_SUPPLEMENT_QUEUE,ES-FEAT-IDENTITY-012,delegation,Identity and access,MEDIUM:8,P0,Guest;User;Admin;Facility Owner;Barn Manager;Trainer;Staff;Owner;Guardian;Rider;Service Provider,PIA_SUPPLEMENT_CANDIDATE,IMPLEMENTED_UNVERIFIED,ES-FEAT-PLATFORM-001;ES-FEAT-IDENTITY-001;ES-FEAT-RELATIONSHIP-001;ES-FEAT-FINANCIAL-001;ES-FEAT-COMMUNICATIONS-001;ES-FEAT-TASKS-001;ES-FEAT-HORSE-001;ES-FEAT-CARE-001,GOVERNANCE,DRAFT_PIA_SUPPLEMENT,Derived from revised structured row ES-FEAT-IDENTITY-012 after independent-review adjudication; evidence tier=KEYWORD_MATCH_ONLY.
RUNTIME_VERIFICATION_QUEUE,ES-FEAT-IDENTITY-012,delegation,Identity and access,MEDIUM:8,P0,Guest;User;Admin;Facility Owner;Barn Manager;Trainer;Staff;Owner;Guardian;Rider;Service Provider,PIA_SUPPLEMENT_CANDIDATE,IMPLEMENTED_UNVERIFIED,ES-FEAT-PLATFORM-001;ES-FEAT-IDENTITY-001;ES-FEAT-RELATIONSHIP-001;ES-FEAT-FINANCIAL-001;ES-FEAT-COMMUNICATIONS-001;ES-FEAT-TASKS-001;ES-FEAT-HORSE-001;ES-FEAT-CARE-001,GOVERNANCE,DRAFT_PIA_SUPPLEMENT,Derived from revised structured row ES-FEAT-IDENTITY-012 after independent-review adjudication; evidence tier=KEYWORD_MATCH_ONLY.
FOUNDER_DECISION_QUEUE,ES-FEAT-IDENTITY-013,support access,Identity and access,MEDIUM:6,P0,Guest;User;Admin;Facility Owner;Barn Manager;Trainer;Staff;Owner;Guardian;Rider;Service Provider,PIA_SUPPLEMENT_CANDIDATE,IMPLEMENTED_UNVERIFIED,ES-FEAT-PLATFORM-001;ES-FEAT-IDENTITY-001;ES-FEAT-RELATIONSHIP-001;ES-FEAT-FINANCIAL-001;ES-FEAT-COMMUNICATIONS-001;ES-FEAT-TASKS-001;ES-FEAT-HORSE-001;ES-FEAT-CARE-001,GOVERNANCE,DRAFT_PIA_SUPPLEMENT,Derived from revised structured row ES-FEAT-IDENTITY-013 after independent-review adjudication; evidence tier=KEYWORD_MATCH_ONLY.
IMPLEMENTATION_VERIFICATION_QUEUE,ES-FEAT-IDENTITY-013,support access,Identity and access,MEDIUM:6,P0,Guest;User;Admin;Facility Owner;Barn Manager;Trainer;Staff;Owner;Guardian;Rider;Service Provider,PIA_SUPPLEMENT_CANDIDATE,IMPLEMENTED_UNVERIFIED,ES-FEAT-PLATFORM-001;ES-FEAT-IDENTITY-001;ES-FEAT-RELATIONSHIP-001;ES-FEAT-FINANCIAL-001;ES-FEAT-COMMUNICATIONS-001;ES-FEAT-TASKS-001;ES-FEAT-HORSE-001;ES-FEAT-CARE-001,GOVERNANCE,DRAFT_PIA_SUPPLEMENT,Derived from revised structured row ES-FEAT-IDENTITY-013 after independent-review adjudication; evidence tier=KEYWORD_MATCH_ONLY.
PIA_SUPPLEMENT_QUEUE,ES-FEAT-IDENTITY-013,support access,Identity and access,MEDIUM:6,P0,Guest;User;Admin;Facility Owner;Barn Manager;Trainer;Staff;Owner;Guardian;Rider;Service Provider,PIA_SUPPLEMENT_CANDIDATE,IMPLEMENTED_UNVERIFIED,ES-FEAT-PLATFORM-001;ES-FEAT-IDENTITY-001;ES-FEAT-RELATIONSHIP-001;ES-FEAT-FINANCIAL-001;ES-FEAT-COMMUNICATIONS-001;ES-FEAT-TASKS-001;ES-FEAT-HORSE-001;ES-FEAT-CARE-001,GOVERNANCE,DRAFT_PIA_SUPPLEMENT,Derived from revised structured row ES-FEAT-IDENTITY-013 after independent-review adjudication; evidence tier=KEYWORD_MATCH_ONLY.
RUNTIME_VERIFICATION_QUEUE,ES-FEAT-IDENTITY-013,support access,Identity and access,MEDIUM:6,P0,Guest;User;Admin;Facility Owner;Barn Manager;Trainer;Staff;Owner;Guardian;Rider;Service Provider,PIA_SUPPLEMENT_CANDIDATE,IMPLEMENTED_UNVERIFIED,ES-FEAT-PLATFORM-001;ES-FEAT-IDENTITY-001;ES-FEAT-RELATIONSHIP-001;ES-FEAT-FINANCIAL-001;ES-FEAT-COMMUNICATIONS-001;ES-FEAT-TASKS-001;ES-FEAT-HORSE-001;ES-FEAT-CARE-001,GOVERNANCE,DRAFT_PIA_SUPPLEMENT,Derived from revised structured row ES-FEAT-IDENTITY-013 after independent-review adjudication; evidence tier=KEYWORD_MATCH_ONLY.
FOUNDER_DECISION_QUEUE,ES-FEAT-IDENTITY-014,service accounts (Identity),Identity and access,MEDIUM:4,P0,Guest;User;Admin;Facility Owner;Barn Manager;Trainer;Staff;Owner;Guardian;Rider;Service Provider,PIA_SUPPLEMENT_CANDIDATE,IMPLEMENTED_UNVERIFIED,ES-FEAT-PLATFORM-001;ES-FEAT-IDENTITY-001;ES-FEAT-RELATIONSHIP-001;ES-FEAT-FINANCIAL-001;ES-FEAT-COMMUNICATIONS-001;ES-FEAT-TASKS-001;ES-FEAT-HORSE-001;ES-FEAT-CARE-001,GOVERNANCE,DRAFT_PIA_SUPPLEMENT,Derived from revised structured row ES-FEAT-IDENTITY-014 after independent-review adjudication; evidence tier=KEYWORD_MATCH_ONLY.
IMPLEMENTATION_VERIFICATION_QUEUE,ES-FEAT-IDENTITY-014,service accounts (Identity),Identity and access,MEDIUM:4,P0,Guest;User;Admin;Facility Owner;Barn Manager;Trainer;Staff;Owner;Guardian;Rider;Service Provider,PIA_SUPPLEMENT_CANDIDATE,IMPLEMENTED_UNVERIFIED,ES-FEAT-PLATFORM-001;ES-FEAT-IDENTITY-001;ES-FEAT-RELATIONSHIP-001;ES-FEAT-FINANCIAL-001;ES-FEAT-COMMUNICATIONS-001;ES-FEAT-TASKS-001;ES-FEAT-HORSE-001;ES-FEAT-CARE-001,GOVERNANCE,DRAFT_PIA_SUPPLEMENT,Derived from revised structured row ES-FEAT-IDENTITY-014 after independent-review adjudication; evidence tier=KEYWORD_MATCH_ONLY.
PIA_SUPPLEMENT_QUEUE,ES-FEAT-IDENTITY-014,service accounts (Identity),Identity and access,MEDIUM:4,P0,Guest;User;Admin;Facility Owner;Barn Manager;Trainer;Staff;Owner;Guardian;Rider;Service Provider,PIA_SUPPLEMENT_CANDIDATE,IMPLEMENTED_UNVERIFIED,ES-FEAT-PLATFORM-001;ES-FEAT-IDENTITY-001;ES-FEAT-RELATIONSHIP-001;ES-FEAT-FINANCIAL-001;ES-FEAT-COMMUNICATIONS-001;ES-FEAT-TASKS-001;ES-FEAT-HORSE-001;ES-FEAT-CARE-001,GOVERNANCE,DRAFT_PIA_SUPPLEMENT,Derived from revised structured row ES-FEAT-IDENTITY-014 after independent-review adjudication; evidence tier=KEYWORD_MATCH_ONLY.
RUNTIME_VERIFICATION_QUEUE,ES-FEAT-IDENTITY-014,service accounts (Identity),Identity and access,MEDIUM:4,P0,Guest;User;Admin;Facility Owner;Barn Manager;Trainer;Staff;Owner;Guardian;Rider;Service Provider,PIA_SUPPLEMENT_CANDIDATE,IMPLEMENTED_UNVERIFIED,ES-FEAT-PLATFORM-001;ES-FEAT-IDENTITY-001;ES-FEAT-RELATIONSHIP-001;ES-FEAT-FINANCIAL-001;ES-FEAT-COMMUNICATIONS-001;ES-FEAT-TASKS-001;ES-FEAT-HORSE-001;ES-FEAT-CARE-001,GOVERNANCE,DRAFT_PIA_SUPPLEMENT,Derived from revised structured row ES-FEAT-IDENTITY-014 after independent-review adjudication; evidence tier=KEYWORD_MATCH_ONLY.
FOUNDER_DECISION_QUEUE,ES-FEAT-IDENTITY-015,account closure,Identity and access,MEDIUM:8,P0,Guest;User;Admin;Facility Owner;Barn Manager;Trainer;Staff;Owner;Guardian;Rider;Service Provider,PIA_SUPPLEMENT_CANDIDATE,IMPLEMENTED_UNVERIFIED,ES-FEAT-PLATFORM-001;ES-FEAT-IDENTITY-001;ES-FEAT-RELATIONSHIP-001;ES-FEAT-FINANCIAL-001;ES-FEAT-COMMUNICATIONS-001;ES-FEAT-TASKS-001;ES-FEAT-HORSE-001;ES-FEAT-CARE-001,GOVERNANCE,DRAFT_PIA_SUPPLEMENT,Derived from revised structured row ES-FEAT-IDENTITY-015 after independent-review adjudication; evidence tier=KEYWORD_MATCH_ONLY.
IMPLEMENTATION_VERIFICATION_QUEUE,ES-FEAT-IDENTITY-015,account closure,Identity and access,MEDIUM:8,P0,Guest;User;Admin;Facility Owner;Barn Manager;Trainer;Staff;Owner;Guardian;Rider;Service Provider,PIA_SUPPLEMENT_CANDIDATE,IMPLEMENTED_UNVERIFIED,ES-FEAT-PLATFORM-001;ES-FEAT-IDENTITY-001;ES-FEAT-RELATIONSHIP-001;ES-FEAT-FINANCIAL-001;ES-FEAT-COMMUNICATIONS-001;ES-FEAT-TASKS-001;ES-FEAT-HORSE-001;ES-FEAT-CARE-001,GOVERNANCE,DRAFT_PIA_SUPPLEMENT,Derived from revised structured row ES-FEAT-IDENTITY-015 after independent-review adjudication; evidence tier=KEYWORD_MATCH_ONLY.
PIA_SUPPLEMENT_QUEUE,ES-FEAT-IDENTITY-015,account closure,Identity and access,MEDIUM:8,P0,Guest;User;Admin;Facility Owner;Barn Manager;Trainer;Staff;Owner;Guardian;Rider;Service Provider,PIA_SUPPLEMENT_CANDIDATE,IMPLEMENTED_UNVERIFIED,ES-FEAT-PLATFORM-001;ES-FEAT-IDENTITY-001;ES-FEAT-RELATIONSHIP-001;ES-FEAT-FINANCIAL-001;ES-FEAT-COMMUNICATIONS-001;ES-FEAT-TASKS-001;ES-FEAT-HORSE-001;ES-FEAT-CARE-001,GOVERNANCE,DRAFT_PIA_SUPPLEMENT,Derived from revised structured row ES-FEAT-IDENTITY-015 after independent-review adjudication; evidence tier=KEYWORD_MATCH_ONLY.
RUNTIME_VERIFICATION_QUEUE,ES-FEAT-IDENTITY-015,account closure,Identity and access,MEDIUM:8,P0,Guest;User;Admin;Facility Owner;Barn Manager;Trainer;Staff;Owner;Guardian;Rider;Service Provider,PIA_SUPPLEMENT_CANDIDATE,IMPLEMENTED_UNVERIFIED,ES-FEAT-PLATFORM-001;ES-FEAT-IDENTITY-001;ES-FEAT-RELATIONSHIP-001;ES-FEAT-FINANCIAL-001;ES-FEAT-COMMUNICATIONS-001;ES-FEAT-TASKS-001;ES-FEAT-HORSE-001;ES-FEAT-CARE-001,GOVERNANCE,DRAFT_PIA_SUPPLEMENT,Derived from revised structured row ES-FEAT-IDENTITY-015 after independent-review adjudication; evidence tier=KEYWORD_MATCH_ONLY.
FOUNDER_DECISION_QUEUE,ES-FEAT-IDENTITY-016,duplicate identity and merge,Identity and access,MEDIUM:6,P0,Guest;User;Admin;Facility Owner;Barn Manager;Trainer;Staff;Owner;Guardian;Rider;Service Provider,PIA_SUPPLEMENT_CANDIDATE,IMPLEMENTED_UNVERIFIED,ES-FEAT-PLATFORM-001;ES-FEAT-IDENTITY-001;ES-FEAT-RELATIONSHIP-001;ES-FEAT-FINANCIAL-001;ES-FEAT-COMMUNICATIONS-001;ES-FEAT-TASKS-001;ES-FEAT-HORSE-001;ES-FEAT-CARE-001,GOVERNANCE,DRAFT_PIA_SUPPLEMENT,Derived from revised structured row ES-FEAT-IDENTITY-016 after independent-review adjudication; evidence tier=KEYWORD_MATCH_ONLY.
IMPLEMENTATION_VERIFICATION_QUEUE,ES-FEAT-IDENTITY-016,duplicate identity and merge,Identity and access,MEDIUM:6,P0,Guest;User;Admin;Facility Owner;Barn Manager;Trainer;Staff;Owner;Guardian;Rider;Service Provider,PIA_SUPPLEMENT_CANDIDATE,IMPLEMENTED_UNVERIFIED,ES-FEAT-PLATFORM-001;ES-FEAT-IDENTITY-001;ES-FEAT-RELATIONSHIP-001;ES-FEAT-FINANCIAL-001;ES-FEAT-COMMUNICATIONS-001;ES-FEAT-TASKS-001;ES-FEAT-HORSE-001;ES-FEAT-CARE-001,GOVERNANCE,DRAFT_PIA_SUPPLEMENT,Derived from revised structured row ES-FEAT-IDENTITY-016 after independent-review adjudication; evidence tier=KEYWORD_MATCH_ONLY.
PIA_SUPPLEMENT_QUEUE,ES-FEAT-IDENTITY-016,duplicate identity and merge,Identity and access,MEDIUM:6,P0,Guest;User;Admin;Facility Owner;Barn Manager;Trainer;Staff;Owner;Guardian;Rider;Service Provider,PIA_SUPPLEMENT_CANDIDATE,IMPLEMENTED_UNVERIFIED,ES-FEAT-PLATFORM-001;ES-FEAT-IDENTITY-001;ES-FEAT-RELATIONSHIP-001;ES-FEAT-FINANCIAL-001;ES-FEAT-COMMUNICATIONS-001;ES-FEAT-TASKS-001;ES-FEAT-HORSE-001;ES-FEAT-CARE-001,GOVERNANCE,DRAFT_PIA_SUPPLEMENT,Derived from revised structured row ES-FEAT-IDENTITY-016 after independent-review adjudication; evidence tier=KEYWORD_MATCH_ONLY.
RUNTIME_VERIFICATION_QUEUE,ES-FEAT-IDENTITY-016,duplicate identity and merge,Identity and access,MEDIUM:6,P0,Guest;User;Admin;Facility Owner;Barn Manager;Trainer;Staff;Owner;Guardian;Rider;Service Provider,PIA_SUPPLEMENT_CANDIDATE,IMPLEMENTED_UNVERIFIED,ES-FEAT-PLATFORM-001;ES-FEAT-IDENTITY-001;ES-FEAT-RELATIONSHIP-001;ES-FEAT-FINANCIAL-001;ES-FEAT-COMMUNICATIONS-001;ES-FEAT-TASKS-001;ES-FEAT-HORSE-001;ES-FEAT-CARE-001,GOVERNANCE,DRAFT_PIA_SUPPLEMENT,Derived from revised structured row ES-FEAT-IDENTITY-016 after independent-review adjudication; evidence tier=KEYWORD_MATCH_ONLY.
FOUNDER_DECISION_QUEUE,ES-FEAT-RELATIONSHIP-001,owner-horse relationships,Relationships and guardianship,CRITICAL:8,P0,Owner;Trainer;Guardian;Minor Rider;Barn Manager;Staff;Service Provider,PIA_SUPPLEMENT_CANDIDATE,PARTIAL_IMPLEMENTATION,ES-FEAT-PLATFORM-001,GOVERNANCE,DRAFT_PIA_SUPPLEMENT,Derived from revised structured row ES-FEAT-RELATIONSHIP-001 after independent-review adjudication; evidence tier=KEYWORD_MATCH_ONLY.
IMPLEMENTATION_VERIFICATION_QUEUE,ES-FEAT-RELATIONSHIP-001,owner-horse relationships,Relationships and guardianship,CRITICAL:8,P0,Owner;Trainer;Guardian;Minor Rider;Barn Manager;Staff;Service Provider,PIA_SUPPLEMENT_CANDIDATE,PARTIAL_IMPLEMENTATION,ES-FEAT-PLATFORM-001,GOVERNANCE,DRAFT_PIA_SUPPLEMENT,Derived from revised structured row ES-FEAT-RELATIONSHIP-001 after independent-review adjudication; evidence tier=KEYWORD_MATCH_ONLY.
PIA_SUPPLEMENT_QUEUE,ES-FEAT-RELATIONSHIP-001,owner-horse relationships,Relationships and guardianship,CRITICAL:8,P0,Owner;Trainer;Guardian;Minor Rider;Barn Manager;Staff;Service Provider,PIA_SUPPLEMENT_CANDIDATE,PARTIAL_IMPLEMENTATION,ES-FEAT-PLATFORM-001,GOVERNANCE,DRAFT_PIA_SUPPLEMENT,Derived from revised structured row ES-FEAT-RELATIONSHIP-001 after independent-review adjudication; evidence tier=KEYWORD_MATCH_ONLY.
RUNTIME_VERIFICATION_QUEUE,ES-FEAT-RELATIONSHIP-001,owner-horse relationships,Relationships and guardianship,CRITICAL:8,P0,Owner;Trainer;Guardian;Minor Rider;Barn Manager;Staff;Service Provider,PIA_SUPPLEMENT_CANDIDATE,PARTIAL_IMPLEMENTATION,ES-FEAT-PLATFORM-001,GOVERNANCE,DRAFT_PIA_SUPPLEMENT,Derived from revised structured row ES-FEAT-RELATIONSHIP-001 after independent-review adjudication; evidence tier=KEYWORD_MATCH_ONLY.
CODE_GUIDE_QUEUE,ES-FEAT-RELATIONSHIP-002,trainer-client relationships,Relationships and guardianship,CRITICAL:16,P0,Owner;Trainer;Guardian;Minor Rider;Barn Manager;Staff;Service Provider,CODE_GUIDE_GAP,IMPLEMENTED_UNVERIFIED,ES-FEAT-PLATFORM-001;ES-FEAT-RELATIONSHIP-001;ES-FEAT-IDENTITY-001;ES-FEAT-FINANCIAL-001;ES-FEAT-COMMUNICATIONS-001;ES-FEAT-TASKS-001;ES-FEAT-CARE-001,ARCHITECTURE,DRAFT_CODE_GUIDE,Derived from revised structured row ES-FEAT-RELATIONSHIP-002 after independent-review adjudication; evidence tier=KEYWORD_MATCH_ONLY.
FOUNDER_DECISION_QUEUE,ES-FEAT-RELATIONSHIP-002,trainer-client relationships,Relationships and guardianship,CRITICAL:16,P0,Owner;Trainer;Guardian;Minor Rider;Barn Manager;Staff;Service Provider,CODE_GUIDE_GAP,IMPLEMENTED_UNVERIFIED,ES-FEAT-PLATFORM-001;ES-FEAT-RELATIONSHIP-001;ES-FEAT-IDENTITY-001;ES-FEAT-FINANCIAL-001;ES-FEAT-COMMUNICATIONS-001;ES-FEAT-TASKS-001;ES-FEAT-CARE-001,ARCHITECTURE,DRAFT_CODE_GUIDE,Derived from revised structured row ES-FEAT-RELATIONSHIP-002 after independent-review adjudication; evidence tier=KEYWORD_MATCH_ONLY.
IMPLEMENTATION_VERIFICATION_QUEUE,ES-FEAT-RELATIONSHIP-002,trainer-client relationships,Relationships and guardianship,CRITICAL:16,P0,Owner;Trainer;Guardian;Minor Rider;Barn Manager;Staff;Service Provider,CODE_GUIDE_GAP,IMPLEMENTED_UNVERIFIED,ES-FEAT-PLATFORM-001;ES-FEAT-RELATIONSHIP-001;ES-FEAT-IDENTITY-001;ES-FEAT-FINANCIAL-001;ES-FEAT-COMMUNICATIONS-001;ES-FEAT-TASKS-001;ES-FEAT-CARE-001,ARCHITECTURE,DRAFT_CODE_GUIDE,Derived from revised structured row ES-FEAT-RELATIONSHIP-002 after independent-review adjudication; evidence tier=KEYWORD_MATCH_ONLY.
RUNTIME_VERIFICATION_QUEUE,ES-FEAT-RELATIONSHIP-002,trainer-client relationships,Relationships and guardianship,CRITICAL:16,P0,Owner;Trainer;Guardian;Minor Rider;Barn Manager;Staff;Service Provider,CODE_GUIDE_GAP,IMPLEMENTED_UNVERIFIED,ES-FEAT-PLATFORM-001;ES-FEAT-RELATIONSHIP-001;ES-FEAT-IDENTITY-001;ES-FEAT-FINANCIAL-001;ES-FEAT-COMMUNICATIONS-001;ES-FEAT-TASKS-001;ES-FEAT-CARE-001,ARCHITECTURE,DRAFT_CODE_GUIDE,Derived from revised structured row ES-FEAT-RELATIONSHIP-002 after independent-review adjudication; evidence tier=KEYWORD_MATCH_ONLY.
FOUNDER_DECISION_QUEUE,ES-FEAT-RELATIONSHIP-003,guardian-minor relationships,Relationships and guardianship,CRITICAL:12,P0,Owner;Trainer;Guardian;Minor Rider;Barn Manager;Staff;Service Provider,PIA_SUPPLEMENT_CANDIDATE,IMPLEMENTED_UNVERIFIED,ES-FEAT-PLATFORM-001;ES-FEAT-RELATIONSHIP-001;ES-FEAT-IDENTITY-001;ES-FEAT-FINANCIAL-001;ES-FEAT-COMMUNICATIONS-001;ES-FEAT-TASKS-001,GOVERNANCE,DRAFT_PIA_SUPPLEMENT,Derived from revised structured row ES-FEAT-RELATIONSHIP-003 after independent-review adjudication; evidence tier=KEYWORD_MATCH_ONLY.
IMPLEMENTATION_VERIFICATION_QUEUE,ES-FEAT-RELATIONSHIP-003,guardian-minor relationships,Relationships and guardianship,CRITICAL:12,P0,Owner;Trainer;Guardian;Minor Rider;Barn Manager;Staff;Service Provider,PIA_SUPPLEMENT_CANDIDATE,IMPLEMENTED_UNVERIFIED,ES-FEAT-PLATFORM-001;ES-FEAT-RELATIONSHIP-001;ES-FEAT-IDENTITY-001;ES-FEAT-FINANCIAL-001;ES-FEAT-COMMUNICATIONS-001;ES-FEAT-TASKS-001,GOVERNANCE,DRAFT_PIA_SUPPLEMENT,Derived from revised structured row ES-FEAT-RELATIONSHIP-003 after independent-review adjudication; evidence tier=KEYWORD_MATCH_ONLY.
PIA_SUPPLEMENT_QUEUE,ES-FEAT-RELATIONSHIP-003,guardian-minor relationships,Relationships and guardianship,CRITICAL:12,P0,Owner;Trainer;Guardian;Minor Rider;Barn Manager;Staff;Service Provider,PIA_SUPPLEMENT_CANDIDATE,IMPLEMENTED_UNVERIFIED,ES-FEAT-PLATFORM-001;ES-FEAT-RELATIONSHIP-001;ES-FEAT-IDENTITY-001;ES-FEAT-FINANCIAL-001;ES-FEAT-COMMUNICATIONS-001;ES-FEAT-TASKS-001,GOVERNANCE,DRAFT_PIA_SUPPLEMENT,Derived from revised structured row ES-FEAT-RELATIONSHIP-003 after independent-review adjudication; evidence tier=KEYWORD_MATCH_ONLY.
RUNTIME_VERIFICATION_QUEUE,ES-FEAT-RELATIONSHIP-003,guardian-minor relationships,Relationships and guardianship,CRITICAL:12,P0,Owner;Trainer;Guardian;Minor Rider;Barn Manager;Staff;Service Provider,PIA_SUPPLEMENT_CANDIDATE,IMPLEMENTED_UNVERIFIED,ES-FEAT-PLATFORM-001;ES-FEAT-RELATIONSHIP-001;ES-FEAT-IDENTITY-001;ES-FEAT-FINANCIAL-001;ES-FEAT-COMMUNICATIONS-001;ES-FEAT-TASKS-001,GOVERNANCE,DRAFT_PIA_SUPPLEMENT,Derived from revised structured row ES-FEAT-RELATIONSHIP-003 after independent-review adjudication; evidence tier=KEYWORD_MATCH_ONLY.
FOUNDER_DECISION_QUEUE,ES-FEAT-RELATIONSHIP-004,delegated authority,Relationships and guardianship,CRITICAL:8,P0,Owner;Trainer;Guardian;Minor Rider;Barn Manager;Staff;Service Provider,PIA_SUPPLEMENT_CANDIDATE,PARTIAL_IMPLEMENTATION,ES-FEAT-PLATFORM-001;ES-FEAT-RELATIONSHIP-001;ES-FEAT-IDENTITY-001;ES-FEAT-FINANCIAL-001;ES-FEAT-COMMUNICATIONS-001;ES-FEAT-TASKS-001,GOVERNANCE,DRAFT_PIA_SUPPLEMENT,Derived from revised structured row ES-FEAT-RELATIONSHIP-004 after independent-review adjudication; evidence tier=KEYWORD_MATCH_ONLY.
IMPLEMENTATION_VERIFICATION_QUEUE,ES-FEAT-RELATIONSHIP-004,delegated authority,Relationships and guardianship,CRITICAL:8,P0,Owner;Trainer;Guardian;Minor Rider;Barn Manager;Staff;Service Provider,PIA_SUPPLEMENT_CANDIDATE,PARTIAL_IMPLEMENTATION,ES-FEAT-PLATFORM-001;ES-FEAT-RELATIONSHIP-001;ES-FEAT-IDENTITY-001;ES-FEAT-FINANCIAL-001;ES-FEAT-COMMUNICATIONS-001;ES-FEAT-TASKS-001,GOVERNANCE,DRAFT_PIA_SUPPLEMENT,Derived from revised structured row ES-FEAT-RELATIONSHIP-004 after independent-review adjudication; evidence tier=KEYWORD_MATCH_ONLY.
PIA_SUPPLEMENT_QUEUE,ES-FEAT-RELATIONSHIP-004,delegated authority,Relationships and guardianship,CRITICAL:8,P0,Owner;Trainer;Guardian;Minor Rider;Barn Manager;Staff;Service Provider,PIA_SUPPLEMENT_CANDIDATE,PARTIAL_IMPLEMENTATION,ES-FEAT-PLATFORM-001;ES-FEAT-RELATIONSHIP-001;ES-FEAT-IDENTITY-001;ES-FEAT-FINANCIAL-001;ES-FEAT-COMMUNICATIONS-001;ES-FEAT-TASKS-001,GOVERNANCE,DRAFT_PIA_SUPPLEMENT,Derived from revised structured row ES-FEAT-RELATIONSHIP-004 after independent-review adjudication; evidence tier=KEYWORD_MATCH_ONLY.
RUNTIME_VERIFICATION_QUEUE,ES-FEAT-RELATIONSHIP-004,delegated authority,Relationships and guardianship,CRITICAL:8,P0,Owner;Trainer;Guardian;Minor Rider;Barn Manager;Staff;Service Provider,PIA_SUPPLEMENT_CANDIDATE,PARTIAL_IMPLEMENTATION,ES-FEAT-PLATFORM-001;ES-FEAT-RELATIONSHIP-001;ES-FEAT-IDENTITY-001;ES-FEAT-FINANCIAL-001;ES-FEAT-COMMUNICATIONS-001;ES-FEAT-TASKS-001,GOVERNANCE,DRAFT_PIA_SUPPLEMENT,Derived from revised structured row ES-FEAT-RELATIONSHIP-004 after independent-review adjudication; evidence tier=KEYWORD_MATCH_ONLY.
FOUNDER_DECISION_QUEUE,ES-FEAT-RELATIONSHIP-005,effective dates,Relationships and guardianship,CRITICAL:16,P0,Owner;Trainer;Guardian;Minor Rider;Barn Manager;Staff;Service Provider,PIA_SUPPLEMENT_CANDIDATE,IMPLEMENTED_UNVERIFIED,ES-FEAT-PLATFORM-001;ES-FEAT-RELATIONSHIP-001;ES-FEAT-IDENTITY-001;ES-FEAT-COMMUNICATIONS-001;ES-FEAT-TASKS-001;ES-FEAT-HORSE-001,GOVERNANCE,DRAFT_PIA_SUPPLEMENT,Derived from revised structured row ES-FEAT-RELATIONSHIP-005 after independent-review adjudication; evidence tier=KEYWORD_MATCH_ONLY.
IMPLEMENTATION_VERIFICATION_QUEUE,ES-FEAT-RELATIONSHIP-005,effective dates,Relationships and guardianship,CRITICAL:16,P0,Owner;Trainer;Guardian;Minor Rider;Barn Manager;Staff;Service Provider,PIA_SUPPLEMENT_CANDIDATE,IMPLEMENTED_UNVERIFIED,ES-FEAT-PLATFORM-001;ES-FEAT-RELATIONSHIP-001;ES-FEAT-IDENTITY-001;ES-FEAT-COMMUNICATIONS-001;ES-FEAT-TASKS-001;ES-FEAT-HORSE-001,GOVERNANCE,DRAFT_PIA_SUPPLEMENT,Derived from revised structured row ES-FEAT-RELATIONSHIP-005 after independent-review adjudication; evidence tier=KEYWORD_MATCH_ONLY.
PIA_SUPPLEMENT_QUEUE,ES-FEAT-RELATIONSHIP-005,effective dates,Relationships and guardianship,CRITICAL:16,P0,Owner;Trainer;Guardian;Minor Rider;Barn Manager;Staff;Service Provider,PIA_SUPPLEMENT_CANDIDATE,IMPLEMENTED_UNVERIFIED,ES-FEAT-PLATFORM-001;ES-FEAT-RELATIONSHIP-001;ES-FEAT-IDENTITY-001;ES-FEAT-COMMUNICATIONS-001;ES-FEAT-TASKS-001;ES-FEAT-HORSE-001,GOVERNANCE,DRAFT_PIA_SUPPLEMENT,Derived from revised structured row ES-FEAT-RELATIONSHIP-005 after independent-review adjudication; evidence tier=KEYWORD_MATCH_ONLY.
RUNTIME_VERIFICATION_QUEUE,ES-FEAT-RELATIONSHIP-005,effective dates,Relationships and guardianship,CRITICAL:16,P0,Owner;Trainer;Guardian;Minor Rider;Barn Manager;Staff;Service Provider,PIA_SUPPLEMENT_CANDIDATE,IMPLEMENTED_UNVERIFIED,ES-FEAT-PLATFORM-001;ES-FEAT-RELATIONSHIP-001;ES-FEAT-IDENTITY-001;ES-FEAT-COMMUNICATIONS-001;ES-FEAT-TASKS-001;ES-FEAT-HORSE-001,GOVERNANCE,DRAFT_PIA_SUPPLEMENT,Derived from revised structured row ES-FEAT-RELATIONSHIP-005 after independent-review adjudication; evidence tier=KEYWORD_MATCH_ONLY.
FOUNDER_DECISION_QUEUE,ES-FEAT-RELATIONSHIP-006,disputes (Relationships),Relationships and guardianship,CRITICAL:12,P0,Owner;Trainer;Guardian;Minor Rider;Barn Manager;Staff;Service Provider,PIA_SUPPLEMENT_CANDIDATE,PARTIAL_IMPLEMENTATION,ES-FEAT-PLATFORM-001;ES-FEAT-RELATIONSHIP-001;ES-FEAT-IDENTITY-001;ES-FEAT-COMMUNICATIONS-001;ES-FEAT-TASKS-001,GOVERNANCE,DRAFT_PIA_SUPPLEMENT,Derived from revised structured row ES-FEAT-RELATIONSHIP-006 after independent-review adjudication; evidence tier=KEYWORD_MATCH_ONLY.
IMPLEMENTATION_VERIFICATION_QUEUE,ES-FEAT-RELATIONSHIP-006,disputes (Relationships),Relationships and guardianship,CRITICAL:12,P0,Owner;Trainer;Guardian;Minor Rider;Barn Manager;Staff;Service Provider,PIA_SUPPLEMENT_CANDIDATE,PARTIAL_IMPLEMENTATION,ES-FEAT-PLATFORM-001;ES-FEAT-RELATIONSHIP-001;ES-FEAT-IDENTITY-001;ES-FEAT-COMMUNICATIONS-001;ES-FEAT-TASKS-001,GOVERNANCE,DRAFT_PIA_SUPPLEMENT,Derived from revised structured row ES-FEAT-RELATIONSHIP-006 after independent-review adjudication; evidence tier=KEYWORD_MATCH_ONLY.
PIA_SUPPLEMENT_QUEUE,ES-FEAT-RELATIONSHIP-006,disputes (Relationships),Relationships and guardianship,CRITICAL:12,P0,Owner;Trainer;Guardian;Minor Rider;Barn Manager;Staff;Service Provider,PIA_SUPPLEMENT_CANDIDATE,PARTIAL_IMPLEMENTATION,ES-FEAT-PLATFORM-001;ES-FEAT-RELATIONSHIP-001;ES-FEAT-IDENTITY-001;ES-FEAT-COMMUNICATIONS-001;ES-FEAT-TASKS-001,GOVERNANCE,DRAFT_PIA_SUPPLEMENT,Derived from revised structured row ES-FEAT-RELATIONSHIP-006 after independent-review adjudication; evidence tier=KEYWORD_MATCH_ONLY.
RUNTIME_VERIFICATION_QUEUE,ES-FEAT-RELATIONSHIP-006,disputes (Relationships),Relationships and guardianship,CRITICAL:12,P0,Owner;Trainer;Guardian;Minor Rider;Barn Manager;Staff;Service Provider,PIA_SUPPLEMENT_CANDIDATE,PARTIAL_IMPLEMENTATION,ES-FEAT-PLATFORM-001;ES-FEAT-RELATIONSHIP-001;ES-FEAT-IDENTITY-001;ES-FEAT-COMMUNICATIONS-001;ES-FEAT-TASKS-001,GOVERNANCE,DRAFT_PIA_SUPPLEMENT,Derived from revised structured row ES-FEAT-RELATIONSHIP-006 after independent-review adjudication; evidence tier=KEYWORD_MATCH_ONLY.
FOUNDER_DECISION_QUEUE,ES-FEAT-RELATIONSHIP-007,restrictions,Relationships and guardianship,CRITICAL:8,P0,Owner;Trainer;Guardian;Minor Rider;Barn Manager;Staff;Service Provider,PIA_SUPPLEMENT_CANDIDATE,PARTIAL_IMPLEMENTATION,ES-FEAT-PLATFORM-001;ES-FEAT-RELATIONSHIP-001;ES-FEAT-IDENTITY-001;ES-FEAT-COMMUNICATIONS-001;ES-FEAT-TASKS-001,GOVERNANCE,DRAFT_PIA_SUPPLEMENT,Derived from revised structured row ES-FEAT-RELATIONSHIP-007 after independent-review adjudication; evidence tier=KEYWORD_MATCH_ONLY.
IMPLEMENTATION_VERIFICATION_QUEUE,ES-FEAT-RELATIONSHIP-007,restrictions,Relationships and guardianship,CRITICAL:8,P0,Owner;Trainer;Guardian;Minor Rider;Barn Manager;Staff;Service Provider,PIA_SUPPLEMENT_CANDIDATE,PARTIAL_IMPLEMENTATION,ES-FEAT-PLATFORM-001;ES-FEAT-RELATIONSHIP-001;ES-FEAT-IDENTITY-001;ES-FEAT-COMMUNICATIONS-001;ES-FEAT-TASKS-001,GOVERNANCE,DRAFT_PIA_SUPPLEMENT,Derived from revised structured row ES-FEAT-RELATIONSHIP-007 after independent-review adjudication; evidence tier=KEYWORD_MATCH_ONLY.
PIA_SUPPLEMENT_QUEUE,ES-FEAT-RELATIONSHIP-007,restrictions,Relationships and guardianship,CRITICAL:8,P0,Owner;Trainer;Guardian;Minor Rider;Barn Manager;Staff;Service Provider,PIA_SUPPLEMENT_CANDIDATE,PARTIAL_IMPLEMENTATION,ES-FEAT-PLATFORM-001;ES-FEAT-RELATIONSHIP-001;ES-FEAT-IDENTITY-001;ES-FEAT-COMMUNICATIONS-001;ES-FEAT-TASKS-001,GOVERNANCE,DRAFT_PIA_SUPPLEMENT,Derived from revised structured row ES-FEAT-RELATIONSHIP-007 after independent-review adjudication; evidence tier=KEYWORD_MATCH_ONLY.
RUNTIME_VERIFICATION_QUEUE,ES-FEAT-RELATIONSHIP-007,restrictions,Relationships and guardianship,CRITICAL:8,P0,Owner;Trainer;Guardian;Minor Rider;Barn Manager;Staff;Service Provider,PIA_SUPPLEMENT_CANDIDATE,PARTIAL_IMPLEMENTATION,ES-FEAT-PLATFORM-001;ES-FEAT-RELATIONSHIP-001;ES-FEAT-IDENTITY-001;ES-FEAT-COMMUNICATIONS-001;ES-FEAT-TASKS-001,GOVERNANCE,DRAFT_PIA_SUPPLEMENT,Derived from revised structured row ES-FEAT-RELATIONSHIP-007 after independent-review adjudication; evidence tier=KEYWORD_MATCH_ONLY.
FOUNDER_DECISION_QUEUE,ES-FEAT-RELATIONSHIP-008,relationship verification,Relationships and guardianship,CRITICAL:16,P0,Owner;Trainer;Guardian;Minor Rider;Barn Manager;Staff;Service Provider,PIA_SUPPLEMENT_CANDIDATE,IMPLEMENTED_UNVERIFIED,ES-FEAT-PLATFORM-001;ES-FEAT-RELATIONSHIP-001;ES-FEAT-IDENTITY-001;ES-FEAT-COMMUNICATIONS-001;ES-FEAT-TASKS-001,GOVERNANCE,DRAFT_PIA_SUPPLEMENT,Derived from revised structured row ES-FEAT-RELATIONSHIP-008 after independent-review adjudication; evidence tier=KEYWORD_MATCH_ONLY.
IMPLEMENTATION_VERIFICATION_QUEUE,ES-FEAT-RELATIONSHIP-008,relationship verification,Relationships and guardianship,CRITICAL:16,P0,Owner;Trainer;Guardian;Minor Rider;Barn Manager;Staff;Service Provider,PIA_SUPPLEMENT_CANDIDATE,IMPLEMENTED_UNVERIFIED,ES-FEAT-PLATFORM-001;ES-FEAT-RELATIONSHIP-001;ES-FEAT-IDENTITY-001;ES-FEAT-COMMUNICATIONS-001;ES-FEAT-TASKS-001,GOVERNANCE,DRAFT_PIA_SUPPLEMENT,Derived from revised structured row ES-FEAT-RELATIONSHIP-008 after independent-review adjudication; evidence tier=KEYWORD_MATCH_ONLY.
PIA_SUPPLEMENT_QUEUE,ES-FEAT-RELATIONSHIP-008,relationship verification,Relationships and guardianship,CRITICAL:16,P0,Owner;Trainer;Guardian;Minor Rider;Barn Manager;Staff;Service Provider,PIA_SUPPLEMENT_CANDIDATE,IMPLEMENTED_UNVERIFIED,ES-FEAT-PLATFORM-001;ES-FEAT-RELATIONSHIP-001;ES-FEAT-IDENTITY-001;ES-FEAT-COMMUNICATIONS-001;ES-FEAT-TASKS-001,GOVERNANCE,DRAFT_PIA_SUPPLEMENT,Derived from revised structured row ES-FEAT-RELATIONSHIP-008 after independent-review adjudication; evidence tier=KEYWORD_MATCH_ONLY.
RUNTIME_VERIFICATION_QUEUE,ES-FEAT-RELATIONSHIP-008,relationship verification,Relationships and guardianship,CRITICAL:16,P0,Owner;Trainer;Guardian;Minor Rider;Barn Manager;Staff;Service Provider,PIA_SUPPLEMENT_CANDIDATE,IMPLEMENTED_UNVERIFIED,ES-FEAT-PLATFORM-001;ES-FEAT-RELATIONSHIP-001;ES-FEAT-IDENTITY-001;ES-FEAT-COMMUNICATIONS-001;ES-FEAT-TASKS-001,GOVERNANCE,DRAFT_PIA_SUPPLEMENT,Derived from revised structured row ES-FEAT-RELATIONSHIP-008 after independent-review adjudication; evidence tier=KEYWORD_MATCH_ONLY.
FOUNDER_DECISION_QUEUE,ES-FEAT-RELATIONSHIP-009,relationship termination,Relationships and guardianship,CRITICAL:12,P0,Owner;Trainer;Guardian;Minor Rider;Barn Manager;Staff;Service Provider,PIA_SUPPLEMENT_CANDIDATE,IMPLEMENTED_UNVERIFIED,ES-FEAT-PLATFORM-001;ES-FEAT-RELATIONSHIP-001;ES-FEAT-IDENTITY-001;ES-FEAT-COMMUNICATIONS-001;ES-FEAT-TASKS-001,GOVERNANCE,DRAFT_PIA_SUPPLEMENT,Derived from revised structured row ES-FEAT-RELATIONSHIP-009 after independent-review adjudication; evidence tier=KEYWORD_MATCH_ONLY.
IMPLEMENTATION_VERIFICATION_QUEUE,ES-FEAT-RELATIONSHIP-009,relationship termination,Relationships and guardianship,CRITICAL:12,P0,Owner;Trainer;Guardian;Minor Rider;Barn Manager;Staff;Service Provider,PIA_SUPPLEMENT_CANDIDATE,IMPLEMENTED_UNVERIFIED,ES-FEAT-PLATFORM-001;ES-FEAT-RELATIONSHIP-001;ES-FEAT-IDENTITY-001;ES-FEAT-COMMUNICATIONS-001;ES-FEAT-TASKS-001,GOVERNANCE,DRAFT_PIA_SUPPLEMENT,Derived from revised structured row ES-FEAT-RELATIONSHIP-009 after independent-review adjudication; evidence tier=KEYWORD_MATCH_ONLY.
PIA_SUPPLEMENT_QUEUE,ES-FEAT-RELATIONSHIP-009,relationship termination,Relationships and guardianship,CRITICAL:12,P0,Owner;Trainer;Guardian;Minor Rider;Barn Manager;Staff;Service Provider,PIA_SUPPLEMENT_CANDIDATE,IMPLEMENTED_UNVERIFIED,ES-FEAT-PLATFORM-001;ES-FEAT-RELATIONSHIP-001;ES-FEAT-IDENTITY-001;ES-FEAT-COMMUNICATIONS-001;ES-FEAT-TASKS-001,GOVERNANCE,DRAFT_PIA_SUPPLEMENT,Derived from revised structured row ES-FEAT-RELATIONSHIP-009 after independent-review adjudication; evidence tier=KEYWORD_MATCH_ONLY.
RUNTIME_VERIFICATION_QUEUE,ES-FEAT-RELATIONSHIP-009,relationship termination,Relationships and guardianship,CRITICAL:12,P0,Owner;Trainer;Guardian;Minor Rider;Barn Manager;Staff;Service Provider,PIA_SUPPLEMENT_CANDIDATE,IMPLEMENTED_UNVERIFIED,ES-FEAT-PLATFORM-001;ES-FEAT-RELATIONSHIP-001;ES-FEAT-IDENTITY-001;ES-FEAT-COMMUNICATIONS-001;ES-FEAT-TASKS-001,GOVERNANCE,DRAFT_PIA_SUPPLEMENT,Derived from revised structured row ES-FEAT-RELATIONSHIP-009 after independent-review adjudication; evidence tier=KEYWORD_MATCH_ONLY.
FOUNDER_DECISION_QUEUE,ES-FEAT-RELATIONSHIP-010,cross-tenant relationships,Relationships and guardianship,CRITICAL:8,P0,Owner;Trainer;Guardian;Minor Rider;Barn Manager;Staff;Service Provider,PIA_SUPPLEMENT_CANDIDATE,IMPLEMENTED_UNVERIFIED,ES-FEAT-PLATFORM-001;ES-FEAT-RELATIONSHIP-001;ES-FEAT-IDENTITY-001;ES-FEAT-COMMUNICATIONS-001;ES-FEAT-TASKS-001;ES-FEAT-HORSE-001,GOVERNANCE,DRAFT_PIA_SUPPLEMENT,Derived from revised structured row ES-FEAT-RELATIONSHIP-010 after independent-review adjudication; evidence tier=KEYWORD_MATCH_ONLY.
IMPLEMENTATION_VERIFICATION_QUEUE,ES-FEAT-RELATIONSHIP-010,cross-tenant relationships,Relationships and guardianship,CRITICAL:8,P0,Owner;Trainer;Guardian;Minor Rider;Barn Manager;Staff;Service Provider,PIA_SUPPLEMENT_CANDIDATE,IMPLEMENTED_UNVERIFIED,ES-FEAT-PLATFORM-001;ES-FEAT-RELATIONSHIP-001;ES-FEAT-IDENTITY-001;ES-FEAT-COMMUNICATIONS-001;ES-FEAT-TASKS-001;ES-FEAT-HORSE-001,GOVERNANCE,DRAFT_PIA_SUPPLEMENT,Derived from revised structured row ES-FEAT-RELATIONSHIP-010 after independent-review adjudication; evidence tier=KEYWORD_MATCH_ONLY.
PIA_SUPPLEMENT_QUEUE,ES-FEAT-RELATIONSHIP-010,cross-tenant relationships,Relationships and guardianship,CRITICAL:8,P0,Owner;Trainer;Guardian;Minor Rider;Barn Manager;Staff;Service Provider,PIA_SUPPLEMENT_CANDIDATE,IMPLEMENTED_UNVERIFIED,ES-FEAT-PLATFORM-001;ES-FEAT-RELATIONSHIP-001;ES-FEAT-IDENTITY-001;ES-FEAT-COMMUNICATIONS-001;ES-FEAT-TASKS-001;ES-FEAT-HORSE-001,GOVERNANCE,DRAFT_PIA_SUPPLEMENT,Derived from revised structured row ES-FEAT-RELATIONSHIP-010 after independent-review adjudication; evidence tier=KEYWORD_MATCH_ONLY.
RUNTIME_VERIFICATION_QUEUE,ES-FEAT-RELATIONSHIP-010,cross-tenant relationships,Relationships and guardianship,CRITICAL:8,P0,Owner;Trainer;Guardian;Minor Rider;Barn Manager;Staff;Service Provider,PIA_SUPPLEMENT_CANDIDATE,IMPLEMENTED_UNVERIFIED,ES-FEAT-PLATFORM-001;ES-FEAT-RELATIONSHIP-001;ES-FEAT-IDENTITY-001;ES-FEAT-COMMUNICATIONS-001;ES-FEAT-TASKS-001;ES-FEAT-HORSE-001,GOVERNANCE,DRAFT_PIA_SUPPLEMENT,Derived from revised structured row ES-FEAT-RELATIONSHIP-010 after independent-review adjudication; evidence tier=KEYWORD_MATCH_ONLY.
FOUNDER_DECISION_QUEUE,ES-FEAT-RELATIONSHIP-011,historical relationships,Relationships and guardianship,CRITICAL:16,P0,Owner;Trainer;Guardian;Minor Rider;Barn Manager;Staff;Service Provider,PIA_SUPPLEMENT_CANDIDATE,PARTIAL_IMPLEMENTATION,ES-FEAT-PLATFORM-001;ES-FEAT-RELATIONSHIP-001;ES-FEAT-IDENTITY-001;ES-FEAT-COMMUNICATIONS-001;ES-FEAT-TASKS-001,GOVERNANCE,DRAFT_PIA_SUPPLEMENT,Derived from revised structured row ES-FEAT-RELATIONSHIP-011 after independent-review adjudication; evidence tier=KEYWORD_MATCH_ONLY.
IMPLEMENTATION_VERIFICATION_QUEUE,ES-FEAT-RELATIONSHIP-011,historical relationships,Relationships and guardianship,CRITICAL:16,P0,Owner;Trainer;Guardian;Minor Rider;Barn Manager;Staff;Service Provider,PIA_SUPPLEMENT_CANDIDATE,PARTIAL_IMPLEMENTATION,ES-FEAT-PLATFORM-001;ES-FEAT-RELATIONSHIP-001;ES-FEAT-IDENTITY-001;ES-FEAT-COMMUNICATIONS-001;ES-FEAT-TASKS-001,GOVERNANCE,DRAFT_PIA_SUPPLEMENT,Derived from revised structured row ES-FEAT-RELATIONSHIP-011 after independent-review adjudication; evidence tier=KEYWORD_MATCH_ONLY.
PIA_SUPPLEMENT_QUEUE,ES-FEAT-RELATIONSHIP-011,historical relationships,Relationships and guardianship,CRITICAL:16,P0,Owner;Trainer;Guardian;Minor Rider;Barn Manager;Staff;Service Provider,PIA_SUPPLEMENT_CANDIDATE,PARTIAL_IMPLEMENTATION,ES-FEAT-PLATFORM-001;ES-FEAT-RELATIONSHIP-001;ES-FEAT-IDENTITY-001;ES-FEAT-COMMUNICATIONS-001;ES-FEAT-TASKS-001,GOVERNANCE,DRAFT_PIA_SUPPLEMENT,Derived from revised structured row ES-FEAT-RELATIONSHIP-011 after independent-review adjudication; evidence tier=KEYWORD_MATCH_ONLY.
RUNTIME_VERIFICATION_QUEUE,ES-FEAT-RELATIONSHIP-011,historical relationships,Relationships and guardianship,CRITICAL:16,P0,Owner;Trainer;Guardian;Minor Rider;Barn Manager;Staff;Service Provider,PIA_SUPPLEMENT_CANDIDATE,PARTIAL_IMPLEMENTATION,ES-FEAT-PLATFORM-001;ES-FEAT-RELATIONSHIP-001;ES-FEAT-IDENTITY-001;ES-FEAT-COMMUNICATIONS-001;ES-FEAT-TASKS-001,GOVERNANCE,DRAFT_PIA_SUPPLEMENT,Derived from revised structured row ES-FEAT-RELATIONSHIP-011 after independent-review adjudication; evidence tier=KEYWORD_MATCH_ONLY.
FOUNDER_DECISION_QUEUE,ES-FEAT-FACILITY-001,facility creation,"Facility, barn, business, and physical operations",MEDIUM:6,P1,Facility Owner;Barn Manager;Trainer;Staff;Contractor;Owner;Service Provider,PIA_SUPPLEMENT_CANDIDATE,IMPLEMENTED_UNVERIFIED,ES-FEAT-PLATFORM-001,GOVERNANCE,DRAFT_PIA_SUPPLEMENT,Derived from revised structured row ES-FEAT-FACILITY-001 after independent-review adjudication; evidence tier=KEYWORD_MATCH_ONLY.
IMPLEMENTATION_VERIFICATION_QUEUE,ES-FEAT-FACILITY-001,facility creation,"Facility, barn, business, and physical operations",MEDIUM:6,P1,Facility Owner;Barn Manager;Trainer;Staff;Contractor;Owner;Service Provider,PIA_SUPPLEMENT_CANDIDATE,IMPLEMENTED_UNVERIFIED,ES-FEAT-PLATFORM-001,GOVERNANCE,DRAFT_PIA_SUPPLEMENT,Derived from revised structured row ES-FEAT-FACILITY-001 after independent-review adjudication; evidence tier=KEYWORD_MATCH_ONLY.
PIA_SUPPLEMENT_QUEUE,ES-FEAT-FACILITY-001,facility creation,"Facility, barn, business, and physical operations",MEDIUM:6,P1,Facility Owner;Barn Manager;Trainer;Staff;Contractor;Owner;Service Provider,PIA_SUPPLEMENT_CANDIDATE,IMPLEMENTED_UNVERIFIED,ES-FEAT-PLATFORM-001,GOVERNANCE,DRAFT_PIA_SUPPLEMENT,Derived from revised structured row ES-FEAT-FACILITY-001 after independent-review adjudication; evidence tier=KEYWORD_MATCH_ONLY.
RUNTIME_VERIFICATION_QUEUE,ES-FEAT-FACILITY-001,facility creation,"Facility, barn, business, and physical operations",MEDIUM:6,P1,Facility Owner;Barn Manager;Trainer;Staff;Contractor;Owner;Service Provider,PIA_SUPPLEMENT_CANDIDATE,IMPLEMENTED_UNVERIFIED,ES-FEAT-PLATFORM-001,GOVERNANCE,DRAFT_PIA_SUPPLEMENT,Derived from revised structured row ES-FEAT-FACILITY-001 after independent-review adjudication; evidence tier=KEYWORD_MATCH_ONLY.
FOUNDER_DECISION_QUEUE,ES-FEAT-FACILITY-002,barn lifecycle,"Facility, barn, business, and physical operations",MEDIUM:4,P1,Facility Owner;Barn Manager;Trainer;Staff;Contractor;Owner;Service Provider,PIA_SUPPLEMENT_CANDIDATE,IMPLEMENTED_UNVERIFIED,ES-FEAT-PLATFORM-001;ES-FEAT-FACILITY-001;ES-FEAT-IDENTITY-001;ES-FEAT-RELATIONSHIP-001;ES-FEAT-COMMUNICATIONS-001;ES-FEAT-TASKS-001,GOVERNANCE,DRAFT_PIA_SUPPLEMENT,Derived from revised structured row ES-FEAT-FACILITY-002 after independent-review adjudication; evidence tier=KEYWORD_MATCH_ONLY.
IMPLEMENTATION_VERIFICATION_QUEUE,ES-FEAT-FACILITY-002,barn lifecycle,"Facility, barn, business, and physical operations",MEDIUM:4,P1,Facility Owner;Barn Manager;Trainer;Staff;Contractor;Owner;Service Provider,PIA_SUPPLEMENT_CANDIDATE,IMPLEMENTED_UNVERIFIED,ES-FEAT-PLATFORM-001;ES-FEAT-FACILITY-001;ES-FEAT-IDENTITY-001;ES-FEAT-RELATIONSHIP-001;ES-FEAT-COMMUNICATIONS-001;ES-FEAT-TASKS-001,GOVERNANCE,DRAFT_PIA_SUPPLEMENT,Derived from revised structured row ES-FEAT-FACILITY-002 after independent-review adjudication; evidence tier=KEYWORD_MATCH_ONLY.
PIA_SUPPLEMENT_QUEUE,ES-FEAT-FACILITY-002,barn lifecycle,"Facility, barn, business, and physical operations",MEDIUM:4,P1,Facility Owner;Barn Manager;Trainer;Staff;Contractor;Owner;Service Provider,PIA_SUPPLEMENT_CANDIDATE,IMPLEMENTED_UNVERIFIED,ES-FEAT-PLATFORM-001;ES-FEAT-FACILITY-001;ES-FEAT-IDENTITY-001;ES-FEAT-RELATIONSHIP-001;ES-FEAT-COMMUNICATIONS-001;ES-FEAT-TASKS-001,GOVERNANCE,DRAFT_PIA_SUPPLEMENT,Derived from revised structured row ES-FEAT-FACILITY-002 after independent-review adjudication; evidence tier=KEYWORD_MATCH_ONLY.
RUNTIME_VERIFICATION_QUEUE,ES-FEAT-FACILITY-002,barn lifecycle,"Facility, barn, business, and physical operations",MEDIUM:4,P1,Facility Owner;Barn Manager;Trainer;Staff;Contractor;Owner;Service Provider,PIA_SUPPLEMENT_CANDIDATE,IMPLEMENTED_UNVERIFIED,ES-FEAT-PLATFORM-001;ES-FEAT-FACILITY-001;ES-FEAT-IDENTITY-001;ES-FEAT-RELATIONSHIP-001;ES-FEAT-COMMUNICATIONS-001;ES-FEAT-TASKS-001,GOVERNANCE,DRAFT_PIA_SUPPLEMENT,Derived from revised structured row ES-FEAT-FACILITY-002 after independent-review adjudication; evidence tier=KEYWORD_MATCH_ONLY.
FOUNDER_DECISION_QUEUE,ES-FEAT-FACILITY-003,locations,"Facility, barn, business, and physical operations",MEDIUM:8,P1,Facility Owner;Barn Manager;Trainer;Staff;Contractor;Owner;Service Provider,PIA_SUPPLEMENT_CANDIDATE,IMPLEMENTED_UNVERIFIED,ES-FEAT-PLATFORM-001;ES-FEAT-FACILITY-001;ES-FEAT-IDENTITY-001;ES-FEAT-RELATIONSHIP-001;ES-FEAT-COMMUNICATIONS-001;ES-FEAT-TASKS-001,GOVERNANCE,DRAFT_PIA_SUPPLEMENT,Derived from revised structured row ES-FEAT-FACILITY-003 after independent-review adjudication; evidence tier=KEYWORD_MATCH_ONLY.
IMPLEMENTATION_VERIFICATION_QUEUE,ES-FEAT-FACILITY-003,locations,"Facility, barn, business, and physical operations",MEDIUM:8,P1,Facility Owner;Barn Manager;Trainer;Staff;Contractor;Owner;Service Provider,PIA_SUPPLEMENT_CANDIDATE,IMPLEMENTED_UNVERIFIED,ES-FEAT-PLATFORM-001;ES-FEAT-FACILITY-001;ES-FEAT-IDENTITY-001;ES-FEAT-RELATIONSHIP-001;ES-FEAT-COMMUNICATIONS-001;ES-FEAT-TASKS-001,GOVERNANCE,DRAFT_PIA_SUPPLEMENT,Derived from revised structured row ES-FEAT-FACILITY-003 after independent-review adjudication; evidence tier=KEYWORD_MATCH_ONLY.
PIA_SUPPLEMENT_QUEUE,ES-FEAT-FACILITY-003,locations,"Facility, barn, business, and physical operations",MEDIUM:8,P1,Facility Owner;Barn Manager;Trainer;Staff;Contractor;Owner;Service Provider,PIA_SUPPLEMENT_CANDIDATE,IMPLEMENTED_UNVERIFIED,ES-FEAT-PLATFORM-001;ES-FEAT-FACILITY-001;ES-FEAT-IDENTITY-001;ES-FEAT-RELATIONSHIP-001;ES-FEAT-COMMUNICATIONS-001;ES-FEAT-TASKS-001,GOVERNANCE,DRAFT_PIA_SUPPLEMENT,Derived from revised structured row ES-FEAT-FACILITY-003 after independent-review adjudication; evidence tier=KEYWORD_MATCH_ONLY.
RUNTIME_VERIFICATION_QUEUE,ES-FEAT-FACILITY-003,locations,"Facility, barn, business, and physical operations",MEDIUM:8,P1,Facility Owner;Barn Manager;Trainer;Staff;Contractor;Owner;Service Provider,PIA_SUPPLEMENT_CANDIDATE,IMPLEMENTED_UNVERIFIED,ES-FEAT-PLATFORM-001;ES-FEAT-FACILITY-001;ES-FEAT-IDENTITY-001;ES-FEAT-RELATIONSHIP-001;ES-FEAT-COMMUNICATIONS-001;ES-FEAT-TASKS-001,GOVERNANCE,DRAFT_PIA_SUPPLEMENT,Derived from revised structured row ES-FEAT-FACILITY-003 after independent-review adjudication; evidence tier=KEYWORD_MATCH_ONLY.
FOUNDER_DECISION_QUEUE,ES-FEAT-FACILITY-004,stalls,"Facility, barn, business, and physical operations",MEDIUM:6,P1,Facility Owner;Barn Manager;Trainer;Staff;Contractor;Owner;Service Provider,PIA_SUPPLEMENT_CANDIDATE,IMPLEMENTED_UNVERIFIED,ES-FEAT-PLATFORM-001;ES-FEAT-FACILITY-001;ES-FEAT-IDENTITY-001;ES-FEAT-RELATIONSHIP-001;ES-FEAT-COMMUNICATIONS-001;ES-FEAT-TASKS-001,GOVERNANCE,DRAFT_PIA_SUPPLEMENT,Derived from revised structured row ES-FEAT-FACILITY-004 after independent-review adjudication; evidence tier=KEYWORD_MATCH_ONLY.
IMPLEMENTATION_VERIFICATION_QUEUE,ES-FEAT-FACILITY-004,stalls,"Facility, barn, business, and physical operations",MEDIUM:6,P1,Facility Owner;Barn Manager;Trainer;Staff;Contractor;Owner;Service Provider,PIA_SUPPLEMENT_CANDIDATE,IMPLEMENTED_UNVERIFIED,ES-FEAT-PLATFORM-001;ES-FEAT-FACILITY-001;ES-FEAT-IDENTITY-001;ES-FEAT-RELATIONSHIP-001;ES-FEAT-COMMUNICATIONS-001;ES-FEAT-TASKS-001,GOVERNANCE,DRAFT_PIA_SUPPLEMENT,Derived from revised structured row ES-FEAT-FACILITY-004 after independent-review adjudication; evidence tier=KEYWORD_MATCH_ONLY.
PIA_SUPPLEMENT_QUEUE,ES-FEAT-FACILITY-004,stalls,"Facility, barn, business, and physical operations",MEDIUM:6,P1,Facility Owner;Barn Manager;Trainer;Staff;Contractor;Owner;Service Provider,PIA_SUPPLEMENT_CANDIDATE,IMPLEMENTED_UNVERIFIED,ES-FEAT-PLATFORM-001;ES-FEAT-FACILITY-001;ES-FEAT-IDENTITY-001;ES-FEAT-RELATIONSHIP-001;ES-FEAT-COMMUNICATIONS-001;ES-FEAT-TASKS-001,GOVERNANCE,DRAFT_PIA_SUPPLEMENT,Derived from revised structured row ES-FEAT-FACILITY-004 after independent-review adjudication; evidence tier=KEYWORD_MATCH_ONLY.
RUNTIME_VERIFICATION_QUEUE,ES-FEAT-FACILITY-004,stalls,"Facility, barn, business, and physical operations",MEDIUM:6,P1,Facility Owner;Barn Manager;Trainer;Staff;Contractor;Owner;Service Provider,PIA_SUPPLEMENT_CANDIDATE,IMPLEMENTED_UNVERIFIED,ES-FEAT-PLATFORM-001;ES-FEAT-FACILITY-001;ES-FEAT-IDENTITY-001;ES-FEAT-RELATIONSHIP-001;ES-FEAT-COMMUNICATIONS-001;ES-FEAT-TASKS-001,GOVERNANCE,DRAFT_PIA_SUPPLEMENT,Derived from revised structured row ES-FEAT-FACILITY-004 after independent-review adjudication; evidence tier=KEYWORD_MATCH_ONLY.
FOUNDER_DECISION_QUEUE,ES-FEAT-FACILITY-005,arenas,"Facility, barn, business, and physical operations",MEDIUM:4,P1,Facility Owner;Barn Manager;Trainer;Staff;Contractor;Owner;Service Provider,PIA_SUPPLEMENT_CANDIDATE,IMPLEMENTED_UNVERIFIED,ES-FEAT-PLATFORM-001;ES-FEAT-FACILITY-001;ES-FEAT-IDENTITY-001;ES-FEAT-RELATIONSHIP-001;ES-FEAT-COMMUNICATIONS-001;ES-FEAT-TASKS-001,GOVERNANCE,DRAFT_PIA_SUPPLEMENT,Derived from revised structured row ES-FEAT-FACILITY-005 after independent-review adjudication; evidence tier=KEYWORD_MATCH_ONLY.
IMPLEMENTATION_VERIFICATION_QUEUE,ES-FEAT-FACILITY-005,arenas,"Facility, barn, business, and physical operations",MEDIUM:4,P1,Facility Owner;Barn Manager;Trainer;Staff;Contractor;Owner;Service Provider,PIA_SUPPLEMENT_CANDIDATE,IMPLEMENTED_UNVERIFIED,ES-FEAT-PLATFORM-001;ES-FEAT-FACILITY-001;ES-FEAT-IDENTITY-001;ES-FEAT-RELATIONSHIP-001;ES-FEAT-COMMUNICATIONS-001;ES-FEAT-TASKS-001,GOVERNANCE,DRAFT_PIA_SUPPLEMENT,Derived from revised structured row ES-FEAT-FACILITY-005 after independent-review adjudication; evidence tier=KEYWORD_MATCH_ONLY.
PIA_SUPPLEMENT_QUEUE,ES-FEAT-FACILITY-005,arenas,"Facility, barn, business, and physical operations",MEDIUM:4,P1,Facility Owner;Barn Manager;Trainer;Staff;Contractor;Owner;Service Provider,PIA_SUPPLEMENT_CANDIDATE,IMPLEMENTED_UNVERIFIED,ES-FEAT-PLATFORM-001;ES-FEAT-FACILITY-001;ES-FEAT-IDENTITY-001;ES-FEAT-RELATIONSHIP-001;ES-FEAT-COMMUNICATIONS-001;ES-FEAT-TASKS-001,GOVERNANCE,DRAFT_PIA_SUPPLEMENT,Derived from revised structured row ES-FEAT-FACILITY-005 after independent-review adjudication; evidence tier=KEYWORD_MATCH_ONLY.
RUNTIME_VERIFICATION_QUEUE,ES-FEAT-FACILITY-005,arenas,"Facility, barn, business, and physical operations",MEDIUM:4,P1,Facility Owner;Barn Manager;Trainer;Staff;Contractor;Owner;Service Provider,PIA_SUPPLEMENT_CANDIDATE,IMPLEMENTED_UNVERIFIED,ES-FEAT-PLATFORM-001;ES-FEAT-FACILITY-001;ES-FEAT-IDENTITY-001;ES-FEAT-RELATIONSHIP-001;ES-FEAT-COMMUNICATIONS-001;ES-FEAT-TASKS-001,GOVERNANCE,DRAFT_PIA_SUPPLEMENT,Derived from revised structured row ES-FEAT-FACILITY-005 after independent-review adjudication; evidence tier=KEYWORD_MATCH_ONLY.
FOUNDER_DECISION_QUEUE,ES-FEAT-FACILITY-006,pastures,"Facility, barn, business, and physical operations",MEDIUM:8,P1,Facility Owner;Barn Manager;Trainer;Staff;Contractor;Owner;Service Provider,PIA_SUPPLEMENT_CANDIDATE,IMPLEMENTED_UNVERIFIED,ES-FEAT-PLATFORM-001;ES-FEAT-FACILITY-001;ES-FEAT-IDENTITY-001;ES-FEAT-RELATIONSHIP-001;ES-FEAT-COMMUNICATIONS-001;ES-FEAT-TASKS-001,GOVERNANCE,DRAFT_PIA_SUPPLEMENT,Derived from revised structured row ES-FEAT-FACILITY-006 after independent-review adjudication; evidence tier=KEYWORD_MATCH_ONLY.
IMPLEMENTATION_VERIFICATION_QUEUE,ES-FEAT-FACILITY-006,pastures,"Facility, barn, business, and physical operations",MEDIUM:8,P1,Facility Owner;Barn Manager;Trainer;Staff;Contractor;Owner;Service Provider,PIA_SUPPLEMENT_CANDIDATE,IMPLEMENTED_UNVERIFIED,ES-FEAT-PLATFORM-001;ES-FEAT-FACILITY-001;ES-FEAT-IDENTITY-001;ES-FEAT-RELATIONSHIP-001;ES-FEAT-COMMUNICATIONS-001;ES-FEAT-TASKS-001,GOVERNANCE,DRAFT_PIA_SUPPLEMENT,Derived from revised structured row ES-FEAT-FACILITY-006 after independent-review adjudication; evidence tier=KEYWORD_MATCH_ONLY.
PIA_SUPPLEMENT_QUEUE,ES-FEAT-FACILITY-006,pastures,"Facility, barn, business, and physical operations",MEDIUM:8,P1,Facility Owner;Barn Manager;Trainer;Staff;Contractor;Owner;Service Provider,PIA_SUPPLEMENT_CANDIDATE,IMPLEMENTED_UNVERIFIED,ES-FEAT-PLATFORM-001;ES-FEAT-FACILITY-001;ES-FEAT-IDENTITY-001;ES-FEAT-RELATIONSHIP-001;ES-FEAT-COMMUNICATIONS-001;ES-FEAT-TASKS-001,GOVERNANCE,DRAFT_PIA_SUPPLEMENT,Derived from revised structured row ES-FEAT-FACILITY-006 after independent-review adjudication; evidence tier=KEYWORD_MATCH_ONLY.
RUNTIME_VERIFICATION_QUEUE,ES-FEAT-FACILITY-006,pastures,"Facility, barn, business, and physical operations",MEDIUM:8,P1,Facility Owner;Barn Manager;Trainer;Staff;Contractor;Owner;Service Provider,PIA_SUPPLEMENT_CANDIDATE,IMPLEMENTED_UNVERIFIED,ES-FEAT-PLATFORM-001;ES-FEAT-FACILITY-001;ES-FEAT-IDENTITY-001;ES-FEAT-RELATIONSHIP-001;ES-FEAT-COMMUNICATIONS-001;ES-FEAT-TASKS-001,GOVERNANCE,DRAFT_PIA_SUPPLEMENT,Derived from revised structured row ES-FEAT-FACILITY-006 after independent-review adjudication; evidence tier=KEYWORD_MATCH_ONLY.
FOUNDER_DECISION_QUEUE,ES-FEAT-FACILITY-007,facility maps,"Facility, barn, business, and physical operations",MEDIUM:6,P1,Facility Owner;Barn Manager;Trainer;Staff;Contractor;Owner;Service Provider,PIA_SUPPLEMENT_CANDIDATE,IMPLEMENTED_UNVERIFIED,ES-FEAT-PLATFORM-001;ES-FEAT-FACILITY-001;ES-FEAT-IDENTITY-001;ES-FEAT-RELATIONSHIP-001;ES-FEAT-COMMUNICATIONS-001;ES-FEAT-TASKS-001,GOVERNANCE,DRAFT_PIA_SUPPLEMENT,Derived from revised structured row ES-FEAT-FACILITY-007 after independent-review adjudication; evidence tier=KEYWORD_MATCH_ONLY.
IMPLEMENTATION_VERIFICATION_QUEUE,ES-FEAT-FACILITY-007,facility maps,"Facility, barn, business, and physical operations",MEDIUM:6,P1,Facility Owner;Barn Manager;Trainer;Staff;Contractor;Owner;Service Provider,PIA_SUPPLEMENT_CANDIDATE,IMPLEMENTED_UNVERIFIED,ES-FEAT-PLATFORM-001;ES-FEAT-FACILITY-001;ES-FEAT-IDENTITY-001;ES-FEAT-RELATIONSHIP-001;ES-FEAT-COMMUNICATIONS-001;ES-FEAT-TASKS-001,GOVERNANCE,DRAFT_PIA_SUPPLEMENT,Derived from revised structured row ES-FEAT-FACILITY-007 after independent-review adjudication; evidence tier=KEYWORD_MATCH_ONLY.
PIA_SUPPLEMENT_QUEUE,ES-FEAT-FACILITY-007,facility maps,"Facility, barn, business, and physical operations",MEDIUM:6,P1,Facility Owner;Barn Manager;Trainer;Staff;Contractor;Owner;Service Provider,PIA_SUPPLEMENT_CANDIDATE,IMPLEMENTED_UNVERIFIED,ES-FEAT-PLATFORM-001;ES-FEAT-FACILITY-001;ES-FEAT-IDENTITY-001;ES-FEAT-RELATIONSHIP-001;ES-FEAT-COMMUNICATIONS-001;ES-FEAT-TASKS-001,GOVERNANCE,DRAFT_PIA_SUPPLEMENT,Derived from revised structured row ES-FEAT-FACILITY-007 after independent-review adjudication; evidence tier=KEYWORD_MATCH_ONLY.
RUNTIME_VERIFICATION_QUEUE,ES-FEAT-FACILITY-007,facility maps,"Facility, barn, business, and physical operations",MEDIUM:6,P1,Facility Owner;Barn Manager;Trainer;Staff;Contractor;Owner;Service Provider,PIA_SUPPLEMENT_CANDIDATE,IMPLEMENTED_UNVERIFIED,ES-FEAT-PLATFORM-001;ES-FEAT-FACILITY-001;ES-FEAT-IDENTITY-001;ES-FEAT-RELATIONSHIP-001;ES-FEAT-COMMUNICATIONS-001;ES-FEAT-TASKS-001,GOVERNANCE,DRAFT_PIA_SUPPLEMENT,Derived from revised structured row ES-FEAT-FACILITY-007 after independent-review adjudication; evidence tier=KEYWORD_MATCH_ONLY.
FOUNDER_DECISION_QUEUE,ES-FEAT-FACILITY-008,occupancy,"Facility, barn, business, and physical operations",MEDIUM:4,P1,Facility Owner;Barn Manager;Trainer;Staff;Contractor;Owner;Service Provider,PIA_SUPPLEMENT_CANDIDATE,IMPLEMENTED_UNVERIFIED,ES-FEAT-PLATFORM-001;ES-FEAT-FACILITY-001;ES-FEAT-IDENTITY-001;ES-FEAT-RELATIONSHIP-001;ES-FEAT-COMMUNICATIONS-001;ES-FEAT-TASKS-001,GOVERNANCE,DRAFT_PIA_SUPPLEMENT,Derived from revised structured row ES-FEAT-FACILITY-008 after independent-review adjudication; evidence tier=KEYWORD_MATCH_ONLY.
IMPLEMENTATION_VERIFICATION_QUEUE,ES-FEAT-FACILITY-008,occupancy,"Facility, barn, business, and physical operations",MEDIUM:4,P1,Facility Owner;Barn Manager;Trainer;Staff;Contractor;Owner;Service Provider,PIA_SUPPLEMENT_CANDIDATE,IMPLEMENTED_UNVERIFIED,ES-FEAT-PLATFORM-001;ES-FEAT-FACILITY-001;ES-FEAT-IDENTITY-001;ES-FEAT-RELATIONSHIP-001;ES-FEAT-COMMUNICATIONS-001;ES-FEAT-TASKS-001,GOVERNANCE,DRAFT_PIA_SUPPLEMENT,Derived from revised structured row ES-FEAT-FACILITY-008 after independent-review adjudication; evidence tier=KEYWORD_MATCH_ONLY.
PIA_SUPPLEMENT_QUEUE,ES-FEAT-FACILITY-008,occupancy,"Facility, barn, business, and physical operations",MEDIUM:4,P1,Facility Owner;Barn Manager;Trainer;Staff;Contractor;Owner;Service Provider,PIA_SUPPLEMENT_CANDIDATE,IMPLEMENTED_UNVERIFIED,ES-FEAT-PLATFORM-001;ES-FEAT-FACILITY-001;ES-FEAT-IDENTITY-001;ES-FEAT-RELATIONSHIP-001;ES-FEAT-COMMUNICATIONS-001;ES-FEAT-TASKS-001,GOVERNANCE,DRAFT_PIA_SUPPLEMENT,Derived from revised structured row ES-FEAT-FACILITY-008 after independent-review adjudication; evidence tier=KEYWORD_MATCH_ONLY.
RUNTIME_VERIFICATION_QUEUE,ES-FEAT-FACILITY-008,occupancy,"Facility, barn, business, and physical operations",MEDIUM:4,P1,Facility Owner;Barn Manager;Trainer;Staff;Contractor;Owner;Service Provider,PIA_SUPPLEMENT_CANDIDATE,IMPLEMENTED_UNVERIFIED,ES-FEAT-PLATFORM-001;ES-FEAT-FACILITY-001;ES-FEAT-IDENTITY-001;ES-FEAT-RELATIONSHIP-001;ES-FEAT-COMMUNICATIONS-001;ES-FEAT-TASKS-001,GOVERNANCE,DRAFT_PIA_SUPPLEMENT,Derived from revised structured row ES-FEAT-FACILITY-008 after independent-review adjudication; evidence tier=KEYWORD_MATCH_ONLY.
FOUNDER_DECISION_QUEUE,ES-FEAT-FACILITY-009,assignments (Facility),"Facility, barn, business, and physical operations",MEDIUM:8,P1,Facility Owner;Barn Manager;Trainer;Staff;Contractor;Owner;Service Provider,PIA_SUPPLEMENT_CANDIDATE,IMPLEMENTED_UNVERIFIED,ES-FEAT-PLATFORM-001;ES-FEAT-FACILITY-001;ES-FEAT-IDENTITY-001;ES-FEAT-RELATIONSHIP-001;ES-FEAT-COMMUNICATIONS-001;ES-FEAT-TASKS-001;ES-FEAT-HORSE-001;ES-FEAT-CARE-001,GOVERNANCE,DRAFT_PIA_SUPPLEMENT,Derived from revised structured row ES-FEAT-FACILITY-009 after independent-review adjudication; evidence tier=KEYWORD_MATCH_ONLY.
IMPLEMENTATION_VERIFICATION_QUEUE,ES-FEAT-FACILITY-009,assignments (Facility),"Facility, barn, business, and physical operations",MEDIUM:8,P1,Facility Owner;Barn Manager;Trainer;Staff;Contractor;Owner;Service Provider,PIA_SUPPLEMENT_CANDIDATE,IMPLEMENTED_UNVERIFIED,ES-FEAT-PLATFORM-001;ES-FEAT-FACILITY-001;ES-FEAT-IDENTITY-001;ES-FEAT-RELATIONSHIP-001;ES-FEAT-COMMUNICATIONS-001;ES-FEAT-TASKS-001;ES-FEAT-HORSE-001;ES-FEAT-CARE-001,GOVERNANCE,DRAFT_PIA_SUPPLEMENT,Derived from revised structured row ES-FEAT-FACILITY-009 after independent-review adjudication; evidence tier=KEYWORD_MATCH_ONLY.
PIA_SUPPLEMENT_QUEUE,ES-FEAT-FACILITY-009,assignments (Facility),"Facility, barn, business, and physical operations",MEDIUM:8,P1,Facility Owner;Barn Manager;Trainer;Staff;Contractor;Owner;Service Provider,PIA_SUPPLEMENT_CANDIDATE,IMPLEMENTED_UNVERIFIED,ES-FEAT-PLATFORM-001;ES-FEAT-FACILITY-001;ES-FEAT-IDENTITY-001;ES-FEAT-RELATIONSHIP-001;ES-FEAT-COMMUNICATIONS-001;ES-FEAT-TASKS-001;ES-FEAT-HORSE-001;ES-FEAT-CARE-001,GOVERNANCE,DRAFT_PIA_SUPPLEMENT,Derived from revised structured row ES-FEAT-FACILITY-009 after independent-review adjudication; evidence tier=KEYWORD_MATCH_ONLY.
RUNTIME_VERIFICATION_QUEUE,ES-FEAT-FACILITY-009,assignments (Facility),"Facility, barn, business, and physical operations",MEDIUM:8,P1,Facility Owner;Barn Manager;Trainer;Staff;Contractor;Owner;Service Provider,PIA_SUPPLEMENT_CANDIDATE,IMPLEMENTED_UNVERIFIED,ES-FEAT-PLATFORM-001;ES-FEAT-FACILITY-001;ES-FEAT-IDENTITY-001;ES-FEAT-RELATIONSHIP-001;ES-FEAT-COMMUNICATIONS-001;ES-FEAT-TASKS-001;ES-FEAT-HORSE-001;ES-FEAT-CARE-001,GOVERNANCE,DRAFT_PIA_SUPPLEMENT,Derived from revised structured row ES-FEAT-FACILITY-009 after independent-review adjudication; evidence tier=KEYWORD_MATCH_ONLY.
FOUNDER_DECISION_QUEUE,ES-FEAT-FACILITY-010,inspections,"Facility, barn, business, and physical operations",MEDIUM:6,P1,Facility Owner;Barn Manager;Trainer;Staff;Contractor;Owner;Service Provider,PIA_SUPPLEMENT_CANDIDATE,IMPLEMENTED_UNVERIFIED,ES-FEAT-PLATFORM-001;ES-FEAT-FACILITY-001;ES-FEAT-IDENTITY-001;ES-FEAT-RELATIONSHIP-001;ES-FEAT-COMMUNICATIONS-001;ES-FEAT-TASKS-001,GOVERNANCE,DRAFT_PIA_SUPPLEMENT,Derived from revised structured row ES-FEAT-FACILITY-010 after independent-review adjudication; evidence tier=KEYWORD_MATCH_ONLY.
IMPLEMENTATION_VERIFICATION_QUEUE,ES-FEAT-FACILITY-010,inspections,"Facility, barn, business, and physical operations",MEDIUM:6,P1,Facility Owner;Barn Manager;Trainer;Staff;Contractor;Owner;Service Provider,PIA_SUPPLEMENT_CANDIDATE,IMPLEMENTED_UNVERIFIED,ES-FEAT-PLATFORM-001;ES-FEAT-FACILITY-001;ES-FEAT-IDENTITY-001;ES-FEAT-RELATIONSHIP-001;ES-FEAT-COMMUNICATIONS-001;ES-FEAT-TASKS-001,GOVERNANCE,DRAFT_PIA_SUPPLEMENT,Derived from revised structured row ES-FEAT-FACILITY-010 after independent-review adjudication; evidence tier=KEYWORD_MATCH_ONLY.
PIA_SUPPLEMENT_QUEUE,ES-FEAT-FACILITY-010,inspections,"Facility, barn, business, and physical operations",MEDIUM:6,P1,Facility Owner;Barn Manager;Trainer;Staff;Contractor;Owner;Service Provider,PIA_SUPPLEMENT_CANDIDATE,IMPLEMENTED_UNVERIFIED,ES-FEAT-PLATFORM-001;ES-FEAT-FACILITY-001;ES-FEAT-IDENTITY-001;ES-FEAT-RELATIONSHIP-001;ES-FEAT-COMMUNICATIONS-001;ES-FEAT-TASKS-001,GOVERNANCE,DRAFT_PIA_SUPPLEMENT,Derived from revised structured row ES-FEAT-FACILITY-010 after independent-review adjudication; evidence tier=KEYWORD_MATCH_ONLY.
RUNTIME_VERIFICATION_QUEUE,ES-FEAT-FACILITY-010,inspections,"Facility, barn, business, and physical operations",MEDIUM:6,P1,Facility Owner;Barn Manager;Trainer;Staff;Contractor;Owner;Service Provider,PIA_SUPPLEMENT_CANDIDATE,IMPLEMENTED_UNVERIFIED,ES-FEAT-PLATFORM-001;ES-FEAT-FACILITY-001;ES-FEAT-IDENTITY-001;ES-FEAT-RELATIONSHIP-001;ES-FEAT-COMMUNICATIONS-001;ES-FEAT-TASKS-001,GOVERNANCE,DRAFT_PIA_SUPPLEMENT,Derived from revised structured row ES-FEAT-FACILITY-010 after independent-review adjudication; evidence tier=KEYWORD_MATCH_ONLY.
CODE_GUIDE_QUEUE,ES-FEAT-FACILITY-011,maintenance,"Facility, barn, business, and physical operations",CRITICAL:16,P1,Facility Owner;Barn Manager;Trainer;Staff;Contractor;Owner;Service Provider,CODE_GUIDE_GAP,IMPLEMENTED_UNVERIFIED,ES-FEAT-PLATFORM-001;ES-FEAT-FACILITY-001;ES-FEAT-IDENTITY-001;ES-FEAT-RELATIONSHIP-001;ES-FEAT-COMMUNICATIONS-001;ES-FEAT-TASKS-001,ARCHITECTURE,DRAFT_CODE_GUIDE,Derived from revised structured row ES-FEAT-FACILITY-011 after independent-review adjudication; evidence tier=KEYWORD_MATCH_ONLY.
FOUNDER_DECISION_QUEUE,ES-FEAT-FACILITY-011,maintenance,"Facility, barn, business, and physical operations",CRITICAL:16,P1,Facility Owner;Barn Manager;Trainer;Staff;Contractor;Owner;Service Provider,CODE_GUIDE_GAP,IMPLEMENTED_UNVERIFIED,ES-FEAT-PLATFORM-001;ES-FEAT-FACILITY-001;ES-FEAT-IDENTITY-001;ES-FEAT-RELATIONSHIP-001;ES-FEAT-COMMUNICATIONS-001;ES-FEAT-TASKS-001,ARCHITECTURE,DRAFT_CODE_GUIDE,Derived from revised structured row ES-FEAT-FACILITY-011 after independent-review adjudication; evidence tier=KEYWORD_MATCH_ONLY.
IMPLEMENTATION_VERIFICATION_QUEUE,ES-FEAT-FACILITY-011,maintenance,"Facility, barn, business, and physical operations",CRITICAL:16,P1,Facility Owner;Barn Manager;Trainer;Staff;Contractor;Owner;Service Provider,CODE_GUIDE_GAP,IMPLEMENTED_UNVERIFIED,ES-FEAT-PLATFORM-001;ES-FEAT-FACILITY-001;ES-FEAT-IDENTITY-001;ES-FEAT-RELATIONSHIP-001;ES-FEAT-COMMUNICATIONS-001;ES-FEAT-TASKS-001,ARCHITECTURE,DRAFT_CODE_GUIDE,Derived from revised structured row ES-FEAT-FACILITY-011 after independent-review adjudication; evidence tier=KEYWORD_MATCH_ONLY.
RUNTIME_VERIFICATION_QUEUE,ES-FEAT-FACILITY-011,maintenance,"Facility, barn, business, and physical operations",CRITICAL:16,P1,Facility Owner;Barn Manager;Trainer;Staff;Contractor;Owner;Service Provider,CODE_GUIDE_GAP,IMPLEMENTED_UNVERIFIED,ES-FEAT-PLATFORM-001;ES-FEAT-FACILITY-001;ES-FEAT-IDENTITY-001;ES-FEAT-RELATIONSHIP-001;ES-FEAT-COMMUNICATIONS-001;ES-FEAT-TASKS-001,ARCHITECTURE,DRAFT_CODE_GUIDE,Derived from revised structured row ES-FEAT-FACILITY-011 after independent-review adjudication; evidence tier=KEYWORD_MATCH_ONLY.
FOUNDER_DECISION_QUEUE,ES-FEAT-FACILITY-012,work orders,"Facility, barn, business, and physical operations",MEDIUM:8,P1,Facility Owner;Barn Manager;Trainer;Staff;Contractor;Owner;Service Provider,PIA_SUPPLEMENT_CANDIDATE,IMPLEMENTED_UNVERIFIED,ES-FEAT-PLATFORM-001;ES-FEAT-FACILITY-001;ES-FEAT-IDENTITY-001;ES-FEAT-RELATIONSHIP-001;ES-FEAT-FINANCIAL-001;ES-FEAT-COMMUNICATIONS-001;ES-FEAT-TASKS-001,GOVERNANCE,DRAFT_PIA_SUPPLEMENT,Derived from revised structured row ES-FEAT-FACILITY-012 after independent-review adjudication; evidence tier=KEYWORD_MATCH_ONLY.
IMPLEMENTATION_VERIFICATION_QUEUE,ES-FEAT-FACILITY-012,work orders,"Facility, barn, business, and physical operations",MEDIUM:8,P1,Facility Owner;Barn Manager;Trainer;Staff;Contractor;Owner;Service Provider,PIA_SUPPLEMENT_CANDIDATE,IMPLEMENTED_UNVERIFIED,ES-FEAT-PLATFORM-001;ES-FEAT-FACILITY-001;ES-FEAT-IDENTITY-001;ES-FEAT-RELATIONSHIP-001;ES-FEAT-FINANCIAL-001;ES-FEAT-COMMUNICATIONS-001;ES-FEAT-TASKS-001,GOVERNANCE,DRAFT_PIA_SUPPLEMENT,Derived from revised structured row ES-FEAT-FACILITY-012 after independent-review adjudication; evidence tier=KEYWORD_MATCH_ONLY.
PIA_SUPPLEMENT_QUEUE,ES-FEAT-FACILITY-012,work orders,"Facility, barn, business, and physical operations",MEDIUM:8,P1,Facility Owner;Barn Manager;Trainer;Staff;Contractor;Owner;Service Provider,PIA_SUPPLEMENT_CANDIDATE,IMPLEMENTED_UNVERIFIED,ES-FEAT-PLATFORM-001;ES-FEAT-FACILITY-001;ES-FEAT-IDENTITY-001;ES-FEAT-RELATIONSHIP-001;ES-FEAT-FINANCIAL-001;ES-FEAT-COMMUNICATIONS-001;ES-FEAT-TASKS-001,GOVERNANCE,DRAFT_PIA_SUPPLEMENT,Derived from revised structured row ES-FEAT-FACILITY-012 after independent-review adjudication; evidence tier=KEYWORD_MATCH_ONLY.
RUNTIME_VERIFICATION_QUEUE,ES-FEAT-FACILITY-012,work orders,"Facility, barn, business, and physical operations",MEDIUM:8,P1,Facility Owner;Barn Manager;Trainer;Staff;Contractor;Owner;Service Provider,PIA_SUPPLEMENT_CANDIDATE,IMPLEMENTED_UNVERIFIED,ES-FEAT-PLATFORM-001;ES-FEAT-FACILITY-001;ES-FEAT-IDENTITY-001;ES-FEAT-RELATIONSHIP-001;ES-FEAT-FINANCIAL-001;ES-FEAT-COMMUNICATIONS-001;ES-FEAT-TASKS-001,GOVERNANCE,DRAFT_PIA_SUPPLEMENT,Derived from revised structured row ES-FEAT-FACILITY-012 after independent-review adjudication; evidence tier=KEYWORD_MATCH_ONLY.
FOUNDER_DECISION_QUEUE,ES-FEAT-FACILITY-013,hazards,"Facility, barn, business, and physical operations",MEDIUM:6,P1,Facility Owner;Barn Manager;Trainer;Staff;Contractor;Owner;Service Provider,PIA_SUPPLEMENT_CANDIDATE,IMPLEMENTED_UNVERIFIED,ES-FEAT-PLATFORM-001;ES-FEAT-FACILITY-001;ES-FEAT-IDENTITY-001;ES-FEAT-RELATIONSHIP-001;ES-FEAT-COMMUNICATIONS-001;ES-FEAT-TASKS-001,GOVERNANCE,DRAFT_PIA_SUPPLEMENT,Derived from revised structured row ES-FEAT-FACILITY-013 after independent-review adjudication; evidence tier=KEYWORD_MATCH_ONLY.
IMPLEMENTATION_VERIFICATION_QUEUE,ES-FEAT-FACILITY-013,hazards,"Facility, barn, business, and physical operations",MEDIUM:6,P1,Facility Owner;Barn Manager;Trainer;Staff;Contractor;Owner;Service Provider,PIA_SUPPLEMENT_CANDIDATE,IMPLEMENTED_UNVERIFIED,ES-FEAT-PLATFORM-001;ES-FEAT-FACILITY-001;ES-FEAT-IDENTITY-001;ES-FEAT-RELATIONSHIP-001;ES-FEAT-COMMUNICATIONS-001;ES-FEAT-TASKS-001,GOVERNANCE,DRAFT_PIA_SUPPLEMENT,Derived from revised structured row ES-FEAT-FACILITY-013 after independent-review adjudication; evidence tier=KEYWORD_MATCH_ONLY.
PIA_SUPPLEMENT_QUEUE,ES-FEAT-FACILITY-013,hazards,"Facility, barn, business, and physical operations",MEDIUM:6,P1,Facility Owner;Barn Manager;Trainer;Staff;Contractor;Owner;Service Provider,PIA_SUPPLEMENT_CANDIDATE,IMPLEMENTED_UNVERIFIED,ES-FEAT-PLATFORM-001;ES-FEAT-FACILITY-001;ES-FEAT-IDENTITY-001;ES-FEAT-RELATIONSHIP-001;ES-FEAT-COMMUNICATIONS-001;ES-FEAT-TASKS-001,GOVERNANCE,DRAFT_PIA_SUPPLEMENT,Derived from revised structured row ES-FEAT-FACILITY-013 after independent-review adjudication; evidence tier=KEYWORD_MATCH_ONLY.
RUNTIME_VERIFICATION_QUEUE,ES-FEAT-FACILITY-013,hazards,"Facility, barn, business, and physical operations",MEDIUM:6,P1,Facility Owner;Barn Manager;Trainer;Staff;Contractor;Owner;Service Provider,PIA_SUPPLEMENT_CANDIDATE,IMPLEMENTED_UNVERIFIED,ES-FEAT-PLATFORM-001;ES-FEAT-FACILITY-001;ES-FEAT-IDENTITY-001;ES-FEAT-RELATIONSHIP-001;ES-FEAT-COMMUNICATIONS-001;ES-FEAT-TASKS-001,GOVERNANCE,DRAFT_PIA_SUPPLEMENT,Derived from revised structured row ES-FEAT-FACILITY-013 after independent-review adjudication; evidence tier=KEYWORD_MATCH_ONLY.
FOUNDER_DECISION_QUEUE,ES-FEAT-FACILITY-014,closures,"Facility, barn, business, and physical operations",MEDIUM:4,P1,Facility Owner;Barn Manager;Trainer;Staff;Contractor;Owner;Service Provider,PIA_SUPPLEMENT_CANDIDATE,IMPLEMENTED_UNVERIFIED,ES-FEAT-PLATFORM-001;ES-FEAT-FACILITY-001;ES-FEAT-IDENTITY-001;ES-FEAT-RELATIONSHIP-001;ES-FEAT-COMMUNICATIONS-001;ES-FEAT-TASKS-001,GOVERNANCE,DRAFT_PIA_SUPPLEMENT,Derived from revised structured row ES-FEAT-FACILITY-014 after independent-review adjudication; evidence tier=KEYWORD_MATCH_ONLY.
IMPLEMENTATION_VERIFICATION_QUEUE,ES-FEAT-FACILITY-014,closures,"Facility, barn, business, and physical operations",MEDIUM:4,P1,Facility Owner;Barn Manager;Trainer;Staff;Contractor;Owner;Service Provider,PIA_SUPPLEMENT_CANDIDATE,IMPLEMENTED_UNVERIFIED,ES-FEAT-PLATFORM-001;ES-FEAT-FACILITY-001;ES-FEAT-IDENTITY-001;ES-FEAT-RELATIONSHIP-001;ES-FEAT-COMMUNICATIONS-001;ES-FEAT-TASKS-001,GOVERNANCE,DRAFT_PIA_SUPPLEMENT,Derived from revised structured row ES-FEAT-FACILITY-014 after independent-review adjudication; evidence tier=KEYWORD_MATCH_ONLY.
PIA_SUPPLEMENT_QUEUE,ES-FEAT-FACILITY-014,closures,"Facility, barn, business, and physical operations",MEDIUM:4,P1,Facility Owner;Barn Manager;Trainer;Staff;Contractor;Owner;Service Provider,PIA_SUPPLEMENT_CANDIDATE,IMPLEMENTED_UNVERIFIED,ES-FEAT-PLATFORM-001;ES-FEAT-FACILITY-001;ES-FEAT-IDENTITY-001;ES-FEAT-RELATIONSHIP-001;ES-FEAT-COMMUNICATIONS-001;ES-FEAT-TASKS-001,GOVERNANCE,DRAFT_PIA_SUPPLEMENT,Derived from revised structured row ES-FEAT-FACILITY-014 after independent-review adjudication; evidence tier=KEYWORD_MATCH_ONLY.
RUNTIME_VERIFICATION_QUEUE,ES-FEAT-FACILITY-014,closures,"Facility, barn, business, and physical operations",MEDIUM:4,P1,Facility Owner;Barn Manager;Trainer;Staff;Contractor;Owner;Service Provider,PIA_SUPPLEMENT_CANDIDATE,IMPLEMENTED_UNVERIFIED,ES-FEAT-PLATFORM-001;ES-FEAT-FACILITY-001;ES-FEAT-IDENTITY-001;ES-FEAT-RELATIONSHIP-001;ES-FEAT-COMMUNICATIONS-001;ES-FEAT-TASKS-001,GOVERNANCE,DRAFT_PIA_SUPPLEMENT,Derived from revised structured row ES-FEAT-FACILITY-014 after independent-review adjudication; evidence tier=KEYWORD_MATCH_ONLY.
FOUNDER_DECISION_QUEUE,ES-FEAT-FACILITY-015,contractors,"Facility, barn, business, and physical operations",MEDIUM:8,P1,Facility Owner;Barn Manager;Trainer;Staff;Contractor;Owner;Service Provider,PIA_SUPPLEMENT_CANDIDATE,IMPLEMENTED_UNVERIFIED,ES-FEAT-PLATFORM-001;ES-FEAT-FACILITY-001;ES-FEAT-IDENTITY-001;ES-FEAT-RELATIONSHIP-001;ES-FEAT-COMMUNICATIONS-001;ES-FEAT-TASKS-001,GOVERNANCE,DRAFT_PIA_SUPPLEMENT,Derived from revised structured row ES-FEAT-FACILITY-015 after independent-review adjudication; evidence tier=KEYWORD_MATCH_ONLY.
IMPLEMENTATION_VERIFICATION_QUEUE,ES-FEAT-FACILITY-015,contractors,"Facility, barn, business, and physical operations",MEDIUM:8,P1,Facility Owner;Barn Manager;Trainer;Staff;Contractor;Owner;Service Provider,PIA_SUPPLEMENT_CANDIDATE,IMPLEMENTED_UNVERIFIED,ES-FEAT-PLATFORM-001;ES-FEAT-FACILITY-001;ES-FEAT-IDENTITY-001;ES-FEAT-RELATIONSHIP-001;ES-FEAT-COMMUNICATIONS-001;ES-FEAT-TASKS-001,GOVERNANCE,DRAFT_PIA_SUPPLEMENT,Derived from revised structured row ES-FEAT-FACILITY-015 after independent-review adjudication; evidence tier=KEYWORD_MATCH_ONLY.
PIA_SUPPLEMENT_QUEUE,ES-FEAT-FACILITY-015,contractors,"Facility, barn, business, and physical operations",MEDIUM:8,P1,Facility Owner;Barn Manager;Trainer;Staff;Contractor;Owner;Service Provider,PIA_SUPPLEMENT_CANDIDATE,IMPLEMENTED_UNVERIFIED,ES-FEAT-PLATFORM-001;ES-FEAT-FACILITY-001;ES-FEAT-IDENTITY-001;ES-FEAT-RELATIONSHIP-001;ES-FEAT-COMMUNICATIONS-001;ES-FEAT-TASKS-001,GOVERNANCE,DRAFT_PIA_SUPPLEMENT,Derived from revised structured row ES-FEAT-FACILITY-015 after independent-review adjudication; evidence tier=KEYWORD_MATCH_ONLY.
RUNTIME_VERIFICATION_QUEUE,ES-FEAT-FACILITY-015,contractors,"Facility, barn, business, and physical operations",MEDIUM:8,P1,Facility Owner;Barn Manager;Trainer;Staff;Contractor;Owner;Service Provider,PIA_SUPPLEMENT_CANDIDATE,IMPLEMENTED_UNVERIFIED,ES-FEAT-PLATFORM-001;ES-FEAT-FACILITY-001;ES-FEAT-IDENTITY-001;ES-FEAT-RELATIONSHIP-001;ES-FEAT-COMMUNICATIONS-001;ES-FEAT-TASKS-001,GOVERNANCE,DRAFT_PIA_SUPPLEMENT,Derived from revised structured row ES-FEAT-FACILITY-015 after independent-review adjudication; evidence tier=KEYWORD_MATCH_ONLY.
FOUNDER_DECISION_QUEUE,ES-FEAT-FACILITY-016,capital improvements,"Facility, barn, business, and physical operations",MEDIUM:6,P1,Facility Owner;Barn Manager;Trainer;Staff;Contractor;Owner;Service Provider,PIA_SUPPLEMENT_CANDIDATE,IMPLEMENTED_UNVERIFIED,ES-FEAT-PLATFORM-001;ES-FEAT-FACILITY-001;ES-FEAT-IDENTITY-001;ES-FEAT-RELATIONSHIP-001;ES-FEAT-COMMUNICATIONS-001;ES-FEAT-TASKS-001,GOVERNANCE,DRAFT_PIA_SUPPLEMENT,Derived from revised structured row ES-FEAT-FACILITY-016 after independent-review adjudication; evidence tier=KEYWORD_MATCH_ONLY.
IMPLEMENTATION_VERIFICATION_QUEUE,ES-FEAT-FACILITY-016,capital improvements,"Facility, barn, business, and physical operations",MEDIUM:6,P1,Facility Owner;Barn Manager;Trainer;Staff;Contractor;Owner;Service Provider,PIA_SUPPLEMENT_CANDIDATE,IMPLEMENTED_UNVERIFIED,ES-FEAT-PLATFORM-001;ES-FEAT-FACILITY-001;ES-FEAT-IDENTITY-001;ES-FEAT-RELATIONSHIP-001;ES-FEAT-COMMUNICATIONS-001;ES-FEAT-TASKS-001,GOVERNANCE,DRAFT_PIA_SUPPLEMENT,Derived from revised structured row ES-FEAT-FACILITY-016 after independent-review adjudication; evidence tier=KEYWORD_MATCH_ONLY.
PIA_SUPPLEMENT_QUEUE,ES-FEAT-FACILITY-016,capital improvements,"Facility, barn, business, and physical operations",MEDIUM:6,P1,Facility Owner;Barn Manager;Trainer;Staff;Contractor;Owner;Service Provider,PIA_SUPPLEMENT_CANDIDATE,IMPLEMENTED_UNVERIFIED,ES-FEAT-PLATFORM-001;ES-FEAT-FACILITY-001;ES-FEAT-IDENTITY-001;ES-FEAT-RELATIONSHIP-001;ES-FEAT-COMMUNICATIONS-001;ES-FEAT-TASKS-001,GOVERNANCE,DRAFT_PIA_SUPPLEMENT,Derived from revised structured row ES-FEAT-FACILITY-016 after independent-review adjudication; evidence tier=KEYWORD_MATCH_ONLY.
RUNTIME_VERIFICATION_QUEUE,ES-FEAT-FACILITY-016,capital improvements,"Facility, barn, business, and physical operations",MEDIUM:6,P1,Facility Owner;Barn Manager;Trainer;Staff;Contractor;Owner;Service Provider,PIA_SUPPLEMENT_CANDIDATE,IMPLEMENTED_UNVERIFIED,ES-FEAT-PLATFORM-001;ES-FEAT-FACILITY-001;ES-FEAT-IDENTITY-001;ES-FEAT-RELATIONSHIP-001;ES-FEAT-COMMUNICATIONS-001;ES-FEAT-TASKS-001,GOVERNANCE,DRAFT_PIA_SUPPLEMENT,Derived from revised structured row ES-FEAT-FACILITY-016 after independent-review adjudication; evidence tier=KEYWORD_MATCH_ONLY.
FOUNDER_DECISION_QUEUE,ES-FEAT-FACILITY-017,business operations,"Facility, barn, business, and physical operations",MEDIUM:4,P1,Facility Owner;Barn Manager;Trainer;Staff;Contractor;Owner;Service Provider,PIA_SUPPLEMENT_CANDIDATE,IMPLEMENTED_UNVERIFIED,ES-FEAT-PLATFORM-001;ES-FEAT-FACILITY-001;ES-FEAT-IDENTITY-001;ES-FEAT-RELATIONSHIP-001;ES-FEAT-COMMUNICATIONS-001;ES-FEAT-TASKS-001,GOVERNANCE,DRAFT_PIA_SUPPLEMENT,Derived from revised structured row ES-FEAT-FACILITY-017 after independent-review adjudication; evidence tier=KEYWORD_MATCH_ONLY.
IMPLEMENTATION_VERIFICATION_QUEUE,ES-FEAT-FACILITY-017,business operations,"Facility, barn, business, and physical operations",MEDIUM:4,P1,Facility Owner;Barn Manager;Trainer;Staff;Contractor;Owner;Service Provider,PIA_SUPPLEMENT_CANDIDATE,IMPLEMENTED_UNVERIFIED,ES-FEAT-PLATFORM-001;ES-FEAT-FACILITY-001;ES-FEAT-IDENTITY-001;ES-FEAT-RELATIONSHIP-001;ES-FEAT-COMMUNICATIONS-001;ES-FEAT-TASKS-001,GOVERNANCE,DRAFT_PIA_SUPPLEMENT,Derived from revised structured row ES-FEAT-FACILITY-017 after independent-review adjudication; evidence tier=KEYWORD_MATCH_ONLY.
PIA_SUPPLEMENT_QUEUE,ES-FEAT-FACILITY-017,business operations,"Facility, barn, business, and physical operations",MEDIUM:4,P1,Facility Owner;Barn Manager;Trainer;Staff;Contractor;Owner;Service Provider,PIA_SUPPLEMENT_CANDIDATE,IMPLEMENTED_UNVERIFIED,ES-FEAT-PLATFORM-001;ES-FEAT-FACILITY-001;ES-FEAT-IDENTITY-001;ES-FEAT-RELATIONSHIP-001;ES-FEAT-COMMUNICATIONS-001;ES-FEAT-TASKS-001,GOVERNANCE,DRAFT_PIA_SUPPLEMENT,Derived from revised structured row ES-FEAT-FACILITY-017 after independent-review adjudication; evidence tier=KEYWORD_MATCH_ONLY.
RUNTIME_VERIFICATION_QUEUE,ES-FEAT-FACILITY-017,business operations,"Facility, barn, business, and physical operations",MEDIUM:4,P1,Facility Owner;Barn Manager;Trainer;Staff;Contractor;Owner;Service Provider,PIA_SUPPLEMENT_CANDIDATE,IMPLEMENTED_UNVERIFIED,ES-FEAT-PLATFORM-001;ES-FEAT-FACILITY-001;ES-FEAT-IDENTITY-001;ES-FEAT-RELATIONSHIP-001;ES-FEAT-COMMUNICATIONS-001;ES-FEAT-TASKS-001,GOVERNANCE,DRAFT_PIA_SUPPLEMENT,Derived from revised structured row ES-FEAT-FACILITY-017 after independent-review adjudication; evidence tier=KEYWORD_MATCH_ONLY.
FOUNDER_DECISION_QUEUE,ES-FEAT-HORSE-001,horse profile,Horse identity and lifecycle,LOW:1,P2,Owner;Trainer;Barn Manager;Staff;Veterinarian;Farrier;Guardian,COVERED_WITH_RETAINED_GAP,IMPLEMENTED_UNVERIFIED,ES-FEAT-PLATFORM-001,ENGINEERING,VERIFY_REPOSITORY_IMPLEMENTATION,Derived from revised structured row ES-FEAT-HORSE-001 after independent-review adjudication; evidence tier=KEYWORD_MATCH_ONLY.
IMPLEMENTATION_VERIFICATION_QUEUE,ES-FEAT-HORSE-001,horse profile,Horse identity and lifecycle,LOW:1,P2,Owner;Trainer;Barn Manager;Staff;Veterinarian;Farrier;Guardian,COVERED_WITH_RETAINED_GAP,IMPLEMENTED_UNVERIFIED,ES-FEAT-PLATFORM-001,ENGINEERING,VERIFY_REPOSITORY_IMPLEMENTATION,Derived from revised structured row ES-FEAT-HORSE-001 after independent-review adjudication; evidence tier=KEYWORD_MATCH_ONLY.
RETAINED_GAP_REREVIEW_QUEUE,ES-FEAT-HORSE-001,horse profile,Horse identity and lifecycle,LOW:1,P2,Owner;Trainer;Barn Manager;Staff;Veterinarian;Farrier;Guardian,COVERED_WITH_RETAINED_GAP,IMPLEMENTED_UNVERIFIED,ES-FEAT-PLATFORM-001,ENGINEERING,VERIFY_REPOSITORY_IMPLEMENTATION,Derived from revised structured row ES-FEAT-HORSE-001 after independent-review adjudication; evidence tier=KEYWORD_MATCH_ONLY.
RUNTIME_VERIFICATION_QUEUE,ES-FEAT-HORSE-001,horse profile,Horse identity and lifecycle,LOW:1,P2,Owner;Trainer;Barn Manager;Staff;Veterinarian;Farrier;Guardian,COVERED_WITH_RETAINED_GAP,IMPLEMENTED_UNVERIFIED,ES-FEAT-PLATFORM-001,ENGINEERING,VERIFY_REPOSITORY_IMPLEMENTATION,Derived from revised structured row ES-FEAT-HORSE-001 after independent-review adjudication; evidence tier=KEYWORD_MATCH_ONLY.
FOUNDER_DECISION_QUEUE,ES-FEAT-HORSE-002,passport,Horse identity and lifecycle,MEDIUM:6,P0,Owner;Trainer;Barn Manager;Staff;Veterinarian;Farrier;Guardian,PIA_SUPPLEMENT_CANDIDATE,PARTIAL_IMPLEMENTATION,ES-FEAT-PLATFORM-001;ES-FEAT-HORSE-001;ES-FEAT-IDENTITY-001;ES-FEAT-RELATIONSHIP-001;ES-FEAT-COMMUNICATIONS-001;ES-FEAT-TASKS-001;ES-FEAT-CARE-001,GOVERNANCE,DRAFT_PIA_SUPPLEMENT,Derived from revised structured row ES-FEAT-HORSE-002 after independent-review adjudication; evidence tier=KEYWORD_MATCH_ONLY.
IMPLEMENTATION_VERIFICATION_QUEUE,ES-FEAT-HORSE-002,passport,Horse identity and lifecycle,MEDIUM:6,P0,Owner;Trainer;Barn Manager;Staff;Veterinarian;Farrier;Guardian,PIA_SUPPLEMENT_CANDIDATE,PARTIAL_IMPLEMENTATION,ES-FEAT-PLATFORM-001;ES-FEAT-HORSE-001;ES-FEAT-IDENTITY-001;ES-FEAT-RELATIONSHIP-001;ES-FEAT-COMMUNICATIONS-001;ES-FEAT-TASKS-001;ES-FEAT-CARE-001,GOVERNANCE,DRAFT_PIA_SUPPLEMENT,Derived from revised structured row ES-FEAT-HORSE-002 after independent-review adjudication; evidence tier=KEYWORD_MATCH_ONLY.
PIA_SUPPLEMENT_QUEUE,ES-FEAT-HORSE-002,passport,Horse identity and lifecycle,MEDIUM:6,P0,Owner;Trainer;Barn Manager;Staff;Veterinarian;Farrier;Guardian,PIA_SUPPLEMENT_CANDIDATE,PARTIAL_IMPLEMENTATION,ES-FEAT-PLATFORM-001;ES-FEAT-HORSE-001;ES-FEAT-IDENTITY-001;ES-FEAT-RELATIONSHIP-001;ES-FEAT-COMMUNICATIONS-001;ES-FEAT-TASKS-001;ES-FEAT-CARE-001,GOVERNANCE,DRAFT_PIA_SUPPLEMENT,Derived from revised structured row ES-FEAT-HORSE-002 after independent-review adjudication; evidence tier=KEYWORD_MATCH_ONLY.
RUNTIME_VERIFICATION_QUEUE,ES-FEAT-HORSE-002,passport,Horse identity and lifecycle,MEDIUM:6,P0,Owner;Trainer;Barn Manager;Staff;Veterinarian;Farrier;Guardian,PIA_SUPPLEMENT_CANDIDATE,PARTIAL_IMPLEMENTATION,ES-FEAT-PLATFORM-001;ES-FEAT-HORSE-001;ES-FEAT-IDENTITY-001;ES-FEAT-RELATIONSHIP-001;ES-FEAT-COMMUNICATIONS-001;ES-FEAT-TASKS-001;ES-FEAT-CARE-001,GOVERNANCE,DRAFT_PIA_SUPPLEMENT,Derived from revised structured row ES-FEAT-HORSE-002 after independent-review adjudication; evidence tier=KEYWORD_MATCH_ONLY.
FOUNDER_DECISION_QUEUE,ES-FEAT-HORSE-003,ownership,Horse identity and lifecycle,MEDIUM:4,P0,Owner;Trainer;Barn Manager;Staff;Veterinarian;Farrier;Guardian,PIA_SUPPLEMENT_CANDIDATE,PARTIAL_IMPLEMENTATION,ES-FEAT-PLATFORM-001;ES-FEAT-HORSE-001;ES-FEAT-IDENTITY-001;ES-FEAT-RELATIONSHIP-001;ES-FEAT-COMMUNICATIONS-001;ES-FEAT-TASKS-001;ES-FEAT-CARE-001,GOVERNANCE,DRAFT_PIA_SUPPLEMENT,Derived from revised structured row ES-FEAT-HORSE-003 after independent-review adjudication; evidence tier=KEYWORD_MATCH_ONLY.
IMPLEMENTATION_VERIFICATION_QUEUE,ES-FEAT-HORSE-003,ownership,Horse identity and lifecycle,MEDIUM:4,P0,Owner;Trainer;Barn Manager;Staff;Veterinarian;Farrier;Guardian,PIA_SUPPLEMENT_CANDIDATE,PARTIAL_IMPLEMENTATION,ES-FEAT-PLATFORM-001;ES-FEAT-HORSE-001;ES-FEAT-IDENTITY-001;ES-FEAT-RELATIONSHIP-001;ES-FEAT-COMMUNICATIONS-001;ES-FEAT-TASKS-001;ES-FEAT-CARE-001,GOVERNANCE,DRAFT_PIA_SUPPLEMENT,Derived from revised structured row ES-FEAT-HORSE-003 after independent-review adjudication; evidence tier=KEYWORD_MATCH_ONLY.
PIA_SUPPLEMENT_QUEUE,ES-FEAT-HORSE-003,ownership,Horse identity and lifecycle,MEDIUM:4,P0,Owner;Trainer;Barn Manager;Staff;Veterinarian;Farrier;Guardian,PIA_SUPPLEMENT_CANDIDATE,PARTIAL_IMPLEMENTATION,ES-FEAT-PLATFORM-001;ES-FEAT-HORSE-001;ES-FEAT-IDENTITY-001;ES-FEAT-RELATIONSHIP-001;ES-FEAT-COMMUNICATIONS-001;ES-FEAT-TASKS-001;ES-FEAT-CARE-001,GOVERNANCE,DRAFT_PIA_SUPPLEMENT,Derived from revised structured row ES-FEAT-HORSE-003 after independent-review adjudication; evidence tier=KEYWORD_MATCH_ONLY.
RUNTIME_VERIFICATION_QUEUE,ES-FEAT-HORSE-003,ownership,Horse identity and lifecycle,MEDIUM:4,P0,Owner;Trainer;Barn Manager;Staff;Veterinarian;Farrier;Guardian,PIA_SUPPLEMENT_CANDIDATE,PARTIAL_IMPLEMENTATION,ES-FEAT-PLATFORM-001;ES-FEAT-HORSE-001;ES-FEAT-IDENTITY-001;ES-FEAT-RELATIONSHIP-001;ES-FEAT-COMMUNICATIONS-001;ES-FEAT-TASKS-001;ES-FEAT-CARE-001,GOVERNANCE,DRAFT_PIA_SUPPLEMENT,Derived from revised structured row ES-FEAT-HORSE-003 after independent-review adjudication; evidence tier=KEYWORD_MATCH_ONLY.
FOUNDER_DECISION_QUEUE,ES-FEAT-HORSE-004,custody,Horse identity and lifecycle,MEDIUM:8,P0,Owner;Trainer;Barn Manager;Staff;Veterinarian;Farrier;Guardian,PIA_SUPPLEMENT_CANDIDATE,PARTIAL_IMPLEMENTATION,ES-FEAT-PLATFORM-001;ES-FEAT-HORSE-001;ES-FEAT-IDENTITY-001;ES-FEAT-RELATIONSHIP-001;ES-FEAT-COMMUNICATIONS-001;ES-FEAT-TASKS-001;ES-FEAT-CARE-001,GOVERNANCE,DRAFT_PIA_SUPPLEMENT,Derived from revised structured row ES-FEAT-HORSE-004 after independent-review adjudication; evidence tier=KEYWORD_MATCH_ONLY.
IMPLEMENTATION_VERIFICATION_QUEUE,ES-FEAT-HORSE-004,custody,Horse identity and lifecycle,MEDIUM:8,P0,Owner;Trainer;Barn Manager;Staff;Veterinarian;Farrier;Guardian,PIA_SUPPLEMENT_CANDIDATE,PARTIAL_IMPLEMENTATION,ES-FEAT-PLATFORM-001;ES-FEAT-HORSE-001;ES-FEAT-IDENTITY-001;ES-FEAT-RELATIONSHIP-001;ES-FEAT-COMMUNICATIONS-001;ES-FEAT-TASKS-001;ES-FEAT-CARE-001,GOVERNANCE,DRAFT_PIA_SUPPLEMENT,Derived from revised structured row ES-FEAT-HORSE-004 after independent-review adjudication; evidence tier=KEYWORD_MATCH_ONLY.
PIA_SUPPLEMENT_QUEUE,ES-FEAT-HORSE-004,custody,Horse identity and lifecycle,MEDIUM:8,P0,Owner;Trainer;Barn Manager;Staff;Veterinarian;Farrier;Guardian,PIA_SUPPLEMENT_CANDIDATE,PARTIAL_IMPLEMENTATION,ES-FEAT-PLATFORM-001;ES-FEAT-HORSE-001;ES-FEAT-IDENTITY-001;ES-FEAT-RELATIONSHIP-001;ES-FEAT-COMMUNICATIONS-001;ES-FEAT-TASKS-001;ES-FEAT-CARE-001,GOVERNANCE,DRAFT_PIA_SUPPLEMENT,Derived from revised structured row ES-FEAT-HORSE-004 after independent-review adjudication; evidence tier=KEYWORD_MATCH_ONLY.
RUNTIME_VERIFICATION_QUEUE,ES-FEAT-HORSE-004,custody,Horse identity and lifecycle,MEDIUM:8,P0,Owner;Trainer;Barn Manager;Staff;Veterinarian;Farrier;Guardian,PIA_SUPPLEMENT_CANDIDATE,PARTIAL_IMPLEMENTATION,ES-FEAT-PLATFORM-001;ES-FEAT-HORSE-001;ES-FEAT-IDENTITY-001;ES-FEAT-RELATIONSHIP-001;ES-FEAT-COMMUNICATIONS-001;ES-FEAT-TASKS-001;ES-FEAT-CARE-001,GOVERNANCE,DRAFT_PIA_SUPPLEMENT,Derived from revised structured row ES-FEAT-HORSE-004 after independent-review adjudication; evidence tier=KEYWORD_MATCH_ONLY.
FOUNDER_DECISION_QUEUE,ES-FEAT-HORSE-005,lease,Horse identity and lifecycle,MEDIUM:6,P0,Owner;Trainer;Barn Manager;Staff;Veterinarian;Farrier;Guardian,PIA_SUPPLEMENT_CANDIDATE,IMPLEMENTED_UNVERIFIED,ES-FEAT-PLATFORM-001;ES-FEAT-HORSE-001;ES-FEAT-IDENTITY-001;ES-FEAT-RELATIONSHIP-001;ES-FEAT-COMMUNICATIONS-001;ES-FEAT-TASKS-001;ES-FEAT-CARE-001,GOVERNANCE,DRAFT_PIA_SUPPLEMENT,Derived from revised structured row ES-FEAT-HORSE-005 after independent-review adjudication; evidence tier=KEYWORD_MATCH_ONLY.
IMPLEMENTATION_VERIFICATION_QUEUE,ES-FEAT-HORSE-005,lease,Horse identity and lifecycle,MEDIUM:6,P0,Owner;Trainer;Barn Manager;Staff;Veterinarian;Farrier;Guardian,PIA_SUPPLEMENT_CANDIDATE,IMPLEMENTED_UNVERIFIED,ES-FEAT-PLATFORM-001;ES-FEAT-HORSE-001;ES-FEAT-IDENTITY-001;ES-FEAT-RELATIONSHIP-001;ES-FEAT-COMMUNICATIONS-001;ES-FEAT-TASKS-001;ES-FEAT-CARE-001,GOVERNANCE,DRAFT_PIA_SUPPLEMENT,Derived from revised structured row ES-FEAT-HORSE-005 after independent-review adjudication; evidence tier=KEYWORD_MATCH_ONLY.
PIA_SUPPLEMENT_QUEUE,ES-FEAT-HORSE-005,lease,Horse identity and lifecycle,MEDIUM:6,P0,Owner;Trainer;Barn Manager;Staff;Veterinarian;Farrier;Guardian,PIA_SUPPLEMENT_CANDIDATE,IMPLEMENTED_UNVERIFIED,ES-FEAT-PLATFORM-001;ES-FEAT-HORSE-001;ES-FEAT-IDENTITY-001;ES-FEAT-RELATIONSHIP-001;ES-FEAT-COMMUNICATIONS-001;ES-FEAT-TASKS-001;ES-FEAT-CARE-001,GOVERNANCE,DRAFT_PIA_SUPPLEMENT,Derived from revised structured row ES-FEAT-HORSE-005 after independent-review adjudication; evidence tier=KEYWORD_MATCH_ONLY.
RUNTIME_VERIFICATION_QUEUE,ES-FEAT-HORSE-005,lease,Horse identity and lifecycle,MEDIUM:6,P0,Owner;Trainer;Barn Manager;Staff;Veterinarian;Farrier;Guardian,PIA_SUPPLEMENT_CANDIDATE,IMPLEMENTED_UNVERIFIED,ES-FEAT-PLATFORM-001;ES-FEAT-HORSE-001;ES-FEAT-IDENTITY-001;ES-FEAT-RELATIONSHIP-001;ES-FEAT-COMMUNICATIONS-001;ES-FEAT-TASKS-001;ES-FEAT-CARE-001,GOVERNANCE,DRAFT_PIA_SUPPLEMENT,Derived from revised structured row ES-FEAT-HORSE-005 after independent-review adjudication; evidence tier=KEYWORD_MATCH_ONLY.
FOUNDER_DECISION_QUEUE,ES-FEAT-HORSE-006,transfer (Horse identity),Horse identity and lifecycle,MEDIUM:4,P0,Owner;Trainer;Barn Manager;Staff;Veterinarian;Farrier;Guardian,PIA_SUPPLEMENT_CANDIDATE,PARTIAL_IMPLEMENTATION,ES-FEAT-PLATFORM-001;ES-FEAT-HORSE-001;ES-FEAT-IDENTITY-001;ES-FEAT-RELATIONSHIP-001;ES-FEAT-COMMUNICATIONS-001;ES-FEAT-TASKS-001;ES-FEAT-CARE-001,GOVERNANCE,DRAFT_PIA_SUPPLEMENT,Derived from revised structured row ES-FEAT-HORSE-006 after independent-review adjudication; evidence tier=KEYWORD_MATCH_ONLY.
IMPLEMENTATION_VERIFICATION_QUEUE,ES-FEAT-HORSE-006,transfer (Horse identity),Horse identity and lifecycle,MEDIUM:4,P0,Owner;Trainer;Barn Manager;Staff;Veterinarian;Farrier;Guardian,PIA_SUPPLEMENT_CANDIDATE,PARTIAL_IMPLEMENTATION,ES-FEAT-PLATFORM-001;ES-FEAT-HORSE-001;ES-FEAT-IDENTITY-001;ES-FEAT-RELATIONSHIP-001;ES-FEAT-COMMUNICATIONS-001;ES-FEAT-TASKS-001;ES-FEAT-CARE-001,GOVERNANCE,DRAFT_PIA_SUPPLEMENT,Derived from revised structured row ES-FEAT-HORSE-006 after independent-review adjudication; evidence tier=KEYWORD_MATCH_ONLY.
PIA_SUPPLEMENT_QUEUE,ES-FEAT-HORSE-006,transfer (Horse identity),Horse identity and lifecycle,MEDIUM:4,P0,Owner;Trainer;Barn Manager;Staff;Veterinarian;Farrier;Guardian,PIA_SUPPLEMENT_CANDIDATE,PARTIAL_IMPLEMENTATION,ES-FEAT-PLATFORM-001;ES-FEAT-HORSE-001;ES-FEAT-IDENTITY-001;ES-FEAT-RELATIONSHIP-001;ES-FEAT-COMMUNICATIONS-001;ES-FEAT-TASKS-001;ES-FEAT-CARE-001,GOVERNANCE,DRAFT_PIA_SUPPLEMENT,Derived from revised structured row ES-FEAT-HORSE-006 after independent-review adjudication; evidence tier=KEYWORD_MATCH_ONLY.
RUNTIME_VERIFICATION_QUEUE,ES-FEAT-HORSE-006,transfer (Horse identity),Horse identity and lifecycle,MEDIUM:4,P0,Owner;Trainer;Barn Manager;Staff;Veterinarian;Farrier;Guardian,PIA_SUPPLEMENT_CANDIDATE,PARTIAL_IMPLEMENTATION,ES-FEAT-PLATFORM-001;ES-FEAT-HORSE-001;ES-FEAT-IDENTITY-001;ES-FEAT-RELATIONSHIP-001;ES-FEAT-COMMUNICATIONS-001;ES-FEAT-TASKS-001;ES-FEAT-CARE-001,GOVERNANCE,DRAFT_PIA_SUPPLEMENT,Derived from revised structured row ES-FEAT-HORSE-006 after independent-review adjudication; evidence tier=KEYWORD_MATCH_ONLY.
FOUNDER_DECISION_QUEUE,ES-FEAT-HORSE-007,medical continuity,Horse identity and lifecycle,MEDIUM:8,P0,Owner;Trainer;Barn Manager;Staff;Veterinarian;Farrier;Guardian,PIA_SUPPLEMENT_CANDIDATE,IMPLEMENTED_UNVERIFIED,ES-FEAT-PLATFORM-001;ES-FEAT-HORSE-001;ES-FEAT-IDENTITY-001;ES-FEAT-RELATIONSHIP-001;ES-FEAT-COMMUNICATIONS-001;ES-FEAT-TASKS-001;ES-FEAT-CARE-001,GOVERNANCE,DRAFT_PIA_SUPPLEMENT,Derived from revised structured row ES-FEAT-HORSE-007 after independent-review adjudication; evidence tier=KEYWORD_MATCH_ONLY.
IMPLEMENTATION_VERIFICATION_QUEUE,ES-FEAT-HORSE-007,medical continuity,Horse identity and lifecycle,MEDIUM:8,P0,Owner;Trainer;Barn Manager;Staff;Veterinarian;Farrier;Guardian,PIA_SUPPLEMENT_CANDIDATE,IMPLEMENTED_UNVERIFIED,ES-FEAT-PLATFORM-001;ES-FEAT-HORSE-001;ES-FEAT-IDENTITY-001;ES-FEAT-RELATIONSHIP-001;ES-FEAT-COMMUNICATIONS-001;ES-FEAT-TASKS-001;ES-FEAT-CARE-001,GOVERNANCE,DRAFT_PIA_SUPPLEMENT,Derived from revised structured row ES-FEAT-HORSE-007 after independent-review adjudication; evidence tier=KEYWORD_MATCH_ONLY.
PIA_SUPPLEMENT_QUEUE,ES-FEAT-HORSE-007,medical continuity,Horse identity and lifecycle,MEDIUM:8,P0,Owner;Trainer;Barn Manager;Staff;Veterinarian;Farrier;Guardian,PIA_SUPPLEMENT_CANDIDATE,IMPLEMENTED_UNVERIFIED,ES-FEAT-PLATFORM-001;ES-FEAT-HORSE-001;ES-FEAT-IDENTITY-001;ES-FEAT-RELATIONSHIP-001;ES-FEAT-COMMUNICATIONS-001;ES-FEAT-TASKS-001;ES-FEAT-CARE-001,GOVERNANCE,DRAFT_PIA_SUPPLEMENT,Derived from revised structured row ES-FEAT-HORSE-007 after independent-review adjudication; evidence tier=KEYWORD_MATCH_ONLY.
RUNTIME_VERIFICATION_QUEUE,ES-FEAT-HORSE-007,medical continuity,Horse identity and lifecycle,MEDIUM:8,P0,Owner;Trainer;Barn Manager;Staff;Veterinarian;Farrier;Guardian,PIA_SUPPLEMENT_CANDIDATE,IMPLEMENTED_UNVERIFIED,ES-FEAT-PLATFORM-001;ES-FEAT-HORSE-001;ES-FEAT-IDENTITY-001;ES-FEAT-RELATIONSHIP-001;ES-FEAT-COMMUNICATIONS-001;ES-FEAT-TASKS-001;ES-FEAT-CARE-001,GOVERNANCE,DRAFT_PIA_SUPPLEMENT,Derived from revised structured row ES-FEAT-HORSE-007 after independent-review adjudication; evidence tier=KEYWORD_MATCH_ONLY.
FOUNDER_DECISION_QUEUE,ES-FEAT-HORSE-008,emergency transfer,Horse identity and lifecycle,CRITICAL:12,P0,Owner;Trainer;Barn Manager;Staff;Veterinarian;Farrier;Guardian,PIA_SUPPLEMENT_CANDIDATE,IMPLEMENTED_UNVERIFIED,ES-FEAT-PLATFORM-001;ES-FEAT-HORSE-001;ES-FEAT-IDENTITY-001;ES-FEAT-RELATIONSHIP-001;ES-FEAT-COMMUNICATIONS-001;ES-FEAT-TASKS-001;ES-FEAT-CARE-001,GOVERNANCE,DRAFT_PIA_SUPPLEMENT,Derived from revised structured row ES-FEAT-HORSE-008 after independent-review adjudication; evidence tier=KEYWORD_MATCH_ONLY.
IMPLEMENTATION_VERIFICATION_QUEUE,ES-FEAT-HORSE-008,emergency transfer,Horse identity and lifecycle,CRITICAL:12,P0,Owner;Trainer;Barn Manager;Staff;Veterinarian;Farrier;Guardian,PIA_SUPPLEMENT_CANDIDATE,IMPLEMENTED_UNVERIFIED,ES-FEAT-PLATFORM-001;ES-FEAT-HORSE-001;ES-FEAT-IDENTITY-001;ES-FEAT-RELATIONSHIP-001;ES-FEAT-COMMUNICATIONS-001;ES-FEAT-TASKS-001;ES-FEAT-CARE-001,GOVERNANCE,DRAFT_PIA_SUPPLEMENT,Derived from revised structured row ES-FEAT-HORSE-008 after independent-review adjudication; evidence tier=KEYWORD_MATCH_ONLY.
PIA_SUPPLEMENT_QUEUE,ES-FEAT-HORSE-008,emergency transfer,Horse identity and lifecycle,CRITICAL:12,P0,Owner;Trainer;Barn Manager;Staff;Veterinarian;Farrier;Guardian,PIA_SUPPLEMENT_CANDIDATE,IMPLEMENTED_UNVERIFIED,ES-FEAT-PLATFORM-001;ES-FEAT-HORSE-001;ES-FEAT-IDENTITY-001;ES-FEAT-RELATIONSHIP-001;ES-FEAT-COMMUNICATIONS-001;ES-FEAT-TASKS-001;ES-FEAT-CARE-001,GOVERNANCE,DRAFT_PIA_SUPPLEMENT,Derived from revised structured row ES-FEAT-HORSE-008 after independent-review adjudication; evidence tier=KEYWORD_MATCH_ONLY.
RUNTIME_VERIFICATION_QUEUE,ES-FEAT-HORSE-008,emergency transfer,Horse identity and lifecycle,CRITICAL:12,P0,Owner;Trainer;Barn Manager;Staff;Veterinarian;Farrier;Guardian,PIA_SUPPLEMENT_CANDIDATE,IMPLEMENTED_UNVERIFIED,ES-FEAT-PLATFORM-001;ES-FEAT-HORSE-001;ES-FEAT-IDENTITY-001;ES-FEAT-RELATIONSHIP-001;ES-FEAT-COMMUNICATIONS-001;ES-FEAT-TASKS-001;ES-FEAT-CARE-001,GOVERNANCE,DRAFT_PIA_SUPPLEMENT,Derived from revised structured row ES-FEAT-HORSE-008 after independent-review adjudication; evidence tier=KEYWORD_MATCH_ONLY.
FOUNDER_DECISION_QUEUE,ES-FEAT-HORSE-009,historical ownership,Horse identity and lifecycle,MEDIUM:4,P0,Owner;Trainer;Barn Manager;Staff;Veterinarian;Farrier;Guardian,PIA_SUPPLEMENT_CANDIDATE,PARTIAL_IMPLEMENTATION,ES-FEAT-PLATFORM-001;ES-FEAT-HORSE-001;ES-FEAT-IDENTITY-001;ES-FEAT-RELATIONSHIP-001;ES-FEAT-COMMUNICATIONS-001;ES-FEAT-TASKS-001;ES-FEAT-CARE-001,GOVERNANCE,DRAFT_PIA_SUPPLEMENT,Derived from revised structured row ES-FEAT-HORSE-009 after independent-review adjudication; evidence tier=KEYWORD_MATCH_ONLY.
IMPLEMENTATION_VERIFICATION_QUEUE,ES-FEAT-HORSE-009,historical ownership,Horse identity and lifecycle,MEDIUM:4,P0,Owner;Trainer;Barn Manager;Staff;Veterinarian;Farrier;Guardian,PIA_SUPPLEMENT_CANDIDATE,PARTIAL_IMPLEMENTATION,ES-FEAT-PLATFORM-001;ES-FEAT-HORSE-001;ES-FEAT-IDENTITY-001;ES-FEAT-RELATIONSHIP-001;ES-FEAT-COMMUNICATIONS-001;ES-FEAT-TASKS-001;ES-FEAT-CARE-001,GOVERNANCE,DRAFT_PIA_SUPPLEMENT,Derived from revised structured row ES-FEAT-HORSE-009 after independent-review adjudication; evidence tier=KEYWORD_MATCH_ONLY.
PIA_SUPPLEMENT_QUEUE,ES-FEAT-HORSE-009,historical ownership,Horse identity and lifecycle,MEDIUM:4,P0,Owner;Trainer;Barn Manager;Staff;Veterinarian;Farrier;Guardian,PIA_SUPPLEMENT_CANDIDATE,PARTIAL_IMPLEMENTATION,ES-FEAT-PLATFORM-001;ES-FEAT-HORSE-001;ES-FEAT-IDENTITY-001;ES-FEAT-RELATIONSHIP-001;ES-FEAT-COMMUNICATIONS-001;ES-FEAT-TASKS-001;ES-FEAT-CARE-001,GOVERNANCE,DRAFT_PIA_SUPPLEMENT,Derived from revised structured row ES-FEAT-HORSE-009 after independent-review adjudication; evidence tier=KEYWORD_MATCH_ONLY.
RUNTIME_VERIFICATION_QUEUE,ES-FEAT-HORSE-009,historical ownership,Horse identity and lifecycle,MEDIUM:4,P0,Owner;Trainer;Barn Manager;Staff;Veterinarian;Farrier;Guardian,PIA_SUPPLEMENT_CANDIDATE,PARTIAL_IMPLEMENTATION,ES-FEAT-PLATFORM-001;ES-FEAT-HORSE-001;ES-FEAT-IDENTITY-001;ES-FEAT-RELATIONSHIP-001;ES-FEAT-COMMUNICATIONS-001;ES-FEAT-TASKS-001;ES-FEAT-CARE-001,GOVERNANCE,DRAFT_PIA_SUPPLEMENT,Derived from revised structured row ES-FEAT-HORSE-009 after independent-review adjudication; evidence tier=KEYWORD_MATCH_ONLY.
FOUNDER_DECISION_QUEUE,ES-FEAT-HORSE-010,duplicate horse resolution,Horse identity and lifecycle,MEDIUM:8,P0,Owner;Trainer;Barn Manager;Staff;Veterinarian;Farrier;Guardian,PIA_SUPPLEMENT_CANDIDATE,PARTIAL_IMPLEMENTATION,ES-FEAT-PLATFORM-001;ES-FEAT-HORSE-001;ES-FEAT-IDENTITY-001;ES-FEAT-RELATIONSHIP-001;ES-FEAT-COMMUNICATIONS-001;ES-FEAT-TASKS-001;ES-FEAT-CARE-001,GOVERNANCE,DRAFT_PIA_SUPPLEMENT,Derived from revised structured row ES-FEAT-HORSE-010 after independent-review adjudication; evidence tier=KEYWORD_MATCH_ONLY.
IMPLEMENTATION_VERIFICATION_QUEUE,ES-FEAT-HORSE-010,duplicate horse resolution,Horse identity and lifecycle,MEDIUM:8,P0,Owner;Trainer;Barn Manager;Staff;Veterinarian;Farrier;Guardian,PIA_SUPPLEMENT_CANDIDATE,PARTIAL_IMPLEMENTATION,ES-FEAT-PLATFORM-001;ES-FEAT-HORSE-001;ES-FEAT-IDENTITY-001;ES-FEAT-RELATIONSHIP-001;ES-FEAT-COMMUNICATIONS-001;ES-FEAT-TASKS-001;ES-FEAT-CARE-001,GOVERNANCE,DRAFT_PIA_SUPPLEMENT,Derived from revised structured row ES-FEAT-HORSE-010 after independent-review adjudication; evidence tier=KEYWORD_MATCH_ONLY.
PIA_SUPPLEMENT_QUEUE,ES-FEAT-HORSE-010,duplicate horse resolution,Horse identity and lifecycle,MEDIUM:8,P0,Owner;Trainer;Barn Manager;Staff;Veterinarian;Farrier;Guardian,PIA_SUPPLEMENT_CANDIDATE,PARTIAL_IMPLEMENTATION,ES-FEAT-PLATFORM-001;ES-FEAT-HORSE-001;ES-FEAT-IDENTITY-001;ES-FEAT-RELATIONSHIP-001;ES-FEAT-COMMUNICATIONS-001;ES-FEAT-TASKS-001;ES-FEAT-CARE-001,GOVERNANCE,DRAFT_PIA_SUPPLEMENT,Derived from revised structured row ES-FEAT-HORSE-010 after independent-review adjudication; evidence tier=KEYWORD_MATCH_ONLY.
RUNTIME_VERIFICATION_QUEUE,ES-FEAT-HORSE-010,duplicate horse resolution,Horse identity and lifecycle,MEDIUM:8,P0,Owner;Trainer;Barn Manager;Staff;Veterinarian;Farrier;Guardian,PIA_SUPPLEMENT_CANDIDATE,PARTIAL_IMPLEMENTATION,ES-FEAT-PLATFORM-001;ES-FEAT-HORSE-001;ES-FEAT-IDENTITY-001;ES-FEAT-RELATIONSHIP-001;ES-FEAT-COMMUNICATIONS-001;ES-FEAT-TASKS-001;ES-FEAT-CARE-001,GOVERNANCE,DRAFT_PIA_SUPPLEMENT,Derived from revised structured row ES-FEAT-HORSE-010 after independent-review adjudication; evidence tier=KEYWORD_MATCH_ONLY.
FOUNDER_DECISION_QUEUE,ES-FEAT-HORSE-011,retirement,Horse identity and lifecycle,MEDIUM:6,P0,Owner;Trainer;Barn Manager;Staff;Veterinarian;Farrier;Guardian,PIA_SUPPLEMENT_CANDIDATE,PARTIAL_IMPLEMENTATION,ES-FEAT-PLATFORM-001;ES-FEAT-HORSE-001;ES-FEAT-IDENTITY-001;ES-FEAT-RELATIONSHIP-001;ES-FEAT-COMMUNICATIONS-001;ES-FEAT-TASKS-001;ES-FEAT-CARE-001,GOVERNANCE,DRAFT_PIA_SUPPLEMENT,Derived from revised structured row ES-FEAT-HORSE-011 after independent-review adjudication; evidence tier=KEYWORD_MATCH_ONLY.
IMPLEMENTATION_VERIFICATION_QUEUE,ES-FEAT-HORSE-011,retirement,Horse identity and lifecycle,MEDIUM:6,P0,Owner;Trainer;Barn Manager;Staff;Veterinarian;Farrier;Guardian,PIA_SUPPLEMENT_CANDIDATE,PARTIAL_IMPLEMENTATION,ES-FEAT-PLATFORM-001;ES-FEAT-HORSE-001;ES-FEAT-IDENTITY-001;ES-FEAT-RELATIONSHIP-001;ES-FEAT-COMMUNICATIONS-001;ES-FEAT-TASKS-001;ES-FEAT-CARE-001,GOVERNANCE,DRAFT_PIA_SUPPLEMENT,Derived from revised structured row ES-FEAT-HORSE-011 after independent-review adjudication; evidence tier=KEYWORD_MATCH_ONLY.
PIA_SUPPLEMENT_QUEUE,ES-FEAT-HORSE-011,retirement,Horse identity and lifecycle,MEDIUM:6,P0,Owner;Trainer;Barn Manager;Staff;Veterinarian;Farrier;Guardian,PIA_SUPPLEMENT_CANDIDATE,PARTIAL_IMPLEMENTATION,ES-FEAT-PLATFORM-001;ES-FEAT-HORSE-001;ES-FEAT-IDENTITY-001;ES-FEAT-RELATIONSHIP-001;ES-FEAT-COMMUNICATIONS-001;ES-FEAT-TASKS-001;ES-FEAT-CARE-001,GOVERNANCE,DRAFT_PIA_SUPPLEMENT,Derived from revised structured row ES-FEAT-HORSE-011 after independent-review adjudication; evidence tier=KEYWORD_MATCH_ONLY.
RUNTIME_VERIFICATION_QUEUE,ES-FEAT-HORSE-011,retirement,Horse identity and lifecycle,MEDIUM:6,P0,Owner;Trainer;Barn Manager;Staff;Veterinarian;Farrier;Guardian,PIA_SUPPLEMENT_CANDIDATE,PARTIAL_IMPLEMENTATION,ES-FEAT-PLATFORM-001;ES-FEAT-HORSE-001;ES-FEAT-IDENTITY-001;ES-FEAT-RELATIONSHIP-001;ES-FEAT-COMMUNICATIONS-001;ES-FEAT-TASKS-001;ES-FEAT-CARE-001,GOVERNANCE,DRAFT_PIA_SUPPLEMENT,Derived from revised structured row ES-FEAT-HORSE-011 after independent-review adjudication; evidence tier=KEYWORD_MATCH_ONLY.
FOUNDER_DECISION_QUEUE,ES-FEAT-HORSE-012,memorialization,Horse identity and lifecycle,MEDIUM:4,P0,Owner;Trainer;Barn Manager;Staff;Veterinarian;Farrier;Guardian,PIA_SUPPLEMENT_CANDIDATE,PARTIAL_IMPLEMENTATION,ES-FEAT-PLATFORM-001;ES-FEAT-HORSE-001;ES-FEAT-IDENTITY-001;ES-FEAT-RELATIONSHIP-001;ES-FEAT-COMMUNICATIONS-001;ES-FEAT-TASKS-001;ES-FEAT-CARE-001,GOVERNANCE,DRAFT_PIA_SUPPLEMENT,Derived from revised structured row ES-FEAT-HORSE-012 after independent-review adjudication; evidence tier=KEYWORD_MATCH_ONLY.
IMPLEMENTATION_VERIFICATION_QUEUE,ES-FEAT-HORSE-012,memorialization,Horse identity and lifecycle,MEDIUM:4,P0,Owner;Trainer;Barn Manager;Staff;Veterinarian;Farrier;Guardian,PIA_SUPPLEMENT_CANDIDATE,PARTIAL_IMPLEMENTATION,ES-FEAT-PLATFORM-001;ES-FEAT-HORSE-001;ES-FEAT-IDENTITY-001;ES-FEAT-RELATIONSHIP-001;ES-FEAT-COMMUNICATIONS-001;ES-FEAT-TASKS-001;ES-FEAT-CARE-001,GOVERNANCE,DRAFT_PIA_SUPPLEMENT,Derived from revised structured row ES-FEAT-HORSE-012 after independent-review adjudication; evidence tier=KEYWORD_MATCH_ONLY.
PIA_SUPPLEMENT_QUEUE,ES-FEAT-HORSE-012,memorialization,Horse identity and lifecycle,MEDIUM:4,P0,Owner;Trainer;Barn Manager;Staff;Veterinarian;Farrier;Guardian,PIA_SUPPLEMENT_CANDIDATE,PARTIAL_IMPLEMENTATION,ES-FEAT-PLATFORM-001;ES-FEAT-HORSE-001;ES-FEAT-IDENTITY-001;ES-FEAT-RELATIONSHIP-001;ES-FEAT-COMMUNICATIONS-001;ES-FEAT-TASKS-001;ES-FEAT-CARE-001,GOVERNANCE,DRAFT_PIA_SUPPLEMENT,Derived from revised structured row ES-FEAT-HORSE-012 after independent-review adjudication; evidence tier=KEYWORD_MATCH_ONLY.
RUNTIME_VERIFICATION_QUEUE,ES-FEAT-HORSE-012,memorialization,Horse identity and lifecycle,MEDIUM:4,P0,Owner;Trainer;Barn Manager;Staff;Veterinarian;Farrier;Guardian,PIA_SUPPLEMENT_CANDIDATE,PARTIAL_IMPLEMENTATION,ES-FEAT-PLATFORM-001;ES-FEAT-HORSE-001;ES-FEAT-IDENTITY-001;ES-FEAT-RELATIONSHIP-001;ES-FEAT-COMMUNICATIONS-001;ES-FEAT-TASKS-001;ES-FEAT-CARE-001,GOVERNANCE,DRAFT_PIA_SUPPLEMENT,Derived from revised structured row ES-FEAT-HORSE-012 after independent-review adjudication; evidence tier=KEYWORD_MATCH_ONLY.
FOUNDER_DECISION_QUEUE,ES-FEAT-HORSE-013,public and private projections,Horse identity and lifecycle,MEDIUM:8,P0,Owner;Trainer;Barn Manager;Staff;Veterinarian;Farrier;Guardian,PIA_SUPPLEMENT_CANDIDATE,IMPLEMENTED_UNVERIFIED,ES-FEAT-PLATFORM-001;ES-FEAT-HORSE-001;ES-FEAT-IDENTITY-001;ES-FEAT-RELATIONSHIP-001;ES-FEAT-COMMUNICATIONS-001;ES-FEAT-TASKS-001;ES-FEAT-CARE-001,GOVERNANCE,DRAFT_PIA_SUPPLEMENT,Derived from revised structured row ES-FEAT-HORSE-013 after independent-review adjudication; evidence tier=KEYWORD_MATCH_ONLY.
IMPLEMENTATION_VERIFICATION_QUEUE,ES-FEAT-HORSE-013,public and private projections,Horse identity and lifecycle,MEDIUM:8,P0,Owner;Trainer;Barn Manager;Staff;Veterinarian;Farrier;Guardian,PIA_SUPPLEMENT_CANDIDATE,IMPLEMENTED_UNVERIFIED,ES-FEAT-PLATFORM-001;ES-FEAT-HORSE-001;ES-FEAT-IDENTITY-001;ES-FEAT-RELATIONSHIP-001;ES-FEAT-COMMUNICATIONS-001;ES-FEAT-TASKS-001;ES-FEAT-CARE-001,GOVERNANCE,DRAFT_PIA_SUPPLEMENT,Derived from revised structured row ES-FEAT-HORSE-013 after independent-review adjudication; evidence tier=KEYWORD_MATCH_ONLY.
PIA_SUPPLEMENT_QUEUE,ES-FEAT-HORSE-013,public and private projections,Horse identity and lifecycle,MEDIUM:8,P0,Owner;Trainer;Barn Manager;Staff;Veterinarian;Farrier;Guardian,PIA_SUPPLEMENT_CANDIDATE,IMPLEMENTED_UNVERIFIED,ES-FEAT-PLATFORM-001;ES-FEAT-HORSE-001;ES-FEAT-IDENTITY-001;ES-FEAT-RELATIONSHIP-001;ES-FEAT-COMMUNICATIONS-001;ES-FEAT-TASKS-001;ES-FEAT-CARE-001,GOVERNANCE,DRAFT_PIA_SUPPLEMENT,Derived from revised structured row ES-FEAT-HORSE-013 after independent-review adjudication; evidence tier=KEYWORD_MATCH_ONLY.
RUNTIME_VERIFICATION_QUEUE,ES-FEAT-HORSE-013,public and private projections,Horse identity and lifecycle,MEDIUM:8,P0,Owner;Trainer;Barn Manager;Staff;Veterinarian;Farrier;Guardian,PIA_SUPPLEMENT_CANDIDATE,IMPLEMENTED_UNVERIFIED,ES-FEAT-PLATFORM-001;ES-FEAT-HORSE-001;ES-FEAT-IDENTITY-001;ES-FEAT-RELATIONSHIP-001;ES-FEAT-COMMUNICATIONS-001;ES-FEAT-TASKS-001;ES-FEAT-CARE-001,GOVERNANCE,DRAFT_PIA_SUPPLEMENT,Derived from revised structured row ES-FEAT-HORSE-013 after independent-review adjudication; evidence tier=KEYWORD_MATCH_ONLY.
FOUNDER_DECISION_QUEUE,ES-FEAT-CARE-001,feed,Care operations,MEDIUM:6,P0,Barn Manager;Trainer;Staff;Owner;Veterinarian;Farrier;Guardian,PIA_SUPPLEMENT_CANDIDATE,IMPLEMENTED_UNVERIFIED,ES-FEAT-PLATFORM-001,GOVERNANCE,DRAFT_PIA_SUPPLEMENT,Derived from revised structured row ES-FEAT-CARE-001 after independent-review adjudication; evidence tier=KEYWORD_MATCH_ONLY.
IMPLEMENTATION_VERIFICATION_QUEUE,ES-FEAT-CARE-001,feed,Care operations,MEDIUM:6,P0,Barn Manager;Trainer;Staff;Owner;Veterinarian;Farrier;Guardian,PIA_SUPPLEMENT_CANDIDATE,IMPLEMENTED_UNVERIFIED,ES-FEAT-PLATFORM-001,GOVERNANCE,DRAFT_PIA_SUPPLEMENT,Derived from revised structured row ES-FEAT-CARE-001 after independent-review adjudication; evidence tier=KEYWORD_MATCH_ONLY.
PIA_SUPPLEMENT_QUEUE,ES-FEAT-CARE-001,feed,Care operations,MEDIUM:6,P0,Barn Manager;Trainer;Staff;Owner;Veterinarian;Farrier;Guardian,PIA_SUPPLEMENT_CANDIDATE,IMPLEMENTED_UNVERIFIED,ES-FEAT-PLATFORM-001,GOVERNANCE,DRAFT_PIA_SUPPLEMENT,Derived from revised structured row ES-FEAT-CARE-001 after independent-review adjudication; evidence tier=KEYWORD_MATCH_ONLY.
RUNTIME_VERIFICATION_QUEUE,ES-FEAT-CARE-001,feed,Care operations,MEDIUM:6,P0,Barn Manager;Trainer;Staff;Owner;Veterinarian;Farrier;Guardian,PIA_SUPPLEMENT_CANDIDATE,IMPLEMENTED_UNVERIFIED,ES-FEAT-PLATFORM-001,GOVERNANCE,DRAFT_PIA_SUPPLEMENT,Derived from revised structured row ES-FEAT-CARE-001 after independent-review adjudication; evidence tier=KEYWORD_MATCH_ONLY.
FOUNDER_DECISION_QUEUE,ES-FEAT-CARE-002,supplements,Care operations,MEDIUM:4,P0,Barn Manager;Trainer;Staff;Owner;Veterinarian;Farrier;Guardian,PIA_SUPPLEMENT_CANDIDATE,IMPLEMENTED_UNVERIFIED,ES-FEAT-PLATFORM-001;ES-FEAT-CARE-001;ES-FEAT-IDENTITY-001;ES-FEAT-RELATIONSHIP-001;ES-FEAT-COMMUNICATIONS-001;ES-FEAT-TASKS-001;ES-FEAT-HORSE-001,GOVERNANCE,DRAFT_PIA_SUPPLEMENT,Derived from revised structured row ES-FEAT-CARE-002 after independent-review adjudication; evidence tier=KEYWORD_MATCH_ONLY.
IMPLEMENTATION_VERIFICATION_QUEUE,ES-FEAT-CARE-002,supplements,Care operations,MEDIUM:4,P0,Barn Manager;Trainer;Staff;Owner;Veterinarian;Farrier;Guardian,PIA_SUPPLEMENT_CANDIDATE,IMPLEMENTED_UNVERIFIED,ES-FEAT-PLATFORM-001;ES-FEAT-CARE-001;ES-FEAT-IDENTITY-001;ES-FEAT-RELATIONSHIP-001;ES-FEAT-COMMUNICATIONS-001;ES-FEAT-TASKS-001;ES-FEAT-HORSE-001,GOVERNANCE,DRAFT_PIA_SUPPLEMENT,Derived from revised structured row ES-FEAT-CARE-002 after independent-review adjudication; evidence tier=KEYWORD_MATCH_ONLY.
PIA_SUPPLEMENT_QUEUE,ES-FEAT-CARE-002,supplements,Care operations,MEDIUM:4,P0,Barn Manager;Trainer;Staff;Owner;Veterinarian;Farrier;Guardian,PIA_SUPPLEMENT_CANDIDATE,IMPLEMENTED_UNVERIFIED,ES-FEAT-PLATFORM-001;ES-FEAT-CARE-001;ES-FEAT-IDENTITY-001;ES-FEAT-RELATIONSHIP-001;ES-FEAT-COMMUNICATIONS-001;ES-FEAT-TASKS-001;ES-FEAT-HORSE-001,GOVERNANCE,DRAFT_PIA_SUPPLEMENT,Derived from revised structured row ES-FEAT-CARE-002 after independent-review adjudication; evidence tier=KEYWORD_MATCH_ONLY.
RUNTIME_VERIFICATION_QUEUE,ES-FEAT-CARE-002,supplements,Care operations,MEDIUM:4,P0,Barn Manager;Trainer;Staff;Owner;Veterinarian;Farrier;Guardian,PIA_SUPPLEMENT_CANDIDATE,IMPLEMENTED_UNVERIFIED,ES-FEAT-PLATFORM-001;ES-FEAT-CARE-001;ES-FEAT-IDENTITY-001;ES-FEAT-RELATIONSHIP-001;ES-FEAT-COMMUNICATIONS-001;ES-FEAT-TASKS-001;ES-FEAT-HORSE-001,GOVERNANCE,DRAFT_PIA_SUPPLEMENT,Derived from revised structured row ES-FEAT-CARE-002 after independent-review adjudication; evidence tier=KEYWORD_MATCH_ONLY.
FOUNDER_DECISION_QUEUE,ES-FEAT-CARE-003,medication,Care operations,MEDIUM:8,P0,Barn Manager;Trainer;Staff;Owner;Veterinarian;Farrier;Guardian,PIA_SUPPLEMENT_CANDIDATE,IMPLEMENTED_UNVERIFIED,ES-FEAT-PLATFORM-001;ES-FEAT-CARE-001;ES-FEAT-IDENTITY-001;ES-FEAT-RELATIONSHIP-001;ES-FEAT-COMMUNICATIONS-001;ES-FEAT-TASKS-001;ES-FEAT-HORSE-001,GOVERNANCE,DRAFT_PIA_SUPPLEMENT,Derived from revised structured row ES-FEAT-CARE-003 after independent-review adjudication; evidence tier=KEYWORD_MATCH_ONLY.
IMPLEMENTATION_VERIFICATION_QUEUE,ES-FEAT-CARE-003,medication,Care operations,MEDIUM:8,P0,Barn Manager;Trainer;Staff;Owner;Veterinarian;Farrier;Guardian,PIA_SUPPLEMENT_CANDIDATE,IMPLEMENTED_UNVERIFIED,ES-FEAT-PLATFORM-001;ES-FEAT-CARE-001;ES-FEAT-IDENTITY-001;ES-FEAT-RELATIONSHIP-001;ES-FEAT-COMMUNICATIONS-001;ES-FEAT-TASKS-001;ES-FEAT-HORSE-001,GOVERNANCE,DRAFT_PIA_SUPPLEMENT,Derived from revised structured row ES-FEAT-CARE-003 after independent-review adjudication; evidence tier=KEYWORD_MATCH_ONLY.
PIA_SUPPLEMENT_QUEUE,ES-FEAT-CARE-003,medication,Care operations,MEDIUM:8,P0,Barn Manager;Trainer;Staff;Owner;Veterinarian;Farrier;Guardian,PIA_SUPPLEMENT_CANDIDATE,IMPLEMENTED_UNVERIFIED,ES-FEAT-PLATFORM-001;ES-FEAT-CARE-001;ES-FEAT-IDENTITY-001;ES-FEAT-RELATIONSHIP-001;ES-FEAT-COMMUNICATIONS-001;ES-FEAT-TASKS-001;ES-FEAT-HORSE-001,GOVERNANCE,DRAFT_PIA_SUPPLEMENT,Derived from revised structured row ES-FEAT-CARE-003 after independent-review adjudication; evidence tier=KEYWORD_MATCH_ONLY.
RUNTIME_VERIFICATION_QUEUE,ES-FEAT-CARE-003,medication,Care operations,MEDIUM:8,P0,Barn Manager;Trainer;Staff;Owner;Veterinarian;Farrier;Guardian,PIA_SUPPLEMENT_CANDIDATE,IMPLEMENTED_UNVERIFIED,ES-FEAT-PLATFORM-001;ES-FEAT-CARE-001;ES-FEAT-IDENTITY-001;ES-FEAT-RELATIONSHIP-001;ES-FEAT-COMMUNICATIONS-001;ES-FEAT-TASKS-001;ES-FEAT-HORSE-001,GOVERNANCE,DRAFT_PIA_SUPPLEMENT,Derived from revised structured row ES-FEAT-CARE-003 after independent-review adjudication; evidence tier=KEYWORD_MATCH_ONLY.
FOUNDER_DECISION_QUEUE,ES-FEAT-CARE-004,treatment instructions,Care operations,MEDIUM:6,P0,Barn Manager;Trainer;Staff;Owner;Veterinarian;Farrier;Guardian,PIA_SUPPLEMENT_CANDIDATE,IMPLEMENTED_UNVERIFIED,ES-FEAT-PLATFORM-001;ES-FEAT-CARE-001;ES-FEAT-IDENTITY-001;ES-FEAT-RELATIONSHIP-001;ES-FEAT-FINANCIAL-001;ES-FEAT-COMMUNICATIONS-001;ES-FEAT-TASKS-001;ES-FEAT-HORSE-001,GOVERNANCE,DRAFT_PIA_SUPPLEMENT,Derived from revised structured row ES-FEAT-CARE-004 after independent-review adjudication; evidence tier=KEYWORD_MATCH_ONLY.
IMPLEMENTATION_VERIFICATION_QUEUE,ES-FEAT-CARE-004,treatment instructions,Care operations,MEDIUM:6,P0,Barn Manager;Trainer;Staff;Owner;Veterinarian;Farrier;Guardian,PIA_SUPPLEMENT_CANDIDATE,IMPLEMENTED_UNVERIFIED,ES-FEAT-PLATFORM-001;ES-FEAT-CARE-001;ES-FEAT-IDENTITY-001;ES-FEAT-RELATIONSHIP-001;ES-FEAT-FINANCIAL-001;ES-FEAT-COMMUNICATIONS-001;ES-FEAT-TASKS-001;ES-FEAT-HORSE-001,GOVERNANCE,DRAFT_PIA_SUPPLEMENT,Derived from revised structured row ES-FEAT-CARE-004 after independent-review adjudication; evidence tier=KEYWORD_MATCH_ONLY.
PIA_SUPPLEMENT_QUEUE,ES-FEAT-CARE-004,treatment instructions,Care operations,MEDIUM:6,P0,Barn Manager;Trainer;Staff;Owner;Veterinarian;Farrier;Guardian,PIA_SUPPLEMENT_CANDIDATE,IMPLEMENTED_UNVERIFIED,ES-FEAT-PLATFORM-001;ES-FEAT-CARE-001;ES-FEAT-IDENTITY-001;ES-FEAT-RELATIONSHIP-001;ES-FEAT-FINANCIAL-001;ES-FEAT-COMMUNICATIONS-001;ES-FEAT-TASKS-001;ES-FEAT-HORSE-001,GOVERNANCE,DRAFT_PIA_SUPPLEMENT,Derived from revised structured row ES-FEAT-CARE-004 after independent-review adjudication; evidence tier=KEYWORD_MATCH_ONLY.
RUNTIME_VERIFICATION_QUEUE,ES-FEAT-CARE-004,treatment instructions,Care operations,MEDIUM:6,P0,Barn Manager;Trainer;Staff;Owner;Veterinarian;Farrier;Guardian,PIA_SUPPLEMENT_CANDIDATE,IMPLEMENTED_UNVERIFIED,ES-FEAT-PLATFORM-001;ES-FEAT-CARE-001;ES-FEAT-IDENTITY-001;ES-FEAT-RELATIONSHIP-001;ES-FEAT-FINANCIAL-001;ES-FEAT-COMMUNICATIONS-001;ES-FEAT-TASKS-001;ES-FEAT-HORSE-001,GOVERNANCE,DRAFT_PIA_SUPPLEMENT,Derived from revised structured row ES-FEAT-CARE-004 after independent-review adjudication; evidence tier=KEYWORD_MATCH_ONLY.
FOUNDER_DECISION_QUEUE,ES-FEAT-CARE-005,turnout,Care operations,MEDIUM:4,P0,Barn Manager;Trainer;Staff;Owner;Veterinarian;Farrier;Guardian,PIA_SUPPLEMENT_CANDIDATE,IMPLEMENTED_UNVERIFIED,ES-FEAT-PLATFORM-001;ES-FEAT-CARE-001;ES-FEAT-IDENTITY-001;ES-FEAT-RELATIONSHIP-001;ES-FEAT-COMMUNICATIONS-001;ES-FEAT-TASKS-001;ES-FEAT-HORSE-001,GOVERNANCE,DRAFT_PIA_SUPPLEMENT,Derived from revised structured row ES-FEAT-CARE-005 after independent-review adjudication; evidence tier=KEYWORD_MATCH_ONLY.
IMPLEMENTATION_VERIFICATION_QUEUE,ES-FEAT-CARE-005,turnout,Care operations,MEDIUM:4,P0,Barn Manager;Trainer;Staff;Owner;Veterinarian;Farrier;Guardian,PIA_SUPPLEMENT_CANDIDATE,IMPLEMENTED_UNVERIFIED,ES-FEAT-PLATFORM-001;ES-FEAT-CARE-001;ES-FEAT-IDENTITY-001;ES-FEAT-RELATIONSHIP-001;ES-FEAT-COMMUNICATIONS-001;ES-FEAT-TASKS-001;ES-FEAT-HORSE-001,GOVERNANCE,DRAFT_PIA_SUPPLEMENT,Derived from revised structured row ES-FEAT-CARE-005 after independent-review adjudication; evidence tier=KEYWORD_MATCH_ONLY.
PIA_SUPPLEMENT_QUEUE,ES-FEAT-CARE-005,turnout,Care operations,MEDIUM:4,P0,Barn Manager;Trainer;Staff;Owner;Veterinarian;Farrier;Guardian,PIA_SUPPLEMENT_CANDIDATE,IMPLEMENTED_UNVERIFIED,ES-FEAT-PLATFORM-001;ES-FEAT-CARE-001;ES-FEAT-IDENTITY-001;ES-FEAT-RELATIONSHIP-001;ES-FEAT-COMMUNICATIONS-001;ES-FEAT-TASKS-001;ES-FEAT-HORSE-001,GOVERNANCE,DRAFT_PIA_SUPPLEMENT,Derived from revised structured row ES-FEAT-CARE-005 after independent-review adjudication; evidence tier=KEYWORD_MATCH_ONLY.
RUNTIME_VERIFICATION_QUEUE,ES-FEAT-CARE-005,turnout,Care operations,MEDIUM:4,P0,Barn Manager;Trainer;Staff;Owner;Veterinarian;Farrier;Guardian,PIA_SUPPLEMENT_CANDIDATE,IMPLEMENTED_UNVERIFIED,ES-FEAT-PLATFORM-001;ES-FEAT-CARE-001;ES-FEAT-IDENTITY-001;ES-FEAT-RELATIONSHIP-001;ES-FEAT-COMMUNICATIONS-001;ES-FEAT-TASKS-001;ES-FEAT-HORSE-001,GOVERNANCE,DRAFT_PIA_SUPPLEMENT,Derived from revised structured row ES-FEAT-CARE-005 after independent-review adjudication; evidence tier=KEYWORD_MATCH_ONLY.
FOUNDER_DECISION_QUEUE,ES-FEAT-CARE-006,blanketing,Care operations,MEDIUM:8,P0,Barn Manager;Trainer;Staff;Owner;Veterinarian;Farrier;Guardian,PIA_SUPPLEMENT_CANDIDATE,IMPLEMENTED_UNVERIFIED,ES-FEAT-PLATFORM-001;ES-FEAT-CARE-001;ES-FEAT-IDENTITY-001;ES-FEAT-RELATIONSHIP-001;ES-FEAT-COMMUNICATIONS-001;ES-FEAT-TASKS-001;ES-FEAT-HORSE-001,GOVERNANCE,DRAFT_PIA_SUPPLEMENT,Derived from revised structured row ES-FEAT-CARE-006 after independent-review adjudication; evidence tier=KEYWORD_MATCH_ONLY.
IMPLEMENTATION_VERIFICATION_QUEUE,ES-FEAT-CARE-006,blanketing,Care operations,MEDIUM:8,P0,Barn Manager;Trainer;Staff;Owner;Veterinarian;Farrier;Guardian,PIA_SUPPLEMENT_CANDIDATE,IMPLEMENTED_UNVERIFIED,ES-FEAT-PLATFORM-001;ES-FEAT-CARE-001;ES-FEAT-IDENTITY-001;ES-FEAT-RELATIONSHIP-001;ES-FEAT-COMMUNICATIONS-001;ES-FEAT-TASKS-001;ES-FEAT-HORSE-001,GOVERNANCE,DRAFT_PIA_SUPPLEMENT,Derived from revised structured row ES-FEAT-CARE-006 after independent-review adjudication; evidence tier=KEYWORD_MATCH_ONLY.
PIA_SUPPLEMENT_QUEUE,ES-FEAT-CARE-006,blanketing,Care operations,MEDIUM:8,P0,Barn Manager;Trainer;Staff;Owner;Veterinarian;Farrier;Guardian,PIA_SUPPLEMENT_CANDIDATE,IMPLEMENTED_UNVERIFIED,ES-FEAT-PLATFORM-001;ES-FEAT-CARE-001;ES-FEAT-IDENTITY-001;ES-FEAT-RELATIONSHIP-001;ES-FEAT-COMMUNICATIONS-001;ES-FEAT-TASKS-001;ES-FEAT-HORSE-001,GOVERNANCE,DRAFT_PIA_SUPPLEMENT,Derived from revised structured row ES-FEAT-CARE-006 after independent-review adjudication; evidence tier=KEYWORD_MATCH_ONLY.
RUNTIME_VERIFICATION_QUEUE,ES-FEAT-CARE-006,blanketing,Care operations,MEDIUM:8,P0,Barn Manager;Trainer;Staff;Owner;Veterinarian;Farrier;Guardian,PIA_SUPPLEMENT_CANDIDATE,IMPLEMENTED_UNVERIFIED,ES-FEAT-PLATFORM-001;ES-FEAT-CARE-001;ES-FEAT-IDENTITY-001;ES-FEAT-RELATIONSHIP-001;ES-FEAT-COMMUNICATIONS-001;ES-FEAT-TASKS-001;ES-FEAT-HORSE-001,GOVERNANCE,DRAFT_PIA_SUPPLEMENT,Derived from revised structured row ES-FEAT-CARE-006 after independent-review adjudication; evidence tier=KEYWORD_MATCH_ONLY.
FOUNDER_DECISION_QUEUE,ES-FEAT-CARE-007,stall rest,Care operations,MEDIUM:6,P0,Barn Manager;Trainer;Staff;Owner;Veterinarian;Farrier;Guardian,PIA_SUPPLEMENT_CANDIDATE,IMPLEMENTED_UNVERIFIED,ES-FEAT-PLATFORM-001;ES-FEAT-CARE-001;ES-FEAT-IDENTITY-001;ES-FEAT-RELATIONSHIP-001;ES-FEAT-COMMUNICATIONS-001;ES-FEAT-TASKS-001;ES-FEAT-HORSE-001,GOVERNANCE,DRAFT_PIA_SUPPLEMENT,Derived from revised structured row ES-FEAT-CARE-007 after independent-review adjudication; evidence tier=KEYWORD_MATCH_ONLY.
IMPLEMENTATION_VERIFICATION_QUEUE,ES-FEAT-CARE-007,stall rest,Care operations,MEDIUM:6,P0,Barn Manager;Trainer;Staff;Owner;Veterinarian;Farrier;Guardian,PIA_SUPPLEMENT_CANDIDATE,IMPLEMENTED_UNVERIFIED,ES-FEAT-PLATFORM-001;ES-FEAT-CARE-001;ES-FEAT-IDENTITY-001;ES-FEAT-RELATIONSHIP-001;ES-FEAT-COMMUNICATIONS-001;ES-FEAT-TASKS-001;ES-FEAT-HORSE-001,GOVERNANCE,DRAFT_PIA_SUPPLEMENT,Derived from revised structured row ES-FEAT-CARE-007 after independent-review adjudication; evidence tier=KEYWORD_MATCH_ONLY.
PIA_SUPPLEMENT_QUEUE,ES-FEAT-CARE-007,stall rest,Care operations,MEDIUM:6,P0,Barn Manager;Trainer;Staff;Owner;Veterinarian;Farrier;Guardian,PIA_SUPPLEMENT_CANDIDATE,IMPLEMENTED_UNVERIFIED,ES-FEAT-PLATFORM-001;ES-FEAT-CARE-001;ES-FEAT-IDENTITY-001;ES-FEAT-RELATIONSHIP-001;ES-FEAT-COMMUNICATIONS-001;ES-FEAT-TASKS-001;ES-FEAT-HORSE-001,GOVERNANCE,DRAFT_PIA_SUPPLEMENT,Derived from revised structured row ES-FEAT-CARE-007 after independent-review adjudication; evidence tier=KEYWORD_MATCH_ONLY.
RUNTIME_VERIFICATION_QUEUE,ES-FEAT-CARE-007,stall rest,Care operations,MEDIUM:6,P0,Barn Manager;Trainer;Staff;Owner;Veterinarian;Farrier;Guardian,PIA_SUPPLEMENT_CANDIDATE,IMPLEMENTED_UNVERIFIED,ES-FEAT-PLATFORM-001;ES-FEAT-CARE-001;ES-FEAT-IDENTITY-001;ES-FEAT-RELATIONSHIP-001;ES-FEAT-COMMUNICATIONS-001;ES-FEAT-TASKS-001;ES-FEAT-HORSE-001,GOVERNANCE,DRAFT_PIA_SUPPLEMENT,Derived from revised structured row ES-FEAT-CARE-007 after independent-review adjudication; evidence tier=KEYWORD_MATCH_ONLY.
FOUNDER_DECISION_QUEUE,ES-FEAT-CARE-008,rehabilitation,Care operations,MEDIUM:4,P0,Barn Manager;Trainer;Staff;Owner;Veterinarian;Farrier;Guardian,PIA_SUPPLEMENT_CANDIDATE,IMPLEMENTED_UNVERIFIED,ES-FEAT-PLATFORM-001;ES-FEAT-CARE-001;ES-FEAT-IDENTITY-001;ES-FEAT-RELATIONSHIP-001;ES-FEAT-FINANCIAL-001;ES-FEAT-COMMUNICATIONS-001;ES-FEAT-TASKS-001;ES-FEAT-HORSE-001,GOVERNANCE,DRAFT_PIA_SUPPLEMENT,Derived from revised structured row ES-FEAT-CARE-008 after independent-review adjudication; evidence tier=KEYWORD_MATCH_ONLY.
IMPLEMENTATION_VERIFICATION_QUEUE,ES-FEAT-CARE-008,rehabilitation,Care operations,MEDIUM:4,P0,Barn Manager;Trainer;Staff;Owner;Veterinarian;Farrier;Guardian,PIA_SUPPLEMENT_CANDIDATE,IMPLEMENTED_UNVERIFIED,ES-FEAT-PLATFORM-001;ES-FEAT-CARE-001;ES-FEAT-IDENTITY-001;ES-FEAT-RELATIONSHIP-001;ES-FEAT-FINANCIAL-001;ES-FEAT-COMMUNICATIONS-001;ES-FEAT-TASKS-001;ES-FEAT-HORSE-001,GOVERNANCE,DRAFT_PIA_SUPPLEMENT,Derived from revised structured row ES-FEAT-CARE-008 after independent-review adjudication; evidence tier=KEYWORD_MATCH_ONLY.
PIA_SUPPLEMENT_QUEUE,ES-FEAT-CARE-008,rehabilitation,Care operations,MEDIUM:4,P0,Barn Manager;Trainer;Staff;Owner;Veterinarian;Farrier;Guardian,PIA_SUPPLEMENT_CANDIDATE,IMPLEMENTED_UNVERIFIED,ES-FEAT-PLATFORM-001;ES-FEAT-CARE-001;ES-FEAT-IDENTITY-001;ES-FEAT-RELATIONSHIP-001;ES-FEAT-FINANCIAL-001;ES-FEAT-COMMUNICATIONS-001;ES-FEAT-TASKS-001;ES-FEAT-HORSE-001,GOVERNANCE,DRAFT_PIA_SUPPLEMENT,Derived from revised structured row ES-FEAT-CARE-008 after independent-review adjudication; evidence tier=KEYWORD_MATCH_ONLY.
RUNTIME_VERIFICATION_QUEUE,ES-FEAT-CARE-008,rehabilitation,Care operations,MEDIUM:4,P0,Barn Manager;Trainer;Staff;Owner;Veterinarian;Farrier;Guardian,PIA_SUPPLEMENT_CANDIDATE,IMPLEMENTED_UNVERIFIED,ES-FEAT-PLATFORM-001;ES-FEAT-CARE-001;ES-FEAT-IDENTITY-001;ES-FEAT-RELATIONSHIP-001;ES-FEAT-FINANCIAL-001;ES-FEAT-COMMUNICATIONS-001;ES-FEAT-TASKS-001;ES-FEAT-HORSE-001,GOVERNANCE,DRAFT_PIA_SUPPLEMENT,Derived from revised structured row ES-FEAT-CARE-008 after independent-review adjudication; evidence tier=KEYWORD_MATCH_ONLY.
FOUNDER_DECISION_QUEUE,ES-FEAT-CARE-009,observations,Care operations,MEDIUM:8,P0,Barn Manager;Trainer;Staff;Owner;Veterinarian;Farrier;Guardian,PIA_SUPPLEMENT_CANDIDATE,IMPLEMENTED_UNVERIFIED,ES-FEAT-PLATFORM-001;ES-FEAT-CARE-001;ES-FEAT-IDENTITY-001;ES-FEAT-RELATIONSHIP-001;ES-FEAT-FINANCIAL-001;ES-FEAT-COMMUNICATIONS-001;ES-FEAT-TASKS-001;ES-FEAT-HORSE-001,GOVERNANCE,DRAFT_PIA_SUPPLEMENT,Derived from revised structured row ES-FEAT-CARE-009 after independent-review adjudication; evidence tier=KEYWORD_MATCH_ONLY.
IMPLEMENTATION_VERIFICATION_QUEUE,ES-FEAT-CARE-009,observations,Care operations,MEDIUM:8,P0,Barn Manager;Trainer;Staff;Owner;Veterinarian;Farrier;Guardian,PIA_SUPPLEMENT_CANDIDATE,IMPLEMENTED_UNVERIFIED,ES-FEAT-PLATFORM-001;ES-FEAT-CARE-001;ES-FEAT-IDENTITY-001;ES-FEAT-RELATIONSHIP-001;ES-FEAT-FINANCIAL-001;ES-FEAT-COMMUNICATIONS-001;ES-FEAT-TASKS-001;ES-FEAT-HORSE-001,GOVERNANCE,DRAFT_PIA_SUPPLEMENT,Derived from revised structured row ES-FEAT-CARE-009 after independent-review adjudication; evidence tier=KEYWORD_MATCH_ONLY.
PIA_SUPPLEMENT_QUEUE,ES-FEAT-CARE-009,observations,Care operations,MEDIUM:8,P0,Barn Manager;Trainer;Staff;Owner;Veterinarian;Farrier;Guardian,PIA_SUPPLEMENT_CANDIDATE,IMPLEMENTED_UNVERIFIED,ES-FEAT-PLATFORM-001;ES-FEAT-CARE-001;ES-FEAT-IDENTITY-001;ES-FEAT-RELATIONSHIP-001;ES-FEAT-FINANCIAL-001;ES-FEAT-COMMUNICATIONS-001;ES-FEAT-TASKS-001;ES-FEAT-HORSE-001,GOVERNANCE,DRAFT_PIA_SUPPLEMENT,Derived from revised structured row ES-FEAT-CARE-009 after independent-review adjudication; evidence tier=KEYWORD_MATCH_ONLY.
RUNTIME_VERIFICATION_QUEUE,ES-FEAT-CARE-009,observations,Care operations,MEDIUM:8,P0,Barn Manager;Trainer;Staff;Owner;Veterinarian;Farrier;Guardian,PIA_SUPPLEMENT_CANDIDATE,IMPLEMENTED_UNVERIFIED,ES-FEAT-PLATFORM-001;ES-FEAT-CARE-001;ES-FEAT-IDENTITY-001;ES-FEAT-RELATIONSHIP-001;ES-FEAT-FINANCIAL-001;ES-FEAT-COMMUNICATIONS-001;ES-FEAT-TASKS-001;ES-FEAT-HORSE-001,GOVERNANCE,DRAFT_PIA_SUPPLEMENT,Derived from revised structured row ES-FEAT-CARE-009 after independent-review adjudication; evidence tier=KEYWORD_MATCH_ONLY.
FOUNDER_DECISION_QUEUE,ES-FEAT-CARE-010,welfare concerns,Care operations,CRITICAL:12,P0,Barn Manager;Trainer;Staff;Owner;Veterinarian;Farrier;Guardian,PIA_SUPPLEMENT_CANDIDATE,IMPLEMENTED_UNVERIFIED,ES-FEAT-PLATFORM-001;ES-FEAT-CARE-001;ES-FEAT-IDENTITY-001;ES-FEAT-RELATIONSHIP-001;ES-FEAT-FINANCIAL-001;ES-FEAT-COMMUNICATIONS-001;ES-FEAT-TASKS-001;ES-FEAT-HORSE-001,GOVERNANCE,DRAFT_PIA_SUPPLEMENT,Derived from revised structured row ES-FEAT-CARE-010 after independent-review adjudication; evidence tier=KEYWORD_MATCH_ONLY.
IMPLEMENTATION_VERIFICATION_QUEUE,ES-FEAT-CARE-010,welfare concerns,Care operations,CRITICAL:12,P0,Barn Manager;Trainer;Staff;Owner;Veterinarian;Farrier;Guardian,PIA_SUPPLEMENT_CANDIDATE,IMPLEMENTED_UNVERIFIED,ES-FEAT-PLATFORM-001;ES-FEAT-CARE-001;ES-FEAT-IDENTITY-001;ES-FEAT-RELATIONSHIP-001;ES-FEAT-FINANCIAL-001;ES-FEAT-COMMUNICATIONS-001;ES-FEAT-TASKS-001;ES-FEAT-HORSE-001,GOVERNANCE,DRAFT_PIA_SUPPLEMENT,Derived from revised structured row ES-FEAT-CARE-010 after independent-review adjudication; evidence tier=KEYWORD_MATCH_ONLY.
PIA_SUPPLEMENT_QUEUE,ES-FEAT-CARE-010,welfare concerns,Care operations,CRITICAL:12,P0,Barn Manager;Trainer;Staff;Owner;Veterinarian;Farrier;Guardian,PIA_SUPPLEMENT_CANDIDATE,IMPLEMENTED_UNVERIFIED,ES-FEAT-PLATFORM-001;ES-FEAT-CARE-001;ES-FEAT-IDENTITY-001;ES-FEAT-RELATIONSHIP-001;ES-FEAT-FINANCIAL-001;ES-FEAT-COMMUNICATIONS-001;ES-FEAT-TASKS-001;ES-FEAT-HORSE-001,GOVERNANCE,DRAFT_PIA_SUPPLEMENT,Derived from revised structured row ES-FEAT-CARE-010 after independent-review adjudication; evidence tier=KEYWORD_MATCH_ONLY.
RUNTIME_VERIFICATION_QUEUE,ES-FEAT-CARE-010,welfare concerns,Care operations,CRITICAL:12,P0,Barn Manager;Trainer;Staff;Owner;Veterinarian;Farrier;Guardian,PIA_SUPPLEMENT_CANDIDATE,IMPLEMENTED_UNVERIFIED,ES-FEAT-PLATFORM-001;ES-FEAT-CARE-001;ES-FEAT-IDENTITY-001;ES-FEAT-RELATIONSHIP-001;ES-FEAT-FINANCIAL-001;ES-FEAT-COMMUNICATIONS-001;ES-FEAT-TASKS-001;ES-FEAT-HORSE-001,GOVERNANCE,DRAFT_PIA_SUPPLEMENT,Derived from revised structured row ES-FEAT-CARE-010 after independent-review adjudication; evidence tier=KEYWORD_MATCH_ONLY.
FOUNDER_DECISION_QUEUE,ES-FEAT-CARE-011,veterinary visits,Care operations,MEDIUM:4,P0,Barn Manager;Trainer;Staff;Owner;Veterinarian;Farrier;Guardian,PIA_SUPPLEMENT_CANDIDATE,IMPLEMENTED_UNVERIFIED,ES-FEAT-PLATFORM-001;ES-FEAT-CARE-001;ES-FEAT-IDENTITY-001;ES-FEAT-RELATIONSHIP-001;ES-FEAT-FINANCIAL-001;ES-FEAT-COMMUNICATIONS-001;ES-FEAT-TASKS-001;ES-FEAT-HORSE-001,GOVERNANCE,DRAFT_PIA_SUPPLEMENT,Derived from revised structured row ES-FEAT-CARE-011 after independent-review adjudication; evidence tier=KEYWORD_MATCH_ONLY.
IMPLEMENTATION_VERIFICATION_QUEUE,ES-FEAT-CARE-011,veterinary visits,Care operations,MEDIUM:4,P0,Barn Manager;Trainer;Staff;Owner;Veterinarian;Farrier;Guardian,PIA_SUPPLEMENT_CANDIDATE,IMPLEMENTED_UNVERIFIED,ES-FEAT-PLATFORM-001;ES-FEAT-CARE-001;ES-FEAT-IDENTITY-001;ES-FEAT-RELATIONSHIP-001;ES-FEAT-FINANCIAL-001;ES-FEAT-COMMUNICATIONS-001;ES-FEAT-TASKS-001;ES-FEAT-HORSE-001,GOVERNANCE,DRAFT_PIA_SUPPLEMENT,Derived from revised structured row ES-FEAT-CARE-011 after independent-review adjudication; evidence tier=KEYWORD_MATCH_ONLY.
PIA_SUPPLEMENT_QUEUE,ES-FEAT-CARE-011,veterinary visits,Care operations,MEDIUM:4,P0,Barn Manager;Trainer;Staff;Owner;Veterinarian;Farrier;Guardian,PIA_SUPPLEMENT_CANDIDATE,IMPLEMENTED_UNVERIFIED,ES-FEAT-PLATFORM-001;ES-FEAT-CARE-001;ES-FEAT-IDENTITY-001;ES-FEAT-RELATIONSHIP-001;ES-FEAT-FINANCIAL-001;ES-FEAT-COMMUNICATIONS-001;ES-FEAT-TASKS-001;ES-FEAT-HORSE-001,GOVERNANCE,DRAFT_PIA_SUPPLEMENT,Derived from revised structured row ES-FEAT-CARE-011 after independent-review adjudication; evidence tier=KEYWORD_MATCH_ONLY.
RUNTIME_VERIFICATION_QUEUE,ES-FEAT-CARE-011,veterinary visits,Care operations,MEDIUM:4,P0,Barn Manager;Trainer;Staff;Owner;Veterinarian;Farrier;Guardian,PIA_SUPPLEMENT_CANDIDATE,IMPLEMENTED_UNVERIFIED,ES-FEAT-PLATFORM-001;ES-FEAT-CARE-001;ES-FEAT-IDENTITY-001;ES-FEAT-RELATIONSHIP-001;ES-FEAT-FINANCIAL-001;ES-FEAT-COMMUNICATIONS-001;ES-FEAT-TASKS-001;ES-FEAT-HORSE-001,GOVERNANCE,DRAFT_PIA_SUPPLEMENT,Derived from revised structured row ES-FEAT-CARE-011 after independent-review adjudication; evidence tier=KEYWORD_MATCH_ONLY.
FOUNDER_DECISION_QUEUE,ES-FEAT-CARE-012,farrier,Care operations,MEDIUM:8,P0,Barn Manager;Trainer;Staff;Owner;Veterinarian;Farrier;Guardian,PIA_SUPPLEMENT_CANDIDATE,IMPLEMENTED_UNVERIFIED,ES-FEAT-PLATFORM-001;ES-FEAT-CARE-001;ES-FEAT-IDENTITY-001;ES-FEAT-RELATIONSHIP-001;ES-FEAT-COMMUNICATIONS-001;ES-FEAT-TASKS-001;ES-FEAT-HORSE-001,GOVERNANCE,DRAFT_PIA_SUPPLEMENT,Derived from revised structured row ES-FEAT-CARE-012 after independent-review adjudication; evidence tier=KEYWORD_MATCH_ONLY.
IMPLEMENTATION_VERIFICATION_QUEUE,ES-FEAT-CARE-012,farrier,Care operations,MEDIUM:8,P0,Barn Manager;Trainer;Staff;Owner;Veterinarian;Farrier;Guardian,PIA_SUPPLEMENT_CANDIDATE,IMPLEMENTED_UNVERIFIED,ES-FEAT-PLATFORM-001;ES-FEAT-CARE-001;ES-FEAT-IDENTITY-001;ES-FEAT-RELATIONSHIP-001;ES-FEAT-COMMUNICATIONS-001;ES-FEAT-TASKS-001;ES-FEAT-HORSE-001,GOVERNANCE,DRAFT_PIA_SUPPLEMENT,Derived from revised structured row ES-FEAT-CARE-012 after independent-review adjudication; evidence tier=KEYWORD_MATCH_ONLY.
PIA_SUPPLEMENT_QUEUE,ES-FEAT-CARE-012,farrier,Care operations,MEDIUM:8,P0,Barn Manager;Trainer;Staff;Owner;Veterinarian;Farrier;Guardian,PIA_SUPPLEMENT_CANDIDATE,IMPLEMENTED_UNVERIFIED,ES-FEAT-PLATFORM-001;ES-FEAT-CARE-001;ES-FEAT-IDENTITY-001;ES-FEAT-RELATIONSHIP-001;ES-FEAT-COMMUNICATIONS-001;ES-FEAT-TASKS-001;ES-FEAT-HORSE-001,GOVERNANCE,DRAFT_PIA_SUPPLEMENT,Derived from revised structured row ES-FEAT-CARE-012 after independent-review adjudication; evidence tier=KEYWORD_MATCH_ONLY.
RUNTIME_VERIFICATION_QUEUE,ES-FEAT-CARE-012,farrier,Care operations,MEDIUM:8,P0,Barn Manager;Trainer;Staff;Owner;Veterinarian;Farrier;Guardian,PIA_SUPPLEMENT_CANDIDATE,IMPLEMENTED_UNVERIFIED,ES-FEAT-PLATFORM-001;ES-FEAT-CARE-001;ES-FEAT-IDENTITY-001;ES-FEAT-RELATIONSHIP-001;ES-FEAT-COMMUNICATIONS-001;ES-FEAT-TASKS-001;ES-FEAT-HORSE-001,GOVERNANCE,DRAFT_PIA_SUPPLEMENT,Derived from revised structured row ES-FEAT-CARE-012 after independent-review adjudication; evidence tier=KEYWORD_MATCH_ONLY.
FOUNDER_DECISION_QUEUE,ES-FEAT-CARE-013,dental,Care operations,MEDIUM:6,P0,Barn Manager;Trainer;Staff;Owner;Veterinarian;Farrier;Guardian,PIA_SUPPLEMENT_CANDIDATE,IMPLEMENTED_UNVERIFIED,ES-FEAT-PLATFORM-001;ES-FEAT-CARE-001;ES-FEAT-IDENTITY-001;ES-FEAT-RELATIONSHIP-001;ES-FEAT-FINANCIAL-001;ES-FEAT-COMMUNICATIONS-001;ES-FEAT-TASKS-001;ES-FEAT-HORSE-001,GOVERNANCE,DRAFT_PIA_SUPPLEMENT,Derived from revised structured row ES-FEAT-CARE-013 after independent-review adjudication; evidence tier=KEYWORD_MATCH_ONLY.
IMPLEMENTATION_VERIFICATION_QUEUE,ES-FEAT-CARE-013,dental,Care operations,MEDIUM:6,P0,Barn Manager;Trainer;Staff;Owner;Veterinarian;Farrier;Guardian,PIA_SUPPLEMENT_CANDIDATE,IMPLEMENTED_UNVERIFIED,ES-FEAT-PLATFORM-001;ES-FEAT-CARE-001;ES-FEAT-IDENTITY-001;ES-FEAT-RELATIONSHIP-001;ES-FEAT-FINANCIAL-001;ES-FEAT-COMMUNICATIONS-001;ES-FEAT-TASKS-001;ES-FEAT-HORSE-001,GOVERNANCE,DRAFT_PIA_SUPPLEMENT,Derived from revised structured row ES-FEAT-CARE-013 after independent-review adjudication; evidence tier=KEYWORD_MATCH_ONLY.
PIA_SUPPLEMENT_QUEUE,ES-FEAT-CARE-013,dental,Care operations,MEDIUM:6,P0,Barn Manager;Trainer;Staff;Owner;Veterinarian;Farrier;Guardian,PIA_SUPPLEMENT_CANDIDATE,IMPLEMENTED_UNVERIFIED,ES-FEAT-PLATFORM-001;ES-FEAT-CARE-001;ES-FEAT-IDENTITY-001;ES-FEAT-RELATIONSHIP-001;ES-FEAT-FINANCIAL-001;ES-FEAT-COMMUNICATIONS-001;ES-FEAT-TASKS-001;ES-FEAT-HORSE-001,GOVERNANCE,DRAFT_PIA_SUPPLEMENT,Derived from revised structured row ES-FEAT-CARE-013 after independent-review adjudication; evidence tier=KEYWORD_MATCH_ONLY.
RUNTIME_VERIFICATION_QUEUE,ES-FEAT-CARE-013,dental,Care operations,MEDIUM:6,P0,Barn Manager;Trainer;Staff;Owner;Veterinarian;Farrier;Guardian,PIA_SUPPLEMENT_CANDIDATE,IMPLEMENTED_UNVERIFIED,ES-FEAT-PLATFORM-001;ES-FEAT-CARE-001;ES-FEAT-IDENTITY-001;ES-FEAT-RELATIONSHIP-001;ES-FEAT-FINANCIAL-001;ES-FEAT-COMMUNICATIONS-001;ES-FEAT-TASKS-001;ES-FEAT-HORSE-001,GOVERNANCE,DRAFT_PIA_SUPPLEMENT,Derived from revised structured row ES-FEAT-CARE-013 after independent-review adjudication; evidence tier=KEYWORD_MATCH_ONLY.
FOUNDER_DECISION_QUEUE,ES-FEAT-CARE-014,bodywork,Care operations,MEDIUM:4,P0,Barn Manager;Trainer;Staff;Owner;Veterinarian;Farrier;Guardian,PIA_SUPPLEMENT_CANDIDATE,IMPLEMENTED_UNVERIFIED,ES-FEAT-PLATFORM-001;ES-FEAT-CARE-001;ES-FEAT-IDENTITY-001;ES-FEAT-RELATIONSHIP-001;ES-FEAT-FINANCIAL-001;ES-FEAT-COMMUNICATIONS-001;ES-FEAT-TASKS-001;ES-FEAT-HORSE-001,GOVERNANCE,DRAFT_PIA_SUPPLEMENT,Derived from revised structured row ES-FEAT-CARE-014 after independent-review adjudication; evidence tier=KEYWORD_MATCH_ONLY.
IMPLEMENTATION_VERIFICATION_QUEUE,ES-FEAT-CARE-014,bodywork,Care operations,MEDIUM:4,P0,Barn Manager;Trainer;Staff;Owner;Veterinarian;Farrier;Guardian,PIA_SUPPLEMENT_CANDIDATE,IMPLEMENTED_UNVERIFIED,ES-FEAT-PLATFORM-001;ES-FEAT-CARE-001;ES-FEAT-IDENTITY-001;ES-FEAT-RELATIONSHIP-001;ES-FEAT-FINANCIAL-001;ES-FEAT-COMMUNICATIONS-001;ES-FEAT-TASKS-001;ES-FEAT-HORSE-001,GOVERNANCE,DRAFT_PIA_SUPPLEMENT,Derived from revised structured row ES-FEAT-CARE-014 after independent-review adjudication; evidence tier=KEYWORD_MATCH_ONLY.
PIA_SUPPLEMENT_QUEUE,ES-FEAT-CARE-014,bodywork,Care operations,MEDIUM:4,P0,Barn Manager;Trainer;Staff;Owner;Veterinarian;Farrier;Guardian,PIA_SUPPLEMENT_CANDIDATE,IMPLEMENTED_UNVERIFIED,ES-FEAT-PLATFORM-001;ES-FEAT-CARE-001;ES-FEAT-IDENTITY-001;ES-FEAT-RELATIONSHIP-001;ES-FEAT-FINANCIAL-001;ES-FEAT-COMMUNICATIONS-001;ES-FEAT-TASKS-001;ES-FEAT-HORSE-001,GOVERNANCE,DRAFT_PIA_SUPPLEMENT,Derived from revised structured row ES-FEAT-CARE-014 after independent-review adjudication; evidence tier=KEYWORD_MATCH_ONLY.
RUNTIME_VERIFICATION_QUEUE,ES-FEAT-CARE-014,bodywork,Care operations,MEDIUM:4,P0,Barn Manager;Trainer;Staff;Owner;Veterinarian;Farrier;Guardian,PIA_SUPPLEMENT_CANDIDATE,IMPLEMENTED_UNVERIFIED,ES-FEAT-PLATFORM-001;ES-FEAT-CARE-001;ES-FEAT-IDENTITY-001;ES-FEAT-RELATIONSHIP-001;ES-FEAT-FINANCIAL-001;ES-FEAT-COMMUNICATIONS-001;ES-FEAT-TASKS-001;ES-FEAT-HORSE-001,GOVERNANCE,DRAFT_PIA_SUPPLEMENT,Derived from revised structured row ES-FEAT-CARE-014 after independent-review adjudication; evidence tier=KEYWORD_MATCH_ONLY.
FOUNDER_DECISION_QUEUE,ES-FEAT-CARE-015,nutrition,Care operations,MEDIUM:8,P0,Barn Manager;Trainer;Staff;Owner;Veterinarian;Farrier;Guardian,PIA_SUPPLEMENT_CANDIDATE,IMPLEMENTED_UNVERIFIED,ES-FEAT-PLATFORM-001;ES-FEAT-CARE-001;ES-FEAT-IDENTITY-001;ES-FEAT-RELATIONSHIP-001;ES-FEAT-FINANCIAL-001;ES-FEAT-COMMUNICATIONS-001;ES-FEAT-TASKS-001;ES-FEAT-HORSE-001,GOVERNANCE,DRAFT_PIA_SUPPLEMENT,Derived from revised structured row ES-FEAT-CARE-015 after independent-review adjudication; evidence tier=KEYWORD_MATCH_ONLY.
IMPLEMENTATION_VERIFICATION_QUEUE,ES-FEAT-CARE-015,nutrition,Care operations,MEDIUM:8,P0,Barn Manager;Trainer;Staff;Owner;Veterinarian;Farrier;Guardian,PIA_SUPPLEMENT_CANDIDATE,IMPLEMENTED_UNVERIFIED,ES-FEAT-PLATFORM-001;ES-FEAT-CARE-001;ES-FEAT-IDENTITY-001;ES-FEAT-RELATIONSHIP-001;ES-FEAT-FINANCIAL-001;ES-FEAT-COMMUNICATIONS-001;ES-FEAT-TASKS-001;ES-FEAT-HORSE-001,GOVERNANCE,DRAFT_PIA_SUPPLEMENT,Derived from revised structured row ES-FEAT-CARE-015 after independent-review adjudication; evidence tier=KEYWORD_MATCH_ONLY.
PIA_SUPPLEMENT_QUEUE,ES-FEAT-CARE-015,nutrition,Care operations,MEDIUM:8,P0,Barn Manager;Trainer;Staff;Owner;Veterinarian;Farrier;Guardian,PIA_SUPPLEMENT_CANDIDATE,IMPLEMENTED_UNVERIFIED,ES-FEAT-PLATFORM-001;ES-FEAT-CARE-001;ES-FEAT-IDENTITY-001;ES-FEAT-RELATIONSHIP-001;ES-FEAT-FINANCIAL-001;ES-FEAT-COMMUNICATIONS-001;ES-FEAT-TASKS-001;ES-FEAT-HORSE-001,GOVERNANCE,DRAFT_PIA_SUPPLEMENT,Derived from revised structured row ES-FEAT-CARE-015 after independent-review adjudication; evidence tier=KEYWORD_MATCH_ONLY.
RUNTIME_VERIFICATION_QUEUE,ES-FEAT-CARE-015,nutrition,Care operations,MEDIUM:8,P0,Barn Manager;Trainer;Staff;Owner;Veterinarian;Farrier;Guardian,PIA_SUPPLEMENT_CANDIDATE,IMPLEMENTED_UNVERIFIED,ES-FEAT-PLATFORM-001;ES-FEAT-CARE-001;ES-FEAT-IDENTITY-001;ES-FEAT-RELATIONSHIP-001;ES-FEAT-FINANCIAL-001;ES-FEAT-COMMUNICATIONS-001;ES-FEAT-TASKS-001;ES-FEAT-HORSE-001,GOVERNANCE,DRAFT_PIA_SUPPLEMENT,Derived from revised structured row ES-FEAT-CARE-015 after independent-review adjudication; evidence tier=KEYWORD_MATCH_ONLY.
FOUNDER_DECISION_QUEUE,ES-FEAT-CARE-016,care-plan changes,Care operations,MEDIUM:6,P0,Barn Manager;Trainer;Staff;Owner;Veterinarian;Farrier;Guardian,PIA_SUPPLEMENT_CANDIDATE,IMPLEMENTED_UNVERIFIED,ES-FEAT-PLATFORM-001;ES-FEAT-CARE-001;ES-FEAT-IDENTITY-001;ES-FEAT-RELATIONSHIP-001;ES-FEAT-COMMUNICATIONS-001;ES-FEAT-TASKS-001;ES-FEAT-HORSE-001,GOVERNANCE,DRAFT_PIA_SUPPLEMENT,Derived from revised structured row ES-FEAT-CARE-016 after independent-review adjudication; evidence tier=KEYWORD_MATCH_ONLY.
IMPLEMENTATION_VERIFICATION_QUEUE,ES-FEAT-CARE-016,care-plan changes,Care operations,MEDIUM:6,P0,Barn Manager;Trainer;Staff;Owner;Veterinarian;Farrier;Guardian,PIA_SUPPLEMENT_CANDIDATE,IMPLEMENTED_UNVERIFIED,ES-FEAT-PLATFORM-001;ES-FEAT-CARE-001;ES-FEAT-IDENTITY-001;ES-FEAT-RELATIONSHIP-001;ES-FEAT-COMMUNICATIONS-001;ES-FEAT-TASKS-001;ES-FEAT-HORSE-001,GOVERNANCE,DRAFT_PIA_SUPPLEMENT,Derived from revised structured row ES-FEAT-CARE-016 after independent-review adjudication; evidence tier=KEYWORD_MATCH_ONLY.
PIA_SUPPLEMENT_QUEUE,ES-FEAT-CARE-016,care-plan changes,Care operations,MEDIUM:6,P0,Barn Manager;Trainer;Staff;Owner;Veterinarian;Farrier;Guardian,PIA_SUPPLEMENT_CANDIDATE,IMPLEMENTED_UNVERIFIED,ES-FEAT-PLATFORM-001;ES-FEAT-CARE-001;ES-FEAT-IDENTITY-001;ES-FEAT-RELATIONSHIP-001;ES-FEAT-COMMUNICATIONS-001;ES-FEAT-TASKS-001;ES-FEAT-HORSE-001,GOVERNANCE,DRAFT_PIA_SUPPLEMENT,Derived from revised structured row ES-FEAT-CARE-016 after independent-review adjudication; evidence tier=KEYWORD_MATCH_ONLY.
RUNTIME_VERIFICATION_QUEUE,ES-FEAT-CARE-016,care-plan changes,Care operations,MEDIUM:6,P0,Barn Manager;Trainer;Staff;Owner;Veterinarian;Farrier;Guardian,PIA_SUPPLEMENT_CANDIDATE,IMPLEMENTED_UNVERIFIED,ES-FEAT-PLATFORM-001;ES-FEAT-CARE-001;ES-FEAT-IDENTITY-001;ES-FEAT-RELATIONSHIP-001;ES-FEAT-COMMUNICATIONS-001;ES-FEAT-TASKS-001;ES-FEAT-HORSE-001,GOVERNANCE,DRAFT_PIA_SUPPLEMENT,Derived from revised structured row ES-FEAT-CARE-016 after independent-review adjudication; evidence tier=KEYWORD_MATCH_ONLY.
FOUNDER_DECISION_QUEUE,ES-FEAT-CARE-017,missed care,Care operations,MEDIUM:4,P0,Barn Manager;Trainer;Staff;Owner;Veterinarian;Farrier;Guardian,PIA_SUPPLEMENT_CANDIDATE,IMPLEMENTED_UNVERIFIED,ES-FEAT-PLATFORM-001;ES-FEAT-CARE-001;ES-FEAT-IDENTITY-001;ES-FEAT-RELATIONSHIP-001;ES-FEAT-COMMUNICATIONS-001;ES-FEAT-TASKS-001;ES-FEAT-HORSE-001,GOVERNANCE,DRAFT_PIA_SUPPLEMENT,Derived from revised structured row ES-FEAT-CARE-017 after independent-review adjudication; evidence tier=KEYWORD_MATCH_ONLY.
IMPLEMENTATION_VERIFICATION_QUEUE,ES-FEAT-CARE-017,missed care,Care operations,MEDIUM:4,P0,Barn Manager;Trainer;Staff;Owner;Veterinarian;Farrier;Guardian,PIA_SUPPLEMENT_CANDIDATE,IMPLEMENTED_UNVERIFIED,ES-FEAT-PLATFORM-001;ES-FEAT-CARE-001;ES-FEAT-IDENTITY-001;ES-FEAT-RELATIONSHIP-001;ES-FEAT-COMMUNICATIONS-001;ES-FEAT-TASKS-001;ES-FEAT-HORSE-001,GOVERNANCE,DRAFT_PIA_SUPPLEMENT,Derived from revised structured row ES-FEAT-CARE-017 after independent-review adjudication; evidence tier=KEYWORD_MATCH_ONLY.
PIA_SUPPLEMENT_QUEUE,ES-FEAT-CARE-017,missed care,Care operations,MEDIUM:4,P0,Barn Manager;Trainer;Staff;Owner;Veterinarian;Farrier;Guardian,PIA_SUPPLEMENT_CANDIDATE,IMPLEMENTED_UNVERIFIED,ES-FEAT-PLATFORM-001;ES-FEAT-CARE-001;ES-FEAT-IDENTITY-001;ES-FEAT-RELATIONSHIP-001;ES-FEAT-COMMUNICATIONS-001;ES-FEAT-TASKS-001;ES-FEAT-HORSE-001,GOVERNANCE,DRAFT_PIA_SUPPLEMENT,Derived from revised structured row ES-FEAT-CARE-017 after independent-review adjudication; evidence tier=KEYWORD_MATCH_ONLY.
RUNTIME_VERIFICATION_QUEUE,ES-FEAT-CARE-017,missed care,Care operations,MEDIUM:4,P0,Barn Manager;Trainer;Staff;Owner;Veterinarian;Farrier;Guardian,PIA_SUPPLEMENT_CANDIDATE,IMPLEMENTED_UNVERIFIED,ES-FEAT-PLATFORM-001;ES-FEAT-CARE-001;ES-FEAT-IDENTITY-001;ES-FEAT-RELATIONSHIP-001;ES-FEAT-COMMUNICATIONS-001;ES-FEAT-TASKS-001;ES-FEAT-HORSE-001,GOVERNANCE,DRAFT_PIA_SUPPLEMENT,Derived from revised structured row ES-FEAT-CARE-017 after independent-review adjudication; evidence tier=KEYWORD_MATCH_ONLY.
FOUNDER_DECISION_QUEUE,ES-FEAT-CARE-018,care evidence,Care operations,MEDIUM:8,P0,Barn Manager;Trainer;Staff;Owner;Veterinarian;Farrier;Guardian,PIA_SUPPLEMENT_CANDIDATE,IMPLEMENTED_UNVERIFIED,ES-FEAT-PLATFORM-001;ES-FEAT-CARE-001;ES-FEAT-IDENTITY-001;ES-FEAT-RELATIONSHIP-001;ES-FEAT-COMMUNICATIONS-001;ES-FEAT-TASKS-001;ES-FEAT-HORSE-001,GOVERNANCE,DRAFT_PIA_SUPPLEMENT,Derived from revised structured row ES-FEAT-CARE-018 after independent-review adjudication; evidence tier=KEYWORD_MATCH_ONLY.
IMPLEMENTATION_VERIFICATION_QUEUE,ES-FEAT-CARE-018,care evidence,Care operations,MEDIUM:8,P0,Barn Manager;Trainer;Staff;Owner;Veterinarian;Farrier;Guardian,PIA_SUPPLEMENT_CANDIDATE,IMPLEMENTED_UNVERIFIED,ES-FEAT-PLATFORM-001;ES-FEAT-CARE-001;ES-FEAT-IDENTITY-001;ES-FEAT-RELATIONSHIP-001;ES-FEAT-COMMUNICATIONS-001;ES-FEAT-TASKS-001;ES-FEAT-HORSE-001,GOVERNANCE,DRAFT_PIA_SUPPLEMENT,Derived from revised structured row ES-FEAT-CARE-018 after independent-review adjudication; evidence tier=KEYWORD_MATCH_ONLY.
PIA_SUPPLEMENT_QUEUE,ES-FEAT-CARE-018,care evidence,Care operations,MEDIUM:8,P0,Barn Manager;Trainer;Staff;Owner;Veterinarian;Farrier;Guardian,PIA_SUPPLEMENT_CANDIDATE,IMPLEMENTED_UNVERIFIED,ES-FEAT-PLATFORM-001;ES-FEAT-CARE-001;ES-FEAT-IDENTITY-001;ES-FEAT-RELATIONSHIP-001;ES-FEAT-COMMUNICATIONS-001;ES-FEAT-TASKS-001;ES-FEAT-HORSE-001,GOVERNANCE,DRAFT_PIA_SUPPLEMENT,Derived from revised structured row ES-FEAT-CARE-018 after independent-review adjudication; evidence tier=KEYWORD_MATCH_ONLY.
RUNTIME_VERIFICATION_QUEUE,ES-FEAT-CARE-018,care evidence,Care operations,MEDIUM:8,P0,Barn Manager;Trainer;Staff;Owner;Veterinarian;Farrier;Guardian,PIA_SUPPLEMENT_CANDIDATE,IMPLEMENTED_UNVERIFIED,ES-FEAT-PLATFORM-001;ES-FEAT-CARE-001;ES-FEAT-IDENTITY-001;ES-FEAT-RELATIONSHIP-001;ES-FEAT-COMMUNICATIONS-001;ES-FEAT-TASKS-001;ES-FEAT-HORSE-001,GOVERNANCE,DRAFT_PIA_SUPPLEMENT,Derived from revised structured row ES-FEAT-CARE-018 after independent-review adjudication; evidence tier=KEYWORD_MATCH_ONLY.
FOUNDER_DECISION_QUEUE,ES-FEAT-LESSONS-001,rider profiles,"Lessons, training, riders, and guardians",CRITICAL:12,P0,Trainer;Rider;Guardian;Owner;Barn Manager;Staff,PIA_SUPPLEMENT_CANDIDATE,IMPLEMENTED_UNVERIFIED,ES-FEAT-PLATFORM-001,GOVERNANCE,DRAFT_PIA_SUPPLEMENT,Derived from revised structured row ES-FEAT-LESSONS-001 after independent-review adjudication; evidence tier=KEYWORD_MATCH_ONLY.
IMPLEMENTATION_VERIFICATION_QUEUE,ES-FEAT-LESSONS-001,rider profiles,"Lessons, training, riders, and guardians",CRITICAL:12,P0,Trainer;Rider;Guardian;Owner;Barn Manager;Staff,PIA_SUPPLEMENT_CANDIDATE,IMPLEMENTED_UNVERIFIED,ES-FEAT-PLATFORM-001,GOVERNANCE,DRAFT_PIA_SUPPLEMENT,Derived from revised structured row ES-FEAT-LESSONS-001 after independent-review adjudication; evidence tier=KEYWORD_MATCH_ONLY.
PIA_SUPPLEMENT_QUEUE,ES-FEAT-LESSONS-001,rider profiles,"Lessons, training, riders, and guardians",CRITICAL:12,P0,Trainer;Rider;Guardian;Owner;Barn Manager;Staff,PIA_SUPPLEMENT_CANDIDATE,IMPLEMENTED_UNVERIFIED,ES-FEAT-PLATFORM-001,GOVERNANCE,DRAFT_PIA_SUPPLEMENT,Derived from revised structured row ES-FEAT-LESSONS-001 after independent-review adjudication; evidence tier=KEYWORD_MATCH_ONLY.
RUNTIME_VERIFICATION_QUEUE,ES-FEAT-LESSONS-001,rider profiles,"Lessons, training, riders, and guardians",CRITICAL:12,P0,Trainer;Rider;Guardian;Owner;Barn Manager;Staff,PIA_SUPPLEMENT_CANDIDATE,IMPLEMENTED_UNVERIFIED,ES-FEAT-PLATFORM-001,GOVERNANCE,DRAFT_PIA_SUPPLEMENT,Derived from revised structured row ES-FEAT-LESSONS-001 after independent-review adjudication; evidence tier=KEYWORD_MATCH_ONLY.
FOUNDER_DECISION_QUEUE,ES-FEAT-LESSONS-002,lesson enrollment,"Lessons, training, riders, and guardians",CRITICAL:8,P0,Trainer;Rider;Guardian;Owner;Barn Manager;Staff,PIA_SUPPLEMENT_CANDIDATE,IMPLEMENTED_UNVERIFIED,ES-FEAT-PLATFORM-001;ES-FEAT-LESSONS-001;ES-FEAT-IDENTITY-001;ES-FEAT-RELATIONSHIP-001;ES-FEAT-COMMUNICATIONS-001;ES-FEAT-TASKS-001;ES-FEAT-HORSE-001,GOVERNANCE,DRAFT_PIA_SUPPLEMENT,Derived from revised structured row ES-FEAT-LESSONS-002 after independent-review adjudication; evidence tier=KEYWORD_MATCH_ONLY.
IMPLEMENTATION_VERIFICATION_QUEUE,ES-FEAT-LESSONS-002,lesson enrollment,"Lessons, training, riders, and guardians",CRITICAL:8,P0,Trainer;Rider;Guardian;Owner;Barn Manager;Staff,PIA_SUPPLEMENT_CANDIDATE,IMPLEMENTED_UNVERIFIED,ES-FEAT-PLATFORM-001;ES-FEAT-LESSONS-001;ES-FEAT-IDENTITY-001;ES-FEAT-RELATIONSHIP-001;ES-FEAT-COMMUNICATIONS-001;ES-FEAT-TASKS-001;ES-FEAT-HORSE-001,GOVERNANCE,DRAFT_PIA_SUPPLEMENT,Derived from revised structured row ES-FEAT-LESSONS-002 after independent-review adjudication; evidence tier=KEYWORD_MATCH_ONLY.
PIA_SUPPLEMENT_QUEUE,ES-FEAT-LESSONS-002,lesson enrollment,"Lessons, training, riders, and guardians",CRITICAL:8,P0,Trainer;Rider;Guardian;Owner;Barn Manager;Staff,PIA_SUPPLEMENT_CANDIDATE,IMPLEMENTED_UNVERIFIED,ES-FEAT-PLATFORM-001;ES-FEAT-LESSONS-001;ES-FEAT-IDENTITY-001;ES-FEAT-RELATIONSHIP-001;ES-FEAT-COMMUNICATIONS-001;ES-FEAT-TASKS-001;ES-FEAT-HORSE-001,GOVERNANCE,DRAFT_PIA_SUPPLEMENT,Derived from revised structured row ES-FEAT-LESSONS-002 after independent-review adjudication; evidence tier=KEYWORD_MATCH_ONLY.
RUNTIME_VERIFICATION_QUEUE,ES-FEAT-LESSONS-002,lesson enrollment,"Lessons, training, riders, and guardians",CRITICAL:8,P0,Trainer;Rider;Guardian;Owner;Barn Manager;Staff,PIA_SUPPLEMENT_CANDIDATE,IMPLEMENTED_UNVERIFIED,ES-FEAT-PLATFORM-001;ES-FEAT-LESSONS-001;ES-FEAT-IDENTITY-001;ES-FEAT-RELATIONSHIP-001;ES-FEAT-COMMUNICATIONS-001;ES-FEAT-TASKS-001;ES-FEAT-HORSE-001,GOVERNANCE,DRAFT_PIA_SUPPLEMENT,Derived from revised structured row ES-FEAT-LESSONS-002 after independent-review adjudication; evidence tier=KEYWORD_MATCH_ONLY.
FOUNDER_DECISION_QUEUE,ES-FEAT-LESSONS-003,lesson scheduling,"Lessons, training, riders, and guardians",CRITICAL:16,P0,Trainer;Rider;Guardian;Owner;Barn Manager;Staff,PIA_SUPPLEMENT_CANDIDATE,IMPLEMENTED_UNVERIFIED,ES-FEAT-PLATFORM-001;ES-FEAT-LESSONS-001;ES-FEAT-IDENTITY-001;ES-FEAT-RELATIONSHIP-001;ES-FEAT-COMMUNICATIONS-001;ES-FEAT-TASKS-001;ES-FEAT-HORSE-001,GOVERNANCE,DRAFT_PIA_SUPPLEMENT,Derived from revised structured row ES-FEAT-LESSONS-003 after independent-review adjudication; evidence tier=KEYWORD_MATCH_ONLY.
IMPLEMENTATION_VERIFICATION_QUEUE,ES-FEAT-LESSONS-003,lesson scheduling,"Lessons, training, riders, and guardians",CRITICAL:16,P0,Trainer;Rider;Guardian;Owner;Barn Manager;Staff,PIA_SUPPLEMENT_CANDIDATE,IMPLEMENTED_UNVERIFIED,ES-FEAT-PLATFORM-001;ES-FEAT-LESSONS-001;ES-FEAT-IDENTITY-001;ES-FEAT-RELATIONSHIP-001;ES-FEAT-COMMUNICATIONS-001;ES-FEAT-TASKS-001;ES-FEAT-HORSE-001,GOVERNANCE,DRAFT_PIA_SUPPLEMENT,Derived from revised structured row ES-FEAT-LESSONS-003 after independent-review adjudication; evidence tier=KEYWORD_MATCH_ONLY.
PIA_SUPPLEMENT_QUEUE,ES-FEAT-LESSONS-003,lesson scheduling,"Lessons, training, riders, and guardians",CRITICAL:16,P0,Trainer;Rider;Guardian;Owner;Barn Manager;Staff,PIA_SUPPLEMENT_CANDIDATE,IMPLEMENTED_UNVERIFIED,ES-FEAT-PLATFORM-001;ES-FEAT-LESSONS-001;ES-FEAT-IDENTITY-001;ES-FEAT-RELATIONSHIP-001;ES-FEAT-COMMUNICATIONS-001;ES-FEAT-TASKS-001;ES-FEAT-HORSE-001,GOVERNANCE,DRAFT_PIA_SUPPLEMENT,Derived from revised structured row ES-FEAT-LESSONS-003 after independent-review adjudication; evidence tier=KEYWORD_MATCH_ONLY.
RUNTIME_VERIFICATION_QUEUE,ES-FEAT-LESSONS-003,lesson scheduling,"Lessons, training, riders, and guardians",CRITICAL:16,P0,Trainer;Rider;Guardian;Owner;Barn Manager;Staff,PIA_SUPPLEMENT_CANDIDATE,IMPLEMENTED_UNVERIFIED,ES-FEAT-PLATFORM-001;ES-FEAT-LESSONS-001;ES-FEAT-IDENTITY-001;ES-FEAT-RELATIONSHIP-001;ES-FEAT-COMMUNICATIONS-001;ES-FEAT-TASKS-001;ES-FEAT-HORSE-001,GOVERNANCE,DRAFT_PIA_SUPPLEMENT,Derived from revised structured row ES-FEAT-LESSONS-003 after independent-review adjudication; evidence tier=KEYWORD_MATCH_ONLY.
FOUNDER_DECISION_QUEUE,ES-FEAT-LESSONS-004,lesson attendance,"Lessons, training, riders, and guardians",CRITICAL:12,P0,Trainer;Rider;Guardian;Owner;Barn Manager;Staff,PIA_SUPPLEMENT_CANDIDATE,IMPLEMENTED_UNVERIFIED,ES-FEAT-PLATFORM-001;ES-FEAT-LESSONS-001;ES-FEAT-IDENTITY-001;ES-FEAT-RELATIONSHIP-001;ES-FEAT-COMMUNICATIONS-001;ES-FEAT-TASKS-001;ES-FEAT-HORSE-001,GOVERNANCE,DRAFT_PIA_SUPPLEMENT,Derived from revised structured row ES-FEAT-LESSONS-004 after independent-review adjudication; evidence tier=KEYWORD_MATCH_ONLY.
IMPLEMENTATION_VERIFICATION_QUEUE,ES-FEAT-LESSONS-004,lesson attendance,"Lessons, training, riders, and guardians",CRITICAL:12,P0,Trainer;Rider;Guardian;Owner;Barn Manager;Staff,PIA_SUPPLEMENT_CANDIDATE,IMPLEMENTED_UNVERIFIED,ES-FEAT-PLATFORM-001;ES-FEAT-LESSONS-001;ES-FEAT-IDENTITY-001;ES-FEAT-RELATIONSHIP-001;ES-FEAT-COMMUNICATIONS-001;ES-FEAT-TASKS-001;ES-FEAT-HORSE-001,GOVERNANCE,DRAFT_PIA_SUPPLEMENT,Derived from revised structured row ES-FEAT-LESSONS-004 after independent-review adjudication; evidence tier=KEYWORD_MATCH_ONLY.
PIA_SUPPLEMENT_QUEUE,ES-FEAT-LESSONS-004,lesson attendance,"Lessons, training, riders, and guardians",CRITICAL:12,P0,Trainer;Rider;Guardian;Owner;Barn Manager;Staff,PIA_SUPPLEMENT_CANDIDATE,IMPLEMENTED_UNVERIFIED,ES-FEAT-PLATFORM-001;ES-FEAT-LESSONS-001;ES-FEAT-IDENTITY-001;ES-FEAT-RELATIONSHIP-001;ES-FEAT-COMMUNICATIONS-001;ES-FEAT-TASKS-001;ES-FEAT-HORSE-001,GOVERNANCE,DRAFT_PIA_SUPPLEMENT,Derived from revised structured row ES-FEAT-LESSONS-004 after independent-review adjudication; evidence tier=KEYWORD_MATCH_ONLY.
RUNTIME_VERIFICATION_QUEUE,ES-FEAT-LESSONS-004,lesson attendance,"Lessons, training, riders, and guardians",CRITICAL:12,P0,Trainer;Rider;Guardian;Owner;Barn Manager;Staff,PIA_SUPPLEMENT_CANDIDATE,IMPLEMENTED_UNVERIFIED,ES-FEAT-PLATFORM-001;ES-FEAT-LESSONS-001;ES-FEAT-IDENTITY-001;ES-FEAT-RELATIONSHIP-001;ES-FEAT-COMMUNICATIONS-001;ES-FEAT-TASKS-001;ES-FEAT-HORSE-001,GOVERNANCE,DRAFT_PIA_SUPPLEMENT,Derived from revised structured row ES-FEAT-LESSONS-004 after independent-review adjudication; evidence tier=KEYWORD_MATCH_ONLY.
FOUNDER_DECISION_QUEUE,ES-FEAT-LESSONS-005,horse assignment,"Lessons, training, riders, and guardians",CRITICAL:8,P0,Trainer;Rider;Guardian;Owner;Barn Manager;Staff,PIA_SUPPLEMENT_CANDIDATE,IMPLEMENTED_UNVERIFIED,ES-FEAT-PLATFORM-001;ES-FEAT-LESSONS-001;ES-FEAT-IDENTITY-001;ES-FEAT-RELATIONSHIP-001;ES-FEAT-COMMUNICATIONS-001;ES-FEAT-TASKS-001;ES-FEAT-HORSE-001;ES-FEAT-CARE-001,GOVERNANCE,DRAFT_PIA_SUPPLEMENT,Derived from revised structured row ES-FEAT-LESSONS-005 after independent-review adjudication; evidence tier=KEYWORD_MATCH_ONLY.
IMPLEMENTATION_VERIFICATION_QUEUE,ES-FEAT-LESSONS-005,horse assignment,"Lessons, training, riders, and guardians",CRITICAL:8,P0,Trainer;Rider;Guardian;Owner;Barn Manager;Staff,PIA_SUPPLEMENT_CANDIDATE,IMPLEMENTED_UNVERIFIED,ES-FEAT-PLATFORM-001;ES-FEAT-LESSONS-001;ES-FEAT-IDENTITY-001;ES-FEAT-RELATIONSHIP-001;ES-FEAT-COMMUNICATIONS-001;ES-FEAT-TASKS-001;ES-FEAT-HORSE-001;ES-FEAT-CARE-001,GOVERNANCE,DRAFT_PIA_SUPPLEMENT,Derived from revised structured row ES-FEAT-LESSONS-005 after independent-review adjudication; evidence tier=KEYWORD_MATCH_ONLY.
PIA_SUPPLEMENT_QUEUE,ES-FEAT-LESSONS-005,horse assignment,"Lessons, training, riders, and guardians",CRITICAL:8,P0,Trainer;Rider;Guardian;Owner;Barn Manager;Staff,PIA_SUPPLEMENT_CANDIDATE,IMPLEMENTED_UNVERIFIED,ES-FEAT-PLATFORM-001;ES-FEAT-LESSONS-001;ES-FEAT-IDENTITY-001;ES-FEAT-RELATIONSHIP-001;ES-FEAT-COMMUNICATIONS-001;ES-FEAT-TASKS-001;ES-FEAT-HORSE-001;ES-FEAT-CARE-001,GOVERNANCE,DRAFT_PIA_SUPPLEMENT,Derived from revised structured row ES-FEAT-LESSONS-005 after independent-review adjudication; evidence tier=KEYWORD_MATCH_ONLY.
RUNTIME_VERIFICATION_QUEUE,ES-FEAT-LESSONS-005,horse assignment,"Lessons, training, riders, and guardians",CRITICAL:8,P0,Trainer;Rider;Guardian;Owner;Barn Manager;Staff,PIA_SUPPLEMENT_CANDIDATE,IMPLEMENTED_UNVERIFIED,ES-FEAT-PLATFORM-001;ES-FEAT-LESSONS-001;ES-FEAT-IDENTITY-001;ES-FEAT-RELATIONSHIP-001;ES-FEAT-COMMUNICATIONS-001;ES-FEAT-TASKS-001;ES-FEAT-HORSE-001;ES-FEAT-CARE-001,GOVERNANCE,DRAFT_PIA_SUPPLEMENT,Derived from revised structured row ES-FEAT-LESSONS-005 after independent-review adjudication; evidence tier=KEYWORD_MATCH_ONLY.
FOUNDER_DECISION_QUEUE,ES-FEAT-LESSONS-006,rider-horse suitability,"Lessons, training, riders, and guardians",CRITICAL:16,P0,Trainer;Rider;Guardian;Owner;Barn Manager;Staff,PIA_SUPPLEMENT_CANDIDATE,IMPLEMENTED_UNVERIFIED,ES-FEAT-PLATFORM-001;ES-FEAT-LESSONS-001;ES-FEAT-IDENTITY-001;ES-FEAT-RELATIONSHIP-001;ES-FEAT-COMMUNICATIONS-001;ES-FEAT-TASKS-001;ES-FEAT-HORSE-001;ES-FEAT-CARE-001,GOVERNANCE,DRAFT_PIA_SUPPLEMENT,Derived from revised structured row ES-FEAT-LESSONS-006 after independent-review adjudication; evidence tier=KEYWORD_MATCH_ONLY.
IMPLEMENTATION_VERIFICATION_QUEUE,ES-FEAT-LESSONS-006,rider-horse suitability,"Lessons, training, riders, and guardians",CRITICAL:16,P0,Trainer;Rider;Guardian;Owner;Barn Manager;Staff,PIA_SUPPLEMENT_CANDIDATE,IMPLEMENTED_UNVERIFIED,ES-FEAT-PLATFORM-001;ES-FEAT-LESSONS-001;ES-FEAT-IDENTITY-001;ES-FEAT-RELATIONSHIP-001;ES-FEAT-COMMUNICATIONS-001;ES-FEAT-TASKS-001;ES-FEAT-HORSE-001;ES-FEAT-CARE-001,GOVERNANCE,DRAFT_PIA_SUPPLEMENT,Derived from revised structured row ES-FEAT-LESSONS-006 after independent-review adjudication; evidence tier=KEYWORD_MATCH_ONLY.
PIA_SUPPLEMENT_QUEUE,ES-FEAT-LESSONS-006,rider-horse suitability,"Lessons, training, riders, and guardians",CRITICAL:16,P0,Trainer;Rider;Guardian;Owner;Barn Manager;Staff,PIA_SUPPLEMENT_CANDIDATE,IMPLEMENTED_UNVERIFIED,ES-FEAT-PLATFORM-001;ES-FEAT-LESSONS-001;ES-FEAT-IDENTITY-001;ES-FEAT-RELATIONSHIP-001;ES-FEAT-COMMUNICATIONS-001;ES-FEAT-TASKS-001;ES-FEAT-HORSE-001;ES-FEAT-CARE-001,GOVERNANCE,DRAFT_PIA_SUPPLEMENT,Derived from revised structured row ES-FEAT-LESSONS-006 after independent-review adjudication; evidence tier=KEYWORD_MATCH_ONLY.
RUNTIME_VERIFICATION_QUEUE,ES-FEAT-LESSONS-006,rider-horse suitability,"Lessons, training, riders, and guardians",CRITICAL:16,P0,Trainer;Rider;Guardian;Owner;Barn Manager;Staff,PIA_SUPPLEMENT_CANDIDATE,IMPLEMENTED_UNVERIFIED,ES-FEAT-PLATFORM-001;ES-FEAT-LESSONS-001;ES-FEAT-IDENTITY-001;ES-FEAT-RELATIONSHIP-001;ES-FEAT-COMMUNICATIONS-001;ES-FEAT-TASKS-001;ES-FEAT-HORSE-001;ES-FEAT-CARE-001,GOVERNANCE,DRAFT_PIA_SUPPLEMENT,Derived from revised structured row ES-FEAT-LESSONS-006 after independent-review adjudication; evidence tier=KEYWORD_MATCH_ONLY.
CODE_GUIDE_QUEUE,ES-FEAT-LESSONS-007,trainer programs,"Lessons, training, riders, and guardians",CRITICAL:16,P0,Trainer;Rider;Guardian;Owner;Barn Manager;Staff,CODE_GUIDE_GAP,IMPLEMENTED_UNVERIFIED,ES-FEAT-PLATFORM-001;ES-FEAT-LESSONS-001;ES-FEAT-IDENTITY-001;ES-FEAT-RELATIONSHIP-001;ES-FEAT-COMMUNICATIONS-001;ES-FEAT-TASKS-001;ES-FEAT-HORSE-001;ES-FEAT-CARE-001,ARCHITECTURE,DRAFT_CODE_GUIDE,Derived from revised structured row ES-FEAT-LESSONS-007 after independent-review adjudication; evidence tier=KEYWORD_MATCH_ONLY.
FOUNDER_DECISION_QUEUE,ES-FEAT-LESSONS-007,trainer programs,"Lessons, training, riders, and guardians",CRITICAL:16,P0,Trainer;Rider;Guardian;Owner;Barn Manager;Staff,CODE_GUIDE_GAP,IMPLEMENTED_UNVERIFIED,ES-FEAT-PLATFORM-001;ES-FEAT-LESSONS-001;ES-FEAT-IDENTITY-001;ES-FEAT-RELATIONSHIP-001;ES-FEAT-COMMUNICATIONS-001;ES-FEAT-TASKS-001;ES-FEAT-HORSE-001;ES-FEAT-CARE-001,ARCHITECTURE,DRAFT_CODE_GUIDE,Derived from revised structured row ES-FEAT-LESSONS-007 after independent-review adjudication; evidence tier=KEYWORD_MATCH_ONLY.
IMPLEMENTATION_VERIFICATION_QUEUE,ES-FEAT-LESSONS-007,trainer programs,"Lessons, training, riders, and guardians",CRITICAL:16,P0,Trainer;Rider;Guardian;Owner;Barn Manager;Staff,CODE_GUIDE_GAP,IMPLEMENTED_UNVERIFIED,ES-FEAT-PLATFORM-001;ES-FEAT-LESSONS-001;ES-FEAT-IDENTITY-001;ES-FEAT-RELATIONSHIP-001;ES-FEAT-COMMUNICATIONS-001;ES-FEAT-TASKS-001;ES-FEAT-HORSE-001;ES-FEAT-CARE-001,ARCHITECTURE,DRAFT_CODE_GUIDE,Derived from revised structured row ES-FEAT-LESSONS-007 after independent-review adjudication; evidence tier=KEYWORD_MATCH_ONLY.
RUNTIME_VERIFICATION_QUEUE,ES-FEAT-LESSONS-007,trainer programs,"Lessons, training, riders, and guardians",CRITICAL:16,P0,Trainer;Rider;Guardian;Owner;Barn Manager;Staff,CODE_GUIDE_GAP,IMPLEMENTED_UNVERIFIED,ES-FEAT-PLATFORM-001;ES-FEAT-LESSONS-001;ES-FEAT-IDENTITY-001;ES-FEAT-RELATIONSHIP-001;ES-FEAT-COMMUNICATIONS-001;ES-FEAT-TASKS-001;ES-FEAT-HORSE-001;ES-FEAT-CARE-001,ARCHITECTURE,DRAFT_CODE_GUIDE,Derived from revised structured row ES-FEAT-LESSONS-007 after independent-review adjudication; evidence tier=KEYWORD_MATCH_ONLY.
CODE_GUIDE_QUEUE,ES-FEAT-LESSONS-008,horse-training sessions,"Lessons, training, riders, and guardians",CRITICAL:12,P0,Trainer;Rider;Guardian;Owner;Barn Manager;Staff,CODE_GUIDE_GAP,IMPLEMENTED_UNVERIFIED,ES-FEAT-PLATFORM-001;ES-FEAT-LESSONS-001;ES-FEAT-IDENTITY-001;ES-FEAT-RELATIONSHIP-001;ES-FEAT-COMMUNICATIONS-001;ES-FEAT-TASKS-001;ES-FEAT-HORSE-001,ARCHITECTURE,DRAFT_CODE_GUIDE,Derived from revised structured row ES-FEAT-LESSONS-008 after independent-review adjudication; evidence tier=KEYWORD_MATCH_ONLY.
FOUNDER_DECISION_QUEUE,ES-FEAT-LESSONS-008,horse-training sessions,"Lessons, training, riders, and guardians",CRITICAL:12,P0,Trainer;Rider;Guardian;Owner;Barn Manager;Staff,CODE_GUIDE_GAP,IMPLEMENTED_UNVERIFIED,ES-FEAT-PLATFORM-001;ES-FEAT-LESSONS-001;ES-FEAT-IDENTITY-001;ES-FEAT-RELATIONSHIP-001;ES-FEAT-COMMUNICATIONS-001;ES-FEAT-TASKS-001;ES-FEAT-HORSE-001,ARCHITECTURE,DRAFT_CODE_GUIDE,Derived from revised structured row ES-FEAT-LESSONS-008 after independent-review adjudication; evidence tier=KEYWORD_MATCH_ONLY.
IMPLEMENTATION_VERIFICATION_QUEUE,ES-FEAT-LESSONS-008,horse-training sessions,"Lessons, training, riders, and guardians",CRITICAL:12,P0,Trainer;Rider;Guardian;Owner;Barn Manager;Staff,CODE_GUIDE_GAP,IMPLEMENTED_UNVERIFIED,ES-FEAT-PLATFORM-001;ES-FEAT-LESSONS-001;ES-FEAT-IDENTITY-001;ES-FEAT-RELATIONSHIP-001;ES-FEAT-COMMUNICATIONS-001;ES-FEAT-TASKS-001;ES-FEAT-HORSE-001,ARCHITECTURE,DRAFT_CODE_GUIDE,Derived from revised structured row ES-FEAT-LESSONS-008 after independent-review adjudication; evidence tier=KEYWORD_MATCH_ONLY.
RUNTIME_VERIFICATION_QUEUE,ES-FEAT-LESSONS-008,horse-training sessions,"Lessons, training, riders, and guardians",CRITICAL:12,P0,Trainer;Rider;Guardian;Owner;Barn Manager;Staff,CODE_GUIDE_GAP,IMPLEMENTED_UNVERIFIED,ES-FEAT-PLATFORM-001;ES-FEAT-LESSONS-001;ES-FEAT-IDENTITY-001;ES-FEAT-RELATIONSHIP-001;ES-FEAT-COMMUNICATIONS-001;ES-FEAT-TASKS-001;ES-FEAT-HORSE-001,ARCHITECTURE,DRAFT_CODE_GUIDE,Derived from revised structured row ES-FEAT-LESSONS-008 after independent-review adjudication; evidence tier=KEYWORD_MATCH_ONLY.
FOUNDER_DECISION_QUEUE,ES-FEAT-LESSONS-009,progress records,"Lessons, training, riders, and guardians",CRITICAL:16,P0,Trainer;Rider;Guardian;Owner;Barn Manager;Staff,PIA_SUPPLEMENT_CANDIDATE,IMPLEMENTED_UNVERIFIED,ES-FEAT-PLATFORM-001;ES-FEAT-LESSONS-001;ES-FEAT-IDENTITY-001;ES-FEAT-RELATIONSHIP-001;ES-FEAT-COMMUNICATIONS-001;ES-FEAT-TASKS-001;ES-FEAT-HORSE-001;ES-FEAT-CARE-001,GOVERNANCE,DRAFT_PIA_SUPPLEMENT,Derived from revised structured row ES-FEAT-LESSONS-009 after independent-review adjudication; evidence tier=KEYWORD_MATCH_ONLY.
IMPLEMENTATION_VERIFICATION_QUEUE,ES-FEAT-LESSONS-009,progress records,"Lessons, training, riders, and guardians",CRITICAL:16,P0,Trainer;Rider;Guardian;Owner;Barn Manager;Staff,PIA_SUPPLEMENT_CANDIDATE,IMPLEMENTED_UNVERIFIED,ES-FEAT-PLATFORM-001;ES-FEAT-LESSONS-001;ES-FEAT-IDENTITY-001;ES-FEAT-RELATIONSHIP-001;ES-FEAT-COMMUNICATIONS-001;ES-FEAT-TASKS-001;ES-FEAT-HORSE-001;ES-FEAT-CARE-001,GOVERNANCE,DRAFT_PIA_SUPPLEMENT,Derived from revised structured row ES-FEAT-LESSONS-009 after independent-review adjudication; evidence tier=KEYWORD_MATCH_ONLY.
PIA_SUPPLEMENT_QUEUE,ES-FEAT-LESSONS-009,progress records,"Lessons, training, riders, and guardians",CRITICAL:16,P0,Trainer;Rider;Guardian;Owner;Barn Manager;Staff,PIA_SUPPLEMENT_CANDIDATE,IMPLEMENTED_UNVERIFIED,ES-FEAT-PLATFORM-001;ES-FEAT-LESSONS-001;ES-FEAT-IDENTITY-001;ES-FEAT-RELATIONSHIP-001;ES-FEAT-COMMUNICATIONS-001;ES-FEAT-TASKS-001;ES-FEAT-HORSE-001;ES-FEAT-CARE-001,GOVERNANCE,DRAFT_PIA_SUPPLEMENT,Derived from revised structured row ES-FEAT-LESSONS-009 after independent-review adjudication; evidence tier=KEYWORD_MATCH_ONLY.
RUNTIME_VERIFICATION_QUEUE,ES-FEAT-LESSONS-009,progress records,"Lessons, training, riders, and guardians",CRITICAL:16,P0,Trainer;Rider;Guardian;Owner;Barn Manager;Staff,PIA_SUPPLEMENT_CANDIDATE,IMPLEMENTED_UNVERIFIED,ES-FEAT-PLATFORM-001;ES-FEAT-LESSONS-001;ES-FEAT-IDENTITY-001;ES-FEAT-RELATIONSHIP-001;ES-FEAT-COMMUNICATIONS-001;ES-FEAT-TASKS-001;ES-FEAT-HORSE-001;ES-FEAT-CARE-001,GOVERNANCE,DRAFT_PIA_SUPPLEMENT,Derived from revised structured row ES-FEAT-LESSONS-009 after independent-review adjudication; evidence tier=KEYWORD_MATCH_ONLY.
FOUNDER_DECISION_QUEUE,ES-FEAT-LESSONS-010,assessments,"Lessons, training, riders, and guardians",CRITICAL:12,P0,Trainer;Rider;Guardian;Owner;Barn Manager;Staff,PIA_SUPPLEMENT_CANDIDATE,IMPLEMENTED_UNVERIFIED,ES-FEAT-PLATFORM-001;ES-FEAT-LESSONS-001;ES-FEAT-IDENTITY-001;ES-FEAT-RELATIONSHIP-001;ES-FEAT-COMMUNICATIONS-001;ES-FEAT-TASKS-001;ES-FEAT-HORSE-001;ES-FEAT-CARE-001,GOVERNANCE,DRAFT_PIA_SUPPLEMENT,Derived from revised structured row ES-FEAT-LESSONS-010 after independent-review adjudication; evidence tier=KEYWORD_MATCH_ONLY.
IMPLEMENTATION_VERIFICATION_QUEUE,ES-FEAT-LESSONS-010,assessments,"Lessons, training, riders, and guardians",CRITICAL:12,P0,Trainer;Rider;Guardian;Owner;Barn Manager;Staff,PIA_SUPPLEMENT_CANDIDATE,IMPLEMENTED_UNVERIFIED,ES-FEAT-PLATFORM-001;ES-FEAT-LESSONS-001;ES-FEAT-IDENTITY-001;ES-FEAT-RELATIONSHIP-001;ES-FEAT-COMMUNICATIONS-001;ES-FEAT-TASKS-001;ES-FEAT-HORSE-001;ES-FEAT-CARE-001,GOVERNANCE,DRAFT_PIA_SUPPLEMENT,Derived from revised structured row ES-FEAT-LESSONS-010 after independent-review adjudication; evidence tier=KEYWORD_MATCH_ONLY.
PIA_SUPPLEMENT_QUEUE,ES-FEAT-LESSONS-010,assessments,"Lessons, training, riders, and guardians",CRITICAL:12,P0,Trainer;Rider;Guardian;Owner;Barn Manager;Staff,PIA_SUPPLEMENT_CANDIDATE,IMPLEMENTED_UNVERIFIED,ES-FEAT-PLATFORM-001;ES-FEAT-LESSONS-001;ES-FEAT-IDENTITY-001;ES-FEAT-RELATIONSHIP-001;ES-FEAT-COMMUNICATIONS-001;ES-FEAT-TASKS-001;ES-FEAT-HORSE-001;ES-FEAT-CARE-001,GOVERNANCE,DRAFT_PIA_SUPPLEMENT,Derived from revised structured row ES-FEAT-LESSONS-010 after independent-review adjudication; evidence tier=KEYWORD_MATCH_ONLY.
RUNTIME_VERIFICATION_QUEUE,ES-FEAT-LESSONS-010,assessments,"Lessons, training, riders, and guardians",CRITICAL:12,P0,Trainer;Rider;Guardian;Owner;Barn Manager;Staff,PIA_SUPPLEMENT_CANDIDATE,IMPLEMENTED_UNVERIFIED,ES-FEAT-PLATFORM-001;ES-FEAT-LESSONS-001;ES-FEAT-IDENTITY-001;ES-FEAT-RELATIONSHIP-001;ES-FEAT-COMMUNICATIONS-001;ES-FEAT-TASKS-001;ES-FEAT-HORSE-001;ES-FEAT-CARE-001,GOVERNANCE,DRAFT_PIA_SUPPLEMENT,Derived from revised structured row ES-FEAT-LESSONS-010 after independent-review adjudication; evidence tier=KEYWORD_MATCH_ONLY.
FOUNDER_DECISION_QUEUE,ES-FEAT-LESSONS-011,guardian approvals,"Lessons, training, riders, and guardians",CRITICAL:8,P0,Trainer;Rider;Guardian;Owner;Barn Manager;Staff,PIA_SUPPLEMENT_CANDIDATE,IMPLEMENTED_UNVERIFIED,ES-FEAT-PLATFORM-001;ES-FEAT-LESSONS-001;ES-FEAT-IDENTITY-001;ES-FEAT-RELATIONSHIP-001;ES-FEAT-COMMUNICATIONS-001;ES-FEAT-TASKS-001;ES-FEAT-HORSE-001,GOVERNANCE,DRAFT_PIA_SUPPLEMENT,Derived from revised structured row ES-FEAT-LESSONS-011 after independent-review adjudication; evidence tier=KEYWORD_MATCH_ONLY.
IMPLEMENTATION_VERIFICATION_QUEUE,ES-FEAT-LESSONS-011,guardian approvals,"Lessons, training, riders, and guardians",CRITICAL:8,P0,Trainer;Rider;Guardian;Owner;Barn Manager;Staff,PIA_SUPPLEMENT_CANDIDATE,IMPLEMENTED_UNVERIFIED,ES-FEAT-PLATFORM-001;ES-FEAT-LESSONS-001;ES-FEAT-IDENTITY-001;ES-FEAT-RELATIONSHIP-001;ES-FEAT-COMMUNICATIONS-001;ES-FEAT-TASKS-001;ES-FEAT-HORSE-001,GOVERNANCE,DRAFT_PIA_SUPPLEMENT,Derived from revised structured row ES-FEAT-LESSONS-011 after independent-review adjudication; evidence tier=KEYWORD_MATCH_ONLY.
PIA_SUPPLEMENT_QUEUE,ES-FEAT-LESSONS-011,guardian approvals,"Lessons, training, riders, and guardians",CRITICAL:8,P0,Trainer;Rider;Guardian;Owner;Barn Manager;Staff,PIA_SUPPLEMENT_CANDIDATE,IMPLEMENTED_UNVERIFIED,ES-FEAT-PLATFORM-001;ES-FEAT-LESSONS-001;ES-FEAT-IDENTITY-001;ES-FEAT-RELATIONSHIP-001;ES-FEAT-COMMUNICATIONS-001;ES-FEAT-TASKS-001;ES-FEAT-HORSE-001,GOVERNANCE,DRAFT_PIA_SUPPLEMENT,Derived from revised structured row ES-FEAT-LESSONS-011 after independent-review adjudication; evidence tier=KEYWORD_MATCH_ONLY.
RUNTIME_VERIFICATION_QUEUE,ES-FEAT-LESSONS-011,guardian approvals,"Lessons, training, riders, and guardians",CRITICAL:8,P0,Trainer;Rider;Guardian;Owner;Barn Manager;Staff,PIA_SUPPLEMENT_CANDIDATE,IMPLEMENTED_UNVERIFIED,ES-FEAT-PLATFORM-001;ES-FEAT-LESSONS-001;ES-FEAT-IDENTITY-001;ES-FEAT-RELATIONSHIP-001;ES-FEAT-COMMUNICATIONS-001;ES-FEAT-TASKS-001;ES-FEAT-HORSE-001,GOVERNANCE,DRAFT_PIA_SUPPLEMENT,Derived from revised structured row ES-FEAT-LESSONS-011 after independent-review adjudication; evidence tier=KEYWORD_MATCH_ONLY.
FOUNDER_DECISION_QUEUE,ES-FEAT-LESSONS-012,protected communications,"Lessons, training, riders, and guardians",CRITICAL:16,P0,Trainer;Rider;Guardian;Owner;Barn Manager;Staff,PIA_SUPPLEMENT_CANDIDATE,IMPLEMENTED_UNVERIFIED,ES-FEAT-PLATFORM-001;ES-FEAT-LESSONS-001;ES-FEAT-IDENTITY-001;ES-FEAT-RELATIONSHIP-001;ES-FEAT-COMMUNICATIONS-001;ES-FEAT-TASKS-001;ES-FEAT-HORSE-001;ES-FEAT-CARE-001,GOVERNANCE,DRAFT_PIA_SUPPLEMENT,Derived from revised structured row ES-FEAT-LESSONS-012 after independent-review adjudication; evidence tier=KEYWORD_MATCH_ONLY.
IMPLEMENTATION_VERIFICATION_QUEUE,ES-FEAT-LESSONS-012,protected communications,"Lessons, training, riders, and guardians",CRITICAL:16,P0,Trainer;Rider;Guardian;Owner;Barn Manager;Staff,PIA_SUPPLEMENT_CANDIDATE,IMPLEMENTED_UNVERIFIED,ES-FEAT-PLATFORM-001;ES-FEAT-LESSONS-001;ES-FEAT-IDENTITY-001;ES-FEAT-RELATIONSHIP-001;ES-FEAT-COMMUNICATIONS-001;ES-FEAT-TASKS-001;ES-FEAT-HORSE-001;ES-FEAT-CARE-001,GOVERNANCE,DRAFT_PIA_SUPPLEMENT,Derived from revised structured row ES-FEAT-LESSONS-012 after independent-review adjudication; evidence tier=KEYWORD_MATCH_ONLY.
PIA_SUPPLEMENT_QUEUE,ES-FEAT-LESSONS-012,protected communications,"Lessons, training, riders, and guardians",CRITICAL:16,P0,Trainer;Rider;Guardian;Owner;Barn Manager;Staff,PIA_SUPPLEMENT_CANDIDATE,IMPLEMENTED_UNVERIFIED,ES-FEAT-PLATFORM-001;ES-FEAT-LESSONS-001;ES-FEAT-IDENTITY-001;ES-FEAT-RELATIONSHIP-001;ES-FEAT-COMMUNICATIONS-001;ES-FEAT-TASKS-001;ES-FEAT-HORSE-001;ES-FEAT-CARE-001,GOVERNANCE,DRAFT_PIA_SUPPLEMENT,Derived from revised structured row ES-FEAT-LESSONS-012 after independent-review adjudication; evidence tier=KEYWORD_MATCH_ONLY.
RUNTIME_VERIFICATION_QUEUE,ES-FEAT-LESSONS-012,protected communications,"Lessons, training, riders, and guardians",CRITICAL:16,P0,Trainer;Rider;Guardian;Owner;Barn Manager;Staff,PIA_SUPPLEMENT_CANDIDATE,IMPLEMENTED_UNVERIFIED,ES-FEAT-PLATFORM-001;ES-FEAT-LESSONS-001;ES-FEAT-IDENTITY-001;ES-FEAT-RELATIONSHIP-001;ES-FEAT-COMMUNICATIONS-001;ES-FEAT-TASKS-001;ES-FEAT-HORSE-001;ES-FEAT-CARE-001,GOVERNANCE,DRAFT_PIA_SUPPLEMENT,Derived from revised structured row ES-FEAT-LESSONS-012 after independent-review adjudication; evidence tier=KEYWORD_MATCH_ONLY.
FOUNDER_DECISION_QUEUE,ES-FEAT-LESSONS-013,safety interruption,"Lessons, training, riders, and guardians",CRITICAL:12,P0,Trainer;Rider;Guardian;Owner;Barn Manager;Staff,PIA_SUPPLEMENT_CANDIDATE,IMPLEMENTED_UNVERIFIED,ES-FEAT-PLATFORM-001;ES-FEAT-LESSONS-001;ES-FEAT-IDENTITY-001;ES-FEAT-RELATIONSHIP-001;ES-FEAT-COMMUNICATIONS-001;ES-FEAT-TASKS-001;ES-FEAT-HORSE-001;ES-FEAT-CARE-001,GOVERNANCE,DRAFT_PIA_SUPPLEMENT,Derived from revised structured row ES-FEAT-LESSONS-013 after independent-review adjudication; evidence tier=KEYWORD_MATCH_ONLY.
IMPLEMENTATION_VERIFICATION_QUEUE,ES-FEAT-LESSONS-013,safety interruption,"Lessons, training, riders, and guardians",CRITICAL:12,P0,Trainer;Rider;Guardian;Owner;Barn Manager;Staff,PIA_SUPPLEMENT_CANDIDATE,IMPLEMENTED_UNVERIFIED,ES-FEAT-PLATFORM-001;ES-FEAT-LESSONS-001;ES-FEAT-IDENTITY-001;ES-FEAT-RELATIONSHIP-001;ES-FEAT-COMMUNICATIONS-001;ES-FEAT-TASKS-001;ES-FEAT-HORSE-001;ES-FEAT-CARE-001,GOVERNANCE,DRAFT_PIA_SUPPLEMENT,Derived from revised structured row ES-FEAT-LESSONS-013 after independent-review adjudication; evidence tier=KEYWORD_MATCH_ONLY.
PIA_SUPPLEMENT_QUEUE,ES-FEAT-LESSONS-013,safety interruption,"Lessons, training, riders, and guardians",CRITICAL:12,P0,Trainer;Rider;Guardian;Owner;Barn Manager;Staff,PIA_SUPPLEMENT_CANDIDATE,IMPLEMENTED_UNVERIFIED,ES-FEAT-PLATFORM-001;ES-FEAT-LESSONS-001;ES-FEAT-IDENTITY-001;ES-FEAT-RELATIONSHIP-001;ES-FEAT-COMMUNICATIONS-001;ES-FEAT-TASKS-001;ES-FEAT-HORSE-001;ES-FEAT-CARE-001,GOVERNANCE,DRAFT_PIA_SUPPLEMENT,Derived from revised structured row ES-FEAT-LESSONS-013 after independent-review adjudication; evidence tier=KEYWORD_MATCH_ONLY.
RUNTIME_VERIFICATION_QUEUE,ES-FEAT-LESSONS-013,safety interruption,"Lessons, training, riders, and guardians",CRITICAL:12,P0,Trainer;Rider;Guardian;Owner;Barn Manager;Staff,PIA_SUPPLEMENT_CANDIDATE,IMPLEMENTED_UNVERIFIED,ES-FEAT-PLATFORM-001;ES-FEAT-LESSONS-001;ES-FEAT-IDENTITY-001;ES-FEAT-RELATIONSHIP-001;ES-FEAT-COMMUNICATIONS-001;ES-FEAT-TASKS-001;ES-FEAT-HORSE-001;ES-FEAT-CARE-001,GOVERNANCE,DRAFT_PIA_SUPPLEMENT,Derived from revised structured row ES-FEAT-LESSONS-013 after independent-review adjudication; evidence tier=KEYWORD_MATCH_ONLY.
FOUNDER_DECISION_QUEUE,ES-FEAT-LESSONS-014,owner updates (Lessons),"Lessons, training, riders, and guardians",CRITICAL:4,P2,Trainer;Rider;Guardian;Owner;Barn Manager;Staff,COVERED_WITH_RETAINED_GAP,IMPLEMENTED_UNVERIFIED,ES-FEAT-PLATFORM-001;ES-FEAT-LESSONS-001;ES-FEAT-IDENTITY-001;ES-FEAT-RELATIONSHIP-001;ES-FEAT-COMMUNICATIONS-001;ES-FEAT-TASKS-001;ES-FEAT-HORSE-001,ENGINEERING,VERIFY_REPOSITORY_IMPLEMENTATION,Derived from revised structured row ES-FEAT-LESSONS-014 after independent-review adjudication; evidence tier=KEYWORD_MATCH_ONLY.
IMPLEMENTATION_VERIFICATION_QUEUE,ES-FEAT-LESSONS-014,owner updates (Lessons),"Lessons, training, riders, and guardians",CRITICAL:4,P2,Trainer;Rider;Guardian;Owner;Barn Manager;Staff,COVERED_WITH_RETAINED_GAP,IMPLEMENTED_UNVERIFIED,ES-FEAT-PLATFORM-001;ES-FEAT-LESSONS-001;ES-FEAT-IDENTITY-001;ES-FEAT-RELATIONSHIP-001;ES-FEAT-COMMUNICATIONS-001;ES-FEAT-TASKS-001;ES-FEAT-HORSE-001,ENGINEERING,VERIFY_REPOSITORY_IMPLEMENTATION,Derived from revised structured row ES-FEAT-LESSONS-014 after independent-review adjudication; evidence tier=KEYWORD_MATCH_ONLY.
RETAINED_GAP_REREVIEW_QUEUE,ES-FEAT-LESSONS-014,owner updates (Lessons),"Lessons, training, riders, and guardians",CRITICAL:4,P2,Trainer;Rider;Guardian;Owner;Barn Manager;Staff,COVERED_WITH_RETAINED_GAP,IMPLEMENTED_UNVERIFIED,ES-FEAT-PLATFORM-001;ES-FEAT-LESSONS-001;ES-FEAT-IDENTITY-001;ES-FEAT-RELATIONSHIP-001;ES-FEAT-COMMUNICATIONS-001;ES-FEAT-TASKS-001;ES-FEAT-HORSE-001,ENGINEERING,VERIFY_REPOSITORY_IMPLEMENTATION,Derived from revised structured row ES-FEAT-LESSONS-014 after independent-review adjudication; evidence tier=KEYWORD_MATCH_ONLY.
RUNTIME_VERIFICATION_QUEUE,ES-FEAT-LESSONS-014,owner updates (Lessons),"Lessons, training, riders, and guardians",CRITICAL:4,P2,Trainer;Rider;Guardian;Owner;Barn Manager;Staff,COVERED_WITH_RETAINED_GAP,IMPLEMENTED_UNVERIFIED,ES-FEAT-PLATFORM-001;ES-FEAT-LESSONS-001;ES-FEAT-IDENTITY-001;ES-FEAT-RELATIONSHIP-001;ES-FEAT-COMMUNICATIONS-001;ES-FEAT-TASKS-001;ES-FEAT-HORSE-001,ENGINEERING,VERIFY_REPOSITORY_IMPLEMENTATION,Derived from revised structured row ES-FEAT-LESSONS-014 after independent-review adjudication; evidence tier=KEYWORD_MATCH_ONLY.
FOUNDER_DECISION_QUEUE,ES-FEAT-LESSONS-015,lesson packages,"Lessons, training, riders, and guardians",CRITICAL:16,P0,Trainer;Rider;Guardian;Owner;Barn Manager;Staff,PIA_SUPPLEMENT_CANDIDATE,IMPLEMENTED_UNVERIFIED,ES-FEAT-PLATFORM-001;ES-FEAT-LESSONS-001;ES-FEAT-IDENTITY-001;ES-FEAT-RELATIONSHIP-001;ES-FEAT-COMMUNICATIONS-001;ES-FEAT-TASKS-001;ES-FEAT-HORSE-001,GOVERNANCE,DRAFT_PIA_SUPPLEMENT,Derived from revised structured row ES-FEAT-LESSONS-015 after independent-review adjudication; evidence tier=KEYWORD_MATCH_ONLY.
IMPLEMENTATION_VERIFICATION_QUEUE,ES-FEAT-LESSONS-015,lesson packages,"Lessons, training, riders, and guardians",CRITICAL:16,P0,Trainer;Rider;Guardian;Owner;Barn Manager;Staff,PIA_SUPPLEMENT_CANDIDATE,IMPLEMENTED_UNVERIFIED,ES-FEAT-PLATFORM-001;ES-FEAT-LESSONS-001;ES-FEAT-IDENTITY-001;ES-FEAT-RELATIONSHIP-001;ES-FEAT-COMMUNICATIONS-001;ES-FEAT-TASKS-001;ES-FEAT-HORSE-001,GOVERNANCE,DRAFT_PIA_SUPPLEMENT,Derived from revised structured row ES-FEAT-LESSONS-015 after independent-review adjudication; evidence tier=KEYWORD_MATCH_ONLY.
PIA_SUPPLEMENT_QUEUE,ES-FEAT-LESSONS-015,lesson packages,"Lessons, training, riders, and guardians",CRITICAL:16,P0,Trainer;Rider;Guardian;Owner;Barn Manager;Staff,PIA_SUPPLEMENT_CANDIDATE,IMPLEMENTED_UNVERIFIED,ES-FEAT-PLATFORM-001;ES-FEAT-LESSONS-001;ES-FEAT-IDENTITY-001;ES-FEAT-RELATIONSHIP-001;ES-FEAT-COMMUNICATIONS-001;ES-FEAT-TASKS-001;ES-FEAT-HORSE-001,GOVERNANCE,DRAFT_PIA_SUPPLEMENT,Derived from revised structured row ES-FEAT-LESSONS-015 after independent-review adjudication; evidence tier=KEYWORD_MATCH_ONLY.
RUNTIME_VERIFICATION_QUEUE,ES-FEAT-LESSONS-015,lesson packages,"Lessons, training, riders, and guardians",CRITICAL:16,P0,Trainer;Rider;Guardian;Owner;Barn Manager;Staff,PIA_SUPPLEMENT_CANDIDATE,IMPLEMENTED_UNVERIFIED,ES-FEAT-PLATFORM-001;ES-FEAT-LESSONS-001;ES-FEAT-IDENTITY-001;ES-FEAT-RELATIONSHIP-001;ES-FEAT-COMMUNICATIONS-001;ES-FEAT-TASKS-001;ES-FEAT-HORSE-001,GOVERNANCE,DRAFT_PIA_SUPPLEMENT,Derived from revised structured row ES-FEAT-LESSONS-015 after independent-review adjudication; evidence tier=KEYWORD_MATCH_ONLY.
FOUNDER_DECISION_QUEUE,ES-FEAT-TASKS-001,tasks,"Tasks, calendar, scheduling, and notifications",MEDIUM:6,P1,Barn Manager;Trainer;Staff;Owner;Guardian;Rider;Service Provider,PIA_SUPPLEMENT_CANDIDATE,IMPLEMENTED_UNVERIFIED,ES-FEAT-PLATFORM-001,GOVERNANCE,DRAFT_PIA_SUPPLEMENT,Derived from revised structured row ES-FEAT-TASKS-001 after independent-review adjudication; evidence tier=KEYWORD_MATCH_ONLY.
IMPLEMENTATION_VERIFICATION_QUEUE,ES-FEAT-TASKS-001,tasks,"Tasks, calendar, scheduling, and notifications",MEDIUM:6,P1,Barn Manager;Trainer;Staff;Owner;Guardian;Rider;Service Provider,PIA_SUPPLEMENT_CANDIDATE,IMPLEMENTED_UNVERIFIED,ES-FEAT-PLATFORM-001,GOVERNANCE,DRAFT_PIA_SUPPLEMENT,Derived from revised structured row ES-FEAT-TASKS-001 after independent-review adjudication; evidence tier=KEYWORD_MATCH_ONLY.
PIA_SUPPLEMENT_QUEUE,ES-FEAT-TASKS-001,tasks,"Tasks, calendar, scheduling, and notifications",MEDIUM:6,P1,Barn Manager;Trainer;Staff;Owner;Guardian;Rider;Service Provider,PIA_SUPPLEMENT_CANDIDATE,IMPLEMENTED_UNVERIFIED,ES-FEAT-PLATFORM-001,GOVERNANCE,DRAFT_PIA_SUPPLEMENT,Derived from revised structured row ES-FEAT-TASKS-001 after independent-review adjudication; evidence tier=KEYWORD_MATCH_ONLY.
RUNTIME_VERIFICATION_QUEUE,ES-FEAT-TASKS-001,tasks,"Tasks, calendar, scheduling, and notifications",MEDIUM:6,P1,Barn Manager;Trainer;Staff;Owner;Guardian;Rider;Service Provider,PIA_SUPPLEMENT_CANDIDATE,IMPLEMENTED_UNVERIFIED,ES-FEAT-PLATFORM-001,GOVERNANCE,DRAFT_PIA_SUPPLEMENT,Derived from revised structured row ES-FEAT-TASKS-001 after independent-review adjudication; evidence tier=KEYWORD_MATCH_ONLY.
FOUNDER_DECISION_QUEUE,ES-FEAT-TASKS-002,events (Tasks),"Tasks, calendar, scheduling, and notifications",MEDIUM:4,P1,Barn Manager;Trainer;Staff;Owner;Guardian;Rider;Service Provider,PIA_SUPPLEMENT_CANDIDATE,IMPLEMENTED_UNVERIFIED,ES-FEAT-PLATFORM-001;ES-FEAT-TASKS-001;ES-FEAT-IDENTITY-001;ES-FEAT-RELATIONSHIP-001;ES-FEAT-FINANCIAL-001;ES-FEAT-COMMUNICATIONS-001;ES-FEAT-CARE-001,GOVERNANCE,DRAFT_PIA_SUPPLEMENT,Derived from revised structured row ES-FEAT-TASKS-002 after independent-review adjudication; evidence tier=KEYWORD_MATCH_ONLY.
IMPLEMENTATION_VERIFICATION_QUEUE,ES-FEAT-TASKS-002,events (Tasks),"Tasks, calendar, scheduling, and notifications",MEDIUM:4,P1,Barn Manager;Trainer;Staff;Owner;Guardian;Rider;Service Provider,PIA_SUPPLEMENT_CANDIDATE,IMPLEMENTED_UNVERIFIED,ES-FEAT-PLATFORM-001;ES-FEAT-TASKS-001;ES-FEAT-IDENTITY-001;ES-FEAT-RELATIONSHIP-001;ES-FEAT-FINANCIAL-001;ES-FEAT-COMMUNICATIONS-001;ES-FEAT-CARE-001,GOVERNANCE,DRAFT_PIA_SUPPLEMENT,Derived from revised structured row ES-FEAT-TASKS-002 after independent-review adjudication; evidence tier=KEYWORD_MATCH_ONLY.
PIA_SUPPLEMENT_QUEUE,ES-FEAT-TASKS-002,events (Tasks),"Tasks, calendar, scheduling, and notifications",MEDIUM:4,P1,Barn Manager;Trainer;Staff;Owner;Guardian;Rider;Service Provider,PIA_SUPPLEMENT_CANDIDATE,IMPLEMENTED_UNVERIFIED,ES-FEAT-PLATFORM-001;ES-FEAT-TASKS-001;ES-FEAT-IDENTITY-001;ES-FEAT-RELATIONSHIP-001;ES-FEAT-FINANCIAL-001;ES-FEAT-COMMUNICATIONS-001;ES-FEAT-CARE-001,GOVERNANCE,DRAFT_PIA_SUPPLEMENT,Derived from revised structured row ES-FEAT-TASKS-002 after independent-review adjudication; evidence tier=KEYWORD_MATCH_ONLY.
RUNTIME_VERIFICATION_QUEUE,ES-FEAT-TASKS-002,events (Tasks),"Tasks, calendar, scheduling, and notifications",MEDIUM:4,P1,Barn Manager;Trainer;Staff;Owner;Guardian;Rider;Service Provider,PIA_SUPPLEMENT_CANDIDATE,IMPLEMENTED_UNVERIFIED,ES-FEAT-PLATFORM-001;ES-FEAT-TASKS-001;ES-FEAT-IDENTITY-001;ES-FEAT-RELATIONSHIP-001;ES-FEAT-FINANCIAL-001;ES-FEAT-COMMUNICATIONS-001;ES-FEAT-CARE-001,GOVERNANCE,DRAFT_PIA_SUPPLEMENT,Derived from revised structured row ES-FEAT-TASKS-002 after independent-review adjudication; evidence tier=KEYWORD_MATCH_ONLY.
FOUNDER_DECISION_QUEUE,ES-FEAT-TASKS-003,recurrence,"Tasks, calendar, scheduling, and notifications",MEDIUM:8,P1,Barn Manager;Trainer;Staff;Owner;Guardian;Rider;Service Provider,PIA_SUPPLEMENT_CANDIDATE,IMPLEMENTED_UNVERIFIED,ES-FEAT-PLATFORM-001;ES-FEAT-TASKS-001;ES-FEAT-IDENTITY-001;ES-FEAT-RELATIONSHIP-001;ES-FEAT-COMMUNICATIONS-001;ES-FEAT-CARE-001,GOVERNANCE,DRAFT_PIA_SUPPLEMENT,Derived from revised structured row ES-FEAT-TASKS-003 after independent-review adjudication; evidence tier=KEYWORD_MATCH_ONLY.
IMPLEMENTATION_VERIFICATION_QUEUE,ES-FEAT-TASKS-003,recurrence,"Tasks, calendar, scheduling, and notifications",MEDIUM:8,P1,Barn Manager;Trainer;Staff;Owner;Guardian;Rider;Service Provider,PIA_SUPPLEMENT_CANDIDATE,IMPLEMENTED_UNVERIFIED,ES-FEAT-PLATFORM-001;ES-FEAT-TASKS-001;ES-FEAT-IDENTITY-001;ES-FEAT-RELATIONSHIP-001;ES-FEAT-COMMUNICATIONS-001;ES-FEAT-CARE-001,GOVERNANCE,DRAFT_PIA_SUPPLEMENT,Derived from revised structured row ES-FEAT-TASKS-003 after independent-review adjudication; evidence tier=KEYWORD_MATCH_ONLY.
PIA_SUPPLEMENT_QUEUE,ES-FEAT-TASKS-003,recurrence,"Tasks, calendar, scheduling, and notifications",MEDIUM:8,P1,Barn Manager;Trainer;Staff;Owner;Guardian;Rider;Service Provider,PIA_SUPPLEMENT_CANDIDATE,IMPLEMENTED_UNVERIFIED,ES-FEAT-PLATFORM-001;ES-FEAT-TASKS-001;ES-FEAT-IDENTITY-001;ES-FEAT-RELATIONSHIP-001;ES-FEAT-COMMUNICATIONS-001;ES-FEAT-CARE-001,GOVERNANCE,DRAFT_PIA_SUPPLEMENT,Derived from revised structured row ES-FEAT-TASKS-003 after independent-review adjudication; evidence tier=KEYWORD_MATCH_ONLY.
RUNTIME_VERIFICATION_QUEUE,ES-FEAT-TASKS-003,recurrence,"Tasks, calendar, scheduling, and notifications",MEDIUM:8,P1,Barn Manager;Trainer;Staff;Owner;Guardian;Rider;Service Provider,PIA_SUPPLEMENT_CANDIDATE,IMPLEMENTED_UNVERIFIED,ES-FEAT-PLATFORM-001;ES-FEAT-TASKS-001;ES-FEAT-IDENTITY-001;ES-FEAT-RELATIONSHIP-001;ES-FEAT-COMMUNICATIONS-001;ES-FEAT-CARE-001,GOVERNANCE,DRAFT_PIA_SUPPLEMENT,Derived from revised structured row ES-FEAT-TASKS-003 after independent-review adjudication; evidence tier=KEYWORD_MATCH_ONLY.
FOUNDER_DECISION_QUEUE,ES-FEAT-TASKS-004,assignments (Tasks),"Tasks, calendar, scheduling, and notifications",MEDIUM:6,P1,Barn Manager;Trainer;Staff;Owner;Guardian;Rider;Service Provider,PIA_SUPPLEMENT_CANDIDATE,IMPLEMENTED_UNVERIFIED,ES-FEAT-PLATFORM-001;ES-FEAT-TASKS-001;ES-FEAT-IDENTITY-001;ES-FEAT-RELATIONSHIP-001;ES-FEAT-COMMUNICATIONS-001;ES-FEAT-CARE-001,GOVERNANCE,DRAFT_PIA_SUPPLEMENT,Derived from revised structured row ES-FEAT-TASKS-004 after independent-review adjudication; evidence tier=KEYWORD_MATCH_ONLY.
IMPLEMENTATION_VERIFICATION_QUEUE,ES-FEAT-TASKS-004,assignments (Tasks),"Tasks, calendar, scheduling, and notifications",MEDIUM:6,P1,Barn Manager;Trainer;Staff;Owner;Guardian;Rider;Service Provider,PIA_SUPPLEMENT_CANDIDATE,IMPLEMENTED_UNVERIFIED,ES-FEAT-PLATFORM-001;ES-FEAT-TASKS-001;ES-FEAT-IDENTITY-001;ES-FEAT-RELATIONSHIP-001;ES-FEAT-COMMUNICATIONS-001;ES-FEAT-CARE-001,GOVERNANCE,DRAFT_PIA_SUPPLEMENT,Derived from revised structured row ES-FEAT-TASKS-004 after independent-review adjudication; evidence tier=KEYWORD_MATCH_ONLY.
PIA_SUPPLEMENT_QUEUE,ES-FEAT-TASKS-004,assignments (Tasks),"Tasks, calendar, scheduling, and notifications",MEDIUM:6,P1,Barn Manager;Trainer;Staff;Owner;Guardian;Rider;Service Provider,PIA_SUPPLEMENT_CANDIDATE,IMPLEMENTED_UNVERIFIED,ES-FEAT-PLATFORM-001;ES-FEAT-TASKS-001;ES-FEAT-IDENTITY-001;ES-FEAT-RELATIONSHIP-001;ES-FEAT-COMMUNICATIONS-001;ES-FEAT-CARE-001,GOVERNANCE,DRAFT_PIA_SUPPLEMENT,Derived from revised structured row ES-FEAT-TASKS-004 after independent-review adjudication; evidence tier=KEYWORD_MATCH_ONLY.
RUNTIME_VERIFICATION_QUEUE,ES-FEAT-TASKS-004,assignments (Tasks),"Tasks, calendar, scheduling, and notifications",MEDIUM:6,P1,Barn Manager;Trainer;Staff;Owner;Guardian;Rider;Service Provider,PIA_SUPPLEMENT_CANDIDATE,IMPLEMENTED_UNVERIFIED,ES-FEAT-PLATFORM-001;ES-FEAT-TASKS-001;ES-FEAT-IDENTITY-001;ES-FEAT-RELATIONSHIP-001;ES-FEAT-COMMUNICATIONS-001;ES-FEAT-CARE-001,GOVERNANCE,DRAFT_PIA_SUPPLEMENT,Derived from revised structured row ES-FEAT-TASKS-004 after independent-review adjudication; evidence tier=KEYWORD_MATCH_ONLY.
CODE_GUIDE_QUEUE,ES-FEAT-TASKS-005,claims,"Tasks, calendar, scheduling, and notifications",CRITICAL:12,P1,Barn Manager;Trainer;Staff;Owner;Guardian;Rider;Service Provider,CODE_GUIDE_GAP,IMPLEMENTED_UNVERIFIED,ES-FEAT-PLATFORM-001;ES-FEAT-TASKS-001;ES-FEAT-IDENTITY-001;ES-FEAT-RELATIONSHIP-001;ES-FEAT-COMMUNICATIONS-001;ES-FEAT-CARE-001,ARCHITECTURE,DRAFT_CODE_GUIDE,Derived from revised structured row ES-FEAT-TASKS-005 after independent-review adjudication; evidence tier=KEYWORD_MATCH_ONLY.
FOUNDER_DECISION_QUEUE,ES-FEAT-TASKS-005,claims,"Tasks, calendar, scheduling, and notifications",CRITICAL:12,P1,Barn Manager;Trainer;Staff;Owner;Guardian;Rider;Service Provider,CODE_GUIDE_GAP,IMPLEMENTED_UNVERIFIED,ES-FEAT-PLATFORM-001;ES-FEAT-TASKS-001;ES-FEAT-IDENTITY-001;ES-FEAT-RELATIONSHIP-001;ES-FEAT-COMMUNICATIONS-001;ES-FEAT-CARE-001,ARCHITECTURE,DRAFT_CODE_GUIDE,Derived from revised structured row ES-FEAT-TASKS-005 after independent-review adjudication; evidence tier=KEYWORD_MATCH_ONLY.
IMPLEMENTATION_VERIFICATION_QUEUE,ES-FEAT-TASKS-005,claims,"Tasks, calendar, scheduling, and notifications",CRITICAL:12,P1,Barn Manager;Trainer;Staff;Owner;Guardian;Rider;Service Provider,CODE_GUIDE_GAP,IMPLEMENTED_UNVERIFIED,ES-FEAT-PLATFORM-001;ES-FEAT-TASKS-001;ES-FEAT-IDENTITY-001;ES-FEAT-RELATIONSHIP-001;ES-FEAT-COMMUNICATIONS-001;ES-FEAT-CARE-001,ARCHITECTURE,DRAFT_CODE_GUIDE,Derived from revised structured row ES-FEAT-TASKS-005 after independent-review adjudication; evidence tier=KEYWORD_MATCH_ONLY.
RUNTIME_VERIFICATION_QUEUE,ES-FEAT-TASKS-005,claims,"Tasks, calendar, scheduling, and notifications",CRITICAL:12,P1,Barn Manager;Trainer;Staff;Owner;Guardian;Rider;Service Provider,CODE_GUIDE_GAP,IMPLEMENTED_UNVERIFIED,ES-FEAT-PLATFORM-001;ES-FEAT-TASKS-001;ES-FEAT-IDENTITY-001;ES-FEAT-RELATIONSHIP-001;ES-FEAT-COMMUNICATIONS-001;ES-FEAT-CARE-001,ARCHITECTURE,DRAFT_CODE_GUIDE,Derived from revised structured row ES-FEAT-TASKS-005 after independent-review adjudication; evidence tier=KEYWORD_MATCH_ONLY.
FOUNDER_DECISION_QUEUE,ES-FEAT-TASKS-006,completion,"Tasks, calendar, scheduling, and notifications",MEDIUM:8,P1,Barn Manager;Trainer;Staff;Owner;Guardian;Rider;Service Provider,PIA_SUPPLEMENT_CANDIDATE,IMPLEMENTED_UNVERIFIED,ES-FEAT-PLATFORM-001;ES-FEAT-TASKS-001;ES-FEAT-IDENTITY-001;ES-FEAT-RELATIONSHIP-001;ES-FEAT-COMMUNICATIONS-001,GOVERNANCE,DRAFT_PIA_SUPPLEMENT,Derived from revised structured row ES-FEAT-TASKS-006 after independent-review adjudication; evidence tier=KEYWORD_MATCH_ONLY.
IMPLEMENTATION_VERIFICATION_QUEUE,ES-FEAT-TASKS-006,completion,"Tasks, calendar, scheduling, and notifications",MEDIUM:8,P1,Barn Manager;Trainer;Staff;Owner;Guardian;Rider;Service Provider,PIA_SUPPLEMENT_CANDIDATE,IMPLEMENTED_UNVERIFIED,ES-FEAT-PLATFORM-001;ES-FEAT-TASKS-001;ES-FEAT-IDENTITY-001;ES-FEAT-RELATIONSHIP-001;ES-FEAT-COMMUNICATIONS-001,GOVERNANCE,DRAFT_PIA_SUPPLEMENT,Derived from revised structured row ES-FEAT-TASKS-006 after independent-review adjudication; evidence tier=KEYWORD_MATCH_ONLY.
PIA_SUPPLEMENT_QUEUE,ES-FEAT-TASKS-006,completion,"Tasks, calendar, scheduling, and notifications",MEDIUM:8,P1,Barn Manager;Trainer;Staff;Owner;Guardian;Rider;Service Provider,PIA_SUPPLEMENT_CANDIDATE,IMPLEMENTED_UNVERIFIED,ES-FEAT-PLATFORM-001;ES-FEAT-TASKS-001;ES-FEAT-IDENTITY-001;ES-FEAT-RELATIONSHIP-001;ES-FEAT-COMMUNICATIONS-001,GOVERNANCE,DRAFT_PIA_SUPPLEMENT,Derived from revised structured row ES-FEAT-TASKS-006 after independent-review adjudication; evidence tier=KEYWORD_MATCH_ONLY.
RUNTIME_VERIFICATION_QUEUE,ES-FEAT-TASKS-006,completion,"Tasks, calendar, scheduling, and notifications",MEDIUM:8,P1,Barn Manager;Trainer;Staff;Owner;Guardian;Rider;Service Provider,PIA_SUPPLEMENT_CANDIDATE,IMPLEMENTED_UNVERIFIED,ES-FEAT-PLATFORM-001;ES-FEAT-TASKS-001;ES-FEAT-IDENTITY-001;ES-FEAT-RELATIONSHIP-001;ES-FEAT-COMMUNICATIONS-001,GOVERNANCE,DRAFT_PIA_SUPPLEMENT,Derived from revised structured row ES-FEAT-TASKS-006 after independent-review adjudication; evidence tier=KEYWORD_MATCH_ONLY.
FOUNDER_DECISION_QUEUE,ES-FEAT-TASKS-007,correction (Tasks),"Tasks, calendar, scheduling, and notifications",MEDIUM:6,P1,Barn Manager;Trainer;Staff;Owner;Guardian;Rider;Service Provider,PIA_SUPPLEMENT_CANDIDATE,IMPLEMENTED_UNVERIFIED,ES-FEAT-PLATFORM-001;ES-FEAT-TASKS-001;ES-FEAT-IDENTITY-001;ES-FEAT-RELATIONSHIP-001;ES-FEAT-COMMUNICATIONS-001;ES-FEAT-CARE-001,GOVERNANCE,DRAFT_PIA_SUPPLEMENT,Derived from revised structured row ES-FEAT-TASKS-007 after independent-review adjudication; evidence tier=KEYWORD_MATCH_ONLY.
IMPLEMENTATION_VERIFICATION_QUEUE,ES-FEAT-TASKS-007,correction (Tasks),"Tasks, calendar, scheduling, and notifications",MEDIUM:6,P1,Barn Manager;Trainer;Staff;Owner;Guardian;Rider;Service Provider,PIA_SUPPLEMENT_CANDIDATE,IMPLEMENTED_UNVERIFIED,ES-FEAT-PLATFORM-001;ES-FEAT-TASKS-001;ES-FEAT-IDENTITY-001;ES-FEAT-RELATIONSHIP-001;ES-FEAT-COMMUNICATIONS-001;ES-FEAT-CARE-001,GOVERNANCE,DRAFT_PIA_SUPPLEMENT,Derived from revised structured row ES-FEAT-TASKS-007 after independent-review adjudication; evidence tier=KEYWORD_MATCH_ONLY.
PIA_SUPPLEMENT_QUEUE,ES-FEAT-TASKS-007,correction (Tasks),"Tasks, calendar, scheduling, and notifications",MEDIUM:6,P1,Barn Manager;Trainer;Staff;Owner;Guardian;Rider;Service Provider,PIA_SUPPLEMENT_CANDIDATE,IMPLEMENTED_UNVERIFIED,ES-FEAT-PLATFORM-001;ES-FEAT-TASKS-001;ES-FEAT-IDENTITY-001;ES-FEAT-RELATIONSHIP-001;ES-FEAT-COMMUNICATIONS-001;ES-FEAT-CARE-001,GOVERNANCE,DRAFT_PIA_SUPPLEMENT,Derived from revised structured row ES-FEAT-TASKS-007 after independent-review adjudication; evidence tier=KEYWORD_MATCH_ONLY.
RUNTIME_VERIFICATION_QUEUE,ES-FEAT-TASKS-007,correction (Tasks),"Tasks, calendar, scheduling, and notifications",MEDIUM:6,P1,Barn Manager;Trainer;Staff;Owner;Guardian;Rider;Service Provider,PIA_SUPPLEMENT_CANDIDATE,IMPLEMENTED_UNVERIFIED,ES-FEAT-PLATFORM-001;ES-FEAT-TASKS-001;ES-FEAT-IDENTITY-001;ES-FEAT-RELATIONSHIP-001;ES-FEAT-COMMUNICATIONS-001;ES-FEAT-CARE-001,GOVERNANCE,DRAFT_PIA_SUPPLEMENT,Derived from revised structured row ES-FEAT-TASKS-007 after independent-review adjudication; evidence tier=KEYWORD_MATCH_ONLY.
FOUNDER_DECISION_QUEUE,ES-FEAT-TASKS-008,reminders,"Tasks, calendar, scheduling, and notifications",MEDIUM:4,P1,Barn Manager;Trainer;Staff;Owner;Guardian;Rider;Service Provider,PIA_SUPPLEMENT_CANDIDATE,IMPLEMENTED_UNVERIFIED,ES-FEAT-PLATFORM-001;ES-FEAT-TASKS-001;ES-FEAT-IDENTITY-001;ES-FEAT-RELATIONSHIP-001;ES-FEAT-COMMUNICATIONS-001;ES-FEAT-CARE-001,GOVERNANCE,DRAFT_PIA_SUPPLEMENT,Derived from revised structured row ES-FEAT-TASKS-008 after independent-review adjudication; evidence tier=KEYWORD_MATCH_ONLY.
IMPLEMENTATION_VERIFICATION_QUEUE,ES-FEAT-TASKS-008,reminders,"Tasks, calendar, scheduling, and notifications",MEDIUM:4,P1,Barn Manager;Trainer;Staff;Owner;Guardian;Rider;Service Provider,PIA_SUPPLEMENT_CANDIDATE,IMPLEMENTED_UNVERIFIED,ES-FEAT-PLATFORM-001;ES-FEAT-TASKS-001;ES-FEAT-IDENTITY-001;ES-FEAT-RELATIONSHIP-001;ES-FEAT-COMMUNICATIONS-001;ES-FEAT-CARE-001,GOVERNANCE,DRAFT_PIA_SUPPLEMENT,Derived from revised structured row ES-FEAT-TASKS-008 after independent-review adjudication; evidence tier=KEYWORD_MATCH_ONLY.
PIA_SUPPLEMENT_QUEUE,ES-FEAT-TASKS-008,reminders,"Tasks, calendar, scheduling, and notifications",MEDIUM:4,P1,Barn Manager;Trainer;Staff;Owner;Guardian;Rider;Service Provider,PIA_SUPPLEMENT_CANDIDATE,IMPLEMENTED_UNVERIFIED,ES-FEAT-PLATFORM-001;ES-FEAT-TASKS-001;ES-FEAT-IDENTITY-001;ES-FEAT-RELATIONSHIP-001;ES-FEAT-COMMUNICATIONS-001;ES-FEAT-CARE-001,GOVERNANCE,DRAFT_PIA_SUPPLEMENT,Derived from revised structured row ES-FEAT-TASKS-008 after independent-review adjudication; evidence tier=KEYWORD_MATCH_ONLY.
RUNTIME_VERIFICATION_QUEUE,ES-FEAT-TASKS-008,reminders,"Tasks, calendar, scheduling, and notifications",MEDIUM:4,P1,Barn Manager;Trainer;Staff;Owner;Guardian;Rider;Service Provider,PIA_SUPPLEMENT_CANDIDATE,IMPLEMENTED_UNVERIFIED,ES-FEAT-PLATFORM-001;ES-FEAT-TASKS-001;ES-FEAT-IDENTITY-001;ES-FEAT-RELATIONSHIP-001;ES-FEAT-COMMUNICATIONS-001;ES-FEAT-CARE-001,GOVERNANCE,DRAFT_PIA_SUPPLEMENT,Derived from revised structured row ES-FEAT-TASKS-008 after independent-review adjudication; evidence tier=KEYWORD_MATCH_ONLY.
FOUNDER_DECISION_QUEUE,ES-FEAT-TASKS-009,acknowledgment,"Tasks, calendar, scheduling, and notifications",MEDIUM:8,P1,Barn Manager;Trainer;Staff;Owner;Guardian;Rider;Service Provider,PIA_SUPPLEMENT_CANDIDATE,IMPLEMENTED_UNVERIFIED,ES-FEAT-PLATFORM-001;ES-FEAT-TASKS-001;ES-FEAT-IDENTITY-001;ES-FEAT-RELATIONSHIP-001;ES-FEAT-COMMUNICATIONS-001;ES-FEAT-CARE-001,GOVERNANCE,DRAFT_PIA_SUPPLEMENT,Derived from revised structured row ES-FEAT-TASKS-009 after independent-review adjudication; evidence tier=KEYWORD_MATCH_ONLY.
IMPLEMENTATION_VERIFICATION_QUEUE,ES-FEAT-TASKS-009,acknowledgment,"Tasks, calendar, scheduling, and notifications",MEDIUM:8,P1,Barn Manager;Trainer;Staff;Owner;Guardian;Rider;Service Provider,PIA_SUPPLEMENT_CANDIDATE,IMPLEMENTED_UNVERIFIED,ES-FEAT-PLATFORM-001;ES-FEAT-TASKS-001;ES-FEAT-IDENTITY-001;ES-FEAT-RELATIONSHIP-001;ES-FEAT-COMMUNICATIONS-001;ES-FEAT-CARE-001,GOVERNANCE,DRAFT_PIA_SUPPLEMENT,Derived from revised structured row ES-FEAT-TASKS-009 after independent-review adjudication; evidence tier=KEYWORD_MATCH_ONLY.
PIA_SUPPLEMENT_QUEUE,ES-FEAT-TASKS-009,acknowledgment,"Tasks, calendar, scheduling, and notifications",MEDIUM:8,P1,Barn Manager;Trainer;Staff;Owner;Guardian;Rider;Service Provider,PIA_SUPPLEMENT_CANDIDATE,IMPLEMENTED_UNVERIFIED,ES-FEAT-PLATFORM-001;ES-FEAT-TASKS-001;ES-FEAT-IDENTITY-001;ES-FEAT-RELATIONSHIP-001;ES-FEAT-COMMUNICATIONS-001;ES-FEAT-CARE-001,GOVERNANCE,DRAFT_PIA_SUPPLEMENT,Derived from revised structured row ES-FEAT-TASKS-009 after independent-review adjudication; evidence tier=KEYWORD_MATCH_ONLY.
RUNTIME_VERIFICATION_QUEUE,ES-FEAT-TASKS-009,acknowledgment,"Tasks, calendar, scheduling, and notifications",MEDIUM:8,P1,Barn Manager;Trainer;Staff;Owner;Guardian;Rider;Service Provider,PIA_SUPPLEMENT_CANDIDATE,IMPLEMENTED_UNVERIFIED,ES-FEAT-PLATFORM-001;ES-FEAT-TASKS-001;ES-FEAT-IDENTITY-001;ES-FEAT-RELATIONSHIP-001;ES-FEAT-COMMUNICATIONS-001;ES-FEAT-CARE-001,GOVERNANCE,DRAFT_PIA_SUPPLEMENT,Derived from revised structured row ES-FEAT-TASKS-009 after independent-review adjudication; evidence tier=KEYWORD_MATCH_ONLY.
FOUNDER_DECISION_QUEUE,ES-FEAT-TASKS-010,escalation (Tasks),"Tasks, calendar, scheduling, and notifications",MEDIUM:6,P1,Barn Manager;Trainer;Staff;Owner;Guardian;Rider;Service Provider,PIA_SUPPLEMENT_CANDIDATE,IMPLEMENTED_UNVERIFIED,ES-FEAT-PLATFORM-001;ES-FEAT-TASKS-001;ES-FEAT-IDENTITY-001;ES-FEAT-RELATIONSHIP-001;ES-FEAT-COMMUNICATIONS-001;ES-FEAT-CARE-001,GOVERNANCE,DRAFT_PIA_SUPPLEMENT,Derived from revised structured row ES-FEAT-TASKS-010 after independent-review adjudication; evidence tier=KEYWORD_MATCH_ONLY.
IMPLEMENTATION_VERIFICATION_QUEUE,ES-FEAT-TASKS-010,escalation (Tasks),"Tasks, calendar, scheduling, and notifications",MEDIUM:6,P1,Barn Manager;Trainer;Staff;Owner;Guardian;Rider;Service Provider,PIA_SUPPLEMENT_CANDIDATE,IMPLEMENTED_UNVERIFIED,ES-FEAT-PLATFORM-001;ES-FEAT-TASKS-001;ES-FEAT-IDENTITY-001;ES-FEAT-RELATIONSHIP-001;ES-FEAT-COMMUNICATIONS-001;ES-FEAT-CARE-001,GOVERNANCE,DRAFT_PIA_SUPPLEMENT,Derived from revised structured row ES-FEAT-TASKS-010 after independent-review adjudication; evidence tier=KEYWORD_MATCH_ONLY.
PIA_SUPPLEMENT_QUEUE,ES-FEAT-TASKS-010,escalation (Tasks),"Tasks, calendar, scheduling, and notifications",MEDIUM:6,P1,Barn Manager;Trainer;Staff;Owner;Guardian;Rider;Service Provider,PIA_SUPPLEMENT_CANDIDATE,IMPLEMENTED_UNVERIFIED,ES-FEAT-PLATFORM-001;ES-FEAT-TASKS-001;ES-FEAT-IDENTITY-001;ES-FEAT-RELATIONSHIP-001;ES-FEAT-COMMUNICATIONS-001;ES-FEAT-CARE-001,GOVERNANCE,DRAFT_PIA_SUPPLEMENT,Derived from revised structured row ES-FEAT-TASKS-010 after independent-review adjudication; evidence tier=KEYWORD_MATCH_ONLY.
RUNTIME_VERIFICATION_QUEUE,ES-FEAT-TASKS-010,escalation (Tasks),"Tasks, calendar, scheduling, and notifications",MEDIUM:6,P1,Barn Manager;Trainer;Staff;Owner;Guardian;Rider;Service Provider,PIA_SUPPLEMENT_CANDIDATE,IMPLEMENTED_UNVERIFIED,ES-FEAT-PLATFORM-001;ES-FEAT-TASKS-001;ES-FEAT-IDENTITY-001;ES-FEAT-RELATIONSHIP-001;ES-FEAT-COMMUNICATIONS-001;ES-FEAT-CARE-001,GOVERNANCE,DRAFT_PIA_SUPPLEMENT,Derived from revised structured row ES-FEAT-TASKS-010 after independent-review adjudication; evidence tier=KEYWORD_MATCH_ONLY.
FOUNDER_DECISION_QUEUE,ES-FEAT-TASKS-011,quiet hours,"Tasks, calendar, scheduling, and notifications",MEDIUM:4,P1,Barn Manager;Trainer;Staff;Owner;Guardian;Rider;Service Provider,PIA_SUPPLEMENT_CANDIDATE,IMPLEMENTED_UNVERIFIED,ES-FEAT-PLATFORM-001;ES-FEAT-TASKS-001;ES-FEAT-IDENTITY-001;ES-FEAT-RELATIONSHIP-001;ES-FEAT-COMMUNICATIONS-001;ES-FEAT-CARE-001,GOVERNANCE,DRAFT_PIA_SUPPLEMENT,Derived from revised structured row ES-FEAT-TASKS-011 after independent-review adjudication; evidence tier=KEYWORD_MATCH_ONLY.
IMPLEMENTATION_VERIFICATION_QUEUE,ES-FEAT-TASKS-011,quiet hours,"Tasks, calendar, scheduling, and notifications",MEDIUM:4,P1,Barn Manager;Trainer;Staff;Owner;Guardian;Rider;Service Provider,PIA_SUPPLEMENT_CANDIDATE,IMPLEMENTED_UNVERIFIED,ES-FEAT-PLATFORM-001;ES-FEAT-TASKS-001;ES-FEAT-IDENTITY-001;ES-FEAT-RELATIONSHIP-001;ES-FEAT-COMMUNICATIONS-001;ES-FEAT-CARE-001,GOVERNANCE,DRAFT_PIA_SUPPLEMENT,Derived from revised structured row ES-FEAT-TASKS-011 after independent-review adjudication; evidence tier=KEYWORD_MATCH_ONLY.
PIA_SUPPLEMENT_QUEUE,ES-FEAT-TASKS-011,quiet hours,"Tasks, calendar, scheduling, and notifications",MEDIUM:4,P1,Barn Manager;Trainer;Staff;Owner;Guardian;Rider;Service Provider,PIA_SUPPLEMENT_CANDIDATE,IMPLEMENTED_UNVERIFIED,ES-FEAT-PLATFORM-001;ES-FEAT-TASKS-001;ES-FEAT-IDENTITY-001;ES-FEAT-RELATIONSHIP-001;ES-FEAT-COMMUNICATIONS-001;ES-FEAT-CARE-001,GOVERNANCE,DRAFT_PIA_SUPPLEMENT,Derived from revised structured row ES-FEAT-TASKS-011 after independent-review adjudication; evidence tier=KEYWORD_MATCH_ONLY.
RUNTIME_VERIFICATION_QUEUE,ES-FEAT-TASKS-011,quiet hours,"Tasks, calendar, scheduling, and notifications",MEDIUM:4,P1,Barn Manager;Trainer;Staff;Owner;Guardian;Rider;Service Provider,PIA_SUPPLEMENT_CANDIDATE,IMPLEMENTED_UNVERIFIED,ES-FEAT-PLATFORM-001;ES-FEAT-TASKS-001;ES-FEAT-IDENTITY-001;ES-FEAT-RELATIONSHIP-001;ES-FEAT-COMMUNICATIONS-001;ES-FEAT-CARE-001,GOVERNANCE,DRAFT_PIA_SUPPLEMENT,Derived from revised structured row ES-FEAT-TASKS-011 after independent-review adjudication; evidence tier=KEYWORD_MATCH_ONLY.
ADR_QUEUE,ES-FEAT-TASKS-012,calendar synchronization,"Tasks, calendar, scheduling, and notifications",HIGH:12,P1,Barn Manager;Trainer;Staff;Owner;Guardian;Rider;Service Provider,ADR_GAP,IMPLEMENTED_UNVERIFIED,ES-FEAT-PLATFORM-001;ES-FEAT-TASKS-001;ES-FEAT-IDENTITY-001;ES-FEAT-RELATIONSHIP-001;ES-FEAT-COMMUNICATIONS-001;ES-FEAT-CARE-001,ARCHITECTURE,DRAFT_ADR,Derived from revised structured row ES-FEAT-TASKS-012 after independent-review adjudication; evidence tier=KEYWORD_MATCH_ONLY.
FOUNDER_DECISION_QUEUE,ES-FEAT-TASKS-012,calendar synchronization,"Tasks, calendar, scheduling, and notifications",HIGH:12,P1,Barn Manager;Trainer;Staff;Owner;Guardian;Rider;Service Provider,ADR_GAP,IMPLEMENTED_UNVERIFIED,ES-FEAT-PLATFORM-001;ES-FEAT-TASKS-001;ES-FEAT-IDENTITY-001;ES-FEAT-RELATIONSHIP-001;ES-FEAT-COMMUNICATIONS-001;ES-FEAT-CARE-001,ARCHITECTURE,DRAFT_ADR,Derived from revised structured row ES-FEAT-TASKS-012 after independent-review adjudication; evidence tier=KEYWORD_MATCH_ONLY.
IMPLEMENTATION_VERIFICATION_QUEUE,ES-FEAT-TASKS-012,calendar synchronization,"Tasks, calendar, scheduling, and notifications",HIGH:12,P1,Barn Manager;Trainer;Staff;Owner;Guardian;Rider;Service Provider,ADR_GAP,IMPLEMENTED_UNVERIFIED,ES-FEAT-PLATFORM-001;ES-FEAT-TASKS-001;ES-FEAT-IDENTITY-001;ES-FEAT-RELATIONSHIP-001;ES-FEAT-COMMUNICATIONS-001;ES-FEAT-CARE-001,ARCHITECTURE,DRAFT_ADR,Derived from revised structured row ES-FEAT-TASKS-012 after independent-review adjudication; evidence tier=KEYWORD_MATCH_ONLY.
RUNTIME_VERIFICATION_QUEUE,ES-FEAT-TASKS-012,calendar synchronization,"Tasks, calendar, scheduling, and notifications",HIGH:12,P1,Barn Manager;Trainer;Staff;Owner;Guardian;Rider;Service Provider,ADR_GAP,IMPLEMENTED_UNVERIFIED,ES-FEAT-PLATFORM-001;ES-FEAT-TASKS-001;ES-FEAT-IDENTITY-001;ES-FEAT-RELATIONSHIP-001;ES-FEAT-COMMUNICATIONS-001;ES-FEAT-CARE-001,ARCHITECTURE,DRAFT_ADR,Derived from revised structured row ES-FEAT-TASKS-012 after independent-review adjudication; evidence tier=KEYWORD_MATCH_ONLY.
ADR_QUEUE,ES-FEAT-TASKS-013,schedule conflict handling,"Tasks, calendar, scheduling, and notifications",MEDIUM:6,P1,Barn Manager;Trainer;Staff;Owner;Guardian;Rider;Service Provider,ADR_GAP,IMPLEMENTED_UNVERIFIED,ES-FEAT-PLATFORM-001;ES-FEAT-TASKS-001;ES-FEAT-IDENTITY-001;ES-FEAT-RELATIONSHIP-001;ES-FEAT-COMMUNICATIONS-001;ES-FEAT-CARE-001,ARCHITECTURE,DRAFT_ADR,Derived from revised structured row ES-FEAT-TASKS-013 after independent-review adjudication; evidence tier=KEYWORD_MATCH_ONLY.
FOUNDER_DECISION_QUEUE,ES-FEAT-TASKS-013,schedule conflict handling,"Tasks, calendar, scheduling, and notifications",MEDIUM:6,P1,Barn Manager;Trainer;Staff;Owner;Guardian;Rider;Service Provider,ADR_GAP,IMPLEMENTED_UNVERIFIED,ES-FEAT-PLATFORM-001;ES-FEAT-TASKS-001;ES-FEAT-IDENTITY-001;ES-FEAT-RELATIONSHIP-001;ES-FEAT-COMMUNICATIONS-001;ES-FEAT-CARE-001,ARCHITECTURE,DRAFT_ADR,Derived from revised structured row ES-FEAT-TASKS-013 after independent-review adjudication; evidence tier=KEYWORD_MATCH_ONLY.
IMPLEMENTATION_VERIFICATION_QUEUE,ES-FEAT-TASKS-013,schedule conflict handling,"Tasks, calendar, scheduling, and notifications",MEDIUM:6,P1,Barn Manager;Trainer;Staff;Owner;Guardian;Rider;Service Provider,ADR_GAP,IMPLEMENTED_UNVERIFIED,ES-FEAT-PLATFORM-001;ES-FEAT-TASKS-001;ES-FEAT-IDENTITY-001;ES-FEAT-RELATIONSHIP-001;ES-FEAT-COMMUNICATIONS-001;ES-FEAT-CARE-001,ARCHITECTURE,DRAFT_ADR,Derived from revised structured row ES-FEAT-TASKS-013 after independent-review adjudication; evidence tier=KEYWORD_MATCH_ONLY.
RUNTIME_VERIFICATION_QUEUE,ES-FEAT-TASKS-013,schedule conflict handling,"Tasks, calendar, scheduling, and notifications",MEDIUM:6,P1,Barn Manager;Trainer;Staff;Owner;Guardian;Rider;Service Provider,ADR_GAP,IMPLEMENTED_UNVERIFIED,ES-FEAT-PLATFORM-001;ES-FEAT-TASKS-001;ES-FEAT-IDENTITY-001;ES-FEAT-RELATIONSHIP-001;ES-FEAT-COMMUNICATIONS-001;ES-FEAT-CARE-001,ARCHITECTURE,DRAFT_ADR,Derived from revised structured row ES-FEAT-TASKS-013 after independent-review adjudication; evidence tier=KEYWORD_MATCH_ONLY.
FOUNDER_DECISION_QUEUE,ES-FEAT-TASKS-014,time zones,"Tasks, calendar, scheduling, and notifications",MEDIUM:4,P1,Barn Manager;Trainer;Staff;Owner;Guardian;Rider;Service Provider,PIA_SUPPLEMENT_CANDIDATE,IMPLEMENTED_UNVERIFIED,ES-FEAT-PLATFORM-001;ES-FEAT-TASKS-001;ES-FEAT-IDENTITY-001;ES-FEAT-RELATIONSHIP-001;ES-FEAT-COMMUNICATIONS-001;ES-FEAT-CARE-001,GOVERNANCE,DRAFT_PIA_SUPPLEMENT,Derived from revised structured row ES-FEAT-TASKS-014 after independent-review adjudication; evidence tier=KEYWORD_MATCH_ONLY.
IMPLEMENTATION_VERIFICATION_QUEUE,ES-FEAT-TASKS-014,time zones,"Tasks, calendar, scheduling, and notifications",MEDIUM:4,P1,Barn Manager;Trainer;Staff;Owner;Guardian;Rider;Service Provider,PIA_SUPPLEMENT_CANDIDATE,IMPLEMENTED_UNVERIFIED,ES-FEAT-PLATFORM-001;ES-FEAT-TASKS-001;ES-FEAT-IDENTITY-001;ES-FEAT-RELATIONSHIP-001;ES-FEAT-COMMUNICATIONS-001;ES-FEAT-CARE-001,GOVERNANCE,DRAFT_PIA_SUPPLEMENT,Derived from revised structured row ES-FEAT-TASKS-014 after independent-review adjudication; evidence tier=KEYWORD_MATCH_ONLY.
PIA_SUPPLEMENT_QUEUE,ES-FEAT-TASKS-014,time zones,"Tasks, calendar, scheduling, and notifications",MEDIUM:4,P1,Barn Manager;Trainer;Staff;Owner;Guardian;Rider;Service Provider,PIA_SUPPLEMENT_CANDIDATE,IMPLEMENTED_UNVERIFIED,ES-FEAT-PLATFORM-001;ES-FEAT-TASKS-001;ES-FEAT-IDENTITY-001;ES-FEAT-RELATIONSHIP-001;ES-FEAT-COMMUNICATIONS-001;ES-FEAT-CARE-001,GOVERNANCE,DRAFT_PIA_SUPPLEMENT,Derived from revised structured row ES-FEAT-TASKS-014 after independent-review adjudication; evidence tier=KEYWORD_MATCH_ONLY.
RUNTIME_VERIFICATION_QUEUE,ES-FEAT-TASKS-014,time zones,"Tasks, calendar, scheduling, and notifications",MEDIUM:4,P1,Barn Manager;Trainer;Staff;Owner;Guardian;Rider;Service Provider,PIA_SUPPLEMENT_CANDIDATE,IMPLEMENTED_UNVERIFIED,ES-FEAT-PLATFORM-001;ES-FEAT-TASKS-001;ES-FEAT-IDENTITY-001;ES-FEAT-RELATIONSHIP-001;ES-FEAT-COMMUNICATIONS-001;ES-FEAT-CARE-001,GOVERNANCE,DRAFT_PIA_SUPPLEMENT,Derived from revised structured row ES-FEAT-TASKS-014 after independent-review adjudication; evidence tier=KEYWORD_MATCH_ONLY.
ADR_QUEUE,ES-FEAT-TASKS-015,offline completion,"Tasks, calendar, scheduling, and notifications",HIGH:3,P1,Barn Manager;Trainer;Staff;Owner;Guardian;Rider;Service Provider,ADR_GAP,IMPLEMENTED_UNVERIFIED,ES-FEAT-PLATFORM-001;ES-FEAT-TASKS-001;ES-FEAT-IDENTITY-001;ES-FEAT-RELATIONSHIP-001;ES-FEAT-COMMUNICATIONS-001,ARCHITECTURE,DRAFT_ADR,Derived from revised structured row ES-FEAT-TASKS-015 after independent-review adjudication; evidence tier=KEYWORD_MATCH_ONLY.
FOUNDER_DECISION_QUEUE,ES-FEAT-TASKS-015,offline completion,"Tasks, calendar, scheduling, and notifications",HIGH:3,P1,Barn Manager;Trainer;Staff;Owner;Guardian;Rider;Service Provider,ADR_GAP,IMPLEMENTED_UNVERIFIED,ES-FEAT-PLATFORM-001;ES-FEAT-TASKS-001;ES-FEAT-IDENTITY-001;ES-FEAT-RELATIONSHIP-001;ES-FEAT-COMMUNICATIONS-001,ARCHITECTURE,DRAFT_ADR,Derived from revised structured row ES-FEAT-TASKS-015 after independent-review adjudication; evidence tier=KEYWORD_MATCH_ONLY.
IMPLEMENTATION_VERIFICATION_QUEUE,ES-FEAT-TASKS-015,offline completion,"Tasks, calendar, scheduling, and notifications",HIGH:3,P1,Barn Manager;Trainer;Staff;Owner;Guardian;Rider;Service Provider,ADR_GAP,IMPLEMENTED_UNVERIFIED,ES-FEAT-PLATFORM-001;ES-FEAT-TASKS-001;ES-FEAT-IDENTITY-001;ES-FEAT-RELATIONSHIP-001;ES-FEAT-COMMUNICATIONS-001,ARCHITECTURE,DRAFT_ADR,Derived from revised structured row ES-FEAT-TASKS-015 after independent-review adjudication; evidence tier=KEYWORD_MATCH_ONLY.
RUNTIME_VERIFICATION_QUEUE,ES-FEAT-TASKS-015,offline completion,"Tasks, calendar, scheduling, and notifications",HIGH:3,P1,Barn Manager;Trainer;Staff;Owner;Guardian;Rider;Service Provider,ADR_GAP,IMPLEMENTED_UNVERIFIED,ES-FEAT-PLATFORM-001;ES-FEAT-TASKS-001;ES-FEAT-IDENTITY-001;ES-FEAT-RELATIONSHIP-001;ES-FEAT-COMMUNICATIONS-001,ARCHITECTURE,DRAFT_ADR,Derived from revised structured row ES-FEAT-TASKS-015 after independent-review adjudication; evidence tier=KEYWORD_MATCH_ONLY.
FOUNDER_DECISION_QUEUE,ES-FEAT-COMMUNICATIONS-001,direct messaging,Communications and Owner Portal,MEDIUM:6,P1,Owner;Guardian;Trainer;Barn Manager;Staff;Service Provider,PIA_SUPPLEMENT_CANDIDATE,IMPLEMENTED_UNVERIFIED,ES-FEAT-PLATFORM-001,GOVERNANCE,DRAFT_PIA_SUPPLEMENT,Derived from revised structured row ES-FEAT-COMMUNICATIONS-001 after independent-review adjudication; evidence tier=KEYWORD_MATCH_ONLY.
IMPLEMENTATION_VERIFICATION_QUEUE,ES-FEAT-COMMUNICATIONS-001,direct messaging,Communications and Owner Portal,MEDIUM:6,P1,Owner;Guardian;Trainer;Barn Manager;Staff;Service Provider,PIA_SUPPLEMENT_CANDIDATE,IMPLEMENTED_UNVERIFIED,ES-FEAT-PLATFORM-001,GOVERNANCE,DRAFT_PIA_SUPPLEMENT,Derived from revised structured row ES-FEAT-COMMUNICATIONS-001 after independent-review adjudication; evidence tier=KEYWORD_MATCH_ONLY.
PIA_SUPPLEMENT_QUEUE,ES-FEAT-COMMUNICATIONS-001,direct messaging,Communications and Owner Portal,MEDIUM:6,P1,Owner;Guardian;Trainer;Barn Manager;Staff;Service Provider,PIA_SUPPLEMENT_CANDIDATE,IMPLEMENTED_UNVERIFIED,ES-FEAT-PLATFORM-001,GOVERNANCE,DRAFT_PIA_SUPPLEMENT,Derived from revised structured row ES-FEAT-COMMUNICATIONS-001 after independent-review adjudication; evidence tier=KEYWORD_MATCH_ONLY.
RUNTIME_VERIFICATION_QUEUE,ES-FEAT-COMMUNICATIONS-001,direct messaging,Communications and Owner Portal,MEDIUM:6,P1,Owner;Guardian;Trainer;Barn Manager;Staff;Service Provider,PIA_SUPPLEMENT_CANDIDATE,IMPLEMENTED_UNVERIFIED,ES-FEAT-PLATFORM-001,GOVERNANCE,DRAFT_PIA_SUPPLEMENT,Derived from revised structured row ES-FEAT-COMMUNICATIONS-001 after independent-review adjudication; evidence tier=KEYWORD_MATCH_ONLY.
FOUNDER_DECISION_QUEUE,ES-FEAT-COMMUNICATIONS-002,group messaging,Communications and Owner Portal,MEDIUM:4,P1,Owner;Guardian;Trainer;Barn Manager;Staff;Service Provider,PIA_SUPPLEMENT_CANDIDATE,IMPLEMENTED_UNVERIFIED,ES-FEAT-PLATFORM-001;ES-FEAT-COMMUNICATIONS-001;ES-FEAT-IDENTITY-001;ES-FEAT-RELATIONSHIP-001;ES-FEAT-FINANCIAL-001;ES-FEAT-TASKS-001,GOVERNANCE,DRAFT_PIA_SUPPLEMENT,Derived from revised structured row ES-FEAT-COMMUNICATIONS-002 after independent-review adjudication; evidence tier=KEYWORD_MATCH_ONLY.
IMPLEMENTATION_VERIFICATION_QUEUE,ES-FEAT-COMMUNICATIONS-002,group messaging,Communications and Owner Portal,MEDIUM:4,P1,Owner;Guardian;Trainer;Barn Manager;Staff;Service Provider,PIA_SUPPLEMENT_CANDIDATE,IMPLEMENTED_UNVERIFIED,ES-FEAT-PLATFORM-001;ES-FEAT-COMMUNICATIONS-001;ES-FEAT-IDENTITY-001;ES-FEAT-RELATIONSHIP-001;ES-FEAT-FINANCIAL-001;ES-FEAT-TASKS-001,GOVERNANCE,DRAFT_PIA_SUPPLEMENT,Derived from revised structured row ES-FEAT-COMMUNICATIONS-002 after independent-review adjudication; evidence tier=KEYWORD_MATCH_ONLY.
PIA_SUPPLEMENT_QUEUE,ES-FEAT-COMMUNICATIONS-002,group messaging,Communications and Owner Portal,MEDIUM:4,P1,Owner;Guardian;Trainer;Barn Manager;Staff;Service Provider,PIA_SUPPLEMENT_CANDIDATE,IMPLEMENTED_UNVERIFIED,ES-FEAT-PLATFORM-001;ES-FEAT-COMMUNICATIONS-001;ES-FEAT-IDENTITY-001;ES-FEAT-RELATIONSHIP-001;ES-FEAT-FINANCIAL-001;ES-FEAT-TASKS-001,GOVERNANCE,DRAFT_PIA_SUPPLEMENT,Derived from revised structured row ES-FEAT-COMMUNICATIONS-002 after independent-review adjudication; evidence tier=KEYWORD_MATCH_ONLY.
RUNTIME_VERIFICATION_QUEUE,ES-FEAT-COMMUNICATIONS-002,group messaging,Communications and Owner Portal,MEDIUM:4,P1,Owner;Guardian;Trainer;Barn Manager;Staff;Service Provider,PIA_SUPPLEMENT_CANDIDATE,IMPLEMENTED_UNVERIFIED,ES-FEAT-PLATFORM-001;ES-FEAT-COMMUNICATIONS-001;ES-FEAT-IDENTITY-001;ES-FEAT-RELATIONSHIP-001;ES-FEAT-FINANCIAL-001;ES-FEAT-TASKS-001,GOVERNANCE,DRAFT_PIA_SUPPLEMENT,Derived from revised structured row ES-FEAT-COMMUNICATIONS-002 after independent-review adjudication; evidence tier=KEYWORD_MATCH_ONLY.
FOUNDER_DECISION_QUEUE,ES-FEAT-COMMUNICATIONS-003,staff messaging,Communications and Owner Portal,MEDIUM:8,P1,Owner;Guardian;Trainer;Barn Manager;Staff;Service Provider,PIA_SUPPLEMENT_CANDIDATE,IMPLEMENTED_UNVERIFIED,ES-FEAT-PLATFORM-001;ES-FEAT-COMMUNICATIONS-001;ES-FEAT-IDENTITY-001;ES-FEAT-RELATIONSHIP-001;ES-FEAT-TASKS-001;ES-FEAT-HORSE-001,GOVERNANCE,DRAFT_PIA_SUPPLEMENT,Derived from revised structured row ES-FEAT-COMMUNICATIONS-003 after independent-review adjudication; evidence tier=KEYWORD_MATCH_ONLY.
IMPLEMENTATION_VERIFICATION_QUEUE,ES-FEAT-COMMUNICATIONS-003,staff messaging,Communications and Owner Portal,MEDIUM:8,P1,Owner;Guardian;Trainer;Barn Manager;Staff;Service Provider,PIA_SUPPLEMENT_CANDIDATE,IMPLEMENTED_UNVERIFIED,ES-FEAT-PLATFORM-001;ES-FEAT-COMMUNICATIONS-001;ES-FEAT-IDENTITY-001;ES-FEAT-RELATIONSHIP-001;ES-FEAT-TASKS-001;ES-FEAT-HORSE-001,GOVERNANCE,DRAFT_PIA_SUPPLEMENT,Derived from revised structured row ES-FEAT-COMMUNICATIONS-003 after independent-review adjudication; evidence tier=KEYWORD_MATCH_ONLY.
PIA_SUPPLEMENT_QUEUE,ES-FEAT-COMMUNICATIONS-003,staff messaging,Communications and Owner Portal,MEDIUM:8,P1,Owner;Guardian;Trainer;Barn Manager;Staff;Service Provider,PIA_SUPPLEMENT_CANDIDATE,IMPLEMENTED_UNVERIFIED,ES-FEAT-PLATFORM-001;ES-FEAT-COMMUNICATIONS-001;ES-FEAT-IDENTITY-001;ES-FEAT-RELATIONSHIP-001;ES-FEAT-TASKS-001;ES-FEAT-HORSE-001,GOVERNANCE,DRAFT_PIA_SUPPLEMENT,Derived from revised structured row ES-FEAT-COMMUNICATIONS-003 after independent-review adjudication; evidence tier=KEYWORD_MATCH_ONLY.
RUNTIME_VERIFICATION_QUEUE,ES-FEAT-COMMUNICATIONS-003,staff messaging,Communications and Owner Portal,MEDIUM:8,P1,Owner;Guardian;Trainer;Barn Manager;Staff;Service Provider,PIA_SUPPLEMENT_CANDIDATE,IMPLEMENTED_UNVERIFIED,ES-FEAT-PLATFORM-001;ES-FEAT-COMMUNICATIONS-001;ES-FEAT-IDENTITY-001;ES-FEAT-RELATIONSHIP-001;ES-FEAT-TASKS-001;ES-FEAT-HORSE-001,GOVERNANCE,DRAFT_PIA_SUPPLEMENT,Derived from revised structured row ES-FEAT-COMMUNICATIONS-003 after independent-review adjudication; evidence tier=KEYWORD_MATCH_ONLY.
FOUNDER_DECISION_QUEUE,ES-FEAT-COMMUNICATIONS-004,owner updates (Communications),Communications and Owner Portal,MEDIUM:2,P2,Owner;Guardian;Trainer;Barn Manager;Staff;Service Provider,COVERED_WITH_RETAINED_GAP,IMPLEMENTED_UNVERIFIED,ES-FEAT-PLATFORM-001;ES-FEAT-COMMUNICATIONS-001;ES-FEAT-IDENTITY-001;ES-FEAT-RELATIONSHIP-001;ES-FEAT-TASKS-001;ES-FEAT-HORSE-001,ENGINEERING,VERIFY_REPOSITORY_IMPLEMENTATION,Derived from revised structured row ES-FEAT-COMMUNICATIONS-004 after independent-review adjudication; evidence tier=KEYWORD_MATCH_ONLY.
IMPLEMENTATION_VERIFICATION_QUEUE,ES-FEAT-COMMUNICATIONS-004,owner updates (Communications),Communications and Owner Portal,MEDIUM:2,P2,Owner;Guardian;Trainer;Barn Manager;Staff;Service Provider,COVERED_WITH_RETAINED_GAP,IMPLEMENTED_UNVERIFIED,ES-FEAT-PLATFORM-001;ES-FEAT-COMMUNICATIONS-001;ES-FEAT-IDENTITY-001;ES-FEAT-RELATIONSHIP-001;ES-FEAT-TASKS-001;ES-FEAT-HORSE-001,ENGINEERING,VERIFY_REPOSITORY_IMPLEMENTATION,Derived from revised structured row ES-FEAT-COMMUNICATIONS-004 after independent-review adjudication; evidence tier=KEYWORD_MATCH_ONLY.
RETAINED_GAP_REREVIEW_QUEUE,ES-FEAT-COMMUNICATIONS-004,owner updates (Communications),Communications and Owner Portal,MEDIUM:2,P2,Owner;Guardian;Trainer;Barn Manager;Staff;Service Provider,COVERED_WITH_RETAINED_GAP,IMPLEMENTED_UNVERIFIED,ES-FEAT-PLATFORM-001;ES-FEAT-COMMUNICATIONS-001;ES-FEAT-IDENTITY-001;ES-FEAT-RELATIONSHIP-001;ES-FEAT-TASKS-001;ES-FEAT-HORSE-001,ENGINEERING,VERIFY_REPOSITORY_IMPLEMENTATION,Derived from revised structured row ES-FEAT-COMMUNICATIONS-004 after independent-review adjudication; evidence tier=KEYWORD_MATCH_ONLY.
RUNTIME_VERIFICATION_QUEUE,ES-FEAT-COMMUNICATIONS-004,owner updates (Communications),Communications and Owner Portal,MEDIUM:2,P2,Owner;Guardian;Trainer;Barn Manager;Staff;Service Provider,COVERED_WITH_RETAINED_GAP,IMPLEMENTED_UNVERIFIED,ES-FEAT-PLATFORM-001;ES-FEAT-COMMUNICATIONS-001;ES-FEAT-IDENTITY-001;ES-FEAT-RELATIONSHIP-001;ES-FEAT-TASKS-001;ES-FEAT-HORSE-001,ENGINEERING,VERIFY_REPOSITORY_IMPLEMENTATION,Derived from revised structured row ES-FEAT-COMMUNICATIONS-004 after independent-review adjudication; evidence tier=KEYWORD_MATCH_ONLY.
FOUNDER_DECISION_QUEUE,ES-FEAT-COMMUNICATIONS-005,guardian messaging,Communications and Owner Portal,CRITICAL:8,P1,Owner;Guardian;Trainer;Barn Manager;Staff;Service Provider,PIA_SUPPLEMENT_CANDIDATE,IMPLEMENTED_UNVERIFIED,ES-FEAT-PLATFORM-001;ES-FEAT-COMMUNICATIONS-001;ES-FEAT-IDENTITY-001;ES-FEAT-RELATIONSHIP-001;ES-FEAT-FINANCIAL-001;ES-FEAT-TASKS-001,GOVERNANCE,DRAFT_PIA_SUPPLEMENT,Derived from revised structured row ES-FEAT-COMMUNICATIONS-005 after independent-review adjudication; evidence tier=KEYWORD_MATCH_ONLY.
IMPLEMENTATION_VERIFICATION_QUEUE,ES-FEAT-COMMUNICATIONS-005,guardian messaging,Communications and Owner Portal,CRITICAL:8,P1,Owner;Guardian;Trainer;Barn Manager;Staff;Service Provider,PIA_SUPPLEMENT_CANDIDATE,IMPLEMENTED_UNVERIFIED,ES-FEAT-PLATFORM-001;ES-FEAT-COMMUNICATIONS-001;ES-FEAT-IDENTITY-001;ES-FEAT-RELATIONSHIP-001;ES-FEAT-FINANCIAL-001;ES-FEAT-TASKS-001,GOVERNANCE,DRAFT_PIA_SUPPLEMENT,Derived from revised structured row ES-FEAT-COMMUNICATIONS-005 after independent-review adjudication; evidence tier=KEYWORD_MATCH_ONLY.
PIA_SUPPLEMENT_QUEUE,ES-FEAT-COMMUNICATIONS-005,guardian messaging,Communications and Owner Portal,CRITICAL:8,P1,Owner;Guardian;Trainer;Barn Manager;Staff;Service Provider,PIA_SUPPLEMENT_CANDIDATE,IMPLEMENTED_UNVERIFIED,ES-FEAT-PLATFORM-001;ES-FEAT-COMMUNICATIONS-001;ES-FEAT-IDENTITY-001;ES-FEAT-RELATIONSHIP-001;ES-FEAT-FINANCIAL-001;ES-FEAT-TASKS-001,GOVERNANCE,DRAFT_PIA_SUPPLEMENT,Derived from revised structured row ES-FEAT-COMMUNICATIONS-005 after independent-review adjudication; evidence tier=KEYWORD_MATCH_ONLY.
RUNTIME_VERIFICATION_QUEUE,ES-FEAT-COMMUNICATIONS-005,guardian messaging,Communications and Owner Portal,CRITICAL:8,P1,Owner;Guardian;Trainer;Barn Manager;Staff;Service Provider,PIA_SUPPLEMENT_CANDIDATE,IMPLEMENTED_UNVERIFIED,ES-FEAT-PLATFORM-001;ES-FEAT-COMMUNICATIONS-001;ES-FEAT-IDENTITY-001;ES-FEAT-RELATIONSHIP-001;ES-FEAT-FINANCIAL-001;ES-FEAT-TASKS-001,GOVERNANCE,DRAFT_PIA_SUPPLEMENT,Derived from revised structured row ES-FEAT-COMMUNICATIONS-005 after independent-review adjudication; evidence tier=KEYWORD_MATCH_ONLY.
FOUNDER_DECISION_QUEUE,ES-FEAT-COMMUNICATIONS-006,emergency communications,Communications and Owner Portal,CRITICAL:16,P0,Owner;Guardian;Trainer;Barn Manager;Staff;Service Provider,PIA_SUPPLEMENT_CANDIDATE,IMPLEMENTED_UNVERIFIED,ES-FEAT-PLATFORM-001;ES-FEAT-COMMUNICATIONS-001;ES-FEAT-IDENTITY-001;ES-FEAT-RELATIONSHIP-001;ES-FEAT-TASKS-001;ES-FEAT-CARE-001,GOVERNANCE,DRAFT_PIA_SUPPLEMENT,Derived from revised structured row ES-FEAT-COMMUNICATIONS-006 after independent-review adjudication; evidence tier=KEYWORD_MATCH_ONLY.
IMPLEMENTATION_VERIFICATION_QUEUE,ES-FEAT-COMMUNICATIONS-006,emergency communications,Communications and Owner Portal,CRITICAL:16,P0,Owner;Guardian;Trainer;Barn Manager;Staff;Service Provider,PIA_SUPPLEMENT_CANDIDATE,IMPLEMENTED_UNVERIFIED,ES-FEAT-PLATFORM-001;ES-FEAT-COMMUNICATIONS-001;ES-FEAT-IDENTITY-001;ES-FEAT-RELATIONSHIP-001;ES-FEAT-TASKS-001;ES-FEAT-CARE-001,GOVERNANCE,DRAFT_PIA_SUPPLEMENT,Derived from revised structured row ES-FEAT-COMMUNICATIONS-006 after independent-review adjudication; evidence tier=KEYWORD_MATCH_ONLY.
PIA_SUPPLEMENT_QUEUE,ES-FEAT-COMMUNICATIONS-006,emergency communications,Communications and Owner Portal,CRITICAL:16,P0,Owner;Guardian;Trainer;Barn Manager;Staff;Service Provider,PIA_SUPPLEMENT_CANDIDATE,IMPLEMENTED_UNVERIFIED,ES-FEAT-PLATFORM-001;ES-FEAT-COMMUNICATIONS-001;ES-FEAT-IDENTITY-001;ES-FEAT-RELATIONSHIP-001;ES-FEAT-TASKS-001;ES-FEAT-CARE-001,GOVERNANCE,DRAFT_PIA_SUPPLEMENT,Derived from revised structured row ES-FEAT-COMMUNICATIONS-006 after independent-review adjudication; evidence tier=KEYWORD_MATCH_ONLY.
RUNTIME_VERIFICATION_QUEUE,ES-FEAT-COMMUNICATIONS-006,emergency communications,Communications and Owner Portal,CRITICAL:16,P0,Owner;Guardian;Trainer;Barn Manager;Staff;Service Provider,PIA_SUPPLEMENT_CANDIDATE,IMPLEMENTED_UNVERIFIED,ES-FEAT-PLATFORM-001;ES-FEAT-COMMUNICATIONS-001;ES-FEAT-IDENTITY-001;ES-FEAT-RELATIONSHIP-001;ES-FEAT-TASKS-001;ES-FEAT-CARE-001,GOVERNANCE,DRAFT_PIA_SUPPLEMENT,Derived from revised structured row ES-FEAT-COMMUNICATIONS-006 after independent-review adjudication; evidence tier=KEYWORD_MATCH_ONLY.
FOUNDER_DECISION_QUEUE,ES-FEAT-COMMUNICATIONS-007,formal notices,Communications and Owner Portal,MEDIUM:6,P1,Owner;Guardian;Trainer;Barn Manager;Staff;Service Provider,PIA_SUPPLEMENT_CANDIDATE,IMPLEMENTED_UNVERIFIED,ES-FEAT-PLATFORM-001;ES-FEAT-COMMUNICATIONS-001;ES-FEAT-IDENTITY-001;ES-FEAT-RELATIONSHIP-001;ES-FEAT-TASKS-001;ES-FEAT-HORSE-001,GOVERNANCE,DRAFT_PIA_SUPPLEMENT,Derived from revised structured row ES-FEAT-COMMUNICATIONS-007 after independent-review adjudication; evidence tier=KEYWORD_MATCH_ONLY.
IMPLEMENTATION_VERIFICATION_QUEUE,ES-FEAT-COMMUNICATIONS-007,formal notices,Communications and Owner Portal,MEDIUM:6,P1,Owner;Guardian;Trainer;Barn Manager;Staff;Service Provider,PIA_SUPPLEMENT_CANDIDATE,IMPLEMENTED_UNVERIFIED,ES-FEAT-PLATFORM-001;ES-FEAT-COMMUNICATIONS-001;ES-FEAT-IDENTITY-001;ES-FEAT-RELATIONSHIP-001;ES-FEAT-TASKS-001;ES-FEAT-HORSE-001,GOVERNANCE,DRAFT_PIA_SUPPLEMENT,Derived from revised structured row ES-FEAT-COMMUNICATIONS-007 after independent-review adjudication; evidence tier=KEYWORD_MATCH_ONLY.
PIA_SUPPLEMENT_QUEUE,ES-FEAT-COMMUNICATIONS-007,formal notices,Communications and Owner Portal,MEDIUM:6,P1,Owner;Guardian;Trainer;Barn Manager;Staff;Service Provider,PIA_SUPPLEMENT_CANDIDATE,IMPLEMENTED_UNVERIFIED,ES-FEAT-PLATFORM-001;ES-FEAT-COMMUNICATIONS-001;ES-FEAT-IDENTITY-001;ES-FEAT-RELATIONSHIP-001;ES-FEAT-TASKS-001;ES-FEAT-HORSE-001,GOVERNANCE,DRAFT_PIA_SUPPLEMENT,Derived from revised structured row ES-FEAT-COMMUNICATIONS-007 after independent-review adjudication; evidence tier=KEYWORD_MATCH_ONLY.
RUNTIME_VERIFICATION_QUEUE,ES-FEAT-COMMUNICATIONS-007,formal notices,Communications and Owner Portal,MEDIUM:6,P1,Owner;Guardian;Trainer;Barn Manager;Staff;Service Provider,PIA_SUPPLEMENT_CANDIDATE,IMPLEMENTED_UNVERIFIED,ES-FEAT-PLATFORM-001;ES-FEAT-COMMUNICATIONS-001;ES-FEAT-IDENTITY-001;ES-FEAT-RELATIONSHIP-001;ES-FEAT-TASKS-001;ES-FEAT-HORSE-001,GOVERNANCE,DRAFT_PIA_SUPPLEMENT,Derived from revised structured row ES-FEAT-COMMUNICATIONS-007 after independent-review adjudication; evidence tier=KEYWORD_MATCH_ONLY.
FOUNDER_DECISION_QUEUE,ES-FEAT-COMMUNICATIONS-008,delivery evidence,Communications and Owner Portal,MEDIUM:4,P1,Owner;Guardian;Trainer;Barn Manager;Staff;Service Provider,PIA_SUPPLEMENT_CANDIDATE,IMPLEMENTED_UNVERIFIED,ES-FEAT-PLATFORM-001;ES-FEAT-COMMUNICATIONS-001;ES-FEAT-IDENTITY-001;ES-FEAT-RELATIONSHIP-001;ES-FEAT-TASKS-001;ES-FEAT-HORSE-001,GOVERNANCE,DRAFT_PIA_SUPPLEMENT,Derived from revised structured row ES-FEAT-COMMUNICATIONS-008 after independent-review adjudication; evidence tier=KEYWORD_MATCH_ONLY.
IMPLEMENTATION_VERIFICATION_QUEUE,ES-FEAT-COMMUNICATIONS-008,delivery evidence,Communications and Owner Portal,MEDIUM:4,P1,Owner;Guardian;Trainer;Barn Manager;Staff;Service Provider,PIA_SUPPLEMENT_CANDIDATE,IMPLEMENTED_UNVERIFIED,ES-FEAT-PLATFORM-001;ES-FEAT-COMMUNICATIONS-001;ES-FEAT-IDENTITY-001;ES-FEAT-RELATIONSHIP-001;ES-FEAT-TASKS-001;ES-FEAT-HORSE-001,GOVERNANCE,DRAFT_PIA_SUPPLEMENT,Derived from revised structured row ES-FEAT-COMMUNICATIONS-008 after independent-review adjudication; evidence tier=KEYWORD_MATCH_ONLY.
PIA_SUPPLEMENT_QUEUE,ES-FEAT-COMMUNICATIONS-008,delivery evidence,Communications and Owner Portal,MEDIUM:4,P1,Owner;Guardian;Trainer;Barn Manager;Staff;Service Provider,PIA_SUPPLEMENT_CANDIDATE,IMPLEMENTED_UNVERIFIED,ES-FEAT-PLATFORM-001;ES-FEAT-COMMUNICATIONS-001;ES-FEAT-IDENTITY-001;ES-FEAT-RELATIONSHIP-001;ES-FEAT-TASKS-001;ES-FEAT-HORSE-001,GOVERNANCE,DRAFT_PIA_SUPPLEMENT,Derived from revised structured row ES-FEAT-COMMUNICATIONS-008 after independent-review adjudication; evidence tier=KEYWORD_MATCH_ONLY.
RUNTIME_VERIFICATION_QUEUE,ES-FEAT-COMMUNICATIONS-008,delivery evidence,Communications and Owner Portal,MEDIUM:4,P1,Owner;Guardian;Trainer;Barn Manager;Staff;Service Provider,PIA_SUPPLEMENT_CANDIDATE,IMPLEMENTED_UNVERIFIED,ES-FEAT-PLATFORM-001;ES-FEAT-COMMUNICATIONS-001;ES-FEAT-IDENTITY-001;ES-FEAT-RELATIONSHIP-001;ES-FEAT-TASKS-001;ES-FEAT-HORSE-001,GOVERNANCE,DRAFT_PIA_SUPPLEMENT,Derived from revised structured row ES-FEAT-COMMUNICATIONS-008 after independent-review adjudication; evidence tier=KEYWORD_MATCH_ONLY.
FOUNDER_DECISION_QUEUE,ES-FEAT-COMMUNICATIONS-009,read acknowledgment,Communications and Owner Portal,MEDIUM:8,P1,Owner;Guardian;Trainer;Barn Manager;Staff;Service Provider,PIA_SUPPLEMENT_CANDIDATE,IMPLEMENTED_UNVERIFIED,ES-FEAT-PLATFORM-001;ES-FEAT-COMMUNICATIONS-001;ES-FEAT-IDENTITY-001;ES-FEAT-RELATIONSHIP-001;ES-FEAT-FINANCIAL-001;ES-FEAT-TASKS-001;ES-FEAT-HORSE-001,GOVERNANCE,DRAFT_PIA_SUPPLEMENT,Derived from revised structured row ES-FEAT-COMMUNICATIONS-009 after independent-review adjudication; evidence tier=KEYWORD_MATCH_ONLY.
IMPLEMENTATION_VERIFICATION_QUEUE,ES-FEAT-COMMUNICATIONS-009,read acknowledgment,Communications and Owner Portal,MEDIUM:8,P1,Owner;Guardian;Trainer;Barn Manager;Staff;Service Provider,PIA_SUPPLEMENT_CANDIDATE,IMPLEMENTED_UNVERIFIED,ES-FEAT-PLATFORM-001;ES-FEAT-COMMUNICATIONS-001;ES-FEAT-IDENTITY-001;ES-FEAT-RELATIONSHIP-001;ES-FEAT-FINANCIAL-001;ES-FEAT-TASKS-001;ES-FEAT-HORSE-001,GOVERNANCE,DRAFT_PIA_SUPPLEMENT,Derived from revised structured row ES-FEAT-COMMUNICATIONS-009 after independent-review adjudication; evidence tier=KEYWORD_MATCH_ONLY.
PIA_SUPPLEMENT_QUEUE,ES-FEAT-COMMUNICATIONS-009,read acknowledgment,Communications and Owner Portal,MEDIUM:8,P1,Owner;Guardian;Trainer;Barn Manager;Staff;Service Provider,PIA_SUPPLEMENT_CANDIDATE,IMPLEMENTED_UNVERIFIED,ES-FEAT-PLATFORM-001;ES-FEAT-COMMUNICATIONS-001;ES-FEAT-IDENTITY-001;ES-FEAT-RELATIONSHIP-001;ES-FEAT-FINANCIAL-001;ES-FEAT-TASKS-001;ES-FEAT-HORSE-001,GOVERNANCE,DRAFT_PIA_SUPPLEMENT,Derived from revised structured row ES-FEAT-COMMUNICATIONS-009 after independent-review adjudication; evidence tier=KEYWORD_MATCH_ONLY.
RUNTIME_VERIFICATION_QUEUE,ES-FEAT-COMMUNICATIONS-009,read acknowledgment,Communications and Owner Portal,MEDIUM:8,P1,Owner;Guardian;Trainer;Barn Manager;Staff;Service Provider,PIA_SUPPLEMENT_CANDIDATE,IMPLEMENTED_UNVERIFIED,ES-FEAT-PLATFORM-001;ES-FEAT-COMMUNICATIONS-001;ES-FEAT-IDENTITY-001;ES-FEAT-RELATIONSHIP-001;ES-FEAT-FINANCIAL-001;ES-FEAT-TASKS-001;ES-FEAT-HORSE-001,GOVERNANCE,DRAFT_PIA_SUPPLEMENT,Derived from revised structured row ES-FEAT-COMMUNICATIONS-009 after independent-review adjudication; evidence tier=KEYWORD_MATCH_ONLY.
FOUNDER_DECISION_QUEUE,ES-FEAT-COMMUNICATIONS-010,attachments,Communications and Owner Portal,MEDIUM:6,P1,Owner;Guardian;Trainer;Barn Manager;Staff;Service Provider,PIA_SUPPLEMENT_CANDIDATE,IMPLEMENTED_UNVERIFIED,ES-FEAT-PLATFORM-001;ES-FEAT-COMMUNICATIONS-001;ES-FEAT-IDENTITY-001;ES-FEAT-RELATIONSHIP-001;ES-FEAT-TASKS-001;ES-FEAT-HORSE-001,GOVERNANCE,DRAFT_PIA_SUPPLEMENT,Derived from revised structured row ES-FEAT-COMMUNICATIONS-010 after independent-review adjudication; evidence tier=KEYWORD_MATCH_ONLY.
IMPLEMENTATION_VERIFICATION_QUEUE,ES-FEAT-COMMUNICATIONS-010,attachments,Communications and Owner Portal,MEDIUM:6,P1,Owner;Guardian;Trainer;Barn Manager;Staff;Service Provider,PIA_SUPPLEMENT_CANDIDATE,IMPLEMENTED_UNVERIFIED,ES-FEAT-PLATFORM-001;ES-FEAT-COMMUNICATIONS-001;ES-FEAT-IDENTITY-001;ES-FEAT-RELATIONSHIP-001;ES-FEAT-TASKS-001;ES-FEAT-HORSE-001,GOVERNANCE,DRAFT_PIA_SUPPLEMENT,Derived from revised structured row ES-FEAT-COMMUNICATIONS-010 after independent-review adjudication; evidence tier=KEYWORD_MATCH_ONLY.
PIA_SUPPLEMENT_QUEUE,ES-FEAT-COMMUNICATIONS-010,attachments,Communications and Owner Portal,MEDIUM:6,P1,Owner;Guardian;Trainer;Barn Manager;Staff;Service Provider,PIA_SUPPLEMENT_CANDIDATE,IMPLEMENTED_UNVERIFIED,ES-FEAT-PLATFORM-001;ES-FEAT-COMMUNICATIONS-001;ES-FEAT-IDENTITY-001;ES-FEAT-RELATIONSHIP-001;ES-FEAT-TASKS-001;ES-FEAT-HORSE-001,GOVERNANCE,DRAFT_PIA_SUPPLEMENT,Derived from revised structured row ES-FEAT-COMMUNICATIONS-010 after independent-review adjudication; evidence tier=KEYWORD_MATCH_ONLY.
RUNTIME_VERIFICATION_QUEUE,ES-FEAT-COMMUNICATIONS-010,attachments,Communications and Owner Portal,MEDIUM:6,P1,Owner;Guardian;Trainer;Barn Manager;Staff;Service Provider,PIA_SUPPLEMENT_CANDIDATE,IMPLEMENTED_UNVERIFIED,ES-FEAT-PLATFORM-001;ES-FEAT-COMMUNICATIONS-001;ES-FEAT-IDENTITY-001;ES-FEAT-RELATIONSHIP-001;ES-FEAT-TASKS-001;ES-FEAT-HORSE-001,GOVERNANCE,DRAFT_PIA_SUPPLEMENT,Derived from revised structured row ES-FEAT-COMMUNICATIONS-010 after independent-review adjudication; evidence tier=KEYWORD_MATCH_ONLY.
FOUNDER_DECISION_QUEUE,ES-FEAT-COMMUNICATIONS-011,community messaging,Communications and Owner Portal,MEDIUM:4,P1,Owner;Guardian;Trainer;Barn Manager;Staff;Service Provider,PIA_SUPPLEMENT_CANDIDATE,IMPLEMENTED_UNVERIFIED,ES-FEAT-PLATFORM-001;ES-FEAT-COMMUNICATIONS-001;ES-FEAT-IDENTITY-001;ES-FEAT-RELATIONSHIP-001;ES-FEAT-TASKS-001;ES-FEAT-HORSE-001,GOVERNANCE,DRAFT_PIA_SUPPLEMENT,Derived from revised structured row ES-FEAT-COMMUNICATIONS-011 after independent-review adjudication; evidence tier=KEYWORD_MATCH_ONLY.
IMPLEMENTATION_VERIFICATION_QUEUE,ES-FEAT-COMMUNICATIONS-011,community messaging,Communications and Owner Portal,MEDIUM:4,P1,Owner;Guardian;Trainer;Barn Manager;Staff;Service Provider,PIA_SUPPLEMENT_CANDIDATE,IMPLEMENTED_UNVERIFIED,ES-FEAT-PLATFORM-001;ES-FEAT-COMMUNICATIONS-001;ES-FEAT-IDENTITY-001;ES-FEAT-RELATIONSHIP-001;ES-FEAT-TASKS-001;ES-FEAT-HORSE-001,GOVERNANCE,DRAFT_PIA_SUPPLEMENT,Derived from revised structured row ES-FEAT-COMMUNICATIONS-011 after independent-review adjudication; evidence tier=KEYWORD_MATCH_ONLY.
PIA_SUPPLEMENT_QUEUE,ES-FEAT-COMMUNICATIONS-011,community messaging,Communications and Owner Portal,MEDIUM:4,P1,Owner;Guardian;Trainer;Barn Manager;Staff;Service Provider,PIA_SUPPLEMENT_CANDIDATE,IMPLEMENTED_UNVERIFIED,ES-FEAT-PLATFORM-001;ES-FEAT-COMMUNICATIONS-001;ES-FEAT-IDENTITY-001;ES-FEAT-RELATIONSHIP-001;ES-FEAT-TASKS-001;ES-FEAT-HORSE-001,GOVERNANCE,DRAFT_PIA_SUPPLEMENT,Derived from revised structured row ES-FEAT-COMMUNICATIONS-011 after independent-review adjudication; evidence tier=KEYWORD_MATCH_ONLY.
RUNTIME_VERIFICATION_QUEUE,ES-FEAT-COMMUNICATIONS-011,community messaging,Communications and Owner Portal,MEDIUM:4,P1,Owner;Guardian;Trainer;Barn Manager;Staff;Service Provider,PIA_SUPPLEMENT_CANDIDATE,IMPLEMENTED_UNVERIFIED,ES-FEAT-PLATFORM-001;ES-FEAT-COMMUNICATIONS-001;ES-FEAT-IDENTITY-001;ES-FEAT-RELATIONSHIP-001;ES-FEAT-TASKS-001;ES-FEAT-HORSE-001,GOVERNANCE,DRAFT_PIA_SUPPLEMENT,Derived from revised structured row ES-FEAT-COMMUNICATIONS-011 after independent-review adjudication; evidence tier=KEYWORD_MATCH_ONLY.
FOUNDER_DECISION_QUEUE,ES-FEAT-COMMUNICATIONS-012,Owner Portal projections,Communications and Owner Portal,MEDIUM:8,P1,Owner;Guardian;Trainer;Barn Manager;Staff;Service Provider,PIA_SUPPLEMENT_CANDIDATE,IMPLEMENTED_UNVERIFIED,ES-FEAT-PLATFORM-001;ES-FEAT-COMMUNICATIONS-001;ES-FEAT-IDENTITY-001;ES-FEAT-RELATIONSHIP-001;ES-FEAT-TASKS-001;ES-FEAT-HORSE-001,GOVERNANCE,DRAFT_PIA_SUPPLEMENT,Derived from revised structured row ES-FEAT-COMMUNICATIONS-012 after independent-review adjudication; evidence tier=KEYWORD_MATCH_ONLY.
IMPLEMENTATION_VERIFICATION_QUEUE,ES-FEAT-COMMUNICATIONS-012,Owner Portal projections,Communications and Owner Portal,MEDIUM:8,P1,Owner;Guardian;Trainer;Barn Manager;Staff;Service Provider,PIA_SUPPLEMENT_CANDIDATE,IMPLEMENTED_UNVERIFIED,ES-FEAT-PLATFORM-001;ES-FEAT-COMMUNICATIONS-001;ES-FEAT-IDENTITY-001;ES-FEAT-RELATIONSHIP-001;ES-FEAT-TASKS-001;ES-FEAT-HORSE-001,GOVERNANCE,DRAFT_PIA_SUPPLEMENT,Derived from revised structured row ES-FEAT-COMMUNICATIONS-012 after independent-review adjudication; evidence tier=KEYWORD_MATCH_ONLY.
PIA_SUPPLEMENT_QUEUE,ES-FEAT-COMMUNICATIONS-012,Owner Portal projections,Communications and Owner Portal,MEDIUM:8,P1,Owner;Guardian;Trainer;Barn Manager;Staff;Service Provider,PIA_SUPPLEMENT_CANDIDATE,IMPLEMENTED_UNVERIFIED,ES-FEAT-PLATFORM-001;ES-FEAT-COMMUNICATIONS-001;ES-FEAT-IDENTITY-001;ES-FEAT-RELATIONSHIP-001;ES-FEAT-TASKS-001;ES-FEAT-HORSE-001,GOVERNANCE,DRAFT_PIA_SUPPLEMENT,Derived from revised structured row ES-FEAT-COMMUNICATIONS-012 after independent-review adjudication; evidence tier=KEYWORD_MATCH_ONLY.
RUNTIME_VERIFICATION_QUEUE,ES-FEAT-COMMUNICATIONS-012,Owner Portal projections,Communications and Owner Portal,MEDIUM:8,P1,Owner;Guardian;Trainer;Barn Manager;Staff;Service Provider,PIA_SUPPLEMENT_CANDIDATE,IMPLEMENTED_UNVERIFIED,ES-FEAT-PLATFORM-001;ES-FEAT-COMMUNICATIONS-001;ES-FEAT-IDENTITY-001;ES-FEAT-RELATIONSHIP-001;ES-FEAT-TASKS-001;ES-FEAT-HORSE-001,GOVERNANCE,DRAFT_PIA_SUPPLEMENT,Derived from revised structured row ES-FEAT-COMMUNICATIONS-012 after independent-review adjudication; evidence tier=KEYWORD_MATCH_ONLY.
FOUNDER_DECISION_QUEUE,ES-FEAT-COMMUNICATIONS-013,former-party access,Communications and Owner Portal,MEDIUM:6,P1,Owner;Guardian;Trainer;Barn Manager;Staff;Service Provider,PIA_SUPPLEMENT_CANDIDATE,IMPLEMENTED_UNVERIFIED,ES-FEAT-PLATFORM-001;ES-FEAT-COMMUNICATIONS-001;ES-FEAT-IDENTITY-001;ES-FEAT-RELATIONSHIP-001;ES-FEAT-FINANCIAL-001;ES-FEAT-TASKS-001;ES-FEAT-HORSE-001;ES-FEAT-CARE-001,GOVERNANCE,DRAFT_PIA_SUPPLEMENT,Derived from revised structured row ES-FEAT-COMMUNICATIONS-013 after independent-review adjudication; evidence tier=KEYWORD_MATCH_ONLY.
IMPLEMENTATION_VERIFICATION_QUEUE,ES-FEAT-COMMUNICATIONS-013,former-party access,Communications and Owner Portal,MEDIUM:6,P1,Owner;Guardian;Trainer;Barn Manager;Staff;Service Provider,PIA_SUPPLEMENT_CANDIDATE,IMPLEMENTED_UNVERIFIED,ES-FEAT-PLATFORM-001;ES-FEAT-COMMUNICATIONS-001;ES-FEAT-IDENTITY-001;ES-FEAT-RELATIONSHIP-001;ES-FEAT-FINANCIAL-001;ES-FEAT-TASKS-001;ES-FEAT-HORSE-001;ES-FEAT-CARE-001,GOVERNANCE,DRAFT_PIA_SUPPLEMENT,Derived from revised structured row ES-FEAT-COMMUNICATIONS-013 after independent-review adjudication; evidence tier=KEYWORD_MATCH_ONLY.
PIA_SUPPLEMENT_QUEUE,ES-FEAT-COMMUNICATIONS-013,former-party access,Communications and Owner Portal,MEDIUM:6,P1,Owner;Guardian;Trainer;Barn Manager;Staff;Service Provider,PIA_SUPPLEMENT_CANDIDATE,IMPLEMENTED_UNVERIFIED,ES-FEAT-PLATFORM-001;ES-FEAT-COMMUNICATIONS-001;ES-FEAT-IDENTITY-001;ES-FEAT-RELATIONSHIP-001;ES-FEAT-FINANCIAL-001;ES-FEAT-TASKS-001;ES-FEAT-HORSE-001;ES-FEAT-CARE-001,GOVERNANCE,DRAFT_PIA_SUPPLEMENT,Derived from revised structured row ES-FEAT-COMMUNICATIONS-013 after independent-review adjudication; evidence tier=KEYWORD_MATCH_ONLY.
RUNTIME_VERIFICATION_QUEUE,ES-FEAT-COMMUNICATIONS-013,former-party access,Communications and Owner Portal,MEDIUM:6,P1,Owner;Guardian;Trainer;Barn Manager;Staff;Service Provider,PIA_SUPPLEMENT_CANDIDATE,IMPLEMENTED_UNVERIFIED,ES-FEAT-PLATFORM-001;ES-FEAT-COMMUNICATIONS-001;ES-FEAT-IDENTITY-001;ES-FEAT-RELATIONSHIP-001;ES-FEAT-FINANCIAL-001;ES-FEAT-TASKS-001;ES-FEAT-HORSE-001;ES-FEAT-CARE-001,GOVERNANCE,DRAFT_PIA_SUPPLEMENT,Derived from revised structured row ES-FEAT-COMMUNICATIONS-013 after independent-review adjudication; evidence tier=KEYWORD_MATCH_ONLY.
FOUNDER_DECISION_QUEUE,ES-FEAT-COMMUNICATIONS-014,support communication,Communications and Owner Portal,MEDIUM:4,P1,Owner;Guardian;Trainer;Barn Manager;Staff;Service Provider,PIA_SUPPLEMENT_CANDIDATE,IMPLEMENTED_UNVERIFIED,ES-FEAT-PLATFORM-001;ES-FEAT-COMMUNICATIONS-001;ES-FEAT-IDENTITY-001;ES-FEAT-RELATIONSHIP-001;ES-FEAT-TASKS-001,GOVERNANCE,DRAFT_PIA_SUPPLEMENT,Derived from revised structured row ES-FEAT-COMMUNICATIONS-014 after independent-review adjudication; evidence tier=KEYWORD_MATCH_ONLY.
IMPLEMENTATION_VERIFICATION_QUEUE,ES-FEAT-COMMUNICATIONS-014,support communication,Communications and Owner Portal,MEDIUM:4,P1,Owner;Guardian;Trainer;Barn Manager;Staff;Service Provider,PIA_SUPPLEMENT_CANDIDATE,IMPLEMENTED_UNVERIFIED,ES-FEAT-PLATFORM-001;ES-FEAT-COMMUNICATIONS-001;ES-FEAT-IDENTITY-001;ES-FEAT-RELATIONSHIP-001;ES-FEAT-TASKS-001,GOVERNANCE,DRAFT_PIA_SUPPLEMENT,Derived from revised structured row ES-FEAT-COMMUNICATIONS-014 after independent-review adjudication; evidence tier=KEYWORD_MATCH_ONLY.
PIA_SUPPLEMENT_QUEUE,ES-FEAT-COMMUNICATIONS-014,support communication,Communications and Owner Portal,MEDIUM:4,P1,Owner;Guardian;Trainer;Barn Manager;Staff;Service Provider,PIA_SUPPLEMENT_CANDIDATE,IMPLEMENTED_UNVERIFIED,ES-FEAT-PLATFORM-001;ES-FEAT-COMMUNICATIONS-001;ES-FEAT-IDENTITY-001;ES-FEAT-RELATIONSHIP-001;ES-FEAT-TASKS-001,GOVERNANCE,DRAFT_PIA_SUPPLEMENT,Derived from revised structured row ES-FEAT-COMMUNICATIONS-014 after independent-review adjudication; evidence tier=KEYWORD_MATCH_ONLY.
RUNTIME_VERIFICATION_QUEUE,ES-FEAT-COMMUNICATIONS-014,support communication,Communications and Owner Portal,MEDIUM:4,P1,Owner;Guardian;Trainer;Barn Manager;Staff;Service Provider,PIA_SUPPLEMENT_CANDIDATE,IMPLEMENTED_UNVERIFIED,ES-FEAT-PLATFORM-001;ES-FEAT-COMMUNICATIONS-001;ES-FEAT-IDENTITY-001;ES-FEAT-RELATIONSHIP-001;ES-FEAT-TASKS-001,GOVERNANCE,DRAFT_PIA_SUPPLEMENT,Derived from revised structured row ES-FEAT-COMMUNICATIONS-014 after independent-review adjudication; evidence tier=KEYWORD_MATCH_ONLY.
FOUNDER_DECISION_QUEUE,ES-FEAT-DOCUMENTS-001,document templates,"Documents, agreements, and electronic signatures",HIGH:12,P1,Owner;Guardian;Facility Owner;Barn Manager;Trainer;Rider;Support,PIA_SUPPLEMENT_CANDIDATE,IMPLEMENTED_UNVERIFIED,ES-FEAT-PLATFORM-001,GOVERNANCE,DRAFT_PIA_SUPPLEMENT,Derived from revised structured row ES-FEAT-DOCUMENTS-001 after independent-review adjudication; evidence tier=KEYWORD_MATCH_ONLY.
IMPLEMENTATION_VERIFICATION_QUEUE,ES-FEAT-DOCUMENTS-001,document templates,"Documents, agreements, and electronic signatures",HIGH:12,P1,Owner;Guardian;Facility Owner;Barn Manager;Trainer;Rider;Support,PIA_SUPPLEMENT_CANDIDATE,IMPLEMENTED_UNVERIFIED,ES-FEAT-PLATFORM-001,GOVERNANCE,DRAFT_PIA_SUPPLEMENT,Derived from revised structured row ES-FEAT-DOCUMENTS-001 after independent-review adjudication; evidence tier=KEYWORD_MATCH_ONLY.
PIA_SUPPLEMENT_QUEUE,ES-FEAT-DOCUMENTS-001,document templates,"Documents, agreements, and electronic signatures",HIGH:12,P1,Owner;Guardian;Facility Owner;Barn Manager;Trainer;Rider;Support,PIA_SUPPLEMENT_CANDIDATE,IMPLEMENTED_UNVERIFIED,ES-FEAT-PLATFORM-001,GOVERNANCE,DRAFT_PIA_SUPPLEMENT,Derived from revised structured row ES-FEAT-DOCUMENTS-001 after independent-review adjudication; evidence tier=KEYWORD_MATCH_ONLY.
RUNTIME_VERIFICATION_QUEUE,ES-FEAT-DOCUMENTS-001,document templates,"Documents, agreements, and electronic signatures",HIGH:12,P1,Owner;Guardian;Facility Owner;Barn Manager;Trainer;Rider;Support,PIA_SUPPLEMENT_CANDIDATE,IMPLEMENTED_UNVERIFIED,ES-FEAT-PLATFORM-001,GOVERNANCE,DRAFT_PIA_SUPPLEMENT,Derived from revised structured row ES-FEAT-DOCUMENTS-001 after independent-review adjudication; evidence tier=KEYWORD_MATCH_ONLY.
CODE_GUIDE_QUEUE,ES-FEAT-DOCUMENTS-002,waivers,"Documents, agreements, and electronic signatures",CRITICAL:4,P1,Owner;Guardian;Facility Owner;Barn Manager;Trainer;Rider;Support,CODE_GUIDE_GAP,IMPLEMENTED_UNVERIFIED,ES-FEAT-PLATFORM-001;ES-FEAT-DOCUMENTS-001;ES-FEAT-IDENTITY-001;ES-FEAT-RELATIONSHIP-001;ES-FEAT-COMMUNICATIONS-001;ES-FEAT-TASKS-001,ARCHITECTURE,DRAFT_CODE_GUIDE,Derived from revised structured row ES-FEAT-DOCUMENTS-002 after independent-review adjudication; evidence tier=KEYWORD_MATCH_ONLY.
FOUNDER_DECISION_QUEUE,ES-FEAT-DOCUMENTS-002,waivers,"Documents, agreements, and electronic signatures",CRITICAL:4,P1,Owner;Guardian;Facility Owner;Barn Manager;Trainer;Rider;Support,CODE_GUIDE_GAP,IMPLEMENTED_UNVERIFIED,ES-FEAT-PLATFORM-001;ES-FEAT-DOCUMENTS-001;ES-FEAT-IDENTITY-001;ES-FEAT-RELATIONSHIP-001;ES-FEAT-COMMUNICATIONS-001;ES-FEAT-TASKS-001,ARCHITECTURE,DRAFT_CODE_GUIDE,Derived from revised structured row ES-FEAT-DOCUMENTS-002 after independent-review adjudication; evidence tier=KEYWORD_MATCH_ONLY.
IMPLEMENTATION_VERIFICATION_QUEUE,ES-FEAT-DOCUMENTS-002,waivers,"Documents, agreements, and electronic signatures",CRITICAL:4,P1,Owner;Guardian;Facility Owner;Barn Manager;Trainer;Rider;Support,CODE_GUIDE_GAP,IMPLEMENTED_UNVERIFIED,ES-FEAT-PLATFORM-001;ES-FEAT-DOCUMENTS-001;ES-FEAT-IDENTITY-001;ES-FEAT-RELATIONSHIP-001;ES-FEAT-COMMUNICATIONS-001;ES-FEAT-TASKS-001,ARCHITECTURE,DRAFT_CODE_GUIDE,Derived from revised structured row ES-FEAT-DOCUMENTS-002 after independent-review adjudication; evidence tier=KEYWORD_MATCH_ONLY.
RUNTIME_VERIFICATION_QUEUE,ES-FEAT-DOCUMENTS-002,waivers,"Documents, agreements, and electronic signatures",CRITICAL:4,P1,Owner;Guardian;Facility Owner;Barn Manager;Trainer;Rider;Support,CODE_GUIDE_GAP,IMPLEMENTED_UNVERIFIED,ES-FEAT-PLATFORM-001;ES-FEAT-DOCUMENTS-001;ES-FEAT-IDENTITY-001;ES-FEAT-RELATIONSHIP-001;ES-FEAT-COMMUNICATIONS-001;ES-FEAT-TASKS-001,ARCHITECTURE,DRAFT_CODE_GUIDE,Derived from revised structured row ES-FEAT-DOCUMENTS-002 after independent-review adjudication; evidence tier=KEYWORD_MATCH_ONLY.
FOUNDER_DECISION_QUEUE,ES-FEAT-DOCUMENTS-003,consent (Documents),"Documents, agreements, and electronic signatures",CRITICAL:8,P1,Owner;Guardian;Facility Owner;Barn Manager;Trainer;Rider;Support,PIA_SUPPLEMENT_CANDIDATE,IMPLEMENTED_UNVERIFIED,ES-FEAT-PLATFORM-001;ES-FEAT-DOCUMENTS-001;ES-FEAT-IDENTITY-001;ES-FEAT-RELATIONSHIP-001;ES-FEAT-COMMUNICATIONS-001;ES-FEAT-TASKS-001,GOVERNANCE,DRAFT_PIA_SUPPLEMENT,Derived from revised structured row ES-FEAT-DOCUMENTS-003 after independent-review adjudication; evidence tier=KEYWORD_MATCH_ONLY.
IMPLEMENTATION_VERIFICATION_QUEUE,ES-FEAT-DOCUMENTS-003,consent (Documents),"Documents, agreements, and electronic signatures",CRITICAL:8,P1,Owner;Guardian;Facility Owner;Barn Manager;Trainer;Rider;Support,PIA_SUPPLEMENT_CANDIDATE,IMPLEMENTED_UNVERIFIED,ES-FEAT-PLATFORM-001;ES-FEAT-DOCUMENTS-001;ES-FEAT-IDENTITY-001;ES-FEAT-RELATIONSHIP-001;ES-FEAT-COMMUNICATIONS-001;ES-FEAT-TASKS-001,GOVERNANCE,DRAFT_PIA_SUPPLEMENT,Derived from revised structured row ES-FEAT-DOCUMENTS-003 after independent-review adjudication; evidence tier=KEYWORD_MATCH_ONLY.
PIA_SUPPLEMENT_QUEUE,ES-FEAT-DOCUMENTS-003,consent (Documents),"Documents, agreements, and electronic signatures",CRITICAL:8,P1,Owner;Guardian;Facility Owner;Barn Manager;Trainer;Rider;Support,PIA_SUPPLEMENT_CANDIDATE,IMPLEMENTED_UNVERIFIED,ES-FEAT-PLATFORM-001;ES-FEAT-DOCUMENTS-001;ES-FEAT-IDENTITY-001;ES-FEAT-RELATIONSHIP-001;ES-FEAT-COMMUNICATIONS-001;ES-FEAT-TASKS-001,GOVERNANCE,DRAFT_PIA_SUPPLEMENT,Derived from revised structured row ES-FEAT-DOCUMENTS-003 after independent-review adjudication; evidence tier=KEYWORD_MATCH_ONLY.
RUNTIME_VERIFICATION_QUEUE,ES-FEAT-DOCUMENTS-003,consent (Documents),"Documents, agreements, and electronic signatures",CRITICAL:8,P1,Owner;Guardian;Facility Owner;Barn Manager;Trainer;Rider;Support,PIA_SUPPLEMENT_CANDIDATE,IMPLEMENTED_UNVERIFIED,ES-FEAT-PLATFORM-001;ES-FEAT-DOCUMENTS-001;ES-FEAT-IDENTITY-001;ES-FEAT-RELATIONSHIP-001;ES-FEAT-COMMUNICATIONS-001;ES-FEAT-TASKS-001,GOVERNANCE,DRAFT_PIA_SUPPLEMENT,Derived from revised structured row ES-FEAT-DOCUMENTS-003 after independent-review adjudication; evidence tier=KEYWORD_MATCH_ONLY.
FOUNDER_DECISION_QUEUE,ES-FEAT-DOCUMENTS-004,guardian signatures,"Documents, agreements, and electronic signatures",CRITICAL:16,P1,Owner;Guardian;Facility Owner;Barn Manager;Trainer;Rider;Support,PIA_SUPPLEMENT_CANDIDATE,IMPLEMENTED_UNVERIFIED,ES-FEAT-PLATFORM-001;ES-FEAT-DOCUMENTS-001;ES-FEAT-IDENTITY-001;ES-FEAT-RELATIONSHIP-001;ES-FEAT-FINANCIAL-001;ES-FEAT-COMMUNICATIONS-001;ES-FEAT-TASKS-001,GOVERNANCE,DRAFT_PIA_SUPPLEMENT,Derived from revised structured row ES-FEAT-DOCUMENTS-004 after independent-review adjudication; evidence tier=KEYWORD_MATCH_ONLY.
IMPLEMENTATION_VERIFICATION_QUEUE,ES-FEAT-DOCUMENTS-004,guardian signatures,"Documents, agreements, and electronic signatures",CRITICAL:16,P1,Owner;Guardian;Facility Owner;Barn Manager;Trainer;Rider;Support,PIA_SUPPLEMENT_CANDIDATE,IMPLEMENTED_UNVERIFIED,ES-FEAT-PLATFORM-001;ES-FEAT-DOCUMENTS-001;ES-FEAT-IDENTITY-001;ES-FEAT-RELATIONSHIP-001;ES-FEAT-FINANCIAL-001;ES-FEAT-COMMUNICATIONS-001;ES-FEAT-TASKS-001,GOVERNANCE,DRAFT_PIA_SUPPLEMENT,Derived from revised structured row ES-FEAT-DOCUMENTS-004 after independent-review adjudication; evidence tier=KEYWORD_MATCH_ONLY.
PIA_SUPPLEMENT_QUEUE,ES-FEAT-DOCUMENTS-004,guardian signatures,"Documents, agreements, and electronic signatures",CRITICAL:16,P1,Owner;Guardian;Facility Owner;Barn Manager;Trainer;Rider;Support,PIA_SUPPLEMENT_CANDIDATE,IMPLEMENTED_UNVERIFIED,ES-FEAT-PLATFORM-001;ES-FEAT-DOCUMENTS-001;ES-FEAT-IDENTITY-001;ES-FEAT-RELATIONSHIP-001;ES-FEAT-FINANCIAL-001;ES-FEAT-COMMUNICATIONS-001;ES-FEAT-TASKS-001,GOVERNANCE,DRAFT_PIA_SUPPLEMENT,Derived from revised structured row ES-FEAT-DOCUMENTS-004 after independent-review adjudication; evidence tier=KEYWORD_MATCH_ONLY.
RUNTIME_VERIFICATION_QUEUE,ES-FEAT-DOCUMENTS-004,guardian signatures,"Documents, agreements, and electronic signatures",CRITICAL:16,P1,Owner;Guardian;Facility Owner;Barn Manager;Trainer;Rider;Support,PIA_SUPPLEMENT_CANDIDATE,IMPLEMENTED_UNVERIFIED,ES-FEAT-PLATFORM-001;ES-FEAT-DOCUMENTS-001;ES-FEAT-IDENTITY-001;ES-FEAT-RELATIONSHIP-001;ES-FEAT-FINANCIAL-001;ES-FEAT-COMMUNICATIONS-001;ES-FEAT-TASKS-001,GOVERNANCE,DRAFT_PIA_SUPPLEMENT,Derived from revised structured row ES-FEAT-DOCUMENTS-004 after independent-review adjudication; evidence tier=KEYWORD_MATCH_ONLY.
FOUNDER_DECISION_QUEUE,ES-FEAT-DOCUMENTS-005,minor assent,"Documents, agreements, and electronic signatures",CRITICAL:12,P0,Owner;Guardian;Facility Owner;Barn Manager;Trainer;Rider;Support,PIA_SUPPLEMENT_CANDIDATE,IMPLEMENTED_UNVERIFIED,ES-FEAT-PLATFORM-001;ES-FEAT-DOCUMENTS-001;ES-FEAT-IDENTITY-001;ES-FEAT-RELATIONSHIP-001;ES-FEAT-FINANCIAL-001;ES-FEAT-COMMUNICATIONS-001;ES-FEAT-TASKS-001;ES-FEAT-CARE-001,GOVERNANCE,DRAFT_PIA_SUPPLEMENT,Derived from revised structured row ES-FEAT-DOCUMENTS-005 after independent-review adjudication; evidence tier=KEYWORD_MATCH_ONLY.
IMPLEMENTATION_VERIFICATION_QUEUE,ES-FEAT-DOCUMENTS-005,minor assent,"Documents, agreements, and electronic signatures",CRITICAL:12,P0,Owner;Guardian;Facility Owner;Barn Manager;Trainer;Rider;Support,PIA_SUPPLEMENT_CANDIDATE,IMPLEMENTED_UNVERIFIED,ES-FEAT-PLATFORM-001;ES-FEAT-DOCUMENTS-001;ES-FEAT-IDENTITY-001;ES-FEAT-RELATIONSHIP-001;ES-FEAT-FINANCIAL-001;ES-FEAT-COMMUNICATIONS-001;ES-FEAT-TASKS-001;ES-FEAT-CARE-001,GOVERNANCE,DRAFT_PIA_SUPPLEMENT,Derived from revised structured row ES-FEAT-DOCUMENTS-005 after independent-review adjudication; evidence tier=KEYWORD_MATCH_ONLY.
PIA_SUPPLEMENT_QUEUE,ES-FEAT-DOCUMENTS-005,minor assent,"Documents, agreements, and electronic signatures",CRITICAL:12,P0,Owner;Guardian;Facility Owner;Barn Manager;Trainer;Rider;Support,PIA_SUPPLEMENT_CANDIDATE,IMPLEMENTED_UNVERIFIED,ES-FEAT-PLATFORM-001;ES-FEAT-DOCUMENTS-001;ES-FEAT-IDENTITY-001;ES-FEAT-RELATIONSHIP-001;ES-FEAT-FINANCIAL-001;ES-FEAT-COMMUNICATIONS-001;ES-FEAT-TASKS-001;ES-FEAT-CARE-001,GOVERNANCE,DRAFT_PIA_SUPPLEMENT,Derived from revised structured row ES-FEAT-DOCUMENTS-005 after independent-review adjudication; evidence tier=KEYWORD_MATCH_ONLY.
RUNTIME_VERIFICATION_QUEUE,ES-FEAT-DOCUMENTS-005,minor assent,"Documents, agreements, and electronic signatures",CRITICAL:12,P0,Owner;Guardian;Facility Owner;Barn Manager;Trainer;Rider;Support,PIA_SUPPLEMENT_CANDIDATE,IMPLEMENTED_UNVERIFIED,ES-FEAT-PLATFORM-001;ES-FEAT-DOCUMENTS-001;ES-FEAT-IDENTITY-001;ES-FEAT-RELATIONSHIP-001;ES-FEAT-FINANCIAL-001;ES-FEAT-COMMUNICATIONS-001;ES-FEAT-TASKS-001;ES-FEAT-CARE-001,GOVERNANCE,DRAFT_PIA_SUPPLEMENT,Derived from revised structured row ES-FEAT-DOCUMENTS-005 after independent-review adjudication; evidence tier=KEYWORD_MATCH_ONLY.
FOUNDER_DECISION_QUEUE,ES-FEAT-DOCUMENTS-006,document requests,"Documents, agreements, and electronic signatures",HIGH:6,P1,Owner;Guardian;Facility Owner;Barn Manager;Trainer;Rider;Support,PIA_SUPPLEMENT_CANDIDATE,IMPLEMENTED_UNVERIFIED,ES-FEAT-PLATFORM-001;ES-FEAT-DOCUMENTS-001;ES-FEAT-IDENTITY-001;ES-FEAT-RELATIONSHIP-001;ES-FEAT-COMMUNICATIONS-001;ES-FEAT-TASKS-001,GOVERNANCE,DRAFT_PIA_SUPPLEMENT,Derived from revised structured row ES-FEAT-DOCUMENTS-006 after independent-review adjudication; evidence tier=KEYWORD_MATCH_ONLY.
IMPLEMENTATION_VERIFICATION_QUEUE,ES-FEAT-DOCUMENTS-006,document requests,"Documents, agreements, and electronic signatures",HIGH:6,P1,Owner;Guardian;Facility Owner;Barn Manager;Trainer;Rider;Support,PIA_SUPPLEMENT_CANDIDATE,IMPLEMENTED_UNVERIFIED,ES-FEAT-PLATFORM-001;ES-FEAT-DOCUMENTS-001;ES-FEAT-IDENTITY-001;ES-FEAT-RELATIONSHIP-001;ES-FEAT-COMMUNICATIONS-001;ES-FEAT-TASKS-001,GOVERNANCE,DRAFT_PIA_SUPPLEMENT,Derived from revised structured row ES-FEAT-DOCUMENTS-006 after independent-review adjudication; evidence tier=KEYWORD_MATCH_ONLY.
PIA_SUPPLEMENT_QUEUE,ES-FEAT-DOCUMENTS-006,document requests,"Documents, agreements, and electronic signatures",HIGH:6,P1,Owner;Guardian;Facility Owner;Barn Manager;Trainer;Rider;Support,PIA_SUPPLEMENT_CANDIDATE,IMPLEMENTED_UNVERIFIED,ES-FEAT-PLATFORM-001;ES-FEAT-DOCUMENTS-001;ES-FEAT-IDENTITY-001;ES-FEAT-RELATIONSHIP-001;ES-FEAT-COMMUNICATIONS-001;ES-FEAT-TASKS-001,GOVERNANCE,DRAFT_PIA_SUPPLEMENT,Derived from revised structured row ES-FEAT-DOCUMENTS-006 after independent-review adjudication; evidence tier=KEYWORD_MATCH_ONLY.
RUNTIME_VERIFICATION_QUEUE,ES-FEAT-DOCUMENTS-006,document requests,"Documents, agreements, and electronic signatures",HIGH:6,P1,Owner;Guardian;Facility Owner;Barn Manager;Trainer;Rider;Support,PIA_SUPPLEMENT_CANDIDATE,IMPLEMENTED_UNVERIFIED,ES-FEAT-PLATFORM-001;ES-FEAT-DOCUMENTS-001;ES-FEAT-IDENTITY-001;ES-FEAT-RELATIONSHIP-001;ES-FEAT-COMMUNICATIONS-001;ES-FEAT-TASKS-001,GOVERNANCE,DRAFT_PIA_SUPPLEMENT,Derived from revised structured row ES-FEAT-DOCUMENTS-006 after independent-review adjudication; evidence tier=KEYWORD_MATCH_ONLY.
FOUNDER_DECISION_QUEUE,ES-FEAT-DOCUMENTS-007,envelope creation,"Documents, agreements, and electronic signatures",HIGH:12,P1,Owner;Guardian;Facility Owner;Barn Manager;Trainer;Rider;Support,PIA_SUPPLEMENT_CANDIDATE,IMPLEMENTED_UNVERIFIED,ES-FEAT-PLATFORM-001;ES-FEAT-DOCUMENTS-001;ES-FEAT-IDENTITY-001;ES-FEAT-RELATIONSHIP-001;ES-FEAT-COMMUNICATIONS-001;ES-FEAT-TASKS-001,GOVERNANCE,DRAFT_PIA_SUPPLEMENT,Derived from revised structured row ES-FEAT-DOCUMENTS-007 after independent-review adjudication; evidence tier=KEYWORD_MATCH_ONLY.
IMPLEMENTATION_VERIFICATION_QUEUE,ES-FEAT-DOCUMENTS-007,envelope creation,"Documents, agreements, and electronic signatures",HIGH:12,P1,Owner;Guardian;Facility Owner;Barn Manager;Trainer;Rider;Support,PIA_SUPPLEMENT_CANDIDATE,IMPLEMENTED_UNVERIFIED,ES-FEAT-PLATFORM-001;ES-FEAT-DOCUMENTS-001;ES-FEAT-IDENTITY-001;ES-FEAT-RELATIONSHIP-001;ES-FEAT-COMMUNICATIONS-001;ES-FEAT-TASKS-001,GOVERNANCE,DRAFT_PIA_SUPPLEMENT,Derived from revised structured row ES-FEAT-DOCUMENTS-007 after independent-review adjudication; evidence tier=KEYWORD_MATCH_ONLY.
PIA_SUPPLEMENT_QUEUE,ES-FEAT-DOCUMENTS-007,envelope creation,"Documents, agreements, and electronic signatures",HIGH:12,P1,Owner;Guardian;Facility Owner;Barn Manager;Trainer;Rider;Support,PIA_SUPPLEMENT_CANDIDATE,IMPLEMENTED_UNVERIFIED,ES-FEAT-PLATFORM-001;ES-FEAT-DOCUMENTS-001;ES-FEAT-IDENTITY-001;ES-FEAT-RELATIONSHIP-001;ES-FEAT-COMMUNICATIONS-001;ES-FEAT-TASKS-001,GOVERNANCE,DRAFT_PIA_SUPPLEMENT,Derived from revised structured row ES-FEAT-DOCUMENTS-007 after independent-review adjudication; evidence tier=KEYWORD_MATCH_ONLY.
RUNTIME_VERIFICATION_QUEUE,ES-FEAT-DOCUMENTS-007,envelope creation,"Documents, agreements, and electronic signatures",HIGH:12,P1,Owner;Guardian;Facility Owner;Barn Manager;Trainer;Rider;Support,PIA_SUPPLEMENT_CANDIDATE,IMPLEMENTED_UNVERIFIED,ES-FEAT-PLATFORM-001;ES-FEAT-DOCUMENTS-001;ES-FEAT-IDENTITY-001;ES-FEAT-RELATIONSHIP-001;ES-FEAT-COMMUNICATIONS-001;ES-FEAT-TASKS-001,GOVERNANCE,DRAFT_PIA_SUPPLEMENT,Derived from revised structured row ES-FEAT-DOCUMENTS-007 after independent-review adjudication; evidence tier=KEYWORD_MATCH_ONLY.
FOUNDER_DECISION_QUEUE,ES-FEAT-DOCUMENTS-008,signing,"Documents, agreements, and electronic signatures",HIGH:9,P1,Owner;Guardian;Facility Owner;Barn Manager;Trainer;Rider;Support,PIA_SUPPLEMENT_CANDIDATE,IMPLEMENTED_UNVERIFIED,ES-FEAT-PLATFORM-001;ES-FEAT-DOCUMENTS-001;ES-FEAT-IDENTITY-001;ES-FEAT-RELATIONSHIP-001;ES-FEAT-COMMUNICATIONS-001;ES-FEAT-TASKS-001,GOVERNANCE,DRAFT_PIA_SUPPLEMENT,Derived from revised structured row ES-FEAT-DOCUMENTS-008 after independent-review adjudication; evidence tier=KEYWORD_MATCH_ONLY.
IMPLEMENTATION_VERIFICATION_QUEUE,ES-FEAT-DOCUMENTS-008,signing,"Documents, agreements, and electronic signatures",HIGH:9,P1,Owner;Guardian;Facility Owner;Barn Manager;Trainer;Rider;Support,PIA_SUPPLEMENT_CANDIDATE,IMPLEMENTED_UNVERIFIED,ES-FEAT-PLATFORM-001;ES-FEAT-DOCUMENTS-001;ES-FEAT-IDENTITY-001;ES-FEAT-RELATIONSHIP-001;ES-FEAT-COMMUNICATIONS-001;ES-FEAT-TASKS-001,GOVERNANCE,DRAFT_PIA_SUPPLEMENT,Derived from revised structured row ES-FEAT-DOCUMENTS-008 after independent-review adjudication; evidence tier=KEYWORD_MATCH_ONLY.
PIA_SUPPLEMENT_QUEUE,ES-FEAT-DOCUMENTS-008,signing,"Documents, agreements, and electronic signatures",HIGH:9,P1,Owner;Guardian;Facility Owner;Barn Manager;Trainer;Rider;Support,PIA_SUPPLEMENT_CANDIDATE,IMPLEMENTED_UNVERIFIED,ES-FEAT-PLATFORM-001;ES-FEAT-DOCUMENTS-001;ES-FEAT-IDENTITY-001;ES-FEAT-RELATIONSHIP-001;ES-FEAT-COMMUNICATIONS-001;ES-FEAT-TASKS-001,GOVERNANCE,DRAFT_PIA_SUPPLEMENT,Derived from revised structured row ES-FEAT-DOCUMENTS-008 after independent-review adjudication; evidence tier=KEYWORD_MATCH_ONLY.
RUNTIME_VERIFICATION_QUEUE,ES-FEAT-DOCUMENTS-008,signing,"Documents, agreements, and electronic signatures",HIGH:9,P1,Owner;Guardian;Facility Owner;Barn Manager;Trainer;Rider;Support,PIA_SUPPLEMENT_CANDIDATE,IMPLEMENTED_UNVERIFIED,ES-FEAT-PLATFORM-001;ES-FEAT-DOCUMENTS-001;ES-FEAT-IDENTITY-001;ES-FEAT-RELATIONSHIP-001;ES-FEAT-COMMUNICATIONS-001;ES-FEAT-TASKS-001,GOVERNANCE,DRAFT_PIA_SUPPLEMENT,Derived from revised structured row ES-FEAT-DOCUMENTS-008 after independent-review adjudication; evidence tier=KEYWORD_MATCH_ONLY.
FOUNDER_DECISION_QUEUE,ES-FEAT-DOCUMENTS-009,decline,"Documents, agreements, and electronic signatures",HIGH:6,P1,Owner;Guardian;Facility Owner;Barn Manager;Trainer;Rider;Support,PIA_SUPPLEMENT_CANDIDATE,IMPLEMENTED_UNVERIFIED,ES-FEAT-PLATFORM-001;ES-FEAT-DOCUMENTS-001;ES-FEAT-IDENTITY-001;ES-FEAT-RELATIONSHIP-001;ES-FEAT-COMMUNICATIONS-001;ES-FEAT-TASKS-001,GOVERNANCE,DRAFT_PIA_SUPPLEMENT,Derived from revised structured row ES-FEAT-DOCUMENTS-009 after independent-review adjudication; evidence tier=KEYWORD_MATCH_ONLY.
IMPLEMENTATION_VERIFICATION_QUEUE,ES-FEAT-DOCUMENTS-009,decline,"Documents, agreements, and electronic signatures",HIGH:6,P1,Owner;Guardian;Facility Owner;Barn Manager;Trainer;Rider;Support,PIA_SUPPLEMENT_CANDIDATE,IMPLEMENTED_UNVERIFIED,ES-FEAT-PLATFORM-001;ES-FEAT-DOCUMENTS-001;ES-FEAT-IDENTITY-001;ES-FEAT-RELATIONSHIP-001;ES-FEAT-COMMUNICATIONS-001;ES-FEAT-TASKS-001,GOVERNANCE,DRAFT_PIA_SUPPLEMENT,Derived from revised structured row ES-FEAT-DOCUMENTS-009 after independent-review adjudication; evidence tier=KEYWORD_MATCH_ONLY.
PIA_SUPPLEMENT_QUEUE,ES-FEAT-DOCUMENTS-009,decline,"Documents, agreements, and electronic signatures",HIGH:6,P1,Owner;Guardian;Facility Owner;Barn Manager;Trainer;Rider;Support,PIA_SUPPLEMENT_CANDIDATE,IMPLEMENTED_UNVERIFIED,ES-FEAT-PLATFORM-001;ES-FEAT-DOCUMENTS-001;ES-FEAT-IDENTITY-001;ES-FEAT-RELATIONSHIP-001;ES-FEAT-COMMUNICATIONS-001;ES-FEAT-TASKS-001,GOVERNANCE,DRAFT_PIA_SUPPLEMENT,Derived from revised structured row ES-FEAT-DOCUMENTS-009 after independent-review adjudication; evidence tier=KEYWORD_MATCH_ONLY.
RUNTIME_VERIFICATION_QUEUE,ES-FEAT-DOCUMENTS-009,decline,"Documents, agreements, and electronic signatures",HIGH:6,P1,Owner;Guardian;Facility Owner;Barn Manager;Trainer;Rider;Support,PIA_SUPPLEMENT_CANDIDATE,IMPLEMENTED_UNVERIFIED,ES-FEAT-PLATFORM-001;ES-FEAT-DOCUMENTS-001;ES-FEAT-IDENTITY-001;ES-FEAT-RELATIONSHIP-001;ES-FEAT-COMMUNICATIONS-001;ES-FEAT-TASKS-001,GOVERNANCE,DRAFT_PIA_SUPPLEMENT,Derived from revised structured row ES-FEAT-DOCUMENTS-009 after independent-review adjudication; evidence tier=KEYWORD_MATCH_ONLY.
FOUNDER_DECISION_QUEUE,ES-FEAT-DOCUMENTS-010,expiration (Documents),"Documents, agreements, and electronic signatures",HIGH:12,P1,Owner;Guardian;Facility Owner;Barn Manager;Trainer;Rider;Support,PIA_SUPPLEMENT_CANDIDATE,IMPLEMENTED_UNVERIFIED,ES-FEAT-PLATFORM-001;ES-FEAT-DOCUMENTS-001;ES-FEAT-IDENTITY-001;ES-FEAT-RELATIONSHIP-001;ES-FEAT-COMMUNICATIONS-001;ES-FEAT-TASKS-001,GOVERNANCE,DRAFT_PIA_SUPPLEMENT,Derived from revised structured row ES-FEAT-DOCUMENTS-010 after independent-review adjudication; evidence tier=KEYWORD_MATCH_ONLY.
IMPLEMENTATION_VERIFICATION_QUEUE,ES-FEAT-DOCUMENTS-010,expiration (Documents),"Documents, agreements, and electronic signatures",HIGH:12,P1,Owner;Guardian;Facility Owner;Barn Manager;Trainer;Rider;Support,PIA_SUPPLEMENT_CANDIDATE,IMPLEMENTED_UNVERIFIED,ES-FEAT-PLATFORM-001;ES-FEAT-DOCUMENTS-001;ES-FEAT-IDENTITY-001;ES-FEAT-RELATIONSHIP-001;ES-FEAT-COMMUNICATIONS-001;ES-FEAT-TASKS-001,GOVERNANCE,DRAFT_PIA_SUPPLEMENT,Derived from revised structured row ES-FEAT-DOCUMENTS-010 after independent-review adjudication; evidence tier=KEYWORD_MATCH_ONLY.
PIA_SUPPLEMENT_QUEUE,ES-FEAT-DOCUMENTS-010,expiration (Documents),"Documents, agreements, and electronic signatures",HIGH:12,P1,Owner;Guardian;Facility Owner;Barn Manager;Trainer;Rider;Support,PIA_SUPPLEMENT_CANDIDATE,IMPLEMENTED_UNVERIFIED,ES-FEAT-PLATFORM-001;ES-FEAT-DOCUMENTS-001;ES-FEAT-IDENTITY-001;ES-FEAT-RELATIONSHIP-001;ES-FEAT-COMMUNICATIONS-001;ES-FEAT-TASKS-001,GOVERNANCE,DRAFT_PIA_SUPPLEMENT,Derived from revised structured row ES-FEAT-DOCUMENTS-010 after independent-review adjudication; evidence tier=KEYWORD_MATCH_ONLY.
RUNTIME_VERIFICATION_QUEUE,ES-FEAT-DOCUMENTS-010,expiration (Documents),"Documents, agreements, and electronic signatures",HIGH:12,P1,Owner;Guardian;Facility Owner;Barn Manager;Trainer;Rider;Support,PIA_SUPPLEMENT_CANDIDATE,IMPLEMENTED_UNVERIFIED,ES-FEAT-PLATFORM-001;ES-FEAT-DOCUMENTS-001;ES-FEAT-IDENTITY-001;ES-FEAT-RELATIONSHIP-001;ES-FEAT-COMMUNICATIONS-001;ES-FEAT-TASKS-001,GOVERNANCE,DRAFT_PIA_SUPPLEMENT,Derived from revised structured row ES-FEAT-DOCUMENTS-010 after independent-review adjudication; evidence tier=KEYWORD_MATCH_ONLY.
FOUNDER_DECISION_QUEUE,ES-FEAT-DOCUMENTS-011,revocation,"Documents, agreements, and electronic signatures",HIGH:9,P1,Owner;Guardian;Facility Owner;Barn Manager;Trainer;Rider;Support,PIA_SUPPLEMENT_CANDIDATE,IMPLEMENTED_UNVERIFIED,ES-FEAT-PLATFORM-001;ES-FEAT-DOCUMENTS-001;ES-FEAT-IDENTITY-001;ES-FEAT-RELATIONSHIP-001;ES-FEAT-COMMUNICATIONS-001;ES-FEAT-TASKS-001,GOVERNANCE,DRAFT_PIA_SUPPLEMENT,Derived from revised structured row ES-FEAT-DOCUMENTS-011 after independent-review adjudication; evidence tier=KEYWORD_MATCH_ONLY.
IMPLEMENTATION_VERIFICATION_QUEUE,ES-FEAT-DOCUMENTS-011,revocation,"Documents, agreements, and electronic signatures",HIGH:9,P1,Owner;Guardian;Facility Owner;Barn Manager;Trainer;Rider;Support,PIA_SUPPLEMENT_CANDIDATE,IMPLEMENTED_UNVERIFIED,ES-FEAT-PLATFORM-001;ES-FEAT-DOCUMENTS-001;ES-FEAT-IDENTITY-001;ES-FEAT-RELATIONSHIP-001;ES-FEAT-COMMUNICATIONS-001;ES-FEAT-TASKS-001,GOVERNANCE,DRAFT_PIA_SUPPLEMENT,Derived from revised structured row ES-FEAT-DOCUMENTS-011 after independent-review adjudication; evidence tier=KEYWORD_MATCH_ONLY.
PIA_SUPPLEMENT_QUEUE,ES-FEAT-DOCUMENTS-011,revocation,"Documents, agreements, and electronic signatures",HIGH:9,P1,Owner;Guardian;Facility Owner;Barn Manager;Trainer;Rider;Support,PIA_SUPPLEMENT_CANDIDATE,IMPLEMENTED_UNVERIFIED,ES-FEAT-PLATFORM-001;ES-FEAT-DOCUMENTS-001;ES-FEAT-IDENTITY-001;ES-FEAT-RELATIONSHIP-001;ES-FEAT-COMMUNICATIONS-001;ES-FEAT-TASKS-001,GOVERNANCE,DRAFT_PIA_SUPPLEMENT,Derived from revised structured row ES-FEAT-DOCUMENTS-011 after independent-review adjudication; evidence tier=KEYWORD_MATCH_ONLY.
RUNTIME_VERIFICATION_QUEUE,ES-FEAT-DOCUMENTS-011,revocation,"Documents, agreements, and electronic signatures",HIGH:9,P1,Owner;Guardian;Facility Owner;Barn Manager;Trainer;Rider;Support,PIA_SUPPLEMENT_CANDIDATE,IMPLEMENTED_UNVERIFIED,ES-FEAT-PLATFORM-001;ES-FEAT-DOCUMENTS-001;ES-FEAT-IDENTITY-001;ES-FEAT-RELATIONSHIP-001;ES-FEAT-COMMUNICATIONS-001;ES-FEAT-TASKS-001,GOVERNANCE,DRAFT_PIA_SUPPLEMENT,Derived from revised structured row ES-FEAT-DOCUMENTS-011 after independent-review adjudication; evidence tier=KEYWORD_MATCH_ONLY.
FOUNDER_DECISION_QUEUE,ES-FEAT-DOCUMENTS-012,correction (Documents),"Documents, agreements, and electronic signatures",HIGH:6,P1,Owner;Guardian;Facility Owner;Barn Manager;Trainer;Rider;Support,PIA_SUPPLEMENT_CANDIDATE,IMPLEMENTED_UNVERIFIED,ES-FEAT-PLATFORM-001;ES-FEAT-DOCUMENTS-001;ES-FEAT-IDENTITY-001;ES-FEAT-RELATIONSHIP-001;ES-FEAT-COMMUNICATIONS-001;ES-FEAT-TASKS-001,GOVERNANCE,DRAFT_PIA_SUPPLEMENT,Derived from revised structured row ES-FEAT-DOCUMENTS-012 after independent-review adjudication; evidence tier=KEYWORD_MATCH_ONLY.
IMPLEMENTATION_VERIFICATION_QUEUE,ES-FEAT-DOCUMENTS-012,correction (Documents),"Documents, agreements, and electronic signatures",HIGH:6,P1,Owner;Guardian;Facility Owner;Barn Manager;Trainer;Rider;Support,PIA_SUPPLEMENT_CANDIDATE,IMPLEMENTED_UNVERIFIED,ES-FEAT-PLATFORM-001;ES-FEAT-DOCUMENTS-001;ES-FEAT-IDENTITY-001;ES-FEAT-RELATIONSHIP-001;ES-FEAT-COMMUNICATIONS-001;ES-FEAT-TASKS-001,GOVERNANCE,DRAFT_PIA_SUPPLEMENT,Derived from revised structured row ES-FEAT-DOCUMENTS-012 after independent-review adjudication; evidence tier=KEYWORD_MATCH_ONLY.
PIA_SUPPLEMENT_QUEUE,ES-FEAT-DOCUMENTS-012,correction (Documents),"Documents, agreements, and electronic signatures",HIGH:6,P1,Owner;Guardian;Facility Owner;Barn Manager;Trainer;Rider;Support,PIA_SUPPLEMENT_CANDIDATE,IMPLEMENTED_UNVERIFIED,ES-FEAT-PLATFORM-001;ES-FEAT-DOCUMENTS-001;ES-FEAT-IDENTITY-001;ES-FEAT-RELATIONSHIP-001;ES-FEAT-COMMUNICATIONS-001;ES-FEAT-TASKS-001,GOVERNANCE,DRAFT_PIA_SUPPLEMENT,Derived from revised structured row ES-FEAT-DOCUMENTS-012 after independent-review adjudication; evidence tier=KEYWORD_MATCH_ONLY.
RUNTIME_VERIFICATION_QUEUE,ES-FEAT-DOCUMENTS-012,correction (Documents),"Documents, agreements, and electronic signatures",HIGH:6,P1,Owner;Guardian;Facility Owner;Barn Manager;Trainer;Rider;Support,PIA_SUPPLEMENT_CANDIDATE,IMPLEMENTED_UNVERIFIED,ES-FEAT-PLATFORM-001;ES-FEAT-DOCUMENTS-001;ES-FEAT-IDENTITY-001;ES-FEAT-RELATIONSHIP-001;ES-FEAT-COMMUNICATIONS-001;ES-FEAT-TASKS-001,GOVERNANCE,DRAFT_PIA_SUPPLEMENT,Derived from revised structured row ES-FEAT-DOCUMENTS-012 after independent-review adjudication; evidence tier=KEYWORD_MATCH_ONLY.
FOUNDER_DECISION_QUEUE,ES-FEAT-DOCUMENTS-013,provider webhooks,"Documents, agreements, and electronic signatures",HIGH:12,P1,Owner;Guardian;Facility Owner;Barn Manager;Trainer;Rider;Support,PIA_SUPPLEMENT_CANDIDATE,IMPLEMENTED_UNVERIFIED,ES-FEAT-PLATFORM-001;ES-FEAT-DOCUMENTS-001;ES-FEAT-IDENTITY-001;ES-FEAT-RELATIONSHIP-001;ES-FEAT-FINANCIAL-001;ES-FEAT-COMMUNICATIONS-001;ES-FEAT-TASKS-001;ES-FEAT-CARE-001,GOVERNANCE,DRAFT_PIA_SUPPLEMENT,Derived from revised structured row ES-FEAT-DOCUMENTS-013 after independent-review adjudication; evidence tier=KEYWORD_MATCH_ONLY.
IMPLEMENTATION_VERIFICATION_QUEUE,ES-FEAT-DOCUMENTS-013,provider webhooks,"Documents, agreements, and electronic signatures",HIGH:12,P1,Owner;Guardian;Facility Owner;Barn Manager;Trainer;Rider;Support,PIA_SUPPLEMENT_CANDIDATE,IMPLEMENTED_UNVERIFIED,ES-FEAT-PLATFORM-001;ES-FEAT-DOCUMENTS-001;ES-FEAT-IDENTITY-001;ES-FEAT-RELATIONSHIP-001;ES-FEAT-FINANCIAL-001;ES-FEAT-COMMUNICATIONS-001;ES-FEAT-TASKS-001;ES-FEAT-CARE-001,GOVERNANCE,DRAFT_PIA_SUPPLEMENT,Derived from revised structured row ES-FEAT-DOCUMENTS-013 after independent-review adjudication; evidence tier=KEYWORD_MATCH_ONLY.
PIA_SUPPLEMENT_QUEUE,ES-FEAT-DOCUMENTS-013,provider webhooks,"Documents, agreements, and electronic signatures",HIGH:12,P1,Owner;Guardian;Facility Owner;Barn Manager;Trainer;Rider;Support,PIA_SUPPLEMENT_CANDIDATE,IMPLEMENTED_UNVERIFIED,ES-FEAT-PLATFORM-001;ES-FEAT-DOCUMENTS-001;ES-FEAT-IDENTITY-001;ES-FEAT-RELATIONSHIP-001;ES-FEAT-FINANCIAL-001;ES-FEAT-COMMUNICATIONS-001;ES-FEAT-TASKS-001;ES-FEAT-CARE-001,GOVERNANCE,DRAFT_PIA_SUPPLEMENT,Derived from revised structured row ES-FEAT-DOCUMENTS-013 after independent-review adjudication; evidence tier=KEYWORD_MATCH_ONLY.
RUNTIME_VERIFICATION_QUEUE,ES-FEAT-DOCUMENTS-013,provider webhooks,"Documents, agreements, and electronic signatures",HIGH:12,P1,Owner;Guardian;Facility Owner;Barn Manager;Trainer;Rider;Support,PIA_SUPPLEMENT_CANDIDATE,IMPLEMENTED_UNVERIFIED,ES-FEAT-PLATFORM-001;ES-FEAT-DOCUMENTS-001;ES-FEAT-IDENTITY-001;ES-FEAT-RELATIONSHIP-001;ES-FEAT-FINANCIAL-001;ES-FEAT-COMMUNICATIONS-001;ES-FEAT-TASKS-001;ES-FEAT-CARE-001,GOVERNANCE,DRAFT_PIA_SUPPLEMENT,Derived from revised structured row ES-FEAT-DOCUMENTS-013 after independent-review adjudication; evidence tier=KEYWORD_MATCH_ONLY.
FOUNDER_DECISION_QUEUE,ES-FEAT-DOCUMENTS-014,retention (Documents),"Documents, agreements, and electronic signatures",HIGH:9,P1,Owner;Guardian;Facility Owner;Barn Manager;Trainer;Rider;Support,PIA_SUPPLEMENT_CANDIDATE,IMPLEMENTED_UNVERIFIED,ES-FEAT-PLATFORM-001;ES-FEAT-DOCUMENTS-001;ES-FEAT-IDENTITY-001;ES-FEAT-RELATIONSHIP-001;ES-FEAT-COMMUNICATIONS-001;ES-FEAT-TASKS-001,GOVERNANCE,DRAFT_PIA_SUPPLEMENT,Derived from revised structured row ES-FEAT-DOCUMENTS-014 after independent-review adjudication; evidence tier=KEYWORD_MATCH_ONLY.
IMPLEMENTATION_VERIFICATION_QUEUE,ES-FEAT-DOCUMENTS-014,retention (Documents),"Documents, agreements, and electronic signatures",HIGH:9,P1,Owner;Guardian;Facility Owner;Barn Manager;Trainer;Rider;Support,PIA_SUPPLEMENT_CANDIDATE,IMPLEMENTED_UNVERIFIED,ES-FEAT-PLATFORM-001;ES-FEAT-DOCUMENTS-001;ES-FEAT-IDENTITY-001;ES-FEAT-RELATIONSHIP-001;ES-FEAT-COMMUNICATIONS-001;ES-FEAT-TASKS-001,GOVERNANCE,DRAFT_PIA_SUPPLEMENT,Derived from revised structured row ES-FEAT-DOCUMENTS-014 after independent-review adjudication; evidence tier=KEYWORD_MATCH_ONLY.
PIA_SUPPLEMENT_QUEUE,ES-FEAT-DOCUMENTS-014,retention (Documents),"Documents, agreements, and electronic signatures",HIGH:9,P1,Owner;Guardian;Facility Owner;Barn Manager;Trainer;Rider;Support,PIA_SUPPLEMENT_CANDIDATE,IMPLEMENTED_UNVERIFIED,ES-FEAT-PLATFORM-001;ES-FEAT-DOCUMENTS-001;ES-FEAT-IDENTITY-001;ES-FEAT-RELATIONSHIP-001;ES-FEAT-COMMUNICATIONS-001;ES-FEAT-TASKS-001,GOVERNANCE,DRAFT_PIA_SUPPLEMENT,Derived from revised structured row ES-FEAT-DOCUMENTS-014 after independent-review adjudication; evidence tier=KEYWORD_MATCH_ONLY.
RUNTIME_VERIFICATION_QUEUE,ES-FEAT-DOCUMENTS-014,retention (Documents),"Documents, agreements, and electronic signatures",HIGH:9,P1,Owner;Guardian;Facility Owner;Barn Manager;Trainer;Rider;Support,PIA_SUPPLEMENT_CANDIDATE,IMPLEMENTED_UNVERIFIED,ES-FEAT-PLATFORM-001;ES-FEAT-DOCUMENTS-001;ES-FEAT-IDENTITY-001;ES-FEAT-RELATIONSHIP-001;ES-FEAT-COMMUNICATIONS-001;ES-FEAT-TASKS-001,GOVERNANCE,DRAFT_PIA_SUPPLEMENT,Derived from revised structured row ES-FEAT-DOCUMENTS-014 after independent-review adjudication; evidence tier=KEYWORD_MATCH_ONLY.
FOUNDER_DECISION_QUEUE,ES-FEAT-DOCUMENTS-015,legal hold,"Documents, agreements, and electronic signatures",HIGH:6,P1,Owner;Guardian;Facility Owner;Barn Manager;Trainer;Rider;Support,PIA_SUPPLEMENT_CANDIDATE,IMPLEMENTED_UNVERIFIED,ES-FEAT-PLATFORM-001;ES-FEAT-DOCUMENTS-001;ES-FEAT-IDENTITY-001;ES-FEAT-RELATIONSHIP-001;ES-FEAT-FINANCIAL-001;ES-FEAT-COMMUNICATIONS-001;ES-FEAT-TASKS-001,GOVERNANCE,DRAFT_PIA_SUPPLEMENT,Derived from revised structured row ES-FEAT-DOCUMENTS-015 after independent-review adjudication; evidence tier=KEYWORD_MATCH_ONLY.
IMPLEMENTATION_VERIFICATION_QUEUE,ES-FEAT-DOCUMENTS-015,legal hold,"Documents, agreements, and electronic signatures",HIGH:6,P1,Owner;Guardian;Facility Owner;Barn Manager;Trainer;Rider;Support,PIA_SUPPLEMENT_CANDIDATE,IMPLEMENTED_UNVERIFIED,ES-FEAT-PLATFORM-001;ES-FEAT-DOCUMENTS-001;ES-FEAT-IDENTITY-001;ES-FEAT-RELATIONSHIP-001;ES-FEAT-FINANCIAL-001;ES-FEAT-COMMUNICATIONS-001;ES-FEAT-TASKS-001,GOVERNANCE,DRAFT_PIA_SUPPLEMENT,Derived from revised structured row ES-FEAT-DOCUMENTS-015 after independent-review adjudication; evidence tier=KEYWORD_MATCH_ONLY.
PIA_SUPPLEMENT_QUEUE,ES-FEAT-DOCUMENTS-015,legal hold,"Documents, agreements, and electronic signatures",HIGH:6,P1,Owner;Guardian;Facility Owner;Barn Manager;Trainer;Rider;Support,PIA_SUPPLEMENT_CANDIDATE,IMPLEMENTED_UNVERIFIED,ES-FEAT-PLATFORM-001;ES-FEAT-DOCUMENTS-001;ES-FEAT-IDENTITY-001;ES-FEAT-RELATIONSHIP-001;ES-FEAT-FINANCIAL-001;ES-FEAT-COMMUNICATIONS-001;ES-FEAT-TASKS-001,GOVERNANCE,DRAFT_PIA_SUPPLEMENT,Derived from revised structured row ES-FEAT-DOCUMENTS-015 after independent-review adjudication; evidence tier=KEYWORD_MATCH_ONLY.
RUNTIME_VERIFICATION_QUEUE,ES-FEAT-DOCUMENTS-015,legal hold,"Documents, agreements, and electronic signatures",HIGH:6,P1,Owner;Guardian;Facility Owner;Barn Manager;Trainer;Rider;Support,PIA_SUPPLEMENT_CANDIDATE,IMPLEMENTED_UNVERIFIED,ES-FEAT-PLATFORM-001;ES-FEAT-DOCUMENTS-001;ES-FEAT-IDENTITY-001;ES-FEAT-RELATIONSHIP-001;ES-FEAT-FINANCIAL-001;ES-FEAT-COMMUNICATIONS-001;ES-FEAT-TASKS-001,GOVERNANCE,DRAFT_PIA_SUPPLEMENT,Derived from revised structured row ES-FEAT-DOCUMENTS-015 after independent-review adjudication; evidence tier=KEYWORD_MATCH_ONLY.
FOUNDER_DECISION_QUEUE,ES-FEAT-FINANCIAL-001,plans,Financial operations,MEDIUM:8,P0,Facility Owner;Barn Manager;Trainer;Owner;Guardian;Billing Admin;Platform Admin,PIA_SUPPLEMENT_CANDIDATE,IMPLEMENTED_UNVERIFIED,ES-FEAT-PLATFORM-001,GOVERNANCE,DRAFT_PIA_SUPPLEMENT,Derived from revised structured row ES-FEAT-FINANCIAL-001 after independent-review adjudication; evidence tier=KEYWORD_MATCH_ONLY.
IMPLEMENTATION_VERIFICATION_QUEUE,ES-FEAT-FINANCIAL-001,plans,Financial operations,MEDIUM:8,P0,Facility Owner;Barn Manager;Trainer;Owner;Guardian;Billing Admin;Platform Admin,PIA_SUPPLEMENT_CANDIDATE,IMPLEMENTED_UNVERIFIED,ES-FEAT-PLATFORM-001,GOVERNANCE,DRAFT_PIA_SUPPLEMENT,Derived from revised structured row ES-FEAT-FINANCIAL-001 after independent-review adjudication; evidence tier=KEYWORD_MATCH_ONLY.
PIA_SUPPLEMENT_QUEUE,ES-FEAT-FINANCIAL-001,plans,Financial operations,MEDIUM:8,P0,Facility Owner;Barn Manager;Trainer;Owner;Guardian;Billing Admin;Platform Admin,PIA_SUPPLEMENT_CANDIDATE,IMPLEMENTED_UNVERIFIED,ES-FEAT-PLATFORM-001,GOVERNANCE,DRAFT_PIA_SUPPLEMENT,Derived from revised structured row ES-FEAT-FINANCIAL-001 after independent-review adjudication; evidence tier=KEYWORD_MATCH_ONLY.
RUNTIME_VERIFICATION_QUEUE,ES-FEAT-FINANCIAL-001,plans,Financial operations,MEDIUM:8,P0,Facility Owner;Barn Manager;Trainer;Owner;Guardian;Billing Admin;Platform Admin,PIA_SUPPLEMENT_CANDIDATE,IMPLEMENTED_UNVERIFIED,ES-FEAT-PLATFORM-001,GOVERNANCE,DRAFT_PIA_SUPPLEMENT,Derived from revised structured row ES-FEAT-FINANCIAL-001 after independent-review adjudication; evidence tier=KEYWORD_MATCH_ONLY.
FOUNDER_DECISION_QUEUE,ES-FEAT-FINANCIAL-002,subscriptions,Financial operations,MEDIUM:6,P0,Facility Owner;Barn Manager;Trainer;Owner;Guardian;Billing Admin;Platform Admin,PIA_SUPPLEMENT_CANDIDATE,IMPLEMENTED_UNVERIFIED,ES-FEAT-PLATFORM-001;ES-FEAT-FINANCIAL-001;ES-FEAT-IDENTITY-001;ES-FEAT-RELATIONSHIP-001;ES-FEAT-COMMUNICATIONS-001;ES-FEAT-TASKS-001,GOVERNANCE,DRAFT_PIA_SUPPLEMENT,Derived from revised structured row ES-FEAT-FINANCIAL-002 after independent-review adjudication; evidence tier=KEYWORD_MATCH_ONLY.
IMPLEMENTATION_VERIFICATION_QUEUE,ES-FEAT-FINANCIAL-002,subscriptions,Financial operations,MEDIUM:6,P0,Facility Owner;Barn Manager;Trainer;Owner;Guardian;Billing Admin;Platform Admin,PIA_SUPPLEMENT_CANDIDATE,IMPLEMENTED_UNVERIFIED,ES-FEAT-PLATFORM-001;ES-FEAT-FINANCIAL-001;ES-FEAT-IDENTITY-001;ES-FEAT-RELATIONSHIP-001;ES-FEAT-COMMUNICATIONS-001;ES-FEAT-TASKS-001,GOVERNANCE,DRAFT_PIA_SUPPLEMENT,Derived from revised structured row ES-FEAT-FINANCIAL-002 after independent-review adjudication; evidence tier=KEYWORD_MATCH_ONLY.
PIA_SUPPLEMENT_QUEUE,ES-FEAT-FINANCIAL-002,subscriptions,Financial operations,MEDIUM:6,P0,Facility Owner;Barn Manager;Trainer;Owner;Guardian;Billing Admin;Platform Admin,PIA_SUPPLEMENT_CANDIDATE,IMPLEMENTED_UNVERIFIED,ES-FEAT-PLATFORM-001;ES-FEAT-FINANCIAL-001;ES-FEAT-IDENTITY-001;ES-FEAT-RELATIONSHIP-001;ES-FEAT-COMMUNICATIONS-001;ES-FEAT-TASKS-001,GOVERNANCE,DRAFT_PIA_SUPPLEMENT,Derived from revised structured row ES-FEAT-FINANCIAL-002 after independent-review adjudication; evidence tier=KEYWORD_MATCH_ONLY.
RUNTIME_VERIFICATION_QUEUE,ES-FEAT-FINANCIAL-002,subscriptions,Financial operations,MEDIUM:6,P0,Facility Owner;Barn Manager;Trainer;Owner;Guardian;Billing Admin;Platform Admin,PIA_SUPPLEMENT_CANDIDATE,IMPLEMENTED_UNVERIFIED,ES-FEAT-PLATFORM-001;ES-FEAT-FINANCIAL-001;ES-FEAT-IDENTITY-001;ES-FEAT-RELATIONSHIP-001;ES-FEAT-COMMUNICATIONS-001;ES-FEAT-TASKS-001,GOVERNANCE,DRAFT_PIA_SUPPLEMENT,Derived from revised structured row ES-FEAT-FINANCIAL-002 after independent-review adjudication; evidence tier=KEYWORD_MATCH_ONLY.
FOUNDER_DECISION_QUEUE,ES-FEAT-FINANCIAL-003,add-ons,Financial operations,MEDIUM:4,P0,Facility Owner;Barn Manager;Trainer;Owner;Guardian;Billing Admin;Platform Admin,PIA_SUPPLEMENT_CANDIDATE,IMPLEMENTED_UNVERIFIED,ES-FEAT-PLATFORM-001;ES-FEAT-FINANCIAL-001;ES-FEAT-IDENTITY-001;ES-FEAT-RELATIONSHIP-001;ES-FEAT-COMMUNICATIONS-001;ES-FEAT-TASKS-001,GOVERNANCE,DRAFT_PIA_SUPPLEMENT,Derived from revised structured row ES-FEAT-FINANCIAL-003 after independent-review adjudication; evidence tier=KEYWORD_MATCH_ONLY.
IMPLEMENTATION_VERIFICATION_QUEUE,ES-FEAT-FINANCIAL-003,add-ons,Financial operations,MEDIUM:4,P0,Facility Owner;Barn Manager;Trainer;Owner;Guardian;Billing Admin;Platform Admin,PIA_SUPPLEMENT_CANDIDATE,IMPLEMENTED_UNVERIFIED,ES-FEAT-PLATFORM-001;ES-FEAT-FINANCIAL-001;ES-FEAT-IDENTITY-001;ES-FEAT-RELATIONSHIP-001;ES-FEAT-COMMUNICATIONS-001;ES-FEAT-TASKS-001,GOVERNANCE,DRAFT_PIA_SUPPLEMENT,Derived from revised structured row ES-FEAT-FINANCIAL-003 after independent-review adjudication; evidence tier=KEYWORD_MATCH_ONLY.
PIA_SUPPLEMENT_QUEUE,ES-FEAT-FINANCIAL-003,add-ons,Financial operations,MEDIUM:4,P0,Facility Owner;Barn Manager;Trainer;Owner;Guardian;Billing Admin;Platform Admin,PIA_SUPPLEMENT_CANDIDATE,IMPLEMENTED_UNVERIFIED,ES-FEAT-PLATFORM-001;ES-FEAT-FINANCIAL-001;ES-FEAT-IDENTITY-001;ES-FEAT-RELATIONSHIP-001;ES-FEAT-COMMUNICATIONS-001;ES-FEAT-TASKS-001,GOVERNANCE,DRAFT_PIA_SUPPLEMENT,Derived from revised structured row ES-FEAT-FINANCIAL-003 after independent-review adjudication; evidence tier=KEYWORD_MATCH_ONLY.
RUNTIME_VERIFICATION_QUEUE,ES-FEAT-FINANCIAL-003,add-ons,Financial operations,MEDIUM:4,P0,Facility Owner;Barn Manager;Trainer;Owner;Guardian;Billing Admin;Platform Admin,PIA_SUPPLEMENT_CANDIDATE,IMPLEMENTED_UNVERIFIED,ES-FEAT-PLATFORM-001;ES-FEAT-FINANCIAL-001;ES-FEAT-IDENTITY-001;ES-FEAT-RELATIONSHIP-001;ES-FEAT-COMMUNICATIONS-001;ES-FEAT-TASKS-001,GOVERNANCE,DRAFT_PIA_SUPPLEMENT,Derived from revised structured row ES-FEAT-FINANCIAL-003 after independent-review adjudication; evidence tier=KEYWORD_MATCH_ONLY.
FOUNDER_DECISION_QUEUE,ES-FEAT-FINANCIAL-004,pricing,Financial operations,MEDIUM:8,P0,Facility Owner;Barn Manager;Trainer;Owner;Guardian;Billing Admin;Platform Admin,PIA_SUPPLEMENT_CANDIDATE,IMPLEMENTED_UNVERIFIED,ES-FEAT-PLATFORM-001;ES-FEAT-FINANCIAL-001;ES-FEAT-IDENTITY-001;ES-FEAT-RELATIONSHIP-001;ES-FEAT-COMMUNICATIONS-001;ES-FEAT-TASKS-001,GOVERNANCE,DRAFT_PIA_SUPPLEMENT,Derived from revised structured row ES-FEAT-FINANCIAL-004 after independent-review adjudication; evidence tier=KEYWORD_MATCH_ONLY.
IMPLEMENTATION_VERIFICATION_QUEUE,ES-FEAT-FINANCIAL-004,pricing,Financial operations,MEDIUM:8,P0,Facility Owner;Barn Manager;Trainer;Owner;Guardian;Billing Admin;Platform Admin,PIA_SUPPLEMENT_CANDIDATE,IMPLEMENTED_UNVERIFIED,ES-FEAT-PLATFORM-001;ES-FEAT-FINANCIAL-001;ES-FEAT-IDENTITY-001;ES-FEAT-RELATIONSHIP-001;ES-FEAT-COMMUNICATIONS-001;ES-FEAT-TASKS-001,GOVERNANCE,DRAFT_PIA_SUPPLEMENT,Derived from revised structured row ES-FEAT-FINANCIAL-004 after independent-review adjudication; evidence tier=KEYWORD_MATCH_ONLY.
PIA_SUPPLEMENT_QUEUE,ES-FEAT-FINANCIAL-004,pricing,Financial operations,MEDIUM:8,P0,Facility Owner;Barn Manager;Trainer;Owner;Guardian;Billing Admin;Platform Admin,PIA_SUPPLEMENT_CANDIDATE,IMPLEMENTED_UNVERIFIED,ES-FEAT-PLATFORM-001;ES-FEAT-FINANCIAL-001;ES-FEAT-IDENTITY-001;ES-FEAT-RELATIONSHIP-001;ES-FEAT-COMMUNICATIONS-001;ES-FEAT-TASKS-001,GOVERNANCE,DRAFT_PIA_SUPPLEMENT,Derived from revised structured row ES-FEAT-FINANCIAL-004 after independent-review adjudication; evidence tier=KEYWORD_MATCH_ONLY.
RUNTIME_VERIFICATION_QUEUE,ES-FEAT-FINANCIAL-004,pricing,Financial operations,MEDIUM:8,P0,Facility Owner;Barn Manager;Trainer;Owner;Guardian;Billing Admin;Platform Admin,PIA_SUPPLEMENT_CANDIDATE,IMPLEMENTED_UNVERIFIED,ES-FEAT-PLATFORM-001;ES-FEAT-FINANCIAL-001;ES-FEAT-IDENTITY-001;ES-FEAT-RELATIONSHIP-001;ES-FEAT-COMMUNICATIONS-001;ES-FEAT-TASKS-001,GOVERNANCE,DRAFT_PIA_SUPPLEMENT,Derived from revised structured row ES-FEAT-FINANCIAL-004 after independent-review adjudication; evidence tier=KEYWORD_MATCH_ONLY.
FOUNDER_DECISION_QUEUE,ES-FEAT-FINANCIAL-005,estimates,Financial operations,MEDIUM:6,P0,Facility Owner;Barn Manager;Trainer;Owner;Guardian;Billing Admin;Platform Admin,PIA_SUPPLEMENT_CANDIDATE,IMPLEMENTED_UNVERIFIED,ES-FEAT-PLATFORM-001;ES-FEAT-FINANCIAL-001;ES-FEAT-IDENTITY-001;ES-FEAT-RELATIONSHIP-001;ES-FEAT-COMMUNICATIONS-001;ES-FEAT-TASKS-001,GOVERNANCE,DRAFT_PIA_SUPPLEMENT,Derived from revised structured row ES-FEAT-FINANCIAL-005 after independent-review adjudication; evidence tier=KEYWORD_MATCH_ONLY.
IMPLEMENTATION_VERIFICATION_QUEUE,ES-FEAT-FINANCIAL-005,estimates,Financial operations,MEDIUM:6,P0,Facility Owner;Barn Manager;Trainer;Owner;Guardian;Billing Admin;Platform Admin,PIA_SUPPLEMENT_CANDIDATE,IMPLEMENTED_UNVERIFIED,ES-FEAT-PLATFORM-001;ES-FEAT-FINANCIAL-001;ES-FEAT-IDENTITY-001;ES-FEAT-RELATIONSHIP-001;ES-FEAT-COMMUNICATIONS-001;ES-FEAT-TASKS-001,GOVERNANCE,DRAFT_PIA_SUPPLEMENT,Derived from revised structured row ES-FEAT-FINANCIAL-005 after independent-review adjudication; evidence tier=KEYWORD_MATCH_ONLY.
PIA_SUPPLEMENT_QUEUE,ES-FEAT-FINANCIAL-005,estimates,Financial operations,MEDIUM:6,P0,Facility Owner;Barn Manager;Trainer;Owner;Guardian;Billing Admin;Platform Admin,PIA_SUPPLEMENT_CANDIDATE,IMPLEMENTED_UNVERIFIED,ES-FEAT-PLATFORM-001;ES-FEAT-FINANCIAL-001;ES-FEAT-IDENTITY-001;ES-FEAT-RELATIONSHIP-001;ES-FEAT-COMMUNICATIONS-001;ES-FEAT-TASKS-001,GOVERNANCE,DRAFT_PIA_SUPPLEMENT,Derived from revised structured row ES-FEAT-FINANCIAL-005 after independent-review adjudication; evidence tier=KEYWORD_MATCH_ONLY.
RUNTIME_VERIFICATION_QUEUE,ES-FEAT-FINANCIAL-005,estimates,Financial operations,MEDIUM:6,P0,Facility Owner;Barn Manager;Trainer;Owner;Guardian;Billing Admin;Platform Admin,PIA_SUPPLEMENT_CANDIDATE,IMPLEMENTED_UNVERIFIED,ES-FEAT-PLATFORM-001;ES-FEAT-FINANCIAL-001;ES-FEAT-IDENTITY-001;ES-FEAT-RELATIONSHIP-001;ES-FEAT-COMMUNICATIONS-001;ES-FEAT-TASKS-001,GOVERNANCE,DRAFT_PIA_SUPPLEMENT,Derived from revised structured row ES-FEAT-FINANCIAL-005 after independent-review adjudication; evidence tier=KEYWORD_MATCH_ONLY.
FOUNDER_DECISION_QUEUE,ES-FEAT-FINANCIAL-006,invoices,Financial operations,MEDIUM:4,P0,Facility Owner;Barn Manager;Trainer;Owner;Guardian;Billing Admin;Platform Admin,PIA_SUPPLEMENT_CANDIDATE,IMPLEMENTED_UNVERIFIED,ES-FEAT-PLATFORM-001;ES-FEAT-FINANCIAL-001;ES-FEAT-IDENTITY-001;ES-FEAT-RELATIONSHIP-001;ES-FEAT-COMMUNICATIONS-001;ES-FEAT-TASKS-001,GOVERNANCE,DRAFT_PIA_SUPPLEMENT,Derived from revised structured row ES-FEAT-FINANCIAL-006 after independent-review adjudication; evidence tier=KEYWORD_MATCH_ONLY.
IMPLEMENTATION_VERIFICATION_QUEUE,ES-FEAT-FINANCIAL-006,invoices,Financial operations,MEDIUM:4,P0,Facility Owner;Barn Manager;Trainer;Owner;Guardian;Billing Admin;Platform Admin,PIA_SUPPLEMENT_CANDIDATE,IMPLEMENTED_UNVERIFIED,ES-FEAT-PLATFORM-001;ES-FEAT-FINANCIAL-001;ES-FEAT-IDENTITY-001;ES-FEAT-RELATIONSHIP-001;ES-FEAT-COMMUNICATIONS-001;ES-FEAT-TASKS-001,GOVERNANCE,DRAFT_PIA_SUPPLEMENT,Derived from revised structured row ES-FEAT-FINANCIAL-006 after independent-review adjudication; evidence tier=KEYWORD_MATCH_ONLY.
PIA_SUPPLEMENT_QUEUE,ES-FEAT-FINANCIAL-006,invoices,Financial operations,MEDIUM:4,P0,Facility Owner;Barn Manager;Trainer;Owner;Guardian;Billing Admin;Platform Admin,PIA_SUPPLEMENT_CANDIDATE,IMPLEMENTED_UNVERIFIED,ES-FEAT-PLATFORM-001;ES-FEAT-FINANCIAL-001;ES-FEAT-IDENTITY-001;ES-FEAT-RELATIONSHIP-001;ES-FEAT-COMMUNICATIONS-001;ES-FEAT-TASKS-001,GOVERNANCE,DRAFT_PIA_SUPPLEMENT,Derived from revised structured row ES-FEAT-FINANCIAL-006 after independent-review adjudication; evidence tier=KEYWORD_MATCH_ONLY.
RUNTIME_VERIFICATION_QUEUE,ES-FEAT-FINANCIAL-006,invoices,Financial operations,MEDIUM:4,P0,Facility Owner;Barn Manager;Trainer;Owner;Guardian;Billing Admin;Platform Admin,PIA_SUPPLEMENT_CANDIDATE,IMPLEMENTED_UNVERIFIED,ES-FEAT-PLATFORM-001;ES-FEAT-FINANCIAL-001;ES-FEAT-IDENTITY-001;ES-FEAT-RELATIONSHIP-001;ES-FEAT-COMMUNICATIONS-001;ES-FEAT-TASKS-001,GOVERNANCE,DRAFT_PIA_SUPPLEMENT,Derived from revised structured row ES-FEAT-FINANCIAL-006 after independent-review adjudication; evidence tier=KEYWORD_MATCH_ONLY.
FOUNDER_DECISION_QUEUE,ES-FEAT-FINANCIAL-007,recurring charges,Financial operations,MEDIUM:8,P0,Facility Owner;Barn Manager;Trainer;Owner;Guardian;Billing Admin;Platform Admin,PIA_SUPPLEMENT_CANDIDATE,IMPLEMENTED_UNVERIFIED,ES-FEAT-PLATFORM-001;ES-FEAT-FINANCIAL-001;ES-FEAT-IDENTITY-001;ES-FEAT-RELATIONSHIP-001;ES-FEAT-COMMUNICATIONS-001;ES-FEAT-TASKS-001,GOVERNANCE,DRAFT_PIA_SUPPLEMENT,Derived from revised structured row ES-FEAT-FINANCIAL-007 after independent-review adjudication; evidence tier=KEYWORD_MATCH_ONLY.
IMPLEMENTATION_VERIFICATION_QUEUE,ES-FEAT-FINANCIAL-007,recurring charges,Financial operations,MEDIUM:8,P0,Facility Owner;Barn Manager;Trainer;Owner;Guardian;Billing Admin;Platform Admin,PIA_SUPPLEMENT_CANDIDATE,IMPLEMENTED_UNVERIFIED,ES-FEAT-PLATFORM-001;ES-FEAT-FINANCIAL-001;ES-FEAT-IDENTITY-001;ES-FEAT-RELATIONSHIP-001;ES-FEAT-COMMUNICATIONS-001;ES-FEAT-TASKS-001,GOVERNANCE,DRAFT_PIA_SUPPLEMENT,Derived from revised structured row ES-FEAT-FINANCIAL-007 after independent-review adjudication; evidence tier=KEYWORD_MATCH_ONLY.
PIA_SUPPLEMENT_QUEUE,ES-FEAT-FINANCIAL-007,recurring charges,Financial operations,MEDIUM:8,P0,Facility Owner;Barn Manager;Trainer;Owner;Guardian;Billing Admin;Platform Admin,PIA_SUPPLEMENT_CANDIDATE,IMPLEMENTED_UNVERIFIED,ES-FEAT-PLATFORM-001;ES-FEAT-FINANCIAL-001;ES-FEAT-IDENTITY-001;ES-FEAT-RELATIONSHIP-001;ES-FEAT-COMMUNICATIONS-001;ES-FEAT-TASKS-001,GOVERNANCE,DRAFT_PIA_SUPPLEMENT,Derived from revised structured row ES-FEAT-FINANCIAL-007 after independent-review adjudication; evidence tier=KEYWORD_MATCH_ONLY.
RUNTIME_VERIFICATION_QUEUE,ES-FEAT-FINANCIAL-007,recurring charges,Financial operations,MEDIUM:8,P0,Facility Owner;Barn Manager;Trainer;Owner;Guardian;Billing Admin;Platform Admin,PIA_SUPPLEMENT_CANDIDATE,IMPLEMENTED_UNVERIFIED,ES-FEAT-PLATFORM-001;ES-FEAT-FINANCIAL-001;ES-FEAT-IDENTITY-001;ES-FEAT-RELATIONSHIP-001;ES-FEAT-COMMUNICATIONS-001;ES-FEAT-TASKS-001,GOVERNANCE,DRAFT_PIA_SUPPLEMENT,Derived from revised structured row ES-FEAT-FINANCIAL-007 after independent-review adjudication; evidence tier=KEYWORD_MATCH_ONLY.
FOUNDER_DECISION_QUEUE,ES-FEAT-FINANCIAL-008,payments,Financial operations,CRITICAL:12,P0,Facility Owner;Barn Manager;Trainer;Owner;Guardian;Billing Admin;Platform Admin,PIA_SUPPLEMENT_CANDIDATE,IMPLEMENTED_UNVERIFIED,ES-FEAT-PLATFORM-001;ES-FEAT-FINANCIAL-001;ES-FEAT-IDENTITY-001;ES-FEAT-RELATIONSHIP-001;ES-FEAT-COMMUNICATIONS-001;ES-FEAT-TASKS-001,GOVERNANCE,DRAFT_PIA_SUPPLEMENT,Derived from revised structured row ES-FEAT-FINANCIAL-008 after independent-review adjudication; evidence tier=KEYWORD_MATCH_ONLY.
IMPLEMENTATION_VERIFICATION_QUEUE,ES-FEAT-FINANCIAL-008,payments,Financial operations,CRITICAL:12,P0,Facility Owner;Barn Manager;Trainer;Owner;Guardian;Billing Admin;Platform Admin,PIA_SUPPLEMENT_CANDIDATE,IMPLEMENTED_UNVERIFIED,ES-FEAT-PLATFORM-001;ES-FEAT-FINANCIAL-001;ES-FEAT-IDENTITY-001;ES-FEAT-RELATIONSHIP-001;ES-FEAT-COMMUNICATIONS-001;ES-FEAT-TASKS-001,GOVERNANCE,DRAFT_PIA_SUPPLEMENT,Derived from revised structured row ES-FEAT-FINANCIAL-008 after independent-review adjudication; evidence tier=KEYWORD_MATCH_ONLY.
PIA_SUPPLEMENT_QUEUE,ES-FEAT-FINANCIAL-008,payments,Financial operations,CRITICAL:12,P0,Facility Owner;Barn Manager;Trainer;Owner;Guardian;Billing Admin;Platform Admin,PIA_SUPPLEMENT_CANDIDATE,IMPLEMENTED_UNVERIFIED,ES-FEAT-PLATFORM-001;ES-FEAT-FINANCIAL-001;ES-FEAT-IDENTITY-001;ES-FEAT-RELATIONSHIP-001;ES-FEAT-COMMUNICATIONS-001;ES-FEAT-TASKS-001,GOVERNANCE,DRAFT_PIA_SUPPLEMENT,Derived from revised structured row ES-FEAT-FINANCIAL-008 after independent-review adjudication; evidence tier=KEYWORD_MATCH_ONLY.
RUNTIME_VERIFICATION_QUEUE,ES-FEAT-FINANCIAL-008,payments,Financial operations,CRITICAL:12,P0,Facility Owner;Barn Manager;Trainer;Owner;Guardian;Billing Admin;Platform Admin,PIA_SUPPLEMENT_CANDIDATE,IMPLEMENTED_UNVERIFIED,ES-FEAT-PLATFORM-001;ES-FEAT-FINANCIAL-001;ES-FEAT-IDENTITY-001;ES-FEAT-RELATIONSHIP-001;ES-FEAT-COMMUNICATIONS-001;ES-FEAT-TASKS-001,GOVERNANCE,DRAFT_PIA_SUPPLEMENT,Derived from revised structured row ES-FEAT-FINANCIAL-008 after independent-review adjudication; evidence tier=KEYWORD_MATCH_ONLY.
FOUNDER_DECISION_QUEUE,ES-FEAT-FINANCIAL-009,refunds,Financial operations,MEDIUM:4,P0,Facility Owner;Barn Manager;Trainer;Owner;Guardian;Billing Admin;Platform Admin,PIA_SUPPLEMENT_CANDIDATE,IMPLEMENTED_UNVERIFIED,ES-FEAT-PLATFORM-001;ES-FEAT-FINANCIAL-001;ES-FEAT-IDENTITY-001;ES-FEAT-RELATIONSHIP-001;ES-FEAT-COMMUNICATIONS-001;ES-FEAT-TASKS-001,GOVERNANCE,DRAFT_PIA_SUPPLEMENT,Derived from revised structured row ES-FEAT-FINANCIAL-009 after independent-review adjudication; evidence tier=KEYWORD_MATCH_ONLY.
IMPLEMENTATION_VERIFICATION_QUEUE,ES-FEAT-FINANCIAL-009,refunds,Financial operations,MEDIUM:4,P0,Facility Owner;Barn Manager;Trainer;Owner;Guardian;Billing Admin;Platform Admin,PIA_SUPPLEMENT_CANDIDATE,IMPLEMENTED_UNVERIFIED,ES-FEAT-PLATFORM-001;ES-FEAT-FINANCIAL-001;ES-FEAT-IDENTITY-001;ES-FEAT-RELATIONSHIP-001;ES-FEAT-COMMUNICATIONS-001;ES-FEAT-TASKS-001,GOVERNANCE,DRAFT_PIA_SUPPLEMENT,Derived from revised structured row ES-FEAT-FINANCIAL-009 after independent-review adjudication; evidence tier=KEYWORD_MATCH_ONLY.
PIA_SUPPLEMENT_QUEUE,ES-FEAT-FINANCIAL-009,refunds,Financial operations,MEDIUM:4,P0,Facility Owner;Barn Manager;Trainer;Owner;Guardian;Billing Admin;Platform Admin,PIA_SUPPLEMENT_CANDIDATE,IMPLEMENTED_UNVERIFIED,ES-FEAT-PLATFORM-001;ES-FEAT-FINANCIAL-001;ES-FEAT-IDENTITY-001;ES-FEAT-RELATIONSHIP-001;ES-FEAT-COMMUNICATIONS-001;ES-FEAT-TASKS-001,GOVERNANCE,DRAFT_PIA_SUPPLEMENT,Derived from revised structured row ES-FEAT-FINANCIAL-009 after independent-review adjudication; evidence tier=KEYWORD_MATCH_ONLY.
RUNTIME_VERIFICATION_QUEUE,ES-FEAT-FINANCIAL-009,refunds,Financial operations,MEDIUM:4,P0,Facility Owner;Barn Manager;Trainer;Owner;Guardian;Billing Admin;Platform Admin,PIA_SUPPLEMENT_CANDIDATE,IMPLEMENTED_UNVERIFIED,ES-FEAT-PLATFORM-001;ES-FEAT-FINANCIAL-001;ES-FEAT-IDENTITY-001;ES-FEAT-RELATIONSHIP-001;ES-FEAT-COMMUNICATIONS-001;ES-FEAT-TASKS-001,GOVERNANCE,DRAFT_PIA_SUPPLEMENT,Derived from revised structured row ES-FEAT-FINANCIAL-009 after independent-review adjudication; evidence tier=KEYWORD_MATCH_ONLY.
FOUNDER_DECISION_QUEUE,ES-FEAT-FINANCIAL-010,credits,Financial operations,MEDIUM:8,P0,Facility Owner;Barn Manager;Trainer;Owner;Guardian;Billing Admin;Platform Admin,PIA_SUPPLEMENT_CANDIDATE,IMPLEMENTED_UNVERIFIED,ES-FEAT-PLATFORM-001;ES-FEAT-FINANCIAL-001;ES-FEAT-IDENTITY-001;ES-FEAT-RELATIONSHIP-001;ES-FEAT-COMMUNICATIONS-001;ES-FEAT-TASKS-001,GOVERNANCE,DRAFT_PIA_SUPPLEMENT,Derived from revised structured row ES-FEAT-FINANCIAL-010 after independent-review adjudication; evidence tier=KEYWORD_MATCH_ONLY.
IMPLEMENTATION_VERIFICATION_QUEUE,ES-FEAT-FINANCIAL-010,credits,Financial operations,MEDIUM:8,P0,Facility Owner;Barn Manager;Trainer;Owner;Guardian;Billing Admin;Platform Admin,PIA_SUPPLEMENT_CANDIDATE,IMPLEMENTED_UNVERIFIED,ES-FEAT-PLATFORM-001;ES-FEAT-FINANCIAL-001;ES-FEAT-IDENTITY-001;ES-FEAT-RELATIONSHIP-001;ES-FEAT-COMMUNICATIONS-001;ES-FEAT-TASKS-001,GOVERNANCE,DRAFT_PIA_SUPPLEMENT,Derived from revised structured row ES-FEAT-FINANCIAL-010 after independent-review adjudication; evidence tier=KEYWORD_MATCH_ONLY.
PIA_SUPPLEMENT_QUEUE,ES-FEAT-FINANCIAL-010,credits,Financial operations,MEDIUM:8,P0,Facility Owner;Barn Manager;Trainer;Owner;Guardian;Billing Admin;Platform Admin,PIA_SUPPLEMENT_CANDIDATE,IMPLEMENTED_UNVERIFIED,ES-FEAT-PLATFORM-001;ES-FEAT-FINANCIAL-001;ES-FEAT-IDENTITY-001;ES-FEAT-RELATIONSHIP-001;ES-FEAT-COMMUNICATIONS-001;ES-FEAT-TASKS-001,GOVERNANCE,DRAFT_PIA_SUPPLEMENT,Derived from revised structured row ES-FEAT-FINANCIAL-010 after independent-review adjudication; evidence tier=KEYWORD_MATCH_ONLY.
RUNTIME_VERIFICATION_QUEUE,ES-FEAT-FINANCIAL-010,credits,Financial operations,MEDIUM:8,P0,Facility Owner;Barn Manager;Trainer;Owner;Guardian;Billing Admin;Platform Admin,PIA_SUPPLEMENT_CANDIDATE,IMPLEMENTED_UNVERIFIED,ES-FEAT-PLATFORM-001;ES-FEAT-FINANCIAL-001;ES-FEAT-IDENTITY-001;ES-FEAT-RELATIONSHIP-001;ES-FEAT-COMMUNICATIONS-001;ES-FEAT-TASKS-001,GOVERNANCE,DRAFT_PIA_SUPPLEMENT,Derived from revised structured row ES-FEAT-FINANCIAL-010 after independent-review adjudication; evidence tier=KEYWORD_MATCH_ONLY.
FOUNDER_DECISION_QUEUE,ES-FEAT-FINANCIAL-011,disputes (Financial operations),Financial operations,CRITICAL:12,P0,Facility Owner;Barn Manager;Trainer;Owner;Guardian;Billing Admin;Platform Admin,PIA_SUPPLEMENT_CANDIDATE,IMPLEMENTED_UNVERIFIED,ES-FEAT-PLATFORM-001;ES-FEAT-FINANCIAL-001;ES-FEAT-IDENTITY-001;ES-FEAT-RELATIONSHIP-001;ES-FEAT-COMMUNICATIONS-001;ES-FEAT-TASKS-001,GOVERNANCE,DRAFT_PIA_SUPPLEMENT,Derived from revised structured row ES-FEAT-FINANCIAL-011 after independent-review adjudication; evidence tier=KEYWORD_MATCH_ONLY.
IMPLEMENTATION_VERIFICATION_QUEUE,ES-FEAT-FINANCIAL-011,disputes (Financial operations),Financial operations,CRITICAL:12,P0,Facility Owner;Barn Manager;Trainer;Owner;Guardian;Billing Admin;Platform Admin,PIA_SUPPLEMENT_CANDIDATE,IMPLEMENTED_UNVERIFIED,ES-FEAT-PLATFORM-001;ES-FEAT-FINANCIAL-001;ES-FEAT-IDENTITY-001;ES-FEAT-RELATIONSHIP-001;ES-FEAT-COMMUNICATIONS-001;ES-FEAT-TASKS-001,GOVERNANCE,DRAFT_PIA_SUPPLEMENT,Derived from revised structured row ES-FEAT-FINANCIAL-011 after independent-review adjudication; evidence tier=KEYWORD_MATCH_ONLY.
PIA_SUPPLEMENT_QUEUE,ES-FEAT-FINANCIAL-011,disputes (Financial operations),Financial operations,CRITICAL:12,P0,Facility Owner;Barn Manager;Trainer;Owner;Guardian;Billing Admin;Platform Admin,PIA_SUPPLEMENT_CANDIDATE,IMPLEMENTED_UNVERIFIED,ES-FEAT-PLATFORM-001;ES-FEAT-FINANCIAL-001;ES-FEAT-IDENTITY-001;ES-FEAT-RELATIONSHIP-001;ES-FEAT-COMMUNICATIONS-001;ES-FEAT-TASKS-001,GOVERNANCE,DRAFT_PIA_SUPPLEMENT,Derived from revised structured row ES-FEAT-FINANCIAL-011 after independent-review adjudication; evidence tier=KEYWORD_MATCH_ONLY.
RUNTIME_VERIFICATION_QUEUE,ES-FEAT-FINANCIAL-011,disputes (Financial operations),Financial operations,CRITICAL:12,P0,Facility Owner;Barn Manager;Trainer;Owner;Guardian;Billing Admin;Platform Admin,PIA_SUPPLEMENT_CANDIDATE,IMPLEMENTED_UNVERIFIED,ES-FEAT-PLATFORM-001;ES-FEAT-FINANCIAL-001;ES-FEAT-IDENTITY-001;ES-FEAT-RELATIONSHIP-001;ES-FEAT-COMMUNICATIONS-001;ES-FEAT-TASKS-001,GOVERNANCE,DRAFT_PIA_SUPPLEMENT,Derived from revised structured row ES-FEAT-FINANCIAL-011 after independent-review adjudication; evidence tier=KEYWORD_MATCH_ONLY.
CODE_GUIDE_QUEUE,ES-FEAT-FINANCIAL-012,failed payments,Financial operations,CRITICAL:16,P0,Facility Owner;Barn Manager;Trainer;Owner;Guardian;Billing Admin;Platform Admin,CODE_GUIDE_GAP,IMPLEMENTED_UNVERIFIED,ES-FEAT-PLATFORM-001;ES-FEAT-FINANCIAL-001;ES-FEAT-IDENTITY-001;ES-FEAT-RELATIONSHIP-001;ES-FEAT-COMMUNICATIONS-001;ES-FEAT-TASKS-001,ARCHITECTURE,DRAFT_CODE_GUIDE,Derived from revised structured row ES-FEAT-FINANCIAL-012 after independent-review adjudication; evidence tier=KEYWORD_MATCH_ONLY.
FOUNDER_DECISION_QUEUE,ES-FEAT-FINANCIAL-012,failed payments,Financial operations,CRITICAL:16,P0,Facility Owner;Barn Manager;Trainer;Owner;Guardian;Billing Admin;Platform Admin,CODE_GUIDE_GAP,IMPLEMENTED_UNVERIFIED,ES-FEAT-PLATFORM-001;ES-FEAT-FINANCIAL-001;ES-FEAT-IDENTITY-001;ES-FEAT-RELATIONSHIP-001;ES-FEAT-COMMUNICATIONS-001;ES-FEAT-TASKS-001,ARCHITECTURE,DRAFT_CODE_GUIDE,Derived from revised structured row ES-FEAT-FINANCIAL-012 after independent-review adjudication; evidence tier=KEYWORD_MATCH_ONLY.
IMPLEMENTATION_VERIFICATION_QUEUE,ES-FEAT-FINANCIAL-012,failed payments,Financial operations,CRITICAL:16,P0,Facility Owner;Barn Manager;Trainer;Owner;Guardian;Billing Admin;Platform Admin,CODE_GUIDE_GAP,IMPLEMENTED_UNVERIFIED,ES-FEAT-PLATFORM-001;ES-FEAT-FINANCIAL-001;ES-FEAT-IDENTITY-001;ES-FEAT-RELATIONSHIP-001;ES-FEAT-COMMUNICATIONS-001;ES-FEAT-TASKS-001,ARCHITECTURE,DRAFT_CODE_GUIDE,Derived from revised structured row ES-FEAT-FINANCIAL-012 after independent-review adjudication; evidence tier=KEYWORD_MATCH_ONLY.
RUNTIME_VERIFICATION_QUEUE,ES-FEAT-FINANCIAL-012,failed payments,Financial operations,CRITICAL:16,P0,Facility Owner;Barn Manager;Trainer;Owner;Guardian;Billing Admin;Platform Admin,CODE_GUIDE_GAP,IMPLEMENTED_UNVERIFIED,ES-FEAT-PLATFORM-001;ES-FEAT-FINANCIAL-001;ES-FEAT-IDENTITY-001;ES-FEAT-RELATIONSHIP-001;ES-FEAT-COMMUNICATIONS-001;ES-FEAT-TASKS-001,ARCHITECTURE,DRAFT_CODE_GUIDE,Derived from revised structured row ES-FEAT-FINANCIAL-012 after independent-review adjudication; evidence tier=KEYWORD_MATCH_ONLY.
FOUNDER_DECISION_QUEUE,ES-FEAT-FINANCIAL-013,payouts,Financial operations,CRITICAL:12,P1,Facility Owner;Barn Manager;Trainer;Owner;Guardian;Billing Admin;Platform Admin,COVERED_WITH_RETAINED_GAP,NOT_FOUND,ES-FEAT-PLATFORM-001;ES-FEAT-FINANCIAL-001;ES-FEAT-IDENTITY-001;ES-FEAT-RELATIONSHIP-001;ES-FEAT-COMMUNICATIONS-001;ES-FEAT-TASKS-001,ENGINEERING,VERIFY_REPOSITORY_IMPLEMENTATION,Derived from revised structured row ES-FEAT-FINANCIAL-013 after independent-review adjudication; evidence tier=NOT_FOUND.
IMPLEMENTATION_VERIFICATION_QUEUE,ES-FEAT-FINANCIAL-013,payouts,Financial operations,CRITICAL:12,P1,Facility Owner;Barn Manager;Trainer;Owner;Guardian;Billing Admin;Platform Admin,COVERED_WITH_RETAINED_GAP,NOT_FOUND,ES-FEAT-PLATFORM-001;ES-FEAT-FINANCIAL-001;ES-FEAT-IDENTITY-001;ES-FEAT-RELATIONSHIP-001;ES-FEAT-COMMUNICATIONS-001;ES-FEAT-TASKS-001,ENGINEERING,VERIFY_REPOSITORY_IMPLEMENTATION,Derived from revised structured row ES-FEAT-FINANCIAL-013 after independent-review adjudication; evidence tier=NOT_FOUND.
RETAINED_GAP_REREVIEW_QUEUE,ES-FEAT-FINANCIAL-013,payouts,Financial operations,CRITICAL:12,P1,Facility Owner;Barn Manager;Trainer;Owner;Guardian;Billing Admin;Platform Admin,COVERED_WITH_RETAINED_GAP,NOT_FOUND,ES-FEAT-PLATFORM-001;ES-FEAT-FINANCIAL-001;ES-FEAT-IDENTITY-001;ES-FEAT-RELATIONSHIP-001;ES-FEAT-COMMUNICATIONS-001;ES-FEAT-TASKS-001,ENGINEERING,VERIFY_REPOSITORY_IMPLEMENTATION,Derived from revised structured row ES-FEAT-FINANCIAL-013 after independent-review adjudication; evidence tier=NOT_FOUND.
FOUNDER_DECISION_QUEUE,ES-FEAT-FINANCIAL-014,marketplace payments,Financial operations,CRITICAL:12,P1,Facility Owner;Barn Manager;Trainer;Owner;Guardian;Billing Admin;Platform Admin,COVERED_WITH_RETAINED_GAP,NOT_FOUND,ES-FEAT-PLATFORM-001;ES-FEAT-FINANCIAL-001;ES-FEAT-IDENTITY-001;ES-FEAT-RELATIONSHIP-001;ES-FEAT-COMMUNICATIONS-001;ES-FEAT-TASKS-001,ENGINEERING,VERIFY_REPOSITORY_IMPLEMENTATION,Derived from revised structured row ES-FEAT-FINANCIAL-014 after independent-review adjudication; evidence tier=NOT_FOUND.
IMPLEMENTATION_VERIFICATION_QUEUE,ES-FEAT-FINANCIAL-014,marketplace payments,Financial operations,CRITICAL:12,P1,Facility Owner;Barn Manager;Trainer;Owner;Guardian;Billing Admin;Platform Admin,COVERED_WITH_RETAINED_GAP,NOT_FOUND,ES-FEAT-PLATFORM-001;ES-FEAT-FINANCIAL-001;ES-FEAT-IDENTITY-001;ES-FEAT-RELATIONSHIP-001;ES-FEAT-COMMUNICATIONS-001;ES-FEAT-TASKS-001,ENGINEERING,VERIFY_REPOSITORY_IMPLEMENTATION,Derived from revised structured row ES-FEAT-FINANCIAL-014 after independent-review adjudication; evidence tier=NOT_FOUND.
RETAINED_GAP_REREVIEW_QUEUE,ES-FEAT-FINANCIAL-014,marketplace payments,Financial operations,CRITICAL:12,P1,Facility Owner;Barn Manager;Trainer;Owner;Guardian;Billing Admin;Platform Admin,COVERED_WITH_RETAINED_GAP,NOT_FOUND,ES-FEAT-PLATFORM-001;ES-FEAT-FINANCIAL-001;ES-FEAT-IDENTITY-001;ES-FEAT-RELATIONSHIP-001;ES-FEAT-COMMUNICATIONS-001;ES-FEAT-TASKS-001,ENGINEERING,VERIFY_REPOSITORY_IMPLEMENTATION,Derived from revised structured row ES-FEAT-FINANCIAL-014 after independent-review adjudication; evidence tier=NOT_FOUND.
FOUNDER_DECISION_QUEUE,ES-FEAT-FINANCIAL-015,taxes,Financial operations,CRITICAL:12,P1,Facility Owner;Barn Manager;Trainer;Owner;Guardian;Billing Admin;Platform Admin,COVERED_WITH_RETAINED_GAP,NOT_FOUND,ES-FEAT-PLATFORM-001;ES-FEAT-FINANCIAL-001;ES-FEAT-IDENTITY-001;ES-FEAT-RELATIONSHIP-001;ES-FEAT-COMMUNICATIONS-001;ES-FEAT-TASKS-001,ENGINEERING,VERIFY_REPOSITORY_IMPLEMENTATION,Derived from revised structured row ES-FEAT-FINANCIAL-015 after independent-review adjudication; evidence tier=NOT_FOUND.
IMPLEMENTATION_VERIFICATION_QUEUE,ES-FEAT-FINANCIAL-015,taxes,Financial operations,CRITICAL:12,P1,Facility Owner;Barn Manager;Trainer;Owner;Guardian;Billing Admin;Platform Admin,COVERED_WITH_RETAINED_GAP,NOT_FOUND,ES-FEAT-PLATFORM-001;ES-FEAT-FINANCIAL-001;ES-FEAT-IDENTITY-001;ES-FEAT-RELATIONSHIP-001;ES-FEAT-COMMUNICATIONS-001;ES-FEAT-TASKS-001,ENGINEERING,VERIFY_REPOSITORY_IMPLEMENTATION,Derived from revised structured row ES-FEAT-FINANCIAL-015 after independent-review adjudication; evidence tier=NOT_FOUND.
RETAINED_GAP_REREVIEW_QUEUE,ES-FEAT-FINANCIAL-015,taxes,Financial operations,CRITICAL:12,P1,Facility Owner;Barn Manager;Trainer;Owner;Guardian;Billing Admin;Platform Admin,COVERED_WITH_RETAINED_GAP,NOT_FOUND,ES-FEAT-PLATFORM-001;ES-FEAT-FINANCIAL-001;ES-FEAT-IDENTITY-001;ES-FEAT-RELATIONSHIP-001;ES-FEAT-COMMUNICATIONS-001;ES-FEAT-TASKS-001,ENGINEERING,VERIFY_REPOSITORY_IMPLEMENTATION,Derived from revised structured row ES-FEAT-FINANCIAL-015 after independent-review adjudication; evidence tier=NOT_FOUND.
FOUNDER_DECISION_QUEUE,ES-FEAT-FINANCIAL-016,accounting export,Financial operations,MEDIUM:8,P0,Facility Owner;Barn Manager;Trainer;Owner;Guardian;Billing Admin;Platform Admin,PIA_SUPPLEMENT_CANDIDATE,IMPLEMENTED_UNVERIFIED,ES-FEAT-PLATFORM-001;ES-FEAT-FINANCIAL-001;ES-FEAT-IDENTITY-001;ES-FEAT-RELATIONSHIP-001;ES-FEAT-COMMUNICATIONS-001;ES-FEAT-TASKS-001,GOVERNANCE,DRAFT_PIA_SUPPLEMENT,Derived from revised structured row ES-FEAT-FINANCIAL-016 after independent-review adjudication; evidence tier=KEYWORD_MATCH_ONLY.
IMPLEMENTATION_VERIFICATION_QUEUE,ES-FEAT-FINANCIAL-016,accounting export,Financial operations,MEDIUM:8,P0,Facility Owner;Barn Manager;Trainer;Owner;Guardian;Billing Admin;Platform Admin,PIA_SUPPLEMENT_CANDIDATE,IMPLEMENTED_UNVERIFIED,ES-FEAT-PLATFORM-001;ES-FEAT-FINANCIAL-001;ES-FEAT-IDENTITY-001;ES-FEAT-RELATIONSHIP-001;ES-FEAT-COMMUNICATIONS-001;ES-FEAT-TASKS-001,GOVERNANCE,DRAFT_PIA_SUPPLEMENT,Derived from revised structured row ES-FEAT-FINANCIAL-016 after independent-review adjudication; evidence tier=KEYWORD_MATCH_ONLY.
PIA_SUPPLEMENT_QUEUE,ES-FEAT-FINANCIAL-016,accounting export,Financial operations,MEDIUM:8,P0,Facility Owner;Barn Manager;Trainer;Owner;Guardian;Billing Admin;Platform Admin,PIA_SUPPLEMENT_CANDIDATE,IMPLEMENTED_UNVERIFIED,ES-FEAT-PLATFORM-001;ES-FEAT-FINANCIAL-001;ES-FEAT-IDENTITY-001;ES-FEAT-RELATIONSHIP-001;ES-FEAT-COMMUNICATIONS-001;ES-FEAT-TASKS-001,GOVERNANCE,DRAFT_PIA_SUPPLEMENT,Derived from revised structured row ES-FEAT-FINANCIAL-016 after independent-review adjudication; evidence tier=KEYWORD_MATCH_ONLY.
RUNTIME_VERIFICATION_QUEUE,ES-FEAT-FINANCIAL-016,accounting export,Financial operations,MEDIUM:8,P0,Facility Owner;Barn Manager;Trainer;Owner;Guardian;Billing Admin;Platform Admin,PIA_SUPPLEMENT_CANDIDATE,IMPLEMENTED_UNVERIFIED,ES-FEAT-PLATFORM-001;ES-FEAT-FINANCIAL-001;ES-FEAT-IDENTITY-001;ES-FEAT-RELATIONSHIP-001;ES-FEAT-COMMUNICATIONS-001;ES-FEAT-TASKS-001,GOVERNANCE,DRAFT_PIA_SUPPLEMENT,Derived from revised structured row ES-FEAT-FINANCIAL-016 after independent-review adjudication; evidence tier=KEYWORD_MATCH_ONLY.
FOUNDER_DECISION_QUEUE,ES-FEAT-FINANCIAL-017,financial reporting (Financial operations),Financial operations,HIGH:9,P2,Facility Owner;Barn Manager;Trainer;Owner;Guardian;Billing Admin;Platform Admin,COVERED_WITH_RETAINED_GAP,IMPLEMENTED_UNVERIFIED,ES-FEAT-PLATFORM-001;ES-FEAT-FINANCIAL-001;ES-FEAT-IDENTITY-001;ES-FEAT-RELATIONSHIP-001;ES-FEAT-COMMUNICATIONS-001;ES-FEAT-TASKS-001,ENGINEERING,VERIFY_REPOSITORY_IMPLEMENTATION,Derived from revised structured row ES-FEAT-FINANCIAL-017 after independent-review adjudication; evidence tier=KEYWORD_MATCH_ONLY.
IMPLEMENTATION_VERIFICATION_QUEUE,ES-FEAT-FINANCIAL-017,financial reporting (Financial operations),Financial operations,HIGH:9,P2,Facility Owner;Barn Manager;Trainer;Owner;Guardian;Billing Admin;Platform Admin,COVERED_WITH_RETAINED_GAP,IMPLEMENTED_UNVERIFIED,ES-FEAT-PLATFORM-001;ES-FEAT-FINANCIAL-001;ES-FEAT-IDENTITY-001;ES-FEAT-RELATIONSHIP-001;ES-FEAT-COMMUNICATIONS-001;ES-FEAT-TASKS-001,ENGINEERING,VERIFY_REPOSITORY_IMPLEMENTATION,Derived from revised structured row ES-FEAT-FINANCIAL-017 after independent-review adjudication; evidence tier=KEYWORD_MATCH_ONLY.
RETAINED_GAP_REREVIEW_QUEUE,ES-FEAT-FINANCIAL-017,financial reporting (Financial operations),Financial operations,HIGH:9,P2,Facility Owner;Barn Manager;Trainer;Owner;Guardian;Billing Admin;Platform Admin,COVERED_WITH_RETAINED_GAP,IMPLEMENTED_UNVERIFIED,ES-FEAT-PLATFORM-001;ES-FEAT-FINANCIAL-001;ES-FEAT-IDENTITY-001;ES-FEAT-RELATIONSHIP-001;ES-FEAT-COMMUNICATIONS-001;ES-FEAT-TASKS-001,ENGINEERING,VERIFY_REPOSITORY_IMPLEMENTATION,Derived from revised structured row ES-FEAT-FINANCIAL-017 after independent-review adjudication; evidence tier=KEYWORD_MATCH_ONLY.
RUNTIME_VERIFICATION_QUEUE,ES-FEAT-FINANCIAL-017,financial reporting (Financial operations),Financial operations,HIGH:9,P2,Facility Owner;Barn Manager;Trainer;Owner;Guardian;Billing Admin;Platform Admin,COVERED_WITH_RETAINED_GAP,IMPLEMENTED_UNVERIFIED,ES-FEAT-PLATFORM-001;ES-FEAT-FINANCIAL-001;ES-FEAT-IDENTITY-001;ES-FEAT-RELATIONSHIP-001;ES-FEAT-COMMUNICATIONS-001;ES-FEAT-TASKS-001,ENGINEERING,VERIFY_REPOSITORY_IMPLEMENTATION,Derived from revised structured row ES-FEAT-FINANCIAL-017 after independent-review adjudication; evidence tier=KEYWORD_MATCH_ONLY.
FOUNDER_DECISION_QUEUE,ES-FEAT-FINANCIAL-018,evidence and reconciliation,Financial operations,MEDIUM:4,P0,Facility Owner;Barn Manager;Trainer;Owner;Guardian;Billing Admin;Platform Admin,PIA_SUPPLEMENT_CANDIDATE,IMPLEMENTED_UNVERIFIED,ES-FEAT-PLATFORM-001;ES-FEAT-FINANCIAL-001;ES-FEAT-IDENTITY-001;ES-FEAT-RELATIONSHIP-001;ES-FEAT-COMMUNICATIONS-001;ES-FEAT-TASKS-001,GOVERNANCE,DRAFT_PIA_SUPPLEMENT,Derived from revised structured row ES-FEAT-FINANCIAL-018 after independent-review adjudication; evidence tier=KEYWORD_MATCH_ONLY.
IMPLEMENTATION_VERIFICATION_QUEUE,ES-FEAT-FINANCIAL-018,evidence and reconciliation,Financial operations,MEDIUM:4,P0,Facility Owner;Barn Manager;Trainer;Owner;Guardian;Billing Admin;Platform Admin,PIA_SUPPLEMENT_CANDIDATE,IMPLEMENTED_UNVERIFIED,ES-FEAT-PLATFORM-001;ES-FEAT-FINANCIAL-001;ES-FEAT-IDENTITY-001;ES-FEAT-RELATIONSHIP-001;ES-FEAT-COMMUNICATIONS-001;ES-FEAT-TASKS-001,GOVERNANCE,DRAFT_PIA_SUPPLEMENT,Derived from revised structured row ES-FEAT-FINANCIAL-018 after independent-review adjudication; evidence tier=KEYWORD_MATCH_ONLY.
PIA_SUPPLEMENT_QUEUE,ES-FEAT-FINANCIAL-018,evidence and reconciliation,Financial operations,MEDIUM:4,P0,Facility Owner;Barn Manager;Trainer;Owner;Guardian;Billing Admin;Platform Admin,PIA_SUPPLEMENT_CANDIDATE,IMPLEMENTED_UNVERIFIED,ES-FEAT-PLATFORM-001;ES-FEAT-FINANCIAL-001;ES-FEAT-IDENTITY-001;ES-FEAT-RELATIONSHIP-001;ES-FEAT-COMMUNICATIONS-001;ES-FEAT-TASKS-001,GOVERNANCE,DRAFT_PIA_SUPPLEMENT,Derived from revised structured row ES-FEAT-FINANCIAL-018 after independent-review adjudication; evidence tier=KEYWORD_MATCH_ONLY.
RUNTIME_VERIFICATION_QUEUE,ES-FEAT-FINANCIAL-018,evidence and reconciliation,Financial operations,MEDIUM:4,P0,Facility Owner;Barn Manager;Trainer;Owner;Guardian;Billing Admin;Platform Admin,PIA_SUPPLEMENT_CANDIDATE,IMPLEMENTED_UNVERIFIED,ES-FEAT-PLATFORM-001;ES-FEAT-FINANCIAL-001;ES-FEAT-IDENTITY-001;ES-FEAT-RELATIONSHIP-001;ES-FEAT-COMMUNICATIONS-001;ES-FEAT-TASKS-001,GOVERNANCE,DRAFT_PIA_SUPPLEMENT,Derived from revised structured row ES-FEAT-FINANCIAL-018 after independent-review adjudication; evidence tier=KEYWORD_MATCH_ONLY.
FOUNDER_DECISION_QUEUE,ES-FEAT-FINANCIAL-019,owner-visible projections,Financial operations,MEDIUM:8,P0,Facility Owner;Barn Manager;Trainer;Owner;Guardian;Billing Admin;Platform Admin,PIA_SUPPLEMENT_CANDIDATE,IMPLEMENTED_UNVERIFIED,ES-FEAT-PLATFORM-001;ES-FEAT-FINANCIAL-001;ES-FEAT-IDENTITY-001;ES-FEAT-RELATIONSHIP-001;ES-FEAT-COMMUNICATIONS-001;ES-FEAT-TASKS-001;ES-FEAT-HORSE-001,GOVERNANCE,DRAFT_PIA_SUPPLEMENT,Derived from revised structured row ES-FEAT-FINANCIAL-019 after independent-review adjudication; evidence tier=KEYWORD_MATCH_ONLY.
IMPLEMENTATION_VERIFICATION_QUEUE,ES-FEAT-FINANCIAL-019,owner-visible projections,Financial operations,MEDIUM:8,P0,Facility Owner;Barn Manager;Trainer;Owner;Guardian;Billing Admin;Platform Admin,PIA_SUPPLEMENT_CANDIDATE,IMPLEMENTED_UNVERIFIED,ES-FEAT-PLATFORM-001;ES-FEAT-FINANCIAL-001;ES-FEAT-IDENTITY-001;ES-FEAT-RELATIONSHIP-001;ES-FEAT-COMMUNICATIONS-001;ES-FEAT-TASKS-001;ES-FEAT-HORSE-001,GOVERNANCE,DRAFT_PIA_SUPPLEMENT,Derived from revised structured row ES-FEAT-FINANCIAL-019 after independent-review adjudication; evidence tier=KEYWORD_MATCH_ONLY.
PIA_SUPPLEMENT_QUEUE,ES-FEAT-FINANCIAL-019,owner-visible projections,Financial operations,MEDIUM:8,P0,Facility Owner;Barn Manager;Trainer;Owner;Guardian;Billing Admin;Platform Admin,PIA_SUPPLEMENT_CANDIDATE,IMPLEMENTED_UNVERIFIED,ES-FEAT-PLATFORM-001;ES-FEAT-FINANCIAL-001;ES-FEAT-IDENTITY-001;ES-FEAT-RELATIONSHIP-001;ES-FEAT-COMMUNICATIONS-001;ES-FEAT-TASKS-001;ES-FEAT-HORSE-001,GOVERNANCE,DRAFT_PIA_SUPPLEMENT,Derived from revised structured row ES-FEAT-FINANCIAL-019 after independent-review adjudication; evidence tier=KEYWORD_MATCH_ONLY.
RUNTIME_VERIFICATION_QUEUE,ES-FEAT-FINANCIAL-019,owner-visible projections,Financial operations,MEDIUM:8,P0,Facility Owner;Barn Manager;Trainer;Owner;Guardian;Billing Admin;Platform Admin,PIA_SUPPLEMENT_CANDIDATE,IMPLEMENTED_UNVERIFIED,ES-FEAT-PLATFORM-001;ES-FEAT-FINANCIAL-001;ES-FEAT-IDENTITY-001;ES-FEAT-RELATIONSHIP-001;ES-FEAT-COMMUNICATIONS-001;ES-FEAT-TASKS-001;ES-FEAT-HORSE-001,GOVERNANCE,DRAFT_PIA_SUPPLEMENT,Derived from revised structured row ES-FEAT-FINANCIAL-019 after independent-review adjudication; evidence tier=KEYWORD_MATCH_ONLY.
FOUNDER_DECISION_QUEUE,ES-FEAT-INVENTORY-001,feed inventory,Inventory and assets,MEDIUM:6,P0,Barn Manager;Staff;Trainer;Facility Owner;Veterinarian;Farrier,PIA_SUPPLEMENT_CANDIDATE,IMPLEMENTED_UNVERIFIED,ES-FEAT-PLATFORM-001,GOVERNANCE,DRAFT_PIA_SUPPLEMENT,Derived from revised structured row ES-FEAT-INVENTORY-001 after independent-review adjudication; evidence tier=KEYWORD_MATCH_ONLY.
IMPLEMENTATION_VERIFICATION_QUEUE,ES-FEAT-INVENTORY-001,feed inventory,Inventory and assets,MEDIUM:6,P0,Barn Manager;Staff;Trainer;Facility Owner;Veterinarian;Farrier,PIA_SUPPLEMENT_CANDIDATE,IMPLEMENTED_UNVERIFIED,ES-FEAT-PLATFORM-001,GOVERNANCE,DRAFT_PIA_SUPPLEMENT,Derived from revised structured row ES-FEAT-INVENTORY-001 after independent-review adjudication; evidence tier=KEYWORD_MATCH_ONLY.
PIA_SUPPLEMENT_QUEUE,ES-FEAT-INVENTORY-001,feed inventory,Inventory and assets,MEDIUM:6,P0,Barn Manager;Staff;Trainer;Facility Owner;Veterinarian;Farrier,PIA_SUPPLEMENT_CANDIDATE,IMPLEMENTED_UNVERIFIED,ES-FEAT-PLATFORM-001,GOVERNANCE,DRAFT_PIA_SUPPLEMENT,Derived from revised structured row ES-FEAT-INVENTORY-001 after independent-review adjudication; evidence tier=KEYWORD_MATCH_ONLY.
RUNTIME_VERIFICATION_QUEUE,ES-FEAT-INVENTORY-001,feed inventory,Inventory and assets,MEDIUM:6,P0,Barn Manager;Staff;Trainer;Facility Owner;Veterinarian;Farrier,PIA_SUPPLEMENT_CANDIDATE,IMPLEMENTED_UNVERIFIED,ES-FEAT-PLATFORM-001,GOVERNANCE,DRAFT_PIA_SUPPLEMENT,Derived from revised structured row ES-FEAT-INVENTORY-001 after independent-review adjudication; evidence tier=KEYWORD_MATCH_ONLY.
FOUNDER_DECISION_QUEUE,ES-FEAT-INVENTORY-002,medication supplies,Inventory and assets,MEDIUM:4,P0,Barn Manager;Staff;Trainer;Facility Owner;Veterinarian;Farrier,PIA_SUPPLEMENT_CANDIDATE,IMPLEMENTED_UNVERIFIED,ES-FEAT-PLATFORM-001;ES-FEAT-INVENTORY-001;ES-FEAT-IDENTITY-001;ES-FEAT-RELATIONSHIP-001;ES-FEAT-COMMUNICATIONS-001;ES-FEAT-TASKS-001;ES-FEAT-HORSE-001;ES-FEAT-CARE-001,GOVERNANCE,DRAFT_PIA_SUPPLEMENT,Derived from revised structured row ES-FEAT-INVENTORY-002 after independent-review adjudication; evidence tier=KEYWORD_MATCH_ONLY.
IMPLEMENTATION_VERIFICATION_QUEUE,ES-FEAT-INVENTORY-002,medication supplies,Inventory and assets,MEDIUM:4,P0,Barn Manager;Staff;Trainer;Facility Owner;Veterinarian;Farrier,PIA_SUPPLEMENT_CANDIDATE,IMPLEMENTED_UNVERIFIED,ES-FEAT-PLATFORM-001;ES-FEAT-INVENTORY-001;ES-FEAT-IDENTITY-001;ES-FEAT-RELATIONSHIP-001;ES-FEAT-COMMUNICATIONS-001;ES-FEAT-TASKS-001;ES-FEAT-HORSE-001;ES-FEAT-CARE-001,GOVERNANCE,DRAFT_PIA_SUPPLEMENT,Derived from revised structured row ES-FEAT-INVENTORY-002 after independent-review adjudication; evidence tier=KEYWORD_MATCH_ONLY.
PIA_SUPPLEMENT_QUEUE,ES-FEAT-INVENTORY-002,medication supplies,Inventory and assets,MEDIUM:4,P0,Barn Manager;Staff;Trainer;Facility Owner;Veterinarian;Farrier,PIA_SUPPLEMENT_CANDIDATE,IMPLEMENTED_UNVERIFIED,ES-FEAT-PLATFORM-001;ES-FEAT-INVENTORY-001;ES-FEAT-IDENTITY-001;ES-FEAT-RELATIONSHIP-001;ES-FEAT-COMMUNICATIONS-001;ES-FEAT-TASKS-001;ES-FEAT-HORSE-001;ES-FEAT-CARE-001,GOVERNANCE,DRAFT_PIA_SUPPLEMENT,Derived from revised structured row ES-FEAT-INVENTORY-002 after independent-review adjudication; evidence tier=KEYWORD_MATCH_ONLY.
RUNTIME_VERIFICATION_QUEUE,ES-FEAT-INVENTORY-002,medication supplies,Inventory and assets,MEDIUM:4,P0,Barn Manager;Staff;Trainer;Facility Owner;Veterinarian;Farrier,PIA_SUPPLEMENT_CANDIDATE,IMPLEMENTED_UNVERIFIED,ES-FEAT-PLATFORM-001;ES-FEAT-INVENTORY-001;ES-FEAT-IDENTITY-001;ES-FEAT-RELATIONSHIP-001;ES-FEAT-COMMUNICATIONS-001;ES-FEAT-TASKS-001;ES-FEAT-HORSE-001;ES-FEAT-CARE-001,GOVERNANCE,DRAFT_PIA_SUPPLEMENT,Derived from revised structured row ES-FEAT-INVENTORY-002 after independent-review adjudication; evidence tier=KEYWORD_MATCH_ONLY.
FOUNDER_DECISION_QUEUE,ES-FEAT-INVENTORY-003,equipment,Inventory and assets,MEDIUM:8,P0,Barn Manager;Staff;Trainer;Facility Owner;Veterinarian;Farrier,PIA_SUPPLEMENT_CANDIDATE,IMPLEMENTED_UNVERIFIED,ES-FEAT-PLATFORM-001;ES-FEAT-INVENTORY-001;ES-FEAT-IDENTITY-001;ES-FEAT-RELATIONSHIP-001;ES-FEAT-COMMUNICATIONS-001;ES-FEAT-TASKS-001;ES-FEAT-HORSE-001;ES-FEAT-CARE-001,GOVERNANCE,DRAFT_PIA_SUPPLEMENT,Derived from revised structured row ES-FEAT-INVENTORY-003 after independent-review adjudication; evidence tier=KEYWORD_MATCH_ONLY.
IMPLEMENTATION_VERIFICATION_QUEUE,ES-FEAT-INVENTORY-003,equipment,Inventory and assets,MEDIUM:8,P0,Barn Manager;Staff;Trainer;Facility Owner;Veterinarian;Farrier,PIA_SUPPLEMENT_CANDIDATE,IMPLEMENTED_UNVERIFIED,ES-FEAT-PLATFORM-001;ES-FEAT-INVENTORY-001;ES-FEAT-IDENTITY-001;ES-FEAT-RELATIONSHIP-001;ES-FEAT-COMMUNICATIONS-001;ES-FEAT-TASKS-001;ES-FEAT-HORSE-001;ES-FEAT-CARE-001,GOVERNANCE,DRAFT_PIA_SUPPLEMENT,Derived from revised structured row ES-FEAT-INVENTORY-003 after independent-review adjudication; evidence tier=KEYWORD_MATCH_ONLY.
PIA_SUPPLEMENT_QUEUE,ES-FEAT-INVENTORY-003,equipment,Inventory and assets,MEDIUM:8,P0,Barn Manager;Staff;Trainer;Facility Owner;Veterinarian;Farrier,PIA_SUPPLEMENT_CANDIDATE,IMPLEMENTED_UNVERIFIED,ES-FEAT-PLATFORM-001;ES-FEAT-INVENTORY-001;ES-FEAT-IDENTITY-001;ES-FEAT-RELATIONSHIP-001;ES-FEAT-COMMUNICATIONS-001;ES-FEAT-TASKS-001;ES-FEAT-HORSE-001;ES-FEAT-CARE-001,GOVERNANCE,DRAFT_PIA_SUPPLEMENT,Derived from revised structured row ES-FEAT-INVENTORY-003 after independent-review adjudication; evidence tier=KEYWORD_MATCH_ONLY.
RUNTIME_VERIFICATION_QUEUE,ES-FEAT-INVENTORY-003,equipment,Inventory and assets,MEDIUM:8,P0,Barn Manager;Staff;Trainer;Facility Owner;Veterinarian;Farrier,PIA_SUPPLEMENT_CANDIDATE,IMPLEMENTED_UNVERIFIED,ES-FEAT-PLATFORM-001;ES-FEAT-INVENTORY-001;ES-FEAT-IDENTITY-001;ES-FEAT-RELATIONSHIP-001;ES-FEAT-COMMUNICATIONS-001;ES-FEAT-TASKS-001;ES-FEAT-HORSE-001;ES-FEAT-CARE-001,GOVERNANCE,DRAFT_PIA_SUPPLEMENT,Derived from revised structured row ES-FEAT-INVENTORY-003 after independent-review adjudication; evidence tier=KEYWORD_MATCH_ONLY.
FOUNDER_DECISION_QUEUE,ES-FEAT-INVENTORY-004,tack,Inventory and assets,MEDIUM:6,P0,Barn Manager;Staff;Trainer;Facility Owner;Veterinarian;Farrier,PIA_SUPPLEMENT_CANDIDATE,IMPLEMENTED_UNVERIFIED,ES-FEAT-PLATFORM-001;ES-FEAT-INVENTORY-001;ES-FEAT-IDENTITY-001;ES-FEAT-RELATIONSHIP-001;ES-FEAT-COMMUNICATIONS-001;ES-FEAT-TASKS-001;ES-FEAT-HORSE-001;ES-FEAT-CARE-001,GOVERNANCE,DRAFT_PIA_SUPPLEMENT,Derived from revised structured row ES-FEAT-INVENTORY-004 after independent-review adjudication; evidence tier=KEYWORD_MATCH_ONLY.
IMPLEMENTATION_VERIFICATION_QUEUE,ES-FEAT-INVENTORY-004,tack,Inventory and assets,MEDIUM:6,P0,Barn Manager;Staff;Trainer;Facility Owner;Veterinarian;Farrier,PIA_SUPPLEMENT_CANDIDATE,IMPLEMENTED_UNVERIFIED,ES-FEAT-PLATFORM-001;ES-FEAT-INVENTORY-001;ES-FEAT-IDENTITY-001;ES-FEAT-RELATIONSHIP-001;ES-FEAT-COMMUNICATIONS-001;ES-FEAT-TASKS-001;ES-FEAT-HORSE-001;ES-FEAT-CARE-001,GOVERNANCE,DRAFT_PIA_SUPPLEMENT,Derived from revised structured row ES-FEAT-INVENTORY-004 after independent-review adjudication; evidence tier=KEYWORD_MATCH_ONLY.
PIA_SUPPLEMENT_QUEUE,ES-FEAT-INVENTORY-004,tack,Inventory and assets,MEDIUM:6,P0,Barn Manager;Staff;Trainer;Facility Owner;Veterinarian;Farrier,PIA_SUPPLEMENT_CANDIDATE,IMPLEMENTED_UNVERIFIED,ES-FEAT-PLATFORM-001;ES-FEAT-INVENTORY-001;ES-FEAT-IDENTITY-001;ES-FEAT-RELATIONSHIP-001;ES-FEAT-COMMUNICATIONS-001;ES-FEAT-TASKS-001;ES-FEAT-HORSE-001;ES-FEAT-CARE-001,GOVERNANCE,DRAFT_PIA_SUPPLEMENT,Derived from revised structured row ES-FEAT-INVENTORY-004 after independent-review adjudication; evidence tier=KEYWORD_MATCH_ONLY.
RUNTIME_VERIFICATION_QUEUE,ES-FEAT-INVENTORY-004,tack,Inventory and assets,MEDIUM:6,P0,Barn Manager;Staff;Trainer;Facility Owner;Veterinarian;Farrier,PIA_SUPPLEMENT_CANDIDATE,IMPLEMENTED_UNVERIFIED,ES-FEAT-PLATFORM-001;ES-FEAT-INVENTORY-001;ES-FEAT-IDENTITY-001;ES-FEAT-RELATIONSHIP-001;ES-FEAT-COMMUNICATIONS-001;ES-FEAT-TASKS-001;ES-FEAT-HORSE-001;ES-FEAT-CARE-001,GOVERNANCE,DRAFT_PIA_SUPPLEMENT,Derived from revised structured row ES-FEAT-INVENTORY-004 after independent-review adjudication; evidence tier=KEYWORD_MATCH_ONLY.
FOUNDER_DECISION_QUEUE,ES-FEAT-INVENTORY-005,lots,Inventory and assets,MEDIUM:4,P0,Barn Manager;Staff;Trainer;Facility Owner;Veterinarian;Farrier,PIA_SUPPLEMENT_CANDIDATE,IMPLEMENTED_UNVERIFIED,ES-FEAT-PLATFORM-001;ES-FEAT-INVENTORY-001;ES-FEAT-IDENTITY-001;ES-FEAT-RELATIONSHIP-001;ES-FEAT-COMMUNICATIONS-001;ES-FEAT-TASKS-001;ES-FEAT-HORSE-001;ES-FEAT-CARE-001,GOVERNANCE,DRAFT_PIA_SUPPLEMENT,Derived from revised structured row ES-FEAT-INVENTORY-005 after independent-review adjudication; evidence tier=KEYWORD_MATCH_ONLY.
IMPLEMENTATION_VERIFICATION_QUEUE,ES-FEAT-INVENTORY-005,lots,Inventory and assets,MEDIUM:4,P0,Barn Manager;Staff;Trainer;Facility Owner;Veterinarian;Farrier,PIA_SUPPLEMENT_CANDIDATE,IMPLEMENTED_UNVERIFIED,ES-FEAT-PLATFORM-001;ES-FEAT-INVENTORY-001;ES-FEAT-IDENTITY-001;ES-FEAT-RELATIONSHIP-001;ES-FEAT-COMMUNICATIONS-001;ES-FEAT-TASKS-001;ES-FEAT-HORSE-001;ES-FEAT-CARE-001,GOVERNANCE,DRAFT_PIA_SUPPLEMENT,Derived from revised structured row ES-FEAT-INVENTORY-005 after independent-review adjudication; evidence tier=KEYWORD_MATCH_ONLY.
PIA_SUPPLEMENT_QUEUE,ES-FEAT-INVENTORY-005,lots,Inventory and assets,MEDIUM:4,P0,Barn Manager;Staff;Trainer;Facility Owner;Veterinarian;Farrier,PIA_SUPPLEMENT_CANDIDATE,IMPLEMENTED_UNVERIFIED,ES-FEAT-PLATFORM-001;ES-FEAT-INVENTORY-001;ES-FEAT-IDENTITY-001;ES-FEAT-RELATIONSHIP-001;ES-FEAT-COMMUNICATIONS-001;ES-FEAT-TASKS-001;ES-FEAT-HORSE-001;ES-FEAT-CARE-001,GOVERNANCE,DRAFT_PIA_SUPPLEMENT,Derived from revised structured row ES-FEAT-INVENTORY-005 after independent-review adjudication; evidence tier=KEYWORD_MATCH_ONLY.
RUNTIME_VERIFICATION_QUEUE,ES-FEAT-INVENTORY-005,lots,Inventory and assets,MEDIUM:4,P0,Barn Manager;Staff;Trainer;Facility Owner;Veterinarian;Farrier,PIA_SUPPLEMENT_CANDIDATE,IMPLEMENTED_UNVERIFIED,ES-FEAT-PLATFORM-001;ES-FEAT-INVENTORY-001;ES-FEAT-IDENTITY-001;ES-FEAT-RELATIONSHIP-001;ES-FEAT-COMMUNICATIONS-001;ES-FEAT-TASKS-001;ES-FEAT-HORSE-001;ES-FEAT-CARE-001,GOVERNANCE,DRAFT_PIA_SUPPLEMENT,Derived from revised structured row ES-FEAT-INVENTORY-005 after independent-review adjudication; evidence tier=KEYWORD_MATCH_ONLY.
FOUNDER_DECISION_QUEUE,ES-FEAT-INVENTORY-006,expiration (Inventory),Inventory and assets,MEDIUM:8,P0,Barn Manager;Staff;Trainer;Facility Owner;Veterinarian;Farrier,PIA_SUPPLEMENT_CANDIDATE,IMPLEMENTED_UNVERIFIED,ES-FEAT-PLATFORM-001;ES-FEAT-INVENTORY-001;ES-FEAT-IDENTITY-001;ES-FEAT-RELATIONSHIP-001;ES-FEAT-COMMUNICATIONS-001;ES-FEAT-TASKS-001;ES-FEAT-HORSE-001;ES-FEAT-CARE-001,GOVERNANCE,DRAFT_PIA_SUPPLEMENT,Derived from revised structured row ES-FEAT-INVENTORY-006 after independent-review adjudication; evidence tier=KEYWORD_MATCH_ONLY.
IMPLEMENTATION_VERIFICATION_QUEUE,ES-FEAT-INVENTORY-006,expiration (Inventory),Inventory and assets,MEDIUM:8,P0,Barn Manager;Staff;Trainer;Facility Owner;Veterinarian;Farrier,PIA_SUPPLEMENT_CANDIDATE,IMPLEMENTED_UNVERIFIED,ES-FEAT-PLATFORM-001;ES-FEAT-INVENTORY-001;ES-FEAT-IDENTITY-001;ES-FEAT-RELATIONSHIP-001;ES-FEAT-COMMUNICATIONS-001;ES-FEAT-TASKS-001;ES-FEAT-HORSE-001;ES-FEAT-CARE-001,GOVERNANCE,DRAFT_PIA_SUPPLEMENT,Derived from revised structured row ES-FEAT-INVENTORY-006 after independent-review adjudication; evidence tier=KEYWORD_MATCH_ONLY.
PIA_SUPPLEMENT_QUEUE,ES-FEAT-INVENTORY-006,expiration (Inventory),Inventory and assets,MEDIUM:8,P0,Barn Manager;Staff;Trainer;Facility Owner;Veterinarian;Farrier,PIA_SUPPLEMENT_CANDIDATE,IMPLEMENTED_UNVERIFIED,ES-FEAT-PLATFORM-001;ES-FEAT-INVENTORY-001;ES-FEAT-IDENTITY-001;ES-FEAT-RELATIONSHIP-001;ES-FEAT-COMMUNICATIONS-001;ES-FEAT-TASKS-001;ES-FEAT-HORSE-001;ES-FEAT-CARE-001,GOVERNANCE,DRAFT_PIA_SUPPLEMENT,Derived from revised structured row ES-FEAT-INVENTORY-006 after independent-review adjudication; evidence tier=KEYWORD_MATCH_ONLY.
RUNTIME_VERIFICATION_QUEUE,ES-FEAT-INVENTORY-006,expiration (Inventory),Inventory and assets,MEDIUM:8,P0,Barn Manager;Staff;Trainer;Facility Owner;Veterinarian;Farrier,PIA_SUPPLEMENT_CANDIDATE,IMPLEMENTED_UNVERIFIED,ES-FEAT-PLATFORM-001;ES-FEAT-INVENTORY-001;ES-FEAT-IDENTITY-001;ES-FEAT-RELATIONSHIP-001;ES-FEAT-COMMUNICATIONS-001;ES-FEAT-TASKS-001;ES-FEAT-HORSE-001;ES-FEAT-CARE-001,GOVERNANCE,DRAFT_PIA_SUPPLEMENT,Derived from revised structured row ES-FEAT-INVENTORY-006 after independent-review adjudication; evidence tier=KEYWORD_MATCH_ONLY.
FOUNDER_DECISION_QUEUE,ES-FEAT-INVENTORY-007,purchasing,Inventory and assets,MEDIUM:6,P0,Barn Manager;Staff;Trainer;Facility Owner;Veterinarian;Farrier,PIA_SUPPLEMENT_CANDIDATE,IMPLEMENTED_UNVERIFIED,ES-FEAT-PLATFORM-001;ES-FEAT-INVENTORY-001;ES-FEAT-IDENTITY-001;ES-FEAT-RELATIONSHIP-001;ES-FEAT-COMMUNICATIONS-001;ES-FEAT-TASKS-001;ES-FEAT-HORSE-001;ES-FEAT-CARE-001,GOVERNANCE,DRAFT_PIA_SUPPLEMENT,Derived from revised structured row ES-FEAT-INVENTORY-007 after independent-review adjudication; evidence tier=KEYWORD_MATCH_ONLY.
IMPLEMENTATION_VERIFICATION_QUEUE,ES-FEAT-INVENTORY-007,purchasing,Inventory and assets,MEDIUM:6,P0,Barn Manager;Staff;Trainer;Facility Owner;Veterinarian;Farrier,PIA_SUPPLEMENT_CANDIDATE,IMPLEMENTED_UNVERIFIED,ES-FEAT-PLATFORM-001;ES-FEAT-INVENTORY-001;ES-FEAT-IDENTITY-001;ES-FEAT-RELATIONSHIP-001;ES-FEAT-COMMUNICATIONS-001;ES-FEAT-TASKS-001;ES-FEAT-HORSE-001;ES-FEAT-CARE-001,GOVERNANCE,DRAFT_PIA_SUPPLEMENT,Derived from revised structured row ES-FEAT-INVENTORY-007 after independent-review adjudication; evidence tier=KEYWORD_MATCH_ONLY.
PIA_SUPPLEMENT_QUEUE,ES-FEAT-INVENTORY-007,purchasing,Inventory and assets,MEDIUM:6,P0,Barn Manager;Staff;Trainer;Facility Owner;Veterinarian;Farrier,PIA_SUPPLEMENT_CANDIDATE,IMPLEMENTED_UNVERIFIED,ES-FEAT-PLATFORM-001;ES-FEAT-INVENTORY-001;ES-FEAT-IDENTITY-001;ES-FEAT-RELATIONSHIP-001;ES-FEAT-COMMUNICATIONS-001;ES-FEAT-TASKS-001;ES-FEAT-HORSE-001;ES-FEAT-CARE-001,GOVERNANCE,DRAFT_PIA_SUPPLEMENT,Derived from revised structured row ES-FEAT-INVENTORY-007 after independent-review adjudication; evidence tier=KEYWORD_MATCH_ONLY.
RUNTIME_VERIFICATION_QUEUE,ES-FEAT-INVENTORY-007,purchasing,Inventory and assets,MEDIUM:6,P0,Barn Manager;Staff;Trainer;Facility Owner;Veterinarian;Farrier,PIA_SUPPLEMENT_CANDIDATE,IMPLEMENTED_UNVERIFIED,ES-FEAT-PLATFORM-001;ES-FEAT-INVENTORY-001;ES-FEAT-IDENTITY-001;ES-FEAT-RELATIONSHIP-001;ES-FEAT-COMMUNICATIONS-001;ES-FEAT-TASKS-001;ES-FEAT-HORSE-001;ES-FEAT-CARE-001,GOVERNANCE,DRAFT_PIA_SUPPLEMENT,Derived from revised structured row ES-FEAT-INVENTORY-007 after independent-review adjudication; evidence tier=KEYWORD_MATCH_ONLY.
FOUNDER_DECISION_QUEUE,ES-FEAT-INVENTORY-008,receiving,Inventory and assets,MEDIUM:4,P0,Barn Manager;Staff;Trainer;Facility Owner;Veterinarian;Farrier,PIA_SUPPLEMENT_CANDIDATE,IMPLEMENTED_UNVERIFIED,ES-FEAT-PLATFORM-001;ES-FEAT-INVENTORY-001;ES-FEAT-IDENTITY-001;ES-FEAT-RELATIONSHIP-001;ES-FEAT-COMMUNICATIONS-001;ES-FEAT-TASKS-001;ES-FEAT-HORSE-001;ES-FEAT-CARE-001,GOVERNANCE,DRAFT_PIA_SUPPLEMENT,Derived from revised structured row ES-FEAT-INVENTORY-008 after independent-review adjudication; evidence tier=KEYWORD_MATCH_ONLY.
IMPLEMENTATION_VERIFICATION_QUEUE,ES-FEAT-INVENTORY-008,receiving,Inventory and assets,MEDIUM:4,P0,Barn Manager;Staff;Trainer;Facility Owner;Veterinarian;Farrier,PIA_SUPPLEMENT_CANDIDATE,IMPLEMENTED_UNVERIFIED,ES-FEAT-PLATFORM-001;ES-FEAT-INVENTORY-001;ES-FEAT-IDENTITY-001;ES-FEAT-RELATIONSHIP-001;ES-FEAT-COMMUNICATIONS-001;ES-FEAT-TASKS-001;ES-FEAT-HORSE-001;ES-FEAT-CARE-001,GOVERNANCE,DRAFT_PIA_SUPPLEMENT,Derived from revised structured row ES-FEAT-INVENTORY-008 after independent-review adjudication; evidence tier=KEYWORD_MATCH_ONLY.
PIA_SUPPLEMENT_QUEUE,ES-FEAT-INVENTORY-008,receiving,Inventory and assets,MEDIUM:4,P0,Barn Manager;Staff;Trainer;Facility Owner;Veterinarian;Farrier,PIA_SUPPLEMENT_CANDIDATE,IMPLEMENTED_UNVERIFIED,ES-FEAT-PLATFORM-001;ES-FEAT-INVENTORY-001;ES-FEAT-IDENTITY-001;ES-FEAT-RELATIONSHIP-001;ES-FEAT-COMMUNICATIONS-001;ES-FEAT-TASKS-001;ES-FEAT-HORSE-001;ES-FEAT-CARE-001,GOVERNANCE,DRAFT_PIA_SUPPLEMENT,Derived from revised structured row ES-FEAT-INVENTORY-008 after independent-review adjudication; evidence tier=KEYWORD_MATCH_ONLY.
RUNTIME_VERIFICATION_QUEUE,ES-FEAT-INVENTORY-008,receiving,Inventory and assets,MEDIUM:4,P0,Barn Manager;Staff;Trainer;Facility Owner;Veterinarian;Farrier,PIA_SUPPLEMENT_CANDIDATE,IMPLEMENTED_UNVERIFIED,ES-FEAT-PLATFORM-001;ES-FEAT-INVENTORY-001;ES-FEAT-IDENTITY-001;ES-FEAT-RELATIONSHIP-001;ES-FEAT-COMMUNICATIONS-001;ES-FEAT-TASKS-001;ES-FEAT-HORSE-001;ES-FEAT-CARE-001,GOVERNANCE,DRAFT_PIA_SUPPLEMENT,Derived from revised structured row ES-FEAT-INVENTORY-008 after independent-review adjudication; evidence tier=KEYWORD_MATCH_ONLY.
FOUNDER_DECISION_QUEUE,ES-FEAT-INVENTORY-009,usage,Inventory and assets,MEDIUM:8,P0,Barn Manager;Staff;Trainer;Facility Owner;Veterinarian;Farrier,PIA_SUPPLEMENT_CANDIDATE,IMPLEMENTED_UNVERIFIED,ES-FEAT-PLATFORM-001;ES-FEAT-INVENTORY-001;ES-FEAT-IDENTITY-001;ES-FEAT-RELATIONSHIP-001;ES-FEAT-COMMUNICATIONS-001;ES-FEAT-TASKS-001;ES-FEAT-HORSE-001;ES-FEAT-CARE-001,GOVERNANCE,DRAFT_PIA_SUPPLEMENT,Derived from revised structured row ES-FEAT-INVENTORY-009 after independent-review adjudication; evidence tier=KEYWORD_MATCH_ONLY.
IMPLEMENTATION_VERIFICATION_QUEUE,ES-FEAT-INVENTORY-009,usage,Inventory and assets,MEDIUM:8,P0,Barn Manager;Staff;Trainer;Facility Owner;Veterinarian;Farrier,PIA_SUPPLEMENT_CANDIDATE,IMPLEMENTED_UNVERIFIED,ES-FEAT-PLATFORM-001;ES-FEAT-INVENTORY-001;ES-FEAT-IDENTITY-001;ES-FEAT-RELATIONSHIP-001;ES-FEAT-COMMUNICATIONS-001;ES-FEAT-TASKS-001;ES-FEAT-HORSE-001;ES-FEAT-CARE-001,GOVERNANCE,DRAFT_PIA_SUPPLEMENT,Derived from revised structured row ES-FEAT-INVENTORY-009 after independent-review adjudication; evidence tier=KEYWORD_MATCH_ONLY.
PIA_SUPPLEMENT_QUEUE,ES-FEAT-INVENTORY-009,usage,Inventory and assets,MEDIUM:8,P0,Barn Manager;Staff;Trainer;Facility Owner;Veterinarian;Farrier,PIA_SUPPLEMENT_CANDIDATE,IMPLEMENTED_UNVERIFIED,ES-FEAT-PLATFORM-001;ES-FEAT-INVENTORY-001;ES-FEAT-IDENTITY-001;ES-FEAT-RELATIONSHIP-001;ES-FEAT-COMMUNICATIONS-001;ES-FEAT-TASKS-001;ES-FEAT-HORSE-001;ES-FEAT-CARE-001,GOVERNANCE,DRAFT_PIA_SUPPLEMENT,Derived from revised structured row ES-FEAT-INVENTORY-009 after independent-review adjudication; evidence tier=KEYWORD_MATCH_ONLY.
RUNTIME_VERIFICATION_QUEUE,ES-FEAT-INVENTORY-009,usage,Inventory and assets,MEDIUM:8,P0,Barn Manager;Staff;Trainer;Facility Owner;Veterinarian;Farrier,PIA_SUPPLEMENT_CANDIDATE,IMPLEMENTED_UNVERIFIED,ES-FEAT-PLATFORM-001;ES-FEAT-INVENTORY-001;ES-FEAT-IDENTITY-001;ES-FEAT-RELATIONSHIP-001;ES-FEAT-COMMUNICATIONS-001;ES-FEAT-TASKS-001;ES-FEAT-HORSE-001;ES-FEAT-CARE-001,GOVERNANCE,DRAFT_PIA_SUPPLEMENT,Derived from revised structured row ES-FEAT-INVENTORY-009 after independent-review adjudication; evidence tier=KEYWORD_MATCH_ONLY.
FOUNDER_DECISION_QUEUE,ES-FEAT-INVENTORY-010,waste,Inventory and assets,MEDIUM:6,P0,Barn Manager;Staff;Trainer;Facility Owner;Veterinarian;Farrier,PIA_SUPPLEMENT_CANDIDATE,IMPLEMENTED_UNVERIFIED,ES-FEAT-PLATFORM-001;ES-FEAT-INVENTORY-001;ES-FEAT-IDENTITY-001;ES-FEAT-RELATIONSHIP-001;ES-FEAT-COMMUNICATIONS-001;ES-FEAT-TASKS-001;ES-FEAT-HORSE-001;ES-FEAT-CARE-001,GOVERNANCE,DRAFT_PIA_SUPPLEMENT,Derived from revised structured row ES-FEAT-INVENTORY-010 after independent-review adjudication; evidence tier=KEYWORD_MATCH_ONLY.
IMPLEMENTATION_VERIFICATION_QUEUE,ES-FEAT-INVENTORY-010,waste,Inventory and assets,MEDIUM:6,P0,Barn Manager;Staff;Trainer;Facility Owner;Veterinarian;Farrier,PIA_SUPPLEMENT_CANDIDATE,IMPLEMENTED_UNVERIFIED,ES-FEAT-PLATFORM-001;ES-FEAT-INVENTORY-001;ES-FEAT-IDENTITY-001;ES-FEAT-RELATIONSHIP-001;ES-FEAT-COMMUNICATIONS-001;ES-FEAT-TASKS-001;ES-FEAT-HORSE-001;ES-FEAT-CARE-001,GOVERNANCE,DRAFT_PIA_SUPPLEMENT,Derived from revised structured row ES-FEAT-INVENTORY-010 after independent-review adjudication; evidence tier=KEYWORD_MATCH_ONLY.
PIA_SUPPLEMENT_QUEUE,ES-FEAT-INVENTORY-010,waste,Inventory and assets,MEDIUM:6,P0,Barn Manager;Staff;Trainer;Facility Owner;Veterinarian;Farrier,PIA_SUPPLEMENT_CANDIDATE,IMPLEMENTED_UNVERIFIED,ES-FEAT-PLATFORM-001;ES-FEAT-INVENTORY-001;ES-FEAT-IDENTITY-001;ES-FEAT-RELATIONSHIP-001;ES-FEAT-COMMUNICATIONS-001;ES-FEAT-TASKS-001;ES-FEAT-HORSE-001;ES-FEAT-CARE-001,GOVERNANCE,DRAFT_PIA_SUPPLEMENT,Derived from revised structured row ES-FEAT-INVENTORY-010 after independent-review adjudication; evidence tier=KEYWORD_MATCH_ONLY.
RUNTIME_VERIFICATION_QUEUE,ES-FEAT-INVENTORY-010,waste,Inventory and assets,MEDIUM:6,P0,Barn Manager;Staff;Trainer;Facility Owner;Veterinarian;Farrier,PIA_SUPPLEMENT_CANDIDATE,IMPLEMENTED_UNVERIFIED,ES-FEAT-PLATFORM-001;ES-FEAT-INVENTORY-001;ES-FEAT-IDENTITY-001;ES-FEAT-RELATIONSHIP-001;ES-FEAT-COMMUNICATIONS-001;ES-FEAT-TASKS-001;ES-FEAT-HORSE-001;ES-FEAT-CARE-001,GOVERNANCE,DRAFT_PIA_SUPPLEMENT,Derived from revised structured row ES-FEAT-INVENTORY-010 after independent-review adjudication; evidence tier=KEYWORD_MATCH_ONLY.
FOUNDER_DECISION_QUEUE,ES-FEAT-INVENTORY-011,reordering,Inventory and assets,MEDIUM:4,P0,Barn Manager;Staff;Trainer;Facility Owner;Veterinarian;Farrier,PIA_SUPPLEMENT_CANDIDATE,IMPLEMENTED_UNVERIFIED,ES-FEAT-PLATFORM-001;ES-FEAT-INVENTORY-001;ES-FEAT-IDENTITY-001;ES-FEAT-RELATIONSHIP-001;ES-FEAT-COMMUNICATIONS-001;ES-FEAT-TASKS-001;ES-FEAT-HORSE-001;ES-FEAT-CARE-001,GOVERNANCE,DRAFT_PIA_SUPPLEMENT,Derived from revised structured row ES-FEAT-INVENTORY-011 after independent-review adjudication; evidence tier=KEYWORD_MATCH_ONLY.
IMPLEMENTATION_VERIFICATION_QUEUE,ES-FEAT-INVENTORY-011,reordering,Inventory and assets,MEDIUM:4,P0,Barn Manager;Staff;Trainer;Facility Owner;Veterinarian;Farrier,PIA_SUPPLEMENT_CANDIDATE,IMPLEMENTED_UNVERIFIED,ES-FEAT-PLATFORM-001;ES-FEAT-INVENTORY-001;ES-FEAT-IDENTITY-001;ES-FEAT-RELATIONSHIP-001;ES-FEAT-COMMUNICATIONS-001;ES-FEAT-TASKS-001;ES-FEAT-HORSE-001;ES-FEAT-CARE-001,GOVERNANCE,DRAFT_PIA_SUPPLEMENT,Derived from revised structured row ES-FEAT-INVENTORY-011 after independent-review adjudication; evidence tier=KEYWORD_MATCH_ONLY.
PIA_SUPPLEMENT_QUEUE,ES-FEAT-INVENTORY-011,reordering,Inventory and assets,MEDIUM:4,P0,Barn Manager;Staff;Trainer;Facility Owner;Veterinarian;Farrier,PIA_SUPPLEMENT_CANDIDATE,IMPLEMENTED_UNVERIFIED,ES-FEAT-PLATFORM-001;ES-FEAT-INVENTORY-001;ES-FEAT-IDENTITY-001;ES-FEAT-RELATIONSHIP-001;ES-FEAT-COMMUNICATIONS-001;ES-FEAT-TASKS-001;ES-FEAT-HORSE-001;ES-FEAT-CARE-001,GOVERNANCE,DRAFT_PIA_SUPPLEMENT,Derived from revised structured row ES-FEAT-INVENTORY-011 after independent-review adjudication; evidence tier=KEYWORD_MATCH_ONLY.
RUNTIME_VERIFICATION_QUEUE,ES-FEAT-INVENTORY-011,reordering,Inventory and assets,MEDIUM:4,P0,Barn Manager;Staff;Trainer;Facility Owner;Veterinarian;Farrier,PIA_SUPPLEMENT_CANDIDATE,IMPLEMENTED_UNVERIFIED,ES-FEAT-PLATFORM-001;ES-FEAT-INVENTORY-001;ES-FEAT-IDENTITY-001;ES-FEAT-RELATIONSHIP-001;ES-FEAT-COMMUNICATIONS-001;ES-FEAT-TASKS-001;ES-FEAT-HORSE-001;ES-FEAT-CARE-001,GOVERNANCE,DRAFT_PIA_SUPPLEMENT,Derived from revised structured row ES-FEAT-INVENTORY-011 after independent-review adjudication; evidence tier=KEYWORD_MATCH_ONLY.
FOUNDER_DECISION_QUEUE,ES-FEAT-INVENTORY-012,vendor records,Inventory and assets,MEDIUM:8,P0,Barn Manager;Staff;Trainer;Facility Owner;Veterinarian;Farrier,PIA_SUPPLEMENT_CANDIDATE,IMPLEMENTED_UNVERIFIED,ES-FEAT-PLATFORM-001;ES-FEAT-INVENTORY-001;ES-FEAT-IDENTITY-001;ES-FEAT-RELATIONSHIP-001;ES-FEAT-COMMUNICATIONS-001;ES-FEAT-TASKS-001;ES-FEAT-HORSE-001;ES-FEAT-CARE-001,GOVERNANCE,DRAFT_PIA_SUPPLEMENT,Derived from revised structured row ES-FEAT-INVENTORY-012 after independent-review adjudication; evidence tier=KEYWORD_MATCH_ONLY.
IMPLEMENTATION_VERIFICATION_QUEUE,ES-FEAT-INVENTORY-012,vendor records,Inventory and assets,MEDIUM:8,P0,Barn Manager;Staff;Trainer;Facility Owner;Veterinarian;Farrier,PIA_SUPPLEMENT_CANDIDATE,IMPLEMENTED_UNVERIFIED,ES-FEAT-PLATFORM-001;ES-FEAT-INVENTORY-001;ES-FEAT-IDENTITY-001;ES-FEAT-RELATIONSHIP-001;ES-FEAT-COMMUNICATIONS-001;ES-FEAT-TASKS-001;ES-FEAT-HORSE-001;ES-FEAT-CARE-001,GOVERNANCE,DRAFT_PIA_SUPPLEMENT,Derived from revised structured row ES-FEAT-INVENTORY-012 after independent-review adjudication; evidence tier=KEYWORD_MATCH_ONLY.
PIA_SUPPLEMENT_QUEUE,ES-FEAT-INVENTORY-012,vendor records,Inventory and assets,MEDIUM:8,P0,Barn Manager;Staff;Trainer;Facility Owner;Veterinarian;Farrier,PIA_SUPPLEMENT_CANDIDATE,IMPLEMENTED_UNVERIFIED,ES-FEAT-PLATFORM-001;ES-FEAT-INVENTORY-001;ES-FEAT-IDENTITY-001;ES-FEAT-RELATIONSHIP-001;ES-FEAT-COMMUNICATIONS-001;ES-FEAT-TASKS-001;ES-FEAT-HORSE-001;ES-FEAT-CARE-001,GOVERNANCE,DRAFT_PIA_SUPPLEMENT,Derived from revised structured row ES-FEAT-INVENTORY-012 after independent-review adjudication; evidence tier=KEYWORD_MATCH_ONLY.
RUNTIME_VERIFICATION_QUEUE,ES-FEAT-INVENTORY-012,vendor records,Inventory and assets,MEDIUM:8,P0,Barn Manager;Staff;Trainer;Facility Owner;Veterinarian;Farrier,PIA_SUPPLEMENT_CANDIDATE,IMPLEMENTED_UNVERIFIED,ES-FEAT-PLATFORM-001;ES-FEAT-INVENTORY-001;ES-FEAT-IDENTITY-001;ES-FEAT-RELATIONSHIP-001;ES-FEAT-COMMUNICATIONS-001;ES-FEAT-TASKS-001;ES-FEAT-HORSE-001;ES-FEAT-CARE-001,GOVERNANCE,DRAFT_PIA_SUPPLEMENT,Derived from revised structured row ES-FEAT-INVENTORY-012 after independent-review adjudication; evidence tier=KEYWORD_MATCH_ONLY.
CODE_GUIDE_QUEUE,ES-FEAT-INVENTORY-013,AI-assisted identification,Inventory and assets,CRITICAL:16,P0,Barn Manager;Staff;Trainer;Facility Owner;Veterinarian;Farrier,CODE_GUIDE_GAP,IMPLEMENTED_UNVERIFIED,ES-FEAT-PLATFORM-001;ES-FEAT-INVENTORY-001;ES-FEAT-IDENTITY-001;ES-FEAT-RELATIONSHIP-001;ES-FEAT-COMMUNICATIONS-001;ES-FEAT-TASKS-001;ES-FEAT-HORSE-001;ES-FEAT-CARE-001,ARCHITECTURE,DRAFT_CODE_GUIDE,Derived from revised structured row ES-FEAT-INVENTORY-013 after independent-review adjudication; evidence tier=KEYWORD_MATCH_ONLY.
FOUNDER_DECISION_QUEUE,ES-FEAT-INVENTORY-013,AI-assisted identification,Inventory and assets,CRITICAL:16,P0,Barn Manager;Staff;Trainer;Facility Owner;Veterinarian;Farrier,CODE_GUIDE_GAP,IMPLEMENTED_UNVERIFIED,ES-FEAT-PLATFORM-001;ES-FEAT-INVENTORY-001;ES-FEAT-IDENTITY-001;ES-FEAT-RELATIONSHIP-001;ES-FEAT-COMMUNICATIONS-001;ES-FEAT-TASKS-001;ES-FEAT-HORSE-001;ES-FEAT-CARE-001,ARCHITECTURE,DRAFT_CODE_GUIDE,Derived from revised structured row ES-FEAT-INVENTORY-013 after independent-review adjudication; evidence tier=KEYWORD_MATCH_ONLY.
IMPLEMENTATION_VERIFICATION_QUEUE,ES-FEAT-INVENTORY-013,AI-assisted identification,Inventory and assets,CRITICAL:16,P0,Barn Manager;Staff;Trainer;Facility Owner;Veterinarian;Farrier,CODE_GUIDE_GAP,IMPLEMENTED_UNVERIFIED,ES-FEAT-PLATFORM-001;ES-FEAT-INVENTORY-001;ES-FEAT-IDENTITY-001;ES-FEAT-RELATIONSHIP-001;ES-FEAT-COMMUNICATIONS-001;ES-FEAT-TASKS-001;ES-FEAT-HORSE-001;ES-FEAT-CARE-001,ARCHITECTURE,DRAFT_CODE_GUIDE,Derived from revised structured row ES-FEAT-INVENTORY-013 after independent-review adjudication; evidence tier=KEYWORD_MATCH_ONLY.
RUNTIME_VERIFICATION_QUEUE,ES-FEAT-INVENTORY-013,AI-assisted identification,Inventory and assets,CRITICAL:16,P0,Barn Manager;Staff;Trainer;Facility Owner;Veterinarian;Farrier,CODE_GUIDE_GAP,IMPLEMENTED_UNVERIFIED,ES-FEAT-PLATFORM-001;ES-FEAT-INVENTORY-001;ES-FEAT-IDENTITY-001;ES-FEAT-RELATIONSHIP-001;ES-FEAT-COMMUNICATIONS-001;ES-FEAT-TASKS-001;ES-FEAT-HORSE-001;ES-FEAT-CARE-001,ARCHITECTURE,DRAFT_CODE_GUIDE,Derived from revised structured row ES-FEAT-INVENTORY-013 after independent-review adjudication; evidence tier=KEYWORD_MATCH_ONLY.
FOUNDER_DECISION_QUEUE,ES-FEAT-INCIDENT-001,rider injury,"Incidents, emergency, welfare, and biosecurity",CRITICAL:12,P0,Barn Manager;Trainer;Staff;Owner;Guardian;Rider;Veterinarian;Support,OPERATING_STANDARD_GAP,IMPLEMENTED_UNVERIFIED,ES-FEAT-PLATFORM-001,OPERATIONS,DRAFT_OPERATING_STANDARD,Derived from revised structured row ES-FEAT-INCIDENT-001 after independent-review adjudication; evidence tier=KEYWORD_MATCH_ONLY.
IMPLEMENTATION_VERIFICATION_QUEUE,ES-FEAT-INCIDENT-001,rider injury,"Incidents, emergency, welfare, and biosecurity",CRITICAL:12,P0,Barn Manager;Trainer;Staff;Owner;Guardian;Rider;Veterinarian;Support,OPERATING_STANDARD_GAP,IMPLEMENTED_UNVERIFIED,ES-FEAT-PLATFORM-001,OPERATIONS,DRAFT_OPERATING_STANDARD,Derived from revised structured row ES-FEAT-INCIDENT-001 after independent-review adjudication; evidence tier=KEYWORD_MATCH_ONLY.
OPERATING_STANDARD_QUEUE,ES-FEAT-INCIDENT-001,rider injury,"Incidents, emergency, welfare, and biosecurity",CRITICAL:12,P0,Barn Manager;Trainer;Staff;Owner;Guardian;Rider;Veterinarian;Support,OPERATING_STANDARD_GAP,IMPLEMENTED_UNVERIFIED,ES-FEAT-PLATFORM-001,OPERATIONS,DRAFT_OPERATING_STANDARD,Derived from revised structured row ES-FEAT-INCIDENT-001 after independent-review adjudication; evidence tier=KEYWORD_MATCH_ONLY.
RUNTIME_VERIFICATION_QUEUE,ES-FEAT-INCIDENT-001,rider injury,"Incidents, emergency, welfare, and biosecurity",CRITICAL:12,P0,Barn Manager;Trainer;Staff;Owner;Guardian;Rider;Veterinarian;Support,OPERATING_STANDARD_GAP,IMPLEMENTED_UNVERIFIED,ES-FEAT-PLATFORM-001,OPERATIONS,DRAFT_OPERATING_STANDARD,Derived from revised structured row ES-FEAT-INCIDENT-001 after independent-review adjudication; evidence tier=KEYWORD_MATCH_ONLY.
FOUNDER_DECISION_QUEUE,ES-FEAT-INCIDENT-002,staff injury,"Incidents, emergency, welfare, and biosecurity",CRITICAL:8,P0,Barn Manager;Trainer;Staff;Owner;Guardian;Rider;Veterinarian;Support,OPERATING_STANDARD_GAP,IMPLEMENTED_UNVERIFIED,ES-FEAT-PLATFORM-001;ES-FEAT-INCIDENT-001;ES-FEAT-IDENTITY-001;ES-FEAT-RELATIONSHIP-001;ES-FEAT-COMMUNICATIONS-001;ES-FEAT-TASKS-001;ES-FEAT-HORSE-001;ES-FEAT-CARE-001,OPERATIONS,DRAFT_OPERATING_STANDARD,Derived from revised structured row ES-FEAT-INCIDENT-002 after independent-review adjudication; evidence tier=KEYWORD_MATCH_ONLY.
IMPLEMENTATION_VERIFICATION_QUEUE,ES-FEAT-INCIDENT-002,staff injury,"Incidents, emergency, welfare, and biosecurity",CRITICAL:8,P0,Barn Manager;Trainer;Staff;Owner;Guardian;Rider;Veterinarian;Support,OPERATING_STANDARD_GAP,IMPLEMENTED_UNVERIFIED,ES-FEAT-PLATFORM-001;ES-FEAT-INCIDENT-001;ES-FEAT-IDENTITY-001;ES-FEAT-RELATIONSHIP-001;ES-FEAT-COMMUNICATIONS-001;ES-FEAT-TASKS-001;ES-FEAT-HORSE-001;ES-FEAT-CARE-001,OPERATIONS,DRAFT_OPERATING_STANDARD,Derived from revised structured row ES-FEAT-INCIDENT-002 after independent-review adjudication; evidence tier=KEYWORD_MATCH_ONLY.
OPERATING_STANDARD_QUEUE,ES-FEAT-INCIDENT-002,staff injury,"Incidents, emergency, welfare, and biosecurity",CRITICAL:8,P0,Barn Manager;Trainer;Staff;Owner;Guardian;Rider;Veterinarian;Support,OPERATING_STANDARD_GAP,IMPLEMENTED_UNVERIFIED,ES-FEAT-PLATFORM-001;ES-FEAT-INCIDENT-001;ES-FEAT-IDENTITY-001;ES-FEAT-RELATIONSHIP-001;ES-FEAT-COMMUNICATIONS-001;ES-FEAT-TASKS-001;ES-FEAT-HORSE-001;ES-FEAT-CARE-001,OPERATIONS,DRAFT_OPERATING_STANDARD,Derived from revised structured row ES-FEAT-INCIDENT-002 after independent-review adjudication; evidence tier=KEYWORD_MATCH_ONLY.
RUNTIME_VERIFICATION_QUEUE,ES-FEAT-INCIDENT-002,staff injury,"Incidents, emergency, welfare, and biosecurity",CRITICAL:8,P0,Barn Manager;Trainer;Staff;Owner;Guardian;Rider;Veterinarian;Support,OPERATING_STANDARD_GAP,IMPLEMENTED_UNVERIFIED,ES-FEAT-PLATFORM-001;ES-FEAT-INCIDENT-001;ES-FEAT-IDENTITY-001;ES-FEAT-RELATIONSHIP-001;ES-FEAT-COMMUNICATIONS-001;ES-FEAT-TASKS-001;ES-FEAT-HORSE-001;ES-FEAT-CARE-001,OPERATIONS,DRAFT_OPERATING_STANDARD,Derived from revised structured row ES-FEAT-INCIDENT-002 after independent-review adjudication; evidence tier=KEYWORD_MATCH_ONLY.
FOUNDER_DECISION_QUEUE,ES-FEAT-INCIDENT-003,horse injury,"Incidents, emergency, welfare, and biosecurity",CRITICAL:4,P0,Barn Manager;Trainer;Staff;Owner;Guardian;Rider;Veterinarian;Support,OPERATING_STANDARD_GAP,IMPLEMENTED_UNVERIFIED,ES-FEAT-PLATFORM-001;ES-FEAT-INCIDENT-001;ES-FEAT-IDENTITY-001;ES-FEAT-RELATIONSHIP-001;ES-FEAT-COMMUNICATIONS-001;ES-FEAT-TASKS-001;ES-FEAT-HORSE-001;ES-FEAT-CARE-001,OPERATIONS,DRAFT_OPERATING_STANDARD,Derived from revised structured row ES-FEAT-INCIDENT-003 after independent-review adjudication; evidence tier=KEYWORD_MATCH_ONLY.
IMPLEMENTATION_VERIFICATION_QUEUE,ES-FEAT-INCIDENT-003,horse injury,"Incidents, emergency, welfare, and biosecurity",CRITICAL:4,P0,Barn Manager;Trainer;Staff;Owner;Guardian;Rider;Veterinarian;Support,OPERATING_STANDARD_GAP,IMPLEMENTED_UNVERIFIED,ES-FEAT-PLATFORM-001;ES-FEAT-INCIDENT-001;ES-FEAT-IDENTITY-001;ES-FEAT-RELATIONSHIP-001;ES-FEAT-COMMUNICATIONS-001;ES-FEAT-TASKS-001;ES-FEAT-HORSE-001;ES-FEAT-CARE-001,OPERATIONS,DRAFT_OPERATING_STANDARD,Derived from revised structured row ES-FEAT-INCIDENT-003 after independent-review adjudication; evidence tier=KEYWORD_MATCH_ONLY.
OPERATING_STANDARD_QUEUE,ES-FEAT-INCIDENT-003,horse injury,"Incidents, emergency, welfare, and biosecurity",CRITICAL:4,P0,Barn Manager;Trainer;Staff;Owner;Guardian;Rider;Veterinarian;Support,OPERATING_STANDARD_GAP,IMPLEMENTED_UNVERIFIED,ES-FEAT-PLATFORM-001;ES-FEAT-INCIDENT-001;ES-FEAT-IDENTITY-001;ES-FEAT-RELATIONSHIP-001;ES-FEAT-COMMUNICATIONS-001;ES-FEAT-TASKS-001;ES-FEAT-HORSE-001;ES-FEAT-CARE-001,OPERATIONS,DRAFT_OPERATING_STANDARD,Derived from revised structured row ES-FEAT-INCIDENT-003 after independent-review adjudication; evidence tier=KEYWORD_MATCH_ONLY.
RUNTIME_VERIFICATION_QUEUE,ES-FEAT-INCIDENT-003,horse injury,"Incidents, emergency, welfare, and biosecurity",CRITICAL:4,P0,Barn Manager;Trainer;Staff;Owner;Guardian;Rider;Veterinarian;Support,OPERATING_STANDARD_GAP,IMPLEMENTED_UNVERIFIED,ES-FEAT-PLATFORM-001;ES-FEAT-INCIDENT-001;ES-FEAT-IDENTITY-001;ES-FEAT-RELATIONSHIP-001;ES-FEAT-COMMUNICATIONS-001;ES-FEAT-TASKS-001;ES-FEAT-HORSE-001;ES-FEAT-CARE-001,OPERATIONS,DRAFT_OPERATING_STANDARD,Derived from revised structured row ES-FEAT-INCIDENT-003 after independent-review adjudication; evidence tier=KEYWORD_MATCH_ONLY.
FOUNDER_DECISION_QUEUE,ES-FEAT-INCIDENT-004,medication error,"Incidents, emergency, welfare, and biosecurity",CRITICAL:16,P0,Barn Manager;Trainer;Staff;Owner;Guardian;Rider;Veterinarian;Support,OPERATING_STANDARD_GAP,IMPLEMENTED_UNVERIFIED,ES-FEAT-PLATFORM-001;ES-FEAT-INCIDENT-001;ES-FEAT-IDENTITY-001;ES-FEAT-RELATIONSHIP-001;ES-FEAT-COMMUNICATIONS-001;ES-FEAT-TASKS-001;ES-FEAT-HORSE-001;ES-FEAT-CARE-001,OPERATIONS,DRAFT_OPERATING_STANDARD,Derived from revised structured row ES-FEAT-INCIDENT-004 after independent-review adjudication; evidence tier=KEYWORD_MATCH_ONLY.
IMPLEMENTATION_VERIFICATION_QUEUE,ES-FEAT-INCIDENT-004,medication error,"Incidents, emergency, welfare, and biosecurity",CRITICAL:16,P0,Barn Manager;Trainer;Staff;Owner;Guardian;Rider;Veterinarian;Support,OPERATING_STANDARD_GAP,IMPLEMENTED_UNVERIFIED,ES-FEAT-PLATFORM-001;ES-FEAT-INCIDENT-001;ES-FEAT-IDENTITY-001;ES-FEAT-RELATIONSHIP-001;ES-FEAT-COMMUNICATIONS-001;ES-FEAT-TASKS-001;ES-FEAT-HORSE-001;ES-FEAT-CARE-001,OPERATIONS,DRAFT_OPERATING_STANDARD,Derived from revised structured row ES-FEAT-INCIDENT-004 after independent-review adjudication; evidence tier=KEYWORD_MATCH_ONLY.
OPERATING_STANDARD_QUEUE,ES-FEAT-INCIDENT-004,medication error,"Incidents, emergency, welfare, and biosecurity",CRITICAL:16,P0,Barn Manager;Trainer;Staff;Owner;Guardian;Rider;Veterinarian;Support,OPERATING_STANDARD_GAP,IMPLEMENTED_UNVERIFIED,ES-FEAT-PLATFORM-001;ES-FEAT-INCIDENT-001;ES-FEAT-IDENTITY-001;ES-FEAT-RELATIONSHIP-001;ES-FEAT-COMMUNICATIONS-001;ES-FEAT-TASKS-001;ES-FEAT-HORSE-001;ES-FEAT-CARE-001,OPERATIONS,DRAFT_OPERATING_STANDARD,Derived from revised structured row ES-FEAT-INCIDENT-004 after independent-review adjudication; evidence tier=KEYWORD_MATCH_ONLY.
RUNTIME_VERIFICATION_QUEUE,ES-FEAT-INCIDENT-004,medication error,"Incidents, emergency, welfare, and biosecurity",CRITICAL:16,P0,Barn Manager;Trainer;Staff;Owner;Guardian;Rider;Veterinarian;Support,OPERATING_STANDARD_GAP,IMPLEMENTED_UNVERIFIED,ES-FEAT-PLATFORM-001;ES-FEAT-INCIDENT-001;ES-FEAT-IDENTITY-001;ES-FEAT-RELATIONSHIP-001;ES-FEAT-COMMUNICATIONS-001;ES-FEAT-TASKS-001;ES-FEAT-HORSE-001;ES-FEAT-CARE-001,OPERATIONS,DRAFT_OPERATING_STANDARD,Derived from revised structured row ES-FEAT-INCIDENT-004 after independent-review adjudication; evidence tier=KEYWORD_MATCH_ONLY.
FOUNDER_DECISION_QUEUE,ES-FEAT-INCIDENT-005,loose horse,"Incidents, emergency, welfare, and biosecurity",CRITICAL:12,P0,Barn Manager;Trainer;Staff;Owner;Guardian;Rider;Veterinarian;Support,OPERATING_STANDARD_GAP,IMPLEMENTED_UNVERIFIED,ES-FEAT-PLATFORM-001;ES-FEAT-INCIDENT-001;ES-FEAT-IDENTITY-001;ES-FEAT-RELATIONSHIP-001;ES-FEAT-COMMUNICATIONS-001;ES-FEAT-TASKS-001;ES-FEAT-HORSE-001;ES-FEAT-CARE-001,OPERATIONS,DRAFT_OPERATING_STANDARD,Derived from revised structured row ES-FEAT-INCIDENT-005 after independent-review adjudication; evidence tier=KEYWORD_MATCH_ONLY.
IMPLEMENTATION_VERIFICATION_QUEUE,ES-FEAT-INCIDENT-005,loose horse,"Incidents, emergency, welfare, and biosecurity",CRITICAL:12,P0,Barn Manager;Trainer;Staff;Owner;Guardian;Rider;Veterinarian;Support,OPERATING_STANDARD_GAP,IMPLEMENTED_UNVERIFIED,ES-FEAT-PLATFORM-001;ES-FEAT-INCIDENT-001;ES-FEAT-IDENTITY-001;ES-FEAT-RELATIONSHIP-001;ES-FEAT-COMMUNICATIONS-001;ES-FEAT-TASKS-001;ES-FEAT-HORSE-001;ES-FEAT-CARE-001,OPERATIONS,DRAFT_OPERATING_STANDARD,Derived from revised structured row ES-FEAT-INCIDENT-005 after independent-review adjudication; evidence tier=KEYWORD_MATCH_ONLY.
OPERATING_STANDARD_QUEUE,ES-FEAT-INCIDENT-005,loose horse,"Incidents, emergency, welfare, and biosecurity",CRITICAL:12,P0,Barn Manager;Trainer;Staff;Owner;Guardian;Rider;Veterinarian;Support,OPERATING_STANDARD_GAP,IMPLEMENTED_UNVERIFIED,ES-FEAT-PLATFORM-001;ES-FEAT-INCIDENT-001;ES-FEAT-IDENTITY-001;ES-FEAT-RELATIONSHIP-001;ES-FEAT-COMMUNICATIONS-001;ES-FEAT-TASKS-001;ES-FEAT-HORSE-001;ES-FEAT-CARE-001,OPERATIONS,DRAFT_OPERATING_STANDARD,Derived from revised structured row ES-FEAT-INCIDENT-005 after independent-review adjudication; evidence tier=KEYWORD_MATCH_ONLY.
RUNTIME_VERIFICATION_QUEUE,ES-FEAT-INCIDENT-005,loose horse,"Incidents, emergency, welfare, and biosecurity",CRITICAL:12,P0,Barn Manager;Trainer;Staff;Owner;Guardian;Rider;Veterinarian;Support,OPERATING_STANDARD_GAP,IMPLEMENTED_UNVERIFIED,ES-FEAT-PLATFORM-001;ES-FEAT-INCIDENT-001;ES-FEAT-IDENTITY-001;ES-FEAT-RELATIONSHIP-001;ES-FEAT-COMMUNICATIONS-001;ES-FEAT-TASKS-001;ES-FEAT-HORSE-001;ES-FEAT-CARE-001,OPERATIONS,DRAFT_OPERATING_STANDARD,Derived from revised structured row ES-FEAT-INCIDENT-005 after independent-review adjudication; evidence tier=KEYWORD_MATCH_ONLY.
FOUNDER_DECISION_QUEUE,ES-FEAT-INCIDENT-006,fire,"Incidents, emergency, welfare, and biosecurity",CRITICAL:8,P0,Barn Manager;Trainer;Staff;Owner;Guardian;Rider;Veterinarian;Support,OPERATING_STANDARD_GAP,IMPLEMENTED_UNVERIFIED,ES-FEAT-PLATFORM-001;ES-FEAT-INCIDENT-001;ES-FEAT-IDENTITY-001;ES-FEAT-RELATIONSHIP-001;ES-FEAT-COMMUNICATIONS-001;ES-FEAT-TASKS-001;ES-FEAT-HORSE-001;ES-FEAT-CARE-001,OPERATIONS,DRAFT_OPERATING_STANDARD,Derived from revised structured row ES-FEAT-INCIDENT-006 after independent-review adjudication; evidence tier=KEYWORD_MATCH_ONLY.
IMPLEMENTATION_VERIFICATION_QUEUE,ES-FEAT-INCIDENT-006,fire,"Incidents, emergency, welfare, and biosecurity",CRITICAL:8,P0,Barn Manager;Trainer;Staff;Owner;Guardian;Rider;Veterinarian;Support,OPERATING_STANDARD_GAP,IMPLEMENTED_UNVERIFIED,ES-FEAT-PLATFORM-001;ES-FEAT-INCIDENT-001;ES-FEAT-IDENTITY-001;ES-FEAT-RELATIONSHIP-001;ES-FEAT-COMMUNICATIONS-001;ES-FEAT-TASKS-001;ES-FEAT-HORSE-001;ES-FEAT-CARE-001,OPERATIONS,DRAFT_OPERATING_STANDARD,Derived from revised structured row ES-FEAT-INCIDENT-006 after independent-review adjudication; evidence tier=KEYWORD_MATCH_ONLY.
OPERATING_STANDARD_QUEUE,ES-FEAT-INCIDENT-006,fire,"Incidents, emergency, welfare, and biosecurity",CRITICAL:8,P0,Barn Manager;Trainer;Staff;Owner;Guardian;Rider;Veterinarian;Support,OPERATING_STANDARD_GAP,IMPLEMENTED_UNVERIFIED,ES-FEAT-PLATFORM-001;ES-FEAT-INCIDENT-001;ES-FEAT-IDENTITY-001;ES-FEAT-RELATIONSHIP-001;ES-FEAT-COMMUNICATIONS-001;ES-FEAT-TASKS-001;ES-FEAT-HORSE-001;ES-FEAT-CARE-001,OPERATIONS,DRAFT_OPERATING_STANDARD,Derived from revised structured row ES-FEAT-INCIDENT-006 after independent-review adjudication; evidence tier=KEYWORD_MATCH_ONLY.
RUNTIME_VERIFICATION_QUEUE,ES-FEAT-INCIDENT-006,fire,"Incidents, emergency, welfare, and biosecurity",CRITICAL:8,P0,Barn Manager;Trainer;Staff;Owner;Guardian;Rider;Veterinarian;Support,OPERATING_STANDARD_GAP,IMPLEMENTED_UNVERIFIED,ES-FEAT-PLATFORM-001;ES-FEAT-INCIDENT-001;ES-FEAT-IDENTITY-001;ES-FEAT-RELATIONSHIP-001;ES-FEAT-COMMUNICATIONS-001;ES-FEAT-TASKS-001;ES-FEAT-HORSE-001;ES-FEAT-CARE-001,OPERATIONS,DRAFT_OPERATING_STANDARD,Derived from revised structured row ES-FEAT-INCIDENT-006 after independent-review adjudication; evidence tier=KEYWORD_MATCH_ONLY.
FOUNDER_DECISION_QUEUE,ES-FEAT-INCIDENT-007,weather emergency,"Incidents, emergency, welfare, and biosecurity",CRITICAL:4,P0,Barn Manager;Trainer;Staff;Owner;Guardian;Rider;Veterinarian;Support,OPERATING_STANDARD_GAP,IMPLEMENTED_UNVERIFIED,ES-FEAT-PLATFORM-001;ES-FEAT-INCIDENT-001;ES-FEAT-IDENTITY-001;ES-FEAT-RELATIONSHIP-001;ES-FEAT-COMMUNICATIONS-001;ES-FEAT-TASKS-001;ES-FEAT-HORSE-001;ES-FEAT-CARE-001,OPERATIONS,DRAFT_OPERATING_STANDARD,Derived from revised structured row ES-FEAT-INCIDENT-007 after independent-review adjudication; evidence tier=KEYWORD_MATCH_ONLY.
IMPLEMENTATION_VERIFICATION_QUEUE,ES-FEAT-INCIDENT-007,weather emergency,"Incidents, emergency, welfare, and biosecurity",CRITICAL:4,P0,Barn Manager;Trainer;Staff;Owner;Guardian;Rider;Veterinarian;Support,OPERATING_STANDARD_GAP,IMPLEMENTED_UNVERIFIED,ES-FEAT-PLATFORM-001;ES-FEAT-INCIDENT-001;ES-FEAT-IDENTITY-001;ES-FEAT-RELATIONSHIP-001;ES-FEAT-COMMUNICATIONS-001;ES-FEAT-TASKS-001;ES-FEAT-HORSE-001;ES-FEAT-CARE-001,OPERATIONS,DRAFT_OPERATING_STANDARD,Derived from revised structured row ES-FEAT-INCIDENT-007 after independent-review adjudication; evidence tier=KEYWORD_MATCH_ONLY.
OPERATING_STANDARD_QUEUE,ES-FEAT-INCIDENT-007,weather emergency,"Incidents, emergency, welfare, and biosecurity",CRITICAL:4,P0,Barn Manager;Trainer;Staff;Owner;Guardian;Rider;Veterinarian;Support,OPERATING_STANDARD_GAP,IMPLEMENTED_UNVERIFIED,ES-FEAT-PLATFORM-001;ES-FEAT-INCIDENT-001;ES-FEAT-IDENTITY-001;ES-FEAT-RELATIONSHIP-001;ES-FEAT-COMMUNICATIONS-001;ES-FEAT-TASKS-001;ES-FEAT-HORSE-001;ES-FEAT-CARE-001,OPERATIONS,DRAFT_OPERATING_STANDARD,Derived from revised structured row ES-FEAT-INCIDENT-007 after independent-review adjudication; evidence tier=KEYWORD_MATCH_ONLY.
RUNTIME_VERIFICATION_QUEUE,ES-FEAT-INCIDENT-007,weather emergency,"Incidents, emergency, welfare, and biosecurity",CRITICAL:4,P0,Barn Manager;Trainer;Staff;Owner;Guardian;Rider;Veterinarian;Support,OPERATING_STANDARD_GAP,IMPLEMENTED_UNVERIFIED,ES-FEAT-PLATFORM-001;ES-FEAT-INCIDENT-001;ES-FEAT-IDENTITY-001;ES-FEAT-RELATIONSHIP-001;ES-FEAT-COMMUNICATIONS-001;ES-FEAT-TASKS-001;ES-FEAT-HORSE-001;ES-FEAT-CARE-001,OPERATIONS,DRAFT_OPERATING_STANDARD,Derived from revised structured row ES-FEAT-INCIDENT-007 after independent-review adjudication; evidence tier=KEYWORD_MATCH_ONLY.
FOUNDER_DECISION_QUEUE,ES-FEAT-INCIDENT-008,disease exposure,"Incidents, emergency, welfare, and biosecurity",CRITICAL:16,P0,Barn Manager;Trainer;Staff;Owner;Guardian;Rider;Veterinarian;Support,OPERATING_STANDARD_GAP,IMPLEMENTED_UNVERIFIED,ES-FEAT-PLATFORM-001;ES-FEAT-INCIDENT-001;ES-FEAT-IDENTITY-001;ES-FEAT-RELATIONSHIP-001;ES-FEAT-COMMUNICATIONS-001;ES-FEAT-TASKS-001;ES-FEAT-HORSE-001;ES-FEAT-CARE-001,OPERATIONS,DRAFT_OPERATING_STANDARD,Derived from revised structured row ES-FEAT-INCIDENT-008 after independent-review adjudication; evidence tier=KEYWORD_MATCH_ONLY.
IMPLEMENTATION_VERIFICATION_QUEUE,ES-FEAT-INCIDENT-008,disease exposure,"Incidents, emergency, welfare, and biosecurity",CRITICAL:16,P0,Barn Manager;Trainer;Staff;Owner;Guardian;Rider;Veterinarian;Support,OPERATING_STANDARD_GAP,IMPLEMENTED_UNVERIFIED,ES-FEAT-PLATFORM-001;ES-FEAT-INCIDENT-001;ES-FEAT-IDENTITY-001;ES-FEAT-RELATIONSHIP-001;ES-FEAT-COMMUNICATIONS-001;ES-FEAT-TASKS-001;ES-FEAT-HORSE-001;ES-FEAT-CARE-001,OPERATIONS,DRAFT_OPERATING_STANDARD,Derived from revised structured row ES-FEAT-INCIDENT-008 after independent-review adjudication; evidence tier=KEYWORD_MATCH_ONLY.
OPERATING_STANDARD_QUEUE,ES-FEAT-INCIDENT-008,disease exposure,"Incidents, emergency, welfare, and biosecurity",CRITICAL:16,P0,Barn Manager;Trainer;Staff;Owner;Guardian;Rider;Veterinarian;Support,OPERATING_STANDARD_GAP,IMPLEMENTED_UNVERIFIED,ES-FEAT-PLATFORM-001;ES-FEAT-INCIDENT-001;ES-FEAT-IDENTITY-001;ES-FEAT-RELATIONSHIP-001;ES-FEAT-COMMUNICATIONS-001;ES-FEAT-TASKS-001;ES-FEAT-HORSE-001;ES-FEAT-CARE-001,OPERATIONS,DRAFT_OPERATING_STANDARD,Derived from revised structured row ES-FEAT-INCIDENT-008 after independent-review adjudication; evidence tier=KEYWORD_MATCH_ONLY.
RUNTIME_VERIFICATION_QUEUE,ES-FEAT-INCIDENT-008,disease exposure,"Incidents, emergency, welfare, and biosecurity",CRITICAL:16,P0,Barn Manager;Trainer;Staff;Owner;Guardian;Rider;Veterinarian;Support,OPERATING_STANDARD_GAP,IMPLEMENTED_UNVERIFIED,ES-FEAT-PLATFORM-001;ES-FEAT-INCIDENT-001;ES-FEAT-IDENTITY-001;ES-FEAT-RELATIONSHIP-001;ES-FEAT-COMMUNICATIONS-001;ES-FEAT-TASKS-001;ES-FEAT-HORSE-001;ES-FEAT-CARE-001,OPERATIONS,DRAFT_OPERATING_STANDARD,Derived from revised structured row ES-FEAT-INCIDENT-008 after independent-review adjudication; evidence tier=KEYWORD_MATCH_ONLY.
FOUNDER_DECISION_QUEUE,ES-FEAT-INCIDENT-009,quarantine,"Incidents, emergency, welfare, and biosecurity",CRITICAL:12,P0,Barn Manager;Trainer;Staff;Owner;Guardian;Rider;Veterinarian;Support,OPERATING_STANDARD_GAP,IMPLEMENTED_UNVERIFIED,ES-FEAT-PLATFORM-001;ES-FEAT-INCIDENT-001;ES-FEAT-IDENTITY-001;ES-FEAT-RELATIONSHIP-001;ES-FEAT-COMMUNICATIONS-001;ES-FEAT-TASKS-001;ES-FEAT-HORSE-001;ES-FEAT-CARE-001,OPERATIONS,DRAFT_OPERATING_STANDARD,Derived from revised structured row ES-FEAT-INCIDENT-009 after independent-review adjudication; evidence tier=KEYWORD_MATCH_ONLY.
IMPLEMENTATION_VERIFICATION_QUEUE,ES-FEAT-INCIDENT-009,quarantine,"Incidents, emergency, welfare, and biosecurity",CRITICAL:12,P0,Barn Manager;Trainer;Staff;Owner;Guardian;Rider;Veterinarian;Support,OPERATING_STANDARD_GAP,IMPLEMENTED_UNVERIFIED,ES-FEAT-PLATFORM-001;ES-FEAT-INCIDENT-001;ES-FEAT-IDENTITY-001;ES-FEAT-RELATIONSHIP-001;ES-FEAT-COMMUNICATIONS-001;ES-FEAT-TASKS-001;ES-FEAT-HORSE-001;ES-FEAT-CARE-001,OPERATIONS,DRAFT_OPERATING_STANDARD,Derived from revised structured row ES-FEAT-INCIDENT-009 after independent-review adjudication; evidence tier=KEYWORD_MATCH_ONLY.
OPERATING_STANDARD_QUEUE,ES-FEAT-INCIDENT-009,quarantine,"Incidents, emergency, welfare, and biosecurity",CRITICAL:12,P0,Barn Manager;Trainer;Staff;Owner;Guardian;Rider;Veterinarian;Support,OPERATING_STANDARD_GAP,IMPLEMENTED_UNVERIFIED,ES-FEAT-PLATFORM-001;ES-FEAT-INCIDENT-001;ES-FEAT-IDENTITY-001;ES-FEAT-RELATIONSHIP-001;ES-FEAT-COMMUNICATIONS-001;ES-FEAT-TASKS-001;ES-FEAT-HORSE-001;ES-FEAT-CARE-001,OPERATIONS,DRAFT_OPERATING_STANDARD,Derived from revised structured row ES-FEAT-INCIDENT-009 after independent-review adjudication; evidence tier=KEYWORD_MATCH_ONLY.
RUNTIME_VERIFICATION_QUEUE,ES-FEAT-INCIDENT-009,quarantine,"Incidents, emergency, welfare, and biosecurity",CRITICAL:12,P0,Barn Manager;Trainer;Staff;Owner;Guardian;Rider;Veterinarian;Support,OPERATING_STANDARD_GAP,IMPLEMENTED_UNVERIFIED,ES-FEAT-PLATFORM-001;ES-FEAT-INCIDENT-001;ES-FEAT-IDENTITY-001;ES-FEAT-RELATIONSHIP-001;ES-FEAT-COMMUNICATIONS-001;ES-FEAT-TASKS-001;ES-FEAT-HORSE-001;ES-FEAT-CARE-001,OPERATIONS,DRAFT_OPERATING_STANDARD,Derived from revised structured row ES-FEAT-INCIDENT-009 after independent-review adjudication; evidence tier=KEYWORD_MATCH_ONLY.
FOUNDER_DECISION_QUEUE,ES-FEAT-INCIDENT-010,safeguarding incident,"Incidents, emergency, welfare, and biosecurity",CRITICAL:8,P0,Barn Manager;Trainer;Staff;Owner;Guardian;Rider;Veterinarian;Support,OPERATING_STANDARD_GAP,IMPLEMENTED_UNVERIFIED,ES-FEAT-PLATFORM-001;ES-FEAT-INCIDENT-001;ES-FEAT-IDENTITY-001;ES-FEAT-RELATIONSHIP-001;ES-FEAT-COMMUNICATIONS-001;ES-FEAT-TASKS-001;ES-FEAT-HORSE-001;ES-FEAT-CARE-001,OPERATIONS,DRAFT_OPERATING_STANDARD,Derived from revised structured row ES-FEAT-INCIDENT-010 after independent-review adjudication; evidence tier=KEYWORD_MATCH_ONLY.
IMPLEMENTATION_VERIFICATION_QUEUE,ES-FEAT-INCIDENT-010,safeguarding incident,"Incidents, emergency, welfare, and biosecurity",CRITICAL:8,P0,Barn Manager;Trainer;Staff;Owner;Guardian;Rider;Veterinarian;Support,OPERATING_STANDARD_GAP,IMPLEMENTED_UNVERIFIED,ES-FEAT-PLATFORM-001;ES-FEAT-INCIDENT-001;ES-FEAT-IDENTITY-001;ES-FEAT-RELATIONSHIP-001;ES-FEAT-COMMUNICATIONS-001;ES-FEAT-TASKS-001;ES-FEAT-HORSE-001;ES-FEAT-CARE-001,OPERATIONS,DRAFT_OPERATING_STANDARD,Derived from revised structured row ES-FEAT-INCIDENT-010 after independent-review adjudication; evidence tier=KEYWORD_MATCH_ONLY.
OPERATING_STANDARD_QUEUE,ES-FEAT-INCIDENT-010,safeguarding incident,"Incidents, emergency, welfare, and biosecurity",CRITICAL:8,P0,Barn Manager;Trainer;Staff;Owner;Guardian;Rider;Veterinarian;Support,OPERATING_STANDARD_GAP,IMPLEMENTED_UNVERIFIED,ES-FEAT-PLATFORM-001;ES-FEAT-INCIDENT-001;ES-FEAT-IDENTITY-001;ES-FEAT-RELATIONSHIP-001;ES-FEAT-COMMUNICATIONS-001;ES-FEAT-TASKS-001;ES-FEAT-HORSE-001;ES-FEAT-CARE-001,OPERATIONS,DRAFT_OPERATING_STANDARD,Derived from revised structured row ES-FEAT-INCIDENT-010 after independent-review adjudication; evidence tier=KEYWORD_MATCH_ONLY.
RUNTIME_VERIFICATION_QUEUE,ES-FEAT-INCIDENT-010,safeguarding incident,"Incidents, emergency, welfare, and biosecurity",CRITICAL:8,P0,Barn Manager;Trainer;Staff;Owner;Guardian;Rider;Veterinarian;Support,OPERATING_STANDARD_GAP,IMPLEMENTED_UNVERIFIED,ES-FEAT-PLATFORM-001;ES-FEAT-INCIDENT-001;ES-FEAT-IDENTITY-001;ES-FEAT-RELATIONSHIP-001;ES-FEAT-COMMUNICATIONS-001;ES-FEAT-TASKS-001;ES-FEAT-HORSE-001;ES-FEAT-CARE-001,OPERATIONS,DRAFT_OPERATING_STANDARD,Derived from revised structured row ES-FEAT-INCIDENT-010 after independent-review adjudication; evidence tier=KEYWORD_MATCH_ONLY.
FOUNDER_DECISION_QUEUE,ES-FEAT-INCIDENT-011,emergency contacts,"Incidents, emergency, welfare, and biosecurity",CRITICAL:4,P0,Barn Manager;Trainer;Staff;Owner;Guardian;Rider;Veterinarian;Support,OPERATING_STANDARD_GAP,IMPLEMENTED_UNVERIFIED,ES-FEAT-PLATFORM-001;ES-FEAT-INCIDENT-001;ES-FEAT-IDENTITY-001;ES-FEAT-RELATIONSHIP-001;ES-FEAT-COMMUNICATIONS-001;ES-FEAT-TASKS-001;ES-FEAT-HORSE-001;ES-FEAT-CARE-001,OPERATIONS,DRAFT_OPERATING_STANDARD,Derived from revised structured row ES-FEAT-INCIDENT-011 after independent-review adjudication; evidence tier=KEYWORD_MATCH_ONLY.
IMPLEMENTATION_VERIFICATION_QUEUE,ES-FEAT-INCIDENT-011,emergency contacts,"Incidents, emergency, welfare, and biosecurity",CRITICAL:4,P0,Barn Manager;Trainer;Staff;Owner;Guardian;Rider;Veterinarian;Support,OPERATING_STANDARD_GAP,IMPLEMENTED_UNVERIFIED,ES-FEAT-PLATFORM-001;ES-FEAT-INCIDENT-001;ES-FEAT-IDENTITY-001;ES-FEAT-RELATIONSHIP-001;ES-FEAT-COMMUNICATIONS-001;ES-FEAT-TASKS-001;ES-FEAT-HORSE-001;ES-FEAT-CARE-001,OPERATIONS,DRAFT_OPERATING_STANDARD,Derived from revised structured row ES-FEAT-INCIDENT-011 after independent-review adjudication; evidence tier=KEYWORD_MATCH_ONLY.
OPERATING_STANDARD_QUEUE,ES-FEAT-INCIDENT-011,emergency contacts,"Incidents, emergency, welfare, and biosecurity",CRITICAL:4,P0,Barn Manager;Trainer;Staff;Owner;Guardian;Rider;Veterinarian;Support,OPERATING_STANDARD_GAP,IMPLEMENTED_UNVERIFIED,ES-FEAT-PLATFORM-001;ES-FEAT-INCIDENT-001;ES-FEAT-IDENTITY-001;ES-FEAT-RELATIONSHIP-001;ES-FEAT-COMMUNICATIONS-001;ES-FEAT-TASKS-001;ES-FEAT-HORSE-001;ES-FEAT-CARE-001,OPERATIONS,DRAFT_OPERATING_STANDARD,Derived from revised structured row ES-FEAT-INCIDENT-011 after independent-review adjudication; evidence tier=KEYWORD_MATCH_ONLY.
RUNTIME_VERIFICATION_QUEUE,ES-FEAT-INCIDENT-011,emergency contacts,"Incidents, emergency, welfare, and biosecurity",CRITICAL:4,P0,Barn Manager;Trainer;Staff;Owner;Guardian;Rider;Veterinarian;Support,OPERATING_STANDARD_GAP,IMPLEMENTED_UNVERIFIED,ES-FEAT-PLATFORM-001;ES-FEAT-INCIDENT-001;ES-FEAT-IDENTITY-001;ES-FEAT-RELATIONSHIP-001;ES-FEAT-COMMUNICATIONS-001;ES-FEAT-TASKS-001;ES-FEAT-HORSE-001;ES-FEAT-CARE-001,OPERATIONS,DRAFT_OPERATING_STANDARD,Derived from revised structured row ES-FEAT-INCIDENT-011 after independent-review adjudication; evidence tier=KEYWORD_MATCH_ONLY.
FOUNDER_DECISION_QUEUE,ES-FEAT-INCIDENT-012,escalation (Incidents),"Incidents, emergency, welfare, and biosecurity",CRITICAL:16,P0,Barn Manager;Trainer;Staff;Owner;Guardian;Rider;Veterinarian;Support,OPERATING_STANDARD_GAP,IMPLEMENTED_UNVERIFIED,ES-FEAT-PLATFORM-001;ES-FEAT-INCIDENT-001;ES-FEAT-IDENTITY-001;ES-FEAT-RELATIONSHIP-001;ES-FEAT-COMMUNICATIONS-001;ES-FEAT-TASKS-001;ES-FEAT-HORSE-001;ES-FEAT-CARE-001,OPERATIONS,DRAFT_OPERATING_STANDARD,Derived from revised structured row ES-FEAT-INCIDENT-012 after independent-review adjudication; evidence tier=KEYWORD_MATCH_ONLY.
IMPLEMENTATION_VERIFICATION_QUEUE,ES-FEAT-INCIDENT-012,escalation (Incidents),"Incidents, emergency, welfare, and biosecurity",CRITICAL:16,P0,Barn Manager;Trainer;Staff;Owner;Guardian;Rider;Veterinarian;Support,OPERATING_STANDARD_GAP,IMPLEMENTED_UNVERIFIED,ES-FEAT-PLATFORM-001;ES-FEAT-INCIDENT-001;ES-FEAT-IDENTITY-001;ES-FEAT-RELATIONSHIP-001;ES-FEAT-COMMUNICATIONS-001;ES-FEAT-TASKS-001;ES-FEAT-HORSE-001;ES-FEAT-CARE-001,OPERATIONS,DRAFT_OPERATING_STANDARD,Derived from revised structured row ES-FEAT-INCIDENT-012 after independent-review adjudication; evidence tier=KEYWORD_MATCH_ONLY.
OPERATING_STANDARD_QUEUE,ES-FEAT-INCIDENT-012,escalation (Incidents),"Incidents, emergency, welfare, and biosecurity",CRITICAL:16,P0,Barn Manager;Trainer;Staff;Owner;Guardian;Rider;Veterinarian;Support,OPERATING_STANDARD_GAP,IMPLEMENTED_UNVERIFIED,ES-FEAT-PLATFORM-001;ES-FEAT-INCIDENT-001;ES-FEAT-IDENTITY-001;ES-FEAT-RELATIONSHIP-001;ES-FEAT-COMMUNICATIONS-001;ES-FEAT-TASKS-001;ES-FEAT-HORSE-001;ES-FEAT-CARE-001,OPERATIONS,DRAFT_OPERATING_STANDARD,Derived from revised structured row ES-FEAT-INCIDENT-012 after independent-review adjudication; evidence tier=KEYWORD_MATCH_ONLY.
RUNTIME_VERIFICATION_QUEUE,ES-FEAT-INCIDENT-012,escalation (Incidents),"Incidents, emergency, welfare, and biosecurity",CRITICAL:16,P0,Barn Manager;Trainer;Staff;Owner;Guardian;Rider;Veterinarian;Support,OPERATING_STANDARD_GAP,IMPLEMENTED_UNVERIFIED,ES-FEAT-PLATFORM-001;ES-FEAT-INCIDENT-001;ES-FEAT-IDENTITY-001;ES-FEAT-RELATIONSHIP-001;ES-FEAT-COMMUNICATIONS-001;ES-FEAT-TASKS-001;ES-FEAT-HORSE-001;ES-FEAT-CARE-001,OPERATIONS,DRAFT_OPERATING_STANDARD,Derived from revised structured row ES-FEAT-INCIDENT-012 after independent-review adjudication; evidence tier=KEYWORD_MATCH_ONLY.
FOUNDER_DECISION_QUEUE,ES-FEAT-INCIDENT-013,evidence preservation,"Incidents, emergency, welfare, and biosecurity",CRITICAL:12,P0,Barn Manager;Trainer;Staff;Owner;Guardian;Rider;Veterinarian;Support,OPERATING_STANDARD_GAP,IMPLEMENTED_UNVERIFIED,ES-FEAT-PLATFORM-001;ES-FEAT-INCIDENT-001;ES-FEAT-IDENTITY-001;ES-FEAT-RELATIONSHIP-001;ES-FEAT-COMMUNICATIONS-001;ES-FEAT-TASKS-001;ES-FEAT-HORSE-001;ES-FEAT-CARE-001,OPERATIONS,DRAFT_OPERATING_STANDARD,Derived from revised structured row ES-FEAT-INCIDENT-013 after independent-review adjudication; evidence tier=KEYWORD_MATCH_ONLY.
IMPLEMENTATION_VERIFICATION_QUEUE,ES-FEAT-INCIDENT-013,evidence preservation,"Incidents, emergency, welfare, and biosecurity",CRITICAL:12,P0,Barn Manager;Trainer;Staff;Owner;Guardian;Rider;Veterinarian;Support,OPERATING_STANDARD_GAP,IMPLEMENTED_UNVERIFIED,ES-FEAT-PLATFORM-001;ES-FEAT-INCIDENT-001;ES-FEAT-IDENTITY-001;ES-FEAT-RELATIONSHIP-001;ES-FEAT-COMMUNICATIONS-001;ES-FEAT-TASKS-001;ES-FEAT-HORSE-001;ES-FEAT-CARE-001,OPERATIONS,DRAFT_OPERATING_STANDARD,Derived from revised structured row ES-FEAT-INCIDENT-013 after independent-review adjudication; evidence tier=KEYWORD_MATCH_ONLY.
OPERATING_STANDARD_QUEUE,ES-FEAT-INCIDENT-013,evidence preservation,"Incidents, emergency, welfare, and biosecurity",CRITICAL:12,P0,Barn Manager;Trainer;Staff;Owner;Guardian;Rider;Veterinarian;Support,OPERATING_STANDARD_GAP,IMPLEMENTED_UNVERIFIED,ES-FEAT-PLATFORM-001;ES-FEAT-INCIDENT-001;ES-FEAT-IDENTITY-001;ES-FEAT-RELATIONSHIP-001;ES-FEAT-COMMUNICATIONS-001;ES-FEAT-TASKS-001;ES-FEAT-HORSE-001;ES-FEAT-CARE-001,OPERATIONS,DRAFT_OPERATING_STANDARD,Derived from revised structured row ES-FEAT-INCIDENT-013 after independent-review adjudication; evidence tier=KEYWORD_MATCH_ONLY.
RUNTIME_VERIFICATION_QUEUE,ES-FEAT-INCIDENT-013,evidence preservation,"Incidents, emergency, welfare, and biosecurity",CRITICAL:12,P0,Barn Manager;Trainer;Staff;Owner;Guardian;Rider;Veterinarian;Support,OPERATING_STANDARD_GAP,IMPLEMENTED_UNVERIFIED,ES-FEAT-PLATFORM-001;ES-FEAT-INCIDENT-001;ES-FEAT-IDENTITY-001;ES-FEAT-RELATIONSHIP-001;ES-FEAT-COMMUNICATIONS-001;ES-FEAT-TASKS-001;ES-FEAT-HORSE-001;ES-FEAT-CARE-001,OPERATIONS,DRAFT_OPERATING_STANDARD,Derived from revised structured row ES-FEAT-INCIDENT-013 after independent-review adjudication; evidence tier=KEYWORD_MATCH_ONLY.
FOUNDER_DECISION_QUEUE,ES-FEAT-INCIDENT-014,regulatory reporting,"Incidents, emergency, welfare, and biosecurity",CRITICAL:8,P0,Barn Manager;Trainer;Staff;Owner;Guardian;Rider;Veterinarian;Support,OPERATING_STANDARD_GAP,IMPLEMENTED_UNVERIFIED,ES-FEAT-PLATFORM-001;ES-FEAT-INCIDENT-001;ES-FEAT-IDENTITY-001;ES-FEAT-RELATIONSHIP-001;ES-FEAT-COMMUNICATIONS-001;ES-FEAT-TASKS-001;ES-FEAT-HORSE-001;ES-FEAT-CARE-001,OPERATIONS,DRAFT_OPERATING_STANDARD,Derived from revised structured row ES-FEAT-INCIDENT-014 after independent-review adjudication; evidence tier=KEYWORD_MATCH_ONLY.
IMPLEMENTATION_VERIFICATION_QUEUE,ES-FEAT-INCIDENT-014,regulatory reporting,"Incidents, emergency, welfare, and biosecurity",CRITICAL:8,P0,Barn Manager;Trainer;Staff;Owner;Guardian;Rider;Veterinarian;Support,OPERATING_STANDARD_GAP,IMPLEMENTED_UNVERIFIED,ES-FEAT-PLATFORM-001;ES-FEAT-INCIDENT-001;ES-FEAT-IDENTITY-001;ES-FEAT-RELATIONSHIP-001;ES-FEAT-COMMUNICATIONS-001;ES-FEAT-TASKS-001;ES-FEAT-HORSE-001;ES-FEAT-CARE-001,OPERATIONS,DRAFT_OPERATING_STANDARD,Derived from revised structured row ES-FEAT-INCIDENT-014 after independent-review adjudication; evidence tier=KEYWORD_MATCH_ONLY.
OPERATING_STANDARD_QUEUE,ES-FEAT-INCIDENT-014,regulatory reporting,"Incidents, emergency, welfare, and biosecurity",CRITICAL:8,P0,Barn Manager;Trainer;Staff;Owner;Guardian;Rider;Veterinarian;Support,OPERATING_STANDARD_GAP,IMPLEMENTED_UNVERIFIED,ES-FEAT-PLATFORM-001;ES-FEAT-INCIDENT-001;ES-FEAT-IDENTITY-001;ES-FEAT-RELATIONSHIP-001;ES-FEAT-COMMUNICATIONS-001;ES-FEAT-TASKS-001;ES-FEAT-HORSE-001;ES-FEAT-CARE-001,OPERATIONS,DRAFT_OPERATING_STANDARD,Derived from revised structured row ES-FEAT-INCIDENT-014 after independent-review adjudication; evidence tier=KEYWORD_MATCH_ONLY.
RUNTIME_VERIFICATION_QUEUE,ES-FEAT-INCIDENT-014,regulatory reporting,"Incidents, emergency, welfare, and biosecurity",CRITICAL:8,P0,Barn Manager;Trainer;Staff;Owner;Guardian;Rider;Veterinarian;Support,OPERATING_STANDARD_GAP,IMPLEMENTED_UNVERIFIED,ES-FEAT-PLATFORM-001;ES-FEAT-INCIDENT-001;ES-FEAT-IDENTITY-001;ES-FEAT-RELATIONSHIP-001;ES-FEAT-COMMUNICATIONS-001;ES-FEAT-TASKS-001;ES-FEAT-HORSE-001;ES-FEAT-CARE-001,OPERATIONS,DRAFT_OPERATING_STANDARD,Derived from revised structured row ES-FEAT-INCIDENT-014 after independent-review adjudication; evidence tier=KEYWORD_MATCH_ONLY.
FOUNDER_DECISION_QUEUE,ES-FEAT-EVENTS-001,event templates,"Shows, events, travel, and transport",HIGH:9,P0,Trainer;Rider;Guardian;Owner;Barn Manager;Staff;Transporter,PIA_SUPPLEMENT_CANDIDATE,IMPLEMENTED_UNVERIFIED,ES-FEAT-PLATFORM-001,GOVERNANCE,DRAFT_PIA_SUPPLEMENT,Derived from revised structured row ES-FEAT-EVENTS-001 after independent-review adjudication; evidence tier=KEYWORD_MATCH_ONLY.
IMPLEMENTATION_VERIFICATION_QUEUE,ES-FEAT-EVENTS-001,event templates,"Shows, events, travel, and transport",HIGH:9,P0,Trainer;Rider;Guardian;Owner;Barn Manager;Staff;Transporter,PIA_SUPPLEMENT_CANDIDATE,IMPLEMENTED_UNVERIFIED,ES-FEAT-PLATFORM-001,GOVERNANCE,DRAFT_PIA_SUPPLEMENT,Derived from revised structured row ES-FEAT-EVENTS-001 after independent-review adjudication; evidence tier=KEYWORD_MATCH_ONLY.
PIA_SUPPLEMENT_QUEUE,ES-FEAT-EVENTS-001,event templates,"Shows, events, travel, and transport",HIGH:9,P0,Trainer;Rider;Guardian;Owner;Barn Manager;Staff;Transporter,PIA_SUPPLEMENT_CANDIDATE,IMPLEMENTED_UNVERIFIED,ES-FEAT-PLATFORM-001,GOVERNANCE,DRAFT_PIA_SUPPLEMENT,Derived from revised structured row ES-FEAT-EVENTS-001 after independent-review adjudication; evidence tier=KEYWORD_MATCH_ONLY.
RUNTIME_VERIFICATION_QUEUE,ES-FEAT-EVENTS-001,event templates,"Shows, events, travel, and transport",HIGH:9,P0,Trainer;Rider;Guardian;Owner;Barn Manager;Staff;Transporter,PIA_SUPPLEMENT_CANDIDATE,IMPLEMENTED_UNVERIFIED,ES-FEAT-PLATFORM-001,GOVERNANCE,DRAFT_PIA_SUPPLEMENT,Derived from revised structured row ES-FEAT-EVENTS-001 after independent-review adjudication; evidence tier=KEYWORD_MATCH_ONLY.
FOUNDER_DECISION_QUEUE,ES-FEAT-EVENTS-002,entries,"Shows, events, travel, and transport",HIGH:6,P0,Trainer;Rider;Guardian;Owner;Barn Manager;Staff;Transporter,PIA_SUPPLEMENT_CANDIDATE,IMPLEMENTED_UNVERIFIED,ES-FEAT-PLATFORM-001;ES-FEAT-EVENTS-001;ES-FEAT-IDENTITY-001;ES-FEAT-RELATIONSHIP-001;ES-FEAT-FINANCIAL-001;ES-FEAT-COMMUNICATIONS-001;ES-FEAT-TASKS-001;ES-FEAT-HORSE-001,GOVERNANCE,DRAFT_PIA_SUPPLEMENT,Derived from revised structured row ES-FEAT-EVENTS-002 after independent-review adjudication; evidence tier=KEYWORD_MATCH_ONLY.
IMPLEMENTATION_VERIFICATION_QUEUE,ES-FEAT-EVENTS-002,entries,"Shows, events, travel, and transport",HIGH:6,P0,Trainer;Rider;Guardian;Owner;Barn Manager;Staff;Transporter,PIA_SUPPLEMENT_CANDIDATE,IMPLEMENTED_UNVERIFIED,ES-FEAT-PLATFORM-001;ES-FEAT-EVENTS-001;ES-FEAT-IDENTITY-001;ES-FEAT-RELATIONSHIP-001;ES-FEAT-FINANCIAL-001;ES-FEAT-COMMUNICATIONS-001;ES-FEAT-TASKS-001;ES-FEAT-HORSE-001,GOVERNANCE,DRAFT_PIA_SUPPLEMENT,Derived from revised structured row ES-FEAT-EVENTS-002 after independent-review adjudication; evidence tier=KEYWORD_MATCH_ONLY.
PIA_SUPPLEMENT_QUEUE,ES-FEAT-EVENTS-002,entries,"Shows, events, travel, and transport",HIGH:6,P0,Trainer;Rider;Guardian;Owner;Barn Manager;Staff;Transporter,PIA_SUPPLEMENT_CANDIDATE,IMPLEMENTED_UNVERIFIED,ES-FEAT-PLATFORM-001;ES-FEAT-EVENTS-001;ES-FEAT-IDENTITY-001;ES-FEAT-RELATIONSHIP-001;ES-FEAT-FINANCIAL-001;ES-FEAT-COMMUNICATIONS-001;ES-FEAT-TASKS-001;ES-FEAT-HORSE-001,GOVERNANCE,DRAFT_PIA_SUPPLEMENT,Derived from revised structured row ES-FEAT-EVENTS-002 after independent-review adjudication; evidence tier=KEYWORD_MATCH_ONLY.
RUNTIME_VERIFICATION_QUEUE,ES-FEAT-EVENTS-002,entries,"Shows, events, travel, and transport",HIGH:6,P0,Trainer;Rider;Guardian;Owner;Barn Manager;Staff;Transporter,PIA_SUPPLEMENT_CANDIDATE,IMPLEMENTED_UNVERIFIED,ES-FEAT-PLATFORM-001;ES-FEAT-EVENTS-001;ES-FEAT-IDENTITY-001;ES-FEAT-RELATIONSHIP-001;ES-FEAT-FINANCIAL-001;ES-FEAT-COMMUNICATIONS-001;ES-FEAT-TASKS-001;ES-FEAT-HORSE-001,GOVERNANCE,DRAFT_PIA_SUPPLEMENT,Derived from revised structured row ES-FEAT-EVENTS-002 after independent-review adjudication; evidence tier=KEYWORD_MATCH_ONLY.
FOUNDER_DECISION_QUEUE,ES-FEAT-EVENTS-003,divisions and classes,"Shows, events, travel, and transport",HIGH:12,P0,Trainer;Rider;Guardian;Owner;Barn Manager;Staff;Transporter,PIA_SUPPLEMENT_CANDIDATE,IMPLEMENTED_UNVERIFIED,ES-FEAT-PLATFORM-001;ES-FEAT-EVENTS-001;ES-FEAT-IDENTITY-001;ES-FEAT-RELATIONSHIP-001;ES-FEAT-FINANCIAL-001;ES-FEAT-COMMUNICATIONS-001;ES-FEAT-TASKS-001;ES-FEAT-HORSE-001,GOVERNANCE,DRAFT_PIA_SUPPLEMENT,Derived from revised structured row ES-FEAT-EVENTS-003 after independent-review adjudication; evidence tier=KEYWORD_MATCH_ONLY.
IMPLEMENTATION_VERIFICATION_QUEUE,ES-FEAT-EVENTS-003,divisions and classes,"Shows, events, travel, and transport",HIGH:12,P0,Trainer;Rider;Guardian;Owner;Barn Manager;Staff;Transporter,PIA_SUPPLEMENT_CANDIDATE,IMPLEMENTED_UNVERIFIED,ES-FEAT-PLATFORM-001;ES-FEAT-EVENTS-001;ES-FEAT-IDENTITY-001;ES-FEAT-RELATIONSHIP-001;ES-FEAT-FINANCIAL-001;ES-FEAT-COMMUNICATIONS-001;ES-FEAT-TASKS-001;ES-FEAT-HORSE-001,GOVERNANCE,DRAFT_PIA_SUPPLEMENT,Derived from revised structured row ES-FEAT-EVENTS-003 after independent-review adjudication; evidence tier=KEYWORD_MATCH_ONLY.
PIA_SUPPLEMENT_QUEUE,ES-FEAT-EVENTS-003,divisions and classes,"Shows, events, travel, and transport",HIGH:12,P0,Trainer;Rider;Guardian;Owner;Barn Manager;Staff;Transporter,PIA_SUPPLEMENT_CANDIDATE,IMPLEMENTED_UNVERIFIED,ES-FEAT-PLATFORM-001;ES-FEAT-EVENTS-001;ES-FEAT-IDENTITY-001;ES-FEAT-RELATIONSHIP-001;ES-FEAT-FINANCIAL-001;ES-FEAT-COMMUNICATIONS-001;ES-FEAT-TASKS-001;ES-FEAT-HORSE-001,GOVERNANCE,DRAFT_PIA_SUPPLEMENT,Derived from revised structured row ES-FEAT-EVENTS-003 after independent-review adjudication; evidence tier=KEYWORD_MATCH_ONLY.
RUNTIME_VERIFICATION_QUEUE,ES-FEAT-EVENTS-003,divisions and classes,"Shows, events, travel, and transport",HIGH:12,P0,Trainer;Rider;Guardian;Owner;Barn Manager;Staff;Transporter,PIA_SUPPLEMENT_CANDIDATE,IMPLEMENTED_UNVERIFIED,ES-FEAT-PLATFORM-001;ES-FEAT-EVENTS-001;ES-FEAT-IDENTITY-001;ES-FEAT-RELATIONSHIP-001;ES-FEAT-FINANCIAL-001;ES-FEAT-COMMUNICATIONS-001;ES-FEAT-TASKS-001;ES-FEAT-HORSE-001,GOVERNANCE,DRAFT_PIA_SUPPLEMENT,Derived from revised structured row ES-FEAT-EVENTS-003 after independent-review adjudication; evidence tier=KEYWORD_MATCH_ONLY.
FOUNDER_DECISION_QUEUE,ES-FEAT-EVENTS-004,ride times,"Shows, events, travel, and transport",HIGH:9,P0,Trainer;Rider;Guardian;Owner;Barn Manager;Staff;Transporter,PIA_SUPPLEMENT_CANDIDATE,IMPLEMENTED_UNVERIFIED,ES-FEAT-PLATFORM-001;ES-FEAT-EVENTS-001;ES-FEAT-IDENTITY-001;ES-FEAT-RELATIONSHIP-001;ES-FEAT-FINANCIAL-001;ES-FEAT-COMMUNICATIONS-001;ES-FEAT-TASKS-001;ES-FEAT-HORSE-001;ES-FEAT-CARE-001,GOVERNANCE,DRAFT_PIA_SUPPLEMENT,Derived from revised structured row ES-FEAT-EVENTS-004 after independent-review adjudication; evidence tier=KEYWORD_MATCH_ONLY.
IMPLEMENTATION_VERIFICATION_QUEUE,ES-FEAT-EVENTS-004,ride times,"Shows, events, travel, and transport",HIGH:9,P0,Trainer;Rider;Guardian;Owner;Barn Manager;Staff;Transporter,PIA_SUPPLEMENT_CANDIDATE,IMPLEMENTED_UNVERIFIED,ES-FEAT-PLATFORM-001;ES-FEAT-EVENTS-001;ES-FEAT-IDENTITY-001;ES-FEAT-RELATIONSHIP-001;ES-FEAT-FINANCIAL-001;ES-FEAT-COMMUNICATIONS-001;ES-FEAT-TASKS-001;ES-FEAT-HORSE-001;ES-FEAT-CARE-001,GOVERNANCE,DRAFT_PIA_SUPPLEMENT,Derived from revised structured row ES-FEAT-EVENTS-004 after independent-review adjudication; evidence tier=KEYWORD_MATCH_ONLY.
PIA_SUPPLEMENT_QUEUE,ES-FEAT-EVENTS-004,ride times,"Shows, events, travel, and transport",HIGH:9,P0,Trainer;Rider;Guardian;Owner;Barn Manager;Staff;Transporter,PIA_SUPPLEMENT_CANDIDATE,IMPLEMENTED_UNVERIFIED,ES-FEAT-PLATFORM-001;ES-FEAT-EVENTS-001;ES-FEAT-IDENTITY-001;ES-FEAT-RELATIONSHIP-001;ES-FEAT-FINANCIAL-001;ES-FEAT-COMMUNICATIONS-001;ES-FEAT-TASKS-001;ES-FEAT-HORSE-001;ES-FEAT-CARE-001,GOVERNANCE,DRAFT_PIA_SUPPLEMENT,Derived from revised structured row ES-FEAT-EVENTS-004 after independent-review adjudication; evidence tier=KEYWORD_MATCH_ONLY.
RUNTIME_VERIFICATION_QUEUE,ES-FEAT-EVENTS-004,ride times,"Shows, events, travel, and transport",HIGH:9,P0,Trainer;Rider;Guardian;Owner;Barn Manager;Staff;Transporter,PIA_SUPPLEMENT_CANDIDATE,IMPLEMENTED_UNVERIFIED,ES-FEAT-PLATFORM-001;ES-FEAT-EVENTS-001;ES-FEAT-IDENTITY-001;ES-FEAT-RELATIONSHIP-001;ES-FEAT-FINANCIAL-001;ES-FEAT-COMMUNICATIONS-001;ES-FEAT-TASKS-001;ES-FEAT-HORSE-001;ES-FEAT-CARE-001,GOVERNANCE,DRAFT_PIA_SUPPLEMENT,Derived from revised structured row ES-FEAT-EVENTS-004 after independent-review adjudication; evidence tier=KEYWORD_MATCH_ONLY.
FOUNDER_DECISION_QUEUE,ES-FEAT-EVENTS-005,group itineraries,"Shows, events, travel, and transport",HIGH:6,P0,Trainer;Rider;Guardian;Owner;Barn Manager;Staff;Transporter,PIA_SUPPLEMENT_CANDIDATE,IMPLEMENTED_UNVERIFIED,ES-FEAT-PLATFORM-001;ES-FEAT-EVENTS-001;ES-FEAT-IDENTITY-001;ES-FEAT-RELATIONSHIP-001;ES-FEAT-FINANCIAL-001;ES-FEAT-COMMUNICATIONS-001;ES-FEAT-TASKS-001;ES-FEAT-HORSE-001,GOVERNANCE,DRAFT_PIA_SUPPLEMENT,Derived from revised structured row ES-FEAT-EVENTS-005 after independent-review adjudication; evidence tier=KEYWORD_MATCH_ONLY.
IMPLEMENTATION_VERIFICATION_QUEUE,ES-FEAT-EVENTS-005,group itineraries,"Shows, events, travel, and transport",HIGH:6,P0,Trainer;Rider;Guardian;Owner;Barn Manager;Staff;Transporter,PIA_SUPPLEMENT_CANDIDATE,IMPLEMENTED_UNVERIFIED,ES-FEAT-PLATFORM-001;ES-FEAT-EVENTS-001;ES-FEAT-IDENTITY-001;ES-FEAT-RELATIONSHIP-001;ES-FEAT-FINANCIAL-001;ES-FEAT-COMMUNICATIONS-001;ES-FEAT-TASKS-001;ES-FEAT-HORSE-001,GOVERNANCE,DRAFT_PIA_SUPPLEMENT,Derived from revised structured row ES-FEAT-EVENTS-005 after independent-review adjudication; evidence tier=KEYWORD_MATCH_ONLY.
PIA_SUPPLEMENT_QUEUE,ES-FEAT-EVENTS-005,group itineraries,"Shows, events, travel, and transport",HIGH:6,P0,Trainer;Rider;Guardian;Owner;Barn Manager;Staff;Transporter,PIA_SUPPLEMENT_CANDIDATE,IMPLEMENTED_UNVERIFIED,ES-FEAT-PLATFORM-001;ES-FEAT-EVENTS-001;ES-FEAT-IDENTITY-001;ES-FEAT-RELATIONSHIP-001;ES-FEAT-FINANCIAL-001;ES-FEAT-COMMUNICATIONS-001;ES-FEAT-TASKS-001;ES-FEAT-HORSE-001,GOVERNANCE,DRAFT_PIA_SUPPLEMENT,Derived from revised structured row ES-FEAT-EVENTS-005 after independent-review adjudication; evidence tier=KEYWORD_MATCH_ONLY.
RUNTIME_VERIFICATION_QUEUE,ES-FEAT-EVENTS-005,group itineraries,"Shows, events, travel, and transport",HIGH:6,P0,Trainer;Rider;Guardian;Owner;Barn Manager;Staff;Transporter,PIA_SUPPLEMENT_CANDIDATE,IMPLEMENTED_UNVERIFIED,ES-FEAT-PLATFORM-001;ES-FEAT-EVENTS-001;ES-FEAT-IDENTITY-001;ES-FEAT-RELATIONSHIP-001;ES-FEAT-FINANCIAL-001;ES-FEAT-COMMUNICATIONS-001;ES-FEAT-TASKS-001;ES-FEAT-HORSE-001,GOVERNANCE,DRAFT_PIA_SUPPLEMENT,Derived from revised structured row ES-FEAT-EVENTS-005 after independent-review adjudication; evidence tier=KEYWORD_MATCH_ONLY.
FOUNDER_DECISION_QUEUE,ES-FEAT-EVENTS-006,horse transport,"Shows, events, travel, and transport",HIGH:12,P0,Trainer;Rider;Guardian;Owner;Barn Manager;Staff;Transporter,PIA_SUPPLEMENT_CANDIDATE,IMPLEMENTED_UNVERIFIED,ES-FEAT-PLATFORM-001;ES-FEAT-EVENTS-001;ES-FEAT-IDENTITY-001;ES-FEAT-RELATIONSHIP-001;ES-FEAT-FINANCIAL-001;ES-FEAT-COMMUNICATIONS-001;ES-FEAT-TASKS-001;ES-FEAT-HORSE-001,GOVERNANCE,DRAFT_PIA_SUPPLEMENT,Derived from revised structured row ES-FEAT-EVENTS-006 after independent-review adjudication; evidence tier=KEYWORD_MATCH_ONLY.
IMPLEMENTATION_VERIFICATION_QUEUE,ES-FEAT-EVENTS-006,horse transport,"Shows, events, travel, and transport",HIGH:12,P0,Trainer;Rider;Guardian;Owner;Barn Manager;Staff;Transporter,PIA_SUPPLEMENT_CANDIDATE,IMPLEMENTED_UNVERIFIED,ES-FEAT-PLATFORM-001;ES-FEAT-EVENTS-001;ES-FEAT-IDENTITY-001;ES-FEAT-RELATIONSHIP-001;ES-FEAT-FINANCIAL-001;ES-FEAT-COMMUNICATIONS-001;ES-FEAT-TASKS-001;ES-FEAT-HORSE-001,GOVERNANCE,DRAFT_PIA_SUPPLEMENT,Derived from revised structured row ES-FEAT-EVENTS-006 after independent-review adjudication; evidence tier=KEYWORD_MATCH_ONLY.
PIA_SUPPLEMENT_QUEUE,ES-FEAT-EVENTS-006,horse transport,"Shows, events, travel, and transport",HIGH:12,P0,Trainer;Rider;Guardian;Owner;Barn Manager;Staff;Transporter,PIA_SUPPLEMENT_CANDIDATE,IMPLEMENTED_UNVERIFIED,ES-FEAT-PLATFORM-001;ES-FEAT-EVENTS-001;ES-FEAT-IDENTITY-001;ES-FEAT-RELATIONSHIP-001;ES-FEAT-FINANCIAL-001;ES-FEAT-COMMUNICATIONS-001;ES-FEAT-TASKS-001;ES-FEAT-HORSE-001,GOVERNANCE,DRAFT_PIA_SUPPLEMENT,Derived from revised structured row ES-FEAT-EVENTS-006 after independent-review adjudication; evidence tier=KEYWORD_MATCH_ONLY.
RUNTIME_VERIFICATION_QUEUE,ES-FEAT-EVENTS-006,horse transport,"Shows, events, travel, and transport",HIGH:12,P0,Trainer;Rider;Guardian;Owner;Barn Manager;Staff;Transporter,PIA_SUPPLEMENT_CANDIDATE,IMPLEMENTED_UNVERIFIED,ES-FEAT-PLATFORM-001;ES-FEAT-EVENTS-001;ES-FEAT-IDENTITY-001;ES-FEAT-RELATIONSHIP-001;ES-FEAT-FINANCIAL-001;ES-FEAT-COMMUNICATIONS-001;ES-FEAT-TASKS-001;ES-FEAT-HORSE-001,GOVERNANCE,DRAFT_PIA_SUPPLEMENT,Derived from revised structured row ES-FEAT-EVENTS-006 after independent-review adjudication; evidence tier=KEYWORD_MATCH_ONLY.
FOUNDER_DECISION_QUEUE,ES-FEAT-EVENTS-007,rider transport,"Shows, events, travel, and transport",HIGH:9,P0,Trainer;Rider;Guardian;Owner;Barn Manager;Staff;Transporter,PIA_SUPPLEMENT_CANDIDATE,IMPLEMENTED_UNVERIFIED,ES-FEAT-PLATFORM-001;ES-FEAT-EVENTS-001;ES-FEAT-IDENTITY-001;ES-FEAT-RELATIONSHIP-001;ES-FEAT-FINANCIAL-001;ES-FEAT-COMMUNICATIONS-001;ES-FEAT-TASKS-001;ES-FEAT-HORSE-001,GOVERNANCE,DRAFT_PIA_SUPPLEMENT,Derived from revised structured row ES-FEAT-EVENTS-007 after independent-review adjudication; evidence tier=KEYWORD_MATCH_ONLY.
IMPLEMENTATION_VERIFICATION_QUEUE,ES-FEAT-EVENTS-007,rider transport,"Shows, events, travel, and transport",HIGH:9,P0,Trainer;Rider;Guardian;Owner;Barn Manager;Staff;Transporter,PIA_SUPPLEMENT_CANDIDATE,IMPLEMENTED_UNVERIFIED,ES-FEAT-PLATFORM-001;ES-FEAT-EVENTS-001;ES-FEAT-IDENTITY-001;ES-FEAT-RELATIONSHIP-001;ES-FEAT-FINANCIAL-001;ES-FEAT-COMMUNICATIONS-001;ES-FEAT-TASKS-001;ES-FEAT-HORSE-001,GOVERNANCE,DRAFT_PIA_SUPPLEMENT,Derived from revised structured row ES-FEAT-EVENTS-007 after independent-review adjudication; evidence tier=KEYWORD_MATCH_ONLY.
PIA_SUPPLEMENT_QUEUE,ES-FEAT-EVENTS-007,rider transport,"Shows, events, travel, and transport",HIGH:9,P0,Trainer;Rider;Guardian;Owner;Barn Manager;Staff;Transporter,PIA_SUPPLEMENT_CANDIDATE,IMPLEMENTED_UNVERIFIED,ES-FEAT-PLATFORM-001;ES-FEAT-EVENTS-001;ES-FEAT-IDENTITY-001;ES-FEAT-RELATIONSHIP-001;ES-FEAT-FINANCIAL-001;ES-FEAT-COMMUNICATIONS-001;ES-FEAT-TASKS-001;ES-FEAT-HORSE-001,GOVERNANCE,DRAFT_PIA_SUPPLEMENT,Derived from revised structured row ES-FEAT-EVENTS-007 after independent-review adjudication; evidence tier=KEYWORD_MATCH_ONLY.
RUNTIME_VERIFICATION_QUEUE,ES-FEAT-EVENTS-007,rider transport,"Shows, events, travel, and transport",HIGH:9,P0,Trainer;Rider;Guardian;Owner;Barn Manager;Staff;Transporter,PIA_SUPPLEMENT_CANDIDATE,IMPLEMENTED_UNVERIFIED,ES-FEAT-PLATFORM-001;ES-FEAT-EVENTS-001;ES-FEAT-IDENTITY-001;ES-FEAT-RELATIONSHIP-001;ES-FEAT-FINANCIAL-001;ES-FEAT-COMMUNICATIONS-001;ES-FEAT-TASKS-001;ES-FEAT-HORSE-001,GOVERNANCE,DRAFT_PIA_SUPPLEMENT,Derived from revised structured row ES-FEAT-EVENTS-007 after independent-review adjudication; evidence tier=KEYWORD_MATCH_ONLY.
FOUNDER_DECISION_QUEUE,ES-FEAT-EVENTS-008,minor travel,"Shows, events, travel, and transport",CRITICAL:8,P0,Trainer;Rider;Guardian;Owner;Barn Manager;Staff;Transporter,PIA_SUPPLEMENT_CANDIDATE,IMPLEMENTED_UNVERIFIED,ES-FEAT-PLATFORM-001;ES-FEAT-EVENTS-001;ES-FEAT-IDENTITY-001;ES-FEAT-RELATIONSHIP-001;ES-FEAT-FINANCIAL-001;ES-FEAT-COMMUNICATIONS-001;ES-FEAT-TASKS-001;ES-FEAT-HORSE-001;ES-FEAT-CARE-001,GOVERNANCE,DRAFT_PIA_SUPPLEMENT,Derived from revised structured row ES-FEAT-EVENTS-008 after independent-review adjudication; evidence tier=KEYWORD_MATCH_ONLY.
IMPLEMENTATION_VERIFICATION_QUEUE,ES-FEAT-EVENTS-008,minor travel,"Shows, events, travel, and transport",CRITICAL:8,P0,Trainer;Rider;Guardian;Owner;Barn Manager;Staff;Transporter,PIA_SUPPLEMENT_CANDIDATE,IMPLEMENTED_UNVERIFIED,ES-FEAT-PLATFORM-001;ES-FEAT-EVENTS-001;ES-FEAT-IDENTITY-001;ES-FEAT-RELATIONSHIP-001;ES-FEAT-FINANCIAL-001;ES-FEAT-COMMUNICATIONS-001;ES-FEAT-TASKS-001;ES-FEAT-HORSE-001;ES-FEAT-CARE-001,GOVERNANCE,DRAFT_PIA_SUPPLEMENT,Derived from revised structured row ES-FEAT-EVENTS-008 after independent-review adjudication; evidence tier=KEYWORD_MATCH_ONLY.
PIA_SUPPLEMENT_QUEUE,ES-FEAT-EVENTS-008,minor travel,"Shows, events, travel, and transport",CRITICAL:8,P0,Trainer;Rider;Guardian;Owner;Barn Manager;Staff;Transporter,PIA_SUPPLEMENT_CANDIDATE,IMPLEMENTED_UNVERIFIED,ES-FEAT-PLATFORM-001;ES-FEAT-EVENTS-001;ES-FEAT-IDENTITY-001;ES-FEAT-RELATIONSHIP-001;ES-FEAT-FINANCIAL-001;ES-FEAT-COMMUNICATIONS-001;ES-FEAT-TASKS-001;ES-FEAT-HORSE-001;ES-FEAT-CARE-001,GOVERNANCE,DRAFT_PIA_SUPPLEMENT,Derived from revised structured row ES-FEAT-EVENTS-008 after independent-review adjudication; evidence tier=KEYWORD_MATCH_ONLY.
RUNTIME_VERIFICATION_QUEUE,ES-FEAT-EVENTS-008,minor travel,"Shows, events, travel, and transport",CRITICAL:8,P0,Trainer;Rider;Guardian;Owner;Barn Manager;Staff;Transporter,PIA_SUPPLEMENT_CANDIDATE,IMPLEMENTED_UNVERIFIED,ES-FEAT-PLATFORM-001;ES-FEAT-EVENTS-001;ES-FEAT-IDENTITY-001;ES-FEAT-RELATIONSHIP-001;ES-FEAT-FINANCIAL-001;ES-FEAT-COMMUNICATIONS-001;ES-FEAT-TASKS-001;ES-FEAT-HORSE-001;ES-FEAT-CARE-001,GOVERNANCE,DRAFT_PIA_SUPPLEMENT,Derived from revised structured row ES-FEAT-EVENTS-008 after independent-review adjudication; evidence tier=KEYWORD_MATCH_ONLY.
FOUNDER_DECISION_QUEUE,ES-FEAT-EVENTS-009,lodging,"Shows, events, travel, and transport",HIGH:12,P0,Trainer;Rider;Guardian;Owner;Barn Manager;Staff;Transporter,PIA_SUPPLEMENT_CANDIDATE,IMPLEMENTED_UNVERIFIED,ES-FEAT-PLATFORM-001;ES-FEAT-EVENTS-001;ES-FEAT-IDENTITY-001;ES-FEAT-RELATIONSHIP-001;ES-FEAT-FINANCIAL-001;ES-FEAT-COMMUNICATIONS-001;ES-FEAT-TASKS-001;ES-FEAT-HORSE-001,GOVERNANCE,DRAFT_PIA_SUPPLEMENT,Derived from revised structured row ES-FEAT-EVENTS-009 after independent-review adjudication; evidence tier=KEYWORD_MATCH_ONLY.
IMPLEMENTATION_VERIFICATION_QUEUE,ES-FEAT-EVENTS-009,lodging,"Shows, events, travel, and transport",HIGH:12,P0,Trainer;Rider;Guardian;Owner;Barn Manager;Staff;Transporter,PIA_SUPPLEMENT_CANDIDATE,IMPLEMENTED_UNVERIFIED,ES-FEAT-PLATFORM-001;ES-FEAT-EVENTS-001;ES-FEAT-IDENTITY-001;ES-FEAT-RELATIONSHIP-001;ES-FEAT-FINANCIAL-001;ES-FEAT-COMMUNICATIONS-001;ES-FEAT-TASKS-001;ES-FEAT-HORSE-001,GOVERNANCE,DRAFT_PIA_SUPPLEMENT,Derived from revised structured row ES-FEAT-EVENTS-009 after independent-review adjudication; evidence tier=KEYWORD_MATCH_ONLY.
PIA_SUPPLEMENT_QUEUE,ES-FEAT-EVENTS-009,lodging,"Shows, events, travel, and transport",HIGH:12,P0,Trainer;Rider;Guardian;Owner;Barn Manager;Staff;Transporter,PIA_SUPPLEMENT_CANDIDATE,IMPLEMENTED_UNVERIFIED,ES-FEAT-PLATFORM-001;ES-FEAT-EVENTS-001;ES-FEAT-IDENTITY-001;ES-FEAT-RELATIONSHIP-001;ES-FEAT-FINANCIAL-001;ES-FEAT-COMMUNICATIONS-001;ES-FEAT-TASKS-001;ES-FEAT-HORSE-001,GOVERNANCE,DRAFT_PIA_SUPPLEMENT,Derived from revised structured row ES-FEAT-EVENTS-009 after independent-review adjudication; evidence tier=KEYWORD_MATCH_ONLY.
RUNTIME_VERIFICATION_QUEUE,ES-FEAT-EVENTS-009,lodging,"Shows, events, travel, and transport",HIGH:12,P0,Trainer;Rider;Guardian;Owner;Barn Manager;Staff;Transporter,PIA_SUPPLEMENT_CANDIDATE,IMPLEMENTED_UNVERIFIED,ES-FEAT-PLATFORM-001;ES-FEAT-EVENTS-001;ES-FEAT-IDENTITY-001;ES-FEAT-RELATIONSHIP-001;ES-FEAT-FINANCIAL-001;ES-FEAT-COMMUNICATIONS-001;ES-FEAT-TASKS-001;ES-FEAT-HORSE-001,GOVERNANCE,DRAFT_PIA_SUPPLEMENT,Derived from revised structured row ES-FEAT-EVENTS-009 after independent-review adjudication; evidence tier=KEYWORD_MATCH_ONLY.
FOUNDER_DECISION_QUEUE,ES-FEAT-EVENTS-010,guardian approval,"Shows, events, travel, and transport",CRITICAL:12,P0,Trainer;Rider;Guardian;Owner;Barn Manager;Staff;Transporter,PIA_SUPPLEMENT_CANDIDATE,IMPLEMENTED_UNVERIFIED,ES-FEAT-PLATFORM-001;ES-FEAT-EVENTS-001;ES-FEAT-IDENTITY-001;ES-FEAT-RELATIONSHIP-001;ES-FEAT-FINANCIAL-001;ES-FEAT-COMMUNICATIONS-001;ES-FEAT-TASKS-001;ES-FEAT-HORSE-001,GOVERNANCE,DRAFT_PIA_SUPPLEMENT,Derived from revised structured row ES-FEAT-EVENTS-010 after independent-review adjudication; evidence tier=KEYWORD_MATCH_ONLY.
IMPLEMENTATION_VERIFICATION_QUEUE,ES-FEAT-EVENTS-010,guardian approval,"Shows, events, travel, and transport",CRITICAL:12,P0,Trainer;Rider;Guardian;Owner;Barn Manager;Staff;Transporter,PIA_SUPPLEMENT_CANDIDATE,IMPLEMENTED_UNVERIFIED,ES-FEAT-PLATFORM-001;ES-FEAT-EVENTS-001;ES-FEAT-IDENTITY-001;ES-FEAT-RELATIONSHIP-001;ES-FEAT-FINANCIAL-001;ES-FEAT-COMMUNICATIONS-001;ES-FEAT-TASKS-001;ES-FEAT-HORSE-001,GOVERNANCE,DRAFT_PIA_SUPPLEMENT,Derived from revised structured row ES-FEAT-EVENTS-010 after independent-review adjudication; evidence tier=KEYWORD_MATCH_ONLY.
PIA_SUPPLEMENT_QUEUE,ES-FEAT-EVENTS-010,guardian approval,"Shows, events, travel, and transport",CRITICAL:12,P0,Trainer;Rider;Guardian;Owner;Barn Manager;Staff;Transporter,PIA_SUPPLEMENT_CANDIDATE,IMPLEMENTED_UNVERIFIED,ES-FEAT-PLATFORM-001;ES-FEAT-EVENTS-001;ES-FEAT-IDENTITY-001;ES-FEAT-RELATIONSHIP-001;ES-FEAT-FINANCIAL-001;ES-FEAT-COMMUNICATIONS-001;ES-FEAT-TASKS-001;ES-FEAT-HORSE-001,GOVERNANCE,DRAFT_PIA_SUPPLEMENT,Derived from revised structured row ES-FEAT-EVENTS-010 after independent-review adjudication; evidence tier=KEYWORD_MATCH_ONLY.
RUNTIME_VERIFICATION_QUEUE,ES-FEAT-EVENTS-010,guardian approval,"Shows, events, travel, and transport",CRITICAL:12,P0,Trainer;Rider;Guardian;Owner;Barn Manager;Staff;Transporter,PIA_SUPPLEMENT_CANDIDATE,IMPLEMENTED_UNVERIFIED,ES-FEAT-PLATFORM-001;ES-FEAT-EVENTS-001;ES-FEAT-IDENTITY-001;ES-FEAT-RELATIONSHIP-001;ES-FEAT-FINANCIAL-001;ES-FEAT-COMMUNICATIONS-001;ES-FEAT-TASKS-001;ES-FEAT-HORSE-001,GOVERNANCE,DRAFT_PIA_SUPPLEMENT,Derived from revised structured row ES-FEAT-EVENTS-010 after independent-review adjudication; evidence tier=KEYWORD_MATCH_ONLY.
FOUNDER_DECISION_QUEUE,ES-FEAT-EVENTS-011,location sharing,"Shows, events, travel, and transport",HIGH:6,P0,Trainer;Rider;Guardian;Owner;Barn Manager;Staff;Transporter,PIA_SUPPLEMENT_CANDIDATE,IMPLEMENTED_UNVERIFIED,ES-FEAT-PLATFORM-001;ES-FEAT-EVENTS-001;ES-FEAT-IDENTITY-001;ES-FEAT-RELATIONSHIP-001;ES-FEAT-FINANCIAL-001;ES-FEAT-COMMUNICATIONS-001;ES-FEAT-TASKS-001;ES-FEAT-HORSE-001,GOVERNANCE,DRAFT_PIA_SUPPLEMENT,Derived from revised structured row ES-FEAT-EVENTS-011 after independent-review adjudication; evidence tier=KEYWORD_MATCH_ONLY.
IMPLEMENTATION_VERIFICATION_QUEUE,ES-FEAT-EVENTS-011,location sharing,"Shows, events, travel, and transport",HIGH:6,P0,Trainer;Rider;Guardian;Owner;Barn Manager;Staff;Transporter,PIA_SUPPLEMENT_CANDIDATE,IMPLEMENTED_UNVERIFIED,ES-FEAT-PLATFORM-001;ES-FEAT-EVENTS-001;ES-FEAT-IDENTITY-001;ES-FEAT-RELATIONSHIP-001;ES-FEAT-FINANCIAL-001;ES-FEAT-COMMUNICATIONS-001;ES-FEAT-TASKS-001;ES-FEAT-HORSE-001,GOVERNANCE,DRAFT_PIA_SUPPLEMENT,Derived from revised structured row ES-FEAT-EVENTS-011 after independent-review adjudication; evidence tier=KEYWORD_MATCH_ONLY.
PIA_SUPPLEMENT_QUEUE,ES-FEAT-EVENTS-011,location sharing,"Shows, events, travel, and transport",HIGH:6,P0,Trainer;Rider;Guardian;Owner;Barn Manager;Staff;Transporter,PIA_SUPPLEMENT_CANDIDATE,IMPLEMENTED_UNVERIFIED,ES-FEAT-PLATFORM-001;ES-FEAT-EVENTS-001;ES-FEAT-IDENTITY-001;ES-FEAT-RELATIONSHIP-001;ES-FEAT-FINANCIAL-001;ES-FEAT-COMMUNICATIONS-001;ES-FEAT-TASKS-001;ES-FEAT-HORSE-001,GOVERNANCE,DRAFT_PIA_SUPPLEMENT,Derived from revised structured row ES-FEAT-EVENTS-011 after independent-review adjudication; evidence tier=KEYWORD_MATCH_ONLY.
RUNTIME_VERIFICATION_QUEUE,ES-FEAT-EVENTS-011,location sharing,"Shows, events, travel, and transport",HIGH:6,P0,Trainer;Rider;Guardian;Owner;Barn Manager;Staff;Transporter,PIA_SUPPLEMENT_CANDIDATE,IMPLEMENTED_UNVERIFIED,ES-FEAT-PLATFORM-001;ES-FEAT-EVENTS-001;ES-FEAT-IDENTITY-001;ES-FEAT-RELATIONSHIP-001;ES-FEAT-FINANCIAL-001;ES-FEAT-COMMUNICATIONS-001;ES-FEAT-TASKS-001;ES-FEAT-HORSE-001,GOVERNANCE,DRAFT_PIA_SUPPLEMENT,Derived from revised structured row ES-FEAT-EVENTS-011 after independent-review adjudication; evidence tier=KEYWORD_MATCH_ONLY.
FOUNDER_DECISION_QUEUE,ES-FEAT-EVENTS-012,veterinary documentation,"Shows, events, travel, and transport",HIGH:12,P0,Trainer;Rider;Guardian;Owner;Barn Manager;Staff;Transporter,PIA_SUPPLEMENT_CANDIDATE,IMPLEMENTED_UNVERIFIED,ES-FEAT-PLATFORM-001;ES-FEAT-EVENTS-001;ES-FEAT-IDENTITY-001;ES-FEAT-RELATIONSHIP-001;ES-FEAT-FINANCIAL-001;ES-FEAT-COMMUNICATIONS-001;ES-FEAT-TASKS-001;ES-FEAT-HORSE-001,GOVERNANCE,DRAFT_PIA_SUPPLEMENT,Derived from revised structured row ES-FEAT-EVENTS-012 after independent-review adjudication; evidence tier=KEYWORD_MATCH_ONLY.
IMPLEMENTATION_VERIFICATION_QUEUE,ES-FEAT-EVENTS-012,veterinary documentation,"Shows, events, travel, and transport",HIGH:12,P0,Trainer;Rider;Guardian;Owner;Barn Manager;Staff;Transporter,PIA_SUPPLEMENT_CANDIDATE,IMPLEMENTED_UNVERIFIED,ES-FEAT-PLATFORM-001;ES-FEAT-EVENTS-001;ES-FEAT-IDENTITY-001;ES-FEAT-RELATIONSHIP-001;ES-FEAT-FINANCIAL-001;ES-FEAT-COMMUNICATIONS-001;ES-FEAT-TASKS-001;ES-FEAT-HORSE-001,GOVERNANCE,DRAFT_PIA_SUPPLEMENT,Derived from revised structured row ES-FEAT-EVENTS-012 after independent-review adjudication; evidence tier=KEYWORD_MATCH_ONLY.
PIA_SUPPLEMENT_QUEUE,ES-FEAT-EVENTS-012,veterinary documentation,"Shows, events, travel, and transport",HIGH:12,P0,Trainer;Rider;Guardian;Owner;Barn Manager;Staff;Transporter,PIA_SUPPLEMENT_CANDIDATE,IMPLEMENTED_UNVERIFIED,ES-FEAT-PLATFORM-001;ES-FEAT-EVENTS-001;ES-FEAT-IDENTITY-001;ES-FEAT-RELATIONSHIP-001;ES-FEAT-FINANCIAL-001;ES-FEAT-COMMUNICATIONS-001;ES-FEAT-TASKS-001;ES-FEAT-HORSE-001,GOVERNANCE,DRAFT_PIA_SUPPLEMENT,Derived from revised structured row ES-FEAT-EVENTS-012 after independent-review adjudication; evidence tier=KEYWORD_MATCH_ONLY.
RUNTIME_VERIFICATION_QUEUE,ES-FEAT-EVENTS-012,veterinary documentation,"Shows, events, travel, and transport",HIGH:12,P0,Trainer;Rider;Guardian;Owner;Barn Manager;Staff;Transporter,PIA_SUPPLEMENT_CANDIDATE,IMPLEMENTED_UNVERIFIED,ES-FEAT-PLATFORM-001;ES-FEAT-EVENTS-001;ES-FEAT-IDENTITY-001;ES-FEAT-RELATIONSHIP-001;ES-FEAT-FINANCIAL-001;ES-FEAT-COMMUNICATIONS-001;ES-FEAT-TASKS-001;ES-FEAT-HORSE-001,GOVERNANCE,DRAFT_PIA_SUPPLEMENT,Derived from revised structured row ES-FEAT-EVENTS-012 after independent-review adjudication; evidence tier=KEYWORD_MATCH_ONLY.
FOUNDER_DECISION_QUEUE,ES-FEAT-EVENTS-013,schedule changes,"Shows, events, travel, and transport",HIGH:9,P0,Trainer;Rider;Guardian;Owner;Barn Manager;Staff;Transporter,PIA_SUPPLEMENT_CANDIDATE,IMPLEMENTED_UNVERIFIED,ES-FEAT-PLATFORM-001;ES-FEAT-EVENTS-001;ES-FEAT-IDENTITY-001;ES-FEAT-RELATIONSHIP-001;ES-FEAT-FINANCIAL-001;ES-FEAT-COMMUNICATIONS-001;ES-FEAT-TASKS-001;ES-FEAT-HORSE-001,GOVERNANCE,DRAFT_PIA_SUPPLEMENT,Derived from revised structured row ES-FEAT-EVENTS-013 after independent-review adjudication; evidence tier=KEYWORD_MATCH_ONLY.
IMPLEMENTATION_VERIFICATION_QUEUE,ES-FEAT-EVENTS-013,schedule changes,"Shows, events, travel, and transport",HIGH:9,P0,Trainer;Rider;Guardian;Owner;Barn Manager;Staff;Transporter,PIA_SUPPLEMENT_CANDIDATE,IMPLEMENTED_UNVERIFIED,ES-FEAT-PLATFORM-001;ES-FEAT-EVENTS-001;ES-FEAT-IDENTITY-001;ES-FEAT-RELATIONSHIP-001;ES-FEAT-FINANCIAL-001;ES-FEAT-COMMUNICATIONS-001;ES-FEAT-TASKS-001;ES-FEAT-HORSE-001,GOVERNANCE,DRAFT_PIA_SUPPLEMENT,Derived from revised structured row ES-FEAT-EVENTS-013 after independent-review adjudication; evidence tier=KEYWORD_MATCH_ONLY.
PIA_SUPPLEMENT_QUEUE,ES-FEAT-EVENTS-013,schedule changes,"Shows, events, travel, and transport",HIGH:9,P0,Trainer;Rider;Guardian;Owner;Barn Manager;Staff;Transporter,PIA_SUPPLEMENT_CANDIDATE,IMPLEMENTED_UNVERIFIED,ES-FEAT-PLATFORM-001;ES-FEAT-EVENTS-001;ES-FEAT-IDENTITY-001;ES-FEAT-RELATIONSHIP-001;ES-FEAT-FINANCIAL-001;ES-FEAT-COMMUNICATIONS-001;ES-FEAT-TASKS-001;ES-FEAT-HORSE-001,GOVERNANCE,DRAFT_PIA_SUPPLEMENT,Derived from revised structured row ES-FEAT-EVENTS-013 after independent-review adjudication; evidence tier=KEYWORD_MATCH_ONLY.
RUNTIME_VERIFICATION_QUEUE,ES-FEAT-EVENTS-013,schedule changes,"Shows, events, travel, and transport",HIGH:9,P0,Trainer;Rider;Guardian;Owner;Barn Manager;Staff;Transporter,PIA_SUPPLEMENT_CANDIDATE,IMPLEMENTED_UNVERIFIED,ES-FEAT-PLATFORM-001;ES-FEAT-EVENTS-001;ES-FEAT-IDENTITY-001;ES-FEAT-RELATIONSHIP-001;ES-FEAT-FINANCIAL-001;ES-FEAT-COMMUNICATIONS-001;ES-FEAT-TASKS-001;ES-FEAT-HORSE-001,GOVERNANCE,DRAFT_PIA_SUPPLEMENT,Derived from revised structured row ES-FEAT-EVENTS-013 after independent-review adjudication; evidence tier=KEYWORD_MATCH_ONLY.
FOUNDER_DECISION_QUEUE,ES-FEAT-EVENTS-014,cancellation,"Shows, events, travel, and transport",HIGH:6,P0,Trainer;Rider;Guardian;Owner;Barn Manager;Staff;Transporter,PIA_SUPPLEMENT_CANDIDATE,IMPLEMENTED_UNVERIFIED,ES-FEAT-PLATFORM-001;ES-FEAT-EVENTS-001;ES-FEAT-IDENTITY-001;ES-FEAT-RELATIONSHIP-001;ES-FEAT-FINANCIAL-001;ES-FEAT-COMMUNICATIONS-001;ES-FEAT-TASKS-001;ES-FEAT-HORSE-001,GOVERNANCE,DRAFT_PIA_SUPPLEMENT,Derived from revised structured row ES-FEAT-EVENTS-014 after independent-review adjudication; evidence tier=KEYWORD_MATCH_ONLY.
IMPLEMENTATION_VERIFICATION_QUEUE,ES-FEAT-EVENTS-014,cancellation,"Shows, events, travel, and transport",HIGH:6,P0,Trainer;Rider;Guardian;Owner;Barn Manager;Staff;Transporter,PIA_SUPPLEMENT_CANDIDATE,IMPLEMENTED_UNVERIFIED,ES-FEAT-PLATFORM-001;ES-FEAT-EVENTS-001;ES-FEAT-IDENTITY-001;ES-FEAT-RELATIONSHIP-001;ES-FEAT-FINANCIAL-001;ES-FEAT-COMMUNICATIONS-001;ES-FEAT-TASKS-001;ES-FEAT-HORSE-001,GOVERNANCE,DRAFT_PIA_SUPPLEMENT,Derived from revised structured row ES-FEAT-EVENTS-014 after independent-review adjudication; evidence tier=KEYWORD_MATCH_ONLY.
PIA_SUPPLEMENT_QUEUE,ES-FEAT-EVENTS-014,cancellation,"Shows, events, travel, and transport",HIGH:6,P0,Trainer;Rider;Guardian;Owner;Barn Manager;Staff;Transporter,PIA_SUPPLEMENT_CANDIDATE,IMPLEMENTED_UNVERIFIED,ES-FEAT-PLATFORM-001;ES-FEAT-EVENTS-001;ES-FEAT-IDENTITY-001;ES-FEAT-RELATIONSHIP-001;ES-FEAT-FINANCIAL-001;ES-FEAT-COMMUNICATIONS-001;ES-FEAT-TASKS-001;ES-FEAT-HORSE-001,GOVERNANCE,DRAFT_PIA_SUPPLEMENT,Derived from revised structured row ES-FEAT-EVENTS-014 after independent-review adjudication; evidence tier=KEYWORD_MATCH_ONLY.
RUNTIME_VERIFICATION_QUEUE,ES-FEAT-EVENTS-014,cancellation,"Shows, events, travel, and transport",HIGH:6,P0,Trainer;Rider;Guardian;Owner;Barn Manager;Staff;Transporter,PIA_SUPPLEMENT_CANDIDATE,IMPLEMENTED_UNVERIFIED,ES-FEAT-PLATFORM-001;ES-FEAT-EVENTS-001;ES-FEAT-IDENTITY-001;ES-FEAT-RELATIONSHIP-001;ES-FEAT-FINANCIAL-001;ES-FEAT-COMMUNICATIONS-001;ES-FEAT-TASKS-001;ES-FEAT-HORSE-001,GOVERNANCE,DRAFT_PIA_SUPPLEMENT,Derived from revised structured row ES-FEAT-EVENTS-014 after independent-review adjudication; evidence tier=KEYWORD_MATCH_ONLY.
FOUNDER_DECISION_QUEUE,ES-FEAT-MARKETPLACE-001,provider profiles,"Marketplace, provider network, and community",HIGH:12,P0,Service Provider;Owner;Trainer;Facility Owner;Barn Manager;Community Member;Platform Admin,NEW_PIA_CANDIDATE,PARTIAL_IMPLEMENTATION,ES-FEAT-PLATFORM-001,GOVERNANCE,DRAFT_NEW_PIA,Derived from revised structured row ES-FEAT-MARKETPLACE-001 after independent-review adjudication; evidence tier=KEYWORD_MATCH_ONLY.
IMPLEMENTATION_VERIFICATION_QUEUE,ES-FEAT-MARKETPLACE-001,provider profiles,"Marketplace, provider network, and community",HIGH:12,P0,Service Provider;Owner;Trainer;Facility Owner;Barn Manager;Community Member;Platform Admin,NEW_PIA_CANDIDATE,PARTIAL_IMPLEMENTATION,ES-FEAT-PLATFORM-001,GOVERNANCE,DRAFT_NEW_PIA,Derived from revised structured row ES-FEAT-MARKETPLACE-001 after independent-review adjudication; evidence tier=KEYWORD_MATCH_ONLY.
NEW_PIA_QUEUE,ES-FEAT-MARKETPLACE-001,provider profiles,"Marketplace, provider network, and community",HIGH:12,P0,Service Provider;Owner;Trainer;Facility Owner;Barn Manager;Community Member;Platform Admin,NEW_PIA_CANDIDATE,PARTIAL_IMPLEMENTATION,ES-FEAT-PLATFORM-001,GOVERNANCE,DRAFT_NEW_PIA,Derived from revised structured row ES-FEAT-MARKETPLACE-001 after independent-review adjudication; evidence tier=KEYWORD_MATCH_ONLY.
RUNTIME_VERIFICATION_QUEUE,ES-FEAT-MARKETPLACE-001,provider profiles,"Marketplace, provider network, and community",HIGH:12,P0,Service Provider;Owner;Trainer;Facility Owner;Barn Manager;Community Member;Platform Admin,NEW_PIA_CANDIDATE,PARTIAL_IMPLEMENTATION,ES-FEAT-PLATFORM-001,GOVERNANCE,DRAFT_NEW_PIA,Derived from revised structured row ES-FEAT-MARKETPLACE-001 after independent-review adjudication; evidence tier=KEYWORD_MATCH_ONLY.
FOUNDER_DECISION_QUEUE,ES-FEAT-MARKETPLACE-002,provider verification,"Marketplace, provider network, and community",HIGH:9,P0,Service Provider;Owner;Trainer;Facility Owner;Barn Manager;Community Member;Platform Admin,NEW_PIA_CANDIDATE,PARTIAL_IMPLEMENTATION,ES-FEAT-PLATFORM-001;ES-FEAT-MARKETPLACE-001;ES-FEAT-IDENTITY-001;ES-FEAT-RELATIONSHIP-001;ES-FEAT-FINANCIAL-001;ES-FEAT-COMMUNICATIONS-001;ES-FEAT-TASKS-001;ES-FEAT-CARE-001,GOVERNANCE,DRAFT_NEW_PIA,Derived from revised structured row ES-FEAT-MARKETPLACE-002 after independent-review adjudication; evidence tier=KEYWORD_MATCH_ONLY.
IMPLEMENTATION_VERIFICATION_QUEUE,ES-FEAT-MARKETPLACE-002,provider verification,"Marketplace, provider network, and community",HIGH:9,P0,Service Provider;Owner;Trainer;Facility Owner;Barn Manager;Community Member;Platform Admin,NEW_PIA_CANDIDATE,PARTIAL_IMPLEMENTATION,ES-FEAT-PLATFORM-001;ES-FEAT-MARKETPLACE-001;ES-FEAT-IDENTITY-001;ES-FEAT-RELATIONSHIP-001;ES-FEAT-FINANCIAL-001;ES-FEAT-COMMUNICATIONS-001;ES-FEAT-TASKS-001;ES-FEAT-CARE-001,GOVERNANCE,DRAFT_NEW_PIA,Derived from revised structured row ES-FEAT-MARKETPLACE-002 after independent-review adjudication; evidence tier=KEYWORD_MATCH_ONLY.
NEW_PIA_QUEUE,ES-FEAT-MARKETPLACE-002,provider verification,"Marketplace, provider network, and community",HIGH:9,P0,Service Provider;Owner;Trainer;Facility Owner;Barn Manager;Community Member;Platform Admin,NEW_PIA_CANDIDATE,PARTIAL_IMPLEMENTATION,ES-FEAT-PLATFORM-001;ES-FEAT-MARKETPLACE-001;ES-FEAT-IDENTITY-001;ES-FEAT-RELATIONSHIP-001;ES-FEAT-FINANCIAL-001;ES-FEAT-COMMUNICATIONS-001;ES-FEAT-TASKS-001;ES-FEAT-CARE-001,GOVERNANCE,DRAFT_NEW_PIA,Derived from revised structured row ES-FEAT-MARKETPLACE-002 after independent-review adjudication; evidence tier=KEYWORD_MATCH_ONLY.
RUNTIME_VERIFICATION_QUEUE,ES-FEAT-MARKETPLACE-002,provider verification,"Marketplace, provider network, and community",HIGH:9,P0,Service Provider;Owner;Trainer;Facility Owner;Barn Manager;Community Member;Platform Admin,NEW_PIA_CANDIDATE,PARTIAL_IMPLEMENTATION,ES-FEAT-PLATFORM-001;ES-FEAT-MARKETPLACE-001;ES-FEAT-IDENTITY-001;ES-FEAT-RELATIONSHIP-001;ES-FEAT-FINANCIAL-001;ES-FEAT-COMMUNICATIONS-001;ES-FEAT-TASKS-001;ES-FEAT-CARE-001,GOVERNANCE,DRAFT_NEW_PIA,Derived from revised structured row ES-FEAT-MARKETPLACE-002 after independent-review adjudication; evidence tier=KEYWORD_MATCH_ONLY.
FOUNDER_DECISION_QUEUE,ES-FEAT-MARKETPLACE-003,credentials,"Marketplace, provider network, and community",HIGH:6,P0,Service Provider;Owner;Trainer;Facility Owner;Barn Manager;Community Member;Platform Admin,NEW_PIA_CANDIDATE,PARTIAL_IMPLEMENTATION,ES-FEAT-PLATFORM-001;ES-FEAT-MARKETPLACE-001;ES-FEAT-IDENTITY-001;ES-FEAT-RELATIONSHIP-001;ES-FEAT-FINANCIAL-001;ES-FEAT-COMMUNICATIONS-001;ES-FEAT-TASKS-001;ES-FEAT-CARE-001,GOVERNANCE,DRAFT_NEW_PIA,Derived from revised structured row ES-FEAT-MARKETPLACE-003 after independent-review adjudication; evidence tier=KEYWORD_MATCH_ONLY.
IMPLEMENTATION_VERIFICATION_QUEUE,ES-FEAT-MARKETPLACE-003,credentials,"Marketplace, provider network, and community",HIGH:6,P0,Service Provider;Owner;Trainer;Facility Owner;Barn Manager;Community Member;Platform Admin,NEW_PIA_CANDIDATE,PARTIAL_IMPLEMENTATION,ES-FEAT-PLATFORM-001;ES-FEAT-MARKETPLACE-001;ES-FEAT-IDENTITY-001;ES-FEAT-RELATIONSHIP-001;ES-FEAT-FINANCIAL-001;ES-FEAT-COMMUNICATIONS-001;ES-FEAT-TASKS-001;ES-FEAT-CARE-001,GOVERNANCE,DRAFT_NEW_PIA,Derived from revised structured row ES-FEAT-MARKETPLACE-003 after independent-review adjudication; evidence tier=KEYWORD_MATCH_ONLY.
NEW_PIA_QUEUE,ES-FEAT-MARKETPLACE-003,credentials,"Marketplace, provider network, and community",HIGH:6,P0,Service Provider;Owner;Trainer;Facility Owner;Barn Manager;Community Member;Platform Admin,NEW_PIA_CANDIDATE,PARTIAL_IMPLEMENTATION,ES-FEAT-PLATFORM-001;ES-FEAT-MARKETPLACE-001;ES-FEAT-IDENTITY-001;ES-FEAT-RELATIONSHIP-001;ES-FEAT-FINANCIAL-001;ES-FEAT-COMMUNICATIONS-001;ES-FEAT-TASKS-001;ES-FEAT-CARE-001,GOVERNANCE,DRAFT_NEW_PIA,Derived from revised structured row ES-FEAT-MARKETPLACE-003 after independent-review adjudication; evidence tier=KEYWORD_MATCH_ONLY.
RUNTIME_VERIFICATION_QUEUE,ES-FEAT-MARKETPLACE-003,credentials,"Marketplace, provider network, and community",HIGH:6,P0,Service Provider;Owner;Trainer;Facility Owner;Barn Manager;Community Member;Platform Admin,NEW_PIA_CANDIDATE,PARTIAL_IMPLEMENTATION,ES-FEAT-PLATFORM-001;ES-FEAT-MARKETPLACE-001;ES-FEAT-IDENTITY-001;ES-FEAT-RELATIONSHIP-001;ES-FEAT-FINANCIAL-001;ES-FEAT-COMMUNICATIONS-001;ES-FEAT-TASKS-001;ES-FEAT-CARE-001,GOVERNANCE,DRAFT_NEW_PIA,Derived from revised structured row ES-FEAT-MARKETPLACE-003 after independent-review adjudication; evidence tier=KEYWORD_MATCH_ONLY.
FOUNDER_DECISION_QUEUE,ES-FEAT-MARKETPLACE-004,listings,"Marketplace, provider network, and community",HIGH:12,P0,Service Provider;Owner;Trainer;Facility Owner;Barn Manager;Community Member;Platform Admin,NEW_PIA_CANDIDATE,PARTIAL_IMPLEMENTATION,ES-FEAT-PLATFORM-001;ES-FEAT-MARKETPLACE-001;ES-FEAT-IDENTITY-001;ES-FEAT-RELATIONSHIP-001;ES-FEAT-FINANCIAL-001;ES-FEAT-COMMUNICATIONS-001;ES-FEAT-TASKS-001;ES-FEAT-CARE-001,GOVERNANCE,DRAFT_NEW_PIA,Derived from revised structured row ES-FEAT-MARKETPLACE-004 after independent-review adjudication; evidence tier=KEYWORD_MATCH_ONLY.
IMPLEMENTATION_VERIFICATION_QUEUE,ES-FEAT-MARKETPLACE-004,listings,"Marketplace, provider network, and community",HIGH:12,P0,Service Provider;Owner;Trainer;Facility Owner;Barn Manager;Community Member;Platform Admin,NEW_PIA_CANDIDATE,PARTIAL_IMPLEMENTATION,ES-FEAT-PLATFORM-001;ES-FEAT-MARKETPLACE-001;ES-FEAT-IDENTITY-001;ES-FEAT-RELATIONSHIP-001;ES-FEAT-FINANCIAL-001;ES-FEAT-COMMUNICATIONS-001;ES-FEAT-TASKS-001;ES-FEAT-CARE-001,GOVERNANCE,DRAFT_NEW_PIA,Derived from revised structured row ES-FEAT-MARKETPLACE-004 after independent-review adjudication; evidence tier=KEYWORD_MATCH_ONLY.
NEW_PIA_QUEUE,ES-FEAT-MARKETPLACE-004,listings,"Marketplace, provider network, and community",HIGH:12,P0,Service Provider;Owner;Trainer;Facility Owner;Barn Manager;Community Member;Platform Admin,NEW_PIA_CANDIDATE,PARTIAL_IMPLEMENTATION,ES-FEAT-PLATFORM-001;ES-FEAT-MARKETPLACE-001;ES-FEAT-IDENTITY-001;ES-FEAT-RELATIONSHIP-001;ES-FEAT-FINANCIAL-001;ES-FEAT-COMMUNICATIONS-001;ES-FEAT-TASKS-001;ES-FEAT-CARE-001,GOVERNANCE,DRAFT_NEW_PIA,Derived from revised structured row ES-FEAT-MARKETPLACE-004 after independent-review adjudication; evidence tier=KEYWORD_MATCH_ONLY.
RUNTIME_VERIFICATION_QUEUE,ES-FEAT-MARKETPLACE-004,listings,"Marketplace, provider network, and community",HIGH:12,P0,Service Provider;Owner;Trainer;Facility Owner;Barn Manager;Community Member;Platform Admin,NEW_PIA_CANDIDATE,PARTIAL_IMPLEMENTATION,ES-FEAT-PLATFORM-001;ES-FEAT-MARKETPLACE-001;ES-FEAT-IDENTITY-001;ES-FEAT-RELATIONSHIP-001;ES-FEAT-FINANCIAL-001;ES-FEAT-COMMUNICATIONS-001;ES-FEAT-TASKS-001;ES-FEAT-CARE-001,GOVERNANCE,DRAFT_NEW_PIA,Derived from revised structured row ES-FEAT-MARKETPLACE-004 after independent-review adjudication; evidence tier=KEYWORD_MATCH_ONLY.
FOUNDER_DECISION_QUEUE,ES-FEAT-MARKETPLACE-005,discovery,"Marketplace, provider network, and community",HIGH:9,P0,Service Provider;Owner;Trainer;Facility Owner;Barn Manager;Community Member;Platform Admin,NEW_PIA_CANDIDATE,PARTIAL_IMPLEMENTATION,ES-FEAT-PLATFORM-001;ES-FEAT-MARKETPLACE-001;ES-FEAT-IDENTITY-001;ES-FEAT-RELATIONSHIP-001;ES-FEAT-FINANCIAL-001;ES-FEAT-COMMUNICATIONS-001;ES-FEAT-TASKS-001;ES-FEAT-CARE-001,GOVERNANCE,DRAFT_NEW_PIA,Derived from revised structured row ES-FEAT-MARKETPLACE-005 after independent-review adjudication; evidence tier=KEYWORD_MATCH_ONLY.
IMPLEMENTATION_VERIFICATION_QUEUE,ES-FEAT-MARKETPLACE-005,discovery,"Marketplace, provider network, and community",HIGH:9,P0,Service Provider;Owner;Trainer;Facility Owner;Barn Manager;Community Member;Platform Admin,NEW_PIA_CANDIDATE,PARTIAL_IMPLEMENTATION,ES-FEAT-PLATFORM-001;ES-FEAT-MARKETPLACE-001;ES-FEAT-IDENTITY-001;ES-FEAT-RELATIONSHIP-001;ES-FEAT-FINANCIAL-001;ES-FEAT-COMMUNICATIONS-001;ES-FEAT-TASKS-001;ES-FEAT-CARE-001,GOVERNANCE,DRAFT_NEW_PIA,Derived from revised structured row ES-FEAT-MARKETPLACE-005 after independent-review adjudication; evidence tier=KEYWORD_MATCH_ONLY.
NEW_PIA_QUEUE,ES-FEAT-MARKETPLACE-005,discovery,"Marketplace, provider network, and community",HIGH:9,P0,Service Provider;Owner;Trainer;Facility Owner;Barn Manager;Community Member;Platform Admin,NEW_PIA_CANDIDATE,PARTIAL_IMPLEMENTATION,ES-FEAT-PLATFORM-001;ES-FEAT-MARKETPLACE-001;ES-FEAT-IDENTITY-001;ES-FEAT-RELATIONSHIP-001;ES-FEAT-FINANCIAL-001;ES-FEAT-COMMUNICATIONS-001;ES-FEAT-TASKS-001;ES-FEAT-CARE-001,GOVERNANCE,DRAFT_NEW_PIA,Derived from revised structured row ES-FEAT-MARKETPLACE-005 after independent-review adjudication; evidence tier=KEYWORD_MATCH_ONLY.
RUNTIME_VERIFICATION_QUEUE,ES-FEAT-MARKETPLACE-005,discovery,"Marketplace, provider network, and community",HIGH:9,P0,Service Provider;Owner;Trainer;Facility Owner;Barn Manager;Community Member;Platform Admin,NEW_PIA_CANDIDATE,PARTIAL_IMPLEMENTATION,ES-FEAT-PLATFORM-001;ES-FEAT-MARKETPLACE-001;ES-FEAT-IDENTITY-001;ES-FEAT-RELATIONSHIP-001;ES-FEAT-FINANCIAL-001;ES-FEAT-COMMUNICATIONS-001;ES-FEAT-TASKS-001;ES-FEAT-CARE-001,GOVERNANCE,DRAFT_NEW_PIA,Derived from revised structured row ES-FEAT-MARKETPLACE-005 after independent-review adjudication; evidence tier=KEYWORD_MATCH_ONLY.
FOUNDER_DECISION_QUEUE,ES-FEAT-MARKETPLACE-006,search ranking,"Marketplace, provider network, and community",HIGH:6,P0,Service Provider;Owner;Trainer;Facility Owner;Barn Manager;Community Member;Platform Admin,NEW_PIA_CANDIDATE,PARTIAL_IMPLEMENTATION,ES-FEAT-PLATFORM-001;ES-FEAT-MARKETPLACE-001;ES-FEAT-IDENTITY-001;ES-FEAT-RELATIONSHIP-001;ES-FEAT-FINANCIAL-001;ES-FEAT-COMMUNICATIONS-001;ES-FEAT-TASKS-001;ES-FEAT-CARE-001,GOVERNANCE,DRAFT_NEW_PIA,Derived from revised structured row ES-FEAT-MARKETPLACE-006 after independent-review adjudication; evidence tier=KEYWORD_MATCH_ONLY.
IMPLEMENTATION_VERIFICATION_QUEUE,ES-FEAT-MARKETPLACE-006,search ranking,"Marketplace, provider network, and community",HIGH:6,P0,Service Provider;Owner;Trainer;Facility Owner;Barn Manager;Community Member;Platform Admin,NEW_PIA_CANDIDATE,PARTIAL_IMPLEMENTATION,ES-FEAT-PLATFORM-001;ES-FEAT-MARKETPLACE-001;ES-FEAT-IDENTITY-001;ES-FEAT-RELATIONSHIP-001;ES-FEAT-FINANCIAL-001;ES-FEAT-COMMUNICATIONS-001;ES-FEAT-TASKS-001;ES-FEAT-CARE-001,GOVERNANCE,DRAFT_NEW_PIA,Derived from revised structured row ES-FEAT-MARKETPLACE-006 after independent-review adjudication; evidence tier=KEYWORD_MATCH_ONLY.
NEW_PIA_QUEUE,ES-FEAT-MARKETPLACE-006,search ranking,"Marketplace, provider network, and community",HIGH:6,P0,Service Provider;Owner;Trainer;Facility Owner;Barn Manager;Community Member;Platform Admin,NEW_PIA_CANDIDATE,PARTIAL_IMPLEMENTATION,ES-FEAT-PLATFORM-001;ES-FEAT-MARKETPLACE-001;ES-FEAT-IDENTITY-001;ES-FEAT-RELATIONSHIP-001;ES-FEAT-FINANCIAL-001;ES-FEAT-COMMUNICATIONS-001;ES-FEAT-TASKS-001;ES-FEAT-CARE-001,GOVERNANCE,DRAFT_NEW_PIA,Derived from revised structured row ES-FEAT-MARKETPLACE-006 after independent-review adjudication; evidence tier=KEYWORD_MATCH_ONLY.
RUNTIME_VERIFICATION_QUEUE,ES-FEAT-MARKETPLACE-006,search ranking,"Marketplace, provider network, and community",HIGH:6,P0,Service Provider;Owner;Trainer;Facility Owner;Barn Manager;Community Member;Platform Admin,NEW_PIA_CANDIDATE,PARTIAL_IMPLEMENTATION,ES-FEAT-PLATFORM-001;ES-FEAT-MARKETPLACE-001;ES-FEAT-IDENTITY-001;ES-FEAT-RELATIONSHIP-001;ES-FEAT-FINANCIAL-001;ES-FEAT-COMMUNICATIONS-001;ES-FEAT-TASKS-001;ES-FEAT-CARE-001,GOVERNANCE,DRAFT_NEW_PIA,Derived from revised structured row ES-FEAT-MARKETPLACE-006 after independent-review adjudication; evidence tier=KEYWORD_MATCH_ONLY.
FOUNDER_DECISION_QUEUE,ES-FEAT-MARKETPLACE-007,reviews,"Marketplace, provider network, and community",HIGH:12,P0,Service Provider;Owner;Trainer;Facility Owner;Barn Manager;Community Member;Platform Admin,NEW_PIA_CANDIDATE,PARTIAL_IMPLEMENTATION,ES-FEAT-PLATFORM-001;ES-FEAT-MARKETPLACE-001;ES-FEAT-IDENTITY-001;ES-FEAT-RELATIONSHIP-001;ES-FEAT-FINANCIAL-001;ES-FEAT-COMMUNICATIONS-001;ES-FEAT-TASKS-001;ES-FEAT-CARE-001,GOVERNANCE,DRAFT_NEW_PIA,Derived from revised structured row ES-FEAT-MARKETPLACE-007 after independent-review adjudication; evidence tier=KEYWORD_MATCH_ONLY.
IMPLEMENTATION_VERIFICATION_QUEUE,ES-FEAT-MARKETPLACE-007,reviews,"Marketplace, provider network, and community",HIGH:12,P0,Service Provider;Owner;Trainer;Facility Owner;Barn Manager;Community Member;Platform Admin,NEW_PIA_CANDIDATE,PARTIAL_IMPLEMENTATION,ES-FEAT-PLATFORM-001;ES-FEAT-MARKETPLACE-001;ES-FEAT-IDENTITY-001;ES-FEAT-RELATIONSHIP-001;ES-FEAT-FINANCIAL-001;ES-FEAT-COMMUNICATIONS-001;ES-FEAT-TASKS-001;ES-FEAT-CARE-001,GOVERNANCE,DRAFT_NEW_PIA,Derived from revised structured row ES-FEAT-MARKETPLACE-007 after independent-review adjudication; evidence tier=KEYWORD_MATCH_ONLY.
NEW_PIA_QUEUE,ES-FEAT-MARKETPLACE-007,reviews,"Marketplace, provider network, and community",HIGH:12,P0,Service Provider;Owner;Trainer;Facility Owner;Barn Manager;Community Member;Platform Admin,NEW_PIA_CANDIDATE,PARTIAL_IMPLEMENTATION,ES-FEAT-PLATFORM-001;ES-FEAT-MARKETPLACE-001;ES-FEAT-IDENTITY-001;ES-FEAT-RELATIONSHIP-001;ES-FEAT-FINANCIAL-001;ES-FEAT-COMMUNICATIONS-001;ES-FEAT-TASKS-001;ES-FEAT-CARE-001,GOVERNANCE,DRAFT_NEW_PIA,Derived from revised structured row ES-FEAT-MARKETPLACE-007 after independent-review adjudication; evidence tier=KEYWORD_MATCH_ONLY.
RUNTIME_VERIFICATION_QUEUE,ES-FEAT-MARKETPLACE-007,reviews,"Marketplace, provider network, and community",HIGH:12,P0,Service Provider;Owner;Trainer;Facility Owner;Barn Manager;Community Member;Platform Admin,NEW_PIA_CANDIDATE,PARTIAL_IMPLEMENTATION,ES-FEAT-PLATFORM-001;ES-FEAT-MARKETPLACE-001;ES-FEAT-IDENTITY-001;ES-FEAT-RELATIONSHIP-001;ES-FEAT-FINANCIAL-001;ES-FEAT-COMMUNICATIONS-001;ES-FEAT-TASKS-001;ES-FEAT-CARE-001,GOVERNANCE,DRAFT_NEW_PIA,Derived from revised structured row ES-FEAT-MARKETPLACE-007 after independent-review adjudication; evidence tier=KEYWORD_MATCH_ONLY.
FOUNDER_DECISION_QUEUE,ES-FEAT-MARKETPLACE-008,referrals,"Marketplace, provider network, and community",HIGH:9,P0,Service Provider;Owner;Trainer;Facility Owner;Barn Manager;Community Member;Platform Admin,NEW_PIA_CANDIDATE,PARTIAL_IMPLEMENTATION,ES-FEAT-PLATFORM-001;ES-FEAT-MARKETPLACE-001;ES-FEAT-IDENTITY-001;ES-FEAT-RELATIONSHIP-001;ES-FEAT-FINANCIAL-001;ES-FEAT-COMMUNICATIONS-001;ES-FEAT-TASKS-001;ES-FEAT-CARE-001,GOVERNANCE,DRAFT_NEW_PIA,Derived from revised structured row ES-FEAT-MARKETPLACE-008 after independent-review adjudication; evidence tier=KEYWORD_MATCH_ONLY.
IMPLEMENTATION_VERIFICATION_QUEUE,ES-FEAT-MARKETPLACE-008,referrals,"Marketplace, provider network, and community",HIGH:9,P0,Service Provider;Owner;Trainer;Facility Owner;Barn Manager;Community Member;Platform Admin,NEW_PIA_CANDIDATE,PARTIAL_IMPLEMENTATION,ES-FEAT-PLATFORM-001;ES-FEAT-MARKETPLACE-001;ES-FEAT-IDENTITY-001;ES-FEAT-RELATIONSHIP-001;ES-FEAT-FINANCIAL-001;ES-FEAT-COMMUNICATIONS-001;ES-FEAT-TASKS-001;ES-FEAT-CARE-001,GOVERNANCE,DRAFT_NEW_PIA,Derived from revised structured row ES-FEAT-MARKETPLACE-008 after independent-review adjudication; evidence tier=KEYWORD_MATCH_ONLY.
NEW_PIA_QUEUE,ES-FEAT-MARKETPLACE-008,referrals,"Marketplace, provider network, and community",HIGH:9,P0,Service Provider;Owner;Trainer;Facility Owner;Barn Manager;Community Member;Platform Admin,NEW_PIA_CANDIDATE,PARTIAL_IMPLEMENTATION,ES-FEAT-PLATFORM-001;ES-FEAT-MARKETPLACE-001;ES-FEAT-IDENTITY-001;ES-FEAT-RELATIONSHIP-001;ES-FEAT-FINANCIAL-001;ES-FEAT-COMMUNICATIONS-001;ES-FEAT-TASKS-001;ES-FEAT-CARE-001,GOVERNANCE,DRAFT_NEW_PIA,Derived from revised structured row ES-FEAT-MARKETPLACE-008 after independent-review adjudication; evidence tier=KEYWORD_MATCH_ONLY.
RUNTIME_VERIFICATION_QUEUE,ES-FEAT-MARKETPLACE-008,referrals,"Marketplace, provider network, and community",HIGH:9,P0,Service Provider;Owner;Trainer;Facility Owner;Barn Manager;Community Member;Platform Admin,NEW_PIA_CANDIDATE,PARTIAL_IMPLEMENTATION,ES-FEAT-PLATFORM-001;ES-FEAT-MARKETPLACE-001;ES-FEAT-IDENTITY-001;ES-FEAT-RELATIONSHIP-001;ES-FEAT-FINANCIAL-001;ES-FEAT-COMMUNICATIONS-001;ES-FEAT-TASKS-001;ES-FEAT-CARE-001,GOVERNANCE,DRAFT_NEW_PIA,Derived from revised structured row ES-FEAT-MARKETPLACE-008 after independent-review adjudication; evidence tier=KEYWORD_MATCH_ONLY.
FOUNDER_DECISION_QUEUE,ES-FEAT-MARKETPLACE-009,community features,"Marketplace, provider network, and community",HIGH:6,P0,Service Provider;Owner;Trainer;Facility Owner;Barn Manager;Community Member;Platform Admin,NEW_PIA_CANDIDATE,PARTIAL_IMPLEMENTATION,ES-FEAT-PLATFORM-001;ES-FEAT-MARKETPLACE-001;ES-FEAT-IDENTITY-001;ES-FEAT-RELATIONSHIP-001;ES-FEAT-FINANCIAL-001;ES-FEAT-COMMUNICATIONS-001;ES-FEAT-TASKS-001;ES-FEAT-CARE-001,GOVERNANCE,DRAFT_NEW_PIA,Derived from revised structured row ES-FEAT-MARKETPLACE-009 after independent-review adjudication; evidence tier=KEYWORD_MATCH_ONLY.
IMPLEMENTATION_VERIFICATION_QUEUE,ES-FEAT-MARKETPLACE-009,community features,"Marketplace, provider network, and community",HIGH:6,P0,Service Provider;Owner;Trainer;Facility Owner;Barn Manager;Community Member;Platform Admin,NEW_PIA_CANDIDATE,PARTIAL_IMPLEMENTATION,ES-FEAT-PLATFORM-001;ES-FEAT-MARKETPLACE-001;ES-FEAT-IDENTITY-001;ES-FEAT-RELATIONSHIP-001;ES-FEAT-FINANCIAL-001;ES-FEAT-COMMUNICATIONS-001;ES-FEAT-TASKS-001;ES-FEAT-CARE-001,GOVERNANCE,DRAFT_NEW_PIA,Derived from revised structured row ES-FEAT-MARKETPLACE-009 after independent-review adjudication; evidence tier=KEYWORD_MATCH_ONLY.
NEW_PIA_QUEUE,ES-FEAT-MARKETPLACE-009,community features,"Marketplace, provider network, and community",HIGH:6,P0,Service Provider;Owner;Trainer;Facility Owner;Barn Manager;Community Member;Platform Admin,NEW_PIA_CANDIDATE,PARTIAL_IMPLEMENTATION,ES-FEAT-PLATFORM-001;ES-FEAT-MARKETPLACE-001;ES-FEAT-IDENTITY-001;ES-FEAT-RELATIONSHIP-001;ES-FEAT-FINANCIAL-001;ES-FEAT-COMMUNICATIONS-001;ES-FEAT-TASKS-001;ES-FEAT-CARE-001,GOVERNANCE,DRAFT_NEW_PIA,Derived from revised structured row ES-FEAT-MARKETPLACE-009 after independent-review adjudication; evidence tier=KEYWORD_MATCH_ONLY.
RUNTIME_VERIFICATION_QUEUE,ES-FEAT-MARKETPLACE-009,community features,"Marketplace, provider network, and community",HIGH:6,P0,Service Provider;Owner;Trainer;Facility Owner;Barn Manager;Community Member;Platform Admin,NEW_PIA_CANDIDATE,PARTIAL_IMPLEMENTATION,ES-FEAT-PLATFORM-001;ES-FEAT-MARKETPLACE-001;ES-FEAT-IDENTITY-001;ES-FEAT-RELATIONSHIP-001;ES-FEAT-FINANCIAL-001;ES-FEAT-COMMUNICATIONS-001;ES-FEAT-TASKS-001;ES-FEAT-CARE-001,GOVERNANCE,DRAFT_NEW_PIA,Derived from revised structured row ES-FEAT-MARKETPLACE-009 after independent-review adjudication; evidence tier=KEYWORD_MATCH_ONLY.
FOUNDER_DECISION_QUEUE,ES-FEAT-MARKETPLACE-010,moderation,"Marketplace, provider network, and community",HIGH:12,P0,Service Provider;Owner;Trainer;Facility Owner;Barn Manager;Community Member;Platform Admin,NEW_PIA_CANDIDATE,PARTIAL_IMPLEMENTATION,ES-FEAT-PLATFORM-001;ES-FEAT-MARKETPLACE-001;ES-FEAT-IDENTITY-001;ES-FEAT-RELATIONSHIP-001;ES-FEAT-FINANCIAL-001;ES-FEAT-COMMUNICATIONS-001;ES-FEAT-TASKS-001;ES-FEAT-CARE-001,GOVERNANCE,DRAFT_NEW_PIA,Derived from revised structured row ES-FEAT-MARKETPLACE-010 after independent-review adjudication; evidence tier=KEYWORD_MATCH_ONLY.
IMPLEMENTATION_VERIFICATION_QUEUE,ES-FEAT-MARKETPLACE-010,moderation,"Marketplace, provider network, and community",HIGH:12,P0,Service Provider;Owner;Trainer;Facility Owner;Barn Manager;Community Member;Platform Admin,NEW_PIA_CANDIDATE,PARTIAL_IMPLEMENTATION,ES-FEAT-PLATFORM-001;ES-FEAT-MARKETPLACE-001;ES-FEAT-IDENTITY-001;ES-FEAT-RELATIONSHIP-001;ES-FEAT-FINANCIAL-001;ES-FEAT-COMMUNICATIONS-001;ES-FEAT-TASKS-001;ES-FEAT-CARE-001,GOVERNANCE,DRAFT_NEW_PIA,Derived from revised structured row ES-FEAT-MARKETPLACE-010 after independent-review adjudication; evidence tier=KEYWORD_MATCH_ONLY.
NEW_PIA_QUEUE,ES-FEAT-MARKETPLACE-010,moderation,"Marketplace, provider network, and community",HIGH:12,P0,Service Provider;Owner;Trainer;Facility Owner;Barn Manager;Community Member;Platform Admin,NEW_PIA_CANDIDATE,PARTIAL_IMPLEMENTATION,ES-FEAT-PLATFORM-001;ES-FEAT-MARKETPLACE-001;ES-FEAT-IDENTITY-001;ES-FEAT-RELATIONSHIP-001;ES-FEAT-FINANCIAL-001;ES-FEAT-COMMUNICATIONS-001;ES-FEAT-TASKS-001;ES-FEAT-CARE-001,GOVERNANCE,DRAFT_NEW_PIA,Derived from revised structured row ES-FEAT-MARKETPLACE-010 after independent-review adjudication; evidence tier=KEYWORD_MATCH_ONLY.
RUNTIME_VERIFICATION_QUEUE,ES-FEAT-MARKETPLACE-010,moderation,"Marketplace, provider network, and community",HIGH:12,P0,Service Provider;Owner;Trainer;Facility Owner;Barn Manager;Community Member;Platform Admin,NEW_PIA_CANDIDATE,PARTIAL_IMPLEMENTATION,ES-FEAT-PLATFORM-001;ES-FEAT-MARKETPLACE-001;ES-FEAT-IDENTITY-001;ES-FEAT-RELATIONSHIP-001;ES-FEAT-FINANCIAL-001;ES-FEAT-COMMUNICATIONS-001;ES-FEAT-TASKS-001;ES-FEAT-CARE-001,GOVERNANCE,DRAFT_NEW_PIA,Derived from revised structured row ES-FEAT-MARKETPLACE-010 after independent-review adjudication; evidence tier=KEYWORD_MATCH_ONLY.
FOUNDER_DECISION_QUEUE,ES-FEAT-MARKETPLACE-011,disputes (Marketplace),"Marketplace, provider network, and community",CRITICAL:12,P0,Service Provider;Owner;Trainer;Facility Owner;Barn Manager;Community Member;Platform Admin,NEW_PIA_CANDIDATE,PARTIAL_IMPLEMENTATION,ES-FEAT-PLATFORM-001;ES-FEAT-MARKETPLACE-001;ES-FEAT-IDENTITY-001;ES-FEAT-RELATIONSHIP-001;ES-FEAT-FINANCIAL-001;ES-FEAT-COMMUNICATIONS-001;ES-FEAT-TASKS-001;ES-FEAT-CARE-001,GOVERNANCE,DRAFT_NEW_PIA,Derived from revised structured row ES-FEAT-MARKETPLACE-011 after independent-review adjudication; evidence tier=KEYWORD_MATCH_ONLY.
IMPLEMENTATION_VERIFICATION_QUEUE,ES-FEAT-MARKETPLACE-011,disputes (Marketplace),"Marketplace, provider network, and community",CRITICAL:12,P0,Service Provider;Owner;Trainer;Facility Owner;Barn Manager;Community Member;Platform Admin,NEW_PIA_CANDIDATE,PARTIAL_IMPLEMENTATION,ES-FEAT-PLATFORM-001;ES-FEAT-MARKETPLACE-001;ES-FEAT-IDENTITY-001;ES-FEAT-RELATIONSHIP-001;ES-FEAT-FINANCIAL-001;ES-FEAT-COMMUNICATIONS-001;ES-FEAT-TASKS-001;ES-FEAT-CARE-001,GOVERNANCE,DRAFT_NEW_PIA,Derived from revised structured row ES-FEAT-MARKETPLACE-011 after independent-review adjudication; evidence tier=KEYWORD_MATCH_ONLY.
NEW_PIA_QUEUE,ES-FEAT-MARKETPLACE-011,disputes (Marketplace),"Marketplace, provider network, and community",CRITICAL:12,P0,Service Provider;Owner;Trainer;Facility Owner;Barn Manager;Community Member;Platform Admin,NEW_PIA_CANDIDATE,PARTIAL_IMPLEMENTATION,ES-FEAT-PLATFORM-001;ES-FEAT-MARKETPLACE-001;ES-FEAT-IDENTITY-001;ES-FEAT-RELATIONSHIP-001;ES-FEAT-FINANCIAL-001;ES-FEAT-COMMUNICATIONS-001;ES-FEAT-TASKS-001;ES-FEAT-CARE-001,GOVERNANCE,DRAFT_NEW_PIA,Derived from revised structured row ES-FEAT-MARKETPLACE-011 after independent-review adjudication; evidence tier=KEYWORD_MATCH_ONLY.
RUNTIME_VERIFICATION_QUEUE,ES-FEAT-MARKETPLACE-011,disputes (Marketplace),"Marketplace, provider network, and community",CRITICAL:12,P0,Service Provider;Owner;Trainer;Facility Owner;Barn Manager;Community Member;Platform Admin,NEW_PIA_CANDIDATE,PARTIAL_IMPLEMENTATION,ES-FEAT-PLATFORM-001;ES-FEAT-MARKETPLACE-001;ES-FEAT-IDENTITY-001;ES-FEAT-RELATIONSHIP-001;ES-FEAT-FINANCIAL-001;ES-FEAT-COMMUNICATIONS-001;ES-FEAT-TASKS-001;ES-FEAT-CARE-001,GOVERNANCE,DRAFT_NEW_PIA,Derived from revised structured row ES-FEAT-MARKETPLACE-011 after independent-review adjudication; evidence tier=KEYWORD_MATCH_ONLY.
FOUNDER_DECISION_QUEUE,ES-FEAT-MARKETPLACE-012,bookings,"Marketplace, provider network, and community",HIGH:6,P0,Service Provider;Owner;Trainer;Facility Owner;Barn Manager;Community Member;Platform Admin,NEW_PIA_CANDIDATE,PARTIAL_IMPLEMENTATION,ES-FEAT-PLATFORM-001;ES-FEAT-MARKETPLACE-001;ES-FEAT-IDENTITY-001;ES-FEAT-RELATIONSHIP-001;ES-FEAT-FINANCIAL-001;ES-FEAT-COMMUNICATIONS-001;ES-FEAT-TASKS-001;ES-FEAT-CARE-001,GOVERNANCE,DRAFT_NEW_PIA,Derived from revised structured row ES-FEAT-MARKETPLACE-012 after independent-review adjudication; evidence tier=KEYWORD_MATCH_ONLY.
IMPLEMENTATION_VERIFICATION_QUEUE,ES-FEAT-MARKETPLACE-012,bookings,"Marketplace, provider network, and community",HIGH:6,P0,Service Provider;Owner;Trainer;Facility Owner;Barn Manager;Community Member;Platform Admin,NEW_PIA_CANDIDATE,PARTIAL_IMPLEMENTATION,ES-FEAT-PLATFORM-001;ES-FEAT-MARKETPLACE-001;ES-FEAT-IDENTITY-001;ES-FEAT-RELATIONSHIP-001;ES-FEAT-FINANCIAL-001;ES-FEAT-COMMUNICATIONS-001;ES-FEAT-TASKS-001;ES-FEAT-CARE-001,GOVERNANCE,DRAFT_NEW_PIA,Derived from revised structured row ES-FEAT-MARKETPLACE-012 after independent-review adjudication; evidence tier=KEYWORD_MATCH_ONLY.
NEW_PIA_QUEUE,ES-FEAT-MARKETPLACE-012,bookings,"Marketplace, provider network, and community",HIGH:6,P0,Service Provider;Owner;Trainer;Facility Owner;Barn Manager;Community Member;Platform Admin,NEW_PIA_CANDIDATE,PARTIAL_IMPLEMENTATION,ES-FEAT-PLATFORM-001;ES-FEAT-MARKETPLACE-001;ES-FEAT-IDENTITY-001;ES-FEAT-RELATIONSHIP-001;ES-FEAT-FINANCIAL-001;ES-FEAT-COMMUNICATIONS-001;ES-FEAT-TASKS-001;ES-FEAT-CARE-001,GOVERNANCE,DRAFT_NEW_PIA,Derived from revised structured row ES-FEAT-MARKETPLACE-012 after independent-review adjudication; evidence tier=KEYWORD_MATCH_ONLY.
RUNTIME_VERIFICATION_QUEUE,ES-FEAT-MARKETPLACE-012,bookings,"Marketplace, provider network, and community",HIGH:6,P0,Service Provider;Owner;Trainer;Facility Owner;Barn Manager;Community Member;Platform Admin,NEW_PIA_CANDIDATE,PARTIAL_IMPLEMENTATION,ES-FEAT-PLATFORM-001;ES-FEAT-MARKETPLACE-001;ES-FEAT-IDENTITY-001;ES-FEAT-RELATIONSHIP-001;ES-FEAT-FINANCIAL-001;ES-FEAT-COMMUNICATIONS-001;ES-FEAT-TASKS-001;ES-FEAT-CARE-001,GOVERNANCE,DRAFT_NEW_PIA,Derived from revised structured row ES-FEAT-MARKETPLACE-012 after independent-review adjudication; evidence tier=KEYWORD_MATCH_ONLY.
FOUNDER_DECISION_QUEUE,ES-FEAT-MARKETPLACE-013,payment responsibilities,"Marketplace, provider network, and community",CRITICAL:16,P0,Service Provider;Owner;Trainer;Facility Owner;Barn Manager;Community Member;Platform Admin,NEW_PIA_CANDIDATE,PARTIAL_IMPLEMENTATION,ES-FEAT-PLATFORM-001;ES-FEAT-MARKETPLACE-001;ES-FEAT-IDENTITY-001;ES-FEAT-RELATIONSHIP-001;ES-FEAT-FINANCIAL-001;ES-FEAT-COMMUNICATIONS-001;ES-FEAT-TASKS-001;ES-FEAT-CARE-001,GOVERNANCE,DRAFT_NEW_PIA,Derived from revised structured row ES-FEAT-MARKETPLACE-013 after independent-review adjudication; evidence tier=KEYWORD_MATCH_ONLY.
IMPLEMENTATION_VERIFICATION_QUEUE,ES-FEAT-MARKETPLACE-013,payment responsibilities,"Marketplace, provider network, and community",CRITICAL:16,P0,Service Provider;Owner;Trainer;Facility Owner;Barn Manager;Community Member;Platform Admin,NEW_PIA_CANDIDATE,PARTIAL_IMPLEMENTATION,ES-FEAT-PLATFORM-001;ES-FEAT-MARKETPLACE-001;ES-FEAT-IDENTITY-001;ES-FEAT-RELATIONSHIP-001;ES-FEAT-FINANCIAL-001;ES-FEAT-COMMUNICATIONS-001;ES-FEAT-TASKS-001;ES-FEAT-CARE-001,GOVERNANCE,DRAFT_NEW_PIA,Derived from revised structured row ES-FEAT-MARKETPLACE-013 after independent-review adjudication; evidence tier=KEYWORD_MATCH_ONLY.
NEW_PIA_QUEUE,ES-FEAT-MARKETPLACE-013,payment responsibilities,"Marketplace, provider network, and community",CRITICAL:16,P0,Service Provider;Owner;Trainer;Facility Owner;Barn Manager;Community Member;Platform Admin,NEW_PIA_CANDIDATE,PARTIAL_IMPLEMENTATION,ES-FEAT-PLATFORM-001;ES-FEAT-MARKETPLACE-001;ES-FEAT-IDENTITY-001;ES-FEAT-RELATIONSHIP-001;ES-FEAT-FINANCIAL-001;ES-FEAT-COMMUNICATIONS-001;ES-FEAT-TASKS-001;ES-FEAT-CARE-001,GOVERNANCE,DRAFT_NEW_PIA,Derived from revised structured row ES-FEAT-MARKETPLACE-013 after independent-review adjudication; evidence tier=KEYWORD_MATCH_ONLY.
RUNTIME_VERIFICATION_QUEUE,ES-FEAT-MARKETPLACE-013,payment responsibilities,"Marketplace, provider network, and community",CRITICAL:16,P0,Service Provider;Owner;Trainer;Facility Owner;Barn Manager;Community Member;Platform Admin,NEW_PIA_CANDIDATE,PARTIAL_IMPLEMENTATION,ES-FEAT-PLATFORM-001;ES-FEAT-MARKETPLACE-001;ES-FEAT-IDENTITY-001;ES-FEAT-RELATIONSHIP-001;ES-FEAT-FINANCIAL-001;ES-FEAT-COMMUNICATIONS-001;ES-FEAT-TASKS-001;ES-FEAT-CARE-001,GOVERNANCE,DRAFT_NEW_PIA,Derived from revised structured row ES-FEAT-MARKETPLACE-013 after independent-review adjudication; evidence tier=KEYWORD_MATCH_ONLY.
FOUNDER_DECISION_QUEUE,ES-FEAT-MARKETPLACE-014,suspension and delisting,"Marketplace, provider network, and community",HIGH:9,P0,Service Provider;Owner;Trainer;Facility Owner;Barn Manager;Community Member;Platform Admin,NEW_PIA_CANDIDATE,PARTIAL_IMPLEMENTATION,ES-FEAT-PLATFORM-001;ES-FEAT-MARKETPLACE-001;ES-FEAT-IDENTITY-001;ES-FEAT-RELATIONSHIP-001;ES-FEAT-FINANCIAL-001;ES-FEAT-COMMUNICATIONS-001;ES-FEAT-TASKS-001;ES-FEAT-CARE-001,GOVERNANCE,DRAFT_NEW_PIA,Derived from revised structured row ES-FEAT-MARKETPLACE-014 after independent-review adjudication; evidence tier=KEYWORD_MATCH_ONLY.
IMPLEMENTATION_VERIFICATION_QUEUE,ES-FEAT-MARKETPLACE-014,suspension and delisting,"Marketplace, provider network, and community",HIGH:9,P0,Service Provider;Owner;Trainer;Facility Owner;Barn Manager;Community Member;Platform Admin,NEW_PIA_CANDIDATE,PARTIAL_IMPLEMENTATION,ES-FEAT-PLATFORM-001;ES-FEAT-MARKETPLACE-001;ES-FEAT-IDENTITY-001;ES-FEAT-RELATIONSHIP-001;ES-FEAT-FINANCIAL-001;ES-FEAT-COMMUNICATIONS-001;ES-FEAT-TASKS-001;ES-FEAT-CARE-001,GOVERNANCE,DRAFT_NEW_PIA,Derived from revised structured row ES-FEAT-MARKETPLACE-014 after independent-review adjudication; evidence tier=KEYWORD_MATCH_ONLY.
NEW_PIA_QUEUE,ES-FEAT-MARKETPLACE-014,suspension and delisting,"Marketplace, provider network, and community",HIGH:9,P0,Service Provider;Owner;Trainer;Facility Owner;Barn Manager;Community Member;Platform Admin,NEW_PIA_CANDIDATE,PARTIAL_IMPLEMENTATION,ES-FEAT-PLATFORM-001;ES-FEAT-MARKETPLACE-001;ES-FEAT-IDENTITY-001;ES-FEAT-RELATIONSHIP-001;ES-FEAT-FINANCIAL-001;ES-FEAT-COMMUNICATIONS-001;ES-FEAT-TASKS-001;ES-FEAT-CARE-001,GOVERNANCE,DRAFT_NEW_PIA,Derived from revised structured row ES-FEAT-MARKETPLACE-014 after independent-review adjudication; evidence tier=KEYWORD_MATCH_ONLY.
RUNTIME_VERIFICATION_QUEUE,ES-FEAT-MARKETPLACE-014,suspension and delisting,"Marketplace, provider network, and community",HIGH:9,P0,Service Provider;Owner;Trainer;Facility Owner;Barn Manager;Community Member;Platform Admin,NEW_PIA_CANDIDATE,PARTIAL_IMPLEMENTATION,ES-FEAT-PLATFORM-001;ES-FEAT-MARKETPLACE-001;ES-FEAT-IDENTITY-001;ES-FEAT-RELATIONSHIP-001;ES-FEAT-FINANCIAL-001;ES-FEAT-COMMUNICATIONS-001;ES-FEAT-TASKS-001;ES-FEAT-CARE-001,GOVERNANCE,DRAFT_NEW_PIA,Derived from revised structured row ES-FEAT-MARKETPLACE-014 after independent-review adjudication; evidence tier=KEYWORD_MATCH_ONLY.
FOUNDER_DECISION_QUEUE,ES-FEAT-MEDIA-001,uploads,"Media, files, and digital assets",MEDIUM:4,P1,Owner;Guardian;Trainer;Barn Manager;Staff;Veterinarian;Support,PIA_SUPPLEMENT_CANDIDATE,IMPLEMENTED_UNVERIFIED,ES-FEAT-PLATFORM-001,GOVERNANCE,DRAFT_PIA_SUPPLEMENT,Derived from revised structured row ES-FEAT-MEDIA-001 after independent-review adjudication; evidence tier=KEYWORD_MATCH_ONLY.
IMPLEMENTATION_VERIFICATION_QUEUE,ES-FEAT-MEDIA-001,uploads,"Media, files, and digital assets",MEDIUM:4,P1,Owner;Guardian;Trainer;Barn Manager;Staff;Veterinarian;Support,PIA_SUPPLEMENT_CANDIDATE,IMPLEMENTED_UNVERIFIED,ES-FEAT-PLATFORM-001,GOVERNANCE,DRAFT_PIA_SUPPLEMENT,Derived from revised structured row ES-FEAT-MEDIA-001 after independent-review adjudication; evidence tier=KEYWORD_MATCH_ONLY.
PIA_SUPPLEMENT_QUEUE,ES-FEAT-MEDIA-001,uploads,"Media, files, and digital assets",MEDIUM:4,P1,Owner;Guardian;Trainer;Barn Manager;Staff;Veterinarian;Support,PIA_SUPPLEMENT_CANDIDATE,IMPLEMENTED_UNVERIFIED,ES-FEAT-PLATFORM-001,GOVERNANCE,DRAFT_PIA_SUPPLEMENT,Derived from revised structured row ES-FEAT-MEDIA-001 after independent-review adjudication; evidence tier=KEYWORD_MATCH_ONLY.
RUNTIME_VERIFICATION_QUEUE,ES-FEAT-MEDIA-001,uploads,"Media, files, and digital assets",MEDIUM:4,P1,Owner;Guardian;Trainer;Barn Manager;Staff;Veterinarian;Support,PIA_SUPPLEMENT_CANDIDATE,IMPLEMENTED_UNVERIFIED,ES-FEAT-PLATFORM-001,GOVERNANCE,DRAFT_PIA_SUPPLEMENT,Derived from revised structured row ES-FEAT-MEDIA-001 after independent-review adjudication; evidence tier=KEYWORD_MATCH_ONLY.
FOUNDER_DECISION_QUEUE,ES-FEAT-MEDIA-002,images,"Media, files, and digital assets",MEDIUM:8,P1,Owner;Guardian;Trainer;Barn Manager;Staff;Veterinarian;Support,PIA_SUPPLEMENT_CANDIDATE,IMPLEMENTED_UNVERIFIED,ES-FEAT-PLATFORM-001;ES-FEAT-MEDIA-001;ES-FEAT-IDENTITY-001;ES-FEAT-RELATIONSHIP-001;ES-FEAT-COMMUNICATIONS-001;ES-FEAT-TASKS-001;ES-FEAT-HORSE-001,GOVERNANCE,DRAFT_PIA_SUPPLEMENT,Derived from revised structured row ES-FEAT-MEDIA-002 after independent-review adjudication; evidence tier=KEYWORD_MATCH_ONLY.
IMPLEMENTATION_VERIFICATION_QUEUE,ES-FEAT-MEDIA-002,images,"Media, files, and digital assets",MEDIUM:8,P1,Owner;Guardian;Trainer;Barn Manager;Staff;Veterinarian;Support,PIA_SUPPLEMENT_CANDIDATE,IMPLEMENTED_UNVERIFIED,ES-FEAT-PLATFORM-001;ES-FEAT-MEDIA-001;ES-FEAT-IDENTITY-001;ES-FEAT-RELATIONSHIP-001;ES-FEAT-COMMUNICATIONS-001;ES-FEAT-TASKS-001;ES-FEAT-HORSE-001,GOVERNANCE,DRAFT_PIA_SUPPLEMENT,Derived from revised structured row ES-FEAT-MEDIA-002 after independent-review adjudication; evidence tier=KEYWORD_MATCH_ONLY.
PIA_SUPPLEMENT_QUEUE,ES-FEAT-MEDIA-002,images,"Media, files, and digital assets",MEDIUM:8,P1,Owner;Guardian;Trainer;Barn Manager;Staff;Veterinarian;Support,PIA_SUPPLEMENT_CANDIDATE,IMPLEMENTED_UNVERIFIED,ES-FEAT-PLATFORM-001;ES-FEAT-MEDIA-001;ES-FEAT-IDENTITY-001;ES-FEAT-RELATIONSHIP-001;ES-FEAT-COMMUNICATIONS-001;ES-FEAT-TASKS-001;ES-FEAT-HORSE-001,GOVERNANCE,DRAFT_PIA_SUPPLEMENT,Derived from revised structured row ES-FEAT-MEDIA-002 after independent-review adjudication; evidence tier=KEYWORD_MATCH_ONLY.
RUNTIME_VERIFICATION_QUEUE,ES-FEAT-MEDIA-002,images,"Media, files, and digital assets",MEDIUM:8,P1,Owner;Guardian;Trainer;Barn Manager;Staff;Veterinarian;Support,PIA_SUPPLEMENT_CANDIDATE,IMPLEMENTED_UNVERIFIED,ES-FEAT-PLATFORM-001;ES-FEAT-MEDIA-001;ES-FEAT-IDENTITY-001;ES-FEAT-RELATIONSHIP-001;ES-FEAT-COMMUNICATIONS-001;ES-FEAT-TASKS-001;ES-FEAT-HORSE-001,GOVERNANCE,DRAFT_PIA_SUPPLEMENT,Derived from revised structured row ES-FEAT-MEDIA-002 after independent-review adjudication; evidence tier=KEYWORD_MATCH_ONLY.
FOUNDER_DECISION_QUEUE,ES-FEAT-MEDIA-003,videos,"Media, files, and digital assets",MEDIUM:6,P1,Owner;Guardian;Trainer;Barn Manager;Staff;Veterinarian;Support,PIA_SUPPLEMENT_CANDIDATE,IMPLEMENTED_UNVERIFIED,ES-FEAT-PLATFORM-001;ES-FEAT-MEDIA-001;ES-FEAT-IDENTITY-001;ES-FEAT-RELATIONSHIP-001;ES-FEAT-COMMUNICATIONS-001;ES-FEAT-TASKS-001;ES-FEAT-HORSE-001,GOVERNANCE,DRAFT_PIA_SUPPLEMENT,Derived from revised structured row ES-FEAT-MEDIA-003 after independent-review adjudication; evidence tier=KEYWORD_MATCH_ONLY.
IMPLEMENTATION_VERIFICATION_QUEUE,ES-FEAT-MEDIA-003,videos,"Media, files, and digital assets",MEDIUM:6,P1,Owner;Guardian;Trainer;Barn Manager;Staff;Veterinarian;Support,PIA_SUPPLEMENT_CANDIDATE,IMPLEMENTED_UNVERIFIED,ES-FEAT-PLATFORM-001;ES-FEAT-MEDIA-001;ES-FEAT-IDENTITY-001;ES-FEAT-RELATIONSHIP-001;ES-FEAT-COMMUNICATIONS-001;ES-FEAT-TASKS-001;ES-FEAT-HORSE-001,GOVERNANCE,DRAFT_PIA_SUPPLEMENT,Derived from revised structured row ES-FEAT-MEDIA-003 after independent-review adjudication; evidence tier=KEYWORD_MATCH_ONLY.
PIA_SUPPLEMENT_QUEUE,ES-FEAT-MEDIA-003,videos,"Media, files, and digital assets",MEDIUM:6,P1,Owner;Guardian;Trainer;Barn Manager;Staff;Veterinarian;Support,PIA_SUPPLEMENT_CANDIDATE,IMPLEMENTED_UNVERIFIED,ES-FEAT-PLATFORM-001;ES-FEAT-MEDIA-001;ES-FEAT-IDENTITY-001;ES-FEAT-RELATIONSHIP-001;ES-FEAT-COMMUNICATIONS-001;ES-FEAT-TASKS-001;ES-FEAT-HORSE-001,GOVERNANCE,DRAFT_PIA_SUPPLEMENT,Derived from revised structured row ES-FEAT-MEDIA-003 after independent-review adjudication; evidence tier=KEYWORD_MATCH_ONLY.
RUNTIME_VERIFICATION_QUEUE,ES-FEAT-MEDIA-003,videos,"Media, files, and digital assets",MEDIUM:6,P1,Owner;Guardian;Trainer;Barn Manager;Staff;Veterinarian;Support,PIA_SUPPLEMENT_CANDIDATE,IMPLEMENTED_UNVERIFIED,ES-FEAT-PLATFORM-001;ES-FEAT-MEDIA-001;ES-FEAT-IDENTITY-001;ES-FEAT-RELATIONSHIP-001;ES-FEAT-COMMUNICATIONS-001;ES-FEAT-TASKS-001;ES-FEAT-HORSE-001,GOVERNANCE,DRAFT_PIA_SUPPLEMENT,Derived from revised structured row ES-FEAT-MEDIA-003 after independent-review adjudication; evidence tier=KEYWORD_MATCH_ONLY.
FOUNDER_DECISION_QUEUE,ES-FEAT-MEDIA-004,documents,"Media, files, and digital assets",HIGH:6,P1,Owner;Guardian;Trainer;Barn Manager;Staff;Veterinarian;Support,PIA_SUPPLEMENT_CANDIDATE,IMPLEMENTED_UNVERIFIED,ES-FEAT-PLATFORM-001;ES-FEAT-MEDIA-001;ES-FEAT-IDENTITY-001;ES-FEAT-RELATIONSHIP-001;ES-FEAT-COMMUNICATIONS-001;ES-FEAT-TASKS-001;ES-FEAT-HORSE-001,GOVERNANCE,DRAFT_PIA_SUPPLEMENT,Derived from revised structured row ES-FEAT-MEDIA-004 after independent-review adjudication; evidence tier=KEYWORD_MATCH_ONLY.
IMPLEMENTATION_VERIFICATION_QUEUE,ES-FEAT-MEDIA-004,documents,"Media, files, and digital assets",HIGH:6,P1,Owner;Guardian;Trainer;Barn Manager;Staff;Veterinarian;Support,PIA_SUPPLEMENT_CANDIDATE,IMPLEMENTED_UNVERIFIED,ES-FEAT-PLATFORM-001;ES-FEAT-MEDIA-001;ES-FEAT-IDENTITY-001;ES-FEAT-RELATIONSHIP-001;ES-FEAT-COMMUNICATIONS-001;ES-FEAT-TASKS-001;ES-FEAT-HORSE-001,GOVERNANCE,DRAFT_PIA_SUPPLEMENT,Derived from revised structured row ES-FEAT-MEDIA-004 after independent-review adjudication; evidence tier=KEYWORD_MATCH_ONLY.
PIA_SUPPLEMENT_QUEUE,ES-FEAT-MEDIA-004,documents,"Media, files, and digital assets",HIGH:6,P1,Owner;Guardian;Trainer;Barn Manager;Staff;Veterinarian;Support,PIA_SUPPLEMENT_CANDIDATE,IMPLEMENTED_UNVERIFIED,ES-FEAT-PLATFORM-001;ES-FEAT-MEDIA-001;ES-FEAT-IDENTITY-001;ES-FEAT-RELATIONSHIP-001;ES-FEAT-COMMUNICATIONS-001;ES-FEAT-TASKS-001;ES-FEAT-HORSE-001,GOVERNANCE,DRAFT_PIA_SUPPLEMENT,Derived from revised structured row ES-FEAT-MEDIA-004 after independent-review adjudication; evidence tier=KEYWORD_MATCH_ONLY.
RUNTIME_VERIFICATION_QUEUE,ES-FEAT-MEDIA-004,documents,"Media, files, and digital assets",HIGH:6,P1,Owner;Guardian;Trainer;Barn Manager;Staff;Veterinarian;Support,PIA_SUPPLEMENT_CANDIDATE,IMPLEMENTED_UNVERIFIED,ES-FEAT-PLATFORM-001;ES-FEAT-MEDIA-001;ES-FEAT-IDENTITY-001;ES-FEAT-RELATIONSHIP-001;ES-FEAT-COMMUNICATIONS-001;ES-FEAT-TASKS-001;ES-FEAT-HORSE-001,GOVERNANCE,DRAFT_PIA_SUPPLEMENT,Derived from revised structured row ES-FEAT-MEDIA-004 after independent-review adjudication; evidence tier=KEYWORD_MATCH_ONLY.
FOUNDER_DECISION_QUEUE,ES-FEAT-MEDIA-005,consent (Media),"Media, files, and digital assets",CRITICAL:16,P1,Owner;Guardian;Trainer;Barn Manager;Staff;Veterinarian;Support,PIA_SUPPLEMENT_CANDIDATE,IMPLEMENTED_UNVERIFIED,ES-FEAT-PLATFORM-001;ES-FEAT-MEDIA-001;ES-FEAT-IDENTITY-001;ES-FEAT-RELATIONSHIP-001;ES-FEAT-COMMUNICATIONS-001;ES-FEAT-TASKS-001;ES-FEAT-HORSE-001,GOVERNANCE,DRAFT_PIA_SUPPLEMENT,Derived from revised structured row ES-FEAT-MEDIA-005 after independent-review adjudication; evidence tier=KEYWORD_MATCH_ONLY.
IMPLEMENTATION_VERIFICATION_QUEUE,ES-FEAT-MEDIA-005,consent (Media),"Media, files, and digital assets",CRITICAL:16,P1,Owner;Guardian;Trainer;Barn Manager;Staff;Veterinarian;Support,PIA_SUPPLEMENT_CANDIDATE,IMPLEMENTED_UNVERIFIED,ES-FEAT-PLATFORM-001;ES-FEAT-MEDIA-001;ES-FEAT-IDENTITY-001;ES-FEAT-RELATIONSHIP-001;ES-FEAT-COMMUNICATIONS-001;ES-FEAT-TASKS-001;ES-FEAT-HORSE-001,GOVERNANCE,DRAFT_PIA_SUPPLEMENT,Derived from revised structured row ES-FEAT-MEDIA-005 after independent-review adjudication; evidence tier=KEYWORD_MATCH_ONLY.
PIA_SUPPLEMENT_QUEUE,ES-FEAT-MEDIA-005,consent (Media),"Media, files, and digital assets",CRITICAL:16,P1,Owner;Guardian;Trainer;Barn Manager;Staff;Veterinarian;Support,PIA_SUPPLEMENT_CANDIDATE,IMPLEMENTED_UNVERIFIED,ES-FEAT-PLATFORM-001;ES-FEAT-MEDIA-001;ES-FEAT-IDENTITY-001;ES-FEAT-RELATIONSHIP-001;ES-FEAT-COMMUNICATIONS-001;ES-FEAT-TASKS-001;ES-FEAT-HORSE-001,GOVERNANCE,DRAFT_PIA_SUPPLEMENT,Derived from revised structured row ES-FEAT-MEDIA-005 after independent-review adjudication; evidence tier=KEYWORD_MATCH_ONLY.
RUNTIME_VERIFICATION_QUEUE,ES-FEAT-MEDIA-005,consent (Media),"Media, files, and digital assets",CRITICAL:16,P1,Owner;Guardian;Trainer;Barn Manager;Staff;Veterinarian;Support,PIA_SUPPLEMENT_CANDIDATE,IMPLEMENTED_UNVERIFIED,ES-FEAT-PLATFORM-001;ES-FEAT-MEDIA-001;ES-FEAT-IDENTITY-001;ES-FEAT-RELATIONSHIP-001;ES-FEAT-COMMUNICATIONS-001;ES-FEAT-TASKS-001;ES-FEAT-HORSE-001,GOVERNANCE,DRAFT_PIA_SUPPLEMENT,Derived from revised structured row ES-FEAT-MEDIA-005 after independent-review adjudication; evidence tier=KEYWORD_MATCH_ONLY.
FOUNDER_DECISION_QUEUE,ES-FEAT-MEDIA-006,visibility,"Media, files, and digital assets",MEDIUM:6,P1,Owner;Guardian;Trainer;Barn Manager;Staff;Veterinarian;Support,PIA_SUPPLEMENT_CANDIDATE,IMPLEMENTED_UNVERIFIED,ES-FEAT-PLATFORM-001;ES-FEAT-MEDIA-001;ES-FEAT-IDENTITY-001;ES-FEAT-RELATIONSHIP-001;ES-FEAT-COMMUNICATIONS-001;ES-FEAT-TASKS-001;ES-FEAT-HORSE-001;ES-FEAT-CARE-001,GOVERNANCE,DRAFT_PIA_SUPPLEMENT,Derived from revised structured row ES-FEAT-MEDIA-006 after independent-review adjudication; evidence tier=KEYWORD_MATCH_ONLY.
IMPLEMENTATION_VERIFICATION_QUEUE,ES-FEAT-MEDIA-006,visibility,"Media, files, and digital assets",MEDIUM:6,P1,Owner;Guardian;Trainer;Barn Manager;Staff;Veterinarian;Support,PIA_SUPPLEMENT_CANDIDATE,IMPLEMENTED_UNVERIFIED,ES-FEAT-PLATFORM-001;ES-FEAT-MEDIA-001;ES-FEAT-IDENTITY-001;ES-FEAT-RELATIONSHIP-001;ES-FEAT-COMMUNICATIONS-001;ES-FEAT-TASKS-001;ES-FEAT-HORSE-001;ES-FEAT-CARE-001,GOVERNANCE,DRAFT_PIA_SUPPLEMENT,Derived from revised structured row ES-FEAT-MEDIA-006 after independent-review adjudication; evidence tier=KEYWORD_MATCH_ONLY.
PIA_SUPPLEMENT_QUEUE,ES-FEAT-MEDIA-006,visibility,"Media, files, and digital assets",MEDIUM:6,P1,Owner;Guardian;Trainer;Barn Manager;Staff;Veterinarian;Support,PIA_SUPPLEMENT_CANDIDATE,IMPLEMENTED_UNVERIFIED,ES-FEAT-PLATFORM-001;ES-FEAT-MEDIA-001;ES-FEAT-IDENTITY-001;ES-FEAT-RELATIONSHIP-001;ES-FEAT-COMMUNICATIONS-001;ES-FEAT-TASKS-001;ES-FEAT-HORSE-001;ES-FEAT-CARE-001,GOVERNANCE,DRAFT_PIA_SUPPLEMENT,Derived from revised structured row ES-FEAT-MEDIA-006 after independent-review adjudication; evidence tier=KEYWORD_MATCH_ONLY.
RUNTIME_VERIFICATION_QUEUE,ES-FEAT-MEDIA-006,visibility,"Media, files, and digital assets",MEDIUM:6,P1,Owner;Guardian;Trainer;Barn Manager;Staff;Veterinarian;Support,PIA_SUPPLEMENT_CANDIDATE,IMPLEMENTED_UNVERIFIED,ES-FEAT-PLATFORM-001;ES-FEAT-MEDIA-001;ES-FEAT-IDENTITY-001;ES-FEAT-RELATIONSHIP-001;ES-FEAT-COMMUNICATIONS-001;ES-FEAT-TASKS-001;ES-FEAT-HORSE-001;ES-FEAT-CARE-001,GOVERNANCE,DRAFT_PIA_SUPPLEMENT,Derived from revised structured row ES-FEAT-MEDIA-006 after independent-review adjudication; evidence tier=KEYWORD_MATCH_ONLY.
FOUNDER_DECISION_QUEUE,ES-FEAT-MEDIA-007,derivation,"Media, files, and digital assets",MEDIUM:4,P1,Owner;Guardian;Trainer;Barn Manager;Staff;Veterinarian;Support,PIA_SUPPLEMENT_CANDIDATE,IMPLEMENTED_UNVERIFIED,ES-FEAT-PLATFORM-001;ES-FEAT-MEDIA-001;ES-FEAT-IDENTITY-001;ES-FEAT-RELATIONSHIP-001;ES-FEAT-COMMUNICATIONS-001;ES-FEAT-TASKS-001;ES-FEAT-HORSE-001,GOVERNANCE,DRAFT_PIA_SUPPLEMENT,Derived from revised structured row ES-FEAT-MEDIA-007 after independent-review adjudication; evidence tier=KEYWORD_MATCH_ONLY.
IMPLEMENTATION_VERIFICATION_QUEUE,ES-FEAT-MEDIA-007,derivation,"Media, files, and digital assets",MEDIUM:4,P1,Owner;Guardian;Trainer;Barn Manager;Staff;Veterinarian;Support,PIA_SUPPLEMENT_CANDIDATE,IMPLEMENTED_UNVERIFIED,ES-FEAT-PLATFORM-001;ES-FEAT-MEDIA-001;ES-FEAT-IDENTITY-001;ES-FEAT-RELATIONSHIP-001;ES-FEAT-COMMUNICATIONS-001;ES-FEAT-TASKS-001;ES-FEAT-HORSE-001,GOVERNANCE,DRAFT_PIA_SUPPLEMENT,Derived from revised structured row ES-FEAT-MEDIA-007 after independent-review adjudication; evidence tier=KEYWORD_MATCH_ONLY.
PIA_SUPPLEMENT_QUEUE,ES-FEAT-MEDIA-007,derivation,"Media, files, and digital assets",MEDIUM:4,P1,Owner;Guardian;Trainer;Barn Manager;Staff;Veterinarian;Support,PIA_SUPPLEMENT_CANDIDATE,IMPLEMENTED_UNVERIFIED,ES-FEAT-PLATFORM-001;ES-FEAT-MEDIA-001;ES-FEAT-IDENTITY-001;ES-FEAT-RELATIONSHIP-001;ES-FEAT-COMMUNICATIONS-001;ES-FEAT-TASKS-001;ES-FEAT-HORSE-001,GOVERNANCE,DRAFT_PIA_SUPPLEMENT,Derived from revised structured row ES-FEAT-MEDIA-007 after independent-review adjudication; evidence tier=KEYWORD_MATCH_ONLY.
RUNTIME_VERIFICATION_QUEUE,ES-FEAT-MEDIA-007,derivation,"Media, files, and digital assets",MEDIUM:4,P1,Owner;Guardian;Trainer;Barn Manager;Staff;Veterinarian;Support,PIA_SUPPLEMENT_CANDIDATE,IMPLEMENTED_UNVERIFIED,ES-FEAT-PLATFORM-001;ES-FEAT-MEDIA-001;ES-FEAT-IDENTITY-001;ES-FEAT-RELATIONSHIP-001;ES-FEAT-COMMUNICATIONS-001;ES-FEAT-TASKS-001;ES-FEAT-HORSE-001,GOVERNANCE,DRAFT_PIA_SUPPLEMENT,Derived from revised structured row ES-FEAT-MEDIA-007 after independent-review adjudication; evidence tier=KEYWORD_MATCH_ONLY.
CODE_GUIDE_QUEUE,ES-FEAT-MEDIA-008,thumbnails,"Media, files, and digital assets",CRITICAL:8,P1,Owner;Guardian;Trainer;Barn Manager;Staff;Veterinarian;Support,CODE_GUIDE_GAP,IMPLEMENTED_UNVERIFIED,ES-FEAT-PLATFORM-001;ES-FEAT-MEDIA-001;ES-FEAT-IDENTITY-001;ES-FEAT-RELATIONSHIP-001;ES-FEAT-COMMUNICATIONS-001;ES-FEAT-TASKS-001;ES-FEAT-HORSE-001,ARCHITECTURE,DRAFT_CODE_GUIDE,Derived from revised structured row ES-FEAT-MEDIA-008 after independent-review adjudication; evidence tier=KEYWORD_MATCH_ONLY.
FOUNDER_DECISION_QUEUE,ES-FEAT-MEDIA-008,thumbnails,"Media, files, and digital assets",CRITICAL:8,P1,Owner;Guardian;Trainer;Barn Manager;Staff;Veterinarian;Support,CODE_GUIDE_GAP,IMPLEMENTED_UNVERIFIED,ES-FEAT-PLATFORM-001;ES-FEAT-MEDIA-001;ES-FEAT-IDENTITY-001;ES-FEAT-RELATIONSHIP-001;ES-FEAT-COMMUNICATIONS-001;ES-FEAT-TASKS-001;ES-FEAT-HORSE-001,ARCHITECTURE,DRAFT_CODE_GUIDE,Derived from revised structured row ES-FEAT-MEDIA-008 after independent-review adjudication; evidence tier=KEYWORD_MATCH_ONLY.
IMPLEMENTATION_VERIFICATION_QUEUE,ES-FEAT-MEDIA-008,thumbnails,"Media, files, and digital assets",CRITICAL:8,P1,Owner;Guardian;Trainer;Barn Manager;Staff;Veterinarian;Support,CODE_GUIDE_GAP,IMPLEMENTED_UNVERIFIED,ES-FEAT-PLATFORM-001;ES-FEAT-MEDIA-001;ES-FEAT-IDENTITY-001;ES-FEAT-RELATIONSHIP-001;ES-FEAT-COMMUNICATIONS-001;ES-FEAT-TASKS-001;ES-FEAT-HORSE-001,ARCHITECTURE,DRAFT_CODE_GUIDE,Derived from revised structured row ES-FEAT-MEDIA-008 after independent-review adjudication; evidence tier=KEYWORD_MATCH_ONLY.
RUNTIME_VERIFICATION_QUEUE,ES-FEAT-MEDIA-008,thumbnails,"Media, files, and digital assets",CRITICAL:8,P1,Owner;Guardian;Trainer;Barn Manager;Staff;Veterinarian;Support,CODE_GUIDE_GAP,IMPLEMENTED_UNVERIFIED,ES-FEAT-PLATFORM-001;ES-FEAT-MEDIA-001;ES-FEAT-IDENTITY-001;ES-FEAT-RELATIONSHIP-001;ES-FEAT-COMMUNICATIONS-001;ES-FEAT-TASKS-001;ES-FEAT-HORSE-001,ARCHITECTURE,DRAFT_CODE_GUIDE,Derived from revised structured row ES-FEAT-MEDIA-008 after independent-review adjudication; evidence tier=KEYWORD_MATCH_ONLY.
FOUNDER_DECISION_QUEUE,ES-FEAT-MEDIA-009,OCR,"Media, files, and digital assets",MEDIUM:6,P1,Owner;Guardian;Trainer;Barn Manager;Staff;Veterinarian;Support,PIA_SUPPLEMENT_CANDIDATE,IMPLEMENTED_UNVERIFIED,ES-FEAT-PLATFORM-001;ES-FEAT-MEDIA-001;ES-FEAT-IDENTITY-001;ES-FEAT-RELATIONSHIP-001;ES-FEAT-COMMUNICATIONS-001;ES-FEAT-TASKS-001;ES-FEAT-HORSE-001,GOVERNANCE,DRAFT_PIA_SUPPLEMENT,Derived from revised structured row ES-FEAT-MEDIA-009 after independent-review adjudication; evidence tier=KEYWORD_MATCH_ONLY.
IMPLEMENTATION_VERIFICATION_QUEUE,ES-FEAT-MEDIA-009,OCR,"Media, files, and digital assets",MEDIUM:6,P1,Owner;Guardian;Trainer;Barn Manager;Staff;Veterinarian;Support,PIA_SUPPLEMENT_CANDIDATE,IMPLEMENTED_UNVERIFIED,ES-FEAT-PLATFORM-001;ES-FEAT-MEDIA-001;ES-FEAT-IDENTITY-001;ES-FEAT-RELATIONSHIP-001;ES-FEAT-COMMUNICATIONS-001;ES-FEAT-TASKS-001;ES-FEAT-HORSE-001,GOVERNANCE,DRAFT_PIA_SUPPLEMENT,Derived from revised structured row ES-FEAT-MEDIA-009 after independent-review adjudication; evidence tier=KEYWORD_MATCH_ONLY.
PIA_SUPPLEMENT_QUEUE,ES-FEAT-MEDIA-009,OCR,"Media, files, and digital assets",MEDIUM:6,P1,Owner;Guardian;Trainer;Barn Manager;Staff;Veterinarian;Support,PIA_SUPPLEMENT_CANDIDATE,IMPLEMENTED_UNVERIFIED,ES-FEAT-PLATFORM-001;ES-FEAT-MEDIA-001;ES-FEAT-IDENTITY-001;ES-FEAT-RELATIONSHIP-001;ES-FEAT-COMMUNICATIONS-001;ES-FEAT-TASKS-001;ES-FEAT-HORSE-001,GOVERNANCE,DRAFT_PIA_SUPPLEMENT,Derived from revised structured row ES-FEAT-MEDIA-009 after independent-review adjudication; evidence tier=KEYWORD_MATCH_ONLY.
RUNTIME_VERIFICATION_QUEUE,ES-FEAT-MEDIA-009,OCR,"Media, files, and digital assets",MEDIUM:6,P1,Owner;Guardian;Trainer;Barn Manager;Staff;Veterinarian;Support,PIA_SUPPLEMENT_CANDIDATE,IMPLEMENTED_UNVERIFIED,ES-FEAT-PLATFORM-001;ES-FEAT-MEDIA-001;ES-FEAT-IDENTITY-001;ES-FEAT-RELATIONSHIP-001;ES-FEAT-COMMUNICATIONS-001;ES-FEAT-TASKS-001;ES-FEAT-HORSE-001,GOVERNANCE,DRAFT_PIA_SUPPLEMENT,Derived from revised structured row ES-FEAT-MEDIA-009 after independent-review adjudication; evidence tier=KEYWORD_MATCH_ONLY.
FOUNDER_DECISION_QUEUE,ES-FEAT-MEDIA-010,search indexing,"Media, files, and digital assets",MEDIUM:4,P1,Owner;Guardian;Trainer;Barn Manager;Staff;Veterinarian;Support,PIA_SUPPLEMENT_CANDIDATE,IMPLEMENTED_UNVERIFIED,ES-FEAT-PLATFORM-001;ES-FEAT-MEDIA-001;ES-FEAT-IDENTITY-001;ES-FEAT-RELATIONSHIP-001;ES-FEAT-FINANCIAL-001;ES-FEAT-COMMUNICATIONS-001;ES-FEAT-TASKS-001;ES-FEAT-HORSE-001,GOVERNANCE,DRAFT_PIA_SUPPLEMENT,Derived from revised structured row ES-FEAT-MEDIA-010 after independent-review adjudication; evidence tier=KEYWORD_MATCH_ONLY.
IMPLEMENTATION_VERIFICATION_QUEUE,ES-FEAT-MEDIA-010,search indexing,"Media, files, and digital assets",MEDIUM:4,P1,Owner;Guardian;Trainer;Barn Manager;Staff;Veterinarian;Support,PIA_SUPPLEMENT_CANDIDATE,IMPLEMENTED_UNVERIFIED,ES-FEAT-PLATFORM-001;ES-FEAT-MEDIA-001;ES-FEAT-IDENTITY-001;ES-FEAT-RELATIONSHIP-001;ES-FEAT-FINANCIAL-001;ES-FEAT-COMMUNICATIONS-001;ES-FEAT-TASKS-001;ES-FEAT-HORSE-001,GOVERNANCE,DRAFT_PIA_SUPPLEMENT,Derived from revised structured row ES-FEAT-MEDIA-010 after independent-review adjudication; evidence tier=KEYWORD_MATCH_ONLY.
PIA_SUPPLEMENT_QUEUE,ES-FEAT-MEDIA-010,search indexing,"Media, files, and digital assets",MEDIUM:4,P1,Owner;Guardian;Trainer;Barn Manager;Staff;Veterinarian;Support,PIA_SUPPLEMENT_CANDIDATE,IMPLEMENTED_UNVERIFIED,ES-FEAT-PLATFORM-001;ES-FEAT-MEDIA-001;ES-FEAT-IDENTITY-001;ES-FEAT-RELATIONSHIP-001;ES-FEAT-FINANCIAL-001;ES-FEAT-COMMUNICATIONS-001;ES-FEAT-TASKS-001;ES-FEAT-HORSE-001,GOVERNANCE,DRAFT_PIA_SUPPLEMENT,Derived from revised structured row ES-FEAT-MEDIA-010 after independent-review adjudication; evidence tier=KEYWORD_MATCH_ONLY.
RUNTIME_VERIFICATION_QUEUE,ES-FEAT-MEDIA-010,search indexing,"Media, files, and digital assets",MEDIUM:4,P1,Owner;Guardian;Trainer;Barn Manager;Staff;Veterinarian;Support,PIA_SUPPLEMENT_CANDIDATE,IMPLEMENTED_UNVERIFIED,ES-FEAT-PLATFORM-001;ES-FEAT-MEDIA-001;ES-FEAT-IDENTITY-001;ES-FEAT-RELATIONSHIP-001;ES-FEAT-FINANCIAL-001;ES-FEAT-COMMUNICATIONS-001;ES-FEAT-TASKS-001;ES-FEAT-HORSE-001,GOVERNANCE,DRAFT_PIA_SUPPLEMENT,Derived from revised structured row ES-FEAT-MEDIA-010 after independent-review adjudication; evidence tier=KEYWORD_MATCH_ONLY.
FOUNDER_DECISION_QUEUE,ES-FEAT-MEDIA-011,attachment lifecycle,"Media, files, and digital assets",MEDIUM:8,P1,Owner;Guardian;Trainer;Barn Manager;Staff;Veterinarian;Support,PIA_SUPPLEMENT_CANDIDATE,IMPLEMENTED_UNVERIFIED,ES-FEAT-PLATFORM-001;ES-FEAT-MEDIA-001;ES-FEAT-IDENTITY-001;ES-FEAT-RELATIONSHIP-001;ES-FEAT-COMMUNICATIONS-001;ES-FEAT-TASKS-001;ES-FEAT-HORSE-001,GOVERNANCE,DRAFT_PIA_SUPPLEMENT,Derived from revised structured row ES-FEAT-MEDIA-011 after independent-review adjudication; evidence tier=KEYWORD_MATCH_ONLY.
IMPLEMENTATION_VERIFICATION_QUEUE,ES-FEAT-MEDIA-011,attachment lifecycle,"Media, files, and digital assets",MEDIUM:8,P1,Owner;Guardian;Trainer;Barn Manager;Staff;Veterinarian;Support,PIA_SUPPLEMENT_CANDIDATE,IMPLEMENTED_UNVERIFIED,ES-FEAT-PLATFORM-001;ES-FEAT-MEDIA-001;ES-FEAT-IDENTITY-001;ES-FEAT-RELATIONSHIP-001;ES-FEAT-COMMUNICATIONS-001;ES-FEAT-TASKS-001;ES-FEAT-HORSE-001,GOVERNANCE,DRAFT_PIA_SUPPLEMENT,Derived from revised structured row ES-FEAT-MEDIA-011 after independent-review adjudication; evidence tier=KEYWORD_MATCH_ONLY.
PIA_SUPPLEMENT_QUEUE,ES-FEAT-MEDIA-011,attachment lifecycle,"Media, files, and digital assets",MEDIUM:8,P1,Owner;Guardian;Trainer;Barn Manager;Staff;Veterinarian;Support,PIA_SUPPLEMENT_CANDIDATE,IMPLEMENTED_UNVERIFIED,ES-FEAT-PLATFORM-001;ES-FEAT-MEDIA-001;ES-FEAT-IDENTITY-001;ES-FEAT-RELATIONSHIP-001;ES-FEAT-COMMUNICATIONS-001;ES-FEAT-TASKS-001;ES-FEAT-HORSE-001,GOVERNANCE,DRAFT_PIA_SUPPLEMENT,Derived from revised structured row ES-FEAT-MEDIA-011 after independent-review adjudication; evidence tier=KEYWORD_MATCH_ONLY.
RUNTIME_VERIFICATION_QUEUE,ES-FEAT-MEDIA-011,attachment lifecycle,"Media, files, and digital assets",MEDIUM:8,P1,Owner;Guardian;Trainer;Barn Manager;Staff;Veterinarian;Support,PIA_SUPPLEMENT_CANDIDATE,IMPLEMENTED_UNVERIFIED,ES-FEAT-PLATFORM-001;ES-FEAT-MEDIA-001;ES-FEAT-IDENTITY-001;ES-FEAT-RELATIONSHIP-001;ES-FEAT-COMMUNICATIONS-001;ES-FEAT-TASKS-001;ES-FEAT-HORSE-001,GOVERNANCE,DRAFT_PIA_SUPPLEMENT,Derived from revised structured row ES-FEAT-MEDIA-011 after independent-review adjudication; evidence tier=KEYWORD_MATCH_ONLY.
FOUNDER_DECISION_QUEUE,ES-FEAT-MEDIA-012,media removal,"Media, files, and digital assets",MEDIUM:6,P1,Owner;Guardian;Trainer;Barn Manager;Staff;Veterinarian;Support,PIA_SUPPLEMENT_CANDIDATE,IMPLEMENTED_UNVERIFIED,ES-FEAT-PLATFORM-001;ES-FEAT-MEDIA-001;ES-FEAT-IDENTITY-001;ES-FEAT-RELATIONSHIP-001;ES-FEAT-COMMUNICATIONS-001;ES-FEAT-TASKS-001;ES-FEAT-HORSE-001,GOVERNANCE,DRAFT_PIA_SUPPLEMENT,Derived from revised structured row ES-FEAT-MEDIA-012 after independent-review adjudication; evidence tier=KEYWORD_MATCH_ONLY.
IMPLEMENTATION_VERIFICATION_QUEUE,ES-FEAT-MEDIA-012,media removal,"Media, files, and digital assets",MEDIUM:6,P1,Owner;Guardian;Trainer;Barn Manager;Staff;Veterinarian;Support,PIA_SUPPLEMENT_CANDIDATE,IMPLEMENTED_UNVERIFIED,ES-FEAT-PLATFORM-001;ES-FEAT-MEDIA-001;ES-FEAT-IDENTITY-001;ES-FEAT-RELATIONSHIP-001;ES-FEAT-COMMUNICATIONS-001;ES-FEAT-TASKS-001;ES-FEAT-HORSE-001,GOVERNANCE,DRAFT_PIA_SUPPLEMENT,Derived from revised structured row ES-FEAT-MEDIA-012 after independent-review adjudication; evidence tier=KEYWORD_MATCH_ONLY.
PIA_SUPPLEMENT_QUEUE,ES-FEAT-MEDIA-012,media removal,"Media, files, and digital assets",MEDIUM:6,P1,Owner;Guardian;Trainer;Barn Manager;Staff;Veterinarian;Support,PIA_SUPPLEMENT_CANDIDATE,IMPLEMENTED_UNVERIFIED,ES-FEAT-PLATFORM-001;ES-FEAT-MEDIA-001;ES-FEAT-IDENTITY-001;ES-FEAT-RELATIONSHIP-001;ES-FEAT-COMMUNICATIONS-001;ES-FEAT-TASKS-001;ES-FEAT-HORSE-001,GOVERNANCE,DRAFT_PIA_SUPPLEMENT,Derived from revised structured row ES-FEAT-MEDIA-012 after independent-review adjudication; evidence tier=KEYWORD_MATCH_ONLY.
RUNTIME_VERIFICATION_QUEUE,ES-FEAT-MEDIA-012,media removal,"Media, files, and digital assets",MEDIUM:6,P1,Owner;Guardian;Trainer;Barn Manager;Staff;Veterinarian;Support,PIA_SUPPLEMENT_CANDIDATE,IMPLEMENTED_UNVERIFIED,ES-FEAT-PLATFORM-001;ES-FEAT-MEDIA-001;ES-FEAT-IDENTITY-001;ES-FEAT-RELATIONSHIP-001;ES-FEAT-COMMUNICATIONS-001;ES-FEAT-TASKS-001;ES-FEAT-HORSE-001,GOVERNANCE,DRAFT_PIA_SUPPLEMENT,Derived from revised structured row ES-FEAT-MEDIA-012 after independent-review adjudication; evidence tier=KEYWORD_MATCH_ONLY.
FOUNDER_DECISION_QUEUE,ES-FEAT-MEDIA-013,transfer (Media),"Media, files, and digital assets",MEDIUM:4,P1,Owner;Guardian;Trainer;Barn Manager;Staff;Veterinarian;Support,PIA_SUPPLEMENT_CANDIDATE,IMPLEMENTED_UNVERIFIED,ES-FEAT-PLATFORM-001;ES-FEAT-MEDIA-001;ES-FEAT-IDENTITY-001;ES-FEAT-RELATIONSHIP-001;ES-FEAT-COMMUNICATIONS-001;ES-FEAT-TASKS-001;ES-FEAT-HORSE-001,GOVERNANCE,DRAFT_PIA_SUPPLEMENT,Derived from revised structured row ES-FEAT-MEDIA-013 after independent-review adjudication; evidence tier=KEYWORD_MATCH_ONLY.
IMPLEMENTATION_VERIFICATION_QUEUE,ES-FEAT-MEDIA-013,transfer (Media),"Media, files, and digital assets",MEDIUM:4,P1,Owner;Guardian;Trainer;Barn Manager;Staff;Veterinarian;Support,PIA_SUPPLEMENT_CANDIDATE,IMPLEMENTED_UNVERIFIED,ES-FEAT-PLATFORM-001;ES-FEAT-MEDIA-001;ES-FEAT-IDENTITY-001;ES-FEAT-RELATIONSHIP-001;ES-FEAT-COMMUNICATIONS-001;ES-FEAT-TASKS-001;ES-FEAT-HORSE-001,GOVERNANCE,DRAFT_PIA_SUPPLEMENT,Derived from revised structured row ES-FEAT-MEDIA-013 after independent-review adjudication; evidence tier=KEYWORD_MATCH_ONLY.
PIA_SUPPLEMENT_QUEUE,ES-FEAT-MEDIA-013,transfer (Media),"Media, files, and digital assets",MEDIUM:4,P1,Owner;Guardian;Trainer;Barn Manager;Staff;Veterinarian;Support,PIA_SUPPLEMENT_CANDIDATE,IMPLEMENTED_UNVERIFIED,ES-FEAT-PLATFORM-001;ES-FEAT-MEDIA-001;ES-FEAT-IDENTITY-001;ES-FEAT-RELATIONSHIP-001;ES-FEAT-COMMUNICATIONS-001;ES-FEAT-TASKS-001;ES-FEAT-HORSE-001,GOVERNANCE,DRAFT_PIA_SUPPLEMENT,Derived from revised structured row ES-FEAT-MEDIA-013 after independent-review adjudication; evidence tier=KEYWORD_MATCH_ONLY.
RUNTIME_VERIFICATION_QUEUE,ES-FEAT-MEDIA-013,transfer (Media),"Media, files, and digital assets",MEDIUM:4,P1,Owner;Guardian;Trainer;Barn Manager;Staff;Veterinarian;Support,PIA_SUPPLEMENT_CANDIDATE,IMPLEMENTED_UNVERIFIED,ES-FEAT-PLATFORM-001;ES-FEAT-MEDIA-001;ES-FEAT-IDENTITY-001;ES-FEAT-RELATIONSHIP-001;ES-FEAT-COMMUNICATIONS-001;ES-FEAT-TASKS-001;ES-FEAT-HORSE-001,GOVERNANCE,DRAFT_PIA_SUPPLEMENT,Derived from revised structured row ES-FEAT-MEDIA-013 after independent-review adjudication; evidence tier=KEYWORD_MATCH_ONLY.
FOUNDER_DECISION_QUEUE,ES-FEAT-MEDIA-014,export,"Media, files, and digital assets",MEDIUM:8,P1,Owner;Guardian;Trainer;Barn Manager;Staff;Veterinarian;Support,PIA_SUPPLEMENT_CANDIDATE,IMPLEMENTED_UNVERIFIED,ES-FEAT-PLATFORM-001;ES-FEAT-MEDIA-001;ES-FEAT-IDENTITY-001;ES-FEAT-RELATIONSHIP-001;ES-FEAT-FINANCIAL-001;ES-FEAT-COMMUNICATIONS-001;ES-FEAT-TASKS-001;ES-FEAT-HORSE-001,GOVERNANCE,DRAFT_PIA_SUPPLEMENT,Derived from revised structured row ES-FEAT-MEDIA-014 after independent-review adjudication; evidence tier=KEYWORD_MATCH_ONLY.
IMPLEMENTATION_VERIFICATION_QUEUE,ES-FEAT-MEDIA-014,export,"Media, files, and digital assets",MEDIUM:8,P1,Owner;Guardian;Trainer;Barn Manager;Staff;Veterinarian;Support,PIA_SUPPLEMENT_CANDIDATE,IMPLEMENTED_UNVERIFIED,ES-FEAT-PLATFORM-001;ES-FEAT-MEDIA-001;ES-FEAT-IDENTITY-001;ES-FEAT-RELATIONSHIP-001;ES-FEAT-FINANCIAL-001;ES-FEAT-COMMUNICATIONS-001;ES-FEAT-TASKS-001;ES-FEAT-HORSE-001,GOVERNANCE,DRAFT_PIA_SUPPLEMENT,Derived from revised structured row ES-FEAT-MEDIA-014 after independent-review adjudication; evidence tier=KEYWORD_MATCH_ONLY.
PIA_SUPPLEMENT_QUEUE,ES-FEAT-MEDIA-014,export,"Media, files, and digital assets",MEDIUM:8,P1,Owner;Guardian;Trainer;Barn Manager;Staff;Veterinarian;Support,PIA_SUPPLEMENT_CANDIDATE,IMPLEMENTED_UNVERIFIED,ES-FEAT-PLATFORM-001;ES-FEAT-MEDIA-001;ES-FEAT-IDENTITY-001;ES-FEAT-RELATIONSHIP-001;ES-FEAT-FINANCIAL-001;ES-FEAT-COMMUNICATIONS-001;ES-FEAT-TASKS-001;ES-FEAT-HORSE-001,GOVERNANCE,DRAFT_PIA_SUPPLEMENT,Derived from revised structured row ES-FEAT-MEDIA-014 after independent-review adjudication; evidence tier=KEYWORD_MATCH_ONLY.
RUNTIME_VERIFICATION_QUEUE,ES-FEAT-MEDIA-014,export,"Media, files, and digital assets",MEDIUM:8,P1,Owner;Guardian;Trainer;Barn Manager;Staff;Veterinarian;Support,PIA_SUPPLEMENT_CANDIDATE,IMPLEMENTED_UNVERIFIED,ES-FEAT-PLATFORM-001;ES-FEAT-MEDIA-001;ES-FEAT-IDENTITY-001;ES-FEAT-RELATIONSHIP-001;ES-FEAT-FINANCIAL-001;ES-FEAT-COMMUNICATIONS-001;ES-FEAT-TASKS-001;ES-FEAT-HORSE-001,GOVERNANCE,DRAFT_PIA_SUPPLEMENT,Derived from revised structured row ES-FEAT-MEDIA-014 after independent-review adjudication; evidence tier=KEYWORD_MATCH_ONLY.
FOUNDER_DECISION_QUEUE,ES-FEAT-MEDIA-015,retention (Media),"Media, files, and digital assets",MEDIUM:6,P1,Owner;Guardian;Trainer;Barn Manager;Staff;Veterinarian;Support,PIA_SUPPLEMENT_CANDIDATE,IMPLEMENTED_UNVERIFIED,ES-FEAT-PLATFORM-001;ES-FEAT-MEDIA-001;ES-FEAT-IDENTITY-001;ES-FEAT-RELATIONSHIP-001;ES-FEAT-COMMUNICATIONS-001;ES-FEAT-TASKS-001;ES-FEAT-HORSE-001,GOVERNANCE,DRAFT_PIA_SUPPLEMENT,Derived from revised structured row ES-FEAT-MEDIA-015 after independent-review adjudication; evidence tier=KEYWORD_MATCH_ONLY.
IMPLEMENTATION_VERIFICATION_QUEUE,ES-FEAT-MEDIA-015,retention (Media),"Media, files, and digital assets",MEDIUM:6,P1,Owner;Guardian;Trainer;Barn Manager;Staff;Veterinarian;Support,PIA_SUPPLEMENT_CANDIDATE,IMPLEMENTED_UNVERIFIED,ES-FEAT-PLATFORM-001;ES-FEAT-MEDIA-001;ES-FEAT-IDENTITY-001;ES-FEAT-RELATIONSHIP-001;ES-FEAT-COMMUNICATIONS-001;ES-FEAT-TASKS-001;ES-FEAT-HORSE-001,GOVERNANCE,DRAFT_PIA_SUPPLEMENT,Derived from revised structured row ES-FEAT-MEDIA-015 after independent-review adjudication; evidence tier=KEYWORD_MATCH_ONLY.
PIA_SUPPLEMENT_QUEUE,ES-FEAT-MEDIA-015,retention (Media),"Media, files, and digital assets",MEDIUM:6,P1,Owner;Guardian;Trainer;Barn Manager;Staff;Veterinarian;Support,PIA_SUPPLEMENT_CANDIDATE,IMPLEMENTED_UNVERIFIED,ES-FEAT-PLATFORM-001;ES-FEAT-MEDIA-001;ES-FEAT-IDENTITY-001;ES-FEAT-RELATIONSHIP-001;ES-FEAT-COMMUNICATIONS-001;ES-FEAT-TASKS-001;ES-FEAT-HORSE-001,GOVERNANCE,DRAFT_PIA_SUPPLEMENT,Derived from revised structured row ES-FEAT-MEDIA-015 after independent-review adjudication; evidence tier=KEYWORD_MATCH_ONLY.
RUNTIME_VERIFICATION_QUEUE,ES-FEAT-MEDIA-015,retention (Media),"Media, files, and digital assets",MEDIUM:6,P1,Owner;Guardian;Trainer;Barn Manager;Staff;Veterinarian;Support,PIA_SUPPLEMENT_CANDIDATE,IMPLEMENTED_UNVERIFIED,ES-FEAT-PLATFORM-001;ES-FEAT-MEDIA-001;ES-FEAT-IDENTITY-001;ES-FEAT-RELATIONSHIP-001;ES-FEAT-COMMUNICATIONS-001;ES-FEAT-TASKS-001;ES-FEAT-HORSE-001,GOVERNANCE,DRAFT_PIA_SUPPLEMENT,Derived from revised structured row ES-FEAT-MEDIA-015 after independent-review adjudication; evidence tier=KEYWORD_MATCH_ONLY.
FOUNDER_DECISION_QUEUE,ES-FEAT-MEDIA-016,holds,"Media, files, and digital assets",MEDIUM:4,P1,Owner;Guardian;Trainer;Barn Manager;Staff;Veterinarian;Support,PIA_SUPPLEMENT_CANDIDATE,IMPLEMENTED_UNVERIFIED,ES-FEAT-PLATFORM-001;ES-FEAT-MEDIA-001;ES-FEAT-IDENTITY-001;ES-FEAT-RELATIONSHIP-001;ES-FEAT-COMMUNICATIONS-001;ES-FEAT-TASKS-001;ES-FEAT-HORSE-001,GOVERNANCE,DRAFT_PIA_SUPPLEMENT,Derived from revised structured row ES-FEAT-MEDIA-016 after independent-review adjudication; evidence tier=KEYWORD_MATCH_ONLY.
IMPLEMENTATION_VERIFICATION_QUEUE,ES-FEAT-MEDIA-016,holds,"Media, files, and digital assets",MEDIUM:4,P1,Owner;Guardian;Trainer;Barn Manager;Staff;Veterinarian;Support,PIA_SUPPLEMENT_CANDIDATE,IMPLEMENTED_UNVERIFIED,ES-FEAT-PLATFORM-001;ES-FEAT-MEDIA-001;ES-FEAT-IDENTITY-001;ES-FEAT-RELATIONSHIP-001;ES-FEAT-COMMUNICATIONS-001;ES-FEAT-TASKS-001;ES-FEAT-HORSE-001,GOVERNANCE,DRAFT_PIA_SUPPLEMENT,Derived from revised structured row ES-FEAT-MEDIA-016 after independent-review adjudication; evidence tier=KEYWORD_MATCH_ONLY.
PIA_SUPPLEMENT_QUEUE,ES-FEAT-MEDIA-016,holds,"Media, files, and digital assets",MEDIUM:4,P1,Owner;Guardian;Trainer;Barn Manager;Staff;Veterinarian;Support,PIA_SUPPLEMENT_CANDIDATE,IMPLEMENTED_UNVERIFIED,ES-FEAT-PLATFORM-001;ES-FEAT-MEDIA-001;ES-FEAT-IDENTITY-001;ES-FEAT-RELATIONSHIP-001;ES-FEAT-COMMUNICATIONS-001;ES-FEAT-TASKS-001;ES-FEAT-HORSE-001,GOVERNANCE,DRAFT_PIA_SUPPLEMENT,Derived from revised structured row ES-FEAT-MEDIA-016 after independent-review adjudication; evidence tier=KEYWORD_MATCH_ONLY.
RUNTIME_VERIFICATION_QUEUE,ES-FEAT-MEDIA-016,holds,"Media, files, and digital assets",MEDIUM:4,P1,Owner;Guardian;Trainer;Barn Manager;Staff;Veterinarian;Support,PIA_SUPPLEMENT_CANDIDATE,IMPLEMENTED_UNVERIFIED,ES-FEAT-PLATFORM-001;ES-FEAT-MEDIA-001;ES-FEAT-IDENTITY-001;ES-FEAT-RELATIONSHIP-001;ES-FEAT-COMMUNICATIONS-001;ES-FEAT-TASKS-001;ES-FEAT-HORSE-001,GOVERNANCE,DRAFT_PIA_SUPPLEMENT,Derived from revised structured row ES-FEAT-MEDIA-016 after independent-review adjudication; evidence tier=KEYWORD_MATCH_ONLY.
FOUNDER_DECISION_QUEUE,ES-FEAT-REPORTING-001,operational dashboards,Reporting and analytics,HIGH:3,P1,Facility Owner;Barn Manager;Trainer;Owner;Guardian;Platform Admin;Auditor,OPERATING_STANDARD_GAP,IMPLEMENTED_UNVERIFIED,ES-FEAT-PLATFORM-001,OPERATIONS,DRAFT_OPERATING_STANDARD,Derived from revised structured row ES-FEAT-REPORTING-001 after independent-review adjudication; evidence tier=KEYWORD_MATCH_ONLY.
IMPLEMENTATION_VERIFICATION_QUEUE,ES-FEAT-REPORTING-001,operational dashboards,Reporting and analytics,HIGH:3,P1,Facility Owner;Barn Manager;Trainer;Owner;Guardian;Platform Admin;Auditor,OPERATING_STANDARD_GAP,IMPLEMENTED_UNVERIFIED,ES-FEAT-PLATFORM-001,OPERATIONS,DRAFT_OPERATING_STANDARD,Derived from revised structured row ES-FEAT-REPORTING-001 after independent-review adjudication; evidence tier=KEYWORD_MATCH_ONLY.
OPERATING_STANDARD_QUEUE,ES-FEAT-REPORTING-001,operational dashboards,Reporting and analytics,HIGH:3,P1,Facility Owner;Barn Manager;Trainer;Owner;Guardian;Platform Admin;Auditor,OPERATING_STANDARD_GAP,IMPLEMENTED_UNVERIFIED,ES-FEAT-PLATFORM-001,OPERATIONS,DRAFT_OPERATING_STANDARD,Derived from revised structured row ES-FEAT-REPORTING-001 after independent-review adjudication; evidence tier=KEYWORD_MATCH_ONLY.
RUNTIME_VERIFICATION_QUEUE,ES-FEAT-REPORTING-001,operational dashboards,Reporting and analytics,HIGH:3,P1,Facility Owner;Barn Manager;Trainer;Owner;Guardian;Platform Admin;Auditor,OPERATING_STANDARD_GAP,IMPLEMENTED_UNVERIFIED,ES-FEAT-PLATFORM-001,OPERATIONS,DRAFT_OPERATING_STANDARD,Derived from revised structured row ES-FEAT-REPORTING-001 after independent-review adjudication; evidence tier=KEYWORD_MATCH_ONLY.
FOUNDER_DECISION_QUEUE,ES-FEAT-REPORTING-002,financial reporting (Reporting),Reporting and analytics,HIGH:12,P1,Facility Owner;Barn Manager;Trainer;Owner;Guardian;Platform Admin;Auditor,OPERATING_STANDARD_GAP,IMPLEMENTED_UNVERIFIED,ES-FEAT-PLATFORM-001;ES-FEAT-REPORTING-001;ES-FEAT-IDENTITY-001;ES-FEAT-RELATIONSHIP-001;ES-FEAT-FINANCIAL-001;ES-FEAT-COMMUNICATIONS-001;ES-FEAT-TASKS-001,OPERATIONS,DRAFT_OPERATING_STANDARD,Derived from revised structured row ES-FEAT-REPORTING-002 after independent-review adjudication; evidence tier=KEYWORD_MATCH_ONLY.
IMPLEMENTATION_VERIFICATION_QUEUE,ES-FEAT-REPORTING-002,financial reporting (Reporting),Reporting and analytics,HIGH:12,P1,Facility Owner;Barn Manager;Trainer;Owner;Guardian;Platform Admin;Auditor,OPERATING_STANDARD_GAP,IMPLEMENTED_UNVERIFIED,ES-FEAT-PLATFORM-001;ES-FEAT-REPORTING-001;ES-FEAT-IDENTITY-001;ES-FEAT-RELATIONSHIP-001;ES-FEAT-FINANCIAL-001;ES-FEAT-COMMUNICATIONS-001;ES-FEAT-TASKS-001,OPERATIONS,DRAFT_OPERATING_STANDARD,Derived from revised structured row ES-FEAT-REPORTING-002 after independent-review adjudication; evidence tier=KEYWORD_MATCH_ONLY.
OPERATING_STANDARD_QUEUE,ES-FEAT-REPORTING-002,financial reporting (Reporting),Reporting and analytics,HIGH:12,P1,Facility Owner;Barn Manager;Trainer;Owner;Guardian;Platform Admin;Auditor,OPERATING_STANDARD_GAP,IMPLEMENTED_UNVERIFIED,ES-FEAT-PLATFORM-001;ES-FEAT-REPORTING-001;ES-FEAT-IDENTITY-001;ES-FEAT-RELATIONSHIP-001;ES-FEAT-FINANCIAL-001;ES-FEAT-COMMUNICATIONS-001;ES-FEAT-TASKS-001,OPERATIONS,DRAFT_OPERATING_STANDARD,Derived from revised structured row ES-FEAT-REPORTING-002 after independent-review adjudication; evidence tier=KEYWORD_MATCH_ONLY.
RUNTIME_VERIFICATION_QUEUE,ES-FEAT-REPORTING-002,financial reporting (Reporting),Reporting and analytics,HIGH:12,P1,Facility Owner;Barn Manager;Trainer;Owner;Guardian;Platform Admin;Auditor,OPERATING_STANDARD_GAP,IMPLEMENTED_UNVERIFIED,ES-FEAT-PLATFORM-001;ES-FEAT-REPORTING-001;ES-FEAT-IDENTITY-001;ES-FEAT-RELATIONSHIP-001;ES-FEAT-FINANCIAL-001;ES-FEAT-COMMUNICATIONS-001;ES-FEAT-TASKS-001,OPERATIONS,DRAFT_OPERATING_STANDARD,Derived from revised structured row ES-FEAT-REPORTING-002 after independent-review adjudication; evidence tier=KEYWORD_MATCH_ONLY.
FOUNDER_DECISION_QUEUE,ES-FEAT-REPORTING-003,horse-care reporting,Reporting and analytics,HIGH:9,P1,Facility Owner;Barn Manager;Trainer;Owner;Guardian;Platform Admin;Auditor,OPERATING_STANDARD_GAP,IMPLEMENTED_UNVERIFIED,ES-FEAT-PLATFORM-001;ES-FEAT-REPORTING-001;ES-FEAT-IDENTITY-001;ES-FEAT-RELATIONSHIP-001;ES-FEAT-FINANCIAL-001;ES-FEAT-COMMUNICATIONS-001;ES-FEAT-TASKS-001;ES-FEAT-HORSE-001;ES-FEAT-CARE-001,OPERATIONS,DRAFT_OPERATING_STANDARD,Derived from revised structured row ES-FEAT-REPORTING-003 after independent-review adjudication; evidence tier=KEYWORD_MATCH_ONLY.
IMPLEMENTATION_VERIFICATION_QUEUE,ES-FEAT-REPORTING-003,horse-care reporting,Reporting and analytics,HIGH:9,P1,Facility Owner;Barn Manager;Trainer;Owner;Guardian;Platform Admin;Auditor,OPERATING_STANDARD_GAP,IMPLEMENTED_UNVERIFIED,ES-FEAT-PLATFORM-001;ES-FEAT-REPORTING-001;ES-FEAT-IDENTITY-001;ES-FEAT-RELATIONSHIP-001;ES-FEAT-FINANCIAL-001;ES-FEAT-COMMUNICATIONS-001;ES-FEAT-TASKS-001;ES-FEAT-HORSE-001;ES-FEAT-CARE-001,OPERATIONS,DRAFT_OPERATING_STANDARD,Derived from revised structured row ES-FEAT-REPORTING-003 after independent-review adjudication; evidence tier=KEYWORD_MATCH_ONLY.
OPERATING_STANDARD_QUEUE,ES-FEAT-REPORTING-003,horse-care reporting,Reporting and analytics,HIGH:9,P1,Facility Owner;Barn Manager;Trainer;Owner;Guardian;Platform Admin;Auditor,OPERATING_STANDARD_GAP,IMPLEMENTED_UNVERIFIED,ES-FEAT-PLATFORM-001;ES-FEAT-REPORTING-001;ES-FEAT-IDENTITY-001;ES-FEAT-RELATIONSHIP-001;ES-FEAT-FINANCIAL-001;ES-FEAT-COMMUNICATIONS-001;ES-FEAT-TASKS-001;ES-FEAT-HORSE-001;ES-FEAT-CARE-001,OPERATIONS,DRAFT_OPERATING_STANDARD,Derived from revised structured row ES-FEAT-REPORTING-003 after independent-review adjudication; evidence tier=KEYWORD_MATCH_ONLY.
RUNTIME_VERIFICATION_QUEUE,ES-FEAT-REPORTING-003,horse-care reporting,Reporting and analytics,HIGH:9,P1,Facility Owner;Barn Manager;Trainer;Owner;Guardian;Platform Admin;Auditor,OPERATING_STANDARD_GAP,IMPLEMENTED_UNVERIFIED,ES-FEAT-PLATFORM-001;ES-FEAT-REPORTING-001;ES-FEAT-IDENTITY-001;ES-FEAT-RELATIONSHIP-001;ES-FEAT-FINANCIAL-001;ES-FEAT-COMMUNICATIONS-001;ES-FEAT-TASKS-001;ES-FEAT-HORSE-001;ES-FEAT-CARE-001,OPERATIONS,DRAFT_OPERATING_STANDARD,Derived from revised structured row ES-FEAT-REPORTING-003 after independent-review adjudication; evidence tier=KEYWORD_MATCH_ONLY.
FOUNDER_DECISION_QUEUE,ES-FEAT-REPORTING-004,rider progress,Reporting and analytics,HIGH:6,P1,Facility Owner;Barn Manager;Trainer;Owner;Guardian;Platform Admin;Auditor,OPERATING_STANDARD_GAP,IMPLEMENTED_UNVERIFIED,ES-FEAT-PLATFORM-001;ES-FEAT-REPORTING-001;ES-FEAT-IDENTITY-001;ES-FEAT-RELATIONSHIP-001;ES-FEAT-FINANCIAL-001;ES-FEAT-COMMUNICATIONS-001;ES-FEAT-TASKS-001,OPERATIONS,DRAFT_OPERATING_STANDARD,Derived from revised structured row ES-FEAT-REPORTING-004 after independent-review adjudication; evidence tier=KEYWORD_MATCH_ONLY.
IMPLEMENTATION_VERIFICATION_QUEUE,ES-FEAT-REPORTING-004,rider progress,Reporting and analytics,HIGH:6,P1,Facility Owner;Barn Manager;Trainer;Owner;Guardian;Platform Admin;Auditor,OPERATING_STANDARD_GAP,IMPLEMENTED_UNVERIFIED,ES-FEAT-PLATFORM-001;ES-FEAT-REPORTING-001;ES-FEAT-IDENTITY-001;ES-FEAT-RELATIONSHIP-001;ES-FEAT-FINANCIAL-001;ES-FEAT-COMMUNICATIONS-001;ES-FEAT-TASKS-001,OPERATIONS,DRAFT_OPERATING_STANDARD,Derived from revised structured row ES-FEAT-REPORTING-004 after independent-review adjudication; evidence tier=KEYWORD_MATCH_ONLY.
OPERATING_STANDARD_QUEUE,ES-FEAT-REPORTING-004,rider progress,Reporting and analytics,HIGH:6,P1,Facility Owner;Barn Manager;Trainer;Owner;Guardian;Platform Admin;Auditor,OPERATING_STANDARD_GAP,IMPLEMENTED_UNVERIFIED,ES-FEAT-PLATFORM-001;ES-FEAT-REPORTING-001;ES-FEAT-IDENTITY-001;ES-FEAT-RELATIONSHIP-001;ES-FEAT-FINANCIAL-001;ES-FEAT-COMMUNICATIONS-001;ES-FEAT-TASKS-001,OPERATIONS,DRAFT_OPERATING_STANDARD,Derived from revised structured row ES-FEAT-REPORTING-004 after independent-review adjudication; evidence tier=KEYWORD_MATCH_ONLY.
RUNTIME_VERIFICATION_QUEUE,ES-FEAT-REPORTING-004,rider progress,Reporting and analytics,HIGH:6,P1,Facility Owner;Barn Manager;Trainer;Owner;Guardian;Platform Admin;Auditor,OPERATING_STANDARD_GAP,IMPLEMENTED_UNVERIFIED,ES-FEAT-PLATFORM-001;ES-FEAT-REPORTING-001;ES-FEAT-IDENTITY-001;ES-FEAT-RELATIONSHIP-001;ES-FEAT-FINANCIAL-001;ES-FEAT-COMMUNICATIONS-001;ES-FEAT-TASKS-001,OPERATIONS,DRAFT_OPERATING_STANDARD,Derived from revised structured row ES-FEAT-REPORTING-004 after independent-review adjudication; evidence tier=KEYWORD_MATCH_ONLY.
FOUNDER_DECISION_QUEUE,ES-FEAT-REPORTING-005,facility KPIs,Reporting and analytics,HIGH:3,P1,Facility Owner;Barn Manager;Trainer;Owner;Guardian;Platform Admin;Auditor,OPERATING_STANDARD_GAP,IMPLEMENTED_UNVERIFIED,ES-FEAT-PLATFORM-001;ES-FEAT-REPORTING-001;ES-FEAT-IDENTITY-001;ES-FEAT-RELATIONSHIP-001;ES-FEAT-FINANCIAL-001;ES-FEAT-COMMUNICATIONS-001;ES-FEAT-TASKS-001,OPERATIONS,DRAFT_OPERATING_STANDARD,Derived from revised structured row ES-FEAT-REPORTING-005 after independent-review adjudication; evidence tier=KEYWORD_MATCH_ONLY.
IMPLEMENTATION_VERIFICATION_QUEUE,ES-FEAT-REPORTING-005,facility KPIs,Reporting and analytics,HIGH:3,P1,Facility Owner;Barn Manager;Trainer;Owner;Guardian;Platform Admin;Auditor,OPERATING_STANDARD_GAP,IMPLEMENTED_UNVERIFIED,ES-FEAT-PLATFORM-001;ES-FEAT-REPORTING-001;ES-FEAT-IDENTITY-001;ES-FEAT-RELATIONSHIP-001;ES-FEAT-FINANCIAL-001;ES-FEAT-COMMUNICATIONS-001;ES-FEAT-TASKS-001,OPERATIONS,DRAFT_OPERATING_STANDARD,Derived from revised structured row ES-FEAT-REPORTING-005 after independent-review adjudication; evidence tier=KEYWORD_MATCH_ONLY.
OPERATING_STANDARD_QUEUE,ES-FEAT-REPORTING-005,facility KPIs,Reporting and analytics,HIGH:3,P1,Facility Owner;Barn Manager;Trainer;Owner;Guardian;Platform Admin;Auditor,OPERATING_STANDARD_GAP,IMPLEMENTED_UNVERIFIED,ES-FEAT-PLATFORM-001;ES-FEAT-REPORTING-001;ES-FEAT-IDENTITY-001;ES-FEAT-RELATIONSHIP-001;ES-FEAT-FINANCIAL-001;ES-FEAT-COMMUNICATIONS-001;ES-FEAT-TASKS-001,OPERATIONS,DRAFT_OPERATING_STANDARD,Derived from revised structured row ES-FEAT-REPORTING-005 after independent-review adjudication; evidence tier=KEYWORD_MATCH_ONLY.
RUNTIME_VERIFICATION_QUEUE,ES-FEAT-REPORTING-005,facility KPIs,Reporting and analytics,HIGH:3,P1,Facility Owner;Barn Manager;Trainer;Owner;Guardian;Platform Admin;Auditor,OPERATING_STANDARD_GAP,IMPLEMENTED_UNVERIFIED,ES-FEAT-PLATFORM-001;ES-FEAT-REPORTING-001;ES-FEAT-IDENTITY-001;ES-FEAT-RELATIONSHIP-001;ES-FEAT-FINANCIAL-001;ES-FEAT-COMMUNICATIONS-001;ES-FEAT-TASKS-001,OPERATIONS,DRAFT_OPERATING_STANDARD,Derived from revised structured row ES-FEAT-REPORTING-005 after independent-review adjudication; evidence tier=KEYWORD_MATCH_ONLY.
FOUNDER_DECISION_QUEUE,ES-FEAT-REPORTING-006,owner summaries,Reporting and analytics,HIGH:12,P1,Facility Owner;Barn Manager;Trainer;Owner;Guardian;Platform Admin;Auditor,OPERATING_STANDARD_GAP,IMPLEMENTED_UNVERIFIED,ES-FEAT-PLATFORM-001;ES-FEAT-REPORTING-001;ES-FEAT-IDENTITY-001;ES-FEAT-RELATIONSHIP-001;ES-FEAT-FINANCIAL-001;ES-FEAT-COMMUNICATIONS-001;ES-FEAT-TASKS-001,OPERATIONS,DRAFT_OPERATING_STANDARD,Derived from revised structured row ES-FEAT-REPORTING-006 after independent-review adjudication; evidence tier=KEYWORD_MATCH_ONLY.
IMPLEMENTATION_VERIFICATION_QUEUE,ES-FEAT-REPORTING-006,owner summaries,Reporting and analytics,HIGH:12,P1,Facility Owner;Barn Manager;Trainer;Owner;Guardian;Platform Admin;Auditor,OPERATING_STANDARD_GAP,IMPLEMENTED_UNVERIFIED,ES-FEAT-PLATFORM-001;ES-FEAT-REPORTING-001;ES-FEAT-IDENTITY-001;ES-FEAT-RELATIONSHIP-001;ES-FEAT-FINANCIAL-001;ES-FEAT-COMMUNICATIONS-001;ES-FEAT-TASKS-001,OPERATIONS,DRAFT_OPERATING_STANDARD,Derived from revised structured row ES-FEAT-REPORTING-006 after independent-review adjudication; evidence tier=KEYWORD_MATCH_ONLY.
OPERATING_STANDARD_QUEUE,ES-FEAT-REPORTING-006,owner summaries,Reporting and analytics,HIGH:12,P1,Facility Owner;Barn Manager;Trainer;Owner;Guardian;Platform Admin;Auditor,OPERATING_STANDARD_GAP,IMPLEMENTED_UNVERIFIED,ES-FEAT-PLATFORM-001;ES-FEAT-REPORTING-001;ES-FEAT-IDENTITY-001;ES-FEAT-RELATIONSHIP-001;ES-FEAT-FINANCIAL-001;ES-FEAT-COMMUNICATIONS-001;ES-FEAT-TASKS-001,OPERATIONS,DRAFT_OPERATING_STANDARD,Derived from revised structured row ES-FEAT-REPORTING-006 after independent-review adjudication; evidence tier=KEYWORD_MATCH_ONLY.
RUNTIME_VERIFICATION_QUEUE,ES-FEAT-REPORTING-006,owner summaries,Reporting and analytics,HIGH:12,P1,Facility Owner;Barn Manager;Trainer;Owner;Guardian;Platform Admin;Auditor,OPERATING_STANDARD_GAP,IMPLEMENTED_UNVERIFIED,ES-FEAT-PLATFORM-001;ES-FEAT-REPORTING-001;ES-FEAT-IDENTITY-001;ES-FEAT-RELATIONSHIP-001;ES-FEAT-FINANCIAL-001;ES-FEAT-COMMUNICATIONS-001;ES-FEAT-TASKS-001,OPERATIONS,DRAFT_OPERATING_STANDARD,Derived from revised structured row ES-FEAT-REPORTING-006 after independent-review adjudication; evidence tier=KEYWORD_MATCH_ONLY.
FOUNDER_DECISION_QUEUE,ES-FEAT-REPORTING-007,exports,Reporting and analytics,HIGH:9,P1,Facility Owner;Barn Manager;Trainer;Owner;Guardian;Platform Admin;Auditor,OPERATING_STANDARD_GAP,IMPLEMENTED_UNVERIFIED,ES-FEAT-PLATFORM-001;ES-FEAT-REPORTING-001;ES-FEAT-IDENTITY-001;ES-FEAT-RELATIONSHIP-001;ES-FEAT-FINANCIAL-001;ES-FEAT-COMMUNICATIONS-001;ES-FEAT-TASKS-001,OPERATIONS,DRAFT_OPERATING_STANDARD,Derived from revised structured row ES-FEAT-REPORTING-007 after independent-review adjudication; evidence tier=KEYWORD_MATCH_ONLY.
IMPLEMENTATION_VERIFICATION_QUEUE,ES-FEAT-REPORTING-007,exports,Reporting and analytics,HIGH:9,P1,Facility Owner;Barn Manager;Trainer;Owner;Guardian;Platform Admin;Auditor,OPERATING_STANDARD_GAP,IMPLEMENTED_UNVERIFIED,ES-FEAT-PLATFORM-001;ES-FEAT-REPORTING-001;ES-FEAT-IDENTITY-001;ES-FEAT-RELATIONSHIP-001;ES-FEAT-FINANCIAL-001;ES-FEAT-COMMUNICATIONS-001;ES-FEAT-TASKS-001,OPERATIONS,DRAFT_OPERATING_STANDARD,Derived from revised structured row ES-FEAT-REPORTING-007 after independent-review adjudication; evidence tier=KEYWORD_MATCH_ONLY.
OPERATING_STANDARD_QUEUE,ES-FEAT-REPORTING-007,exports,Reporting and analytics,HIGH:9,P1,Facility Owner;Barn Manager;Trainer;Owner;Guardian;Platform Admin;Auditor,OPERATING_STANDARD_GAP,IMPLEMENTED_UNVERIFIED,ES-FEAT-PLATFORM-001;ES-FEAT-REPORTING-001;ES-FEAT-IDENTITY-001;ES-FEAT-RELATIONSHIP-001;ES-FEAT-FINANCIAL-001;ES-FEAT-COMMUNICATIONS-001;ES-FEAT-TASKS-001,OPERATIONS,DRAFT_OPERATING_STANDARD,Derived from revised structured row ES-FEAT-REPORTING-007 after independent-review adjudication; evidence tier=KEYWORD_MATCH_ONLY.
RUNTIME_VERIFICATION_QUEUE,ES-FEAT-REPORTING-007,exports,Reporting and analytics,HIGH:9,P1,Facility Owner;Barn Manager;Trainer;Owner;Guardian;Platform Admin;Auditor,OPERATING_STANDARD_GAP,IMPLEMENTED_UNVERIFIED,ES-FEAT-PLATFORM-001;ES-FEAT-REPORTING-001;ES-FEAT-IDENTITY-001;ES-FEAT-RELATIONSHIP-001;ES-FEAT-FINANCIAL-001;ES-FEAT-COMMUNICATIONS-001;ES-FEAT-TASKS-001,OPERATIONS,DRAFT_OPERATING_STANDARD,Derived from revised structured row ES-FEAT-REPORTING-007 after independent-review adjudication; evidence tier=KEYWORD_MATCH_ONLY.
FOUNDER_DECISION_QUEUE,ES-FEAT-REPORTING-008,metric lineage,Reporting and analytics,HIGH:6,P1,Facility Owner;Barn Manager;Trainer;Owner;Guardian;Platform Admin;Auditor,OPERATING_STANDARD_GAP,IMPLEMENTED_UNVERIFIED,ES-FEAT-PLATFORM-001;ES-FEAT-REPORTING-001;ES-FEAT-IDENTITY-001;ES-FEAT-RELATIONSHIP-001;ES-FEAT-FINANCIAL-001;ES-FEAT-COMMUNICATIONS-001;ES-FEAT-TASKS-001,OPERATIONS,DRAFT_OPERATING_STANDARD,Derived from revised structured row ES-FEAT-REPORTING-008 after independent-review adjudication; evidence tier=KEYWORD_MATCH_ONLY.
IMPLEMENTATION_VERIFICATION_QUEUE,ES-FEAT-REPORTING-008,metric lineage,Reporting and analytics,HIGH:6,P1,Facility Owner;Barn Manager;Trainer;Owner;Guardian;Platform Admin;Auditor,OPERATING_STANDARD_GAP,IMPLEMENTED_UNVERIFIED,ES-FEAT-PLATFORM-001;ES-FEAT-REPORTING-001;ES-FEAT-IDENTITY-001;ES-FEAT-RELATIONSHIP-001;ES-FEAT-FINANCIAL-001;ES-FEAT-COMMUNICATIONS-001;ES-FEAT-TASKS-001,OPERATIONS,DRAFT_OPERATING_STANDARD,Derived from revised structured row ES-FEAT-REPORTING-008 after independent-review adjudication; evidence tier=KEYWORD_MATCH_ONLY.
OPERATING_STANDARD_QUEUE,ES-FEAT-REPORTING-008,metric lineage,Reporting and analytics,HIGH:6,P1,Facility Owner;Barn Manager;Trainer;Owner;Guardian;Platform Admin;Auditor,OPERATING_STANDARD_GAP,IMPLEMENTED_UNVERIFIED,ES-FEAT-PLATFORM-001;ES-FEAT-REPORTING-001;ES-FEAT-IDENTITY-001;ES-FEAT-RELATIONSHIP-001;ES-FEAT-FINANCIAL-001;ES-FEAT-COMMUNICATIONS-001;ES-FEAT-TASKS-001,OPERATIONS,DRAFT_OPERATING_STANDARD,Derived from revised structured row ES-FEAT-REPORTING-008 after independent-review adjudication; evidence tier=KEYWORD_MATCH_ONLY.
RUNTIME_VERIFICATION_QUEUE,ES-FEAT-REPORTING-008,metric lineage,Reporting and analytics,HIGH:6,P1,Facility Owner;Barn Manager;Trainer;Owner;Guardian;Platform Admin;Auditor,OPERATING_STANDARD_GAP,IMPLEMENTED_UNVERIFIED,ES-FEAT-PLATFORM-001;ES-FEAT-REPORTING-001;ES-FEAT-IDENTITY-001;ES-FEAT-RELATIONSHIP-001;ES-FEAT-FINANCIAL-001;ES-FEAT-COMMUNICATIONS-001;ES-FEAT-TASKS-001,OPERATIONS,DRAFT_OPERATING_STANDARD,Derived from revised structured row ES-FEAT-REPORTING-008 after independent-review adjudication; evidence tier=KEYWORD_MATCH_ONLY.
FOUNDER_DECISION_QUEUE,ES-FEAT-REPORTING-009,confidence,Reporting and analytics,HIGH:3,P1,Facility Owner;Barn Manager;Trainer;Owner;Guardian;Platform Admin;Auditor,OPERATING_STANDARD_GAP,IMPLEMENTED_UNVERIFIED,ES-FEAT-PLATFORM-001;ES-FEAT-REPORTING-001;ES-FEAT-IDENTITY-001;ES-FEAT-RELATIONSHIP-001;ES-FEAT-FINANCIAL-001;ES-FEAT-COMMUNICATIONS-001;ES-FEAT-TASKS-001,OPERATIONS,DRAFT_OPERATING_STANDARD,Derived from revised structured row ES-FEAT-REPORTING-009 after independent-review adjudication; evidence tier=KEYWORD_MATCH_ONLY.
IMPLEMENTATION_VERIFICATION_QUEUE,ES-FEAT-REPORTING-009,confidence,Reporting and analytics,HIGH:3,P1,Facility Owner;Barn Manager;Trainer;Owner;Guardian;Platform Admin;Auditor,OPERATING_STANDARD_GAP,IMPLEMENTED_UNVERIFIED,ES-FEAT-PLATFORM-001;ES-FEAT-REPORTING-001;ES-FEAT-IDENTITY-001;ES-FEAT-RELATIONSHIP-001;ES-FEAT-FINANCIAL-001;ES-FEAT-COMMUNICATIONS-001;ES-FEAT-TASKS-001,OPERATIONS,DRAFT_OPERATING_STANDARD,Derived from revised structured row ES-FEAT-REPORTING-009 after independent-review adjudication; evidence tier=KEYWORD_MATCH_ONLY.
OPERATING_STANDARD_QUEUE,ES-FEAT-REPORTING-009,confidence,Reporting and analytics,HIGH:3,P1,Facility Owner;Barn Manager;Trainer;Owner;Guardian;Platform Admin;Auditor,OPERATING_STANDARD_GAP,IMPLEMENTED_UNVERIFIED,ES-FEAT-PLATFORM-001;ES-FEAT-REPORTING-001;ES-FEAT-IDENTITY-001;ES-FEAT-RELATIONSHIP-001;ES-FEAT-FINANCIAL-001;ES-FEAT-COMMUNICATIONS-001;ES-FEAT-TASKS-001,OPERATIONS,DRAFT_OPERATING_STANDARD,Derived from revised structured row ES-FEAT-REPORTING-009 after independent-review adjudication; evidence tier=KEYWORD_MATCH_ONLY.
RUNTIME_VERIFICATION_QUEUE,ES-FEAT-REPORTING-009,confidence,Reporting and analytics,HIGH:3,P1,Facility Owner;Barn Manager;Trainer;Owner;Guardian;Platform Admin;Auditor,OPERATING_STANDARD_GAP,IMPLEMENTED_UNVERIFIED,ES-FEAT-PLATFORM-001;ES-FEAT-REPORTING-001;ES-FEAT-IDENTITY-001;ES-FEAT-RELATIONSHIP-001;ES-FEAT-FINANCIAL-001;ES-FEAT-COMMUNICATIONS-001;ES-FEAT-TASKS-001,OPERATIONS,DRAFT_OPERATING_STANDARD,Derived from revised structured row ES-FEAT-REPORTING-009 after independent-review adjudication; evidence tier=KEYWORD_MATCH_ONLY.
FOUNDER_DECISION_QUEUE,ES-FEAT-REPORTING-010,corrections,Reporting and analytics,HIGH:12,P1,Facility Owner;Barn Manager;Trainer;Owner;Guardian;Platform Admin;Auditor,OPERATING_STANDARD_GAP,IMPLEMENTED_UNVERIFIED,ES-FEAT-PLATFORM-001;ES-FEAT-REPORTING-001;ES-FEAT-IDENTITY-001;ES-FEAT-RELATIONSHIP-001;ES-FEAT-FINANCIAL-001;ES-FEAT-COMMUNICATIONS-001;ES-FEAT-TASKS-001,OPERATIONS,DRAFT_OPERATING_STANDARD,Derived from revised structured row ES-FEAT-REPORTING-010 after independent-review adjudication; evidence tier=KEYWORD_MATCH_ONLY.
IMPLEMENTATION_VERIFICATION_QUEUE,ES-FEAT-REPORTING-010,corrections,Reporting and analytics,HIGH:12,P1,Facility Owner;Barn Manager;Trainer;Owner;Guardian;Platform Admin;Auditor,OPERATING_STANDARD_GAP,IMPLEMENTED_UNVERIFIED,ES-FEAT-PLATFORM-001;ES-FEAT-REPORTING-001;ES-FEAT-IDENTITY-001;ES-FEAT-RELATIONSHIP-001;ES-FEAT-FINANCIAL-001;ES-FEAT-COMMUNICATIONS-001;ES-FEAT-TASKS-001,OPERATIONS,DRAFT_OPERATING_STANDARD,Derived from revised structured row ES-FEAT-REPORTING-010 after independent-review adjudication; evidence tier=KEYWORD_MATCH_ONLY.
OPERATING_STANDARD_QUEUE,ES-FEAT-REPORTING-010,corrections,Reporting and analytics,HIGH:12,P1,Facility Owner;Barn Manager;Trainer;Owner;Guardian;Platform Admin;Auditor,OPERATING_STANDARD_GAP,IMPLEMENTED_UNVERIFIED,ES-FEAT-PLATFORM-001;ES-FEAT-REPORTING-001;ES-FEAT-IDENTITY-001;ES-FEAT-RELATIONSHIP-001;ES-FEAT-FINANCIAL-001;ES-FEAT-COMMUNICATIONS-001;ES-FEAT-TASKS-001,OPERATIONS,DRAFT_OPERATING_STANDARD,Derived from revised structured row ES-FEAT-REPORTING-010 after independent-review adjudication; evidence tier=KEYWORD_MATCH_ONLY.
RUNTIME_VERIFICATION_QUEUE,ES-FEAT-REPORTING-010,corrections,Reporting and analytics,HIGH:12,P1,Facility Owner;Barn Manager;Trainer;Owner;Guardian;Platform Admin;Auditor,OPERATING_STANDARD_GAP,IMPLEMENTED_UNVERIFIED,ES-FEAT-PLATFORM-001;ES-FEAT-REPORTING-001;ES-FEAT-IDENTITY-001;ES-FEAT-RELATIONSHIP-001;ES-FEAT-FINANCIAL-001;ES-FEAT-COMMUNICATIONS-001;ES-FEAT-TASKS-001,OPERATIONS,DRAFT_OPERATING_STANDARD,Derived from revised structured row ES-FEAT-REPORTING-010 after independent-review adjudication; evidence tier=KEYWORD_MATCH_ONLY.
FOUNDER_DECISION_QUEUE,ES-FEAT-REPORTING-011,access restrictions,Reporting and analytics,HIGH:9,P1,Facility Owner;Barn Manager;Trainer;Owner;Guardian;Platform Admin;Auditor,OPERATING_STANDARD_GAP,IMPLEMENTED_UNVERIFIED,ES-FEAT-PLATFORM-001;ES-FEAT-REPORTING-001;ES-FEAT-IDENTITY-001;ES-FEAT-RELATIONSHIP-001;ES-FEAT-FINANCIAL-001;ES-FEAT-COMMUNICATIONS-001;ES-FEAT-TASKS-001;ES-FEAT-HORSE-001;ES-FEAT-CARE-001,OPERATIONS,DRAFT_OPERATING_STANDARD,Derived from revised structured row ES-FEAT-REPORTING-011 after independent-review adjudication; evidence tier=KEYWORD_MATCH_ONLY.
IMPLEMENTATION_VERIFICATION_QUEUE,ES-FEAT-REPORTING-011,access restrictions,Reporting and analytics,HIGH:9,P1,Facility Owner;Barn Manager;Trainer;Owner;Guardian;Platform Admin;Auditor,OPERATING_STANDARD_GAP,IMPLEMENTED_UNVERIFIED,ES-FEAT-PLATFORM-001;ES-FEAT-REPORTING-001;ES-FEAT-IDENTITY-001;ES-FEAT-RELATIONSHIP-001;ES-FEAT-FINANCIAL-001;ES-FEAT-COMMUNICATIONS-001;ES-FEAT-TASKS-001;ES-FEAT-HORSE-001;ES-FEAT-CARE-001,OPERATIONS,DRAFT_OPERATING_STANDARD,Derived from revised structured row ES-FEAT-REPORTING-011 after independent-review adjudication; evidence tier=KEYWORD_MATCH_ONLY.
OPERATING_STANDARD_QUEUE,ES-FEAT-REPORTING-011,access restrictions,Reporting and analytics,HIGH:9,P1,Facility Owner;Barn Manager;Trainer;Owner;Guardian;Platform Admin;Auditor,OPERATING_STANDARD_GAP,IMPLEMENTED_UNVERIFIED,ES-FEAT-PLATFORM-001;ES-FEAT-REPORTING-001;ES-FEAT-IDENTITY-001;ES-FEAT-RELATIONSHIP-001;ES-FEAT-FINANCIAL-001;ES-FEAT-COMMUNICATIONS-001;ES-FEAT-TASKS-001;ES-FEAT-HORSE-001;ES-FEAT-CARE-001,OPERATIONS,DRAFT_OPERATING_STANDARD,Derived from revised structured row ES-FEAT-REPORTING-011 after independent-review adjudication; evidence tier=KEYWORD_MATCH_ONLY.
RUNTIME_VERIFICATION_QUEUE,ES-FEAT-REPORTING-011,access restrictions,Reporting and analytics,HIGH:9,P1,Facility Owner;Barn Manager;Trainer;Owner;Guardian;Platform Admin;Auditor,OPERATING_STANDARD_GAP,IMPLEMENTED_UNVERIFIED,ES-FEAT-PLATFORM-001;ES-FEAT-REPORTING-001;ES-FEAT-IDENTITY-001;ES-FEAT-RELATIONSHIP-001;ES-FEAT-FINANCIAL-001;ES-FEAT-COMMUNICATIONS-001;ES-FEAT-TASKS-001;ES-FEAT-HORSE-001;ES-FEAT-CARE-001,OPERATIONS,DRAFT_OPERATING_STANDARD,Derived from revised structured row ES-FEAT-REPORTING-011 after independent-review adjudication; evidence tier=KEYWORD_MATCH_ONLY.
CODE_GUIDE_QUEUE,ES-FEAT-AI-001,AI assistant,Artificial intelligence,CRITICAL:12,P1,Admin;Barn Manager;Trainer;Staff;Owner;Guardian;Rider,CODE_GUIDE_GAP,DOCUMENTED_ONLY,ES-FEAT-PLATFORM-001,ARCHITECTURE,DRAFT_CODE_GUIDE,Derived from revised structured row ES-FEAT-AI-001 after independent-review adjudication; evidence tier=KEYWORD_MATCH_ONLY.
FOUNDER_DECISION_QUEUE,ES-FEAT-AI-001,AI assistant,Artificial intelligence,CRITICAL:12,P1,Admin;Barn Manager;Trainer;Staff;Owner;Guardian;Rider,CODE_GUIDE_GAP,DOCUMENTED_ONLY,ES-FEAT-PLATFORM-001,ARCHITECTURE,DRAFT_CODE_GUIDE,Derived from revised structured row ES-FEAT-AI-001 after independent-review adjudication; evidence tier=KEYWORD_MATCH_ONLY.
IMPLEMENTATION_VERIFICATION_QUEUE,ES-FEAT-AI-001,AI assistant,Artificial intelligence,CRITICAL:12,P1,Admin;Barn Manager;Trainer;Staff;Owner;Guardian;Rider,CODE_GUIDE_GAP,DOCUMENTED_ONLY,ES-FEAT-PLATFORM-001,ARCHITECTURE,DRAFT_CODE_GUIDE,Derived from revised structured row ES-FEAT-AI-001 after independent-review adjudication; evidence tier=KEYWORD_MATCH_ONLY.
CODE_GUIDE_QUEUE,ES-FEAT-AI-002,inventory recognition,Artificial intelligence,MEDIUM:2,P0,Admin;Barn Manager;Trainer;Staff;Owner;Guardian;Rider,CODE_GUIDE_GAP,PARTIAL_IMPLEMENTATION,ES-FEAT-PLATFORM-001;ES-FEAT-AI-001;ES-FEAT-IDENTITY-001;ES-FEAT-RELATIONSHIP-001;ES-FEAT-COMMUNICATIONS-001;ES-FEAT-TASKS-001,ARCHITECTURE,DRAFT_CODE_GUIDE,Derived from revised structured row ES-FEAT-AI-002 after independent-review adjudication; evidence tier=KEYWORD_MATCH_ONLY.
FOUNDER_DECISION_QUEUE,ES-FEAT-AI-002,inventory recognition,Artificial intelligence,MEDIUM:2,P0,Admin;Barn Manager;Trainer;Staff;Owner;Guardian;Rider,CODE_GUIDE_GAP,PARTIAL_IMPLEMENTATION,ES-FEAT-PLATFORM-001;ES-FEAT-AI-001;ES-FEAT-IDENTITY-001;ES-FEAT-RELATIONSHIP-001;ES-FEAT-COMMUNICATIONS-001;ES-FEAT-TASKS-001,ARCHITECTURE,DRAFT_CODE_GUIDE,Derived from revised structured row ES-FEAT-AI-002 after independent-review adjudication; evidence tier=KEYWORD_MATCH_ONLY.
IMPLEMENTATION_VERIFICATION_QUEUE,ES-FEAT-AI-002,inventory recognition,Artificial intelligence,MEDIUM:2,P0,Admin;Barn Manager;Trainer;Staff;Owner;Guardian;Rider,CODE_GUIDE_GAP,PARTIAL_IMPLEMENTATION,ES-FEAT-PLATFORM-001;ES-FEAT-AI-001;ES-FEAT-IDENTITY-001;ES-FEAT-RELATIONSHIP-001;ES-FEAT-COMMUNICATIONS-001;ES-FEAT-TASKS-001,ARCHITECTURE,DRAFT_CODE_GUIDE,Derived from revised structured row ES-FEAT-AI-002 after independent-review adjudication; evidence tier=KEYWORD_MATCH_ONLY.
RUNTIME_VERIFICATION_QUEUE,ES-FEAT-AI-002,inventory recognition,Artificial intelligence,MEDIUM:2,P0,Admin;Barn Manager;Trainer;Staff;Owner;Guardian;Rider,CODE_GUIDE_GAP,PARTIAL_IMPLEMENTATION,ES-FEAT-PLATFORM-001;ES-FEAT-AI-001;ES-FEAT-IDENTITY-001;ES-FEAT-RELATIONSHIP-001;ES-FEAT-COMMUNICATIONS-001;ES-FEAT-TASKS-001,ARCHITECTURE,DRAFT_CODE_GUIDE,Derived from revised structured row ES-FEAT-AI-002 after independent-review adjudication; evidence tier=KEYWORD_MATCH_ONLY.
CODE_GUIDE_QUEUE,ES-FEAT-AI-003,summaries,Artificial intelligence,MEDIUM:8,P0,Admin;Barn Manager;Trainer;Staff;Owner;Guardian;Rider,CODE_GUIDE_GAP,PARTIAL_IMPLEMENTATION,ES-FEAT-PLATFORM-001;ES-FEAT-AI-001;ES-FEAT-IDENTITY-001;ES-FEAT-RELATIONSHIP-001;ES-FEAT-COMMUNICATIONS-001;ES-FEAT-TASKS-001,ARCHITECTURE,DRAFT_CODE_GUIDE,Derived from revised structured row ES-FEAT-AI-003 after independent-review adjudication; evidence tier=KEYWORD_MATCH_ONLY.
FOUNDER_DECISION_QUEUE,ES-FEAT-AI-003,summaries,Artificial intelligence,MEDIUM:8,P0,Admin;Barn Manager;Trainer;Staff;Owner;Guardian;Rider,CODE_GUIDE_GAP,PARTIAL_IMPLEMENTATION,ES-FEAT-PLATFORM-001;ES-FEAT-AI-001;ES-FEAT-IDENTITY-001;ES-FEAT-RELATIONSHIP-001;ES-FEAT-COMMUNICATIONS-001;ES-FEAT-TASKS-001,ARCHITECTURE,DRAFT_CODE_GUIDE,Derived from revised structured row ES-FEAT-AI-003 after independent-review adjudication; evidence tier=KEYWORD_MATCH_ONLY.
IMPLEMENTATION_VERIFICATION_QUEUE,ES-FEAT-AI-003,summaries,Artificial intelligence,MEDIUM:8,P0,Admin;Barn Manager;Trainer;Staff;Owner;Guardian;Rider,CODE_GUIDE_GAP,PARTIAL_IMPLEMENTATION,ES-FEAT-PLATFORM-001;ES-FEAT-AI-001;ES-FEAT-IDENTITY-001;ES-FEAT-RELATIONSHIP-001;ES-FEAT-COMMUNICATIONS-001;ES-FEAT-TASKS-001,ARCHITECTURE,DRAFT_CODE_GUIDE,Derived from revised structured row ES-FEAT-AI-003 after independent-review adjudication; evidence tier=KEYWORD_MATCH_ONLY.
RUNTIME_VERIFICATION_QUEUE,ES-FEAT-AI-003,summaries,Artificial intelligence,MEDIUM:8,P0,Admin;Barn Manager;Trainer;Staff;Owner;Guardian;Rider,CODE_GUIDE_GAP,PARTIAL_IMPLEMENTATION,ES-FEAT-PLATFORM-001;ES-FEAT-AI-001;ES-FEAT-IDENTITY-001;ES-FEAT-RELATIONSHIP-001;ES-FEAT-COMMUNICATIONS-001;ES-FEAT-TASKS-001,ARCHITECTURE,DRAFT_CODE_GUIDE,Derived from revised structured row ES-FEAT-AI-003 after independent-review adjudication; evidence tier=KEYWORD_MATCH_ONLY.
CODE_GUIDE_QUEUE,ES-FEAT-AI-004,recommendations,Artificial intelligence,MEDIUM:6,P0,Admin;Barn Manager;Trainer;Staff;Owner;Guardian;Rider,CODE_GUIDE_GAP,PARTIAL_IMPLEMENTATION,ES-FEAT-PLATFORM-001;ES-FEAT-AI-001;ES-FEAT-IDENTITY-001;ES-FEAT-RELATIONSHIP-001;ES-FEAT-COMMUNICATIONS-001;ES-FEAT-TASKS-001,ARCHITECTURE,DRAFT_CODE_GUIDE,Derived from revised structured row ES-FEAT-AI-004 after independent-review adjudication; evidence tier=KEYWORD_MATCH_ONLY.
FOUNDER_DECISION_QUEUE,ES-FEAT-AI-004,recommendations,Artificial intelligence,MEDIUM:6,P0,Admin;Barn Manager;Trainer;Staff;Owner;Guardian;Rider,CODE_GUIDE_GAP,PARTIAL_IMPLEMENTATION,ES-FEAT-PLATFORM-001;ES-FEAT-AI-001;ES-FEAT-IDENTITY-001;ES-FEAT-RELATIONSHIP-001;ES-FEAT-COMMUNICATIONS-001;ES-FEAT-TASKS-001,ARCHITECTURE,DRAFT_CODE_GUIDE,Derived from revised structured row ES-FEAT-AI-004 after independent-review adjudication; evidence tier=KEYWORD_MATCH_ONLY.
IMPLEMENTATION_VERIFICATION_QUEUE,ES-FEAT-AI-004,recommendations,Artificial intelligence,MEDIUM:6,P0,Admin;Barn Manager;Trainer;Staff;Owner;Guardian;Rider,CODE_GUIDE_GAP,PARTIAL_IMPLEMENTATION,ES-FEAT-PLATFORM-001;ES-FEAT-AI-001;ES-FEAT-IDENTITY-001;ES-FEAT-RELATIONSHIP-001;ES-FEAT-COMMUNICATIONS-001;ES-FEAT-TASKS-001,ARCHITECTURE,DRAFT_CODE_GUIDE,Derived from revised structured row ES-FEAT-AI-004 after independent-review adjudication; evidence tier=KEYWORD_MATCH_ONLY.
RUNTIME_VERIFICATION_QUEUE,ES-FEAT-AI-004,recommendations,Artificial intelligence,MEDIUM:6,P0,Admin;Barn Manager;Trainer;Staff;Owner;Guardian;Rider,CODE_GUIDE_GAP,PARTIAL_IMPLEMENTATION,ES-FEAT-PLATFORM-001;ES-FEAT-AI-001;ES-FEAT-IDENTITY-001;ES-FEAT-RELATIONSHIP-001;ES-FEAT-COMMUNICATIONS-001;ES-FEAT-TASKS-001,ARCHITECTURE,DRAFT_CODE_GUIDE,Derived from revised structured row ES-FEAT-AI-004 after independent-review adjudication; evidence tier=KEYWORD_MATCH_ONLY.
CODE_GUIDE_QUEUE,ES-FEAT-AI-005,scheduling assistance,Artificial intelligence,MEDIUM:4,P0,Admin;Barn Manager;Trainer;Staff;Owner;Guardian;Rider,CODE_GUIDE_GAP,PARTIAL_IMPLEMENTATION,ES-FEAT-PLATFORM-001;ES-FEAT-AI-001;ES-FEAT-IDENTITY-001;ES-FEAT-RELATIONSHIP-001;ES-FEAT-COMMUNICATIONS-001;ES-FEAT-TASKS-001,ARCHITECTURE,DRAFT_CODE_GUIDE,Derived from revised structured row ES-FEAT-AI-005 after independent-review adjudication; evidence tier=KEYWORD_MATCH_ONLY.
FOUNDER_DECISION_QUEUE,ES-FEAT-AI-005,scheduling assistance,Artificial intelligence,MEDIUM:4,P0,Admin;Barn Manager;Trainer;Staff;Owner;Guardian;Rider,CODE_GUIDE_GAP,PARTIAL_IMPLEMENTATION,ES-FEAT-PLATFORM-001;ES-FEAT-AI-001;ES-FEAT-IDENTITY-001;ES-FEAT-RELATIONSHIP-001;ES-FEAT-COMMUNICATIONS-001;ES-FEAT-TASKS-001,ARCHITECTURE,DRAFT_CODE_GUIDE,Derived from revised structured row ES-FEAT-AI-005 after independent-review adjudication; evidence tier=KEYWORD_MATCH_ONLY.
IMPLEMENTATION_VERIFICATION_QUEUE,ES-FEAT-AI-005,scheduling assistance,Artificial intelligence,MEDIUM:4,P0,Admin;Barn Manager;Trainer;Staff;Owner;Guardian;Rider,CODE_GUIDE_GAP,PARTIAL_IMPLEMENTATION,ES-FEAT-PLATFORM-001;ES-FEAT-AI-001;ES-FEAT-IDENTITY-001;ES-FEAT-RELATIONSHIP-001;ES-FEAT-COMMUNICATIONS-001;ES-FEAT-TASKS-001,ARCHITECTURE,DRAFT_CODE_GUIDE,Derived from revised structured row ES-FEAT-AI-005 after independent-review adjudication; evidence tier=KEYWORD_MATCH_ONLY.
RUNTIME_VERIFICATION_QUEUE,ES-FEAT-AI-005,scheduling assistance,Artificial intelligence,MEDIUM:4,P0,Admin;Barn Manager;Trainer;Staff;Owner;Guardian;Rider,CODE_GUIDE_GAP,PARTIAL_IMPLEMENTATION,ES-FEAT-PLATFORM-001;ES-FEAT-AI-001;ES-FEAT-IDENTITY-001;ES-FEAT-RELATIONSHIP-001;ES-FEAT-COMMUNICATIONS-001;ES-FEAT-TASKS-001,ARCHITECTURE,DRAFT_CODE_GUIDE,Derived from revised structured row ES-FEAT-AI-005 after independent-review adjudication; evidence tier=KEYWORD_MATCH_ONLY.
CODE_GUIDE_QUEUE,ES-FEAT-AI-006,anomaly detection,Artificial intelligence,MEDIUM:6,P1,Admin;Barn Manager;Trainer;Staff;Owner;Guardian;Rider,CODE_GUIDE_GAP,DOCUMENTED_ONLY,ES-FEAT-PLATFORM-001;ES-FEAT-AI-001;ES-FEAT-IDENTITY-001;ES-FEAT-RELATIONSHIP-001;ES-FEAT-COMMUNICATIONS-001;ES-FEAT-TASKS-001,ARCHITECTURE,DRAFT_CODE_GUIDE,Derived from revised structured row ES-FEAT-AI-006 after independent-review adjudication; evidence tier=KEYWORD_MATCH_ONLY.
FOUNDER_DECISION_QUEUE,ES-FEAT-AI-006,anomaly detection,Artificial intelligence,MEDIUM:6,P1,Admin;Barn Manager;Trainer;Staff;Owner;Guardian;Rider,CODE_GUIDE_GAP,DOCUMENTED_ONLY,ES-FEAT-PLATFORM-001;ES-FEAT-AI-001;ES-FEAT-IDENTITY-001;ES-FEAT-RELATIONSHIP-001;ES-FEAT-COMMUNICATIONS-001;ES-FEAT-TASKS-001,ARCHITECTURE,DRAFT_CODE_GUIDE,Derived from revised structured row ES-FEAT-AI-006 after independent-review adjudication; evidence tier=KEYWORD_MATCH_ONLY.
IMPLEMENTATION_VERIFICATION_QUEUE,ES-FEAT-AI-006,anomaly detection,Artificial intelligence,MEDIUM:6,P1,Admin;Barn Manager;Trainer;Staff;Owner;Guardian;Rider,CODE_GUIDE_GAP,DOCUMENTED_ONLY,ES-FEAT-PLATFORM-001;ES-FEAT-AI-001;ES-FEAT-IDENTITY-001;ES-FEAT-RELATIONSHIP-001;ES-FEAT-COMMUNICATIONS-001;ES-FEAT-TASKS-001,ARCHITECTURE,DRAFT_CODE_GUIDE,Derived from revised structured row ES-FEAT-AI-006 after independent-review adjudication; evidence tier=KEYWORD_MATCH_ONLY.
CODE_GUIDE_QUEUE,ES-FEAT-AI-007,reporting interpretation,Artificial intelligence,HIGH:9,P1,Admin;Barn Manager;Trainer;Staff;Owner;Guardian;Rider,CODE_GUIDE_GAP,DOCUMENTED_ONLY,ES-FEAT-PLATFORM-001;ES-FEAT-AI-001;ES-FEAT-IDENTITY-001;ES-FEAT-RELATIONSHIP-001;ES-FEAT-COMMUNICATIONS-001;ES-FEAT-TASKS-001,ARCHITECTURE,DRAFT_CODE_GUIDE,Derived from revised structured row ES-FEAT-AI-007 after independent-review adjudication; evidence tier=KEYWORD_MATCH_ONLY.
FOUNDER_DECISION_QUEUE,ES-FEAT-AI-007,reporting interpretation,Artificial intelligence,HIGH:9,P1,Admin;Barn Manager;Trainer;Staff;Owner;Guardian;Rider,CODE_GUIDE_GAP,DOCUMENTED_ONLY,ES-FEAT-PLATFORM-001;ES-FEAT-AI-001;ES-FEAT-IDENTITY-001;ES-FEAT-RELATIONSHIP-001;ES-FEAT-COMMUNICATIONS-001;ES-FEAT-TASKS-001,ARCHITECTURE,DRAFT_CODE_GUIDE,Derived from revised structured row ES-FEAT-AI-007 after independent-review adjudication; evidence tier=KEYWORD_MATCH_ONLY.
IMPLEMENTATION_VERIFICATION_QUEUE,ES-FEAT-AI-007,reporting interpretation,Artificial intelligence,HIGH:9,P1,Admin;Barn Manager;Trainer;Staff;Owner;Guardian;Rider,CODE_GUIDE_GAP,DOCUMENTED_ONLY,ES-FEAT-PLATFORM-001;ES-FEAT-AI-001;ES-FEAT-IDENTITY-001;ES-FEAT-RELATIONSHIP-001;ES-FEAT-COMMUNICATIONS-001;ES-FEAT-TASKS-001,ARCHITECTURE,DRAFT_CODE_GUIDE,Derived from revised structured row ES-FEAT-AI-007 after independent-review adjudication; evidence tier=KEYWORD_MATCH_ONLY.
CODE_GUIDE_QUEUE,ES-FEAT-AI-008,model providers,Artificial intelligence,CRITICAL:12,P0,Admin;Barn Manager;Trainer;Staff;Owner;Guardian;Rider,CODE_GUIDE_GAP,PARTIAL_IMPLEMENTATION,ES-FEAT-PLATFORM-001;ES-FEAT-AI-001;ES-FEAT-IDENTITY-001;ES-FEAT-RELATIONSHIP-001;ES-FEAT-FINANCIAL-001;ES-FEAT-COMMUNICATIONS-001;ES-FEAT-TASKS-001;ES-FEAT-CARE-001,ARCHITECTURE,DRAFT_CODE_GUIDE,Derived from revised structured row ES-FEAT-AI-008 after independent-review adjudication; evidence tier=KEYWORD_MATCH_ONLY.
FOUNDER_DECISION_QUEUE,ES-FEAT-AI-008,model providers,Artificial intelligence,CRITICAL:12,P0,Admin;Barn Manager;Trainer;Staff;Owner;Guardian;Rider,CODE_GUIDE_GAP,PARTIAL_IMPLEMENTATION,ES-FEAT-PLATFORM-001;ES-FEAT-AI-001;ES-FEAT-IDENTITY-001;ES-FEAT-RELATIONSHIP-001;ES-FEAT-FINANCIAL-001;ES-FEAT-COMMUNICATIONS-001;ES-FEAT-TASKS-001;ES-FEAT-CARE-001,ARCHITECTURE,DRAFT_CODE_GUIDE,Derived from revised structured row ES-FEAT-AI-008 after independent-review adjudication; evidence tier=KEYWORD_MATCH_ONLY.
IMPLEMENTATION_VERIFICATION_QUEUE,ES-FEAT-AI-008,model providers,Artificial intelligence,CRITICAL:12,P0,Admin;Barn Manager;Trainer;Staff;Owner;Guardian;Rider,CODE_GUIDE_GAP,PARTIAL_IMPLEMENTATION,ES-FEAT-PLATFORM-001;ES-FEAT-AI-001;ES-FEAT-IDENTITY-001;ES-FEAT-RELATIONSHIP-001;ES-FEAT-FINANCIAL-001;ES-FEAT-COMMUNICATIONS-001;ES-FEAT-TASKS-001;ES-FEAT-CARE-001,ARCHITECTURE,DRAFT_CODE_GUIDE,Derived from revised structured row ES-FEAT-AI-008 after independent-review adjudication; evidence tier=KEYWORD_MATCH_ONLY.
RUNTIME_VERIFICATION_QUEUE,ES-FEAT-AI-008,model providers,Artificial intelligence,CRITICAL:12,P0,Admin;Barn Manager;Trainer;Staff;Owner;Guardian;Rider,CODE_GUIDE_GAP,PARTIAL_IMPLEMENTATION,ES-FEAT-PLATFORM-001;ES-FEAT-AI-001;ES-FEAT-IDENTITY-001;ES-FEAT-RELATIONSHIP-001;ES-FEAT-FINANCIAL-001;ES-FEAT-COMMUNICATIONS-001;ES-FEAT-TASKS-001;ES-FEAT-CARE-001,ARCHITECTURE,DRAFT_CODE_GUIDE,Derived from revised structured row ES-FEAT-AI-008 after independent-review adjudication; evidence tier=KEYWORD_MATCH_ONLY.
CODE_GUIDE_QUEUE,ES-FEAT-AI-009,human review,Artificial intelligence,MEDIUM:4,P0,Admin;Barn Manager;Trainer;Staff;Owner;Guardian;Rider,CODE_GUIDE_GAP,PARTIAL_IMPLEMENTATION,ES-FEAT-PLATFORM-001;ES-FEAT-AI-001;ES-FEAT-IDENTITY-001;ES-FEAT-RELATIONSHIP-001;ES-FEAT-FINANCIAL-001;ES-FEAT-COMMUNICATIONS-001;ES-FEAT-TASKS-001,ARCHITECTURE,DRAFT_CODE_GUIDE,Derived from revised structured row ES-FEAT-AI-009 after independent-review adjudication; evidence tier=KEYWORD_MATCH_ONLY.
FOUNDER_DECISION_QUEUE,ES-FEAT-AI-009,human review,Artificial intelligence,MEDIUM:4,P0,Admin;Barn Manager;Trainer;Staff;Owner;Guardian;Rider,CODE_GUIDE_GAP,PARTIAL_IMPLEMENTATION,ES-FEAT-PLATFORM-001;ES-FEAT-AI-001;ES-FEAT-IDENTITY-001;ES-FEAT-RELATIONSHIP-001;ES-FEAT-FINANCIAL-001;ES-FEAT-COMMUNICATIONS-001;ES-FEAT-TASKS-001,ARCHITECTURE,DRAFT_CODE_GUIDE,Derived from revised structured row ES-FEAT-AI-009 after independent-review adjudication; evidence tier=KEYWORD_MATCH_ONLY.
IMPLEMENTATION_VERIFICATION_QUEUE,ES-FEAT-AI-009,human review,Artificial intelligence,MEDIUM:4,P0,Admin;Barn Manager;Trainer;Staff;Owner;Guardian;Rider,CODE_GUIDE_GAP,PARTIAL_IMPLEMENTATION,ES-FEAT-PLATFORM-001;ES-FEAT-AI-001;ES-FEAT-IDENTITY-001;ES-FEAT-RELATIONSHIP-001;ES-FEAT-FINANCIAL-001;ES-FEAT-COMMUNICATIONS-001;ES-FEAT-TASKS-001,ARCHITECTURE,DRAFT_CODE_GUIDE,Derived from revised structured row ES-FEAT-AI-009 after independent-review adjudication; evidence tier=KEYWORD_MATCH_ONLY.
RUNTIME_VERIFICATION_QUEUE,ES-FEAT-AI-009,human review,Artificial intelligence,MEDIUM:4,P0,Admin;Barn Manager;Trainer;Staff;Owner;Guardian;Rider,CODE_GUIDE_GAP,PARTIAL_IMPLEMENTATION,ES-FEAT-PLATFORM-001;ES-FEAT-AI-001;ES-FEAT-IDENTITY-001;ES-FEAT-RELATIONSHIP-001;ES-FEAT-FINANCIAL-001;ES-FEAT-COMMUNICATIONS-001;ES-FEAT-TASKS-001,ARCHITECTURE,DRAFT_CODE_GUIDE,Derived from revised structured row ES-FEAT-AI-009 after independent-review adjudication; evidence tier=KEYWORD_MATCH_ONLY.
CODE_GUIDE_QUEUE,ES-FEAT-AI-010,prohibited decisions,Artificial intelligence,MEDIUM:2,P0,Admin;Barn Manager;Trainer;Staff;Owner;Guardian;Rider,CODE_GUIDE_GAP,PARTIAL_IMPLEMENTATION,ES-FEAT-PLATFORM-001;ES-FEAT-AI-001;ES-FEAT-IDENTITY-001;ES-FEAT-RELATIONSHIP-001;ES-FEAT-COMMUNICATIONS-001;ES-FEAT-TASKS-001,ARCHITECTURE,DRAFT_CODE_GUIDE,Derived from revised structured row ES-FEAT-AI-010 after independent-review adjudication; evidence tier=KEYWORD_MATCH_ONLY.
FOUNDER_DECISION_QUEUE,ES-FEAT-AI-010,prohibited decisions,Artificial intelligence,MEDIUM:2,P0,Admin;Barn Manager;Trainer;Staff;Owner;Guardian;Rider,CODE_GUIDE_GAP,PARTIAL_IMPLEMENTATION,ES-FEAT-PLATFORM-001;ES-FEAT-AI-001;ES-FEAT-IDENTITY-001;ES-FEAT-RELATIONSHIP-001;ES-FEAT-COMMUNICATIONS-001;ES-FEAT-TASKS-001,ARCHITECTURE,DRAFT_CODE_GUIDE,Derived from revised structured row ES-FEAT-AI-010 after independent-review adjudication; evidence tier=KEYWORD_MATCH_ONLY.
IMPLEMENTATION_VERIFICATION_QUEUE,ES-FEAT-AI-010,prohibited decisions,Artificial intelligence,MEDIUM:2,P0,Admin;Barn Manager;Trainer;Staff;Owner;Guardian;Rider,CODE_GUIDE_GAP,PARTIAL_IMPLEMENTATION,ES-FEAT-PLATFORM-001;ES-FEAT-AI-001;ES-FEAT-IDENTITY-001;ES-FEAT-RELATIONSHIP-001;ES-FEAT-COMMUNICATIONS-001;ES-FEAT-TASKS-001,ARCHITECTURE,DRAFT_CODE_GUIDE,Derived from revised structured row ES-FEAT-AI-010 after independent-review adjudication; evidence tier=KEYWORD_MATCH_ONLY.
RUNTIME_VERIFICATION_QUEUE,ES-FEAT-AI-010,prohibited decisions,Artificial intelligence,MEDIUM:2,P0,Admin;Barn Manager;Trainer;Staff;Owner;Guardian;Rider,CODE_GUIDE_GAP,PARTIAL_IMPLEMENTATION,ES-FEAT-PLATFORM-001;ES-FEAT-AI-001;ES-FEAT-IDENTITY-001;ES-FEAT-RELATIONSHIP-001;ES-FEAT-COMMUNICATIONS-001;ES-FEAT-TASKS-001,ARCHITECTURE,DRAFT_CODE_GUIDE,Derived from revised structured row ES-FEAT-AI-010 after independent-review adjudication; evidence tier=KEYWORD_MATCH_ONLY.
CODE_GUIDE_QUEUE,ES-FEAT-AI-011,prompt and output handling,Artificial intelligence,MEDIUM:8,P0,Admin;Barn Manager;Trainer;Staff;Owner;Guardian;Rider,CODE_GUIDE_GAP,PARTIAL_IMPLEMENTATION,ES-FEAT-PLATFORM-001;ES-FEAT-AI-001;ES-FEAT-IDENTITY-001;ES-FEAT-RELATIONSHIP-001;ES-FEAT-COMMUNICATIONS-001;ES-FEAT-TASKS-001;ES-FEAT-HORSE-001;ES-FEAT-CARE-001,ARCHITECTURE,DRAFT_CODE_GUIDE,Derived from revised structured row ES-FEAT-AI-011 after independent-review adjudication; evidence tier=KEYWORD_MATCH_ONLY.
FOUNDER_DECISION_QUEUE,ES-FEAT-AI-011,prompt and output handling,Artificial intelligence,MEDIUM:8,P0,Admin;Barn Manager;Trainer;Staff;Owner;Guardian;Rider,CODE_GUIDE_GAP,PARTIAL_IMPLEMENTATION,ES-FEAT-PLATFORM-001;ES-FEAT-AI-001;ES-FEAT-IDENTITY-001;ES-FEAT-RELATIONSHIP-001;ES-FEAT-COMMUNICATIONS-001;ES-FEAT-TASKS-001;ES-FEAT-HORSE-001;ES-FEAT-CARE-001,ARCHITECTURE,DRAFT_CODE_GUIDE,Derived from revised structured row ES-FEAT-AI-011 after independent-review adjudication; evidence tier=KEYWORD_MATCH_ONLY.
IMPLEMENTATION_VERIFICATION_QUEUE,ES-FEAT-AI-011,prompt and output handling,Artificial intelligence,MEDIUM:8,P0,Admin;Barn Manager;Trainer;Staff;Owner;Guardian;Rider,CODE_GUIDE_GAP,PARTIAL_IMPLEMENTATION,ES-FEAT-PLATFORM-001;ES-FEAT-AI-001;ES-FEAT-IDENTITY-001;ES-FEAT-RELATIONSHIP-001;ES-FEAT-COMMUNICATIONS-001;ES-FEAT-TASKS-001;ES-FEAT-HORSE-001;ES-FEAT-CARE-001,ARCHITECTURE,DRAFT_CODE_GUIDE,Derived from revised structured row ES-FEAT-AI-011 after independent-review adjudication; evidence tier=KEYWORD_MATCH_ONLY.
RUNTIME_VERIFICATION_QUEUE,ES-FEAT-AI-011,prompt and output handling,Artificial intelligence,MEDIUM:8,P0,Admin;Barn Manager;Trainer;Staff;Owner;Guardian;Rider,CODE_GUIDE_GAP,PARTIAL_IMPLEMENTATION,ES-FEAT-PLATFORM-001;ES-FEAT-AI-001;ES-FEAT-IDENTITY-001;ES-FEAT-RELATIONSHIP-001;ES-FEAT-COMMUNICATIONS-001;ES-FEAT-TASKS-001;ES-FEAT-HORSE-001;ES-FEAT-CARE-001,ARCHITECTURE,DRAFT_CODE_GUIDE,Derived from revised structured row ES-FEAT-AI-011 after independent-review adjudication; evidence tier=KEYWORD_MATCH_ONLY.
CODE_GUIDE_QUEUE,ES-FEAT-AI-012,AI provenance,Artificial intelligence,CRITICAL:12,P1,Admin;Barn Manager;Trainer;Staff;Owner;Guardian;Rider,CODE_GUIDE_GAP,DOCUMENTED_ONLY,ES-FEAT-PLATFORM-001;ES-FEAT-AI-001;ES-FEAT-IDENTITY-001;ES-FEAT-RELATIONSHIP-001;ES-FEAT-COMMUNICATIONS-001;ES-FEAT-TASKS-001,ARCHITECTURE,DRAFT_CODE_GUIDE,Derived from revised structured row ES-FEAT-AI-012 after independent-review adjudication; evidence tier=KEYWORD_MATCH_ONLY.
FOUNDER_DECISION_QUEUE,ES-FEAT-AI-012,AI provenance,Artificial intelligence,CRITICAL:12,P1,Admin;Barn Manager;Trainer;Staff;Owner;Guardian;Rider,CODE_GUIDE_GAP,DOCUMENTED_ONLY,ES-FEAT-PLATFORM-001;ES-FEAT-AI-001;ES-FEAT-IDENTITY-001;ES-FEAT-RELATIONSHIP-001;ES-FEAT-COMMUNICATIONS-001;ES-FEAT-TASKS-001,ARCHITECTURE,DRAFT_CODE_GUIDE,Derived from revised structured row ES-FEAT-AI-012 after independent-review adjudication; evidence tier=KEYWORD_MATCH_ONLY.
IMPLEMENTATION_VERIFICATION_QUEUE,ES-FEAT-AI-012,AI provenance,Artificial intelligence,CRITICAL:12,P1,Admin;Barn Manager;Trainer;Staff;Owner;Guardian;Rider,CODE_GUIDE_GAP,DOCUMENTED_ONLY,ES-FEAT-PLATFORM-001;ES-FEAT-AI-001;ES-FEAT-IDENTITY-001;ES-FEAT-RELATIONSHIP-001;ES-FEAT-COMMUNICATIONS-001;ES-FEAT-TASKS-001,ARCHITECTURE,DRAFT_CODE_GUIDE,Derived from revised structured row ES-FEAT-AI-012 after independent-review adjudication; evidence tier=KEYWORD_MATCH_ONLY.
CODE_GUIDE_QUEUE,ES-FEAT-INTEGRATIONS-001,Stripe,Integrations and external providers,HIGH:6,P0,Platform Admin;Facility Owner;Barn Manager;Billing Admin;Support;Owner;Guardian,CODE_GUIDE_GAP,PARTIAL_IMPLEMENTATION,ES-FEAT-PLATFORM-001,ARCHITECTURE,DRAFT_CODE_GUIDE,Derived from revised structured row ES-FEAT-INTEGRATIONS-001 after independent-review adjudication; evidence tier=KEYWORD_MATCH_ONLY.
FOUNDER_DECISION_QUEUE,ES-FEAT-INTEGRATIONS-001,Stripe,Integrations and external providers,HIGH:6,P0,Platform Admin;Facility Owner;Barn Manager;Billing Admin;Support;Owner;Guardian,CODE_GUIDE_GAP,PARTIAL_IMPLEMENTATION,ES-FEAT-PLATFORM-001,ARCHITECTURE,DRAFT_CODE_GUIDE,Derived from revised structured row ES-FEAT-INTEGRATIONS-001 after independent-review adjudication; evidence tier=KEYWORD_MATCH_ONLY.
IMPLEMENTATION_VERIFICATION_QUEUE,ES-FEAT-INTEGRATIONS-001,Stripe,Integrations and external providers,HIGH:6,P0,Platform Admin;Facility Owner;Barn Manager;Billing Admin;Support;Owner;Guardian,CODE_GUIDE_GAP,PARTIAL_IMPLEMENTATION,ES-FEAT-PLATFORM-001,ARCHITECTURE,DRAFT_CODE_GUIDE,Derived from revised structured row ES-FEAT-INTEGRATIONS-001 after independent-review adjudication; evidence tier=KEYWORD_MATCH_ONLY.
RUNTIME_VERIFICATION_QUEUE,ES-FEAT-INTEGRATIONS-001,Stripe,Integrations and external providers,HIGH:6,P0,Platform Admin;Facility Owner;Barn Manager;Billing Admin;Support;Owner;Guardian,CODE_GUIDE_GAP,PARTIAL_IMPLEMENTATION,ES-FEAT-PLATFORM-001,ARCHITECTURE,DRAFT_CODE_GUIDE,Derived from revised structured row ES-FEAT-INTEGRATIONS-001 after independent-review adjudication; evidence tier=KEYWORD_MATCH_ONLY.
CODE_GUIDE_QUEUE,ES-FEAT-INTEGRATIONS-002,QuickBooks,Integrations and external providers,HIGH:9,P1,Platform Admin;Facility Owner;Barn Manager;Billing Admin;Support;Owner;Guardian,CODE_GUIDE_GAP,NOT_FOUND,ES-FEAT-PLATFORM-001;ES-FEAT-INTEGRATIONS-001;ES-FEAT-IDENTITY-001;ES-FEAT-RELATIONSHIP-001;ES-FEAT-FINANCIAL-001;ES-FEAT-COMMUNICATIONS-001;ES-FEAT-TASKS-001;ES-FEAT-HORSE-001;ES-FEAT-CARE-001,ARCHITECTURE,DRAFT_CODE_GUIDE,Derived from revised structured row ES-FEAT-INTEGRATIONS-002 after independent-review adjudication; evidence tier=NOT_FOUND.
FOUNDER_DECISION_QUEUE,ES-FEAT-INTEGRATIONS-002,QuickBooks,Integrations and external providers,HIGH:9,P1,Platform Admin;Facility Owner;Barn Manager;Billing Admin;Support;Owner;Guardian,CODE_GUIDE_GAP,NOT_FOUND,ES-FEAT-PLATFORM-001;ES-FEAT-INTEGRATIONS-001;ES-FEAT-IDENTITY-001;ES-FEAT-RELATIONSHIP-001;ES-FEAT-FINANCIAL-001;ES-FEAT-COMMUNICATIONS-001;ES-FEAT-TASKS-001;ES-FEAT-HORSE-001;ES-FEAT-CARE-001,ARCHITECTURE,DRAFT_CODE_GUIDE,Derived from revised structured row ES-FEAT-INTEGRATIONS-002 after independent-review adjudication; evidence tier=NOT_FOUND.
IMPLEMENTATION_VERIFICATION_QUEUE,ES-FEAT-INTEGRATIONS-002,QuickBooks,Integrations and external providers,HIGH:9,P1,Platform Admin;Facility Owner;Barn Manager;Billing Admin;Support;Owner;Guardian,CODE_GUIDE_GAP,NOT_FOUND,ES-FEAT-PLATFORM-001;ES-FEAT-INTEGRATIONS-001;ES-FEAT-IDENTITY-001;ES-FEAT-RELATIONSHIP-001;ES-FEAT-FINANCIAL-001;ES-FEAT-COMMUNICATIONS-001;ES-FEAT-TASKS-001;ES-FEAT-HORSE-001;ES-FEAT-CARE-001,ARCHITECTURE,DRAFT_CODE_GUIDE,Derived from revised structured row ES-FEAT-INTEGRATIONS-002 after independent-review adjudication; evidence tier=NOT_FOUND.
CODE_GUIDE_QUEUE,ES-FEAT-INTEGRATIONS-003,Google Calendar,Integrations and external providers,HIGH:12,P0,Platform Admin;Facility Owner;Barn Manager;Billing Admin;Support;Owner;Guardian,CODE_GUIDE_GAP,PARTIAL_IMPLEMENTATION,ES-FEAT-PLATFORM-001;ES-FEAT-INTEGRATIONS-001;ES-FEAT-IDENTITY-001;ES-FEAT-RELATIONSHIP-001;ES-FEAT-FINANCIAL-001;ES-FEAT-COMMUNICATIONS-001;ES-FEAT-TASKS-001;ES-FEAT-HORSE-001,ARCHITECTURE,DRAFT_CODE_GUIDE,Derived from revised structured row ES-FEAT-INTEGRATIONS-003 after independent-review adjudication; evidence tier=KEYWORD_MATCH_ONLY.
FOUNDER_DECISION_QUEUE,ES-FEAT-INTEGRATIONS-003,Google Calendar,Integrations and external providers,HIGH:12,P0,Platform Admin;Facility Owner;Barn Manager;Billing Admin;Support;Owner;Guardian,CODE_GUIDE_GAP,PARTIAL_IMPLEMENTATION,ES-FEAT-PLATFORM-001;ES-FEAT-INTEGRATIONS-001;ES-FEAT-IDENTITY-001;ES-FEAT-RELATIONSHIP-001;ES-FEAT-FINANCIAL-001;ES-FEAT-COMMUNICATIONS-001;ES-FEAT-TASKS-001;ES-FEAT-HORSE-001,ARCHITECTURE,DRAFT_CODE_GUIDE,Derived from revised structured row ES-FEAT-INTEGRATIONS-003 after independent-review adjudication; evidence tier=KEYWORD_MATCH_ONLY.
IMPLEMENTATION_VERIFICATION_QUEUE,ES-FEAT-INTEGRATIONS-003,Google Calendar,Integrations and external providers,HIGH:12,P0,Platform Admin;Facility Owner;Barn Manager;Billing Admin;Support;Owner;Guardian,CODE_GUIDE_GAP,PARTIAL_IMPLEMENTATION,ES-FEAT-PLATFORM-001;ES-FEAT-INTEGRATIONS-001;ES-FEAT-IDENTITY-001;ES-FEAT-RELATIONSHIP-001;ES-FEAT-FINANCIAL-001;ES-FEAT-COMMUNICATIONS-001;ES-FEAT-TASKS-001;ES-FEAT-HORSE-001,ARCHITECTURE,DRAFT_CODE_GUIDE,Derived from revised structured row ES-FEAT-INTEGRATIONS-003 after independent-review adjudication; evidence tier=KEYWORD_MATCH_ONLY.
RUNTIME_VERIFICATION_QUEUE,ES-FEAT-INTEGRATIONS-003,Google Calendar,Integrations and external providers,HIGH:12,P0,Platform Admin;Facility Owner;Barn Manager;Billing Admin;Support;Owner;Guardian,CODE_GUIDE_GAP,PARTIAL_IMPLEMENTATION,ES-FEAT-PLATFORM-001;ES-FEAT-INTEGRATIONS-001;ES-FEAT-IDENTITY-001;ES-FEAT-RELATIONSHIP-001;ES-FEAT-FINANCIAL-001;ES-FEAT-COMMUNICATIONS-001;ES-FEAT-TASKS-001;ES-FEAT-HORSE-001,ARCHITECTURE,DRAFT_CODE_GUIDE,Derived from revised structured row ES-FEAT-INTEGRATIONS-003 after independent-review adjudication; evidence tier=KEYWORD_MATCH_ONLY.
CODE_GUIDE_QUEUE,ES-FEAT-INTEGRATIONS-004,Microsoft Calendar,Integrations and external providers,HIGH:9,P1,Platform Admin;Facility Owner;Barn Manager;Billing Admin;Support;Owner;Guardian,CODE_GUIDE_GAP,NOT_FOUND,ES-FEAT-PLATFORM-001;ES-FEAT-INTEGRATIONS-001;ES-FEAT-IDENTITY-001;ES-FEAT-RELATIONSHIP-001;ES-FEAT-FINANCIAL-001;ES-FEAT-COMMUNICATIONS-001;ES-FEAT-TASKS-001;ES-FEAT-HORSE-001,ARCHITECTURE,DRAFT_CODE_GUIDE,Derived from revised structured row ES-FEAT-INTEGRATIONS-004 after independent-review adjudication; evidence tier=NOT_FOUND.
FOUNDER_DECISION_QUEUE,ES-FEAT-INTEGRATIONS-004,Microsoft Calendar,Integrations and external providers,HIGH:9,P1,Platform Admin;Facility Owner;Barn Manager;Billing Admin;Support;Owner;Guardian,CODE_GUIDE_GAP,NOT_FOUND,ES-FEAT-PLATFORM-001;ES-FEAT-INTEGRATIONS-001;ES-FEAT-IDENTITY-001;ES-FEAT-RELATIONSHIP-001;ES-FEAT-FINANCIAL-001;ES-FEAT-COMMUNICATIONS-001;ES-FEAT-TASKS-001;ES-FEAT-HORSE-001,ARCHITECTURE,DRAFT_CODE_GUIDE,Derived from revised structured row ES-FEAT-INTEGRATIONS-004 after independent-review adjudication; evidence tier=NOT_FOUND.
IMPLEMENTATION_VERIFICATION_QUEUE,ES-FEAT-INTEGRATIONS-004,Microsoft Calendar,Integrations and external providers,HIGH:9,P1,Platform Admin;Facility Owner;Barn Manager;Billing Admin;Support;Owner;Guardian,CODE_GUIDE_GAP,NOT_FOUND,ES-FEAT-PLATFORM-001;ES-FEAT-INTEGRATIONS-001;ES-FEAT-IDENTITY-001;ES-FEAT-RELATIONSHIP-001;ES-FEAT-FINANCIAL-001;ES-FEAT-COMMUNICATIONS-001;ES-FEAT-TASKS-001;ES-FEAT-HORSE-001,ARCHITECTURE,DRAFT_CODE_GUIDE,Derived from revised structured row ES-FEAT-INTEGRATIONS-004 after independent-review adjudication; evidence tier=NOT_FOUND.
CODE_GUIDE_QUEUE,ES-FEAT-INTEGRATIONS-005,Apple Calendar or ICS,Integrations and external providers,HIGH:9,P1,Platform Admin;Facility Owner;Barn Manager;Billing Admin;Support;Owner;Guardian,CODE_GUIDE_GAP,NOT_FOUND,ES-FEAT-PLATFORM-001;ES-FEAT-INTEGRATIONS-001;ES-FEAT-IDENTITY-001;ES-FEAT-RELATIONSHIP-001;ES-FEAT-FINANCIAL-001;ES-FEAT-COMMUNICATIONS-001;ES-FEAT-TASKS-001;ES-FEAT-HORSE-001,ARCHITECTURE,DRAFT_CODE_GUIDE,Derived from revised structured row ES-FEAT-INTEGRATIONS-005 after independent-review adjudication; evidence tier=NOT_FOUND.
FOUNDER_DECISION_QUEUE,ES-FEAT-INTEGRATIONS-005,Apple Calendar or ICS,Integrations and external providers,HIGH:9,P1,Platform Admin;Facility Owner;Barn Manager;Billing Admin;Support;Owner;Guardian,CODE_GUIDE_GAP,NOT_FOUND,ES-FEAT-PLATFORM-001;ES-FEAT-INTEGRATIONS-001;ES-FEAT-IDENTITY-001;ES-FEAT-RELATIONSHIP-001;ES-FEAT-FINANCIAL-001;ES-FEAT-COMMUNICATIONS-001;ES-FEAT-TASKS-001;ES-FEAT-HORSE-001,ARCHITECTURE,DRAFT_CODE_GUIDE,Derived from revised structured row ES-FEAT-INTEGRATIONS-005 after independent-review adjudication; evidence tier=NOT_FOUND.
IMPLEMENTATION_VERIFICATION_QUEUE,ES-FEAT-INTEGRATIONS-005,Apple Calendar or ICS,Integrations and external providers,HIGH:9,P1,Platform Admin;Facility Owner;Barn Manager;Billing Admin;Support;Owner;Guardian,CODE_GUIDE_GAP,NOT_FOUND,ES-FEAT-PLATFORM-001;ES-FEAT-INTEGRATIONS-001;ES-FEAT-IDENTITY-001;ES-FEAT-RELATIONSHIP-001;ES-FEAT-FINANCIAL-001;ES-FEAT-COMMUNICATIONS-001;ES-FEAT-TASKS-001;ES-FEAT-HORSE-001,ARCHITECTURE,DRAFT_CODE_GUIDE,Derived from revised structured row ES-FEAT-INTEGRATIONS-005 after independent-review adjudication; evidence tier=NOT_FOUND.
CODE_GUIDE_QUEUE,ES-FEAT-INTEGRATIONS-006,email,Integrations and external providers,CRITICAL:4,P0,Platform Admin;Facility Owner;Barn Manager;Billing Admin;Support;Owner;Guardian,CODE_GUIDE_GAP,PARTIAL_IMPLEMENTATION,ES-FEAT-PLATFORM-001;ES-FEAT-INTEGRATIONS-001;ES-FEAT-IDENTITY-001;ES-FEAT-RELATIONSHIP-001;ES-FEAT-FINANCIAL-001;ES-FEAT-COMMUNICATIONS-001;ES-FEAT-TASKS-001,ARCHITECTURE,DRAFT_CODE_GUIDE,Derived from revised structured row ES-FEAT-INTEGRATIONS-006 after independent-review adjudication; evidence tier=KEYWORD_MATCH_ONLY.
FOUNDER_DECISION_QUEUE,ES-FEAT-INTEGRATIONS-006,email,Integrations and external providers,CRITICAL:4,P0,Platform Admin;Facility Owner;Barn Manager;Billing Admin;Support;Owner;Guardian,CODE_GUIDE_GAP,PARTIAL_IMPLEMENTATION,ES-FEAT-PLATFORM-001;ES-FEAT-INTEGRATIONS-001;ES-FEAT-IDENTITY-001;ES-FEAT-RELATIONSHIP-001;ES-FEAT-FINANCIAL-001;ES-FEAT-COMMUNICATIONS-001;ES-FEAT-TASKS-001,ARCHITECTURE,DRAFT_CODE_GUIDE,Derived from revised structured row ES-FEAT-INTEGRATIONS-006 after independent-review adjudication; evidence tier=KEYWORD_MATCH_ONLY.
IMPLEMENTATION_VERIFICATION_QUEUE,ES-FEAT-INTEGRATIONS-006,email,Integrations and external providers,CRITICAL:4,P0,Platform Admin;Facility Owner;Barn Manager;Billing Admin;Support;Owner;Guardian,CODE_GUIDE_GAP,PARTIAL_IMPLEMENTATION,ES-FEAT-PLATFORM-001;ES-FEAT-INTEGRATIONS-001;ES-FEAT-IDENTITY-001;ES-FEAT-RELATIONSHIP-001;ES-FEAT-FINANCIAL-001;ES-FEAT-COMMUNICATIONS-001;ES-FEAT-TASKS-001,ARCHITECTURE,DRAFT_CODE_GUIDE,Derived from revised structured row ES-FEAT-INTEGRATIONS-006 after independent-review adjudication; evidence tier=KEYWORD_MATCH_ONLY.
RUNTIME_VERIFICATION_QUEUE,ES-FEAT-INTEGRATIONS-006,email,Integrations and external providers,CRITICAL:4,P0,Platform Admin;Facility Owner;Barn Manager;Billing Admin;Support;Owner;Guardian,CODE_GUIDE_GAP,PARTIAL_IMPLEMENTATION,ES-FEAT-PLATFORM-001;ES-FEAT-INTEGRATIONS-001;ES-FEAT-IDENTITY-001;ES-FEAT-RELATIONSHIP-001;ES-FEAT-FINANCIAL-001;ES-FEAT-COMMUNICATIONS-001;ES-FEAT-TASKS-001,ARCHITECTURE,DRAFT_CODE_GUIDE,Derived from revised structured row ES-FEAT-INTEGRATIONS-006 after independent-review adjudication; evidence tier=KEYWORD_MATCH_ONLY.
CODE_GUIDE_QUEUE,ES-FEAT-INTEGRATIONS-007,SMS,Integrations and external providers,HIGH:9,P1,Platform Admin;Facility Owner;Barn Manager;Billing Admin;Support;Owner;Guardian,CODE_GUIDE_GAP,NOT_FOUND,ES-FEAT-PLATFORM-001;ES-FEAT-INTEGRATIONS-001;ES-FEAT-IDENTITY-001;ES-FEAT-RELATIONSHIP-001;ES-FEAT-FINANCIAL-001;ES-FEAT-COMMUNICATIONS-001;ES-FEAT-TASKS-001;ES-FEAT-HORSE-001;ES-FEAT-CARE-001,ARCHITECTURE,DRAFT_CODE_GUIDE,Derived from revised structured row ES-FEAT-INTEGRATIONS-007 after independent-review adjudication; evidence tier=NOT_FOUND.
FOUNDER_DECISION_QUEUE,ES-FEAT-INTEGRATIONS-007,SMS,Integrations and external providers,HIGH:9,P1,Platform Admin;Facility Owner;Barn Manager;Billing Admin;Support;Owner;Guardian,CODE_GUIDE_GAP,NOT_FOUND,ES-FEAT-PLATFORM-001;ES-FEAT-INTEGRATIONS-001;ES-FEAT-IDENTITY-001;ES-FEAT-RELATIONSHIP-001;ES-FEAT-FINANCIAL-001;ES-FEAT-COMMUNICATIONS-001;ES-FEAT-TASKS-001;ES-FEAT-HORSE-001;ES-FEAT-CARE-001,ARCHITECTURE,DRAFT_CODE_GUIDE,Derived from revised structured row ES-FEAT-INTEGRATIONS-007 after independent-review adjudication; evidence tier=NOT_FOUND.
IMPLEMENTATION_VERIFICATION_QUEUE,ES-FEAT-INTEGRATIONS-007,SMS,Integrations and external providers,HIGH:9,P1,Platform Admin;Facility Owner;Barn Manager;Billing Admin;Support;Owner;Guardian,CODE_GUIDE_GAP,NOT_FOUND,ES-FEAT-PLATFORM-001;ES-FEAT-INTEGRATIONS-001;ES-FEAT-IDENTITY-001;ES-FEAT-RELATIONSHIP-001;ES-FEAT-FINANCIAL-001;ES-FEAT-COMMUNICATIONS-001;ES-FEAT-TASKS-001;ES-FEAT-HORSE-001;ES-FEAT-CARE-001,ARCHITECTURE,DRAFT_CODE_GUIDE,Derived from revised structured row ES-FEAT-INTEGRATIONS-007 after independent-review adjudication; evidence tier=NOT_FOUND.
CODE_GUIDE_QUEUE,ES-FEAT-INTEGRATIONS-008,push notifications,Integrations and external providers,HIGH:9,P1,Platform Admin;Facility Owner;Barn Manager;Billing Admin;Support;Owner;Guardian,CODE_GUIDE_GAP,NOT_FOUND,ES-FEAT-PLATFORM-001;ES-FEAT-INTEGRATIONS-001;ES-FEAT-IDENTITY-001;ES-FEAT-RELATIONSHIP-001;ES-FEAT-FINANCIAL-001;ES-FEAT-COMMUNICATIONS-001;ES-FEAT-TASKS-001;ES-FEAT-HORSE-001,ARCHITECTURE,DRAFT_CODE_GUIDE,Derived from revised structured row ES-FEAT-INTEGRATIONS-008 after independent-review adjudication; evidence tier=NOT_FOUND.
FOUNDER_DECISION_QUEUE,ES-FEAT-INTEGRATIONS-008,push notifications,Integrations and external providers,HIGH:9,P1,Platform Admin;Facility Owner;Barn Manager;Billing Admin;Support;Owner;Guardian,CODE_GUIDE_GAP,NOT_FOUND,ES-FEAT-PLATFORM-001;ES-FEAT-INTEGRATIONS-001;ES-FEAT-IDENTITY-001;ES-FEAT-RELATIONSHIP-001;ES-FEAT-FINANCIAL-001;ES-FEAT-COMMUNICATIONS-001;ES-FEAT-TASKS-001;ES-FEAT-HORSE-001,ARCHITECTURE,DRAFT_CODE_GUIDE,Derived from revised structured row ES-FEAT-INTEGRATIONS-008 after independent-review adjudication; evidence tier=NOT_FOUND.
IMPLEMENTATION_VERIFICATION_QUEUE,ES-FEAT-INTEGRATIONS-008,push notifications,Integrations and external providers,HIGH:9,P1,Platform Admin;Facility Owner;Barn Manager;Billing Admin;Support;Owner;Guardian,CODE_GUIDE_GAP,NOT_FOUND,ES-FEAT-PLATFORM-001;ES-FEAT-INTEGRATIONS-001;ES-FEAT-IDENTITY-001;ES-FEAT-RELATIONSHIP-001;ES-FEAT-FINANCIAL-001;ES-FEAT-COMMUNICATIONS-001;ES-FEAT-TASKS-001;ES-FEAT-HORSE-001,ARCHITECTURE,DRAFT_CODE_GUIDE,Derived from revised structured row ES-FEAT-INTEGRATIONS-008 after independent-review adjudication; evidence tier=NOT_FOUND.
CODE_GUIDE_QUEUE,ES-FEAT-INTEGRATIONS-009,electronic-signature providers,Integrations and external providers,HIGH:6,P0,Platform Admin;Facility Owner;Barn Manager;Billing Admin;Support;Owner;Guardian,CODE_GUIDE_GAP,PARTIAL_IMPLEMENTATION,ES-FEAT-PLATFORM-001;ES-FEAT-INTEGRATIONS-001;ES-FEAT-IDENTITY-001;ES-FEAT-RELATIONSHIP-001;ES-FEAT-FINANCIAL-001;ES-FEAT-COMMUNICATIONS-001;ES-FEAT-TASKS-001;ES-FEAT-HORSE-001;ES-FEAT-CARE-001,ARCHITECTURE,DRAFT_CODE_GUIDE,Derived from revised structured row ES-FEAT-INTEGRATIONS-009 after independent-review adjudication; evidence tier=KEYWORD_MATCH_ONLY.
FOUNDER_DECISION_QUEUE,ES-FEAT-INTEGRATIONS-009,electronic-signature providers,Integrations and external providers,HIGH:6,P0,Platform Admin;Facility Owner;Barn Manager;Billing Admin;Support;Owner;Guardian,CODE_GUIDE_GAP,PARTIAL_IMPLEMENTATION,ES-FEAT-PLATFORM-001;ES-FEAT-INTEGRATIONS-001;ES-FEAT-IDENTITY-001;ES-FEAT-RELATIONSHIP-001;ES-FEAT-FINANCIAL-001;ES-FEAT-COMMUNICATIONS-001;ES-FEAT-TASKS-001;ES-FEAT-HORSE-001;ES-FEAT-CARE-001,ARCHITECTURE,DRAFT_CODE_GUIDE,Derived from revised structured row ES-FEAT-INTEGRATIONS-009 after independent-review adjudication; evidence tier=KEYWORD_MATCH_ONLY.
IMPLEMENTATION_VERIFICATION_QUEUE,ES-FEAT-INTEGRATIONS-009,electronic-signature providers,Integrations and external providers,HIGH:6,P0,Platform Admin;Facility Owner;Barn Manager;Billing Admin;Support;Owner;Guardian,CODE_GUIDE_GAP,PARTIAL_IMPLEMENTATION,ES-FEAT-PLATFORM-001;ES-FEAT-INTEGRATIONS-001;ES-FEAT-IDENTITY-001;ES-FEAT-RELATIONSHIP-001;ES-FEAT-FINANCIAL-001;ES-FEAT-COMMUNICATIONS-001;ES-FEAT-TASKS-001;ES-FEAT-HORSE-001;ES-FEAT-CARE-001,ARCHITECTURE,DRAFT_CODE_GUIDE,Derived from revised structured row ES-FEAT-INTEGRATIONS-009 after independent-review adjudication; evidence tier=KEYWORD_MATCH_ONLY.
RUNTIME_VERIFICATION_QUEUE,ES-FEAT-INTEGRATIONS-009,electronic-signature providers,Integrations and external providers,HIGH:6,P0,Platform Admin;Facility Owner;Barn Manager;Billing Admin;Support;Owner;Guardian,CODE_GUIDE_GAP,PARTIAL_IMPLEMENTATION,ES-FEAT-PLATFORM-001;ES-FEAT-INTEGRATIONS-001;ES-FEAT-IDENTITY-001;ES-FEAT-RELATIONSHIP-001;ES-FEAT-FINANCIAL-001;ES-FEAT-COMMUNICATIONS-001;ES-FEAT-TASKS-001;ES-FEAT-HORSE-001;ES-FEAT-CARE-001,ARCHITECTURE,DRAFT_CODE_GUIDE,Derived from revised structured row ES-FEAT-INTEGRATIONS-009 after independent-review adjudication; evidence tier=KEYWORD_MATCH_ONLY.
CODE_GUIDE_QUEUE,ES-FEAT-INTEGRATIONS-010,maps,Integrations and external providers,HIGH:9,P1,Platform Admin;Facility Owner;Barn Manager;Billing Admin;Support;Owner;Guardian,CODE_GUIDE_GAP,NOT_FOUND,ES-FEAT-PLATFORM-001;ES-FEAT-INTEGRATIONS-001;ES-FEAT-IDENTITY-001;ES-FEAT-RELATIONSHIP-001;ES-FEAT-FINANCIAL-001;ES-FEAT-COMMUNICATIONS-001;ES-FEAT-TASKS-001;ES-FEAT-HORSE-001;ES-FEAT-CARE-001,ARCHITECTURE,DRAFT_CODE_GUIDE,Derived from revised structured row ES-FEAT-INTEGRATIONS-010 after independent-review adjudication; evidence tier=NOT_FOUND.
FOUNDER_DECISION_QUEUE,ES-FEAT-INTEGRATIONS-010,maps,Integrations and external providers,HIGH:9,P1,Platform Admin;Facility Owner;Barn Manager;Billing Admin;Support;Owner;Guardian,CODE_GUIDE_GAP,NOT_FOUND,ES-FEAT-PLATFORM-001;ES-FEAT-INTEGRATIONS-001;ES-FEAT-IDENTITY-001;ES-FEAT-RELATIONSHIP-001;ES-FEAT-FINANCIAL-001;ES-FEAT-COMMUNICATIONS-001;ES-FEAT-TASKS-001;ES-FEAT-HORSE-001;ES-FEAT-CARE-001,ARCHITECTURE,DRAFT_CODE_GUIDE,Derived from revised structured row ES-FEAT-INTEGRATIONS-010 after independent-review adjudication; evidence tier=NOT_FOUND.
IMPLEMENTATION_VERIFICATION_QUEUE,ES-FEAT-INTEGRATIONS-010,maps,Integrations and external providers,HIGH:9,P1,Platform Admin;Facility Owner;Barn Manager;Billing Admin;Support;Owner;Guardian,CODE_GUIDE_GAP,NOT_FOUND,ES-FEAT-PLATFORM-001;ES-FEAT-INTEGRATIONS-001;ES-FEAT-IDENTITY-001;ES-FEAT-RELATIONSHIP-001;ES-FEAT-FINANCIAL-001;ES-FEAT-COMMUNICATIONS-001;ES-FEAT-TASKS-001;ES-FEAT-HORSE-001;ES-FEAT-CARE-001,ARCHITECTURE,DRAFT_CODE_GUIDE,Derived from revised structured row ES-FEAT-INTEGRATIONS-010 after independent-review adjudication; evidence tier=NOT_FOUND.
CODE_GUIDE_QUEUE,ES-FEAT-INTEGRATIONS-011,storage,Integrations and external providers,HIGH:12,P0,Platform Admin;Facility Owner;Barn Manager;Billing Admin;Support;Owner;Guardian,CODE_GUIDE_GAP,PARTIAL_IMPLEMENTATION,ES-FEAT-PLATFORM-001;ES-FEAT-INTEGRATIONS-001;ES-FEAT-IDENTITY-001;ES-FEAT-RELATIONSHIP-001;ES-FEAT-FINANCIAL-001;ES-FEAT-COMMUNICATIONS-001;ES-FEAT-TASKS-001;ES-FEAT-HORSE-001;ES-FEAT-CARE-001,ARCHITECTURE,DRAFT_CODE_GUIDE,Derived from revised structured row ES-FEAT-INTEGRATIONS-011 after independent-review adjudication; evidence tier=KEYWORD_MATCH_ONLY.
FOUNDER_DECISION_QUEUE,ES-FEAT-INTEGRATIONS-011,storage,Integrations and external providers,HIGH:12,P0,Platform Admin;Facility Owner;Barn Manager;Billing Admin;Support;Owner;Guardian,CODE_GUIDE_GAP,PARTIAL_IMPLEMENTATION,ES-FEAT-PLATFORM-001;ES-FEAT-INTEGRATIONS-001;ES-FEAT-IDENTITY-001;ES-FEAT-RELATIONSHIP-001;ES-FEAT-FINANCIAL-001;ES-FEAT-COMMUNICATIONS-001;ES-FEAT-TASKS-001;ES-FEAT-HORSE-001;ES-FEAT-CARE-001,ARCHITECTURE,DRAFT_CODE_GUIDE,Derived from revised structured row ES-FEAT-INTEGRATIONS-011 after independent-review adjudication; evidence tier=KEYWORD_MATCH_ONLY.
IMPLEMENTATION_VERIFICATION_QUEUE,ES-FEAT-INTEGRATIONS-011,storage,Integrations and external providers,HIGH:12,P0,Platform Admin;Facility Owner;Barn Manager;Billing Admin;Support;Owner;Guardian,CODE_GUIDE_GAP,PARTIAL_IMPLEMENTATION,ES-FEAT-PLATFORM-001;ES-FEAT-INTEGRATIONS-001;ES-FEAT-IDENTITY-001;ES-FEAT-RELATIONSHIP-001;ES-FEAT-FINANCIAL-001;ES-FEAT-COMMUNICATIONS-001;ES-FEAT-TASKS-001;ES-FEAT-HORSE-001;ES-FEAT-CARE-001,ARCHITECTURE,DRAFT_CODE_GUIDE,Derived from revised structured row ES-FEAT-INTEGRATIONS-011 after independent-review adjudication; evidence tier=KEYWORD_MATCH_ONLY.
RUNTIME_VERIFICATION_QUEUE,ES-FEAT-INTEGRATIONS-011,storage,Integrations and external providers,HIGH:12,P0,Platform Admin;Facility Owner;Barn Manager;Billing Admin;Support;Owner;Guardian,CODE_GUIDE_GAP,PARTIAL_IMPLEMENTATION,ES-FEAT-PLATFORM-001;ES-FEAT-INTEGRATIONS-001;ES-FEAT-IDENTITY-001;ES-FEAT-RELATIONSHIP-001;ES-FEAT-FINANCIAL-001;ES-FEAT-COMMUNICATIONS-001;ES-FEAT-TASKS-001;ES-FEAT-HORSE-001;ES-FEAT-CARE-001,ARCHITECTURE,DRAFT_CODE_GUIDE,Derived from revised structured row ES-FEAT-INTEGRATIONS-011 after independent-review adjudication; evidence tier=KEYWORD_MATCH_ONLY.
CODE_GUIDE_QUEUE,ES-FEAT-INTEGRATIONS-012,media processing,Integrations and external providers,HIGH:9,P0,Platform Admin;Facility Owner;Barn Manager;Billing Admin;Support;Owner;Guardian,CODE_GUIDE_GAP,PARTIAL_IMPLEMENTATION,ES-FEAT-PLATFORM-001;ES-FEAT-INTEGRATIONS-001;ES-FEAT-IDENTITY-001;ES-FEAT-RELATIONSHIP-001;ES-FEAT-FINANCIAL-001;ES-FEAT-COMMUNICATIONS-001;ES-FEAT-TASKS-001;ES-FEAT-CARE-001,ARCHITECTURE,DRAFT_CODE_GUIDE,Derived from revised structured row ES-FEAT-INTEGRATIONS-012 after independent-review adjudication; evidence tier=KEYWORD_MATCH_ONLY.
FOUNDER_DECISION_QUEUE,ES-FEAT-INTEGRATIONS-012,media processing,Integrations and external providers,HIGH:9,P0,Platform Admin;Facility Owner;Barn Manager;Billing Admin;Support;Owner;Guardian,CODE_GUIDE_GAP,PARTIAL_IMPLEMENTATION,ES-FEAT-PLATFORM-001;ES-FEAT-INTEGRATIONS-001;ES-FEAT-IDENTITY-001;ES-FEAT-RELATIONSHIP-001;ES-FEAT-FINANCIAL-001;ES-FEAT-COMMUNICATIONS-001;ES-FEAT-TASKS-001;ES-FEAT-CARE-001,ARCHITECTURE,DRAFT_CODE_GUIDE,Derived from revised structured row ES-FEAT-INTEGRATIONS-012 after independent-review adjudication; evidence tier=KEYWORD_MATCH_ONLY.
IMPLEMENTATION_VERIFICATION_QUEUE,ES-FEAT-INTEGRATIONS-012,media processing,Integrations and external providers,HIGH:9,P0,Platform Admin;Facility Owner;Barn Manager;Billing Admin;Support;Owner;Guardian,CODE_GUIDE_GAP,PARTIAL_IMPLEMENTATION,ES-FEAT-PLATFORM-001;ES-FEAT-INTEGRATIONS-001;ES-FEAT-IDENTITY-001;ES-FEAT-RELATIONSHIP-001;ES-FEAT-FINANCIAL-001;ES-FEAT-COMMUNICATIONS-001;ES-FEAT-TASKS-001;ES-FEAT-CARE-001,ARCHITECTURE,DRAFT_CODE_GUIDE,Derived from revised structured row ES-FEAT-INTEGRATIONS-012 after independent-review adjudication; evidence tier=KEYWORD_MATCH_ONLY.
RUNTIME_VERIFICATION_QUEUE,ES-FEAT-INTEGRATIONS-012,media processing,Integrations and external providers,HIGH:9,P0,Platform Admin;Facility Owner;Barn Manager;Billing Admin;Support;Owner;Guardian,CODE_GUIDE_GAP,PARTIAL_IMPLEMENTATION,ES-FEAT-PLATFORM-001;ES-FEAT-INTEGRATIONS-001;ES-FEAT-IDENTITY-001;ES-FEAT-RELATIONSHIP-001;ES-FEAT-FINANCIAL-001;ES-FEAT-COMMUNICATIONS-001;ES-FEAT-TASKS-001;ES-FEAT-CARE-001,ARCHITECTURE,DRAFT_CODE_GUIDE,Derived from revised structured row ES-FEAT-INTEGRATIONS-012 after independent-review adjudication; evidence tier=KEYWORD_MATCH_ONLY.
CODE_GUIDE_QUEUE,ES-FEAT-INTEGRATIONS-013,identity providers,Integrations and external providers,HIGH:9,P1,Platform Admin;Facility Owner;Barn Manager;Billing Admin;Support;Owner;Guardian,CODE_GUIDE_GAP,NOT_FOUND,ES-FEAT-PLATFORM-001;ES-FEAT-INTEGRATIONS-001;ES-FEAT-IDENTITY-001;ES-FEAT-RELATIONSHIP-001;ES-FEAT-FINANCIAL-001;ES-FEAT-COMMUNICATIONS-001;ES-FEAT-TASKS-001;ES-FEAT-HORSE-001;ES-FEAT-CARE-001,ARCHITECTURE,DRAFT_CODE_GUIDE,Derived from revised structured row ES-FEAT-INTEGRATIONS-013 after independent-review adjudication; evidence tier=NOT_FOUND.
FOUNDER_DECISION_QUEUE,ES-FEAT-INTEGRATIONS-013,identity providers,Integrations and external providers,HIGH:9,P1,Platform Admin;Facility Owner;Barn Manager;Billing Admin;Support;Owner;Guardian,CODE_GUIDE_GAP,NOT_FOUND,ES-FEAT-PLATFORM-001;ES-FEAT-INTEGRATIONS-001;ES-FEAT-IDENTITY-001;ES-FEAT-RELATIONSHIP-001;ES-FEAT-FINANCIAL-001;ES-FEAT-COMMUNICATIONS-001;ES-FEAT-TASKS-001;ES-FEAT-HORSE-001;ES-FEAT-CARE-001,ARCHITECTURE,DRAFT_CODE_GUIDE,Derived from revised structured row ES-FEAT-INTEGRATIONS-013 after independent-review adjudication; evidence tier=NOT_FOUND.
IMPLEMENTATION_VERIFICATION_QUEUE,ES-FEAT-INTEGRATIONS-013,identity providers,Integrations and external providers,HIGH:9,P1,Platform Admin;Facility Owner;Barn Manager;Billing Admin;Support;Owner;Guardian,CODE_GUIDE_GAP,NOT_FOUND,ES-FEAT-PLATFORM-001;ES-FEAT-INTEGRATIONS-001;ES-FEAT-IDENTITY-001;ES-FEAT-RELATIONSHIP-001;ES-FEAT-FINANCIAL-001;ES-FEAT-COMMUNICATIONS-001;ES-FEAT-TASKS-001;ES-FEAT-HORSE-001;ES-FEAT-CARE-001,ARCHITECTURE,DRAFT_CODE_GUIDE,Derived from revised structured row ES-FEAT-INTEGRATIONS-013 after independent-review adjudication; evidence tier=NOT_FOUND.
CODE_GUIDE_QUEUE,ES-FEAT-INTEGRATIONS-014,accounting imports,Integrations and external providers,HIGH:3,P0,Platform Admin;Facility Owner;Barn Manager;Billing Admin;Support;Owner;Guardian,CODE_GUIDE_GAP,PARTIAL_IMPLEMENTATION,ES-FEAT-PLATFORM-001;ES-FEAT-INTEGRATIONS-001;ES-FEAT-IDENTITY-001;ES-FEAT-RELATIONSHIP-001;ES-FEAT-FINANCIAL-001;ES-FEAT-COMMUNICATIONS-001;ES-FEAT-TASKS-001;ES-FEAT-HORSE-001;ES-FEAT-CARE-001,ARCHITECTURE,DRAFT_CODE_GUIDE,Derived from revised structured row ES-FEAT-INTEGRATIONS-014 after independent-review adjudication; evidence tier=KEYWORD_MATCH_ONLY.
FOUNDER_DECISION_QUEUE,ES-FEAT-INTEGRATIONS-014,accounting imports,Integrations and external providers,HIGH:3,P0,Platform Admin;Facility Owner;Barn Manager;Billing Admin;Support;Owner;Guardian,CODE_GUIDE_GAP,PARTIAL_IMPLEMENTATION,ES-FEAT-PLATFORM-001;ES-FEAT-INTEGRATIONS-001;ES-FEAT-IDENTITY-001;ES-FEAT-RELATIONSHIP-001;ES-FEAT-FINANCIAL-001;ES-FEAT-COMMUNICATIONS-001;ES-FEAT-TASKS-001;ES-FEAT-HORSE-001;ES-FEAT-CARE-001,ARCHITECTURE,DRAFT_CODE_GUIDE,Derived from revised structured row ES-FEAT-INTEGRATIONS-014 after independent-review adjudication; evidence tier=KEYWORD_MATCH_ONLY.
IMPLEMENTATION_VERIFICATION_QUEUE,ES-FEAT-INTEGRATIONS-014,accounting imports,Integrations and external providers,HIGH:3,P0,Platform Admin;Facility Owner;Barn Manager;Billing Admin;Support;Owner;Guardian,CODE_GUIDE_GAP,PARTIAL_IMPLEMENTATION,ES-FEAT-PLATFORM-001;ES-FEAT-INTEGRATIONS-001;ES-FEAT-IDENTITY-001;ES-FEAT-RELATIONSHIP-001;ES-FEAT-FINANCIAL-001;ES-FEAT-COMMUNICATIONS-001;ES-FEAT-TASKS-001;ES-FEAT-HORSE-001;ES-FEAT-CARE-001,ARCHITECTURE,DRAFT_CODE_GUIDE,Derived from revised structured row ES-FEAT-INTEGRATIONS-014 after independent-review adjudication; evidence tier=KEYWORD_MATCH_ONLY.
RUNTIME_VERIFICATION_QUEUE,ES-FEAT-INTEGRATIONS-014,accounting imports,Integrations and external providers,HIGH:3,P0,Platform Admin;Facility Owner;Barn Manager;Billing Admin;Support;Owner;Guardian,CODE_GUIDE_GAP,PARTIAL_IMPLEMENTATION,ES-FEAT-PLATFORM-001;ES-FEAT-INTEGRATIONS-001;ES-FEAT-IDENTITY-001;ES-FEAT-RELATIONSHIP-001;ES-FEAT-FINANCIAL-001;ES-FEAT-COMMUNICATIONS-001;ES-FEAT-TASKS-001;ES-FEAT-HORSE-001;ES-FEAT-CARE-001,ARCHITECTURE,DRAFT_CODE_GUIDE,Derived from revised structured row ES-FEAT-INTEGRATIONS-014 after independent-review adjudication; evidence tier=KEYWORD_MATCH_ONLY.
CODE_GUIDE_QUEUE,ES-FEAT-INTEGRATIONS-015,payment imports,Integrations and external providers,CRITICAL:16,P0,Platform Admin;Facility Owner;Barn Manager;Billing Admin;Support;Owner;Guardian,CODE_GUIDE_GAP,PARTIAL_IMPLEMENTATION,ES-FEAT-PLATFORM-001;ES-FEAT-INTEGRATIONS-001;ES-FEAT-IDENTITY-001;ES-FEAT-RELATIONSHIP-001;ES-FEAT-FINANCIAL-001;ES-FEAT-COMMUNICATIONS-001;ES-FEAT-TASKS-001,ARCHITECTURE,DRAFT_CODE_GUIDE,Derived from revised structured row ES-FEAT-INTEGRATIONS-015 after independent-review adjudication; evidence tier=KEYWORD_MATCH_ONLY.
FOUNDER_DECISION_QUEUE,ES-FEAT-INTEGRATIONS-015,payment imports,Integrations and external providers,CRITICAL:16,P0,Platform Admin;Facility Owner;Barn Manager;Billing Admin;Support;Owner;Guardian,CODE_GUIDE_GAP,PARTIAL_IMPLEMENTATION,ES-FEAT-PLATFORM-001;ES-FEAT-INTEGRATIONS-001;ES-FEAT-IDENTITY-001;ES-FEAT-RELATIONSHIP-001;ES-FEAT-FINANCIAL-001;ES-FEAT-COMMUNICATIONS-001;ES-FEAT-TASKS-001,ARCHITECTURE,DRAFT_CODE_GUIDE,Derived from revised structured row ES-FEAT-INTEGRATIONS-015 after independent-review adjudication; evidence tier=KEYWORD_MATCH_ONLY.
IMPLEMENTATION_VERIFICATION_QUEUE,ES-FEAT-INTEGRATIONS-015,payment imports,Integrations and external providers,CRITICAL:16,P0,Platform Admin;Facility Owner;Barn Manager;Billing Admin;Support;Owner;Guardian,CODE_GUIDE_GAP,PARTIAL_IMPLEMENTATION,ES-FEAT-PLATFORM-001;ES-FEAT-INTEGRATIONS-001;ES-FEAT-IDENTITY-001;ES-FEAT-RELATIONSHIP-001;ES-FEAT-FINANCIAL-001;ES-FEAT-COMMUNICATIONS-001;ES-FEAT-TASKS-001,ARCHITECTURE,DRAFT_CODE_GUIDE,Derived from revised structured row ES-FEAT-INTEGRATIONS-015 after independent-review adjudication; evidence tier=KEYWORD_MATCH_ONLY.
RUNTIME_VERIFICATION_QUEUE,ES-FEAT-INTEGRATIONS-015,payment imports,Integrations and external providers,CRITICAL:16,P0,Platform Admin;Facility Owner;Barn Manager;Billing Admin;Support;Owner;Guardian,CODE_GUIDE_GAP,PARTIAL_IMPLEMENTATION,ES-FEAT-PLATFORM-001;ES-FEAT-INTEGRATIONS-001;ES-FEAT-IDENTITY-001;ES-FEAT-RELATIONSHIP-001;ES-FEAT-FINANCIAL-001;ES-FEAT-COMMUNICATIONS-001;ES-FEAT-TASKS-001,ARCHITECTURE,DRAFT_CODE_GUIDE,Derived from revised structured row ES-FEAT-INTEGRATIONS-015 after independent-review adjudication; evidence tier=KEYWORD_MATCH_ONLY.
CODE_GUIDE_QUEUE,ES-FEAT-INTEGRATIONS-016,data export,Integrations and external providers,HIGH:9,P0,Platform Admin;Facility Owner;Barn Manager;Billing Admin;Support;Owner;Guardian,CODE_GUIDE_GAP,PARTIAL_IMPLEMENTATION,ES-FEAT-PLATFORM-001;ES-FEAT-INTEGRATIONS-001;ES-FEAT-IDENTITY-001;ES-FEAT-RELATIONSHIP-001;ES-FEAT-FINANCIAL-001;ES-FEAT-COMMUNICATIONS-001;ES-FEAT-TASKS-001,ARCHITECTURE,DRAFT_CODE_GUIDE,Derived from revised structured row ES-FEAT-INTEGRATIONS-016 after independent-review adjudication; evidence tier=KEYWORD_MATCH_ONLY.
FOUNDER_DECISION_QUEUE,ES-FEAT-INTEGRATIONS-016,data export,Integrations and external providers,HIGH:9,P0,Platform Admin;Facility Owner;Barn Manager;Billing Admin;Support;Owner;Guardian,CODE_GUIDE_GAP,PARTIAL_IMPLEMENTATION,ES-FEAT-PLATFORM-001;ES-FEAT-INTEGRATIONS-001;ES-FEAT-IDENTITY-001;ES-FEAT-RELATIONSHIP-001;ES-FEAT-FINANCIAL-001;ES-FEAT-COMMUNICATIONS-001;ES-FEAT-TASKS-001,ARCHITECTURE,DRAFT_CODE_GUIDE,Derived from revised structured row ES-FEAT-INTEGRATIONS-016 after independent-review adjudication; evidence tier=KEYWORD_MATCH_ONLY.
IMPLEMENTATION_VERIFICATION_QUEUE,ES-FEAT-INTEGRATIONS-016,data export,Integrations and external providers,HIGH:9,P0,Platform Admin;Facility Owner;Barn Manager;Billing Admin;Support;Owner;Guardian,CODE_GUIDE_GAP,PARTIAL_IMPLEMENTATION,ES-FEAT-PLATFORM-001;ES-FEAT-INTEGRATIONS-001;ES-FEAT-IDENTITY-001;ES-FEAT-RELATIONSHIP-001;ES-FEAT-FINANCIAL-001;ES-FEAT-COMMUNICATIONS-001;ES-FEAT-TASKS-001,ARCHITECTURE,DRAFT_CODE_GUIDE,Derived from revised structured row ES-FEAT-INTEGRATIONS-016 after independent-review adjudication; evidence tier=KEYWORD_MATCH_ONLY.
RUNTIME_VERIFICATION_QUEUE,ES-FEAT-INTEGRATIONS-016,data export,Integrations and external providers,HIGH:9,P0,Platform Admin;Facility Owner;Barn Manager;Billing Admin;Support;Owner;Guardian,CODE_GUIDE_GAP,PARTIAL_IMPLEMENTATION,ES-FEAT-PLATFORM-001;ES-FEAT-INTEGRATIONS-001;ES-FEAT-IDENTITY-001;ES-FEAT-RELATIONSHIP-001;ES-FEAT-FINANCIAL-001;ES-FEAT-COMMUNICATIONS-001;ES-FEAT-TASKS-001,ARCHITECTURE,DRAFT_CODE_GUIDE,Derived from revised structured row ES-FEAT-INTEGRATIONS-016 after independent-review adjudication; evidence tier=KEYWORD_MATCH_ONLY.
ADR_QUEUE,ES-FEAT-MOBILE-001,native apps,"Mobile, offline, and synchronization",HIGH:9,P2,Barn Manager;Trainer;Staff;Owner;Guardian;Rider;Service Provider,ADR_GAP,NOT_FOUND,ES-FEAT-PLATFORM-001,ARCHITECTURE,DRAFT_ADR,Derived from revised structured row ES-FEAT-MOBILE-001 after independent-review adjudication; evidence tier=NOT_FOUND.
FOUNDER_DECISION_QUEUE,ES-FEAT-MOBILE-001,native apps,"Mobile, offline, and synchronization",HIGH:9,P2,Barn Manager;Trainer;Staff;Owner;Guardian;Rider;Service Provider,ADR_GAP,NOT_FOUND,ES-FEAT-PLATFORM-001,ARCHITECTURE,DRAFT_ADR,Derived from revised structured row ES-FEAT-MOBILE-001 after independent-review adjudication; evidence tier=NOT_FOUND.
IMPLEMENTATION_VERIFICATION_QUEUE,ES-FEAT-MOBILE-001,native apps,"Mobile, offline, and synchronization",HIGH:9,P2,Barn Manager;Trainer;Staff;Owner;Guardian;Rider;Service Provider,ADR_GAP,NOT_FOUND,ES-FEAT-PLATFORM-001,ARCHITECTURE,DRAFT_ADR,Derived from revised structured row ES-FEAT-MOBILE-001 after independent-review adjudication; evidence tier=NOT_FOUND.
ADR_QUEUE,ES-FEAT-MOBILE-002,PWA,"Mobile, offline, and synchronization",HIGH:3,P1,Barn Manager;Trainer;Staff;Owner;Guardian;Rider;Service Provider,ADR_GAP,PARTIAL_IMPLEMENTATION,ES-FEAT-PLATFORM-001;ES-FEAT-MOBILE-001;ES-FEAT-IDENTITY-001;ES-FEAT-RELATIONSHIP-001;ES-FEAT-COMMUNICATIONS-001;ES-FEAT-TASKS-001,ARCHITECTURE,DRAFT_ADR,Derived from revised structured row ES-FEAT-MOBILE-002 after independent-review adjudication; evidence tier=KEYWORD_MATCH_ONLY.
FOUNDER_DECISION_QUEUE,ES-FEAT-MOBILE-002,PWA,"Mobile, offline, and synchronization",HIGH:3,P1,Barn Manager;Trainer;Staff;Owner;Guardian;Rider;Service Provider,ADR_GAP,PARTIAL_IMPLEMENTATION,ES-FEAT-PLATFORM-001;ES-FEAT-MOBILE-001;ES-FEAT-IDENTITY-001;ES-FEAT-RELATIONSHIP-001;ES-FEAT-COMMUNICATIONS-001;ES-FEAT-TASKS-001,ARCHITECTURE,DRAFT_ADR,Derived from revised structured row ES-FEAT-MOBILE-002 after independent-review adjudication; evidence tier=KEYWORD_MATCH_ONLY.
IMPLEMENTATION_VERIFICATION_QUEUE,ES-FEAT-MOBILE-002,PWA,"Mobile, offline, and synchronization",HIGH:3,P1,Barn Manager;Trainer;Staff;Owner;Guardian;Rider;Service Provider,ADR_GAP,PARTIAL_IMPLEMENTATION,ES-FEAT-PLATFORM-001;ES-FEAT-MOBILE-001;ES-FEAT-IDENTITY-001;ES-FEAT-RELATIONSHIP-001;ES-FEAT-COMMUNICATIONS-001;ES-FEAT-TASKS-001,ARCHITECTURE,DRAFT_ADR,Derived from revised structured row ES-FEAT-MOBILE-002 after independent-review adjudication; evidence tier=KEYWORD_MATCH_ONLY.
RUNTIME_VERIFICATION_QUEUE,ES-FEAT-MOBILE-002,PWA,"Mobile, offline, and synchronization",HIGH:3,P1,Barn Manager;Trainer;Staff;Owner;Guardian;Rider;Service Provider,ADR_GAP,PARTIAL_IMPLEMENTATION,ES-FEAT-PLATFORM-001;ES-FEAT-MOBILE-001;ES-FEAT-IDENTITY-001;ES-FEAT-RELATIONSHIP-001;ES-FEAT-COMMUNICATIONS-001;ES-FEAT-TASKS-001,ARCHITECTURE,DRAFT_ADR,Derived from revised structured row ES-FEAT-MOBILE-002 after independent-review adjudication; evidence tier=KEYWORD_MATCH_ONLY.
ADR_QUEUE,ES-FEAT-MOBILE-003,local storage,"Mobile, offline, and synchronization",HIGH:12,P1,Barn Manager;Trainer;Staff;Owner;Guardian;Rider;Service Provider,ADR_GAP,PARTIAL_IMPLEMENTATION,ES-FEAT-PLATFORM-001;ES-FEAT-MOBILE-001;ES-FEAT-IDENTITY-001;ES-FEAT-RELATIONSHIP-001;ES-FEAT-COMMUNICATIONS-001;ES-FEAT-TASKS-001,ARCHITECTURE,DRAFT_ADR,Derived from revised structured row ES-FEAT-MOBILE-003 after independent-review adjudication; evidence tier=KEYWORD_MATCH_ONLY.
FOUNDER_DECISION_QUEUE,ES-FEAT-MOBILE-003,local storage,"Mobile, offline, and synchronization",HIGH:12,P1,Barn Manager;Trainer;Staff;Owner;Guardian;Rider;Service Provider,ADR_GAP,PARTIAL_IMPLEMENTATION,ES-FEAT-PLATFORM-001;ES-FEAT-MOBILE-001;ES-FEAT-IDENTITY-001;ES-FEAT-RELATIONSHIP-001;ES-FEAT-COMMUNICATIONS-001;ES-FEAT-TASKS-001,ARCHITECTURE,DRAFT_ADR,Derived from revised structured row ES-FEAT-MOBILE-003 after independent-review adjudication; evidence tier=KEYWORD_MATCH_ONLY.
IMPLEMENTATION_VERIFICATION_QUEUE,ES-FEAT-MOBILE-003,local storage,"Mobile, offline, and synchronization",HIGH:12,P1,Barn Manager;Trainer;Staff;Owner;Guardian;Rider;Service Provider,ADR_GAP,PARTIAL_IMPLEMENTATION,ES-FEAT-PLATFORM-001;ES-FEAT-MOBILE-001;ES-FEAT-IDENTITY-001;ES-FEAT-RELATIONSHIP-001;ES-FEAT-COMMUNICATIONS-001;ES-FEAT-TASKS-001,ARCHITECTURE,DRAFT_ADR,Derived from revised structured row ES-FEAT-MOBILE-003 after independent-review adjudication; evidence tier=KEYWORD_MATCH_ONLY.
RUNTIME_VERIFICATION_QUEUE,ES-FEAT-MOBILE-003,local storage,"Mobile, offline, and synchronization",HIGH:12,P1,Barn Manager;Trainer;Staff;Owner;Guardian;Rider;Service Provider,ADR_GAP,PARTIAL_IMPLEMENTATION,ES-FEAT-PLATFORM-001;ES-FEAT-MOBILE-001;ES-FEAT-IDENTITY-001;ES-FEAT-RELATIONSHIP-001;ES-FEAT-COMMUNICATIONS-001;ES-FEAT-TASKS-001,ARCHITECTURE,DRAFT_ADR,Derived from revised structured row ES-FEAT-MOBILE-003 after independent-review adjudication; evidence tier=KEYWORD_MATCH_ONLY.
ADR_QUEUE,ES-FEAT-MOBILE-004,offline task work,"Mobile, offline, and synchronization",HIGH:9,P1,Barn Manager;Trainer;Staff;Owner;Guardian;Rider;Service Provider,ADR_GAP,PARTIAL_IMPLEMENTATION,ES-FEAT-PLATFORM-001;ES-FEAT-MOBILE-001;ES-FEAT-IDENTITY-001;ES-FEAT-RELATIONSHIP-001;ES-FEAT-COMMUNICATIONS-001;ES-FEAT-TASKS-001,ARCHITECTURE,DRAFT_ADR,Derived from revised structured row ES-FEAT-MOBILE-004 after independent-review adjudication; evidence tier=KEYWORD_MATCH_ONLY.
FOUNDER_DECISION_QUEUE,ES-FEAT-MOBILE-004,offline task work,"Mobile, offline, and synchronization",HIGH:9,P1,Barn Manager;Trainer;Staff;Owner;Guardian;Rider;Service Provider,ADR_GAP,PARTIAL_IMPLEMENTATION,ES-FEAT-PLATFORM-001;ES-FEAT-MOBILE-001;ES-FEAT-IDENTITY-001;ES-FEAT-RELATIONSHIP-001;ES-FEAT-COMMUNICATIONS-001;ES-FEAT-TASKS-001,ARCHITECTURE,DRAFT_ADR,Derived from revised structured row ES-FEAT-MOBILE-004 after independent-review adjudication; evidence tier=KEYWORD_MATCH_ONLY.
IMPLEMENTATION_VERIFICATION_QUEUE,ES-FEAT-MOBILE-004,offline task work,"Mobile, offline, and synchronization",HIGH:9,P1,Barn Manager;Trainer;Staff;Owner;Guardian;Rider;Service Provider,ADR_GAP,PARTIAL_IMPLEMENTATION,ES-FEAT-PLATFORM-001;ES-FEAT-MOBILE-001;ES-FEAT-IDENTITY-001;ES-FEAT-RELATIONSHIP-001;ES-FEAT-COMMUNICATIONS-001;ES-FEAT-TASKS-001,ARCHITECTURE,DRAFT_ADR,Derived from revised structured row ES-FEAT-MOBILE-004 after independent-review adjudication; evidence tier=KEYWORD_MATCH_ONLY.
RUNTIME_VERIFICATION_QUEUE,ES-FEAT-MOBILE-004,offline task work,"Mobile, offline, and synchronization",HIGH:9,P1,Barn Manager;Trainer;Staff;Owner;Guardian;Rider;Service Provider,ADR_GAP,PARTIAL_IMPLEMENTATION,ES-FEAT-PLATFORM-001;ES-FEAT-MOBILE-001;ES-FEAT-IDENTITY-001;ES-FEAT-RELATIONSHIP-001;ES-FEAT-COMMUNICATIONS-001;ES-FEAT-TASKS-001,ARCHITECTURE,DRAFT_ADR,Derived from revised structured row ES-FEAT-MOBILE-004 after independent-review adjudication; evidence tier=KEYWORD_MATCH_ONLY.
ADR_QUEUE,ES-FEAT-MOBILE-005,offline care work,"Mobile, offline, and synchronization",HIGH:6,P1,Barn Manager;Trainer;Staff;Owner;Guardian;Rider;Service Provider,ADR_GAP,PARTIAL_IMPLEMENTATION,ES-FEAT-PLATFORM-001;ES-FEAT-MOBILE-001;ES-FEAT-IDENTITY-001;ES-FEAT-RELATIONSHIP-001;ES-FEAT-COMMUNICATIONS-001;ES-FEAT-TASKS-001;ES-FEAT-HORSE-001;ES-FEAT-CARE-001,ARCHITECTURE,DRAFT_ADR,Derived from revised structured row ES-FEAT-MOBILE-005 after independent-review adjudication; evidence tier=KEYWORD_MATCH_ONLY.
FOUNDER_DECISION_QUEUE,ES-FEAT-MOBILE-005,offline care work,"Mobile, offline, and synchronization",HIGH:6,P1,Barn Manager;Trainer;Staff;Owner;Guardian;Rider;Service Provider,ADR_GAP,PARTIAL_IMPLEMENTATION,ES-FEAT-PLATFORM-001;ES-FEAT-MOBILE-001;ES-FEAT-IDENTITY-001;ES-FEAT-RELATIONSHIP-001;ES-FEAT-COMMUNICATIONS-001;ES-FEAT-TASKS-001;ES-FEAT-HORSE-001;ES-FEAT-CARE-001,ARCHITECTURE,DRAFT_ADR,Derived from revised structured row ES-FEAT-MOBILE-005 after independent-review adjudication; evidence tier=KEYWORD_MATCH_ONLY.
IMPLEMENTATION_VERIFICATION_QUEUE,ES-FEAT-MOBILE-005,offline care work,"Mobile, offline, and synchronization",HIGH:6,P1,Barn Manager;Trainer;Staff;Owner;Guardian;Rider;Service Provider,ADR_GAP,PARTIAL_IMPLEMENTATION,ES-FEAT-PLATFORM-001;ES-FEAT-MOBILE-001;ES-FEAT-IDENTITY-001;ES-FEAT-RELATIONSHIP-001;ES-FEAT-COMMUNICATIONS-001;ES-FEAT-TASKS-001;ES-FEAT-HORSE-001;ES-FEAT-CARE-001,ARCHITECTURE,DRAFT_ADR,Derived from revised structured row ES-FEAT-MOBILE-005 after independent-review adjudication; evidence tier=KEYWORD_MATCH_ONLY.
RUNTIME_VERIFICATION_QUEUE,ES-FEAT-MOBILE-005,offline care work,"Mobile, offline, and synchronization",HIGH:6,P1,Barn Manager;Trainer;Staff;Owner;Guardian;Rider;Service Provider,ADR_GAP,PARTIAL_IMPLEMENTATION,ES-FEAT-PLATFORM-001;ES-FEAT-MOBILE-001;ES-FEAT-IDENTITY-001;ES-FEAT-RELATIONSHIP-001;ES-FEAT-COMMUNICATIONS-001;ES-FEAT-TASKS-001;ES-FEAT-HORSE-001;ES-FEAT-CARE-001,ARCHITECTURE,DRAFT_ADR,Derived from revised structured row ES-FEAT-MOBILE-005 after independent-review adjudication; evidence tier=KEYWORD_MATCH_ONLY.
ADR_QUEUE,ES-FEAT-MOBILE-006,queued writes,"Mobile, offline, and synchronization",HIGH:3,P1,Barn Manager;Trainer;Staff;Owner;Guardian;Rider;Service Provider,ADR_GAP,PARTIAL_IMPLEMENTATION,ES-FEAT-PLATFORM-001;ES-FEAT-MOBILE-001;ES-FEAT-IDENTITY-001;ES-FEAT-RELATIONSHIP-001;ES-FEAT-FINANCIAL-001;ES-FEAT-COMMUNICATIONS-001;ES-FEAT-TASKS-001;ES-FEAT-HORSE-001,ARCHITECTURE,DRAFT_ADR,Derived from revised structured row ES-FEAT-MOBILE-006 after independent-review adjudication; evidence tier=KEYWORD_MATCH_ONLY.
FOUNDER_DECISION_QUEUE,ES-FEAT-MOBILE-006,queued writes,"Mobile, offline, and synchronization",HIGH:3,P1,Barn Manager;Trainer;Staff;Owner;Guardian;Rider;Service Provider,ADR_GAP,PARTIAL_IMPLEMENTATION,ES-FEAT-PLATFORM-001;ES-FEAT-MOBILE-001;ES-FEAT-IDENTITY-001;ES-FEAT-RELATIONSHIP-001;ES-FEAT-FINANCIAL-001;ES-FEAT-COMMUNICATIONS-001;ES-FEAT-TASKS-001;ES-FEAT-HORSE-001,ARCHITECTURE,DRAFT_ADR,Derived from revised structured row ES-FEAT-MOBILE-006 after independent-review adjudication; evidence tier=KEYWORD_MATCH_ONLY.
IMPLEMENTATION_VERIFICATION_QUEUE,ES-FEAT-MOBILE-006,queued writes,"Mobile, offline, and synchronization",HIGH:3,P1,Barn Manager;Trainer;Staff;Owner;Guardian;Rider;Service Provider,ADR_GAP,PARTIAL_IMPLEMENTATION,ES-FEAT-PLATFORM-001;ES-FEAT-MOBILE-001;ES-FEAT-IDENTITY-001;ES-FEAT-RELATIONSHIP-001;ES-FEAT-FINANCIAL-001;ES-FEAT-COMMUNICATIONS-001;ES-FEAT-TASKS-001;ES-FEAT-HORSE-001,ARCHITECTURE,DRAFT_ADR,Derived from revised structured row ES-FEAT-MOBILE-006 after independent-review adjudication; evidence tier=KEYWORD_MATCH_ONLY.
RUNTIME_VERIFICATION_QUEUE,ES-FEAT-MOBILE-006,queued writes,"Mobile, offline, and synchronization",HIGH:3,P1,Barn Manager;Trainer;Staff;Owner;Guardian;Rider;Service Provider,ADR_GAP,PARTIAL_IMPLEMENTATION,ES-FEAT-PLATFORM-001;ES-FEAT-MOBILE-001;ES-FEAT-IDENTITY-001;ES-FEAT-RELATIONSHIP-001;ES-FEAT-FINANCIAL-001;ES-FEAT-COMMUNICATIONS-001;ES-FEAT-TASKS-001;ES-FEAT-HORSE-001,ARCHITECTURE,DRAFT_ADR,Derived from revised structured row ES-FEAT-MOBILE-006 after independent-review adjudication; evidence tier=KEYWORD_MATCH_ONLY.
ADR_QUEUE,ES-FEAT-MOBILE-007,stale permissions,"Mobile, offline, and synchronization",CRITICAL:16,P1,Barn Manager;Trainer;Staff;Owner;Guardian;Rider;Service Provider,ADR_GAP,PARTIAL_IMPLEMENTATION,ES-FEAT-PLATFORM-001;ES-FEAT-MOBILE-001;ES-FEAT-IDENTITY-001;ES-FEAT-RELATIONSHIP-001;ES-FEAT-FINANCIAL-001;ES-FEAT-COMMUNICATIONS-001;ES-FEAT-TASKS-001,ARCHITECTURE,DRAFT_ADR,Derived from revised structured row ES-FEAT-MOBILE-007 after independent-review adjudication; evidence tier=KEYWORD_MATCH_ONLY.
FOUNDER_DECISION_QUEUE,ES-FEAT-MOBILE-007,stale permissions,"Mobile, offline, and synchronization",CRITICAL:16,P1,Barn Manager;Trainer;Staff;Owner;Guardian;Rider;Service Provider,ADR_GAP,PARTIAL_IMPLEMENTATION,ES-FEAT-PLATFORM-001;ES-FEAT-MOBILE-001;ES-FEAT-IDENTITY-001;ES-FEAT-RELATIONSHIP-001;ES-FEAT-FINANCIAL-001;ES-FEAT-COMMUNICATIONS-001;ES-FEAT-TASKS-001,ARCHITECTURE,DRAFT_ADR,Derived from revised structured row ES-FEAT-MOBILE-007 after independent-review adjudication; evidence tier=KEYWORD_MATCH_ONLY.
IMPLEMENTATION_VERIFICATION_QUEUE,ES-FEAT-MOBILE-007,stale permissions,"Mobile, offline, and synchronization",CRITICAL:16,P1,Barn Manager;Trainer;Staff;Owner;Guardian;Rider;Service Provider,ADR_GAP,PARTIAL_IMPLEMENTATION,ES-FEAT-PLATFORM-001;ES-FEAT-MOBILE-001;ES-FEAT-IDENTITY-001;ES-FEAT-RELATIONSHIP-001;ES-FEAT-FINANCIAL-001;ES-FEAT-COMMUNICATIONS-001;ES-FEAT-TASKS-001,ARCHITECTURE,DRAFT_ADR,Derived from revised structured row ES-FEAT-MOBILE-007 after independent-review adjudication; evidence tier=KEYWORD_MATCH_ONLY.
RUNTIME_VERIFICATION_QUEUE,ES-FEAT-MOBILE-007,stale permissions,"Mobile, offline, and synchronization",CRITICAL:16,P1,Barn Manager;Trainer;Staff;Owner;Guardian;Rider;Service Provider,ADR_GAP,PARTIAL_IMPLEMENTATION,ES-FEAT-PLATFORM-001;ES-FEAT-MOBILE-001;ES-FEAT-IDENTITY-001;ES-FEAT-RELATIONSHIP-001;ES-FEAT-FINANCIAL-001;ES-FEAT-COMMUNICATIONS-001;ES-FEAT-TASKS-001,ARCHITECTURE,DRAFT_ADR,Derived from revised structured row ES-FEAT-MOBILE-007 after independent-review adjudication; evidence tier=KEYWORD_MATCH_ONLY.
ADR_QUEUE,ES-FEAT-MOBILE-008,stale guardian authority,"Mobile, offline, and synchronization",CRITICAL:12,P1,Barn Manager;Trainer;Staff;Owner;Guardian;Rider;Service Provider,ADR_GAP,PARTIAL_IMPLEMENTATION,ES-FEAT-PLATFORM-001;ES-FEAT-MOBILE-001;ES-FEAT-IDENTITY-001;ES-FEAT-RELATIONSHIP-001;ES-FEAT-FINANCIAL-001;ES-FEAT-COMMUNICATIONS-001;ES-FEAT-TASKS-001,ARCHITECTURE,DRAFT_ADR,Derived from revised structured row ES-FEAT-MOBILE-008 after independent-review adjudication; evidence tier=KEYWORD_MATCH_ONLY.
FOUNDER_DECISION_QUEUE,ES-FEAT-MOBILE-008,stale guardian authority,"Mobile, offline, and synchronization",CRITICAL:12,P1,Barn Manager;Trainer;Staff;Owner;Guardian;Rider;Service Provider,ADR_GAP,PARTIAL_IMPLEMENTATION,ES-FEAT-PLATFORM-001;ES-FEAT-MOBILE-001;ES-FEAT-IDENTITY-001;ES-FEAT-RELATIONSHIP-001;ES-FEAT-FINANCIAL-001;ES-FEAT-COMMUNICATIONS-001;ES-FEAT-TASKS-001,ARCHITECTURE,DRAFT_ADR,Derived from revised structured row ES-FEAT-MOBILE-008 after independent-review adjudication; evidence tier=KEYWORD_MATCH_ONLY.
IMPLEMENTATION_VERIFICATION_QUEUE,ES-FEAT-MOBILE-008,stale guardian authority,"Mobile, offline, and synchronization",CRITICAL:12,P1,Barn Manager;Trainer;Staff;Owner;Guardian;Rider;Service Provider,ADR_GAP,PARTIAL_IMPLEMENTATION,ES-FEAT-PLATFORM-001;ES-FEAT-MOBILE-001;ES-FEAT-IDENTITY-001;ES-FEAT-RELATIONSHIP-001;ES-FEAT-FINANCIAL-001;ES-FEAT-COMMUNICATIONS-001;ES-FEAT-TASKS-001,ARCHITECTURE,DRAFT_ADR,Derived from revised structured row ES-FEAT-MOBILE-008 after independent-review adjudication; evidence tier=KEYWORD_MATCH_ONLY.
RUNTIME_VERIFICATION_QUEUE,ES-FEAT-MOBILE-008,stale guardian authority,"Mobile, offline, and synchronization",CRITICAL:12,P1,Barn Manager;Trainer;Staff;Owner;Guardian;Rider;Service Provider,ADR_GAP,PARTIAL_IMPLEMENTATION,ES-FEAT-PLATFORM-001;ES-FEAT-MOBILE-001;ES-FEAT-IDENTITY-001;ES-FEAT-RELATIONSHIP-001;ES-FEAT-FINANCIAL-001;ES-FEAT-COMMUNICATIONS-001;ES-FEAT-TASKS-001,ARCHITECTURE,DRAFT_ADR,Derived from revised structured row ES-FEAT-MOBILE-008 after independent-review adjudication; evidence tier=KEYWORD_MATCH_ONLY.
ADR_QUEUE,ES-FEAT-MOBILE-009,conflict detection,"Mobile, offline, and synchronization",HIGH:6,P1,Barn Manager;Trainer;Staff;Owner;Guardian;Rider;Service Provider,ADR_GAP,PARTIAL_IMPLEMENTATION,ES-FEAT-PLATFORM-001;ES-FEAT-MOBILE-001;ES-FEAT-IDENTITY-001;ES-FEAT-RELATIONSHIP-001;ES-FEAT-COMMUNICATIONS-001;ES-FEAT-TASKS-001,ARCHITECTURE,DRAFT_ADR,Derived from revised structured row ES-FEAT-MOBILE-009 after independent-review adjudication; evidence tier=KEYWORD_MATCH_ONLY.
FOUNDER_DECISION_QUEUE,ES-FEAT-MOBILE-009,conflict detection,"Mobile, offline, and synchronization",HIGH:6,P1,Barn Manager;Trainer;Staff;Owner;Guardian;Rider;Service Provider,ADR_GAP,PARTIAL_IMPLEMENTATION,ES-FEAT-PLATFORM-001;ES-FEAT-MOBILE-001;ES-FEAT-IDENTITY-001;ES-FEAT-RELATIONSHIP-001;ES-FEAT-COMMUNICATIONS-001;ES-FEAT-TASKS-001,ARCHITECTURE,DRAFT_ADR,Derived from revised structured row ES-FEAT-MOBILE-009 after independent-review adjudication; evidence tier=KEYWORD_MATCH_ONLY.
IMPLEMENTATION_VERIFICATION_QUEUE,ES-FEAT-MOBILE-009,conflict detection,"Mobile, offline, and synchronization",HIGH:6,P1,Barn Manager;Trainer;Staff;Owner;Guardian;Rider;Service Provider,ADR_GAP,PARTIAL_IMPLEMENTATION,ES-FEAT-PLATFORM-001;ES-FEAT-MOBILE-001;ES-FEAT-IDENTITY-001;ES-FEAT-RELATIONSHIP-001;ES-FEAT-COMMUNICATIONS-001;ES-FEAT-TASKS-001,ARCHITECTURE,DRAFT_ADR,Derived from revised structured row ES-FEAT-MOBILE-009 after independent-review adjudication; evidence tier=KEYWORD_MATCH_ONLY.
RUNTIME_VERIFICATION_QUEUE,ES-FEAT-MOBILE-009,conflict detection,"Mobile, offline, and synchronization",HIGH:6,P1,Barn Manager;Trainer;Staff;Owner;Guardian;Rider;Service Provider,ADR_GAP,PARTIAL_IMPLEMENTATION,ES-FEAT-PLATFORM-001;ES-FEAT-MOBILE-001;ES-FEAT-IDENTITY-001;ES-FEAT-RELATIONSHIP-001;ES-FEAT-COMMUNICATIONS-001;ES-FEAT-TASKS-001,ARCHITECTURE,DRAFT_ADR,Derived from revised structured row ES-FEAT-MOBILE-009 after independent-review adjudication; evidence tier=KEYWORD_MATCH_ONLY.
ADR_QUEUE,ES-FEAT-MOBILE-010,conflict resolution,"Mobile, offline, and synchronization",HIGH:3,P1,Barn Manager;Trainer;Staff;Owner;Guardian;Rider;Service Provider,ADR_GAP,PARTIAL_IMPLEMENTATION,ES-FEAT-PLATFORM-001;ES-FEAT-MOBILE-001;ES-FEAT-IDENTITY-001;ES-FEAT-RELATIONSHIP-001;ES-FEAT-COMMUNICATIONS-001;ES-FEAT-TASKS-001,ARCHITECTURE,DRAFT_ADR,Derived from revised structured row ES-FEAT-MOBILE-010 after independent-review adjudication; evidence tier=KEYWORD_MATCH_ONLY.
FOUNDER_DECISION_QUEUE,ES-FEAT-MOBILE-010,conflict resolution,"Mobile, offline, and synchronization",HIGH:3,P1,Barn Manager;Trainer;Staff;Owner;Guardian;Rider;Service Provider,ADR_GAP,PARTIAL_IMPLEMENTATION,ES-FEAT-PLATFORM-001;ES-FEAT-MOBILE-001;ES-FEAT-IDENTITY-001;ES-FEAT-RELATIONSHIP-001;ES-FEAT-COMMUNICATIONS-001;ES-FEAT-TASKS-001,ARCHITECTURE,DRAFT_ADR,Derived from revised structured row ES-FEAT-MOBILE-010 after independent-review adjudication; evidence tier=KEYWORD_MATCH_ONLY.
IMPLEMENTATION_VERIFICATION_QUEUE,ES-FEAT-MOBILE-010,conflict resolution,"Mobile, offline, and synchronization",HIGH:3,P1,Barn Manager;Trainer;Staff;Owner;Guardian;Rider;Service Provider,ADR_GAP,PARTIAL_IMPLEMENTATION,ES-FEAT-PLATFORM-001;ES-FEAT-MOBILE-001;ES-FEAT-IDENTITY-001;ES-FEAT-RELATIONSHIP-001;ES-FEAT-COMMUNICATIONS-001;ES-FEAT-TASKS-001,ARCHITECTURE,DRAFT_ADR,Derived from revised structured row ES-FEAT-MOBILE-010 after independent-review adjudication; evidence tier=KEYWORD_MATCH_ONLY.
RUNTIME_VERIFICATION_QUEUE,ES-FEAT-MOBILE-010,conflict resolution,"Mobile, offline, and synchronization",HIGH:3,P1,Barn Manager;Trainer;Staff;Owner;Guardian;Rider;Service Provider,ADR_GAP,PARTIAL_IMPLEMENTATION,ES-FEAT-PLATFORM-001;ES-FEAT-MOBILE-001;ES-FEAT-IDENTITY-001;ES-FEAT-RELATIONSHIP-001;ES-FEAT-COMMUNICATIONS-001;ES-FEAT-TASKS-001,ARCHITECTURE,DRAFT_ADR,Derived from revised structured row ES-FEAT-MOBILE-010 after independent-review adjudication; evidence tier=KEYWORD_MATCH_ONLY.
ADR_QUEUE,ES-FEAT-MOBILE-011,lost devices,"Mobile, offline, and synchronization",HIGH:12,P1,Barn Manager;Trainer;Staff;Owner;Guardian;Rider;Service Provider,ADR_GAP,PARTIAL_IMPLEMENTATION,ES-FEAT-PLATFORM-001;ES-FEAT-MOBILE-001;ES-FEAT-IDENTITY-001;ES-FEAT-RELATIONSHIP-001;ES-FEAT-COMMUNICATIONS-001;ES-FEAT-TASKS-001,ARCHITECTURE,DRAFT_ADR,Derived from revised structured row ES-FEAT-MOBILE-011 after independent-review adjudication; evidence tier=KEYWORD_MATCH_ONLY.
FOUNDER_DECISION_QUEUE,ES-FEAT-MOBILE-011,lost devices,"Mobile, offline, and synchronization",HIGH:12,P1,Barn Manager;Trainer;Staff;Owner;Guardian;Rider;Service Provider,ADR_GAP,PARTIAL_IMPLEMENTATION,ES-FEAT-PLATFORM-001;ES-FEAT-MOBILE-001;ES-FEAT-IDENTITY-001;ES-FEAT-RELATIONSHIP-001;ES-FEAT-COMMUNICATIONS-001;ES-FEAT-TASKS-001,ARCHITECTURE,DRAFT_ADR,Derived from revised structured row ES-FEAT-MOBILE-011 after independent-review adjudication; evidence tier=KEYWORD_MATCH_ONLY.
IMPLEMENTATION_VERIFICATION_QUEUE,ES-FEAT-MOBILE-011,lost devices,"Mobile, offline, and synchronization",HIGH:12,P1,Barn Manager;Trainer;Staff;Owner;Guardian;Rider;Service Provider,ADR_GAP,PARTIAL_IMPLEMENTATION,ES-FEAT-PLATFORM-001;ES-FEAT-MOBILE-001;ES-FEAT-IDENTITY-001;ES-FEAT-RELATIONSHIP-001;ES-FEAT-COMMUNICATIONS-001;ES-FEAT-TASKS-001,ARCHITECTURE,DRAFT_ADR,Derived from revised structured row ES-FEAT-MOBILE-011 after independent-review adjudication; evidence tier=KEYWORD_MATCH_ONLY.
RUNTIME_VERIFICATION_QUEUE,ES-FEAT-MOBILE-011,lost devices,"Mobile, offline, and synchronization",HIGH:12,P1,Barn Manager;Trainer;Staff;Owner;Guardian;Rider;Service Provider,ADR_GAP,PARTIAL_IMPLEMENTATION,ES-FEAT-PLATFORM-001;ES-FEAT-MOBILE-001;ES-FEAT-IDENTITY-001;ES-FEAT-RELATIONSHIP-001;ES-FEAT-COMMUNICATIONS-001;ES-FEAT-TASKS-001,ARCHITECTURE,DRAFT_ADR,Derived from revised structured row ES-FEAT-MOBILE-011 after independent-review adjudication; evidence tier=KEYWORD_MATCH_ONLY.
ADR_QUEUE,ES-FEAT-MOBILE-012,sync visibility,"Mobile, offline, and synchronization",HIGH:9,P1,Barn Manager;Trainer;Staff;Owner;Guardian;Rider;Service Provider,ADR_GAP,PARTIAL_IMPLEMENTATION,ES-FEAT-PLATFORM-001;ES-FEAT-MOBILE-001;ES-FEAT-IDENTITY-001;ES-FEAT-RELATIONSHIP-001;ES-FEAT-COMMUNICATIONS-001;ES-FEAT-TASKS-001;ES-FEAT-HORSE-001,ARCHITECTURE,DRAFT_ADR,Derived from revised structured row ES-FEAT-MOBILE-012 after independent-review adjudication; evidence tier=KEYWORD_MATCH_ONLY.
FOUNDER_DECISION_QUEUE,ES-FEAT-MOBILE-012,sync visibility,"Mobile, offline, and synchronization",HIGH:9,P1,Barn Manager;Trainer;Staff;Owner;Guardian;Rider;Service Provider,ADR_GAP,PARTIAL_IMPLEMENTATION,ES-FEAT-PLATFORM-001;ES-FEAT-MOBILE-001;ES-FEAT-IDENTITY-001;ES-FEAT-RELATIONSHIP-001;ES-FEAT-COMMUNICATIONS-001;ES-FEAT-TASKS-001;ES-FEAT-HORSE-001,ARCHITECTURE,DRAFT_ADR,Derived from revised structured row ES-FEAT-MOBILE-012 after independent-review adjudication; evidence tier=KEYWORD_MATCH_ONLY.
IMPLEMENTATION_VERIFICATION_QUEUE,ES-FEAT-MOBILE-012,sync visibility,"Mobile, offline, and synchronization",HIGH:9,P1,Barn Manager;Trainer;Staff;Owner;Guardian;Rider;Service Provider,ADR_GAP,PARTIAL_IMPLEMENTATION,ES-FEAT-PLATFORM-001;ES-FEAT-MOBILE-001;ES-FEAT-IDENTITY-001;ES-FEAT-RELATIONSHIP-001;ES-FEAT-COMMUNICATIONS-001;ES-FEAT-TASKS-001;ES-FEAT-HORSE-001,ARCHITECTURE,DRAFT_ADR,Derived from revised structured row ES-FEAT-MOBILE-012 after independent-review adjudication; evidence tier=KEYWORD_MATCH_ONLY.
RUNTIME_VERIFICATION_QUEUE,ES-FEAT-MOBILE-012,sync visibility,"Mobile, offline, and synchronization",HIGH:9,P1,Barn Manager;Trainer;Staff;Owner;Guardian;Rider;Service Provider,ADR_GAP,PARTIAL_IMPLEMENTATION,ES-FEAT-PLATFORM-001;ES-FEAT-MOBILE-001;ES-FEAT-IDENTITY-001;ES-FEAT-RELATIONSHIP-001;ES-FEAT-COMMUNICATIONS-001;ES-FEAT-TASKS-001;ES-FEAT-HORSE-001,ARCHITECTURE,DRAFT_ADR,Derived from revised structured row ES-FEAT-MOBILE-012 after independent-review adjudication; evidence tier=KEYWORD_MATCH_ONLY.
ADR_QUEUE,ES-FEAT-MOBILE-013,recovery (Mobile),"Mobile, offline, and synchronization",HIGH:6,P1,Barn Manager;Trainer;Staff;Owner;Guardian;Rider;Service Provider,ADR_GAP,PARTIAL_IMPLEMENTATION,ES-FEAT-PLATFORM-001;ES-FEAT-MOBILE-001;ES-FEAT-IDENTITY-001;ES-FEAT-RELATIONSHIP-001;ES-FEAT-COMMUNICATIONS-001;ES-FEAT-TASKS-001,ARCHITECTURE,DRAFT_ADR,Derived from revised structured row ES-FEAT-MOBILE-013 after independent-review adjudication; evidence tier=KEYWORD_MATCH_ONLY.
FOUNDER_DECISION_QUEUE,ES-FEAT-MOBILE-013,recovery (Mobile),"Mobile, offline, and synchronization",HIGH:6,P1,Barn Manager;Trainer;Staff;Owner;Guardian;Rider;Service Provider,ADR_GAP,PARTIAL_IMPLEMENTATION,ES-FEAT-PLATFORM-001;ES-FEAT-MOBILE-001;ES-FEAT-IDENTITY-001;ES-FEAT-RELATIONSHIP-001;ES-FEAT-COMMUNICATIONS-001;ES-FEAT-TASKS-001,ARCHITECTURE,DRAFT_ADR,Derived from revised structured row ES-FEAT-MOBILE-013 after independent-review adjudication; evidence tier=KEYWORD_MATCH_ONLY.
IMPLEMENTATION_VERIFICATION_QUEUE,ES-FEAT-MOBILE-013,recovery (Mobile),"Mobile, offline, and synchronization",HIGH:6,P1,Barn Manager;Trainer;Staff;Owner;Guardian;Rider;Service Provider,ADR_GAP,PARTIAL_IMPLEMENTATION,ES-FEAT-PLATFORM-001;ES-FEAT-MOBILE-001;ES-FEAT-IDENTITY-001;ES-FEAT-RELATIONSHIP-001;ES-FEAT-COMMUNICATIONS-001;ES-FEAT-TASKS-001,ARCHITECTURE,DRAFT_ADR,Derived from revised structured row ES-FEAT-MOBILE-013 after independent-review adjudication; evidence tier=KEYWORD_MATCH_ONLY.
RUNTIME_VERIFICATION_QUEUE,ES-FEAT-MOBILE-013,recovery (Mobile),"Mobile, offline, and synchronization",HIGH:6,P1,Barn Manager;Trainer;Staff;Owner;Guardian;Rider;Service Provider,ADR_GAP,PARTIAL_IMPLEMENTATION,ES-FEAT-PLATFORM-001;ES-FEAT-MOBILE-001;ES-FEAT-IDENTITY-001;ES-FEAT-RELATIONSHIP-001;ES-FEAT-COMMUNICATIONS-001;ES-FEAT-TASKS-001,ARCHITECTURE,DRAFT_ADR,Derived from revised structured row ES-FEAT-MOBILE-013 after independent-review adjudication; evidence tier=KEYWORD_MATCH_ONLY.
FOUNDER_DECISION_QUEUE,ES-FEAT-ADMINOPS-001,platform administration,"Administration, support, security, and operations",CRITICAL:4,P1,Platform Admin;Support Admin;Billing Admin;Read Only Auditor;Facility Owner;Barn Manager,RUNBOOK_GAP,IMPLEMENTED_UNVERIFIED,ES-FEAT-PLATFORM-001,OPERATIONS,DRAFT_RUNBOOK,Derived from revised structured row ES-FEAT-ADMINOPS-001 after independent-review adjudication; evidence tier=KEYWORD_MATCH_ONLY.
IMPLEMENTATION_VERIFICATION_QUEUE,ES-FEAT-ADMINOPS-001,platform administration,"Administration, support, security, and operations",CRITICAL:4,P1,Platform Admin;Support Admin;Billing Admin;Read Only Auditor;Facility Owner;Barn Manager,RUNBOOK_GAP,IMPLEMENTED_UNVERIFIED,ES-FEAT-PLATFORM-001,OPERATIONS,DRAFT_RUNBOOK,Derived from revised structured row ES-FEAT-ADMINOPS-001 after independent-review adjudication; evidence tier=KEYWORD_MATCH_ONLY.
RUNBOOK_QUEUE,ES-FEAT-ADMINOPS-001,platform administration,"Administration, support, security, and operations",CRITICAL:4,P1,Platform Admin;Support Admin;Billing Admin;Read Only Auditor;Facility Owner;Barn Manager,RUNBOOK_GAP,IMPLEMENTED_UNVERIFIED,ES-FEAT-PLATFORM-001,OPERATIONS,DRAFT_RUNBOOK,Derived from revised structured row ES-FEAT-ADMINOPS-001 after independent-review adjudication; evidence tier=KEYWORD_MATCH_ONLY.
RUNTIME_VERIFICATION_QUEUE,ES-FEAT-ADMINOPS-001,platform administration,"Administration, support, security, and operations",CRITICAL:4,P1,Platform Admin;Support Admin;Billing Admin;Read Only Auditor;Facility Owner;Barn Manager,RUNBOOK_GAP,IMPLEMENTED_UNVERIFIED,ES-FEAT-PLATFORM-001,OPERATIONS,DRAFT_RUNBOOK,Derived from revised structured row ES-FEAT-ADMINOPS-001 after independent-review adjudication; evidence tier=KEYWORD_MATCH_ONLY.
FOUNDER_DECISION_QUEUE,ES-FEAT-ADMINOPS-002,facility administration,"Administration, support, security, and operations",CRITICAL:16,P1,Platform Admin;Support Admin;Billing Admin;Read Only Auditor;Facility Owner;Barn Manager,RUNBOOK_GAP,IMPLEMENTED_UNVERIFIED,ES-FEAT-PLATFORM-001;ES-FEAT-ADMINOPS-001;ES-FEAT-IDENTITY-001;ES-FEAT-RELATIONSHIP-001;ES-FEAT-FINANCIAL-001;ES-FEAT-COMMUNICATIONS-001;ES-FEAT-TASKS-001;ES-FEAT-CARE-001,OPERATIONS,DRAFT_RUNBOOK,Derived from revised structured row ES-FEAT-ADMINOPS-002 after independent-review adjudication; evidence tier=KEYWORD_MATCH_ONLY.
IMPLEMENTATION_VERIFICATION_QUEUE,ES-FEAT-ADMINOPS-002,facility administration,"Administration, support, security, and operations",CRITICAL:16,P1,Platform Admin;Support Admin;Billing Admin;Read Only Auditor;Facility Owner;Barn Manager,RUNBOOK_GAP,IMPLEMENTED_UNVERIFIED,ES-FEAT-PLATFORM-001;ES-FEAT-ADMINOPS-001;ES-FEAT-IDENTITY-001;ES-FEAT-RELATIONSHIP-001;ES-FEAT-FINANCIAL-001;ES-FEAT-COMMUNICATIONS-001;ES-FEAT-TASKS-001;ES-FEAT-CARE-001,OPERATIONS,DRAFT_RUNBOOK,Derived from revised structured row ES-FEAT-ADMINOPS-002 after independent-review adjudication; evidence tier=KEYWORD_MATCH_ONLY.
RUNBOOK_QUEUE,ES-FEAT-ADMINOPS-002,facility administration,"Administration, support, security, and operations",CRITICAL:16,P1,Platform Admin;Support Admin;Billing Admin;Read Only Auditor;Facility Owner;Barn Manager,RUNBOOK_GAP,IMPLEMENTED_UNVERIFIED,ES-FEAT-PLATFORM-001;ES-FEAT-ADMINOPS-001;ES-FEAT-IDENTITY-001;ES-FEAT-RELATIONSHIP-001;ES-FEAT-FINANCIAL-001;ES-FEAT-COMMUNICATIONS-001;ES-FEAT-TASKS-001;ES-FEAT-CARE-001,OPERATIONS,DRAFT_RUNBOOK,Derived from revised structured row ES-FEAT-ADMINOPS-002 after independent-review adjudication; evidence tier=KEYWORD_MATCH_ONLY.
RUNTIME_VERIFICATION_QUEUE,ES-FEAT-ADMINOPS-002,facility administration,"Administration, support, security, and operations",CRITICAL:16,P1,Platform Admin;Support Admin;Billing Admin;Read Only Auditor;Facility Owner;Barn Manager,RUNBOOK_GAP,IMPLEMENTED_UNVERIFIED,ES-FEAT-PLATFORM-001;ES-FEAT-ADMINOPS-001;ES-FEAT-IDENTITY-001;ES-FEAT-RELATIONSHIP-001;ES-FEAT-FINANCIAL-001;ES-FEAT-COMMUNICATIONS-001;ES-FEAT-TASKS-001;ES-FEAT-CARE-001,OPERATIONS,DRAFT_RUNBOOK,Derived from revised structured row ES-FEAT-ADMINOPS-002 after independent-review adjudication; evidence tier=KEYWORD_MATCH_ONLY.
FOUNDER_DECISION_QUEUE,ES-FEAT-ADMINOPS-003,support tooling,"Administration, support, security, and operations",CRITICAL:12,P1,Platform Admin;Support Admin;Billing Admin;Read Only Auditor;Facility Owner;Barn Manager,RUNBOOK_GAP,IMPLEMENTED_UNVERIFIED,ES-FEAT-PLATFORM-001;ES-FEAT-ADMINOPS-001;ES-FEAT-IDENTITY-001;ES-FEAT-RELATIONSHIP-001;ES-FEAT-FINANCIAL-001;ES-FEAT-COMMUNICATIONS-001;ES-FEAT-TASKS-001;ES-FEAT-CARE-001,OPERATIONS,DRAFT_RUNBOOK,Derived from revised structured row ES-FEAT-ADMINOPS-003 after independent-review adjudication; evidence tier=KEYWORD_MATCH_ONLY.
IMPLEMENTATION_VERIFICATION_QUEUE,ES-FEAT-ADMINOPS-003,support tooling,"Administration, support, security, and operations",CRITICAL:12,P1,Platform Admin;Support Admin;Billing Admin;Read Only Auditor;Facility Owner;Barn Manager,RUNBOOK_GAP,IMPLEMENTED_UNVERIFIED,ES-FEAT-PLATFORM-001;ES-FEAT-ADMINOPS-001;ES-FEAT-IDENTITY-001;ES-FEAT-RELATIONSHIP-001;ES-FEAT-FINANCIAL-001;ES-FEAT-COMMUNICATIONS-001;ES-FEAT-TASKS-001;ES-FEAT-CARE-001,OPERATIONS,DRAFT_RUNBOOK,Derived from revised structured row ES-FEAT-ADMINOPS-003 after independent-review adjudication; evidence tier=KEYWORD_MATCH_ONLY.
RUNBOOK_QUEUE,ES-FEAT-ADMINOPS-003,support tooling,"Administration, support, security, and operations",CRITICAL:12,P1,Platform Admin;Support Admin;Billing Admin;Read Only Auditor;Facility Owner;Barn Manager,RUNBOOK_GAP,IMPLEMENTED_UNVERIFIED,ES-FEAT-PLATFORM-001;ES-FEAT-ADMINOPS-001;ES-FEAT-IDENTITY-001;ES-FEAT-RELATIONSHIP-001;ES-FEAT-FINANCIAL-001;ES-FEAT-COMMUNICATIONS-001;ES-FEAT-TASKS-001;ES-FEAT-CARE-001,OPERATIONS,DRAFT_RUNBOOK,Derived from revised structured row ES-FEAT-ADMINOPS-003 after independent-review adjudication; evidence tier=KEYWORD_MATCH_ONLY.
RUNTIME_VERIFICATION_QUEUE,ES-FEAT-ADMINOPS-003,support tooling,"Administration, support, security, and operations",CRITICAL:12,P1,Platform Admin;Support Admin;Billing Admin;Read Only Auditor;Facility Owner;Barn Manager,RUNBOOK_GAP,IMPLEMENTED_UNVERIFIED,ES-FEAT-PLATFORM-001;ES-FEAT-ADMINOPS-001;ES-FEAT-IDENTITY-001;ES-FEAT-RELATIONSHIP-001;ES-FEAT-FINANCIAL-001;ES-FEAT-COMMUNICATIONS-001;ES-FEAT-TASKS-001;ES-FEAT-CARE-001,OPERATIONS,DRAFT_RUNBOOK,Derived from revised structured row ES-FEAT-ADMINOPS-003 after independent-review adjudication; evidence tier=KEYWORD_MATCH_ONLY.
FOUNDER_DECISION_QUEUE,ES-FEAT-ADMINOPS-004,impersonation,"Administration, support, security, and operations",CRITICAL:8,P1,Platform Admin;Support Admin;Billing Admin;Read Only Auditor;Facility Owner;Barn Manager,RUNBOOK_GAP,IMPLEMENTED_UNVERIFIED,ES-FEAT-PLATFORM-001;ES-FEAT-ADMINOPS-001;ES-FEAT-IDENTITY-001;ES-FEAT-RELATIONSHIP-001;ES-FEAT-FINANCIAL-001;ES-FEAT-COMMUNICATIONS-001;ES-FEAT-TASKS-001;ES-FEAT-CARE-001,OPERATIONS,DRAFT_RUNBOOK,Derived from revised structured row ES-FEAT-ADMINOPS-004 after independent-review adjudication; evidence tier=KEYWORD_MATCH_ONLY.
IMPLEMENTATION_VERIFICATION_QUEUE,ES-FEAT-ADMINOPS-004,impersonation,"Administration, support, security, and operations",CRITICAL:8,P1,Platform Admin;Support Admin;Billing Admin;Read Only Auditor;Facility Owner;Barn Manager,RUNBOOK_GAP,IMPLEMENTED_UNVERIFIED,ES-FEAT-PLATFORM-001;ES-FEAT-ADMINOPS-001;ES-FEAT-IDENTITY-001;ES-FEAT-RELATIONSHIP-001;ES-FEAT-FINANCIAL-001;ES-FEAT-COMMUNICATIONS-001;ES-FEAT-TASKS-001;ES-FEAT-CARE-001,OPERATIONS,DRAFT_RUNBOOK,Derived from revised structured row ES-FEAT-ADMINOPS-004 after independent-review adjudication; evidence tier=KEYWORD_MATCH_ONLY.
RUNBOOK_QUEUE,ES-FEAT-ADMINOPS-004,impersonation,"Administration, support, security, and operations",CRITICAL:8,P1,Platform Admin;Support Admin;Billing Admin;Read Only Auditor;Facility Owner;Barn Manager,RUNBOOK_GAP,IMPLEMENTED_UNVERIFIED,ES-FEAT-PLATFORM-001;ES-FEAT-ADMINOPS-001;ES-FEAT-IDENTITY-001;ES-FEAT-RELATIONSHIP-001;ES-FEAT-FINANCIAL-001;ES-FEAT-COMMUNICATIONS-001;ES-FEAT-TASKS-001;ES-FEAT-CARE-001,OPERATIONS,DRAFT_RUNBOOK,Derived from revised structured row ES-FEAT-ADMINOPS-004 after independent-review adjudication; evidence tier=KEYWORD_MATCH_ONLY.
RUNTIME_VERIFICATION_QUEUE,ES-FEAT-ADMINOPS-004,impersonation,"Administration, support, security, and operations",CRITICAL:8,P1,Platform Admin;Support Admin;Billing Admin;Read Only Auditor;Facility Owner;Barn Manager,RUNBOOK_GAP,IMPLEMENTED_UNVERIFIED,ES-FEAT-PLATFORM-001;ES-FEAT-ADMINOPS-001;ES-FEAT-IDENTITY-001;ES-FEAT-RELATIONSHIP-001;ES-FEAT-FINANCIAL-001;ES-FEAT-COMMUNICATIONS-001;ES-FEAT-TASKS-001;ES-FEAT-CARE-001,OPERATIONS,DRAFT_RUNBOOK,Derived from revised structured row ES-FEAT-ADMINOPS-004 after independent-review adjudication; evidence tier=KEYWORD_MATCH_ONLY.
FOUNDER_DECISION_QUEUE,ES-FEAT-ADMINOPS-005,break-glass access,"Administration, support, security, and operations",CRITICAL:4,P1,Platform Admin;Support Admin;Billing Admin;Read Only Auditor;Facility Owner;Barn Manager,RUNBOOK_GAP,IMPLEMENTED_UNVERIFIED,ES-FEAT-PLATFORM-001;ES-FEAT-ADMINOPS-001;ES-FEAT-IDENTITY-001;ES-FEAT-RELATIONSHIP-001;ES-FEAT-FINANCIAL-001;ES-FEAT-COMMUNICATIONS-001;ES-FEAT-TASKS-001;ES-FEAT-CARE-001,OPERATIONS,DRAFT_RUNBOOK,Derived from revised structured row ES-FEAT-ADMINOPS-005 after independent-review adjudication; evidence tier=KEYWORD_MATCH_ONLY.
IMPLEMENTATION_VERIFICATION_QUEUE,ES-FEAT-ADMINOPS-005,break-glass access,"Administration, support, security, and operations",CRITICAL:4,P1,Platform Admin;Support Admin;Billing Admin;Read Only Auditor;Facility Owner;Barn Manager,RUNBOOK_GAP,IMPLEMENTED_UNVERIFIED,ES-FEAT-PLATFORM-001;ES-FEAT-ADMINOPS-001;ES-FEAT-IDENTITY-001;ES-FEAT-RELATIONSHIP-001;ES-FEAT-FINANCIAL-001;ES-FEAT-COMMUNICATIONS-001;ES-FEAT-TASKS-001;ES-FEAT-CARE-001,OPERATIONS,DRAFT_RUNBOOK,Derived from revised structured row ES-FEAT-ADMINOPS-005 after independent-review adjudication; evidence tier=KEYWORD_MATCH_ONLY.
RUNBOOK_QUEUE,ES-FEAT-ADMINOPS-005,break-glass access,"Administration, support, security, and operations",CRITICAL:4,P1,Platform Admin;Support Admin;Billing Admin;Read Only Auditor;Facility Owner;Barn Manager,RUNBOOK_GAP,IMPLEMENTED_UNVERIFIED,ES-FEAT-PLATFORM-001;ES-FEAT-ADMINOPS-001;ES-FEAT-IDENTITY-001;ES-FEAT-RELATIONSHIP-001;ES-FEAT-FINANCIAL-001;ES-FEAT-COMMUNICATIONS-001;ES-FEAT-TASKS-001;ES-FEAT-CARE-001,OPERATIONS,DRAFT_RUNBOOK,Derived from revised structured row ES-FEAT-ADMINOPS-005 after independent-review adjudication; evidence tier=KEYWORD_MATCH_ONLY.
RUNTIME_VERIFICATION_QUEUE,ES-FEAT-ADMINOPS-005,break-glass access,"Administration, support, security, and operations",CRITICAL:4,P1,Platform Admin;Support Admin;Billing Admin;Read Only Auditor;Facility Owner;Barn Manager,RUNBOOK_GAP,IMPLEMENTED_UNVERIFIED,ES-FEAT-PLATFORM-001;ES-FEAT-ADMINOPS-001;ES-FEAT-IDENTITY-001;ES-FEAT-RELATIONSHIP-001;ES-FEAT-FINANCIAL-001;ES-FEAT-COMMUNICATIONS-001;ES-FEAT-TASKS-001;ES-FEAT-CARE-001,OPERATIONS,DRAFT_RUNBOOK,Derived from revised structured row ES-FEAT-ADMINOPS-005 after independent-review adjudication; evidence tier=KEYWORD_MATCH_ONLY.
FOUNDER_DECISION_QUEUE,ES-FEAT-ADMINOPS-006,monitoring,"Administration, support, security, and operations",CRITICAL:16,P1,Platform Admin;Support Admin;Billing Admin;Read Only Auditor;Facility Owner;Barn Manager,RUNBOOK_GAP,IMPLEMENTED_UNVERIFIED,ES-FEAT-PLATFORM-001;ES-FEAT-ADMINOPS-001;ES-FEAT-IDENTITY-001;ES-FEAT-RELATIONSHIP-001;ES-FEAT-FINANCIAL-001;ES-FEAT-COMMUNICATIONS-001;ES-FEAT-TASKS-001;ES-FEAT-CARE-001,OPERATIONS,DRAFT_RUNBOOK,Derived from revised structured row ES-FEAT-ADMINOPS-006 after independent-review adjudication; evidence tier=KEYWORD_MATCH_ONLY.
IMPLEMENTATION_VERIFICATION_QUEUE,ES-FEAT-ADMINOPS-006,monitoring,"Administration, support, security, and operations",CRITICAL:16,P1,Platform Admin;Support Admin;Billing Admin;Read Only Auditor;Facility Owner;Barn Manager,RUNBOOK_GAP,IMPLEMENTED_UNVERIFIED,ES-FEAT-PLATFORM-001;ES-FEAT-ADMINOPS-001;ES-FEAT-IDENTITY-001;ES-FEAT-RELATIONSHIP-001;ES-FEAT-FINANCIAL-001;ES-FEAT-COMMUNICATIONS-001;ES-FEAT-TASKS-001;ES-FEAT-CARE-001,OPERATIONS,DRAFT_RUNBOOK,Derived from revised structured row ES-FEAT-ADMINOPS-006 after independent-review adjudication; evidence tier=KEYWORD_MATCH_ONLY.
RUNBOOK_QUEUE,ES-FEAT-ADMINOPS-006,monitoring,"Administration, support, security, and operations",CRITICAL:16,P1,Platform Admin;Support Admin;Billing Admin;Read Only Auditor;Facility Owner;Barn Manager,RUNBOOK_GAP,IMPLEMENTED_UNVERIFIED,ES-FEAT-PLATFORM-001;ES-FEAT-ADMINOPS-001;ES-FEAT-IDENTITY-001;ES-FEAT-RELATIONSHIP-001;ES-FEAT-FINANCIAL-001;ES-FEAT-COMMUNICATIONS-001;ES-FEAT-TASKS-001;ES-FEAT-CARE-001,OPERATIONS,DRAFT_RUNBOOK,Derived from revised structured row ES-FEAT-ADMINOPS-006 after independent-review adjudication; evidence tier=KEYWORD_MATCH_ONLY.
RUNTIME_VERIFICATION_QUEUE,ES-FEAT-ADMINOPS-006,monitoring,"Administration, support, security, and operations",CRITICAL:16,P1,Platform Admin;Support Admin;Billing Admin;Read Only Auditor;Facility Owner;Barn Manager,RUNBOOK_GAP,IMPLEMENTED_UNVERIFIED,ES-FEAT-PLATFORM-001;ES-FEAT-ADMINOPS-001;ES-FEAT-IDENTITY-001;ES-FEAT-RELATIONSHIP-001;ES-FEAT-FINANCIAL-001;ES-FEAT-COMMUNICATIONS-001;ES-FEAT-TASKS-001;ES-FEAT-CARE-001,OPERATIONS,DRAFT_RUNBOOK,Derived from revised structured row ES-FEAT-ADMINOPS-006 after independent-review adjudication; evidence tier=KEYWORD_MATCH_ONLY.
FOUNDER_DECISION_QUEUE,ES-FEAT-ADMINOPS-007,audit review,"Administration, support, security, and operations",CRITICAL:12,P1,Platform Admin;Support Admin;Billing Admin;Read Only Auditor;Facility Owner;Barn Manager,RUNBOOK_GAP,IMPLEMENTED_UNVERIFIED,ES-FEAT-PLATFORM-001;ES-FEAT-ADMINOPS-001;ES-FEAT-IDENTITY-001;ES-FEAT-RELATIONSHIP-001;ES-FEAT-FINANCIAL-001;ES-FEAT-COMMUNICATIONS-001;ES-FEAT-TASKS-001;ES-FEAT-CARE-001,OPERATIONS,DRAFT_RUNBOOK,Derived from revised structured row ES-FEAT-ADMINOPS-007 after independent-review adjudication; evidence tier=KEYWORD_MATCH_ONLY.
IMPLEMENTATION_VERIFICATION_QUEUE,ES-FEAT-ADMINOPS-007,audit review,"Administration, support, security, and operations",CRITICAL:12,P1,Platform Admin;Support Admin;Billing Admin;Read Only Auditor;Facility Owner;Barn Manager,RUNBOOK_GAP,IMPLEMENTED_UNVERIFIED,ES-FEAT-PLATFORM-001;ES-FEAT-ADMINOPS-001;ES-FEAT-IDENTITY-001;ES-FEAT-RELATIONSHIP-001;ES-FEAT-FINANCIAL-001;ES-FEAT-COMMUNICATIONS-001;ES-FEAT-TASKS-001;ES-FEAT-CARE-001,OPERATIONS,DRAFT_RUNBOOK,Derived from revised structured row ES-FEAT-ADMINOPS-007 after independent-review adjudication; evidence tier=KEYWORD_MATCH_ONLY.
RUNBOOK_QUEUE,ES-FEAT-ADMINOPS-007,audit review,"Administration, support, security, and operations",CRITICAL:12,P1,Platform Admin;Support Admin;Billing Admin;Read Only Auditor;Facility Owner;Barn Manager,RUNBOOK_GAP,IMPLEMENTED_UNVERIFIED,ES-FEAT-PLATFORM-001;ES-FEAT-ADMINOPS-001;ES-FEAT-IDENTITY-001;ES-FEAT-RELATIONSHIP-001;ES-FEAT-FINANCIAL-001;ES-FEAT-COMMUNICATIONS-001;ES-FEAT-TASKS-001;ES-FEAT-CARE-001,OPERATIONS,DRAFT_RUNBOOK,Derived from revised structured row ES-FEAT-ADMINOPS-007 after independent-review adjudication; evidence tier=KEYWORD_MATCH_ONLY.
RUNTIME_VERIFICATION_QUEUE,ES-FEAT-ADMINOPS-007,audit review,"Administration, support, security, and operations",CRITICAL:12,P1,Platform Admin;Support Admin;Billing Admin;Read Only Auditor;Facility Owner;Barn Manager,RUNBOOK_GAP,IMPLEMENTED_UNVERIFIED,ES-FEAT-PLATFORM-001;ES-FEAT-ADMINOPS-001;ES-FEAT-IDENTITY-001;ES-FEAT-RELATIONSHIP-001;ES-FEAT-FINANCIAL-001;ES-FEAT-COMMUNICATIONS-001;ES-FEAT-TASKS-001;ES-FEAT-CARE-001,OPERATIONS,DRAFT_RUNBOOK,Derived from revised structured row ES-FEAT-ADMINOPS-007 after independent-review adjudication; evidence tier=KEYWORD_MATCH_ONLY.
FOUNDER_DECISION_QUEUE,ES-FEAT-ADMINOPS-008,incident response,"Administration, support, security, and operations",CRITICAL:8,P0,Platform Admin;Support Admin;Billing Admin;Read Only Auditor;Facility Owner;Barn Manager,RUNBOOK_GAP,IMPLEMENTED_UNVERIFIED,ES-FEAT-PLATFORM-001;ES-FEAT-ADMINOPS-001;ES-FEAT-IDENTITY-001;ES-FEAT-RELATIONSHIP-001;ES-FEAT-FINANCIAL-001;ES-FEAT-COMMUNICATIONS-001;ES-FEAT-TASKS-001;ES-FEAT-CARE-001,OPERATIONS,DRAFT_RUNBOOK,Derived from revised structured row ES-FEAT-ADMINOPS-008 after independent-review adjudication; evidence tier=KEYWORD_MATCH_ONLY.
IMPLEMENTATION_VERIFICATION_QUEUE,ES-FEAT-ADMINOPS-008,incident response,"Administration, support, security, and operations",CRITICAL:8,P0,Platform Admin;Support Admin;Billing Admin;Read Only Auditor;Facility Owner;Barn Manager,RUNBOOK_GAP,IMPLEMENTED_UNVERIFIED,ES-FEAT-PLATFORM-001;ES-FEAT-ADMINOPS-001;ES-FEAT-IDENTITY-001;ES-FEAT-RELATIONSHIP-001;ES-FEAT-FINANCIAL-001;ES-FEAT-COMMUNICATIONS-001;ES-FEAT-TASKS-001;ES-FEAT-CARE-001,OPERATIONS,DRAFT_RUNBOOK,Derived from revised structured row ES-FEAT-ADMINOPS-008 after independent-review adjudication; evidence tier=KEYWORD_MATCH_ONLY.
RUNBOOK_QUEUE,ES-FEAT-ADMINOPS-008,incident response,"Administration, support, security, and operations",CRITICAL:8,P0,Platform Admin;Support Admin;Billing Admin;Read Only Auditor;Facility Owner;Barn Manager,RUNBOOK_GAP,IMPLEMENTED_UNVERIFIED,ES-FEAT-PLATFORM-001;ES-FEAT-ADMINOPS-001;ES-FEAT-IDENTITY-001;ES-FEAT-RELATIONSHIP-001;ES-FEAT-FINANCIAL-001;ES-FEAT-COMMUNICATIONS-001;ES-FEAT-TASKS-001;ES-FEAT-CARE-001,OPERATIONS,DRAFT_RUNBOOK,Derived from revised structured row ES-FEAT-ADMINOPS-008 after independent-review adjudication; evidence tier=KEYWORD_MATCH_ONLY.
RUNTIME_VERIFICATION_QUEUE,ES-FEAT-ADMINOPS-008,incident response,"Administration, support, security, and operations",CRITICAL:8,P0,Platform Admin;Support Admin;Billing Admin;Read Only Auditor;Facility Owner;Barn Manager,RUNBOOK_GAP,IMPLEMENTED_UNVERIFIED,ES-FEAT-PLATFORM-001;ES-FEAT-ADMINOPS-001;ES-FEAT-IDENTITY-001;ES-FEAT-RELATIONSHIP-001;ES-FEAT-FINANCIAL-001;ES-FEAT-COMMUNICATIONS-001;ES-FEAT-TASKS-001;ES-FEAT-CARE-001,OPERATIONS,DRAFT_RUNBOOK,Derived from revised structured row ES-FEAT-ADMINOPS-008 after independent-review adjudication; evidence tier=KEYWORD_MATCH_ONLY.
FOUNDER_DECISION_QUEUE,ES-FEAT-ADMINOPS-009,backup,"Administration, support, security, and operations",CRITICAL:4,P1,Platform Admin;Support Admin;Billing Admin;Read Only Auditor;Facility Owner;Barn Manager,RUNBOOK_GAP,IMPLEMENTED_UNVERIFIED,ES-FEAT-PLATFORM-001;ES-FEAT-ADMINOPS-001;ES-FEAT-IDENTITY-001;ES-FEAT-RELATIONSHIP-001;ES-FEAT-FINANCIAL-001;ES-FEAT-COMMUNICATIONS-001;ES-FEAT-TASKS-001;ES-FEAT-CARE-001,OPERATIONS,DRAFT_RUNBOOK,Derived from revised structured row ES-FEAT-ADMINOPS-009 after independent-review adjudication; evidence tier=KEYWORD_MATCH_ONLY.
IMPLEMENTATION_VERIFICATION_QUEUE,ES-FEAT-ADMINOPS-009,backup,"Administration, support, security, and operations",CRITICAL:4,P1,Platform Admin;Support Admin;Billing Admin;Read Only Auditor;Facility Owner;Barn Manager,RUNBOOK_GAP,IMPLEMENTED_UNVERIFIED,ES-FEAT-PLATFORM-001;ES-FEAT-ADMINOPS-001;ES-FEAT-IDENTITY-001;ES-FEAT-RELATIONSHIP-001;ES-FEAT-FINANCIAL-001;ES-FEAT-COMMUNICATIONS-001;ES-FEAT-TASKS-001;ES-FEAT-CARE-001,OPERATIONS,DRAFT_RUNBOOK,Derived from revised structured row ES-FEAT-ADMINOPS-009 after independent-review adjudication; evidence tier=KEYWORD_MATCH_ONLY.
RUNBOOK_QUEUE,ES-FEAT-ADMINOPS-009,backup,"Administration, support, security, and operations",CRITICAL:4,P1,Platform Admin;Support Admin;Billing Admin;Read Only Auditor;Facility Owner;Barn Manager,RUNBOOK_GAP,IMPLEMENTED_UNVERIFIED,ES-FEAT-PLATFORM-001;ES-FEAT-ADMINOPS-001;ES-FEAT-IDENTITY-001;ES-FEAT-RELATIONSHIP-001;ES-FEAT-FINANCIAL-001;ES-FEAT-COMMUNICATIONS-001;ES-FEAT-TASKS-001;ES-FEAT-CARE-001,OPERATIONS,DRAFT_RUNBOOK,Derived from revised structured row ES-FEAT-ADMINOPS-009 after independent-review adjudication; evidence tier=KEYWORD_MATCH_ONLY.
RUNTIME_VERIFICATION_QUEUE,ES-FEAT-ADMINOPS-009,backup,"Administration, support, security, and operations",CRITICAL:4,P1,Platform Admin;Support Admin;Billing Admin;Read Only Auditor;Facility Owner;Barn Manager,RUNBOOK_GAP,IMPLEMENTED_UNVERIFIED,ES-FEAT-PLATFORM-001;ES-FEAT-ADMINOPS-001;ES-FEAT-IDENTITY-001;ES-FEAT-RELATIONSHIP-001;ES-FEAT-FINANCIAL-001;ES-FEAT-COMMUNICATIONS-001;ES-FEAT-TASKS-001;ES-FEAT-CARE-001,OPERATIONS,DRAFT_RUNBOOK,Derived from revised structured row ES-FEAT-ADMINOPS-009 after independent-review adjudication; evidence tier=KEYWORD_MATCH_ONLY.
FOUNDER_DECISION_QUEUE,ES-FEAT-ADMINOPS-010,restore,"Administration, support, security, and operations",CRITICAL:16,P1,Platform Admin;Support Admin;Billing Admin;Read Only Auditor;Facility Owner;Barn Manager,RUNBOOK_GAP,IMPLEMENTED_UNVERIFIED,ES-FEAT-PLATFORM-001;ES-FEAT-ADMINOPS-001;ES-FEAT-IDENTITY-001;ES-FEAT-RELATIONSHIP-001;ES-FEAT-FINANCIAL-001;ES-FEAT-COMMUNICATIONS-001;ES-FEAT-TASKS-001;ES-FEAT-CARE-001,OPERATIONS,DRAFT_RUNBOOK,Derived from revised structured row ES-FEAT-ADMINOPS-010 after independent-review adjudication; evidence tier=KEYWORD_MATCH_ONLY.
IMPLEMENTATION_VERIFICATION_QUEUE,ES-FEAT-ADMINOPS-010,restore,"Administration, support, security, and operations",CRITICAL:16,P1,Platform Admin;Support Admin;Billing Admin;Read Only Auditor;Facility Owner;Barn Manager,RUNBOOK_GAP,IMPLEMENTED_UNVERIFIED,ES-FEAT-PLATFORM-001;ES-FEAT-ADMINOPS-001;ES-FEAT-IDENTITY-001;ES-FEAT-RELATIONSHIP-001;ES-FEAT-FINANCIAL-001;ES-FEAT-COMMUNICATIONS-001;ES-FEAT-TASKS-001;ES-FEAT-CARE-001,OPERATIONS,DRAFT_RUNBOOK,Derived from revised structured row ES-FEAT-ADMINOPS-010 after independent-review adjudication; evidence tier=KEYWORD_MATCH_ONLY.
RUNBOOK_QUEUE,ES-FEAT-ADMINOPS-010,restore,"Administration, support, security, and operations",CRITICAL:16,P1,Platform Admin;Support Admin;Billing Admin;Read Only Auditor;Facility Owner;Barn Manager,RUNBOOK_GAP,IMPLEMENTED_UNVERIFIED,ES-FEAT-PLATFORM-001;ES-FEAT-ADMINOPS-001;ES-FEAT-IDENTITY-001;ES-FEAT-RELATIONSHIP-001;ES-FEAT-FINANCIAL-001;ES-FEAT-COMMUNICATIONS-001;ES-FEAT-TASKS-001;ES-FEAT-CARE-001,OPERATIONS,DRAFT_RUNBOOK,Derived from revised structured row ES-FEAT-ADMINOPS-010 after independent-review adjudication; evidence tier=KEYWORD_MATCH_ONLY.
RUNTIME_VERIFICATION_QUEUE,ES-FEAT-ADMINOPS-010,restore,"Administration, support, security, and operations",CRITICAL:16,P1,Platform Admin;Support Admin;Billing Admin;Read Only Auditor;Facility Owner;Barn Manager,RUNBOOK_GAP,IMPLEMENTED_UNVERIFIED,ES-FEAT-PLATFORM-001;ES-FEAT-ADMINOPS-001;ES-FEAT-IDENTITY-001;ES-FEAT-RELATIONSHIP-001;ES-FEAT-FINANCIAL-001;ES-FEAT-COMMUNICATIONS-001;ES-FEAT-TASKS-001;ES-FEAT-CARE-001,OPERATIONS,DRAFT_RUNBOOK,Derived from revised structured row ES-FEAT-ADMINOPS-010 after independent-review adjudication; evidence tier=KEYWORD_MATCH_ONLY.
FOUNDER_DECISION_QUEUE,ES-FEAT-ADMINOPS-011,rollback,"Administration, support, security, and operations",CRITICAL:12,P1,Platform Admin;Support Admin;Billing Admin;Read Only Auditor;Facility Owner;Barn Manager,RUNBOOK_GAP,IMPLEMENTED_UNVERIFIED,ES-FEAT-PLATFORM-001;ES-FEAT-ADMINOPS-001;ES-FEAT-IDENTITY-001;ES-FEAT-RELATIONSHIP-001;ES-FEAT-FINANCIAL-001;ES-FEAT-COMMUNICATIONS-001;ES-FEAT-TASKS-001;ES-FEAT-CARE-001,OPERATIONS,DRAFT_RUNBOOK,Derived from revised structured row ES-FEAT-ADMINOPS-011 after independent-review adjudication; evidence tier=KEYWORD_MATCH_ONLY.
IMPLEMENTATION_VERIFICATION_QUEUE,ES-FEAT-ADMINOPS-011,rollback,"Administration, support, security, and operations",CRITICAL:12,P1,Platform Admin;Support Admin;Billing Admin;Read Only Auditor;Facility Owner;Barn Manager,RUNBOOK_GAP,IMPLEMENTED_UNVERIFIED,ES-FEAT-PLATFORM-001;ES-FEAT-ADMINOPS-001;ES-FEAT-IDENTITY-001;ES-FEAT-RELATIONSHIP-001;ES-FEAT-FINANCIAL-001;ES-FEAT-COMMUNICATIONS-001;ES-FEAT-TASKS-001;ES-FEAT-CARE-001,OPERATIONS,DRAFT_RUNBOOK,Derived from revised structured row ES-FEAT-ADMINOPS-011 after independent-review adjudication; evidence tier=KEYWORD_MATCH_ONLY.
RUNBOOK_QUEUE,ES-FEAT-ADMINOPS-011,rollback,"Administration, support, security, and operations",CRITICAL:12,P1,Platform Admin;Support Admin;Billing Admin;Read Only Auditor;Facility Owner;Barn Manager,RUNBOOK_GAP,IMPLEMENTED_UNVERIFIED,ES-FEAT-PLATFORM-001;ES-FEAT-ADMINOPS-001;ES-FEAT-IDENTITY-001;ES-FEAT-RELATIONSHIP-001;ES-FEAT-FINANCIAL-001;ES-FEAT-COMMUNICATIONS-001;ES-FEAT-TASKS-001;ES-FEAT-CARE-001,OPERATIONS,DRAFT_RUNBOOK,Derived from revised structured row ES-FEAT-ADMINOPS-011 after independent-review adjudication; evidence tier=KEYWORD_MATCH_ONLY.
RUNTIME_VERIFICATION_QUEUE,ES-FEAT-ADMINOPS-011,rollback,"Administration, support, security, and operations",CRITICAL:12,P1,Platform Admin;Support Admin;Billing Admin;Read Only Auditor;Facility Owner;Barn Manager,RUNBOOK_GAP,IMPLEMENTED_UNVERIFIED,ES-FEAT-PLATFORM-001;ES-FEAT-ADMINOPS-001;ES-FEAT-IDENTITY-001;ES-FEAT-RELATIONSHIP-001;ES-FEAT-FINANCIAL-001;ES-FEAT-COMMUNICATIONS-001;ES-FEAT-TASKS-001;ES-FEAT-CARE-001,OPERATIONS,DRAFT_RUNBOOK,Derived from revised structured row ES-FEAT-ADMINOPS-011 after independent-review adjudication; evidence tier=KEYWORD_MATCH_ONLY.
FOUNDER_DECISION_QUEUE,ES-FEAT-ADMINOPS-012,feature flags,"Administration, support, security, and operations",CRITICAL:8,P1,Platform Admin;Support Admin;Billing Admin;Read Only Auditor;Facility Owner;Barn Manager,RUNBOOK_GAP,IMPLEMENTED_UNVERIFIED,ES-FEAT-PLATFORM-001;ES-FEAT-ADMINOPS-001;ES-FEAT-IDENTITY-001;ES-FEAT-RELATIONSHIP-001;ES-FEAT-FINANCIAL-001;ES-FEAT-COMMUNICATIONS-001;ES-FEAT-TASKS-001;ES-FEAT-CARE-001,OPERATIONS,DRAFT_RUNBOOK,Derived from revised structured row ES-FEAT-ADMINOPS-012 after independent-review adjudication; evidence tier=KEYWORD_MATCH_ONLY.
IMPLEMENTATION_VERIFICATION_QUEUE,ES-FEAT-ADMINOPS-012,feature flags,"Administration, support, security, and operations",CRITICAL:8,P1,Platform Admin;Support Admin;Billing Admin;Read Only Auditor;Facility Owner;Barn Manager,RUNBOOK_GAP,IMPLEMENTED_UNVERIFIED,ES-FEAT-PLATFORM-001;ES-FEAT-ADMINOPS-001;ES-FEAT-IDENTITY-001;ES-FEAT-RELATIONSHIP-001;ES-FEAT-FINANCIAL-001;ES-FEAT-COMMUNICATIONS-001;ES-FEAT-TASKS-001;ES-FEAT-CARE-001,OPERATIONS,DRAFT_RUNBOOK,Derived from revised structured row ES-FEAT-ADMINOPS-012 after independent-review adjudication; evidence tier=KEYWORD_MATCH_ONLY.
RUNBOOK_QUEUE,ES-FEAT-ADMINOPS-012,feature flags,"Administration, support, security, and operations",CRITICAL:8,P1,Platform Admin;Support Admin;Billing Admin;Read Only Auditor;Facility Owner;Barn Manager,RUNBOOK_GAP,IMPLEMENTED_UNVERIFIED,ES-FEAT-PLATFORM-001;ES-FEAT-ADMINOPS-001;ES-FEAT-IDENTITY-001;ES-FEAT-RELATIONSHIP-001;ES-FEAT-FINANCIAL-001;ES-FEAT-COMMUNICATIONS-001;ES-FEAT-TASKS-001;ES-FEAT-CARE-001,OPERATIONS,DRAFT_RUNBOOK,Derived from revised structured row ES-FEAT-ADMINOPS-012 after independent-review adjudication; evidence tier=KEYWORD_MATCH_ONLY.
RUNTIME_VERIFICATION_QUEUE,ES-FEAT-ADMINOPS-012,feature flags,"Administration, support, security, and operations",CRITICAL:8,P1,Platform Admin;Support Admin;Billing Admin;Read Only Auditor;Facility Owner;Barn Manager,RUNBOOK_GAP,IMPLEMENTED_UNVERIFIED,ES-FEAT-PLATFORM-001;ES-FEAT-ADMINOPS-001;ES-FEAT-IDENTITY-001;ES-FEAT-RELATIONSHIP-001;ES-FEAT-FINANCIAL-001;ES-FEAT-COMMUNICATIONS-001;ES-FEAT-TASKS-001;ES-FEAT-CARE-001,OPERATIONS,DRAFT_RUNBOOK,Derived from revised structured row ES-FEAT-ADMINOPS-012 after independent-review adjudication; evidence tier=KEYWORD_MATCH_ONLY.
FOUNDER_DECISION_QUEUE,ES-FEAT-ADMINOPS-013,release,"Administration, support, security, and operations",CRITICAL:4,P1,Platform Admin;Support Admin;Billing Admin;Read Only Auditor;Facility Owner;Barn Manager,RUNBOOK_GAP,IMPLEMENTED_UNVERIFIED,ES-FEAT-PLATFORM-001;ES-FEAT-ADMINOPS-001;ES-FEAT-IDENTITY-001;ES-FEAT-RELATIONSHIP-001;ES-FEAT-FINANCIAL-001;ES-FEAT-COMMUNICATIONS-001;ES-FEAT-TASKS-001;ES-FEAT-CARE-001,OPERATIONS,DRAFT_RUNBOOK,Derived from revised structured row ES-FEAT-ADMINOPS-013 after independent-review adjudication; evidence tier=KEYWORD_MATCH_ONLY.
IMPLEMENTATION_VERIFICATION_QUEUE,ES-FEAT-ADMINOPS-013,release,"Administration, support, security, and operations",CRITICAL:4,P1,Platform Admin;Support Admin;Billing Admin;Read Only Auditor;Facility Owner;Barn Manager,RUNBOOK_GAP,IMPLEMENTED_UNVERIFIED,ES-FEAT-PLATFORM-001;ES-FEAT-ADMINOPS-001;ES-FEAT-IDENTITY-001;ES-FEAT-RELATIONSHIP-001;ES-FEAT-FINANCIAL-001;ES-FEAT-COMMUNICATIONS-001;ES-FEAT-TASKS-001;ES-FEAT-CARE-001,OPERATIONS,DRAFT_RUNBOOK,Derived from revised structured row ES-FEAT-ADMINOPS-013 after independent-review adjudication; evidence tier=KEYWORD_MATCH_ONLY.
RUNBOOK_QUEUE,ES-FEAT-ADMINOPS-013,release,"Administration, support, security, and operations",CRITICAL:4,P1,Platform Admin;Support Admin;Billing Admin;Read Only Auditor;Facility Owner;Barn Manager,RUNBOOK_GAP,IMPLEMENTED_UNVERIFIED,ES-FEAT-PLATFORM-001;ES-FEAT-ADMINOPS-001;ES-FEAT-IDENTITY-001;ES-FEAT-RELATIONSHIP-001;ES-FEAT-FINANCIAL-001;ES-FEAT-COMMUNICATIONS-001;ES-FEAT-TASKS-001;ES-FEAT-CARE-001,OPERATIONS,DRAFT_RUNBOOK,Derived from revised structured row ES-FEAT-ADMINOPS-013 after independent-review adjudication; evidence tier=KEYWORD_MATCH_ONLY.
RUNTIME_VERIFICATION_QUEUE,ES-FEAT-ADMINOPS-013,release,"Administration, support, security, and operations",CRITICAL:4,P1,Platform Admin;Support Admin;Billing Admin;Read Only Auditor;Facility Owner;Barn Manager,RUNBOOK_GAP,IMPLEMENTED_UNVERIFIED,ES-FEAT-PLATFORM-001;ES-FEAT-ADMINOPS-001;ES-FEAT-IDENTITY-001;ES-FEAT-RELATIONSHIP-001;ES-FEAT-FINANCIAL-001;ES-FEAT-COMMUNICATIONS-001;ES-FEAT-TASKS-001;ES-FEAT-CARE-001,OPERATIONS,DRAFT_RUNBOOK,Derived from revised structured row ES-FEAT-ADMINOPS-013 after independent-review adjudication; evidence tier=KEYWORD_MATCH_ONLY.
FOUNDER_DECISION_QUEUE,ES-FEAT-ADMINOPS-014,suspension,"Administration, support, security, and operations",CRITICAL:16,P1,Platform Admin;Support Admin;Billing Admin;Read Only Auditor;Facility Owner;Barn Manager,RUNBOOK_GAP,IMPLEMENTED_UNVERIFIED,ES-FEAT-PLATFORM-001;ES-FEAT-ADMINOPS-001;ES-FEAT-IDENTITY-001;ES-FEAT-RELATIONSHIP-001;ES-FEAT-FINANCIAL-001;ES-FEAT-COMMUNICATIONS-001;ES-FEAT-TASKS-001;ES-FEAT-CARE-001,OPERATIONS,DRAFT_RUNBOOK,Derived from revised structured row ES-FEAT-ADMINOPS-014 after independent-review adjudication; evidence tier=KEYWORD_MATCH_ONLY.
IMPLEMENTATION_VERIFICATION_QUEUE,ES-FEAT-ADMINOPS-014,suspension,"Administration, support, security, and operations",CRITICAL:16,P1,Platform Admin;Support Admin;Billing Admin;Read Only Auditor;Facility Owner;Barn Manager,RUNBOOK_GAP,IMPLEMENTED_UNVERIFIED,ES-FEAT-PLATFORM-001;ES-FEAT-ADMINOPS-001;ES-FEAT-IDENTITY-001;ES-FEAT-RELATIONSHIP-001;ES-FEAT-FINANCIAL-001;ES-FEAT-COMMUNICATIONS-001;ES-FEAT-TASKS-001;ES-FEAT-CARE-001,OPERATIONS,DRAFT_RUNBOOK,Derived from revised structured row ES-FEAT-ADMINOPS-014 after independent-review adjudication; evidence tier=KEYWORD_MATCH_ONLY.
RUNBOOK_QUEUE,ES-FEAT-ADMINOPS-014,suspension,"Administration, support, security, and operations",CRITICAL:16,P1,Platform Admin;Support Admin;Billing Admin;Read Only Auditor;Facility Owner;Barn Manager,RUNBOOK_GAP,IMPLEMENTED_UNVERIFIED,ES-FEAT-PLATFORM-001;ES-FEAT-ADMINOPS-001;ES-FEAT-IDENTITY-001;ES-FEAT-RELATIONSHIP-001;ES-FEAT-FINANCIAL-001;ES-FEAT-COMMUNICATIONS-001;ES-FEAT-TASKS-001;ES-FEAT-CARE-001,OPERATIONS,DRAFT_RUNBOOK,Derived from revised structured row ES-FEAT-ADMINOPS-014 after independent-review adjudication; evidence tier=KEYWORD_MATCH_ONLY.
RUNTIME_VERIFICATION_QUEUE,ES-FEAT-ADMINOPS-014,suspension,"Administration, support, security, and operations",CRITICAL:16,P1,Platform Admin;Support Admin;Billing Admin;Read Only Auditor;Facility Owner;Barn Manager,RUNBOOK_GAP,IMPLEMENTED_UNVERIFIED,ES-FEAT-PLATFORM-001;ES-FEAT-ADMINOPS-001;ES-FEAT-IDENTITY-001;ES-FEAT-RELATIONSHIP-001;ES-FEAT-FINANCIAL-001;ES-FEAT-COMMUNICATIONS-001;ES-FEAT-TASKS-001;ES-FEAT-CARE-001,OPERATIONS,DRAFT_RUNBOOK,Derived from revised structured row ES-FEAT-ADMINOPS-014 after independent-review adjudication; evidence tier=KEYWORD_MATCH_ONLY.
FOUNDER_DECISION_QUEUE,ES-FEAT-ADMINOPS-015,provider operations,"Administration, support, security, and operations",CRITICAL:12,P1,Platform Admin;Support Admin;Billing Admin;Read Only Auditor;Facility Owner;Barn Manager,RUNBOOK_GAP,IMPLEMENTED_UNVERIFIED,ES-FEAT-PLATFORM-001;ES-FEAT-ADMINOPS-001;ES-FEAT-IDENTITY-001;ES-FEAT-RELATIONSHIP-001;ES-FEAT-FINANCIAL-001;ES-FEAT-COMMUNICATIONS-001;ES-FEAT-TASKS-001;ES-FEAT-CARE-001,OPERATIONS,DRAFT_RUNBOOK,Derived from revised structured row ES-FEAT-ADMINOPS-015 after independent-review adjudication; evidence tier=KEYWORD_MATCH_ONLY.
IMPLEMENTATION_VERIFICATION_QUEUE,ES-FEAT-ADMINOPS-015,provider operations,"Administration, support, security, and operations",CRITICAL:12,P1,Platform Admin;Support Admin;Billing Admin;Read Only Auditor;Facility Owner;Barn Manager,RUNBOOK_GAP,IMPLEMENTED_UNVERIFIED,ES-FEAT-PLATFORM-001;ES-FEAT-ADMINOPS-001;ES-FEAT-IDENTITY-001;ES-FEAT-RELATIONSHIP-001;ES-FEAT-FINANCIAL-001;ES-FEAT-COMMUNICATIONS-001;ES-FEAT-TASKS-001;ES-FEAT-CARE-001,OPERATIONS,DRAFT_RUNBOOK,Derived from revised structured row ES-FEAT-ADMINOPS-015 after independent-review adjudication; evidence tier=KEYWORD_MATCH_ONLY.
RUNBOOK_QUEUE,ES-FEAT-ADMINOPS-015,provider operations,"Administration, support, security, and operations",CRITICAL:12,P1,Platform Admin;Support Admin;Billing Admin;Read Only Auditor;Facility Owner;Barn Manager,RUNBOOK_GAP,IMPLEMENTED_UNVERIFIED,ES-FEAT-PLATFORM-001;ES-FEAT-ADMINOPS-001;ES-FEAT-IDENTITY-001;ES-FEAT-RELATIONSHIP-001;ES-FEAT-FINANCIAL-001;ES-FEAT-COMMUNICATIONS-001;ES-FEAT-TASKS-001;ES-FEAT-CARE-001,OPERATIONS,DRAFT_RUNBOOK,Derived from revised structured row ES-FEAT-ADMINOPS-015 after independent-review adjudication; evidence tier=KEYWORD_MATCH_ONLY.
RUNTIME_VERIFICATION_QUEUE,ES-FEAT-ADMINOPS-015,provider operations,"Administration, support, security, and operations",CRITICAL:12,P1,Platform Admin;Support Admin;Billing Admin;Read Only Auditor;Facility Owner;Barn Manager,RUNBOOK_GAP,IMPLEMENTED_UNVERIFIED,ES-FEAT-PLATFORM-001;ES-FEAT-ADMINOPS-001;ES-FEAT-IDENTITY-001;ES-FEAT-RELATIONSHIP-001;ES-FEAT-FINANCIAL-001;ES-FEAT-COMMUNICATIONS-001;ES-FEAT-TASKS-001;ES-FEAT-CARE-001,OPERATIONS,DRAFT_RUNBOOK,Derived from revised structured row ES-FEAT-ADMINOPS-015 after independent-review adjudication; evidence tier=KEYWORD_MATCH_ONLY.
FOUNDER_DECISION_QUEUE,ES-FEAT-ADMINOPS-016,data correction,"Administration, support, security, and operations",CRITICAL:8,P1,Platform Admin;Support Admin;Billing Admin;Read Only Auditor;Facility Owner;Barn Manager,RUNBOOK_GAP,IMPLEMENTED_UNVERIFIED,ES-FEAT-PLATFORM-001;ES-FEAT-ADMINOPS-001;ES-FEAT-IDENTITY-001;ES-FEAT-RELATIONSHIP-001;ES-FEAT-FINANCIAL-001;ES-FEAT-COMMUNICATIONS-001;ES-FEAT-TASKS-001;ES-FEAT-CARE-001,OPERATIONS,DRAFT_RUNBOOK,Derived from revised structured row ES-FEAT-ADMINOPS-016 after independent-review adjudication; evidence tier=KEYWORD_MATCH_ONLY.
IMPLEMENTATION_VERIFICATION_QUEUE,ES-FEAT-ADMINOPS-016,data correction,"Administration, support, security, and operations",CRITICAL:8,P1,Platform Admin;Support Admin;Billing Admin;Read Only Auditor;Facility Owner;Barn Manager,RUNBOOK_GAP,IMPLEMENTED_UNVERIFIED,ES-FEAT-PLATFORM-001;ES-FEAT-ADMINOPS-001;ES-FEAT-IDENTITY-001;ES-FEAT-RELATIONSHIP-001;ES-FEAT-FINANCIAL-001;ES-FEAT-COMMUNICATIONS-001;ES-FEAT-TASKS-001;ES-FEAT-CARE-001,OPERATIONS,DRAFT_RUNBOOK,Derived from revised structured row ES-FEAT-ADMINOPS-016 after independent-review adjudication; evidence tier=KEYWORD_MATCH_ONLY.
RUNBOOK_QUEUE,ES-FEAT-ADMINOPS-016,data correction,"Administration, support, security, and operations",CRITICAL:8,P1,Platform Admin;Support Admin;Billing Admin;Read Only Auditor;Facility Owner;Barn Manager,RUNBOOK_GAP,IMPLEMENTED_UNVERIFIED,ES-FEAT-PLATFORM-001;ES-FEAT-ADMINOPS-001;ES-FEAT-IDENTITY-001;ES-FEAT-RELATIONSHIP-001;ES-FEAT-FINANCIAL-001;ES-FEAT-COMMUNICATIONS-001;ES-FEAT-TASKS-001;ES-FEAT-CARE-001,OPERATIONS,DRAFT_RUNBOOK,Derived from revised structured row ES-FEAT-ADMINOPS-016 after independent-review adjudication; evidence tier=KEYWORD_MATCH_ONLY.
RUNTIME_VERIFICATION_QUEUE,ES-FEAT-ADMINOPS-016,data correction,"Administration, support, security, and operations",CRITICAL:8,P1,Platform Admin;Support Admin;Billing Admin;Read Only Auditor;Facility Owner;Barn Manager,RUNBOOK_GAP,IMPLEMENTED_UNVERIFIED,ES-FEAT-PLATFORM-001;ES-FEAT-ADMINOPS-001;ES-FEAT-IDENTITY-001;ES-FEAT-RELATIONSHIP-001;ES-FEAT-FINANCIAL-001;ES-FEAT-COMMUNICATIONS-001;ES-FEAT-TASKS-001;ES-FEAT-CARE-001,OPERATIONS,DRAFT_RUNBOOK,Derived from revised structured row ES-FEAT-ADMINOPS-016 after independent-review adjudication; evidence tier=KEYWORD_MATCH_ONLY.
CODE_GUIDE_QUEUE,ES-FEAT-DEVELOPER-001,APIs,Developer platform and extensibility,MEDIUM:2,P1,Platform Admin;Developer;Integration Partner;Support,CODE_GUIDE_GAP,PARTIAL_IMPLEMENTATION,ES-FEAT-PLATFORM-001,ARCHITECTURE,DRAFT_CODE_GUIDE,Derived from revised structured row ES-FEAT-DEVELOPER-001 after independent-review adjudication; evidence tier=KEYWORD_MATCH_ONLY.
FOUNDER_DECISION_QUEUE,ES-FEAT-DEVELOPER-001,APIs,Developer platform and extensibility,MEDIUM:2,P1,Platform Admin;Developer;Integration Partner;Support,CODE_GUIDE_GAP,PARTIAL_IMPLEMENTATION,ES-FEAT-PLATFORM-001,ARCHITECTURE,DRAFT_CODE_GUIDE,Derived from revised structured row ES-FEAT-DEVELOPER-001 after independent-review adjudication; evidence tier=KEYWORD_MATCH_ONLY.
IMPLEMENTATION_VERIFICATION_QUEUE,ES-FEAT-DEVELOPER-001,APIs,Developer platform and extensibility,MEDIUM:2,P1,Platform Admin;Developer;Integration Partner;Support,CODE_GUIDE_GAP,PARTIAL_IMPLEMENTATION,ES-FEAT-PLATFORM-001,ARCHITECTURE,DRAFT_CODE_GUIDE,Derived from revised structured row ES-FEAT-DEVELOPER-001 after independent-review adjudication; evidence tier=KEYWORD_MATCH_ONLY.
RUNTIME_VERIFICATION_QUEUE,ES-FEAT-DEVELOPER-001,APIs,Developer platform and extensibility,MEDIUM:2,P1,Platform Admin;Developer;Integration Partner;Support,CODE_GUIDE_GAP,PARTIAL_IMPLEMENTATION,ES-FEAT-PLATFORM-001,ARCHITECTURE,DRAFT_CODE_GUIDE,Derived from revised structured row ES-FEAT-DEVELOPER-001 after independent-review adjudication; evidence tier=KEYWORD_MATCH_ONLY.
CODE_GUIDE_QUEUE,ES-FEAT-DEVELOPER-002,webhooks,Developer platform and extensibility,MEDIUM:8,P1,Platform Admin;Developer;Integration Partner;Support,CODE_GUIDE_GAP,PARTIAL_IMPLEMENTATION,ES-FEAT-PLATFORM-001;ES-FEAT-DEVELOPER-001;ES-FEAT-IDENTITY-001;ES-FEAT-RELATIONSHIP-001;ES-FEAT-FINANCIAL-001;ES-FEAT-COMMUNICATIONS-001;ES-FEAT-TASKS-001;ES-FEAT-HORSE-001,ARCHITECTURE,DRAFT_CODE_GUIDE,Derived from revised structured row ES-FEAT-DEVELOPER-002 after independent-review adjudication; evidence tier=KEYWORD_MATCH_ONLY.
FOUNDER_DECISION_QUEUE,ES-FEAT-DEVELOPER-002,webhooks,Developer platform and extensibility,MEDIUM:8,P1,Platform Admin;Developer;Integration Partner;Support,CODE_GUIDE_GAP,PARTIAL_IMPLEMENTATION,ES-FEAT-PLATFORM-001;ES-FEAT-DEVELOPER-001;ES-FEAT-IDENTITY-001;ES-FEAT-RELATIONSHIP-001;ES-FEAT-FINANCIAL-001;ES-FEAT-COMMUNICATIONS-001;ES-FEAT-TASKS-001;ES-FEAT-HORSE-001,ARCHITECTURE,DRAFT_CODE_GUIDE,Derived from revised structured row ES-FEAT-DEVELOPER-002 after independent-review adjudication; evidence tier=KEYWORD_MATCH_ONLY.
IMPLEMENTATION_VERIFICATION_QUEUE,ES-FEAT-DEVELOPER-002,webhooks,Developer platform and extensibility,MEDIUM:8,P1,Platform Admin;Developer;Integration Partner;Support,CODE_GUIDE_GAP,PARTIAL_IMPLEMENTATION,ES-FEAT-PLATFORM-001;ES-FEAT-DEVELOPER-001;ES-FEAT-IDENTITY-001;ES-FEAT-RELATIONSHIP-001;ES-FEAT-FINANCIAL-001;ES-FEAT-COMMUNICATIONS-001;ES-FEAT-TASKS-001;ES-FEAT-HORSE-001,ARCHITECTURE,DRAFT_CODE_GUIDE,Derived from revised structured row ES-FEAT-DEVELOPER-002 after independent-review adjudication; evidence tier=KEYWORD_MATCH_ONLY.
RUNTIME_VERIFICATION_QUEUE,ES-FEAT-DEVELOPER-002,webhooks,Developer platform and extensibility,MEDIUM:8,P1,Platform Admin;Developer;Integration Partner;Support,CODE_GUIDE_GAP,PARTIAL_IMPLEMENTATION,ES-FEAT-PLATFORM-001;ES-FEAT-DEVELOPER-001;ES-FEAT-IDENTITY-001;ES-FEAT-RELATIONSHIP-001;ES-FEAT-FINANCIAL-001;ES-FEAT-COMMUNICATIONS-001;ES-FEAT-TASKS-001;ES-FEAT-HORSE-001,ARCHITECTURE,DRAFT_CODE_GUIDE,Derived from revised structured row ES-FEAT-DEVELOPER-002 after independent-review adjudication; evidence tier=KEYWORD_MATCH_ONLY.
CODE_GUIDE_QUEUE,ES-FEAT-DEVELOPER-003,events (Developer platform),Developer platform and extensibility,MEDIUM:6,P1,Platform Admin;Developer;Integration Partner;Support,CODE_GUIDE_GAP,PARTIAL_IMPLEMENTATION,ES-FEAT-PLATFORM-001;ES-FEAT-DEVELOPER-001;ES-FEAT-IDENTITY-001;ES-FEAT-RELATIONSHIP-001;ES-FEAT-FINANCIAL-001;ES-FEAT-COMMUNICATIONS-001;ES-FEAT-TASKS-001;ES-FEAT-HORSE-001,ARCHITECTURE,DRAFT_CODE_GUIDE,Derived from revised structured row ES-FEAT-DEVELOPER-003 after independent-review adjudication; evidence tier=KEYWORD_MATCH_ONLY.
FOUNDER_DECISION_QUEUE,ES-FEAT-DEVELOPER-003,events (Developer platform),Developer platform and extensibility,MEDIUM:6,P1,Platform Admin;Developer;Integration Partner;Support,CODE_GUIDE_GAP,PARTIAL_IMPLEMENTATION,ES-FEAT-PLATFORM-001;ES-FEAT-DEVELOPER-001;ES-FEAT-IDENTITY-001;ES-FEAT-RELATIONSHIP-001;ES-FEAT-FINANCIAL-001;ES-FEAT-COMMUNICATIONS-001;ES-FEAT-TASKS-001;ES-FEAT-HORSE-001,ARCHITECTURE,DRAFT_CODE_GUIDE,Derived from revised structured row ES-FEAT-DEVELOPER-003 after independent-review adjudication; evidence tier=KEYWORD_MATCH_ONLY.
IMPLEMENTATION_VERIFICATION_QUEUE,ES-FEAT-DEVELOPER-003,events (Developer platform),Developer platform and extensibility,MEDIUM:6,P1,Platform Admin;Developer;Integration Partner;Support,CODE_GUIDE_GAP,PARTIAL_IMPLEMENTATION,ES-FEAT-PLATFORM-001;ES-FEAT-DEVELOPER-001;ES-FEAT-IDENTITY-001;ES-FEAT-RELATIONSHIP-001;ES-FEAT-FINANCIAL-001;ES-FEAT-COMMUNICATIONS-001;ES-FEAT-TASKS-001;ES-FEAT-HORSE-001,ARCHITECTURE,DRAFT_CODE_GUIDE,Derived from revised structured row ES-FEAT-DEVELOPER-003 after independent-review adjudication; evidence tier=KEYWORD_MATCH_ONLY.
RUNTIME_VERIFICATION_QUEUE,ES-FEAT-DEVELOPER-003,events (Developer platform),Developer platform and extensibility,MEDIUM:6,P1,Platform Admin;Developer;Integration Partner;Support,CODE_GUIDE_GAP,PARTIAL_IMPLEMENTATION,ES-FEAT-PLATFORM-001;ES-FEAT-DEVELOPER-001;ES-FEAT-IDENTITY-001;ES-FEAT-RELATIONSHIP-001;ES-FEAT-FINANCIAL-001;ES-FEAT-COMMUNICATIONS-001;ES-FEAT-TASKS-001;ES-FEAT-HORSE-001,ARCHITECTURE,DRAFT_CODE_GUIDE,Derived from revised structured row ES-FEAT-DEVELOPER-003 after independent-review adjudication; evidence tier=KEYWORD_MATCH_ONLY.
CODE_GUIDE_QUEUE,ES-FEAT-DEVELOPER-004,adapters,Developer platform and extensibility,MEDIUM:4,P1,Platform Admin;Developer;Integration Partner;Support,CODE_GUIDE_GAP,PARTIAL_IMPLEMENTATION,ES-FEAT-PLATFORM-001;ES-FEAT-DEVELOPER-001;ES-FEAT-IDENTITY-001;ES-FEAT-RELATIONSHIP-001;ES-FEAT-FINANCIAL-001;ES-FEAT-COMMUNICATIONS-001;ES-FEAT-TASKS-001;ES-FEAT-HORSE-001,ARCHITECTURE,DRAFT_CODE_GUIDE,Derived from revised structured row ES-FEAT-DEVELOPER-004 after independent-review adjudication; evidence tier=KEYWORD_MATCH_ONLY.
FOUNDER_DECISION_QUEUE,ES-FEAT-DEVELOPER-004,adapters,Developer platform and extensibility,MEDIUM:4,P1,Platform Admin;Developer;Integration Partner;Support,CODE_GUIDE_GAP,PARTIAL_IMPLEMENTATION,ES-FEAT-PLATFORM-001;ES-FEAT-DEVELOPER-001;ES-FEAT-IDENTITY-001;ES-FEAT-RELATIONSHIP-001;ES-FEAT-FINANCIAL-001;ES-FEAT-COMMUNICATIONS-001;ES-FEAT-TASKS-001;ES-FEAT-HORSE-001,ARCHITECTURE,DRAFT_CODE_GUIDE,Derived from revised structured row ES-FEAT-DEVELOPER-004 after independent-review adjudication; evidence tier=KEYWORD_MATCH_ONLY.
IMPLEMENTATION_VERIFICATION_QUEUE,ES-FEAT-DEVELOPER-004,adapters,Developer platform and extensibility,MEDIUM:4,P1,Platform Admin;Developer;Integration Partner;Support,CODE_GUIDE_GAP,PARTIAL_IMPLEMENTATION,ES-FEAT-PLATFORM-001;ES-FEAT-DEVELOPER-001;ES-FEAT-IDENTITY-001;ES-FEAT-RELATIONSHIP-001;ES-FEAT-FINANCIAL-001;ES-FEAT-COMMUNICATIONS-001;ES-FEAT-TASKS-001;ES-FEAT-HORSE-001,ARCHITECTURE,DRAFT_CODE_GUIDE,Derived from revised structured row ES-FEAT-DEVELOPER-004 after independent-review adjudication; evidence tier=KEYWORD_MATCH_ONLY.
RUNTIME_VERIFICATION_QUEUE,ES-FEAT-DEVELOPER-004,adapters,Developer platform and extensibility,MEDIUM:4,P1,Platform Admin;Developer;Integration Partner;Support,CODE_GUIDE_GAP,PARTIAL_IMPLEMENTATION,ES-FEAT-PLATFORM-001;ES-FEAT-DEVELOPER-001;ES-FEAT-IDENTITY-001;ES-FEAT-RELATIONSHIP-001;ES-FEAT-FINANCIAL-001;ES-FEAT-COMMUNICATIONS-001;ES-FEAT-TASKS-001;ES-FEAT-HORSE-001,ARCHITECTURE,DRAFT_CODE_GUIDE,Derived from revised structured row ES-FEAT-DEVELOPER-004 after independent-review adjudication; evidence tier=KEYWORD_MATCH_ONLY.
CODE_GUIDE_QUEUE,ES-FEAT-DEVELOPER-005,plugins,Developer platform and extensibility,MEDIUM:6,P2,Platform Admin;Developer;Integration Partner;Support,CODE_GUIDE_GAP,NOT_FOUND,ES-FEAT-PLATFORM-001;ES-FEAT-DEVELOPER-001;ES-FEAT-IDENTITY-001;ES-FEAT-RELATIONSHIP-001;ES-FEAT-FINANCIAL-001;ES-FEAT-COMMUNICATIONS-001;ES-FEAT-TASKS-001;ES-FEAT-HORSE-001,ARCHITECTURE,DRAFT_CODE_GUIDE,Derived from revised structured row ES-FEAT-DEVELOPER-005 after independent-review adjudication; evidence tier=NOT_FOUND.
FOUNDER_DECISION_QUEUE,ES-FEAT-DEVELOPER-005,plugins,Developer platform and extensibility,MEDIUM:6,P2,Platform Admin;Developer;Integration Partner;Support,CODE_GUIDE_GAP,NOT_FOUND,ES-FEAT-PLATFORM-001;ES-FEAT-DEVELOPER-001;ES-FEAT-IDENTITY-001;ES-FEAT-RELATIONSHIP-001;ES-FEAT-FINANCIAL-001;ES-FEAT-COMMUNICATIONS-001;ES-FEAT-TASKS-001;ES-FEAT-HORSE-001,ARCHITECTURE,DRAFT_CODE_GUIDE,Derived from revised structured row ES-FEAT-DEVELOPER-005 after independent-review adjudication; evidence tier=NOT_FOUND.
IMPLEMENTATION_VERIFICATION_QUEUE,ES-FEAT-DEVELOPER-005,plugins,Developer platform and extensibility,MEDIUM:6,P2,Platform Admin;Developer;Integration Partner;Support,CODE_GUIDE_GAP,NOT_FOUND,ES-FEAT-PLATFORM-001;ES-FEAT-DEVELOPER-001;ES-FEAT-IDENTITY-001;ES-FEAT-RELATIONSHIP-001;ES-FEAT-FINANCIAL-001;ES-FEAT-COMMUNICATIONS-001;ES-FEAT-TASKS-001;ES-FEAT-HORSE-001,ARCHITECTURE,DRAFT_CODE_GUIDE,Derived from revised structured row ES-FEAT-DEVELOPER-005 after independent-review adjudication; evidence tier=NOT_FOUND.
CODE_GUIDE_QUEUE,ES-FEAT-DEVELOPER-006,service accounts (Developer platform),Developer platform and extensibility,MEDIUM:8,P1,Platform Admin;Developer;Integration Partner;Support,CODE_GUIDE_GAP,IMPLEMENTED_UNVERIFIED,ES-FEAT-PLATFORM-001;ES-FEAT-DEVELOPER-001;ES-FEAT-IDENTITY-001;ES-FEAT-RELATIONSHIP-001;ES-FEAT-FINANCIAL-001;ES-FEAT-COMMUNICATIONS-001;ES-FEAT-TASKS-001;ES-FEAT-HORSE-001;ES-FEAT-CARE-001,ARCHITECTURE,DRAFT_CODE_GUIDE,Derived from revised structured row ES-FEAT-DEVELOPER-006 after independent-review adjudication; evidence tier=KEYWORD_MATCH_ONLY.
FOUNDER_DECISION_QUEUE,ES-FEAT-DEVELOPER-006,service accounts (Developer platform),Developer platform and extensibility,MEDIUM:8,P1,Platform Admin;Developer;Integration Partner;Support,CODE_GUIDE_GAP,IMPLEMENTED_UNVERIFIED,ES-FEAT-PLATFORM-001;ES-FEAT-DEVELOPER-001;ES-FEAT-IDENTITY-001;ES-FEAT-RELATIONSHIP-001;ES-FEAT-FINANCIAL-001;ES-FEAT-COMMUNICATIONS-001;ES-FEAT-TASKS-001;ES-FEAT-HORSE-001;ES-FEAT-CARE-001,ARCHITECTURE,DRAFT_CODE_GUIDE,Derived from revised structured row ES-FEAT-DEVELOPER-006 after independent-review adjudication; evidence tier=KEYWORD_MATCH_ONLY.
IMPLEMENTATION_VERIFICATION_QUEUE,ES-FEAT-DEVELOPER-006,service accounts (Developer platform),Developer platform and extensibility,MEDIUM:8,P1,Platform Admin;Developer;Integration Partner;Support,CODE_GUIDE_GAP,IMPLEMENTED_UNVERIFIED,ES-FEAT-PLATFORM-001;ES-FEAT-DEVELOPER-001;ES-FEAT-IDENTITY-001;ES-FEAT-RELATIONSHIP-001;ES-FEAT-FINANCIAL-001;ES-FEAT-COMMUNICATIONS-001;ES-FEAT-TASKS-001;ES-FEAT-HORSE-001;ES-FEAT-CARE-001,ARCHITECTURE,DRAFT_CODE_GUIDE,Derived from revised structured row ES-FEAT-DEVELOPER-006 after independent-review adjudication; evidence tier=KEYWORD_MATCH_ONLY.
RUNTIME_VERIFICATION_QUEUE,ES-FEAT-DEVELOPER-006,service accounts (Developer platform),Developer platform and extensibility,MEDIUM:8,P1,Platform Admin;Developer;Integration Partner;Support,CODE_GUIDE_GAP,IMPLEMENTED_UNVERIFIED,ES-FEAT-PLATFORM-001;ES-FEAT-DEVELOPER-001;ES-FEAT-IDENTITY-001;ES-FEAT-RELATIONSHIP-001;ES-FEAT-FINANCIAL-001;ES-FEAT-COMMUNICATIONS-001;ES-FEAT-TASKS-001;ES-FEAT-HORSE-001;ES-FEAT-CARE-001,ARCHITECTURE,DRAFT_CODE_GUIDE,Derived from revised structured row ES-FEAT-DEVELOPER-006 after independent-review adjudication; evidence tier=KEYWORD_MATCH_ONLY.
CODE_GUIDE_QUEUE,ES-FEAT-DEVELOPER-007,integrations,Developer platform and extensibility,HIGH:9,P1,Platform Admin;Developer;Integration Partner;Support,CODE_GUIDE_GAP,IMPLEMENTED_UNVERIFIED,ES-FEAT-PLATFORM-001;ES-FEAT-DEVELOPER-001;ES-FEAT-IDENTITY-001;ES-FEAT-RELATIONSHIP-001;ES-FEAT-FINANCIAL-001;ES-FEAT-COMMUNICATIONS-001;ES-FEAT-TASKS-001;ES-FEAT-HORSE-001,ARCHITECTURE,DRAFT_CODE_GUIDE,Derived from revised structured row ES-FEAT-DEVELOPER-007 after independent-review adjudication; evidence tier=KEYWORD_MATCH_ONLY.
FOUNDER_DECISION_QUEUE,ES-FEAT-DEVELOPER-007,integrations,Developer platform and extensibility,HIGH:9,P1,Platform Admin;Developer;Integration Partner;Support,CODE_GUIDE_GAP,IMPLEMENTED_UNVERIFIED,ES-FEAT-PLATFORM-001;ES-FEAT-DEVELOPER-001;ES-FEAT-IDENTITY-001;ES-FEAT-RELATIONSHIP-001;ES-FEAT-FINANCIAL-001;ES-FEAT-COMMUNICATIONS-001;ES-FEAT-TASKS-001;ES-FEAT-HORSE-001,ARCHITECTURE,DRAFT_CODE_GUIDE,Derived from revised structured row ES-FEAT-DEVELOPER-007 after independent-review adjudication; evidence tier=KEYWORD_MATCH_ONLY.
IMPLEMENTATION_VERIFICATION_QUEUE,ES-FEAT-DEVELOPER-007,integrations,Developer platform and extensibility,HIGH:9,P1,Platform Admin;Developer;Integration Partner;Support,CODE_GUIDE_GAP,IMPLEMENTED_UNVERIFIED,ES-FEAT-PLATFORM-001;ES-FEAT-DEVELOPER-001;ES-FEAT-IDENTITY-001;ES-FEAT-RELATIONSHIP-001;ES-FEAT-FINANCIAL-001;ES-FEAT-COMMUNICATIONS-001;ES-FEAT-TASKS-001;ES-FEAT-HORSE-001,ARCHITECTURE,DRAFT_CODE_GUIDE,Derived from revised structured row ES-FEAT-DEVELOPER-007 after independent-review adjudication; evidence tier=KEYWORD_MATCH_ONLY.
RUNTIME_VERIFICATION_QUEUE,ES-FEAT-DEVELOPER-007,integrations,Developer platform and extensibility,HIGH:9,P1,Platform Admin;Developer;Integration Partner;Support,CODE_GUIDE_GAP,IMPLEMENTED_UNVERIFIED,ES-FEAT-PLATFORM-001;ES-FEAT-DEVELOPER-001;ES-FEAT-IDENTITY-001;ES-FEAT-RELATIONSHIP-001;ES-FEAT-FINANCIAL-001;ES-FEAT-COMMUNICATIONS-001;ES-FEAT-TASKS-001;ES-FEAT-HORSE-001,ARCHITECTURE,DRAFT_CODE_GUIDE,Derived from revised structured row ES-FEAT-DEVELOPER-007 after independent-review adjudication; evidence tier=KEYWORD_MATCH_ONLY.
CODE_GUIDE_QUEUE,ES-FEAT-DEVELOPER-008,rate limits,Developer platform and extensibility,MEDIUM:4,P1,Platform Admin;Developer;Integration Partner;Support,CODE_GUIDE_GAP,PARTIAL_IMPLEMENTATION,ES-FEAT-PLATFORM-001;ES-FEAT-DEVELOPER-001;ES-FEAT-IDENTITY-001;ES-FEAT-RELATIONSHIP-001;ES-FEAT-FINANCIAL-001;ES-FEAT-COMMUNICATIONS-001;ES-FEAT-TASKS-001;ES-FEAT-HORSE-001;ES-FEAT-CARE-001,ARCHITECTURE,DRAFT_CODE_GUIDE,Derived from revised structured row ES-FEAT-DEVELOPER-008 after independent-review adjudication; evidence tier=KEYWORD_MATCH_ONLY.
FOUNDER_DECISION_QUEUE,ES-FEAT-DEVELOPER-008,rate limits,Developer platform and extensibility,MEDIUM:4,P1,Platform Admin;Developer;Integration Partner;Support,CODE_GUIDE_GAP,PARTIAL_IMPLEMENTATION,ES-FEAT-PLATFORM-001;ES-FEAT-DEVELOPER-001;ES-FEAT-IDENTITY-001;ES-FEAT-RELATIONSHIP-001;ES-FEAT-FINANCIAL-001;ES-FEAT-COMMUNICATIONS-001;ES-FEAT-TASKS-001;ES-FEAT-HORSE-001;ES-FEAT-CARE-001,ARCHITECTURE,DRAFT_CODE_GUIDE,Derived from revised structured row ES-FEAT-DEVELOPER-008 after independent-review adjudication; evidence tier=KEYWORD_MATCH_ONLY.
IMPLEMENTATION_VERIFICATION_QUEUE,ES-FEAT-DEVELOPER-008,rate limits,Developer platform and extensibility,MEDIUM:4,P1,Platform Admin;Developer;Integration Partner;Support,CODE_GUIDE_GAP,PARTIAL_IMPLEMENTATION,ES-FEAT-PLATFORM-001;ES-FEAT-DEVELOPER-001;ES-FEAT-IDENTITY-001;ES-FEAT-RELATIONSHIP-001;ES-FEAT-FINANCIAL-001;ES-FEAT-COMMUNICATIONS-001;ES-FEAT-TASKS-001;ES-FEAT-HORSE-001;ES-FEAT-CARE-001,ARCHITECTURE,DRAFT_CODE_GUIDE,Derived from revised structured row ES-FEAT-DEVELOPER-008 after independent-review adjudication; evidence tier=KEYWORD_MATCH_ONLY.
RUNTIME_VERIFICATION_QUEUE,ES-FEAT-DEVELOPER-008,rate limits,Developer platform and extensibility,MEDIUM:4,P1,Platform Admin;Developer;Integration Partner;Support,CODE_GUIDE_GAP,PARTIAL_IMPLEMENTATION,ES-FEAT-PLATFORM-001;ES-FEAT-DEVELOPER-001;ES-FEAT-IDENTITY-001;ES-FEAT-RELATIONSHIP-001;ES-FEAT-FINANCIAL-001;ES-FEAT-COMMUNICATIONS-001;ES-FEAT-TASKS-001;ES-FEAT-HORSE-001;ES-FEAT-CARE-001,ARCHITECTURE,DRAFT_CODE_GUIDE,Derived from revised structured row ES-FEAT-DEVELOPER-008 after independent-review adjudication; evidence tier=KEYWORD_MATCH_ONLY.
CODE_GUIDE_QUEUE,ES-FEAT-DEVELOPER-009,versioning,Developer platform and extensibility,MEDIUM:2,P1,Platform Admin;Developer;Integration Partner;Support,CODE_GUIDE_GAP,PARTIAL_IMPLEMENTATION,ES-FEAT-PLATFORM-001;ES-FEAT-DEVELOPER-001;ES-FEAT-IDENTITY-001;ES-FEAT-RELATIONSHIP-001;ES-FEAT-FINANCIAL-001;ES-FEAT-COMMUNICATIONS-001;ES-FEAT-TASKS-001;ES-FEAT-HORSE-001,ARCHITECTURE,DRAFT_CODE_GUIDE,Derived from revised structured row ES-FEAT-DEVELOPER-009 after independent-review adjudication; evidence tier=KEYWORD_MATCH_ONLY.
FOUNDER_DECISION_QUEUE,ES-FEAT-DEVELOPER-009,versioning,Developer platform and extensibility,MEDIUM:2,P1,Platform Admin;Developer;Integration Partner;Support,CODE_GUIDE_GAP,PARTIAL_IMPLEMENTATION,ES-FEAT-PLATFORM-001;ES-FEAT-DEVELOPER-001;ES-FEAT-IDENTITY-001;ES-FEAT-RELATIONSHIP-001;ES-FEAT-FINANCIAL-001;ES-FEAT-COMMUNICATIONS-001;ES-FEAT-TASKS-001;ES-FEAT-HORSE-001,ARCHITECTURE,DRAFT_CODE_GUIDE,Derived from revised structured row ES-FEAT-DEVELOPER-009 after independent-review adjudication; evidence tier=KEYWORD_MATCH_ONLY.
IMPLEMENTATION_VERIFICATION_QUEUE,ES-FEAT-DEVELOPER-009,versioning,Developer platform and extensibility,MEDIUM:2,P1,Platform Admin;Developer;Integration Partner;Support,CODE_GUIDE_GAP,PARTIAL_IMPLEMENTATION,ES-FEAT-PLATFORM-001;ES-FEAT-DEVELOPER-001;ES-FEAT-IDENTITY-001;ES-FEAT-RELATIONSHIP-001;ES-FEAT-FINANCIAL-001;ES-FEAT-COMMUNICATIONS-001;ES-FEAT-TASKS-001;ES-FEAT-HORSE-001,ARCHITECTURE,DRAFT_CODE_GUIDE,Derived from revised structured row ES-FEAT-DEVELOPER-009 after independent-review adjudication; evidence tier=KEYWORD_MATCH_ONLY.
RUNTIME_VERIFICATION_QUEUE,ES-FEAT-DEVELOPER-009,versioning,Developer platform and extensibility,MEDIUM:2,P1,Platform Admin;Developer;Integration Partner;Support,CODE_GUIDE_GAP,PARTIAL_IMPLEMENTATION,ES-FEAT-PLATFORM-001;ES-FEAT-DEVELOPER-001;ES-FEAT-IDENTITY-001;ES-FEAT-RELATIONSHIP-001;ES-FEAT-FINANCIAL-001;ES-FEAT-COMMUNICATIONS-001;ES-FEAT-TASKS-001;ES-FEAT-HORSE-001,ARCHITECTURE,DRAFT_CODE_GUIDE,Derived from revised structured row ES-FEAT-DEVELOPER-009 after independent-review adjudication; evidence tier=KEYWORD_MATCH_ONLY.
CODE_GUIDE_QUEUE,ES-FEAT-DEVELOPER-010,developer credentials,Developer platform and extensibility,MEDIUM:8,P1,Platform Admin;Developer;Integration Partner;Support,CODE_GUIDE_GAP,PARTIAL_IMPLEMENTATION,ES-FEAT-PLATFORM-001;ES-FEAT-DEVELOPER-001;ES-FEAT-IDENTITY-001;ES-FEAT-RELATIONSHIP-001;ES-FEAT-FINANCIAL-001;ES-FEAT-COMMUNICATIONS-001;ES-FEAT-TASKS-001,ARCHITECTURE,DRAFT_CODE_GUIDE,Derived from revised structured row ES-FEAT-DEVELOPER-010 after independent-review adjudication; evidence tier=KEYWORD_MATCH_ONLY.
FOUNDER_DECISION_QUEUE,ES-FEAT-DEVELOPER-010,developer credentials,Developer platform and extensibility,MEDIUM:8,P1,Platform Admin;Developer;Integration Partner;Support,CODE_GUIDE_GAP,PARTIAL_IMPLEMENTATION,ES-FEAT-PLATFORM-001;ES-FEAT-DEVELOPER-001;ES-FEAT-IDENTITY-001;ES-FEAT-RELATIONSHIP-001;ES-FEAT-FINANCIAL-001;ES-FEAT-COMMUNICATIONS-001;ES-FEAT-TASKS-001,ARCHITECTURE,DRAFT_CODE_GUIDE,Derived from revised structured row ES-FEAT-DEVELOPER-010 after independent-review adjudication; evidence tier=KEYWORD_MATCH_ONLY.
IMPLEMENTATION_VERIFICATION_QUEUE,ES-FEAT-DEVELOPER-010,developer credentials,Developer platform and extensibility,MEDIUM:8,P1,Platform Admin;Developer;Integration Partner;Support,CODE_GUIDE_GAP,PARTIAL_IMPLEMENTATION,ES-FEAT-PLATFORM-001;ES-FEAT-DEVELOPER-001;ES-FEAT-IDENTITY-001;ES-FEAT-RELATIONSHIP-001;ES-FEAT-FINANCIAL-001;ES-FEAT-COMMUNICATIONS-001;ES-FEAT-TASKS-001,ARCHITECTURE,DRAFT_CODE_GUIDE,Derived from revised structured row ES-FEAT-DEVELOPER-010 after independent-review adjudication; evidence tier=KEYWORD_MATCH_ONLY.
RUNTIME_VERIFICATION_QUEUE,ES-FEAT-DEVELOPER-010,developer credentials,Developer platform and extensibility,MEDIUM:8,P1,Platform Admin;Developer;Integration Partner;Support,CODE_GUIDE_GAP,PARTIAL_IMPLEMENTATION,ES-FEAT-PLATFORM-001;ES-FEAT-DEVELOPER-001;ES-FEAT-IDENTITY-001;ES-FEAT-RELATIONSHIP-001;ES-FEAT-FINANCIAL-001;ES-FEAT-COMMUNICATIONS-001;ES-FEAT-TASKS-001,ARCHITECTURE,DRAFT_CODE_GUIDE,Derived from revised structured row ES-FEAT-DEVELOPER-010 after independent-review adjudication; evidence tier=KEYWORD_MATCH_ONLY.
CODE_GUIDE_QUEUE,ES-FEAT-DEVELOPER-011,sandbox behavior,Developer platform and extensibility,MEDIUM:6,P1,Platform Admin;Developer;Integration Partner;Support,CODE_GUIDE_GAP,PARTIAL_IMPLEMENTATION,ES-FEAT-PLATFORM-001;ES-FEAT-DEVELOPER-001;ES-FEAT-IDENTITY-001;ES-FEAT-RELATIONSHIP-001;ES-FEAT-FINANCIAL-001;ES-FEAT-COMMUNICATIONS-001;ES-FEAT-TASKS-001;ES-FEAT-HORSE-001;ES-FEAT-CARE-001,ARCHITECTURE,DRAFT_CODE_GUIDE,Derived from revised structured row ES-FEAT-DEVELOPER-011 after independent-review adjudication; evidence tier=KEYWORD_MATCH_ONLY.
FOUNDER_DECISION_QUEUE,ES-FEAT-DEVELOPER-011,sandbox behavior,Developer platform and extensibility,MEDIUM:6,P1,Platform Admin;Developer;Integration Partner;Support,CODE_GUIDE_GAP,PARTIAL_IMPLEMENTATION,ES-FEAT-PLATFORM-001;ES-FEAT-DEVELOPER-001;ES-FEAT-IDENTITY-001;ES-FEAT-RELATIONSHIP-001;ES-FEAT-FINANCIAL-001;ES-FEAT-COMMUNICATIONS-001;ES-FEAT-TASKS-001;ES-FEAT-HORSE-001;ES-FEAT-CARE-001,ARCHITECTURE,DRAFT_CODE_GUIDE,Derived from revised structured row ES-FEAT-DEVELOPER-011 after independent-review adjudication; evidence tier=KEYWORD_MATCH_ONLY.
IMPLEMENTATION_VERIFICATION_QUEUE,ES-FEAT-DEVELOPER-011,sandbox behavior,Developer platform and extensibility,MEDIUM:6,P1,Platform Admin;Developer;Integration Partner;Support,CODE_GUIDE_GAP,PARTIAL_IMPLEMENTATION,ES-FEAT-PLATFORM-001;ES-FEAT-DEVELOPER-001;ES-FEAT-IDENTITY-001;ES-FEAT-RELATIONSHIP-001;ES-FEAT-FINANCIAL-001;ES-FEAT-COMMUNICATIONS-001;ES-FEAT-TASKS-001;ES-FEAT-HORSE-001;ES-FEAT-CARE-001,ARCHITECTURE,DRAFT_CODE_GUIDE,Derived from revised structured row ES-FEAT-DEVELOPER-011 after independent-review adjudication; evidence tier=KEYWORD_MATCH_ONLY.
RUNTIME_VERIFICATION_QUEUE,ES-FEAT-DEVELOPER-011,sandbox behavior,Developer platform and extensibility,MEDIUM:6,P1,Platform Admin;Developer;Integration Partner;Support,CODE_GUIDE_GAP,PARTIAL_IMPLEMENTATION,ES-FEAT-PLATFORM-001;ES-FEAT-DEVELOPER-001;ES-FEAT-IDENTITY-001;ES-FEAT-RELATIONSHIP-001;ES-FEAT-FINANCIAL-001;ES-FEAT-COMMUNICATIONS-001;ES-FEAT-TASKS-001;ES-FEAT-HORSE-001;ES-FEAT-CARE-001,ARCHITECTURE,DRAFT_CODE_GUIDE,Derived from revised structured row ES-FEAT-DEVELOPER-011 after independent-review adjudication; evidence tier=KEYWORD_MATCH_ONLY.
CODE_GUIDE_QUEUE,ES-FEAT-DEVELOPER-012,deprecation,Developer platform and extensibility,MEDIUM:4,P1,Platform Admin;Developer;Integration Partner;Support,CODE_GUIDE_GAP,PARTIAL_IMPLEMENTATION,ES-FEAT-PLATFORM-001;ES-FEAT-DEVELOPER-001;ES-FEAT-IDENTITY-001;ES-FEAT-RELATIONSHIP-001;ES-FEAT-FINANCIAL-001;ES-FEAT-COMMUNICATIONS-001;ES-FEAT-TASKS-001;ES-FEAT-HORSE-001,ARCHITECTURE,DRAFT_CODE_GUIDE,Derived from revised structured row ES-FEAT-DEVELOPER-012 after independent-review adjudication; evidence tier=KEYWORD_MATCH_ONLY.
FOUNDER_DECISION_QUEUE,ES-FEAT-DEVELOPER-012,deprecation,Developer platform and extensibility,MEDIUM:4,P1,Platform Admin;Developer;Integration Partner;Support,CODE_GUIDE_GAP,PARTIAL_IMPLEMENTATION,ES-FEAT-PLATFORM-001;ES-FEAT-DEVELOPER-001;ES-FEAT-IDENTITY-001;ES-FEAT-RELATIONSHIP-001;ES-FEAT-FINANCIAL-001;ES-FEAT-COMMUNICATIONS-001;ES-FEAT-TASKS-001;ES-FEAT-HORSE-001,ARCHITECTURE,DRAFT_CODE_GUIDE,Derived from revised structured row ES-FEAT-DEVELOPER-012 after independent-review adjudication; evidence tier=KEYWORD_MATCH_ONLY.
IMPLEMENTATION_VERIFICATION_QUEUE,ES-FEAT-DEVELOPER-012,deprecation,Developer platform and extensibility,MEDIUM:4,P1,Platform Admin;Developer;Integration Partner;Support,CODE_GUIDE_GAP,PARTIAL_IMPLEMENTATION,ES-FEAT-PLATFORM-001;ES-FEAT-DEVELOPER-001;ES-FEAT-IDENTITY-001;ES-FEAT-RELATIONSHIP-001;ES-FEAT-FINANCIAL-001;ES-FEAT-COMMUNICATIONS-001;ES-FEAT-TASKS-001;ES-FEAT-HORSE-001,ARCHITECTURE,DRAFT_CODE_GUIDE,Derived from revised structured row ES-FEAT-DEVELOPER-012 after independent-review adjudication; evidence tier=KEYWORD_MATCH_ONLY.
RUNTIME_VERIFICATION_QUEUE,ES-FEAT-DEVELOPER-012,deprecation,Developer platform and extensibility,MEDIUM:4,P1,Platform Admin;Developer;Integration Partner;Support,CODE_GUIDE_GAP,PARTIAL_IMPLEMENTATION,ES-FEAT-PLATFORM-001;ES-FEAT-DEVELOPER-001;ES-FEAT-IDENTITY-001;ES-FEAT-RELATIONSHIP-001;ES-FEAT-FINANCIAL-001;ES-FEAT-COMMUNICATIONS-001;ES-FEAT-TASKS-001;ES-FEAT-HORSE-001,ARCHITECTURE,DRAFT_CODE_GUIDE,Derived from revised structured row ES-FEAT-DEVELOPER-012 after independent-review adjudication; evidence tier=KEYWORD_MATCH_ONLY.
CONFLICT_RESOLUTION_QUEUE,ES-FEAT-PLATFORM-001,application shell,Platform and shell,LOW:3,P2,Admin;Facility Owner;Barn Manager;Trainer;Staff;Owner;Guardian;Rider;Service Provider,COVERED_WITH_RETAINED_GAP,IMPLEMENTED_UNVERIFIED,,ENGINEERING,RESOLVE_AUTHORITY_CONFLICT,Derived from atomic conflict ATOMIC-CONFLICT-001; no opaque conflict-queue exemption.
CONFLICT_RESOLUTION_QUEUE,ES-FEAT-PLATFORM-002,role-aware navigation,Platform and shell,MEDIUM:4,P2,Admin;Facility Owner;Barn Manager;Trainer;Staff;Owner;Guardian;Rider;Service Provider,COVERED_WITH_RETAINED_GAP,IMPLEMENTED_UNVERIFIED,ES-FEAT-PLATFORM-001;ES-FEAT-IDENTITY-001;ES-FEAT-RELATIONSHIP-001;ES-FEAT-FINANCIAL-001;ES-FEAT-COMMUNICATIONS-001;ES-FEAT-TASKS-001,ENGINEERING,RESOLVE_AUTHORITY_CONFLICT,Derived from atomic conflict ATOMIC-CONFLICT-002; no opaque conflict-queue exemption.
CONFLICT_RESOLUTION_QUEUE,ES-FEAT-PLATFORM-003,operating centers,Platform and shell,MEDIUM:4,P1,Admin;Facility Owner;Barn Manager;Trainer;Staff;Owner;Guardian;Rider;Service Provider,PIA_SUPPLEMENT_CANDIDATE,IMPLEMENTED_UNVERIFIED,ES-FEAT-PLATFORM-001;ES-FEAT-IDENTITY-001;ES-FEAT-RELATIONSHIP-001;ES-FEAT-FINANCIAL-001;ES-FEAT-COMMUNICATIONS-001;ES-FEAT-TASKS-001,GOVERNANCE,RESOLVE_AUTHORITY_CONFLICT,Derived from atomic conflict ATOMIC-CONFLICT-003; no opaque conflict-queue exemption.
CONFLICT_RESOLUTION_QUEUE,ES-FEAT-PLATFORM-004,search,Platform and shell,LOW:4,P2,Admin;Facility Owner;Barn Manager;Trainer;Staff;Owner;Guardian;Rider;Service Provider,COVERED_WITH_RETAINED_GAP,IMPLEMENTED_UNVERIFIED,ES-FEAT-PLATFORM-001;ES-FEAT-IDENTITY-001;ES-FEAT-RELATIONSHIP-001;ES-FEAT-FINANCIAL-001;ES-FEAT-COMMUNICATIONS-001;ES-FEAT-TASKS-001,ENGINEERING,RESOLVE_AUTHORITY_CONFLICT,Derived from atomic conflict ATOMIC-CONFLICT-004; no opaque conflict-queue exemption.
CONFLICT_RESOLUTION_QUEUE,ES-FEAT-PLATFORM-005,context switching,Platform and shell,MEDIUM:6,P1,Admin;Facility Owner;Barn Manager;Trainer;Staff;Owner;Guardian;Rider;Service Provider,PIA_SUPPLEMENT_CANDIDATE,IMPLEMENTED_UNVERIFIED,ES-FEAT-PLATFORM-001;ES-FEAT-IDENTITY-001;ES-FEAT-RELATIONSHIP-001;ES-FEAT-FINANCIAL-001;ES-FEAT-COMMUNICATIONS-001;ES-FEAT-TASKS-001,GOVERNANCE,RESOLVE_AUTHORITY_CONFLICT,Derived from atomic conflict ATOMIC-CONFLICT-005; no opaque conflict-queue exemption.
CONFLICT_RESOLUTION_QUEUE,ES-FEAT-PLATFORM-006,dashboard composition,Platform and shell,MEDIUM:4,P1,Admin;Facility Owner;Barn Manager;Trainer;Staff;Owner;Guardian;Rider;Service Provider,PIA_SUPPLEMENT_CANDIDATE,IMPLEMENTED_UNVERIFIED,ES-FEAT-PLATFORM-001;ES-FEAT-IDENTITY-001;ES-FEAT-RELATIONSHIP-001;ES-FEAT-FINANCIAL-001;ES-FEAT-COMMUNICATIONS-001;ES-FEAT-TASKS-001,GOVERNANCE,RESOLVE_AUTHORITY_CONFLICT,Derived from atomic conflict ATOMIC-CONFLICT-006; no opaque conflict-queue exemption.
CONFLICT_RESOLUTION_QUEUE,ES-FEAT-PLATFORM-007,feature discovery,Platform and shell,MEDIUM:8,P1,Admin;Facility Owner;Barn Manager;Trainer;Staff;Owner;Guardian;Rider;Service Provider,PIA_SUPPLEMENT_CANDIDATE,IMPLEMENTED_UNVERIFIED,ES-FEAT-PLATFORM-001;ES-FEAT-IDENTITY-001;ES-FEAT-RELATIONSHIP-001;ES-FEAT-FINANCIAL-001;ES-FEAT-COMMUNICATIONS-001;ES-FEAT-TASKS-001,GOVERNANCE,RESOLVE_AUTHORITY_CONFLICT,Derived from atomic conflict ATOMIC-CONFLICT-007; no opaque conflict-queue exemption.
CONFLICT_RESOLUTION_QUEUE,ES-FEAT-PLATFORM-008,global actions,Platform and shell,MEDIUM:6,P1,Admin;Facility Owner;Barn Manager;Trainer;Staff;Owner;Guardian;Rider;Service Provider,PIA_SUPPLEMENT_CANDIDATE,IMPLEMENTED_UNVERIFIED,ES-FEAT-PLATFORM-001;ES-FEAT-IDENTITY-001;ES-FEAT-RELATIONSHIP-001;ES-FEAT-FINANCIAL-001;ES-FEAT-COMMUNICATIONS-001;ES-FEAT-TASKS-001,GOVERNANCE,RESOLVE_AUTHORITY_CONFLICT,Derived from atomic conflict ATOMIC-CONFLICT-008; no opaque conflict-queue exemption.
CONFLICT_RESOLUTION_QUEUE,ES-FEAT-PLATFORM-009,administrative navigation,Platform and shell,MEDIUM:4,P1,Admin;Facility Owner;Barn Manager;Trainer;Staff;Owner;Guardian;Rider;Service Provider,PIA_SUPPLEMENT_CANDIDATE,IMPLEMENTED_UNVERIFIED,ES-FEAT-PLATFORM-001;ES-FEAT-IDENTITY-001;ES-FEAT-RELATIONSHIP-001;ES-FEAT-FINANCIAL-001;ES-FEAT-COMMUNICATIONS-001;ES-FEAT-TASKS-001,GOVERNANCE,RESOLVE_AUTHORITY_CONFLICT,Derived from atomic conflict ATOMIC-CONFLICT-009; no opaque conflict-queue exemption.
CONFLICT_RESOLUTION_QUEUE,ES-FEAT-PLATFORM-010,multi-facility context,Platform and shell,MEDIUM:8,P1,Admin;Facility Owner;Barn Manager;Trainer;Staff;Owner;Guardian;Rider;Service Provider,PIA_SUPPLEMENT_CANDIDATE,IMPLEMENTED_UNVERIFIED,ES-FEAT-PLATFORM-001;ES-FEAT-IDENTITY-001;ES-FEAT-RELATIONSHIP-001;ES-FEAT-COMMUNICATIONS-001;ES-FEAT-TASKS-001,GOVERNANCE,RESOLVE_AUTHORITY_CONFLICT,Derived from atomic conflict ATOMIC-CONFLICT-010; no opaque conflict-queue exemption.
CONFLICT_RESOLUTION_QUEUE,ES-FEAT-IDENTITY-001,person identity,Identity and access,MEDIUM:2,P2,Guest;User;Admin;Facility Owner;Barn Manager;Trainer;Staff;Owner;Guardian;Rider;Service Provider,COVERED_WITH_RETAINED_GAP,IMPLEMENTED_UNVERIFIED,ES-FEAT-PLATFORM-001,ENGINEERING,RESOLVE_AUTHORITY_CONFLICT,Derived from atomic conflict ATOMIC-CONFLICT-011; no opaque conflict-queue exemption.
CONFLICT_RESOLUTION_QUEUE,ES-FEAT-IDENTITY-002,accounts,Identity and access,MEDIUM:8,P2,Guest;User;Admin;Facility Owner;Barn Manager;Trainer;Staff;Owner;Guardian;Rider;Service Provider,COVERED_WITH_RETAINED_GAP,IMPLEMENTED_UNVERIFIED,ES-FEAT-PLATFORM-001;ES-FEAT-IDENTITY-001;ES-FEAT-RELATIONSHIP-001;ES-FEAT-FINANCIAL-001;ES-FEAT-COMMUNICATIONS-001;ES-FEAT-TASKS-001;ES-FEAT-HORSE-001;ES-FEAT-CARE-001,ENGINEERING,RESOLVE_AUTHORITY_CONFLICT,Derived from atomic conflict ATOMIC-CONFLICT-012; no opaque conflict-queue exemption.
CONFLICT_RESOLUTION_QUEUE,ES-FEAT-IDENTITY-003,authentication,Identity and access,LOW:3,P2,Guest;User;Admin;Facility Owner;Barn Manager;Trainer;Staff;Owner;Guardian;Rider;Service Provider,COVERED_WITH_RETAINED_GAP,IMPLEMENTED_UNVERIFIED,ES-FEAT-PLATFORM-001;ES-FEAT-IDENTITY-001;ES-FEAT-RELATIONSHIP-001;ES-FEAT-FINANCIAL-001;ES-FEAT-COMMUNICATIONS-001;ES-FEAT-TASKS-001;ES-FEAT-HORSE-001;ES-FEAT-CARE-001,ENGINEERING,RESOLVE_AUTHORITY_CONFLICT,Derived from atomic conflict ATOMIC-CONFLICT-013; no opaque conflict-queue exemption.
CONFLICT_RESOLUTION_QUEUE,ES-FEAT-IDENTITY-004,passkeys and MFA,Identity and access,MEDIUM:6,P1,Guest;User;Admin;Facility Owner;Barn Manager;Trainer;Staff;Owner;Guardian;Rider;Service Provider,COVERED_WITH_RETAINED_GAP,NOT_FOUND,ES-FEAT-PLATFORM-001;ES-FEAT-IDENTITY-001;ES-FEAT-RELATIONSHIP-001;ES-FEAT-FINANCIAL-001;ES-FEAT-COMMUNICATIONS-001;ES-FEAT-TASKS-001;ES-FEAT-HORSE-001;ES-FEAT-CARE-001,ENGINEERING,RESOLVE_AUTHORITY_CONFLICT,Derived from atomic conflict ATOMIC-CONFLICT-014; no opaque conflict-queue exemption.
CONFLICT_RESOLUTION_QUEUE,ES-FEAT-IDENTITY-005,sessions,Identity and access,MEDIUM:4,P0,Guest;User;Admin;Facility Owner;Barn Manager;Trainer;Staff;Owner;Guardian;Rider;Service Provider,PIA_SUPPLEMENT_CANDIDATE,IMPLEMENTED_UNVERIFIED,ES-FEAT-PLATFORM-001;ES-FEAT-IDENTITY-001;ES-FEAT-RELATIONSHIP-001;ES-FEAT-FINANCIAL-001;ES-FEAT-COMMUNICATIONS-001;ES-FEAT-TASKS-001;ES-FEAT-HORSE-001;ES-FEAT-CARE-001,GOVERNANCE,RESOLVE_AUTHORITY_CONFLICT,Derived from atomic conflict ATOMIC-CONFLICT-015; no opaque conflict-queue exemption.
CONFLICT_RESOLUTION_QUEUE,ES-FEAT-IDENTITY-006,recovery (Identity),Identity and access,MEDIUM:8,P0,Guest;User;Admin;Facility Owner;Barn Manager;Trainer;Staff;Owner;Guardian;Rider;Service Provider,PIA_SUPPLEMENT_CANDIDATE,IMPLEMENTED_UNVERIFIED,ES-FEAT-PLATFORM-001;ES-FEAT-IDENTITY-001;ES-FEAT-RELATIONSHIP-001;ES-FEAT-FINANCIAL-001;ES-FEAT-COMMUNICATIONS-001;ES-FEAT-TASKS-001;ES-FEAT-HORSE-001;ES-FEAT-CARE-001,GOVERNANCE,RESOLVE_AUTHORITY_CONFLICT,Derived from atomic conflict ATOMIC-CONFLICT-016; no opaque conflict-queue exemption.
CONFLICT_RESOLUTION_QUEUE,ES-FEAT-IDENTITY-007,invitations,Identity and access,MEDIUM:6,P0,Guest;User;Admin;Facility Owner;Barn Manager;Trainer;Staff;Owner;Guardian;Rider;Service Provider,PIA_SUPPLEMENT_CANDIDATE,IMPLEMENTED_UNVERIFIED,ES-FEAT-PLATFORM-001;ES-FEAT-IDENTITY-001;ES-FEAT-RELATIONSHIP-001;ES-FEAT-FINANCIAL-001;ES-FEAT-COMMUNICATIONS-001;ES-FEAT-TASKS-001;ES-FEAT-HORSE-001;ES-FEAT-CARE-001,GOVERNANCE,RESOLVE_AUTHORITY_CONFLICT,Derived from atomic conflict ATOMIC-CONFLICT-017; no opaque conflict-queue exemption.
CONFLICT_RESOLUTION_QUEUE,ES-FEAT-IDENTITY-008,enrollment,Identity and access,MEDIUM:4,P0,Guest;User;Admin;Facility Owner;Barn Manager;Trainer;Staff;Owner;Guardian;Rider;Service Provider,PIA_SUPPLEMENT_CANDIDATE,IMPLEMENTED_UNVERIFIED,ES-FEAT-PLATFORM-001;ES-FEAT-IDENTITY-001;ES-FEAT-RELATIONSHIP-001;ES-FEAT-FINANCIAL-001;ES-FEAT-COMMUNICATIONS-001;ES-FEAT-TASKS-001;ES-FEAT-HORSE-001;ES-FEAT-CARE-001,GOVERNANCE,RESOLVE_AUTHORITY_CONFLICT,Derived from atomic conflict ATOMIC-CONFLICT-018; no opaque conflict-queue exemption.
CONFLICT_RESOLUTION_QUEUE,ES-FEAT-IDENTITY-009,tenant membership,Identity and access,MEDIUM:8,P0,Guest;User;Admin;Facility Owner;Barn Manager;Trainer;Staff;Owner;Guardian;Rider;Service Provider,PIA_SUPPLEMENT_CANDIDATE,IMPLEMENTED_UNVERIFIED,ES-FEAT-PLATFORM-001;ES-FEAT-IDENTITY-001;ES-FEAT-RELATIONSHIP-001;ES-FEAT-FINANCIAL-001;ES-FEAT-COMMUNICATIONS-001;ES-FEAT-TASKS-001;ES-FEAT-HORSE-001;ES-FEAT-CARE-001,GOVERNANCE,RESOLVE_AUTHORITY_CONFLICT,Derived from atomic conflict ATOMIC-CONFLICT-019; no opaque conflict-queue exemption.
CONFLICT_RESOLUTION_QUEUE,ES-FEAT-IDENTITY-010,facility membership,Identity and access,MEDIUM:6,P0,Guest;User;Admin;Facility Owner;Barn Manager;Trainer;Staff;Owner;Guardian;Rider;Service Provider,PIA_SUPPLEMENT_CANDIDATE,IMPLEMENTED_UNVERIFIED,ES-FEAT-PLATFORM-001;ES-FEAT-IDENTITY-001;ES-FEAT-RELATIONSHIP-001;ES-FEAT-FINANCIAL-001;ES-FEAT-COMMUNICATIONS-001;ES-FEAT-TASKS-001;ES-FEAT-HORSE-001,GOVERNANCE,RESOLVE_AUTHORITY_CONFLICT,Derived from atomic conflict ATOMIC-CONFLICT-020; no opaque conflict-queue exemption.
CONFLICT_RESOLUTION_QUEUE,ES-FEAT-IDENTITY-011,roles and capabilities,Identity and access,MEDIUM:6,P2,Guest;User;Admin;Facility Owner;Barn Manager;Trainer;Staff;Owner;Guardian;Rider;Service Provider,COVERED_WITH_RETAINED_GAP,IMPLEMENTED_UNVERIFIED,ES-FEAT-PLATFORM-001;ES-FEAT-IDENTITY-001;ES-FEAT-RELATIONSHIP-001;ES-FEAT-FINANCIAL-001;ES-FEAT-COMMUNICATIONS-001;ES-FEAT-TASKS-001;ES-FEAT-HORSE-001;ES-FEAT-CARE-001,ENGINEERING,RESOLVE_AUTHORITY_CONFLICT,Derived from atomic conflict ATOMIC-CONFLICT-021; no opaque conflict-queue exemption.
CONFLICT_RESOLUTION_QUEUE,ES-FEAT-IDENTITY-012,delegation,Identity and access,MEDIUM:8,P0,Guest;User;Admin;Facility Owner;Barn Manager;Trainer;Staff;Owner;Guardian;Rider;Service Provider,PIA_SUPPLEMENT_CANDIDATE,IMPLEMENTED_UNVERIFIED,ES-FEAT-PLATFORM-001;ES-FEAT-IDENTITY-001;ES-FEAT-RELATIONSHIP-001;ES-FEAT-FINANCIAL-001;ES-FEAT-COMMUNICATIONS-001;ES-FEAT-TASKS-001;ES-FEAT-HORSE-001;ES-FEAT-CARE-001,GOVERNANCE,RESOLVE_AUTHORITY_CONFLICT,Derived from atomic conflict ATOMIC-CONFLICT-022; no opaque conflict-queue exemption.
CONFLICT_RESOLUTION_QUEUE,ES-FEAT-IDENTITY-013,support access,Identity and access,MEDIUM:6,P0,Guest;User;Admin;Facility Owner;Barn Manager;Trainer;Staff;Owner;Guardian;Rider;Service Provider,PIA_SUPPLEMENT_CANDIDATE,IMPLEMENTED_UNVERIFIED,ES-FEAT-PLATFORM-001;ES-FEAT-IDENTITY-001;ES-FEAT-RELATIONSHIP-001;ES-FEAT-FINANCIAL-001;ES-FEAT-COMMUNICATIONS-001;ES-FEAT-TASKS-001;ES-FEAT-HORSE-001;ES-FEAT-CARE-001,GOVERNANCE,RESOLVE_AUTHORITY_CONFLICT,Derived from atomic conflict ATOMIC-CONFLICT-023; no opaque conflict-queue exemption.
CONFLICT_RESOLUTION_QUEUE,ES-FEAT-IDENTITY-014,service accounts (Identity),Identity and access,MEDIUM:4,P0,Guest;User;Admin;Facility Owner;Barn Manager;Trainer;Staff;Owner;Guardian;Rider;Service Provider,PIA_SUPPLEMENT_CANDIDATE,IMPLEMENTED_UNVERIFIED,ES-FEAT-PLATFORM-001;ES-FEAT-IDENTITY-001;ES-FEAT-RELATIONSHIP-001;ES-FEAT-FINANCIAL-001;ES-FEAT-COMMUNICATIONS-001;ES-FEAT-TASKS-001;ES-FEAT-HORSE-001;ES-FEAT-CARE-001,GOVERNANCE,RESOLVE_AUTHORITY_CONFLICT,Derived from atomic conflict ATOMIC-CONFLICT-024; no opaque conflict-queue exemption.
CONFLICT_RESOLUTION_QUEUE,ES-FEAT-IDENTITY-015,account closure,Identity and access,MEDIUM:8,P0,Guest;User;Admin;Facility Owner;Barn Manager;Trainer;Staff;Owner;Guardian;Rider;Service Provider,PIA_SUPPLEMENT_CANDIDATE,IMPLEMENTED_UNVERIFIED,ES-FEAT-PLATFORM-001;ES-FEAT-IDENTITY-001;ES-FEAT-RELATIONSHIP-001;ES-FEAT-FINANCIAL-001;ES-FEAT-COMMUNICATIONS-001;ES-FEAT-TASKS-001;ES-FEAT-HORSE-001;ES-FEAT-CARE-001,GOVERNANCE,RESOLVE_AUTHORITY_CONFLICT,Derived from atomic conflict ATOMIC-CONFLICT-025; no opaque conflict-queue exemption.
CONFLICT_RESOLUTION_QUEUE,ES-FEAT-IDENTITY-016,duplicate identity and merge,Identity and access,MEDIUM:6,P0,Guest;User;Admin;Facility Owner;Barn Manager;Trainer;Staff;Owner;Guardian;Rider;Service Provider,PIA_SUPPLEMENT_CANDIDATE,IMPLEMENTED_UNVERIFIED,ES-FEAT-PLATFORM-001;ES-FEAT-IDENTITY-001;ES-FEAT-RELATIONSHIP-001;ES-FEAT-FINANCIAL-001;ES-FEAT-COMMUNICATIONS-001;ES-FEAT-TASKS-001;ES-FEAT-HORSE-001;ES-FEAT-CARE-001,GOVERNANCE,RESOLVE_AUTHORITY_CONFLICT,Derived from atomic conflict ATOMIC-CONFLICT-026; no opaque conflict-queue exemption.
CONFLICT_RESOLUTION_QUEUE,ES-FEAT-RELATIONSHIP-001,owner-horse relationships,Relationships and guardianship,CRITICAL:8,P0,Owner;Trainer;Guardian;Minor Rider;Barn Manager;Staff;Service Provider,PIA_SUPPLEMENT_CANDIDATE,PARTIAL_IMPLEMENTATION,ES-FEAT-PLATFORM-001,GOVERNANCE,RESOLVE_AUTHORITY_CONFLICT,Derived from atomic conflict ATOMIC-CONFLICT-027; no opaque conflict-queue exemption.
CONFLICT_RESOLUTION_QUEUE,ES-FEAT-RELATIONSHIP-003,guardian-minor relationships,Relationships and guardianship,CRITICAL:12,P0,Owner;Trainer;Guardian;Minor Rider;Barn Manager;Staff;Service Provider,PIA_SUPPLEMENT_CANDIDATE,IMPLEMENTED_UNVERIFIED,ES-FEAT-PLATFORM-001;ES-FEAT-RELATIONSHIP-001;ES-FEAT-IDENTITY-001;ES-FEAT-FINANCIAL-001;ES-FEAT-COMMUNICATIONS-001;ES-FEAT-TASKS-001,GOVERNANCE,RESOLVE_AUTHORITY_CONFLICT,Derived from atomic conflict ATOMIC-CONFLICT-029; no opaque conflict-queue exemption.
CONFLICT_RESOLUTION_QUEUE,ES-FEAT-RELATIONSHIP-004,delegated authority,Relationships and guardianship,CRITICAL:8,P0,Owner;Trainer;Guardian;Minor Rider;Barn Manager;Staff;Service Provider,PIA_SUPPLEMENT_CANDIDATE,PARTIAL_IMPLEMENTATION,ES-FEAT-PLATFORM-001;ES-FEAT-RELATIONSHIP-001;ES-FEAT-IDENTITY-001;ES-FEAT-FINANCIAL-001;ES-FEAT-COMMUNICATIONS-001;ES-FEAT-TASKS-001,GOVERNANCE,RESOLVE_AUTHORITY_CONFLICT,Derived from atomic conflict ATOMIC-CONFLICT-030; no opaque conflict-queue exemption.
CONFLICT_RESOLUTION_QUEUE,ES-FEAT-RELATIONSHIP-005,effective dates,Relationships and guardianship,CRITICAL:16,P0,Owner;Trainer;Guardian;Minor Rider;Barn Manager;Staff;Service Provider,PIA_SUPPLEMENT_CANDIDATE,IMPLEMENTED_UNVERIFIED,ES-FEAT-PLATFORM-001;ES-FEAT-RELATIONSHIP-001;ES-FEAT-IDENTITY-001;ES-FEAT-COMMUNICATIONS-001;ES-FEAT-TASKS-001;ES-FEAT-HORSE-001,GOVERNANCE,RESOLVE_AUTHORITY_CONFLICT,Derived from atomic conflict ATOMIC-CONFLICT-031; no opaque conflict-queue exemption.
CONFLICT_RESOLUTION_QUEUE,ES-FEAT-RELATIONSHIP-006,disputes (Relationships),Relationships and guardianship,CRITICAL:12,P0,Owner;Trainer;Guardian;Minor Rider;Barn Manager;Staff;Service Provider,PIA_SUPPLEMENT_CANDIDATE,PARTIAL_IMPLEMENTATION,ES-FEAT-PLATFORM-001;ES-FEAT-RELATIONSHIP-001;ES-FEAT-IDENTITY-001;ES-FEAT-COMMUNICATIONS-001;ES-FEAT-TASKS-001,GOVERNANCE,RESOLVE_AUTHORITY_CONFLICT,Derived from atomic conflict ATOMIC-CONFLICT-032; no opaque conflict-queue exemption.
CONFLICT_RESOLUTION_QUEUE,ES-FEAT-RELATIONSHIP-007,restrictions,Relationships and guardianship,CRITICAL:8,P0,Owner;Trainer;Guardian;Minor Rider;Barn Manager;Staff;Service Provider,PIA_SUPPLEMENT_CANDIDATE,PARTIAL_IMPLEMENTATION,ES-FEAT-PLATFORM-001;ES-FEAT-RELATIONSHIP-001;ES-FEAT-IDENTITY-001;ES-FEAT-COMMUNICATIONS-001;ES-FEAT-TASKS-001,GOVERNANCE,RESOLVE_AUTHORITY_CONFLICT,Derived from atomic conflict ATOMIC-CONFLICT-033; no opaque conflict-queue exemption.
CONFLICT_RESOLUTION_QUEUE,ES-FEAT-RELATIONSHIP-008,relationship verification,Relationships and guardianship,CRITICAL:16,P0,Owner;Trainer;Guardian;Minor Rider;Barn Manager;Staff;Service Provider,PIA_SUPPLEMENT_CANDIDATE,IMPLEMENTED_UNVERIFIED,ES-FEAT-PLATFORM-001;ES-FEAT-RELATIONSHIP-001;ES-FEAT-IDENTITY-001;ES-FEAT-COMMUNICATIONS-001;ES-FEAT-TASKS-001,GOVERNANCE,RESOLVE_AUTHORITY_CONFLICT,Derived from atomic conflict ATOMIC-CONFLICT-034; no opaque conflict-queue exemption.
CONFLICT_RESOLUTION_QUEUE,ES-FEAT-RELATIONSHIP-009,relationship termination,Relationships and guardianship,CRITICAL:12,P0,Owner;Trainer;Guardian;Minor Rider;Barn Manager;Staff;Service Provider,PIA_SUPPLEMENT_CANDIDATE,IMPLEMENTED_UNVERIFIED,ES-FEAT-PLATFORM-001;ES-FEAT-RELATIONSHIP-001;ES-FEAT-IDENTITY-001;ES-FEAT-COMMUNICATIONS-001;ES-FEAT-TASKS-001,GOVERNANCE,RESOLVE_AUTHORITY_CONFLICT,Derived from atomic conflict ATOMIC-CONFLICT-035; no opaque conflict-queue exemption.
CONFLICT_RESOLUTION_QUEUE,ES-FEAT-RELATIONSHIP-010,cross-tenant relationships,Relationships and guardianship,CRITICAL:8,P0,Owner;Trainer;Guardian;Minor Rider;Barn Manager;Staff;Service Provider,PIA_SUPPLEMENT_CANDIDATE,IMPLEMENTED_UNVERIFIED,ES-FEAT-PLATFORM-001;ES-FEAT-RELATIONSHIP-001;ES-FEAT-IDENTITY-001;ES-FEAT-COMMUNICATIONS-001;ES-FEAT-TASKS-001;ES-FEAT-HORSE-001,GOVERNANCE,RESOLVE_AUTHORITY_CONFLICT,Derived from atomic conflict ATOMIC-CONFLICT-036; no opaque conflict-queue exemption.
CONFLICT_RESOLUTION_QUEUE,ES-FEAT-RELATIONSHIP-011,historical relationships,Relationships and guardianship,CRITICAL:16,P0,Owner;Trainer;Guardian;Minor Rider;Barn Manager;Staff;Service Provider,PIA_SUPPLEMENT_CANDIDATE,PARTIAL_IMPLEMENTATION,ES-FEAT-PLATFORM-001;ES-FEAT-RELATIONSHIP-001;ES-FEAT-IDENTITY-001;ES-FEAT-COMMUNICATIONS-001;ES-FEAT-TASKS-001,GOVERNANCE,RESOLVE_AUTHORITY_CONFLICT,Derived from atomic conflict ATOMIC-CONFLICT-037; no opaque conflict-queue exemption.
CONFLICT_RESOLUTION_QUEUE,ES-FEAT-FACILITY-001,facility creation,"Facility, barn, business, and physical operations",MEDIUM:6,P1,Facility Owner;Barn Manager;Trainer;Staff;Contractor;Owner;Service Provider,PIA_SUPPLEMENT_CANDIDATE,IMPLEMENTED_UNVERIFIED,ES-FEAT-PLATFORM-001,GOVERNANCE,RESOLVE_AUTHORITY_CONFLICT,Derived from atomic conflict ATOMIC-CONFLICT-038; no opaque conflict-queue exemption.
CONFLICT_RESOLUTION_QUEUE,ES-FEAT-FACILITY-002,barn lifecycle,"Facility, barn, business, and physical operations",MEDIUM:4,P1,Facility Owner;Barn Manager;Trainer;Staff;Contractor;Owner;Service Provider,PIA_SUPPLEMENT_CANDIDATE,IMPLEMENTED_UNVERIFIED,ES-FEAT-PLATFORM-001;ES-FEAT-FACILITY-001;ES-FEAT-IDENTITY-001;ES-FEAT-RELATIONSHIP-001;ES-FEAT-COMMUNICATIONS-001;ES-FEAT-TASKS-001,GOVERNANCE,RESOLVE_AUTHORITY_CONFLICT,Derived from atomic conflict ATOMIC-CONFLICT-039; no opaque conflict-queue exemption.
CONFLICT_RESOLUTION_QUEUE,ES-FEAT-FACILITY-003,locations,"Facility, barn, business, and physical operations",MEDIUM:8,P1,Facility Owner;Barn Manager;Trainer;Staff;Contractor;Owner;Service Provider,PIA_SUPPLEMENT_CANDIDATE,IMPLEMENTED_UNVERIFIED,ES-FEAT-PLATFORM-001;ES-FEAT-FACILITY-001;ES-FEAT-IDENTITY-001;ES-FEAT-RELATIONSHIP-001;ES-FEAT-COMMUNICATIONS-001;ES-FEAT-TASKS-001,GOVERNANCE,RESOLVE_AUTHORITY_CONFLICT,Derived from atomic conflict ATOMIC-CONFLICT-040; no opaque conflict-queue exemption.
CONFLICT_RESOLUTION_QUEUE,ES-FEAT-FACILITY-004,stalls,"Facility, barn, business, and physical operations",MEDIUM:6,P1,Facility Owner;Barn Manager;Trainer;Staff;Contractor;Owner;Service Provider,PIA_SUPPLEMENT_CANDIDATE,IMPLEMENTED_UNVERIFIED,ES-FEAT-PLATFORM-001;ES-FEAT-FACILITY-001;ES-FEAT-IDENTITY-001;ES-FEAT-RELATIONSHIP-001;ES-FEAT-COMMUNICATIONS-001;ES-FEAT-TASKS-001,GOVERNANCE,RESOLVE_AUTHORITY_CONFLICT,Derived from atomic conflict ATOMIC-CONFLICT-041; no opaque conflict-queue exemption.
CONFLICT_RESOLUTION_QUEUE,ES-FEAT-FACILITY-005,arenas,"Facility, barn, business, and physical operations",MEDIUM:4,P1,Facility Owner;Barn Manager;Trainer;Staff;Contractor;Owner;Service Provider,PIA_SUPPLEMENT_CANDIDATE,IMPLEMENTED_UNVERIFIED,ES-FEAT-PLATFORM-001;ES-FEAT-FACILITY-001;ES-FEAT-IDENTITY-001;ES-FEAT-RELATIONSHIP-001;ES-FEAT-COMMUNICATIONS-001;ES-FEAT-TASKS-001,GOVERNANCE,RESOLVE_AUTHORITY_CONFLICT,Derived from atomic conflict ATOMIC-CONFLICT-042; no opaque conflict-queue exemption.
CONFLICT_RESOLUTION_QUEUE,ES-FEAT-FACILITY-006,pastures,"Facility, barn, business, and physical operations",MEDIUM:8,P1,Facility Owner;Barn Manager;Trainer;Staff;Contractor;Owner;Service Provider,PIA_SUPPLEMENT_CANDIDATE,IMPLEMENTED_UNVERIFIED,ES-FEAT-PLATFORM-001;ES-FEAT-FACILITY-001;ES-FEAT-IDENTITY-001;ES-FEAT-RELATIONSHIP-001;ES-FEAT-COMMUNICATIONS-001;ES-FEAT-TASKS-001,GOVERNANCE,RESOLVE_AUTHORITY_CONFLICT,Derived from atomic conflict ATOMIC-CONFLICT-043; no opaque conflict-queue exemption.
CONFLICT_RESOLUTION_QUEUE,ES-FEAT-FACILITY-007,facility maps,"Facility, barn, business, and physical operations",MEDIUM:6,P1,Facility Owner;Barn Manager;Trainer;Staff;Contractor;Owner;Service Provider,PIA_SUPPLEMENT_CANDIDATE,IMPLEMENTED_UNVERIFIED,ES-FEAT-PLATFORM-001;ES-FEAT-FACILITY-001;ES-FEAT-IDENTITY-001;ES-FEAT-RELATIONSHIP-001;ES-FEAT-COMMUNICATIONS-001;ES-FEAT-TASKS-001,GOVERNANCE,RESOLVE_AUTHORITY_CONFLICT,Derived from atomic conflict ATOMIC-CONFLICT-044; no opaque conflict-queue exemption.
CONFLICT_RESOLUTION_QUEUE,ES-FEAT-FACILITY-008,occupancy,"Facility, barn, business, and physical operations",MEDIUM:4,P1,Facility Owner;Barn Manager;Trainer;Staff;Contractor;Owner;Service Provider,PIA_SUPPLEMENT_CANDIDATE,IMPLEMENTED_UNVERIFIED,ES-FEAT-PLATFORM-001;ES-FEAT-FACILITY-001;ES-FEAT-IDENTITY-001;ES-FEAT-RELATIONSHIP-001;ES-FEAT-COMMUNICATIONS-001;ES-FEAT-TASKS-001,GOVERNANCE,RESOLVE_AUTHORITY_CONFLICT,Derived from atomic conflict ATOMIC-CONFLICT-045; no opaque conflict-queue exemption.
CONFLICT_RESOLUTION_QUEUE,ES-FEAT-FACILITY-009,assignments (Facility),"Facility, barn, business, and physical operations",MEDIUM:8,P1,Facility Owner;Barn Manager;Trainer;Staff;Contractor;Owner;Service Provider,PIA_SUPPLEMENT_CANDIDATE,IMPLEMENTED_UNVERIFIED,ES-FEAT-PLATFORM-001;ES-FEAT-FACILITY-001;ES-FEAT-IDENTITY-001;ES-FEAT-RELATIONSHIP-001;ES-FEAT-COMMUNICATIONS-001;ES-FEAT-TASKS-001;ES-FEAT-HORSE-001;ES-FEAT-CARE-001,GOVERNANCE,RESOLVE_AUTHORITY_CONFLICT,Derived from atomic conflict ATOMIC-CONFLICT-046; no opaque conflict-queue exemption.
CONFLICT_RESOLUTION_QUEUE,ES-FEAT-FACILITY-010,inspections,"Facility, barn, business, and physical operations",MEDIUM:6,P1,Facility Owner;Barn Manager;Trainer;Staff;Contractor;Owner;Service Provider,PIA_SUPPLEMENT_CANDIDATE,IMPLEMENTED_UNVERIFIED,ES-FEAT-PLATFORM-001;ES-FEAT-FACILITY-001;ES-FEAT-IDENTITY-001;ES-FEAT-RELATIONSHIP-001;ES-FEAT-COMMUNICATIONS-001;ES-FEAT-TASKS-001,GOVERNANCE,RESOLVE_AUTHORITY_CONFLICT,Derived from atomic conflict ATOMIC-CONFLICT-047; no opaque conflict-queue exemption.
CONFLICT_RESOLUTION_QUEUE,ES-FEAT-FACILITY-012,work orders,"Facility, barn, business, and physical operations",MEDIUM:8,P1,Facility Owner;Barn Manager;Trainer;Staff;Contractor;Owner;Service Provider,PIA_SUPPLEMENT_CANDIDATE,IMPLEMENTED_UNVERIFIED,ES-FEAT-PLATFORM-001;ES-FEAT-FACILITY-001;ES-FEAT-IDENTITY-001;ES-FEAT-RELATIONSHIP-001;ES-FEAT-FINANCIAL-001;ES-FEAT-COMMUNICATIONS-001;ES-FEAT-TASKS-001,GOVERNANCE,RESOLVE_AUTHORITY_CONFLICT,Derived from atomic conflict ATOMIC-CONFLICT-049; no opaque conflict-queue exemption.
CONFLICT_RESOLUTION_QUEUE,ES-FEAT-FACILITY-013,hazards,"Facility, barn, business, and physical operations",MEDIUM:6,P1,Facility Owner;Barn Manager;Trainer;Staff;Contractor;Owner;Service Provider,PIA_SUPPLEMENT_CANDIDATE,IMPLEMENTED_UNVERIFIED,ES-FEAT-PLATFORM-001;ES-FEAT-FACILITY-001;ES-FEAT-IDENTITY-001;ES-FEAT-RELATIONSHIP-001;ES-FEAT-COMMUNICATIONS-001;ES-FEAT-TASKS-001,GOVERNANCE,RESOLVE_AUTHORITY_CONFLICT,Derived from atomic conflict ATOMIC-CONFLICT-050; no opaque conflict-queue exemption.
CONFLICT_RESOLUTION_QUEUE,ES-FEAT-FACILITY-014,closures,"Facility, barn, business, and physical operations",MEDIUM:4,P1,Facility Owner;Barn Manager;Trainer;Staff;Contractor;Owner;Service Provider,PIA_SUPPLEMENT_CANDIDATE,IMPLEMENTED_UNVERIFIED,ES-FEAT-PLATFORM-001;ES-FEAT-FACILITY-001;ES-FEAT-IDENTITY-001;ES-FEAT-RELATIONSHIP-001;ES-FEAT-COMMUNICATIONS-001;ES-FEAT-TASKS-001,GOVERNANCE,RESOLVE_AUTHORITY_CONFLICT,Derived from atomic conflict ATOMIC-CONFLICT-051; no opaque conflict-queue exemption.
CONFLICT_RESOLUTION_QUEUE,ES-FEAT-FACILITY-015,contractors,"Facility, barn, business, and physical operations",MEDIUM:8,P1,Facility Owner;Barn Manager;Trainer;Staff;Contractor;Owner;Service Provider,PIA_SUPPLEMENT_CANDIDATE,IMPLEMENTED_UNVERIFIED,ES-FEAT-PLATFORM-001;ES-FEAT-FACILITY-001;ES-FEAT-IDENTITY-001;ES-FEAT-RELATIONSHIP-001;ES-FEAT-COMMUNICATIONS-001;ES-FEAT-TASKS-001,GOVERNANCE,RESOLVE_AUTHORITY_CONFLICT,Derived from atomic conflict ATOMIC-CONFLICT-052; no opaque conflict-queue exemption.
CONFLICT_RESOLUTION_QUEUE,ES-FEAT-FACILITY-016,capital improvements,"Facility, barn, business, and physical operations",MEDIUM:6,P1,Facility Owner;Barn Manager;Trainer;Staff;Contractor;Owner;Service Provider,PIA_SUPPLEMENT_CANDIDATE,IMPLEMENTED_UNVERIFIED,ES-FEAT-PLATFORM-001;ES-FEAT-FACILITY-001;ES-FEAT-IDENTITY-001;ES-FEAT-RELATIONSHIP-001;ES-FEAT-COMMUNICATIONS-001;ES-FEAT-TASKS-001,GOVERNANCE,RESOLVE_AUTHORITY_CONFLICT,Derived from atomic conflict ATOMIC-CONFLICT-053; no opaque conflict-queue exemption.
CONFLICT_RESOLUTION_QUEUE,ES-FEAT-FACILITY-017,business operations,"Facility, barn, business, and physical operations",MEDIUM:4,P1,Facility Owner;Barn Manager;Trainer;Staff;Contractor;Owner;Service Provider,PIA_SUPPLEMENT_CANDIDATE,IMPLEMENTED_UNVERIFIED,ES-FEAT-PLATFORM-001;ES-FEAT-FACILITY-001;ES-FEAT-IDENTITY-001;ES-FEAT-RELATIONSHIP-001;ES-FEAT-COMMUNICATIONS-001;ES-FEAT-TASKS-001,GOVERNANCE,RESOLVE_AUTHORITY_CONFLICT,Derived from atomic conflict ATOMIC-CONFLICT-054; no opaque conflict-queue exemption.
CONFLICT_RESOLUTION_QUEUE,ES-FEAT-HORSE-001,horse profile,Horse identity and lifecycle,LOW:1,P2,Owner;Trainer;Barn Manager;Staff;Veterinarian;Farrier;Guardian,COVERED_WITH_RETAINED_GAP,IMPLEMENTED_UNVERIFIED,ES-FEAT-PLATFORM-001,ENGINEERING,RESOLVE_AUTHORITY_CONFLICT,Derived from atomic conflict ATOMIC-CONFLICT-055; no opaque conflict-queue exemption.
CONFLICT_RESOLUTION_QUEUE,ES-FEAT-HORSE-002,passport,Horse identity and lifecycle,MEDIUM:6,P0,Owner;Trainer;Barn Manager;Staff;Veterinarian;Farrier;Guardian,PIA_SUPPLEMENT_CANDIDATE,PARTIAL_IMPLEMENTATION,ES-FEAT-PLATFORM-001;ES-FEAT-HORSE-001;ES-FEAT-IDENTITY-001;ES-FEAT-RELATIONSHIP-001;ES-FEAT-COMMUNICATIONS-001;ES-FEAT-TASKS-001;ES-FEAT-CARE-001,GOVERNANCE,RESOLVE_AUTHORITY_CONFLICT,Derived from atomic conflict ATOMIC-CONFLICT-056; no opaque conflict-queue exemption.
CONFLICT_RESOLUTION_QUEUE,ES-FEAT-HORSE-003,ownership,Horse identity and lifecycle,MEDIUM:4,P0,Owner;Trainer;Barn Manager;Staff;Veterinarian;Farrier;Guardian,PIA_SUPPLEMENT_CANDIDATE,PARTIAL_IMPLEMENTATION,ES-FEAT-PLATFORM-001;ES-FEAT-HORSE-001;ES-FEAT-IDENTITY-001;ES-FEAT-RELATIONSHIP-001;ES-FEAT-COMMUNICATIONS-001;ES-FEAT-TASKS-001;ES-FEAT-CARE-001,GOVERNANCE,RESOLVE_AUTHORITY_CONFLICT,Derived from atomic conflict ATOMIC-CONFLICT-057; no opaque conflict-queue exemption.
CONFLICT_RESOLUTION_QUEUE,ES-FEAT-HORSE-004,custody,Horse identity and lifecycle,MEDIUM:8,P0,Owner;Trainer;Barn Manager;Staff;Veterinarian;Farrier;Guardian,PIA_SUPPLEMENT_CANDIDATE,PARTIAL_IMPLEMENTATION,ES-FEAT-PLATFORM-001;ES-FEAT-HORSE-001;ES-FEAT-IDENTITY-001;ES-FEAT-RELATIONSHIP-001;ES-FEAT-COMMUNICATIONS-001;ES-FEAT-TASKS-001;ES-FEAT-CARE-001,GOVERNANCE,RESOLVE_AUTHORITY_CONFLICT,Derived from atomic conflict ATOMIC-CONFLICT-058; no opaque conflict-queue exemption.
CONFLICT_RESOLUTION_QUEUE,ES-FEAT-HORSE-005,lease,Horse identity and lifecycle,MEDIUM:6,P0,Owner;Trainer;Barn Manager;Staff;Veterinarian;Farrier;Guardian,PIA_SUPPLEMENT_CANDIDATE,IMPLEMENTED_UNVERIFIED,ES-FEAT-PLATFORM-001;ES-FEAT-HORSE-001;ES-FEAT-IDENTITY-001;ES-FEAT-RELATIONSHIP-001;ES-FEAT-COMMUNICATIONS-001;ES-FEAT-TASKS-001;ES-FEAT-CARE-001,GOVERNANCE,RESOLVE_AUTHORITY_CONFLICT,Derived from atomic conflict ATOMIC-CONFLICT-059; no opaque conflict-queue exemption.
CONFLICT_RESOLUTION_QUEUE,ES-FEAT-HORSE-006,transfer (Horse identity),Horse identity and lifecycle,MEDIUM:4,P0,Owner;Trainer;Barn Manager;Staff;Veterinarian;Farrier;Guardian,PIA_SUPPLEMENT_CANDIDATE,PARTIAL_IMPLEMENTATION,ES-FEAT-PLATFORM-001;ES-FEAT-HORSE-001;ES-FEAT-IDENTITY-001;ES-FEAT-RELATIONSHIP-001;ES-FEAT-COMMUNICATIONS-001;ES-FEAT-TASKS-001;ES-FEAT-CARE-001,GOVERNANCE,RESOLVE_AUTHORITY_CONFLICT,Derived from atomic conflict ATOMIC-CONFLICT-060; no opaque conflict-queue exemption.
CONFLICT_RESOLUTION_QUEUE,ES-FEAT-HORSE-007,medical continuity,Horse identity and lifecycle,MEDIUM:8,P0,Owner;Trainer;Barn Manager;Staff;Veterinarian;Farrier;Guardian,PIA_SUPPLEMENT_CANDIDATE,IMPLEMENTED_UNVERIFIED,ES-FEAT-PLATFORM-001;ES-FEAT-HORSE-001;ES-FEAT-IDENTITY-001;ES-FEAT-RELATIONSHIP-001;ES-FEAT-COMMUNICATIONS-001;ES-FEAT-TASKS-001;ES-FEAT-CARE-001,GOVERNANCE,RESOLVE_AUTHORITY_CONFLICT,Derived from atomic conflict ATOMIC-CONFLICT-061; no opaque conflict-queue exemption.
CONFLICT_RESOLUTION_QUEUE,ES-FEAT-HORSE-008,emergency transfer,Horse identity and lifecycle,CRITICAL:12,P0,Owner;Trainer;Barn Manager;Staff;Veterinarian;Farrier;Guardian,PIA_SUPPLEMENT_CANDIDATE,IMPLEMENTED_UNVERIFIED,ES-FEAT-PLATFORM-001;ES-FEAT-HORSE-001;ES-FEAT-IDENTITY-001;ES-FEAT-RELATIONSHIP-001;ES-FEAT-COMMUNICATIONS-001;ES-FEAT-TASKS-001;ES-FEAT-CARE-001,GOVERNANCE,RESOLVE_AUTHORITY_CONFLICT,Derived from atomic conflict ATOMIC-CONFLICT-062; no opaque conflict-queue exemption.
CONFLICT_RESOLUTION_QUEUE,ES-FEAT-HORSE-009,historical ownership,Horse identity and lifecycle,MEDIUM:4,P0,Owner;Trainer;Barn Manager;Staff;Veterinarian;Farrier;Guardian,PIA_SUPPLEMENT_CANDIDATE,PARTIAL_IMPLEMENTATION,ES-FEAT-PLATFORM-001;ES-FEAT-HORSE-001;ES-FEAT-IDENTITY-001;ES-FEAT-RELATIONSHIP-001;ES-FEAT-COMMUNICATIONS-001;ES-FEAT-TASKS-001;ES-FEAT-CARE-001,GOVERNANCE,RESOLVE_AUTHORITY_CONFLICT,Derived from atomic conflict ATOMIC-CONFLICT-063; no opaque conflict-queue exemption.
CONFLICT_RESOLUTION_QUEUE,ES-FEAT-HORSE-010,duplicate horse resolution,Horse identity and lifecycle,MEDIUM:8,P0,Owner;Trainer;Barn Manager;Staff;Veterinarian;Farrier;Guardian,PIA_SUPPLEMENT_CANDIDATE,PARTIAL_IMPLEMENTATION,ES-FEAT-PLATFORM-001;ES-FEAT-HORSE-001;ES-FEAT-IDENTITY-001;ES-FEAT-RELATIONSHIP-001;ES-FEAT-COMMUNICATIONS-001;ES-FEAT-TASKS-001;ES-FEAT-CARE-001,GOVERNANCE,RESOLVE_AUTHORITY_CONFLICT,Derived from atomic conflict ATOMIC-CONFLICT-064; no opaque conflict-queue exemption.
CONFLICT_RESOLUTION_QUEUE,ES-FEAT-HORSE-011,retirement,Horse identity and lifecycle,MEDIUM:6,P0,Owner;Trainer;Barn Manager;Staff;Veterinarian;Farrier;Guardian,PIA_SUPPLEMENT_CANDIDATE,PARTIAL_IMPLEMENTATION,ES-FEAT-PLATFORM-001;ES-FEAT-HORSE-001;ES-FEAT-IDENTITY-001;ES-FEAT-RELATIONSHIP-001;ES-FEAT-COMMUNICATIONS-001;ES-FEAT-TASKS-001;ES-FEAT-CARE-001,GOVERNANCE,RESOLVE_AUTHORITY_CONFLICT,Derived from atomic conflict ATOMIC-CONFLICT-065; no opaque conflict-queue exemption.
CONFLICT_RESOLUTION_QUEUE,ES-FEAT-HORSE-012,memorialization,Horse identity and lifecycle,MEDIUM:4,P0,Owner;Trainer;Barn Manager;Staff;Veterinarian;Farrier;Guardian,PIA_SUPPLEMENT_CANDIDATE,PARTIAL_IMPLEMENTATION,ES-FEAT-PLATFORM-001;ES-FEAT-HORSE-001;ES-FEAT-IDENTITY-001;ES-FEAT-RELATIONSHIP-001;ES-FEAT-COMMUNICATIONS-001;ES-FEAT-TASKS-001;ES-FEAT-CARE-001,GOVERNANCE,RESOLVE_AUTHORITY_CONFLICT,Derived from atomic conflict ATOMIC-CONFLICT-066; no opaque conflict-queue exemption.
CONFLICT_RESOLUTION_QUEUE,ES-FEAT-HORSE-013,public and private projections,Horse identity and lifecycle,MEDIUM:8,P0,Owner;Trainer;Barn Manager;Staff;Veterinarian;Farrier;Guardian,PIA_SUPPLEMENT_CANDIDATE,IMPLEMENTED_UNVERIFIED,ES-FEAT-PLATFORM-001;ES-FEAT-HORSE-001;ES-FEAT-IDENTITY-001;ES-FEAT-RELATIONSHIP-001;ES-FEAT-COMMUNICATIONS-001;ES-FEAT-TASKS-001;ES-FEAT-CARE-001,GOVERNANCE,RESOLVE_AUTHORITY_CONFLICT,Derived from atomic conflict ATOMIC-CONFLICT-067; no opaque conflict-queue exemption.
CONFLICT_RESOLUTION_QUEUE,ES-FEAT-CARE-001,feed,Care operations,MEDIUM:6,P0,Barn Manager;Trainer;Staff;Owner;Veterinarian;Farrier;Guardian,PIA_SUPPLEMENT_CANDIDATE,IMPLEMENTED_UNVERIFIED,ES-FEAT-PLATFORM-001,GOVERNANCE,RESOLVE_AUTHORITY_CONFLICT,Derived from atomic conflict ATOMIC-CONFLICT-068; no opaque conflict-queue exemption.
CONFLICT_RESOLUTION_QUEUE,ES-FEAT-CARE-002,supplements,Care operations,MEDIUM:4,P0,Barn Manager;Trainer;Staff;Owner;Veterinarian;Farrier;Guardian,PIA_SUPPLEMENT_CANDIDATE,IMPLEMENTED_UNVERIFIED,ES-FEAT-PLATFORM-001;ES-FEAT-CARE-001;ES-FEAT-IDENTITY-001;ES-FEAT-RELATIONSHIP-001;ES-FEAT-COMMUNICATIONS-001;ES-FEAT-TASKS-001;ES-FEAT-HORSE-001,GOVERNANCE,RESOLVE_AUTHORITY_CONFLICT,Derived from atomic conflict ATOMIC-CONFLICT-069; no opaque conflict-queue exemption.
CONFLICT_RESOLUTION_QUEUE,ES-FEAT-CARE-003,medication,Care operations,MEDIUM:8,P0,Barn Manager;Trainer;Staff;Owner;Veterinarian;Farrier;Guardian,PIA_SUPPLEMENT_CANDIDATE,IMPLEMENTED_UNVERIFIED,ES-FEAT-PLATFORM-001;ES-FEAT-CARE-001;ES-FEAT-IDENTITY-001;ES-FEAT-RELATIONSHIP-001;ES-FEAT-COMMUNICATIONS-001;ES-FEAT-TASKS-001;ES-FEAT-HORSE-001,GOVERNANCE,RESOLVE_AUTHORITY_CONFLICT,Derived from atomic conflict ATOMIC-CONFLICT-070; no opaque conflict-queue exemption.
CONFLICT_RESOLUTION_QUEUE,ES-FEAT-CARE-004,treatment instructions,Care operations,MEDIUM:6,P0,Barn Manager;Trainer;Staff;Owner;Veterinarian;Farrier;Guardian,PIA_SUPPLEMENT_CANDIDATE,IMPLEMENTED_UNVERIFIED,ES-FEAT-PLATFORM-001;ES-FEAT-CARE-001;ES-FEAT-IDENTITY-001;ES-FEAT-RELATIONSHIP-001;ES-FEAT-FINANCIAL-001;ES-FEAT-COMMUNICATIONS-001;ES-FEAT-TASKS-001;ES-FEAT-HORSE-001,GOVERNANCE,RESOLVE_AUTHORITY_CONFLICT,Derived from atomic conflict ATOMIC-CONFLICT-071; no opaque conflict-queue exemption.
CONFLICT_RESOLUTION_QUEUE,ES-FEAT-CARE-005,turnout,Care operations,MEDIUM:4,P0,Barn Manager;Trainer;Staff;Owner;Veterinarian;Farrier;Guardian,PIA_SUPPLEMENT_CANDIDATE,IMPLEMENTED_UNVERIFIED,ES-FEAT-PLATFORM-001;ES-FEAT-CARE-001;ES-FEAT-IDENTITY-001;ES-FEAT-RELATIONSHIP-001;ES-FEAT-COMMUNICATIONS-001;ES-FEAT-TASKS-001;ES-FEAT-HORSE-001,GOVERNANCE,RESOLVE_AUTHORITY_CONFLICT,Derived from atomic conflict ATOMIC-CONFLICT-072; no opaque conflict-queue exemption.
CONFLICT_RESOLUTION_QUEUE,ES-FEAT-CARE-006,blanketing,Care operations,MEDIUM:8,P0,Barn Manager;Trainer;Staff;Owner;Veterinarian;Farrier;Guardian,PIA_SUPPLEMENT_CANDIDATE,IMPLEMENTED_UNVERIFIED,ES-FEAT-PLATFORM-001;ES-FEAT-CARE-001;ES-FEAT-IDENTITY-001;ES-FEAT-RELATIONSHIP-001;ES-FEAT-COMMUNICATIONS-001;ES-FEAT-TASKS-001;ES-FEAT-HORSE-001,GOVERNANCE,RESOLVE_AUTHORITY_CONFLICT,Derived from atomic conflict ATOMIC-CONFLICT-073; no opaque conflict-queue exemption.
CONFLICT_RESOLUTION_QUEUE,ES-FEAT-CARE-007,stall rest,Care operations,MEDIUM:6,P0,Barn Manager;Trainer;Staff;Owner;Veterinarian;Farrier;Guardian,PIA_SUPPLEMENT_CANDIDATE,IMPLEMENTED_UNVERIFIED,ES-FEAT-PLATFORM-001;ES-FEAT-CARE-001;ES-FEAT-IDENTITY-001;ES-FEAT-RELATIONSHIP-001;ES-FEAT-COMMUNICATIONS-001;ES-FEAT-TASKS-001;ES-FEAT-HORSE-001,GOVERNANCE,RESOLVE_AUTHORITY_CONFLICT,Derived from atomic conflict ATOMIC-CONFLICT-074; no opaque conflict-queue exemption.
CONFLICT_RESOLUTION_QUEUE,ES-FEAT-CARE-008,rehabilitation,Care operations,MEDIUM:4,P0,Barn Manager;Trainer;Staff;Owner;Veterinarian;Farrier;Guardian,PIA_SUPPLEMENT_CANDIDATE,IMPLEMENTED_UNVERIFIED,ES-FEAT-PLATFORM-001;ES-FEAT-CARE-001;ES-FEAT-IDENTITY-001;ES-FEAT-RELATIONSHIP-001;ES-FEAT-FINANCIAL-001;ES-FEAT-COMMUNICATIONS-001;ES-FEAT-TASKS-001;ES-FEAT-HORSE-001,GOVERNANCE,RESOLVE_AUTHORITY_CONFLICT,Derived from atomic conflict ATOMIC-CONFLICT-075; no opaque conflict-queue exemption.
CONFLICT_RESOLUTION_QUEUE,ES-FEAT-CARE-009,observations,Care operations,MEDIUM:8,P0,Barn Manager;Trainer;Staff;Owner;Veterinarian;Farrier;Guardian,PIA_SUPPLEMENT_CANDIDATE,IMPLEMENTED_UNVERIFIED,ES-FEAT-PLATFORM-001;ES-FEAT-CARE-001;ES-FEAT-IDENTITY-001;ES-FEAT-RELATIONSHIP-001;ES-FEAT-FINANCIAL-001;ES-FEAT-COMMUNICATIONS-001;ES-FEAT-TASKS-001;ES-FEAT-HORSE-001,GOVERNANCE,RESOLVE_AUTHORITY_CONFLICT,Derived from atomic conflict ATOMIC-CONFLICT-076; no opaque conflict-queue exemption.
CONFLICT_RESOLUTION_QUEUE,ES-FEAT-CARE-010,welfare concerns,Care operations,CRITICAL:12,P0,Barn Manager;Trainer;Staff;Owner;Veterinarian;Farrier;Guardian,PIA_SUPPLEMENT_CANDIDATE,IMPLEMENTED_UNVERIFIED,ES-FEAT-PLATFORM-001;ES-FEAT-CARE-001;ES-FEAT-IDENTITY-001;ES-FEAT-RELATIONSHIP-001;ES-FEAT-FINANCIAL-001;ES-FEAT-COMMUNICATIONS-001;ES-FEAT-TASKS-001;ES-FEAT-HORSE-001,GOVERNANCE,RESOLVE_AUTHORITY_CONFLICT,Derived from atomic conflict ATOMIC-CONFLICT-077; no opaque conflict-queue exemption.
CONFLICT_RESOLUTION_QUEUE,ES-FEAT-CARE-011,veterinary visits,Care operations,MEDIUM:4,P0,Barn Manager;Trainer;Staff;Owner;Veterinarian;Farrier;Guardian,PIA_SUPPLEMENT_CANDIDATE,IMPLEMENTED_UNVERIFIED,ES-FEAT-PLATFORM-001;ES-FEAT-CARE-001;ES-FEAT-IDENTITY-001;ES-FEAT-RELATIONSHIP-001;ES-FEAT-FINANCIAL-001;ES-FEAT-COMMUNICATIONS-001;ES-FEAT-TASKS-001;ES-FEAT-HORSE-001,GOVERNANCE,RESOLVE_AUTHORITY_CONFLICT,Derived from atomic conflict ATOMIC-CONFLICT-078; no opaque conflict-queue exemption.
CONFLICT_RESOLUTION_QUEUE,ES-FEAT-CARE-012,farrier,Care operations,MEDIUM:8,P0,Barn Manager;Trainer;Staff;Owner;Veterinarian;Farrier;Guardian,PIA_SUPPLEMENT_CANDIDATE,IMPLEMENTED_UNVERIFIED,ES-FEAT-PLATFORM-001;ES-FEAT-CARE-001;ES-FEAT-IDENTITY-001;ES-FEAT-RELATIONSHIP-001;ES-FEAT-COMMUNICATIONS-001;ES-FEAT-TASKS-001;ES-FEAT-HORSE-001,GOVERNANCE,RESOLVE_AUTHORITY_CONFLICT,Derived from atomic conflict ATOMIC-CONFLICT-079; no opaque conflict-queue exemption.
CONFLICT_RESOLUTION_QUEUE,ES-FEAT-CARE-013,dental,Care operations,MEDIUM:6,P0,Barn Manager;Trainer;Staff;Owner;Veterinarian;Farrier;Guardian,PIA_SUPPLEMENT_CANDIDATE,IMPLEMENTED_UNVERIFIED,ES-FEAT-PLATFORM-001;ES-FEAT-CARE-001;ES-FEAT-IDENTITY-001;ES-FEAT-RELATIONSHIP-001;ES-FEAT-FINANCIAL-001;ES-FEAT-COMMUNICATIONS-001;ES-FEAT-TASKS-001;ES-FEAT-HORSE-001,GOVERNANCE,RESOLVE_AUTHORITY_CONFLICT,Derived from atomic conflict ATOMIC-CONFLICT-080; no opaque conflict-queue exemption.
CONFLICT_RESOLUTION_QUEUE,ES-FEAT-CARE-014,bodywork,Care operations,MEDIUM:4,P0,Barn Manager;Trainer;Staff;Owner;Veterinarian;Farrier;Guardian,PIA_SUPPLEMENT_CANDIDATE,IMPLEMENTED_UNVERIFIED,ES-FEAT-PLATFORM-001;ES-FEAT-CARE-001;ES-FEAT-IDENTITY-001;ES-FEAT-RELATIONSHIP-001;ES-FEAT-FINANCIAL-001;ES-FEAT-COMMUNICATIONS-001;ES-FEAT-TASKS-001;ES-FEAT-HORSE-001,GOVERNANCE,RESOLVE_AUTHORITY_CONFLICT,Derived from atomic conflict ATOMIC-CONFLICT-081; no opaque conflict-queue exemption.
CONFLICT_RESOLUTION_QUEUE,ES-FEAT-CARE-015,nutrition,Care operations,MEDIUM:8,P0,Barn Manager;Trainer;Staff;Owner;Veterinarian;Farrier;Guardian,PIA_SUPPLEMENT_CANDIDATE,IMPLEMENTED_UNVERIFIED,ES-FEAT-PLATFORM-001;ES-FEAT-CARE-001;ES-FEAT-IDENTITY-001;ES-FEAT-RELATIONSHIP-001;ES-FEAT-FINANCIAL-001;ES-FEAT-COMMUNICATIONS-001;ES-FEAT-TASKS-001;ES-FEAT-HORSE-001,GOVERNANCE,RESOLVE_AUTHORITY_CONFLICT,Derived from atomic conflict ATOMIC-CONFLICT-082; no opaque conflict-queue exemption.
CONFLICT_RESOLUTION_QUEUE,ES-FEAT-CARE-016,care-plan changes,Care operations,MEDIUM:6,P0,Barn Manager;Trainer;Staff;Owner;Veterinarian;Farrier;Guardian,PIA_SUPPLEMENT_CANDIDATE,IMPLEMENTED_UNVERIFIED,ES-FEAT-PLATFORM-001;ES-FEAT-CARE-001;ES-FEAT-IDENTITY-001;ES-FEAT-RELATIONSHIP-001;ES-FEAT-COMMUNICATIONS-001;ES-FEAT-TASKS-001;ES-FEAT-HORSE-001,GOVERNANCE,RESOLVE_AUTHORITY_CONFLICT,Derived from atomic conflict ATOMIC-CONFLICT-083; no opaque conflict-queue exemption.
CONFLICT_RESOLUTION_QUEUE,ES-FEAT-CARE-017,missed care,Care operations,MEDIUM:4,P0,Barn Manager;Trainer;Staff;Owner;Veterinarian;Farrier;Guardian,PIA_SUPPLEMENT_CANDIDATE,IMPLEMENTED_UNVERIFIED,ES-FEAT-PLATFORM-001;ES-FEAT-CARE-001;ES-FEAT-IDENTITY-001;ES-FEAT-RELATIONSHIP-001;ES-FEAT-COMMUNICATIONS-001;ES-FEAT-TASKS-001;ES-FEAT-HORSE-001,GOVERNANCE,RESOLVE_AUTHORITY_CONFLICT,Derived from atomic conflict ATOMIC-CONFLICT-084; no opaque conflict-queue exemption.
CONFLICT_RESOLUTION_QUEUE,ES-FEAT-CARE-018,care evidence,Care operations,MEDIUM:8,P0,Barn Manager;Trainer;Staff;Owner;Veterinarian;Farrier;Guardian,PIA_SUPPLEMENT_CANDIDATE,IMPLEMENTED_UNVERIFIED,ES-FEAT-PLATFORM-001;ES-FEAT-CARE-001;ES-FEAT-IDENTITY-001;ES-FEAT-RELATIONSHIP-001;ES-FEAT-COMMUNICATIONS-001;ES-FEAT-TASKS-001;ES-FEAT-HORSE-001,GOVERNANCE,RESOLVE_AUTHORITY_CONFLICT,Derived from atomic conflict ATOMIC-CONFLICT-085; no opaque conflict-queue exemption.
CONFLICT_RESOLUTION_QUEUE,ES-FEAT-LESSONS-001,rider profiles,"Lessons, training, riders, and guardians",CRITICAL:12,P0,Trainer;Rider;Guardian;Owner;Barn Manager;Staff,PIA_SUPPLEMENT_CANDIDATE,IMPLEMENTED_UNVERIFIED,ES-FEAT-PLATFORM-001,GOVERNANCE,RESOLVE_AUTHORITY_CONFLICT,Derived from atomic conflict ATOMIC-CONFLICT-086; no opaque conflict-queue exemption.
CONFLICT_RESOLUTION_QUEUE,ES-FEAT-LESSONS-002,lesson enrollment,"Lessons, training, riders, and guardians",CRITICAL:8,P0,Trainer;Rider;Guardian;Owner;Barn Manager;Staff,PIA_SUPPLEMENT_CANDIDATE,IMPLEMENTED_UNVERIFIED,ES-FEAT-PLATFORM-001;ES-FEAT-LESSONS-001;ES-FEAT-IDENTITY-001;ES-FEAT-RELATIONSHIP-001;ES-FEAT-COMMUNICATIONS-001;ES-FEAT-TASKS-001;ES-FEAT-HORSE-001,GOVERNANCE,RESOLVE_AUTHORITY_CONFLICT,Derived from atomic conflict ATOMIC-CONFLICT-087; no opaque conflict-queue exemption.
CONFLICT_RESOLUTION_QUEUE,ES-FEAT-LESSONS-003,lesson scheduling,"Lessons, training, riders, and guardians",CRITICAL:16,P0,Trainer;Rider;Guardian;Owner;Barn Manager;Staff,PIA_SUPPLEMENT_CANDIDATE,IMPLEMENTED_UNVERIFIED,ES-FEAT-PLATFORM-001;ES-FEAT-LESSONS-001;ES-FEAT-IDENTITY-001;ES-FEAT-RELATIONSHIP-001;ES-FEAT-COMMUNICATIONS-001;ES-FEAT-TASKS-001;ES-FEAT-HORSE-001,GOVERNANCE,RESOLVE_AUTHORITY_CONFLICT,Derived from atomic conflict ATOMIC-CONFLICT-088; no opaque conflict-queue exemption.
CONFLICT_RESOLUTION_QUEUE,ES-FEAT-LESSONS-004,lesson attendance,"Lessons, training, riders, and guardians",CRITICAL:12,P0,Trainer;Rider;Guardian;Owner;Barn Manager;Staff,PIA_SUPPLEMENT_CANDIDATE,IMPLEMENTED_UNVERIFIED,ES-FEAT-PLATFORM-001;ES-FEAT-LESSONS-001;ES-FEAT-IDENTITY-001;ES-FEAT-RELATIONSHIP-001;ES-FEAT-COMMUNICATIONS-001;ES-FEAT-TASKS-001;ES-FEAT-HORSE-001,GOVERNANCE,RESOLVE_AUTHORITY_CONFLICT,Derived from atomic conflict ATOMIC-CONFLICT-089; no opaque conflict-queue exemption.
CONFLICT_RESOLUTION_QUEUE,ES-FEAT-LESSONS-005,horse assignment,"Lessons, training, riders, and guardians",CRITICAL:8,P0,Trainer;Rider;Guardian;Owner;Barn Manager;Staff,PIA_SUPPLEMENT_CANDIDATE,IMPLEMENTED_UNVERIFIED,ES-FEAT-PLATFORM-001;ES-FEAT-LESSONS-001;ES-FEAT-IDENTITY-001;ES-FEAT-RELATIONSHIP-001;ES-FEAT-COMMUNICATIONS-001;ES-FEAT-TASKS-001;ES-FEAT-HORSE-001;ES-FEAT-CARE-001,GOVERNANCE,RESOLVE_AUTHORITY_CONFLICT,Derived from atomic conflict ATOMIC-CONFLICT-090; no opaque conflict-queue exemption.
CONFLICT_RESOLUTION_QUEUE,ES-FEAT-LESSONS-006,rider-horse suitability,"Lessons, training, riders, and guardians",CRITICAL:16,P0,Trainer;Rider;Guardian;Owner;Barn Manager;Staff,PIA_SUPPLEMENT_CANDIDATE,IMPLEMENTED_UNVERIFIED,ES-FEAT-PLATFORM-001;ES-FEAT-LESSONS-001;ES-FEAT-IDENTITY-001;ES-FEAT-RELATIONSHIP-001;ES-FEAT-COMMUNICATIONS-001;ES-FEAT-TASKS-001;ES-FEAT-HORSE-001;ES-FEAT-CARE-001,GOVERNANCE,RESOLVE_AUTHORITY_CONFLICT,Derived from atomic conflict ATOMIC-CONFLICT-091; no opaque conflict-queue exemption.
CONFLICT_RESOLUTION_QUEUE,ES-FEAT-LESSONS-009,progress records,"Lessons, training, riders, and guardians",CRITICAL:16,P0,Trainer;Rider;Guardian;Owner;Barn Manager;Staff,PIA_SUPPLEMENT_CANDIDATE,IMPLEMENTED_UNVERIFIED,ES-FEAT-PLATFORM-001;ES-FEAT-LESSONS-001;ES-FEAT-IDENTITY-001;ES-FEAT-RELATIONSHIP-001;ES-FEAT-COMMUNICATIONS-001;ES-FEAT-TASKS-001;ES-FEAT-HORSE-001;ES-FEAT-CARE-001,GOVERNANCE,RESOLVE_AUTHORITY_CONFLICT,Derived from atomic conflict ATOMIC-CONFLICT-094; no opaque conflict-queue exemption.
CONFLICT_RESOLUTION_QUEUE,ES-FEAT-LESSONS-010,assessments,"Lessons, training, riders, and guardians",CRITICAL:12,P0,Trainer;Rider;Guardian;Owner;Barn Manager;Staff,PIA_SUPPLEMENT_CANDIDATE,IMPLEMENTED_UNVERIFIED,ES-FEAT-PLATFORM-001;ES-FEAT-LESSONS-001;ES-FEAT-IDENTITY-001;ES-FEAT-RELATIONSHIP-001;ES-FEAT-COMMUNICATIONS-001;ES-FEAT-TASKS-001;ES-FEAT-HORSE-001;ES-FEAT-CARE-001,GOVERNANCE,RESOLVE_AUTHORITY_CONFLICT,Derived from atomic conflict ATOMIC-CONFLICT-095; no opaque conflict-queue exemption.
CONFLICT_RESOLUTION_QUEUE,ES-FEAT-LESSONS-011,guardian approvals,"Lessons, training, riders, and guardians",CRITICAL:8,P0,Trainer;Rider;Guardian;Owner;Barn Manager;Staff,PIA_SUPPLEMENT_CANDIDATE,IMPLEMENTED_UNVERIFIED,ES-FEAT-PLATFORM-001;ES-FEAT-LESSONS-001;ES-FEAT-IDENTITY-001;ES-FEAT-RELATIONSHIP-001;ES-FEAT-COMMUNICATIONS-001;ES-FEAT-TASKS-001;ES-FEAT-HORSE-001,GOVERNANCE,RESOLVE_AUTHORITY_CONFLICT,Derived from atomic conflict ATOMIC-CONFLICT-096; no opaque conflict-queue exemption.
CONFLICT_RESOLUTION_QUEUE,ES-FEAT-LESSONS-012,protected communications,"Lessons, training, riders, and guardians",CRITICAL:16,P0,Trainer;Rider;Guardian;Owner;Barn Manager;Staff,PIA_SUPPLEMENT_CANDIDATE,IMPLEMENTED_UNVERIFIED,ES-FEAT-PLATFORM-001;ES-FEAT-LESSONS-001;ES-FEAT-IDENTITY-001;ES-FEAT-RELATIONSHIP-001;ES-FEAT-COMMUNICATIONS-001;ES-FEAT-TASKS-001;ES-FEAT-HORSE-001;ES-FEAT-CARE-001,GOVERNANCE,RESOLVE_AUTHORITY_CONFLICT,Derived from atomic conflict ATOMIC-CONFLICT-097; no opaque conflict-queue exemption.
CONFLICT_RESOLUTION_QUEUE,ES-FEAT-LESSONS-013,safety interruption,"Lessons, training, riders, and guardians",CRITICAL:12,P0,Trainer;Rider;Guardian;Owner;Barn Manager;Staff,PIA_SUPPLEMENT_CANDIDATE,IMPLEMENTED_UNVERIFIED,ES-FEAT-PLATFORM-001;ES-FEAT-LESSONS-001;ES-FEAT-IDENTITY-001;ES-FEAT-RELATIONSHIP-001;ES-FEAT-COMMUNICATIONS-001;ES-FEAT-TASKS-001;ES-FEAT-HORSE-001;ES-FEAT-CARE-001,GOVERNANCE,RESOLVE_AUTHORITY_CONFLICT,Derived from atomic conflict ATOMIC-CONFLICT-098; no opaque conflict-queue exemption.
CONFLICT_RESOLUTION_QUEUE,ES-FEAT-LESSONS-014,owner updates (Lessons),"Lessons, training, riders, and guardians",CRITICAL:4,P2,Trainer;Rider;Guardian;Owner;Barn Manager;Staff,COVERED_WITH_RETAINED_GAP,IMPLEMENTED_UNVERIFIED,ES-FEAT-PLATFORM-001;ES-FEAT-LESSONS-001;ES-FEAT-IDENTITY-001;ES-FEAT-RELATIONSHIP-001;ES-FEAT-COMMUNICATIONS-001;ES-FEAT-TASKS-001;ES-FEAT-HORSE-001,ENGINEERING,RESOLVE_AUTHORITY_CONFLICT,Derived from atomic conflict ATOMIC-CONFLICT-099; no opaque conflict-queue exemption.
CONFLICT_RESOLUTION_QUEUE,ES-FEAT-LESSONS-015,lesson packages,"Lessons, training, riders, and guardians",CRITICAL:16,P0,Trainer;Rider;Guardian;Owner;Barn Manager;Staff,PIA_SUPPLEMENT_CANDIDATE,IMPLEMENTED_UNVERIFIED,ES-FEAT-PLATFORM-001;ES-FEAT-LESSONS-001;ES-FEAT-IDENTITY-001;ES-FEAT-RELATIONSHIP-001;ES-FEAT-COMMUNICATIONS-001;ES-FEAT-TASKS-001;ES-FEAT-HORSE-001,GOVERNANCE,RESOLVE_AUTHORITY_CONFLICT,Derived from atomic conflict ATOMIC-CONFLICT-100; no opaque conflict-queue exemption.
CONFLICT_RESOLUTION_QUEUE,ES-FEAT-TASKS-001,tasks,"Tasks, calendar, scheduling, and notifications",MEDIUM:6,P1,Barn Manager;Trainer;Staff;Owner;Guardian;Rider;Service Provider,PIA_SUPPLEMENT_CANDIDATE,IMPLEMENTED_UNVERIFIED,ES-FEAT-PLATFORM-001,GOVERNANCE,RESOLVE_AUTHORITY_CONFLICT,Derived from atomic conflict ATOMIC-CONFLICT-101; no opaque conflict-queue exemption.
CONFLICT_RESOLUTION_QUEUE,ES-FEAT-TASKS-002,events (Tasks),"Tasks, calendar, scheduling, and notifications",MEDIUM:4,P1,Barn Manager;Trainer;Staff;Owner;Guardian;Rider;Service Provider,PIA_SUPPLEMENT_CANDIDATE,IMPLEMENTED_UNVERIFIED,ES-FEAT-PLATFORM-001;ES-FEAT-TASKS-001;ES-FEAT-IDENTITY-001;ES-FEAT-RELATIONSHIP-001;ES-FEAT-FINANCIAL-001;ES-FEAT-COMMUNICATIONS-001;ES-FEAT-CARE-001,GOVERNANCE,RESOLVE_AUTHORITY_CONFLICT,Derived from atomic conflict ATOMIC-CONFLICT-102; no opaque conflict-queue exemption.
CONFLICT_RESOLUTION_QUEUE,ES-FEAT-TASKS-003,recurrence,"Tasks, calendar, scheduling, and notifications",MEDIUM:8,P1,Barn Manager;Trainer;Staff;Owner;Guardian;Rider;Service Provider,PIA_SUPPLEMENT_CANDIDATE,IMPLEMENTED_UNVERIFIED,ES-FEAT-PLATFORM-001;ES-FEAT-TASKS-001;ES-FEAT-IDENTITY-001;ES-FEAT-RELATIONSHIP-001;ES-FEAT-COMMUNICATIONS-001;ES-FEAT-CARE-001,GOVERNANCE,RESOLVE_AUTHORITY_CONFLICT,Derived from atomic conflict ATOMIC-CONFLICT-103; no opaque conflict-queue exemption.
CONFLICT_RESOLUTION_QUEUE,ES-FEAT-TASKS-004,assignments (Tasks),"Tasks, calendar, scheduling, and notifications",MEDIUM:6,P1,Barn Manager;Trainer;Staff;Owner;Guardian;Rider;Service Provider,PIA_SUPPLEMENT_CANDIDATE,IMPLEMENTED_UNVERIFIED,ES-FEAT-PLATFORM-001;ES-FEAT-TASKS-001;ES-FEAT-IDENTITY-001;ES-FEAT-RELATIONSHIP-001;ES-FEAT-COMMUNICATIONS-001;ES-FEAT-CARE-001,GOVERNANCE,RESOLVE_AUTHORITY_CONFLICT,Derived from atomic conflict ATOMIC-CONFLICT-104; no opaque conflict-queue exemption.
CONFLICT_RESOLUTION_QUEUE,ES-FEAT-TASKS-006,completion,"Tasks, calendar, scheduling, and notifications",MEDIUM:8,P1,Barn Manager;Trainer;Staff;Owner;Guardian;Rider;Service Provider,PIA_SUPPLEMENT_CANDIDATE,IMPLEMENTED_UNVERIFIED,ES-FEAT-PLATFORM-001;ES-FEAT-TASKS-001;ES-FEAT-IDENTITY-001;ES-FEAT-RELATIONSHIP-001;ES-FEAT-COMMUNICATIONS-001,GOVERNANCE,RESOLVE_AUTHORITY_CONFLICT,Derived from atomic conflict ATOMIC-CONFLICT-106; no opaque conflict-queue exemption.
CONFLICT_RESOLUTION_QUEUE,ES-FEAT-TASKS-007,correction (Tasks),"Tasks, calendar, scheduling, and notifications",MEDIUM:6,P1,Barn Manager;Trainer;Staff;Owner;Guardian;Rider;Service Provider,PIA_SUPPLEMENT_CANDIDATE,IMPLEMENTED_UNVERIFIED,ES-FEAT-PLATFORM-001;ES-FEAT-TASKS-001;ES-FEAT-IDENTITY-001;ES-FEAT-RELATIONSHIP-001;ES-FEAT-COMMUNICATIONS-001;ES-FEAT-CARE-001,GOVERNANCE,RESOLVE_AUTHORITY_CONFLICT,Derived from atomic conflict ATOMIC-CONFLICT-107; no opaque conflict-queue exemption.
CONFLICT_RESOLUTION_QUEUE,ES-FEAT-TASKS-008,reminders,"Tasks, calendar, scheduling, and notifications",MEDIUM:4,P1,Barn Manager;Trainer;Staff;Owner;Guardian;Rider;Service Provider,PIA_SUPPLEMENT_CANDIDATE,IMPLEMENTED_UNVERIFIED,ES-FEAT-PLATFORM-001;ES-FEAT-TASKS-001;ES-FEAT-IDENTITY-001;ES-FEAT-RELATIONSHIP-001;ES-FEAT-COMMUNICATIONS-001;ES-FEAT-CARE-001,GOVERNANCE,RESOLVE_AUTHORITY_CONFLICT,Derived from atomic conflict ATOMIC-CONFLICT-108; no opaque conflict-queue exemption.
CONFLICT_RESOLUTION_QUEUE,ES-FEAT-TASKS-009,acknowledgment,"Tasks, calendar, scheduling, and notifications",MEDIUM:8,P1,Barn Manager;Trainer;Staff;Owner;Guardian;Rider;Service Provider,PIA_SUPPLEMENT_CANDIDATE,IMPLEMENTED_UNVERIFIED,ES-FEAT-PLATFORM-001;ES-FEAT-TASKS-001;ES-FEAT-IDENTITY-001;ES-FEAT-RELATIONSHIP-001;ES-FEAT-COMMUNICATIONS-001;ES-FEAT-CARE-001,GOVERNANCE,RESOLVE_AUTHORITY_CONFLICT,Derived from atomic conflict ATOMIC-CONFLICT-109; no opaque conflict-queue exemption.
CONFLICT_RESOLUTION_QUEUE,ES-FEAT-TASKS-010,escalation (Tasks),"Tasks, calendar, scheduling, and notifications",MEDIUM:6,P1,Barn Manager;Trainer;Staff;Owner;Guardian;Rider;Service Provider,PIA_SUPPLEMENT_CANDIDATE,IMPLEMENTED_UNVERIFIED,ES-FEAT-PLATFORM-001;ES-FEAT-TASKS-001;ES-FEAT-IDENTITY-001;ES-FEAT-RELATIONSHIP-001;ES-FEAT-COMMUNICATIONS-001;ES-FEAT-CARE-001,GOVERNANCE,RESOLVE_AUTHORITY_CONFLICT,Derived from atomic conflict ATOMIC-CONFLICT-110; no opaque conflict-queue exemption.
CONFLICT_RESOLUTION_QUEUE,ES-FEAT-TASKS-011,quiet hours,"Tasks, calendar, scheduling, and notifications",MEDIUM:4,P1,Barn Manager;Trainer;Staff;Owner;Guardian;Rider;Service Provider,PIA_SUPPLEMENT_CANDIDATE,IMPLEMENTED_UNVERIFIED,ES-FEAT-PLATFORM-001;ES-FEAT-TASKS-001;ES-FEAT-IDENTITY-001;ES-FEAT-RELATIONSHIP-001;ES-FEAT-COMMUNICATIONS-001;ES-FEAT-CARE-001,GOVERNANCE,RESOLVE_AUTHORITY_CONFLICT,Derived from atomic conflict ATOMIC-CONFLICT-111; no opaque conflict-queue exemption.
CONFLICT_RESOLUTION_QUEUE,ES-FEAT-TASKS-014,time zones,"Tasks, calendar, scheduling, and notifications",MEDIUM:4,P1,Barn Manager;Trainer;Staff;Owner;Guardian;Rider;Service Provider,PIA_SUPPLEMENT_CANDIDATE,IMPLEMENTED_UNVERIFIED,ES-FEAT-PLATFORM-001;ES-FEAT-TASKS-001;ES-FEAT-IDENTITY-001;ES-FEAT-RELATIONSHIP-001;ES-FEAT-COMMUNICATIONS-001;ES-FEAT-CARE-001,GOVERNANCE,RESOLVE_AUTHORITY_CONFLICT,Derived from atomic conflict ATOMIC-CONFLICT-114; no opaque conflict-queue exemption.
CONFLICT_RESOLUTION_QUEUE,ES-FEAT-COMMUNICATIONS-001,direct messaging,Communications and Owner Portal,MEDIUM:6,P1,Owner;Guardian;Trainer;Barn Manager;Staff;Service Provider,PIA_SUPPLEMENT_CANDIDATE,IMPLEMENTED_UNVERIFIED,ES-FEAT-PLATFORM-001,GOVERNANCE,RESOLVE_AUTHORITY_CONFLICT,Derived from atomic conflict ATOMIC-CONFLICT-116; no opaque conflict-queue exemption.
CONFLICT_RESOLUTION_QUEUE,ES-FEAT-COMMUNICATIONS-002,group messaging,Communications and Owner Portal,MEDIUM:4,P1,Owner;Guardian;Trainer;Barn Manager;Staff;Service Provider,PIA_SUPPLEMENT_CANDIDATE,IMPLEMENTED_UNVERIFIED,ES-FEAT-PLATFORM-001;ES-FEAT-COMMUNICATIONS-001;ES-FEAT-IDENTITY-001;ES-FEAT-RELATIONSHIP-001;ES-FEAT-FINANCIAL-001;ES-FEAT-TASKS-001,GOVERNANCE,RESOLVE_AUTHORITY_CONFLICT,Derived from atomic conflict ATOMIC-CONFLICT-117; no opaque conflict-queue exemption.
CONFLICT_RESOLUTION_QUEUE,ES-FEAT-COMMUNICATIONS-003,staff messaging,Communications and Owner Portal,MEDIUM:8,P1,Owner;Guardian;Trainer;Barn Manager;Staff;Service Provider,PIA_SUPPLEMENT_CANDIDATE,IMPLEMENTED_UNVERIFIED,ES-FEAT-PLATFORM-001;ES-FEAT-COMMUNICATIONS-001;ES-FEAT-IDENTITY-001;ES-FEAT-RELATIONSHIP-001;ES-FEAT-TASKS-001;ES-FEAT-HORSE-001,GOVERNANCE,RESOLVE_AUTHORITY_CONFLICT,Derived from atomic conflict ATOMIC-CONFLICT-118; no opaque conflict-queue exemption.
CONFLICT_RESOLUTION_QUEUE,ES-FEAT-COMMUNICATIONS-004,owner updates (Communications),Communications and Owner Portal,MEDIUM:2,P2,Owner;Guardian;Trainer;Barn Manager;Staff;Service Provider,COVERED_WITH_RETAINED_GAP,IMPLEMENTED_UNVERIFIED,ES-FEAT-PLATFORM-001;ES-FEAT-COMMUNICATIONS-001;ES-FEAT-IDENTITY-001;ES-FEAT-RELATIONSHIP-001;ES-FEAT-TASKS-001;ES-FEAT-HORSE-001,ENGINEERING,RESOLVE_AUTHORITY_CONFLICT,Derived from atomic conflict ATOMIC-CONFLICT-119; no opaque conflict-queue exemption.
CONFLICT_RESOLUTION_QUEUE,ES-FEAT-COMMUNICATIONS-005,guardian messaging,Communications and Owner Portal,CRITICAL:8,P1,Owner;Guardian;Trainer;Barn Manager;Staff;Service Provider,PIA_SUPPLEMENT_CANDIDATE,IMPLEMENTED_UNVERIFIED,ES-FEAT-PLATFORM-001;ES-FEAT-COMMUNICATIONS-001;ES-FEAT-IDENTITY-001;ES-FEAT-RELATIONSHIP-001;ES-FEAT-FINANCIAL-001;ES-FEAT-TASKS-001,GOVERNANCE,RESOLVE_AUTHORITY_CONFLICT,Derived from atomic conflict ATOMIC-CONFLICT-120; no opaque conflict-queue exemption.
CONFLICT_RESOLUTION_QUEUE,ES-FEAT-COMMUNICATIONS-006,emergency communications,Communications and Owner Portal,CRITICAL:16,P0,Owner;Guardian;Trainer;Barn Manager;Staff;Service Provider,PIA_SUPPLEMENT_CANDIDATE,IMPLEMENTED_UNVERIFIED,ES-FEAT-PLATFORM-001;ES-FEAT-COMMUNICATIONS-001;ES-FEAT-IDENTITY-001;ES-FEAT-RELATIONSHIP-001;ES-FEAT-TASKS-001;ES-FEAT-CARE-001,GOVERNANCE,RESOLVE_AUTHORITY_CONFLICT,Derived from atomic conflict ATOMIC-CONFLICT-121; no opaque conflict-queue exemption.
CONFLICT_RESOLUTION_QUEUE,ES-FEAT-COMMUNICATIONS-007,formal notices,Communications and Owner Portal,MEDIUM:6,P1,Owner;Guardian;Trainer;Barn Manager;Staff;Service Provider,PIA_SUPPLEMENT_CANDIDATE,IMPLEMENTED_UNVERIFIED,ES-FEAT-PLATFORM-001;ES-FEAT-COMMUNICATIONS-001;ES-FEAT-IDENTITY-001;ES-FEAT-RELATIONSHIP-001;ES-FEAT-TASKS-001;ES-FEAT-HORSE-001,GOVERNANCE,RESOLVE_AUTHORITY_CONFLICT,Derived from atomic conflict ATOMIC-CONFLICT-122; no opaque conflict-queue exemption.
CONFLICT_RESOLUTION_QUEUE,ES-FEAT-COMMUNICATIONS-008,delivery evidence,Communications and Owner Portal,MEDIUM:4,P1,Owner;Guardian;Trainer;Barn Manager;Staff;Service Provider,PIA_SUPPLEMENT_CANDIDATE,IMPLEMENTED_UNVERIFIED,ES-FEAT-PLATFORM-001;ES-FEAT-COMMUNICATIONS-001;ES-FEAT-IDENTITY-001;ES-FEAT-RELATIONSHIP-001;ES-FEAT-TASKS-001;ES-FEAT-HORSE-001,GOVERNANCE,RESOLVE_AUTHORITY_CONFLICT,Derived from atomic conflict ATOMIC-CONFLICT-123; no opaque conflict-queue exemption.
CONFLICT_RESOLUTION_QUEUE,ES-FEAT-COMMUNICATIONS-009,read acknowledgment,Communications and Owner Portal,MEDIUM:8,P1,Owner;Guardian;Trainer;Barn Manager;Staff;Service Provider,PIA_SUPPLEMENT_CANDIDATE,IMPLEMENTED_UNVERIFIED,ES-FEAT-PLATFORM-001;ES-FEAT-COMMUNICATIONS-001;ES-FEAT-IDENTITY-001;ES-FEAT-RELATIONSHIP-001;ES-FEAT-FINANCIAL-001;ES-FEAT-TASKS-001;ES-FEAT-HORSE-001,GOVERNANCE,RESOLVE_AUTHORITY_CONFLICT,Derived from atomic conflict ATOMIC-CONFLICT-124; no opaque conflict-queue exemption.
CONFLICT_RESOLUTION_QUEUE,ES-FEAT-COMMUNICATIONS-010,attachments,Communications and Owner Portal,MEDIUM:6,P1,Owner;Guardian;Trainer;Barn Manager;Staff;Service Provider,PIA_SUPPLEMENT_CANDIDATE,IMPLEMENTED_UNVERIFIED,ES-FEAT-PLATFORM-001;ES-FEAT-COMMUNICATIONS-001;ES-FEAT-IDENTITY-001;ES-FEAT-RELATIONSHIP-001;ES-FEAT-TASKS-001;ES-FEAT-HORSE-001,GOVERNANCE,RESOLVE_AUTHORITY_CONFLICT,Derived from atomic conflict ATOMIC-CONFLICT-125; no opaque conflict-queue exemption.
CONFLICT_RESOLUTION_QUEUE,ES-FEAT-COMMUNICATIONS-011,community messaging,Communications and Owner Portal,MEDIUM:4,P1,Owner;Guardian;Trainer;Barn Manager;Staff;Service Provider,PIA_SUPPLEMENT_CANDIDATE,IMPLEMENTED_UNVERIFIED,ES-FEAT-PLATFORM-001;ES-FEAT-COMMUNICATIONS-001;ES-FEAT-IDENTITY-001;ES-FEAT-RELATIONSHIP-001;ES-FEAT-TASKS-001;ES-FEAT-HORSE-001,GOVERNANCE,RESOLVE_AUTHORITY_CONFLICT,Derived from atomic conflict ATOMIC-CONFLICT-126; no opaque conflict-queue exemption.
CONFLICT_RESOLUTION_QUEUE,ES-FEAT-COMMUNICATIONS-012,Owner Portal projections,Communications and Owner Portal,MEDIUM:8,P1,Owner;Guardian;Trainer;Barn Manager;Staff;Service Provider,PIA_SUPPLEMENT_CANDIDATE,IMPLEMENTED_UNVERIFIED,ES-FEAT-PLATFORM-001;ES-FEAT-COMMUNICATIONS-001;ES-FEAT-IDENTITY-001;ES-FEAT-RELATIONSHIP-001;ES-FEAT-TASKS-001;ES-FEAT-HORSE-001,GOVERNANCE,RESOLVE_AUTHORITY_CONFLICT,Derived from atomic conflict ATOMIC-CONFLICT-127; no opaque conflict-queue exemption.
CONFLICT_RESOLUTION_QUEUE,ES-FEAT-COMMUNICATIONS-013,former-party access,Communications and Owner Portal,MEDIUM:6,P1,Owner;Guardian;Trainer;Barn Manager;Staff;Service Provider,PIA_SUPPLEMENT_CANDIDATE,IMPLEMENTED_UNVERIFIED,ES-FEAT-PLATFORM-001;ES-FEAT-COMMUNICATIONS-001;ES-FEAT-IDENTITY-001;ES-FEAT-RELATIONSHIP-001;ES-FEAT-FINANCIAL-001;ES-FEAT-TASKS-001;ES-FEAT-HORSE-001;ES-FEAT-CARE-001,GOVERNANCE,RESOLVE_AUTHORITY_CONFLICT,Derived from atomic conflict ATOMIC-CONFLICT-128; no opaque conflict-queue exemption.
CONFLICT_RESOLUTION_QUEUE,ES-FEAT-COMMUNICATIONS-014,support communication,Communications and Owner Portal,MEDIUM:4,P1,Owner;Guardian;Trainer;Barn Manager;Staff;Service Provider,PIA_SUPPLEMENT_CANDIDATE,IMPLEMENTED_UNVERIFIED,ES-FEAT-PLATFORM-001;ES-FEAT-COMMUNICATIONS-001;ES-FEAT-IDENTITY-001;ES-FEAT-RELATIONSHIP-001;ES-FEAT-TASKS-001,GOVERNANCE,RESOLVE_AUTHORITY_CONFLICT,Derived from atomic conflict ATOMIC-CONFLICT-129; no opaque conflict-queue exemption.
CONFLICT_RESOLUTION_QUEUE,ES-FEAT-DOCUMENTS-001,document templates,"Documents, agreements, and electronic signatures",HIGH:12,P1,Owner;Guardian;Facility Owner;Barn Manager;Trainer;Rider;Support,PIA_SUPPLEMENT_CANDIDATE,IMPLEMENTED_UNVERIFIED,ES-FEAT-PLATFORM-001,GOVERNANCE,RESOLVE_AUTHORITY_CONFLICT,Derived from atomic conflict ATOMIC-CONFLICT-130; no opaque conflict-queue exemption.
CONFLICT_RESOLUTION_QUEUE,ES-FEAT-DOCUMENTS-003,consent (Documents),"Documents, agreements, and electronic signatures",CRITICAL:8,P1,Owner;Guardian;Facility Owner;Barn Manager;Trainer;Rider;Support,PIA_SUPPLEMENT_CANDIDATE,IMPLEMENTED_UNVERIFIED,ES-FEAT-PLATFORM-001;ES-FEAT-DOCUMENTS-001;ES-FEAT-IDENTITY-001;ES-FEAT-RELATIONSHIP-001;ES-FEAT-COMMUNICATIONS-001;ES-FEAT-TASKS-001,GOVERNANCE,RESOLVE_AUTHORITY_CONFLICT,Derived from atomic conflict ATOMIC-CONFLICT-132; no opaque conflict-queue exemption.
CONFLICT_RESOLUTION_QUEUE,ES-FEAT-DOCUMENTS-004,guardian signatures,"Documents, agreements, and electronic signatures",CRITICAL:16,P1,Owner;Guardian;Facility Owner;Barn Manager;Trainer;Rider;Support,PIA_SUPPLEMENT_CANDIDATE,IMPLEMENTED_UNVERIFIED,ES-FEAT-PLATFORM-001;ES-FEAT-DOCUMENTS-001;ES-FEAT-IDENTITY-001;ES-FEAT-RELATIONSHIP-001;ES-FEAT-FINANCIAL-001;ES-FEAT-COMMUNICATIONS-001;ES-FEAT-TASKS-001,GOVERNANCE,RESOLVE_AUTHORITY_CONFLICT,Derived from atomic conflict ATOMIC-CONFLICT-133; no opaque conflict-queue exemption.
CONFLICT_RESOLUTION_QUEUE,ES-FEAT-DOCUMENTS-005,minor assent,"Documents, agreements, and electronic signatures",CRITICAL:12,P0,Owner;Guardian;Facility Owner;Barn Manager;Trainer;Rider;Support,PIA_SUPPLEMENT_CANDIDATE,IMPLEMENTED_UNVERIFIED,ES-FEAT-PLATFORM-001;ES-FEAT-DOCUMENTS-001;ES-FEAT-IDENTITY-001;ES-FEAT-RELATIONSHIP-001;ES-FEAT-FINANCIAL-001;ES-FEAT-COMMUNICATIONS-001;ES-FEAT-TASKS-001;ES-FEAT-CARE-001,GOVERNANCE,RESOLVE_AUTHORITY_CONFLICT,Derived from atomic conflict ATOMIC-CONFLICT-134; no opaque conflict-queue exemption.
CONFLICT_RESOLUTION_QUEUE,ES-FEAT-DOCUMENTS-006,document requests,"Documents, agreements, and electronic signatures",HIGH:6,P1,Owner;Guardian;Facility Owner;Barn Manager;Trainer;Rider;Support,PIA_SUPPLEMENT_CANDIDATE,IMPLEMENTED_UNVERIFIED,ES-FEAT-PLATFORM-001;ES-FEAT-DOCUMENTS-001;ES-FEAT-IDENTITY-001;ES-FEAT-RELATIONSHIP-001;ES-FEAT-COMMUNICATIONS-001;ES-FEAT-TASKS-001,GOVERNANCE,RESOLVE_AUTHORITY_CONFLICT,Derived from atomic conflict ATOMIC-CONFLICT-135; no opaque conflict-queue exemption.
CONFLICT_RESOLUTION_QUEUE,ES-FEAT-DOCUMENTS-007,envelope creation,"Documents, agreements, and electronic signatures",HIGH:12,P1,Owner;Guardian;Facility Owner;Barn Manager;Trainer;Rider;Support,PIA_SUPPLEMENT_CANDIDATE,IMPLEMENTED_UNVERIFIED,ES-FEAT-PLATFORM-001;ES-FEAT-DOCUMENTS-001;ES-FEAT-IDENTITY-001;ES-FEAT-RELATIONSHIP-001;ES-FEAT-COMMUNICATIONS-001;ES-FEAT-TASKS-001,GOVERNANCE,RESOLVE_AUTHORITY_CONFLICT,Derived from atomic conflict ATOMIC-CONFLICT-136; no opaque conflict-queue exemption.
CONFLICT_RESOLUTION_QUEUE,ES-FEAT-DOCUMENTS-008,signing,"Documents, agreements, and electronic signatures",HIGH:9,P1,Owner;Guardian;Facility Owner;Barn Manager;Trainer;Rider;Support,PIA_SUPPLEMENT_CANDIDATE,IMPLEMENTED_UNVERIFIED,ES-FEAT-PLATFORM-001;ES-FEAT-DOCUMENTS-001;ES-FEAT-IDENTITY-001;ES-FEAT-RELATIONSHIP-001;ES-FEAT-COMMUNICATIONS-001;ES-FEAT-TASKS-001,GOVERNANCE,RESOLVE_AUTHORITY_CONFLICT,Derived from atomic conflict ATOMIC-CONFLICT-137; no opaque conflict-queue exemption.
CONFLICT_RESOLUTION_QUEUE,ES-FEAT-DOCUMENTS-009,decline,"Documents, agreements, and electronic signatures",HIGH:6,P1,Owner;Guardian;Facility Owner;Barn Manager;Trainer;Rider;Support,PIA_SUPPLEMENT_CANDIDATE,IMPLEMENTED_UNVERIFIED,ES-FEAT-PLATFORM-001;ES-FEAT-DOCUMENTS-001;ES-FEAT-IDENTITY-001;ES-FEAT-RELATIONSHIP-001;ES-FEAT-COMMUNICATIONS-001;ES-FEAT-TASKS-001,GOVERNANCE,RESOLVE_AUTHORITY_CONFLICT,Derived from atomic conflict ATOMIC-CONFLICT-138; no opaque conflict-queue exemption.
CONFLICT_RESOLUTION_QUEUE,ES-FEAT-DOCUMENTS-010,expiration (Documents),"Documents, agreements, and electronic signatures",HIGH:12,P1,Owner;Guardian;Facility Owner;Barn Manager;Trainer;Rider;Support,PIA_SUPPLEMENT_CANDIDATE,IMPLEMENTED_UNVERIFIED,ES-FEAT-PLATFORM-001;ES-FEAT-DOCUMENTS-001;ES-FEAT-IDENTITY-001;ES-FEAT-RELATIONSHIP-001;ES-FEAT-COMMUNICATIONS-001;ES-FEAT-TASKS-001,GOVERNANCE,RESOLVE_AUTHORITY_CONFLICT,Derived from atomic conflict ATOMIC-CONFLICT-139; no opaque conflict-queue exemption.
CONFLICT_RESOLUTION_QUEUE,ES-FEAT-DOCUMENTS-011,revocation,"Documents, agreements, and electronic signatures",HIGH:9,P1,Owner;Guardian;Facility Owner;Barn Manager;Trainer;Rider;Support,PIA_SUPPLEMENT_CANDIDATE,IMPLEMENTED_UNVERIFIED,ES-FEAT-PLATFORM-001;ES-FEAT-DOCUMENTS-001;ES-FEAT-IDENTITY-001;ES-FEAT-RELATIONSHIP-001;ES-FEAT-COMMUNICATIONS-001;ES-FEAT-TASKS-001,GOVERNANCE,RESOLVE_AUTHORITY_CONFLICT,Derived from atomic conflict ATOMIC-CONFLICT-140; no opaque conflict-queue exemption.
CONFLICT_RESOLUTION_QUEUE,ES-FEAT-DOCUMENTS-012,correction (Documents),"Documents, agreements, and electronic signatures",HIGH:6,P1,Owner;Guardian;Facility Owner;Barn Manager;Trainer;Rider;Support,PIA_SUPPLEMENT_CANDIDATE,IMPLEMENTED_UNVERIFIED,ES-FEAT-PLATFORM-001;ES-FEAT-DOCUMENTS-001;ES-FEAT-IDENTITY-001;ES-FEAT-RELATIONSHIP-001;ES-FEAT-COMMUNICATIONS-001;ES-FEAT-TASKS-001,GOVERNANCE,RESOLVE_AUTHORITY_CONFLICT,Derived from atomic conflict ATOMIC-CONFLICT-141; no opaque conflict-queue exemption.
CONFLICT_RESOLUTION_QUEUE,ES-FEAT-DOCUMENTS-013,provider webhooks,"Documents, agreements, and electronic signatures",HIGH:12,P1,Owner;Guardian;Facility Owner;Barn Manager;Trainer;Rider;Support,PIA_SUPPLEMENT_CANDIDATE,IMPLEMENTED_UNVERIFIED,ES-FEAT-PLATFORM-001;ES-FEAT-DOCUMENTS-001;ES-FEAT-IDENTITY-001;ES-FEAT-RELATIONSHIP-001;ES-FEAT-FINANCIAL-001;ES-FEAT-COMMUNICATIONS-001;ES-FEAT-TASKS-001;ES-FEAT-CARE-001,GOVERNANCE,RESOLVE_AUTHORITY_CONFLICT,Derived from atomic conflict ATOMIC-CONFLICT-142; no opaque conflict-queue exemption.
CONFLICT_RESOLUTION_QUEUE,ES-FEAT-DOCUMENTS-014,retention (Documents),"Documents, agreements, and electronic signatures",HIGH:9,P1,Owner;Guardian;Facility Owner;Barn Manager;Trainer;Rider;Support,PIA_SUPPLEMENT_CANDIDATE,IMPLEMENTED_UNVERIFIED,ES-FEAT-PLATFORM-001;ES-FEAT-DOCUMENTS-001;ES-FEAT-IDENTITY-001;ES-FEAT-RELATIONSHIP-001;ES-FEAT-COMMUNICATIONS-001;ES-FEAT-TASKS-001,GOVERNANCE,RESOLVE_AUTHORITY_CONFLICT,Derived from atomic conflict ATOMIC-CONFLICT-143; no opaque conflict-queue exemption.
CONFLICT_RESOLUTION_QUEUE,ES-FEAT-DOCUMENTS-015,legal hold,"Documents, agreements, and electronic signatures",HIGH:6,P1,Owner;Guardian;Facility Owner;Barn Manager;Trainer;Rider;Support,PIA_SUPPLEMENT_CANDIDATE,IMPLEMENTED_UNVERIFIED,ES-FEAT-PLATFORM-001;ES-FEAT-DOCUMENTS-001;ES-FEAT-IDENTITY-001;ES-FEAT-RELATIONSHIP-001;ES-FEAT-FINANCIAL-001;ES-FEAT-COMMUNICATIONS-001;ES-FEAT-TASKS-001,GOVERNANCE,RESOLVE_AUTHORITY_CONFLICT,Derived from atomic conflict ATOMIC-CONFLICT-144; no opaque conflict-queue exemption.
CONFLICT_RESOLUTION_QUEUE,ES-FEAT-FINANCIAL-001,plans,Financial operations,MEDIUM:8,P0,Facility Owner;Barn Manager;Trainer;Owner;Guardian;Billing Admin;Platform Admin,PIA_SUPPLEMENT_CANDIDATE,IMPLEMENTED_UNVERIFIED,ES-FEAT-PLATFORM-001,GOVERNANCE,RESOLVE_AUTHORITY_CONFLICT,Derived from atomic conflict ATOMIC-CONFLICT-145; no opaque conflict-queue exemption.
CONFLICT_RESOLUTION_QUEUE,ES-FEAT-FINANCIAL-002,subscriptions,Financial operations,MEDIUM:6,P0,Facility Owner;Barn Manager;Trainer;Owner;Guardian;Billing Admin;Platform Admin,PIA_SUPPLEMENT_CANDIDATE,IMPLEMENTED_UNVERIFIED,ES-FEAT-PLATFORM-001;ES-FEAT-FINANCIAL-001;ES-FEAT-IDENTITY-001;ES-FEAT-RELATIONSHIP-001;ES-FEAT-COMMUNICATIONS-001;ES-FEAT-TASKS-001,GOVERNANCE,RESOLVE_AUTHORITY_CONFLICT,Derived from atomic conflict ATOMIC-CONFLICT-146; no opaque conflict-queue exemption.
CONFLICT_RESOLUTION_QUEUE,ES-FEAT-FINANCIAL-003,add-ons,Financial operations,MEDIUM:4,P0,Facility Owner;Barn Manager;Trainer;Owner;Guardian;Billing Admin;Platform Admin,PIA_SUPPLEMENT_CANDIDATE,IMPLEMENTED_UNVERIFIED,ES-FEAT-PLATFORM-001;ES-FEAT-FINANCIAL-001;ES-FEAT-IDENTITY-001;ES-FEAT-RELATIONSHIP-001;ES-FEAT-COMMUNICATIONS-001;ES-FEAT-TASKS-001,GOVERNANCE,RESOLVE_AUTHORITY_CONFLICT,Derived from atomic conflict ATOMIC-CONFLICT-147; no opaque conflict-queue exemption.
CONFLICT_RESOLUTION_QUEUE,ES-FEAT-FINANCIAL-004,pricing,Financial operations,MEDIUM:8,P0,Facility Owner;Barn Manager;Trainer;Owner;Guardian;Billing Admin;Platform Admin,PIA_SUPPLEMENT_CANDIDATE,IMPLEMENTED_UNVERIFIED,ES-FEAT-PLATFORM-001;ES-FEAT-FINANCIAL-001;ES-FEAT-IDENTITY-001;ES-FEAT-RELATIONSHIP-001;ES-FEAT-COMMUNICATIONS-001;ES-FEAT-TASKS-001,GOVERNANCE,RESOLVE_AUTHORITY_CONFLICT,Derived from atomic conflict ATOMIC-CONFLICT-148; no opaque conflict-queue exemption.
CONFLICT_RESOLUTION_QUEUE,ES-FEAT-FINANCIAL-005,estimates,Financial operations,MEDIUM:6,P0,Facility Owner;Barn Manager;Trainer;Owner;Guardian;Billing Admin;Platform Admin,PIA_SUPPLEMENT_CANDIDATE,IMPLEMENTED_UNVERIFIED,ES-FEAT-PLATFORM-001;ES-FEAT-FINANCIAL-001;ES-FEAT-IDENTITY-001;ES-FEAT-RELATIONSHIP-001;ES-FEAT-COMMUNICATIONS-001;ES-FEAT-TASKS-001,GOVERNANCE,RESOLVE_AUTHORITY_CONFLICT,Derived from atomic conflict ATOMIC-CONFLICT-149; no opaque conflict-queue exemption.
CONFLICT_RESOLUTION_QUEUE,ES-FEAT-FINANCIAL-006,invoices,Financial operations,MEDIUM:4,P0,Facility Owner;Barn Manager;Trainer;Owner;Guardian;Billing Admin;Platform Admin,PIA_SUPPLEMENT_CANDIDATE,IMPLEMENTED_UNVERIFIED,ES-FEAT-PLATFORM-001;ES-FEAT-FINANCIAL-001;ES-FEAT-IDENTITY-001;ES-FEAT-RELATIONSHIP-001;ES-FEAT-COMMUNICATIONS-001;ES-FEAT-TASKS-001,GOVERNANCE,RESOLVE_AUTHORITY_CONFLICT,Derived from atomic conflict ATOMIC-CONFLICT-150; no opaque conflict-queue exemption.
CONFLICT_RESOLUTION_QUEUE,ES-FEAT-FINANCIAL-007,recurring charges,Financial operations,MEDIUM:8,P0,Facility Owner;Barn Manager;Trainer;Owner;Guardian;Billing Admin;Platform Admin,PIA_SUPPLEMENT_CANDIDATE,IMPLEMENTED_UNVERIFIED,ES-FEAT-PLATFORM-001;ES-FEAT-FINANCIAL-001;ES-FEAT-IDENTITY-001;ES-FEAT-RELATIONSHIP-001;ES-FEAT-COMMUNICATIONS-001;ES-FEAT-TASKS-001,GOVERNANCE,RESOLVE_AUTHORITY_CONFLICT,Derived from atomic conflict ATOMIC-CONFLICT-151; no opaque conflict-queue exemption.
CONFLICT_RESOLUTION_QUEUE,ES-FEAT-FINANCIAL-008,payments,Financial operations,CRITICAL:12,P0,Facility Owner;Barn Manager;Trainer;Owner;Guardian;Billing Admin;Platform Admin,PIA_SUPPLEMENT_CANDIDATE,IMPLEMENTED_UNVERIFIED,ES-FEAT-PLATFORM-001;ES-FEAT-FINANCIAL-001;ES-FEAT-IDENTITY-001;ES-FEAT-RELATIONSHIP-001;ES-FEAT-COMMUNICATIONS-001;ES-FEAT-TASKS-001,GOVERNANCE,RESOLVE_AUTHORITY_CONFLICT,Derived from atomic conflict ATOMIC-CONFLICT-152; no opaque conflict-queue exemption.
CONFLICT_RESOLUTION_QUEUE,ES-FEAT-FINANCIAL-009,refunds,Financial operations,MEDIUM:4,P0,Facility Owner;Barn Manager;Trainer;Owner;Guardian;Billing Admin;Platform Admin,PIA_SUPPLEMENT_CANDIDATE,IMPLEMENTED_UNVERIFIED,ES-FEAT-PLATFORM-001;ES-FEAT-FINANCIAL-001;ES-FEAT-IDENTITY-001;ES-FEAT-RELATIONSHIP-001;ES-FEAT-COMMUNICATIONS-001;ES-FEAT-TASKS-001,GOVERNANCE,RESOLVE_AUTHORITY_CONFLICT,Derived from atomic conflict ATOMIC-CONFLICT-153; no opaque conflict-queue exemption.
CONFLICT_RESOLUTION_QUEUE,ES-FEAT-FINANCIAL-010,credits,Financial operations,MEDIUM:8,P0,Facility Owner;Barn Manager;Trainer;Owner;Guardian;Billing Admin;Platform Admin,PIA_SUPPLEMENT_CANDIDATE,IMPLEMENTED_UNVERIFIED,ES-FEAT-PLATFORM-001;ES-FEAT-FINANCIAL-001;ES-FEAT-IDENTITY-001;ES-FEAT-RELATIONSHIP-001;ES-FEAT-COMMUNICATIONS-001;ES-FEAT-TASKS-001,GOVERNANCE,RESOLVE_AUTHORITY_CONFLICT,Derived from atomic conflict ATOMIC-CONFLICT-154; no opaque conflict-queue exemption.
CONFLICT_RESOLUTION_QUEUE,ES-FEAT-FINANCIAL-011,disputes (Financial operations),Financial operations,CRITICAL:12,P0,Facility Owner;Barn Manager;Trainer;Owner;Guardian;Billing Admin;Platform Admin,PIA_SUPPLEMENT_CANDIDATE,IMPLEMENTED_UNVERIFIED,ES-FEAT-PLATFORM-001;ES-FEAT-FINANCIAL-001;ES-FEAT-IDENTITY-001;ES-FEAT-RELATIONSHIP-001;ES-FEAT-COMMUNICATIONS-001;ES-FEAT-TASKS-001,GOVERNANCE,RESOLVE_AUTHORITY_CONFLICT,Derived from atomic conflict ATOMIC-CONFLICT-155; no opaque conflict-queue exemption.
CONFLICT_RESOLUTION_QUEUE,ES-FEAT-FINANCIAL-013,payouts,Financial operations,CRITICAL:12,P1,Facility Owner;Barn Manager;Trainer;Owner;Guardian;Billing Admin;Platform Admin,COVERED_WITH_RETAINED_GAP,NOT_FOUND,ES-FEAT-PLATFORM-001;ES-FEAT-FINANCIAL-001;ES-FEAT-IDENTITY-001;ES-FEAT-RELATIONSHIP-001;ES-FEAT-COMMUNICATIONS-001;ES-FEAT-TASKS-001,ENGINEERING,RESOLVE_AUTHORITY_CONFLICT,Derived from atomic conflict ATOMIC-CONFLICT-157; no opaque conflict-queue exemption.
CONFLICT_RESOLUTION_QUEUE,ES-FEAT-FINANCIAL-014,marketplace payments,Financial operations,CRITICAL:12,P1,Facility Owner;Barn Manager;Trainer;Owner;Guardian;Billing Admin;Platform Admin,COVERED_WITH_RETAINED_GAP,NOT_FOUND,ES-FEAT-PLATFORM-001;ES-FEAT-FINANCIAL-001;ES-FEAT-IDENTITY-001;ES-FEAT-RELATIONSHIP-001;ES-FEAT-COMMUNICATIONS-001;ES-FEAT-TASKS-001,ENGINEERING,RESOLVE_AUTHORITY_CONFLICT,Derived from atomic conflict ATOMIC-CONFLICT-158; no opaque conflict-queue exemption.
CONFLICT_RESOLUTION_QUEUE,ES-FEAT-FINANCIAL-015,taxes,Financial operations,CRITICAL:12,P1,Facility Owner;Barn Manager;Trainer;Owner;Guardian;Billing Admin;Platform Admin,COVERED_WITH_RETAINED_GAP,NOT_FOUND,ES-FEAT-PLATFORM-001;ES-FEAT-FINANCIAL-001;ES-FEAT-IDENTITY-001;ES-FEAT-RELATIONSHIP-001;ES-FEAT-COMMUNICATIONS-001;ES-FEAT-TASKS-001,ENGINEERING,RESOLVE_AUTHORITY_CONFLICT,Derived from atomic conflict ATOMIC-CONFLICT-159; no opaque conflict-queue exemption.
CONFLICT_RESOLUTION_QUEUE,ES-FEAT-FINANCIAL-016,accounting export,Financial operations,MEDIUM:8,P0,Facility Owner;Barn Manager;Trainer;Owner;Guardian;Billing Admin;Platform Admin,PIA_SUPPLEMENT_CANDIDATE,IMPLEMENTED_UNVERIFIED,ES-FEAT-PLATFORM-001;ES-FEAT-FINANCIAL-001;ES-FEAT-IDENTITY-001;ES-FEAT-RELATIONSHIP-001;ES-FEAT-COMMUNICATIONS-001;ES-FEAT-TASKS-001,GOVERNANCE,RESOLVE_AUTHORITY_CONFLICT,Derived from atomic conflict ATOMIC-CONFLICT-160; no opaque conflict-queue exemption.
CONFLICT_RESOLUTION_QUEUE,ES-FEAT-FINANCIAL-017,financial reporting (Financial operations),Financial operations,HIGH:9,P2,Facility Owner;Barn Manager;Trainer;Owner;Guardian;Billing Admin;Platform Admin,COVERED_WITH_RETAINED_GAP,IMPLEMENTED_UNVERIFIED,ES-FEAT-PLATFORM-001;ES-FEAT-FINANCIAL-001;ES-FEAT-IDENTITY-001;ES-FEAT-RELATIONSHIP-001;ES-FEAT-COMMUNICATIONS-001;ES-FEAT-TASKS-001,ENGINEERING,RESOLVE_AUTHORITY_CONFLICT,Derived from atomic conflict ATOMIC-CONFLICT-161; no opaque conflict-queue exemption.
CONFLICT_RESOLUTION_QUEUE,ES-FEAT-FINANCIAL-018,evidence and reconciliation,Financial operations,MEDIUM:4,P0,Facility Owner;Barn Manager;Trainer;Owner;Guardian;Billing Admin;Platform Admin,PIA_SUPPLEMENT_CANDIDATE,IMPLEMENTED_UNVERIFIED,ES-FEAT-PLATFORM-001;ES-FEAT-FINANCIAL-001;ES-FEAT-IDENTITY-001;ES-FEAT-RELATIONSHIP-001;ES-FEAT-COMMUNICATIONS-001;ES-FEAT-TASKS-001,GOVERNANCE,RESOLVE_AUTHORITY_CONFLICT,Derived from atomic conflict ATOMIC-CONFLICT-162; no opaque conflict-queue exemption.
CONFLICT_RESOLUTION_QUEUE,ES-FEAT-FINANCIAL-019,owner-visible projections,Financial operations,MEDIUM:8,P0,Facility Owner;Barn Manager;Trainer;Owner;Guardian;Billing Admin;Platform Admin,PIA_SUPPLEMENT_CANDIDATE,IMPLEMENTED_UNVERIFIED,ES-FEAT-PLATFORM-001;ES-FEAT-FINANCIAL-001;ES-FEAT-IDENTITY-001;ES-FEAT-RELATIONSHIP-001;ES-FEAT-COMMUNICATIONS-001;ES-FEAT-TASKS-001;ES-FEAT-HORSE-001,GOVERNANCE,RESOLVE_AUTHORITY_CONFLICT,Derived from atomic conflict ATOMIC-CONFLICT-163; no opaque conflict-queue exemption.
CONFLICT_RESOLUTION_QUEUE,ES-FEAT-INVENTORY-001,feed inventory,Inventory and assets,MEDIUM:6,P0,Barn Manager;Staff;Trainer;Facility Owner;Veterinarian;Farrier,PIA_SUPPLEMENT_CANDIDATE,IMPLEMENTED_UNVERIFIED,ES-FEAT-PLATFORM-001,GOVERNANCE,RESOLVE_AUTHORITY_CONFLICT,Derived from atomic conflict ATOMIC-CONFLICT-164; no opaque conflict-queue exemption.
CONFLICT_RESOLUTION_QUEUE,ES-FEAT-INVENTORY-002,medication supplies,Inventory and assets,MEDIUM:4,P0,Barn Manager;Staff;Trainer;Facility Owner;Veterinarian;Farrier,PIA_SUPPLEMENT_CANDIDATE,IMPLEMENTED_UNVERIFIED,ES-FEAT-PLATFORM-001;ES-FEAT-INVENTORY-001;ES-FEAT-IDENTITY-001;ES-FEAT-RELATIONSHIP-001;ES-FEAT-COMMUNICATIONS-001;ES-FEAT-TASKS-001;ES-FEAT-HORSE-001;ES-FEAT-CARE-001,GOVERNANCE,RESOLVE_AUTHORITY_CONFLICT,Derived from atomic conflict ATOMIC-CONFLICT-165; no opaque conflict-queue exemption.
CONFLICT_RESOLUTION_QUEUE,ES-FEAT-INVENTORY-003,equipment,Inventory and assets,MEDIUM:8,P0,Barn Manager;Staff;Trainer;Facility Owner;Veterinarian;Farrier,PIA_SUPPLEMENT_CANDIDATE,IMPLEMENTED_UNVERIFIED,ES-FEAT-PLATFORM-001;ES-FEAT-INVENTORY-001;ES-FEAT-IDENTITY-001;ES-FEAT-RELATIONSHIP-001;ES-FEAT-COMMUNICATIONS-001;ES-FEAT-TASKS-001;ES-FEAT-HORSE-001;ES-FEAT-CARE-001,GOVERNANCE,RESOLVE_AUTHORITY_CONFLICT,Derived from atomic conflict ATOMIC-CONFLICT-166; no opaque conflict-queue exemption.
CONFLICT_RESOLUTION_QUEUE,ES-FEAT-INVENTORY-004,tack,Inventory and assets,MEDIUM:6,P0,Barn Manager;Staff;Trainer;Facility Owner;Veterinarian;Farrier,PIA_SUPPLEMENT_CANDIDATE,IMPLEMENTED_UNVERIFIED,ES-FEAT-PLATFORM-001;ES-FEAT-INVENTORY-001;ES-FEAT-IDENTITY-001;ES-FEAT-RELATIONSHIP-001;ES-FEAT-COMMUNICATIONS-001;ES-FEAT-TASKS-001;ES-FEAT-HORSE-001;ES-FEAT-CARE-001,GOVERNANCE,RESOLVE_AUTHORITY_CONFLICT,Derived from atomic conflict ATOMIC-CONFLICT-167; no opaque conflict-queue exemption.
CONFLICT_RESOLUTION_QUEUE,ES-FEAT-INVENTORY-005,lots,Inventory and assets,MEDIUM:4,P0,Barn Manager;Staff;Trainer;Facility Owner;Veterinarian;Farrier,PIA_SUPPLEMENT_CANDIDATE,IMPLEMENTED_UNVERIFIED,ES-FEAT-PLATFORM-001;ES-FEAT-INVENTORY-001;ES-FEAT-IDENTITY-001;ES-FEAT-RELATIONSHIP-001;ES-FEAT-COMMUNICATIONS-001;ES-FEAT-TASKS-001;ES-FEAT-HORSE-001;ES-FEAT-CARE-001,GOVERNANCE,RESOLVE_AUTHORITY_CONFLICT,Derived from atomic conflict ATOMIC-CONFLICT-168; no opaque conflict-queue exemption.
CONFLICT_RESOLUTION_QUEUE,ES-FEAT-INVENTORY-006,expiration (Inventory),Inventory and assets,MEDIUM:8,P0,Barn Manager;Staff;Trainer;Facility Owner;Veterinarian;Farrier,PIA_SUPPLEMENT_CANDIDATE,IMPLEMENTED_UNVERIFIED,ES-FEAT-PLATFORM-001;ES-FEAT-INVENTORY-001;ES-FEAT-IDENTITY-001;ES-FEAT-RELATIONSHIP-001;ES-FEAT-COMMUNICATIONS-001;ES-FEAT-TASKS-001;ES-FEAT-HORSE-001;ES-FEAT-CARE-001,GOVERNANCE,RESOLVE_AUTHORITY_CONFLICT,Derived from atomic conflict ATOMIC-CONFLICT-169; no opaque conflict-queue exemption.
CONFLICT_RESOLUTION_QUEUE,ES-FEAT-INVENTORY-007,purchasing,Inventory and assets,MEDIUM:6,P0,Barn Manager;Staff;Trainer;Facility Owner;Veterinarian;Farrier,PIA_SUPPLEMENT_CANDIDATE,IMPLEMENTED_UNVERIFIED,ES-FEAT-PLATFORM-001;ES-FEAT-INVENTORY-001;ES-FEAT-IDENTITY-001;ES-FEAT-RELATIONSHIP-001;ES-FEAT-COMMUNICATIONS-001;ES-FEAT-TASKS-001;ES-FEAT-HORSE-001;ES-FEAT-CARE-001,GOVERNANCE,RESOLVE_AUTHORITY_CONFLICT,Derived from atomic conflict ATOMIC-CONFLICT-170; no opaque conflict-queue exemption.
CONFLICT_RESOLUTION_QUEUE,ES-FEAT-INVENTORY-008,receiving,Inventory and assets,MEDIUM:4,P0,Barn Manager;Staff;Trainer;Facility Owner;Veterinarian;Farrier,PIA_SUPPLEMENT_CANDIDATE,IMPLEMENTED_UNVERIFIED,ES-FEAT-PLATFORM-001;ES-FEAT-INVENTORY-001;ES-FEAT-IDENTITY-001;ES-FEAT-RELATIONSHIP-001;ES-FEAT-COMMUNICATIONS-001;ES-FEAT-TASKS-001;ES-FEAT-HORSE-001;ES-FEAT-CARE-001,GOVERNANCE,RESOLVE_AUTHORITY_CONFLICT,Derived from atomic conflict ATOMIC-CONFLICT-171; no opaque conflict-queue exemption.
CONFLICT_RESOLUTION_QUEUE,ES-FEAT-INVENTORY-009,usage,Inventory and assets,MEDIUM:8,P0,Barn Manager;Staff;Trainer;Facility Owner;Veterinarian;Farrier,PIA_SUPPLEMENT_CANDIDATE,IMPLEMENTED_UNVERIFIED,ES-FEAT-PLATFORM-001;ES-FEAT-INVENTORY-001;ES-FEAT-IDENTITY-001;ES-FEAT-RELATIONSHIP-001;ES-FEAT-COMMUNICATIONS-001;ES-FEAT-TASKS-001;ES-FEAT-HORSE-001;ES-FEAT-CARE-001,GOVERNANCE,RESOLVE_AUTHORITY_CONFLICT,Derived from atomic conflict ATOMIC-CONFLICT-172; no opaque conflict-queue exemption.
CONFLICT_RESOLUTION_QUEUE,ES-FEAT-INVENTORY-010,waste,Inventory and assets,MEDIUM:6,P0,Barn Manager;Staff;Trainer;Facility Owner;Veterinarian;Farrier,PIA_SUPPLEMENT_CANDIDATE,IMPLEMENTED_UNVERIFIED,ES-FEAT-PLATFORM-001;ES-FEAT-INVENTORY-001;ES-FEAT-IDENTITY-001;ES-FEAT-RELATIONSHIP-001;ES-FEAT-COMMUNICATIONS-001;ES-FEAT-TASKS-001;ES-FEAT-HORSE-001;ES-FEAT-CARE-001,GOVERNANCE,RESOLVE_AUTHORITY_CONFLICT,Derived from atomic conflict ATOMIC-CONFLICT-173; no opaque conflict-queue exemption.
CONFLICT_RESOLUTION_QUEUE,ES-FEAT-INVENTORY-011,reordering,Inventory and assets,MEDIUM:4,P0,Barn Manager;Staff;Trainer;Facility Owner;Veterinarian;Farrier,PIA_SUPPLEMENT_CANDIDATE,IMPLEMENTED_UNVERIFIED,ES-FEAT-PLATFORM-001;ES-FEAT-INVENTORY-001;ES-FEAT-IDENTITY-001;ES-FEAT-RELATIONSHIP-001;ES-FEAT-COMMUNICATIONS-001;ES-FEAT-TASKS-001;ES-FEAT-HORSE-001;ES-FEAT-CARE-001,GOVERNANCE,RESOLVE_AUTHORITY_CONFLICT,Derived from atomic conflict ATOMIC-CONFLICT-174; no opaque conflict-queue exemption.
CONFLICT_RESOLUTION_QUEUE,ES-FEAT-INVENTORY-012,vendor records,Inventory and assets,MEDIUM:8,P0,Barn Manager;Staff;Trainer;Facility Owner;Veterinarian;Farrier,PIA_SUPPLEMENT_CANDIDATE,IMPLEMENTED_UNVERIFIED,ES-FEAT-PLATFORM-001;ES-FEAT-INVENTORY-001;ES-FEAT-IDENTITY-001;ES-FEAT-RELATIONSHIP-001;ES-FEAT-COMMUNICATIONS-001;ES-FEAT-TASKS-001;ES-FEAT-HORSE-001;ES-FEAT-CARE-001,GOVERNANCE,RESOLVE_AUTHORITY_CONFLICT,Derived from atomic conflict ATOMIC-CONFLICT-175; no opaque conflict-queue exemption.
CONFLICT_RESOLUTION_QUEUE,ES-FEAT-EVENTS-001,event templates,"Shows, events, travel, and transport",HIGH:9,P0,Trainer;Rider;Guardian;Owner;Barn Manager;Staff;Transporter,PIA_SUPPLEMENT_CANDIDATE,IMPLEMENTED_UNVERIFIED,ES-FEAT-PLATFORM-001,GOVERNANCE,RESOLVE_AUTHORITY_CONFLICT,Derived from atomic conflict ATOMIC-CONFLICT-191; no opaque conflict-queue exemption.
CONFLICT_RESOLUTION_QUEUE,ES-FEAT-EVENTS-002,entries,"Shows, events, travel, and transport",HIGH:6,P0,Trainer;Rider;Guardian;Owner;Barn Manager;Staff;Transporter,PIA_SUPPLEMENT_CANDIDATE,IMPLEMENTED_UNVERIFIED,ES-FEAT-PLATFORM-001;ES-FEAT-EVENTS-001;ES-FEAT-IDENTITY-001;ES-FEAT-RELATIONSHIP-001;ES-FEAT-FINANCIAL-001;ES-FEAT-COMMUNICATIONS-001;ES-FEAT-TASKS-001;ES-FEAT-HORSE-001,GOVERNANCE,RESOLVE_AUTHORITY_CONFLICT,Derived from atomic conflict ATOMIC-CONFLICT-192; no opaque conflict-queue exemption.
CONFLICT_RESOLUTION_QUEUE,ES-FEAT-EVENTS-003,divisions and classes,"Shows, events, travel, and transport",HIGH:12,P0,Trainer;Rider;Guardian;Owner;Barn Manager;Staff;Transporter,PIA_SUPPLEMENT_CANDIDATE,IMPLEMENTED_UNVERIFIED,ES-FEAT-PLATFORM-001;ES-FEAT-EVENTS-001;ES-FEAT-IDENTITY-001;ES-FEAT-RELATIONSHIP-001;ES-FEAT-FINANCIAL-001;ES-FEAT-COMMUNICATIONS-001;ES-FEAT-TASKS-001;ES-FEAT-HORSE-001,GOVERNANCE,RESOLVE_AUTHORITY_CONFLICT,Derived from atomic conflict ATOMIC-CONFLICT-193; no opaque conflict-queue exemption.
CONFLICT_RESOLUTION_QUEUE,ES-FEAT-EVENTS-004,ride times,"Shows, events, travel, and transport",HIGH:9,P0,Trainer;Rider;Guardian;Owner;Barn Manager;Staff;Transporter,PIA_SUPPLEMENT_CANDIDATE,IMPLEMENTED_UNVERIFIED,ES-FEAT-PLATFORM-001;ES-FEAT-EVENTS-001;ES-FEAT-IDENTITY-001;ES-FEAT-RELATIONSHIP-001;ES-FEAT-FINANCIAL-001;ES-FEAT-COMMUNICATIONS-001;ES-FEAT-TASKS-001;ES-FEAT-HORSE-001;ES-FEAT-CARE-001,GOVERNANCE,RESOLVE_AUTHORITY_CONFLICT,Derived from atomic conflict ATOMIC-CONFLICT-194; no opaque conflict-queue exemption.
CONFLICT_RESOLUTION_QUEUE,ES-FEAT-EVENTS-005,group itineraries,"Shows, events, travel, and transport",HIGH:6,P0,Trainer;Rider;Guardian;Owner;Barn Manager;Staff;Transporter,PIA_SUPPLEMENT_CANDIDATE,IMPLEMENTED_UNVERIFIED,ES-FEAT-PLATFORM-001;ES-FEAT-EVENTS-001;ES-FEAT-IDENTITY-001;ES-FEAT-RELATIONSHIP-001;ES-FEAT-FINANCIAL-001;ES-FEAT-COMMUNICATIONS-001;ES-FEAT-TASKS-001;ES-FEAT-HORSE-001,GOVERNANCE,RESOLVE_AUTHORITY_CONFLICT,Derived from atomic conflict ATOMIC-CONFLICT-195; no opaque conflict-queue exemption.
CONFLICT_RESOLUTION_QUEUE,ES-FEAT-EVENTS-006,horse transport,"Shows, events, travel, and transport",HIGH:12,P0,Trainer;Rider;Guardian;Owner;Barn Manager;Staff;Transporter,PIA_SUPPLEMENT_CANDIDATE,IMPLEMENTED_UNVERIFIED,ES-FEAT-PLATFORM-001;ES-FEAT-EVENTS-001;ES-FEAT-IDENTITY-001;ES-FEAT-RELATIONSHIP-001;ES-FEAT-FINANCIAL-001;ES-FEAT-COMMUNICATIONS-001;ES-FEAT-TASKS-001;ES-FEAT-HORSE-001,GOVERNANCE,RESOLVE_AUTHORITY_CONFLICT,Derived from atomic conflict ATOMIC-CONFLICT-196; no opaque conflict-queue exemption.
CONFLICT_RESOLUTION_QUEUE,ES-FEAT-EVENTS-007,rider transport,"Shows, events, travel, and transport",HIGH:9,P0,Trainer;Rider;Guardian;Owner;Barn Manager;Staff;Transporter,PIA_SUPPLEMENT_CANDIDATE,IMPLEMENTED_UNVERIFIED,ES-FEAT-PLATFORM-001;ES-FEAT-EVENTS-001;ES-FEAT-IDENTITY-001;ES-FEAT-RELATIONSHIP-001;ES-FEAT-FINANCIAL-001;ES-FEAT-COMMUNICATIONS-001;ES-FEAT-TASKS-001;ES-FEAT-HORSE-001,GOVERNANCE,RESOLVE_AUTHORITY_CONFLICT,Derived from atomic conflict ATOMIC-CONFLICT-197; no opaque conflict-queue exemption.
CONFLICT_RESOLUTION_QUEUE,ES-FEAT-EVENTS-008,minor travel,"Shows, events, travel, and transport",CRITICAL:8,P0,Trainer;Rider;Guardian;Owner;Barn Manager;Staff;Transporter,PIA_SUPPLEMENT_CANDIDATE,IMPLEMENTED_UNVERIFIED,ES-FEAT-PLATFORM-001;ES-FEAT-EVENTS-001;ES-FEAT-IDENTITY-001;ES-FEAT-RELATIONSHIP-001;ES-FEAT-FINANCIAL-001;ES-FEAT-COMMUNICATIONS-001;ES-FEAT-TASKS-001;ES-FEAT-HORSE-001;ES-FEAT-CARE-001,GOVERNANCE,RESOLVE_AUTHORITY_CONFLICT,Derived from atomic conflict ATOMIC-CONFLICT-198; no opaque conflict-queue exemption.
CONFLICT_RESOLUTION_QUEUE,ES-FEAT-EVENTS-009,lodging,"Shows, events, travel, and transport",HIGH:12,P0,Trainer;Rider;Guardian;Owner;Barn Manager;Staff;Transporter,PIA_SUPPLEMENT_CANDIDATE,IMPLEMENTED_UNVERIFIED,ES-FEAT-PLATFORM-001;ES-FEAT-EVENTS-001;ES-FEAT-IDENTITY-001;ES-FEAT-RELATIONSHIP-001;ES-FEAT-FINANCIAL-001;ES-FEAT-COMMUNICATIONS-001;ES-FEAT-TASKS-001;ES-FEAT-HORSE-001,GOVERNANCE,RESOLVE_AUTHORITY_CONFLICT,Derived from atomic conflict ATOMIC-CONFLICT-199; no opaque conflict-queue exemption.
CONFLICT_RESOLUTION_QUEUE,ES-FEAT-EVENTS-010,guardian approval,"Shows, events, travel, and transport",CRITICAL:12,P0,Trainer;Rider;Guardian;Owner;Barn Manager;Staff;Transporter,PIA_SUPPLEMENT_CANDIDATE,IMPLEMENTED_UNVERIFIED,ES-FEAT-PLATFORM-001;ES-FEAT-EVENTS-001;ES-FEAT-IDENTITY-001;ES-FEAT-RELATIONSHIP-001;ES-FEAT-FINANCIAL-001;ES-FEAT-COMMUNICATIONS-001;ES-FEAT-TASKS-001;ES-FEAT-HORSE-001,GOVERNANCE,RESOLVE_AUTHORITY_CONFLICT,Derived from atomic conflict ATOMIC-CONFLICT-200; no opaque conflict-queue exemption.
CONFLICT_RESOLUTION_QUEUE,ES-FEAT-EVENTS-011,location sharing,"Shows, events, travel, and transport",HIGH:6,P0,Trainer;Rider;Guardian;Owner;Barn Manager;Staff;Transporter,PIA_SUPPLEMENT_CANDIDATE,IMPLEMENTED_UNVERIFIED,ES-FEAT-PLATFORM-001;ES-FEAT-EVENTS-001;ES-FEAT-IDENTITY-001;ES-FEAT-RELATIONSHIP-001;ES-FEAT-FINANCIAL-001;ES-FEAT-COMMUNICATIONS-001;ES-FEAT-TASKS-001;ES-FEAT-HORSE-001,GOVERNANCE,RESOLVE_AUTHORITY_CONFLICT,Derived from atomic conflict ATOMIC-CONFLICT-201; no opaque conflict-queue exemption.
CONFLICT_RESOLUTION_QUEUE,ES-FEAT-EVENTS-012,veterinary documentation,"Shows, events, travel, and transport",HIGH:12,P0,Trainer;Rider;Guardian;Owner;Barn Manager;Staff;Transporter,PIA_SUPPLEMENT_CANDIDATE,IMPLEMENTED_UNVERIFIED,ES-FEAT-PLATFORM-001;ES-FEAT-EVENTS-001;ES-FEAT-IDENTITY-001;ES-FEAT-RELATIONSHIP-001;ES-FEAT-FINANCIAL-001;ES-FEAT-COMMUNICATIONS-001;ES-FEAT-TASKS-001;ES-FEAT-HORSE-001,GOVERNANCE,RESOLVE_AUTHORITY_CONFLICT,Derived from atomic conflict ATOMIC-CONFLICT-202; no opaque conflict-queue exemption.
CONFLICT_RESOLUTION_QUEUE,ES-FEAT-EVENTS-013,schedule changes,"Shows, events, travel, and transport",HIGH:9,P0,Trainer;Rider;Guardian;Owner;Barn Manager;Staff;Transporter,PIA_SUPPLEMENT_CANDIDATE,IMPLEMENTED_UNVERIFIED,ES-FEAT-PLATFORM-001;ES-FEAT-EVENTS-001;ES-FEAT-IDENTITY-001;ES-FEAT-RELATIONSHIP-001;ES-FEAT-FINANCIAL-001;ES-FEAT-COMMUNICATIONS-001;ES-FEAT-TASKS-001;ES-FEAT-HORSE-001,GOVERNANCE,RESOLVE_AUTHORITY_CONFLICT,Derived from atomic conflict ATOMIC-CONFLICT-203; no opaque conflict-queue exemption.
CONFLICT_RESOLUTION_QUEUE,ES-FEAT-EVENTS-014,cancellation,"Shows, events, travel, and transport",HIGH:6,P0,Trainer;Rider;Guardian;Owner;Barn Manager;Staff;Transporter,PIA_SUPPLEMENT_CANDIDATE,IMPLEMENTED_UNVERIFIED,ES-FEAT-PLATFORM-001;ES-FEAT-EVENTS-001;ES-FEAT-IDENTITY-001;ES-FEAT-RELATIONSHIP-001;ES-FEAT-FINANCIAL-001;ES-FEAT-COMMUNICATIONS-001;ES-FEAT-TASKS-001;ES-FEAT-HORSE-001,GOVERNANCE,RESOLVE_AUTHORITY_CONFLICT,Derived from atomic conflict ATOMIC-CONFLICT-204; no opaque conflict-queue exemption.
CONFLICT_RESOLUTION_QUEUE,ES-FEAT-MARKETPLACE-001,provider profiles,"Marketplace, provider network, and community",HIGH:12,P0,Service Provider;Owner;Trainer;Facility Owner;Barn Manager;Community Member;Platform Admin,NEW_PIA_CANDIDATE,PARTIAL_IMPLEMENTATION,ES-FEAT-PLATFORM-001,GOVERNANCE,RESOLVE_AUTHORITY_CONFLICT,Derived from atomic conflict ATOMIC-CONFLICT-205; no opaque conflict-queue exemption.
CONFLICT_RESOLUTION_QUEUE,ES-FEAT-MARKETPLACE-002,provider verification,"Marketplace, provider network, and community",HIGH:9,P0,Service Provider;Owner;Trainer;Facility Owner;Barn Manager;Community Member;Platform Admin,NEW_PIA_CANDIDATE,PARTIAL_IMPLEMENTATION,ES-FEAT-PLATFORM-001;ES-FEAT-MARKETPLACE-001;ES-FEAT-IDENTITY-001;ES-FEAT-RELATIONSHIP-001;ES-FEAT-FINANCIAL-001;ES-FEAT-COMMUNICATIONS-001;ES-FEAT-TASKS-001;ES-FEAT-CARE-001,GOVERNANCE,RESOLVE_AUTHORITY_CONFLICT,Derived from atomic conflict ATOMIC-CONFLICT-206; no opaque conflict-queue exemption.
CONFLICT_RESOLUTION_QUEUE,ES-FEAT-MARKETPLACE-003,credentials,"Marketplace, provider network, and community",HIGH:6,P0,Service Provider;Owner;Trainer;Facility Owner;Barn Manager;Community Member;Platform Admin,NEW_PIA_CANDIDATE,PARTIAL_IMPLEMENTATION,ES-FEAT-PLATFORM-001;ES-FEAT-MARKETPLACE-001;ES-FEAT-IDENTITY-001;ES-FEAT-RELATIONSHIP-001;ES-FEAT-FINANCIAL-001;ES-FEAT-COMMUNICATIONS-001;ES-FEAT-TASKS-001;ES-FEAT-CARE-001,GOVERNANCE,RESOLVE_AUTHORITY_CONFLICT,Derived from atomic conflict ATOMIC-CONFLICT-207; no opaque conflict-queue exemption.
CONFLICT_RESOLUTION_QUEUE,ES-FEAT-MARKETPLACE-004,listings,"Marketplace, provider network, and community",HIGH:12,P0,Service Provider;Owner;Trainer;Facility Owner;Barn Manager;Community Member;Platform Admin,NEW_PIA_CANDIDATE,PARTIAL_IMPLEMENTATION,ES-FEAT-PLATFORM-001;ES-FEAT-MARKETPLACE-001;ES-FEAT-IDENTITY-001;ES-FEAT-RELATIONSHIP-001;ES-FEAT-FINANCIAL-001;ES-FEAT-COMMUNICATIONS-001;ES-FEAT-TASKS-001;ES-FEAT-CARE-001,GOVERNANCE,RESOLVE_AUTHORITY_CONFLICT,Derived from atomic conflict ATOMIC-CONFLICT-208; no opaque conflict-queue exemption.
CONFLICT_RESOLUTION_QUEUE,ES-FEAT-MARKETPLACE-005,discovery,"Marketplace, provider network, and community",HIGH:9,P0,Service Provider;Owner;Trainer;Facility Owner;Barn Manager;Community Member;Platform Admin,NEW_PIA_CANDIDATE,PARTIAL_IMPLEMENTATION,ES-FEAT-PLATFORM-001;ES-FEAT-MARKETPLACE-001;ES-FEAT-IDENTITY-001;ES-FEAT-RELATIONSHIP-001;ES-FEAT-FINANCIAL-001;ES-FEAT-COMMUNICATIONS-001;ES-FEAT-TASKS-001;ES-FEAT-CARE-001,GOVERNANCE,RESOLVE_AUTHORITY_CONFLICT,Derived from atomic conflict ATOMIC-CONFLICT-209; no opaque conflict-queue exemption.
CONFLICT_RESOLUTION_QUEUE,ES-FEAT-MARKETPLACE-006,search ranking,"Marketplace, provider network, and community",HIGH:6,P0,Service Provider;Owner;Trainer;Facility Owner;Barn Manager;Community Member;Platform Admin,NEW_PIA_CANDIDATE,PARTIAL_IMPLEMENTATION,ES-FEAT-PLATFORM-001;ES-FEAT-MARKETPLACE-001;ES-FEAT-IDENTITY-001;ES-FEAT-RELATIONSHIP-001;ES-FEAT-FINANCIAL-001;ES-FEAT-COMMUNICATIONS-001;ES-FEAT-TASKS-001;ES-FEAT-CARE-001,GOVERNANCE,RESOLVE_AUTHORITY_CONFLICT,Derived from atomic conflict ATOMIC-CONFLICT-210; no opaque conflict-queue exemption.
CONFLICT_RESOLUTION_QUEUE,ES-FEAT-MARKETPLACE-007,reviews,"Marketplace, provider network, and community",HIGH:12,P0,Service Provider;Owner;Trainer;Facility Owner;Barn Manager;Community Member;Platform Admin,NEW_PIA_CANDIDATE,PARTIAL_IMPLEMENTATION,ES-FEAT-PLATFORM-001;ES-FEAT-MARKETPLACE-001;ES-FEAT-IDENTITY-001;ES-FEAT-RELATIONSHIP-001;ES-FEAT-FINANCIAL-001;ES-FEAT-COMMUNICATIONS-001;ES-FEAT-TASKS-001;ES-FEAT-CARE-001,GOVERNANCE,RESOLVE_AUTHORITY_CONFLICT,Derived from atomic conflict ATOMIC-CONFLICT-211; no opaque conflict-queue exemption.
CONFLICT_RESOLUTION_QUEUE,ES-FEAT-MARKETPLACE-008,referrals,"Marketplace, provider network, and community",HIGH:9,P0,Service Provider;Owner;Trainer;Facility Owner;Barn Manager;Community Member;Platform Admin,NEW_PIA_CANDIDATE,PARTIAL_IMPLEMENTATION,ES-FEAT-PLATFORM-001;ES-FEAT-MARKETPLACE-001;ES-FEAT-IDENTITY-001;ES-FEAT-RELATIONSHIP-001;ES-FEAT-FINANCIAL-001;ES-FEAT-COMMUNICATIONS-001;ES-FEAT-TASKS-001;ES-FEAT-CARE-001,GOVERNANCE,RESOLVE_AUTHORITY_CONFLICT,Derived from atomic conflict ATOMIC-CONFLICT-212; no opaque conflict-queue exemption.
CONFLICT_RESOLUTION_QUEUE,ES-FEAT-MARKETPLACE-009,community features,"Marketplace, provider network, and community",HIGH:6,P0,Service Provider;Owner;Trainer;Facility Owner;Barn Manager;Community Member;Platform Admin,NEW_PIA_CANDIDATE,PARTIAL_IMPLEMENTATION,ES-FEAT-PLATFORM-001;ES-FEAT-MARKETPLACE-001;ES-FEAT-IDENTITY-001;ES-FEAT-RELATIONSHIP-001;ES-FEAT-FINANCIAL-001;ES-FEAT-COMMUNICATIONS-001;ES-FEAT-TASKS-001;ES-FEAT-CARE-001,GOVERNANCE,RESOLVE_AUTHORITY_CONFLICT,Derived from atomic conflict ATOMIC-CONFLICT-213; no opaque conflict-queue exemption.
CONFLICT_RESOLUTION_QUEUE,ES-FEAT-MARKETPLACE-010,moderation,"Marketplace, provider network, and community",HIGH:12,P0,Service Provider;Owner;Trainer;Facility Owner;Barn Manager;Community Member;Platform Admin,NEW_PIA_CANDIDATE,PARTIAL_IMPLEMENTATION,ES-FEAT-PLATFORM-001;ES-FEAT-MARKETPLACE-001;ES-FEAT-IDENTITY-001;ES-FEAT-RELATIONSHIP-001;ES-FEAT-FINANCIAL-001;ES-FEAT-COMMUNICATIONS-001;ES-FEAT-TASKS-001;ES-FEAT-CARE-001,GOVERNANCE,RESOLVE_AUTHORITY_CONFLICT,Derived from atomic conflict ATOMIC-CONFLICT-214; no opaque conflict-queue exemption.
CONFLICT_RESOLUTION_QUEUE,ES-FEAT-MARKETPLACE-011,disputes (Marketplace),"Marketplace, provider network, and community",CRITICAL:12,P0,Service Provider;Owner;Trainer;Facility Owner;Barn Manager;Community Member;Platform Admin,NEW_PIA_CANDIDATE,PARTIAL_IMPLEMENTATION,ES-FEAT-PLATFORM-001;ES-FEAT-MARKETPLACE-001;ES-FEAT-IDENTITY-001;ES-FEAT-RELATIONSHIP-001;ES-FEAT-FINANCIAL-001;ES-FEAT-COMMUNICATIONS-001;ES-FEAT-TASKS-001;ES-FEAT-CARE-001,GOVERNANCE,RESOLVE_AUTHORITY_CONFLICT,Derived from atomic conflict ATOMIC-CONFLICT-215; no opaque conflict-queue exemption.
CONFLICT_RESOLUTION_QUEUE,ES-FEAT-MARKETPLACE-012,bookings,"Marketplace, provider network, and community",HIGH:6,P0,Service Provider;Owner;Trainer;Facility Owner;Barn Manager;Community Member;Platform Admin,NEW_PIA_CANDIDATE,PARTIAL_IMPLEMENTATION,ES-FEAT-PLATFORM-001;ES-FEAT-MARKETPLACE-001;ES-FEAT-IDENTITY-001;ES-FEAT-RELATIONSHIP-001;ES-FEAT-FINANCIAL-001;ES-FEAT-COMMUNICATIONS-001;ES-FEAT-TASKS-001;ES-FEAT-CARE-001,GOVERNANCE,RESOLVE_AUTHORITY_CONFLICT,Derived from atomic conflict ATOMIC-CONFLICT-216; no opaque conflict-queue exemption.
CONFLICT_RESOLUTION_QUEUE,ES-FEAT-MARKETPLACE-013,payment responsibilities,"Marketplace, provider network, and community",CRITICAL:16,P0,Service Provider;Owner;Trainer;Facility Owner;Barn Manager;Community Member;Platform Admin,NEW_PIA_CANDIDATE,PARTIAL_IMPLEMENTATION,ES-FEAT-PLATFORM-001;ES-FEAT-MARKETPLACE-001;ES-FEAT-IDENTITY-001;ES-FEAT-RELATIONSHIP-001;ES-FEAT-FINANCIAL-001;ES-FEAT-COMMUNICATIONS-001;ES-FEAT-TASKS-001;ES-FEAT-CARE-001,GOVERNANCE,RESOLVE_AUTHORITY_CONFLICT,Derived from atomic conflict ATOMIC-CONFLICT-217; no opaque conflict-queue exemption.
CONFLICT_RESOLUTION_QUEUE,ES-FEAT-MARKETPLACE-014,suspension and delisting,"Marketplace, provider network, and community",HIGH:9,P0,Service Provider;Owner;Trainer;Facility Owner;Barn Manager;Community Member;Platform Admin,NEW_PIA_CANDIDATE,PARTIAL_IMPLEMENTATION,ES-FEAT-PLATFORM-001;ES-FEAT-MARKETPLACE-001;ES-FEAT-IDENTITY-001;ES-FEAT-RELATIONSHIP-001;ES-FEAT-FINANCIAL-001;ES-FEAT-COMMUNICATIONS-001;ES-FEAT-TASKS-001;ES-FEAT-CARE-001,GOVERNANCE,RESOLVE_AUTHORITY_CONFLICT,Derived from atomic conflict ATOMIC-CONFLICT-218; no opaque conflict-queue exemption.
CONFLICT_RESOLUTION_QUEUE,ES-FEAT-MEDIA-001,uploads,"Media, files, and digital assets",MEDIUM:4,P1,Owner;Guardian;Trainer;Barn Manager;Staff;Veterinarian;Support,PIA_SUPPLEMENT_CANDIDATE,IMPLEMENTED_UNVERIFIED,ES-FEAT-PLATFORM-001,GOVERNANCE,RESOLVE_AUTHORITY_CONFLICT,Derived from atomic conflict ATOMIC-CONFLICT-219; no opaque conflict-queue exemption.
CONFLICT_RESOLUTION_QUEUE,ES-FEAT-MEDIA-002,images,"Media, files, and digital assets",MEDIUM:8,P1,Owner;Guardian;Trainer;Barn Manager;Staff;Veterinarian;Support,PIA_SUPPLEMENT_CANDIDATE,IMPLEMENTED_UNVERIFIED,ES-FEAT-PLATFORM-001;ES-FEAT-MEDIA-001;ES-FEAT-IDENTITY-001;ES-FEAT-RELATIONSHIP-001;ES-FEAT-COMMUNICATIONS-001;ES-FEAT-TASKS-001;ES-FEAT-HORSE-001,GOVERNANCE,RESOLVE_AUTHORITY_CONFLICT,Derived from atomic conflict ATOMIC-CONFLICT-220; no opaque conflict-queue exemption.
CONFLICT_RESOLUTION_QUEUE,ES-FEAT-MEDIA-003,videos,"Media, files, and digital assets",MEDIUM:6,P1,Owner;Guardian;Trainer;Barn Manager;Staff;Veterinarian;Support,PIA_SUPPLEMENT_CANDIDATE,IMPLEMENTED_UNVERIFIED,ES-FEAT-PLATFORM-001;ES-FEAT-MEDIA-001;ES-FEAT-IDENTITY-001;ES-FEAT-RELATIONSHIP-001;ES-FEAT-COMMUNICATIONS-001;ES-FEAT-TASKS-001;ES-FEAT-HORSE-001,GOVERNANCE,RESOLVE_AUTHORITY_CONFLICT,Derived from atomic conflict ATOMIC-CONFLICT-221; no opaque conflict-queue exemption.
CONFLICT_RESOLUTION_QUEUE,ES-FEAT-MEDIA-004,documents,"Media, files, and digital assets",HIGH:6,P1,Owner;Guardian;Trainer;Barn Manager;Staff;Veterinarian;Support,PIA_SUPPLEMENT_CANDIDATE,IMPLEMENTED_UNVERIFIED,ES-FEAT-PLATFORM-001;ES-FEAT-MEDIA-001;ES-FEAT-IDENTITY-001;ES-FEAT-RELATIONSHIP-001;ES-FEAT-COMMUNICATIONS-001;ES-FEAT-TASKS-001;ES-FEAT-HORSE-001,GOVERNANCE,RESOLVE_AUTHORITY_CONFLICT,Derived from atomic conflict ATOMIC-CONFLICT-222; no opaque conflict-queue exemption.
CONFLICT_RESOLUTION_QUEUE,ES-FEAT-MEDIA-005,consent (Media),"Media, files, and digital assets",CRITICAL:16,P1,Owner;Guardian;Trainer;Barn Manager;Staff;Veterinarian;Support,PIA_SUPPLEMENT_CANDIDATE,IMPLEMENTED_UNVERIFIED,ES-FEAT-PLATFORM-001;ES-FEAT-MEDIA-001;ES-FEAT-IDENTITY-001;ES-FEAT-RELATIONSHIP-001;ES-FEAT-COMMUNICATIONS-001;ES-FEAT-TASKS-001;ES-FEAT-HORSE-001,GOVERNANCE,RESOLVE_AUTHORITY_CONFLICT,Derived from atomic conflict ATOMIC-CONFLICT-223; no opaque conflict-queue exemption.
CONFLICT_RESOLUTION_QUEUE,ES-FEAT-MEDIA-006,visibility,"Media, files, and digital assets",MEDIUM:6,P1,Owner;Guardian;Trainer;Barn Manager;Staff;Veterinarian;Support,PIA_SUPPLEMENT_CANDIDATE,IMPLEMENTED_UNVERIFIED,ES-FEAT-PLATFORM-001;ES-FEAT-MEDIA-001;ES-FEAT-IDENTITY-001;ES-FEAT-RELATIONSHIP-001;ES-FEAT-COMMUNICATIONS-001;ES-FEAT-TASKS-001;ES-FEAT-HORSE-001;ES-FEAT-CARE-001,GOVERNANCE,RESOLVE_AUTHORITY_CONFLICT,Derived from atomic conflict ATOMIC-CONFLICT-224; no opaque conflict-queue exemption.
CONFLICT_RESOLUTION_QUEUE,ES-FEAT-MEDIA-007,derivation,"Media, files, and digital assets",MEDIUM:4,P1,Owner;Guardian;Trainer;Barn Manager;Staff;Veterinarian;Support,PIA_SUPPLEMENT_CANDIDATE,IMPLEMENTED_UNVERIFIED,ES-FEAT-PLATFORM-001;ES-FEAT-MEDIA-001;ES-FEAT-IDENTITY-001;ES-FEAT-RELATIONSHIP-001;ES-FEAT-COMMUNICATIONS-001;ES-FEAT-TASKS-001;ES-FEAT-HORSE-001,GOVERNANCE,RESOLVE_AUTHORITY_CONFLICT,Derived from atomic conflict ATOMIC-CONFLICT-225; no opaque conflict-queue exemption.
CONFLICT_RESOLUTION_QUEUE,ES-FEAT-MEDIA-009,OCR,"Media, files, and digital assets",MEDIUM:6,P1,Owner;Guardian;Trainer;Barn Manager;Staff;Veterinarian;Support,PIA_SUPPLEMENT_CANDIDATE,IMPLEMENTED_UNVERIFIED,ES-FEAT-PLATFORM-001;ES-FEAT-MEDIA-001;ES-FEAT-IDENTITY-001;ES-FEAT-RELATIONSHIP-001;ES-FEAT-COMMUNICATIONS-001;ES-FEAT-TASKS-001;ES-FEAT-HORSE-001,GOVERNANCE,RESOLVE_AUTHORITY_CONFLICT,Derived from atomic conflict ATOMIC-CONFLICT-227; no opaque conflict-queue exemption.
CONFLICT_RESOLUTION_QUEUE,ES-FEAT-MEDIA-010,search indexing,"Media, files, and digital assets",MEDIUM:4,P1,Owner;Guardian;Trainer;Barn Manager;Staff;Veterinarian;Support,PIA_SUPPLEMENT_CANDIDATE,IMPLEMENTED_UNVERIFIED,ES-FEAT-PLATFORM-001;ES-FEAT-MEDIA-001;ES-FEAT-IDENTITY-001;ES-FEAT-RELATIONSHIP-001;ES-FEAT-FINANCIAL-001;ES-FEAT-COMMUNICATIONS-001;ES-FEAT-TASKS-001;ES-FEAT-HORSE-001,GOVERNANCE,RESOLVE_AUTHORITY_CONFLICT,Derived from atomic conflict ATOMIC-CONFLICT-228; no opaque conflict-queue exemption.
CONFLICT_RESOLUTION_QUEUE,ES-FEAT-MEDIA-011,attachment lifecycle,"Media, files, and digital assets",MEDIUM:8,P1,Owner;Guardian;Trainer;Barn Manager;Staff;Veterinarian;Support,PIA_SUPPLEMENT_CANDIDATE,IMPLEMENTED_UNVERIFIED,ES-FEAT-PLATFORM-001;ES-FEAT-MEDIA-001;ES-FEAT-IDENTITY-001;ES-FEAT-RELATIONSHIP-001;ES-FEAT-COMMUNICATIONS-001;ES-FEAT-TASKS-001;ES-FEAT-HORSE-001,GOVERNANCE,RESOLVE_AUTHORITY_CONFLICT,Derived from atomic conflict ATOMIC-CONFLICT-229; no opaque conflict-queue exemption.
CONFLICT_RESOLUTION_QUEUE,ES-FEAT-MEDIA-012,media removal,"Media, files, and digital assets",MEDIUM:6,P1,Owner;Guardian;Trainer;Barn Manager;Staff;Veterinarian;Support,PIA_SUPPLEMENT_CANDIDATE,IMPLEMENTED_UNVERIFIED,ES-FEAT-PLATFORM-001;ES-FEAT-MEDIA-001;ES-FEAT-IDENTITY-001;ES-FEAT-RELATIONSHIP-001;ES-FEAT-COMMUNICATIONS-001;ES-FEAT-TASKS-001;ES-FEAT-HORSE-001,GOVERNANCE,RESOLVE_AUTHORITY_CONFLICT,Derived from atomic conflict ATOMIC-CONFLICT-230; no opaque conflict-queue exemption.
CONFLICT_RESOLUTION_QUEUE,ES-FEAT-MEDIA-013,transfer (Media),"Media, files, and digital assets",MEDIUM:4,P1,Owner;Guardian;Trainer;Barn Manager;Staff;Veterinarian;Support,PIA_SUPPLEMENT_CANDIDATE,IMPLEMENTED_UNVERIFIED,ES-FEAT-PLATFORM-001;ES-FEAT-MEDIA-001;ES-FEAT-IDENTITY-001;ES-FEAT-RELATIONSHIP-001;ES-FEAT-COMMUNICATIONS-001;ES-FEAT-TASKS-001;ES-FEAT-HORSE-001,GOVERNANCE,RESOLVE_AUTHORITY_CONFLICT,Derived from atomic conflict ATOMIC-CONFLICT-231; no opaque conflict-queue exemption.
CONFLICT_RESOLUTION_QUEUE,ES-FEAT-MEDIA-014,export,"Media, files, and digital assets",MEDIUM:8,P1,Owner;Guardian;Trainer;Barn Manager;Staff;Veterinarian;Support,PIA_SUPPLEMENT_CANDIDATE,IMPLEMENTED_UNVERIFIED,ES-FEAT-PLATFORM-001;ES-FEAT-MEDIA-001;ES-FEAT-IDENTITY-001;ES-FEAT-RELATIONSHIP-001;ES-FEAT-FINANCIAL-001;ES-FEAT-COMMUNICATIONS-001;ES-FEAT-TASKS-001;ES-FEAT-HORSE-001,GOVERNANCE,RESOLVE_AUTHORITY_CONFLICT,Derived from atomic conflict ATOMIC-CONFLICT-232; no opaque conflict-queue exemption.
CONFLICT_RESOLUTION_QUEUE,ES-FEAT-MEDIA-015,retention (Media),"Media, files, and digital assets",MEDIUM:6,P1,Owner;Guardian;Trainer;Barn Manager;Staff;Veterinarian;Support,PIA_SUPPLEMENT_CANDIDATE,IMPLEMENTED_UNVERIFIED,ES-FEAT-PLATFORM-001;ES-FEAT-MEDIA-001;ES-FEAT-IDENTITY-001;ES-FEAT-RELATIONSHIP-001;ES-FEAT-COMMUNICATIONS-001;ES-FEAT-TASKS-001;ES-FEAT-HORSE-001,GOVERNANCE,RESOLVE_AUTHORITY_CONFLICT,Derived from atomic conflict ATOMIC-CONFLICT-233; no opaque conflict-queue exemption.
CONFLICT_RESOLUTION_QUEUE,ES-FEAT-MEDIA-016,holds,"Media, files, and digital assets",MEDIUM:4,P1,Owner;Guardian;Trainer;Barn Manager;Staff;Veterinarian;Support,PIA_SUPPLEMENT_CANDIDATE,IMPLEMENTED_UNVERIFIED,ES-FEAT-PLATFORM-001;ES-FEAT-MEDIA-001;ES-FEAT-IDENTITY-001;ES-FEAT-RELATIONSHIP-001;ES-FEAT-COMMUNICATIONS-001;ES-FEAT-TASKS-001;ES-FEAT-HORSE-001,GOVERNANCE,RESOLVE_AUTHORITY_CONFLICT,Derived from atomic conflict ATOMIC-CONFLICT-234; no opaque conflict-queue exemption.
