exclusion_id,guide_id,source_id,title,repository_path,authority_status,source_class,inclusion_category,exclusion_reason,required_later_action,blocks_drafting,blocks_adoption_or_activation
CGP005-EXCL-0001,ES-CG-00,CGSRC-BLOCK-0001,Canon review package: drafting_equine_health_welfare_medical_v1_0,docs/canon/reviews/drafting_equine_health_welfare_medical_v1_0,BLOCKED,BLOCKED_OR_CONDITIONAL,EXCLUDED_BLOCKED,Excluded from controlling/supporting freeze because the source is blocked or conditional.,Resolve or adopt through a later authorized guide-specific prompt before use as controlling authority.,NO,YES
CGP005-EXCL-0002,ES-CG-00,CGSRC-BLOCK-0002,Canon review package: drafting_minor_guardianship_safeguarding_v1_0,docs/canon/reviews/drafting_minor_guardianship_safeguarding_v1_0,BLOCKED,BLOCKED_OR_CONDITIONAL,EXCLUDED_BLOCKED,Excluded from controlling/supporting freeze because the source is blocked or conditional.,Resolve or adopt through a later authorized guide-specific prompt before use as controlling authority.,NO,YES
CGP005-EXCL-0003,ES-CG-00,CGSRC-BLOCK-0003,Canon review package: foundational_gap_closure,docs/canon/reviews/foundational_gap_closure,BLOCKED,BLOCKED_OR_CONDITIONAL,EXCLUDED_BLOCKED,Excluded from controlling/supporting freeze because the source is blocked or conditional.,Resolve or adopt through a later authorized guide-specific prompt before use as controlling authority.,NO,YES
CGP005-EXCL-0004,ES-CG-00,CGSRC-BLOCK-0004,Canon review package: stage0_c0_classification_correction,docs/canon/reviews/stage0_c0_classification_correction,BLOCKED,BLOCKED_OR_CONDITIONAL,EXCLUDED_BLOCKED,Excluded from controlling/supporting freeze because the source is blocked or conditional.,Resolve or adopt through a later authorized guide-specific prompt before use as controlling authority.,NO,YES
CGP005-EXCL-0005,ES-CG-00,CGSRC-PROP-0001,Master Relationship Model Proposed Corrections,docs/canon/MASTER_RELATIONSHIP_MODEL_PROPOSED_CORRECTIONS.md,PROPOSED,PROPOSED_NOT_ADOPTED,EXCLUDED_PROPOSED,Excluded from controlling/supporting freeze because the source is proposed and not adopted.,Resolve or adopt through a later authorized guide-specific prompt before use as controlling authority.,NO,YES
CGP005-EXCL-0006,ES-CG-00,CGSRC-PROP-0002,Master Relationship Model v2.0 Canon Index Proposal,docs/canon/MASTER_RELATIONSHIP_MODEL_V2_0_CANON_INDEX_PROPOSAL.md,PROPOSED,PROPOSED_NOT_ADOPTED,EXCLUDED_PROPOSED,Excluded from controlling/supporting freeze because the source is proposed and not adopted.,Resolve or adopt through a later authorized guide-specific prompt before use as controlling authority.,NO,YES
CGP005-EXCL-0007,ES-CG-00,CGSRC-PROP-0003,Master Relationship Model v2.0 Dependency Proposals,docs/canon/MASTER_RELATIONSHIP_MODEL_V2_0_DEPENDENCY_PROPOSALS.md,PROPOSED,PROPOSED_NOT_ADOPTED,EXCLUDED_PROPOSED,Excluded from controlling/supporting freeze because the source is proposed and not adopted.,Resolve or adopt through a later authorized guide-specific prompt before use as controlling authority.,NO,YES
CGP005-EXCL-0008,ES-CG-00,CGSRC-PROP-0004,MASTER RELATIONSHIP MODEL - VERSION 2.0 FINAL CANDIDATE,docs/canon/MASTER_RELATIONSHIP_MODEL_V2_0_FINAL_CANDIDATE.md,PROPOSED,PROPOSED_NOT_ADOPTED,EXCLUDED_PROPOSED,Excluded from controlling/supporting freeze because the source is proposed and not adopted.,Resolve or adopt through a later authorized guide-specific prompt before use as controlling authority.,NO,YES
CGP005-EXCL-0009,ES-CG-00,CGSRC-PROP-0005,"MASTER AGREEMENT, CONSENT, AND AUTHORIZATION MODEL",docs/canon/candidates/MASTER_AGREEMENT_CONSENT_AND_AUTHORIZATION_MODEL_V2_0.md,PROPOSED,PROPOSED_NOT_ADOPTED,EXCLUDED_PROPOSED,Excluded from controlling/supporting freeze because the source is proposed and not adopted.,Resolve or adopt through a later authorized guide-specific prompt before use as controlling authority.,NO,YES
CGP005-EXCL-0010,ES-CG-00,CGSRC-PROP-0006,MASTER AUDIT EVENT AND EVIDENCE MODEL,docs/canon/candidates/MASTER_AUDIT_EVENT_AND_EVIDENCE_MODEL_V2_0_FOUNDER_APPROVED.md,PROPOSED,PROPOSED_NOT_ADOPTED,EXCLUDED_PROPOSED,Excluded from controlling/supporting freeze because the source is proposed and not adopted.,Resolve or adopt through a later authorized guide-specific prompt before use as controlling authority.,NO,YES
CGP005-EXCL-0011,ES-CG-00,CGSRC-PROP-0007,"MASTER COMMUNICATION, NOTIFICATION, AND NOTICE MODEL",docs/canon/candidates/MASTER_COMMUNICATION_NOTIFICATION_AND_NOTICE_MODEL_V2_0_FOUNDER_APPROVED.md,PROPOSED,PROPOSED_NOT_ADOPTED,EXCLUDED_PROPOSED,Excluded from controlling/supporting freeze because the source is proposed and not adopted.,Resolve or adopt through a later authorized guide-specific prompt before use as controlling authority.,NO,YES
CGP005-EXCL-0012,ES-CG-00,CGSRC-PROP-0008,"MASTER DATA PROTECTION, ENCRYPTION, AND KEY MANAGEMENT MODEL",docs/canon/candidates/MASTER_DATA_PROTECTION_ENCRYPTION_AND_KEY_MANAGEMENT_MODEL_V1_0.md,PROPOSED,PROPOSED_NOT_ADOPTED,EXCLUDED_PROPOSED,Excluded from controlling/supporting freeze because the source is proposed and not adopted.,Resolve or adopt through a later authorized guide-specific prompt before use as controlling authority.,NO,YES
CGP005-EXCL-0013,ES-CG-00,CGSRC-PROP-0009,"Master Equine Health, Welfare, Medical Record, and Clinical Support Model V1.1",docs/canon/candidates/MASTER_EQUINE_HEALTH_WELFARE_MEDICAL_RECORD_AND_CLINICAL_SUPPORT_MODEL_V1_1_RECONCILED_ADOPTION_CANDIDATE.md,PROPOSED,PROPOSED_NOT_ADOPTED,EXCLUDED_PROPOSED,Excluded from controlling/supporting freeze because the source is proposed and not adopted.,Resolve or adopt through a later authorized guide-specific prompt before use as controlling authority.,NO,YES
CGP005-EXCL-0014,ES-CG-00,CGSRC-PROP-0010,MASTER EXTERNAL ARCHITECTURE AND ADAPTER MODEL,docs/canon/candidates/MASTER_EXTERNAL_ARCHITECTURE_AND_ADAPTER_MODEL_V2_0.md,PROPOSED,PROPOSED_NOT_ADOPTED,EXCLUDED_PROPOSED,Excluded from controlling/supporting freeze because the source is proposed and not adopted.,Resolve or adopt through a later authorized guide-specific prompt before use as controlling authority.,NO,YES
CGP005-EXCL-0015,ES-CG-00,CGSRC-PROP-0011,Master Financial Truth and Responsibility Model,docs/canon/candidates/MASTER_FINANCIAL_TRUTH_AND_RESPONSIBILITY_MODEL_V2_0.md,PROPOSED,PROPOSED_NOT_ADOPTED,EXCLUDED_PROPOSED,Excluded from controlling/supporting freeze because the source is proposed and not adopted.,Resolve or adopt through a later authorized guide-specific prompt before use as controlling authority.,NO,YES
CGP005-EXCL-0016,ES-CG-00,CGSRC-PROP-0012,"MASTER IDENTITY, ACCOUNT, AND ACTOR MODEL",docs/canon/candidates/MASTER_IDENTITY_ACCOUNT_AND_ACTOR_MODEL_V2_0.md,PROPOSED,PROPOSED_NOT_ADOPTED,EXCLUDED_PROPOSED,Excluded from controlling/supporting freeze because the source is proposed and not adopted.,Resolve or adopt through a later authorized guide-specific prompt before use as controlling authority.,NO,YES
CGP005-EXCL-0017,ES-CG-00,CGSRC-PROP-0013,"MASTER MEDIA, FILES, AND DIGITAL ASSET GOVERNANCE MODEL",docs/canon/candidates/MASTER_MEDIA_FILES_AND_DIGITAL_ASSET_GOVERNANCE_MODEL_V1_0.md,PROPOSED,PROPOSED_NOT_ADOPTED,EXCLUDED_PROPOSED,Excluded from controlling/supporting freeze because the source is proposed and not adopted.,Resolve or adopt through a later authorized guide-specific prompt before use as controlling authority.,NO,YES
CGP005-EXCL-0018,ES-CG-00,CGSRC-PROP-0014,"MASTER MEDIA, FILES, AND DIGITAL ASSET GOVERNANCE MODEL",docs/canon/candidates/MASTER_MEDIA_FILES_AND_DIGITAL_ASSET_GOVERNANCE_MODEL_V1_1.md,PROPOSED,PROPOSED_NOT_ADOPTED,EXCLUDED_PROPOSED,Excluded from controlling/supporting freeze because the source is proposed and not adopted.,Resolve or adopt through a later authorized guide-specific prompt before use as controlling authority.,NO,YES
CGP005-EXCL-0019,ES-CG-00,CGSRC-PROP-0015,"MASTER MEDIA, FILES, AND DIGITAL ASSET GOVERNANCE MODEL",docs/canon/candidates/MASTER_MEDIA_FILES_AND_DIGITAL_ASSET_GOVERNANCE_MODEL_V1_2.md,PROPOSED,PROPOSED_NOT_ADOPTED,EXCLUDED_PROPOSED,Excluded from controlling/supporting freeze because the source is proposed and not adopted.,Resolve or adopt through a later authorized guide-specific prompt before use as controlling authority.,NO,YES
CGP005-EXCL-0020,ES-CG-00,CGSRC-PROP-0016,"title: ""MASTER MINOR, GUARDIANSHIP, SAFEGUARDING, AND PROTECTED PARTICIPANT MODEL V1.2""",docs/canon/candidates/MASTER_MINOR_GUARDIANSHIP_SAFEGUARDING_AND_PROTECTED_PARTICIPANT_MODEL_V1_2_RECONCILED_ADOPTION_CANDIDATE.md,PROPOSED,PROPOSED_NOT_ADOPTED,EXCLUDED_PROPOSED,Excluded from controlling/supporting freeze because the source is proposed and not adopted.,Resolve or adopt through a later authorized guide-specific prompt before use as controlling authority.,NO,YES
CGP005-EXCL-0021,ES-CG-00,CGSRC-PROP-0017,"MASTER PLATFORM OPERATIONS, RELIABILITY, AND RELEASE MODEL",docs/canon/candidates/MASTER_PLATFORM_OPERATIONS_RELIABILITY_AND_RELEASE_MODEL_V2_0.md,PROPOSED,PROPOSED_NOT_ADOPTED,EXCLUDED_PROPOSED,Excluded from controlling/supporting freeze because the source is proposed and not adopted.,Resolve or adopt through a later authorized guide-specific prompt before use as controlling authority.,NO,YES
CGP005-EXCL-0022,ES-CG-00,CGSRC-PROP-0018,"MASTER PLATFORM RESILIENCE, BACKUP, AND RECOVERY OPERATIONAL MODEL",docs/canon/candidates/MASTER_PLATFORM_RESILIENCE_BACKUP_AND_RECOVERY_OPERATIONAL_MODEL_V1_0.md,PROPOSED,PROPOSED_NOT_ADOPTED,EXCLUDED_PROPOSED,Excluded from controlling/supporting freeze because the source is proposed and not adopted.,Resolve or adopt through a later authorized guide-specific prompt before use as controlling authority.,NO,YES
CGP005-EXCL-0023,ES-CG-00,CGSRC-PROP-0019,MASTER SECURITY INCIDENT RESPONSE AND DISCLOSURE MODEL,docs/canon/candidates/MASTER_SECURITY_INCIDENT_RESPONSE_AND_DISCLOSURE_MODEL_V1_0.md,PROPOSED,PROPOSED_NOT_ADOPTED,EXCLUDED_PROPOSED,Excluded from controlling/supporting freeze because the source is proposed and not adopted.,Resolve or adopt through a later authorized guide-specific prompt before use as controlling authority.,NO,YES
CGP005-EXCL-0024,ES-CG-00,CGSRC-PROP-0020,"MASTER SECURITY, PRIVACY, AND TRUST MODEL",docs/canon/candidates/MASTER_SECURITY_PRIVACY_AND_TRUST_MODEL_V1_0.md,PROPOSED,PROPOSED_NOT_ADOPTED,EXCLUDED_PROPOSED,Excluded from controlling/supporting freeze because the source is proposed and not adopted.,Resolve or adopt through a later authorized guide-specific prompt before use as controlling authority.,NO,YES
CGP005-EXCL-0025,ES-CG-00,CGSRC-PROP-0021,MASTER EXTERNAL ARCHITECTURE AND ADAPTER MODEL,docs/canon/history/MASTER_EXTERNAL_ARCHITECTURE_AND_ADAPTER_MODEL_V2_0_ADOPTION_REVIEWED_CANDIDATE.md,PROPOSED,PROPOSED_NOT_ADOPTED,EXCLUDED_PROPOSED,Excluded from controlling/supporting freeze because the source is proposed and not adopted.,Resolve or adopt through a later authorized guide-specific prompt before use as controlling authority.,NO,YES
CGP005-EXCL-0026,ES-CG-00,CGSRC-PROP-0022,Master Financial Truth and Responsibility Model,docs/canon/history/MASTER_FINANCIAL_TRUTH_AND_RESPONSIBILITY_MODEL_V2_0_CANDIDATE.md,PROPOSED,PROPOSED_NOT_ADOPTED,EXCLUDED_PROPOSED,Excluded from controlling/supporting freeze because the source is proposed and not adopted.,Resolve or adopt through a later authorized guide-specific prompt before use as controlling authority.,NO,YES
CGP005-EXCL-0027,ES-CG-00,CGSRC-PROP-0023,MASTER HORSE TRANSFER AND CONTINUITY POLICY,docs/canon/history/MASTER_HORSE_TRANSFER_AND_CONTINUITY_POLICY_V2_0_CONTROLLED_CANDIDATE.md,PROPOSED,PROPOSED_NOT_ADOPTED,EXCLUDED_PROPOSED,Excluded from controlling/supporting freeze because the source is proposed and not adopted.,Resolve or adopt through a later authorized guide-specific prompt before use as controlling authority.,NO,YES
CGP005-EXCL-0028,ES-CG-00,CGSRC-PROP-0024,"MASTER AGREEMENT, CONSENT, AND AUTHORIZATION MODEL",docs/canon/history/agreement_consent_authorization_v2_0/MASTER_AGREEMENT_CONSENT_AND_AUTHORIZATION_MODEL_V2_0_HISTORICAL_SUPERSEDED_CANDIDATE.md,PROPOSED,PROPOSED_NOT_ADOPTED,EXCLUDED_PROPOSED,Excluded from controlling/supporting freeze because the source is proposed and not adopted.,Resolve or adopt through a later authorized guide-specific prompt before use as controlling authority.,NO,YES
CGP005-EXCL-0029,ES-CG-00,CGSRC-PROP-0025,MASTER AUDIT EVENT AND EVIDENCE MODEL,docs/canon/intake/MASTER_AUDIT_EVENT_AND_EVIDENCE_MODEL_V2_0_CANDIDATE_SOURCE.md,PROPOSED,PROPOSED_NOT_ADOPTED,EXCLUDED_PROPOSED,Excluded from controlling/supporting freeze because the source is proposed and not adopted.,Resolve or adopt through a later authorized guide-specific prompt before use as controlling authority.,NO,YES
CGP005-EXCL-0030,ES-CG-00,CGSRC-PROP-0026,"MASTER COMMUNICATION, NOTIFICATION, AND NOTICE MODEL",docs/canon/intake/MASTER_COMMUNICATION_NOTIFICATION_AND_NOTICE_MODEL_V2_0_CANDIDATE_SOURCE.md,PROPOSED,PROPOSED_NOT_ADOPTED,EXCLUDED_PROPOSED,Excluded from controlling/supporting freeze because the source is proposed and not adopted.,Resolve or adopt through a later authorized guide-specific prompt before use as controlling authority.,NO,YES
CGP005-EXCL-0031,ES-CG-00,CGSRC-PROP-0027,MASTER PRODUCT VISION,docs/canon/reviews/c0_004_master_product_vision_lifecycle_completion/source_event/MASTER_PRODUCT_VISION_V2_1_SUCCESSOR_CANDIDATE_ORIGINAL.md,PROPOSED,PROPOSED_NOT_ADOPTED,EXCLUDED_PROPOSED,Excluded from controlling/supporting freeze because the source is proposed and not adopted.,Resolve or adopt through a later authorized guide-specific prompt before use as controlling authority.,NO,YES
CGP005-EXCL-0032,ES-CG-00,CGSRC-PROP-0028,Equine Health Adoption Candidate Readiness Report,docs/canon/reviews/equine_health_founder_decision_reconciliation_v1_1/EQUINE_HEALTH_ADOPTION_CANDIDATE_READINESS_REPORT.md,PROPOSED,PROPOSED_NOT_ADOPTED,EXCLUDED_PROPOSED,Excluded from controlling/supporting freeze because the source is proposed and not adopted.,Resolve or adopt through a later authorized guide-specific prompt before use as controlling authority.,NO,YES
CGP005-EXCL-0033,ES-CG-00,CGSRC-PROP-0029,MASTER ANALYTICS FRAMEWORK,docs/canon/reviews/foundational_canon_source_certification_v1_0/source_event/six_reviewed_candidates/MASTER_ANALYTICS_FRAMEWORK_V2_0_REVIEWED_CANDIDATE.md,PROPOSED,PROPOSED_NOT_ADOPTED,EXCLUDED_PROPOSED,Excluded from controlling/supporting freeze because the source is proposed and not adopted.,Resolve or adopt through a later authorized guide-specific prompt before use as controlling authority.,NO,YES
CGP005-EXCL-0034,ES-CG-00,CGSRC-PROP-0030,MASTER BARN LIFECYCLE,docs/canon/reviews/foundational_canon_source_certification_v1_0/source_event/six_reviewed_candidates/MASTER_BARN_LIFECYCLE_V3_1_REVIEWED_CANDIDATE.md,PROPOSED,PROPOSED_NOT_ADOPTED,EXCLUDED_PROPOSED,Excluded from controlling/supporting freeze because the source is proposed and not adopted.,Resolve or adopt through a later authorized guide-specific prompt before use as controlling authority.,NO,YES
CGP005-EXCL-0035,ES-CG-00,CGSRC-PROP-0031,MASTER BUSINESS LIFECYCLE,docs/canon/reviews/foundational_canon_source_certification_v1_0/source_event/six_reviewed_candidates/MASTER_BUSINESS_LIFECYCLE_V2_1_REVIEWED_CANDIDATE.md,PROPOSED,PROPOSED_NOT_ADOPTED,EXCLUDED_PROPOSED,Excluded from controlling/supporting freeze because the source is proposed and not adopted.,Resolve or adopt through a later authorized guide-specific prompt before use as controlling authority.,NO,YES
CGP005-EXCL-0036,ES-CG-00,CGSRC-PROP-0032,MASTER ECOSYSTEM MODEL,docs/canon/reviews/foundational_canon_source_certification_v1_0/source_event/six_reviewed_candidates/MASTER_ECOSYSTEM_MODEL_V2_1_REVIEWED_CANDIDATE.md,PROPOSED,PROPOSED_NOT_ADOPTED,EXCLUDED_PROPOSED,Excluded from controlling/supporting freeze because the source is proposed and not adopted.,Resolve or adopt through a later authorized guide-specific prompt before use as controlling authority.,NO,YES
CGP005-EXCL-0037,ES-CG-00,CGSRC-PROP-0033,MASTER FACILITY DOMAIN MODEL,docs/canon/reviews/foundational_canon_source_certification_v1_0/source_event/six_reviewed_candidates/MASTER_FACILITY_DOMAIN_MODEL_V2_1_REVIEWED_CANDIDATE.md,PROPOSED,PROPOSED_NOT_ADOPTED,EXCLUDED_PROPOSED,Excluded from controlling/supporting freeze because the source is proposed and not adopted.,Resolve or adopt through a later authorized guide-specific prompt before use as controlling authority.,NO,YES
CGP005-EXCL-0038,ES-CG-00,CGSRC-PROP-0034,MASTER HORSE LIFECYCLE,docs/canon/reviews/foundational_canon_source_certification_v1_0/source_event/six_reviewed_candidates/MASTER_HORSE_LIFECYCLE_V3_1_REVIEWED_CANDIDATE.md,PROPOSED,PROPOSED_NOT_ADOPTED,EXCLUDED_PROPOSED,Excluded from controlling/supporting freeze because the source is proposed and not adopted.,Resolve or adopt through a later authorized guide-specific prompt before use as controlling authority.,NO,YES
CGP005-EXCL-0039,ES-CG-00,CGSRC-PROP-0035,"Identity, Account, and Actor V2.0 Canon Index Proposal",docs/canon/reviews/foundational_gap_closure/A_IDENTITY_ACTOR/A_IDENTITY_ACTOR_CANON_INDEX_PROPOSAL.md,PROPOSED,PROPOSED_NOT_ADOPTED,EXCLUDED_PROPOSED,Excluded from controlling/supporting freeze because the source is proposed and not adopted.,Resolve or adopt through a later authorized guide-specific prompt before use as controlling authority.,NO,YES
CGP005-EXCL-0040,ES-CG-00,CGSRC-PROP-0036,"Identity, Account, and Actor V2.0 Proposed Adoption Report",docs/canon/reviews/foundational_gap_closure/A_IDENTITY_ACTOR/A_IDENTITY_ACTOR_PROPOSED_ADOPTION_REPORT.md,PROPOSED,PROPOSED_NOT_ADOPTED,EXCLUDED_PROPOSED,Excluded from controlling/supporting freeze because the source is proposed and not adopted.,Resolve or adopt through a later authorized guide-specific prompt before use as controlling authority.,NO,YES
CGP005-EXCL-0041,ES-CG-00,CGSRC-PROP-0037,"Identity, Account, and Actor V2.0 Adoption Dependency Registry Proposal",docs/canon/reviews/foundational_gap_closure/A_IDENTITY_ACTOR/IDENTITY_ACTOR_V2_ADOPTION_DEPENDENCY_REGISTRY_PROPOSAL.md,PROPOSED,PROPOSED_NOT_ADOPTED,EXCLUDED_PROPOSED,Excluded from controlling/supporting freeze because the source is proposed and not adopted.,Resolve or adopt through a later authorized guide-specific prompt before use as controlling authority.,NO,YES
CGP005-EXCL-0042,ES-CG-00,CGSRC-PROP-0038,"Agreement, Consent, and Authorization V2.0 Canon Index Proposal",docs/canon/reviews/foundational_gap_closure/B_AGREEMENT_CONSENT/B_AGREEMENT_CONSENT_CANON_INDEX_PROPOSAL.md,PROPOSED,PROPOSED_NOT_ADOPTED,EXCLUDED_PROPOSED,Excluded from controlling/supporting freeze because the source is proposed and not adopted.,Resolve or adopt through a later authorized guide-specific prompt before use as controlling authority.,NO,YES
CGP005-EXCL-0043,ES-CG-00,CGSRC-PROP-0039,"Agreement, Consent, and Authorization V2.0 Proposed Adoption Report",docs/canon/reviews/foundational_gap_closure/B_AGREEMENT_CONSENT/B_AGREEMENT_CONSENT_PROPOSED_ADOPTION_REPORT.md,PROPOSED,PROPOSED_NOT_ADOPTED,EXCLUDED_PROPOSED,Excluded from controlling/supporting freeze because the source is proposed and not adopted.,Resolve or adopt through a later authorized guide-specific prompt before use as controlling authority.,NO,YES
CGP005-EXCL-0044,ES-CG-00,CGSRC-PROP-0040,Audit Event and Evidence V2.0 Canon Index Proposal,docs/canon/reviews/foundational_gap_closure/C_AUDIT_EVIDENCE/C_AUDIT_EVIDENCE_CANON_INDEX_PROPOSAL.md,PROPOSED,PROPOSED_NOT_ADOPTED,EXCLUDED_PROPOSED,Excluded from controlling/supporting freeze because the source is proposed and not adopted.,Resolve or adopt through a later authorized guide-specific prompt before use as controlling authority.,NO,YES
CGP005-EXCL-0045,ES-CG-00,CGSRC-PROP-0041,Audit Event and Evidence V2.0 Proposed Adoption Report,docs/canon/reviews/foundational_gap_closure/C_AUDIT_EVIDENCE/C_AUDIT_EVIDENCE_PROPOSED_ADOPTION_REPORT.md,PROPOSED,PROPOSED_NOT_ADOPTED,EXCLUDED_PROPOSED,Excluded from controlling/supporting freeze because the source is proposed and not adopted.,Resolve or adopt through a later authorized guide-specific prompt before use as controlling authority.,NO,YES
CGP005-EXCL-0046,ES-CG-00,CGSRC-PROP-0042,"Communication, Notification, and Notice V2.0 Canon Index Proposal",docs/canon/reviews/foundational_gap_closure/D_COMMUNICATION_NOTICE/D_COMMUNICATION_NOTICE_CANON_INDEX_PROPOSAL.md,PROPOSED,PROPOSED_NOT_ADOPTED,EXCLUDED_PROPOSED,Excluded from controlling/supporting freeze because the source is proposed and not adopted.,Resolve or adopt through a later authorized guide-specific prompt before use as controlling authority.,NO,YES
CGP005-EXCL-0047,ES-CG-00,CGSRC-PROP-0043,"Communication, Notification, and Notice V2.0 Proposed Adoption Report",docs/canon/reviews/foundational_gap_closure/D_COMMUNICATION_NOTICE/D_COMMUNICATION_NOTICE_PROPOSED_ADOPTION_REPORT.md,PROPOSED,PROPOSED_NOT_ADOPTED,EXCLUDED_PROPOSED,Excluded from controlling/supporting freeze because the source is proposed and not adopted.,Resolve or adopt through a later authorized guide-specific prompt before use as controlling authority.,NO,YES
CGP005-EXCL-0048,ES-CG-00,CGSRC-PROP-0044,"Platform Operations, Reliability, and Release V2.0 Canon Index Proposal",docs/canon/reviews/foundational_gap_closure/E_PLATFORM_RELIABILITY/E_PLATFORM_RELIABILITY_CANON_INDEX_PROPOSAL.md,PROPOSED,PROPOSED_NOT_ADOPTED,EXCLUDED_PROPOSED,Excluded from controlling/supporting freeze because the source is proposed and not adopted.,Resolve or adopt through a later authorized guide-specific prompt before use as controlling authority.,NO,YES
CGP005-EXCL-0049,ES-CG-00,CGSRC-PROP-0045,"Platform Operations, Reliability, and Release V2.0 Proposed Adoption Report",docs/canon/reviews/foundational_gap_closure/E_PLATFORM_RELIABILITY/E_PLATFORM_RELIABILITY_PROPOSED_ADOPTION_REPORT.md,PROPOSED,PROPOSED_NOT_ADOPTED,EXCLUDED_PROPOSED,Excluded from controlling/supporting freeze because the source is proposed and not adopted.,Resolve or adopt through a later authorized guide-specific prompt before use as controlling authority.,NO,YES
CGP005-EXCL-0050,ES-CG-00,CGSRC-PROP-0046,External Architecture and Adapter V2.0 Canon Index Proposal,docs/canon/reviews/foundational_gap_closure/F_EXTERNAL_ADAPTERS/F_EXTERNAL_ADAPTERS_CANON_INDEX_PROPOSAL.md,PROPOSED,PROPOSED_NOT_ADOPTED,EXCLUDED_PROPOSED,Excluded from controlling/supporting freeze because the source is proposed and not adopted.,Resolve or adopt through a later authorized guide-specific prompt before use as controlling authority.,NO,YES
CGP005-EXCL-0051,ES-CG-00,CGSRC-PROP-0047,External Architecture and Adapter V2.0 Adoption Status Report,docs/canon/reviews/foundational_gap_closure/F_EXTERNAL_ADAPTERS/F_EXTERNAL_ADAPTERS_PROPOSED_ADOPTION_REPORT.md,PROPOSED,PROPOSED_NOT_ADOPTED,EXCLUDED_PROPOSED,Excluded from controlling/supporting freeze because the source is proposed and not adopted.,Resolve or adopt through a later authorized guide-specific prompt before use as controlling authority.,NO,YES
CGP005-EXCL-0052,ES-CG-00,CGSRC-PROP-0048,Financial Truth and Responsibility V2.0 Canon Index Proposal,docs/canon/reviews/foundational_gap_closure/G_FINANCIAL_TRUTH/G_FINANCIAL_TRUTH_CANON_INDEX_PROPOSAL.md,PROPOSED,PROPOSED_NOT_ADOPTED,EXCLUDED_PROPOSED,Excluded from controlling/supporting freeze because the source is proposed and not adopted.,Resolve or adopt through a later authorized guide-specific prompt before use as controlling authority.,NO,YES
CGP005-EXCL-0053,ES-CG-00,CGSRC-PROP-0049,Financial Truth and Responsibility V2.0 Proposed Adoption Report,docs/canon/reviews/foundational_gap_closure/G_FINANCIAL_TRUTH/G_FINANCIAL_TRUTH_PROPOSED_ADOPTION_REPORT.md,PROPOSED,PROPOSED_NOT_ADOPTED,EXCLUDED_PROPOSED,Excluded from controlling/supporting freeze because the source is proposed and not adopted.,Resolve or adopt through a later authorized guide-specific prompt before use as controlling authority.,NO,YES
CGP005-EXCL-0054,ES-CG-00,CGSRC-PROP-0050,Global Companion Artifact Adoption Candidate Manifest.Json,docs/canon/reviews/global_companion_reconciliation_v1_0/phase_g10_g11/GLOBAL_COMPANION_ARTIFACT_ADOPTION_CANDIDATE_MANIFEST.json,PROPOSED,PROPOSED_NOT_ADOPTED,EXCLUDED_PROPOSED,Excluded from controlling/supporting freeze because the source is proposed and not adopted.,Resolve or adopt through a later authorized guide-specific prompt before use as controlling authority.,NO,YES
CGP005-EXCL-0055,ES-CG-00,CGSRC-PROP-0051,Global Companion Artifact Adoption Candidate Manifest,docs/canon/reviews/global_companion_reconciliation_v1_0/phase_g10_g11/GLOBAL_COMPANION_ARTIFACT_ADOPTION_CANDIDATE_MANIFEST.md,PROPOSED,PROPOSED_NOT_ADOPTED,EXCLUDED_PROPOSED,Excluded from controlling/supporting freeze because the source is proposed and not adopted.,Resolve or adopt through a later authorized guide-specific prompt before use as controlling authority.,NO,YES
CGP005-EXCL-0056,ES-CG-00,CGSRC-PROP-0052,AI V2.0 Controlling Source Candidate Determination,docs/canon/reviews/governance_v1_0_ai_reconciliation/resumption_exact_source/phase_r1/AI_V2_0_CONTROLLING_SOURCE_CANDIDATE_DETERMINATION.md,PROPOSED,PROPOSED_NOT_ADOPTED,EXCLUDED_PROPOSED,Excluded from controlling/supporting freeze because the source is proposed and not adopted.,Resolve or adopt through a later authorized guide-specific prompt before use as controlling authority.,NO,YES
CGP005-EXCL-0057,ES-CG-00,CGSRC-PROP-0053,AI V2.0 Source Candidate Comparison Report,docs/canon/reviews/governance_v1_0_ai_reconciliation/resumption_exact_source/phase_r1/AI_V2_0_SOURCE_CANDIDATE_COMPARISON_REPORT.md,PROPOSED,PROPOSED_NOT_ADOPTED,EXCLUDED_PROPOSED,Excluded from controlling/supporting freeze because the source is proposed and not adopted.,Resolve or adopt through a later authorized guide-specific prompt before use as controlling authority.,NO,YES
CGP005-EXCL-0058,ES-CG-00,CGSRC-PROP-0054,Ai V2 0 Source Candidate Hash Matrix.Json,docs/canon/reviews/governance_v1_0_ai_reconciliation/resumption_exact_source/phase_r1/AI_V2_0_SOURCE_CANDIDATE_HASH_MATRIX.json,PROPOSED,PROPOSED_NOT_ADOPTED,EXCLUDED_PROPOSED,Excluded from controlling/supporting freeze because the source is proposed and not adopted.,Resolve or adopt through a later authorized guide-specific prompt before use as controlling authority.,NO,YES
CGP005-EXCL-0059,ES-CG-00,CGSRC-PROP-0055,"Master Media, Files, and Digital Asset Governance V1.2 Candidate Review",docs/canon/reviews/media_files_digital_assets_v1_2/MASTER_MEDIA_FILES_AND_DIGITAL_ASSET_V1_2_CANDIDATE_REVIEW.md,PROPOSED,PROPOSED_NOT_ADOPTED,EXCLUDED_PROPOSED,Excluded from controlling/supporting freeze because the source is proposed and not adopted.,Resolve or adopt through a later authorized guide-specific prompt before use as controlling authority.,NO,YES
CGP005-EXCL-0060,ES-CG-00,CGSRC-PROP-0056,Next Phase Dependency Registry Proposal,docs/canon/reviews/next_phase_governance/NEXT_PHASE_DEPENDENCY_REGISTRY_PROPOSAL.md,PROPOSED,PROPOSED_NOT_ADOPTED,EXCLUDED_PROPOSED,Excluded from controlling/supporting freeze because the source is proposed and not adopted.,Resolve or adopt through a later authorized guide-specific prompt before use as controlling authority.,NO,YES
CGP005-EXCL-0061,ES-CG-00,CGSRC-PROP-0057,Next Phase Governance Progression Proposal,docs/canon/reviews/next_phase_governance/NEXT_PHASE_GOVERNANCE_PROGRESSION_PROPOSAL.md,PROPOSED,PROPOSED_NOT_ADOPTED,EXCLUDED_PROPOSED,Excluded from controlling/supporting freeze because the source is proposed and not adopted.,Resolve or adopt through a later authorized guide-specific prompt before use as controlling authority.,NO,YES
CGP005-EXCL-0062,ES-CG-00,CGSRC-PROP-0058,Next Workstream Candidate Ranking,docs/canon/reviews/next_phase_governance/NEXT_WORKSTREAM_CANDIDATE_RANKING.md,PROPOSED,PROPOSED_NOT_ADOPTED,EXCLUDED_PROPOSED,Excluded from controlling/supporting freeze because the source is proposed and not adopted.,Resolve or adopt through a later authorized guide-specific prompt before use as controlling authority.,NO,YES
CGP005-EXCL-0063,ES-CG-00,CGSRC-PROP-0059,Safeguarding V1 2 Adoption Candidate Review Data.Json,docs/canon/reviews/parallel_safeguarding_companion_reconciliation_v1_0/adoption_candidate_review/SAFEGUARDING_V1_2_ADOPTION_CANDIDATE_REVIEW_DATA.json,PROPOSED,PROPOSED_NOT_ADOPTED,EXCLUDED_PROPOSED,Excluded from controlling/supporting freeze because the source is proposed and not adopted.,Resolve or adopt through a later authorized guide-specific prompt before use as controlling authority.,NO,YES
CGP005-EXCL-0064,ES-CG-00,CGSRC-PROP-0060,Safeguarding V1.2 AI Reconciliation,docs/canon/reviews/parallel_safeguarding_companion_reconciliation_v1_0/adoption_candidate_review/SAFEGUARDING_V1_2_AI_RECONCILIATION.md,PROPOSED,PROPOSED_NOT_ADOPTED,EXCLUDED_PROPOSED,Excluded from controlling/supporting freeze because the source is proposed and not adopted.,Resolve or adopt through a later authorized guide-specific prompt before use as controlling authority.,NO,YES
CGP005-EXCL-0065,ES-CG-00,CGSRC-PROP-0061,Safeguarding V1.2 Cross-Canon Reference Report,docs/canon/reviews/parallel_safeguarding_companion_reconciliation_v1_0/adoption_candidate_review/SAFEGUARDING_V1_2_CROSS_CANON_REFERENCE_REPORT.md,PROPOSED,PROPOSED_NOT_ADOPTED,EXCLUDED_PROPOSED,Excluded from controlling/supporting freeze because the source is proposed and not adopted.,Resolve or adopt through a later authorized guide-specific prompt before use as controlling authority.,NO,YES
CGP005-EXCL-0066,ES-CG-00,CGSRC-PROP-0062,Safeguarding V1.2 Decision-to-Section Traceability,docs/canon/reviews/parallel_safeguarding_companion_reconciliation_v1_0/adoption_candidate_review/SAFEGUARDING_V1_2_DECISION_TO_SECTION_TRACEABILITY.md,PROPOSED,PROPOSED_NOT_ADOPTED,EXCLUDED_PROPOSED,Excluded from controlling/supporting freeze because the source is proposed and not adopted.,Resolve or adopt through a later authorized guide-specific prompt before use as controlling authority.,NO,YES
CGP005-EXCL-0067,ES-CG-00,CGSRC-PROP-0063,Safeguarding V1.2 Equine Health Reconciliation,docs/canon/reviews/parallel_safeguarding_companion_reconciliation_v1_0/adoption_candidate_review/SAFEGUARDING_V1_2_EQUINE_HEALTH_RECONCILIATION.md,PROPOSED,PROPOSED_NOT_ADOPTED,EXCLUDED_PROPOSED,Excluded from controlling/supporting freeze because the source is proposed and not adopted.,Resolve or adopt through a later authorized guide-specific prompt before use as controlling authority.,NO,YES
CGP005-EXCL-0068,ES-CG-00,CGSRC-PROP-0064,Safeguarding V1.2 Requirement-to-Section Traceability,docs/canon/reviews/parallel_safeguarding_companion_reconciliation_v1_0/adoption_candidate_review/SAFEGUARDING_V1_2_REQUIREMENT_TO_SECTION_TRACEABILITY.md,PROPOSED,PROPOSED_NOT_ADOPTED,EXCLUDED_PROPOSED,Excluded from controlling/supporting freeze because the source is proposed and not adopted.,Resolve or adopt through a later authorized guide-specific prompt before use as controlling authority.,NO,YES
CGP005-EXCL-0069,ES-CG-00,CGSRC-PROP-0065,Safeguarding V1.2 Section Disposition History,docs/canon/reviews/parallel_safeguarding_companion_reconciliation_v1_0/adoption_candidate_review/SAFEGUARDING_V1_2_SECTION_DISPOSITION_HISTORY.md,PROPOSED,PROPOSED_NOT_ADOPTED,EXCLUDED_PROPOSED,Excluded from controlling/supporting freeze because the source is proposed and not adopted.,Resolve or adopt through a later authorized guide-specific prompt before use as controlling authority.,NO,YES
CGP005-EXCL-0070,ES-CG-00,CGSRC-PROP-0066,Safeguarding V1.2 Source and Version Manifest,docs/canon/reviews/parallel_safeguarding_companion_reconciliation_v1_0/adoption_candidate_review/SAFEGUARDING_V1_2_SOURCE_AND_VERSION_MANIFEST.md,PROPOSED,PROPOSED_NOT_ADOPTED,EXCLUDED_PROPOSED,Excluded from controlling/supporting freeze because the source is proposed and not adopted.,Resolve or adopt through a later authorized guide-specific prompt before use as controlling authority.,NO,YES
CGP005-EXCL-0071,ES-CG-00,CGSRC-PROP-0067,Safeguarding V1.2 Validation Report,docs/canon/reviews/parallel_safeguarding_companion_reconciliation_v1_0/adoption_candidate_review/SAFEGUARDING_V1_2_VALIDATION_REPORT.md,PROPOSED,PROPOSED_NOT_ADOPTED,EXCLUDED_PROPOSED,Excluded from controlling/supporting freeze because the source is proposed and not adopted.,Resolve or adopt through a later authorized guide-specific prompt before use as controlling authority.,NO,YES
CGP005-EXCL-0072,ES-CG-00,CGSRC-PROP-0068,FOUNDER CONFIRMATION DIRECTIVE,docs/canon/reviews/parallel_safeguarding_companion_reconciliation_v1_0/founder_confirmation/EQUINESYNC_SAFEGUARDING_FOUNDER_CONFIRMATION_POLICY_RESOLUTION_AND_ADOPTION_CANDIDATE_AUTHORIZATION.md,PROPOSED,PROPOSED_NOT_ADOPTED,EXCLUDED_PROPOSED,Excluded from controlling/supporting freeze because the source is proposed and not adopted.,Resolve or adopt through a later authorized guide-specific prompt before use as controlling authority.,NO,YES
CGP005-EXCL-0073,ES-CG-00,CGSRC-PROP-0069,"date: ""July 15, 2026""",docs/canon/reviews/parallel_safeguarding_companion_reconciliation_v1_0/subordinate/SAFEGUARDING_CONSTITUTIONAL_TEST_CATALOG_V1_0_CANDIDATE.md,PROPOSED,PROPOSED_NOT_ADOPTED,EXCLUDED_PROPOSED,Excluded from controlling/supporting freeze because the source is proposed and not adopted.,Resolve or adopt through a later authorized guide-specific prompt before use as controlling authority.,NO,YES
CGP005-EXCL-0074,ES-CG-00,CGSRC-PROP-0070,"date: ""July 15, 2026""",docs/canon/reviews/parallel_safeguarding_companion_reconciliation_v1_0/subordinate/SAFEGUARDING_IMPLEMENTATION_READINESS_STANDARD_V1_0_CANDIDATE.md,PROPOSED,PROPOSED_NOT_ADOPTED,EXCLUDED_PROPOSED,Excluded from controlling/supporting freeze because the source is proposed and not adopted.,Resolve or adopt through a later authorized guide-specific prompt before use as controlling authority.,NO,YES
CGP005-EXCL-0075,ES-CG-01,CGSRC-BLOCK-0001,Canon review package: drafting_equine_health_welfare_medical_v1_0,docs/canon/reviews/drafting_equine_health_welfare_medical_v1_0,BLOCKED,BLOCKED_OR_CONDITIONAL,EXCLUDED_BLOCKED,Excluded from controlling/supporting freeze because the source is blocked or conditional.,Resolve or adopt through a later authorized guide-specific prompt before use as controlling authority.,NO,YES
CGP005-EXCL-0076,ES-CG-01,CGSRC-BLOCK-0002,Canon review package: drafting_minor_guardianship_safeguarding_v1_0,docs/canon/reviews/drafting_minor_guardianship_safeguarding_v1_0,BLOCKED,BLOCKED_OR_CONDITIONAL,EXCLUDED_BLOCKED,Excluded from controlling/supporting freeze because the source is blocked or conditional.,Resolve or adopt through a later authorized guide-specific prompt before use as controlling authority.,NO,YES
CGP005-EXCL-0077,ES-CG-01,CGSRC-BLOCK-0003,Canon review package: foundational_gap_closure,docs/canon/reviews/foundational_gap_closure,BLOCKED,BLOCKED_OR_CONDITIONAL,EXCLUDED_BLOCKED,Excluded from controlling/supporting freeze because the source is blocked or conditional.,Resolve or adopt through a later authorized guide-specific prompt before use as controlling authority.,NO,YES
CGP005-EXCL-0078,ES-CG-01,CGSRC-BLOCK-0004,Canon review package: stage0_c0_classification_correction,docs/canon/reviews/stage0_c0_classification_correction,BLOCKED,BLOCKED_OR_CONDITIONAL,EXCLUDED_BLOCKED,Excluded from controlling/supporting freeze because the source is blocked or conditional.,Resolve or adopt through a later authorized guide-specific prompt before use as controlling authority.,NO,YES
CGP005-EXCL-0079,ES-CG-01,CGSRC-PROP-0001,Master Relationship Model Proposed Corrections,docs/canon/MASTER_RELATIONSHIP_MODEL_PROPOSED_CORRECTIONS.md,PROPOSED,PROPOSED_NOT_ADOPTED,EXCLUDED_PROPOSED,Excluded from controlling/supporting freeze because the source is proposed and not adopted.,Resolve or adopt through a later authorized guide-specific prompt before use as controlling authority.,NO,YES
CGP005-EXCL-0080,ES-CG-01,CGSRC-PROP-0002,Master Relationship Model v2.0 Canon Index Proposal,docs/canon/MASTER_RELATIONSHIP_MODEL_V2_0_CANON_INDEX_PROPOSAL.md,PROPOSED,PROPOSED_NOT_ADOPTED,EXCLUDED_PROPOSED,Excluded from controlling/supporting freeze because the source is proposed and not adopted.,Resolve or adopt through a later authorized guide-specific prompt before use as controlling authority.,NO,YES
CGP005-EXCL-0081,ES-CG-01,CGSRC-PROP-0003,Master Relationship Model v2.0 Dependency Proposals,docs/canon/MASTER_RELATIONSHIP_MODEL_V2_0_DEPENDENCY_PROPOSALS.md,PROPOSED,PROPOSED_NOT_ADOPTED,EXCLUDED_PROPOSED,Excluded from controlling/supporting freeze because the source is proposed and not adopted.,Resolve or adopt through a later authorized guide-specific prompt before use as controlling authority.,NO,YES
CGP005-EXCL-0082,ES-CG-01,CGSRC-PROP-0004,MASTER RELATIONSHIP MODEL - VERSION 2.0 FINAL CANDIDATE,docs/canon/MASTER_RELATIONSHIP_MODEL_V2_0_FINAL_CANDIDATE.md,PROPOSED,PROPOSED_NOT_ADOPTED,EXCLUDED_PROPOSED,Excluded from controlling/supporting freeze because the source is proposed and not adopted.,Resolve or adopt through a later authorized guide-specific prompt before use as controlling authority.,NO,YES
CGP005-EXCL-0083,ES-CG-01,CGSRC-PROP-0005,"MASTER AGREEMENT, CONSENT, AND AUTHORIZATION MODEL",docs/canon/candidates/MASTER_AGREEMENT_CONSENT_AND_AUTHORIZATION_MODEL_V2_0.md,PROPOSED,PROPOSED_NOT_ADOPTED,EXCLUDED_PROPOSED,Excluded from controlling/supporting freeze because the source is proposed and not adopted.,Resolve or adopt through a later authorized guide-specific prompt before use as controlling authority.,NO,YES
CGP005-EXCL-0084,ES-CG-01,CGSRC-PROP-0006,MASTER AUDIT EVENT AND EVIDENCE MODEL,docs/canon/candidates/MASTER_AUDIT_EVENT_AND_EVIDENCE_MODEL_V2_0_FOUNDER_APPROVED.md,PROPOSED,PROPOSED_NOT_ADOPTED,EXCLUDED_PROPOSED,Excluded from controlling/supporting freeze because the source is proposed and not adopted.,Resolve or adopt through a later authorized guide-specific prompt before use as controlling authority.,NO,YES
CGP005-EXCL-0085,ES-CG-01,CGSRC-PROP-0007,"MASTER COMMUNICATION, NOTIFICATION, AND NOTICE MODEL",docs/canon/candidates/MASTER_COMMUNICATION_NOTIFICATION_AND_NOTICE_MODEL_V2_0_FOUNDER_APPROVED.md,PROPOSED,PROPOSED_NOT_ADOPTED,EXCLUDED_PROPOSED,Excluded from controlling/supporting freeze because the source is proposed and not adopted.,Resolve or adopt through a later authorized guide-specific prompt before use as controlling authority.,NO,YES
CGP005-EXCL-0086,ES-CG-01,CGSRC-PROP-0008,"MASTER DATA PROTECTION, ENCRYPTION, AND KEY MANAGEMENT MODEL",docs/canon/candidates/MASTER_DATA_PROTECTION_ENCRYPTION_AND_KEY_MANAGEMENT_MODEL_V1_0.md,PROPOSED,PROPOSED_NOT_ADOPTED,EXCLUDED_PROPOSED,Excluded from controlling/supporting freeze because the source is proposed and not adopted.,Resolve or adopt through a later authorized guide-specific prompt before use as controlling authority.,NO,YES
CGP005-EXCL-0087,ES-CG-01,CGSRC-PROP-0009,"Master Equine Health, Welfare, Medical Record, and Clinical Support Model V1.1",docs/canon/candidates/MASTER_EQUINE_HEALTH_WELFARE_MEDICAL_RECORD_AND_CLINICAL_SUPPORT_MODEL_V1_1_RECONCILED_ADOPTION_CANDIDATE.md,PROPOSED,PROPOSED_NOT_ADOPTED,EXCLUDED_PROPOSED,Excluded from controlling/supporting freeze because the source is proposed and not adopted.,Resolve or adopt through a later authorized guide-specific prompt before use as controlling authority.,NO,YES
CGP005-EXCL-0088,ES-CG-01,CGSRC-PROP-0010,MASTER EXTERNAL ARCHITECTURE AND ADAPTER MODEL,docs/canon/candidates/MASTER_EXTERNAL_ARCHITECTURE_AND_ADAPTER_MODEL_V2_0.md,PROPOSED,PROPOSED_NOT_ADOPTED,EXCLUDED_PROPOSED,Excluded from controlling/supporting freeze because the source is proposed and not adopted.,Resolve or adopt through a later authorized guide-specific prompt before use as controlling authority.,NO,YES
CGP005-EXCL-0089,ES-CG-01,CGSRC-PROP-0011,Master Financial Truth and Responsibility Model,docs/canon/candidates/MASTER_FINANCIAL_TRUTH_AND_RESPONSIBILITY_MODEL_V2_0.md,PROPOSED,PROPOSED_NOT_ADOPTED,EXCLUDED_PROPOSED,Excluded from controlling/supporting freeze because the source is proposed and not adopted.,Resolve or adopt through a later authorized guide-specific prompt before use as controlling authority.,NO,YES
CGP005-EXCL-0090,ES-CG-01,CGSRC-PROP-0012,"MASTER IDENTITY, ACCOUNT, AND ACTOR MODEL",docs/canon/candidates/MASTER_IDENTITY_ACCOUNT_AND_ACTOR_MODEL_V2_0.md,PROPOSED,PROPOSED_NOT_ADOPTED,EXCLUDED_PROPOSED,Excluded from controlling/supporting freeze because the source is proposed and not adopted.,Resolve or adopt through a later authorized guide-specific prompt before use as controlling authority.,NO,YES
CGP005-EXCL-0091,ES-CG-01,CGSRC-PROP-0013,"MASTER MEDIA, FILES, AND DIGITAL ASSET GOVERNANCE MODEL",docs/canon/candidates/MASTER_MEDIA_FILES_AND_DIGITAL_ASSET_GOVERNANCE_MODEL_V1_0.md,PROPOSED,PROPOSED_NOT_ADOPTED,EXCLUDED_PROPOSED,Excluded from controlling/supporting freeze because the source is proposed and not adopted.,Resolve or adopt through a later authorized guide-specific prompt before use as controlling authority.,NO,YES
CGP005-EXCL-0092,ES-CG-01,CGSRC-PROP-0014,"MASTER MEDIA, FILES, AND DIGITAL ASSET GOVERNANCE MODEL",docs/canon/candidates/MASTER_MEDIA_FILES_AND_DIGITAL_ASSET_GOVERNANCE_MODEL_V1_1.md,PROPOSED,PROPOSED_NOT_ADOPTED,EXCLUDED_PROPOSED,Excluded from controlling/supporting freeze because the source is proposed and not adopted.,Resolve or adopt through a later authorized guide-specific prompt before use as controlling authority.,NO,YES
CGP005-EXCL-0093,ES-CG-01,CGSRC-PROP-0015,"MASTER MEDIA, FILES, AND DIGITAL ASSET GOVERNANCE MODEL",docs/canon/candidates/MASTER_MEDIA_FILES_AND_DIGITAL_ASSET_GOVERNANCE_MODEL_V1_2.md,PROPOSED,PROPOSED_NOT_ADOPTED,EXCLUDED_PROPOSED,Excluded from controlling/supporting freeze because the source is proposed and not adopted.,Resolve or adopt through a later authorized guide-specific prompt before use as controlling authority.,NO,YES
CGP005-EXCL-0094,ES-CG-01,CGSRC-PROP-0016,"title: ""MASTER MINOR, GUARDIANSHIP, SAFEGUARDING, AND PROTECTED PARTICIPANT MODEL V1.2""",docs/canon/candidates/MASTER_MINOR_GUARDIANSHIP_SAFEGUARDING_AND_PROTECTED_PARTICIPANT_MODEL_V1_2_RECONCILED_ADOPTION_CANDIDATE.md,PROPOSED,PROPOSED_NOT_ADOPTED,EXCLUDED_PROPOSED,Excluded from controlling/supporting freeze because the source is proposed and not adopted.,Resolve or adopt through a later authorized guide-specific prompt before use as controlling authority.,NO,YES
CGP005-EXCL-0095,ES-CG-01,CGSRC-PROP-0017,"MASTER PLATFORM OPERATIONS, RELIABILITY, AND RELEASE MODEL",docs/canon/candidates/MASTER_PLATFORM_OPERATIONS_RELIABILITY_AND_RELEASE_MODEL_V2_0.md,PROPOSED,PROPOSED_NOT_ADOPTED,EXCLUDED_PROPOSED,Excluded from controlling/supporting freeze because the source is proposed and not adopted.,Resolve or adopt through a later authorized guide-specific prompt before use as controlling authority.,NO,YES
CGP005-EXCL-0096,ES-CG-01,CGSRC-PROP-0018,"MASTER PLATFORM RESILIENCE, BACKUP, AND RECOVERY OPERATIONAL MODEL",docs/canon/candidates/MASTER_PLATFORM_RESILIENCE_BACKUP_AND_RECOVERY_OPERATIONAL_MODEL_V1_0.md,PROPOSED,PROPOSED_NOT_ADOPTED,EXCLUDED_PROPOSED,Excluded from controlling/supporting freeze because the source is proposed and not adopted.,Resolve or adopt through a later authorized guide-specific prompt before use as controlling authority.,NO,YES
CGP005-EXCL-0097,ES-CG-01,CGSRC-PROP-0019,MASTER SECURITY INCIDENT RESPONSE AND DISCLOSURE MODEL,docs/canon/candidates/MASTER_SECURITY_INCIDENT_RESPONSE_AND_DISCLOSURE_MODEL_V1_0.md,PROPOSED,PROPOSED_NOT_ADOPTED,EXCLUDED_PROPOSED,Excluded from controlling/supporting freeze because the source is proposed and not adopted.,Resolve or adopt through a later authorized guide-specific prompt before use as controlling authority.,NO,YES
CGP005-EXCL-0098,ES-CG-01,CGSRC-PROP-0020,"MASTER SECURITY, PRIVACY, AND TRUST MODEL",docs/canon/candidates/MASTER_SECURITY_PRIVACY_AND_TRUST_MODEL_V1_0.md,PROPOSED,PROPOSED_NOT_ADOPTED,EXCLUDED_PROPOSED,Excluded from controlling/supporting freeze because the source is proposed and not adopted.,Resolve or adopt through a later authorized guide-specific prompt before use as controlling authority.,NO,YES
CGP005-EXCL-0099,ES-CG-01,CGSRC-PROP-0021,MASTER EXTERNAL ARCHITECTURE AND ADAPTER MODEL,docs/canon/history/MASTER_EXTERNAL_ARCHITECTURE_AND_ADAPTER_MODEL_V2_0_ADOPTION_REVIEWED_CANDIDATE.md,PROPOSED,PROPOSED_NOT_ADOPTED,EXCLUDED_PROPOSED,Excluded from controlling/supporting freeze because the source is proposed and not adopted.,Resolve or adopt through a later authorized guide-specific prompt before use as controlling authority.,NO,YES
CGP005-EXCL-0100,ES-CG-01,CGSRC-PROP-0022,Master Financial Truth and Responsibility Model,docs/canon/history/MASTER_FINANCIAL_TRUTH_AND_RESPONSIBILITY_MODEL_V2_0_CANDIDATE.md,PROPOSED,PROPOSED_NOT_ADOPTED,EXCLUDED_PROPOSED,Excluded from controlling/supporting freeze because the source is proposed and not adopted.,Resolve or adopt through a later authorized guide-specific prompt before use as controlling authority.,NO,YES
CGP005-EXCL-0101,ES-CG-01,CGSRC-PROP-0023,MASTER HORSE TRANSFER AND CONTINUITY POLICY,docs/canon/history/MASTER_HORSE_TRANSFER_AND_CONTINUITY_POLICY_V2_0_CONTROLLED_CANDIDATE.md,PROPOSED,PROPOSED_NOT_ADOPTED,EXCLUDED_PROPOSED,Excluded from controlling/supporting freeze because the source is proposed and not adopted.,Resolve or adopt through a later authorized guide-specific prompt before use as controlling authority.,NO,YES
CGP005-EXCL-0102,ES-CG-01,CGSRC-PROP-0024,"MASTER AGREEMENT, CONSENT, AND AUTHORIZATION MODEL",docs/canon/history/agreement_consent_authorization_v2_0/MASTER_AGREEMENT_CONSENT_AND_AUTHORIZATION_MODEL_V2_0_HISTORICAL_SUPERSEDED_CANDIDATE.md,PROPOSED,PROPOSED_NOT_ADOPTED,EXCLUDED_PROPOSED,Excluded from controlling/supporting freeze because the source is proposed and not adopted.,Resolve or adopt through a later authorized guide-specific prompt before use as controlling authority.,NO,YES
CGP005-EXCL-0103,ES-CG-01,CGSRC-PROP-0025,MASTER AUDIT EVENT AND EVIDENCE MODEL,docs/canon/intake/MASTER_AUDIT_EVENT_AND_EVIDENCE_MODEL_V2_0_CANDIDATE_SOURCE.md,PROPOSED,PROPOSED_NOT_ADOPTED,EXCLUDED_PROPOSED,Excluded from controlling/supporting freeze because the source is proposed and not adopted.,Resolve or adopt through a later authorized guide-specific prompt before use as controlling authority.,NO,YES
CGP005-EXCL-0104,ES-CG-01,CGSRC-PROP-0026,"MASTER COMMUNICATION, NOTIFICATION, AND NOTICE MODEL",docs/canon/intake/MASTER_COMMUNICATION_NOTIFICATION_AND_NOTICE_MODEL_V2_0_CANDIDATE_SOURCE.md,PROPOSED,PROPOSED_NOT_ADOPTED,EXCLUDED_PROPOSED,Excluded from controlling/supporting freeze because the source is proposed and not adopted.,Resolve or adopt through a later authorized guide-specific prompt before use as controlling authority.,NO,YES
CGP005-EXCL-0105,ES-CG-01,CGSRC-PROP-0027,MASTER PRODUCT VISION,docs/canon/reviews/c0_004_master_product_vision_lifecycle_completion/source_event/MASTER_PRODUCT_VISION_V2_1_SUCCESSOR_CANDIDATE_ORIGINAL.md,PROPOSED,PROPOSED_NOT_ADOPTED,EXCLUDED_PROPOSED,Excluded from controlling/supporting freeze because the source is proposed and not adopted.,Resolve or adopt through a later authorized guide-specific prompt before use as controlling authority.,NO,YES
CGP005-EXCL-0106,ES-CG-01,CGSRC-PROP-0028,Equine Health Adoption Candidate Readiness Report,docs/canon/reviews/equine_health_founder_decision_reconciliation_v1_1/EQUINE_HEALTH_ADOPTION_CANDIDATE_READINESS_REPORT.md,PROPOSED,PROPOSED_NOT_ADOPTED,EXCLUDED_PROPOSED,Excluded from controlling/supporting freeze because the source is proposed and not adopted.,Resolve or adopt through a later authorized guide-specific prompt before use as controlling authority.,NO,YES
CGP005-EXCL-0107,ES-CG-01,CGSRC-PROP-0029,MASTER ANALYTICS FRAMEWORK,docs/canon/reviews/foundational_canon_source_certification_v1_0/source_event/six_reviewed_candidates/MASTER_ANALYTICS_FRAMEWORK_V2_0_REVIEWED_CANDIDATE.md,PROPOSED,PROPOSED_NOT_ADOPTED,EXCLUDED_PROPOSED,Excluded from controlling/supporting freeze because the source is proposed and not adopted.,Resolve or adopt through a later authorized guide-specific prompt before use as controlling authority.,NO,YES
CGP005-EXCL-0108,ES-CG-01,CGSRC-PROP-0030,MASTER BARN LIFECYCLE,docs/canon/reviews/foundational_canon_source_certification_v1_0/source_event/six_reviewed_candidates/MASTER_BARN_LIFECYCLE_V3_1_REVIEWED_CANDIDATE.md,PROPOSED,PROPOSED_NOT_ADOPTED,EXCLUDED_PROPOSED,Excluded from controlling/supporting freeze because the source is proposed and not adopted.,Resolve or adopt through a later authorized guide-specific prompt before use as controlling authority.,NO,YES
CGP005-EXCL-0109,ES-CG-01,CGSRC-PROP-0031,MASTER BUSINESS LIFECYCLE,docs/canon/reviews/foundational_canon_source_certification_v1_0/source_event/six_reviewed_candidates/MASTER_BUSINESS_LIFECYCLE_V2_1_REVIEWED_CANDIDATE.md,PROPOSED,PROPOSED_NOT_ADOPTED,EXCLUDED_PROPOSED,Excluded from controlling/supporting freeze because the source is proposed and not adopted.,Resolve or adopt through a later authorized guide-specific prompt before use as controlling authority.,NO,YES
CGP005-EXCL-0110,ES-CG-01,CGSRC-PROP-0032,MASTER ECOSYSTEM MODEL,docs/canon/reviews/foundational_canon_source_certification_v1_0/source_event/six_reviewed_candidates/MASTER_ECOSYSTEM_MODEL_V2_1_REVIEWED_CANDIDATE.md,PROPOSED,PROPOSED_NOT_ADOPTED,EXCLUDED_PROPOSED,Excluded from controlling/supporting freeze because the source is proposed and not adopted.,Resolve or adopt through a later authorized guide-specific prompt before use as controlling authority.,NO,YES
CGP005-EXCL-0111,ES-CG-01,CGSRC-PROP-0033,MASTER FACILITY DOMAIN MODEL,docs/canon/reviews/foundational_canon_source_certification_v1_0/source_event/six_reviewed_candidates/MASTER_FACILITY_DOMAIN_MODEL_V2_1_REVIEWED_CANDIDATE.md,PROPOSED,PROPOSED_NOT_ADOPTED,EXCLUDED_PROPOSED,Excluded from controlling/supporting freeze because the source is proposed and not adopted.,Resolve or adopt through a later authorized guide-specific prompt before use as controlling authority.,NO,YES
CGP005-EXCL-0112,ES-CG-01,CGSRC-PROP-0034,MASTER HORSE LIFECYCLE,docs/canon/reviews/foundational_canon_source_certification_v1_0/source_event/six_reviewed_candidates/MASTER_HORSE_LIFECYCLE_V3_1_REVIEWED_CANDIDATE.md,PROPOSED,PROPOSED_NOT_ADOPTED,EXCLUDED_PROPOSED,Excluded from controlling/supporting freeze because the source is proposed and not adopted.,Resolve or adopt through a later authorized guide-specific prompt before use as controlling authority.,NO,YES
CGP005-EXCL-0113,ES-CG-01,CGSRC-PROP-0035,"Identity, Account, and Actor V2.0 Canon Index Proposal",docs/canon/reviews/foundational_gap_closure/A_IDENTITY_ACTOR/A_IDENTITY_ACTOR_CANON_INDEX_PROPOSAL.md,PROPOSED,PROPOSED_NOT_ADOPTED,EXCLUDED_PROPOSED,Excluded from controlling/supporting freeze because the source is proposed and not adopted.,Resolve or adopt through a later authorized guide-specific prompt before use as controlling authority.,NO,YES
CGP005-EXCL-0114,ES-CG-01,CGSRC-PROP-0036,"Identity, Account, and Actor V2.0 Proposed Adoption Report",docs/canon/reviews/foundational_gap_closure/A_IDENTITY_ACTOR/A_IDENTITY_ACTOR_PROPOSED_ADOPTION_REPORT.md,PROPOSED,PROPOSED_NOT_ADOPTED,EXCLUDED_PROPOSED,Excluded from controlling/supporting freeze because the source is proposed and not adopted.,Resolve or adopt through a later authorized guide-specific prompt before use as controlling authority.,NO,YES
CGP005-EXCL-0115,ES-CG-01,CGSRC-PROP-0037,"Identity, Account, and Actor V2.0 Adoption Dependency Registry Proposal",docs/canon/reviews/foundational_gap_closure/A_IDENTITY_ACTOR/IDENTITY_ACTOR_V2_ADOPTION_DEPENDENCY_REGISTRY_PROPOSAL.md,PROPOSED,PROPOSED_NOT_ADOPTED,EXCLUDED_PROPOSED,Excluded from controlling/supporting freeze because the source is proposed and not adopted.,Resolve or adopt through a later authorized guide-specific prompt before use as controlling authority.,NO,YES
CGP005-EXCL-0116,ES-CG-01,CGSRC-PROP-0038,"Agreement, Consent, and Authorization V2.0 Canon Index Proposal",docs/canon/reviews/foundational_gap_closure/B_AGREEMENT_CONSENT/B_AGREEMENT_CONSENT_CANON_INDEX_PROPOSAL.md,PROPOSED,PROPOSED_NOT_ADOPTED,EXCLUDED_PROPOSED,Excluded from controlling/supporting freeze because the source is proposed and not adopted.,Resolve or adopt through a later authorized guide-specific prompt before use as controlling authority.,NO,YES
CGP005-EXCL-0117,ES-CG-01,CGSRC-PROP-0039,"Agreement, Consent, and Authorization V2.0 Proposed Adoption Report",docs/canon/reviews/foundational_gap_closure/B_AGREEMENT_CONSENT/B_AGREEMENT_CONSENT_PROPOSED_ADOPTION_REPORT.md,PROPOSED,PROPOSED_NOT_ADOPTED,EXCLUDED_PROPOSED,Excluded from controlling/supporting freeze because the source is proposed and not adopted.,Resolve or adopt through a later authorized guide-specific prompt before use as controlling authority.,NO,YES
CGP005-EXCL-0118,ES-CG-01,CGSRC-PROP-0040,Audit Event and Evidence V2.0 Canon Index Proposal,docs/canon/reviews/foundational_gap_closure/C_AUDIT_EVIDENCE/C_AUDIT_EVIDENCE_CANON_INDEX_PROPOSAL.md,PROPOSED,PROPOSED_NOT_ADOPTED,EXCLUDED_PROPOSED,Excluded from controlling/supporting freeze because the source is proposed and not adopted.,Resolve or adopt through a later authorized guide-specific prompt before use as controlling authority.,NO,YES
CGP005-EXCL-0119,ES-CG-01,CGSRC-PROP-0041,Audit Event and Evidence V2.0 Proposed Adoption Report,docs/canon/reviews/foundational_gap_closure/C_AUDIT_EVIDENCE/C_AUDIT_EVIDENCE_PROPOSED_ADOPTION_REPORT.md,PROPOSED,PROPOSED_NOT_ADOPTED,EXCLUDED_PROPOSED,Excluded from controlling/supporting freeze because the source is proposed and not adopted.,Resolve or adopt through a later authorized guide-specific prompt before use as controlling authority.,NO,YES
CGP005-EXCL-0120,ES-CG-01,CGSRC-PROP-0042,"Communication, Notification, and Notice V2.0 Canon Index Proposal",docs/canon/reviews/foundational_gap_closure/D_COMMUNICATION_NOTICE/D_COMMUNICATION_NOTICE_CANON_INDEX_PROPOSAL.md,PROPOSED,PROPOSED_NOT_ADOPTED,EXCLUDED_PROPOSED,Excluded from controlling/supporting freeze because the source is proposed and not adopted.,Resolve or adopt through a later authorized guide-specific prompt before use as controlling authority.,NO,YES
CGP005-EXCL-0121,ES-CG-01,CGSRC-PROP-0043,"Communication, Notification, and Notice V2.0 Proposed Adoption Report",docs/canon/reviews/foundational_gap_closure/D_COMMUNICATION_NOTICE/D_COMMUNICATION_NOTICE_PROPOSED_ADOPTION_REPORT.md,PROPOSED,PROPOSED_NOT_ADOPTED,EXCLUDED_PROPOSED,Excluded from controlling/supporting freeze because the source is proposed and not adopted.,Resolve or adopt through a later authorized guide-specific prompt before use as controlling authority.,NO,YES
CGP005-EXCL-0122,ES-CG-01,CGSRC-PROP-0044,"Platform Operations, Reliability, and Release V2.0 Canon Index Proposal",docs/canon/reviews/foundational_gap_closure/E_PLATFORM_RELIABILITY/E_PLATFORM_RELIABILITY_CANON_INDEX_PROPOSAL.md,PROPOSED,PROPOSED_NOT_ADOPTED,EXCLUDED_PROPOSED,Excluded from controlling/supporting freeze because the source is proposed and not adopted.,Resolve or adopt through a later authorized guide-specific prompt before use as controlling authority.,NO,YES
CGP005-EXCL-0123,ES-CG-01,CGSRC-PROP-0045,"Platform Operations, Reliability, and Release V2.0 Proposed Adoption Report",docs/canon/reviews/foundational_gap_closure/E_PLATFORM_RELIABILITY/E_PLATFORM_RELIABILITY_PROPOSED_ADOPTION_REPORT.md,PROPOSED,PROPOSED_NOT_ADOPTED,EXCLUDED_PROPOSED,Excluded from controlling/supporting freeze because the source is proposed and not adopted.,Resolve or adopt through a later authorized guide-specific prompt before use as controlling authority.,NO,YES
CGP005-EXCL-0124,ES-CG-01,CGSRC-PROP-0046,External Architecture and Adapter V2.0 Canon Index Proposal,docs/canon/reviews/foundational_gap_closure/F_EXTERNAL_ADAPTERS/F_EXTERNAL_ADAPTERS_CANON_INDEX_PROPOSAL.md,PROPOSED,PROPOSED_NOT_ADOPTED,EXCLUDED_PROPOSED,Excluded from controlling/supporting freeze because the source is proposed and not adopted.,Resolve or adopt through a later authorized guide-specific prompt before use as controlling authority.,NO,YES
CGP005-EXCL-0125,ES-CG-01,CGSRC-PROP-0047,External Architecture and Adapter V2.0 Adoption Status Report,docs/canon/reviews/foundational_gap_closure/F_EXTERNAL_ADAPTERS/F_EXTERNAL_ADAPTERS_PROPOSED_ADOPTION_REPORT.md,PROPOSED,PROPOSED_NOT_ADOPTED,EXCLUDED_PROPOSED,Excluded from controlling/supporting freeze because the source is proposed and not adopted.,Resolve or adopt through a later authorized guide-specific prompt before use as controlling authority.,NO,YES
CGP005-EXCL-0126,ES-CG-01,CGSRC-PROP-0048,Financial Truth and Responsibility V2.0 Canon Index Proposal,docs/canon/reviews/foundational_gap_closure/G_FINANCIAL_TRUTH/G_FINANCIAL_TRUTH_CANON_INDEX_PROPOSAL.md,PROPOSED,PROPOSED_NOT_ADOPTED,EXCLUDED_PROPOSED,Excluded from controlling/supporting freeze because the source is proposed and not adopted.,Resolve or adopt through a later authorized guide-specific prompt before use as controlling authority.,NO,YES
CGP005-EXCL-0127,ES-CG-01,CGSRC-PROP-0049,Financial Truth and Responsibility V2.0 Proposed Adoption Report,docs/canon/reviews/foundational_gap_closure/G_FINANCIAL_TRUTH/G_FINANCIAL_TRUTH_PROPOSED_ADOPTION_REPORT.md,PROPOSED,PROPOSED_NOT_ADOPTED,EXCLUDED_PROPOSED,Excluded from controlling/supporting freeze because the source is proposed and not adopted.,Resolve or adopt through a later authorized guide-specific prompt before use as controlling authority.,NO,YES
CGP005-EXCL-0128,ES-CG-01,CGSRC-PROP-0050,Global Companion Artifact Adoption Candidate Manifest.Json,docs/canon/reviews/global_companion_reconciliation_v1_0/phase_g10_g11/GLOBAL_COMPANION_ARTIFACT_ADOPTION_CANDIDATE_MANIFEST.json,PROPOSED,PROPOSED_NOT_ADOPTED,EXCLUDED_PROPOSED,Excluded from controlling/supporting freeze because the source is proposed and not adopted.,Resolve or adopt through a later authorized guide-specific prompt before use as controlling authority.,NO,YES
CGP005-EXCL-0129,ES-CG-01,CGSRC-PROP-0051,Global Companion Artifact Adoption Candidate Manifest,docs/canon/reviews/global_companion_reconciliation_v1_0/phase_g10_g11/GLOBAL_COMPANION_ARTIFACT_ADOPTION_CANDIDATE_MANIFEST.md,PROPOSED,PROPOSED_NOT_ADOPTED,EXCLUDED_PROPOSED,Excluded from controlling/supporting freeze because the source is proposed and not adopted.,Resolve or adopt through a later authorized guide-specific prompt before use as controlling authority.,NO,YES
CGP005-EXCL-0130,ES-CG-01,CGSRC-PROP-0052,AI V2.0 Controlling Source Candidate Determination,docs/canon/reviews/governance_v1_0_ai_reconciliation/resumption_exact_source/phase_r1/AI_V2_0_CONTROLLING_SOURCE_CANDIDATE_DETERMINATION.md,PROPOSED,PROPOSED_NOT_ADOPTED,EXCLUDED_PROPOSED,Excluded from controlling/supporting freeze because the source is proposed and not adopted.,Resolve or adopt through a later authorized guide-specific prompt before use as controlling authority.,NO,YES
CGP005-EXCL-0131,ES-CG-01,CGSRC-PROP-0053,AI V2.0 Source Candidate Comparison Report,docs/canon/reviews/governance_v1_0_ai_reconciliation/resumption_exact_source/phase_r1/AI_V2_0_SOURCE_CANDIDATE_COMPARISON_REPORT.md,PROPOSED,PROPOSED_NOT_ADOPTED,EXCLUDED_PROPOSED,Excluded from controlling/supporting freeze because the source is proposed and not adopted.,Resolve or adopt through a later authorized guide-specific prompt before use as controlling authority.,NO,YES
CGP005-EXCL-0132,ES-CG-01,CGSRC-PROP-0054,Ai V2 0 Source Candidate Hash Matrix.Json,docs/canon/reviews/governance_v1_0_ai_reconciliation/resumption_exact_source/phase_r1/AI_V2_0_SOURCE_CANDIDATE_HASH_MATRIX.json,PROPOSED,PROPOSED_NOT_ADOPTED,EXCLUDED_PROPOSED,Excluded from controlling/supporting freeze because the source is proposed and not adopted.,Resolve or adopt through a later authorized guide-specific prompt before use as controlling authority.,NO,YES
CGP005-EXCL-0133,ES-CG-01,CGSRC-PROP-0055,"Master Media, Files, and Digital Asset Governance V1.2 Candidate Review",docs/canon/reviews/media_files_digital_assets_v1_2/MASTER_MEDIA_FILES_AND_DIGITAL_ASSET_V1_2_CANDIDATE_REVIEW.md,PROPOSED,PROPOSED_NOT_ADOPTED,EXCLUDED_PROPOSED,Excluded from controlling/supporting freeze because the source is proposed and not adopted.,Resolve or adopt through a later authorized guide-specific prompt before use as controlling authority.,NO,YES
CGP005-EXCL-0134,ES-CG-01,CGSRC-PROP-0056,Next Phase Dependency Registry Proposal,docs/canon/reviews/next_phase_governance/NEXT_PHASE_DEPENDENCY_REGISTRY_PROPOSAL.md,PROPOSED,PROPOSED_NOT_ADOPTED,EXCLUDED_PROPOSED,Excluded from controlling/supporting freeze because the source is proposed and not adopted.,Resolve or adopt through a later authorized guide-specific prompt before use as controlling authority.,NO,YES
CGP005-EXCL-0135,ES-CG-01,CGSRC-PROP-0057,Next Phase Governance Progression Proposal,docs/canon/reviews/next_phase_governance/NEXT_PHASE_GOVERNANCE_PROGRESSION_PROPOSAL.md,PROPOSED,PROPOSED_NOT_ADOPTED,EXCLUDED_PROPOSED,Excluded from controlling/supporting freeze because the source is proposed and not adopted.,Resolve or adopt through a later authorized guide-specific prompt before use as controlling authority.,NO,YES
CGP005-EXCL-0136,ES-CG-01,CGSRC-PROP-0058,Next Workstream Candidate Ranking,docs/canon/reviews/next_phase_governance/NEXT_WORKSTREAM_CANDIDATE_RANKING.md,PROPOSED,PROPOSED_NOT_ADOPTED,EXCLUDED_PROPOSED,Excluded from controlling/supporting freeze because the source is proposed and not adopted.,Resolve or adopt through a later authorized guide-specific prompt before use as controlling authority.,NO,YES
CGP005-EXCL-0137,ES-CG-01,CGSRC-PROP-0059,Safeguarding V1 2 Adoption Candidate Review Data.Json,docs/canon/reviews/parallel_safeguarding_companion_reconciliation_v1_0/adoption_candidate_review/SAFEGUARDING_V1_2_ADOPTION_CANDIDATE_REVIEW_DATA.json,PROPOSED,PROPOSED_NOT_ADOPTED,EXCLUDED_PROPOSED,Excluded from controlling/supporting freeze because the source is proposed and not adopted.,Resolve or adopt through a later authorized guide-specific prompt before use as controlling authority.,NO,YES
CGP005-EXCL-0138,ES-CG-01,CGSRC-PROP-0060,Safeguarding V1.2 AI Reconciliation,docs/canon/reviews/parallel_safeguarding_companion_reconciliation_v1_0/adoption_candidate_review/SAFEGUARDING_V1_2_AI_RECONCILIATION.md,PROPOSED,PROPOSED_NOT_ADOPTED,EXCLUDED_PROPOSED,Excluded from controlling/supporting freeze because the source is proposed and not adopted.,Resolve or adopt through a later authorized guide-specific prompt before use as controlling authority.,NO,YES
CGP005-EXCL-0139,ES-CG-01,CGSRC-PROP-0061,Safeguarding V1.2 Cross-Canon Reference Report,docs/canon/reviews/parallel_safeguarding_companion_reconciliation_v1_0/adoption_candidate_review/SAFEGUARDING_V1_2_CROSS_CANON_REFERENCE_REPORT.md,PROPOSED,PROPOSED_NOT_ADOPTED,EXCLUDED_PROPOSED,Excluded from controlling/supporting freeze because the source is proposed and not adopted.,Resolve or adopt through a later authorized guide-specific prompt before use as controlling authority.,NO,YES
CGP005-EXCL-0140,ES-CG-01,CGSRC-PROP-0062,Safeguarding V1.2 Decision-to-Section Traceability,docs/canon/reviews/parallel_safeguarding_companion_reconciliation_v1_0/adoption_candidate_review/SAFEGUARDING_V1_2_DECISION_TO_SECTION_TRACEABILITY.md,PROPOSED,PROPOSED_NOT_ADOPTED,EXCLUDED_PROPOSED,Excluded from controlling/supporting freeze because the source is proposed and not adopted.,Resolve or adopt through a later authorized guide-specific prompt before use as controlling authority.,NO,YES
CGP005-EXCL-0141,ES-CG-01,CGSRC-PROP-0063,Safeguarding V1.2 Equine Health Reconciliation,docs/canon/reviews/parallel_safeguarding_companion_reconciliation_v1_0/adoption_candidate_review/SAFEGUARDING_V1_2_EQUINE_HEALTH_RECONCILIATION.md,PROPOSED,PROPOSED_NOT_ADOPTED,EXCLUDED_PROPOSED,Excluded from controlling/supporting freeze because the source is proposed and not adopted.,Resolve or adopt through a later authorized guide-specific prompt before use as controlling authority.,NO,YES
CGP005-EXCL-0142,ES-CG-01,CGSRC-PROP-0064,Safeguarding V1.2 Requirement-to-Section Traceability,docs/canon/reviews/parallel_safeguarding_companion_reconciliation_v1_0/adoption_candidate_review/SAFEGUARDING_V1_2_REQUIREMENT_TO_SECTION_TRACEABILITY.md,PROPOSED,PROPOSED_NOT_ADOPTED,EXCLUDED_PROPOSED,Excluded from controlling/supporting freeze because the source is proposed and not adopted.,Resolve or adopt through a later authorized guide-specific prompt before use as controlling authority.,NO,YES
CGP005-EXCL-0143,ES-CG-01,CGSRC-PROP-0065,Safeguarding V1.2 Section Disposition History,docs/canon/reviews/parallel_safeguarding_companion_reconciliation_v1_0/adoption_candidate_review/SAFEGUARDING_V1_2_SECTION_DISPOSITION_HISTORY.md,PROPOSED,PROPOSED_NOT_ADOPTED,EXCLUDED_PROPOSED,Excluded from controlling/supporting freeze because the source is proposed and not adopted.,Resolve or adopt through a later authorized guide-specific prompt before use as controlling authority.,NO,YES
CGP005-EXCL-0144,ES-CG-01,CGSRC-PROP-0066,Safeguarding V1.2 Source and Version Manifest,docs/canon/reviews/parallel_safeguarding_companion_reconciliation_v1_0/adoption_candidate_review/SAFEGUARDING_V1_2_SOURCE_AND_VERSION_MANIFEST.md,PROPOSED,PROPOSED_NOT_ADOPTED,EXCLUDED_PROPOSED,Excluded from controlling/supporting freeze because the source is proposed and not adopted.,Resolve or adopt through a later authorized guide-specific prompt before use as controlling authority.,NO,YES
CGP005-EXCL-0145,ES-CG-01,CGSRC-PROP-0067,Safeguarding V1.2 Validation Report,docs/canon/reviews/parallel_safeguarding_companion_reconciliation_v1_0/adoption_candidate_review/SAFEGUARDING_V1_2_VALIDATION_REPORT.md,PROPOSED,PROPOSED_NOT_ADOPTED,EXCLUDED_PROPOSED,Excluded from controlling/supporting freeze because the source is proposed and not adopted.,Resolve or adopt through a later authorized guide-specific prompt before use as controlling authority.,NO,YES
CGP005-EXCL-0146,ES-CG-01,CGSRC-PROP-0068,FOUNDER CONFIRMATION DIRECTIVE,docs/canon/reviews/parallel_safeguarding_companion_reconciliation_v1_0/founder_confirmation/EQUINESYNC_SAFEGUARDING_FOUNDER_CONFIRMATION_POLICY_RESOLUTION_AND_ADOPTION_CANDIDATE_AUTHORIZATION.md,PROPOSED,PROPOSED_NOT_ADOPTED,EXCLUDED_PROPOSED,Excluded from controlling/supporting freeze because the source is proposed and not adopted.,Resolve or adopt through a later authorized guide-specific prompt before use as controlling authority.,NO,YES
CGP005-EXCL-0147,ES-CG-01,CGSRC-PROP-0069,"date: ""July 15, 2026""",docs/canon/reviews/parallel_safeguarding_companion_reconciliation_v1_0/subordinate/SAFEGUARDING_CONSTITUTIONAL_TEST_CATALOG_V1_0_CANDIDATE.md,PROPOSED,PROPOSED_NOT_ADOPTED,EXCLUDED_PROPOSED,Excluded from controlling/supporting freeze because the source is proposed and not adopted.,Resolve or adopt through a later authorized guide-specific prompt before use as controlling authority.,NO,YES
CGP005-EXCL-0148,ES-CG-01,CGSRC-PROP-0070,"date: ""July 15, 2026""",docs/canon/reviews/parallel_safeguarding_companion_reconciliation_v1_0/subordinate/SAFEGUARDING_IMPLEMENTATION_READINESS_STANDARD_V1_0_CANDIDATE.md,PROPOSED,PROPOSED_NOT_ADOPTED,EXCLUDED_PROPOSED,Excluded from controlling/supporting freeze because the source is proposed and not adopted.,Resolve or adopt through a later authorized guide-specific prompt before use as controlling authority.,NO,YES
CGP005-EXCL-0149,ES-CG-13,CGSRC-BLOCK-0001,Canon review package: drafting_equine_health_welfare_medical_v1_0,docs/canon/reviews/drafting_equine_health_welfare_medical_v1_0,BLOCKED,BLOCKED_OR_CONDITIONAL,EXCLUDED_BLOCKED,Excluded from controlling/supporting freeze because the source is blocked or conditional.,Resolve or adopt through a later authorized guide-specific prompt before use as controlling authority.,NO,YES
CGP005-EXCL-0150,ES-CG-13,CGSRC-BLOCK-0002,Canon review package: drafting_minor_guardianship_safeguarding_v1_0,docs/canon/reviews/drafting_minor_guardianship_safeguarding_v1_0,BLOCKED,BLOCKED_OR_CONDITIONAL,EXCLUDED_BLOCKED,Excluded from controlling/supporting freeze because the source is blocked or conditional.,Resolve or adopt through a later authorized guide-specific prompt before use as controlling authority.,NO,YES
CGP005-EXCL-0151,ES-CG-13,CGSRC-BLOCK-0003,Canon review package: foundational_gap_closure,docs/canon/reviews/foundational_gap_closure,BLOCKED,BLOCKED_OR_CONDITIONAL,EXCLUDED_BLOCKED,Excluded from controlling/supporting freeze because the source is blocked or conditional.,Resolve or adopt through a later authorized guide-specific prompt before use as controlling authority.,NO,YES
CGP005-EXCL-0152,ES-CG-13,CGSRC-BLOCK-0004,Canon review package: stage0_c0_classification_correction,docs/canon/reviews/stage0_c0_classification_correction,BLOCKED,BLOCKED_OR_CONDITIONAL,EXCLUDED_BLOCKED,Excluded from controlling/supporting freeze because the source is blocked or conditional.,Resolve or adopt through a later authorized guide-specific prompt before use as controlling authority.,NO,YES
CGP005-EXCL-0153,ES-CG-13,CGSRC-PROP-0001,Master Relationship Model Proposed Corrections,docs/canon/MASTER_RELATIONSHIP_MODEL_PROPOSED_CORRECTIONS.md,PROPOSED,PROPOSED_NOT_ADOPTED,EXCLUDED_PROPOSED,Excluded from controlling/supporting freeze because the source is proposed and not adopted.,Resolve or adopt through a later authorized guide-specific prompt before use as controlling authority.,NO,YES
CGP005-EXCL-0154,ES-CG-13,CGSRC-PROP-0002,Master Relationship Model v2.0 Canon Index Proposal,docs/canon/MASTER_RELATIONSHIP_MODEL_V2_0_CANON_INDEX_PROPOSAL.md,PROPOSED,PROPOSED_NOT_ADOPTED,EXCLUDED_PROPOSED,Excluded from controlling/supporting freeze because the source is proposed and not adopted.,Resolve or adopt through a later authorized guide-specific prompt before use as controlling authority.,NO,YES
CGP005-EXCL-0155,ES-CG-13,CGSRC-PROP-0003,Master Relationship Model v2.0 Dependency Proposals,docs/canon/MASTER_RELATIONSHIP_MODEL_V2_0_DEPENDENCY_PROPOSALS.md,PROPOSED,PROPOSED_NOT_ADOPTED,EXCLUDED_PROPOSED,Excluded from controlling/supporting freeze because the source is proposed and not adopted.,Resolve or adopt through a later authorized guide-specific prompt before use as controlling authority.,NO,YES
CGP005-EXCL-0156,ES-CG-13,CGSRC-PROP-0004,MASTER RELATIONSHIP MODEL - VERSION 2.0 FINAL CANDIDATE,docs/canon/MASTER_RELATIONSHIP_MODEL_V2_0_FINAL_CANDIDATE.md,PROPOSED,PROPOSED_NOT_ADOPTED,EXCLUDED_PROPOSED,Excluded from controlling/supporting freeze because the source is proposed and not adopted.,Resolve or adopt through a later authorized guide-specific prompt before use as controlling authority.,NO,YES
CGP005-EXCL-0157,ES-CG-13,CGSRC-PROP-0005,"MASTER AGREEMENT, CONSENT, AND AUTHORIZATION MODEL",docs/canon/candidates/MASTER_AGREEMENT_CONSENT_AND_AUTHORIZATION_MODEL_V2_0.md,PROPOSED,PROPOSED_NOT_ADOPTED,EXCLUDED_PROPOSED,Excluded from controlling/supporting freeze because the source is proposed and not adopted.,Resolve or adopt through a later authorized guide-specific prompt before use as controlling authority.,NO,YES
CGP005-EXCL-0158,ES-CG-13,CGSRC-PROP-0006,MASTER AUDIT EVENT AND EVIDENCE MODEL,docs/canon/candidates/MASTER_AUDIT_EVENT_AND_EVIDENCE_MODEL_V2_0_FOUNDER_APPROVED.md,PROPOSED,PROPOSED_NOT_ADOPTED,EXCLUDED_PROPOSED,Excluded from controlling/supporting freeze because the source is proposed and not adopted.,Resolve or adopt through a later authorized guide-specific prompt before use as controlling authority.,NO,YES
CGP005-EXCL-0159,ES-CG-13,CGSRC-PROP-0007,"MASTER COMMUNICATION, NOTIFICATION, AND NOTICE MODEL",docs/canon/candidates/MASTER_COMMUNICATION_NOTIFICATION_AND_NOTICE_MODEL_V2_0_FOUNDER_APPROVED.md,PROPOSED,PROPOSED_NOT_ADOPTED,EXCLUDED_PROPOSED,Excluded from controlling/supporting freeze because the source is proposed and not adopted.,Resolve or adopt through a later authorized guide-specific prompt before use as controlling authority.,NO,YES
CGP005-EXCL-0160,ES-CG-13,CGSRC-PROP-0008,"MASTER DATA PROTECTION, ENCRYPTION, AND KEY MANAGEMENT MODEL",docs/canon/candidates/MASTER_DATA_PROTECTION_ENCRYPTION_AND_KEY_MANAGEMENT_MODEL_V1_0.md,PROPOSED,PROPOSED_NOT_ADOPTED,EXCLUDED_PROPOSED,Excluded from controlling/supporting freeze because the source is proposed and not adopted.,Resolve or adopt through a later authorized guide-specific prompt before use as controlling authority.,NO,YES
CGP005-EXCL-0161,ES-CG-13,CGSRC-PROP-0009,"Master Equine Health, Welfare, Medical Record, and Clinical Support Model V1.1",docs/canon/candidates/MASTER_EQUINE_HEALTH_WELFARE_MEDICAL_RECORD_AND_CLINICAL_SUPPORT_MODEL_V1_1_RECONCILED_ADOPTION_CANDIDATE.md,PROPOSED,PROPOSED_NOT_ADOPTED,EXCLUDED_PROPOSED,Excluded from controlling/supporting freeze because the source is proposed and not adopted.,Resolve or adopt through a later authorized guide-specific prompt before use as controlling authority.,NO,YES
CGP005-EXCL-0162,ES-CG-13,CGSRC-PROP-0010,MASTER EXTERNAL ARCHITECTURE AND ADAPTER MODEL,docs/canon/candidates/MASTER_EXTERNAL_ARCHITECTURE_AND_ADAPTER_MODEL_V2_0.md,PROPOSED,PROPOSED_NOT_ADOPTED,EXCLUDED_PROPOSED,Excluded from controlling/supporting freeze because the source is proposed and not adopted.,Resolve or adopt through a later authorized guide-specific prompt before use as controlling authority.,NO,YES
CGP005-EXCL-0163,ES-CG-13,CGSRC-PROP-0011,Master Financial Truth and Responsibility Model,docs/canon/candidates/MASTER_FINANCIAL_TRUTH_AND_RESPONSIBILITY_MODEL_V2_0.md,PROPOSED,PROPOSED_NOT_ADOPTED,EXCLUDED_PROPOSED,Excluded from controlling/supporting freeze because the source is proposed and not adopted.,Resolve or adopt through a later authorized guide-specific prompt before use as controlling authority.,NO,YES
CGP005-EXCL-0164,ES-CG-13,CGSRC-PROP-0012,"MASTER IDENTITY, ACCOUNT, AND ACTOR MODEL",docs/canon/candidates/MASTER_IDENTITY_ACCOUNT_AND_ACTOR_MODEL_V2_0.md,PROPOSED,PROPOSED_NOT_ADOPTED,EXCLUDED_PROPOSED,Excluded from controlling/supporting freeze because the source is proposed and not adopted.,Resolve or adopt through a later authorized guide-specific prompt before use as controlling authority.,NO,YES
CGP005-EXCL-0165,ES-CG-13,CGSRC-PROP-0013,"MASTER MEDIA, FILES, AND DIGITAL ASSET GOVERNANCE MODEL",docs/canon/candidates/MASTER_MEDIA_FILES_AND_DIGITAL_ASSET_GOVERNANCE_MODEL_V1_0.md,PROPOSED,PROPOSED_NOT_ADOPTED,EXCLUDED_PROPOSED,Excluded from controlling/supporting freeze because the source is proposed and not adopted.,Resolve or adopt through a later authorized guide-specific prompt before use as controlling authority.,NO,YES
CGP005-EXCL-0166,ES-CG-13,CGSRC-PROP-0014,"MASTER MEDIA, FILES, AND DIGITAL ASSET GOVERNANCE MODEL",docs/canon/candidates/MASTER_MEDIA_FILES_AND_DIGITAL_ASSET_GOVERNANCE_MODEL_V1_1.md,PROPOSED,PROPOSED_NOT_ADOPTED,EXCLUDED_PROPOSED,Excluded from controlling/supporting freeze because the source is proposed and not adopted.,Resolve or adopt through a later authorized guide-specific prompt before use as controlling authority.,NO,YES
CGP005-EXCL-0167,ES-CG-13,CGSRC-PROP-0015,"MASTER MEDIA, FILES, AND DIGITAL ASSET GOVERNANCE MODEL",docs/canon/candidates/MASTER_MEDIA_FILES_AND_DIGITAL_ASSET_GOVERNANCE_MODEL_V1_2.md,PROPOSED,PROPOSED_NOT_ADOPTED,EXCLUDED_PROPOSED,Excluded from controlling/supporting freeze because the source is proposed and not adopted.,Resolve or adopt through a later authorized guide-specific prompt before use as controlling authority.,NO,YES
CGP005-EXCL-0168,ES-CG-13,CGSRC-PROP-0016,"title: ""MASTER MINOR, GUARDIANSHIP, SAFEGUARDING, AND PROTECTED PARTICIPANT MODEL V1.2""",docs/canon/candidates/MASTER_MINOR_GUARDIANSHIP_SAFEGUARDING_AND_PROTECTED_PARTICIPANT_MODEL_V1_2_RECONCILED_ADOPTION_CANDIDATE.md,PROPOSED,PROPOSED_NOT_ADOPTED,EXCLUDED_PROPOSED,Excluded from controlling/supporting freeze because the source is proposed and not adopted.,Resolve or adopt through a later authorized guide-specific prompt before use as controlling authority.,NO,YES
CGP005-EXCL-0169,ES-CG-13,CGSRC-PROP-0017,"MASTER PLATFORM OPERATIONS, RELIABILITY, AND RELEASE MODEL",docs/canon/candidates/MASTER_PLATFORM_OPERATIONS_RELIABILITY_AND_RELEASE_MODEL_V2_0.md,PROPOSED,PROPOSED_NOT_ADOPTED,EXCLUDED_PROPOSED,Excluded from controlling/supporting freeze because the source is proposed and not adopted.,Resolve or adopt through a later authorized guide-specific prompt before use as controlling authority.,NO,YES
CGP005-EXCL-0170,ES-CG-13,CGSRC-PROP-0018,"MASTER PLATFORM RESILIENCE, BACKUP, AND RECOVERY OPERATIONAL MODEL",docs/canon/candidates/MASTER_PLATFORM_RESILIENCE_BACKUP_AND_RECOVERY_OPERATIONAL_MODEL_V1_0.md,PROPOSED,PROPOSED_NOT_ADOPTED,EXCLUDED_PROPOSED,Excluded from controlling/supporting freeze because the source is proposed and not adopted.,Resolve or adopt through a later authorized guide-specific prompt before use as controlling authority.,NO,YES
CGP005-EXCL-0171,ES-CG-13,CGSRC-PROP-0019,MASTER SECURITY INCIDENT RESPONSE AND DISCLOSURE MODEL,docs/canon/candidates/MASTER_SECURITY_INCIDENT_RESPONSE_AND_DISCLOSURE_MODEL_V1_0.md,PROPOSED,PROPOSED_NOT_ADOPTED,EXCLUDED_PROPOSED,Excluded from controlling/supporting freeze because the source is proposed and not adopted.,Resolve or adopt through a later authorized guide-specific prompt before use as controlling authority.,NO,YES
CGP005-EXCL-0172,ES-CG-13,CGSRC-PROP-0020,"MASTER SECURITY, PRIVACY, AND TRUST MODEL",docs/canon/candidates/MASTER_SECURITY_PRIVACY_AND_TRUST_MODEL_V1_0.md,PROPOSED,PROPOSED_NOT_ADOPTED,EXCLUDED_PROPOSED,Excluded from controlling/supporting freeze because the source is proposed and not adopted.,Resolve or adopt through a later authorized guide-specific prompt before use as controlling authority.,NO,YES
CGP005-EXCL-0173,ES-CG-13,CGSRC-PROP-0021,MASTER EXTERNAL ARCHITECTURE AND ADAPTER MODEL,docs/canon/history/MASTER_EXTERNAL_ARCHITECTURE_AND_ADAPTER_MODEL_V2_0_ADOPTION_REVIEWED_CANDIDATE.md,PROPOSED,PROPOSED_NOT_ADOPTED,EXCLUDED_PROPOSED,Excluded from controlling/supporting freeze because the source is proposed and not adopted.,Resolve or adopt through a later authorized guide-specific prompt before use as controlling authority.,NO,YES
CGP005-EXCL-0174,ES-CG-13,CGSRC-PROP-0022,Master Financial Truth and Responsibility Model,docs/canon/history/MASTER_FINANCIAL_TRUTH_AND_RESPONSIBILITY_MODEL_V2_0_CANDIDATE.md,PROPOSED,PROPOSED_NOT_ADOPTED,EXCLUDED_PROPOSED,Excluded from controlling/supporting freeze because the source is proposed and not adopted.,Resolve or adopt through a later authorized guide-specific prompt before use as controlling authority.,NO,YES
CGP005-EXCL-0175,ES-CG-13,CGSRC-PROP-0023,MASTER HORSE TRANSFER AND CONTINUITY POLICY,docs/canon/history/MASTER_HORSE_TRANSFER_AND_CONTINUITY_POLICY_V2_0_CONTROLLED_CANDIDATE.md,PROPOSED,PROPOSED_NOT_ADOPTED,EXCLUDED_PROPOSED,Excluded from controlling/supporting freeze because the source is proposed and not adopted.,Resolve or adopt through a later authorized guide-specific prompt before use as controlling authority.,NO,YES
CGP005-EXCL-0176,ES-CG-13,CGSRC-PROP-0024,"MASTER AGREEMENT, CONSENT, AND AUTHORIZATION MODEL",docs/canon/history/agreement_consent_authorization_v2_0/MASTER_AGREEMENT_CONSENT_AND_AUTHORIZATION_MODEL_V2_0_HISTORICAL_SUPERSEDED_CANDIDATE.md,PROPOSED,PROPOSED_NOT_ADOPTED,EXCLUDED_PROPOSED,Excluded from controlling/supporting freeze because the source is proposed and not adopted.,Resolve or adopt through a later authorized guide-specific prompt before use as controlling authority.,NO,YES
CGP005-EXCL-0177,ES-CG-13,CGSRC-PROP-0025,MASTER AUDIT EVENT AND EVIDENCE MODEL,docs/canon/intake/MASTER_AUDIT_EVENT_AND_EVIDENCE_MODEL_V2_0_CANDIDATE_SOURCE.md,PROPOSED,PROPOSED_NOT_ADOPTED,EXCLUDED_PROPOSED,Excluded from controlling/supporting freeze because the source is proposed and not adopted.,Resolve or adopt through a later authorized guide-specific prompt before use as controlling authority.,NO,YES
CGP005-EXCL-0178,ES-CG-13,CGSRC-PROP-0026,"MASTER COMMUNICATION, NOTIFICATION, AND NOTICE MODEL",docs/canon/intake/MASTER_COMMUNICATION_NOTIFICATION_AND_NOTICE_MODEL_V2_0_CANDIDATE_SOURCE.md,PROPOSED,PROPOSED_NOT_ADOPTED,EXCLUDED_PROPOSED,Excluded from controlling/supporting freeze because the source is proposed and not adopted.,Resolve or adopt through a later authorized guide-specific prompt before use as controlling authority.,NO,YES
CGP005-EXCL-0179,ES-CG-13,CGSRC-PROP-0027,MASTER PRODUCT VISION,docs/canon/reviews/c0_004_master_product_vision_lifecycle_completion/source_event/MASTER_PRODUCT_VISION_V2_1_SUCCESSOR_CANDIDATE_ORIGINAL.md,PROPOSED,PROPOSED_NOT_ADOPTED,EXCLUDED_PROPOSED,Excluded from controlling/supporting freeze because the source is proposed and not adopted.,Resolve or adopt through a later authorized guide-specific prompt before use as controlling authority.,NO,YES
CGP005-EXCL-0180,ES-CG-13,CGSRC-PROP-0028,Equine Health Adoption Candidate Readiness Report,docs/canon/reviews/equine_health_founder_decision_reconciliation_v1_1/EQUINE_HEALTH_ADOPTION_CANDIDATE_READINESS_REPORT.md,PROPOSED,PROPOSED_NOT_ADOPTED,EXCLUDED_PROPOSED,Excluded from controlling/supporting freeze because the source is proposed and not adopted.,Resolve or adopt through a later authorized guide-specific prompt before use as controlling authority.,NO,YES
CGP005-EXCL-0181,ES-CG-13,CGSRC-PROP-0029,MASTER ANALYTICS FRAMEWORK,docs/canon/reviews/foundational_canon_source_certification_v1_0/source_event/six_reviewed_candidates/MASTER_ANALYTICS_FRAMEWORK_V2_0_REVIEWED_CANDIDATE.md,PROPOSED,PROPOSED_NOT_ADOPTED,EXCLUDED_PROPOSED,Excluded from controlling/supporting freeze because the source is proposed and not adopted.,Resolve or adopt through a later authorized guide-specific prompt before use as controlling authority.,NO,YES
CGP005-EXCL-0182,ES-CG-13,CGSRC-PROP-0030,MASTER BARN LIFECYCLE,docs/canon/reviews/foundational_canon_source_certification_v1_0/source_event/six_reviewed_candidates/MASTER_BARN_LIFECYCLE_V3_1_REVIEWED_CANDIDATE.md,PROPOSED,PROPOSED_NOT_ADOPTED,EXCLUDED_PROPOSED,Excluded from controlling/supporting freeze because the source is proposed and not adopted.,Resolve or adopt through a later authorized guide-specific prompt before use as controlling authority.,NO,YES
CGP005-EXCL-0183,ES-CG-13,CGSRC-PROP-0031,MASTER BUSINESS LIFECYCLE,docs/canon/reviews/foundational_canon_source_certification_v1_0/source_event/six_reviewed_candidates/MASTER_BUSINESS_LIFECYCLE_V2_1_REVIEWED_CANDIDATE.md,PROPOSED,PROPOSED_NOT_ADOPTED,EXCLUDED_PROPOSED,Excluded from controlling/supporting freeze because the source is proposed and not adopted.,Resolve or adopt through a later authorized guide-specific prompt before use as controlling authority.,NO,YES
CGP005-EXCL-0184,ES-CG-13,CGSRC-PROP-0032,MASTER ECOSYSTEM MODEL,docs/canon/reviews/foundational_canon_source_certification_v1_0/source_event/six_reviewed_candidates/MASTER_ECOSYSTEM_MODEL_V2_1_REVIEWED_CANDIDATE.md,PROPOSED,PROPOSED_NOT_ADOPTED,EXCLUDED_PROPOSED,Excluded from controlling/supporting freeze because the source is proposed and not adopted.,Resolve or adopt through a later authorized guide-specific prompt before use as controlling authority.,NO,YES
CGP005-EXCL-0185,ES-CG-13,CGSRC-PROP-0033,MASTER FACILITY DOMAIN MODEL,docs/canon/reviews/foundational_canon_source_certification_v1_0/source_event/six_reviewed_candidates/MASTER_FACILITY_DOMAIN_MODEL_V2_1_REVIEWED_CANDIDATE.md,PROPOSED,PROPOSED_NOT_ADOPTED,EXCLUDED_PROPOSED,Excluded from controlling/supporting freeze because the source is proposed and not adopted.,Resolve or adopt through a later authorized guide-specific prompt before use as controlling authority.,NO,YES
CGP005-EXCL-0186,ES-CG-13,CGSRC-PROP-0034,MASTER HORSE LIFECYCLE,docs/canon/reviews/foundational_canon_source_certification_v1_0/source_event/six_reviewed_candidates/MASTER_HORSE_LIFECYCLE_V3_1_REVIEWED_CANDIDATE.md,PROPOSED,PROPOSED_NOT_ADOPTED,EXCLUDED_PROPOSED,Excluded from controlling/supporting freeze because the source is proposed and not adopted.,Resolve or adopt through a later authorized guide-specific prompt before use as controlling authority.,NO,YES
CGP005-EXCL-0187,ES-CG-13,CGSRC-PROP-0035,"Identity, Account, and Actor V2.0 Canon Index Proposal",docs/canon/reviews/foundational_gap_closure/A_IDENTITY_ACTOR/A_IDENTITY_ACTOR_CANON_INDEX_PROPOSAL.md,PROPOSED,PROPOSED_NOT_ADOPTED,EXCLUDED_PROPOSED,Excluded from controlling/supporting freeze because the source is proposed and not adopted.,Resolve or adopt through a later authorized guide-specific prompt before use as controlling authority.,NO,YES
CGP005-EXCL-0188,ES-CG-13,CGSRC-PROP-0036,"Identity, Account, and Actor V2.0 Proposed Adoption Report",docs/canon/reviews/foundational_gap_closure/A_IDENTITY_ACTOR/A_IDENTITY_ACTOR_PROPOSED_ADOPTION_REPORT.md,PROPOSED,PROPOSED_NOT_ADOPTED,EXCLUDED_PROPOSED,Excluded from controlling/supporting freeze because the source is proposed and not adopted.,Resolve or adopt through a later authorized guide-specific prompt before use as controlling authority.,NO,YES
CGP005-EXCL-0189,ES-CG-13,CGSRC-PROP-0037,"Identity, Account, and Actor V2.0 Adoption Dependency Registry Proposal",docs/canon/reviews/foundational_gap_closure/A_IDENTITY_ACTOR/IDENTITY_ACTOR_V2_ADOPTION_DEPENDENCY_REGISTRY_PROPOSAL.md,PROPOSED,PROPOSED_NOT_ADOPTED,EXCLUDED_PROPOSED,Excluded from controlling/supporting freeze because the source is proposed and not adopted.,Resolve or adopt through a later authorized guide-specific prompt before use as controlling authority.,NO,YES
CGP005-EXCL-0190,ES-CG-13,CGSRC-PROP-0038,"Agreement, Consent, and Authorization V2.0 Canon Index Proposal",docs/canon/reviews/foundational_gap_closure/B_AGREEMENT_CONSENT/B_AGREEMENT_CONSENT_CANON_INDEX_PROPOSAL.md,PROPOSED,PROPOSED_NOT_ADOPTED,EXCLUDED_PROPOSED,Excluded from controlling/supporting freeze because the source is proposed and not adopted.,Resolve or adopt through a later authorized guide-specific prompt before use as controlling authority.,NO,YES
CGP005-EXCL-0191,ES-CG-13,CGSRC-PROP-0039,"Agreement, Consent, and Authorization V2.0 Proposed Adoption Report",docs/canon/reviews/foundational_gap_closure/B_AGREEMENT_CONSENT/B_AGREEMENT_CONSENT_PROPOSED_ADOPTION_REPORT.md,PROPOSED,PROPOSED_NOT_ADOPTED,EXCLUDED_PROPOSED,Excluded from controlling/supporting freeze because the source is proposed and not adopted.,Resolve or adopt through a later authorized guide-specific prompt before use as controlling authority.,NO,YES
CGP005-EXCL-0192,ES-CG-13,CGSRC-PROP-0040,Audit Event and Evidence V2.0 Canon Index Proposal,docs/canon/reviews/foundational_gap_closure/C_AUDIT_EVIDENCE/C_AUDIT_EVIDENCE_CANON_INDEX_PROPOSAL.md,PROPOSED,PROPOSED_NOT_ADOPTED,EXCLUDED_PROPOSED,Excluded from controlling/supporting freeze because the source is proposed and not adopted.,Resolve or adopt through a later authorized guide-specific prompt before use as controlling authority.,NO,YES
CGP005-EXCL-0193,ES-CG-13,CGSRC-PROP-0041,Audit Event and Evidence V2.0 Proposed Adoption Report,docs/canon/reviews/foundational_gap_closure/C_AUDIT_EVIDENCE/C_AUDIT_EVIDENCE_PROPOSED_ADOPTION_REPORT.md,PROPOSED,PROPOSED_NOT_ADOPTED,EXCLUDED_PROPOSED,Excluded from controlling/supporting freeze because the source is proposed and not adopted.,Resolve or adopt through a later authorized guide-specific prompt before use as controlling authority.,NO,YES
CGP005-EXCL-0194,ES-CG-13,CGSRC-PROP-0042,"Communication, Notification, and Notice V2.0 Canon Index Proposal",docs/canon/reviews/foundational_gap_closure/D_COMMUNICATION_NOTICE/D_COMMUNICATION_NOTICE_CANON_INDEX_PROPOSAL.md,PROPOSED,PROPOSED_NOT_ADOPTED,EXCLUDED_PROPOSED,Excluded from controlling/supporting freeze because the source is proposed and not adopted.,Resolve or adopt through a later authorized guide-specific prompt before use as controlling authority.,NO,YES
CGP005-EXCL-0195,ES-CG-13,CGSRC-PROP-0043,"Communication, Notification, and Notice V2.0 Proposed Adoption Report",docs/canon/reviews/foundational_gap_closure/D_COMMUNICATION_NOTICE/D_COMMUNICATION_NOTICE_PROPOSED_ADOPTION_REPORT.md,PROPOSED,PROPOSED_NOT_ADOPTED,EXCLUDED_PROPOSED,Excluded from controlling/supporting freeze because the source is proposed and not adopted.,Resolve or adopt through a later authorized guide-specific prompt before use as controlling authority.,NO,YES
CGP005-EXCL-0196,ES-CG-13,CGSRC-PROP-0044,"Platform Operations, Reliability, and Release V2.0 Canon Index Proposal",docs/canon/reviews/foundational_gap_closure/E_PLATFORM_RELIABILITY/E_PLATFORM_RELIABILITY_CANON_INDEX_PROPOSAL.md,PROPOSED,PROPOSED_NOT_ADOPTED,EXCLUDED_PROPOSED,Excluded from controlling/supporting freeze because the source is proposed and not adopted.,Resolve or adopt through a later authorized guide-specific prompt before use as controlling authority.,NO,YES
CGP005-EXCL-0197,ES-CG-13,CGSRC-PROP-0045,"Platform Operations, Reliability, and Release V2.0 Proposed Adoption Report",docs/canon/reviews/foundational_gap_closure/E_PLATFORM_RELIABILITY/E_PLATFORM_RELIABILITY_PROPOSED_ADOPTION_REPORT.md,PROPOSED,PROPOSED_NOT_ADOPTED,EXCLUDED_PROPOSED,Excluded from controlling/supporting freeze because the source is proposed and not adopted.,Resolve or adopt through a later authorized guide-specific prompt before use as controlling authority.,NO,YES
CGP005-EXCL-0198,ES-CG-13,CGSRC-PROP-0046,External Architecture and Adapter V2.0 Canon Index Proposal,docs/canon/reviews/foundational_gap_closure/F_EXTERNAL_ADAPTERS/F_EXTERNAL_ADAPTERS_CANON_INDEX_PROPOSAL.md,PROPOSED,PROPOSED_NOT_ADOPTED,EXCLUDED_PROPOSED,Excluded from controlling/supporting freeze because the source is proposed and not adopted.,Resolve or adopt through a later authorized guide-specific prompt before use as controlling authority.,NO,YES
CGP005-EXCL-0199,ES-CG-13,CGSRC-PROP-0047,External Architecture and Adapter V2.0 Adoption Status Report,docs/canon/reviews/foundational_gap_closure/F_EXTERNAL_ADAPTERS/F_EXTERNAL_ADAPTERS_PROPOSED_ADOPTION_REPORT.md,PROPOSED,PROPOSED_NOT_ADOPTED,EXCLUDED_PROPOSED,Excluded from controlling/supporting freeze because the source is proposed and not adopted.,Resolve or adopt through a later authorized guide-specific prompt before use as controlling authority.,NO,YES
CGP005-EXCL-0200,ES-CG-13,CGSRC-PROP-0048,Financial Truth and Responsibility V2.0 Canon Index Proposal,docs/canon/reviews/foundational_gap_closure/G_FINANCIAL_TRUTH/G_FINANCIAL_TRUTH_CANON_INDEX_PROPOSAL.md,PROPOSED,PROPOSED_NOT_ADOPTED,EXCLUDED_PROPOSED,Excluded from controlling/supporting freeze because the source is proposed and not adopted.,Resolve or adopt through a later authorized guide-specific prompt before use as controlling authority.,NO,YES
CGP005-EXCL-0201,ES-CG-13,CGSRC-PROP-0049,Financial Truth and Responsibility V2.0 Proposed Adoption Report,docs/canon/reviews/foundational_gap_closure/G_FINANCIAL_TRUTH/G_FINANCIAL_TRUTH_PROPOSED_ADOPTION_REPORT.md,PROPOSED,PROPOSED_NOT_ADOPTED,EXCLUDED_PROPOSED,Excluded from controlling/supporting freeze because the source is proposed and not adopted.,Resolve or adopt through a later authorized guide-specific prompt before use as controlling authority.,NO,YES
CGP005-EXCL-0202,ES-CG-13,CGSRC-PROP-0050,Global Companion Artifact Adoption Candidate Manifest.Json,docs/canon/reviews/global_companion_reconciliation_v1_0/phase_g10_g11/GLOBAL_COMPANION_ARTIFACT_ADOPTION_CANDIDATE_MANIFEST.json,PROPOSED,PROPOSED_NOT_ADOPTED,EXCLUDED_PROPOSED,Excluded from controlling/supporting freeze because the source is proposed and not adopted.,Resolve or adopt through a later authorized guide-specific prompt before use as controlling authority.,NO,YES
CGP005-EXCL-0203,ES-CG-13,CGSRC-PROP-0051,Global Companion Artifact Adoption Candidate Manifest,docs/canon/reviews/global_companion_reconciliation_v1_0/phase_g10_g11/GLOBAL_COMPANION_ARTIFACT_ADOPTION_CANDIDATE_MANIFEST.md,PROPOSED,PROPOSED_NOT_ADOPTED,EXCLUDED_PROPOSED,Excluded from controlling/supporting freeze because the source is proposed and not adopted.,Resolve or adopt through a later authorized guide-specific prompt before use as controlling authority.,NO,YES
CGP005-EXCL-0204,ES-CG-13,CGSRC-PROP-0052,AI V2.0 Controlling Source Candidate Determination,docs/canon/reviews/governance_v1_0_ai_reconciliation/resumption_exact_source/phase_r1/AI_V2_0_CONTROLLING_SOURCE_CANDIDATE_DETERMINATION.md,PROPOSED,PROPOSED_NOT_ADOPTED,EXCLUDED_PROPOSED,Excluded from controlling/supporting freeze because the source is proposed and not adopted.,Resolve or adopt through a later authorized guide-specific prompt before use as controlling authority.,NO,YES
CGP005-EXCL-0205,ES-CG-13,CGSRC-PROP-0053,AI V2.0 Source Candidate Comparison Report,docs/canon/reviews/governance_v1_0_ai_reconciliation/resumption_exact_source/phase_r1/AI_V2_0_SOURCE_CANDIDATE_COMPARISON_REPORT.md,PROPOSED,PROPOSED_NOT_ADOPTED,EXCLUDED_PROPOSED,Excluded from controlling/supporting freeze because the source is proposed and not adopted.,Resolve or adopt through a later authorized guide-specific prompt before use as controlling authority.,NO,YES
CGP005-EXCL-0206,ES-CG-13,CGSRC-PROP-0054,Ai V2 0 Source Candidate Hash Matrix.Json,docs/canon/reviews/governance_v1_0_ai_reconciliation/resumption_exact_source/phase_r1/AI_V2_0_SOURCE_CANDIDATE_HASH_MATRIX.json,PROPOSED,PROPOSED_NOT_ADOPTED,EXCLUDED_PROPOSED,Excluded from controlling/supporting freeze because the source is proposed and not adopted.,Resolve or adopt through a later authorized guide-specific prompt before use as controlling authority.,NO,YES
CGP005-EXCL-0207,ES-CG-13,CGSRC-PROP-0055,"Master Media, Files, and Digital Asset Governance V1.2 Candidate Review",docs/canon/reviews/media_files_digital_assets_v1_2/MASTER_MEDIA_FILES_AND_DIGITAL_ASSET_V1_2_CANDIDATE_REVIEW.md,PROPOSED,PROPOSED_NOT_ADOPTED,EXCLUDED_PROPOSED,Excluded from controlling/supporting freeze because the source is proposed and not adopted.,Resolve or adopt through a later authorized guide-specific prompt before use as controlling authority.,NO,YES
CGP005-EXCL-0208,ES-CG-13,CGSRC-PROP-0056,Next Phase Dependency Registry Proposal,docs/canon/reviews/next_phase_governance/NEXT_PHASE_DEPENDENCY_REGISTRY_PROPOSAL.md,PROPOSED,PROPOSED_NOT_ADOPTED,EXCLUDED_PROPOSED,Excluded from controlling/supporting freeze because the source is proposed and not adopted.,Resolve or adopt through a later authorized guide-specific prompt before use as controlling authority.,NO,YES
CGP005-EXCL-0209,ES-CG-13,CGSRC-PROP-0057,Next Phase Governance Progression Proposal,docs/canon/reviews/next_phase_governance/NEXT_PHASE_GOVERNANCE_PROGRESSION_PROPOSAL.md,PROPOSED,PROPOSED_NOT_ADOPTED,EXCLUDED_PROPOSED,Excluded from controlling/supporting freeze because the source is proposed and not adopted.,Resolve or adopt through a later authorized guide-specific prompt before use as controlling authority.,NO,YES
CGP005-EXCL-0210,ES-CG-13,CGSRC-PROP-0058,Next Workstream Candidate Ranking,docs/canon/reviews/next_phase_governance/NEXT_WORKSTREAM_CANDIDATE_RANKING.md,PROPOSED,PROPOSED_NOT_ADOPTED,EXCLUDED_PROPOSED,Excluded from controlling/supporting freeze because the source is proposed and not adopted.,Resolve or adopt through a later authorized guide-specific prompt before use as controlling authority.,NO,YES
CGP005-EXCL-0211,ES-CG-13,CGSRC-PROP-0059,Safeguarding V1 2 Adoption Candidate Review Data.Json,docs/canon/reviews/parallel_safeguarding_companion_reconciliation_v1_0/adoption_candidate_review/SAFEGUARDING_V1_2_ADOPTION_CANDIDATE_REVIEW_DATA.json,PROPOSED,PROPOSED_NOT_ADOPTED,EXCLUDED_PROPOSED,Excluded from controlling/supporting freeze because the source is proposed and not adopted.,Resolve or adopt through a later authorized guide-specific prompt before use as controlling authority.,NO,YES
CGP005-EXCL-0212,ES-CG-13,CGSRC-PROP-0060,Safeguarding V1.2 AI Reconciliation,docs/canon/reviews/parallel_safeguarding_companion_reconciliation_v1_0/adoption_candidate_review/SAFEGUARDING_V1_2_AI_RECONCILIATION.md,PROPOSED,PROPOSED_NOT_ADOPTED,EXCLUDED_PROPOSED,Excluded from controlling/supporting freeze because the source is proposed and not adopted.,Resolve or adopt through a later authorized guide-specific prompt before use as controlling authority.,NO,YES
CGP005-EXCL-0213,ES-CG-13,CGSRC-PROP-0061,Safeguarding V1.2 Cross-Canon Reference Report,docs/canon/reviews/parallel_safeguarding_companion_reconciliation_v1_0/adoption_candidate_review/SAFEGUARDING_V1_2_CROSS_CANON_REFERENCE_REPORT.md,PROPOSED,PROPOSED_NOT_ADOPTED,EXCLUDED_PROPOSED,Excluded from controlling/supporting freeze because the source is proposed and not adopted.,Resolve or adopt through a later authorized guide-specific prompt before use as controlling authority.,NO,YES
CGP005-EXCL-0214,ES-CG-13,CGSRC-PROP-0062,Safeguarding V1.2 Decision-to-Section Traceability,docs/canon/reviews/parallel_safeguarding_companion_reconciliation_v1_0/adoption_candidate_review/SAFEGUARDING_V1_2_DECISION_TO_SECTION_TRACEABILITY.md,PROPOSED,PROPOSED_NOT_ADOPTED,EXCLUDED_PROPOSED,Excluded from controlling/supporting freeze because the source is proposed and not adopted.,Resolve or adopt through a later authorized guide-specific prompt before use as controlling authority.,NO,YES
CGP005-EXCL-0215,ES-CG-13,CGSRC-PROP-0063,Safeguarding V1.2 Equine Health Reconciliation,docs/canon/reviews/parallel_safeguarding_companion_reconciliation_v1_0/adoption_candidate_review/SAFEGUARDING_V1_2_EQUINE_HEALTH_RECONCILIATION.md,PROPOSED,PROPOSED_NOT_ADOPTED,EXCLUDED_PROPOSED,Excluded from controlling/supporting freeze because the source is proposed and not adopted.,Resolve or adopt through a later authorized guide-specific prompt before use as controlling authority.,NO,YES
CGP005-EXCL-0216,ES-CG-13,CGSRC-PROP-0064,Safeguarding V1.2 Requirement-to-Section Traceability,docs/canon/reviews/parallel_safeguarding_companion_reconciliation_v1_0/adoption_candidate_review/SAFEGUARDING_V1_2_REQUIREMENT_TO_SECTION_TRACEABILITY.md,PROPOSED,PROPOSED_NOT_ADOPTED,EXCLUDED_PROPOSED,Excluded from controlling/supporting freeze because the source is proposed and not adopted.,Resolve or adopt through a later authorized guide-specific prompt before use as controlling authority.,NO,YES
CGP005-EXCL-0217,ES-CG-13,CGSRC-PROP-0065,Safeguarding V1.2 Section Disposition History,docs/canon/reviews/parallel_safeguarding_companion_reconciliation_v1_0/adoption_candidate_review/SAFEGUARDING_V1_2_SECTION_DISPOSITION_HISTORY.md,PROPOSED,PROPOSED_NOT_ADOPTED,EXCLUDED_PROPOSED,Excluded from controlling/supporting freeze because the source is proposed and not adopted.,Resolve or adopt through a later authorized guide-specific prompt before use as controlling authority.,NO,YES
CGP005-EXCL-0218,ES-CG-13,CGSRC-PROP-0066,Safeguarding V1.2 Source and Version Manifest,docs/canon/reviews/parallel_safeguarding_companion_reconciliation_v1_0/adoption_candidate_review/SAFEGUARDING_V1_2_SOURCE_AND_VERSION_MANIFEST.md,PROPOSED,PROPOSED_NOT_ADOPTED,EXCLUDED_PROPOSED,Excluded from controlling/supporting freeze because the source is proposed and not adopted.,Resolve or adopt through a later authorized guide-specific prompt before use as controlling authority.,NO,YES
CGP005-EXCL-0219,ES-CG-13,CGSRC-PROP-0067,Safeguarding V1.2 Validation Report,docs/canon/reviews/parallel_safeguarding_companion_reconciliation_v1_0/adoption_candidate_review/SAFEGUARDING_V1_2_VALIDATION_REPORT.md,PROPOSED,PROPOSED_NOT_ADOPTED,EXCLUDED_PROPOSED,Excluded from controlling/supporting freeze because the source is proposed and not adopted.,Resolve or adopt through a later authorized guide-specific prompt before use as controlling authority.,NO,YES
CGP005-EXCL-0220,ES-CG-13,CGSRC-PROP-0068,FOUNDER CONFIRMATION DIRECTIVE,docs/canon/reviews/parallel_safeguarding_companion_reconciliation_v1_0/founder_confirmation/EQUINESYNC_SAFEGUARDING_FOUNDER_CONFIRMATION_POLICY_RESOLUTION_AND_ADOPTION_CANDIDATE_AUTHORIZATION.md,PROPOSED,PROPOSED_NOT_ADOPTED,EXCLUDED_PROPOSED,Excluded from controlling/supporting freeze because the source is proposed and not adopted.,Resolve or adopt through a later authorized guide-specific prompt before use as controlling authority.,NO,YES
CGP005-EXCL-0221,ES-CG-13,CGSRC-PROP-0069,"date: ""July 15, 2026""",docs/canon/reviews/parallel_safeguarding_companion_reconciliation_v1_0/subordinate/SAFEGUARDING_CONSTITUTIONAL_TEST_CATALOG_V1_0_CANDIDATE.md,PROPOSED,PROPOSED_NOT_ADOPTED,EXCLUDED_PROPOSED,Excluded from controlling/supporting freeze because the source is proposed and not adopted.,Resolve or adopt through a later authorized guide-specific prompt before use as controlling authority.,NO,YES
CGP005-EXCL-0222,ES-CG-13,CGSRC-PROP-0070,"date: ""July 15, 2026""",docs/canon/reviews/parallel_safeguarding_companion_reconciliation_v1_0/subordinate/SAFEGUARDING_IMPLEMENTATION_READINESS_STANDARD_V1_0_CANDIDATE.md,PROPOSED,PROPOSED_NOT_ADOPTED,EXCLUDED_PROPOSED,Excluded from controlling/supporting freeze because the source is proposed and not adopted.,Resolve or adopt through a later authorized guide-specific prompt before use as controlling authority.,NO,YES
CGP005-EXCL-0223,ES-CG-10,CGSRC-BLOCK-0001,Canon review package: drafting_equine_health_welfare_medical_v1_0,docs/canon/reviews/drafting_equine_health_welfare_medical_v1_0,BLOCKED,BLOCKED_OR_CONDITIONAL,EXCLUDED_BLOCKED,Excluded from controlling/supporting freeze because the source is blocked or conditional.,Resolve or adopt through a later authorized guide-specific prompt before use as controlling authority.,NO,YES
CGP005-EXCL-0224,ES-CG-10,CGSRC-BLOCK-0002,Canon review package: drafting_minor_guardianship_safeguarding_v1_0,docs/canon/reviews/drafting_minor_guardianship_safeguarding_v1_0,BLOCKED,BLOCKED_OR_CONDITIONAL,EXCLUDED_BLOCKED,Excluded from controlling/supporting freeze because the source is blocked or conditional.,Resolve or adopt through a later authorized guide-specific prompt before use as controlling authority.,NO,YES
CGP005-EXCL-0225,ES-CG-10,CGSRC-BLOCK-0003,Canon review package: foundational_gap_closure,docs/canon/reviews/foundational_gap_closure,BLOCKED,BLOCKED_OR_CONDITIONAL,EXCLUDED_BLOCKED,Excluded from controlling/supporting freeze because the source is blocked or conditional.,Resolve or adopt through a later authorized guide-specific prompt before use as controlling authority.,NO,YES
CGP005-EXCL-0226,ES-CG-10,CGSRC-BLOCK-0004,Canon review package: stage0_c0_classification_correction,docs/canon/reviews/stage0_c0_classification_correction,BLOCKED,BLOCKED_OR_CONDITIONAL,EXCLUDED_BLOCKED,Excluded from controlling/supporting freeze because the source is blocked or conditional.,Resolve or adopt through a later authorized guide-specific prompt before use as controlling authority.,NO,YES
CGP005-EXCL-0227,ES-CG-10,CGSRC-PROP-0006,MASTER AUDIT EVENT AND EVIDENCE MODEL,docs/canon/candidates/MASTER_AUDIT_EVENT_AND_EVIDENCE_MODEL_V2_0_FOUNDER_APPROVED.md,PROPOSED,PROPOSED_NOT_ADOPTED,EXCLUDED_PROPOSED,Excluded from controlling/supporting freeze because the source is proposed and not adopted.,Resolve or adopt through a later authorized guide-specific prompt before use as controlling authority.,NO,YES
CGP005-EXCL-0228,ES-CG-10,CGSRC-PROP-0009,"Master Equine Health, Welfare, Medical Record, and Clinical Support Model V1.1",docs/canon/candidates/MASTER_EQUINE_HEALTH_WELFARE_MEDICAL_RECORD_AND_CLINICAL_SUPPORT_MODEL_V1_1_RECONCILED_ADOPTION_CANDIDATE.md,PROPOSED,PROPOSED_NOT_ADOPTED,EXCLUDED_PROPOSED,Excluded from controlling/supporting freeze because the source is proposed and not adopted.,Resolve or adopt through a later authorized guide-specific prompt before use as controlling authority.,NO,YES
CGP005-EXCL-0229,ES-CG-10,CGSRC-PROP-0011,Master Financial Truth and Responsibility Model,docs/canon/candidates/MASTER_FINANCIAL_TRUTH_AND_RESPONSIBILITY_MODEL_V2_0.md,PROPOSED,PROPOSED_NOT_ADOPTED,EXCLUDED_PROPOSED,Excluded from controlling/supporting freeze because the source is proposed and not adopted.,Resolve or adopt through a later authorized guide-specific prompt before use as controlling authority.,NO,YES
CGP005-EXCL-0230,ES-CG-10,CGSRC-PROP-0016,"title: ""MASTER MINOR, GUARDIANSHIP, SAFEGUARDING, AND PROTECTED PARTICIPANT MODEL V1.2""",docs/canon/candidates/MASTER_MINOR_GUARDIANSHIP_SAFEGUARDING_AND_PROTECTED_PARTICIPANT_MODEL_V1_2_RECONCILED_ADOPTION_CANDIDATE.md,PROPOSED,PROPOSED_NOT_ADOPTED,EXCLUDED_PROPOSED,Excluded from controlling/supporting freeze because the source is proposed and not adopted.,Resolve or adopt through a later authorized guide-specific prompt before use as controlling authority.,NO,YES
CGP005-EXCL-0231,ES-CG-10,CGSRC-PROP-0017,"MASTER PLATFORM OPERATIONS, RELIABILITY, AND RELEASE MODEL",docs/canon/candidates/MASTER_PLATFORM_OPERATIONS_RELIABILITY_AND_RELEASE_MODEL_V2_0.md,PROPOSED,PROPOSED_NOT_ADOPTED,EXCLUDED_PROPOSED,Excluded from controlling/supporting freeze because the source is proposed and not adopted.,Resolve or adopt through a later authorized guide-specific prompt before use as controlling authority.,NO,YES
CGP005-EXCL-0232,ES-CG-10,CGSRC-PROP-0019,MASTER SECURITY INCIDENT RESPONSE AND DISCLOSURE MODEL,docs/canon/candidates/MASTER_SECURITY_INCIDENT_RESPONSE_AND_DISCLOSURE_MODEL_V1_0.md,PROPOSED,PROPOSED_NOT_ADOPTED,EXCLUDED_PROPOSED,Excluded from controlling/supporting freeze because the source is proposed and not adopted.,Resolve or adopt through a later authorized guide-specific prompt before use as controlling authority.,NO,YES
CGP005-EXCL-0233,ES-CG-10,CGSRC-PROP-0021,MASTER EXTERNAL ARCHITECTURE AND ADAPTER MODEL,docs/canon/history/MASTER_EXTERNAL_ARCHITECTURE_AND_ADAPTER_MODEL_V2_0_ADOPTION_REVIEWED_CANDIDATE.md,PROPOSED,PROPOSED_NOT_ADOPTED,EXCLUDED_PROPOSED,Excluded from controlling/supporting freeze because the source is proposed and not adopted.,Resolve or adopt through a later authorized guide-specific prompt before use as controlling authority.,NO,YES
CGP005-EXCL-0234,ES-CG-10,CGSRC-PROP-0022,Master Financial Truth and Responsibility Model,docs/canon/history/MASTER_FINANCIAL_TRUTH_AND_RESPONSIBILITY_MODEL_V2_0_CANDIDATE.md,PROPOSED,PROPOSED_NOT_ADOPTED,EXCLUDED_PROPOSED,Excluded from controlling/supporting freeze because the source is proposed and not adopted.,Resolve or adopt through a later authorized guide-specific prompt before use as controlling authority.,NO,YES
CGP005-EXCL-0235,ES-CG-10,CGSRC-PROP-0025,MASTER AUDIT EVENT AND EVIDENCE MODEL,docs/canon/intake/MASTER_AUDIT_EVENT_AND_EVIDENCE_MODEL_V2_0_CANDIDATE_SOURCE.md,PROPOSED,PROPOSED_NOT_ADOPTED,EXCLUDED_PROPOSED,Excluded from controlling/supporting freeze because the source is proposed and not adopted.,Resolve or adopt through a later authorized guide-specific prompt before use as controlling authority.,NO,YES
CGP005-EXCL-0236,ES-CG-10,CGSRC-PROP-0027,MASTER PRODUCT VISION,docs/canon/reviews/c0_004_master_product_vision_lifecycle_completion/source_event/MASTER_PRODUCT_VISION_V2_1_SUCCESSOR_CANDIDATE_ORIGINAL.md,PROPOSED,PROPOSED_NOT_ADOPTED,EXCLUDED_PROPOSED,Excluded from controlling/supporting freeze because the source is proposed and not adopted.,Resolve or adopt through a later authorized guide-specific prompt before use as controlling authority.,NO,YES
CGP005-EXCL-0237,ES-CG-10,CGSRC-PROP-0028,Equine Health Adoption Candidate Readiness Report,docs/canon/reviews/equine_health_founder_decision_reconciliation_v1_1/EQUINE_HEALTH_ADOPTION_CANDIDATE_READINESS_REPORT.md,PROPOSED,PROPOSED_NOT_ADOPTED,EXCLUDED_PROPOSED,Excluded from controlling/supporting freeze because the source is proposed and not adopted.,Resolve or adopt through a later authorized guide-specific prompt before use as controlling authority.,NO,YES
CGP005-EXCL-0238,ES-CG-10,CGSRC-PROP-0029,MASTER ANALYTICS FRAMEWORK,docs/canon/reviews/foundational_canon_source_certification_v1_0/source_event/six_reviewed_candidates/MASTER_ANALYTICS_FRAMEWORK_V2_0_REVIEWED_CANDIDATE.md,PROPOSED,PROPOSED_NOT_ADOPTED,EXCLUDED_PROPOSED,Excluded from controlling/supporting freeze because the source is proposed and not adopted.,Resolve or adopt through a later authorized guide-specific prompt before use as controlling authority.,NO,YES
CGP005-EXCL-0239,ES-CG-10,CGSRC-PROP-0030,MASTER BARN LIFECYCLE,docs/canon/reviews/foundational_canon_source_certification_v1_0/source_event/six_reviewed_candidates/MASTER_BARN_LIFECYCLE_V3_1_REVIEWED_CANDIDATE.md,PROPOSED,PROPOSED_NOT_ADOPTED,EXCLUDED_PROPOSED,Excluded from controlling/supporting freeze because the source is proposed and not adopted.,Resolve or adopt through a later authorized guide-specific prompt before use as controlling authority.,NO,YES
CGP005-EXCL-0240,ES-CG-10,CGSRC-PROP-0031,MASTER BUSINESS LIFECYCLE,docs/canon/reviews/foundational_canon_source_certification_v1_0/source_event/six_reviewed_candidates/MASTER_BUSINESS_LIFECYCLE_V2_1_REVIEWED_CANDIDATE.md,PROPOSED,PROPOSED_NOT_ADOPTED,EXCLUDED_PROPOSED,Excluded from controlling/supporting freeze because the source is proposed and not adopted.,Resolve or adopt through a later authorized guide-specific prompt before use as controlling authority.,NO,YES
CGP005-EXCL-0241,ES-CG-10,CGSRC-PROP-0032,MASTER ECOSYSTEM MODEL,docs/canon/reviews/foundational_canon_source_certification_v1_0/source_event/six_reviewed_candidates/MASTER_ECOSYSTEM_MODEL_V2_1_REVIEWED_CANDIDATE.md,PROPOSED,PROPOSED_NOT_ADOPTED,EXCLUDED_PROPOSED,Excluded from controlling/supporting freeze because the source is proposed and not adopted.,Resolve or adopt through a later authorized guide-specific prompt before use as controlling authority.,NO,YES
CGP005-EXCL-0242,ES-CG-10,CGSRC-PROP-0034,MASTER HORSE LIFECYCLE,docs/canon/reviews/foundational_canon_source_certification_v1_0/source_event/six_reviewed_candidates/MASTER_HORSE_LIFECYCLE_V3_1_REVIEWED_CANDIDATE.md,PROPOSED,PROPOSED_NOT_ADOPTED,EXCLUDED_PROPOSED,Excluded from controlling/supporting freeze because the source is proposed and not adopted.,Resolve or adopt through a later authorized guide-specific prompt before use as controlling authority.,NO,YES
CGP005-EXCL-0243,ES-CG-10,CGSRC-PROP-0035,"Identity, Account, and Actor V2.0 Canon Index Proposal",docs/canon/reviews/foundational_gap_closure/A_IDENTITY_ACTOR/A_IDENTITY_ACTOR_CANON_INDEX_PROPOSAL.md,PROPOSED,PROPOSED_NOT_ADOPTED,EXCLUDED_PROPOSED,Excluded from controlling/supporting freeze because the source is proposed and not adopted.,Resolve or adopt through a later authorized guide-specific prompt before use as controlling authority.,NO,YES
CGP005-EXCL-0244,ES-CG-10,CGSRC-PROP-0036,"Identity, Account, and Actor V2.0 Proposed Adoption Report",docs/canon/reviews/foundational_gap_closure/A_IDENTITY_ACTOR/A_IDENTITY_ACTOR_PROPOSED_ADOPTION_REPORT.md,PROPOSED,PROPOSED_NOT_ADOPTED,EXCLUDED_PROPOSED,Excluded from controlling/supporting freeze because the source is proposed and not adopted.,Resolve or adopt through a later authorized guide-specific prompt before use as controlling authority.,NO,YES
CGP005-EXCL-0245,ES-CG-10,CGSRC-PROP-0037,"Identity, Account, and Actor V2.0 Adoption Dependency Registry Proposal",docs/canon/reviews/foundational_gap_closure/A_IDENTITY_ACTOR/IDENTITY_ACTOR_V2_ADOPTION_DEPENDENCY_REGISTRY_PROPOSAL.md,PROPOSED,PROPOSED_NOT_ADOPTED,EXCLUDED_PROPOSED,Excluded from controlling/supporting freeze because the source is proposed and not adopted.,Resolve or adopt through a later authorized guide-specific prompt before use as controlling authority.,NO,YES
CGP005-EXCL-0246,ES-CG-10,CGSRC-PROP-0038,"Agreement, Consent, and Authorization V2.0 Canon Index Proposal",docs/canon/reviews/foundational_gap_closure/B_AGREEMENT_CONSENT/B_AGREEMENT_CONSENT_CANON_INDEX_PROPOSAL.md,PROPOSED,PROPOSED_NOT_ADOPTED,EXCLUDED_PROPOSED,Excluded from controlling/supporting freeze because the source is proposed and not adopted.,Resolve or adopt through a later authorized guide-specific prompt before use as controlling authority.,NO,YES
CGP005-EXCL-0247,ES-CG-10,CGSRC-PROP-0039,"Agreement, Consent, and Authorization V2.0 Proposed Adoption Report",docs/canon/reviews/foundational_gap_closure/B_AGREEMENT_CONSENT/B_AGREEMENT_CONSENT_PROPOSED_ADOPTION_REPORT.md,PROPOSED,PROPOSED_NOT_ADOPTED,EXCLUDED_PROPOSED,Excluded from controlling/supporting freeze because the source is proposed and not adopted.,Resolve or adopt through a later authorized guide-specific prompt before use as controlling authority.,NO,YES
CGP005-EXCL-0248,ES-CG-10,CGSRC-PROP-0040,Audit Event and Evidence V2.0 Canon Index Proposal,docs/canon/reviews/foundational_gap_closure/C_AUDIT_EVIDENCE/C_AUDIT_EVIDENCE_CANON_INDEX_PROPOSAL.md,PROPOSED,PROPOSED_NOT_ADOPTED,EXCLUDED_PROPOSED,Excluded from controlling/supporting freeze because the source is proposed and not adopted.,Resolve or adopt through a later authorized guide-specific prompt before use as controlling authority.,NO,YES
CGP005-EXCL-0249,ES-CG-10,CGSRC-PROP-0041,Audit Event and Evidence V2.0 Proposed Adoption Report,docs/canon/reviews/foundational_gap_closure/C_AUDIT_EVIDENCE/C_AUDIT_EVIDENCE_PROPOSED_ADOPTION_REPORT.md,PROPOSED,PROPOSED_NOT_ADOPTED,EXCLUDED_PROPOSED,Excluded from controlling/supporting freeze because the source is proposed and not adopted.,Resolve or adopt through a later authorized guide-specific prompt before use as controlling authority.,NO,YES
CGP005-EXCL-0250,ES-CG-10,CGSRC-PROP-0042,"Communication, Notification, and Notice V2.0 Canon Index Proposal",docs/canon/reviews/foundational_gap_closure/D_COMMUNICATION_NOTICE/D_COMMUNICATION_NOTICE_CANON_INDEX_PROPOSAL.md,PROPOSED,PROPOSED_NOT_ADOPTED,EXCLUDED_PROPOSED,Excluded from controlling/supporting freeze because the source is proposed and not adopted.,Resolve or adopt through a later authorized guide-specific prompt before use as controlling authority.,NO,YES
CGP005-EXCL-0251,ES-CG-10,CGSRC-PROP-0043,"Communication, Notification, and Notice V2.0 Proposed Adoption Report",docs/canon/reviews/foundational_gap_closure/D_COMMUNICATION_NOTICE/D_COMMUNICATION_NOTICE_PROPOSED_ADOPTION_REPORT.md,PROPOSED,PROPOSED_NOT_ADOPTED,EXCLUDED_PROPOSED,Excluded from controlling/supporting freeze because the source is proposed and not adopted.,Resolve or adopt through a later authorized guide-specific prompt before use as controlling authority.,NO,YES
CGP005-EXCL-0252,ES-CG-10,CGSRC-PROP-0044,"Platform Operations, Reliability, and Release V2.0 Canon Index Proposal",docs/canon/reviews/foundational_gap_closure/E_PLATFORM_RELIABILITY/E_PLATFORM_RELIABILITY_CANON_INDEX_PROPOSAL.md,PROPOSED,PROPOSED_NOT_ADOPTED,EXCLUDED_PROPOSED,Excluded from controlling/supporting freeze because the source is proposed and not adopted.,Resolve or adopt through a later authorized guide-specific prompt before use as controlling authority.,NO,YES
CGP005-EXCL-0253,ES-CG-10,CGSRC-PROP-0045,"Platform Operations, Reliability, and Release V2.0 Proposed Adoption Report",docs/canon/reviews/foundational_gap_closure/E_PLATFORM_RELIABILITY/E_PLATFORM_RELIABILITY_PROPOSED_ADOPTION_REPORT.md,PROPOSED,PROPOSED_NOT_ADOPTED,EXCLUDED_PROPOSED,Excluded from controlling/supporting freeze because the source is proposed and not adopted.,Resolve or adopt through a later authorized guide-specific prompt before use as controlling authority.,NO,YES
CGP005-EXCL-0254,ES-CG-10,CGSRC-PROP-0046,External Architecture and Adapter V2.0 Canon Index Proposal,docs/canon/reviews/foundational_gap_closure/F_EXTERNAL_ADAPTERS/F_EXTERNAL_ADAPTERS_CANON_INDEX_PROPOSAL.md,PROPOSED,PROPOSED_NOT_ADOPTED,EXCLUDED_PROPOSED,Excluded from controlling/supporting freeze because the source is proposed and not adopted.,Resolve or adopt through a later authorized guide-specific prompt before use as controlling authority.,NO,YES
CGP005-EXCL-0255,ES-CG-10,CGSRC-PROP-0047,External Architecture and Adapter V2.0 Adoption Status Report,docs/canon/reviews/foundational_gap_closure/F_EXTERNAL_ADAPTERS/F_EXTERNAL_ADAPTERS_PROPOSED_ADOPTION_REPORT.md,PROPOSED,PROPOSED_NOT_ADOPTED,EXCLUDED_PROPOSED,Excluded from controlling/supporting freeze because the source is proposed and not adopted.,Resolve or adopt through a later authorized guide-specific prompt before use as controlling authority.,NO,YES
CGP005-EXCL-0256,ES-CG-10,CGSRC-PROP-0048,Financial Truth and Responsibility V2.0 Canon Index Proposal,docs/canon/reviews/foundational_gap_closure/G_FINANCIAL_TRUTH/G_FINANCIAL_TRUTH_CANON_INDEX_PROPOSAL.md,PROPOSED,PROPOSED_NOT_ADOPTED,EXCLUDED_PROPOSED,Excluded from controlling/supporting freeze because the source is proposed and not adopted.,Resolve or adopt through a later authorized guide-specific prompt before use as controlling authority.,NO,YES
CGP005-EXCL-0257,ES-CG-10,CGSRC-PROP-0049,Financial Truth and Responsibility V2.0 Proposed Adoption Report,docs/canon/reviews/foundational_gap_closure/G_FINANCIAL_TRUTH/G_FINANCIAL_TRUTH_PROPOSED_ADOPTION_REPORT.md,PROPOSED,PROPOSED_NOT_ADOPTED,EXCLUDED_PROPOSED,Excluded from controlling/supporting freeze because the source is proposed and not adopted.,Resolve or adopt through a later authorized guide-specific prompt before use as controlling authority.,NO,YES
CGP005-EXCL-0258,ES-CG-10,CGSRC-PROP-0050,Global Companion Artifact Adoption Candidate Manifest.Json,docs/canon/reviews/global_companion_reconciliation_v1_0/phase_g10_g11/GLOBAL_COMPANION_ARTIFACT_ADOPTION_CANDIDATE_MANIFEST.json,PROPOSED,PROPOSED_NOT_ADOPTED,EXCLUDED_PROPOSED,Excluded from controlling/supporting freeze because the source is proposed and not adopted.,Resolve or adopt through a later authorized guide-specific prompt before use as controlling authority.,NO,YES
CGP005-EXCL-0259,ES-CG-10,CGSRC-PROP-0051,Global Companion Artifact Adoption Candidate Manifest,docs/canon/reviews/global_companion_reconciliation_v1_0/phase_g10_g11/GLOBAL_COMPANION_ARTIFACT_ADOPTION_CANDIDATE_MANIFEST.md,PROPOSED,PROPOSED_NOT_ADOPTED,EXCLUDED_PROPOSED,Excluded from controlling/supporting freeze because the source is proposed and not adopted.,Resolve or adopt through a later authorized guide-specific prompt before use as controlling authority.,NO,YES
CGP005-EXCL-0260,ES-CG-10,CGSRC-PROP-0052,AI V2.0 Controlling Source Candidate Determination,docs/canon/reviews/governance_v1_0_ai_reconciliation/resumption_exact_source/phase_r1/AI_V2_0_CONTROLLING_SOURCE_CANDIDATE_DETERMINATION.md,PROPOSED,PROPOSED_NOT_ADOPTED,EXCLUDED_PROPOSED,Excluded from controlling/supporting freeze because the source is proposed and not adopted.,Resolve or adopt through a later authorized guide-specific prompt before use as controlling authority.,NO,YES
CGP005-EXCL-0261,ES-CG-10,CGSRC-PROP-0053,AI V2.0 Source Candidate Comparison Report,docs/canon/reviews/governance_v1_0_ai_reconciliation/resumption_exact_source/phase_r1/AI_V2_0_SOURCE_CANDIDATE_COMPARISON_REPORT.md,PROPOSED,PROPOSED_NOT_ADOPTED,EXCLUDED_PROPOSED,Excluded from controlling/supporting freeze because the source is proposed and not adopted.,Resolve or adopt through a later authorized guide-specific prompt before use as controlling authority.,NO,YES
CGP005-EXCL-0262,ES-CG-10,CGSRC-PROP-0054,Ai V2 0 Source Candidate Hash Matrix.Json,docs/canon/reviews/governance_v1_0_ai_reconciliation/resumption_exact_source/phase_r1/AI_V2_0_SOURCE_CANDIDATE_HASH_MATRIX.json,PROPOSED,PROPOSED_NOT_ADOPTED,EXCLUDED_PROPOSED,Excluded from controlling/supporting freeze because the source is proposed and not adopted.,Resolve or adopt through a later authorized guide-specific prompt before use as controlling authority.,NO,YES
CGP005-EXCL-0263,ES-CG-10,CGSRC-PROP-0055,"Master Media, Files, and Digital Asset Governance V1.2 Candidate Review",docs/canon/reviews/media_files_digital_assets_v1_2/MASTER_MEDIA_FILES_AND_DIGITAL_ASSET_V1_2_CANDIDATE_REVIEW.md,PROPOSED,PROPOSED_NOT_ADOPTED,EXCLUDED_PROPOSED,Excluded from controlling/supporting freeze because the source is proposed and not adopted.,Resolve or adopt through a later authorized guide-specific prompt before use as controlling authority.,NO,YES
CGP005-EXCL-0264,ES-CG-10,CGSRC-PROP-0056,Next Phase Dependency Registry Proposal,docs/canon/reviews/next_phase_governance/NEXT_PHASE_DEPENDENCY_REGISTRY_PROPOSAL.md,PROPOSED,PROPOSED_NOT_ADOPTED,EXCLUDED_PROPOSED,Excluded from controlling/supporting freeze because the source is proposed and not adopted.,Resolve or adopt through a later authorized guide-specific prompt before use as controlling authority.,NO,YES
CGP005-EXCL-0265,ES-CG-10,CGSRC-PROP-0057,Next Phase Governance Progression Proposal,docs/canon/reviews/next_phase_governance/NEXT_PHASE_GOVERNANCE_PROGRESSION_PROPOSAL.md,PROPOSED,PROPOSED_NOT_ADOPTED,EXCLUDED_PROPOSED,Excluded from controlling/supporting freeze because the source is proposed and not adopted.,Resolve or adopt through a later authorized guide-specific prompt before use as controlling authority.,NO,YES
CGP005-EXCL-0266,ES-CG-10,CGSRC-PROP-0058,Next Workstream Candidate Ranking,docs/canon/reviews/next_phase_governance/NEXT_WORKSTREAM_CANDIDATE_RANKING.md,PROPOSED,PROPOSED_NOT_ADOPTED,EXCLUDED_PROPOSED,Excluded from controlling/supporting freeze because the source is proposed and not adopted.,Resolve or adopt through a later authorized guide-specific prompt before use as controlling authority.,NO,YES
CGP005-EXCL-0267,ES-CG-10,CGSRC-PROP-0059,Safeguarding V1 2 Adoption Candidate Review Data.Json,docs/canon/reviews/parallel_safeguarding_companion_reconciliation_v1_0/adoption_candidate_review/SAFEGUARDING_V1_2_ADOPTION_CANDIDATE_REVIEW_DATA.json,PROPOSED,PROPOSED_NOT_ADOPTED,EXCLUDED_PROPOSED,Excluded from controlling/supporting freeze because the source is proposed and not adopted.,Resolve or adopt through a later authorized guide-specific prompt before use as controlling authority.,NO,YES
CGP005-EXCL-0268,ES-CG-10,CGSRC-PROP-0060,Safeguarding V1.2 AI Reconciliation,docs/canon/reviews/parallel_safeguarding_companion_reconciliation_v1_0/adoption_candidate_review/SAFEGUARDING_V1_2_AI_RECONCILIATION.md,PROPOSED,PROPOSED_NOT_ADOPTED,EXCLUDED_PROPOSED,Excluded from controlling/supporting freeze because the source is proposed and not adopted.,Resolve or adopt through a later authorized guide-specific prompt before use as controlling authority.,NO,YES
CGP005-EXCL-0269,ES-CG-10,CGSRC-PROP-0061,Safeguarding V1.2 Cross-Canon Reference Report,docs/canon/reviews/parallel_safeguarding_companion_reconciliation_v1_0/adoption_candidate_review/SAFEGUARDING_V1_2_CROSS_CANON_REFERENCE_REPORT.md,PROPOSED,PROPOSED_NOT_ADOPTED,EXCLUDED_PROPOSED,Excluded from controlling/supporting freeze because the source is proposed and not adopted.,Resolve or adopt through a later authorized guide-specific prompt before use as controlling authority.,NO,YES
CGP005-EXCL-0270,ES-CG-10,CGSRC-PROP-0062,Safeguarding V1.2 Decision-to-Section Traceability,docs/canon/reviews/parallel_safeguarding_companion_reconciliation_v1_0/adoption_candidate_review/SAFEGUARDING_V1_2_DECISION_TO_SECTION_TRACEABILITY.md,PROPOSED,PROPOSED_NOT_ADOPTED,EXCLUDED_PROPOSED,Excluded from controlling/supporting freeze because the source is proposed and not adopted.,Resolve or adopt through a later authorized guide-specific prompt before use as controlling authority.,NO,YES
CGP005-EXCL-0271,ES-CG-10,CGSRC-PROP-0063,Safeguarding V1.2 Equine Health Reconciliation,docs/canon/reviews/parallel_safeguarding_companion_reconciliation_v1_0/adoption_candidate_review/SAFEGUARDING_V1_2_EQUINE_HEALTH_RECONCILIATION.md,PROPOSED,PROPOSED_NOT_ADOPTED,EXCLUDED_PROPOSED,Excluded from controlling/supporting freeze because the source is proposed and not adopted.,Resolve or adopt through a later authorized guide-specific prompt before use as controlling authority.,NO,YES
CGP005-EXCL-0272,ES-CG-10,CGSRC-PROP-0064,Safeguarding V1.2 Requirement-to-Section Traceability,docs/canon/reviews/parallel_safeguarding_companion_reconciliation_v1_0/adoption_candidate_review/SAFEGUARDING_V1_2_REQUIREMENT_TO_SECTION_TRACEABILITY.md,PROPOSED,PROPOSED_NOT_ADOPTED,EXCLUDED_PROPOSED,Excluded from controlling/supporting freeze because the source is proposed and not adopted.,Resolve or adopt through a later authorized guide-specific prompt before use as controlling authority.,NO,YES
CGP005-EXCL-0273,ES-CG-10,CGSRC-PROP-0065,Safeguarding V1.2 Section Disposition History,docs/canon/reviews/parallel_safeguarding_companion_reconciliation_v1_0/adoption_candidate_review/SAFEGUARDING_V1_2_SECTION_DISPOSITION_HISTORY.md,PROPOSED,PROPOSED_NOT_ADOPTED,EXCLUDED_PROPOSED,Excluded from controlling/supporting freeze because the source is proposed and not adopted.,Resolve or adopt through a later authorized guide-specific prompt before use as controlling authority.,NO,YES
CGP005-EXCL-0274,ES-CG-10,CGSRC-PROP-0066,Safeguarding V1.2 Source and Version Manifest,docs/canon/reviews/parallel_safeguarding_companion_reconciliation_v1_0/adoption_candidate_review/SAFEGUARDING_V1_2_SOURCE_AND_VERSION_MANIFEST.md,PROPOSED,PROPOSED_NOT_ADOPTED,EXCLUDED_PROPOSED,Excluded from controlling/supporting freeze because the source is proposed and not adopted.,Resolve or adopt through a later authorized guide-specific prompt before use as controlling authority.,NO,YES
CGP005-EXCL-0275,ES-CG-10,CGSRC-PROP-0067,Safeguarding V1.2 Validation Report,docs/canon/reviews/parallel_safeguarding_companion_reconciliation_v1_0/adoption_candidate_review/SAFEGUARDING_V1_2_VALIDATION_REPORT.md,PROPOSED,PROPOSED_NOT_ADOPTED,EXCLUDED_PROPOSED,Excluded from controlling/supporting freeze because the source is proposed and not adopted.,Resolve or adopt through a later authorized guide-specific prompt before use as controlling authority.,NO,YES
CGP005-EXCL-0276,ES-CG-10,CGSRC-PROP-0069,"date: ""July 15, 2026""",docs/canon/reviews/parallel_safeguarding_companion_reconciliation_v1_0/subordinate/SAFEGUARDING_CONSTITUTIONAL_TEST_CATALOG_V1_0_CANDIDATE.md,PROPOSED,PROPOSED_NOT_ADOPTED,EXCLUDED_PROPOSED,Excluded from controlling/supporting freeze because the source is proposed and not adopted.,Resolve or adopt through a later authorized guide-specific prompt before use as controlling authority.,NO,YES
CGP005-EXCL-0277,ES-CG-10,CGSRC-PROP-0070,"date: ""July 15, 2026""",docs/canon/reviews/parallel_safeguarding_companion_reconciliation_v1_0/subordinate/SAFEGUARDING_IMPLEMENTATION_READINESS_STANDARD_V1_0_CANDIDATE.md,PROPOSED,PROPOSED_NOT_ADOPTED,EXCLUDED_PROPOSED,Excluded from controlling/supporting freeze because the source is proposed and not adopted.,Resolve or adopt through a later authorized guide-specific prompt before use as controlling authority.,NO,YES
