conflict_type,severity,paths,evidence,accession_disposition
DUPLICATE_BYTES,INFO_REVIEW,docs/canon/candidates/MASTER_FINANCIAL_TRUTH_AND_RESPONSIBILITY_MODEL_V2_0.md | docs/canon/history/MASTER_FINANCIAL_TRUTH_AND_RESPONSIBILITY_MODEL_V2_0_CANDIDATE.md,002f5d7517fa11659fd14d4add2ca6351f9a14112d797e020b0881d1e1e7e7e5,byte-identical duplicates preserved and mapped
DUPLICATE_BYTES,INFO_REVIEW,docs/canon/MASTER_BUSINESS_LIFECYCLE.md | docs/canon/reviews/foundational_canon_source_certification_v1_0/source_event/MASTER_BUSINESS_LIFECYCLE_V2_0_FOUNDER_CERTIFIED_CURRENT_SOURCE.md | docs/canon/reviews/governance_v1_0_c0_phase_c_hash_version_recovery/track_c/C0_016/current_repository_source/MASTER_BUSINESS_LIFECYCLE.md,063339ec8b8aab20908742675013692de2dbb56f018939bac71371b8366d2466,byte-identical duplicates preserved and mapped
DUPLICATE_BYTES,INFO_REVIEW,docs/canon/MASTER_FINANCIAL_TRUTH_AND_RESPONSIBILITY_MODEL_V2_1.md | docs/canon/history/MASTER_FINANCIAL_TRUTH_AND_RESPONSIBILITY_MODEL_V2_1_FOUNDER_APPROVED_SOURCE.md,0a5302bba0240ba6acd9871b7453916ff212f91ce2f1622b9a4e236701f52604,byte-identical duplicates preserved and mapped
DUPLICATE_BYTES,INFO_REVIEW,docs/canon/MASTER_EXTERNAL_ARCHITECTURE_AND_ADAPTER_MODEL_V2_0.md | docs/canon/candidates/MASTER_EXTERNAL_ARCHITECTURE_AND_ADAPTER_MODEL_V2_0.md,0cdad90cb5929588ee137e9835f6b499c3651159381960fbfad436dfcd0fa18d,byte-identical duplicates preserved and mapped
DUPLICATE_BYTES,INFO_REVIEW,docs/canon/adopted_sources/MASTER_DATA_PROTECTION_ENCRYPTION_AND_KEY_MANAGEMENT_MODEL_V1_0_ADOPTED_SOURCE.md | docs/canon/candidates/MASTER_DATA_PROTECTION_ENCRYPTION_AND_KEY_MANAGEMENT_MODEL_V1_0.md,0fa543e25a2cffe75e9d07b68ccf0adefb8ae31e10c05afd5f1b84ee452a23ba,byte-identical duplicates preserved and mapped
DUPLICATE_BYTES,INFO_REVIEW,docs/canon/candidates/MASTER_PLATFORM_OPERATIONS_RELIABILITY_AND_RELEASE_MODEL_V2_0.md | docs/canon/reviews/eight_canon_founder_approval_reconciliation_v1_0/predecessors/MASTER_PLATFORM_OPERATIONS_RELIABILITY_AND_RELEASE_MODEL_V2_0.md,16b3cbd473196903fdb1a3586b9e7e827ad8444a91633bf2e982cb821cecdaf7,byte-identical duplicates preserved and mapped
DUPLICATE_BYTES,INFO_REVIEW,docs/canon/companions/GLOBAL_SUPERSESSION_REGISTER.md | docs/canon/reviews/global_companion_reconciliation_v1_0/phase_g8/GLOBAL_SUPERSESSION_REGISTER.md,1765b3b14532ee0d6fe54ccc12b6ba9d28ddef4be6707adc5e2a713d0640e052,byte-identical duplicates preserved and mapped
DUPLICATE_BYTES,INFO_REVIEW,docs/canon/adopted_sources/MASTER_SEARCH_DISCOVERY_RANKING_AND_RETRIEVAL_MODEL_V2_0_ADOPTED_SOURCE.md | docs/canon/founder_approved_sources/MASTER_SEARCH_DISCOVERY_RANKING_AND_RETRIEVAL_MODEL_V2_0_FOUNDER_APPROVED.md,18ce9cde3f1ac8f8b01bfc72ed8dfcf066cd6434a1e1b3f0c40bfe127958ca67,byte-identical duplicates preserved and mapped
DUPLICATE_BYTES,INFO_REVIEW,docs/canon/MASTER_IDENTITY_ACCOUNT_AND_ACTOR_MODEL_V2_0.md | docs/canon/candidates/MASTER_IDENTITY_ACCOUNT_AND_ACTOR_MODEL_V2_0.md,1c79c20a2edd2e7e3907e875679c5871d53c146a226364fb0cc3f956d39f5d0e,byte-identical duplicates preserved and mapped
DUPLICATE_BYTES,INFO_REVIEW,docs/canon/MASTER_PERMISSION_MODEL.md | docs/canon/reviews/governance_v1_0_c0_phase_c_hash_version_recovery/track_c/C0_022/current_repository_source/MASTER_PERMISSION_MODEL.md,2034979a0fe77fd89ba065ecf9d309f5897641b6c38c9bde7c69dc8ac06adeab,byte-identical duplicates preserved and mapped
DUPLICATE_BYTES,INFO_REVIEW,governance/implementation/code-guides/registers/CODE_GUIDE_OPEN_DECISION_REGISTER.csv | governance/implementation/code-guides/registers/OPEN_DECISION_REGISTER.csv,28d63832c54a7804514bbc1ce8d4bb65bc688a31086fbc2ce291d38b69ea86f3,byte-identical duplicates preserved and mapped
DUPLICATE_BYTES,INFO_REVIEW,governance/pia/items/01_identity_account_actor_onboarding/source_package/SUPPORTING_PROGRAM_AUTHORITY/FOUNDER_GOVERNANCE_DISPOSITION_TEN_PIA_DOCUMENTARY_BASELINES_2026-07-23.md | governance/pia/items/05_core_navigation_search_application_shell/source_branch_tree/docs/canon/reviews/core_navigation_search_application_shell_pia_v0_4_0/02_fresh_review_and_reconciliation/02_founder_records/FOUNDER_GOVERNANCE_DISPOSITION_TEN_PIA_DOCUMENTARY_BASELINES_2026-07-23.md,2d2a598f8ac79001e477b39b278178b6874bef388975cbb515354896a01d7425,byte-identical duplicates preserved and mapped
DUPLICATE_BYTES,INFO_REVIEW,docs/canon/adopted_sources/MASTER_SEARCH_DISCOVERY_RANKING_AND_RETRIEVAL_MODEL_V2_0_ADOPTED_SOURCE.docx | docs/canon/founder_approved_sources/MASTER_SEARCH_DISCOVERY_RANKING_AND_RETRIEVAL_MODEL_V2_0_FOUNDER_APPROVED.docx,2edefbc260e0a0c1f1c55b300f0e7cc6af8af1cf81efe98bc34ce699c7fe25eb,byte-identical duplicates preserved and mapped
DUPLICATE_BYTES,INFO_REVIEW,docs/canon/reviews/privacy_reporting_exact_source_reconciliation_v1_0/mounted_sources/MASTER_PRIVACY_AND_DATA_PROTECTION_MODEL_V2_0_REVIEWED_DRAFT.md | docs/canon/reviews/privacy_reporting_format_counterpart_completion_v1_0/exact_sources/MASTER_PRIVACY_AND_DATA_PROTECTION_MODEL_V2_0_REVIEWED_DRAFT.md,30858ed46725a8adaf7104193525aa1074dd8421555ded92ede034ec3339202e,byte-identical duplicates preserved and mapped
DUPLICATE_BYTES,INFO_REVIEW,docs/canon/adopted_sources/MASTER_AUDIT_EVENT_AND_EVIDENCE_MODEL_V2_0_ADOPTED_SOURCE.md | docs/canon/candidates/MASTER_AUDIT_EVENT_AND_EVIDENCE_MODEL_V2_0_FOUNDER_APPROVED.md,321aefaeee9f04ad927c01d96e4b05549713c118f9868b7fccf7a8e9b53d8ea2,byte-identical duplicates preserved and mapped
DUPLICATE_BYTES,INFO_REVIEW,governance/pia/items/08_lessons_training_rider_guardian/source_package/EquineSync_Item_08_LTRG_Canonical_Remediation_Package_2026-07-23/ITEM_08_LTRG_V0_2_1_CANONICAL_REMEDIATION_PACKAGE/HISTORICAL_ITEM_07_LTRG_EVIDENCE_PRESERVED/HISTORICAL_DIRECTIVE/CODEX_DIRECTIVE_ITEM_07_HISTORICAL.md | governance/pia/items/08_lessons_training_rider_guardian/source_package/EquineSync_Item_08_LTRG_Canonical_Remediation_Package_2026-07-23/ITEM_08_LTRG_V0_2_1_CANONICAL_REMEDIATION_PACKAGE/HISTORICAL_ITEM_07_LTRG_EVIDENCE_PRESERVED/HISTORICAL_ITEM_07_BLOCKED_INTAKE/EXTRACTED/EquineSync_Item_07_LTRG_PIA_V0_2_Codex_Handoff/CODEX_DIRECTIVE.md,38c230717c55fc4777bb40b283b54cd88c05a70e1c174ff1e057cd4a27c0efa1,byte-identical duplicates preserved and mapped
DUPLICATE_BYTES,INFO_REVIEW,docs/canon/adopted_sources/MASTER_SECURITY_INCIDENT_RESPONSE_AND_DISCLOSURE_MODEL_V1_0_ADOPTED_SOURCE.md | docs/canon/candidates/MASTER_SECURITY_INCIDENT_RESPONSE_AND_DISCLOSURE_MODEL_V1_0.md,3dafa7991acc40eb321cdfeae5b9caa59dbf0a41f5184bee36ec9defb0b59734,byte-identical duplicates preserved and mapped
DUPLICATE_BYTES,INFO_REVIEW,docs/canon/MASTER_BARN_LIFECYCLE.md | docs/canon/reviews/governance_v1_0_c0_phase_c_hash_version_recovery/track_c/C0_015/current_repository_source/MASTER_BARN_LIFECYCLE.md,3e7428771d3d8868e801e80551912a8f6284f5a4d53698d170d4b67b3be13553,byte-identical duplicates preserved and mapped
DUPLICATE_BYTES,INFO_REVIEW,docs/canon/adopted_sources/MASTER_HORSE_LIFECYCLE_V3_1_ADOPTED_SOURCE.md | docs/canon/reviews/foundational_canon_source_certification_v1_0/source_event/six_reviewed_candidates/MASTER_HORSE_LIFECYCLE_V3_1_REVIEWED_CANDIDATE.md,41313d11aae592d041decaf34e5a131863423e843057d47864e666bdea21e6bf,byte-identical duplicates preserved and mapped
DUPLICATE_BYTES,INFO_REVIEW,docs/canon/MASTER_AI_GOVERNANCE_AND_DECISION_BOUNDARY_MODEL_V2_0.docx | docs/canon/reviews/governance_v1_0_ai_reconciliation/resumption_exact_source/source_uploaded/MASTER_AI_GOVERNANCE_AND_DECISION_BOUNDARY_MODEL_V2_0_FOUNDER_APPROVED.docx,414e912c9caec58573558a5fa3e7519db59506b7a903879db3af33e840c0d1e8,byte-identical duplicates preserved and mapped
DUPLICATE_BYTES,INFO_REVIEW,docs/canon/MASTER_ECOSYSTEM_MODEL.md | docs/canon/reviews/governance_v1_0_c0_phase_c_hash_version_recovery/track_c/C0_005/current_repository_source/MASTER_ECOSYSTEM_MODEL.md,4344294c05b4b5483ff23497f198edb18e8bcb54d93410266791a57809107533,byte-identical duplicates preserved and mapped
DUPLICATE_BYTES,INFO_REVIEW,docs/canon/adopted_sources/MASTER_MEDIA_FILES_AND_DIGITAL_ASSET_GOVERNANCE_MODEL_V2_1_ADOPTED_SOURCE.md | docs/canon/reviews/stage0_companion_reconciliation_v1_2/MASTER_MEDIA_FILES_AND_DIGITAL_ASSET_GOVERNANCE_MODEL_V2_1.md,443ee842c3ba675980353784763dfe76c6c8231532cac24dc8badca315706402,byte-identical duplicates preserved and mapped
DUPLICATE_BYTES,INFO_REVIEW,docs/canon/MASTER_RECORD_STEWARDSHIP_AND_RETENTION_MODEL_V2_1.md | docs/canon/adopted_sources/MASTER_RECORD_STEWARDSHIP_AND_RETENTION_MODEL_V2_1_ADOPTED_SOURCE.md,4623fb036481a4ffea4e7edde53fa6e83e9a81f062251c8371e242219f524c2a,byte-identical duplicates preserved and mapped
DUPLICATE_BYTES,INFO_REVIEW,docs/canon/adopted_sources/MASTER_CONFIGURATION_AND_FEATURE_FLAG_GOVERNANCE_MODEL_V2_0_ADOPTED_SOURCE.docx | docs/canon/founder_approved_sources/MASTER_CONFIGURATION_AND_FEATURE_FLAG_GOVERNANCE_MODEL_V2_0_FOUNDER_APPROVED.docx,49c6d4a71c07456bb6728af1b1f4c46254c7e616ec68663ca405e3f17f856712,byte-identical duplicates preserved and mapped
DUPLICATE_BYTES,INFO_REVIEW,governance/pia/items_01_06_10_remediation/prior_audits_and_plans/PIA_CANONICAL_REPOSITORY_INTEGRATION_BLOCKED_RECEIPT.md | governance/pia/items_07_10_integration/prior_receipts_and_plans/PIA_CANONICAL_REPOSITORY_INTEGRATION_BLOCKED_RECEIPT.md,529fb426ead86d8369e1de59a7d903190f7f7514216359620f34c4f577616160,byte-identical duplicates preserved and mapped
DUPLICATE_BYTES,INFO_REVIEW,governance/pia/items/07_care_operations/founder_disposition/ITEM_07_CARE_FOUNDER_DISPOSITION_RECORD_EXECUTED.md | governance/pia/items_07_10_integration/founder_disposition_batch/EquineSync_PIA_Items_07_10_Founder_Disposition_Batch_EXECUTED_2026-07-24/ITEM_07_CARE_FOUNDER_DISPOSITION_RECORD_EXECUTED.md,5ef2d41314c643497352a8f6fce8c51c5ef0f2697b8afcd3a56644ca421b148a,byte-identical duplicates preserved and mapped
DUPLICATE_BYTES,INFO_REVIEW,governance/pia/items/01_identity_account_actor_onboarding/source_package/ITEM_01_IDENTITY_EXECUTED_DISPOSITION_REPOSITORY_INTEGRATION_BLOCKED_RECEIPT.md | governance/pia/items/01_identity_account_actor_onboarding/source_package/RECEIPTS/ITEM_01_IDENTITY_EXECUTED_DISPOSITION_REPOSITORY_INTEGRATION_BLOCKED_RECEIPT.md,60419178c84e88dfb9e426018c937e8093ecb0815f5da38a3b39cdf98bc7661a,byte-identical duplicates preserved and mapped
DUPLICATE_BYTES,INFO_REVIEW,docs/canon/reviews/drafting_equine_health_welfare_medical_v1_0/MASTER_EQUINE_HEALTH_WELFARE_MEDICAL_RECORD_AND_CLINICAL_SUPPORT_MODEL_V1_0_DRAFT.md | docs/canon/reviews/equine_health_founder_decision_reconciliation_v1_1/history/MASTER_EQUINE_HEALTH_WELFARE_MEDICAL_RECORD_AND_CLINICAL_SUPPORT_MODEL_V1_0_DRAFT.md,6087aa3c6c56e58117937bd226f582ee302a8cc49c78277134fead5ce58834ea,byte-identical duplicates preserved and mapped
DUPLICATE_BYTES,INFO_REVIEW,docs/canon/candidates/MASTER_AGREEMENT_CONSENT_AND_AUTHORIZATION_MODEL_V2_0.md | docs/canon/history/agreement_consent_authorization_v2_0/MASTER_AGREEMENT_CONSENT_AND_AUTHORIZATION_MODEL_V2_0_HISTORICAL_SUPERSEDED_CANDIDATE.md | docs/canon/reviews/governance_v1_0_c0_phase_c_hash_version_recovery/track_c/C0_019/current_repository_source/MASTER_AGREEMENT_CONSENT_AND_AUTHORIZATION_MODEL_V2_0.md,630b6128e37734be01a40d64b80d9fb4d74fce48198c60f9fcbd1a2ef83c232b,byte-identical duplicates preserved and mapped
DUPLICATE_BYTES,INFO_REVIEW,docs/canon/adopted_sources/MASTER_DEVELOPER_PLATFORM_AND_INTEGRATION_GOVERNANCE_MODEL_V2_0_ADOPTED_SOURCE.md | docs/canon/founder_approved_sources/MASTER_DEVELOPER_PLATFORM_AND_INTEGRATION_GOVERNANCE_MODEL_V2_0_FOUNDER_APPROVED.md,6688f58a9fcfbe55eb22d4e87a77bda7bf95899c4d46d9c11aecb18f26eb546e,byte-identical duplicates preserved and mapped
DUPLICATE_BYTES,INFO_REVIEW,docs/canon/adopted_sources/MASTER_ECOSYSTEM_MODEL_V2_1_ADOPTED_SOURCE.md | docs/canon/reviews/foundational_canon_source_certification_v1_0/source_event/six_reviewed_candidates/MASTER_ECOSYSTEM_MODEL_V2_1_REVIEWED_CANDIDATE.md,67175779abfe8ff2dee0ff7b1b8c06eee42943052071bbad1f65439c73696d07,byte-identical duplicates preserved and mapped
DUPLICATE_BYTES,INFO_REVIEW,docs/canon/adopted_sources/MASTER_ECOSYSTEM_MODEL_V2_1_ADOPTED_SOURCE.docx | docs/canon/reviews/foundational_canon_source_certification_v1_0/source_event/six_reviewed_candidates/MASTER_ECOSYSTEM_MODEL_V2_1_REVIEWED_CANDIDATE.docx,6754ecd64d3468aad79c80dee2aa0390ae0489f0c0d88b693556e048d929b13e,byte-identical duplicates preserved and mapped
DUPLICATE_BYTES,INFO_REVIEW,docs/canon/adopted_sources/MASTER_BARN_LIFECYCLE_V3_1_ADOPTED_SOURCE.docx | docs/canon/reviews/foundational_canon_source_certification_v1_0/source_event/six_reviewed_candidates/MASTER_BARN_LIFECYCLE_V3_1_REVIEWED_CANDIDATE.docx,68e36eeed2cb1134641d352cf31fe32cb34d49dfdb8ef8e2f81759ead37c0349,byte-identical duplicates preserved and mapped
DUPLICATE_BYTES,INFO_REVIEW,governance/implementation/code-guides/drafting/CGP-006/WAVE_1_V1_1_GUIDE_COMPLETION_AND_ADOPTION_CANDIDATE_PREPARATION/REPRESENTATIVE_SCENARIO_MASTER_REGISTER.csv | governance/implementation/code-guides/drafting/CGP-006/WAVE_1_V1_1_GUIDE_COMPLETION_AND_ADOPTION_CANDIDATE_PREPARATION/guides/ES-CG-13/REPRESENTATIVE_SCENARIO_VALIDATION.csv,698b42660c77cfabac17ffec26db2f804cd907254c3f8b041172ae7c7f080540,byte-identical duplicates preserved and mapped
DUPLICATE_BYTES,INFO_REVIEW,docs/canon/adopted_sources/MASTER_HORSE_LIFECYCLE_V3_1_ADOPTED_SOURCE.docx | docs/canon/reviews/foundational_canon_source_certification_v1_0/source_event/six_reviewed_candidates/MASTER_HORSE_LIFECYCLE_V3_1_REVIEWED_CANDIDATE.docx,6a27c84261f5404dc5503f09422f5766e3cd2dbb2389126e9e2ed5ddc56b3476,byte-identical duplicates preserved and mapped
DUPLICATE_BYTES,INFO_REVIEW,docs/canon/adopted_sources/MASTER_DEVELOPER_PLATFORM_AND_INTEGRATION_GOVERNANCE_MODEL_V2_0_ADOPTED_SOURCE.docx | docs/canon/founder_approved_sources/MASTER_DEVELOPER_PLATFORM_AND_INTEGRATION_GOVERNANCE_MODEL_V2_0_FOUNDER_APPROVED.docx,6bcea8536ac5438e551f60d16afa3377d4769c1599cb1e230b802630bf9348d8,byte-identical duplicates preserved and mapped
DUPLICATE_BYTES,INFO_REVIEW,docs/canon/adopted_sources/MASTER_PERMISSION_AND_ACCESS_CONTROL_MODEL_V1_1_ADOPTED_SOURCE.md | docs/canon/reviews/c0_022_permission_v1_1_source_identity_confirmation/source_event/MASTER_PERMISSION_MODEL_V1_1_FOUNDER_CONFIRMED_CONTROLLING_SOURCE.md | docs/canon/reviews/governance_v1_0_c0_phase_c_hash_version_recovery/track_c/C0_022/recovered_sources/MASTER_PERMISSION_MODEL_V1_1.md,6e3f4160e4166831cfe4f154032ff7648a5a44b70762289252c615e98b899fa3,byte-identical duplicates preserved and mapped
DUPLICATE_BYTES,INFO_REVIEW,governance/pia/items/05_core_navigation_search_application_shell/source_branch_tree/docs/canon/reviews/core_navigation_search_application_shell_pia_v0_4_0/01_complete_documentary_package/01_pia/EquineSync_Core_Navigation_Search_Application_Shell_PIA_V0_4_0_Complete_Documentary_Candidate.md | governance/pia/items/05_core_navigation_search_application_shell/source_branch_tree/docs/canon/reviews/core_navigation_search_application_shell_pia_v0_4_0/02_fresh_review_and_reconciliation/01_controlling_source/EquineSync_Core_Navigation_Search_Application_Shell_PIA_V0_4_0_Complete_Documentary_Candidate.md,700dccb832bde4b69eb72e3e7b0add95a042cbcfe6eadc0e2562a01aa51e632b,byte-identical duplicates preserved and mapped
DUPLICATE_BYTES,INFO_REVIEW,docs/canon/adopted_sources/MASTER_VENDOR_SECURITY_AND_SUPPLY_CHAIN_MODEL_V2_0_ADOPTED_SOURCE.md | docs/canon/founder_approved_sources/MASTER_VENDOR_SECURITY_AND_SUPPLY_CHAIN_MODEL_V2_0_FOUNDER_APPROVED.md,7561351c796d433ac6b9da1eb66eccc53acc2244c764903f6a844d44da704361,byte-identical duplicates preserved and mapped
DUPLICATE_BYTES,INFO_REVIEW,docs/canon/companions/GLOBAL_SUPERSESSION_REGISTER.json | docs/canon/reviews/global_companion_reconciliation_v1_0/phase_g8/GLOBAL_SUPERSESSION_REGISTER.json,7f1cd2e7c98d17890c9c2815464d07a6811f5de58006ae2882752584e3c65367,byte-identical duplicates preserved and mapped
DUPLICATE_BYTES,INFO_REVIEW,governance/pia/items/08_lessons_training_rider_guardian/source_package/EquineSync_Item_08_LTRG_Canonical_Remediation_Package_2026-07-23/ITEM_08_LTRG_V0_2_1_CANONICAL_REMEDIATION_PACKAGE/HISTORICAL_ITEM_07_LTRG_EVIDENCE_PRESERVED/REMEDIATION_DIRECTIVES/EquineSync_Item_08_LTRG_PIA_V0_2_1_Canonical_Remediation_CODEX_DIRECTIVE (1).md | governance/pia/items/08_lessons_training_rider_guardian/source_package/EquineSync_Item_08_LTRG_Canonical_Remediation_Package_2026-07-23/ITEM_08_LTRG_V0_2_1_CANONICAL_REMEDIATION_PACKAGE/HISTORICAL_ITEM_07_LTRG_EVIDENCE_PRESERVED/REMEDIATION_DIRECTIVES/EquineSync_Item_08_LTRG_PIA_V0_2_1_Canonical_Remediation_CODEX_DIRECTIVE.md | governance/pia/items/08_lessons_training_rider_guardian/source_package/EquineSync_Item_08_LTRG_Canonical_Remediation_Package_2026-07-23/ITEM_08_LTRG_V0_2_1_CANONICAL_REMEDIATION_PACKAGE/HISTORICAL_ITEM_07_LTRG_EVIDENCE_PRESERVED/REMEDIATION_DIRECTIVES/R15_REPEAT_UPLOAD/EquineSync_Item_08_LTRG_PIA_V0_2_1_Canonical_Remediation_CODEX_DIRECTIVE (2).md,7f2b40ec55ce0f4fc9d3e1466190536ed66931a2d19236eca9079b124e893835,byte-identical duplicates preserved and mapped
DUPLICATE_BYTES,INFO_REVIEW,docs/canon/adopted_sources/MASTER_FACILITY_DOMAIN_MODEL_V2_1_ADOPTED_SOURCE.md | docs/canon/reviews/foundational_canon_source_certification_v1_0/source_event/six_reviewed_candidates/MASTER_FACILITY_DOMAIN_MODEL_V2_1_REVIEWED_CANDIDATE.md,8323b8402c3d445fe2b8d363caf16bb2a8eb4e08b0b37bd36b90ee69092a698d,byte-identical duplicates preserved and mapped
DUPLICATE_BYTES,INFO_REVIEW,docs/canon/adopted_sources/MASTER_MINOR_GUARDIANSHIP_SAFEGUARDING_AND_PROTECTED_PARTICIPANT_MODEL_V1_2_ADOPTED_SOURCE.md | docs/canon/candidates/MASTER_MINOR_GUARDIANSHIP_SAFEGUARDING_AND_PROTECTED_PARTICIPANT_MODEL_V1_2_RECONCILED_ADOPTION_CANDIDATE.md,83ed4cae3d88e8f9921f8bed971ac9e4c49007c5f847aa704ce4eecae814bdbd,byte-identical duplicates preserved and mapped
DUPLICATE_BYTES,INFO_REVIEW,docs/canon/reviews/privacy_reporting_exact_source_reconciliation_v1_0/source_event/CODEX_PROMPT_PRIVACY_AND_REPORTING_EXACT_SOURCE_RECONCILIATION.md | docs/canon/reviews/privacy_reporting_exact_source_reconciliation_v1_0/source_event/CODEX_PROMPT_PRIVACY_AND_REPORTING_EXACT_SOURCE_RECONCILIATION.txt,8436b4f8dbecb39a97bf26775aa1c7247eea61fd3b686a8adf5c4997872ce816,byte-identical duplicates preserved and mapped
DUPLICATE_BYTES,INFO_REVIEW,docs/canon/adopted_sources/MASTER_VENDOR_SECURITY_AND_SUPPLY_CHAIN_MODEL_V2_0_ADOPTED_SOURCE.docx | docs/canon/founder_approved_sources/MASTER_VENDOR_SECURITY_AND_SUPPLY_CHAIN_MODEL_V2_0_FOUNDER_APPROVED.docx,8b79ad1b9541656cccedbe32be7b0e6bb553b212c469bbf10e6d47d0e9f60198,byte-identical duplicates preserved and mapped
DUPLICATE_BYTES,INFO_REVIEW,docs/canon/adopted_sources/MASTER_PLATFORM_EXTENSIBILITY_AND_PLUGIN_GOVERNANCE_MODEL_V2_0_ADOPTED_SOURCE.docx | docs/canon/founder_approved_sources/MASTER_PLATFORM_EXTENSIBILITY_AND_PLUGIN_GOVERNANCE_MODEL_V2_0_FOUNDER_APPROVED.docx,91bd21a767798e812788efc13623ba2a868d9bdbde8b77c9068e6177df4e5fc3,byte-identical duplicates preserved and mapped
DUPLICATE_BYTES,INFO_REVIEW,governance/pia/items/10_owner_portal_communications_archival_only/founder_disposition/ITEM_10_OPC_FOUNDER_DISPOSITION_RECORD_EXECUTED.md | governance/pia/items_07_10_integration/founder_disposition_batch/EquineSync_PIA_Items_07_10_Founder_Disposition_Batch_EXECUTED_2026-07-24/ITEM_10_OPC_FOUNDER_DISPOSITION_RECORD_EXECUTED.md,99406f0aabd0f7896e94b0c0664e453ae4fc178bc5aa8a6575b081bdafed55a0,byte-identical duplicates preserved and mapped
DUPLICATE_BYTES,INFO_REVIEW,docs/canon/adopted_sources/MASTER_PLATFORM_RESILIENCE_BACKUP_AND_RECOVERY_OPERATIONAL_MODEL_V1_0_ADOPTED_SOURCE.md | docs/canon/candidates/MASTER_PLATFORM_RESILIENCE_BACKUP_AND_RECOVERY_OPERATIONAL_MODEL_V1_0.md,9a75d2d0984c929afd6df3d51f3f6135c57443ea34a0205395325f1413095565,byte-identical duplicates preserved and mapped
DUPLICATE_BYTES,INFO_REVIEW,docs/canon/adopted_sources/MASTER_PLATFORM_OPERATIONS_RELIABILITY_AND_RELEASE_MODEL_V2_0_ADOPTED_SOURCE.docx | docs/canon/founder_approved_sources/MASTER_PLATFORM_OPERATIONS_RELIABILITY_AND_RELEASE_MODEL_V2_0_FOUNDER_APPROVED.docx,9ad61b8a2d3004488dd7d8dba145149d1764d75c278ba29d877edb39695a24a7,byte-identical duplicates preserved and mapped
DUPLICATE_BYTES,INFO_REVIEW,docs/canon/adopted_sources/MASTER_BUSINESS_LIFECYCLE_V2_1_ADOPTED_SOURCE.docx | docs/canon/reviews/foundational_canon_source_certification_v1_0/source_event/six_reviewed_candidates/MASTER_BUSINESS_LIFECYCLE_V2_1_REVIEWED_CANDIDATE.docx,9ba9ac3a021979badcba1c4d2c75c03e02b5fbcf33687e40dc9668da40c42d91,byte-identical duplicates preserved and mapped
DUPLICATE_BYTES,INFO_REVIEW,docs/canon/adoptions/c0_batch_1/C0_BATCH_1_TRACK_B_ADOPTION_HASH_MANIFEST.json | docs/canon/reviews/governance_v1_0_c0_lifecycle_completion_batch_1/track_b/C0_BATCH_1_TRACK_B_ADOPTED_SOURCE_MANIFEST.json,9fc4ccd7959394e05397d67d0f9bd2db624ad5b876c1ba843063b35ce51340d0,byte-identical duplicates preserved and mapped
DUPLICATE_BYTES,INFO_REVIEW,docs/canon/adopted_sources/MASTER_BUSINESS_LIFECYCLE_V2_1_ADOPTED_SOURCE.md | docs/canon/reviews/foundational_canon_source_certification_v1_0/source_event/six_reviewed_candidates/MASTER_BUSINESS_LIFECYCLE_V2_1_REVIEWED_CANDIDATE.md,a07b0ba2fc6c3c0ce5b9db3f56c5f26fcda8d87e5f4f115a02e19b6b5fb4b37d,byte-identical duplicates preserved and mapped
DUPLICATE_BYTES,INFO_REVIEW,docs/canon/adopted_sources/MASTER_CLAIMS_DISPUTES_AND_AUTHORITY_MODEL_V2_0_ADOPTED_SOURCE.md | docs/canon/intake/MASTER_CLAIMS_DISPUTES_AND_AUTHORITY_MODEL_V2_0_FOUNDER_SOURCE.md | docs/canon/reviews/foundational_canon_source_certification_v1_0/source_event/MASTER_CLAIMS_DISPUTES_AND_AUTHORITY_MODEL_V2_0_FOUNDER_CERTIFIED_SOURCE.md | docs/canon/reviews/governance_v1_0_c0_phase_c_hash_version_recovery/track_c/C0_028/recovered_sources/MASTER_CLAIMS_DISPUTES_AND_AUTHORITY_MODEL_V2_0_FOUNDER_SOURCE.md,a4787fb641dca1d28d98f10240957d0b09ea8ee1cee8358f64e80dd658b8b626,byte-identical duplicates preserved and mapped
DUPLICATE_BYTES,INFO_REVIEW,docs/canon/MASTER_PRODUCT_VISION.pdf | docs/canon/history/master_product_vision_v2_0/MASTER_PRODUCT_VISION_V2_0_HISTORICAL_PREDECESSOR.pdf,a640800847bb762c3ca0daf9a1d128698232878b7976292a1ec29ee637e54192,byte-identical duplicates preserved and mapped
DUPLICATE_BYTES,INFO_REVIEW,docs/canon/companions/EQUINESYNC_CONSTITUTIONAL_VOCABULARY_AND_DEFINITIONS_INDEX_V1_2.md | docs/canon/reviews/parallel_safeguarding_companion_reconciliation_v1_0/source_package/extracted/EQUINESYNC_CONSTITUTIONAL_VOCABULARY_AND_DEFINITIONS_INDEX_V1_2.md,aa8888de9f0e60a5c30dffc5f86838129e44f24c2bc65d98ec940056251155fe,byte-identical duplicates preserved and mapped
DUPLICATE_BYTES,INFO_REVIEW,docs/canon/reviews/c0_019_agreement_consent_authorization_lifecycle_completion/source_event/MASTER_AGREEMENT_CONSENT_AND_AUTHORIZATION_MODEL_V2_1_ORIGINAL.md | docs/canon/reviews/governance_v1_0_c0_phase_c_hash_version_recovery/track_c/C0_019/recovered_sources/MASTER_AGREEMENT_CONSENT_AND_AUTHORIZATION_MODEL_V2_1.md,af34895d8248f0fa26f7c976c345caa7ac9fba7b7bf4f597d32bfb68e0797d20,byte-identical duplicates preserved and mapped
DUPLICATE_BYTES,INFO_REVIEW,governance/implementation/code-guides/packages/.gitkeep | governance/implementation/code-guides/profiles/.gitkeep | governance/implementation/code-guides/reviews/.gitkeep | governance/implementation/code-guides/source-accession/.gitkeep,b946e2ab99ea13bc386676cfb37867a6e11a26fd43034a0cfc342e13e8564c4c,byte-identical duplicates preserved and mapped
DUPLICATE_BYTES,INFO_REVIEW,docs/canon/MASTER_PRODUCT_VISION.md | docs/canon/history/master_product_vision_v2_0/MASTER_PRODUCT_VISION_V2_0_HISTORICAL_PREDECESSOR.md | docs/canon/reviews/governance_v1_0_c0_phase_c_hash_version_recovery/track_c/C0_004/current_repository_source/MASTER_PRODUCT_VISION.md,ba2bdedfbbd89889af02035656d2f738175dcbde3869084c5e0c92062644c469,byte-identical duplicates preserved and mapped
DUPLICATE_BYTES,INFO_REVIEW,docs/canon/adopted_sources/MASTER_PLATFORM_OPERATIONS_RELIABILITY_AND_RELEASE_MODEL_V2_0_ADOPTED_SOURCE.md | docs/canon/founder_approved_sources/MASTER_PLATFORM_OPERATIONS_RELIABILITY_AND_RELEASE_MODEL_V2_0_FOUNDER_APPROVED.md,bb1eae9fecf46403d05a91bf802d7ef4134ed11c22bf57b1092fb14229413596,byte-identical duplicates preserved and mapped
DUPLICATE_BYTES,INFO_REVIEW,docs/canon/companions/GLOBAL_GOVERNANCE_P2_REGISTER.md | docs/canon/reviews/global_companion_reconciliation_v1_0/phase_g8/GLOBAL_GOVERNANCE_P2_REGISTER.md,bbfcb84571ee5e92e29556f708363d262c9a2299fa8af03f0f28b2bf1d71cbec,byte-identical duplicates preserved and mapped
DUPLICATE_BYTES,INFO_REVIEW,docs/canon/reviews/media_files_digital_assets_v1_1/MASTER_MEDIA_FILES_AND_DIGITAL_ASSET_FOUNDER_RECOMMENDATIONS.md | docs/canon/reviews/media_files_digital_assets_v1_2/MASTER_MEDIA_FILES_AND_DIGITAL_ASSET_FOUNDER_RECOMMENDATIONS.md,bc1e4ece4cae27dafa06d4377914847db08dfb3e8efb1be3f72eeb01cc4ffee9,byte-identical duplicates preserved and mapped
DUPLICATE_BYTES,INFO_REVIEW,governance/pia/items/01_identity_account_actor_onboarding/founder_disposition/ITEM_01_IDENTITY_FOUNDER_FINAL_DISPOSITION_EXECUTED.md | governance/pia/items/01_identity_account_actor_onboarding/source_package/ITEM_01_IDENTITY_FOUNDER_FINAL_DISPOSITION_EXECUTED.md,bc6b4cdb8be2349be4103c5326f903b33a10e7fdddd562df4c75b945cce42e6d,byte-identical duplicates preserved and mapped
DUPLICATE_BYTES,INFO_REVIEW,governance/pia/items/09_billing_payments_financial_operations/founder_disposition/ITEM_09_BPF_FOUNDER_DISPOSITION_RECORD_EXECUTED.md | governance/pia/items_07_10_integration/founder_disposition_batch/EquineSync_PIA_Items_07_10_Founder_Disposition_Batch_EXECUTED_2026-07-24/ITEM_09_BPF_FOUNDER_DISPOSITION_RECORD_EXECUTED.md,bd6e5eadc6bb122be8cb021aebfe9f4aec5ea68f6df1545649cc12653570834b,byte-identical duplicates preserved and mapped
DUPLICATE_BYTES,INFO_REVIEW,docs/canon/adopted_sources/MASTER_COMMUNICATION_NOTIFICATION_AND_NOTICE_MODEL_V2_0_ADOPTED_SOURCE.md | docs/canon/candidates/MASTER_COMMUNICATION_NOTIFICATION_AND_NOTICE_MODEL_V2_0_FOUNDER_APPROVED.md,bff9fd88cb312d6666677f924a5923134d995015ab6fbfd7a398bcbeb10dc761,byte-identical duplicates preserved and mapped
DUPLICATE_BYTES,INFO_REVIEW,docs/canon/adopted_sources/MASTER_EQUINE_HEALTH_WELFARE_MEDICAL_RECORD_AND_CLINICAL_SUPPORT_MODEL_V1_1_ADOPTED_SOURCE.md | docs/canon/candidates/MASTER_EQUINE_HEALTH_WELFARE_MEDICAL_RECORD_AND_CLINICAL_SUPPORT_MODEL_V1_1_RECONCILED_ADOPTION_CANDIDATE.md,c0d08f71e63302d6847560b39dae2e3b68caaee5b5a2bc2927ff80daf969926c,byte-identical duplicates preserved and mapped
DUPLICATE_BYTES,INFO_REVIEW,docs/canon/adopted_sources/MASTER_BARN_LIFECYCLE_V3_1_ADOPTED_SOURCE.md | docs/canon/reviews/foundational_canon_source_certification_v1_0/source_event/six_reviewed_candidates/MASTER_BARN_LIFECYCLE_V3_1_REVIEWED_CANDIDATE.md,c2a698ca1bbb8dc723ea7ac0270a9f66e8b06d0cbcb01535efefc517b6076d4a,byte-identical duplicates preserved and mapped
DUPLICATE_BYTES,INFO_REVIEW,docs/canon/MASTER_HORSE_LIFECYCLE.md | docs/canon/reviews/governance_v1_0_c0_phase_c_hash_version_recovery/track_c/C0_012/current_repository_source/MASTER_HORSE_LIFECYCLE.md,cd47c8fe3e76eee067594f38efd45265929d279c4d1fd9dc2a70e16fea976391,byte-identical duplicates preserved and mapped
DUPLICATE_BYTES,INFO_REVIEW,governance/pia/items/08_lessons_training_rider_guardian/founder_disposition/ITEM_08_LTRG_FOUNDER_DISPOSITION_RECORD_EXECUTED.md | governance/pia/items_07_10_integration/founder_disposition_batch/EquineSync_PIA_Items_07_10_Founder_Disposition_Batch_EXECUTED_2026-07-24/ITEM_08_LTRG_FOUNDER_DISPOSITION_RECORD_EXECUTED.md,cf379cfd05888e83ae3c61ab1241c729baa857674d50642549d694f11f49276b,byte-identical duplicates preserved and mapped
DUPLICATE_BYTES,INFO_REVIEW,docs/canon/adopted_sources/MASTER_CONFIGURATION_AND_FEATURE_FLAG_GOVERNANCE_MODEL_V2_0_ADOPTED_SOURCE.md | docs/canon/founder_approved_sources/MASTER_CONFIGURATION_AND_FEATURE_FLAG_GOVERNANCE_MODEL_V2_0_FOUNDER_APPROVED.md,d5e37ac7d475465f9c8fac5171851a136882cf4c57cb75ea0b17cf8dcec2a0f8,byte-identical duplicates preserved and mapped
DUPLICATE_BYTES,INFO_REVIEW,docs/canon/adoptions/c0_035_reporting_v2_0/pre_adoption/MASTER_REPORTING_ANALYTICS_AND_BUSINESS_INTELLIGENCE_MODEL_V2_0_FOUNDER_APPROVED.docx | docs/canon/reviews/privacy_reporting_exact_source_reconciliation_v1_0/mounted_sources/MASTER_REPORTING_ANALYTICS_AND_BUSINESS_INTELLIGENCE_MODEL_V2_0.docx | docs/canon/reviews/privacy_reporting_format_counterpart_completion_v1_0/exact_sources/MASTER_REPORTING_ANALYTICS_AND_BUSINESS_INTELLIGENCE_MODEL_V2_0.docx,d6cc3cc2add501d2d34d947de4e7a2ee7c6af77aa9669606c95514361657504d,byte-identical duplicates preserved and mapped
DUPLICATE_BYTES,INFO_REVIEW,docs/canon/MASTER_CLAIMS_DISPUTES_AND_AUTHORITY_MODEL_V2_0.md | docs/canon/reviews/governance_v1_0_c0_phase_c_hash_version_recovery/track_c/C0_028/current_repository_source/MASTER_CLAIMS_DISPUTES_AND_AUTHORITY_MODEL_V2_0.md,def33679b38b25ab5bbe0fc5c9c78a4fe8d505533d9c1d91a37035735f283ab4,byte-identical duplicates preserved and mapped
DUPLICATE_BYTES,INFO_REVIEW,governance/pia/items/05_core_navigation_search_application_shell/source_branch_tree/docs/canon/reviews/core_navigation_search_application_shell_pia_v0_4_0/01_complete_documentary_package/01_pia/EquineSync_Core_Navigation_Search_Application_Shell_PIA_V0_4_0_Complete_Documentary_Candidate_MACHINE_READABLE.json | governance/pia/items/05_core_navigation_search_application_shell/source_branch_tree/docs/canon/reviews/core_navigation_search_application_shell_pia_v0_4_0/02_fresh_review_and_reconciliation/01_controlling_source/EquineSync_Core_Navigation_Search_Application_Shell_PIA_V0_4_0_Complete_Documentary_Candidate_MACHINE_READABLE.json,e21d32923f64329b6a2be8774a7f5d4b1e7008a14203a553d3ac004a6472f42c,byte-identical duplicates preserved and mapped
DUPLICATE_BYTES,INFO_REVIEW,docs/canon/adopted_sources/MASTER_PLATFORM_EXTENSIBILITY_AND_PLUGIN_GOVERNANCE_MODEL_V2_0_ADOPTED_SOURCE.md | docs/canon/founder_approved_sources/MASTER_PLATFORM_EXTENSIBILITY_AND_PLUGIN_GOVERNANCE_MODEL_V2_0_FOUNDER_APPROVED.md,e26bc54b75694599684e43a979b02e4cf7d3dbcd00ae6ba7ca0dcbc832fed27f,byte-identical duplicates preserved and mapped
DUPLICATE_BYTES,INFO_REVIEW,docs/canon/companions/GLOBAL_GOVERNANCE_P2_REGISTER.json | docs/canon/reviews/global_companion_reconciliation_v1_0/phase_g8/GLOBAL_GOVERNANCE_P2_REGISTER.json | docs/canon/reviews/governance_v1_0_final_baseline_resumption/companion_adoption/GLOBAL_COMPANION_ARTIFACT_RETAINED_P2_REGISTER.json,ea23091ddb8d9f562e829961bfed7dac9776ff7345f667df33c18f9c8c8bad4c,byte-identical duplicates preserved and mapped
DUPLICATE_BYTES,INFO_REVIEW,governance/pia/items/07_care_operations/reports/ITEM_07_CARE_FORMAL_FINDING_TREATMENT_AND_INTEGRATION_READINESS_REPORT.md | governance/pia/items_07_10_integration/reports/ITEM_07_CARE_FORMAL_FINDING_TREATMENT_AND_INTEGRATION_READINESS_REPORT.md,ec3a64d1cb3bbb6984de0a58822a3d08a01e542dcb614a5f48e8fa88fe5f5195,byte-identical duplicates preserved and mapped
DUPLICATE_BYTES,INFO_REVIEW,docs/canon/MASTER_FACILITY_DOMAIN_MODEL.md | docs/canon/reviews/governance_v1_0_c0_phase_c_hash_version_recovery/track_c/C0_014/current_repository_source/MASTER_FACILITY_DOMAIN_MODEL.md,ee97b61290d7552a9907df14db25b2a3b4a8a32a57871adca6ce0e373b5c712b,byte-identical duplicates preserved and mapped
DUPLICATE_BYTES,INFO_REVIEW,docs/canon/reviews/drafting_equine_health_welfare_medical_v1_0/MASTER_EQUINE_HEALTH_WELFARE_MEDICAL_RECORD_AND_CLINICAL_SUPPORT_MODEL_V1_0_REVISED_NONCONTROLLING_DRAFT.md | docs/canon/reviews/equine_health_founder_decision_reconciliation_v1_1/history/MASTER_EQUINE_HEALTH_WELFARE_MEDICAL_RECORD_AND_CLINICAL_SUPPORT_MODEL_V1_0_REVISED_NONCONTROLLING_DRAFT.md,f68d65873599237a65006ea6ce614b427a16e259db132f36c9116b6dec90abfa,byte-identical duplicates preserved and mapped
DUPLICATE_BYTES,INFO_REVIEW,docs/canon/reviews/governance_v1_0_c0_phase_c_hash_version_recovery/C0_PHASE_C_CURRENT_LIFECYCLE_DELTA.json | docs/canon/reviews/governance_v1_0_final_baseline_resumption/c0_lifecycle/C0_HISTORICAL_TO_CURRENT_DELTA_PHASE_C.json,f8f519b277e732300b3f17dd483eaaa92f2d93c9f46c574ad3348b29607cf6ee,byte-identical duplicates preserved and mapped
DUPLICATE_BYTES,INFO_REVIEW,governance/pia/items/08_lessons_training_rider_guardian/source_package/EquineSync_Item_08_LTRG_Canonical_Remediation_Package_2026-07-23/ITEM_08_LTRG_V0_2_1_CANONICAL_REMEDIATION_PACKAGE/HISTORICAL_ITEM_07_LTRG_EVIDENCE_PRESERVED/REMEDIATION_DIRECTIVES/EquineSync_Item_08_LTRG_PIA_V0_2_1_Canonical_Remediation_CODEX_DIRECTIVE.md (1).sha256 | governance/pia/items/08_lessons_training_rider_guardian/source_package/EquineSync_Item_08_LTRG_Canonical_Remediation_Package_2026-07-23/ITEM_08_LTRG_V0_2_1_CANONICAL_REMEDIATION_PACKAGE/HISTORICAL_ITEM_07_LTRG_EVIDENCE_PRESERVED/REMEDIATION_DIRECTIVES/EquineSync_Item_08_LTRG_PIA_V0_2_1_Canonical_Remediation_CODEX_DIRECTIVE.md (2).sha256 | governance/pia/items/08_lessons_training_rider_guardian/source_package/EquineSync_Item_08_LTRG_Canonical_Remediation_Package_2026-07-23/ITEM_08_LTRG_V0_2_1_CANONICAL_REMEDIATION_PACKAGE/HISTORICAL_ITEM_07_LTRG_EVIDENCE_PRESERVED/REMEDIATION_DIRECTIVES/EquineSync_Item_08_LTRG_PIA_V0_2_1_Canonical_Remediation_CODEX_DIRECTIVE.md.sha256,f94fb56b6d5e4d235d8a356bd61d23f26aeca747b8a7efba5bc3ba13870406d6,byte-identical duplicates preserved and mapped
DUPLICATE_BYTES,INFO_REVIEW,docs/canon/adopted_sources/MASTER_FACILITY_DOMAIN_MODEL_V2_1_ADOPTED_SOURCE.docx | docs/canon/reviews/foundational_canon_source_certification_v1_0/source_event/six_reviewed_candidates/MASTER_FACILITY_DOMAIN_MODEL_V2_1_REVIEWED_CANDIDATE.docx,fca9c5db54b45d046783fc149082a663427d964e1b66dd2422299f5112176edf,byte-identical duplicates preserved and mapped
GOVERNANCE_V1_NOT_READY_VS_LATER_LOCK_EVIDENCE,P1_RECONCILE_STATUS_TEXT,docs/canon/reviews/global_companion_reconciliation_v1_0/source/GLOBAL_COMPANION_RECONCILIATION_FOUNDER_DIRECTIVE.txt | docs/canon/reviews/governance_v1_0_ai_reconciliation/source/GOVERNANCE_V1_0_AI_V2_RECONCILIATION_DIRECTIVE.txt | docs/canon/reviews/governance_v1_0_c0_lifecycle_completion_batch_1/source/C0_LIFECYCLE_COMPLETION_BATCH_1_FOUNDER_DIRECTIVE.md | docs/canon/reviews/governance_v1_0_final_baseline_resumption/EVIDENCE_PACKAGE_MANIFEST.json | docs/canon/reviews/governance_v1_0_final_baseline_resumption/closure/FINAL_GOVERNANCE_V1_0_CLOSURE_ASSESSMENT.json | docs/canon/reviews/governance_v1_0_final_baseline_resumption/closure/FINAL_GOVERNANCE_V1_0_CLOSURE_ASSESSMENT.md | docs/canon/reviews/governance_v1_0_final_baseline_resumption/source/GLOBAL_COMPANION_ADOPTION_AND_GOVERNANCE_V1_RESUMPTION_DIRECTIVE.txt | docs/canon/reviews/governance_v1_0_final_baseline_resumption/tools/build_governance_v1_resumption.py,Later evidence references remaining_founder_approved_adoption_and_lock; sample later paths: docs/canon/locks/barn_lifecycle_v3_1/C0_015_MASTER_BARN_LIFECYCLE_AND_OPERATIONS_CANON_CONSTITUTIONAL_LOCK_RECORD.md | docs/canon/locks/business_lifecycle_v2_1/C0_016_MASTER_BUSINESS_LIFECYCLE_MODEL_CONSTITUTIONAL_LOCK_RECORD.md | docs/canon/locks/claims_disputes_authority_v2_0/C0_028_MASTER_CLAIMS_DISPUTES_AND_AUTHORITY_MODEL_CONSTITUTIONAL_LOCK_RECORD.md | docs/canon/locks/configuration_feature_flag_v2_0/C0_042_MASTER_CONFIGURATION_AND_FEATURE_FLAG_GOVERNANCE_MODEL_CONSTITUTIONAL_LOCK_RECORD.md | docs/canon/locks/developer_platform_integration_v2_0/C0_039_MASTER_DEVELOPER_PLATFORM_AND_INTEGRATION_GOVERNANCE_MODEL_CONSTITUTIONAL_LOCK_RECORD.md | docs/canon/locks/ecosystem_v2_1/C0_005_MASTER_ECOSYSTEM_MODEL_CONSTITUTIONAL_LOCK_RECORD.md | docs/canon/locks/facility_domain_v2_1/C0_014_MASTER_FACILITY_DOMAIN_MODEL_CONSTITUTIONAL_LOCK_RECORD.md | docs/canon/locks/horse_lifecycle_v3_1/C0_012_MASTER_HORSE_LIFECYCLE_AND_PASSPORT_MODEL_CONSTITUTIONAL_LOCK_RECORD.md | docs/canon/locks/permission_access_control_v1_1/C0_022_MASTER_PERMISSION_AND_ACCESS_CONTROL_MODEL_CONSTITUTIONAL_LOCK_RECORD.md | docs/canon/locks/platform_extensibility_plugin_v2_0/C0_040_MASTER_PLATFORM_EXTENSIBILITY_AND_PLUGIN_GOVERNANCE_MODEL_CONSTITUTIONAL_LOCK_RECORD.md | docs/canon/locks/platform_operations_reliability_release_v2_0/C0_043_MASTER_PLATFORM_OPERATIONS_RELIABILITY_AND_RELEASE_MODEL_CONSTITUTIONAL_LOCK_RECORD.md | docs/canon/locks/reporting_analytics_v2_0/C0_035_MASTER_REPORTING_ANALYTICS_AND_BUSINESS_INTELLIGENCE_MODEL_CONSTITUTIONAL_LOCK_RECORD.md | docs/canon/locks/search_discovery_v2_0/C0_033_MASTER_SEARCH_DISCOVERY_RANKING_AND_RETRIEVAL_MODEL_CONSTITUTIONAL_LOCK_RECORD.md | docs/canon/locks/vendor_security_supply_chain_v2_0/C0_041_MASTER_VENDOR_SECURITY_AND_SUPPLY_CHAIN_MODEL_CONSTITUTIONAL_LOCK_RECORD.md | docs/canon/reviews/remaining_founder_approved_adoption_and_lock_v1_0/REMAINING_CANON_ADOPTION_AND_LOCK_EVENT_RECORD.json | docs/canon/reviews/remaining_founder_approved_adoption_and_lock_v1_0/REMAINING_CANON_ADOPTION_AND_LOCK_REPORT.md | docs/canon/reviews/remaining_founder_approved_adoption_and_lock_v1_0/REMAINING_CANON_CHANGED_FILE_MANIFEST.json | docs/canon/reviews/remaining_founder_approved_adoption_and_lock_v1_0/REMAINING_CANON_EVIDENCE_PACKAGE_MANIFEST.json | docs/canon/reviews/remaining_founder_approved_adoption_and_lock_v1_0/REMAINING_CANON_ROW_GATE_REPORT.md | docs/canon/reviews/remaining_founder_approved_adoption_and_lock_v1_0/REMAINING_CANON_VALIDATION_REPORT.json,preserve historical records; reconcile only through Founder-authorized current-state update
PENDING_VS_ADOPTED_LOCKED,P1_RECONCILE_STATUS_TEXT,docs/canon/registries/CANON_DEPENDENCY_REGISTRY.md | docs/canon/registries/CANON_STATE_AND_LOCK_REGISTRY.md | docs/canon/registries/DOMAIN_OWNER_AND_STEWARD_REGISTRY.md | docs/canon/registries/IMPLEMENTATION_AUTHORIZATION_REGISTRY.md | docs/canon/reviews/foundational_gap_closure/B_AGREEMENT_CONSENT/B_AGREEMENT_CONSENT_CANON_INDEX_PROPOSAL.md | docs/canon/reviews/foundational_gap_closure/C_AUDIT_EVIDENCE/C_AUDIT_EVIDENCE_CANON_INDEX_PROPOSAL.md | docs/canon/reviews/foundational_gap_closure/D_COMMUNICATION_NOTICE/D_COMMUNICATION_NOTICE_CANON_INDEX_PROPOSAL.md | docs/canon/reviews/foundational_gap_closure/E_PLATFORM_RELIABILITY/E_PLATFORM_RELIABILITY_CANON_INDEX_PROPOSAL.md | docs/canon/reviews/foundational_gap_closure/G_FINANCIAL_TRUTH/G_FINANCIAL_TRUTH_CANON_INDEX_PROPOSAL.md,Later evidence references ADOPTED / LOCKED; sample later paths: docs/canon/CANON_INDEX.md | docs/canon/MASTER_HORSE_TRANSFER_AND_CONTINUITY_POLICY.md | docs/canon/reviews/global_companion_reconciliation_v1_0/phase_g1_g2/GLOBAL_COMPANION_CONTROLLING_SOURCE_DETERMINATION_REPORT.md | docs/canon/reviews/remaining_founder_approved_adoption_and_lock_v1_0/REMAINING_CANON_ROW_GATE_REPORT.md | docs/canon/reviews/remaining_founder_approved_adoption_and_lock_v1_0/tools/build_adoption_and_locks.py,preserve historical records; reconcile only through Founder-authorized current-state update
NOT_YET_LOCKED_VS_LOCKED,P1_RECONCILE_STATUS_TEXT,docs/canon/adoptions/c0_004_master_product_vision/C0_004_MASTER_PRODUCT_VISION_CONSTITUTIONAL_ADOPTION_RECORD.md | docs/canon/adoptions/c0_004_master_product_vision/MASTER_PRODUCT_VISION_V2_1_ADOPTED_PRE_LOCK.md | docs/canon/adoptions/c0_004_master_product_vision/history/MASTER_PRODUCT_VISION_V2_1_PRE_ADOPTION_FOUNDER_APPROVED.md | docs/canon/adoptions/c0_019_agreement_consent_authorization_v2_1/C0_019_AGREEMENT_CONSENT_AND_AUTHORIZATION_CONSTITUTIONAL_ADOPTION_RECORD.md | docs/canon/adoptions/c0_019_agreement_consent_authorization_v2_1/MASTER_AGREEMENT_CONSENT_AND_AUTHORIZATION_MODEL_V2_1_ADOPTED_PRE_LOCK.md | docs/canon/adoptions/c0_019_agreement_consent_authorization_v2_1/history/MASTER_AGREEMENT_CONSENT_AND_AUTHORIZATION_MODEL_V2_1_PRE_ADOPTION_FOUNDER_APPROVED.md | docs/canon/adoptions/c0_023_c0_035_adoption/C0_023_C0_035_CONSTITUTIONAL_ADOPTION_REPORT.md | docs/canon/adoptions/c0_023_c0_035_adoption/tools/build_adoption.py | docs/canon/adoptions/c0_023_c0_035_adoption/tools/validate_and_package.py | docs/canon/adoptions/c0_023_c0_035_lock_readiness/C0_023_C0_035_LOCK_READINESS_MASTER_REPORT.md | docs/canon/adoptions/c0_023_c0_035_lock_readiness/C0_023_PRIVACY_LOCK_READINESS_ASSESSMENT.md | docs/canon/adoptions/c0_023_c0_035_lock_readiness/C0_035_REPORTING_LOCK_READINESS_ASSESSMENT.md | docs/canon/adoptions/c0_023_c0_035_lock_readiness/tools/build_lock_readiness.py | docs/canon/adoptions/c0_023_privacy_v2_0/C0_023_PRIVACY_AND_DATA_PROTECTION_CONSTITUTIONAL_ADOPTION_RECORD.md | docs/canon/adoptions/c0_023_privacy_v2_0/pre_adoption/MASTER_PRIVACY_AND_DATA_PROTECTION_MODEL_V2_0_FOUNDER_APPROVED.md | docs/canon/adoptions/c0_035_reporting_v2_0/C0_035_LOCK_READINESS_PREPARATION.md | docs/canon/adoptions/c0_035_reporting_v2_0/C0_035_REPORTING_ANALYTICS_AND_BUSINESS_INTELLIGENCE_CONSTITUTIONAL_ADOPTION_RECORD.md | docs/canon/adoptions/c0_035_reporting_v2_0/pre_adoption/MASTER_REPORTING_ANALYTICS_AND_BUSINESS_INTELLIGENCE_MODEL_V2_0_FOUNDER_APPROVED.md | docs/canon/companions/CONSTITUTIONAL_DOMAIN_OWNERSHIP_AND_BOUNDARY_REGISTER_V1_1.md | docs/canon/companions/CROSS_CANON_REFERENCE_NORMALIZATION_REGISTER_V1_1.md | docs/canon/companions/EQUINESYNC_CANON_DEPENDENCY_MAP_V1_2.md | docs/canon/companions/EQUINESYNC_CONSTITUTIONAL_AUTHORITY_MATRIX_V1_2.md | docs/canon/companions/EQUINESYNC_CONSTITUTIONAL_CROSS_REFERENCE_INDEX_V1_2.md | docs/canon/companions/MASTER_EQUINESYNC_FOUNDER_DECISION_REGISTER_V1_0.md | docs/canon/companions/MASTER_EQUINESYNC_GOVERNANCE_REQUIREMENT_INDEX_V1_0.md | docs/canon/companions/MASTER_EQUINESYNC_REQUIREMENT_TRACEABILITY_MATRIX_V1_0.md | docs/canon/founder_approved_sources/MASTER_REPORTING_ANALYTICS_AND_BUSINESS_INTELLIGENCE_MODEL_V2_0_FOUNDER_APPROVED.md | docs/canon/locks/privacy_v2_0/pre_lock/MASTER_PRIVACY_AND_DATA_PROTECTION_MODEL_V2_0_FOUNDER_APPROVED.md | docs/canon/locks/privacy_v2_0/tools/build_c0_023_lock.py | docs/canon/registries/CANON_ARTIFACT_INVENTORY.md | docs/canon/registries/CANON_STATE_AND_LOCK_REGISTRY.md | docs/canon/reviews/c0_004_master_product_vision_lifecycle_completion/tools/build_c0_004.py | docs/canon/reviews/c0_004_master_product_vision_lifecycle_completion/tools/finalize_c0_004.py | docs/canon/reviews/c0_019_agreement_consent_authorization_lifecycle_completion/tools/build_c0_019.py | docs/canon/reviews/c0_019_agreement_consent_authorization_lifecycle_completion/tools/finalize_c0_019.py | docs/canon/reviews/privacy_reporting_format_counterpart_completion_v1_0/PRIVACY_FORMAT_COUNTERPART_PROVENANCE_RECORD.md | docs/canon/reviews/privacy_reporting_format_counterpart_completion_v1_0/REPORTING_FORMAT_COUNTERPART_PROVENANCE_RECORD.md | docs/canon/reviews/privacy_reporting_format_counterpart_completion_v1_0/tools/build_completion.py,Later evidence references LOCKED; sample later paths: docs/API_CONTRACTS.md | docs/APP_STORE_PRODUCTION_READINESS.md | docs/AUDIT_LOGGING.md | docs/BN20_BN12_LAUNCH_CLOSURE.md | docs/BN21_FIRST_CLIENT_PILOT_GO_NO_GO.md | docs/BN22A_CAPACITOR_NATIVE_READINESS_PLAN.md | docs/BUILD_NEXT_12_CURRENT_INPUTS_STATUS.md | docs/BUILD_NEXT_12_ROLE_READINESS_CHECKLIST.md | docs/DATA_MODEL.md | docs/FEATURE_BACKLOG_FOUNDATIONS.md | docs/FEATURE_ROADMAP.md | docs/FOUNDER_ACCEPTANCE_LEDGER.md | docs/INITIAL_ADMIN_AND_DEMO_SETUP.md | docs/LAUNCH_READINESS_AUDIT.md | docs/LAUNCH_TRUST_CURRENT_PLAN.md | docs/LAUNCH_TRUST_MASTER_FIX_LIST.md | docs/NEXT_BUILD_PLAN_FROM_UPDATED_ROADMAP.md | docs/OFFLINE_SECURITY_MODEL.md | docs/ONBOARDING_GUIDE.md | docs/OWNER_TRUST_LAYER.md,preserve historical records; reconcile only through Founder-authorized current-state update
STALE_DRAFT_HISTORICAL_OR_SUPERSEDED_TEXT,REVIEW_CLASSIFICATION,docs/canon/adopted_sources/MASTER_BARN_LIFECYCLE_V3_1_ADOPTED_SOURCE.docx,PATH_CLASSIFICATION: adopted_or_locked_source,HISTORICAL_DUPLICATE_DRAFT_OR_PREDECESSOR_INFERRED
STALE_DRAFT_HISTORICAL_OR_SUPERSEDED_TEXT,REVIEW_CLASSIFICATION,docs/canon/adopted_sources/MASTER_BARN_LIFECYCLE_V3_1_ADOPTED_SOURCE.md,"**Status:** CONTROLLED SUCCESSOR CANDIDATE - NOT ADOPTED - NO IMPLEMENTATION AUTHORITY | **Source posture:** Founder Canon Version 3.0 located; expanded against facility, staffing, safety, resilience, communications, and horse-continuity governance | 3. Pre-op",CANONICAL_OR_CURRENT_INFERRED
STALE_DRAFT_HISTORICAL_OR_SUPERSEDED_TEXT,REVIEW_CLASSIFICATION,docs/canon/adopted_sources/MASTER_BUSINESS_LIFECYCLE_V2_1_ADOPTED_SOURCE.docx,PATH_CLASSIFICATION: adopted_or_locked_source,HISTORICAL_DUPLICATE_DRAFT_OR_PREDECESSOR_INFERRED
STALE_DRAFT_HISTORICAL_OR_SUPERSEDED_TEXT,REVIEW_CLASSIFICATION,docs/canon/adopted_sources/MASTER_BUSINESS_LIFECYCLE_V2_1_ADOPTED_SOURCE.md,"**Status:** CONTROLLED SUCCESSOR CANDIDATE - NOT ADOPTED - NO IMPLEMENTATION AUTHORITY | **Source posture:** Founder Canon Version 2.0 located; expanded against financial, identity, marketplace, workforce, integration, and continuity governance | - Business co",CANONICAL_OR_CURRENT_INFERRED
STALE_DRAFT_HISTORICAL_OR_SUPERSEDED_TEXT,REVIEW_CLASSIFICATION,docs/canon/adopted_sources/MASTER_CLAIMS_DISPUTES_AND_AUTHORITY_MODEL_V2_0_ADOPTED_SOURCE.md,"**Status:** Proposed for Controlled Canon Review and Founder Adoption | A claim may be self-attested, organization-attested, document-supported, provider-supported, verified for operational use, externally confirmed, disputed, superseded, withdrawn, rejected, ",SUPERSEDED_OR_SUPERSESSION_TEXT_PRESENT
STALE_DRAFT_HISTORICAL_OR_SUPERSEDED_TEXT,REVIEW_CLASSIFICATION,docs/canon/adopted_sources/MASTER_COMMUNICATION_NOTIFICATION_AND_NOTICE_MODEL_V2_0_ADOPTED_SOURCE.md,"**Status:** Founder Approved — Controlling Canon | **Supersession Rule:** This model supersedes inconsistent lower-order communication, notification, reminder, alert, messaging, and notice rules. A later document may override it only if the override is founder",SUPERSEDED_OR_SUPERSESSION_TEXT_PRESENT
STALE_DRAFT_HISTORICAL_OR_SUPERSEDED_TEXT,REVIEW_CLASSIFICATION,docs/canon/adopted_sources/MASTER_CONFIGURATION_AND_FEATURE_FLAG_GOVERNANCE_MODEL_V2_0_ADOPTED_SOURCE.docx,PATH_CLASSIFICATION: adopted_or_locked_source,HISTORICAL_DUPLICATE_DRAFT_OR_PREDECESSOR_INFERRED
STALE_DRAFT_HISTORICAL_OR_SUPERSEDED_TEXT,REVIEW_CLASSIFICATION,docs/canon/adopted_sources/MASTER_DATA_PROTECTION_ENCRYPTION_AND_KEY_MANAGEMENT_MODEL_V1_0_ADOPTED_SOURCE.md,**Document Type:** Constitutional Canon Candidate | **Candidate Version:** 1.0 | **Status:** Controlled Candidate; Founder Review and Adoption Required | **Owner:** Founder / Security / Privacy / Product Architecture | PATH_CLASSIFICATION: adopted_or_locked_so,CANONICAL_OR_CURRENT_INFERRED
STALE_DRAFT_HISTORICAL_OR_SUPERSEDED_TEXT,REVIEW_CLASSIFICATION,docs/canon/adopted_sources/MASTER_DEVELOPER_PLATFORM_AND_INTEGRATION_GOVERNANCE_MODEL_V2_0_ADOPTED_SOURCE.docx,PATH_CLASSIFICATION: adopted_or_locked_source,HISTORICAL_DUPLICATE_DRAFT_OR_PREDECESSOR_INFERRED
STALE_DRAFT_HISTORICAL_OR_SUPERSEDED_TEXT,REVIEW_CLASSIFICATION,docs/canon/adopted_sources/MASTER_ECOSYSTEM_MODEL_V2_1_ADOPTED_SOURCE.docx,PATH_CLASSIFICATION: adopted_or_locked_source,HISTORICAL_DUPLICATE_DRAFT_OR_PREDECESSOR_INFERRED
STALE_DRAFT_HISTORICAL_OR_SUPERSEDED_TEXT,REVIEW_CLASSIFICATION,docs/canon/adopted_sources/MASTER_ECOSYSTEM_MODEL_V2_1_ADOPTED_SOURCE.md,**Status:** CONTROLLED SUCCESSOR CANDIDATE - NOT ADOPTED - NO IMPLEMENTATION AUTHORITY | **Source posture:** Founder Canon Version 2.0 located; expanded against the approved Product Vision V2.1 and later specialized canon | - Future-effective and retroactive c,CANONICAL_OR_CURRENT_INFERRED
STALE_DRAFT_HISTORICAL_OR_SUPERSEDED_TEXT,REVIEW_CLASSIFICATION,docs/canon/adopted_sources/MASTER_EQUINE_HEALTH_WELFARE_MEDICAL_RECORD_AND_CLINICAL_SUPPORT_MODEL_V1_1_ADOPTED_SOURCE.md,**Status:** Reconciled adoption candidate for separate founder review | **Constitutional state:** Not adopted; not locked; non-controlling | **Founder source SHA-256:** `81d1d33d45093b89718e877330739c3601ed86ffe9ce6c476a679caab289e4d3` | This candidate defines,CANONICAL_OR_CURRENT_INFERRED
STALE_DRAFT_HISTORICAL_OR_SUPERSEDED_TEXT,REVIEW_CLASSIFICATION,docs/canon/adopted_sources/MASTER_FACILITY_DOMAIN_MODEL_V2_1_ADOPTED_SOURCE.md,**Status:** CONTROLLED SUCCESSOR CANDIDATE - NOT ADOPTED - NO IMPLEMENTATION AUTHORITY | **Source posture:** Founder-controlled Version 2.0 draft located; expanded into a comprehensive physical-place constitutional candidate | - Aliases and historical names mu,SUPERSEDED_OR_SUPERSESSION_TEXT_PRESENT
STALE_DRAFT_HISTORICAL_OR_SUPERSEDED_TEXT,REVIEW_CLASSIFICATION,docs/canon/adopted_sources/MASTER_HORSE_LIFECYCLE_V3_1_ADOPTED_SOURCE.docx,PATH_CLASSIFICATION: adopted_or_locked_source,HISTORICAL_DUPLICATE_DRAFT_OR_PREDECESSOR_INFERRED
STALE_DRAFT_HISTORICAL_OR_SUPERSEDED_TEXT,REVIEW_CLASSIFICATION,docs/canon/adopted_sources/MASTER_HORSE_LIFECYCLE_V3_1_ADOPTED_SOURCE.md,"**Status:** CONTROLLED SUCCESSOR CANDIDATE - NOT ADOPTED - NO IMPLEMENTATION AUTHORITY | **Source posture:** Founder Canon Version 3.0 located; expanded against transfer, records, privacy, AI, reporting, and welfare governance | The platform must preserve iden",CANONICAL_OR_CURRENT_INFERRED
STALE_DRAFT_HISTORICAL_OR_SUPERSEDED_TEXT,REVIEW_CLASSIFICATION,docs/canon/adopted_sources/MASTER_MEDIA_FILES_AND_DIGITAL_ASSET_GOVERNANCE_MODEL_V2_1_ADOPTED_SOURCE.md,"**FOUNDER-ACCEPTED CONTROLLING SUBSTANTIVE CANON - NOT ADOPTED - NOT LOCKED - NO IMPLEMENTATION AUTHORITY** | | Draft Date | July 14, 2026 | | | Lifecycle State | FOUNDER_ACCEPTED_CONTROLLING_SUBSTANTIVE_CANON_NOT_ADOPTED_NOT_LOCKED | | | Founder Decision Auth",SUPERSEDED_OR_SUPERSESSION_TEXT_PRESENT
STALE_DRAFT_HISTORICAL_OR_SUPERSEDED_TEXT,REVIEW_CLASSIFICATION,docs/canon/adopted_sources/MASTER_MINOR_GUARDIANSHIP_SAFEGUARDING_AND_PROTECTED_PARTICIPANT_MODEL_V1_2_ADOPTED_SOURCE.md,"subtitle: ""RECONCILED ADOPTION CANDIDATE"" | **FOUNDER-CONFIRMED RECONCILED CONSTITUTIONAL CANDIDATE** | **NOT ADOPTED - NOT LOCKED - NO IMPLEMENTATION AUTHORITY** | | Document Identifier | `MASTER_MINOR_GUARDIANSHIP_SAFEGUARDING_AND_PROTECTED_PARTICIPANT_MODEL",CANONICAL_OR_CURRENT_INFERRED
STALE_DRAFT_HISTORICAL_OR_SUPERSEDED_TEXT,REVIEW_CLASSIFICATION,docs/canon/adopted_sources/MASTER_PERMISSION_AND_ACCESS_CONTROL_MODEL_V1_1_ADOPTED_SOURCE.md,**Document Status:** Founder-Accepted Controlling Constitutional Text | **Owner:** Founder / Product Architecture / Security / Privacy | # 2. Founder Doctrine | - Draft owner updates | PATH_CLASSIFICATION: adopted_or_locked_source,CANONICAL_OR_CURRENT_INFERRED
STALE_DRAFT_HISTORICAL_OR_SUPERSEDED_TEXT,REVIEW_CLASSIFICATION,docs/canon/adopted_sources/MASTER_PLATFORM_EXTENSIBILITY_AND_PLUGIN_GOVERNANCE_MODEL_V2_0_ADOPTED_SOURCE.docx,PATH_CLASSIFICATION: adopted_or_locked_source,HISTORICAL_DUPLICATE_DRAFT_OR_PREDECESSOR_INFERRED
STALE_DRAFT_HISTORICAL_OR_SUPERSEDED_TEXT,REVIEW_CLASSIFICATION,docs/canon/adopted_sources/MASTER_PLATFORM_OPERATIONS_RELIABILITY_AND_RELEASE_MODEL_V2_0_ADOPTED_SOURCE.docx,PATH_CLASSIFICATION: adopted_or_locked_source,HISTORICAL_DUPLICATE_DRAFT_OR_PREDECESSOR_INFERRED
STALE_DRAFT_HISTORICAL_OR_SUPERSEDED_TEXT,REVIEW_CLASSIFICATION,docs/canon/adopted_sources/MASTER_PLATFORM_RESILIENCE_BACKUP_AND_RECOVERY_OPERATIONAL_MODEL_V1_0_ADOPTED_SOURCE.md,"**Document Type:** Subordinate Operational Governance Candidate | **Candidate Version:** 1.0 | **Status:** Controlled Candidate; Founder Review and Adoption Required | It exists beneath the Master Platform Operations, Reliability, and Release Model. It does no",SUPERSEDED_OR_SUPERSESSION_TEXT_PRESENT
STALE_DRAFT_HISTORICAL_OR_SUPERSEDED_TEXT,REVIEW_CLASSIFICATION,docs/canon/adopted_sources/MASTER_RECORD_STEWARDSHIP_AND_RETENTION_MODEL_V2_1_ADOPTED_SOURCE.md,"EquineSync manages records that may affect horse welfare, ownership continuity, contracts, money, guardianship, safety, insurance, disputes, legal obligations, professional care, facility operations, and historical truth | 15. how EquineSync preserves historic",SUPERSEDED_OR_SUPERSESSION_TEXT_PRESENT
STALE_DRAFT_HISTORICAL_OR_SUPERSEDED_TEXT,REVIEW_CLASSIFICATION,docs/canon/adopted_sources/MASTER_SEARCH_DISCOVERY_RANKING_AND_RETRIEVAL_MODEL_V2_0_ADOPTED_SOURCE.docx,PATH_CLASSIFICATION: adopted_or_locked_source,HISTORICAL_DUPLICATE_DRAFT_OR_PREDECESSOR_INFERRED
STALE_DRAFT_HISTORICAL_OR_SUPERSEDED_TEXT,REVIEW_CLASSIFICATION,docs/canon/adopted_sources/MASTER_SECURITY_INCIDENT_RESPONSE_AND_DISCLOSURE_MODEL_V1_0_ADOPTED_SOURCE.md,**Document Type:** Constitutional Canon Candidate | **Candidate Version:** 1.0 | **Status:** Controlled Candidate; Founder Review and Adoption Required | **Owner:** Founder / Security / Privacy / Trust / Legal Coordination | PATH_CLASSIFICATION: adopted_or_loc,CANONICAL_OR_CURRENT_INFERRED
STALE_DRAFT_HISTORICAL_OR_SUPERSEDED_TEXT,REVIEW_CLASSIFICATION,docs/canon/adopted_sources/MASTER_VENDOR_SECURITY_AND_SUPPLY_CHAIN_MODEL_V2_0_ADOPTED_SOURCE.docx,PATH_CLASSIFICATION: adopted_or_locked_source,HISTORICAL_DUPLICATE_DRAFT_OR_PREDECESSOR_INFERRED
STALE_DRAFT_HISTORICAL_OR_SUPERSEDED_TEXT,REVIEW_CLASSIFICATION,docs/canon/adoptions/c0_004_master_product_vision/C0_004_MASTER_PRODUCT_VISION_CONSTITUTIONAL_ADOPTION_RECORD.md,- Exact source event: `docs/canon/reviews/c0_004_master_product_vision_lifecycle_completion/source_event/MASTER_PRODUCT_VISION_V2_1_SUCCESSOR_CANDIDATE_ORIGINAL.md` / `42f01b4094923d85ab6b7de9c56fc6c084adac4f9b06464554ba | - Adopted Markdown: `docs/canon/found,CANONICAL_OR_CURRENT_INFERRED
STALE_DRAFT_HISTORICAL_OR_SUPERSEDED_TEXT,REVIEW_CLASSIFICATION,docs/canon/adoptions/c0_004_master_product_vision/C0_004_MASTER_PRODUCT_VISION_CONSTITUTIONAL_ADOPTION_RECORD.sha256,STATUS_NOT_EXPLICITLY_EXTRACTED,HISTORICAL_DUPLICATE_DRAFT_OR_PREDECESSOR_INFERRED
STALE_DRAFT_HISTORICAL_OR_SUPERSEDED_TEXT,REVIEW_CLASSIFICATION,docs/canon/adoptions/c0_004_master_product_vision/history/MASTER_PRODUCT_VISION_V2_1_PRE_ADOPTION_FOUNDER_APPROVED.docx,PATH_CLASSIFICATION: historical,HISTORICAL_DUPLICATE_DRAFT_OR_PREDECESSOR_INFERRED
STALE_DRAFT_HISTORICAL_OR_SUPERSEDED_TEXT,REVIEW_CLASSIFICATION,docs/canon/adoptions/c0_004_master_product_vision/history/MASTER_PRODUCT_VISION_V2_1_PRE_ADOPTION_FOUNDER_APPROVED.md,Document Status: Founder-Approved Canon Source | Founder Approval Status: FOUNDER APPROVED | Constitutional Adoption Status: NOT YET ADOPTED | Constitutional Lock Status: NOT YET LOCKED | PATH_CLASSIFICATION: historical,CANONICAL_OR_CURRENT_INFERRED
STALE_DRAFT_HISTORICAL_OR_SUPERSEDED_TEXT,REVIEW_CLASSIFICATION,docs/canon/adoptions/c0_004_master_product_vision/MASTER_PRODUCT_VISION_V2_1_ADOPTED_PRE_LOCK.docx,STATUS_NOT_EXPLICITLY_EXTRACTED,HISTORICAL_DUPLICATE_DRAFT_OR_PREDECESSOR_INFERRED
STALE_DRAFT_HISTORICAL_OR_SUPERSEDED_TEXT,REVIEW_CLASSIFICATION,docs/canon/adoptions/c0_005_ecosystem_v2_1/C0_005_MASTER_ECOSYSTEM_MODEL_CONSTITUTIONAL_ADOPTION_RECORD.md,- Exact founder-approved or founder-certified source: `docs/canon/reviews/foundational_canon_source_certification_v1_0/source_event/six_reviewed_candidates/MASTER_ECOSYSTEM_MODEL_V2_1_REVIEWED_CANDIDATE.md` / `67175779ab | - Adopted controlling source: `docs/c,CANONICAL_OR_CURRENT_INFERRED
STALE_DRAFT_HISTORICAL_OR_SUPERSEDED_TEXT,REVIEW_CLASSIFICATION,docs/canon/adoptions/c0_012_horse_lifecycle_v3_1/C0_012_MASTER_HORSE_LIFECYCLE_AND_PASSPORT_MODEL_CONSTITUTIONAL_ADOPTION_RECORD.md,- Exact founder-approved or founder-certified source: `docs/canon/reviews/foundational_canon_source_certification_v1_0/source_event/six_reviewed_candidates/MASTER_HORSE_LIFECYCLE_V3_1_REVIEWED_CANDIDATE.md` / `41313d11aa | - Adopted controlling source: `docs/c,CANONICAL_OR_CURRENT_INFERRED
STALE_DRAFT_HISTORICAL_OR_SUPERSEDED_TEXT,REVIEW_CLASSIFICATION,docs/canon/adoptions/c0_014_facility_domain_v2_1/C0_014_MASTER_FACILITY_DOMAIN_MODEL_CONSTITUTIONAL_ADOPTION_RECORD.md,- Exact founder-approved or founder-certified source: `docs/canon/reviews/foundational_canon_source_certification_v1_0/source_event/six_reviewed_candidates/MASTER_FACILITY_DOMAIN_MODEL_V2_1_REVIEWED_CANDIDATE.md` / `8323 | - Adopted controlling source: `docs/c,CANONICAL_OR_CURRENT_INFERRED
STALE_DRAFT_HISTORICAL_OR_SUPERSEDED_TEXT,REVIEW_CLASSIFICATION,docs/canon/adoptions/c0_015_barn_lifecycle_v3_1/C0_015_MASTER_BARN_LIFECYCLE_AND_OPERATIONS_CANON_CONSTITUTIONAL_ADOPTION_RECORD.md,- Exact founder-approved or founder-certified source: `docs/canon/reviews/foundational_canon_source_certification_v1_0/source_event/six_reviewed_candidates/MASTER_BARN_LIFECYCLE_V3_1_REVIEWED_CANDIDATE.md` / `c2a698ca1bb | - Adopted controlling source: `docs/c,CANONICAL_OR_CURRENT_INFERRED
STALE_DRAFT_HISTORICAL_OR_SUPERSEDED_TEXT,REVIEW_CLASSIFICATION,docs/canon/adoptions/c0_016_business_lifecycle_v2_1/C0_016_MASTER_BUSINESS_LIFECYCLE_MODEL_CONSTITUTIONAL_ADOPTION_RECORD.md,- Exact founder-approved or founder-certified source: `docs/canon/reviews/foundational_canon_source_certification_v1_0/source_event/six_reviewed_candidates/MASTER_BUSINESS_LIFECYCLE_V2_1_REVIEWED_CANDIDATE.md` / `a07b0ba | - Adopted controlling source: `docs/c,CANONICAL_OR_CURRENT_INFERRED
STALE_DRAFT_HISTORICAL_OR_SUPERSEDED_TEXT,REVIEW_CLASSIFICATION,docs/canon/adoptions/c0_019_agreement_consent_authorization_v2_1/C0_019_AGREEMENT_CONSENT_AND_AUTHORIZATION_CONSTITUTIONAL_ADOPTION_RECORD.md,- Source identity: `EXACT_V2_1_CONTROLLING_SOURCE_CONFIRMED` | - Adopted Markdown: `docs/canon/founder_approved_sources/MASTER_AGREEMENT_CONSENT_AND_AUTHORIZATION_MODEL_V2_1_FOUNDER_APPROVED.md` / `a96effd167554d84dbdf18f0804468abcf67a9a9e326c6ea8907e59779097b,SUPERSEDED_OR_SUPERSESSION_TEXT_PRESENT
STALE_DRAFT_HISTORICAL_OR_SUPERSEDED_TEXT,REVIEW_CLASSIFICATION,docs/canon/adoptions/c0_019_agreement_consent_authorization_v2_1/C0_019_AGREEMENT_CONSENT_AND_AUTHORIZATION_CONSTITUTIONAL_ADOPTION_RECORD.sha256,STATUS_NOT_EXPLICITLY_EXTRACTED,HISTORICAL_DUPLICATE_DRAFT_OR_PREDECESSOR_INFERRED
STALE_DRAFT_HISTORICAL_OR_SUPERSEDED_TEXT,REVIEW_CLASSIFICATION,docs/canon/adoptions/c0_019_agreement_consent_authorization_v2_1/history/MASTER_AGREEMENT_CONSENT_AND_AUTHORIZATION_MODEL_V2_1_PRE_ADOPTION_FOUNDER_APPROVED.docx,PATH_CLASSIFICATION: historical,HISTORICAL_DUPLICATE_DRAFT_OR_PREDECESSOR_INFERRED
STALE_DRAFT_HISTORICAL_OR_SUPERSEDED_TEXT,REVIEW_CLASSIFICATION,docs/canon/adoptions/c0_019_agreement_consent_authorization_v2_1/history/MASTER_AGREEMENT_CONSENT_AND_AUTHORIZATION_MODEL_V2_1_PRE_ADOPTION_FOUNDER_APPROVED.md,**Founder Approval Status:** FOUNDER APPROVED | **Controlling Version:** V2.1 | **Constitutional Adoption Status:** NOT YET ADOPTED | **Constitutional Lock Status:** NOT YET LOCKED | PATH_CLASSIFICATION: historical,SUPERSEDED_OR_SUPERSESSION_TEXT_PRESENT
STALE_DRAFT_HISTORICAL_OR_SUPERSEDED_TEXT,REVIEW_CLASSIFICATION,docs/canon/adoptions/c0_019_agreement_consent_authorization_v2_1/MASTER_AGREEMENT_CONSENT_AND_AUTHORIZATION_MODEL_V2_1_ADOPTED_PRE_LOCK.docx,STATUS_NOT_EXPLICITLY_EXTRACTED,HISTORICAL_DUPLICATE_DRAFT_OR_PREDECESSOR_INFERRED
STALE_DRAFT_HISTORICAL_OR_SUPERSEDED_TEXT,REVIEW_CLASSIFICATION,docs/canon/adoptions/c0_019_agreement_consent_authorization_v2_1/MASTER_AGREEMENT_CONSENT_AND_AUTHORIZATION_MODEL_V2_1_ADOPTED_PRE_LOCK.md,**Founder Approval Status:** FOUNDER APPROVED | **Controlling Version:** V2.1 | **Constitutional Adoption Status:** ADOPTED | **Constitutional Lock Status:** NOT YET LOCKED,SUPERSEDED_OR_SUPERSESSION_TEXT_PRESENT
STALE_DRAFT_HISTORICAL_OR_SUPERSEDED_TEXT,REVIEW_CLASSIFICATION,docs/canon/adoptions/c0_023_c0_035_adoption/C0_023_C0_035_DEPENDENCY_AND_CONFLICT_REVIEW.md,"- The Canon Index contains one active entry for each family, and the lock ledger contains no competing locked Privacy or Reporting canon. | No constitutional authority conflict or conflict with an already locked canon was identified. Constitutional lock remain",CANONICAL_OR_CURRENT_INFERRED
STALE_DRAFT_HISTORICAL_OR_SUPERSEDED_TEXT,REVIEW_CLASSIFICATION,docs/canon/adoptions/c0_023_c0_035_adoption/C0_023_C0_035_FORMAL_ADOPTION_VALIDATION.md,| `pre_adoption_MASTER_PRIVACY_AND_DATA_PROTECTION_MODEL_V2_0_FOUNDER_APPROVED.md` | PASS | | | `pre_adoption_MASTER_PRIVACY_AND_DATA_PROTECTION_MODEL_V2_0_FOUNDER_APPROVED.docx` | PASS | | | `pre_adoption_MASTER_REPORTING_ANALYTICS_AND_BUSINESS_INTELLIGENCE_M,HISTORICAL_DUPLICATE_DRAFT_OR_PREDECESSOR_INFERRED
STALE_DRAFT_HISTORICAL_OR_SUPERSEDED_TEXT,REVIEW_CLASSIFICATION,docs/canon/adoptions/c0_023_c0_035_adoption/render_evidence/privacy/MASTER_PRIVACY_AND_DATA_PROTECTION_MODEL_V2_0_FOUNDER_APPROVED.pdf,STATUS_NOT_EXPLICITLY_EXTRACTED,HISTORICAL_DUPLICATE_DRAFT_OR_PREDECESSOR_INFERRED
STALE_DRAFT_HISTORICAL_OR_SUPERSEDED_TEXT,REVIEW_CLASSIFICATION,docs/canon/adoptions/c0_023_c0_035_adoption/render_evidence/reporting/MASTER_REPORTING_ANALYTICS_AND_BUSINESS_INTELLIGENCE_MODEL_V2_0_FOUNDER_APPROVED.pdf,STATUS_NOT_EXPLICITLY_EXTRACTED,HISTORICAL_DUPLICATE_DRAFT_OR_PREDECESSOR_INFERRED
STALE_DRAFT_HISTORICAL_OR_SUPERSEDED_TEXT,REVIEW_CLASSIFICATION,docs/canon/adoptions/c0_023_c0_035_adoption/tools/validate_and_package.py,"APPROVED = REPO / ""docs/canon/founder_approved_sources"" | PRIVACY_MD = APPROVED / ""MASTER_PRIVACY_AND_DATA_PROTECTION_MODEL_V2_0_FOUNDER_APPROVED.md"" | PRIVACY_DOCX = APPROVED / ""MASTER_PRIVACY_AND_DATA_PROTECTION_MODEL_V2_0_FOUNDER_APPROVED.docx"" | REPORTING_",HISTORICAL_DUPLICATE_DRAFT_OR_PREDECESSOR_INFERRED
STALE_DRAFT_HISTORICAL_OR_SUPERSEDED_TEXT,REVIEW_CLASSIFICATION,docs/canon/adoptions/c0_023_c0_035_lock_readiness/C0_023_C0_035_LOCK_READINESS_FINDINGS.json,"""C0-023 Privacy: ADOPTED but NOT_YET_LOCKED"" | ""C0-041 Vendor Security and Supply Chain: pending separate adoption"" | ""required_resolution"": ""Track change-impact review so later adoption cannot silently conflict with locked Privacy authority."" | ""C0-033 Search",CANONICAL_OR_CURRENT_INFERRED
STALE_DRAFT_HISTORICAL_OR_SUPERSEDED_TEXT,REVIEW_CLASSIFICATION,docs/canon/adoptions/c0_023_privacy_v2_0/pre_adoption/MASTER_PRIVACY_AND_DATA_PROTECTION_MODEL_V2_0_FOUNDER_APPROVED.docx,STATUS_NOT_EXPLICITLY_EXTRACTED,HISTORICAL_DUPLICATE_DRAFT_OR_PREDECESSOR_INFERRED
STALE_DRAFT_HISTORICAL_OR_SUPERSEDED_TEXT,REVIEW_CLASSIFICATION,docs/canon/adoptions/c0_023_privacy_v2_0/pre_adoption/MASTER_PRIVACY_AND_DATA_PROTECTION_MODEL_V2_0_FOUNDER_APPROVED.md,"**FOUNDER APPROVED - FOUNDER-APPROVED CANON SOURCE - NOT YET ADOPTED - NOT YET LOCKED** | Document: MASTER_PRIVACY_AND_DATA_PROTECTION_MODEL_V2_0_FOUNDER_APPROVED.md | Version: 2.0 Founder Approved | Original reviewed-draft date: July 13, 2026",HISTORICAL_DUPLICATE_DRAFT_OR_PREDECESSOR_INFERRED
STALE_DRAFT_HISTORICAL_OR_SUPERSEDED_TEXT,REVIEW_CLASSIFICATION,docs/canon/adoptions/c0_035_reporting_v2_0/pre_adoption/MASTER_REPORTING_ANALYTICS_AND_BUSINESS_INTELLIGENCE_MODEL_V2_0_FOUNDER_APPROVED.docx,STATUS_NOT_EXPLICITLY_EXTRACTED,HISTORICAL_DUPLICATE_DRAFT_OR_PREDECESSOR_INFERRED
STALE_DRAFT_HISTORICAL_OR_SUPERSEDED_TEXT,REVIEW_CLASSIFICATION,docs/canon/adoptions/c0_035_reporting_v2_0/pre_adoption/MASTER_REPORTING_ANALYTICS_AND_BUSINESS_INTELLIGENCE_MODEL_V2_0_FOUNDER_APPROVED.md,| Founder Approval Status | FOUNDER APPROVED | | | Constitutional Status | FOUNDER-APPROVED CANON SOURCE | | | Adoption Status | NOT YET ADOPTED | | | Lock Status | NOT YET LOCKED |,SUPERSEDED_OR_SUPERSESSION_TEXT_PRESENT
STALE_DRAFT_HISTORICAL_OR_SUPERSEDED_TEXT,REVIEW_CLASSIFICATION,docs/canon/adoptions/c0_batch_1/C0_025_DATA_PROTECTION_ENCRYPTION_AND_KEY_MANAGEMENT_ADOPTION_RECORD.md,Disposition: `C0_025_DATA_PROTECTION_ENCRYPTION_AND_KEY_MANAGEMENT_V1_0_ADOPTED` | - Original repository path: `docs/canon/candidates/MASTER_DATA_PROTECTION_ENCRYPTION_AND_KEY_MANAGEMENT_MODEL_V1_0.md` | - Adopted source path: `docs/canon/adopted_sources/MASTE,CANONICAL_OR_CURRENT_INFERRED
STALE_DRAFT_HISTORICAL_OR_SUPERSEDED_TEXT,REVIEW_CLASSIFICATION,docs/canon/adoptions/c0_batch_1/C0_027_AUDIT_EVENT_AND_EVIDENCE_ADOPTION_RECORD.md,Disposition: `C0_027_AUDIT_EVENT_AND_EVIDENCE_V2_0_ADOPTED` | - Source filename: `MASTER_AUDIT_EVENT_AND_EVIDENCE_MODEL_V2_0_FOUNDER_APPROVED.md` | - Original repository path: `docs/canon/candidates/MASTER_AUDIT_EVENT_AND_EVIDENCE_MODEL_V2_0_FOUNDER_APPROVED.m,CANONICAL_OR_CURRENT_INFERRED
STALE_DRAFT_HISTORICAL_OR_SUPERSEDED_TEXT,REVIEW_CLASSIFICATION,docs/canon/adoptions/c0_batch_1/C0_029_COMMUNICATION_NOTIFICATION_AND_NOTICE_ADOPTION_RECORD.md,Disposition: `C0_029_COMMUNICATION_NOTIFICATION_AND_NOTICE_V2_0_ADOPTED` | - Source filename: `MASTER_COMMUNICATION_NOTIFICATION_AND_NOTICE_MODEL_V2_0_FOUNDER_APPROVED.md` | - Original repository path: `docs/canon/candidates/MASTER_COMMUNICATION_NOTIFICATION_A,CANONICAL_OR_CURRENT_INFERRED
STALE_DRAFT_HISTORICAL_OR_SUPERSEDED_TEXT,REVIEW_CLASSIFICATION,docs/canon/adoptions/c0_batch_1/C0_030_SECURITY_INCIDENT_RESPONSE_AND_DISCLOSURE_ADOPTION_RECORD.md,Disposition: `C0_030_SECURITY_INCIDENT_RESPONSE_AND_DISCLOSURE_V1_0_ADOPTED` | - Original repository path: `docs/canon/candidates/MASTER_SECURITY_INCIDENT_RESPONSE_AND_DISCLOSURE_MODEL_V1_0.md` | - Adopted source path: `docs/canon/adopted_sources/MASTER_SECURI,CANONICAL_OR_CURRENT_INFERRED
STALE_DRAFT_HISTORICAL_OR_SUPERSEDED_TEXT,REVIEW_CLASSIFICATION,docs/canon/adoptions/c0_batch_1/C0_031_PLATFORM_RESILIENCE_BACKUP_AND_RECOVERY_ADOPTION_RECORD.md,Disposition: `C0_031_PLATFORM_RESILIENCE_BACKUP_AND_RECOVERY_OPERATIONAL_MODEL_V1_0_ADOPTED` | - Original repository path: `docs/canon/candidates/MASTER_PLATFORM_RESILIENCE_BACKUP_AND_RECOVERY_OPERATIONAL_MODEL_V1_0.md` | - Adopted source path: `docs/canon/ado,CANONICAL_OR_CURRENT_INFERRED
STALE_DRAFT_HISTORICAL_OR_SUPERSEDED_TEXT,REVIEW_CLASSIFICATION,docs/canon/adoptions/c0_batch_1/C0_BATCH_1_TRACK_B_ADOPTION_CERTIFICATE.json,"""adopted_at"": ""2026-07-16T07:34:35Z"", | ""disposition"": ""TRACK_B_SEVEN_CANONS_ADOPTED_LOCK_PENDING"", | ""disposition"": ""C0_025_DATA_PROTECTION_ENCRYPTION_AND_KEY_MANAGEMENT_V1_0_ADOPTED"", | ""source"": ""docs/canon/candidates/MASTER_DATA_PROTECTION_ENCRYPTION_AND_K",CANONICAL_OR_CURRENT_INFERRED
STALE_DRAFT_HISTORICAL_OR_SUPERSEDED_TEXT,REVIEW_CLASSIFICATION,docs/canon/adoptions/c0_batch_1/C0_BATCH_1_TRACK_B_ADOPTION_HASH_MANIFEST.json,"""candidate"": ""docs/canon/candidates/MASTER_DATA_PROTECTION_ENCRYPTION_AND_KEY_MANAGEMENT_MODEL_V1_0.md"", | ""adopted_source"": ""docs/canon/adopted_sources/MASTER_DATA_PROTECTION_ENCRYPTION_AND_KEY_MANAGEMENT_MODEL_V1_0_ADOPTED_SOURCE.md"", | ""candidate_sha256"": """,CANONICAL_OR_CURRENT_INFERRED
STALE_DRAFT_HISTORICAL_OR_SUPERSEDED_TEXT,REVIEW_CLASSIFICATION,docs/canon/adoptions/equine_health_v1_1/EQUINE_HEALTH_V1_1_COMPANION_UPDATE_AND_PATCH_REGISTER.md,| Governance Finding Registry | Exact repository registry mounted; adoption update authorized | Updated in place; six P2s remain open | `docs/canon/registries/GOVERNANCE_FINDING_REGISTRY.md` | | | Founder Decision Register | Exact repository register mounted; ,CANONICAL_OR_CURRENT_INFERRED
STALE_DRAFT_HISTORICAL_OR_SUPERSEDED_TEXT,REVIEW_CLASSIFICATION,docs/canon/adoptions/equine_health_v1_1/EQUINE_HEALTH_V1_1_FOUNDER_ADOPTION_DIRECTIVE.txt,FOUNDER ADOPTION DIRECTIVE | Founder: | ADOPTION CANDIDATE | MASTER_EQUINE_HEALTH_WELFARE_MEDICAL_RECORD_AND_CLINICAL_SUPPORT_MODEL_V1_1_RECONCILED_ADOPTION_CANDIDATE,CANONICAL_OR_CURRENT_INFERRED
STALE_DRAFT_HISTORICAL_OR_SUPERSEDED_TEXT,REVIEW_CLASSIFICATION,docs/canon/adoptions/equine_health_v1_1/EQUINE_HEALTH_V1_1_LOCK_READINESS_ASSESSMENT.md,"`NOT_READY_FOR_LOCK_REVIEW` | The canon is founder-adopted and controlling within its assigned domain, but constitutional lock was not authorized. P0 and P1 are zero. Six accepted P2 findings remain open. `EH-V1.1-P2-03` and `EH-V1.1-P2-06` directly  | - Adopt",CANONICAL_OR_CURRENT_INFERRED
STALE_DRAFT_HISTORICAL_OR_SUPERSEDED_TEXT,REVIEW_CLASSIFICATION,docs/canon/adoptions/equine_health_v1_1/EQUINE_HEALTH_V1_1_POST_ADOPTION_VALIDATION_REPORT.md,`EQUINE_HEALTH_V1_1_FOUNDER_ADOPTED_LOCK_PENDING` | | Candidate SHA-256 | Passed: `c0d08f71e63302d6847560b39dae2e3b68caaee5b5a2bc2927ff80daf969926c` | | | Founder-review package SHA-256 | Passed: `f31e448bc26db2ca7d1bfdabbe047d66380d3df1d9a9f955ae07640c15f8de0,CANONICAL_OR_CURRENT_INFERRED
STALE_DRAFT_HISTORICAL_OR_SUPERSEDED_TEXT,REVIEW_CLASSIFICATION,docs/canon/adoptions/equine_health_v1_1/patches/REQUIREMENT_TRACEABILITY_MATRIX_EQUINE_HEALTH_V1_1_PROPOSAL.patch,- Add EH-FD01 through EH-FD14 to candidate-section traceability. | - Add EH-REQ-001 through EH-REQ-035 to adopted-section traceability. | Proposal only. The exact controlling Requirement Traceability Matrix is unavailable and must not be reconstructed from thi,CANONICAL_OR_CURRENT_INFERRED
STALE_DRAFT_HISTORICAL_OR_SUPERSEDED_TEXT,REVIEW_CLASSIFICATION,docs/canon/adoptions/safeguarding_v1_2/EQUINESYNC_SAFEGUARDING_V1_2_FOUNDER_ADOPTION_DIRECTIVE.md,FOUNDER ADOPTION DIRECTIVE | Founder: | ADOPTED SOURCE | MASTER_MINOR_GUARDIANSHIP_SAFEGUARDING_AND_PROTECTED_PARTICIPANT_MODEL_V1_2_RECONCILED_ADOPTION_CANDIDATE,CANONICAL_OR_CURRENT_INFERRED
STALE_DRAFT_HISTORICAL_OR_SUPERSEDED_TEXT,REVIEW_CLASSIFICATION,docs/canon/adoptions/safeguarding_v1_2/evidence/safeguarding_v1_2_adoption_candidate_review_evidence.zip,PATH_CLASSIFICATION: candidate_or_draft,CANONICAL_OR_CURRENT_INFERRED
STALE_DRAFT_HISTORICAL_OR_SUPERSEDED_TEXT,REVIEW_CLASSIFICATION,docs/canon/adoptions/safeguarding_v1_2/patches/CANON_DEPENDENCY_MAP_SAFEGUARDING_V1_2_PROPOSAL.patch,- Replace the prior minor/guardian safeguarding candidate reference with the founder-adopted V1.2 source and checksum. | - Retain six open P2 gates and blocked formal scans.,CANONICAL_OR_CURRENT_INFERRED
STALE_DRAFT_HISTORICAL_OR_SUPERSEDED_TEXT,REVIEW_CLASSIFICATION,docs/canon/adoptions/safeguarding_v1_2/patches/FOUNDER_DECISION_REGISTER_SAFEGUARDING_V1_2_PROPOSAL.patch,Target: `docs/canon/reviews/drafting_minor_guardianship_safeguarding_v1_0/FOUNDER_DECISION_REGISTER.md` | - Change twelve pending SG-FD decisions to twelve founder-resolved decisions. | - Link the independent founder confirmation and adoption events. | - Point,CANONICAL_OR_CURRENT_INFERRED
STALE_DRAFT_HISTORICAL_OR_SUPERSEDED_TEXT,REVIEW_CLASSIFICATION,docs/canon/adoptions/safeguarding_v1_2/SAFEGUARDING_V1_2_COMPANION_UPDATE_AND_PATCH_REGISTER.md,| Canon Dependency Map | V1.1 exact source mounted; formal scan remains blocked | Proposed delta only | `patches/CANON_DEPENDENCY_MAP_SAFEGUARDING_V1_2_PROPOSAL.patch` | | | Founder Decision Register | Exact repository register mounted and modification authori,CANONICAL_OR_CURRENT_INFERRED
STALE_DRAFT_HISTORICAL_OR_SUPERSEDED_TEXT,REVIEW_CLASSIFICATION,docs/canon/adoptions/safeguarding_v1_2/SAFEGUARDING_V1_2_LOCK_READINESS_ASSESSMENT.md,"`NOT_READY_FOR_LOCK_REVIEW` | The canon is founder-adopted and controlling, but lock was not authorized. P0 and P1 are zero. Six accepted P2 findings remain open. `SG-V1.2-P2-01` expressly includes exact-source and formal-scan work applicable to lock | - Adopt",CANONICAL_OR_CURRENT_INFERRED
STALE_DRAFT_HISTORICAL_OR_SUPERSEDED_TEXT,REVIEW_CLASSIFICATION,docs/canon/adoptions/safeguarding_v1_2/SAFEGUARDING_V1_2_POST_ADOPTION_VALIDATION_REPORT.md,`SAFEGUARDING_V1_2_FOUNDER_ADOPTED_LOCK_PENDING` | | Adopted source SHA-256 | Passed: `83ed4cae3d88e8f9921f8bed971ac9e4c49007c5f847aa704ce4eecae814bdbd` | | | Candidate/adopted byte identity | Passed | | | Founder directive preservation | Passed: `c76c3b822271,CANONICAL_OR_CURRENT_INFERRED
STALE_DRAFT_HISTORICAL_OR_SUPERSEDED_TEXT,REVIEW_CLASSIFICATION,docs/canon/candidates/MASTER_AGREEMENT_CONSENT_AND_AUTHORIZATION_MODEL_V2_0.md,"**Canonical Status:** Draft for Controlled Constitutional Review | This document establishes the controlling EquineSync constitutional model for agreements, consent, authorization, signatures, acknowledgments, approvals, notices, amendments, renewals, suspensi",SUPERSEDED_OR_SUPERSESSION_TEXT_PRESENT
STALE_DRAFT_HISTORICAL_OR_SUPERSEDED_TEXT,REVIEW_CLASSIFICATION,docs/canon/candidates/MASTER_AUDIT_EVENT_AND_EVIDENCE_MODEL_V2_0_FOUNDER_APPROVED.md,"**Status:** Founder Approved — Approved for Controlled Canon Adoption | **Owner:** EquineSync Founder / Product Governance Authority | **Supersedes:** Version 1.0 upon founder adoption | A preservation instruction suspending ordinary deletion, expiration, anon",CANONICAL_OR_CURRENT_INFERRED
STALE_DRAFT_HISTORICAL_OR_SUPERSEDED_TEXT,REVIEW_CLASSIFICATION,docs/canon/candidates/MASTER_COMMUNICATION_NOTIFICATION_AND_NOTICE_MODEL_V2_0_FOUNDER_APPROVED.md,"**Status:** Founder Approved — Controlling Canon | **Supersession Rule:** This model supersedes inconsistent lower-order communication, notification, reminder, alert, messaging, and notice rules. A later document may override it only if the override is founder",SUPERSEDED_OR_SUPERSESSION_TEXT_PRESENT
STALE_DRAFT_HISTORICAL_OR_SUPERSEDED_TEXT,REVIEW_CLASSIFICATION,docs/canon/candidates/MASTER_DATA_PROTECTION_ENCRYPTION_AND_KEY_MANAGEMENT_MODEL_V1_0.md,**Document Type:** Constitutional Canon Candidate | **Candidate Version:** 1.0 | **Status:** Controlled Candidate; Founder Review and Adoption Required | **Owner:** Founder / Security / Privacy / Product Architecture | PATH_CLASSIFICATION: candidate_or_draft,CANONICAL_OR_CURRENT_INFERRED
STALE_DRAFT_HISTORICAL_OR_SUPERSEDED_TEXT,REVIEW_CLASSIFICATION,docs/canon/candidates/MASTER_EQUINE_HEALTH_WELFARE_MEDICAL_RECORD_AND_CLINICAL_SUPPORT_MODEL_V1_1_RECONCILED_ADOPTION_CANDIDATE.md,**Status:** Reconciled adoption candidate for separate founder review | **Constitutional state:** Not adopted; not locked; non-controlling | **Founder source SHA-256:** `81d1d33d45093b89718e877330739c3601ed86ffe9ce6c476a679caab289e4d3` | This candidate defines,CANONICAL_OR_CURRENT_INFERRED
STALE_DRAFT_HISTORICAL_OR_SUPERSEDED_TEXT,REVIEW_CLASSIFICATION,docs/canon/candidates/MASTER_EXTERNAL_ARCHITECTURE_AND_ADAPTER_MODEL_V2_0.md,**Status:** Corrected Version 2.0 Candidate Following Founder `ACCEPT_WITH_MODIFICATION` | The architecture may identify illustrative implementation candidates while preserving a replaceable adapter boundary and a governed vendor-exit path. | ## 2.2 Illustrati,HISTORICAL_DUPLICATE_DRAFT_OR_PREDECESSOR_INFERRED
STALE_DRAFT_HISTORICAL_OR_SUPERSEDED_TEXT,REVIEW_CLASSIFICATION,docs/canon/candidates/MASTER_FINANCIAL_TRUTH_AND_RESPONSIBILITY_MODEL_V2_0.md,"**Document Type:** Newly Created Constitutional Candidate | **Historical Status:** Newly drafted; not recovered, backdated, adopted, or locked | **Founder Approval:** Pending | This candidate defines how EquineSync represents financial truth, responsibility, a",CANONICAL_OR_CURRENT_INFERRED
STALE_DRAFT_HISTORICAL_OR_SUPERSEDED_TEXT,REVIEW_CLASSIFICATION,docs/canon/candidates/MASTER_IDENTITY_ACCOUNT_AND_ACTOR_MODEL_V2_0.md,"**Canonical Status:** Corrected Candidate Following Founder `ACCEPT_WITH_MODIFICATION`; Controlled Adoption Review Required | This candidate proposes the EquineSync constitutional model for durable identity, accounts, actors, authentication context, attributio",HISTORICAL_DUPLICATE_DRAFT_OR_PREDECESSOR_INFERRED
STALE_DRAFT_HISTORICAL_OR_SUPERSEDED_TEXT,REVIEW_CLASSIFICATION,docs/canon/candidates/MASTER_MEDIA_FILES_AND_DIGITAL_ASSET_GOVERNANCE_MODEL_V1_0.md,**Document Type:** Constitutional Canon Candidate | **Candidate Version:** 1.0 | **Status:** Controlled Candidate; Founder Review and Adoption Required | **Owner:** Founder / Product Architecture / Record Stewardship / Security / Privacy / Brand | PATH_CLASSIF,SUPERSEDED_OR_SUPERSESSION_TEXT_PRESENT
STALE_DRAFT_HISTORICAL_OR_SUPERSEDED_TEXT,REVIEW_CLASSIFICATION,docs/canon/candidates/MASTER_MEDIA_FILES_AND_DIGITAL_ASSET_GOVERNANCE_MODEL_V1_1.md,**Document Type:** Constitutional Canon Candidate | **Candidate Version:** 1.1 | **Status:** Controlled Revised Candidate; Founder Approval and Adoption Required | **Owner:** Founder / Product Architecture / Record Stewardship / Security / Privacy / Brand | PA,SUPERSEDED_OR_SUPERSESSION_TEXT_PRESENT
STALE_DRAFT_HISTORICAL_OR_SUPERSEDED_TEXT,REVIEW_CLASSIFICATION,docs/canon/candidates/MASTER_MEDIA_FILES_AND_DIGITAL_ASSET_GOVERNANCE_MODEL_V1_2.md,**Document Type:** Constitutional Canon Candidate | **Candidate Version:** 1.2 | **Status:** Controlled Revised Candidate; Founder Approval and Adoption Required | **Owner:** Founder / Product Architecture / Record Stewardship / Security / Privacy / Brand | PA,SUPERSEDED_OR_SUPERSESSION_TEXT_PRESENT
STALE_DRAFT_HISTORICAL_OR_SUPERSEDED_TEXT,REVIEW_CLASSIFICATION,docs/canon/candidates/MASTER_MINOR_GUARDIANSHIP_SAFEGUARDING_AND_PROTECTED_PARTICIPANT_MODEL_V1_2_RECONCILED_ADOPTION_CANDIDATE.md,"subtitle: ""RECONCILED ADOPTION CANDIDATE"" | **FOUNDER-CONFIRMED RECONCILED CONSTITUTIONAL CANDIDATE** | **NOT ADOPTED - NOT LOCKED - NO IMPLEMENTATION AUTHORITY** | | Document Identifier | `MASTER_MINOR_GUARDIANSHIP_SAFEGUARDING_AND_PROTECTED_PARTICIPANT_MODEL",CANONICAL_OR_CURRENT_INFERRED
STALE_DRAFT_HISTORICAL_OR_SUPERSEDED_TEXT,REVIEW_CLASSIFICATION,docs/canon/candidates/MASTER_PLATFORM_OPERATIONS_RELIABILITY_AND_RELEASE_MODEL_V2_0.md,"**Canonical Status:** Draft for Controlled Constitutional Review | This document establishes the controlling EquineSync constitutional model for: | 15. What corrective actions remain open? | 8. `MASTER_SECURITY_PRIVACY_AND_TRUST_MODEL.md`, when adopted | PATH_",CANONICAL_OR_CURRENT_INFERRED
STALE_DRAFT_HISTORICAL_OR_SUPERSEDED_TEXT,REVIEW_CLASSIFICATION,docs/canon/candidates/MASTER_PLATFORM_RESILIENCE_BACKUP_AND_RECOVERY_OPERATIONAL_MODEL_V1_0.md,"**Document Type:** Subordinate Operational Governance Candidate | **Candidate Version:** 1.0 | **Status:** Controlled Candidate; Founder Review and Adoption Required | It exists beneath the Master Platform Operations, Reliability, and Release Model. It does no",SUPERSEDED_OR_SUPERSESSION_TEXT_PRESENT
STALE_DRAFT_HISTORICAL_OR_SUPERSEDED_TEXT,REVIEW_CLASSIFICATION,docs/canon/candidates/MASTER_SECURITY_INCIDENT_RESPONSE_AND_DISCLOSURE_MODEL_V1_0.md,**Document Type:** Constitutional Canon Candidate | **Candidate Version:** 1.0 | **Status:** Controlled Candidate; Founder Review and Adoption Required | **Owner:** Founder / Security / Privacy / Trust / Legal Coordination | PATH_CLASSIFICATION: candidate_or_d,CANONICAL_OR_CURRENT_INFERRED
STALE_DRAFT_HISTORICAL_OR_SUPERSEDED_TEXT,REVIEW_CLASSIFICATION,docs/canon/candidates/MASTER_SECURITY_PRIVACY_AND_TRUST_MODEL_V1_0.md,**Document Type:** Constitutional Canon Candidate | **Candidate Version:** 1.0 | **Status:** Controlled Candidate; Founder Review and Adoption Required | **Owner:** Founder / Product Architecture / Security / Privacy / Trust and Safety | PATH_CLASSIFICATION: c,CANONICAL_OR_CURRENT_INFERRED
STALE_DRAFT_HISTORICAL_OR_SUPERSEDED_TEXT,REVIEW_CLASSIFICATION,docs/canon/CANON_HISTORICAL_PROVENANCE_EXCEPTION_LEDGER.md,"# Canon Historical Provenance Exception Ledger | - Founder disposition: `ACCEPTED` | - Historical absences classified: true | This ledger records authentic historical gaps. It does not reconstruct, summarize as a substitute, backdate, or simulate any missing a",CANONICAL_OR_CURRENT_INFERRED
STALE_DRAFT_HISTORICAL_OR_SUPERSEDED_TEXT,REVIEW_CLASSIFICATION,docs/canon/companions/C0_BATCH_1_TRACK_B_LOCK_LIFECYCLE_UPDATE.json,"""decision"": ""FOUNDER_AUTHORIZED_C0_BATCH_1_TRACK_B_SEVEN_CANON_CONSTITUTIONAL_LOCK"", | ""locked_rows"": [ | ""Founder Decision Register"",",HISTORICAL_DUPLICATE_DRAFT_OR_PREDECESSOR_INFERRED
STALE_DRAFT_HISTORICAL_OR_SUPERSEDED_TEXT,REVIEW_CLASSIFICATION,docs/canon/companions/C0_PHASE_C_SOURCE_RECOVERY_PROSPECTIVE_UPDATE.md,"This additive lifecycle overlay applies to the Canon Index and Navigator, Constitutional Authority Matrix, Domain Ownership and Boundary Register, Cross-Canon Reference Normalization Register, Canon Dependency Map, Found",HISTORICAL_DUPLICATE_DRAFT_OR_PREDECESSOR_INFERRED
STALE_DRAFT_HISTORICAL_OR_SUPERSEDED_TEXT,REVIEW_CLASSIFICATION,docs/canon/companions/CROSS_CANON_REFERENCE_NORMALIZATION_REGISTER_V1_1.md,"**July 16, 2026 C0-019 lifecycle completion:** Master Agreement, Consent, and Authorization Model V2.1 is `ADOPTED` and `LOCKED`. Current-state overlay: [`C0_019_GOVERNANCE_REGISTER_OVERLAY.md`](../reviews/c0_019_agreeme | **July 16, 2026 C0-004 lifecycle comp",SUPERSEDED_OR_SUPERSESSION_TEXT_PRESENT
STALE_DRAFT_HISTORICAL_OR_SUPERSEDED_TEXT,REVIEW_CLASSIFICATION,docs/canon/companions/EQUINESYNC_CANON_DEPENDENCY_MAP_V1_2.md,"**July 16, 2026 C0-019 lifecycle completion:** Master Agreement, Consent, and Authorization Model V2.1 is `ADOPTED` and `LOCKED`. Current-state overlay: [`C0_019_GOVERNANCE_REGISTER_OVERLAY.md`](../reviews/c0_019_agreeme | **July 16, 2026 C0-004 lifecycle comp",SUPERSEDED_OR_SUPERSESSION_TEXT_PRESENT
STALE_DRAFT_HISTORICAL_OR_SUPERSEDED_TEXT,REVIEW_CLASSIFICATION,docs/canon/companions/EQUINESYNC_CONSTITUTIONAL_AUTHORITY_MATRIX_V1_2.md,"**July 16, 2026 C0-019 lifecycle completion:** Master Agreement, Consent, and Authorization Model V2.1 is `ADOPTED` and `LOCKED`. Current-state overlay: [`C0_019_GOVERNANCE_REGISTER_OVERLAY.md`](../reviews/c0_019_agreeme | **July 16, 2026 C0-004 lifecycle comp",SUPERSEDED_OR_SUPERSESSION_TEXT_PRESENT
STALE_DRAFT_HISTORICAL_OR_SUPERSEDED_TEXT,REVIEW_CLASSIFICATION,docs/canon/companions/EQUINESYNC_CONSTITUTIONAL_CROSS_REFERENCE_INDEX_V1_2.md,"**July 16, 2026 C0-023/C0-035 adoption:** Privacy V2.0 and Reporting V2.0 are constitutionally `ADOPTED` and controlling within their assigned domains. Both remain `NOT YET LOCKED`; lock readiness is not yet determined.  | **July 16, 2026 lifecycle reconciliat",SUPERSEDED_OR_SUPERSESSION_TEXT_PRESENT
STALE_DRAFT_HISTORICAL_OR_SUPERSEDED_TEXT,REVIEW_CLASSIFICATION,docs/canon/companions/EQUINESYNC_CONSTITUTIONAL_VOCABULARY_AND_DEFINITIONS_INDEX_V1_2.md,| **Status** | Founder Accepted Constitutional Support Artifact | | Version 1.1 updates Media-domain references to the founder-accepted V2.1 | EquineSync constitutional canon. It consolidates controlling and | definition conflicts with a controlling founder-ac,CANONICAL_OR_CURRENT_INFERRED
STALE_DRAFT_HISTORICAL_OR_SUPERSEDED_TEXT,REVIEW_CLASSIFICATION,docs/canon/companions/GLOBAL_ADOPTION_STATE_REGISTER.json,"""adoption_state"": ""not separately adopted"", | ""adoption_state"": ""not adopted"", | ""artifact"": ""Historical Provenance and Supersession Evidence"", | ""path"": ""docs/canon/CANON_HISTORICAL_PROVENANCE_EXCEPTION_LEDGER.md"",",CANONICAL_OR_CURRENT_INFERRED
STALE_DRAFT_HISTORICAL_OR_SUPERSEDED_TEXT,REVIEW_CLASSIFICATION,docs/canon/companions/GLOBAL_ADOPTION_STATE_REGISTER.md,| Constitutional Canon Index and Navigator | not separately adopted | `docs/canon/CANON_INDEX.md` | | | Cross-Canon Reference Normalization Register V1.1 | not adopted | `docs/canon/reviews/parallel_safeguarding_companion_reconciliation_v1_0/source_package/ext,HISTORICAL_DUPLICATE_DRAFT_OR_PREDECESSOR_INFERRED
STALE_DRAFT_HISTORICAL_OR_SUPERSEDED_TEXT,REVIEW_CLASSIFICATION,docs/canon/companions/GLOBAL_GOVERNANCE_P2_REGISTER.json,"""remedy"": ""Founder controlled adoption decision for the assembled prospective companion family"" | ""source_path"": ""docs/canon/adoptions/equine_health_v1_1/EQUINE_HEALTH_V1_1_RETAINED_P2_REGISTER.md"", | ""source_path"": ""docs/canon/adoptions/safeguarding_v1_2/SAFE",HISTORICAL_DUPLICATE_DRAFT_OR_PREDECESSOR_INFERRED
STALE_DRAFT_HISTORICAL_OR_SUPERSEDED_TEXT,REVIEW_CLASSIFICATION,docs/canon/companions/GLOBAL_LOCK_STATE_REGISTER.json,"""lock_state"": ""not separately locked"", | ""lock_state"": ""not locked"", | ""artifact"": ""Historical Provenance and Supersession Evidence"", | ""path"": ""docs/canon/CANON_HISTORICAL_PROVENANCE_EXCEPTION_LEDGER.md"",",CANONICAL_OR_CURRENT_INFERRED
STALE_DRAFT_HISTORICAL_OR_SUPERSEDED_TEXT,REVIEW_CLASSIFICATION,docs/canon/companions/GLOBAL_LOCK_STATE_REGISTER.md,| Constitutional Canon Index and Navigator | not separately locked | `docs/canon/CANON_INDEX.md` | | | Cross-Canon Reference Normalization Register V1.1 | not locked | `docs/canon/reviews/parallel_safeguarding_companion_reconciliation_v1_0/source_package/extra,HISTORICAL_DUPLICATE_DRAFT_OR_PREDECESSOR_INFERRED
STALE_DRAFT_HISTORICAL_OR_SUPERSEDED_TEXT,REVIEW_CLASSIFICATION,docs/canon/companions/GLOBAL_SUPERSESSION_REGISTER.json,"""treatment"": ""exact source retained; version and supersession statements remain controlling only at their recorded lifecycle state"" | ""source_path"": ""docs/canon/CANON_HISTORICAL_PROVENANCE_EXCEPTION_LEDGER.md"",",HISTORICAL_DUPLICATE_DRAFT_OR_PREDECESSOR_INFERRED
STALE_DRAFT_HISTORICAL_OR_SUPERSEDED_TEXT,REVIEW_CLASSIFICATION,docs/canon/companions/GLOBAL_SUPERSESSION_REGISTER.md,| docs/canon/CANON_INDEX.md | 2df377ef5192592d0c75deb816c31efc966c3f97849db9fdb4b7506556e65d77 | exact source retained; version and supersession statements remain controlling only at their recorded lifecycle state | | | docs/canon/CANON_HISTORICAL_PROVENANCE_E,CANONICAL_OR_CURRENT_INFERRED
STALE_DRAFT_HISTORICAL_OR_SUPERSEDED_TEXT,REVIEW_CLASSIFICATION,docs/canon/companions/MASTER_EQUINESYNC_FOUNDER_DECISION_REGISTER_V1_0.json,"""classification"": ""NEW_FOUNDER_RATIFIED_CONTROLLED_GLOBAL_COMPANION_REGISTER"", | ""historical_standalone_source_claimed"": false, | ""exact_founder_language"": [ | ""source_path"": ""docs/canon/MASTER_AI_FOUNDER_DECISION_REGISTER_V2_0.json"",",HISTORICAL_DUPLICATE_DRAFT_OR_PREDECESSOR_INFERRED
STALE_DRAFT_HISTORICAL_OR_SUPERSEDED_TEXT,REVIEW_CLASSIFICATION,docs/canon/companions/MASTER_EQUINESYNC_GOVERNANCE_REQUIREMENT_INDEX_V1_0.json,"""historical_60_requirement_source_claimed"": false, | ""authority_owner"": ""AI Governance and Founder constitutional authority"", | ""lifecycle_state"": ""ACTIVE_LOCKED_SOURCE_REQUIREMENT"", | ""founder_decisions"": [],",HISTORICAL_DUPLICATE_DRAFT_OR_PREDECESSOR_INFERRED
STALE_DRAFT_HISTORICAL_OR_SUPERSEDED_TEXT,REVIEW_CLASSIFICATION,docs/canon/companions/MASTER_EQUINESYNC_REQUIREMENT_TRACEABILITY_MATRIX_V1_0.json,"""historical_60_row_source_claimed"": false, | ""founder_decisions"": [ | ""authority_owner"": ""AI Governance and Founder constitutional authority"", | ""adoption_state"": ""ACTIVE_LOCKED_SOURCE_REQUIREMENT"",",HISTORICAL_DUPLICATE_DRAFT_OR_PREDECESSOR_INFERRED
STALE_DRAFT_HISTORICAL_OR_SUPERSEDED_TEXT,REVIEW_CLASSIFICATION,docs/canon/founder_approved_sources/MASTER_AGREEMENT_CONSENT_AND_AUTHORIZATION_MODEL_V2_1_FOUNDER_APPROVED.docx,STATUS_NOT_EXPLICITLY_EXTRACTED,HISTORICAL_DUPLICATE_DRAFT_OR_PREDECESSOR_INFERRED
STALE_DRAFT_HISTORICAL_OR_SUPERSEDED_TEXT,REVIEW_CLASSIFICATION,docs/canon/founder_approved_sources/MASTER_AGREEMENT_CONSENT_AND_AUTHORIZATION_MODEL_V2_1_FOUNDER_APPROVED.md,**Founder Approval Status:** FOUNDER APPROVED | **Controlling Version:** V2.1 | **Constitutional Adoption Status:** ADOPTED | **Constitutional Lock Status:** LOCKED,SUPERSEDED_OR_SUPERSESSION_TEXT_PRESENT
STALE_DRAFT_HISTORICAL_OR_SUPERSEDED_TEXT,REVIEW_CLASSIFICATION,docs/canon/founder_approved_sources/MASTER_CONFIGURATION_AND_FEATURE_FLAG_GOVERNANCE_MODEL_V2_0_FOUNDER_APPROVED.docx,STATUS_NOT_EXPLICITLY_EXTRACTED,HISTORICAL_DUPLICATE_DRAFT_OR_PREDECESSOR_INFERRED
STALE_DRAFT_HISTORICAL_OR_SUPERSEDED_TEXT,REVIEW_CLASSIFICATION,docs/canon/founder_approved_sources/MASTER_DEVELOPER_PLATFORM_AND_INTEGRATION_GOVERNANCE_MODEL_V2_0_FOUNDER_APPROVED.docx,STATUS_NOT_EXPLICITLY_EXTRACTED,HISTORICAL_DUPLICATE_DRAFT_OR_PREDECESSOR_INFERRED
STALE_DRAFT_HISTORICAL_OR_SUPERSEDED_TEXT,REVIEW_CLASSIFICATION,docs/canon/founder_approved_sources/MASTER_PLATFORM_EXTENSIBILITY_AND_PLUGIN_GOVERNANCE_MODEL_V2_0_FOUNDER_APPROVED.docx,STATUS_NOT_EXPLICITLY_EXTRACTED,HISTORICAL_DUPLICATE_DRAFT_OR_PREDECESSOR_INFERRED
STALE_DRAFT_HISTORICAL_OR_SUPERSEDED_TEXT,REVIEW_CLASSIFICATION,docs/canon/founder_approved_sources/MASTER_PLATFORM_OPERATIONS_RELIABILITY_AND_RELEASE_MODEL_V2_0_FOUNDER_APPROVED.docx,STATUS_NOT_EXPLICITLY_EXTRACTED,HISTORICAL_DUPLICATE_DRAFT_OR_PREDECESSOR_INFERRED
STALE_DRAFT_HISTORICAL_OR_SUPERSEDED_TEXT,REVIEW_CLASSIFICATION,docs/canon/founder_approved_sources/MASTER_PRIVACY_AND_DATA_PROTECTION_MODEL_V2_0_FOUNDER_APPROVED.docx,STATUS_NOT_EXPLICITLY_EXTRACTED,HISTORICAL_DUPLICATE_DRAFT_OR_PREDECESSOR_INFERRED
STALE_DRAFT_HISTORICAL_OR_SUPERSEDED_TEXT,REVIEW_CLASSIFICATION,docs/canon/founder_approved_sources/MASTER_PRIVACY_AND_DATA_PROTECTION_MODEL_V2_0_FOUNDER_APPROVED.md,"**FOUNDER APPROVED - CONSTITUTIONALLY ADOPTED AND LOCKED** | Document: MASTER_PRIVACY_AND_DATA_PROTECTION_MODEL_V2_0_FOUNDER_APPROVED.md | Version: 2.0 Founder Approved | Original reviewed-draft date: July 13, 2026",CANONICAL_OR_CURRENT_INFERRED
STALE_DRAFT_HISTORICAL_OR_SUPERSEDED_TEXT,REVIEW_CLASSIFICATION,docs/canon/founder_approved_sources/MASTER_PRODUCT_VISION_V2_1_FOUNDER_APPROVED.docx,STATUS_NOT_EXPLICITLY_EXTRACTED,HISTORICAL_DUPLICATE_DRAFT_OR_PREDECESSOR_INFERRED
STALE_DRAFT_HISTORICAL_OR_SUPERSEDED_TEXT,REVIEW_CLASSIFICATION,docs/canon/founder_approved_sources/MASTER_REPORTING_ANALYTICS_AND_BUSINESS_INTELLIGENCE_MODEL_V2_0_FOUNDER_APPROVED.docx,STATUS_NOT_EXPLICITLY_EXTRACTED,HISTORICAL_DUPLICATE_DRAFT_OR_PREDECESSOR_INFERRED
STALE_DRAFT_HISTORICAL_OR_SUPERSEDED_TEXT,REVIEW_CLASSIFICATION,docs/canon/founder_approved_sources/MASTER_REPORTING_ANALYTICS_AND_BUSINESS_INTELLIGENCE_MODEL_V2_0_FOUNDER_APPROVED.md,| Founder Approval Status | FOUNDER APPROVED | | | Constitutional Status | FOUNDER-APPROVED ADOPTED CANON | | | Constitutional Adoption Status | ADOPTED | | | Constitutional Lock Status | NOT YET LOCKED |,SUPERSEDED_OR_SUPERSESSION_TEXT_PRESENT
STALE_DRAFT_HISTORICAL_OR_SUPERSEDED_TEXT,REVIEW_CLASSIFICATION,docs/canon/founder_approved_sources/MASTER_SEARCH_DISCOVERY_RANKING_AND_RETRIEVAL_MODEL_V2_0_FOUNDER_APPROVED.docx,STATUS_NOT_EXPLICITLY_EXTRACTED,HISTORICAL_DUPLICATE_DRAFT_OR_PREDECESSOR_INFERRED
STALE_DRAFT_HISTORICAL_OR_SUPERSEDED_TEXT,REVIEW_CLASSIFICATION,docs/canon/founder_approved_sources/MASTER_VENDOR_SECURITY_AND_SUPPLY_CHAIN_MODEL_V2_0_FOUNDER_APPROVED.docx,STATUS_NOT_EXPLICITLY_EXTRACTED,HISTORICAL_DUPLICATE_DRAFT_OR_PREDECESSOR_INFERRED
STALE_DRAFT_HISTORICAL_OR_SUPERSEDED_TEXT,REVIEW_CLASSIFICATION,docs/canon/governance/MASTER_RECORD_GOVERNANCE_GAP_MATRIX_V2_0_CLASSIFICATION_REPORT.md,## Founder decision | - Primary controlling canon: `docs/canon/MASTER_RECORD_STEWARDSHIP_AND_RETENTION_MODEL_V2_1.md` | - Historical V1 matrix: unavailable and recorded in the provenance exception ledger | | Candidate classification | Result | Reason |,SUPERSEDED_OR_SUPERSESSION_TEXT_PRESENT
STALE_DRAFT_HISTORICAL_OR_SUPERSEDED_TEXT,REVIEW_CLASSIFICATION,docs/canon/governance/MASTER_RECORD_GOVERNANCE_GAP_MATRIX_V2_0.md,"**Applies To:** Canon authority, record identity, ownership, stewardship, authorship, provenance, classification, correction, retention, legal hold, privacy erasure, historical access, transfer, export, external processi | This document remains non-implementin",SUPERSEDED_OR_SUPERSESSION_TEXT_PRESENT
STALE_DRAFT_HISTORICAL_OR_SUPERSEDED_TEXT,REVIEW_CLASSIFICATION,docs/canon/history/agreement_consent_authorization_v2_0/MASTER_AGREEMENT_CONSENT_AND_AUTHORIZATION_MODEL_V2_0_HISTORICAL_SUPERSEDED_CANDIDATE.md,"**Canonical Status:** Draft for Controlled Constitutional Review | This document establishes the controlling EquineSync constitutional model for agreements, consent, authorization, signatures, acknowledgments, approvals, notices, amendments, renewals, suspensi",SUPERSEDED_OR_SUPERSESSION_TEXT_PRESENT
STALE_DRAFT_HISTORICAL_OR_SUPERSEDED_TEXT,REVIEW_CLASSIFICATION,docs/canon/history/MASTER_EXTERNAL_ARCHITECTURE_AND_ADAPTER_MODEL_V2_0_ADOPTION_REVIEWED_CANDIDATE.md,**Status:** Corrected Version 2.0 Candidate Following Founder `ACCEPT_WITH_MODIFICATION` | The architecture may identify illustrative implementation candidates while preserving a replaceable adapter boundary and a governed vendor-exit path. | ## 2.2 Illustrati,CANONICAL_OR_CURRENT_INFERRED
STALE_DRAFT_HISTORICAL_OR_SUPERSEDED_TEXT,REVIEW_CLASSIFICATION,docs/canon/history/MASTER_EXTERNAL_ARCHITECTURE_AND_ADAPTER_MODEL_V2_0_REVIEWED_SOURCE.md,- historical evidence retention. | PATH_CLASSIFICATION: historical,CANONICAL_OR_CURRENT_INFERRED
STALE_DRAFT_HISTORICAL_OR_SUPERSEDED_TEXT,REVIEW_CLASSIFICATION,docs/canon/history/MASTER_FINANCIAL_TRUTH_AND_RESPONSIBILITY_MODEL_V2_0_CANDIDATE.md,"**Document Type:** Newly Created Constitutional Candidate | **Historical Status:** Newly drafted; not recovered, backdated, adopted, or locked | **Founder Approval:** Pending | This candidate defines how EquineSync represents financial truth, responsibility, a",CANONICAL_OR_CURRENT_INFERRED
STALE_DRAFT_HISTORICAL_OR_SUPERSEDED_TEXT,REVIEW_CLASSIFICATION,docs/canon/history/MASTER_FINANCIAL_TRUTH_AND_RESPONSIBILITY_MODEL_V2_1_FOUNDER_APPROVED_SOURCE.md,**Document Type:** Tier 3 Foundational Domain Canon Candidate | **Status:** Expanded Constitutional Candidate for Controlled Cross-Canon Review and Founder Review | **Supersedes:** All prior proposed Version 1.0 and Version 2.0 candidates upon founder-approved,CANONICAL_OR_CURRENT_INFERRED
STALE_DRAFT_HISTORICAL_OR_SUPERSEDED_TEXT,REVIEW_CLASSIFICATION,docs/canon/history/MASTER_HORSE_TRANSFER_AND_CONTINUITY_POLICY_V2_0_CONTROLLED_CANDIDATE.md,"**Canonical Status:** Controlled Candidate After Constitutional Review; Founder Adoption Pending | **Domain:** Horse Identity, Transfer, Custody, Relationship Continuity, Passport Continuity, Historical Continuity, and Transfer Governance | **Controlling Effec",CANONICAL_OR_CURRENT_INFERRED
STALE_DRAFT_HISTORICAL_OR_SUPERSEDED_TEXT,REVIEW_CLASSIFICATION,docs/canon/history/MASTER_IDENTITY_ACCOUNT_AND_ACTOR_MODEL_V2_0_REVIEWED_SOURCE.md,"**Canonical Status:** Draft for Controlled Constitutional Review | This document establishes the controlling EquineSync constitutional model for identity, accounts, actors, representation, authentication, authority context, attribution, and identity continuity",CANONICAL_OR_CURRENT_INFERRED
STALE_DRAFT_HISTORICAL_OR_SUPERSEDED_TEXT,REVIEW_CLASSIFICATION,docs/canon/history/master_product_vision_v2_0/MASTER_PRODUCT_VISION_V2_0_HISTORICAL_PREDECESSOR.md,Document Status: Founder Canon | Owner: Founder / Product Strategy | contradict this document without a founder-approved amendment or architecture decision record. | 2. The Founder Vision | PATH_CLASSIFICATION: historical,CANONICAL_OR_CURRENT_INFERRED
STALE_DRAFT_HISTORICAL_OR_SUPERSEDED_TEXT,REVIEW_CLASSIFICATION,docs/canon/history/master_product_vision_v2_0/MASTER_PRODUCT_VISION_V2_0_HISTORICAL_PREDECESSOR.pdf,PATH_CLASSIFICATION: historical,HISTORICAL_DUPLICATE_DRAFT_OR_PREDECESSOR_INFERRED
STALE_DRAFT_HISTORICAL_OR_SUPERSEDED_TEXT,REVIEW_CLASSIFICATION,docs/canon/history/MASTER_RELATIONSHIP_MODEL_V1_FINAL_LOCKED.md,"**Document Status:** Founder-Approved Tier 3 Canon; Ready for Founder Lock | **Applies To:** Horse, person, organization, facility, service-provider, agreement, payment, calendar, permission, and historical-continuity relationships | **Authority Level:** Found",SUPERSEDED_OR_SUPERSESSION_TEXT_PRESENT
STALE_DRAFT_HISTORICAL_OR_SUPERSEDED_TEXT,REVIEW_CLASSIFICATION,docs/canon/intake/MASTER_AUDIT_EVENT_AND_EVIDENCE_MODEL_V2_0_CANDIDATE_SOURCE.md,"**Status:** Controlled Constitutional Candidate | **Owner:** EquineSync Founder / Product Governance Authority | **Supersedes:** Version 1.0 upon founder adoption | A preservation instruction suspending ordinary deletion, expiration, anonymization, or disposal",CANONICAL_OR_CURRENT_INFERRED
STALE_DRAFT_HISTORICAL_OR_SUPERSEDED_TEXT,REVIEW_CLASSIFICATION,docs/canon/intake/MASTER_CLAIMS_DISPUTES_AND_AUTHORITY_MODEL_V2_0_FOUNDER_SOURCE.md,"**Status:** Proposed for Controlled Canon Review and Founder Adoption | A claim may be self-attested, organization-attested, document-supported, provider-supported, verified for operational use, externally confirmed, disputed, superseded, withdrawn, rejected, ",SUPERSEDED_OR_SUPERSESSION_TEXT_PRESENT
STALE_DRAFT_HISTORICAL_OR_SUPERSEDED_TEXT,REVIEW_CLASSIFICATION,docs/canon/intake/MASTER_COMMUNICATION_NOTIFICATION_AND_NOTICE_MODEL_V2_0_CANDIDATE_SOURCE.md,"**Status:** Expanded Constitutional Candidate for Controlled Founder Review | **Supersession Rule:** This model supersedes inconsistent lower-order communication, notification, reminder, alert, messaging, and notice rules. A later document may override it only",SUPERSEDED_OR_SUPERSESSION_TEXT_PRESENT
STALE_DRAFT_HISTORICAL_OR_SUPERSEDED_TEXT,REVIEW_CLASSIFICATION,docs/canon/intake/MASTER_HORSE_TRANSFER_AND_CONTINUITY_POLICY_V2_0_SOURCE.md,"**Canonical Status:** Draft for Controlled Constitutional Review | **Domain:** Horse Identity, Transfer, Custody, Relationship Continuity, Passport Continuity, Historical Continuity, and Transfer Governance | This document establishes the controlling EquineSyn",SUPERSEDED_OR_SUPERSESSION_TEXT_PRESENT
STALE_DRAFT_HISTORICAL_OR_SUPERSEDED_TEXT,REVIEW_CLASSIFICATION,docs/canon/intake/MASTER_RECORD_STEWARDSHIP_AND_RETENTION_MODEL_V2_1_FOUNDER_SOURCE.md,"EquineSync manages records that may affect horse welfare, ownership continuity, contracts, money, guardianship, safety, insurance, disputes, legal obligations, professional care, facility operations, and historical truth | 15. how EquineSync preserves historic",SUPERSEDED_OR_SUPERSESSION_TEXT_PRESENT
STALE_DRAFT_HISTORICAL_OR_SUPERSEDED_TEXT,REVIEW_CLASSIFICATION,docs/canon/locks/agreement_consent_authorization_v2_1/C0_019_AGREEMENT_CONSENT_AND_AUTHORIZATION_CONSTITUTIONAL_LOCK_RECORD.sha256,PATH_CLASSIFICATION: adopted_or_locked_source,HISTORICAL_DUPLICATE_DRAFT_OR_PREDECESSOR_INFERRED
STALE_DRAFT_HISTORICAL_OR_SUPERSEDED_TEXT,REVIEW_CLASSIFICATION,docs/canon/locks/master_product_vision_v2_1/C0_004_MASTER_PRODUCT_VISION_CONSTITUTIONAL_LOCK_RECORD.md,- Exact source: `docs/canon/reviews/c0_004_master_product_vision_lifecycle_completion/source_event/MASTER_PRODUCT_VISION_V2_1_SUCCESSOR_CANDIDATE_ORIGINAL.md` / `42f01b4094923d85ab6b7de9c56fc6c084adac4f9b06464554ba2f9e91 | - Locked Markdown: `docs/canon/founde,CANONICAL_OR_CURRENT_INFERRED
STALE_DRAFT_HISTORICAL_OR_SUPERSEDED_TEXT,REVIEW_CLASSIFICATION,docs/canon/locks/master_product_vision_v2_1/C0_004_MASTER_PRODUCT_VISION_CONSTITUTIONAL_LOCK_RECORD.sha256,PATH_CLASSIFICATION: adopted_or_locked_source,HISTORICAL_DUPLICATE_DRAFT_OR_PREDECESSOR_INFERRED
STALE_DRAFT_HISTORICAL_OR_SUPERSEDED_TEXT,REVIEW_CLASSIFICATION,docs/canon/locks/privacy_v2_0/C0_023_PRIVACY_AND_DATA_PROTECTION_CONSTITUTIONAL_LOCK_RECORD.sha256,PATH_CLASSIFICATION: adopted_or_locked_source,HISTORICAL_DUPLICATE_DRAFT_OR_PREDECESSOR_INFERRED
STALE_DRAFT_HISTORICAL_OR_SUPERSEDED_TEXT,REVIEW_CLASSIFICATION,docs/canon/locks/privacy_v2_0/pre_lock/MASTER_PRIVACY_AND_DATA_PROTECTION_MODEL_V2_0_FOUNDER_APPROVED.docx,PATH_CLASSIFICATION: adopted_or_locked_source,HISTORICAL_DUPLICATE_DRAFT_OR_PREDECESSOR_INFERRED
STALE_DRAFT_HISTORICAL_OR_SUPERSEDED_TEXT,REVIEW_CLASSIFICATION,docs/canon/locks/privacy_v2_0/pre_lock/MASTER_PRIVACY_AND_DATA_PROTECTION_MODEL_V2_0_FOUNDER_APPROVED.md,"**FOUNDER APPROVED - CONSTITUTIONALLY ADOPTED - NOT YET LOCKED** | Document: MASTER_PRIVACY_AND_DATA_PROTECTION_MODEL_V2_0_FOUNDER_APPROVED.md | Version: 2.0 Founder Approved | Original reviewed-draft date: July 13, 2026 | PATH_CLASSIFICATION: adopted_or_locke",HISTORICAL_DUPLICATE_DRAFT_OR_PREDECESSOR_INFERRED
STALE_DRAFT_HISTORICAL_OR_SUPERSEDED_TEXT,REVIEW_CLASSIFICATION,docs/canon/locks/privacy_v2_0/render_evidence/final_locked/MASTER_PRIVACY_AND_DATA_PROTECTION_MODEL_V2_0_FOUNDER_APPROVED.pdf,PATH_CLASSIFICATION: adopted_or_locked_source,HISTORICAL_DUPLICATE_DRAFT_OR_PREDECESSOR_INFERRED
STALE_DRAFT_HISTORICAL_OR_SUPERSEDED_TEXT,REVIEW_CLASSIFICATION,docs/canon/MASTER_AI_FOUNDER_DECISION_REGISTER_V2_0.json,"""classification"": ""FOUNDER_RATIFIED_CONTROLLING_COMPANION_REGISTER"", | ""origin"": ""NEW_CONTROLLING_COMPANION_NOT_HISTORICAL_RECOVERY"", | ""section"": ""96. Founder Decisions Incorporated"", | ""source_section"": ""96. Founder Decisions Incorporated"",",HISTORICAL_DUPLICATE_DRAFT_OR_PREDECESSOR_INFERRED
STALE_DRAFT_HISTORICAL_OR_SUPERSEDED_TEXT,REVIEW_CLASSIFICATION,docs/canon/MASTER_AI_FOUNDER_DECISION_REGISTER_V2_0.md,# Master AI Founder Decision Register V2.0 | - Classification: `FOUNDER_RATIFIED_CONTROLLING_COMPANION_REGISTER` | - Source section: `96. Founder Decisions Incorporated` | - Register origin: newly created controlling companion; not a recovered historical artif,CANONICAL_OR_CURRENT_INFERRED
STALE_DRAFT_HISTORICAL_OR_SUPERSEDED_TEXT,REVIEW_CLASSIFICATION,docs/canon/MASTER_AI_OPERATING_SYSTEM.md,"**Document Status:** Founder Canon | **Owner:** Founder / Product Architecture / AI Governance | # 2. Founder Doctrine | AI may prepare, summarize, draft, compare, detect, organize, recommend, and explain.",CANONICAL_OR_CURRENT_INFERRED
STALE_DRAFT_HISTORICAL_OR_SUPERSEDED_TEXT,REVIEW_CLASSIFICATION,docs/canon/MASTER_ANALYTICS_FRAMEWORK.md,"**Document Status:** Founder Canon | **Owner:** Founder / Product Strategy / Data Architecture | - How current state differs from historical trend | - How horse, facility, business, marketplace, platform, and founder analytics connect",SUPERSEDED_OR_SUPERSESSION_TEXT_PRESENT
STALE_DRAFT_HISTORICAL_OR_SUPERSEDED_TEXT,REVIEW_CLASSIFICATION,docs/canon/MASTER_BUSINESS_LIFECYCLE.md,"**Document Status:** Founder Canon | **Owner:** Founder / Product Strategy / Business Architecture | **Review Rule:** No implementation may collapse a business into a user account, facility, service provider role, or payment profile when the business requires ",CANONICAL_OR_CURRENT_INFERRED
STALE_DRAFT_HISTORICAL_OR_SUPERSEDED_TEXT,REVIEW_CLASSIFICATION,docs/canon/MASTER_CLAIMS_DISPUTES_AND_AUTHORITY_MODEL_V2_0.md,"**Status:** Proposed for Controlled Canon Review and Founder Adoption | A claim may be self-attested, organization-attested, document-supported, provider-supported, verified for operational use, externally confirmed, disputed, superseded, withdrawn, rejected, ",SUPERSEDED_OR_SUPERSESSION_TEXT_PRESENT
STALE_DRAFT_HISTORICAL_OR_SUPERSEDED_TEXT,REVIEW_CLASSIFICATION,docs/canon/MASTER_EXTERNAL_ARCHITECTURE_AND_ADAPTER_MODEL_V2_0.md,**Status:** Corrected Version 2.0 Candidate Following Founder `ACCEPT_WITH_MODIFICATION` | The architecture may identify illustrative implementation candidates while preserving a replaceable adapter boundary and a governed vendor-exit path. | ## 2.2 Illustrati,CANONICAL_OR_CURRENT_INFERRED
STALE_DRAFT_HISTORICAL_OR_SUPERSEDED_TEXT,REVIEW_CLASSIFICATION,docs/canon/MASTER_FACILITY_DOMAIN_MODEL.md,Owner: Founder / Codex | - A horse may have historical location assignments. | - Opened state. | - Maintenance opened.,CANONICAL_OR_CURRENT_INFERRED
STALE_DRAFT_HISTORICAL_OR_SUPERSEDED_TEXT,REVIEW_CLASSIFICATION,docs/canon/MASTER_FINANCIAL_TRUTH_AND_RESPONSIBILITY_MODEL_V2_1.md,**Document Type:** Tier 3 Foundational Domain Canon Candidate | **Status:** Expanded Constitutional Candidate for Controlled Cross-Canon Review and Founder Review | **Supersedes:** All prior proposed Version 1.0 and Version 2.0 candidates upon founder-approved,CANONICAL_OR_CURRENT_INFERRED
STALE_DRAFT_HISTORICAL_OR_SUPERSEDED_TEXT,REVIEW_CLASSIFICATION,docs/canon/MASTER_HORSE_LIFECYCLE.md,"**Document Status:** Founder Canon | **Owner:** Founder / Product Architecture / Equine Domain Governance | **Review Rule:** No horse-related feature, workflow, route, API, automation, export, marketplace action, or AI capability may contradict this document w",CANONICAL_OR_CURRENT_INFERRED
STALE_DRAFT_HISTORICAL_OR_SUPERSEDED_TEXT,REVIEW_CLASSIFICATION,docs/canon/MASTER_HORSE_TRANSFER_AND_CONTINUITY_POLICY.md,"**Canonical Status:** Founder-Approved / Adopted / Locked / Controlling | **Domain:** Horse Identity, Transfer, Custody, Relationship Continuity, Passport Continuity, Historical Continuity, and Transfer Governance | **Founder Adoption and Lock Date:** 2026-07-",CANONICAL_OR_CURRENT_INFERRED
STALE_DRAFT_HISTORICAL_OR_SUPERSEDED_TEXT,REVIEW_CLASSIFICATION,docs/canon/MASTER_IDENTITY_ACCOUNT_AND_ACTOR_MODEL_V2_0_LOCK_MANIFEST.md,**Gate:** `IDENTITY_V2_0_LOCKED` | **Lock formulation:** `LOCKED_WITH_NONBLOCKING_P2_FOLLOW_UP` | | `docs/canon/MASTER_IDENTITY_ACCOUNT_AND_ACTOR_MODEL_V2_0.md` | Immutable constitutional artifact | CONTROLLING_AND_LOCKED | `1c79c20a2edd2e7e3907e875679c5871d53,CANONICAL_OR_CURRENT_INFERRED
STALE_DRAFT_HISTORICAL_OR_SUPERSEDED_TEXT,REVIEW_CLASSIFICATION,docs/canon/MASTER_IDENTITY_ACCOUNT_AND_ACTOR_MODEL_V2_0_LOCK_VERIFICATION_MATRIX.md,"| Adopted-byte identity | Pass | Canon and candidate both `1c79c20a...` | | | Adoption evidence | Pass | Adoption report, manifest, ledger, and founder decision record | | | No superseding artifact | Pass | Candidate/source copies are lower-authority preservat",CANONICAL_OR_CURRENT_INFERRED
STALE_DRAFT_HISTORICAL_OR_SUPERSEDED_TEXT,REVIEW_CLASSIFICATION,docs/canon/MASTER_IDENTITY_ACCOUNT_AND_ACTOR_MODEL_V2_0_SHA256SUMS.txt,a0ae31a9d3f5b5a07a9a3a3b66a4c0f6138f98134958efaca9a1f099022c3c38 docs/FOUNDER_ACCEPTANCE_LEDGER.md | 1c79c20a2edd2e7e3907e875679c5871d53c146a226364fb0cc3f956d39f5d0e docs/canon/candidates/MASTER_IDENTITY_ACCOUNT_AND_ACTOR_MODEL_V2_0.md | 2c1b4b14f702beacbf8a65,CANONICAL_OR_CURRENT_INFERRED
STALE_DRAFT_HISTORICAL_OR_SUPERSEDED_TEXT,REVIEW_CLASSIFICATION,docs/canon/MASTER_IDENTITY_ACCOUNT_AND_ACTOR_MODEL_V2_0.md,"**Canonical Status:** Corrected Candidate Following Founder `ACCEPT_WITH_MODIFICATION`; Controlled Adoption Review Required | This candidate proposes the EquineSync constitutional model for durable identity, accounts, actors, authentication context, attributio",CANONICAL_OR_CURRENT_INFERRED
STALE_DRAFT_HISTORICAL_OR_SUPERSEDED_TEXT,REVIEW_CLASSIFICATION,docs/canon/MASTER_PERMISSION_MODEL.md,**Document Status:** Founder Canon | **Owner:** Founder / Product Architecture / Security / Privacy | # 2. Founder Doctrine | - Draft owner updates,CANONICAL_OR_CURRENT_INFERRED
STALE_DRAFT_HISTORICAL_OR_SUPERSEDED_TEXT,REVIEW_CLASSIFICATION,docs/canon/MASTER_PRODUCT_VISION.pdf,STATUS_NOT_EXPLICITLY_EXTRACTED,HISTORICAL_DUPLICATE_DRAFT_OR_PREDECESSOR_INFERRED
STALE_DRAFT_HISTORICAL_OR_SUPERSEDED_TEXT,REVIEW_CLASSIFICATION,docs/canon/MASTER_RECORD_STEWARDSHIP_AND_RETENTION_MODEL_V2_1.md,"EquineSync manages records that may affect horse welfare, ownership continuity, contracts, money, guardianship, safety, insurance, disputes, legal obligations, professional care, facility operations, and historical truth | 15. how EquineSync preserves historic",SUPERSEDED_OR_SUPERSESSION_TEXT_PRESENT
STALE_DRAFT_HISTORICAL_OR_SUPERSEDED_TEXT,REVIEW_CLASSIFICATION,docs/canon/MASTER_RELATIONSHIP_MODEL_ALIGNMENT_REPORT.md,"Status: `MASTER_RELATIONSHIP_MODEL_READY_FOR_FOUNDER_REVIEW` | permissions or Passport behavior, migrate data, open RF31-RF36, activate an | The model is suitable for founder review as the presumptive governing | relationship concept. No direct conflict with l",CANONICAL_OR_CURRENT_INFERRED
STALE_DRAFT_HISTORICAL_OR_SUPERSEDED_TEXT,REVIEW_CLASSIFICATION,docs/canon/MASTER_RELATIONSHIP_MODEL_PROPOSED_CORRECTIONS.md,the presumptive governing conceptual model pending founder review. | | MRM-C01 | Primary Purpose; 24.1 | Replace `RF31 Horse Identity & Transfer Continuity` with the founder-approved RF31 title and state that RF27 owns physical intake/location while RF31 owns ,CANONICAL_OR_CURRENT_INFERRED
STALE_DRAFT_HISTORICAL_OR_SUPERSEDED_TEXT,REVIEW_CLASSIFICATION,docs/canon/MASTER_RELATIONSHIP_MODEL_V2_0_ALIGNMENT_REPORT.md,"Status: `MASTER_RELATIONSHIP_MODEL_V2_0_READY_FOR_FOUNDER_REVIEW` | unlocked, and unimplemented. The controlling relationship canon at | - controlling Master Relationship Model; | - RF29 and RF30 locked boundaries;",SUPERSEDED_OR_SUPERSESSION_TEXT_PRESENT
STALE_DRAFT_HISTORICAL_OR_SUPERSEDED_TEXT,REVIEW_CLASSIFICATION,docs/canon/MASTER_RELATIONSHIP_MODEL_V2_0_CANON_INDEX_PROPOSAL.md,"until a separate founder lock directive activates Version 2.0. | | 3 | Master Relationship Model | `docs/canon/MASTER_RELATIONSHIP_MODEL.md` | founder-approved / locked / Version 2.0 active successor | Governs explicit, temporal, scoped, purpose-limited, audit",SUPERSEDED_OR_SUPERSESSION_TEXT_PRESENT
STALE_DRAFT_HISTORICAL_OR_SUPERSEDED_TEXT,REVIEW_CLASSIFICATION,docs/canon/MASTER_RELATIONSHIP_MODEL_V2_0_DELTA_MATRIX.md,| section_id | section_title | new_or_modified | source_in_version_1 | related_external_canon | conflict_status | duplication_status | recommended_owner | founder_decision_required | implementation_risk | migration_risk  | | V2-S08 | Relationship Dependencies ,CANONICAL_OR_CURRENT_INFERRED
STALE_DRAFT_HISTORICAL_OR_SUPERSEDED_TEXT,REVIEW_CLASSIFICATION,docs/canon/MASTER_RELATIONSHIP_MODEL_V2_0_FINAL_CANDIDATE.md,"# MASTER RELATIONSHIP MODEL - VERSION 2.0 FINAL CANDIDATE | **Document Status:** Complete Tier 3 Successor Candidate; Not Yet Approved or Locked | **Predecessor:** `docs/canon/history/MASTER_RELATIONSHIP_MODEL_V1_FINAL_LOCKED.md` | **Applies To:** Horse, perso",SUPERSEDED_OR_SUPERSESSION_TEXT_PRESENT
STALE_DRAFT_HISTORICAL_OR_SUPERSEDED_TEXT,REVIEW_CLASSIFICATION,docs/canon/MASTER_RELATIONSHIP_MODEL_V2_0_FINAL_LOCK_MANIFEST.json,"""state"": ""MASTER_RELATIONSHIP_MODEL_V2_0_LOCKED"", | ""classification"": ""active_locked_canon"", | ""path"": ""docs/canon/history/MASTER_RELATIONSHIP_MODEL_V1_FINAL_LOCKED.md"", | ""classification"": ""historical_locked_predecessor"",",CANONICAL_OR_CURRENT_INFERRED
STALE_DRAFT_HISTORICAL_OR_SUPERSEDED_TEXT,REVIEW_CLASSIFICATION,docs/canon/MASTER_RELATIONSHIP_MODEL_V2_0_INTEGRATION_REPORT.md,"Option A full-successor preparation is complete at the candidate stage. | State: `MASTER_RELATIONSHIP_MODEL_V2_0_READY_FOR_FOUNDER_LOCK_REVIEW` | The candidate is a complete 2,351-line relationship model built from the full | | Historical Version 1 | `dc59187c",CANONICAL_OR_CURRENT_INFERRED
STALE_DRAFT_HISTORICAL_OR_SUPERSEDED_TEXT,REVIEW_CLASSIFICATION,docs/canon/MASTER_RELATIONSHIP_MODEL_V2_0_LOCK_RECOMMENDATION.md,Return the complete successor candidate at: | `MASTER_RELATIONSHIP_MODEL_V2_0_READY_FOR_FOUNDER_LOCK_REVIEW` | The candidate is structurally ready for founder lock review because: | - candidate state is explicitly non-canonical and unlocked;,CANONICAL_OR_CURRENT_INFERRED
STALE_DRAFT_HISTORICAL_OR_SUPERSEDED_TEXT,REVIEW_CLASSIFICATION,docs/canon/MASTER_RELATIONSHIP_MODEL_V2_0_PRESERVATION_MATRIX.md,"| version_1_section | version_1_rule | version_2_location | preserved | modified | clarified | removed | conflict_status | reason | founder_decision_required | | | 1 Executive Summary | Relationships are explicit, temporal, scoped, and cross-domain. | 1, plus ",CANONICAL_OR_CURRENT_INFERRED
STALE_DRAFT_HISTORICAL_OR_SUPERSEDED_TEXT,REVIEW_CLASSIFICATION,docs/canon/MASTER_RELATIONSHIP_MODEL.md,"**Document Status:** Founder-Approved and Locked Tier 3 Canon; Version 2.0 Active Successor | **Predecessor:** `docs/canon/history/MASTER_RELATIONSHIP_MODEL_V1_FINAL_LOCKED.md` | **Applies To:** Horse, person, organization, facility, service-provider, agreemen",SUPERSEDED_OR_SUPERSESSION_TEXT_PRESENT
STALE_DRAFT_HISTORICAL_OR_SUPERSEDED_TEXT,REVIEW_CLASSIFICATION,docs/canon/registries/CANON_ARTIFACT_INVENTORY.md,"**July 16, 2026 C0-019 lifecycle completion:** Master Agreement, Consent, and Authorization Model V2.1 is `ADOPTED` and `LOCKED`. Current-state overlay: [`C0_019_GOVERNANCE_REGISTER_OVERLAY.md`](../reviews/c0_019_agreeme | **July 16, 2026 C0-004 lifecycle comp",SUPERSEDED_OR_SUPERSESSION_TEXT_PRESENT
STALE_DRAFT_HISTORICAL_OR_SUPERSEDED_TEXT,REVIEW_CLASSIFICATION,docs/canon/registries/CANON_DEPENDENCY_REGISTRY.md,**Version:** 1.0 controlled candidate | **Status:** Founder review pending | | Canon/instrument | Upstream authority | Required peer dependencies | Downstream consumers | Unresolved dependency | | | Product Vision | Founder product authority | None | Every can,CANONICAL_OR_CURRENT_INFERRED
STALE_DRAFT_HISTORICAL_OR_SUPERSEDED_TEXT,REVIEW_CLASSIFICATION,docs/canon/registries/CANON_STATE_AND_LOCK_REGISTRY.md,**Version:** 1.0 controlled candidate | **Status:** Founder review pending | | Artifact | Current governed state | Founder approval | Active Canon Index | Lock | Evidence / blocker | | | Global Constitutional Companion Artifact Family V1.0 | `CONTROLLING_GOVER,CANONICAL_OR_CURRENT_INFERRED
STALE_DRAFT_HISTORICAL_OR_SUPERSEDED_TEXT,REVIEW_CLASSIFICATION,docs/canon/registries/DOMAIN_OWNER_AND_STEWARD_REGISTRY.md,**Version:** 1.0 controlled candidate | **Status:** Founder review pending | | Product vision | Founder/Product Governance | Product leadership | Canon governance | Highest product-purpose authority | | | Identity/actors | Locked Identity V2.0 canon owner | Id,CANONICAL_OR_CURRENT_INFERRED
STALE_DRAFT_HISTORICAL_OR_SUPERSEDED_TEXT,REVIEW_CLASSIFICATION,docs/canon/registries/GOVERNANCE_FINDING_REGISTRY.md,"| `RF31-P2-DATASET-PROFILING` | Horse Transfer and Continuity | P2 | Approved non-production legacy conflict counts are not yet profiled. | No | Yes, before migration design | Future RF31 migration/convergence readiness  | | `RF31-P2-JURISDICTION-POLICY` | Hor",CANONICAL_OR_CURRENT_INFERRED
STALE_DRAFT_HISTORICAL_OR_SUPERSEDED_TEXT,REVIEW_CLASSIFICATION,docs/canon/registries/IMPLEMENTATION_AUTHORIZATION_REGISTRY.md,**Version:** 1.0 controlled candidate | **Status:** Founder review pending | **Default:** Anything not explicitly authorized by a durable founder directive is `false`. | | Wave 1 identity/platform work | W1-RF01 assessment complete; W1-RF02 founder decision pe,CANONICAL_OR_CURRENT_INFERRED
STALE_DRAFT_HISTORICAL_OR_SUPERSEDED_TEXT,REVIEW_CLASSIFICATION,docs/canon/reviews/c0_004_master_product_vision_lifecycle_completion/C0_004_ATTACHED_SOURCE_PROVENANCE_RECORD.md,- Original attachment path: `/Users/rianray/Downloads/MASTER_PRODUCT_VISION_V2_1_SUCCESSOR_CANDIDATE (1).md` | - Controlled preservation path: `docs/canon/reviews/c0_004_master_product_vision_lifecycle_completion/source_event/MASTER_PRODUCT_VISION_V2_1_SUCCESS,CANONICAL_OR_CURRENT_INFERRED
STALE_DRAFT_HISTORICAL_OR_SUPERSEDED_TEXT,REVIEW_CLASSIFICATION,docs/canon/reviews/c0_004_master_product_vision_lifecycle_completion/C0_004_CHANGED_FILE_MANIFEST.json,"""path"": ""docs/canon/founder_approved_sources/MASTER_PRODUCT_VISION_V2_1_FOUNDER_APPROVED.md"", | ""path"": ""docs/canon/founder_approved_sources/MASTER_PRODUCT_VISION_V2_1_FOUNDER_APPROVED.docx"", | ""path"": ""docs/canon/history/master_product_vision_v2_0/MASTER_PROD",CANONICAL_OR_CURRENT_INFERRED
STALE_DRAFT_HISTORICAL_OR_SUPERSEDED_TEXT,REVIEW_CLASSIFICATION,docs/canon/reviews/c0_004_master_product_vision_lifecycle_completion/C0_004_FINAL_LIFECYCLE_COMPLETION_REPORT.md,Final disposition: `C0_004_MASTER_PRODUCT_VISION_CONSTITUTIONALLY_LOCKED` | - Founder source decision: `CONFIRM_ATTACHED_MASTER_PRODUCT_VISION_SOURCE_AS_CONTROLLING_C0_004_SOURCE_AND_PRESERVE_PRIOR_ARTIFACTS_AS_HISTORICAL_NONCONTROLLING_PREDECESSORS` | - Contr,CANONICAL_OR_CURRENT_INFERRED
STALE_DRAFT_HISTORICAL_OR_SUPERSEDED_TEXT,REVIEW_CLASSIFICATION,docs/canon/reviews/c0_004_master_product_vision_lifecycle_completion/C0_004_FORMAL_VALIDATION_REPORT.json,"""open_p1"": 0, | ""retained_p2"": 0 | ""unresolved_placeholder_scan"": ""PASS"", | ""locked_canon_conflict_scan"": ""PASS"",",HISTORICAL_DUPLICATE_DRAFT_OR_PREDECESSOR_INFERRED
STALE_DRAFT_HISTORICAL_OR_SUPERSEDED_TEXT,REVIEW_CLASSIFICATION,docs/canon/reviews/c0_004_master_product_vision_lifecycle_completion/C0_004_INITIALIZATION_REPORT.md,- Founder disposition: `FOUNDER_AUTHORIZED_C0_004_MASTER_PRODUCT_VISION_CONTROLLED_LIFECYCLE_COMPLETION` | - Attachment filename: `MASTER_PRODUCT_VISION_V2_1_SUCCESSOR_CANDIDATE (1).md` | - Preserved source: `docs/canon/reviews/c0_004_master_product_vision_lif,CANONICAL_OR_CURRENT_INFERRED
STALE_DRAFT_HISTORICAL_OR_SUPERSEDED_TEXT,REVIEW_CLASSIFICATION,docs/canon/reviews/c0_004_master_product_vision_lifecycle_completion/C0_004_LOCK_READINESS_REPORT.md,- Adopted Markdown SHA-256: `ddf31c602a777e7c0d107adfd2523d2e22989b2227cb25fd0a851b21c0e8e6ef` | - Adopted DOCX SHA-256: `bac7f56e6285633a14f1c7feb315767ff17f7adec6a47c48e0b8ce342227a101` | - Locked-canon authority conflict: `NONE` | - Open P1: `0`,CANONICAL_OR_CURRENT_INFERRED
STALE_DRAFT_HISTORICAL_OR_SUPERSEDED_TEXT,REVIEW_CLASSIFICATION,docs/canon/reviews/c0_004_master_product_vision_lifecycle_completion/C0_004_NORMALIZED_TEXT_COMPARISON.md,- V2.1 exact source: `docs/canon/reviews/c0_004_master_product_vision_lifecycle_completion/source_event/MASTER_PRODUCT_VISION_V2_1_SUCCESSOR_CANDIDATE_ORIGINAL.md` / `42f01b4094923d85ab6b7de9c56fc6c084adac4f9b06464554ba2 | - Classification: `SUBSTANTIVE_SUCCES,CANONICAL_OR_CURRENT_INFERRED
STALE_DRAFT_HISTORICAL_OR_SUPERSEDED_TEXT,REVIEW_CLASSIFICATION,docs/canon/reviews/c0_004_master_product_vision_lifecycle_completion/C0_004_PHASE_A_VALIDATION.json,"""disposition"": ""C0_004_MASTER_PRODUCT_VISION_SOURCE_IDENTITY_AND_FOUNDER_APPROVED_COUNTERPARTS_COMPLETE_PENDING_ADOPTION"", | ""locked_canon_conflict_scan"": true, | ""visual_qa_pending"": false, | ""open_p1"": 0,",CANONICAL_OR_CURRENT_INFERRED
STALE_DRAFT_HISTORICAL_OR_SUPERSEDED_TEXT,REVIEW_CLASSIFICATION,docs/canon/reviews/c0_004_master_product_vision_lifecycle_completion/C0_004_RAW_BYTE_COMPARISON.json,"""path"": ""docs/canon/reviews/c0_004_master_product_vision_lifecycle_completion/source_event/MASTER_PRODUCT_VISION_V2_1_SUCCESSOR_CANDIDATE_ORIGINAL.md"", | ""current_repository_classification"": ""SUPERSEDED_HISTORICAL_V2_0_PREDECESSOR"",",SUPERSEDED_OR_SUPERSESSION_TEXT_PRESENT
STALE_DRAFT_HISTORICAL_OR_SUPERSEDED_TEXT,REVIEW_CLASSIFICATION,docs/canon/reviews/c0_004_master_product_vision_lifecycle_completion/C0_004_SOURCE_IDENTITY_DECISION_RECORD.md,## Founder Source-Identity Decision | `CONFIRM_ATTACHED_MASTER_PRODUCT_VISION_SOURCE_AS_CONTROLLING_C0_004_SOURCE_AND_PRESERVE_PRIOR_ARTIFACTS_AS_HISTORICAL_NONCONTROLLING_PREDECESSORS` | The attached V2.1 source matches the independently recorded expected C0-,CANONICAL_OR_CURRENT_INFERRED
STALE_DRAFT_HISTORICAL_OR_SUPERSEDED_TEXT,REVIEW_CLASSIFICATION,docs/canon/reviews/c0_004_master_product_vision_lifecycle_completion/C0_004_SOURCE_INVENTORY.json,"""path"": ""docs/canon/reviews/c0_004_master_product_vision_lifecycle_completion/source_event/MASTER_PRODUCT_VISION_V2_1_SUCCESSOR_CANDIDATE_ORIGINAL.md"", | ""filename"": ""MASTER_PRODUCT_VISION_V2_1_SUCCESSOR_CANDIDATE_ORIGINAL.md"", | ""provenance"": ""Founder-attache",SUPERSEDED_OR_SUPERSESSION_TEXT_PRESENT
STALE_DRAFT_HISTORICAL_OR_SUPERSEDED_TEXT,REVIEW_CLASSIFICATION,docs/canon/reviews/c0_004_master_product_vision_lifecycle_completion/C0_004_SOURCE_INVENTORY.md,| `docs/canon/reviews/c0_004_master_product_vision_lifecycle_completion/source_event/MASTER_PRODUCT_VISION_V2_1_SUCCESSOR_CANDIDATE_ORIGINAL.md` | 2.1 | exact expected source | `42f01b4094923d85ab6b7de9c56fc6c084adac4f9b | | `docs/canon/founder_approved_source,SUPERSEDED_OR_SUPERSESSION_TEXT_PRESENT
STALE_DRAFT_HISTORICAL_OR_SUPERSEDED_TEXT,REVIEW_CLASSIFICATION,docs/canon/reviews/c0_004_master_product_vision_lifecycle_completion/render_evidence/final_locked_v1/MASTER_PRODUCT_VISION_V2_1_FOUNDER_APPROVED.pdf,STATUS_NOT_EXPLICITLY_EXTRACTED,HISTORICAL_DUPLICATE_DRAFT_OR_PREDECESSOR_INFERRED
STALE_DRAFT_HISTORICAL_OR_SUPERSEDED_TEXT,REVIEW_CLASSIFICATION,docs/canon/reviews/c0_004_master_product_vision_lifecycle_completion/render_evidence/phase_a_v1/MASTER_PRODUCT_VISION_V2_1_FOUNDER_APPROVED.pdf,STATUS_NOT_EXPLICITLY_EXTRACTED,HISTORICAL_DUPLICATE_DRAFT_OR_PREDECESSOR_INFERRED
STALE_DRAFT_HISTORICAL_OR_SUPERSEDED_TEXT,REVIEW_CLASSIFICATION,docs/canon/reviews/c0_004_master_product_vision_lifecycle_completion/render_evidence/phase_a_v2/MASTER_PRODUCT_VISION_V2_1_FOUNDER_APPROVED.pdf,STATUS_NOT_EXPLICITLY_EXTRACTED,HISTORICAL_DUPLICATE_DRAFT_OR_PREDECESSOR_INFERRED
STALE_DRAFT_HISTORICAL_OR_SUPERSEDED_TEXT,REVIEW_CLASSIFICATION,docs/canon/reviews/c0_004_master_product_vision_lifecycle_completion/source_event/MASTER_PRODUCT_VISION_V2_1_SUCCESSOR_CANDIDATE_ORIGINAL.md,"Document Status: Controlled Successor Candidate for Founder Review | Owner: Founder / Product Strategy | Implementation Status: Vision authority only; this Version 2.1 successor candidate does not authorize implementation, adoption, lock, migration, production",CANONICAL_OR_CURRENT_INFERRED
STALE_DRAFT_HISTORICAL_OR_SUPERSEDED_TEXT,REVIEW_CLASSIFICATION,docs/canon/reviews/c0_004_master_product_vision_lifecycle_completion/tools/build_c0_004.py,"RAW = ROOT / ""source_event/MASTER_PRODUCT_VISION_V2_1_SUCCESSOR_CANDIDATE_ORIGINAL.md"" | ACTIVE_MD = REPO / ""docs/canon/founder_approved_sources/MASTER_PRODUCT_VISION_V2_1_FOUNDER_APPROVED.md"" | ACTIVE_DOCX = REPO / ""docs/canon/founder_approved_sources/MASTER_",CANONICAL_OR_CURRENT_INFERRED
STALE_DRAFT_HISTORICAL_OR_SUPERSEDED_TEXT,REVIEW_CLASSIFICATION,docs/canon/reviews/c0_004_master_product_vision_lifecycle_completion/tools/validate_and_package_c0_004.py,"""docs/canon/founder_approved_sources/MASTER_PRODUCT_VISION_V2_1_FOUNDER_APPROVED.md"", | ""docs/canon/founder_approved_sources/MASTER_PRODUCT_VISION_V2_1_FOUNDER_APPROVED.docx"", | ""docs/canon/history/master_product_vision_v2_0/MASTER_PRODUCT_VISION_V2_0_HISTORIC",CANONICAL_OR_CURRENT_INFERRED
STALE_DRAFT_HISTORICAL_OR_SUPERSEDED_TEXT,REVIEW_CLASSIFICATION,docs/canon/reviews/c0_019_agreement_consent_authorization_lifecycle_completion/C0_019_CHANGED_FILE_MANIFEST.json,"""path"": ""docs/canon/founder_approved_sources/MASTER_AGREEMENT_CONSENT_AND_AUTHORIZATION_MODEL_V2_1_FOUNDER_APPROVED.md"", | ""path"": ""docs/canon/founder_approved_sources/MASTER_AGREEMENT_CONSENT_AND_AUTHORIZATION_MODEL_V2_1_FOUNDER_APPROVED.docx"", | ""path"": ""doc",SUPERSEDED_OR_SUPERSESSION_TEXT_PRESENT
STALE_DRAFT_HISTORICAL_OR_SUPERSEDED_TEXT,REVIEW_CLASSIFICATION,docs/canon/reviews/c0_019_agreement_consent_authorization_lifecycle_completion/C0_019_CROSS_CANON_IMPACT_REPORT.md,"V2.1 was reconciled against locked Product Vision, Identity, Relationship, Safeguarding, Communication, Audit, Claims, Financial Truth, Equine Health, RF31, Record Stewardship, and related adopted/candidate Privacy and P | No P0, P1, locked-canon conflict, cir",CANONICAL_OR_CURRENT_INFERRED
STALE_DRAFT_HISTORICAL_OR_SUPERSEDED_TEXT,REVIEW_CLASSIFICATION,docs/canon/reviews/c0_019_agreement_consent_authorization_lifecycle_completion/C0_019_EVIDENCE_PACKAGE_MANIFEST.json,"""docs/canon/adoptions/c0_019_agreement_consent_authorization_v2_1/MASTER_AGREEMENT_CONSENT_AND_AUTHORIZATION_MODEL_V2_1_ADOPTED_PRE_LOCK.docx"": ""ab33923507e0d3ef9a4cc9670a25786c1b752b126d319d532c495d3efc9aff9c"", | ""docs/canon/adoptions/c0_019_agreement_consent",SUPERSEDED_OR_SUPERSESSION_TEXT_PRESENT
STALE_DRAFT_HISTORICAL_OR_SUPERSEDED_TEXT,REVIEW_CLASSIFICATION,docs/canon/reviews/c0_019_agreement_consent_authorization_lifecycle_completion/C0_019_FINAL_LIFECYCLE_COMPLETION_REPORT.md,Final disposition: `C0_019_AGREEMENT_CONSENT_AND_AUTHORIZATION_CONSTITUTIONALLY_LOCKED` | - V2.0 predecessor: `docs/canon/candidates/MASTER_AGREEMENT_CONSENT_AND_AUTHORIZATION_MODEL_V2_0.md` / `630b6128e37734be01a40d64b80d9fb4d74fce48198c60f9fcbd1a2ef83c232b` ,SUPERSEDED_OR_SUPERSESSION_TEXT_PRESENT
STALE_DRAFT_HISTORICAL_OR_SUPERSEDED_TEXT,REVIEW_CLASSIFICATION,docs/canon/reviews/c0_019_agreement_consent_authorization_lifecycle_completion/C0_019_FORMAL_VALIDATION_REPORT.json,"""open_p1"": 0, | ""retained_p2"": 0 | ""unresolved_placeholder_scan"": ""PASS"", | ""broken_reference_scan"": ""PASS_NO_NEW_UNRESOLVED_REFERENCES"",",HISTORICAL_DUPLICATE_DRAFT_OR_PREDECESSOR_INFERRED
STALE_DRAFT_HISTORICAL_OR_SUPERSEDED_TEXT,REVIEW_CLASSIFICATION,docs/canon/reviews/c0_019_agreement_consent_authorization_lifecycle_completion/C0_019_INITIALIZATION_REPORT.md,- Founder disposition: `FOUNDER_AUTHORIZED_C0_019_AGREEMENT_CONSENT_AND_AUTHORIZATION_CONTROLLED_LIFECYCLE_COMPLETION` | - V2.0 candidate: `docs/canon/candidates/MASTER_AGREEMENT_CONSENT_AND_AUTHORIZATION_MODEL_V2_0.md` / `630b6128e37734be01a40d64b80d9fb4d74fc,CANONICAL_OR_CURRENT_INFERRED
STALE_DRAFT_HISTORICAL_OR_SUPERSEDED_TEXT,REVIEW_CLASSIFICATION,docs/canon/reviews/c0_019_agreement_consent_authorization_lifecycle_completion/C0_019_LOCK_READINESS_REPORT.md,- Adopted Markdown SHA-256: `a96effd167554d84dbdf18f0804468abcf67a9a9e326c6ea8907e59779097bc0` | - Adopted DOCX SHA-256: `ab33923507e0d3ef9a4cc9670a25786c1b752b126d319d532c495d3efc9aff9c` | - Locked-canon authority conflict: `NONE` | - Open P1: `0`,CANONICAL_OR_CURRENT_INFERRED
STALE_DRAFT_HISTORICAL_OR_SUPERSEDED_TEXT,REVIEW_CLASSIFICATION,docs/canon/reviews/c0_019_agreement_consent_authorization_lifecycle_completion/C0_019_SOURCE_IDENTITY_DECISION_RECORD.md,`CONFIRM_MASTER_AGREEMENT_CONSENT_AND_AUTHORIZATION_MODEL_V2_1_AS_CONTROLLING_C0_019_SOURCE_AND_PRESERVE_V2_0_AS_HISTORICAL_SUPERSEDED_CANDIDATE` | Classification: `EXACT_V2_1_CONTROLLING_SOURCE_CONFIRMED`. Exact hash `af34895d8248f0fa26f7c976c345caa7ac9fba7b7,SUPERSEDED_OR_SUPERSESSION_TEXT_PRESENT
STALE_DRAFT_HISTORICAL_OR_SUPERSEDED_TEXT,REVIEW_CLASSIFICATION,docs/canon/reviews/c0_019_agreement_consent_authorization_lifecycle_completion/C0_019_SOURCE_INVENTORY.json,"""controlling_claim"": true, | ""relationship"": ""controlling successor"" | ""path"": ""docs/canon/founder_approved_sources/MASTER_AGREEMENT_CONSENT_AND_AUTHORIZATION_MODEL_V2_1_FOUNDER_APPROVED.md"", | ""status"": ""founder-approved pre-adoption"",",SUPERSEDED_OR_SUPERSESSION_TEXT_PRESENT
STALE_DRAFT_HISTORICAL_OR_SUPERSEDED_TEXT,REVIEW_CLASSIFICATION,docs/canon/reviews/c0_019_agreement_consent_authorization_lifecycle_completion/C0_019_SOURCE_INVENTORY.md,| `docs/canon/reviews/c0_019_agreement_consent_authorization_lifecycle_completion/source_event/MASTER_AGREEMENT_CONSENT_AND_AUTHORIZATION_MODEL_V2_1_ORIGINAL.md` | 2.1 | exact expected source | `af34895d8248f0fa26f7c976c | | `docs/canon/founder_approved_source,SUPERSEDED_OR_SUPERSESSION_TEXT_PRESENT
STALE_DRAFT_HISTORICAL_OR_SUPERSEDED_TEXT,REVIEW_CLASSIFICATION,docs/canon/reviews/c0_019_agreement_consent_authorization_lifecycle_completion/C0_019_SOURCE_SUCCESSION_ANALYSIS.md,"Primary classification: `EXACT_V2_1_CONTROLLING_SOURCE_CONFIRMED`. | V2.1 matches the authenticated expected hash and package entry, expressly supersedes V2.0, and carries founder-accepted controlling text pending the lifecycle completed here. V2.0 is preserve",SUPERSEDED_OR_SUPERSESSION_TEXT_PRESENT
STALE_DRAFT_HISTORICAL_OR_SUPERSEDED_TEXT,REVIEW_CLASSIFICATION,docs/canon/reviews/c0_019_agreement_consent_authorization_lifecycle_completion/render_evidence/final_locked_v2/MASTER_AGREEMENT_CONSENT_AND_AUTHORIZATION_MODEL_V2_1_FOUNDER_APPROVED.pdf,STATUS_NOT_EXPLICITLY_EXTRACTED,HISTORICAL_DUPLICATE_DRAFT_OR_PREDECESSOR_INFERRED
STALE_DRAFT_HISTORICAL_OR_SUPERSEDED_TEXT,REVIEW_CLASSIFICATION,docs/canon/reviews/c0_019_agreement_consent_authorization_lifecycle_completion/render_evidence/phase_a_v1/MASTER_AGREEMENT_CONSENT_AND_AUTHORIZATION_MODEL_V2_1_FOUNDER_APPROVED.pdf,STATUS_NOT_EXPLICITLY_EXTRACTED,HISTORICAL_DUPLICATE_DRAFT_OR_PREDECESSOR_INFERRED
STALE_DRAFT_HISTORICAL_OR_SUPERSEDED_TEXT,REVIEW_CLASSIFICATION,docs/canon/reviews/c0_019_agreement_consent_authorization_lifecycle_completion/source_event/MASTER_AGREEMENT_CONSENT_AND_AUTHORIZATION_MODEL_V2_1_ORIGINAL.md,"**Canonical Status:** Founder-Accepted Controlling Constitutional Text; Controlled Adoption and Lock Pending | This document establishes the controlling EquineSync constitutional model for agreements, consent, authorization, signatures, acknowledgments, approv",SUPERSEDED_OR_SUPERSESSION_TEXT_PRESENT
STALE_DRAFT_HISTORICAL_OR_SUPERSEDED_TEXT,REVIEW_CLASSIFICATION,docs/canon/reviews/c0_019_agreement_consent_authorization_lifecycle_completion/tools/build_c0_019.py,"V20 = REPO / ""docs/canon/candidates/MASTER_AGREEMENT_CONSENT_AND_AUTHORIZATION_MODEL_V2_0.md"" | HIST = REPO / ""docs/canon/history/agreement_consent_authorization_v2_0/MASTER_AGREEMENT_CONSENT_AND_AUTHORIZATION_MODEL_V2_0_HISTORICAL_SUPERSEDED_CANDIDATE.md"" | A",SUPERSEDED_OR_SUPERSESSION_TEXT_PRESENT
STALE_DRAFT_HISTORICAL_OR_SUPERSEDED_TEXT,REVIEW_CLASSIFICATION,docs/canon/reviews/c0_019_agreement_consent_authorization_lifecycle_completion/tools/finalize_c0_019.py,"- Rendered artifact: `docs/canon/founder_approved_sources/MASTER_AGREEMENT_CONSENT_AND_AUTHORIZATION_MODEL_V2_1_FOUNDER_APPROVED.docx` | - Page 73 open space: legitimate end-of-document pagination | phase_a[""checks""][""visual_qa_pending""] = False | pre_md = ADO",SUPERSEDED_OR_SUPERSESSION_TEXT_PRESENT
STALE_DRAFT_HISTORICAL_OR_SUPERSEDED_TEXT,REVIEW_CLASSIFICATION,docs/canon/reviews/c0_019_agreement_consent_authorization_lifecycle_completion/tools/validate_and_package_c0_019.py,"""docs/canon/founder_approved_sources/MASTER_AGREEMENT_CONSENT_AND_AUTHORIZATION_MODEL_V2_1_FOUNDER_APPROVED.md"", | ""docs/canon/founder_approved_sources/MASTER_AGREEMENT_CONSENT_AND_AUTHORIZATION_MODEL_V2_1_FOUNDER_APPROVED.docx"", | ""docs/canon/history/agreemen",SUPERSEDED_OR_SUPERSESSION_TEXT_PRESENT
STALE_DRAFT_HISTORICAL_OR_SUPERSEDED_TEXT,REVIEW_CLASSIFICATION,docs/canon/reviews/c0_022_permission_v1_1_source_identity_confirmation/C0_022_PERMISSION_V1_1_FOUNDER_SOURCE_IDENTITY_CONFIRMATION.md,# C0-022 Permission V1.1 Founder Source-Identity Confirmation | Disposition: `CONFIRM_V1_1_AS_CONTROLLING_C0_022_SOURCE` | - Controlling source: `docs/canon/reviews/c0_022_permission_v1_1_source_identity_confirmation/source_event/MASTER_PERMISSION_MODEL_V1_1_F,SUPERSEDED_OR_SUPERSESSION_TEXT_PRESENT
STALE_DRAFT_HISTORICAL_OR_SUPERSEDED_TEXT,REVIEW_CLASSIFICATION,docs/canon/reviews/c0_022_permission_v1_1_source_identity_confirmation/source_event/MASTER_PERMISSION_MODEL_V1_1_FOUNDER_CONFIRMED_CONTROLLING_SOURCE.md,**Document Status:** Founder-Accepted Controlling Constitutional Text | **Owner:** Founder / Product Architecture / Security / Privacy | # 2. Founder Doctrine | - Draft owner updates,CANONICAL_OR_CURRENT_INFERRED
STALE_DRAFT_HISTORICAL_OR_SUPERSEDED_TEXT,REVIEW_CLASSIFICATION,docs/canon/reviews/c0_022_permission_v1_1_source_identity_confirmation/tools/record_c0_022_source_identity.py,"""""""Record the founder confirmation of Permission Model V1.1 as controlling source."""""" | SOURCE = ROOT / ""source_event/MASTER_PERMISSION_MODEL_V1_1_FOUNDER_CONFIRMED_CONTROLLING_SOURCE.md"" | ""current_exact_source_status"": ""EXACT_V1_1_CONTROLLING_SOURCE_FOUNDER_",SUPERSEDED_OR_SUPERSESSION_TEXT_PRESENT
STALE_DRAFT_HISTORICAL_OR_SUPERSEDED_TEXT,REVIEW_CLASSIFICATION,docs/canon/reviews/c0_source_reconciliation_v1_0/EQUINESYNC_C0_LOCAL_SOURCE_MANIFEST_V1_0.csv,"MASTER_BARN_LIFECYCLE_V3_1_SUCCESSOR_CANDIDATE.md,/mnt/data/c0_source_reconciliation/extracted/EquineSync_Foundational_Canon_Review_Package/MASTER_BARN_LIFECYCLE_V3_1_SUCCESSOR_CANDIDATE.md,6099,aebae6b952423435806837abf | MASTER_BUSINESS_LIFECYCLE_V2_1_SUCCES",CANONICAL_OR_CURRENT_INFERRED
STALE_DRAFT_HISTORICAL_OR_SUPERSEDED_TEXT,REVIEW_CLASSIFICATION,docs/canon/reviews/c0_source_reconciliation_v1_0/EQUINESYNC_C0_SOURCE_RECONCILIATION_REPORT_V1_0.docx,STATUS_NOT_EXPLICITLY_EXTRACTED,HISTORICAL_DUPLICATE_DRAFT_OR_PREDECESSOR_INFERRED
STALE_DRAFT_HISTORICAL_OR_SUPERSEDED_TEXT,REVIEW_CLASSIFICATION,docs/canon/reviews/c0_source_reconciliation_v1_0/EQUINESYNC_C0_SOURCE_RECONCILIATION_REPORT_V1_0.md,"C0 has established a machine-readable constitutional source-of-truth register covering **47 constitutional, companion, RF, and implementation-governance families**. The register distinguishes exact mounted source bytes,  | The current evidence supports substan",SUPERSEDED_OR_SUPERSESSION_TEXT_PRESENT
STALE_DRAFT_HISTORICAL_OR_SUPERSEDED_TEXT,REVIEW_CLASSIFICATION,docs/canon/reviews/c0_source_reconciliation_v1_0/EQUINESYNC_CONSTITUTIONAL_SOURCE_OF_TRUTH_REGISTER_V1_0.xlsx,STATUS_NOT_EXPLICITLY_EXTRACTED,HISTORICAL_DUPLICATE_DRAFT_OR_PREDECESSOR_INFERRED
STALE_DRAFT_HISTORICAL_OR_SUPERSEDED_TEXT,REVIEW_CLASSIFICATION,docs/canon/reviews/c0_source_reconciliation_v1_0/PACKAGE_MANIFEST.md,- `EQUINESYNC_C0_UNRESOLVED_EVIDENCE_CLASSIFICATION_LEDGER_V1_0.md`,HISTORICAL_DUPLICATE_DRAFT_OR_PREDECESSOR_INFERRED
STALE_DRAFT_HISTORICAL_OR_SUPERSEDED_TEXT,REVIEW_CLASSIFICATION,docs/canon/reviews/c0_source_reconciliation_v1_0/SHA256SUMS.txt,7b2a6a710650092330573ec9347b2df4cf720d7ecedecb0010642be1acef4eb6 EQUINESYNC_C0_UNRESOLVED_EVIDENCE_CLASSIFICATION_LEDGER_V1_0.md,HISTORICAL_DUPLICATE_DRAFT_OR_PREDECESSOR_INFERRED
STALE_DRAFT_HISTORICAL_OR_SUPERSEDED_TEXT,REVIEW_CLASSIFICATION,docs/canon/reviews/drafting_equine_health_welfare_medical_v1_0/COMPANION_ARTIFACT_RECONCILIATION.md,# Equine Health Draft Companion Reconciliation | | Companion domain | Candidate treatment | Remaining evidence | | | Authority matrix | Health canon owns clinical semantics; Permission remains final enforcement authority | Exact companion matrix update after f,CANONICAL_OR_CURRENT_INFERRED
STALE_DRAFT_HISTORICAL_OR_SUPERSEDED_TEXT,REVIEW_CLASSIFICATION,docs/canon/reviews/drafting_equine_health_welfare_medical_v1_0/CROSS_CANON_CONFLICT_AND_DEPENDENCY_MATRIX.md,"| Domain | Controlling ownership | Health dependency | Conflict check / resolution proposal | | | Audit | Event/evidence semantics | Clinical, medication, emergency, welfare evidence | Founder-approved candidate lifecycle partial | | | Search/Media | Discovery",CANONICAL_OR_CURRENT_INFERRED
STALE_DRAFT_HISTORICAL_OR_SUPERSEDED_TEXT,REVIEW_CLASSIFICATION,docs/canon/reviews/drafting_equine_health_welfare_medical_v1_0/DRAFTING_WORKSPACE_README.md,# Equine Health Canon Drafting Workspace | This workspace responds to C0-037 under previously authorized controlled drafting. | - Classification: `AUTHORIZED_DRAFT_REQUIRED` | - Original candidate: `MASTER_EQUINE_HEALTH_WELFARE_MEDICAL_RECORD_AND_CLINICAL_SUPP,CANONICAL_OR_CURRENT_INFERRED
STALE_DRAFT_HISTORICAL_OR_SUPERSEDED_TEXT,REVIEW_CLASSIFICATION,docs/canon/reviews/drafting_equine_health_welfare_medical_v1_0/FOUNDER_DECISION_REGISTER.md,"# Equine Health Founder Decision Register | **State:** Fourteen founder decisions resolved and incorporated into the founder-adopted V1.1 source. Lifecycle is `EQUINE_HEALTH_V1_1_FOUNDER_ADOPTED_LOCK_PENDING`. No lock, implementation, runtime, clinical, provid",HISTORICAL_DUPLICATE_DRAFT_OR_PREDECESSOR_INFERRED
STALE_DRAFT_HISTORICAL_OR_SUPERSEDED_TEXT,REVIEW_CLASSIFICATION,docs/canon/reviews/drafting_equine_health_welfare_medical_v1_0/MASTER_EQUINE_HEALTH_WELFARE_MEDICAL_RECORD_AND_CLINICAL_SUPPORT_MODEL_V1_0_DRAFT.md,"**Status:** Controlled draft for founder review | **Constitutional state:** Not adopted; not locked; non-controlling | This candidate defines constitutional semantics for equine welfare, health observations, medical records, medications, diagnostics, treatment",CANONICAL_OR_CURRENT_INFERRED
STALE_DRAFT_HISTORICAL_OR_SUPERSEDED_TEXT,REVIEW_CLASSIFICATION,docs/canon/reviews/drafting_equine_health_welfare_medical_v1_0/MASTER_EQUINE_HEALTH_WELFARE_MEDICAL_RECORD_AND_CLINICAL_SUPPORT_MODEL_V1_0_REVISED_NONCONTROLLING_DRAFT.md,"**Status:** Controlled draft for founder review | **Constitutional state:** Not adopted; not locked; non-controlling | This candidate defines constitutional semantics for equine welfare, health observations, medical records, medications, diagnostics, treatment",CANONICAL_OR_CURRENT_INFERRED
STALE_DRAFT_HISTORICAL_OR_SUPERSEDED_TEXT,REVIEW_CLASSIFICATION,docs/canon/reviews/drafting_equine_health_welfare_medical_v1_0/PRELIMINARY_TRACEABILITY_MATRIX.md,| Requirement range | Draft sections | Primary dependencies | Founder decision | Downstream evidence class | | Formal orphan and cycle analysis remains blocked pending exact source mounting. | PATH_CLASSIFICATION: candidate_or_draft,CANONICAL_OR_CURRENT_INFERRED
STALE_DRAFT_HISTORICAL_OR_SUPERSEDED_TEXT,REVIEW_CLASSIFICATION,docs/canon/reviews/drafting_equine_health_welfare_medical_v1_0/REQUIREMENT_EXTRACTION_INDEX.md,| EH-REQ-030 | Welfare escalation shall preserve neutral state and spending uncertainty | Welfare/Legal | Owner-unreachable tests | | PATH_CLASSIFICATION: candidate_or_draft,CANONICAL_OR_CURRENT_INFERRED
STALE_DRAFT_HISTORICAL_OR_SUPERSEDED_TEXT,REVIEW_CLASSIFICATION,docs/canon/reviews/drafting_equine_health_welfare_medical_v1_0/REVISION_CHANGE_LOG.md,The prior draft remains recoverable through repository history and the earlier evidence package checksum. This log records substantive additions made under controlled review authority. | | Change | Sections | Reason | Founder decision made? | | | Added clinica,CANONICAL_OR_CURRENT_INFERRED
STALE_DRAFT_HISTORICAL_OR_SUPERSEDED_TEXT,REVIEW_CLASSIFICATION,docs/canon/reviews/drafting_equine_health_welfare_medical_v1_0/SECTION_ISSUE_AND_RECOMMENDATION_LEDGER.md,"| ID | Draft area | Finding | Severity | Recommendation | State | | | EH-I01 | Record classes | Observation, measurement, judgment, diagnosis, and instruction needed explicit separation | P1 | Add canonical record distinctions | Corrected; EH-FD02 pending | | ",CANONICAL_OR_CURRENT_INFERRED
STALE_DRAFT_HISTORICAL_OR_SUPERSEDED_TEXT,REVIEW_CLASSIFICATION,docs/canon/reviews/drafting_equine_health_welfare_medical_v1_0/SUBSTANTIVE_REVIEW_MEMORANDUM.md,"**Candidate state:** Non-controlling; not adopted; not locked | The original draft correctly protected medical-sensitive fields and separated clinical authority from account, payment, and provider presence. It required deeper semantics for record classes, prof",CANONICAL_OR_CURRENT_INFERRED
STALE_DRAFT_HISTORICAL_OR_SUPERSEDED_TEXT,REVIEW_CLASSIFICATION,docs/canon/reviews/drafting_equine_health_welfare_medical_v1_0/TERMINOLOGY_AND_DEFINITION_RECONCILIATION.md,| Private provider note | Source-retained deliberative or private professional note | Health/Stewardship | Not automatically transferable | | PATH_CLASSIFICATION: candidate_or_draft,CANONICAL_OR_CURRENT_INFERRED
STALE_DRAFT_HISTORICAL_OR_SUPERSEDED_TEXT,REVIEW_CLASSIFICATION,docs/canon/reviews/drafting_equine_health_welfare_medical_v1_0/UNRESOLVED_QUESTION_REGISTER.md,# Equine Health Unresolved Question Register | | EH-UQ01 | Professional clinical-authority verification | Closed by EH-FD01 | Founder source event preserved in V1.1 reconciliation package | | | EH-UQ02 | Canonical/operational/private record taxonomy | Closed b,CANONICAL_OR_CURRENT_INFERRED
STALE_DRAFT_HISTORICAL_OR_SUPERSEDED_TEXT,REVIEW_CLASSIFICATION,docs/canon/reviews/drafting_minor_guardianship_safeguarding_v1_0/COMPANION_ARTIFACT_RECONCILIATION.md,# Safeguarding Draft Companion Reconciliation | | Companion domain | Candidate treatment | Remaining evidence | | | Authority matrix | Permission remains final enforcement authority; safeguarding supplies heightened constraints | Exact companion matrix update ,HISTORICAL_DUPLICATE_DRAFT_OR_PREDECESSOR_INFERRED
STALE_DRAFT_HISTORICAL_OR_SUPERSEDED_TEXT,REVIEW_CLASSIFICATION,docs/canon/reviews/drafting_minor_guardianship_safeguarding_v1_0/CROSS_CANON_CONFLICT_AND_DEPENDENCY_MATRIX.md,"| Domain | Controlling ownership | Safeguarding dependency | Conflict check / resolution proposal | | | Identity, Account, Actor | Durable person, account, session, actor chain | Minor/guardian actors and attribution | No conflict; draft must not verify guardi",HISTORICAL_DUPLICATE_DRAFT_OR_PREDECESSOR_INFERRED
STALE_DRAFT_HISTORICAL_OR_SUPERSEDED_TEXT,REVIEW_CLASSIFICATION,docs/canon/reviews/drafting_minor_guardianship_safeguarding_v1_0/DRAFTING_WORKSPACE_README.md,# Safeguarding Canon Drafting Workspace | This workspace responds to C0-020 under previously authorized controlled drafting. | - Classification: `AUTHORIZED_DRAFT_REQUIRED` | - Original candidate: `MASTER_MINOR_GUARDIANSHIP_SAFEGUARDING_AND_DELEGATED_ASSISTANC,HISTORICAL_DUPLICATE_DRAFT_OR_PREDECESSOR_INFERRED
STALE_DRAFT_HISTORICAL_OR_SUPERSEDED_TEXT,REVIEW_CLASSIFICATION,docs/canon/reviews/drafting_minor_guardianship_safeguarding_v1_0/FOUNDER_DECISION_REGISTER.md,# Safeguarding Founder Decision Register | **State:** Twelve SG-FD decisions founder-resolved and incorporated into the founder-adopted V1.2 safeguarding canon. Implementation remains unauthorized. | **Controlling source:** `docs/canon/adopted_sources/MASTER_M,HISTORICAL_DUPLICATE_DRAFT_OR_PREDECESSOR_INFERRED
STALE_DRAFT_HISTORICAL_OR_SUPERSEDED_TEXT,REVIEW_CLASSIFICATION,docs/canon/reviews/drafting_minor_guardianship_safeguarding_v1_0/MASTER_MINOR_GUARDIANSHIP_SAFEGUARDING_AND_DELEGATED_ASSISTANCE_CANON_V1_0_DRAFT.md,"**Status:** Controlled draft for founder review | **Constitutional state:** Not adopted; not locked; non-controlling | This candidate defines the heightened constitutional safeguards EquineSync must apply when a person is a minor, protected participant, depend",SUPERSEDED_OR_SUPERSESSION_TEXT_PRESENT
STALE_DRAFT_HISTORICAL_OR_SUPERSEDED_TEXT,REVIEW_CLASSIFICATION,docs/canon/reviews/drafting_minor_guardianship_safeguarding_v1_0/MASTER_MINOR_GUARDIANSHIP_SAFEGUARDING_AND_DELEGATED_ASSISTANCE_CANON_V1_0_REVISED_NONCONTROLLING_DRAFT.md,"**Status:** Controlled draft for founder review | **Constitutional state:** Not adopted; not locked; non-controlling | This candidate defines the heightened constitutional safeguards EquineSync must apply when a person is a minor, protected participant, depend",SUPERSEDED_OR_SUPERSESSION_TEXT_PRESENT
STALE_DRAFT_HISTORICAL_OR_SUPERSEDED_TEXT,REVIEW_CLASSIFICATION,docs/canon/reviews/drafting_minor_guardianship_safeguarding_v1_0/PRELIMINARY_TRACEABILITY_MATRIX.md,| Requirement range | Draft sections | Primary dependencies | Founder decision | Downstream evidence class | | Formal orphan and cycle analysis remains blocked pending exact source mounting. | PATH_CLASSIFICATION: candidate_or_draft,HISTORICAL_DUPLICATE_DRAFT_OR_PREDECESSOR_INFERRED
STALE_DRAFT_HISTORICAL_OR_SUPERSEDED_TEXT,REVIEW_CLASSIFICATION,docs/canon/reviews/drafting_minor_guardianship_safeguarding_v1_0/REQUIREMENT_EXTRACTION_INDEX.md,| SG-REQ-009 | Minor live location and public discovery shall be denied by default pending approved policy | Safety/Privacy | Projection tests | | | SG-REQ-025 | Historical evidence may survive after direct access ends | Legal/Audit | Former-party tests | | PA,HISTORICAL_DUPLICATE_DRAFT_OR_PREDECESSOR_INFERRED
STALE_DRAFT_HISTORICAL_OR_SUPERSEDED_TEXT,REVIEW_CLASSIFICATION,docs/canon/reviews/drafting_minor_guardianship_safeguarding_v1_0/REVISION_CHANGE_LOG.md,The prior draft remains recoverable through repository history and the earlier evidence package checksum. This log records substantive additions made under controlled review authority. | | Change | Sections | Reason | Founder decision made? | | | Added guardia,HISTORICAL_DUPLICATE_DRAFT_OR_PREDECESSOR_INFERRED
STALE_DRAFT_HISTORICAL_OR_SUPERSEDED_TEXT,REVIEW_CLASSIFICATION,docs/canon/reviews/drafting_minor_guardianship_safeguarding_v1_0/SECTION_ISSUE_AND_RECOMMENDATION_LEDGER.md,| ID | Draft area | Finding | Severity | Recommendation | State | | | SG-I02 | Definitions | Core actors and safeguarding authority undefined | P1 | Add canonical definitions without moving Identity or Relationship ownership | Corrected; founder policy details,HISTORICAL_DUPLICATE_DRAFT_OR_PREDECESSOR_INFERRED
STALE_DRAFT_HISTORICAL_OR_SUPERSEDED_TEXT,REVIEW_CLASSIFICATION,docs/canon/reviews/drafting_minor_guardianship_safeguarding_v1_0/SUBSTANTIVE_REVIEW_MEMORANDUM.md,"**Candidate state:** Non-controlling; not adopted; not locked | The original draft established correct constitutional boundaries but was not yet precise enough for later control design. It lacked defined actor terms, multiple-guardian conflict behavior, age-tr",HISTORICAL_DUPLICATE_DRAFT_OR_PREDECESSOR_INFERRED
STALE_DRAFT_HISTORICAL_OR_SUPERSEDED_TEXT,REVIEW_CLASSIFICATION,docs/canon/reviews/drafting_minor_guardianship_safeguarding_v1_0/TERMINOLOGY_AND_DEFINITION_RECONCILIATION.md,PATH_CLASSIFICATION: candidate_or_draft,HISTORICAL_DUPLICATE_DRAFT_OR_PREDECESSOR_INFERRED
STALE_DRAFT_HISTORICAL_OR_SUPERSEDED_TEXT,REVIEW_CLASSIFICATION,docs/canon/reviews/drafting_minor_guardianship_safeguarding_v1_0/UNRESOLVED_QUESTION_REGISTER.md,"# Safeguarding Unresolved Question Register | | SG-UQ01 | Age-of-majority transition policy | P1 before adoption | Founder, legal/policy review | | | SG-UQ02 | Conflicting-guardian default | P1 before adoption | Founder | | | SG-UQ03 | One-to-one adult/minor m",HISTORICAL_DUPLICATE_DRAFT_OR_PREDECESSOR_INFERRED
STALE_DRAFT_HISTORICAL_OR_SUPERSEDED_TEXT,REVIEW_CLASSIFICATION,docs/canon/reviews/eight_canon_founder_approval_reconciliation_v1_0/companion_updates/EIGHT_CANON_COMPANION_LIFECYCLE_UPDATE.json,"""update_id"": ""EIGHT_CANON_FOUNDER_APPROVAL_LIFECYCLE_UPDATE_V1_0"", | ""Founder Decision Register"", | ""founder_status"": ""FOUNDER APPROVED"", | ""adoption_state"": ""PENDING SEPARATE ADOPTION EVIDENCE"",",HISTORICAL_DUPLICATE_DRAFT_OR_PREDECESSOR_INFERRED
STALE_DRAFT_HISTORICAL_OR_SUPERSEDED_TEXT,REVIEW_CLASSIFICATION,docs/canon/reviews/eight_canon_founder_approval_reconciliation_v1_0/EIGHT_CANON_VALIDATION_REPORT.json,"""C0-035"": ""BLOCKED_AS_EXPECTED"", | ""C0-023"": ""BLOCKED_AS_EXPECTED"" | ""report"": ""docs/canon/reviews/eight_canon_founder_approval_reconciliation_v1_0/render_evidence/DOCX_RENDER_VISUAL_QA.md""",HISTORICAL_DUPLICATE_DRAFT_OR_PREDECESSOR_INFERRED
STALE_DRAFT_HISTORICAL_OR_SUPERSEDED_TEXT,REVIEW_CLASSIFICATION,docs/canon/reviews/eight_canon_founder_approval_reconciliation_v1_0/EIGHT_CANON_VALIDATION_REPORT.md,**Disposition:** `EIGHT_CANON_FOUNDER_APPROVAL_STATUS_RECONCILIATION_PARTIALLY_COMPLETE_WITH_EXACT_SOURCE_BLOCKERS` | | Required founder/adoption/lock status language | PASS | | - `C0-023`: Master Privacy and Data Protection Model V2.0 reviewed-draft exact sou,CANONICAL_OR_CURRENT_INFERRED
STALE_DRAFT_HISTORICAL_OR_SUPERSEDED_TEXT,REVIEW_CLASSIFICATION,docs/canon/reviews/eight_canon_founder_approval_reconciliation_v1_0/predecessors/MASTER_DEVELOPER_PLATFORM_AND_INTEGRATION_GOVERNANCE_MODEL_V2_0.md,**Document Status:** FINAL CONTROLLED CANDIDATE FOR FOUNDER ACCEPTANCE | **Founder Decisions Incorporated:** DG-01 through DG-125 | EquineSync shall not operate as an unrestricted open developer ecosystem. | This model applies whether the integration is built ,CANONICAL_OR_CURRENT_INFERRED
STALE_DRAFT_HISTORICAL_OR_SUPERSEDED_TEXT,REVIEW_CLASSIFICATION,docs/canon/reviews/eight_canon_founder_approval_reconciliation_v1_0/predecessors/MASTER_PLATFORM_EXTENSIBILITY_AND_PLUGIN_GOVERNANCE_MODEL_V2_0(1).md,| Field | Controlling Value | | | Founder Decision Basis | PE01-PE130 | | | Draft Status | Controlled Constitutional Draft | | | Adoption Status | Not Adopted |,CANONICAL_OR_CURRENT_INFERRED
STALE_DRAFT_HISTORICAL_OR_SUPERSEDED_TEXT,REVIEW_CLASSIFICATION,docs/canon/reviews/eight_canon_founder_approval_reconciliation_v1_0/predecessors/MASTER_PLATFORM_OPERATIONS_RELIABILITY_AND_RELEASE_MODEL_V2_0.md,"**Canonical Status:** Draft for Controlled Constitutional Review | This document establishes the controlling EquineSync constitutional model for: | 15. What corrective actions remain open? | 8. `MASTER_SECURITY_PRIVACY_AND_TRUST_MODEL.md`, when adopted",HISTORICAL_DUPLICATE_DRAFT_OR_PREDECESSOR_INFERRED
STALE_DRAFT_HISTORICAL_OR_SUPERSEDED_TEXT,REVIEW_CLASSIFICATION,docs/canon/reviews/eight_canon_founder_approval_reconciliation_v1_0/predecessors/MASTER_SEARCH_DISCOVERY_RANKING_AND_RETRIEVAL_MODEL_V2_0_FIRST_DRAFT.docx,PATH_CLASSIFICATION: candidate_or_draft,CANONICAL_OR_CURRENT_INFERRED
STALE_DRAFT_HISTORICAL_OR_SUPERSEDED_TEXT,REVIEW_CLASSIFICATION,docs/canon/reviews/eight_canon_founder_approval_reconciliation_v1_0/render_evidence/DOCX_RENDER_VISUAL_QA.md,"The detailed pixel metrics are recorded in `DOCX_RENDER_PAGE_METRICS.json`; page PNGs, PDFs, and the reviewed contact sheets are retained beside this report.",HISTORICAL_DUPLICATE_DRAFT_OR_PREDECESSOR_INFERRED
STALE_DRAFT_HISTORICAL_OR_SUPERSEDED_TEXT,REVIEW_CLASSIFICATION,docs/canon/reviews/eight_canon_founder_approval_reconciliation_v1_0/render_evidence/MASTER_CONFIGURATION_AND_FEATURE_FLAG_GOVERNANCE_MODEL_V2_0_FOUNDER_APPROVED/MASTER_CONFIGURATION_AND_FEATURE_FLAG_GOVERNANCE_MODEL_V2_0_FOUNDER_APPROVED.pdf,STATUS_NOT_EXPLICITLY_EXTRACTED,HISTORICAL_DUPLICATE_DRAFT_OR_PREDECESSOR_INFERRED
STALE_DRAFT_HISTORICAL_OR_SUPERSEDED_TEXT,REVIEW_CLASSIFICATION,docs/canon/reviews/eight_canon_founder_approval_reconciliation_v1_0/render_evidence/MASTER_DEVELOPER_PLATFORM_AND_INTEGRATION_GOVERNANCE_MODEL_V2_0_FOUNDER_APPROVED/MASTER_DEVELOPER_PLATFORM_AND_INTEGRATION_GOVERNANCE_MODEL_V2_0_FOUNDER_APPROVED.pdf,STATUS_NOT_EXPLICITLY_EXTRACTED,HISTORICAL_DUPLICATE_DRAFT_OR_PREDECESSOR_INFERRED
STALE_DRAFT_HISTORICAL_OR_SUPERSEDED_TEXT,REVIEW_CLASSIFICATION,docs/canon/reviews/eight_canon_founder_approval_reconciliation_v1_0/render_evidence/MASTER_PLATFORM_EXTENSIBILITY_AND_PLUGIN_GOVERNANCE_MODEL_V2_0_FOUNDER_APPROVED/MASTER_PLATFORM_EXTENSIBILITY_AND_PLUGIN_GOVERNANCE_MODEL_V2_0_FOUNDER_APPROVED.pdf,STATUS_NOT_EXPLICITLY_EXTRACTED,HISTORICAL_DUPLICATE_DRAFT_OR_PREDECESSOR_INFERRED
STALE_DRAFT_HISTORICAL_OR_SUPERSEDED_TEXT,REVIEW_CLASSIFICATION,docs/canon/reviews/eight_canon_founder_approval_reconciliation_v1_0/render_evidence/MASTER_PLATFORM_OPERATIONS_RELIABILITY_AND_RELEASE_MODEL_V2_0_FOUNDER_APPROVED/MASTER_PLATFORM_OPERATIONS_RELIABILITY_AND_RELEASE_MODEL_V2_0_FOUNDER_APPROVED.pdf,STATUS_NOT_EXPLICITLY_EXTRACTED,HISTORICAL_DUPLICATE_DRAFT_OR_PREDECESSOR_INFERRED
STALE_DRAFT_HISTORICAL_OR_SUPERSEDED_TEXT,REVIEW_CLASSIFICATION,docs/canon/reviews/eight_canon_founder_approval_reconciliation_v1_0/render_evidence/MASTER_SEARCH_DISCOVERY_RANKING_AND_RETRIEVAL_MODEL_V2_0_FOUNDER_APPROVED/MASTER_SEARCH_DISCOVERY_RANKING_AND_RETRIEVAL_MODEL_V2_0_FOUNDER_APPROVED.pdf,STATUS_NOT_EXPLICITLY_EXTRACTED,HISTORICAL_DUPLICATE_DRAFT_OR_PREDECESSOR_INFERRED
STALE_DRAFT_HISTORICAL_OR_SUPERSEDED_TEXT,REVIEW_CLASSIFICATION,docs/canon/reviews/eight_canon_founder_approval_reconciliation_v1_0/render_evidence/MASTER_VENDOR_SECURITY_AND_SUPPLY_CHAIN_MODEL_V2_0_FOUNDER_APPROVED/MASTER_VENDOR_SECURITY_AND_SUPPLY_CHAIN_MODEL_V2_0_FOUNDER_APPROVED.pdf,STATUS_NOT_EXPLICITLY_EXTRACTED,HISTORICAL_DUPLICATE_DRAFT_OR_PREDECESSOR_INFERRED
STALE_DRAFT_HISTORICAL_OR_SUPERSEDED_TEXT,REVIEW_CLASSIFICATION,docs/canon/reviews/eight_canon_founder_approval_reconciliation_v1_0/tools/build_reconciliation.py,"""""""Build the documentation-only eight-canon founder-approval reconciliation."""""" | REVIEW = REPO / ""docs/canon/reviews/eight_canon_founder_approval_reconciliation_v1_0"" | SUCCESSORS = REPO / ""docs/canon/founder_approved_sources"" | ""Exact V2.0 substantive Markdo",CANONICAL_OR_CURRENT_INFERRED
STALE_DRAFT_HISTORICAL_OR_SUPERSEDED_TEXT,REVIEW_CLASSIFICATION,docs/canon/reviews/equine_health_founder_decision_reconciliation_v1_1/EH_FD01_EH_FD14_DECISION_TO_SECTION_CROSSWALK.md,"| Decision | Candidate sections | Incorporated rule | Cross-canon dependencies | | | `EH-FD11` | 9 and 34 | Owner unreachability or suspected neglect may support narrow welfare-preserving action but shall not establish guilt, ownership, or unlimited spending a",CANONICAL_OR_CURRENT_INFERRED
STALE_DRAFT_HISTORICAL_OR_SUPERSEDED_TEXT,REVIEW_CLASSIFICATION,docs/canon/reviews/equine_health_founder_decision_reconciliation_v1_1/EH_FD01_EH_FD14_FOUNDER_RESPONSE_REGISTER.md,"# EH-FD01-EH-FD14 Founder Response Register | All fourteen recommendations are founder approved exactly through the uploaded source. The source's preexisting pending label is historical lifecycle text, not a reversal of the explicit approval statement. | | Dec",CANONICAL_OR_CURRENT_INFERRED
STALE_DRAFT_HISTORICAL_OR_SUPERSEDED_TEXT,REVIEW_CLASSIFICATION,docs/canon/reviews/equine_health_founder_decision_reconciliation_v1_1/EQUINE_HEALTH_ADOPTION_CANDIDATE_READINESS_REPORT.md,"# Equine Health Adoption Candidate Readiness Report | `EQUINE_HEALTH_RECONCILIATION_COMPLETE_READY_FOR_FOUNDER_ADOPTION_REVIEW_WITH_NONBLOCKING_P2` | - P2: 6, retained and nonblocking for adoption review | - Candidate: `docs/canon/candidates/MASTER_EQUINE_HEAL",CANONICAL_OR_CURRENT_INFERRED
STALE_DRAFT_HISTORICAL_OR_SUPERSEDED_TEXT,REVIEW_CLASSIFICATION,docs/canon/reviews/equine_health_founder_decision_reconciliation_v1_1/EQUINE_HEALTH_CONTROLLED_VALIDATION_REPORT.md,`EQUINE_HEALTH_RECONCILIATION_COMPLETE_READY_FOR_FOUNDER_ADOPTION_REVIEW_WITH_NONBLOCKING_P2` | | Founder responses | 14/14 `FOUNDER_APPROVED_EXACTLY` | | | Candidate version | V1.1; no collision found | | | Formal machine scans | Blocked; not represented as p,CANONICAL_OR_CURRENT_INFERRED
STALE_DRAFT_HISTORICAL_OR_SUPERSEDED_TEXT,REVIEW_CLASSIFICATION,docs/canon/reviews/equine_health_founder_decision_reconciliation_v1_1/EQUINE_HEALTH_CROSS_CANON_CONFLICT_AND_ALIGNMENT_REPORT.md,"| EH-FD05, EH-FD06 | Private notes, continuity, transfer, stewardship | Private deliberation remains source-retained; continuity uses a classified minimum-necessary projection; RF31/Transfer governs transfer events and S | | EH-FD13 | Minor health access | Min",CANONICAL_OR_CURRENT_INFERRED
STALE_DRAFT_HISTORICAL_OR_SUPERSEDED_TEXT,REVIEW_CLASSIFICATION,docs/canon/reviews/equine_health_founder_decision_reconciliation_v1_1/EQUINE_HEALTH_POST_DECISION_REVISION_PLAN.md,1. Preserve both V1.0 predecessors and the uploaded founder source byte-for-byte. | 2. Use V1.1 as the next non-colliding candidate version; no Equine Health V1.1 source exists elsewhere in the repository. | 4. Replace the pending-founder-question section with,CANONICAL_OR_CURRENT_INFERRED
STALE_DRAFT_HISTORICAL_OR_SUPERSEDED_TEXT,REVIEW_CLASSIFICATION,docs/canon/reviews/equine_health_founder_decision_reconciliation_v1_1/EQUINE_HEALTH_V1_1_DECISION_INCORPORATION_CHANGE_LOG.md,| Version | V1.0 reviewed predecessor to non-colliding V1.1 candidate | | | Candidate SHA-256 | `c0d08f71e63302d6847560b39dae2e3b68caaee5b5a2bc2927ff80daf969926c` | | | Founder source | `81d1d33d45093b89718e877330739c3601ed86ffe9ce6c476a679caab289e4d3` | | | F,CANONICAL_OR_CURRENT_INFERRED
STALE_DRAFT_HISTORICAL_OR_SUPERSEDED_TEXT,REVIEW_CLASSIFICATION,docs/canon/reviews/equine_health_founder_decision_reconciliation_v1_1/EQUINE_HEALTH_V1_1_REQUIREMENT_TO_SECTION_TRACEABILITY.md,| Requirement | Requirement | Candidate section | Verification | Implementation | | | `EH-REQ-030` | Welfare escalation shall preserve neutral state and spending uncertainty | 34 | Owner-unreachable tests | `NOT_AUTHORIZED` |,CANONICAL_OR_CURRENT_INFERRED
STALE_DRAFT_HISTORICAL_OR_SUPERSEDED_TEXT,REVIEW_CLASSIFICATION,docs/canon/reviews/equine_health_founder_decision_reconciliation_v1_1/history/FOUNDER_DECISION_REGISTER_PRE_INGESTION.md,"# Equine Health Founder Decision Register | **State:** Fourteen material decisions pending. Recommendations are non-authorizing. | | EH-FD02 | Which health information is horse-canonical versus operational, private, or source-retained? | Determines continuity,",CANONICAL_OR_CURRENT_INFERRED
STALE_DRAFT_HISTORICAL_OR_SUPERSEDED_TEXT,REVIEW_CLASSIFICATION,docs/canon/reviews/equine_health_founder_decision_reconciliation_v1_1/history/MASTER_EQUINE_HEALTH_WELFARE_MEDICAL_RECORD_AND_CLINICAL_SUPPORT_MODEL_V1_0_DRAFT.md,"**Status:** Controlled draft for founder review | **Constitutional state:** Not adopted; not locked; non-controlling | This candidate defines constitutional semantics for equine welfare, health observations, medical records, medications, diagnostics, treatment",HISTORICAL_DUPLICATE_DRAFT_OR_PREDECESSOR_INFERRED
STALE_DRAFT_HISTORICAL_OR_SUPERSEDED_TEXT,REVIEW_CLASSIFICATION,docs/canon/reviews/equine_health_founder_decision_reconciliation_v1_1/history/MASTER_EQUINE_HEALTH_WELFARE_MEDICAL_RECORD_AND_CLINICAL_SUPPORT_MODEL_V1_0_REVISED_NONCONTROLLING_DRAFT.md,"**Status:** Controlled draft for founder review | **Constitutional state:** Not adopted; not locked; non-controlling | This candidate defines constitutional semantics for equine welfare, health observations, medical records, medications, diagnostics, treatment",HISTORICAL_DUPLICATE_DRAFT_OR_PREDECESSOR_INFERRED
STALE_DRAFT_HISTORICAL_OR_SUPERSEDED_TEXT,REVIEW_CLASSIFICATION,docs/canon/reviews/equine_health_founder_decision_reconciliation_v1_1/SHA256SUMS,c0d08f71e63302d6847560b39dae2e3b68caaee5b5a2bc2927ff80daf969926c docs/canon/candidates/MASTER_EQUINE_HEALTH_WELFARE_MEDICAL_RECORD_AND_CLINICAL_SUPPORT_MODEL_V1_1_RECONCILED_ADOPTION_CANDIDATE.md | 8a63f5d1eedf1b54cf305015441ad8a30df6aacfcb4e5dd28b6b1db1aae4a6,HISTORICAL_DUPLICATE_DRAFT_OR_PREDECESSOR_INFERRED
STALE_DRAFT_HISTORICAL_OR_SUPERSEDED_TEXT,REVIEW_CLASSIFICATION,docs/canon/reviews/financial_truth_v2_1/FOUNDER_DIRECTIVE_FINANCIAL_TRUTH_V2_1_ADOPTION_AND_LOCK.md,"# FOUNDER DIRECTIVE | The Founder has completed substantive review of: | Version 2.1 is approved as the controlling EquineSync constitutional authority for financial truth, financial responsibility, billing, payment evidence, settlement, payouts, refunds, disp",SUPERSEDED_OR_SUPERSESSION_TEXT_PRESENT
STALE_DRAFT_HISTORICAL_OR_SUPERSEDED_TEXT,REVIEW_CLASSIFICATION,docs/canon/reviews/financial_truth_v2_1/MASTER_FINANCIAL_TRUTH_AND_RESPONSIBILITY_MODEL_V2_1_ADOPTION_REPORT.md,**Adopted path:** `docs/canon/MASTER_FINANCIAL_TRUTH_AND_RESPONSIBILITY_MODEL_V2_1.md` | Version 2.1 is adopted as the controlling Tier 3 foundational domain canon for financial truth and responsibility. It supersedes prior Version 1.0 and Version 2.0 candidat,CANONICAL_OR_CURRENT_INFERRED
STALE_DRAFT_HISTORICAL_OR_SUPERSEDED_TEXT,REVIEW_CLASSIFICATION,docs/canon/reviews/financial_truth_v2_1/MASTER_FINANCIAL_TRUTH_AND_RESPONSIBILITY_MODEL_V2_1_DELIVERABLE_MANIFEST.md,**Package state:** `ADOPTED_AND_LOCKED` | ## Controlling and preserved artifacts | - `docs/canon/history/MASTER_FINANCIAL_TRUTH_AND_RESPONSIBILITY_MODEL_V2_1_FOUNDER_APPROVED_SOURCE.md` | - `docs/canon/history/MASTER_FINANCIAL_TRUTH_AND_RESPONSIBILITY_MODEL_V2,CANONICAL_OR_CURRENT_INFERRED
STALE_DRAFT_HISTORICAL_OR_SUPERSEDED_TEXT,REVIEW_CLASSIFICATION,docs/canon/reviews/financial_truth_v2_1/MASTER_FINANCIAL_TRUTH_AND_RESPONSIBILITY_MODEL_V2_1_LOCK_REPORT.md,| Founder decision | `APPROVED_FOR_CONTROLLED_ADOPTION_AND_LOCK` | | | Canon status | `ADOPTED` | | | Lock state | `LOCKED` | | | Constitutional authority | `CONTROLLING` |,SUPERSEDED_OR_SUPERSESSION_TEXT_PRESENT
STALE_DRAFT_HISTORICAL_OR_SUPERSEDED_TEXT,REVIEW_CLASSIFICATION,docs/canon/reviews/financial_truth_v2_1/MASTER_FINANCIAL_TRUTH_AND_RESPONSIBILITY_MODEL_V2_1_PRESERVATION_MATRIX.md,| Predecessor | Historical path | SHA-256 | Relationship to V2.1 | Disposition | | | Version 1.0 materials | No authentic repository artifact located | unavailable | Referenced as prior proposed material; no source can be verified | Historical absence recorded,SUPERSEDED_OR_SUPERSESSION_TEXT_PRESENT
STALE_DRAFT_HISTORICAL_OR_SUPERSEDED_TEXT,REVIEW_CLASSIFICATION,docs/canon/reviews/financial_truth_v2_1/master_financial_truth_v2_1_founder_approval.json,"""founder_decision"": ""APPROVED_FOR_CONTROLLED_ADOPTION_AND_LOCK"", | ""canon_status"": ""ADOPTED"", | ""lock_state"": ""LOCKED"", | ""constitutional_authority"": ""CONTROLLING"",",SUPERSEDED_OR_SUPERSESSION_TEXT_PRESENT
STALE_DRAFT_HISTORICAL_OR_SUPERSEDED_TEXT,REVIEW_CLASSIFICATION,docs/canon/reviews/financial_truth_v2_1/SHA256SUMS.txt,4e4c1cbc42539b4e721675f6f7c39f9ed1483389f2c38fa61e647836d7a686e0 docs/canon/CANON_HISTORICAL_PROVENANCE_EXCEPTION_LEDGER.md | 002f5d7517fa11659fd14d4add2ca6351f9a14112d797e020b0881d1e1e7e7e5 docs/canon/history/MASTER_FINANCIAL_TRUTH_AND_RESPONSIBILITY_MODEL_V2,HISTORICAL_DUPLICATE_DRAFT_OR_PREDECESSOR_INFERRED
STALE_DRAFT_HISTORICAL_OR_SUPERSEDED_TEXT,REVIEW_CLASSIFICATION,docs/canon/reviews/financial_truth_v2_1/validate_financial_truth_v2_1_lock.py,"SOURCE = ROOT / ""docs/canon/history/MASTER_FINANCIAL_TRUTH_AND_RESPONSIBILITY_MODEL_V2_1_FOUNDER_APPROVED_SOURCE.md"" | require(CANON.read_bytes() == SOURCE.read_bytes(), ""adopted canon differs from approved source"") | require(sha256(CANON) == EXPECTED_SHA256, ",CANONICAL_OR_CURRENT_INFERRED
STALE_DRAFT_HISTORICAL_OR_SUPERSEDED_TEXT,REVIEW_CLASSIFICATION,docs/canon/reviews/foundational_canon_source_certification_v1_0/FOUNDATIONAL_CANON_FOUNDER_SOURCE_CERTIFICATION_RECORD.md,# Foundational Canon Founder Source Certification Record | Disposition: `FOUNDER_CERTIFIED_PREVIOUSLY_ATTACHED_FILES_AS_CORRECT_VERSIONS` | - Six-candidate package: `docs/canon/reviews/foundational_canon_source_certification_v1_0/source_event/EquineSync_Six_Fo,CANONICAL_OR_CURRENT_INFERRED
STALE_DRAFT_HISTORICAL_OR_SUPERSEDED_TEXT,REVIEW_CLASSIFICATION,docs/canon/reviews/foundational_canon_source_certification_v1_0/FOUNDATIONAL_CANON_SOURCE_CERTIFICATION_MANIFEST.json,"""disposition"": ""FOUNDER_CERTIFIED_PREVIOUSLY_ATTACHED_FILES_AS_CORRECT_VERSIONS"", | ""docs/canon/reviews/foundational_canon_source_certification_v1_0/FOUNDATIONAL_CANON_FOUNDER_SOURCE_CERTIFICATION_RECORD.md"": ""d076ee670be2159641c059f16de742b6d3eaa6378dc3bfe3a1",CANONICAL_OR_CURRENT_INFERRED
STALE_DRAFT_HISTORICAL_OR_SUPERSEDED_TEXT,REVIEW_CLASSIFICATION,docs/canon/reviews/foundational_canon_source_certification_v1_0/source_event/EquineSync_Six_Foundational_Canon_Reviewed_Candidates.zip,PATH_CLASSIFICATION: candidate_or_draft,CANONICAL_OR_CURRENT_INFERRED
STALE_DRAFT_HISTORICAL_OR_SUPERSEDED_TEXT,REVIEW_CLASSIFICATION,docs/canon/reviews/foundational_canon_source_certification_v1_0/source_event/MASTER_BUSINESS_LIFECYCLE_V2_0_FOUNDER_CERTIFIED_CURRENT_SOURCE.md,"**Document Status:** Founder Canon | **Owner:** Founder / Product Strategy / Business Architecture | **Review Rule:** No implementation may collapse a business into a user account, facility, service provider role, or payment profile when the business requires ",CANONICAL_OR_CURRENT_INFERRED
STALE_DRAFT_HISTORICAL_OR_SUPERSEDED_TEXT,REVIEW_CLASSIFICATION,docs/canon/reviews/foundational_canon_source_certification_v1_0/source_event/MASTER_CLAIMS_DISPUTES_AND_AUTHORITY_MODEL_V2_0_FOUNDER_CERTIFIED_SOURCE.md,"**Status:** Proposed for Controlled Canon Review and Founder Adoption | A claim may be self-attested, organization-attested, document-supported, provider-supported, verified for operational use, externally confirmed, disputed, superseded, withdrawn, rejected, ",SUPERSEDED_OR_SUPERSESSION_TEXT_PRESENT
STALE_DRAFT_HISTORICAL_OR_SUPERSEDED_TEXT,REVIEW_CLASSIFICATION,docs/canon/reviews/foundational_canon_source_certification_v1_0/source_event/six_reviewed_candidates/EQUINESYNC_SIX_FOUNDATIONAL_CANON_REVIEW_MEMO.docx,PATH_CLASSIFICATION: candidate_or_draft,CANONICAL_OR_CURRENT_INFERRED
STALE_DRAFT_HISTORICAL_OR_SUPERSEDED_TEXT,REVIEW_CLASSIFICATION,docs/canon/reviews/foundational_canon_source_certification_v1_0/source_event/six_reviewed_candidates/MASTER_ANALYTICS_FRAMEWORK_V2_0_REVIEWED_CANDIDATE.docx,PATH_CLASSIFICATION: candidate_or_draft,CANONICAL_OR_CURRENT_INFERRED
STALE_DRAFT_HISTORICAL_OR_SUPERSEDED_TEXT,REVIEW_CLASSIFICATION,docs/canon/reviews/foundational_canon_source_certification_v1_0/source_event/six_reviewed_candidates/MASTER_ANALYTICS_FRAMEWORK_V2_0_REVIEWED_CANDIDATE.md,"**Status:** CONTROLLED SUCCESSOR CANDIDATE - NOT ADOPTED - NO IMPLEMENTATION AUTHORITY | **Source posture:** Existing master framework located; expanded and subordinated to the founder-approved Reporting, Analytics, and Business Intelligence canon | The founde",SUPERSEDED_OR_SUPERSESSION_TEXT_PRESENT
STALE_DRAFT_HISTORICAL_OR_SUPERSEDED_TEXT,REVIEW_CLASSIFICATION,docs/canon/reviews/foundational_canon_source_certification_v1_0/source_event/six_reviewed_candidates/MASTER_BARN_LIFECYCLE_V3_1_REVIEWED_CANDIDATE.docx,PATH_CLASSIFICATION: candidate_or_draft,HISTORICAL_DUPLICATE_DRAFT_OR_PREDECESSOR_INFERRED
STALE_DRAFT_HISTORICAL_OR_SUPERSEDED_TEXT,REVIEW_CLASSIFICATION,docs/canon/reviews/foundational_canon_source_certification_v1_0/source_event/six_reviewed_candidates/MASTER_BARN_LIFECYCLE_V3_1_REVIEWED_CANDIDATE.md,"**Status:** CONTROLLED SUCCESSOR CANDIDATE - NOT ADOPTED - NO IMPLEMENTATION AUTHORITY | **Source posture:** Founder Canon Version 3.0 located; expanded against facility, staffing, safety, resilience, communications, and horse-continuity governance | 3. Pre-op",CANONICAL_OR_CURRENT_INFERRED
STALE_DRAFT_HISTORICAL_OR_SUPERSEDED_TEXT,REVIEW_CLASSIFICATION,docs/canon/reviews/foundational_canon_source_certification_v1_0/source_event/six_reviewed_candidates/MASTER_BUSINESS_LIFECYCLE_V2_1_REVIEWED_CANDIDATE.docx,PATH_CLASSIFICATION: candidate_or_draft,HISTORICAL_DUPLICATE_DRAFT_OR_PREDECESSOR_INFERRED
STALE_DRAFT_HISTORICAL_OR_SUPERSEDED_TEXT,REVIEW_CLASSIFICATION,docs/canon/reviews/foundational_canon_source_certification_v1_0/source_event/six_reviewed_candidates/MASTER_BUSINESS_LIFECYCLE_V2_1_REVIEWED_CANDIDATE.md,"**Status:** CONTROLLED SUCCESSOR CANDIDATE - NOT ADOPTED - NO IMPLEMENTATION AUTHORITY | **Source posture:** Founder Canon Version 2.0 located; expanded against financial, identity, marketplace, workforce, integration, and continuity governance | - Business co",CANONICAL_OR_CURRENT_INFERRED
STALE_DRAFT_HISTORICAL_OR_SUPERSEDED_TEXT,REVIEW_CLASSIFICATION,docs/canon/reviews/foundational_canon_source_certification_v1_0/source_event/six_reviewed_candidates/MASTER_ECOSYSTEM_MODEL_V2_1_REVIEWED_CANDIDATE.docx,PATH_CLASSIFICATION: candidate_or_draft,HISTORICAL_DUPLICATE_DRAFT_OR_PREDECESSOR_INFERRED
STALE_DRAFT_HISTORICAL_OR_SUPERSEDED_TEXT,REVIEW_CLASSIFICATION,docs/canon/reviews/foundational_canon_source_certification_v1_0/source_event/six_reviewed_candidates/MASTER_ECOSYSTEM_MODEL_V2_1_REVIEWED_CANDIDATE.md,**Status:** CONTROLLED SUCCESSOR CANDIDATE - NOT ADOPTED - NO IMPLEMENTATION AUTHORITY | **Source posture:** Founder Canon Version 2.0 located; expanded against the approved Product Vision V2.1 and later specialized canon | - Future-effective and retroactive c,CANONICAL_OR_CURRENT_INFERRED
STALE_DRAFT_HISTORICAL_OR_SUPERSEDED_TEXT,REVIEW_CLASSIFICATION,docs/canon/reviews/foundational_canon_source_certification_v1_0/source_event/six_reviewed_candidates/MASTER_FACILITY_DOMAIN_MODEL_V2_1_REVIEWED_CANDIDATE.docx,PATH_CLASSIFICATION: candidate_or_draft,CANONICAL_OR_CURRENT_INFERRED
STALE_DRAFT_HISTORICAL_OR_SUPERSEDED_TEXT,REVIEW_CLASSIFICATION,docs/canon/reviews/foundational_canon_source_certification_v1_0/source_event/six_reviewed_candidates/MASTER_FACILITY_DOMAIN_MODEL_V2_1_REVIEWED_CANDIDATE.md,**Status:** CONTROLLED SUCCESSOR CANDIDATE - NOT ADOPTED - NO IMPLEMENTATION AUTHORITY | **Source posture:** Founder-controlled Version 2.0 draft located; expanded into a comprehensive physical-place constitutional candidate | - Aliases and historical names mu,SUPERSEDED_OR_SUPERSESSION_TEXT_PRESENT
STALE_DRAFT_HISTORICAL_OR_SUPERSEDED_TEXT,REVIEW_CLASSIFICATION,docs/canon/reviews/foundational_canon_source_certification_v1_0/source_event/six_reviewed_candidates/MASTER_HORSE_LIFECYCLE_V3_1_REVIEWED_CANDIDATE.docx,PATH_CLASSIFICATION: candidate_or_draft,HISTORICAL_DUPLICATE_DRAFT_OR_PREDECESSOR_INFERRED
STALE_DRAFT_HISTORICAL_OR_SUPERSEDED_TEXT,REVIEW_CLASSIFICATION,docs/canon/reviews/foundational_canon_source_certification_v1_0/source_event/six_reviewed_candidates/MASTER_HORSE_LIFECYCLE_V3_1_REVIEWED_CANDIDATE.md,"**Status:** CONTROLLED SUCCESSOR CANDIDATE - NOT ADOPTED - NO IMPLEMENTATION AUTHORITY | **Source posture:** Founder Canon Version 3.0 located; expanded against transfer, records, privacy, AI, reporting, and welfare governance | The platform must preserve iden",CANONICAL_OR_CURRENT_INFERRED
STALE_DRAFT_HISTORICAL_OR_SUPERSEDED_TEXT,REVIEW_CLASSIFICATION,docs/canon/reviews/foundational_canon_source_certification_v1_0/tools/record_founder_certification.py,"ARCHIVE = Path(""/Users/rianray/Downloads/EquineSync_Six_Foundational_Canon_Reviewed_Candidates.zip"") | ""C0-005"": (""Master Ecosystem Model"", ""MASTER_ECOSYSTEM_MODEL_V2_1_REVIEWED_CANDIDATE.md"", ""67175779abfe8ff2dee0ff7b1b8c06eee42943052071bbad1f65439c73696d07"")",SUPERSEDED_OR_SUPERSESSION_TEXT_PRESENT
STALE_DRAFT_HISTORICAL_OR_SUPERSEDED_TEXT,REVIEW_CLASSIFICATION,docs/canon/reviews/foundational_gap_closure/A_IDENTITY_ACTOR/A_IDENTITY_ACTOR_ALIGNMENT_REPORT.md,- Source: `docs/canon/candidates/MASTER_IDENTITY_ACCOUNT_AND_ACTOR_MODEL_V2_0.md` | - Corrected-candidate SHA-256: `1c79c20a2edd2e7e3907e875679c5871d53c146a226364fb0cc3f956d39f5d0e` | - Source status: Corrected candidate following founder `ACCEPT_WITH_MODIFICA,SUPERSEDED_OR_SUPERSESSION_TEXT_PRESENT
STALE_DRAFT_HISTORICAL_OR_SUPERSEDED_TEXT,REVIEW_CLASSIFICATION,docs/canon/reviews/foundational_gap_closure/A_IDENTITY_ACTOR/A_IDENTITY_ACTOR_CANON_INDEX_PROPOSAL.md,"Proposed entry only; not active and not authorized for insertion into the active hierarchy without founder adoption. | | Tier | Canon | Candidate path | Proposed status | Use | Dependencies | Implementation authorization | | | 3 | Identity, Account, and Actor ",CANONICAL_OR_CURRENT_INFERRED
STALE_DRAFT_HISTORICAL_OR_SUPERSEDED_TEXT,REVIEW_CLASSIFICATION,docs/canon/reviews/foundational_gap_closure/A_IDENTITY_ACTOR/A_IDENTITY_ACTOR_PRESERVATION_AND_CORRECTION_MATRIX.md,| Predecessor preservation | Exception required | Historical predecessor/review evidence is unavailable as recorded in the provenance ledger. | | No source text is modified by this matrix. Any substantive correction requires founder review and a new version; a,CANONICAL_OR_CURRENT_INFERRED
STALE_DRAFT_HISTORICAL_OR_SUPERSEDED_TEXT,REVIEW_CLASSIFICATION,docs/canon/reviews/foundational_gap_closure/A_IDENTITY_ACTOR/A_IDENTITY_ACTOR_PROPOSED_ADOPTION_REPORT.md,"- Founder constitutional decision: `ACCEPT_WITH_MODIFICATION` | - Corrected-candidate checksum: `1c79c20a2edd2e7e3907e875679c5871d53c146a226364fb0cc3f956d39f5d0e` | The corrected candidate, deep constitutional review, conflict analysis, correction ledgers, pro",CANONICAL_OR_CURRENT_INFERRED
STALE_DRAFT_HISTORICAL_OR_SUPERSEDED_TEXT,REVIEW_CLASSIFICATION,docs/canon/reviews/foundational_gap_closure/A_IDENTITY_ACTOR/IDENTITY_ACTOR_V2_ADOPTED_BYTE_IMMUTABILITY_VERIFICATION.md,# Identity V2.0 Adopted-Byte Immutability Verification | | Adopted canon | `1c79c20a2edd2e7e3907e875679c5871d53c146a226364fb0cc3f956d39f5d0e` | Pass | | | Verified corrected candidate | `1c79c20a2edd2e7e3907e875679c5871d53c146a226364fb0cc3f956d39f5d0e` | Pass ,CANONICAL_OR_CURRENT_INFERRED
STALE_DRAFT_HISTORICAL_OR_SUPERSEDED_TEXT,REVIEW_CLASSIFICATION,docs/canon/reviews/foundational_gap_closure/A_IDENTITY_ACTOR/IDENTITY_ACTOR_V2_ADOPTION_CORRECTION_INTEGRITY_LEDGER.md,"| IA-C01 authority posture | Candidate cannot self-promote or imply lock/runtime authority | Purpose, canon position, flows, decisions, and adoption sequence are conditional and separately gated | Pass | | | IA-C02 provenance | No unsupported Version 1 continu",CANONICAL_OR_CURRENT_INFERRED
STALE_DRAFT_HISTORICAL_OR_SUPERSEDED_TEXT,REVIEW_CLASSIFICATION,docs/canon/reviews/foundational_gap_closure/A_IDENTITY_ACTOR/IDENTITY_ACTOR_V2_ADOPTION_DEPENDENCY_REGISTRY_PROPOSAL.md,**Status:** `PROPOSED_PENDING_FOUNDER_DECISION` | Proposed row if the founder adopts the corrected candidate: | | Identity/Actor V2.0 | Product Vision; Ecosystem | locked Relationship; Permission; Stewardship; Claims; locked External Architecture; state-qualif,CANONICAL_OR_CURRENT_INFERRED
STALE_DRAFT_HISTORICAL_OR_SUPERSEDED_TEXT,REVIEW_CLASSIFICATION,docs/canon/reviews/foundational_gap_closure/A_IDENTITY_ACTOR/IDENTITY_ACTOR_V2_ADOPTION_PROVENANCE_VERIFICATION_REPORT.md,| Corrected candidate | `docs/canon/candidates/MASTER_IDENTITY_ACCOUNT_AND_ACTOR_MODEL_V2_0.md` | `1c79c20a2edd2e7e3907e875679c5871d53c146a226364fb0cc3f956d39f5d0e` | Separately identifiable; current adoption candidate | | The focused correction diff is reprod,CANONICAL_OR_CURRENT_INFERRED
STALE_DRAFT_HISTORICAL_OR_SUPERSEDED_TEXT,REVIEW_CLASSIFICATION,docs/canon/reviews/foundational_gap_closure/A_IDENTITY_ACTOR/IDENTITY_ACTOR_V2_ADOPTION_READINESS_ASSESSMENT.md,Recommended founder disposition: `ADOPT_WITH_NONBLOCKING_FOLLOW_UP`. | - Open P1 remains `0`. | This assessment does not itself adopt the candidate.,CANONICAL_OR_CURRENT_INFERRED
STALE_DRAFT_HISTORICAL_OR_SUPERSEDED_TEXT,REVIEW_CLASSIFICATION,docs/canon/reviews/foundational_gap_closure/A_IDENTITY_ACTOR/IDENTITY_ACTOR_V2_BEFORE_AND_AFTER_WORDING_LEDGER.md,| Purpose | “establishes the controlling” model | candidate proposes; control requires separate adoption | | | Canon position | current constitutional authority with universal lower-order control | scoped Tier 3 candidate; subject-matter ownership and state go,CANONICAL_OR_CURRENT_INFERRED
STALE_DRAFT_HISTORICAL_OR_SUPERSEDED_TEXT,REVIEW_CLASSIFICATION,docs/canon/reviews/foundational_gap_closure/A_IDENTITY_ACTOR/IDENTITY_ACTOR_V2_CONSTITUTIONAL_CONFLICT_ANALYSIS.md,| `A_IDENTITY_ACTOR-P1-01` | P1 | Draft described the model as controlling or already adopted and stated it controlled lower-order conflicts. | Premature authority and possible inversion. | Candidate-state language and s | | `A_IDENTITY_ACTOR-P1-02` | P1 | Ver,CANONICAL_OR_CURRENT_INFERRED
STALE_DRAFT_HISTORICAL_OR_SUPERSEDED_TEXT,REVIEW_CLASSIFICATION,docs/canon/reviews/foundational_gap_closure/A_IDENTITY_ACTOR/IDENTITY_ACTOR_V2_CONSTITUTIONAL_CORRECTION_REPORT.md,"- Corrected-candidate SHA-256: `1c79c20a2edd2e7e3907e875679c5871d53c146a226364fb0cc3f956d39f5d0e` | - Open P1 after correction: `0` | - Open P2: `2`, tracked and nonblocking for controlled adoption review | 1. Replaced premature controlling/adopted/supremacy l",CANONICAL_OR_CURRENT_INFERRED
STALE_DRAFT_HISTORICAL_OR_SUPERSEDED_TEXT,REVIEW_CLASSIFICATION,docs/canon/reviews/foundational_gap_closure/A_IDENTITY_ACTOR/IDENTITY_ACTOR_V2_CONSTITUTIONAL_REVIEW_REPORT.md,- Candidate: `docs/canon/candidates/MASTER_IDENTITY_ACCOUNT_AND_ACTOR_MODEL_V2_0.md` | - Candidate SHA-256: `7e69efdfa1e0b4fd843b9360e669c34b3cb416de635b1a892f7099492e7d551b` | - Recommended founder disposition: `ACCEPT_WITH_MODIFICATION` | - Open P1 after aut,CANONICAL_OR_CURRENT_INFERRED
STALE_DRAFT_HISTORICAL_OR_SUPERSEDED_TEXT,REVIEW_CLASSIFICATION,docs/canon/reviews/foundational_gap_closure/A_IDENTITY_ACTOR/IDENTITY_ACTOR_V2_CONTROLLED_ADOPTION_REVIEW_REPORT.md,"- Corrected candidate SHA-256: `1c79c20a2edd2e7e3907e875679c5871d53c146a226364fb0cc3f956d39f5d0e` | - Recommended founder disposition: `ADOPT_WITH_NONBLOCKING_FOLLOW_UP` | - Open P1: `0` | - Open P2: `2`, retained and nonblocking for constitutional adoption",CANONICAL_OR_CURRENT_INFERRED
STALE_DRAFT_HISTORICAL_OR_SUPERSEDED_TEXT,REVIEW_CLASSIFICATION,docs/canon/reviews/foundational_gap_closure/A_IDENTITY_ACTOR/IDENTITY_ACTOR_V2_CORE_DISTINCTIONS_VERIFICATION_MATRIX.md,| Distinction | Candidate rule | Result |,CANONICAL_OR_CURRENT_INFERRED
STALE_DRAFT_HISTORICAL_OR_SUPERSEDED_TEXT,REVIEW_CLASSIFICATION,docs/canon/reviews/foundational_gap_closure/A_IDENTITY_ACTOR/IDENTITY_ACTOR_V2_FINAL_CROSS_CANON_CONSISTENCY_CONFIRMATION.md,"| External Architecture V2.0 | Locked provider-neutral boundary controls federation, provider, credential and portability choices. | | | Relationship V2.0 | Locked relationship authority owns relationship, representation, delegation and guardian semantics. | |",CANONICAL_OR_CURRENT_INFERRED
STALE_DRAFT_HISTORICAL_OR_SUPERSEDED_TEXT,REVIEW_CLASSIFICATION,docs/canon/reviews/foundational_gap_closure/A_IDENTITY_ACTOR/IDENTITY_ACTOR_V2_FOCUSED_DIFF_REPORT.md,- After: `docs/canon/candidates/MASTER_IDENTITY_ACCOUNT_AND_ACTOR_MODEL_V2_0.md` | 1. candidate/adoption/lock/implementation state qualification;,CANONICAL_OR_CURRENT_INFERRED
STALE_DRAFT_HISTORICAL_OR_SUPERSEDED_TEXT,REVIEW_CLASSIFICATION,docs/canon/reviews/foundational_gap_closure/A_IDENTITY_ACTOR/IDENTITY_ACTOR_V2_FOUNDER_ADOPTION_DECISION_PACKAGE.md,"# Identity, Account, and Actor V2.0 Founder Adoption Decision Package | The corrected candidate passes correction integrity, identity-domain ownership, core distinctions, cross-canon consistency, actor-attribution sufficiency, provider/protocol neutrality and ",CANONICAL_OR_CURRENT_INFERRED
STALE_DRAFT_HISTORICAL_OR_SUPERSEDED_TEXT,REVIEW_CLASSIFICATION,docs/canon/reviews/foundational_gap_closure/A_IDENTITY_ACTOR/IDENTITY_ACTOR_V2_FOUNDER_DECISION_PACKAGE.md,"# Identity, Account, and Actor V2.0 Founder Decision Package | Founder disposition recorded: `ACCEPT_WITH_MODIFICATION`. | The candidate provides a strong constitutional identity architecture: durable people and organizations, accounts as access containers, ac",CANONICAL_OR_CURRENT_INFERRED
STALE_DRAFT_HISTORICAL_OR_SUPERSEDED_TEXT,REVIEW_CLASSIFICATION,docs/canon/reviews/foundational_gap_closure/A_IDENTITY_ACTOR/IDENTITY_ACTOR_V2_GOVERNANCE_RISK_ASSESSMENT.md,"| Constitutional authority overlap | 5 | Candidate distinguishes identity/account/actor/authentication/authorization | Relationship, Permission, Claims, and Agreement ownership requires explicit matrix | | | Privacy and historical continuity | 5 | Durable hist",CANONICAL_OR_CURRENT_INFERRED
STALE_DRAFT_HISTORICAL_OR_SUPERSEDED_TEXT,REVIEW_CLASSIFICATION,docs/canon/reviews/foundational_gap_closure/A_IDENTITY_ACTOR/IDENTITY_ACTOR_V2_LOCK_FINAL_CROSS_CANON_CONSISTENCY_CONFIRMATION.md,"The adopted model remains consistent with Product Vision, Ecosystem, locked External Architecture, Relationship, Permission, Record Stewardship, Record Governance, Audit, Claims, Agreements, Financial Truth, Communicatio | - Candidate dependencies remain state",CANONICAL_OR_CURRENT_INFERRED
STALE_DRAFT_HISTORICAL_OR_SUPERSEDED_TEXT,REVIEW_CLASSIFICATION,docs/canon/reviews/foundational_gap_closure/A_IDENTITY_ACTOR/IDENTITY_ACTOR_V2_P1_CORRECTION_VERIFICATION_LEDGER.md,"| `A_IDENTITY_ACTOR-P1-01` | Remove premature controlling/adopted/supremacy language | Candidate status, purpose, authority order, flow summary, adoption state, and decision summary are explicitly conditional; lock never | | `A_IDENTITY_ACTOR-P1-02` | Correct ",CANONICAL_OR_CURRENT_INFERRED
STALE_DRAFT_HISTORICAL_OR_SUPERSEDED_TEXT,REVIEW_CLASSIFICATION,docs/canon/reviews/foundational_gap_closure/A_IDENTITY_ACTOR/IDENTITY_ACTOR_V2_P2_ADOPTION_DISPOSITION_REPORT.md,"| `A_IDENTITY_ACTOR-P2-01` | Assurance thresholds, provider choices and controlled registries remain future decisions. | Future Security/Privacy/Trust canon; locked External Architecture; identity implementation-readines | | `A_IDENTITY_ACTOR-P2-02` | High-ris",CANONICAL_OR_CURRENT_INFERRED
STALE_DRAFT_HISTORICAL_OR_SUPERSEDED_TEXT,REVIEW_CLASSIFICATION,docs/canon/reviews/foundational_gap_closure/A_IDENTITY_ACTOR/IDENTITY_ACTOR_V2_PROTOCOL_PROVIDER_NEUTRALITY_VERIFICATION.md,"Contextual review covered OAuth/OpenID concepts, SAML, OIDC, SCIM, social login, Google, Apple, Microsoft Entra ID, Okta, enterprise directories, MFA, passkeys, one-time codes, assurance levels, biometric/device mechanis | - Enterprise identity states required",CANONICAL_OR_CURRENT_INFERRED
STALE_DRAFT_HISTORICAL_OR_SUPERSEDED_TEXT,REVIEW_CLASSIFICATION,docs/canon/reviews/foundational_gap_closure/A_IDENTITY_ACTOR/IDENTITY_ACTOR_V2_PROVENANCE_RECORD.md,| Founder-reviewed candidate | `docs/canon/history/MASTER_IDENTITY_ACCOUNT_AND_ACTOR_MODEL_V2_0_REVIEWED_SOURCE.md` | `7e69efdfa1e0b4fd843b9360e669c34b3cb416de635b1a892f7099492e7d551b` | Preserved unchanged | | | Corrected candidate | `docs/canon/candidates/MA,CANONICAL_OR_CURRENT_INFERRED
STALE_DRAFT_HISTORICAL_OR_SUPERSEDED_TEXT,REVIEW_CLASSIFICATION,docs/canon/reviews/foundational_gap_closure/A_IDENTITY_ACTOR/IDENTITY_ACTOR_V2_REQUIRED_CORRECTIONS_AND_EXPANSIONS.md,"### IA-C01: Candidate authority posture | Replace self-executing “controlling,” “adopts,” and lower-order supremacy language with candidate-state text. Define scoped authority: Identity governs durable identity, account, actor/principal, authentication context",CANONICAL_OR_CURRENT_INFERRED
STALE_DRAFT_HISTORICAL_OR_SUPERSEDED_TEXT,REVIEW_CLASSIFICATION,docs/canon/reviews/foundational_gap_closure/B_AGREEMENT_CONSENT/B_AGREEMENT_CONSENT_ALIGNMENT_REPORT.md,- Source: `docs/canon/candidates/MASTER_AGREEMENT_CONSENT_AND_AUTHORIZATION_MODEL_V2_0.md` | - Source status: Draft for Controlled Constitutional Review | - Review status: `CROSS_CANON_REVIEW_COMPLETE_PENDING_FOUNDER_DECISION` | The candidate was compared with,CANONICAL_OR_CURRENT_INFERRED
STALE_DRAFT_HISTORICAL_OR_SUPERSEDED_TEXT,REVIEW_CLASSIFICATION,docs/canon/reviews/foundational_gap_closure/B_AGREEMENT_CONSENT/B_AGREEMENT_CONSENT_CANON_INDEX_PROPOSAL.md,"Proposed entry only; not active and not authorized for insertion into the active hierarchy without founder adoption. | | Tier | Canon | Candidate path | Proposed status | Use | Dependencies | Implementation authorization | | | 3 | Agreement, Consent, and Autho",CANONICAL_OR_CURRENT_INFERRED
STALE_DRAFT_HISTORICAL_OR_SUPERSEDED_TEXT,REVIEW_CLASSIFICATION,docs/canon/reviews/foundational_gap_closure/B_AGREEMENT_CONSENT/B_AGREEMENT_CONSENT_LOCK_BLOCKER_REPORT.md,`NOT_READY_FOR_LOCK` | Open P1: `2` | Open P2: `1` | - Candidate prose describes a controlling constitution before adoption.,CANONICAL_OR_CURRENT_INFERRED
STALE_DRAFT_HISTORICAL_OR_SUPERSEDED_TEXT,REVIEW_CLASSIFICATION,docs/canon/reviews/foundational_gap_closure/B_AGREEMENT_CONSENT/B_AGREEMENT_CONSENT_PRESERVATION_AND_CORRECTION_MATRIX.md,| Predecessor preservation | Exception required | Historical predecessor/review evidence is unavailable as recorded in the provenance ledger. | | No source text is modified by this matrix. Any substantive correction requires founder review and a new version; a,CANONICAL_OR_CURRENT_INFERRED
STALE_DRAFT_HISTORICAL_OR_SUPERSEDED_TEXT,REVIEW_CLASSIFICATION,docs/canon/reviews/foundational_gap_closure/B_AGREEMENT_CONSENT/B_AGREEMENT_CONSENT_PROPOSED_ADOPTION_REPORT.md,"- Founder adoption decision: required | The candidate, alignment report, preservation/correction matrix, proposed index entry, historical exception references, dependencies, findings, and checksum are assembled. Adoption must record exact artifact checksum, ef",CANONICAL_OR_CURRENT_INFERRED
STALE_DRAFT_HISTORICAL_OR_SUPERSEDED_TEXT,REVIEW_CLASSIFICATION,docs/canon/reviews/foundational_gap_closure/C_AUDIT_EVIDENCE/C_AUDIT_EVIDENCE_ALIGNMENT_REPORT.md,- Source: `docs/canon/candidates/MASTER_AUDIT_EVENT_AND_EVIDENCE_MODEL_V2_0_FOUNDER_APPROVED.md` | - Source status: Founder Approved - Approved for Controlled Canon Adoption | - Review status: `CROSS_CANON_REVIEW_COMPLETE_PENDING_FOUNDER_DECISION` | The candid,CANONICAL_OR_CURRENT_INFERRED
STALE_DRAFT_HISTORICAL_OR_SUPERSEDED_TEXT,REVIEW_CLASSIFICATION,docs/canon/reviews/foundational_gap_closure/C_AUDIT_EVIDENCE/C_AUDIT_EVIDENCE_CANON_INDEX_PROPOSAL.md,Proposed entry only; not active and not authorized for insertion into the active hierarchy without founder adoption. | | Tier | Canon | Candidate path | Proposed status | Use | Dependencies | Implementation authorization | | | 3 | Audit Event and Evidence V2.0,CANONICAL_OR_CURRENT_INFERRED
STALE_DRAFT_HISTORICAL_OR_SUPERSEDED_TEXT,REVIEW_CLASSIFICATION,docs/canon/reviews/foundational_gap_closure/C_AUDIT_EVIDENCE/C_AUDIT_EVIDENCE_PRESERVATION_AND_CORRECTION_MATRIX.md,| Predecessor preservation | Exception required | Historical predecessor/review evidence is unavailable as recorded in the provenance ledger. | | No source text is modified by this matrix. Any substantive correction requires founder review and a new version; a,CANONICAL_OR_CURRENT_INFERRED
STALE_DRAFT_HISTORICAL_OR_SUPERSEDED_TEXT,REVIEW_CLASSIFICATION,docs/canon/reviews/foundational_gap_closure/C_AUDIT_EVIDENCE/C_AUDIT_EVIDENCE_PROPOSED_ADOPTION_REPORT.md,"- Founder adoption decision: required | The candidate, alignment report, preservation/correction matrix, proposed index entry, historical exception references, dependencies, findings, and checksum are assembled. Adoption must record exact artifact checksum, ef",CANONICAL_OR_CURRENT_INFERRED
STALE_DRAFT_HISTORICAL_OR_SUPERSEDED_TEXT,REVIEW_CLASSIFICATION,docs/canon/reviews/foundational_gap_closure/CONSTITUTIONAL_DEPENDENCY_VALIDATION_PLAN.md,"3. Every supersession chain identifies predecessor, successor, status, effective authority, founder decision, checksum, and historical preservation location. | 4. Every lifecycle state is internally consistent across candidate metadata, Canon Index, State/Lock",CANONICAL_OR_CURRENT_INFERRED
STALE_DRAFT_HISTORICAL_OR_SUPERSEDED_TEXT,REVIEW_CLASSIFICATION,docs/canon/reviews/foundational_gap_closure/D_COMMUNICATION_NOTICE/D_COMMUNICATION_NOTICE_ALIGNMENT_REPORT.md,- Source: `docs/canon/candidates/MASTER_COMMUNICATION_NOTIFICATION_AND_NOTICE_MODEL_V2_0_FOUNDER_APPROVED.md` | - Source status: Founder Approved - Controlling Canon (source claim); repository adoption unverified | - Review status: `CROSS_CANON_REVIEW_COMPLETE,CANONICAL_OR_CURRENT_INFERRED
STALE_DRAFT_HISTORICAL_OR_SUPERSEDED_TEXT,REVIEW_CLASSIFICATION,docs/canon/reviews/foundational_gap_closure/D_COMMUNICATION_NOTICE/D_COMMUNICATION_NOTICE_CANON_INDEX_PROPOSAL.md,"Proposed entry only; not active and not authorized for insertion into the active hierarchy without founder adoption. | | Tier | Canon | Candidate path | Proposed status | Use | Dependencies | Implementation authorization | | | 3 | Communication, Notification, ",CANONICAL_OR_CURRENT_INFERRED
STALE_DRAFT_HISTORICAL_OR_SUPERSEDED_TEXT,REVIEW_CLASSIFICATION,docs/canon/reviews/foundational_gap_closure/D_COMMUNICATION_NOTICE/D_COMMUNICATION_NOTICE_PRESERVATION_AND_CORRECTION_MATRIX.md,| Predecessor preservation | Exception required | Historical predecessor/review evidence is unavailable as recorded in the provenance ledger. | | No source text is modified by this matrix. Any substantive correction requires founder review and a new version; a,CANONICAL_OR_CURRENT_INFERRED
STALE_DRAFT_HISTORICAL_OR_SUPERSEDED_TEXT,REVIEW_CLASSIFICATION,docs/canon/reviews/foundational_gap_closure/D_COMMUNICATION_NOTICE/D_COMMUNICATION_NOTICE_PROPOSED_ADOPTION_REPORT.md,"- Founder adoption decision: required | The candidate, alignment report, preservation/correction matrix, proposed index entry, historical exception references, dependencies, findings, and checksum are assembled. Adoption must record exact artifact checksum, ef",CANONICAL_OR_CURRENT_INFERRED
STALE_DRAFT_HISTORICAL_OR_SUPERSEDED_TEXT,REVIEW_CLASSIFICATION,docs/canon/reviews/foundational_gap_closure/E_PLATFORM_RELIABILITY/E_PLATFORM_RELIABILITY_ALIGNMENT_REPORT.md,- Source: `docs/canon/candidates/MASTER_PLATFORM_OPERATIONS_RELIABILITY_AND_RELEASE_MODEL_V2_0.md` | - Source status: Draft for Controlled Constitutional Review | - Review status: `CROSS_CANON_REVIEW_COMPLETE_PENDING_FOUNDER_DECISION` | The candidate was compa,CANONICAL_OR_CURRENT_INFERRED
STALE_DRAFT_HISTORICAL_OR_SUPERSEDED_TEXT,REVIEW_CLASSIFICATION,docs/canon/reviews/foundational_gap_closure/E_PLATFORM_RELIABILITY/E_PLATFORM_RELIABILITY_CANON_INDEX_PROPOSAL.md,"Proposed entry only; not active and not authorized for insertion into the active hierarchy without founder adoption. | | Tier | Canon | Candidate path | Proposed status | Use | Dependencies | Implementation authorization | | | 3 | Platform Operations, Reliabil",CANONICAL_OR_CURRENT_INFERRED
STALE_DRAFT_HISTORICAL_OR_SUPERSEDED_TEXT,REVIEW_CLASSIFICATION,docs/canon/reviews/foundational_gap_closure/E_PLATFORM_RELIABILITY/E_PLATFORM_RELIABILITY_LOCK_BLOCKER_REPORT.md,`NOT_READY_FOR_LOCK` | Open P1: `2` | Open P2: `1` | - Candidate prose describes controlling operations policy before founder adoption.,CANONICAL_OR_CURRENT_INFERRED
STALE_DRAFT_HISTORICAL_OR_SUPERSEDED_TEXT,REVIEW_CLASSIFICATION,docs/canon/reviews/foundational_gap_closure/E_PLATFORM_RELIABILITY/E_PLATFORM_RELIABILITY_PRESERVATION_AND_CORRECTION_MATRIX.md,| Predecessor preservation | Exception required | Historical predecessor/review evidence is unavailable as recorded in the provenance ledger. | | No source text is modified by this matrix. Any substantive correction requires founder review and a new version; a,CANONICAL_OR_CURRENT_INFERRED
STALE_DRAFT_HISTORICAL_OR_SUPERSEDED_TEXT,REVIEW_CLASSIFICATION,docs/canon/reviews/foundational_gap_closure/E_PLATFORM_RELIABILITY/E_PLATFORM_RELIABILITY_PROPOSED_ADOPTION_REPORT.md,"- Founder adoption decision: required | The candidate, alignment report, preservation/correction matrix, proposed index entry, historical exception references, dependencies, findings, and checksum are assembled. Adoption must record exact artifact checksum, ef",CANONICAL_OR_CURRENT_INFERRED
STALE_DRAFT_HISTORICAL_OR_SUPERSEDED_TEXT,REVIEW_CLASSIFICATION,docs/canon/reviews/foundational_gap_closure/F_EXTERNAL_ADAPTERS/EXTERNAL_ARCHITECTURE_V2_0_ADOPTION_CORRECTION_VERIFICATION_LEDGER.md,"| Named providers classified as illustrative only | Global disclaimer expressly denies approval, endorsement, preference, mandate, selection, implementation, and activation authority | Candidate section 2.2 | Pass | | | Provider-specific headings corrected | “",CANONICAL_OR_CURRENT_INFERRED
STALE_DRAFT_HISTORICAL_OR_SUPERSEDED_TEXT,REVIEW_CLASSIFICATION,docs/canon/reviews/foundational_gap_closure/F_EXTERNAL_ADAPTERS/EXTERNAL_ARCHITECTURE_V2_0_BEFORE_AND_AFTER_WORDING_LEDGER.md,| Identity candidates | “other approved providers” | other candidates evaluated through a separately authorized process | Removes implied preapproval | | | Calendar | Apple Calendar “ICS first” | illustrative ICS adapter candidate | Removes sequencing | | | Pa,CANONICAL_OR_CURRENT_INFERRED
STALE_DRAFT_HISTORICAL_OR_SUPERSEDED_TEXT,REVIEW_CLASSIFICATION,docs/canon/reviews/foundational_gap_closure/F_EXTERNAL_ADAPTERS/EXTERNAL_ARCHITECTURE_V2_0_CONSTITUTIONAL_CONFLICT_ANALYSIS.md,| `F_EXTERNAL_ADAPTERS-P1-01` | P1 | Reviewed source used “Approved first-provider set” and provider-specific directives. | Readers could mistake a constitutional candidate for vendor authority. | Controlling illustrativ | | `F_EXTERNAL_ADAPTERS-P2-01` | P2 | ,CANONICAL_OR_CURRENT_INFERRED
STALE_DRAFT_HISTORICAL_OR_SUPERSEDED_TEXT,REVIEW_CLASSIFICATION,docs/canon/reviews/foundational_gap_closure/F_EXTERNAL_ADAPTERS/EXTERNAL_ARCHITECTURE_V2_0_CONSTITUTIONAL_REVIEW_REPORT.md,- Candidate: `docs/canon/candidates/MASTER_EXTERNAL_ARCHITECTURE_AND_ADAPTER_MODEL_V2_0.md` | - Candidate SHA-256: `65d2d706c367d92f1452dc64f945cc39984ea03f58d3ca567b4b3dad875dbe3a` | - Founder disposition: `ACCEPT_WITH_MODIFICATION` | - Open P1 after authoriz,CANONICAL_OR_CURRENT_INFERRED
STALE_DRAFT_HISTORICAL_OR_SUPERSEDED_TEXT,REVIEW_CLASSIFICATION,docs/canon/reviews/foundational_gap_closure/F_EXTERNAL_ADAPTERS/EXTERNAL_ARCHITECTURE_V2_0_CONTROLLED_ADOPTION_REVIEW_REPORT.md,"- Candidate SHA-256: `7d35dca4762c247cae23212fa1844ea1ed94ad6731090b588b2fd1a2670d5d72` | - Recommended founder disposition: `RETURN_FOR_CORRECTION` | - Open P1: `1` | - Open P2: `1`, nonblocking",CANONICAL_OR_CURRENT_INFERRED
STALE_DRAFT_HISTORICAL_OR_SUPERSEDED_TEXT,REVIEW_CLASSIFICATION,docs/canon/reviews/foundational_gap_closure/F_EXTERNAL_ADAPTERS/EXTERNAL_ARCHITECTURE_V2_0_CROSS_CANON_DEPENDENCY_MATRIX.md,"| Identity, Account, and Actor V2.0 candidate | Actor identity and attribution | Authentication assertions map to EquineSync actors through governed verification | State-qualified candidate dependency | No semantic confl | | Agreement, Consent, and Authorizati",CANONICAL_OR_CURRENT_INFERRED
STALE_DRAFT_HISTORICAL_OR_SUPERSEDED_TEXT,REVIEW_CLASSIFICATION,docs/canon/reviews/foundational_gap_closure/F_EXTERNAL_ADAPTERS/EXTERNAL_ARCHITECTURE_V2_0_FINAL_CONTROLLED_ADOPTION_REPORT.md,| Adopted file matches corrected candidate byte-for-byte | Pass | | | Adopted SHA-256 equals `0cdad90cb5929588ee137e9835f6b499c3651159381960fbfad436dfcd0fa18d` | Pass | | The verified candidate was reproduced at the canonical path without byte modification. Ca,CANONICAL_OR_CURRENT_INFERRED
STALE_DRAFT_HISTORICAL_OR_SUPERSEDED_TEXT,REVIEW_CLASSIFICATION,docs/canon/reviews/foundational_gap_closure/F_EXTERNAL_ADAPTERS/EXTERNAL_ARCHITECTURE_V2_0_FINAL_CROSS_CANON_CONSISTENCY_CONFIRMATION.md,"| Identity candidate | Authentication evidence maps to actors but does not grant authorization. | | | Audit candidate | External events preserve evidence, correlation, causation, timestamps, source, and version lineage. | | | Agreement candidate | Signature se",CANONICAL_OR_CURRENT_INFERRED
STALE_DRAFT_HISTORICAL_OR_SUPERSEDED_TEXT,REVIEW_CLASSIFICATION,docs/canon/reviews/foundational_gap_closure/F_EXTERNAL_ADAPTERS/EXTERNAL_ARCHITECTURE_V2_0_FOCUSED_DIFF_REPORT.md,- Before: `docs/canon/history/MASTER_EXTERNAL_ARCHITECTURE_AND_ADAPTER_MODEL_V2_0_ADOPTION_REVIEWED_CANDIDATE.md` | - After: `docs/canon/candidates/MASTER_EXTERNAL_ARCHITECTURE_AND_ADAPTER_MODEL_V2_0.md`,CANONICAL_OR_CURRENT_INFERRED
STALE_DRAFT_HISTORICAL_OR_SUPERSEDED_TEXT,REVIEW_CLASSIFICATION,docs/canon/reviews/foundational_gap_closure/F_EXTERNAL_ADAPTERS/EXTERNAL_ARCHITECTURE_V2_0_FOUNDER_DECISION_AND_CORRECTION_REPORT.md,# External Architecture V2.0 Founder Decision and Correction Report | ## Founder decision | | Finding | Founder direction | Correction | Evidence | State | | | `F_EXTERNAL_ADAPTERS-P1-01` | Named providers must be illustrative candidates only and confer no app,CANONICAL_OR_CURRENT_INFERRED
STALE_DRAFT_HISTORICAL_OR_SUPERSEDED_TEXT,REVIEW_CLASSIFICATION,docs/canon/reviews/foundational_gap_closure/F_EXTERNAL_ADAPTERS/EXTERNAL_ARCHITECTURE_V2_0_FOUNDER_DECISION_PACKAGE.md,# External Architecture and Adapter V2.0 Founder Decision Package | Founder disposition: `ACCEPT_WITH_MODIFICATION` | This accepts the candidate as constitutional direction subject to EA-C01 through EA-C04. It does not adopt or lock the model and does not appr,CANONICAL_OR_CURRENT_INFERRED
STALE_DRAFT_HISTORICAL_OR_SUPERSEDED_TEXT,REVIEW_CLASSIFICATION,docs/canon/reviews/foundational_gap_closure/F_EXTERNAL_ADAPTERS/EXTERNAL_ARCHITECTURE_V2_0_GOVERNANCE_RISK_ASSESSMENT.md,"| Identity and permission | 5 | Authentication does not grant authorization; providers cannot broaden authority | Identity canon remains a candidate | | | Reliability and failure | 5 | Degraded mode, retries, dead letters, reconciliation, SLOs, exit and recove",CANONICAL_OR_CURRENT_INFERRED
STALE_DRAFT_HISTORICAL_OR_SUPERSEDED_TEXT,REVIEW_CLASSIFICATION,docs/canon/reviews/foundational_gap_closure/F_EXTERNAL_ADAPTERS/EXTERNAL_ARCHITECTURE_V2_0_NARROW_ADOPTION_WORDING_CORRECTION_REPORT.md,- Incoming adoption-review candidate SHA-256: `7d35dca4762c247cae23212fa1844ea1ed94ad6731090b588b2fd1a2670d5d72` | - Corrected candidate SHA-256: `0cdad90cb5929588ee137e9835f6b499c3651159381960fbfad436dfcd0fa18d` | - Candidate architecture reopened: `false` | ,CANONICAL_OR_CURRENT_INFERRED
STALE_DRAFT_HISTORICAL_OR_SUPERSEDED_TEXT,REVIEW_CLASSIFICATION,docs/canon/reviews/foundational_gap_closure/F_EXTERNAL_ADAPTERS/EXTERNAL_ARCHITECTURE_V2_0_NON_IMPLEMENTATION_ATTESTATION.md,"This founder-review pass changed constitutional review documentation, descriptive registries, decision evidence, and checksum-backed archives only. | - modify the External Architecture candidate; | - open or implement RF33-RF36; | Candidate SHA-256 remained `6",CANONICAL_OR_CURRENT_INFERRED
STALE_DRAFT_HISTORICAL_OR_SUPERSEDED_TEXT,REVIEW_CLASSIFICATION,docs/canon/reviews/foundational_gap_closure/F_EXTERNAL_ADAPTERS/EXTERNAL_ARCHITECTURE_V2_0_PROVENANCE_AND_CHECKSUM_RECORD.md,| Original founder-reviewed source | `docs/canon/history/MASTER_EXTERNAL_ARCHITECTURE_AND_ADAPTER_MODEL_V2_0_REVIEWED_SOURCE.md` | `65d2d706c367d92f1452dc64f945cc39984ea03f58d3ca567b4b3dad875dbe3a` | Preserved unchanged  | | Controlled-adoption reviewed candid,CANONICAL_OR_CURRENT_INFERRED
STALE_DRAFT_HISTORICAL_OR_SUPERSEDED_TEXT,REVIEW_CLASSIFICATION,docs/canon/reviews/foundational_gap_closure/F_EXTERNAL_ADAPTERS/EXTERNAL_ARCHITECTURE_V2_0_REQUIRED_CORRECTIONS_AND_EXPANSIONS.md,"Rename “Approved first-provider set” to “Proposed first-provider direction pending separate founder and readiness authorization.” Add an exact rule that naming a provider does not approve procurement, credentials, config | Rewrite RF33-RF36 dependencies around",CANONICAL_OR_CURRENT_INFERRED
STALE_DRAFT_HISTORICAL_OR_SUPERSEDED_TEXT,REVIEW_CLASSIFICATION,docs/canon/reviews/foundational_gap_closure/F_EXTERNAL_ADAPTERS/EXTERNAL_ARCHITECTURE_V2_0_RESIDUAL_P2_DISPOSITION.md,"`F_EXTERNAL_ADAPTERS-P2-01`: ATLAS5 vendor choices, environment separation, secret ownership, processor contracts, and adapter activation remain future founder decisions. | The candidate already separates constitutional adapter requirements from vendor selecti",CANONICAL_OR_CURRENT_INFERRED
STALE_DRAFT_HISTORICAL_OR_SUPERSEDED_TEXT,REVIEW_CLASSIFICATION,docs/canon/reviews/foundational_gap_closure/F_EXTERNAL_ADAPTERS/EXTERNAL_ARCHITECTURE_V2_0_RESIDUAL_PROVIDER_PREFERENCE_VERIFICATION.md,The corrected candidate was searched for:,CANONICAL_OR_CURRENT_INFERRED
STALE_DRAFT_HISTORICAL_OR_SUPERSEDED_TEXT,REVIEW_CLASSIFICATION,docs/canon/reviews/foundational_gap_closure/F_EXTERNAL_ADAPTERS/F_EXTERNAL_ADAPTERS_ALIGNMENT_REPORT.md,- Source: `docs/canon/candidates/MASTER_EXTERNAL_ARCHITECTURE_AND_ADAPTER_MODEL_V2_0.md` | - Corrected-candidate SHA-256: `0cdad90cb5929588ee137e9835f6b499c3651159381960fbfad436dfcd0fa18d` | - Source status: Narrowly corrected candidate following founder autho,CANONICAL_OR_CURRENT_INFERRED
STALE_DRAFT_HISTORICAL_OR_SUPERSEDED_TEXT,REVIEW_CLASSIFICATION,docs/canon/reviews/foundational_gap_closure/F_EXTERNAL_ADAPTERS/F_EXTERNAL_ADAPTERS_CANON_INDEX_PROPOSAL.md,Historical proposal fulfilled by the founder-controlled adoption decision. The active entry now appears in `docs/canon/CANON_INDEX.md`; this proposal remains review evidence. | | Tier | Canon | Candidate path | Proposed status | Use | Dependencies | Implementa,CANONICAL_OR_CURRENT_INFERRED
STALE_DRAFT_HISTORICAL_OR_SUPERSEDED_TEXT,REVIEW_CLASSIFICATION,docs/canon/reviews/foundational_gap_closure/F_EXTERNAL_ADAPTERS/F_EXTERNAL_ADAPTERS_PRESERVATION_AND_CORRECTION_MATRIX.md,| Predecessor preservation | Exception required | Historical predecessor/review evidence is unavailable as recorded in the provenance ledger. | | No source text is modified by this matrix. Any substantive correction requires founder review and a new version; a,CANONICAL_OR_CURRENT_INFERRED
STALE_DRAFT_HISTORICAL_OR_SUPERSEDED_TEXT,REVIEW_CLASSIFICATION,docs/canon/reviews/foundational_gap_closure/F_EXTERNAL_ADAPTERS/F_EXTERNAL_ADAPTERS_PROPOSED_ADOPTION_REPORT.md,"- Founder constitutional disposition: `ACCEPT_WITH_MODIFICATION` | - Lock: not authorized; separate review pending | - Corrected-candidate checksum: `0cdad90cb5929588ee137e9835f6b499c3651159381960fbfad436dfcd0fa18d` | The candidate, alignment report, preservat",CANONICAL_OR_CURRENT_INFERRED
STALE_DRAFT_HISTORICAL_OR_SUPERSEDED_TEXT,REVIEW_CLASSIFICATION,docs/canon/reviews/foundational_gap_closure/G_FINANCIAL_TRUTH/FINANCIAL_TRUTH_V2_1_EXPANSION_REQUIREMENTS.md,## Founder disposition | - unknown processor outcomes remain pending and reconcile before retry. | 1. Full integrated successor candidate rather than a detached appendix. | 4. Legal/tax/accounting review requirements and founder decision ledger.,CANONICAL_OR_CURRENT_INFERRED
STALE_DRAFT_HISTORICAL_OR_SUPERSEDED_TEXT,REVIEW_CLASSIFICATION,docs/canon/reviews/foundational_gap_closure/G_FINANCIAL_TRUTH/G_FINANCIAL_TRUTH_ALIGNMENT_REPORT.md,- Path: `docs/canon/candidates/MASTER_FINANCIAL_TRUTH_AND_RESPONSIBILITY_MODEL_V2_0.md` | - Provenance: newly drafted on 2026-07-12; not recovered or backdated | - Review state: `CROSS_CANON_REVIEW_COMPLETE_READY_FOR_FOUNDER_REVIEW` | The candidate preserves P,CANONICAL_OR_CURRENT_INFERRED
STALE_DRAFT_HISTORICAL_OR_SUPERSEDED_TEXT,REVIEW_CLASSIFICATION,docs/canon/reviews/foundational_gap_closure/G_FINANCIAL_TRUTH/G_FINANCIAL_TRUTH_CANON_INDEX_PROPOSAL.md,| Tier | Canon | Candidate path | Status | Use | Dependencies | Implementation authorization | | | 3 | Master Financial Truth and Responsibility Model | `docs/canon/candidates/MASTER_FINANCIAL_TRUTH_AND_RESPONSIBILITY_MODEL_V2_0.md` | newly drafted V2.0; cross,CANONICAL_OR_CURRENT_INFERRED
STALE_DRAFT_HISTORICAL_OR_SUPERSEDED_TEXT,REVIEW_CLASSIFICATION,docs/canon/reviews/foundational_gap_closure/G_FINANCIAL_TRUTH/G_FINANCIAL_TRUTH_PRESERVATION_AND_CORRECTION_MATRIX.md,"| Historical provenance | New document | Preserve creation date and never label recovered or superseding an unknown predecessor | | | Record governance | Aligned | Stewardship remains controlling for retention, legal hold, export, and correction | | | Tax/lega",CANONICAL_OR_CURRENT_INFERRED
STALE_DRAFT_HISTORICAL_OR_SUPERSEDED_TEXT,REVIEW_CLASSIFICATION,docs/canon/reviews/foundational_gap_closure/G_FINANCIAL_TRUTH/G_FINANCIAL_TRUTH_PROPOSED_ADOPTION_REPORT.md,- `DRAFTED`: complete | - `FOUNDER_REVIEW`: complete | - `FOUNDER_APPROVED`: accepted with modification; V2.1 expansion pending | - `LOCKED`: not authorized,CANONICAL_OR_CURRENT_INFERRED
STALE_DRAFT_HISTORICAL_OR_SUPERSEDED_TEXT,REVIEW_CLASSIFICATION,docs/canon/reviews/global_companion_reconciliation_v1_0/PACKAGE_MANIFEST.json,"""path"": ""docs/RF31/RF31_FOUNDER_DECISION_LEDGER.md"", | ""path"": ""docs/canon/CANON_HISTORICAL_PROVENANCE_EXCEPTION_LEDGER.md"", | ""path"": ""docs/canon/MASTER_AI_FOUNDER_DECISION_REGISTER_V2_0.json"", | ""path"": ""docs/canon/adoptions/safeguarding_v1_2/patches/FOUNDER",HISTORICAL_DUPLICATE_DRAFT_OR_PREDECESSOR_INFERRED
STALE_DRAFT_HISTORICAL_OR_SUPERSEDED_TEXT,REVIEW_CLASSIFICATION,docs/canon/reviews/global_companion_reconciliation_v1_0/phase_g0/GLOBAL_COMPANION_RECONCILIATION_CHAIN_OF_CUSTODY.md,- Founder directive: `docs/canon/reviews/global_companion_reconciliation_v1_0/source/GLOBAL_COMPANION_RECONCILIATION_FOUNDER_DIRECTIVE.txt` (`7a12bf6dc13290551a39dc8214ed326bb282ef8fb9e91a203f7b33dfd5a4a1fd`) | - Exact historical normalization V1.0 MD: `docs/c,CANONICAL_OR_CURRENT_INFERRED
STALE_DRAFT_HISTORICAL_OR_SUPERSEDED_TEXT,REVIEW_CLASSIFICATION,docs/canon/reviews/global_companion_reconciliation_v1_0/phase_g0/GLOBAL_COMPANION_RECONCILIATION_PHASE_G0_INITIALIZATION_REPORT.md,"The founder directive, C0 baseline, V1.2 review baseline, historical provenance exception ledger, AI V2.0 lock, safeguarding evidence, RF31 decision linkage, and current lifecycle registries were located. AI V2.0 remains | D ""Expansion. You MUST NOT expand fea",CANONICAL_OR_CURRENT_INFERRED
STALE_DRAFT_HISTORICAL_OR_SUPERSEDED_TEXT,REVIEW_CLASSIFICATION,docs/canon/reviews/global_companion_reconciliation_v1_0/phase_g1_g2/GLOBAL_COMPANION_CONTROLLING_SOURCE_DETERMINATION_REPORT.md,# Global Companion Controlling Source Determination Report | Exact historical sources are retained where found. V1.2 package sources remain controlled adoption-candidate inputs. Three unavailable historical standalone global instruments are not recreated; pros,CANONICAL_OR_CURRENT_INFERRED
STALE_DRAFT_HISTORICAL_OR_SUPERSEDED_TEXT,REVIEW_CLASSIFICATION,docs/canon/reviews/global_companion_reconciliation_v1_0/phase_g1_g2/GLOBAL_COMPANION_EXACT_SOURCE_DISCOVERY_INVENTORY.json,"""adoption_state"": ""not separately adopted"", | ""lock_state"": ""not separately locked"", | ""authority"": ""founder-review integration source"", | ""authority"": ""founder-accepted support artifact"",",HISTORICAL_DUPLICATE_DRAFT_OR_PREDECESSOR_INFERRED
STALE_DRAFT_HISTORICAL_OR_SUPERSEDED_TEXT,REVIEW_CLASSIFICATION,docs/canon/reviews/global_companion_reconciliation_v1_0/phase_g1_g2/GLOBAL_COMPANION_HASH_MANIFEST.json,"""path"": ""docs/canon/CANON_HISTORICAL_PROVENANCE_EXCEPTION_LEDGER.md"", | ""path"": ""docs/canon/reviews/c0_source_reconciliation_v1_0/EQUINESYNC_C0_UNRESOLVED_EVIDENCE_CLASSIFICATION_LEDGER_V1_0.md"", | ""path"": ""docs/canon/reviews/global_companion_reconciliation_v1",CANONICAL_OR_CURRENT_INFERRED
STALE_DRAFT_HISTORICAL_OR_SUPERSEDED_TEXT,REVIEW_CLASSIFICATION,docs/canon/reviews/global_companion_reconciliation_v1_0/phase_g1_g2/GLOBAL_COMPANION_PROVENANCE_MATRIX.md,| Artifact | Classification | Authority | Historical gap | | | Constitutional Vocabulary and Definitions Index | EXACT_CHECKSUM_BEARING_PACKAGE_SOURCE | founder-review integration source | no | | | Cross-Canon Reference Normalization Register V1.0 | EXACT_MOUN,CANONICAL_OR_CURRENT_INFERRED
STALE_DRAFT_HISTORICAL_OR_SUPERSEDED_TEXT,REVIEW_CLASSIFICATION,docs/canon/reviews/global_companion_reconciliation_v1_0/phase_g1_g2/GLOBAL_COMPANION_SOURCE_CONFLICT_REPORT.md,No materially irreconcilable controlling-source conflict was found. Versioned candidates are preserved with lifecycle distinctions. | | Artifact | Candidates | Resolution | | | Cross-Canon Reference Normalization Register | V1.0 exact historical; V1.1 controll,CANONICAL_OR_CURRENT_INFERRED
STALE_DRAFT_HISTORICAL_OR_SUPERSEDED_TEXT,REVIEW_CLASSIFICATION,docs/canon/reviews/global_companion_reconciliation_v1_0/phase_g10_g11/GLOBAL_COMPANION_ARTIFACT_ADOPTION_CANDIDATE_MANIFEST.json,"""package"": ""EQUINESYNC_GLOBAL_COMPANION_ARTIFACT_ADOPTION_CANDIDATE_V1_0"", | ""path"": ""docs/canon/reviews/global_companion_reconciliation_v1_0/phase_g10_g11/GLOBAL_COMPANION_ARTIFACT_ADOPTION_CANDIDATE_MANIFEST.json"", | ""path"": ""docs/canon/reviews/global_compan",HISTORICAL_DUPLICATE_DRAFT_OR_PREDECESSOR_INFERRED
STALE_DRAFT_HISTORICAL_OR_SUPERSEDED_TEXT,REVIEW_CLASSIFICATION,docs/canon/reviews/global_companion_reconciliation_v1_0/phase_g10_g11/GLOBAL_COMPANION_ARTIFACT_ADOPTION_CANDIDATE_MANIFEST.md,# Global Companion Artifact Adoption Candidate Manifest | | docs/canon/reviews/global_companion_reconciliation_v1_0/phase_g10_g11/GLOBAL_COMPANION_ARTIFACT_ADOPTION_CANDIDATE_MANIFEST.json | 2e88fff80cf660904c32e0c486576f2f303120cfbaa46716c2f641bf28eefff4 | 11,CANONICAL_OR_CURRENT_INFERRED
STALE_DRAFT_HISTORICAL_OR_SUPERSEDED_TEXT,REVIEW_CLASSIFICATION,docs/canon/reviews/global_companion_reconciliation_v1_0/phase_g3_g6/GLOBAL_FOUNDER_DECISION_SOURCE_RECOVERY_REPORT.md,"# Global Founder Decision Source Recovery Report | Recovered and source-linked `71` decisions from AI V2.0, RF31, safeguarding, equine health, and available family registers. The unavailable historical standalone global register remains a permanent provenance ",CANONICAL_OR_CURRENT_INFERRED
STALE_DRAFT_HISTORICAL_OR_SUPERSEDED_TEXT,REVIEW_CLASSIFICATION,docs/canon/reviews/global_companion_reconciliation_v1_0/phase_g3_g6/GLOBAL_GOVERNANCE_REQUIREMENT_RECOVERY_REPORT.md,"The reported historical 60-requirement standalone instrument was not found. A prospective source-bound replacement with `232` requirements was generated from exact AI, safeguarding, equine-health, and Canon Index evidenc",CANONICAL_OR_CURRENT_INFERRED
STALE_DRAFT_HISTORICAL_OR_SUPERSEDED_TEXT,REVIEW_CLASSIFICATION,docs/canon/reviews/global_companion_reconciliation_v1_0/phase_g3_g6/GLOBAL_RTM_RECOVERY_REPORT.md,The unavailable historical 60-row RTM was not recreated. A prospective bidirectional replacement contains `232` requirement rows and source links.,CANONICAL_OR_CURRENT_INFERRED
STALE_DRAFT_HISTORICAL_OR_SUPERSEDED_TEXT,REVIEW_CLASSIFICATION,docs/canon/reviews/global_companion_reconciliation_v1_0/phase_g3_g6/MASTER_EQUINESYNC_FOUNDER_DECISION_REGISTER_V1_0.json,"""classification"": ""NEW_FOUNDER_RATIFIED_CONTROLLED_GLOBAL_COMPANION_REGISTER"", | ""historical_standalone_source_claimed"": false, | ""exact_founder_language"": [ | ""source_path"": ""docs/canon/MASTER_AI_FOUNDER_DECISION_REGISTER_V2_0.json"",",HISTORICAL_DUPLICATE_DRAFT_OR_PREDECESSOR_INFERRED
STALE_DRAFT_HISTORICAL_OR_SUPERSEDED_TEXT,REVIEW_CLASSIFICATION,docs/canon/reviews/global_companion_reconciliation_v1_0/phase_g3_g6/MASTER_EQUINESYNC_FOUNDER_DECISION_REGISTER_V1_0.md,# Master EquineSync Founder Decision Register V1.0 | **Classification:** `NEW_FOUNDER_RATIFIED_CONTROLLED_GLOBAL_COMPANION_REGISTER` | **Historical standalone source claimed:** no | Exact source language remains controlling. Namespaced global IDs never replace,HISTORICAL_DUPLICATE_DRAFT_OR_PREDECESSOR_INFERRED
STALE_DRAFT_HISTORICAL_OR_SUPERSEDED_TEXT,REVIEW_CLASSIFICATION,docs/canon/reviews/global_companion_reconciliation_v1_0/phase_g3_g6/MASTER_EQUINESYNC_GOVERNANCE_REQUIREMENT_INDEX_V1_0.json,"""historical_60_requirement_source_claimed"": false, | ""authority_owner"": ""AI Governance and Founder constitutional authority"", | ""lifecycle_state"": ""ACTIVE_LOCKED_SOURCE_REQUIREMENT"", | ""founder_decisions"": [],",HISTORICAL_DUPLICATE_DRAFT_OR_PREDECESSOR_INFERRED
STALE_DRAFT_HISTORICAL_OR_SUPERSEDED_TEXT,REVIEW_CLASSIFICATION,docs/canon/reviews/global_companion_reconciliation_v1_0/phase_g3_g6/MASTER_EQUINESYNC_GOVERNANCE_REQUIREMENT_INDEX_V1_0.md,**Historical 60-row source claimed:** no | | AI-REQ-S001 | AI Governance | docs/canon/MASTER_AI_GOVERNANCE_AND_DECISION_BOUNDARY_MODEL_V2_0.docx | exact source segment | AI Governance and Founder constitutional authority | ACTIVE_LOCKED_SOURCE_REQUIREMENT | | ,HISTORICAL_DUPLICATE_DRAFT_OR_PREDECESSOR_INFERRED
STALE_DRAFT_HISTORICAL_OR_SUPERSEDED_TEXT,REVIEW_CLASSIFICATION,docs/canon/reviews/global_companion_reconciliation_v1_0/phase_g3_g6/MASTER_EQUINESYNC_REQUIREMENT_TRACEABILITY_MATRIX_V1_0.json,"""historical_60_row_source_claimed"": false, | ""founder_decisions"": [ | ""authority_owner"": ""AI Governance and Founder constitutional authority"", | ""adoption_state"": ""ACTIVE_LOCKED_SOURCE_REQUIREMENT"",",HISTORICAL_DUPLICATE_DRAFT_OR_PREDECESSOR_INFERRED
STALE_DRAFT_HISTORICAL_OR_SUPERSEDED_TEXT,REVIEW_CLASSIFICATION,docs/canon/reviews/global_companion_reconciliation_v1_0/phase_g3_g6/MASTER_EQUINESYNC_REQUIREMENT_TRACEABILITY_MATRIX_V1_0.md,"| Requirement | Source | Founder decisions | Authority | Validation | | | AI-REQ-S001 | docs/canon/MASTER_AI_GOVERNANCE_AND_DECISION_BOUNDARY_MODEL_V2_0.docx#exact source segment | AI-FD01, AI-FD02, AI-FD03, AI-FD04, AI-FD05, AI-FD06, AI-FD07, AI-FD08, AI-FD09",HISTORICAL_DUPLICATE_DRAFT_OR_PREDECESSOR_INFERRED
STALE_DRAFT_HISTORICAL_OR_SUPERSEDED_TEXT,REVIEW_CLASSIFICATION,docs/canon/reviews/global_companion_reconciliation_v1_0/phase_g7/GLOBAL_COMPANION_PATCH_APPLICATION_REPORT.md,No historical exact target was overwritten. Authorized patch schedules were read and represented in prospective replacements. Existing patch files remain unchanged. | | docs/canon/adoptions/equine_health_v1_1/patches/CANON_DEPENDENCY_MAP_EQUINE_HEALTH_V1_1_PRO,CANONICAL_OR_CURRENT_INFERRED
STALE_DRAFT_HISTORICAL_OR_SUPERSEDED_TEXT,REVIEW_CLASSIFICATION,docs/canon/reviews/global_companion_reconciliation_v1_0/phase_g7/GLOBAL_COMPANION_PATCH_CHANGE_LEDGER.md,All changes in this phase are prospective companion rows. No founder-approved canon text or historical companion source changed.,CANONICAL_OR_CURRENT_INFERRED
STALE_DRAFT_HISTORICAL_OR_SUPERSEDED_TEXT,REVIEW_CLASSIFICATION,docs/canon/reviews/global_companion_reconciliation_v1_0/phase_g8/C0_LIFECYCLE_RECONCILIATION_DELTA.json,"""historical_c0_preserved"": true, | ""family"": ""Founder Decision Register and Adoption Evidence"", | ""historical_source_status"": ""SOURCE_NOT_MOUNTED"", | ""historical_adoption"": ""NOT ADOPTED"",",CANONICAL_OR_CURRENT_INFERRED
STALE_DRAFT_HISTORICAL_OR_SUPERSEDED_TEXT,REVIEW_CLASSIFICATION,docs/canon/reviews/global_companion_reconciliation_v1_0/phase_g8/GLOBAL_ADOPTION_STATE_REGISTER.json,"""adoption_state"": ""not separately adopted"", | ""adoption_state"": ""not adopted"", | ""artifact"": ""Historical Provenance and Supersession Evidence"", | ""path"": ""docs/canon/CANON_HISTORICAL_PROVENANCE_EXCEPTION_LEDGER.md"",",HISTORICAL_DUPLICATE_DRAFT_OR_PREDECESSOR_INFERRED
STALE_DRAFT_HISTORICAL_OR_SUPERSEDED_TEXT,REVIEW_CLASSIFICATION,docs/canon/reviews/global_companion_reconciliation_v1_0/phase_g8/GLOBAL_ADOPTION_STATE_REGISTER.md,| Constitutional Canon Index and Navigator | not separately adopted | docs/canon/CANON_INDEX.md | | | Cross-Canon Reference Normalization Register V1.1 | not adopted | docs/canon/reviews/parallel_safeguarding_companion_reconciliation_v1_0/source_package/extrac,HISTORICAL_DUPLICATE_DRAFT_OR_PREDECESSOR_INFERRED
STALE_DRAFT_HISTORICAL_OR_SUPERSEDED_TEXT,REVIEW_CLASSIFICATION,docs/canon/reviews/global_companion_reconciliation_v1_0/phase_g8/GLOBAL_GOVERNANCE_P2_REGISTER.json,"""remedy"": ""Founder controlled adoption decision for the assembled prospective companion family"" | ""source_path"": ""docs/canon/adoptions/equine_health_v1_1/EQUINE_HEALTH_V1_1_RETAINED_P2_REGISTER.md"", | ""source_path"": ""docs/canon/adoptions/safeguarding_v1_2/SAFE",HISTORICAL_DUPLICATE_DRAFT_OR_PREDECESSOR_INFERRED
STALE_DRAFT_HISTORICAL_OR_SUPERSEDED_TEXT,REVIEW_CLASSIFICATION,docs/canon/reviews/global_companion_reconciliation_v1_0/phase_g8/GLOBAL_GOVERNANCE_P2_REGISTER.md,| GCR-P2-COMPANION-ADOPTION | False | Founder controlled adoption decision for the assembled prospective companion family | | | FAMILY-P2-SOURCE-002 | False | docs/canon/adoptions/equine_health_v1_1/EQUINE_HEALTH_V1_1_RETAINED_P2_REGISTER.md | | | FAMILY-P2-SO,HISTORICAL_DUPLICATE_DRAFT_OR_PREDECESSOR_INFERRED
STALE_DRAFT_HISTORICAL_OR_SUPERSEDED_TEXT,REVIEW_CLASSIFICATION,docs/canon/reviews/global_companion_reconciliation_v1_0/phase_g8/GLOBAL_LIFECYCLE_RECONCILIATION_REPORT.md,"All 47 historical C0 rows were preserved and represented in a prospective delta. No lifecycle state was inferred or backdated. Historical adoption counts: `{'NOT ADOPTED': 8, 'MIXED': 1, 'UNRESOLVED': 14, 'NOT ESTABLISHE",CANONICAL_OR_CURRENT_INFERRED
STALE_DRAFT_HISTORICAL_OR_SUPERSEDED_TEXT,REVIEW_CLASSIFICATION,docs/canon/reviews/global_companion_reconciliation_v1_0/phase_g8/GLOBAL_LOCK_STATE_REGISTER.json,"""lock_state"": ""not separately locked"", | ""lock_state"": ""not locked"", | ""artifact"": ""Historical Provenance and Supersession Evidence"", | ""path"": ""docs/canon/CANON_HISTORICAL_PROVENANCE_EXCEPTION_LEDGER.md"",",HISTORICAL_DUPLICATE_DRAFT_OR_PREDECESSOR_INFERRED
STALE_DRAFT_HISTORICAL_OR_SUPERSEDED_TEXT,REVIEW_CLASSIFICATION,docs/canon/reviews/global_companion_reconciliation_v1_0/phase_g8/GLOBAL_LOCK_STATE_REGISTER.md,| Constitutional Canon Index and Navigator | not separately locked | docs/canon/CANON_INDEX.md | | | Cross-Canon Reference Normalization Register V1.1 | not locked | docs/canon/reviews/parallel_safeguarding_companion_reconciliation_v1_0/source_package/extracte,HISTORICAL_DUPLICATE_DRAFT_OR_PREDECESSOR_INFERRED
STALE_DRAFT_HISTORICAL_OR_SUPERSEDED_TEXT,REVIEW_CLASSIFICATION,docs/canon/reviews/global_companion_reconciliation_v1_0/phase_g8/GLOBAL_SUPERSESSION_REGISTER.json,"""treatment"": ""exact source retained; version and supersession statements remain controlling only at their recorded lifecycle state"" | ""source_path"": ""docs/canon/CANON_HISTORICAL_PROVENANCE_EXCEPTION_LEDGER.md"",",HISTORICAL_DUPLICATE_DRAFT_OR_PREDECESSOR_INFERRED
STALE_DRAFT_HISTORICAL_OR_SUPERSEDED_TEXT,REVIEW_CLASSIFICATION,docs/canon/reviews/global_companion_reconciliation_v1_0/phase_g8/GLOBAL_SUPERSESSION_REGISTER.md,| docs/canon/CANON_INDEX.md | 2df377ef5192592d0c75deb816c31efc966c3f97849db9fdb4b7506556e65d77 | exact source retained; version and supersession statements remain controlling only at their recorded lifecycle state | | | docs/canon/CANON_HISTORICAL_PROVENANCE_E,HISTORICAL_DUPLICATE_DRAFT_OR_PREDECESSOR_INFERRED
STALE_DRAFT_HISTORICAL_OR_SUPERSEDED_TEXT,REVIEW_CLASSIFICATION,docs/canon/reviews/global_companion_reconciliation_v1_0/phase_g9/GLOBAL_COMPANION_FORMAL_SCAN_MASTER_REPORT.md,- Open P1: `0` | | orphan-Founder-decision | PASS | Checked 71 recovered decisions against RTM rows; orphans: 0. | | | stale-version | PASS | Versioned V1.0/V1.1/V1.2 candidates are preserved distinctly; no candidate was silently promoted by this package. | | ,CANONICAL_OR_CURRENT_INFERRED
STALE_DRAFT_HISTORICAL_OR_SUPERSEDED_TEXT,REVIEW_CLASSIFICATION,docs/canon/reviews/global_companion_reconciliation_v1_0/source/CROSS_CANON_REFERENCE_NORMALIZATION_REGISTER_V1_0.md,"**Register Status:** Founder-Accepted Controlled Registry | **Purpose:** Map legacy, abbreviated, or superseded document names to the current canonical family. | A normalized reference changes the cited authority name, not the historical filename or checksum o",SUPERSEDED_OR_SUPERSESSION_TEXT_PRESENT
STALE_DRAFT_HISTORICAL_OR_SUPERSEDED_TEXT,REVIEW_CLASSIFICATION,docs/canon/reviews/global_companion_reconciliation_v1_0/source/GLOBAL_COMPANION_RECONCILIATION_FOUNDER_DIRECTIVE.txt,# CODEX FOUNDER DIRECTIVE | - Founder Decision Matrix ratified; | - Open P1 = 0; | - AI V2.0 adopted and locked;,SUPERSEDED_OR_SUPERSESSION_TEXT_PRESENT
STALE_DRAFT_HISTORICAL_OR_SUPERSEDED_TEXT,REVIEW_CLASSIFICATION,docs/canon/reviews/governance_v1_0_ai_reconciliation/phase_1/AI_V2_0_EXACT_SOURCE_DISCOVERY_INVENTORY.json,"""founder_acceptance_from_c0_derivative"": ""YES"", | ""candidates"": [ | ""path"": ""outputs/rf30_founder_final_lock.json"", | ""recover exact AI-specific founder decisions and lifecycle records"",",HISTORICAL_DUPLICATE_DRAFT_OR_PREDECESSOR_INFERRED
STALE_DRAFT_HISTORICAL_OR_SUPERSEDED_TEXT,REVIEW_CLASSIFICATION,docs/canon/reviews/governance_v1_0_ai_reconciliation/phase_1/AI_V2_0_SOURCE_CONFLICT_AND_PROVENANCE_REPORT.md,"No two located artifacts can be proven to be conflicting founder-approved AI V2.0 source bytes because the intended V2.0 bytes are absent. The unresolved issue is a source-family distinction, not permission to merge them | 1. C0 record `C0-034` identifies `MAS",CANONICAL_OR_CURRENT_INFERRED
STALE_DRAFT_HISTORICAL_OR_SUPERSEDED_TEXT,REVIEW_CLASSIFICATION,docs/canon/reviews/governance_v1_0_ai_reconciliation/phase_2/AI_V2_0_PHASE_2_GATE_BLOCKER_REPORT.md,"`AI_V2_0_ADOPTION_AND_LOCK_RECONCILIATION_BLOCKED` | The exact AI V2.0 source bytes and exact founder decision set are unavailable. Consequently, the required decision classification, conflict review, and decision-to-canon mapping cannot be completed without i",CANONICAL_OR_CURRENT_INFERRED
STALE_DRAFT_HISTORICAL_OR_SUPERSEDED_TEXT,REVIEW_CLASSIFICATION,docs/canon/reviews/governance_v1_0_ai_reconciliation/resumption_exact_source/AI_V2_0_R0_R5_VALIDATION_REPORT.md,"`PASSED_WITH_NARROW_FOUNDER_RATIFICATION_GATE_OPEN` | | Finding-ledger gate | P0 0, closed P1 1, open P1 1, R6 unauthorized | | The earlier `(1)` candidate and founder-approved candidate differ in lifecycle wording, Document Control, and terminal state. Sectio",CANONICAL_OR_CURRENT_INFERRED
STALE_DRAFT_HISTORICAL_OR_SUPERSEDED_TEXT,REVIEW_CLASSIFICATION,docs/canon/reviews/governance_v1_0_ai_reconciliation/resumption_exact_source/AI_V2_0_RECONCILIATION_RESUMPTION_RECORD.md,The prior execution remains historically correct: | `AI_V2_0_ADOPTION_AND_LOCK_RECONCILIATION_BLOCKED` | The Founder supplied `MASTER_AI_GOVERNANCE_AND_DECISION_BOUNDARY_MODEL_V2_0_FOUNDER_APPROVED.docx` and directed exact-source ingestion and controlled recon,CANONICAL_OR_CURRENT_INFERRED
STALE_DRAFT_HISTORICAL_OR_SUPERSEDED_TEXT,REVIEW_CLASSIFICATION,docs/canon/reviews/governance_v1_0_ai_reconciliation/resumption_exact_source/phase_r0/AI_V2_0_EXACT_SOURCE_CHAIN_OF_CUSTODY.md,- Source event: Founder-supplied exact-source ingestion directive and DOCX attachment | - Founder classification: `FOUNDER_IDENTIFIED_CORRECT_AI_V2_0_SOURCE_CANDIDATE` | | Mounted uploaded source | `/Users/rianray/Downloads/MASTER_AI_GOVERNANCE_AND_DECISION_BO,CANONICAL_OR_CURRENT_INFERRED
STALE_DRAFT_HISTORICAL_OR_SUPERSEDED_TEXT,REVIEW_CLASSIFICATION,docs/canon/reviews/governance_v1_0_ai_reconciliation/resumption_exact_source/phase_r0/AI_V2_0_EXACT_SOURCE_HASH_RECORD.md,## Controlling source candidate | 414e912c9caec58573558a5fa3e7519db59506b7a903879db3af33e840c0d1e8 MASTER_AI_GOVERNANCE_AND_DECISION_BOUNDARY_MODEL_V2_0_FOUNDER_APPROVED.docx | Source classification: `FOUNDER_SELECTED_CONTROLLING_SOURCE_CANDIDATE` | Lifecycle:,CANONICAL_OR_CURRENT_INFERRED
STALE_DRAFT_HISTORICAL_OR_SUPERSEDED_TEXT,REVIEW_CLASSIFICATION,docs/canon/reviews/governance_v1_0_ai_reconciliation/resumption_exact_source/phase_r0/AI_V2_0_EXACT_SOURCE_IDENTITY_RECORD.json,"""founder_identification"": ""FOUNDER_IDENTIFIED_CORRECT_AI_V2_0_SOURCE_CANDIDATE"", | ""filename"": ""MASTER_AI_GOVERNANCE_AND_DECISION_BOUNDARY_MODEL_V2_0_FOUNDER_APPROVED.docx"", | ""mounted_path"": ""/Users/rianray/Downloads/MASTER_AI_GOVERNANCE_AND_DECISION_BOUNDARY",CANONICAL_OR_CURRENT_INFERRED
STALE_DRAFT_HISTORICAL_OR_SUPERSEDED_TEXT,REVIEW_CLASSIFICATION,docs/canon/reviews/governance_v1_0_ai_reconciliation/resumption_exact_source/phase_r0/AI_V2_0_EXACT_SOURCE_INGESTION_REPORT.md,| Uploaded filename | `MASTER_AI_GOVERNANCE_AND_DECISION_BOUNDARY_MODEL_V2_0_FOUNDER_APPROVED.docx` | | | Mounted path | `/Users/rianray/Downloads/MASTER_AI_GOVERNANCE_AND_DECISION_BOUNDARY_MODEL_V2_0_FOUNDER_APPROVED.docx` | | | Internal lifecycle | `FOUNDER_,CANONICAL_OR_CURRENT_INFERRED
STALE_DRAFT_HISTORICAL_OR_SUPERSEDED_TEXT,REVIEW_CLASSIFICATION,docs/canon/reviews/governance_v1_0_ai_reconciliation/resumption_exact_source/phase_r1/AI_V2_0_CONTROLLING_SOURCE_CANDIDATE_DETERMINATION.md,# AI V2.0 Controlling Source Candidate Determination | `EXACT_AI_V2_0_SOURCE_BYTES_VERIFIED_AND_FOUNDER_IDENTIFIED` | The controlling source candidate is the byte-identical repository copy at: | This determination establishes exact source identity and closes t,CANONICAL_OR_CURRENT_INFERRED
STALE_DRAFT_HISTORICAL_OR_SUPERSEDED_TEXT,REVIEW_CLASSIFICATION,docs/canon/reviews/governance_v1_0_ai_reconciliation/resumption_exact_source/phase_r1/AI_V2_0_SOURCE_CANDIDATE_COMPARISON_REPORT.md,# AI V2.0 Source Candidate Comparison Report | `FOUNDER_SELECTED_SOURCE_VERIFIED_WITH_NONCONTROLLING_VARIANTS_PRESERVED` | ## Candidate comparison | | Candidate | SHA-256 | Bytes | Normalized content | Classification | | PATH_CLASSIFICATION: candidate_or_draft,CANONICAL_OR_CURRENT_INFERRED
STALE_DRAFT_HISTORICAL_OR_SUPERSEDED_TEXT,REVIEW_CLASSIFICATION,docs/canon/reviews/governance_v1_0_ai_reconciliation/resumption_exact_source/phase_r1/AI_V2_0_SOURCE_CANDIDATE_HASH_MATRIX.json,"""disposition"": ""FOUNDER_SELECTED_SOURCE_VERIFIED_WITH_NONCONTROLLING_VARIANTS_PRESERVED"", | ""candidates"": [ | ""source_filename"": ""MASTER_AI_GOVERNANCE_AND_DECISION_BOUNDARY_MODEL_V2_0_FOUNDER_APPROVED.docx"", | ""classification"": ""FOUNDER_SELECTED_CONTROLLING_SO",CANONICAL_OR_CURRENT_INFERRED
STALE_DRAFT_HISTORICAL_OR_SUPERSEDED_TEXT,REVIEW_CLASSIFICATION,docs/canon/reviews/governance_v1_0_ai_reconciliation/resumption_exact_source/phase_r2/AI_V2_0_EMBEDDED_FOUNDER_DECISION_RECOVERY_REPORT.md,# AI V2.0 Embedded Founder Decision Recovery Report | `DERIVED_CONTROLLED_DECISION_MATRIX_FROM_EXACT_SOURCE_PENDING_FOUNDER_RATIFICATION` | - Source section: `96. Founder Decisions Incorporated` | Section 96 states: “The following founder decisions are incorpo,CANONICAL_OR_CURRENT_INFERRED
STALE_DRAFT_HISTORICAL_OR_SUPERSEDED_TEXT,REVIEW_CLASSIFICATION,docs/canon/reviews/governance_v1_0_ai_reconciliation/resumption_exact_source/phase_r2/AI_V2_0_FOUNDER_DECISION_MATRIX.json,"""classification"": ""FOUNDER_RATIFIED_CONTROLLING_AI_V2_0_DECISION_MATRIX"", | ""section"": ""96. Founder Decisions Incorporated"", | ""historical"": false, | ""founder_ratification_required"": false,",HISTORICAL_DUPLICATE_DRAFT_OR_PREDECESSOR_INFERRED
STALE_DRAFT_HISTORICAL_OR_SUPERSEDED_TEXT,REVIEW_CLASSIFICATION,docs/canon/reviews/governance_v1_0_ai_reconciliation/resumption_exact_source/phase_r2/AI_V2_0_FOUNDER_DECISION_MATRIX.md,"# AI V2.0 Founder Decision Matrix | `FOUNDER_RATIFIED_CONTROLLING_AI_V2_0_DECISION_MATRIX` | The IDs below were assigned prospectively for administrative traceability and ratified by the Founder. Exact Section 96 wording controls over any administrative title,",CANONICAL_OR_CURRENT_INFERRED
STALE_DRAFT_HISTORICAL_OR_SUPERSEDED_TEXT,REVIEW_CLASSIFICATION,docs/canon/reviews/governance_v1_0_ai_reconciliation/resumption_exact_source/phase_r3/AI_V2_0_FOUNDER_DECISION_MATRIX_RATIFICATION_RECORD.json,"""disposition"": ""FOUNDER_RATIFIED_CONTROLLING_AI_V2_0_DECISION_MATRIX"", | ""path"": ""docs/canon/reviews/governance_v1_0_ai_reconciliation/resumption_exact_source/source_uploaded/AI_V2_0_FOUNDER_DECISION_MATRIX_RATIFICATION_DIRECTIVE.txt"", | ""section"": ""96. Founde",HISTORICAL_DUPLICATE_DRAFT_OR_PREDECESSOR_INFERRED
STALE_DRAFT_HISTORICAL_OR_SUPERSEDED_TEXT,REVIEW_CLASSIFICATION,docs/canon/reviews/governance_v1_0_ai_reconciliation/resumption_exact_source/phase_r3/AI_V2_0_FOUNDER_RATIFICATION_EVIDENCE_MANIFEST.json,"""classification"": ""FOUNDER_RATIFICATION_EVIDENCE_PENDING_DECISION"", | ""pending_disposition"": ""AI_V2_0_EXACT_SOURCE_AND_DECISION_MATRIX_PENDING_FOUNDER_RATIFICATION"", | {""path"":""docs/canon/reviews/governance_v1_0_ai_reconciliation/resumption_exact_source/phase_",CANONICAL_OR_CURRENT_INFERRED
STALE_DRAFT_HISTORICAL_OR_SUPERSEDED_TEXT,REVIEW_CLASSIFICATION,docs/canon/reviews/governance_v1_0_ai_reconciliation/resumption_exact_source/phase_r3/AI_V2_0_FOUNDER_SOURCE_IDENTITY_AND_DECISION_RATIFICATION.md,# AI V2.0 Founder Source Identity and Decision Ratification | `AI_V2_0_EXACT_SOURCE_AND_DECISION_MATRIX_PENDING_FOUNDER_RATIFICATION` | 1. The Founder identified the uploaded DOCX as the correct AI V2.0 source candidate. | 2. Uploaded source: `MASTER_AI_GOVERN,CANONICAL_OR_CURRENT_INFERRED
STALE_DRAFT_HISTORICAL_OR_SUPERSEDED_TEXT,REVIEW_CLASSIFICATION,docs/canon/reviews/governance_v1_0_ai_reconciliation/resumption_exact_source/phase_r4/AI_V2_0_EXACT_SOURCE_AND_AUTHORITY_HASH_MANIFEST.json,"{""path"":""docs/canon/reviews/governance_v1_0_ai_reconciliation/resumption_exact_source/source_uploaded/MASTER_AI_GOVERNANCE_AND_DECISION_BOUNDARY_MODEL_V2_0_FOUNDER_APPROVED.docx"",""sha256"":""414e912c9caec58573558a5fa3e7519 | {""path"":""docs/canon/reviews/governanc",HISTORICAL_DUPLICATE_DRAFT_OR_PREDECESSOR_INFERRED
STALE_DRAFT_HISTORICAL_OR_SUPERSEDED_TEXT,REVIEW_CLASSIFICATION,docs/canon/reviews/governance_v1_0_ai_reconciliation/resumption_exact_source/phase_r4/AI_V2_0_EXACT_SOURCE_AND_AUTHORITY_HASH_MANIFEST.md,"| Founder-selected uploaded source | `414e912c9caec58573558a5fa3e7519db59506b7a903879db3af33e840c0d1e8` | 140,809 bytes | | | Earlier `(1)` review candidate | `9495982c16f73b12a5c254583932578f6037f484285cd0e4c1ebb0a33c5d186b` | 140,749 bytes; noncontrolling | ",CANONICAL_OR_CURRENT_INFERRED
STALE_DRAFT_HISTORICAL_OR_SUPERSEDED_TEXT,REVIEW_CLASSIFICATION,docs/canon/reviews/governance_v1_0_ai_reconciliation/resumption_exact_source/phase_r5/AI_V2_0_PHASE_2_P1_BLOCKER_CLOSURE_REPORT.md,`AI_V2_0_FOUNDER_DECISION_MATRIX_RATIFIED_AND_PHASE_2_RESUMPTION_AUTHORIZED` | - Founder-selected source at `/Users/rianray/Downloads/MASTER_AI_GOVERNANCE_AND_DECISION_BOUNDARY_MODEL_V2_0_FOUNDER_APPROVED.docx`. | Historical finding preserved: `TRUE` | ## P1-B,CANONICAL_OR_CURRENT_INFERRED
STALE_DRAFT_HISTORICAL_OR_SUPERSEDED_TEXT,REVIEW_CLASSIFICATION,docs/canon/reviews/governance_v1_0_ai_reconciliation/resumption_exact_source/phase_r5/AI_V2_0_PHASE_2_UPDATED_FINDING_LEDGER.json,"""disposition"": ""AI_V2_0_FOUNDER_DECISION_MATRIX_RATIFIED_AND_PHASE_2_RESUMPTION_AUTHORIZED"", | ""open_p1"": 0, | ""retained_nonblocking_p2"": null | ""historical_severity"": ""P1"",",CANONICAL_OR_CURRENT_INFERRED
STALE_DRAFT_HISTORICAL_OR_SUPERSEDED_TEXT,REVIEW_CLASSIFICATION,docs/canon/reviews/governance_v1_0_ai_reconciliation/resumption_exact_source/phase_r6/AI_V2_0_CROSS_CANON_REFERENCE_NORMALIZATION_REPORT.md,"| Master Identity, Account, and Actor Model | `docs/canon/MASTER_IDENTITY_ACCOUNT_AND_ACTOR_MODEL_V2_0.md` | Adopted and locked evidence present | | | Master Agreement, Consent, and Authorization Model | `docs/canon/candidates/MASTER_AGREEMENT_CONSENT_AND_AUTH",CANONICAL_OR_CURRENT_INFERRED
STALE_DRAFT_HISTORICAL_OR_SUPERSEDED_TEXT,REVIEW_CLASSIFICATION,docs/canon/reviews/governance_v1_0_ai_reconciliation/resumption_exact_source/phase_r6/AI_V2_0_FORMAL_SCAN_REPORT.md,| Founder-decision coverage | PASSED | AI-FD01 through AI-FD12 mapped | | | adoption-state | PASSED | source correctly remains founder-approved pre-adoption candidate | | | lock-state | PASSED | source correctly remains unlocked before prospective records | | ,CANONICAL_OR_CURRENT_INFERRED
STALE_DRAFT_HISTORICAL_OR_SUPERSEDED_TEXT,REVIEW_CLASSIFICATION,docs/canon/reviews/governance_v1_0_ai_reconciliation/resumption_exact_source/phase_r6/AI_V2_0_FORMAL_SCAN_RESULTS.json,"""scan"": ""Founder-decision coverage"", | ""evidence"": ""source correctly remains founder-approved pre-adoption candidate"", | ""evidence"": ""source correctly remains unlocked before prospective records"", | ""retained_nonblocking_p2"": 3",CANONICAL_OR_CURRENT_INFERRED
STALE_DRAFT_HISTORICAL_OR_SUPERSEDED_TEXT,REVIEW_CLASSIFICATION,docs/canon/reviews/governance_v1_0_ai_reconciliation/resumption_exact_source/phase_r6/AI_V2_0_GOVERNANCE_REQUIREMENT_INDEX.json,"""authority_owner"": ""AI Governance and Founder constitutional authority"", | ""status"": ""ACTIVE_CANDIDATE_REQUIREMENT"", | ""authority_owner"": ""AI Governance with controlling domain and human authority"",",HISTORICAL_DUPLICATE_DRAFT_OR_PREDECESSOR_INFERRED
STALE_DRAFT_HISTORICAL_OR_SUPERSEDED_TEXT,REVIEW_CLASSIFICATION,docs/canon/reviews/governance_v1_0_ai_reconciliation/resumption_exact_source/phase_r6/AI_V2_0_REQUIREMENT_TRACEABILITY_MATRIX.json,"""authority_owner"": ""AI Governance and Founder constitutional authority"", | ""authority_owner"": ""AI Governance with controlling domain and human authority"",",HISTORICAL_DUPLICATE_DRAFT_OR_PREDECESSOR_INFERRED
STALE_DRAFT_HISTORICAL_OR_SUPERSEDED_TEXT,REVIEW_CLASSIFICATION,docs/canon/reviews/governance_v1_0_ai_reconciliation/resumption_exact_source/phase_r6/AI_V2_0_RETAINED_P2_REGISTER.md,# AI V2.0 Retained P2 Register | | `AI-V2-P2-CROSS-CANON-DEPENDENCY-LIFECYCLE-COMPLETION` | Several referenced constitutional families remain candidates or have separately tracked lifecycle evidence. | Nonblocking for AI constitutional lock because AI d | P0: ,CANONICAL_OR_CURRENT_INFERRED
STALE_DRAFT_HISTORICAL_OR_SUPERSEDED_TEXT,REVIEW_CLASSIFICATION,docs/canon/reviews/governance_v1_0_ai_reconciliation/resumption_exact_source/phase_r7/AI_V2_0_FINAL_ADOPTION_RECORD.json,"""disposition"":""AI_V2_0_CONSTITUTIONAL_CANON_ADOPTED_WITH_RETAINED_NONBLOCKING_P2"", | ""adopted_at_utc"":""2026-07-16T04:30:22Z"", | ""constitutional_authority"":""CONTROLLING"", | ""findings"":{""p0"":0,""open_p1"":0,""adoption_blocking_p2"":0,""retained_nonblocking_p2"":3},",HISTORICAL_DUPLICATE_DRAFT_OR_PREDECESSOR_INFERRED
STALE_DRAFT_HISTORICAL_OR_SUPERSEDED_TEXT,REVIEW_CLASSIFICATION,docs/canon/reviews/governance_v1_0_ai_reconciliation/resumption_exact_source/source_uploaded/AI_V2_0_EXACT_SOURCE_INGESTION_DIRECTIVE.txt,This directive authorizes controlled ingestion and reconciliation of the exact AI V2.0 DOCX now supplied by the Founder: | The Founder has identified this uploaded DOCX as the correct intended AI V2.0 constitutional source candidate. | `AI_V2_0_ADOPTION_AND_LO,SUPERSEDED_OR_SUPERSESSION_TEXT_PRESENT
STALE_DRAFT_HISTORICAL_OR_SUPERSEDED_TEXT,REVIEW_CLASSIFICATION,docs/canon/reviews/governance_v1_0_ai_reconciliation/source/GOVERNANCE_V1_0_AI_V2_RECONCILIATION_DIRECTIVE.txt,"* silent amendment of founder-approved decisions; | All work must remain repository-local, evidence-preserving, non-destructive, and governance-only unless a later founder directive expressly grants broader authority. | The objective is to establish a complete",SUPERSEDED_OR_SUPERSESSION_TEXT_PRESENT
STALE_DRAFT_HISTORICAL_OR_SUPERSEDED_TEXT,REVIEW_CLASSIFICATION,docs/canon/reviews/governance_v1_0_c0_lifecycle_completion_batch_1/C0_BATCH_1_CURRENT_LIFECYCLE_DELTA.json,"""previous_unresolved_blockers"": 26, | ""historical_identifier"": ""MASTER_MINOR_GUARDIANSHIP_SAFEGUARDING_AND_PROTECTED_PARTICIPANT_MODEL"", | ""historical_version"": ""NOT YET DRAFTED"", | ""historical_source_status"": ""DRAFT_REQUIRED"",",HISTORICAL_DUPLICATE_DRAFT_OR_PREDECESSOR_INFERRED
STALE_DRAFT_HISTORICAL_OR_SUPERSEDED_TEXT,REVIEW_CLASSIFICATION,docs/canon/reviews/governance_v1_0_c0_lifecycle_completion_batch_1/C0_BATCH_1_FINAL_STATUS_REPORT.md,Disposition: `C0_BATCH_1_TRACK_B_SEVEN_CANONS_CONSTITUTIONALLY_LOCKED` | P0: `0`; open P1: `0`; lock-blocking P2: `0`; retained nonblocking P2: `23`. Nine Batch 1 lifecycle blockers are resolved and 17 remain. Governance V1.0 baseline adoption and lock remain ,HISTORICAL_DUPLICATE_DRAFT_OR_PREDECESSOR_INFERRED
STALE_DRAFT_HISTORICAL_OR_SUPERSEDED_TEXT,REVIEW_CLASSIFICATION,docs/canon/reviews/governance_v1_0_c0_lifecycle_completion_batch_1/C0_BATCH_1_TRACK_B_LOCK_DELTA.md,| Retained nonblocking P2 | 23 |,HISTORICAL_DUPLICATE_DRAFT_OR_PREDECESSOR_INFERRED
STALE_DRAFT_HISTORICAL_OR_SUPERSEDED_TEXT,REVIEW_CLASSIFICATION,docs/canon/reviews/governance_v1_0_c0_lifecycle_completion_batch_1/C0_CURRENT_SOURCE_OF_TRUTH_REGISTER.json,"""status"": ""UPDATED_AFTER_ALL_SOURCE_READY_CANONS_ADOPTED_AND_LOCKED"", | ""family"": ""Founder Decision Register and Adoption Evidence"", | ""historical_identifier"": ""EQUINESYNC_FOUNDER_DECISION_REGISTER"", | ""historical_version"": ""V1.1 baseline reported"",",CANONICAL_OR_CURRENT_INFERRED
STALE_DRAFT_HISTORICAL_OR_SUPERSEDED_TEXT,REVIEW_CLASSIFICATION,docs/canon/reviews/governance_v1_0_c0_lifecycle_completion_batch_1/C0_CURRENT_SOURCE_OF_TRUTH_REGISTER.md,Status: `UPDATED_AFTER_ALL_SOURCE_READY_CANONS_ADOPTED_AND_LOCKED` | | C0 | Family | Category | Source status | Adoption | Lock | Controlling artifact | | | C0-001 | Founder Decision Register and Adoption Evidence | supporting_only | EXACT_REPOSITORY_SOURCE_VE,SUPERSEDED_OR_SUPERSESSION_TEXT_PRESENT
STALE_DRAFT_HISTORICAL_OR_SUPERSEDED_TEXT,REVIEW_CLASSIFICATION,docs/canon/reviews/governance_v1_0_c0_lifecycle_completion_batch_1/phase_b0/C0_BATCH_1_CHAIN_OF_CUSTODY.md,"The founder directive, controlling lifecycle ledger, nine exact source paths, expected hashes, existing Track A adoption records, and generated lifecycle evidence are linked without rewriting predecessor evidence. | | C0-020 | docs/canon/adopted_sources/MASTER",CANONICAL_OR_CURRENT_INFERRED
STALE_DRAFT_HISTORICAL_OR_SUPERSEDED_TEXT,REVIEW_CLASSIFICATION,docs/canon/reviews/governance_v1_0_c0_lifecycle_completion_batch_1/phase_b0/C0_BATCH_1_INITIAL_EVIDENCE_INVENTORY.json,"""directive_path"": ""docs/canon/reviews/governance_v1_0_c0_lifecycle_completion_batch_1/source/C0_LIFECYCLE_COMPLETION_BATCH_1_FOUNDER_DIRECTIVE.md"", | ""path"": ""docs/canon/adopted_sources/MASTER_MINOR_GUARDIANSHIP_SAFEGUARDING_AND_PROTECTED_PARTICIPANT_MODEL_V1_",CANONICAL_OR_CURRENT_INFERRED
STALE_DRAFT_HISTORICAL_OR_SUPERSEDED_TEXT,REVIEW_CLASSIFICATION,docs/canon/reviews/governance_v1_0_c0_lifecycle_completion_batch_1/track_b/C0_025_ADOPTION_READINESS_REPORT.md,| Exact source | docs/canon/candidates/MASTER_DATA_PROTECTION_ENCRYPTION_AND_KEY_MANAGEMENT_MODEL_V1_0.md | | | Founder adoption authority | docs/canon/reviews/governance_v1_0_c0_lifecycle_completion_batch_1/source/C0_LIFECYCLE_COMPLETION_BATCH_1_FOUNDER_DIREC,CANONICAL_OR_CURRENT_INFERRED
STALE_DRAFT_HISTORICAL_OR_SUPERSEDED_TEXT,REVIEW_CLASSIFICATION,docs/canon/reviews/governance_v1_0_c0_lifecycle_completion_batch_1/track_b/C0_027_ADOPTION_READINESS_REPORT.md,| Exact source | docs/canon/candidates/MASTER_AUDIT_EVENT_AND_EVIDENCE_MODEL_V2_0_FOUNDER_APPROVED.md | | | Founder adoption authority | docs/canon/reviews/governance_v1_0_c0_lifecycle_completion_batch_1/source/C0_LIFECYCLE_COMPLETION_BATCH_1_FOUNDER_DIRECTIVE,CANONICAL_OR_CURRENT_INFERRED
STALE_DRAFT_HISTORICAL_OR_SUPERSEDED_TEXT,REVIEW_CLASSIFICATION,docs/canon/reviews/governance_v1_0_c0_lifecycle_completion_batch_1/track_b/C0_027_LOCK_READINESS_CERTIFICATE.json,"""adopted_source"": ""docs/canon/adopted_sources/MASTER_AUDIT_EVENT_AND_EVIDENCE_MODEL_V2_0_ADOPTED_SOURCE.md"", | ""open_p1"": 0, | ""retained_nonblocking_p2"": [ | ""C0-027-P2-HISTORICAL-V1-SOURCE-UNAVAILABLE""",CANONICAL_OR_CURRENT_INFERRED
STALE_DRAFT_HISTORICAL_OR_SUPERSEDED_TEXT,REVIEW_CLASSIFICATION,docs/canon/reviews/governance_v1_0_c0_lifecycle_completion_batch_1/track_b/C0_029_ADOPTION_READINESS_REPORT.md,| Exact source | docs/canon/candidates/MASTER_COMMUNICATION_NOTIFICATION_AND_NOTICE_MODEL_V2_0_FOUNDER_APPROVED.md | | | Founder adoption authority | docs/canon/reviews/governance_v1_0_c0_lifecycle_completion_batch_1/source/C0_LIFECYCLE_COMPLETION_BATCH_1_FOUN,CANONICAL_OR_CURRENT_INFERRED
STALE_DRAFT_HISTORICAL_OR_SUPERSEDED_TEXT,REVIEW_CLASSIFICATION,docs/canon/reviews/governance_v1_0_c0_lifecycle_completion_batch_1/track_b/C0_029_LOCK_READINESS_CERTIFICATE.json,"""adopted_source"": ""docs/canon/adopted_sources/MASTER_COMMUNICATION_NOTIFICATION_AND_NOTICE_MODEL_V2_0_ADOPTED_SOURCE.md"", | ""open_p1"": 0, | ""retained_nonblocking_p2"": [ | ""C0-029-P2-HISTORICAL-V1-SOURCE-UNAVAILABLE""",CANONICAL_OR_CURRENT_INFERRED
STALE_DRAFT_HISTORICAL_OR_SUPERSEDED_TEXT,REVIEW_CLASSIFICATION,docs/canon/reviews/governance_v1_0_c0_lifecycle_completion_batch_1/track_b/C0_030_ADOPTION_READINESS_REPORT.md,| Exact source | docs/canon/candidates/MASTER_SECURITY_INCIDENT_RESPONSE_AND_DISCLOSURE_MODEL_V1_0.md | | | Founder adoption authority | docs/canon/reviews/governance_v1_0_c0_lifecycle_completion_batch_1/source/C0_LIFECYCLE_COMPLETION_BATCH_1_FOUNDER_DIRECTIVE,CANONICAL_OR_CURRENT_INFERRED
STALE_DRAFT_HISTORICAL_OR_SUPERSEDED_TEXT,REVIEW_CLASSIFICATION,docs/canon/reviews/governance_v1_0_c0_lifecycle_completion_batch_1/track_b/C0_031_ADOPTION_READINESS_REPORT.md,| Exact source | docs/canon/candidates/MASTER_PLATFORM_RESILIENCE_BACKUP_AND_RECOVERY_OPERATIONAL_MODEL_V1_0.md | | | Founder adoption authority | docs/canon/reviews/governance_v1_0_c0_lifecycle_completion_batch_1/source/C0_LIFECYCLE_COMPLETION_BATCH_1_FOUNDER,CANONICAL_OR_CURRENT_INFERRED
STALE_DRAFT_HISTORICAL_OR_SUPERSEDED_TEXT,REVIEW_CLASSIFICATION,docs/canon/reviews/governance_v1_0_c0_lifecycle_completion_batch_1/track_b/C0_BATCH_1_TRACK_B_ADOPTED_SOURCE_MANIFEST.json,"""candidate"": ""docs/canon/candidates/MASTER_DATA_PROTECTION_ENCRYPTION_AND_KEY_MANAGEMENT_MODEL_V1_0.md"", | ""adopted_source"": ""docs/canon/adopted_sources/MASTER_DATA_PROTECTION_ENCRYPTION_AND_KEY_MANAGEMENT_MODEL_V1_0_ADOPTED_SOURCE.md"", | ""candidate_sha256"": """,HISTORICAL_DUPLICATE_DRAFT_OR_PREDECESSOR_INFERRED
STALE_DRAFT_HISTORICAL_OR_SUPERSEDED_TEXT,REVIEW_CLASSIFICATION,docs/canon/reviews/governance_v1_0_c0_lifecycle_completion_batch_1/track_b/C0_BATCH_1_TRACK_B_ADOPTED_SOURCE_MANIFEST.md,# C0 Batch 1 Track B Adopted Source Manifest | | C0 | Candidate | Adopted source | SHA-256 | Byte-identical | | | C0-025 | docs/canon/candidates/MASTER_DATA_PROTECTION_ENCRYPTION_AND_KEY_MANAGEMENT_MODEL_V1_0.md | docs/canon/adopted_sources/MASTER_DATA_PROTECT,CANONICAL_OR_CURRENT_INFERRED
STALE_DRAFT_HISTORICAL_OR_SUPERSEDED_TEXT,REVIEW_CLASSIFICATION,docs/canon/reviews/governance_v1_0_c0_lifecycle_completion_batch_1/track_b/C0_BATCH_1_TRACK_B_POST_ADOPTION_NO_CHANGE_REPORT.md,All seven adopted-source copies are byte-identical to the founder-authorized candidates. Original candidates remain preserved. No lifecycle wording was edited inside any adopted source.,CANONICAL_OR_CURRENT_INFERRED
STALE_DRAFT_HISTORICAL_OR_SUPERSEDED_TEXT,REVIEW_CLASSIFICATION,docs/canon/reviews/governance_v1_0_c0_lifecycle_completion_batch_1/track_b/C0_BATCH_1_TRACK_B_RETAINED_P2_REGISTER.json,"""locked_canon"": ""Master Data Protection, Encryption, and Key Management Model"", | ""status"": ""OPEN_NONBLOCKING"", | ""contradicts_locked_text"": false | ""scope"": ""Controlled registries require separate drafting, ownership, and approval evidence."",",HISTORICAL_DUPLICATE_DRAFT_OR_PREDECESSOR_INFERRED
STALE_DRAFT_HISTORICAL_OR_SUPERSEDED_TEXT,REVIEW_CLASSIFICATION,docs/canon/reviews/governance_v1_0_c0_phase_c_hash_version_recovery/C0_PHASE_C_CROSS_CANON_IMPACT_MASTER_REPORT.md,No locked-canon conflict was identified in the three available exact-source comparisons. Six full comparisons remain deferred because expected bytes are absent. RF27 and RF31 remain locked and unchanged; their precedence,CANONICAL_OR_CURRENT_INFERRED
STALE_DRAFT_HISTORICAL_OR_SUPERSEDED_TEXT,REVIEW_CLASSIFICATION,docs/canon/reviews/governance_v1_0_c0_phase_c_hash_version_recovery/C0_PHASE_C_CURRENT_LIFECYCLE_DELTA.json,"""historical_c0_unchanged"": true, | ""founder_identity_decisions"": 0, | ""founder_source_identity_decision"": false, | ""amendment_of_locked_canon"": false",CANONICAL_OR_CURRENT_INFERRED
STALE_DRAFT_HISTORICAL_OR_SUPERSEDED_TEXT,REVIEW_CLASSIFICATION,docs/canon/reviews/governance_v1_0_c0_phase_c_hash_version_recovery/C0_PHASE_C_CURRENT_LIFECYCLE_DELTA.md,STATUS_NOT_EXPLICITLY_EXTRACTED,HISTORICAL_DUPLICATE_DRAFT_OR_PREDECESSOR_INFERRED
STALE_DRAFT_HISTORICAL_OR_SUPERSEDED_TEXT,REVIEW_CLASSIFICATION,docs/canon/reviews/governance_v1_0_c0_phase_c_hash_version_recovery/C0_PHASE_C_FINAL_STATUS_REPORT.json,"""open_p1"": 0, | ""founder_source_identity_decision"": false, | ""amendment_of_locked_canon"": false",HISTORICAL_DUPLICATE_DRAFT_OR_PREDECESSOR_INFERRED
STALE_DRAFT_HISTORICAL_OR_SUPERSEDED_TEXT,REVIEW_CLASSIFICATION,docs/canon/reviews/governance_v1_0_c0_phase_c_hash_version_recovery/C0_PHASE_C_HASH_VERIFICATION_LEDGER.json,STATUS_NOT_EXPLICITLY_EXTRACTED,HISTORICAL_DUPLICATE_DRAFT_OR_PREDECESSOR_INFERRED
STALE_DRAFT_HISTORICAL_OR_SUPERSEDED_TEXT,REVIEW_CLASSIFICATION,docs/canon/reviews/governance_v1_0_c0_phase_c_hash_version_recovery/C0_PHASE_C_RETAINED_FINDINGS_REGISTER.json,"""open_p1"": 0, | ""retained_p2"": 6, | ""status"": ""OPEN_SOURCE_EVIDENCE"", | ""description"": ""Expected historical bytes are authenticated by hash and manifest but are not locally mounted; source identity and succession remain unproven."",",HISTORICAL_DUPLICATE_DRAFT_OR_PREDECESSOR_INFERRED
STALE_DRAFT_HISTORICAL_OR_SUPERSEDED_TEXT,REVIEW_CLASSIFICATION,docs/canon/reviews/governance_v1_0_c0_phase_c_hash_version_recovery/C0_PHASE_C_SOURCE_RECOVERY_REGISTER.md,| C0-004 | 42f01b4094923d85ab6b7de9c56fc6c084adac4f9b06464554ba2f9e91787953 | ba2bdedfbbd89889af02035656d2f738175dcbde3869084c5e0c92062644c469 | False | EXPECTED_SOURCE_NOT_RECOVERED_AND_SUCCESSION_NOT_PROVEN | DEFER_PEN | | C0-005 | 5d600fec0bb674b5b9a961628e,HISTORICAL_DUPLICATE_DRAFT_OR_PREDECESSOR_INFERRED
STALE_DRAFT_HISTORICAL_OR_SUPERSEDED_TEXT,REVIEW_CLASSIFICATION,docs/canon/reviews/governance_v1_0_c0_phase_c_hash_version_recovery/formal_scans/C0_PHASE_C_FORMAL_VALIDATION_REPORT.md,Gate: `PASSED_WITH_SIX_RETAINED_SOURCE_EVIDENCE_BLOCKERS`. P0: `0`; open P1: `0`; source-classification-blocking P2: `0`. | | open_p1 | 0 | | | retained_source_evidence_p2 | 6 | | | candidate_hash_failures | 0 |,CANONICAL_OR_CURRENT_INFERRED
STALE_DRAFT_HISTORICAL_OR_SUPERSEDED_TEXT,REVIEW_CLASSIFICATION,docs/canon/reviews/governance_v1_0_c0_phase_c_hash_version_recovery/formal_scans/C0_PHASE_C_FORMAL_VALIDATION_RESULTS.json,"""open_p1"": 0, | ""retained_source_evidence_p2"": 6, | ""candidate_hash_failures"": 0, | ""orphan_founder_decisions"": 0,",CANONICAL_OR_CURRENT_INFERRED
STALE_DRAFT_HISTORICAL_OR_SUPERSEDED_TEXT,REVIEW_CLASSIFICATION,docs/canon/reviews/governance_v1_0_c0_phase_c_hash_version_recovery/formal_scans/C0_PHASE_C_INDEPENDENT_VERIFICATION.json,"""verification"": ""PASSED_WITH_SIX_RETAINED_SOURCE_EVIDENCE_BLOCKERS"", | ""open_p1"": 0, | ""retained_source_evidence_p2"": 6,",HISTORICAL_DUPLICATE_DRAFT_OR_PREDECESSOR_INFERRED
STALE_DRAFT_HISTORICAL_OR_SUPERSEDED_TEXT,REVIEW_CLASSIFICATION,docs/canon/reviews/governance_v1_0_c0_phase_c_hash_version_recovery/PACKAGE_MANIFEST.json,"""path"": ""docs/canon/companions/MASTER_EQUINESYNC_FOUNDER_DECISION_REGISTER_C0_PHASE_C_PROSPECTIVE_UPDATE.md"", | ""path"": ""docs/canon/reviews/governance_v1_0_c0_phase_c_hash_version_recovery/C0_PHASE_C_FOUNDER_DECISION_MATRIX.md"", | ""path"": ""docs/canon/reviews/g",HISTORICAL_DUPLICATE_DRAFT_OR_PREDECESSOR_INFERRED
STALE_DRAFT_HISTORICAL_OR_SUPERSEDED_TEXT,REVIEW_CLASSIFICATION,docs/canon/reviews/governance_v1_0_c0_phase_c_hash_version_recovery/phase_c0/C0_PHASE_C_APPROVED_SOURCE_SEARCH_LOG.json,"""named_candidate_file_count"": 71, | ""path"": ""/Users/rianray/Documents/Codex/Codex /2026-05-30/files-mentioned-by-the-user-03/work/Equine-Sync-v2-current/docs/canon/adoptions/safeguarding_v1_2/evidence/safeguarding_v1_2_adoption_candidate_review_evidence.zi | """,HISTORICAL_DUPLICATE_DRAFT_OR_PREDECESSOR_INFERRED
STALE_DRAFT_HISTORICAL_OR_SUPERSEDED_TEXT,REVIEW_CLASSIFICATION,docs/canon/reviews/governance_v1_0_c0_phase_c_hash_version_recovery/phase_c0/C0_PHASE_C_APPROVED_SOURCE_SEARCH_LOG.md,| Named candidate files hashed | 71 | | | C0-028 | file | /Users/rianray/Documents/Codex/Codex /2026-05-30/files-mentioned-by-the-user-03/work/Equine-Sync-v2-current/docs/canon/intake/MASTER_CLAIMS_DISPUTES_AND_AUTHORITY_MODEL_V2_0_FOUNDER_SOURCE.md | not appl,CANONICAL_OR_CURRENT_INFERRED
STALE_DRAFT_HISTORICAL_OR_SUPERSEDED_TEXT,REVIEW_CLASSIFICATION,docs/canon/reviews/governance_v1_0_c0_phase_c_hash_version_recovery/phase_c0/C0_PHASE_C_INITIALIZATION_REPORT.md,| C0-019 | docs/canon/candidates/MASTER_AGREEMENT_CONSENT_AND_AUTHORIZATION_MODEL_V2_0.md | 630b6128e37734be01a40d64b80d9fb4d74fce48198c60f9fcbd1a2ef83c232b | True |,CANONICAL_OR_CURRENT_INFERRED
STALE_DRAFT_HISTORICAL_OR_SUPERSEDED_TEXT,REVIEW_CLASSIFICATION,docs/canon/reviews/governance_v1_0_c0_phase_c_hash_version_recovery/phase_c0/C0_PHASE_C_PRE_OPERATION_MANIFEST.json,"""directive"": ""docs/canon/reviews/governance_v1_0_c0_phase_c_hash_version_recovery/source/C0_PHASE_C_FOUNDER_DIRECTIVE.md"", | ""path"": ""docs/canon/candidates/MASTER_AGREEMENT_CONSENT_AND_AUTHORIZATION_MODEL_V2_0.md"", | ""historical_path"": ""/mnt/data/EquineSync_Fo",CANONICAL_OR_CURRENT_INFERRED
STALE_DRAFT_HISTORICAL_OR_SUPERSEDED_TEXT,REVIEW_CLASSIFICATION,docs/canon/reviews/governance_v1_0_c0_phase_c_hash_version_recovery/source/C0_PHASE_C_FOUNDER_DIRECTIVE.md,# EQUINESYNC FOUNDER DIRECTIVE | ### Founder disposition | `FOUNDER_AUTHORIZED_C0_PHASE_C_NINE_ROW_HASH_VERSION_AND_SOURCE_IDENTITY_RECOVERY` | 1. recover the exact historical bytes identified by the C0 baseline;,CANONICAL_OR_CURRENT_INFERRED
STALE_DRAFT_HISTORICAL_OR_SUPERSEDED_TEXT,REVIEW_CLASSIFICATION,docs/canon/reviews/governance_v1_0_c0_phase_c_hash_version_recovery/track_c/C0_004/comparisons/C0_004_CROSS_CANON_IMPACT_REPORT.md,"Status: `FULL_CROSS_CANON_COMPARISON_DEFERRED_EXPECTED_BYTES_ABSENT`. Locked RF27, RF31, Track A, Track B, Financial Truth, Identity, Relationship, External Architecture, AI, and Calendar authorities remain unchanged. Ex",HISTORICAL_DUPLICATE_DRAFT_OR_PREDECESSOR_INFERRED
STALE_DRAFT_HISTORICAL_OR_SUPERSEDED_TEXT,REVIEW_CLASSIFICATION,docs/canon/reviews/governance_v1_0_c0_phase_c_hash_version_recovery/track_c/C0_004/comparisons/C0_004_NORMALIZED_TEXT_COMPARISON.md,STATUS_NOT_EXPLICITLY_EXTRACTED,HISTORICAL_DUPLICATE_DRAFT_OR_PREDECESSOR_INFERRED
STALE_DRAFT_HISTORICAL_OR_SUPERSEDED_TEXT,REVIEW_CLASSIFICATION,docs/canon/reviews/governance_v1_0_c0_phase_c_hash_version_recovery/track_c/C0_004/comparisons/C0_004_SEMANTIC_AND_AUTHORITY_DELTA.md,STATUS_NOT_EXPLICITLY_EXTRACTED,HISTORICAL_DUPLICATE_DRAFT_OR_PREDECESSOR_INFERRED
STALE_DRAFT_HISTORICAL_OR_SUPERSEDED_TEXT,REVIEW_CLASSIFICATION,docs/canon/reviews/governance_v1_0_c0_phase_c_hash_version_recovery/track_c/C0_004/current_repository_source/MASTER_PRODUCT_VISION.md,Document Status: Founder Canon | Owner: Founder / Product Strategy | contradict this document without a founder-approved amendment or architecture decision record. | 2. The Founder Vision,HISTORICAL_DUPLICATE_DRAFT_OR_PREDECESSOR_INFERRED
STALE_DRAFT_HISTORICAL_OR_SUPERSEDED_TEXT,REVIEW_CLASSIFICATION,docs/canon/reviews/governance_v1_0_c0_phase_c_hash_version_recovery/track_c/C0_005/current_repository_source/MASTER_ECOSYSTEM_MODEL.md,"**Document Status:** Founder Canon | **Owner:** Founder / Product Architecture / Ecosystem Governance | **Review Rule:** No major feature, entity, relationship, workflow, integration, automation, or data model may contradict this document without a founder-app",HISTORICAL_DUPLICATE_DRAFT_OR_PREDECESSOR_INFERRED
STALE_DRAFT_HISTORICAL_OR_SUPERSEDED_TEXT,REVIEW_CLASSIFICATION,docs/canon/reviews/governance_v1_0_c0_phase_c_hash_version_recovery/track_c/C0_012/current_repository_source/MASTER_HORSE_LIFECYCLE.md,"**Document Status:** Founder Canon | **Owner:** Founder / Product Architecture / Equine Domain Governance | **Review Rule:** No horse-related feature, workflow, route, API, automation, export, marketplace action, or AI capability may contradict this document w",HISTORICAL_DUPLICATE_DRAFT_OR_PREDECESSOR_INFERRED
STALE_DRAFT_HISTORICAL_OR_SUPERSEDED_TEXT,REVIEW_CLASSIFICATION,docs/canon/reviews/governance_v1_0_c0_phase_c_hash_version_recovery/track_c/C0_014/current_repository_source/MASTER_FACILITY_DOMAIN_MODEL.md,Owner: Founder / Codex | - A horse may have historical location assignments. | - Opened state. | - Maintenance opened.,HISTORICAL_DUPLICATE_DRAFT_OR_PREDECESSOR_INFERRED
STALE_DRAFT_HISTORICAL_OR_SUPERSEDED_TEXT,REVIEW_CLASSIFICATION,docs/canon/reviews/governance_v1_0_c0_phase_c_hash_version_recovery/track_c/C0_015/current_repository_source/MASTER_BARN_LIFECYCLE.md,"**Document Status:** Founder Canon | **Owner:** Founder / Product Architecture / Facility Operations Governance | **Review Rule:** No facility-related feature, route, workflow, API, automation, map, task system, financial process, AI capability, or administrat",HISTORICAL_DUPLICATE_DRAFT_OR_PREDECESSOR_INFERRED
STALE_DRAFT_HISTORICAL_OR_SUPERSEDED_TEXT,REVIEW_CLASSIFICATION,docs/canon/reviews/governance_v1_0_c0_phase_c_hash_version_recovery/track_c/C0_016/current_repository_source/MASTER_BUSINESS_LIFECYCLE.md,"**Document Status:** Founder Canon | **Owner:** Founder / Product Strategy / Business Architecture | **Review Rule:** No implementation may collapse a business into a user account, facility, service provider role, or payment profile when the business requires ",HISTORICAL_DUPLICATE_DRAFT_OR_PREDECESSOR_INFERRED
STALE_DRAFT_HISTORICAL_OR_SUPERSEDED_TEXT,REVIEW_CLASSIFICATION,docs/canon/reviews/governance_v1_0_c0_phase_c_hash_version_recovery/track_c/C0_019/comparisons/C0_019_CROSS_CANON_IMPACT_REPORT.md,"Status: `NO_MATERIAL_CONFLICT_IDENTIFIED_IN_AVAILABLE_COMPARISON`. Locked RF27, RF31, Track A, Track B, Financial Truth, Identity, Relationship, External Architecture, AI, and Calendar authorities remain unchanged. Exist",HISTORICAL_DUPLICATE_DRAFT_OR_PREDECESSOR_INFERRED
STALE_DRAFT_HISTORICAL_OR_SUPERSEDED_TEXT,REVIEW_CLASSIFICATION,docs/canon/reviews/governance_v1_0_c0_phase_c_hash_version_recovery/track_c/C0_019/comparisons/C0_019_NORMALIZED_TEXT_COMPARISON.md,STATUS_NOT_EXPLICITLY_EXTRACTED,HISTORICAL_DUPLICATE_DRAFT_OR_PREDECESSOR_INFERRED
STALE_DRAFT_HISTORICAL_OR_SUPERSEDED_TEXT,REVIEW_CLASSIFICATION,docs/canon/reviews/governance_v1_0_c0_phase_c_hash_version_recovery/track_c/C0_019/comparisons/C0_019_RAW_BYTE_COMPARISON.json,"""current_path"": ""docs/canon/candidates/MASTER_AGREEMENT_CONSENT_AND_AUTHORIZATION_MODEL_V2_0.md"",",HISTORICAL_DUPLICATE_DRAFT_OR_PREDECESSOR_INFERRED
STALE_DRAFT_HISTORICAL_OR_SUPERSEDED_TEXT,REVIEW_CLASSIFICATION,docs/canon/reviews/governance_v1_0_c0_phase_c_hash_version_recovery/track_c/C0_019/comparisons/C0_019_SEMANTIC_AND_AUTHORITY_DELTA.md,Classification: `EXACT_EXPECTED_SOURCE_RECOVERED_CURRENT_NONCONTROLLING_DERIVATIVE`. | The recovered V2.1 source expressly supersedes V2.0 and adds the consent/authorization ownership boundary and V2.1 reconciliation disposition. The older current candidate re,CANONICAL_OR_CURRENT_INFERRED
STALE_DRAFT_HISTORICAL_OR_SUPERSEDED_TEXT,REVIEW_CLASSIFICATION,docs/canon/reviews/governance_v1_0_c0_phase_c_hash_version_recovery/track_c/C0_019/current_repository_source/MASTER_AGREEMENT_CONSENT_AND_AUTHORIZATION_MODEL_V2_0.md,"**Canonical Status:** Draft for Controlled Constitutional Review | This document establishes the controlling EquineSync constitutional model for agreements, consent, authorization, signatures, acknowledgments, approvals, notices, amendments, renewals, suspensi",SUPERSEDED_OR_SUPERSESSION_TEXT_PRESENT
STALE_DRAFT_HISTORICAL_OR_SUPERSEDED_TEXT,REVIEW_CLASSIFICATION,docs/canon/reviews/governance_v1_0_c0_phase_c_hash_version_recovery/track_c/C0_019/decision_package/C0_019_FOUNDER_SOURCE_IDENTITY_DECISION_PACKET.md,# C0-019 Founder Source-Identity Decision Packet | Recommendation: `CONFIRM_EXPECTED_C0_SOURCE_AS_CONTROLLING_ADOPTION_CANDIDATE`. | - Classification: `EXACT_EXPECTED_SOURCE_RECOVERED_CURRENT_NONCONTROLLING_DERIVATIVE` | - Summary: The recovered V2.1 source ex,CANONICAL_OR_CURRENT_INFERRED
STALE_DRAFT_HISTORICAL_OR_SUPERSEDED_TEXT,REVIEW_CLASSIFICATION,docs/canon/reviews/governance_v1_0_c0_phase_c_hash_version_recovery/track_c/C0_019/recovered_sources/MASTER_AGREEMENT_CONSENT_AND_AUTHORIZATION_MODEL_V2_1.md,"**Canonical Status:** Founder-Accepted Controlling Constitutional Text; Controlled Adoption and Lock Pending | This document establishes the controlling EquineSync constitutional model for agreements, consent, authorization, signatures, acknowledgments, approv",SUPERSEDED_OR_SUPERSESSION_TEXT_PRESENT
STALE_DRAFT_HISTORICAL_OR_SUPERSEDED_TEXT,REVIEW_CLASSIFICATION,docs/canon/reviews/governance_v1_0_c0_phase_c_hash_version_recovery/track_c/C0_022/comparisons/C0_022_CROSS_CANON_IMPACT_REPORT.md,"Status: `NO_MATERIAL_CONFLICT_IDENTIFIED_IN_AVAILABLE_COMPARISON`. Locked RF27, RF31, Track A, Track B, Financial Truth, Identity, Relationship, External Architecture, AI, and Calendar authorities remain unchanged. Exist",CANONICAL_OR_CURRENT_INFERRED
STALE_DRAFT_HISTORICAL_OR_SUPERSEDED_TEXT,REVIEW_CLASSIFICATION,docs/canon/reviews/governance_v1_0_c0_phase_c_hash_version_recovery/track_c/C0_022/current_repository_source/MASTER_PERMISSION_MODEL.md,**Document Status:** Founder Canon | **Owner:** Founder / Product Architecture / Security / Privacy | # 2. Founder Doctrine | - Draft owner updates,HISTORICAL_DUPLICATE_DRAFT_OR_PREDECESSOR_INFERRED
STALE_DRAFT_HISTORICAL_OR_SUPERSEDED_TEXT,REVIEW_CLASSIFICATION,docs/canon/reviews/governance_v1_0_c0_phase_c_hash_version_recovery/track_c/C0_022/decision_package/C0_022_FOUNDER_SOURCE_IDENTITY_DECISION_PACKET.md,# C0-022 Founder Source-Identity Decision Packet | Recommendation: `CONFIRM_EXPECTED_C0_SOURCE_AS_CONTROLLING_ADOPTION_CANDIDATE`. | - Classification: `EXACT_EXPECTED_SOURCE_RECOVERED_CURRENT_NONCONTROLLING_DERIVATIVE` | - Summary: The recovered V1.1 source ex,CANONICAL_OR_CURRENT_INFERRED
STALE_DRAFT_HISTORICAL_OR_SUPERSEDED_TEXT,REVIEW_CLASSIFICATION,docs/canon/reviews/governance_v1_0_c0_phase_c_hash_version_recovery/track_c/C0_022/recovered_sources/MASTER_PERMISSION_MODEL_V1_1.md,**Document Status:** Founder-Accepted Controlling Constitutional Text | **Owner:** Founder / Product Architecture / Security / Privacy | # 2. Founder Doctrine | - Draft owner updates,CANONICAL_OR_CURRENT_INFERRED
STALE_DRAFT_HISTORICAL_OR_SUPERSEDED_TEXT,REVIEW_CLASSIFICATION,docs/canon/reviews/governance_v1_0_c0_phase_c_hash_version_recovery/track_c/C0_028/comparisons/C0_028_CROSS_CANON_IMPACT_REPORT.md,"Status: `NO_MATERIAL_CONFLICT_IDENTIFIED_IN_AVAILABLE_COMPARISON`. Locked RF27, RF31, Track A, Track B, Financial Truth, Identity, Relationship, External Architecture, AI, and Calendar authorities remain unchanged. Exist",CANONICAL_OR_CURRENT_INFERRED
STALE_DRAFT_HISTORICAL_OR_SUPERSEDED_TEXT,REVIEW_CLASSIFICATION,docs/canon/reviews/governance_v1_0_c0_phase_c_hash_version_recovery/track_c/C0_028/current_repository_source/MASTER_CLAIMS_DISPUTES_AND_AUTHORITY_MODEL_V2_0.md,"**Status:** Proposed for Controlled Canon Review and Founder Adoption | A claim may be self-attested, organization-attested, document-supported, provider-supported, verified for operational use, externally confirmed, disputed, superseded, withdrawn, rejected, ",SUPERSEDED_OR_SUPERSESSION_TEXT_PRESENT
STALE_DRAFT_HISTORICAL_OR_SUPERSEDED_TEXT,REVIEW_CLASSIFICATION,docs/canon/reviews/governance_v1_0_c0_phase_c_hash_version_recovery/track_c/C0_028/recovered_sources/MASTER_CLAIMS_DISPUTES_AND_AUTHORITY_MODEL_V2_0_FOUNDER_SOURCE.md,"**Status:** Proposed for Controlled Canon Review and Founder Adoption | A claim may be self-attested, organization-attested, document-supported, provider-supported, verified for operational use, externally confirmed, disputed, superseded, withdrawn, rejected, ",SUPERSEDED_OR_SUPERSESSION_TEXT_PRESENT
STALE_DRAFT_HISTORICAL_OR_SUPERSEDED_TEXT,REVIEW_CLASSIFICATION,docs/canon/reviews/governance_v1_0_final_baseline_resumption/c0_lifecycle/C0_CURRENT_LIFECYCLE_RECONCILIATION_REPORT.md,"Rows reviewed: `47`. Historical C0 SHA-256 remains `008c4f89e862e11f93cc2736450124a4a401d9e203e52a3962ebd7f8609c0b49`. Category counts: `{'supporting_only': 14, 'unresolved_source_evidence': 16, 'lifecycle_verified_compl",SUPERSEDED_OR_SUPERSESSION_TEXT_PRESENT
STALE_DRAFT_HISTORICAL_OR_SUPERSEDED_TEXT,REVIEW_CLASSIFICATION,docs/canon/reviews/governance_v1_0_final_baseline_resumption/c0_lifecycle/C0_CURRENT_LIFECYCLE_STATE_REGISTER.json,"""historical_c0_sha256"": ""008c4f89e862e11f93cc2736450124a4a401d9e203e52a3962ebd7f8609c0b49"", | ""superseded_or_excluded"": 2 | ""unresolved_lifecycle_blockers"": 0, | ""family"": ""Founder Decision Register and Adoption Evidence"",",SUPERSEDED_OR_SUPERSESSION_TEXT_PRESENT
STALE_DRAFT_HISTORICAL_OR_SUPERSEDED_TEXT,REVIEW_CLASSIFICATION,docs/canon/reviews/governance_v1_0_final_baseline_resumption/c0_lifecycle/C0_CURRENT_LIFECYCLE_STATE_REGISTER.md,| C0 | Family | Category | Source status | Adoption | Lock | Controlling artifact | | | C0-001 | Founder Decision Register and Adoption Evidence | supporting_only | EXACT_REPOSITORY_SOURCE_VERIFIED | SUPPORTING_OR_SCOPE_SPECIFIC | NOT_REQUIRED_AS_SINGLE_CONSTI,SUPERSEDED_OR_SUPERSESSION_TEXT_PRESENT
STALE_DRAFT_HISTORICAL_OR_SUPERSEDED_TEXT,REVIEW_CLASSIFICATION,docs/canon/reviews/governance_v1_0_final_baseline_resumption/c0_lifecycle/C0_HISTORICAL_TO_CURRENT_DELTA_PHASE_C.json,"""historical_c0_unchanged"": true, | ""founder_identity_decisions"": 0, | ""founder_source_identity_decision"": false, | ""amendment_of_locked_canon"": false",CANONICAL_OR_CURRENT_INFERRED
STALE_DRAFT_HISTORICAL_OR_SUPERSEDED_TEXT,REVIEW_CLASSIFICATION,docs/canon/reviews/governance_v1_0_final_baseline_resumption/c0_lifecycle/C0_HISTORICAL_TO_CURRENT_DELTA_PHASE_C.md,# C0 Historical-to-Current Delta: Phase C | Historical records were not rewritten. Three expected sources were recovered; six remain absent; all nine rows remain lifecycle blockers pending founder identity/succession decisions and later adoption/lock.,HISTORICAL_DUPLICATE_DRAFT_OR_PREDECESSOR_INFERRED
STALE_DRAFT_HISTORICAL_OR_SUPERSEDED_TEXT,REVIEW_CLASSIFICATION,docs/canon/reviews/governance_v1_0_final_baseline_resumption/c0_lifecycle/C0_HISTORICAL_TO_CURRENT_DELTA.json,"""historical_adoption"": ""NOT ADOPTED"", | ""historical_lock"": ""NOT LOCKED"", | ""basis"": ""docs/canon/companions/MASTER_EQUINESYNC_FOUNDER_DECISION_REGISTER_V1_0.md"", | ""historical_record_mutated"": false",SUPERSEDED_OR_SUPERSESSION_TEXT_PRESENT
STALE_DRAFT_HISTORICAL_OR_SUPERSEDED_TEXT,REVIEW_CLASSIFICATION,docs/canon/reviews/governance_v1_0_final_baseline_resumption/c0_lifecycle/C0_HISTORICAL_TO_CURRENT_DELTA.md,# C0 Historical-to-Current Delta | | ID | Historical adoption | Current adoption | Historical lock | Current lock | Evidence | | | C0-001 | NOT ADOPTED | SUPPORTING_OR_SCOPE_SPECIFIC | NOT LOCKED | NOT_REQUIRED_AS_SINGLE_CONSTITUTIONAL_CANON | docs/canon/compa,SUPERSEDED_OR_SUPERSESSION_TEXT_PRESENT
STALE_DRAFT_HISTORICAL_OR_SUPERSEDED_TEXT,REVIEW_CLASSIFICATION,docs/canon/reviews/governance_v1_0_final_baseline_resumption/c0_lifecycle/C0_LIFECYCLE_REMEDIATION_PLAN.md,"Remediation remains row-specific. Locked artifacts must not be reopened, and unrelated substantive changes must not be bundled into lifecycle actions. | | lock_required | 2 | C0-020, C0-037 | Complete a separate checksum-backed founder lock review. | | | super",SUPERSEDED_OR_SUPERSESSION_TEXT_PRESENT
STALE_DRAFT_HISTORICAL_OR_SUPERSEDED_TEXT,REVIEW_CLASSIFICATION,docs/canon/reviews/governance_v1_0_final_baseline_resumption/c0_lifecycle/C0_ROW_BY_ROW_LIFECYCLE_RESOLUTION_LEDGER.json,"""purpose"": ""Current unresolved lifecycle resolution queue after founder-authorized adoption and lock."",",HISTORICAL_DUPLICATE_DRAFT_OR_PREDECESSOR_INFERRED
STALE_DRAFT_HISTORICAL_OR_SUPERSEDED_TEXT,REVIEW_CLASSIFICATION,docs/canon/reviews/governance_v1_0_final_baseline_resumption/c0_lifecycle/C0_ROW_BY_ROW_LIFECYCLE_RESOLUTION_LEDGER.md,Open rows: `0`. All source-ready adoption and lock rows passed their independent lifecycle gates.,HISTORICAL_DUPLICATE_DRAFT_OR_PREDECESSOR_INFERRED
STALE_DRAFT_HISTORICAL_OR_SUPERSEDED_TEXT,REVIEW_CLASSIFICATION,docs/canon/reviews/governance_v1_0_final_baseline_resumption/c0_lifecycle/history/c0_batch_1_track_b_pre_lock/C0_CURRENT_LIFECYCLE_STATE_REGISTER.json,"""historical_c0_sha256"": ""008c4f89e862e11f93cc2736450124a4a401d9e203e52a3962ebd7f8609c0b49"", | ""unresolved_source_evidence"": 16, | ""superseded_or_excluded"": 2, | ""substantive_founder_decision_required"": 1 | PATH_CLASSIFICATION: historical",SUPERSEDED_OR_SUPERSESSION_TEXT_PRESENT
STALE_DRAFT_HISTORICAL_OR_SUPERSEDED_TEXT,REVIEW_CLASSIFICATION,docs/canon/reviews/governance_v1_0_final_baseline_resumption/c0_lifecycle/history/c0_batch_1_track_b_pre_lock/C0_CURRENT_LIFECYCLE_STATE_REGISTER.md,Rows: `47`; unresolved lifecycle blockers: `24`. Historical C0 remains unchanged. | | ID | Family | Category | Founder | Adoption | Lock | Current source | Blocker | | | C0-001 | Founder Decision Register and Adoption Evidence | supporting_only | FOUNDER_GOVER,SUPERSEDED_OR_SUPERSESSION_TEXT_PRESENT
STALE_DRAFT_HISTORICAL_OR_SUPERSEDED_TEXT,REVIEW_CLASSIFICATION,docs/canon/reviews/governance_v1_0_final_baseline_resumption/c0_lifecycle/history/c0_batch_1_track_b_pre_lock/C0_ROW_BY_ROW_LIFECYCLE_RESOLUTION_LEDGER.json,"""TRACK_E_SUBSTANTIVE_FOUNDER_REVIEW"": 1 | ""resolution_focus"": ""Perform a byte-identity and no-change lock review of the already adopted Safeguarding V1.2 source."", | ""current_repository_path"": ""docs/canon/adopted_sources/MASTER_MINOR_GUARDIANSHIP_SAFEGUARDING_",HISTORICAL_DUPLICATE_DRAFT_OR_PREDECESSOR_INFERRED
STALE_DRAFT_HISTORICAL_OR_SUPERSEDED_TEXT,REVIEW_CLASSIFICATION,docs/canon/reviews/governance_v1_0_final_baseline_resumption/c0_lifecycle/history/c0_batch_1_track_b_pre_lock/C0_ROW_BY_ROW_LIFECYCLE_RESOLUTION_LEDGER.md,"**Effect:** Resolution planning only. No source is adopted or locked by this ledger, and Governance V1.0 remains unlocked. | | TRACK_A_LOCK_ONLY | 2 | Verify unchanged adopted bytes and obtain a separate founder lock. | | | TRACK_E_SUBSTANTIVE_FOUNDER_REVIEW |",HISTORICAL_DUPLICATE_DRAFT_OR_PREDECESSOR_INFERRED
STALE_DRAFT_HISTORICAL_OR_SUPERSEDED_TEXT,REVIEW_CLASSIFICATION,docs/canon/reviews/governance_v1_0_final_baseline_resumption/c0_lifecycle/history/c0_batch_1_track_b_pre_lock/C0_UNRESOLVED_LIFECYCLE_BLOCKER_LEDGER.md,# C0 Unresolved Lifecycle Blocker Ledger | | C0-004 | Master Product Vision | unresolved_source_evidence | docs/canon/MASTER_PRODUCT_VISION.md | Recover exact expected source/version and then perform row-specific founder lifecycle review. | | | C0-005 | Master,HISTORICAL_DUPLICATE_DRAFT_OR_PREDECESSOR_INFERRED
STALE_DRAFT_HISTORICAL_OR_SUPERSEDED_TEXT,REVIEW_CLASSIFICATION,docs/canon/reviews/governance_v1_0_final_baseline_resumption/c0_lifecycle/history/c0_phase_c_pre_operation/C0_CURRENT_LIFECYCLE_STATE_REGISTER.json,"""historical_c0_sha256"": ""008c4f89e862e11f93cc2736450124a4a401d9e203e52a3962ebd7f8609c0b49"", | ""unresolved_source_evidence"": 16, | ""superseded_or_excluded"": 2, | ""substantive_founder_decision_required"": 1 | PATH_CLASSIFICATION: historical",SUPERSEDED_OR_SUPERSESSION_TEXT_PRESENT
STALE_DRAFT_HISTORICAL_OR_SUPERSEDED_TEXT,REVIEW_CLASSIFICATION,docs/canon/reviews/governance_v1_0_final_baseline_resumption/c0_lifecycle/history/c0_phase_c_pre_operation/C0_CURRENT_LIFECYCLE_STATE_REGISTER.md,Rows: `47`; unresolved lifecycle blockers: `17`. Historical C0 remains unchanged. | | ID | Family | Category | Founder | Adoption | Lock | Current source | Blocker | | | C0-001 | Founder Decision Register and Adoption Evidence | supporting_only | FOUNDER_GOVER,SUPERSEDED_OR_SUPERSESSION_TEXT_PRESENT
STALE_DRAFT_HISTORICAL_OR_SUPERSEDED_TEXT,REVIEW_CLASSIFICATION,docs/canon/reviews/governance_v1_0_final_baseline_resumption/c0_lifecycle/history/c0_phase_c_pre_operation/C0_HISTORICAL_TO_CURRENT_DELTA.json,"""historical_adoption"": ""NOT ADOPTED"", | ""historical_lock"": ""NOT LOCKED"", | ""basis"": ""docs/canon/companions/MASTER_EQUINESYNC_FOUNDER_DECISION_REGISTER_V1_0.md"", | ""historical_record_mutated"": false | PATH_CLASSIFICATION: historical",SUPERSEDED_OR_SUPERSESSION_TEXT_PRESENT
STALE_DRAFT_HISTORICAL_OR_SUPERSEDED_TEXT,REVIEW_CLASSIFICATION,docs/canon/reviews/governance_v1_0_final_baseline_resumption/c0_lifecycle/history/c0_phase_c_pre_operation/C0_HISTORICAL_TO_CURRENT_DELTA.md,# C0 Historical-to-Current Delta | | ID | Historical adoption | Current adoption | Historical lock | Current lock | Evidence | | | C0-001 | NOT ADOPTED | SUPPORTING_OR_SCOPE_SPECIFIC | NOT LOCKED | NOT_REQUIRED_AS_SINGLE_CONSTITUTIONAL_CANON | docs/canon/compa,SUPERSEDED_OR_SUPERSESSION_TEXT_PRESENT
STALE_DRAFT_HISTORICAL_OR_SUPERSEDED_TEXT,REVIEW_CLASSIFICATION,docs/canon/reviews/governance_v1_0_final_baseline_resumption/c0_lifecycle/history/c0_phase_c_pre_operation/C0_ROW_BY_ROW_LIFECYCLE_RESOLUTION_LEDGER.json,"""TRACK_E_SUBSTANTIVE_FOUNDER_REVIEW"": 1 | ""current_category"": ""unresolved_source_evidence"", | ""founder_status"": ""NOT_ESTABLISHED"", | ""next_step"": ""Recover exact expected source/version and then perform row-specific founder lifecycle review."", | PATH_CLASSIFICA",HISTORICAL_DUPLICATE_DRAFT_OR_PREDECESSOR_INFERRED
STALE_DRAFT_HISTORICAL_OR_SUPERSEDED_TEXT,REVIEW_CLASSIFICATION,docs/canon/reviews/governance_v1_0_final_baseline_resumption/c0_lifecycle/history/c0_phase_c_pre_operation/C0_ROW_BY_ROW_LIFECYCLE_RESOLUTION_LEDGER.md,| 1 | C0-004 | Master Product Vision | TRACK_C_HASH_OR_VERSION_RECOVERY | Recover exact expected source/version and then perform row-specific founder lifecycle review. | | | 2 | C0-005 | Master Ecosystem Model | TRACK_C_HASH_OR_VERSION_RECOVERY | Recover exact,HISTORICAL_DUPLICATE_DRAFT_OR_PREDECESSOR_INFERRED
STALE_DRAFT_HISTORICAL_OR_SUPERSEDED_TEXT,REVIEW_CLASSIFICATION,docs/canon/reviews/governance_v1_0_final_baseline_resumption/c0_lifecycle/history/c0_phase_c_pre_operation/C0_UNRESOLVED_LIFECYCLE_BLOCKER_LEDGER.md,# C0 Unresolved Lifecycle Blocker Ledger | Open blockers: `17` (Track C: `9`; Track D: `7`; Track E: `1`). Track B locks are resolved. | | C0-004 | Master Product Vision | TRACK_C_HASH_OR_VERSION_RECOVERY | Recover exact expected source/version and then perfor,HISTORICAL_DUPLICATE_DRAFT_OR_PREDECESSOR_INFERRED
STALE_DRAFT_HISTORICAL_OR_SUPERSEDED_TEXT,REVIEW_CLASSIFICATION,docs/canon/reviews/governance_v1_0_final_baseline_resumption/closure/FINAL_GOVERNANCE_V1_0_CLOSURE_ASSESSMENT.json,"""disposition"": ""GOVERNANCE_V1_0_NOT_READY_FOR_CONSTITUTIONAL_BASELINE_LOCK"", | ""companion_adoption"": ""GLOBAL_COMPANION_ARTIFACT_FAMILY_ADOPTED_WITH_RETAINED_NONBLOCKING_P2"", | ""open_p1"": 0, | ""unresolved_lifecycle_blockers"": 26,",HISTORICAL_DUPLICATE_DRAFT_OR_PREDECESSOR_INFERRED
STALE_DRAFT_HISTORICAL_OR_SUPERSEDED_TEXT,REVIEW_CLASSIFICATION,docs/canon/reviews/governance_v1_0_final_baseline_resumption/companion_adoption/GLOBAL_COMPANION_ARTIFACT_ADOPTION_HASH_MANIFEST.json,"""path"": ""docs/canon/companions/MASTER_EQUINESYNC_FOUNDER_DECISION_REGISTER_V1_0.json"", | ""path"": ""docs/canon/companions/MASTER_EQUINESYNC_FOUNDER_DECISION_REGISTER_V1_0.md"", | ""path"": ""docs/canon/reviews/c0_source_reconciliation_v1_0/EQUINESYNC_C0_UNRESOLVED_E",HISTORICAL_DUPLICATE_DRAFT_OR_PREDECESSOR_INFERRED
STALE_DRAFT_HISTORICAL_OR_SUPERSEDED_TEXT,REVIEW_CLASSIFICATION,docs/canon/reviews/governance_v1_0_final_baseline_resumption/companion_adoption/GLOBAL_COMPANION_ARTIFACT_FAMILY_ADOPTION_RECORD.md,"Disposition: `GLOBAL_COMPANION_ARTIFACT_FAMILY_ADOPTED_WITH_RETAINED_NONBLOCKING_P2` | Adoption is controlling governance-companion adoption only. It creates no implementation, runtime, provider, data-transfer, production, launch, or public-claim authority. | ",CANONICAL_OR_CURRENT_INFERRED
STALE_DRAFT_HISTORICAL_OR_SUPERSEDED_TEXT,REVIEW_CLASSIFICATION,docs/canon/reviews/governance_v1_0_final_baseline_resumption/companion_adoption/GLOBAL_COMPANION_ARTIFACT_RETAINED_P2_REGISTER.json,"""remedy"": ""Founder controlled adoption decision for the assembled prospective companion family"" | ""source_path"": ""docs/canon/adoptions/equine_health_v1_1/EQUINE_HEALTH_V1_1_RETAINED_P2_REGISTER.md"", | ""source_path"": ""docs/canon/adoptions/safeguarding_v1_2/SAFE",HISTORICAL_DUPLICATE_DRAFT_OR_PREDECESSOR_INFERRED
STALE_DRAFT_HISTORICAL_OR_SUPERSEDED_TEXT,REVIEW_CLASSIFICATION,docs/canon/reviews/governance_v1_0_final_baseline_resumption/source/GLOBAL_COMPANION_ADOPTION_AND_GOVERNANCE_V1_RESUMPTION_DIRECTIVE.txt,# CODEX FOUNDER DIRECTIVE | The controlling package disposition is: | - Open P1: 0 | - Retained nonblocking P2: 3,SUPERSEDED_OR_SUPERSESSION_TEXT_PRESENT
STALE_DRAFT_HISTORICAL_OR_SUPERSEDED_TEXT,REVIEW_CLASSIFICATION,docs/canon/reviews/governance_v1_0_final_baseline_resumption/tools/build_governance_v1_resumption.py,"with path.open(""rb"") as handle: | ""docs/canon/reviews/global_companion_reconciliation_v1_0/phase_g3_g6/MASTER_EQUINESYNC_FOUNDER_DECISION_REGISTER_V1_0.md"": ""MASTER_EQUINESYNC_FOUNDER_DECISION_REGISTER_V1_0.md"", | ""docs/canon/reviews/global_companion_reconcili",SUPERSEDED_OR_SUPERSESSION_TEXT_PRESENT
STALE_DRAFT_HISTORICAL_OR_SUPERSEDED_TEXT,REVIEW_CLASSIFICATION,docs/canon/reviews/media_files_digital_assets_v1_0/MASTER_MEDIA_FILES_AND_DIGITAL_ASSET_FOUNDER_DECISION_REGISTER.md,"# Master Media, Files, and Digital Asset Governance V1.0 Founder Decision Register | **Status:** Pending Founder review | | MDA-FD01 | Title, version, and canon tier | Accept Version 1.0 peer domain canon | Candidate only | | Founder dispositions may be `ACCEP",CANONICAL_OR_CURRENT_INFERRED
STALE_DRAFT_HISTORICAL_OR_SUPERSEDED_TEXT,REVIEW_CLASSIFICATION,docs/canon/reviews/media_files_digital_assets_v1_0/MASTER_MEDIA_FILES_AND_DIGITAL_ASSET_GOVERNANCE_ALIGNMENT_REPORT.md,"`READY_FOR_FOUNDER_REVIEW` | The candidate consolidates existing asset principles while preserving the authority of locked canon and current implementation truth. | | Security and Trust candidate | Upload safety, malware, metadata leakage, secrets, incidents, ",CANONICAL_OR_CURRENT_INFERRED
STALE_DRAFT_HISTORICAL_OR_SUPERSEDED_TEXT,REVIEW_CLASSIFICATION,docs/canon/reviews/media_files_digital_assets_v1_0/MASTER_MEDIA_FILES_AND_DIGITAL_ASSET_REVIEW_MANIFEST.md,**Package state:** `READY_FOR_FOUNDER_REVIEW` | | `docs/canon/candidates/MASTER_MEDIA_FILES_AND_DIGITAL_ASSET_GOVERNANCE_MODEL_V1_0.md` | Complete controlled constitutional candidate | `b410e18885587a7301a0e60743d9ef576677ea68c1ceef6cf64ec1cb5755a30e` | | | `d,CANONICAL_OR_CURRENT_INFERRED
STALE_DRAFT_HISTORICAL_OR_SUPERSEDED_TEXT,REVIEW_CLASSIFICATION,docs/canon/reviews/media_files_digital_assets_v1_1/MASTER_MEDIA_FILES_AND_DIGITAL_ASSET_FOUNDER_RECOMMENDATIONS.md,Below are my recommended founder dispositions and governing answers for each decision in the **MASTER_MEDIA_FILES_AND_DIGITAL_ASSET_FOUNDER_DECISION_REGISTER V1.0**. These recommendations are written from the perspective | | ID | Recommendation | Recommended F,CANONICAL_OR_CURRENT_INFERRED
STALE_DRAFT_HISTORICAL_OR_SUPERSEDED_TEXT,REVIEW_CLASSIFICATION,docs/canon/reviews/media_files_digital_assets_v1_1/MASTER_MEDIA_FILES_AND_DIGITAL_ASSET_V1_1_CHECKSUMS.sha256,b410e18885587a7301a0e60743d9ef576677ea68c1ceef6cf64ec1cb5755a30e docs/canon/candidates/MASTER_MEDIA_FILES_AND_DIGITAL_ASSET_GOVERNANCE_MODEL_V1_0.md | 68b766a9ac28a693cdf4683e6d47e5a54d1cfb7b9396f4cccb753e0a57bfe8d1 docs/canon/candidates/MASTER_MEDIA_FILES_AND,CANONICAL_OR_CURRENT_INFERRED
STALE_DRAFT_HISTORICAL_OR_SUPERSEDED_TEXT,REVIEW_CLASSIFICATION,docs/canon/reviews/media_files_digital_assets_v1_1/MASTER_MEDIA_FILES_AND_DIGITAL_ASSET_V1_1_INTEGRATION_REPORT.md,`READY_FOR_FOUNDER_APPROVAL_REVIEW` | The Version 1.0 candidate remains preserved. Version 1.1 incorporates the governing answers supplied for MDA-FD01 through MDA-FD20 and introduces bounded constitutional language for MDA-FD21 through MDA-FD30. | | Added and,CANONICAL_OR_CURRENT_INFERRED
STALE_DRAFT_HISTORICAL_OR_SUPERSEDED_TEXT,REVIEW_CLASSIFICATION,docs/canon/reviews/media_files_digital_assets_v1_1/MASTER_MEDIA_FILES_AND_DIGITAL_ASSET_V1_1_REVIEW_MANIFEST.md,**Package state:** `READY_FOR_FOUNDER_APPROVAL_REVIEW` | **Decisions pending:** `10` | | `docs/canon/candidates/MASTER_MEDIA_FILES_AND_DIGITAL_ASSET_GOVERNANCE_MODEL_V1_0.md` | Preserved Version 1.0 baseline | `b410e18885587a7301a0e60743d9ef576677ea68c1ceef6cf,CANONICAL_OR_CURRENT_INFERRED
STALE_DRAFT_HISTORICAL_OR_SUPERSEDED_TEXT,REVIEW_CLASSIFICATION,docs/canon/reviews/media_files_digital_assets_v1_1/MASTER_MEDIA_FILES_AND_DIGITAL_ASSET_V1_1_VALIDATION_REPORT.md,**Open P1:** `0` | **Open P2:** `0` | | Candidate identity and all authority flags false | Passed | | | MDA-FD21 through MDA-FD30 candidate sections | Passed: 10 sections |,CANONICAL_OR_CURRENT_INFERRED
STALE_DRAFT_HISTORICAL_OR_SUPERSEDED_TEXT,REVIEW_CLASSIFICATION,docs/canon/reviews/media_files_digital_assets_v1_2/MASTER_MEDIA_FILES_AND_DIGITAL_ASSET_CURRENT_IMPLEMENTATION_ALIGNMENT.md,"These are nonblocking implementation-alignment observations. They are not evidence that the candidate is defective, not production findings, and not authorization to change code or data. | | Health documents accept and directly open raw URLs | `frontend/src/pa",CANONICAL_OR_CURRENT_INFERRED
STALE_DRAFT_HISTORICAL_OR_SUPERSEDED_TEXT,REVIEW_CLASSIFICATION,docs/canon/reviews/media_files_digital_assets_v1_2/MASTER_MEDIA_FILES_AND_DIGITAL_ASSET_FOUNDER_DECISION_REGISTER_V1_2.md,"# Master Media, Files, and Digital Asset Governance V1.2 Founder Decision Register | **Decisions pending:** `20` | The Founder response supplies dispositions and governing answers for MDA-FD01 through MDA-FD20 and requires MDA-FD21 through MDA-FD30. Independen",CANONICAL_OR_CURRENT_INFERRED
STALE_DRAFT_HISTORICAL_OR_SUPERSEDED_TEXT,REVIEW_CLASSIFICATION,docs/canon/reviews/media_files_digital_assets_v1_2/MASTER_MEDIA_FILES_AND_DIGITAL_ASSET_FOUNDER_RECOMMENDATIONS.md,Below are my recommended founder dispositions and governing answers for each decision in the **MASTER_MEDIA_FILES_AND_DIGITAL_ASSET_FOUNDER_DECISION_REGISTER V1.0**. These recommendations are written from the perspective | | ID | Recommendation | Recommended F,HISTORICAL_DUPLICATE_DRAFT_OR_PREDECESSOR_INFERRED
STALE_DRAFT_HISTORICAL_OR_SUPERSEDED_TEXT,REVIEW_CLASSIFICATION,docs/canon/reviews/media_files_digital_assets_v1_2/MASTER_MEDIA_FILES_AND_DIGITAL_ASSET_V1_2_CANDIDATE_REVIEW.md,"# Master Media, Files, and Digital Asset Governance V1.2 Candidate Review | `READY_FOR_FOUNDER_APPROVAL_REVIEW` | Version 1.1 established a strong asset-governance baseline, but it did not fully govern several consequences visible in the present repository or ",CANONICAL_OR_CURRENT_INFERRED
STALE_DRAFT_HISTORICAL_OR_SUPERSEDED_TEXT,REVIEW_CLASSIFICATION,docs/canon/reviews/media_files_digital_assets_v1_2/MASTER_MEDIA_FILES_AND_DIGITAL_ASSET_V1_2_CHECKSUMS.sha256,68b766a9ac28a693cdf4683e6d47e5a54d1cfb7b9396f4cccb753e0a57bfe8d1 docs/canon/candidates/MASTER_MEDIA_FILES_AND_DIGITAL_ASSET_GOVERNANCE_MODEL_V1_1.md | 1ec8571ba70e81b5bc782dd69ed694bf6ecf0302f0cb7c18c9c612c37a6951a2 docs/canon/candidates/MASTER_MEDIA_FILES_AND,CANONICAL_OR_CURRENT_INFERRED
STALE_DRAFT_HISTORICAL_OR_SUPERSEDED_TEXT,REVIEW_CLASSIFICATION,docs/canon/reviews/media_files_digital_assets_v1_2/MASTER_MEDIA_FILES_AND_DIGITAL_ASSET_V1_2_EXPANSION_TRACE.md,| Expansion | Candidate location | Decision | Cross-canon owner preserved |,CANONICAL_OR_CURRENT_INFERRED
STALE_DRAFT_HISTORICAL_OR_SUPERSEDED_TEXT,REVIEW_CLASSIFICATION,docs/canon/reviews/media_files_digital_assets_v1_2/MASTER_MEDIA_FILES_AND_DIGITAL_ASSET_V1_2_REVIEW_MANIFEST.md,**Package state:** `READY_FOR_FOUNDER_APPROVAL_REVIEW` | **Review outcome:** Candidate expanded and review findings resolved | **Decisions pending:** `20` | **Open candidate P1:** `0`,CANONICAL_OR_CURRENT_INFERRED
STALE_DRAFT_HISTORICAL_OR_SUPERSEDED_TEXT,REVIEW_CLASSIFICATION,docs/canon/reviews/media_files_digital_assets_v1_2/MASTER_MEDIA_FILES_AND_DIGITAL_ASSET_V1_2_VALIDATION_REPORT.md,"**Open candidate P1:** `0` | **Open candidate P2:** `0` | | Candidate Founder-decision list | Passed: 40 | | | Candidate-review findings | Passed: 5 P1 and 5 P2, all resolved in V1.2 |",CANONICAL_OR_CURRENT_INFERRED
STALE_DRAFT_HISTORICAL_OR_SUPERSEDED_TEXT,REVIEW_CLASSIFICATION,docs/canon/reviews/next_phase_governance/NEXT_PHASE_DELIVERABLE_MANIFEST.md,"| `FOUNDATIONAL_CANON_CURRENT_STATE_MATRIX.md` | Locked, controlling, candidate, proposed, and unopened landscape | | | `NEXT_WORKSTREAM_CANDIDATE_RANKING.md` | Ranked alternatives | | | `OPEN_FINDINGS_AND_DEFERRALS_CARRYFORWARD.md` | Findings, P2, and deferra",CANONICAL_OR_CURRENT_INFERRED
STALE_DRAFT_HISTORICAL_OR_SUPERSEDED_TEXT,REVIEW_CLASSIFICATION,docs/canon/reviews/next_phase_governance/NEXT_PHASE_GOVERNANCE_RISK_ASSESSMENT.md,| Candidate | Constitutional dependency risk | Operational risk if premature | Rework risk | Risk if deferred | Overall sequencing view | | | Identity/Actor founder review | 5 | 2 | 2 | 5 | Best next phase; review-only boundary controls operational risk | | | ,CANONICAL_OR_CURRENT_INFERRED
STALE_DRAFT_HISTORICAL_OR_SUPERSEDED_TEXT,REVIEW_CLASSIFICATION,docs/canon/reviews/next_phase_governance/NEXT_WORKSTREAM_CANDIDATE_RANKING.md,"# Next Workstream Candidate Ranking | | 1 | Identity, Account, and Actor V2.0 founder review | Cross-canon reviewed candidate | Establish actor, account, principal, representation, authentication, continuity, and attribution authority | P1 2; P2 1; V1 unavai |",CANONICAL_OR_CURRENT_INFERRED
STALE_DRAFT_HISTORICAL_OR_SUPERSEDED_TEXT,REVIEW_CLASSIFICATION,docs/canon/reviews/parallel_safeguarding_companion_reconciliation_v1_0/adoption_candidate_review/SAFEGUARDING_V1_2_ADOPTION_CANDIDATE_REVIEW_DATA.json,"""state"": ""SAFEGUARDING_RECONCILIATION_COMPLETE_READY_FOR_FOUNDER_ADOPTION_REVIEW_WITH_NONBLOCKING_P2"", | ""founder_event"": ""docs/canon/reviews/parallel_safeguarding_companion_reconciliation_v1_0/founder_confirmation/EQUINESYNC_SAFEGUARDING_FOUNDER_CONFIRMATION_",CANONICAL_OR_CURRENT_INFERRED
STALE_DRAFT_HISTORICAL_OR_SUPERSEDED_TEXT,REVIEW_CLASSIFICATION,docs/canon/reviews/parallel_safeguarding_companion_reconciliation_v1_0/adoption_candidate_review/SAFEGUARDING_V1_2_AI_RECONCILIATION.md,"AI remains assistive only. It may organize intake, detect duplicates, translate, prompt for missing information, surface urgent language for authorized human review, build timelines, route, and redact. It may not determi | PATH_CLASSIFICATION: candidate_or_dra",CANONICAL_OR_CURRENT_INFERRED
STALE_DRAFT_HISTORICAL_OR_SUPERSEDED_TEXT,REVIEW_CLASSIFICATION,docs/canon/reviews/parallel_safeguarding_companion_reconciliation_v1_0/adoption_candidate_review/SAFEGUARDING_V1_2_CROSS_CANON_REFERENCE_REPORT.md,The candidate owns heightened minor and protected-participant safeguards. Identity owns actor identity and account continuity; Relationship owns evidenced relationships; Permission owns final authorization and field proj | No referenced canon is superseded or ,SUPERSEDED_OR_SUPERSESSION_TEXT_PRESENT
STALE_DRAFT_HISTORICAL_OR_SUPERSEDED_TEXT,REVIEW_CLASSIFICATION,docs/canon/reviews/parallel_safeguarding_companion_reconciliation_v1_0/adoption_candidate_review/SAFEGUARDING_V1_2_DECISION_TO_SECTION_TRACEABILITY.md,Founder event SHA-256: `f19d2e572d917bd6f041f467c8911ca518cc9696f5bfd5b97e1147b992d29152` | | Decision | Topic | Disposition | Candidate sections | Evidence | | | `FD-MSP01` | Final domain boundary | `RECONFIRMED` | Sections 2-4 | Founder directive Parts I-III,CANONICAL_OR_CURRENT_INFERRED
STALE_DRAFT_HISTORICAL_OR_SUPERSEDED_TEXT,REVIEW_CLASSIFICATION,docs/canon/reviews/parallel_safeguarding_companion_reconciliation_v1_0/adoption_candidate_review/SAFEGUARDING_V1_2_EQUINE_HEALTH_RECONCILIATION.md,"The candidate permits immediate, narrowly scoped emergency communication for human or horse safety but does not grant clinical authority, medication authority, veterinary decision authority, or emergency treatment dispos | PATH_CLASSIFICATION: candidate_or_dra",CANONICAL_OR_CURRENT_INFERRED
STALE_DRAFT_HISTORICAL_OR_SUPERSEDED_TEXT,REVIEW_CLASSIFICATION,docs/canon/reviews/parallel_safeguarding_companion_reconciliation_v1_0/adoption_candidate_review/SAFEGUARDING_V1_2_REQUIREMENT_TO_SECTION_TRACEABILITY.md,All 40 package requirements remain pending implementation; this mapping establishes constitutional or subordinate ownership only. | | `GOV-MSP-001` | Treat persons under eighteen as minors by default unless controlling jurisdictional evidence establishes anoth,CANONICAL_OR_CURRENT_INFERRED
STALE_DRAFT_HISTORICAL_OR_SUPERSEDED_TEXT,REVIEW_CLASSIFICATION,docs/canon/reviews/parallel_safeguarding_companion_reconciliation_v1_0/adoption_candidate_review/SAFEGUARDING_V1_2_SECTION_DISPOSITION_HISTORY.md,"| Sections 1-96 | Preserved and reconciled | Constitutional domain rules retained; founder modifications integrated at 6.2, 20.1, 23-32, 37.1, 43.1, 58.1, 71.1, and 85.1. | | | Sections 97-99 | Moved to subordinate register/readiness artifacts | Implementation",CANONICAL_OR_CURRENT_INFERRED
STALE_DRAFT_HISTORICAL_OR_SUPERSEDED_TEXT,REVIEW_CLASSIFICATION,docs/canon/reviews/parallel_safeguarding_companion_reconciliation_v1_0/adoption_candidate_review/SAFEGUARDING_V1_2_SOURCE_AND_VERSION_MANIFEST.md,| `docs/canon/reviews/parallel_safeguarding_companion_reconciliation_v1_0/founder_confirmation/EQUINESYNC_SAFEGUARDING_FOUNDER_CONFIRMATION_POLICY_RESOLUTION_AND_ADOPTION_CANDIDATE_AUTHORIZATION.md` | Independent founder | | `docs/canon/candidates/MASTER_MINOR,CANONICAL_OR_CURRENT_INFERRED
STALE_DRAFT_HISTORICAL_OR_SUPERSEDED_TEXT,REVIEW_CLASSIFICATION,docs/canon/reviews/parallel_safeguarding_companion_reconciliation_v1_0/adoption_candidate_review/SAFEGUARDING_V1_2_VALIDATION_REPORT.md,"`SAFEGUARDING_RECONCILIATION_COMPLETE_READY_FOR_FOUNDER_ADOPTION_REVIEW_WITH_NONBLOCKING_P2` | | Severity | Open | Treatment | | | P1 | 0 | All policy conflicts resolved by current founder direction | | | P2 | 6 | Retained, assigned, nonblocking for adoption r",CANONICAL_OR_CURRENT_INFERRED
STALE_DRAFT_HISTORICAL_OR_SUPERSEDED_TEXT,REVIEW_CLASSIFICATION,docs/canon/reviews/parallel_safeguarding_companion_reconciliation_v1_0/diffs/EQUINESYNC_CANON_DEPENDENCY_MAP_V1_1_TO_V1_2.patch,"-| **Status** | Founder-Accepted Constitutional Support Artifact | | +| **Status** | Controlled Completion Integration Candidate for Founder Review | | +| **Coverage** | 44 constitutional and governance families, with the safeguarding family resolved to its fo",CANONICAL_OR_CURRENT_INFERRED
STALE_DRAFT_HISTORICAL_OR_SUPERSEDED_TEXT,REVIEW_CLASSIFICATION,docs/canon/reviews/parallel_safeguarding_companion_reconciliation_v1_0/diffs/EQUINESYNC_CONSTITUTIONAL_AUTHORITY_MATRIX_V1_1_TO_V1_2.patch,"-| **Status** | Founder-Accepted Constitutional Support Artifact | | +| **Status** | Controlled Completion Integration Candidate for Founder Review | | +> **Safeguarding integration:** V1.2 incorporates the founder-approved Master Minor, Guardianship, Safeguar",CANONICAL_OR_CURRENT_INFERRED
STALE_DRAFT_HISTORICAL_OR_SUPERSEDED_TEXT,REVIEW_CLASSIFICATION,docs/canon/reviews/parallel_safeguarding_companion_reconciliation_v1_0/diffs/EQUINESYNC_CONSTITUTIONAL_CROSS_REFERENCE_INDEX_V1_1_TO_V1_2.patch,-| **Status** | Founder-Accepted Constitutional Support Artifact | | +| **Status** | Controlled Completion Integration Candidate for Founder Review | | +> **Safeguarding integration:** V1.2 incorporates the founder-approved safeguarding canon and adds topic lo,CANONICAL_OR_CURRENT_INFERRED
STALE_DRAFT_HISTORICAL_OR_SUPERSEDED_TEXT,REVIEW_CLASSIFICATION,docs/canon/reviews/parallel_safeguarding_companion_reconciliation_v1_0/founder_confirmation/EQUINESYNC_SAFEGUARDING_FOUNDER_CONFIRMATION_POLICY_RESOLUTION_AND_ADOPTION_CANDIDATE_AUTHORIZATION.md,"FOUNDER CONFIRMATION DIRECTIVE | EQUINESYNC SAFEGUARDING FOUNDER CONFIRMATION, POLICY RESOLUTION, AND RECONCILED ADOPTION-CANDIDATE AUTHORIZATION | Founder: | This message is an independent founder decision event intended to resolve the founder-confirmation an",CANONICAL_OR_CURRENT_INFERRED
STALE_DRAFT_HISTORICAL_OR_SUPERSEDED_TEXT,REVIEW_CLASSIFICATION,docs/canon/reviews/parallel_safeguarding_companion_reconciliation_v1_0/FOUNDER_DECISION_PROVENANCE.csv,"decision_id,topic,current_disposition,current_founder_language,source_artifact,independent_source_event,independent_source_sha256,classification,founder_modification,candidate_sections,provisional | FD-MSP01,Final domain boundary,RECONFIRMED,""The Relationship ",CANONICAL_OR_CURRENT_INFERRED
STALE_DRAFT_HISTORICAL_OR_SUPERSEDED_TEXT,REVIEW_CLASSIFICATION,docs/canon/reviews/parallel_safeguarding_companion_reconciliation_v1_0/history/pre_founder_confirmation/FOUNDER_DECISION_PROVENANCE.csv,"decision_id,topic,package_disposition,asserted_exact_language,asserted_source_artifact,independent_source_event,classification,founder_modification,provisional | FD-MSP01,Final domain boundary,Approved as recommended,""The Relationship Model owns the underlying",HISTORICAL_DUPLICATE_DRAFT_OR_PREDECESSOR_INFERRED
STALE_DRAFT_HISTORICAL_OR_SUPERSEDED_TEXT,REVIEW_CLASSIFICATION,docs/canon/reviews/parallel_safeguarding_companion_reconciliation_v1_0/history/pre_founder_confirmation/MANIFEST.json,"""disposition"": ""PARALLEL_SAFEGUARDING_PACKAGE_RECONCILED_FOUNDER_CONFIRMATION_REQUIRED"", | ""companion_candidates"": 6, | ""dependency_cycle"": ""BLOCKED_PENDING_EXACT_MACHINE_READABLE_SOURCE_MOUNTING"", | ""orphan_requirement"": ""BLOCKED_PENDING_EXACT_MACHINE_READABL",HISTORICAL_DUPLICATE_DRAFT_OR_PREDECESSOR_INFERRED
STALE_DRAFT_HISTORICAL_OR_SUPERSEDED_TEXT,REVIEW_CLASSIFICATION,docs/canon/reviews/parallel_safeguarding_companion_reconciliation_v1_0/history/pre_founder_confirmation/PARALLEL_SAFEGUARDING_RECONCILIATION_DATA.json,"""disposition"": ""PARALLEL_SAFEGUARDING_PACKAGE_RECONCILED_FOUNDER_CONFIRMATION_REQUIRED"", | ""classification"": ""NONAUTHORITATIVE_PARALLEL_DRAFT_EVIDENCE"", | ""companion_candidates"": 6, | ""dependency_cycle"": ""BLOCKED_PENDING_EXACT_MACHINE_READABLE_SOURCE_MOUNTING""",HISTORICAL_DUPLICATE_DRAFT_OR_PREDECESSOR_INFERRED
STALE_DRAFT_HISTORICAL_OR_SUPERSEDED_TEXT,REVIEW_CLASSIFICATION,docs/canon/reviews/parallel_safeguarding_companion_reconciliation_v1_0/history/pre_founder_confirmation/SAFEGUARDING_POLICY_CONFLICT_AND_FOUNDER_CONFIRMATION_REGISTER.md,# Safeguarding Policy Conflict and Founder Confirmation Register | | Existing SG P1 | 12 | SG-FD01-SG-FD12 remain unresolved | | ## Required Founder Confirmations | | SGC-FC01 | Did the founder actually approve the V1.1 model and FD-MSP01-FD-MSP15 as represent,HISTORICAL_DUPLICATE_DRAFT_OR_PREDECESSOR_INFERRED
STALE_DRAFT_HISTORICAL_OR_SUPERSEDED_TEXT,REVIEW_CLASSIFICATION,docs/canon/reviews/parallel_safeguarding_companion_reconciliation_v1_0/history/pre_founder_confirmation/SAFEGUARDING_RECONCILIATION_COMPLETION_REPORT.md,"`PARALLEL_SAFEGUARDING_PACKAGE_RECONCILED_FOUNDER_CONFIRMATION_REQUIRED` | - classified all material V1.1 sections by constitutional, readiness, test, register, backlog, duplicate, conflict, and founder-decision treatment; | - identified two exact-source ident",HISTORICAL_DUPLICATE_DRAFT_OR_PREDECESSOR_INFERRED
STALE_DRAFT_HISTORICAL_OR_SUPERSEDED_TEXT,REVIEW_CLASSIFICATION,docs/canon/reviews/parallel_safeguarding_companion_reconciliation_v1_0/history/pre_founder_confirmation/SG_FD_TO_FD_MSP_DECISION_CROSSWALK.csv,"sg_decision_id,sg_topic,parallel_decision_ids,parallel_sections,treatment,alignment,founder_action | SG-FD12,SafeSport and comparable framework claims,,""Founder notice; 85; 111; 117; MSP-T60"",BODY_ONLY_REQUIRES_CONFIRMATION,""The parallel body prohibits unsuppo",HISTORICAL_DUPLICATE_DRAFT_OR_PREDECESSOR_INFERRED
STALE_DRAFT_HISTORICAL_OR_SUPERSEDED_TEXT,REVIEW_CLASSIFICATION,docs/canon/reviews/parallel_safeguarding_companion_reconciliation_v1_0/history/pre_founder_confirmation/SG_FD_TO_FD_MSP_DECISION_CROSSWALK.md,"The parallel package materially addresses every SG-FD question, but only five are directly aligned to an FD-MSP decision strongly enough to resolve after provenance is confirmed. One creates a substantive policy conflict | | SG decision | Parallel treatment | ",HISTORICAL_DUPLICATE_DRAFT_OR_PREDECESSOR_INFERRED
STALE_DRAFT_HISTORICAL_OR_SUPERSEDED_TEXT,REVIEW_CLASSIFICATION,docs/canon/reviews/parallel_safeguarding_companion_reconciliation_v1_0/history/pre_founder_confirmation/SHA256SUMS.txt,d64e41c19753262bc6c3dd762cccc437826e5ec0d9acadb805b4d3eb5c60935f docs/canon/reviews/parallel_safeguarding_companion_reconciliation_v1_0/FOUNDER_DECISION_PROVENANCE.csv | f300f55c558404159b42945a2499e0ce051af01e0b87722f02825d4498528531 docs/canon/reviews/parall,HISTORICAL_DUPLICATE_DRAFT_OR_PREDECESSOR_INFERRED
STALE_DRAFT_HISTORICAL_OR_SUPERSEDED_TEXT,REVIEW_CLASSIFICATION,docs/canon/reviews/parallel_safeguarding_companion_reconciliation_v1_0/history/pre_founder_confirmation/VALIDATION_REPORT.md,**Disposition:** `PARALLEL_SAFEGUARDING_PACKAGE_RECONCILED_FOUNDER_CONFIRMATION_REQUIRED` | | Existing Codex revised safeguarding draft preservation | PASS | | | Companion delta classification | PASS - 6 candidates | | | Formal scan labels | PASS - dependency ,HISTORICAL_DUPLICATE_DRAFT_OR_PREDECESSOR_INFERRED
STALE_DRAFT_HISTORICAL_OR_SUPERSEDED_TEXT,REVIEW_CLASSIFICATION,docs/canon/reviews/parallel_safeguarding_companion_reconciliation_v1_0/MANIFEST.json,"""package"": ""safeguarding_v1_2_adoption_candidate_review_evidence"", | ""state"": ""SAFEGUARDING_RECONCILIATION_COMPLETE_READY_FOR_FOUNDER_ADOPTION_REVIEW_WITH_NONBLOCKING_P2"", | ""formal_scans"": ""BLOCKED_PENDING_EXACT_MACHINE_READABLE_SOURCE_MOUNTING"", | ""path"": ""d",HISTORICAL_DUPLICATE_DRAFT_OR_PREDECESSOR_INFERRED
STALE_DRAFT_HISTORICAL_OR_SUPERSEDED_TEXT,REVIEW_CLASSIFICATION,docs/canon/reviews/parallel_safeguarding_companion_reconciliation_v1_0/PACKAGE_ARTIFACT_INVENTORY.csv,"CONSTITUTIONAL_DOMAIN_OWNERSHIP_AND_BOUNDARY_REGISTER_V1_1.docx,85d95a337664c9dbc327b3fe3858b19c8513aba94752eb9a0a5c29eff0d2628f,16018,CONSTITUTIONAL_DOMAIN_OWNERSHIP_AND_BOUNDARY_REGISTER_V1_1,1.1,COMPANION_DELTA_CANDID | CONSTITUTIONAL_DOMAIN_OWNERSHIP_AND_B",CANONICAL_OR_CURRENT_INFERRED
STALE_DRAFT_HISTORICAL_OR_SUPERSEDED_TEXT,REVIEW_CLASSIFICATION,docs/canon/reviews/parallel_safeguarding_companion_reconciliation_v1_0/PARALLEL_SAFEGUARDING_PACKAGE_INTAKE_AND_PROVENANCE_REPORT.md,"> Historical intake determination: this report describes the package at receipt. A later independent founder event, preserved under `founder_confirmation/`, resolves the FD-MSP and SG-FD decisions for the separate V1.2 a | **Disposition:** `NONAUTHORITATIVE_PA",CANONICAL_OR_CURRENT_INFERRED
STALE_DRAFT_HISTORICAL_OR_SUPERSEDED_TEXT,REVIEW_CLASSIFICATION,docs/canon/reviews/parallel_safeguarding_companion_reconciliation_v1_0/PARALLEL_SAFEGUARDING_RECONCILIATION_DATA.json,"""state"": ""SAFEGUARDING_RECONCILIATION_COMPLETE_READY_FOR_FOUNDER_ADOPTION_REVIEW_WITH_NONBLOCKING_P2"", | ""candidate"": ""docs/canon/candidates/MASTER_MINOR_GUARDIANSHIP_SAFEGUARDING_AND_PROTECTED_PARTICIPANT_MODEL_V1_2_RECONCILED_ADOPTION_CANDIDATE.md"", | ""candi",CANONICAL_OR_CURRENT_INFERRED
STALE_DRAFT_HISTORICAL_OR_SUPERSEDED_TEXT,REVIEW_CLASSIFICATION,docs/canon/reviews/parallel_safeguarding_companion_reconciliation_v1_0/SAFEGUARDING_COMPANION_ARTIFACT_DELTA_REPORT.md,Four Markdown V1.1 predecessors were compared to the package's V1.2 candidates. Machine-readable patches are preserved under `diffs/`. | | Artifact | Predecessor SHA-256 | Candidate SHA-256 | Change size | | No exact predecessor bytes were found for the Domain,CANONICAL_OR_CURRENT_INFERRED
STALE_DRAFT_HISTORICAL_OR_SUPERSEDED_TEXT,REVIEW_CLASSIFICATION,docs/canon/reviews/parallel_safeguarding_companion_reconciliation_v1_0/SAFEGUARDING_COMPANION_ARTIFACT_DELTA.csv,"artifact,predecessor_path,predecessor_sha256,candidate_path,candidate_sha256,diff_path,diff_numstat,lifecycle | CONSTITUTIONAL_DOMAIN_OWNERSHIP_AND_BOUNDARY_REGISTER,""NOT_MOUNTED"",""UNAVAILABLE"",""source_package/extracted/CONSTITUTIONAL_DOMAIN_OWNERSHIP_AND_BOUN",CANONICAL_OR_CURRENT_INFERRED
STALE_DRAFT_HISTORICAL_OR_SUPERSEDED_TEXT,REVIEW_CLASSIFICATION,docs/canon/reviews/parallel_safeguarding_companion_reconciliation_v1_0/SAFEGUARDING_DOCUMENT_LAYERING_AND_IMPLEMENTATION_BACKLOG.md,"Constitutional closure requires founder decisions and cross-canon consistency. It does not require every implementation register, test harness, or customer operating procedure. | Owns decision provenance, source hashes, case and authority vocabulary, cross-can",CANONICAL_OR_CURRENT_INFERRED
STALE_DRAFT_HISTORICAL_OR_SUPERSEDED_TEXT,REVIEW_CLASSIFICATION,docs/canon/reviews/parallel_safeguarding_companion_reconciliation_v1_0/SAFEGUARDING_EQUINE_HEALTH_AND_AI_RECONCILIATION_REPORT.md,| EH-FD13 minor horse-health access | Parallel sections 54-57 align with minimum-necessary supervised task information; EH-FD13 remains pending founder decision | | | Private clinical notes | Safeguarding roles do not gain private provider or facility notes; E,CANONICAL_OR_CURRENT_INFERRED
STALE_DRAFT_HISTORICAL_OR_SUPERSEDED_TEXT,REVIEW_CLASSIFICATION,docs/canon/reviews/parallel_safeguarding_companion_reconciliation_v1_0/SAFEGUARDING_PARALLEL_TEXT_SECTION_DISPOSITION_MATRIX.md,"- Parts XXII-XXIII: prohibited conduct, non-waivable floors, exceptions, and founder-reserved authority. | ## Material Requiring Founder Decision | - Approval and controlling-status assertions in document control and Appendix A.",HISTORICAL_DUPLICATE_DRAFT_OR_PREDECESSOR_INFERRED
STALE_DRAFT_HISTORICAL_OR_SUPERSEDED_TEXT,REVIEW_CLASSIFICATION,docs/canon/reviews/parallel_safeguarding_companion_reconciliation_v1_0/SAFEGUARDING_POLICY_CONFLICT_AND_FOUNDER_CONFIRMATION_REGISTER.md,# Safeguarding Policy Conflict and Founder Confirmation Register | All prior policy-level P1 findings are resolved by the independent founder directive preserved under `founder_confirmation/`. | | `SC-SAFEGUARDING-PARALLEL-PROVENANCE` | Closed: current indepen,CANONICAL_OR_CURRENT_INFERRED
STALE_DRAFT_HISTORICAL_OR_SUPERSEDED_TEXT,REVIEW_CLASSIFICATION,docs/canon/reviews/parallel_safeguarding_companion_reconciliation_v1_0/SAFEGUARDING_RECONCILIATION_COMPLETION_REPORT.md,`SAFEGUARDING_RECONCILIATION_COMPLETE_READY_FOR_FOUNDER_ADOPTION_REVIEW_WITH_NONBLOCKING_P2` | The independent founder event resolves all 15 FD-MSP decisions and all 12 SG-FD decisions for preparation of the V1.2 adoption candidate. FD-MSP02 and FD-MSP06 use t,CANONICAL_OR_CURRENT_INFERRED
STALE_DRAFT_HISTORICAL_OR_SUPERSEDED_TEXT,REVIEW_CLASSIFICATION,docs/canon/reviews/parallel_safeguarding_companion_reconciliation_v1_0/SAFEGUARDING_SOURCE_VERSION_AND_IDENTIFIER_COLLISION_REPORT.md,"A claimed successor requires the exact predecessor path, predecessor checksum, candidate checksum, and a reviewable machine-readable diff. Founder-accepted exact instruments must not be reconstructed from summaries or ge | | `CONSTITUTIONAL_DOMAIN_OWNERSHIP_AN",CANONICAL_OR_CURRENT_INFERRED
STALE_DRAFT_HISTORICAL_OR_SUPERSEDED_TEXT,REVIEW_CLASSIFICATION,docs/canon/reviews/parallel_safeguarding_companion_reconciliation_v1_0/SG_FD_TO_FD_MSP_DECISION_CROSSWALK.csv,"sg_decision_id,sg_topic,governing_founder_direction,candidate_sections,treatment,resolution,classification | SG-FD01,Transition to majority,FD-MSP15,81-84,RESOLVED_BY_CURRENT_FOUNDER_DIRECTION,Resolved by reconfirmed FD-MSP15,FOUNDER_APPROVED_RECONFIRMED_IN_CU",HISTORICAL_DUPLICATE_DRAFT_OR_PREDECESSOR_INFERRED
STALE_DRAFT_HISTORICAL_OR_SUPERSEDED_TEXT,REVIEW_CLASSIFICATION,docs/canon/reviews/parallel_safeguarding_companion_reconciliation_v1_0/SG_FD_TO_FD_MSP_DECISION_CROSSWALK.md,"All twelve prior SG-FD decisions are resolved for adoption-candidate preparation by the independent founder event dated July 15, 2026. This is not adoption or lock. | | SG decision | Topic | Governing direction | Candidate sections | Resolution | | | `SG-FD03`",CANONICAL_OR_CURRENT_INFERRED
STALE_DRAFT_HISTORICAL_OR_SUPERSEDED_TEXT,REVIEW_CLASSIFICATION,docs/canon/reviews/parallel_safeguarding_companion_reconciliation_v1_0/SHA256SUMS.txt,83ed4cae3d88e8f9921f8bed971ac9e4c49007c5f847aa704ce4eecae814bdbd docs/canon/candidates/MASTER_MINOR_GUARDIANSHIP_SAFEGUARDING_AND_PROTECTED_PARTICIPANT_MODEL_V1_2_RECONCILED_ADOPTION_CANDIDATE.md | 5c37fc5b583e1628b0f06a39d7ffd25b87464b5cf025d1757018e143bfb2c1,HISTORICAL_DUPLICATE_DRAFT_OR_PREDECESSOR_INFERRED
STALE_DRAFT_HISTORICAL_OR_SUPERSEDED_TEXT,REVIEW_CLASSIFICATION,docs/canon/reviews/parallel_safeguarding_companion_reconciliation_v1_0/source_package/extracted/CONSTITUTIONAL_DOMAIN_OWNERSHIP_AND_BOUNDARY_REGISTER_V1_1.docx,STATUS_NOT_EXPLICITLY_EXTRACTED,HISTORICAL_DUPLICATE_DRAFT_OR_PREDECESSOR_INFERRED
STALE_DRAFT_HISTORICAL_OR_SUPERSEDED_TEXT,REVIEW_CLASSIFICATION,docs/canon/reviews/parallel_safeguarding_companion_reconciliation_v1_0/source_package/extracted/CONSTITUTIONAL_DOMAIN_OWNERSHIP_AND_BOUNDARY_REGISTER_V1_1.md,**Registry Status:** Controlled Completion Integration Candidate for Founder Review | 4. prohibit silent deletion of historical language; | 6. require founder or delegated constitutional approval for any ownership change. | This register resolves constitutiona,HISTORICAL_DUPLICATE_DRAFT_OR_PREDECESSOR_INFERRED
STALE_DRAFT_HISTORICAL_OR_SUPERSEDED_TEXT,REVIEW_CLASSIFICATION,docs/canon/reviews/parallel_safeguarding_companion_reconciliation_v1_0/source_package/extracted/CROSS_CANON_REFERENCE_NORMALIZATION_REGISTER_V1_1.docx,STATUS_NOT_EXPLICITLY_EXTRACTED,HISTORICAL_DUPLICATE_DRAFT_OR_PREDECESSOR_INFERRED
STALE_DRAFT_HISTORICAL_OR_SUPERSEDED_TEXT,REVIEW_CLASSIFICATION,docs/canon/reviews/parallel_safeguarding_companion_reconciliation_v1_0/source_package/extracted/CROSS_CANON_REFERENCE_NORMALIZATION_REGISTER_V1_1.md,"**Register Status:** Controlled Completion Integration Candidate for Founder Review | **Purpose:** Map legacy, abbreviated, or superseded document names to the current canonical family. | | Master Minor, Guardianship, Safeguarding, and Protected Participant Mo",SUPERSEDED_OR_SUPERSESSION_TEXT_PRESENT
STALE_DRAFT_HISTORICAL_OR_SUPERSEDED_TEXT,REVIEW_CLASSIFICATION,docs/canon/reviews/parallel_safeguarding_companion_reconciliation_v1_0/source_package/extracted/EQUINESYNC_CANON_DEPENDENCY_MAP_V1_2.docx,STATUS_NOT_EXPLICITLY_EXTRACTED,HISTORICAL_DUPLICATE_DRAFT_OR_PREDECESSOR_INFERRED
STALE_DRAFT_HISTORICAL_OR_SUPERSEDED_TEXT,REVIEW_CLASSIFICATION,docs/canon/reviews/parallel_safeguarding_companion_reconciliation_v1_0/source_package/extracted/EQUINESYNC_CANON_DEPENDENCY_MAP_V1_2.md,"| **Status** | Controlled Completion Integration Candidate for Founder Review | | | **Coverage** | 44 constitutional and governance families, with the safeguarding family resolved to its founder-approved V1.1 source; seven dependency layers; critical-path, cha",SUPERSEDED_OR_SUPERSESSION_TEXT_PRESENT
STALE_DRAFT_HISTORICAL_OR_SUPERSEDED_TEXT,REVIEW_CLASSIFICATION,docs/canon/reviews/parallel_safeguarding_companion_reconciliation_v1_0/source_package/extracted/EQUINESYNC_CONSTITUTIONAL_AUTHORITY_MATRIX_V1_2.docx,STATUS_NOT_EXPLICITLY_EXTRACTED,HISTORICAL_DUPLICATE_DRAFT_OR_PREDECESSOR_INFERRED
STALE_DRAFT_HISTORICAL_OR_SUPERSEDED_TEXT,REVIEW_CLASSIFICATION,docs/canon/reviews/parallel_safeguarding_companion_reconciliation_v1_0/source_package/extracted/EQUINESYNC_CONSTITUTIONAL_AUTHORITY_MATRIX_V1_2.md,"| **Status** | Controlled Completion Integration Candidate for Founder Review | | > **Safeguarding integration:** V1.2 incorporates the founder-approved Master Minor, Guardianship, Safeguarding, and Protected Participant Model V1.1. It does not create adoption",SUPERSEDED_OR_SUPERSESSION_TEXT_PRESENT
STALE_DRAFT_HISTORICAL_OR_SUPERSEDED_TEXT,REVIEW_CLASSIFICATION,docs/canon/reviews/parallel_safeguarding_companion_reconciliation_v1_0/source_package/extracted/EQUINESYNC_CONSTITUTIONAL_CROSS_REFERENCE_INDEX_V1_2.docx,STATUS_NOT_EXPLICITLY_EXTRACTED,HISTORICAL_DUPLICATE_DRAFT_OR_PREDECESSOR_INFERRED
STALE_DRAFT_HISTORICAL_OR_SUPERSEDED_TEXT,REVIEW_CLASSIFICATION,docs/canon/reviews/parallel_safeguarding_companion_reconciliation_v1_0/source_package/extracted/EQUINESYNC_CONSTITUTIONAL_CROSS_REFERENCE_INDEX_V1_2.md,| **Status** | Controlled Completion Integration Candidate for Founder Review | | > **Safeguarding integration:** V1.2 incorporates the founder-approved safeguarding canon and adds topic locators XREF-121 through XREF-132. | authority. The controlling version ,SUPERSEDED_OR_SUPERSESSION_TEXT_PRESENT
STALE_DRAFT_HISTORICAL_OR_SUPERSEDED_TEXT,REVIEW_CLASSIFICATION,docs/canon/reviews/parallel_safeguarding_companion_reconciliation_v1_0/source_package/extracted/EQUINESYNC_CONSTITUTIONAL_VOCABULARY_AND_DEFINITIONS_INDEX_V1_2.docx,STATUS_NOT_EXPLICITLY_EXTRACTED,HISTORICAL_DUPLICATE_DRAFT_OR_PREDECESSOR_INFERRED
STALE_DRAFT_HISTORICAL_OR_SUPERSEDED_TEXT,REVIEW_CLASSIFICATION,docs/canon/reviews/parallel_safeguarding_companion_reconciliation_v1_0/source_package/extracted/EQUINESYNC_CONSTITUTIONAL_VOCABULARY_AND_DEFINITIONS_INDEX_V1_2.md,| **Status** | Founder Accepted Constitutional Support Artifact | | Version 1.1 updates Media-domain references to the founder-accepted V2.1 | EquineSync constitutional canon. It consolidates controlling and | definition conflicts with a controlling founder-ac,HISTORICAL_DUPLICATE_DRAFT_OR_PREDECESSOR_INFERRED
STALE_DRAFT_HISTORICAL_OR_SUPERSEDED_TEXT,REVIEW_CLASSIFICATION,docs/canon/reviews/parallel_safeguarding_companion_reconciliation_v1_0/source_package/extracted/EQUINESYNC_MINOR_SAFEGUARDING_FOUNDER_DECISION_DIRECTIVE_FD_MSP01_FD_MSP15_V1_0.docx,STATUS_NOT_EXPLICITLY_EXTRACTED,HISTORICAL_DUPLICATE_DRAFT_OR_PREDECESSOR_INFERRED
STALE_DRAFT_HISTORICAL_OR_SUPERSEDED_TEXT,REVIEW_CLASSIFICATION,docs/canon/reviews/parallel_safeguarding_companion_reconciliation_v1_0/source_package/extracted/EQUINESYNC_MINOR_SAFEGUARDING_FOUNDER_DECISION_DIRECTIVE_FD_MSP01_FD_MSP15_V1_0.md,"# EQUINESYNC MINOR, GUARDIANSHIP, SAFEGUARDING, AND PROTECTED PARTICIPANT FOUNDER DECISION DIRECTIVE | **Document Identifier:** `EQUINESYNC_MINOR_SAFEGUARDING_FOUNDER_DECISION_DIRECTIVE_FD_MSP01_FD_MSP15_V1_0` | **Status:** Founder-approved decision source for",CANONICAL_OR_CURRENT_INFERRED
STALE_DRAFT_HISTORICAL_OR_SUPERSEDED_TEXT,REVIEW_CLASSIFICATION,docs/canon/reviews/parallel_safeguarding_companion_reconciliation_v1_0/source_package/extracted/EQUINESYNC_MINOR_SAFEGUARDING_V1_1_FOUNDER_APPROVAL_AND_INTEGRATION_DIRECTIVE_V1_0.docx,STATUS_NOT_EXPLICITLY_EXTRACTED,HISTORICAL_DUPLICATE_DRAFT_OR_PREDECESSOR_INFERRED
STALE_DRAFT_HISTORICAL_OR_SUPERSEDED_TEXT,REVIEW_CLASSIFICATION,docs/canon/reviews/parallel_safeguarding_companion_reconciliation_v1_0/source_package/extracted/EQUINESYNC_MINOR_SAFEGUARDING_V1_1_FOUNDER_APPROVAL_AND_INTEGRATION_DIRECTIVE_V1_0.md,# EQUINESYNC MINOR SAFEGUARDING V1.1 FOUNDER APPROVAL AND COMPANION INTEGRATION DIRECTIVE V1.0 | **Document Identifier:** `EQUINESYNC_MINOR_SAFEGUARDING_V1_1_FOUNDER_APPROVAL_AND_INTEGRATION_DIRECTIVE_V1_0` | **Founder Disposition:** `FOUNDER_APPROVED_CONTROLL,CANONICAL_OR_CURRENT_INFERRED
STALE_DRAFT_HISTORICAL_OR_SUPERSEDED_TEXT,REVIEW_CLASSIFICATION,docs/canon/reviews/parallel_safeguarding_companion_reconciliation_v1_0/source_package/extracted/EQUINESYNC_SAFEGUARDING_COMPANION_ARTIFACT_INTEGRATION_MEMORANDUM_V1_0.docx,STATUS_NOT_EXPLICITLY_EXTRACTED,HISTORICAL_DUPLICATE_DRAFT_OR_PREDECESSOR_INFERRED
STALE_DRAFT_HISTORICAL_OR_SUPERSEDED_TEXT,REVIEW_CLASSIFICATION,docs/canon/reviews/parallel_safeguarding_companion_reconciliation_v1_0/source_package/extracted/EQUINESYNC_SAFEGUARDING_COMPANION_INTEGRATION_VALIDATION_REPORT_V1_0.md,"**Disposition:** CONTROLLED_COMPLETION_INTEGRATION_PACKAGE_VALIDATED_FOR_FOUNDER_AND_REPOSITORY_REVIEW | Exact-source successor candidates were created for: | The exact current repository sources for the Canon Index and Navigator, Founder Decision Register, Go",CANONICAL_OR_CURRENT_INFERRED
STALE_DRAFT_HISTORICAL_OR_SUPERSEDED_TEXT,REVIEW_CLASSIFICATION,docs/canon/reviews/parallel_safeguarding_companion_reconciliation_v1_0/source_package/extracted/EQUINESYNC_SAFEGUARDING_COMPANION_PATCH_SCHEDULE_V1_0.docx,STATUS_NOT_EXPLICITLY_EXTRACTED,HISTORICAL_DUPLICATE_DRAFT_OR_PREDECESSOR_INFERRED
STALE_DRAFT_HISTORICAL_OR_SUPERSEDED_TEXT,REVIEW_CLASSIFICATION,docs/canon/reviews/parallel_safeguarding_companion_reconciliation_v1_0/source_package/extracted/EQUINESYNC_SAFEGUARDING_COMPANION_PATCH_SCHEDULE_V1_0.md,**Status:** Controlled Completion Patch Schedule - Exact companion source application pending repository verification | This schedule provides deterministic rows for integrating the founder-approved safeguarding canon into four companion artifacts whose exact ,CANONICAL_OR_CURRENT_INFERRED
STALE_DRAFT_HISTORICAL_OR_SUPERSEDED_TEXT,REVIEW_CLASSIFICATION,docs/canon/reviews/parallel_safeguarding_companion_reconciliation_v1_0/source_package/extracted/MASTER_MINOR_GUARDIANSHIP_SAFEGUARDING_AND_PROTECTED_PARTICIPANT_MODEL_V1_1_REVIEWED_DRAFT.docx,PATH_CLASSIFICATION: candidate_or_draft,HISTORICAL_DUPLICATE_DRAFT_OR_PREDECESSOR_INFERRED
STALE_DRAFT_HISTORICAL_OR_SUPERSEDED_TEXT,REVIEW_CLASSIFICATION,docs/canon/reviews/parallel_safeguarding_companion_reconciliation_v1_0/source_package/extracted/MASTER_MINOR_GUARDIANSHIP_SAFEGUARDING_AND_PROTECTED_PARTICIPANT_MODEL_V1_1_REVIEWED_DRAFT.md,"subtitle: ""REVIEWED AND EXPANDED CONTROLLED CONSTITUTIONAL DRAFT"" | **FOUNDER-DIRECTED REVIEWED CONSTITUTIONAL CANDIDATE** | **NOT ADOPTED - NOT LOCKED - NO IMPLEMENTATION AUTHORITY** | ```{=openxml} | PATH_CLASSIFICATION: candidate_or_draft",SUPERSEDED_OR_SUPERSESSION_TEXT_PRESENT
STALE_DRAFT_HISTORICAL_OR_SUPERSEDED_TEXT,REVIEW_CLASSIFICATION,docs/canon/reviews/parallel_safeguarding_companion_reconciliation_v1_0/source_package/extracted/PACKAGE_MANIFEST.json,"""disposition"": ""CONTROLLED_COMPLETION_INTEGRATION_PACKAGE_READY_FOR_FOUNDER_AND_REPOSITORY_REVIEW"", | ""founder_decision_rows"": 15, | ""unique_founder_decision_ids"": 15, | ""path"": ""EQUINESYNC_MINOR_SAFEGUARDING_FOUNDER_DECISION_DIRECTIVE_FD_MSP01_FD_MSP15_V1_0.d",HISTORICAL_DUPLICATE_DRAFT_OR_PREDECESSOR_INFERRED
STALE_DRAFT_HISTORICAL_OR_SUPERSEDED_TEXT,REVIEW_CLASSIFICATION,docs/canon/reviews/parallel_safeguarding_companion_reconciliation_v1_0/source_package/extracted/README.md,"This package integrates the founder-approved Master Minor, Guardianship, Safeguarding, and Protected Participant Model V1.1 into the available constitutional companion artifacts and provides deterministic patch schedules | - Founder-approved substantive source",HISTORICAL_DUPLICATE_DRAFT_OR_PREDECESSOR_INFERRED
STALE_DRAFT_HISTORICAL_OR_SUPERSEDED_TEXT,REVIEW_CLASSIFICATION,docs/canon/reviews/parallel_safeguarding_companion_reconciliation_v1_0/source_package/extracted/safeguarding_patch_data.json,"""value"": ""MASTER_MINOR_GUARDIANSHIP_SAFEGUARDING_AND_PROTECTED_PARTICIPANT_MODEL_V1_1_REVIEWED_DRAFT.md"" | ""value"": ""MASTER_MINOR_GUARDIANSHIP_SAFEGUARDING_AND_PROTECTED_PARTICIPANT_MODEL_V1_1_REVIEWED_DRAFT.docx"" | ""field"": ""Founder Status"", | ""value"": ""Found",CANONICAL_OR_CURRENT_INFERRED
STALE_DRAFT_HISTORICAL_OR_SUPERSEDED_TEXT,REVIEW_CLASSIFICATION,docs/canon/reviews/parallel_safeguarding_companion_reconciliation_v1_0/source_package/extracted/SHA256SUMS.txt,44c21dd0b797de8e64426926a097518e2a9afd5da3d14083baf5f01dd766d544 EQUINESYNC_MINOR_SAFEGUARDING_FOUNDER_DECISION_DIRECTIVE_FD_MSP01_FD_MSP15_V1_0.docx | 4a024d4764fd947be51cc53b56d30e83d1ac61c1dfd9b7f5bc291f3c13aba60e EQUINESYNC_MINOR_SAFEGUARDING_FOUNDER_DECIS,HISTORICAL_DUPLICATE_DRAFT_OR_PREDECESSOR_INFERRED
STALE_DRAFT_HISTORICAL_OR_SUPERSEDED_TEXT,REVIEW_CLASSIFICATION,docs/canon/reviews/parallel_safeguarding_companion_reconciliation_v1_0/source_package/extracted/validation/CONSTITUTIONAL_DOMAIN_OWNERSHIP_AND_BOUNDARY_REGISTER_V1_1.json,STATUS_NOT_EXPLICITLY_EXTRACTED,HISTORICAL_DUPLICATE_DRAFT_OR_PREDECESSOR_INFERRED
STALE_DRAFT_HISTORICAL_OR_SUPERSEDED_TEXT,REVIEW_CLASSIFICATION,docs/canon/reviews/parallel_safeguarding_companion_reconciliation_v1_0/source_package/extracted/validation/CROSS_CANON_REFERENCE_NORMALIZATION_REGISTER_V1_1.json,STATUS_NOT_EXPLICITLY_EXTRACTED,HISTORICAL_DUPLICATE_DRAFT_OR_PREDECESSOR_INFERRED
STALE_DRAFT_HISTORICAL_OR_SUPERSEDED_TEXT,REVIEW_CLASSIFICATION,docs/canon/reviews/parallel_safeguarding_companion_reconciliation_v1_0/source_package/extracted/validation/EQUINESYNC_CANON_DEPENDENCY_MAP_V1_2.json,STATUS_NOT_EXPLICITLY_EXTRACTED,HISTORICAL_DUPLICATE_DRAFT_OR_PREDECESSOR_INFERRED
STALE_DRAFT_HISTORICAL_OR_SUPERSEDED_TEXT,REVIEW_CLASSIFICATION,docs/canon/reviews/parallel_safeguarding_companion_reconciliation_v1_0/source_package/extracted/validation/EQUINESYNC_CONSTITUTIONAL_AUTHORITY_MATRIX_V1_2.json,STATUS_NOT_EXPLICITLY_EXTRACTED,HISTORICAL_DUPLICATE_DRAFT_OR_PREDECESSOR_INFERRED
STALE_DRAFT_HISTORICAL_OR_SUPERSEDED_TEXT,REVIEW_CLASSIFICATION,docs/canon/reviews/parallel_safeguarding_companion_reconciliation_v1_0/source_package/extracted/validation/EQUINESYNC_CONSTITUTIONAL_CROSS_REFERENCE_INDEX_V1_2.json,STATUS_NOT_EXPLICITLY_EXTRACTED,HISTORICAL_DUPLICATE_DRAFT_OR_PREDECESSOR_INFERRED
STALE_DRAFT_HISTORICAL_OR_SUPERSEDED_TEXT,REVIEW_CLASSIFICATION,docs/canon/reviews/parallel_safeguarding_companion_reconciliation_v1_0/source_package/extracted/validation/EQUINESYNC_CONSTITUTIONAL_VOCABULARY_AND_DEFINITIONS_INDEX_V1_2.json,STATUS_NOT_EXPLICITLY_EXTRACTED,HISTORICAL_DUPLICATE_DRAFT_OR_PREDECESSOR_INFERRED
STALE_DRAFT_HISTORICAL_OR_SUPERSEDED_TEXT,REVIEW_CLASSIFICATION,docs/canon/reviews/parallel_safeguarding_companion_reconciliation_v1_0/source_package/extracted/validation/EQUINESYNC_MINOR_SAFEGUARDING_FOUNDER_DECISION_DIRECTIVE_FD_MSP01_FD_MSP15_V1_0.json,"""file"": ""/mnt/data/safeguarding_integration_work/deliverables/EQUINESYNC_MINOR_SAFEGUARDING_FOUNDER_DECISION_DIRECTIVE_FD_MSP01_FD_MSP15_V1_0.docx"",",HISTORICAL_DUPLICATE_DRAFT_OR_PREDECESSOR_INFERRED
STALE_DRAFT_HISTORICAL_OR_SUPERSEDED_TEXT,REVIEW_CLASSIFICATION,docs/canon/reviews/parallel_safeguarding_companion_reconciliation_v1_0/source_package/extracted/validation/EQUINESYNC_MINOR_SAFEGUARDING_V1_1_FOUNDER_APPROVAL_AND_INTEGRATION_DIRECTIVE_V1_0.json,"""file"": ""/mnt/data/safeguarding_integration_work/deliverables/EQUINESYNC_MINOR_SAFEGUARDING_V1_1_FOUNDER_APPROVAL_AND_INTEGRATION_DIRECTIVE_V1_0.docx"",",HISTORICAL_DUPLICATE_DRAFT_OR_PREDECESSOR_INFERRED
STALE_DRAFT_HISTORICAL_OR_SUPERSEDED_TEXT,REVIEW_CLASSIFICATION,docs/canon/reviews/parallel_safeguarding_companion_reconciliation_v1_0/source_package/extracted/validation/EQUINESYNC_SAFEGUARDING_COMPANION_ARTIFACT_INTEGRATION_MEMORANDUM_V1_0.json,STATUS_NOT_EXPLICITLY_EXTRACTED,HISTORICAL_DUPLICATE_DRAFT_OR_PREDECESSOR_INFERRED
STALE_DRAFT_HISTORICAL_OR_SUPERSEDED_TEXT,REVIEW_CLASSIFICATION,docs/canon/reviews/parallel_safeguarding_companion_reconciliation_v1_0/source_package/extracted/validation/EQUINESYNC_SAFEGUARDING_COMPANION_PATCH_SCHEDULE_V1_0.json,STATUS_NOT_EXPLICITLY_EXTRACTED,HISTORICAL_DUPLICATE_DRAFT_OR_PREDECESSOR_INFERRED
STALE_DRAFT_HISTORICAL_OR_SUPERSEDED_TEXT,REVIEW_CLASSIFICATION,docs/canon/reviews/parallel_safeguarding_companion_reconciliation_v1_0/source_package/extracted/validation/MASTER_MINOR_GUARDIANSHIP_SAFEGUARDING_AND_PROTECTED_PARTICIPANT_MODEL_V1_1_REVIEWED_DRAFT.json,"""file"": ""/mnt/data/safeguarding_integration_work/deliverables/MASTER_MINOR_GUARDIANSHIP_SAFEGUARDING_AND_PROTECTED_PARTICIPANT_MODEL_V1_1_REVIEWED_DRAFT.docx"", | PATH_CLASSIFICATION: candidate_or_draft",HISTORICAL_DUPLICATE_DRAFT_OR_PREDECESSOR_INFERRED
STALE_DRAFT_HISTORICAL_OR_SUPERSEDED_TEXT,REVIEW_CLASSIFICATION,docs/canon/reviews/parallel_safeguarding_companion_reconciliation_v1_0/subordinate/SAFEGUARDING_CONSTITUTIONAL_TEST_CATALOG_V1_0_CANDIDATE.md,"status: ""SUBORDINATE CANDIDATE - NOT ADOPTED - NOT LOCKED"" | This subordinate artifact preserves implementation-facing material separately from the V1.2 constitutional candidate. It is evidence and planning material only. Formal machine-source scans remain blo",CANONICAL_OR_CURRENT_INFERRED
STALE_DRAFT_HISTORICAL_OR_SUPERSEDED_TEXT,REVIEW_CLASSIFICATION,docs/canon/reviews/parallel_safeguarding_companion_reconciliation_v1_0/subordinate/SAFEGUARDING_IMPLEMENTATION_READINESS_STANDARD_V1_0_CANDIDATE.md,"status: ""SUBORDINATE CANDIDATE - NOT ADOPTED - NOT LOCKED"" | This subordinate artifact preserves implementation-facing material separately from the V1.2 constitutional candidate. It is evidence and planning material only. Formal machine-source scans remain blo",CANONICAL_OR_CURRENT_INFERRED
STALE_DRAFT_HISTORICAL_OR_SUPERSEDED_TEXT,REVIEW_CLASSIFICATION,docs/canon/reviews/parallel_safeguarding_companion_reconciliation_v1_0/subordinate/SAFEGUARDING_OPERATIONAL_STANDARDS_BACKLOG_V1_0.md,"status: ""SUBORDINATE CANDIDATE - NOT ADOPTED - NOT LOCKED"" | This subordinate artifact preserves implementation-facing material separately from the V1.2 constitutional candidate. It is evidence and planning material only. Formal machine-source scans remain blo",CANONICAL_OR_CURRENT_INFERRED
STALE_DRAFT_HISTORICAL_OR_SUPERSEDED_TEXT,REVIEW_CLASSIFICATION,docs/canon/reviews/parallel_safeguarding_companion_reconciliation_v1_0/subordinate/SAFEGUARDING_REGISTER_AND_EVIDENCE_INVENTORY_V1_0.md,"status: ""SUBORDINATE CANDIDATE - NOT ADOPTED - NOT LOCKED"" | This subordinate artifact preserves implementation-facing material separately from the V1.2 constitutional candidate. It is evidence and planning material only. Formal machine-source scans remain blo",CANONICAL_OR_CURRENT_INFERRED
STALE_DRAFT_HISTORICAL_OR_SUPERSEDED_TEXT,REVIEW_CLASSIFICATION,docs/canon/reviews/parallel_safeguarding_companion_reconciliation_v1_0/VALIDATION_REPORT.md,**Disposition:** `SAFEGUARDING_RECONCILIATION_COMPLETE_READY_FOR_FOUNDER_ADOPTION_REVIEW_WITH_NONBLOCKING_P2` | | Existing Codex revised safeguarding draft preservation | PASS | | | Required reconciliation and adoption-candidate reports | PASS | | | FD-MSP pro,HISTORICAL_DUPLICATE_DRAFT_OR_PREDECESSOR_INFERRED
STALE_DRAFT_HISTORICAL_OR_SUPERSEDED_TEXT,REVIEW_CLASSIFICATION,docs/canon/reviews/privacy_reporting_exact_source_reconciliation_v1_0/mounted_sources/MASTER_PRIVACY_AND_DATA_PROTECTION_MODEL_V2_0_REVIEWED_DRAFT.md,"**REVIEWED DRAFT – FOUNDER-DIRECTED – NOT ADOPTED – NO IMPLEMENTATION AUTHORITY** | Version: 2.0 Reviewed Draft | Draft date: July 13, 2026 | Governance status: Founder-directed constitutional reviewed draft; not adopted and not locked | PATH_CLASSIFICATION: c",CANONICAL_OR_CURRENT_INFERRED
STALE_DRAFT_HISTORICAL_OR_SUPERSEDED_TEXT,REVIEW_CLASSIFICATION,docs/canon/reviews/privacy_reporting_exact_source_reconciliation_v1_0/PRIVACY_REPORTING_EXACT_SOURCE_DISCOVERY_INVENTORY_V1_0.md,- Approval ZIP: `/Users/rianray/Documents/Codex/Codex /2026-05-30/files-mentioned-by-the-user-03/work/Equine-Sync-v2-current/docs/canon/reviews/privacy_reporting_exact_source_reconciliation_v1_0/source_event/EQUINESYNC_P | | C0-023 | `MASTER_PRIVACY_AND_DATA_P,CANONICAL_OR_CURRENT_INFERRED
STALE_DRAFT_HISTORICAL_OR_SUPERSEDED_TEXT,REVIEW_CLASSIFICATION,docs/canon/reviews/privacy_reporting_exact_source_reconciliation_v1_0/PRIVACY_REPORTING_PROVENANCE_AND_CHECKSUM_LEDGER_V1_0.md,| `docs/canon/reviews/privacy_reporting_exact_source_reconciliation_v1_0/source_event/EQUINESYNC_PRIVACY_REPORTING_FOUNDER_APPROVAL_PACKAGE_V1_0.zip` | Original founder approval package | `c1c91525b66849811fc2c71fd7f5d83 | | `docs/canon/reviews/privacy_reporti,CANONICAL_OR_CURRENT_INFERRED
STALE_DRAFT_HISTORICAL_OR_SUPERSEDED_TEXT,REVIEW_CLASSIFICATION,docs/canon/reviews/privacy_reporting_exact_source_reconciliation_v1_0/PRIVACY_REPORTING_VALIDATION_REPORT_V1_0.json,"""result"": ""PASS_PARTIAL_MOUNT_BLOCKER_CORRECTLY_RETAINED"",",HISTORICAL_DUPLICATE_DRAFT_OR_PREDECESSOR_INFERRED
STALE_DRAFT_HISTORICAL_OR_SUPERSEDED_TEXT,REVIEW_CLASSIFICATION,docs/canon/reviews/privacy_reporting_exact_source_reconciliation_v1_0/source_event/CODEX_PROMPT_PRIVACY_AND_REPORTING_EXACT_SOURCE_RECONCILIATION.txt,"# CODEX DIRECTIVE: C0-023 PRIVACY AND C0-035 REPORTING EXACT-SOURCE FOUNDER-APPROVAL RECONCILIATION | ## Controlling Founder Authority | Treat `EQUINESYNC_PRIVACY_AND_REPORTING_FOUNDER_APPROVAL_DIRECTIVE_V1_0` dated July 16, 2026 as controlling authority for t",HISTORICAL_DUPLICATE_DRAFT_OR_PREDECESSOR_INFERRED
STALE_DRAFT_HISTORICAL_OR_SUPERSEDED_TEXT,REVIEW_CLASSIFICATION,docs/canon/reviews/privacy_reporting_exact_source_reconciliation_v1_0/source_event/EQUINESYNC_PRIVACY_AND_REPORTING_FOUNDER_APPROVAL_DIRECTIVE_V1_0.docx,STATUS_NOT_EXPLICITLY_EXTRACTED,HISTORICAL_DUPLICATE_DRAFT_OR_PREDECESSOR_INFERRED
STALE_DRAFT_HISTORICAL_OR_SUPERSEDED_TEXT,REVIEW_CLASSIFICATION,docs/canon/reviews/privacy_reporting_exact_source_reconciliation_v1_0/source_event/EQUINESYNC_PRIVACY_AND_REPORTING_REVIEW_MEMO_V1_0.md,**Reviewer Authority:** Founder-directed constitutional review | Both models are substantively suitable for founder approval. The Privacy Model requires only lifecycle and document-control correction. The Reporting Model is already founder approved and should ,CANONICAL_OR_CURRENT_INFERRED
STALE_DRAFT_HISTORICAL_OR_SUPERSEDED_TEXT,REVIEW_CLASSIFICATION,docs/canon/reviews/privacy_reporting_exact_source_reconciliation_v1_0/source_event/PACKAGE_MANIFEST.md,- `EQUINESYNC_PRIVACY_AND_REPORTING_FOUNDER_APPROVAL_DIRECTIVE_V1_0.md` `b42ac56490f4fe6e9e3d4abf56d01fc784d74f31c9cf03644d4ee019f9832b0f` | - `EQUINESYNC_PRIVACY_AND_REPORTING_FOUNDER_APPROVAL_DIRECTIVE_V1_0.docx` `41d0ff2a0fab3c45f909e706e241828d970a4a0816b0,HISTORICAL_DUPLICATE_DRAFT_OR_PREDECESSOR_INFERRED
STALE_DRAFT_HISTORICAL_OR_SUPERSEDED_TEXT,REVIEW_CLASSIFICATION,docs/canon/reviews/privacy_reporting_exact_source_reconciliation_v1_0/tools/build_blocked_reconciliation.py,"INPUT_ZIP = Path(""/Users/rianray/Downloads/EQUINESYNC_PRIVACY_REPORTING_FOUNDER_APPROVAL_PACKAGE_V1_0.zip"") | ""EQUINESYNC_PRIVACY_AND_REPORTING_FOUNDER_APPROVAL_DIRECTIVE_V1_0.md"": ""b42ac56490f4fe6e9e3d4abf56d01fc784d74f31c9cf03644d4ee019f9832b0f"", | ""EQUINESY",CANONICAL_OR_CURRENT_INFERRED
STALE_DRAFT_HISTORICAL_OR_SUPERSEDED_TEXT,REVIEW_CLASSIFICATION,docs/canon/reviews/privacy_reporting_format_counterpart_completion_v1_0/exact_sources/MASTER_PRIVACY_AND_DATA_PROTECTION_MODEL_V2_0_REVIEWED_DRAFT.md,"**REVIEWED DRAFT – FOUNDER-DIRECTED – NOT ADOPTED – NO IMPLEMENTATION AUTHORITY** | Version: 2.0 Reviewed Draft | Draft date: July 13, 2026 | Governance status: Founder-directed constitutional reviewed draft; not adopted and not locked | PATH_CLASSIFICATION: c",HISTORICAL_DUPLICATE_DRAFT_OR_PREDECESSOR_INFERRED
STALE_DRAFT_HISTORICAL_OR_SUPERSEDED_TEXT,REVIEW_CLASSIFICATION,docs/canon/reviews/privacy_reporting_format_counterpart_completion_v1_0/exact_sources/MASTER_REPORTING_ANALYTICS_AND_BUSINESS_INTELLIGENCE_MODEL_V2_0.docx,STATUS_NOT_EXPLICITLY_EXTRACTED,HISTORICAL_DUPLICATE_DRAFT_OR_PREDECESSOR_INFERRED
STALE_DRAFT_HISTORICAL_OR_SUPERSEDED_TEXT,REVIEW_CLASSIFICATION,docs/canon/reviews/privacy_reporting_format_counterpart_completion_v1_0/PRIVACY_FORMAT_COUNTERPART_PROVENANCE_RECORD.md,- Exact substantive source: `docs/canon/reviews/privacy_reporting_format_counterpart_completion_v1_0/exact_sources/MASTER_PRIVACY_AND_DATA_PROTECTION_MODEL_V2_0_REVIEWED_DRAFT.md` | - Generated Markdown successor: `docs/canon/founder_approved_sources/MASTER_PR,CANONICAL_OR_CURRENT_INFERRED
STALE_DRAFT_HISTORICAL_OR_SUPERSEDED_TEXT,REVIEW_CLASSIFICATION,docs/canon/reviews/privacy_reporting_format_counterpart_completion_v1_0/PRIVACY_MD_DOCX_PARITY_REPORT.md,"The generated DOCX is a deterministic format counterpart, not a recovered historical source.",CANONICAL_OR_CURRENT_INFERRED
STALE_DRAFT_HISTORICAL_OR_SUPERSEDED_TEXT,REVIEW_CLASSIFICATION,docs/canon/reviews/privacy_reporting_format_counterpart_completion_v1_0/PRIVACY_REPORTING_FORMAT_COUNTERPART_COMPLETION_REPORT.md,`PRIVACY_AND_REPORTING_FOUNDER_APPROVED_FORMAT_COUNTERPARTS_COMPLETE_PENDING_SEPARATE_ADOPTION` | Both exact substantive source authorities passed hash verification. The Privacy founder-approved Markdown and DOCX pair and Reporting founder-approved DOCX and Ma,CANONICAL_OR_CURRENT_INFERRED
STALE_DRAFT_HISTORICAL_OR_SUPERSEDED_TEXT,REVIEW_CLASSIFICATION,docs/canon/reviews/privacy_reporting_format_counterpart_completion_v1_0/PRIVACY_REPORTING_FORMAT_COUNTERPART_MANIFEST.json,"""disposition"": ""PRIVACY_AND_REPORTING_FOUNDER_APPROVED_FORMAT_COUNTERPARTS_COMPLETE_PENDING_SEPARATE_ADOPTION"", | ""classification"": ""FOUNDER_AUTHORIZED_DETERMINISTIC_FORMAT_COUNTERPART_DERIVED_FROM_EXACT_SUBSTANTIVE_SOURCE"", | ""path"": ""docs/canon/reviews/priva",CANONICAL_OR_CURRENT_INFERRED
STALE_DRAFT_HISTORICAL_OR_SUPERSEDED_TEXT,REVIEW_CLASSIFICATION,docs/canon/reviews/privacy_reporting_format_counterpart_completion_v1_0/PRIVACY_REPORTING_FORMAT_COUNTERPART_VALIDATION.json,"""disposition"": ""PRIVACY_AND_REPORTING_FOUNDER_APPROVED_FORMAT_COUNTERPARTS_COMPLETE_PENDING_SEPARATE_ADOPTION"", | ""unresolved_placeholders"": true,",HISTORICAL_DUPLICATE_DRAFT_OR_PREDECESSOR_INFERRED
STALE_DRAFT_HISTORICAL_OR_SUPERSEDED_TEXT,REVIEW_CLASSIFICATION,docs/canon/reviews/privacy_reporting_format_counterpart_completion_v1_0/render_evidence/privacy/MASTER_PRIVACY_AND_DATA_PROTECTION_MODEL_V2_0_FOUNDER_APPROVED.pdf,STATUS_NOT_EXPLICITLY_EXTRACTED,HISTORICAL_DUPLICATE_DRAFT_OR_PREDECESSOR_INFERRED
STALE_DRAFT_HISTORICAL_OR_SUPERSEDED_TEXT,REVIEW_CLASSIFICATION,docs/canon/reviews/privacy_reporting_format_counterpart_completion_v1_0/render_evidence/reporting/MASTER_REPORTING_ANALYTICS_AND_BUSINESS_INTELLIGENCE_MODEL_V2_0_FOUNDER_APPROVED.pdf,STATUS_NOT_EXPLICITLY_EXTRACTED,HISTORICAL_DUPLICATE_DRAFT_OR_PREDECESSOR_INFERRED
STALE_DRAFT_HISTORICAL_OR_SUPERSEDED_TEXT,REVIEW_CLASSIFICATION,docs/canon/reviews/privacy_reporting_format_counterpart_completion_v1_0/REPORTING_DOCX_MD_PARITY_REPORT.md,"The generated Markdown is a deterministic format counterpart, not a recovered historical source.",CANONICAL_OR_CURRENT_INFERRED
STALE_DRAFT_HISTORICAL_OR_SUPERSEDED_TEXT,REVIEW_CLASSIFICATION,docs/canon/reviews/privacy_reporting_format_counterpart_completion_v1_0/REPORTING_FORMAT_COUNTERPART_PROVENANCE_RECORD.md,- Generated Markdown counterpart: `docs/canon/founder_approved_sources/MASTER_REPORTING_ANALYTICS_AND_BUSINESS_INTELLIGENCE_MODEL_V2_0_FOUNDER_APPROVED.md` | - Approved DOCX source alias: `docs/canon/founder_approved_sources/MASTER_REPORTING_ANALYTICS_AND_BUSI,CANONICAL_OR_CURRENT_INFERRED
STALE_DRAFT_HISTORICAL_OR_SUPERSEDED_TEXT,REVIEW_CLASSIFICATION,docs/canon/reviews/privacy_reporting_format_counterpart_completion_v1_0/tools/build_completion.py,"""""""Build founder-authorized Privacy and Reporting deterministic counterparts."""""" | APPROVED = REPO / ""docs/canon/founder_approved_sources"" | PRIVACY_SOURCE = Path(""/Users/rianray/Downloads/MASTER_PRIVACY_AND_DATA_PROTECTION_MODEL_V2_0_REVIEWED_DRAFT.md"") | PRI",CANONICAL_OR_CURRENT_INFERRED
STALE_DRAFT_HISTORICAL_OR_SUPERSEDED_TEXT,REVIEW_CLASSIFICATION,docs/canon/reviews/privacy_reporting_format_counterpart_completion_v1_0/tools/finalize_completion.py,"APPROVED = REPO / ""docs/canon/founder_approved_sources"" | PRIVACY_SOURCE = Path(""/Users/rianray/Downloads/MASTER_PRIVACY_AND_DATA_PROTECTION_MODEL_V2_0_REVIEWED_DRAFT.md"") | ""docs/canon/companions/MASTER_EQUINESYNC_FOUNDER_DECISION_REGISTER_V1_0.md"", | ""docs/c",CANONICAL_OR_CURRENT_INFERRED
STALE_DRAFT_HISTORICAL_OR_SUPERSEDED_TEXT,REVIEW_CLASSIFICATION,docs/canon/reviews/remaining_founder_approved_adoption_and_lock_v1_0/pre_operation_current_state/C0_CURRENT_LIFECYCLE_STATE_REGISTER.json,"""historical_c0_sha256"": ""008c4f89e862e11f93cc2736450124a4a401d9e203e52a3962ebd7f8609c0b49"", | ""unresolved_source_evidence"": 5, | ""superseded_or_excluded"": 2, | ""substantive_founder_decision_required"": 1,",SUPERSEDED_OR_SUPERSESSION_TEXT_PRESENT
STALE_DRAFT_HISTORICAL_OR_SUPERSEDED_TEXT,REVIEW_CLASSIFICATION,docs/canon/reviews/remaining_founder_approved_adoption_and_lock_v1_0/pre_operation_current_state/C0_CURRENT_LIFECYCLE_STATE_REGISTER.md,"Rows: `47`; unresolved lifecycle blockers: `14`. Phase C recovered three exact sources but issued no founder identity decision, adoption, or lock. Historical C0 remains unchanged. | | C0-001 | Founder Decision Register and Adoption Evidence | EXACT_REPOSITORY_",SUPERSEDED_OR_SUPERSESSION_TEXT_PRESENT
STALE_DRAFT_HISTORICAL_OR_SUPERSEDED_TEXT,REVIEW_CLASSIFICATION,docs/canon/reviews/remaining_founder_approved_adoption_and_lock_v1_0/pre_operation_current_state/C0_CURRENT_SOURCE_OF_TRUTH_REGISTER.json,"""status"": ""UPDATED_AFTER_C0_023_CONSTITUTIONAL_LOCK_C0_035_REMAINS_BLOCKED"", | ""family"": ""Founder Decision Register and Adoption Evidence"", | ""historical_identifier"": ""EQUINESYNC_FOUNDER_DECISION_REGISTER"", | ""historical_version"": ""V1.1 baseline reported"",",HISTORICAL_DUPLICATE_DRAFT_OR_PREDECESSOR_INFERRED
STALE_DRAFT_HISTORICAL_OR_SUPERSEDED_TEXT,REVIEW_CLASSIFICATION,docs/canon/reviews/remaining_founder_approved_adoption_and_lock_v1_0/pre_operation_current_state/C0_ROW_BY_ROW_LIFECYCLE_RESOLUTION_LEDGER.json,"""status"": ""UPDATED_AFTER_C0_023_CONSTITUTIONAL_LOCK_C0_035_REMAINS_BLOCKED"", | ""founder_status"": ""FOUNDER_SOURCE_VERSION_CERTIFIED"", | ""adoption_state"": ""PENDING_SEPARATE_FOUNDER_AUTHORIZATION"", | ""lock_state"": ""PENDING_SEPARATE_FOUNDER_AUTHORIZATION"",",SUPERSEDED_OR_SUPERSESSION_TEXT_PRESENT
STALE_DRAFT_HISTORICAL_OR_SUPERSEDED_TEXT,REVIEW_CLASSIFICATION,docs/canon/reviews/remaining_founder_approved_adoption_and_lock_v1_0/pre_operation_current_state/C0_UNRESOLVED_LIFECYCLE_BLOCKER_LEDGER.md,# C0 Unresolved Lifecycle Blocker Ledger | Open blockers: `17`. Founder approval changed the reason for six blockers but did not authorize adoption or lock. | | C0 | Family | Category | Founder status | Required resolution | | | C0-005 | Master Ecosystem Model,HISTORICAL_DUPLICATE_DRAFT_OR_PREDECESSOR_INFERRED
STALE_DRAFT_HISTORICAL_OR_SUPERSEDED_TEXT,REVIEW_CLASSIFICATION,docs/canon/reviews/remaining_founder_approved_adoption_and_lock_v1_0/REMAINING_CANON_ADOPTION_AND_LOCK_EVENT_RECORD.json,"""disposition"": ""ALL_SOURCE_READY_CANONS_ADOPTED_AND_LOCKED"", | ""newly_adopted"": 13, | ""newly_locked"": 14, | ""source"": ""docs/canon/reviews/foundational_canon_source_certification_v1_0/source_event/six_reviewed_candidates/MASTER_ECOSYSTEM_MODEL_V2_1_REVIEWED_CAN",CANONICAL_OR_CURRENT_INFERRED
STALE_DRAFT_HISTORICAL_OR_SUPERSEDED_TEXT,REVIEW_CLASSIFICATION,docs/canon/reviews/remaining_founder_approved_adoption_and_lock_v1_0/REMAINING_CANON_VALIDATION_REPORT.json,"""open_p1"": 0,",HISTORICAL_DUPLICATE_DRAFT_OR_PREDECESSOR_INFERRED
STALE_DRAFT_HISTORICAL_OR_SUPERSEDED_TEXT,REVIEW_CLASSIFICATION,docs/canon/reviews/security_foundational_models_v1_0/SECURITY_FOUNDATIONAL_MODELS_ALIGNMENT_REPORT.md,**Review Type:** Controlled constitutional candidate alignment | The three candidates close distinct governance gaps without consolidating unrelated authority: | | Concern | Controlling owner | Supporting model | Boundary | | | Encryption and key lifecycle | D,CANONICAL_OR_CURRENT_INFERRED
STALE_DRAFT_HISTORICAL_OR_SUPERSEDED_TEXT,REVIEW_CLASSIFICATION,docs/canon/reviews/security_foundational_models_v1_0/SECURITY_FOUNDATIONAL_MODELS_REVIEW_MANIFEST.md,## Candidate Artifacts | 1. `docs/canon/candidates/MASTER_DATA_PROTECTION_ENCRYPTION_AND_KEY_MANAGEMENT_MODEL_V1_0.md` | 2. `docs/canon/candidates/MASTER_SECURITY_INCIDENT_RESPONSE_AND_DISCLOSURE_MODEL_V1_0.md` | 3. `docs/canon/candidates/MASTER_PLATFORM_RESIL,CANONICAL_OR_CURRENT_INFERRED
STALE_DRAFT_HISTORICAL_OR_SUPERSEDED_TEXT,REVIEW_CLASSIFICATION,docs/canon/reviews/security_foundational_models_v1_0/SECURITY_FOUNDATIONAL_MODELS_VALIDATION_REPORT.md,Documentation-only validation for three controlled candidates and their review artifacts. | The alignment report distinguishes observed implementation evidence from candidate policy and explicitly states the evidence limitations. No implementation completeness,CANONICAL_OR_CURRENT_INFERRED
STALE_DRAFT_HISTORICAL_OR_SUPERSEDED_TEXT,REVIEW_CLASSIFICATION,docs/canon/reviews/security_foundational_models_v1_0/SHA256SUMS.txt,0fa543e25a2cffe75e9d07b68ccf0adefb8ae31e10c05afd5f1b84ee452a23ba docs/canon/candidates/MASTER_DATA_PROTECTION_ENCRYPTION_AND_KEY_MANAGEMENT_MODEL_V1_0.md | 3dafa7991acc40eb321cdfeae5b9caa59dbf0a41f5184bee36ec9defb0b59734 docs/canon/candidates/MASTER_SECURITY_I,HISTORICAL_DUPLICATE_DRAFT_OR_PREDECESSOR_INFERRED
STALE_DRAFT_HISTORICAL_OR_SUPERSEDED_TEXT,REVIEW_CLASSIFICATION,docs/canon/reviews/security_privacy_trust_v1_0/MASTER_SECURITY_PRIVACY_AND_TRUST_MODEL_ALIGNMENT_REPORT.md,"`READY_FOR_FOUNDER_REVIEW` | The candidate consolidates existing EquineSync security and trust principles without changing runtime behavior or promoting planning evidence into controlling canon. | | Locked Identity V2.0 | Account control separation, actor chai",CANONICAL_OR_CURRENT_INFERRED
STALE_DRAFT_HISTORICAL_OR_SUPERSEDED_TEXT,REVIEW_CLASSIFICATION,docs/canon/reviews/security_privacy_trust_v1_0/MASTER_SECURITY_PRIVACY_AND_TRUST_MODEL_FOUNDER_DECISION_REGISTER.md,"# Master Security, Privacy, and Trust Model V1.0 Founder Decision Register | **Status:** Pending Founder review | | SPT-FD01 | Final title, version, and canon tier | Accept as Version 1.0 peer constitutional canon | Candidate only | | | SPT-FD02 | Security/pri",CANONICAL_OR_CURRENT_INFERRED
STALE_DRAFT_HISTORICAL_OR_SUPERSEDED_TEXT,REVIEW_CLASSIFICATION,docs/canon/reviews/security_privacy_trust_v1_0/MASTER_SECURITY_PRIVACY_AND_TRUST_MODEL_REVIEW_MANIFEST.md,**Package state:** `READY_FOR_FOUNDER_REVIEW` | | `docs/canon/candidates/MASTER_SECURITY_PRIVACY_AND_TRUST_MODEL_V1_0.md` | Complete controlled constitutional candidate | `4aeaea055694405e653e00af9e17ccd4e0f3ecbfa412b7c99222778d12725c00` | | | `docs/canon/revi,CANONICAL_OR_CURRENT_INFERRED
STALE_DRAFT_HISTORICAL_OR_SUPERSEDED_TEXT,REVIEW_CLASSIFICATION,docs/canon/reviews/specialized_canon_controlled_review_v1_0/CONSOLIDATED_SPECIALIZED_CANON_COMPARISON_REPORT.md,Both candidates fill real constitutional gaps and are structurally compatible with controlling canon after noncontroversial revision. Neither is ready for adoption because material founder decisions remain. | | P1 founder-decision blockers | 12 | 14 | | ## Sha,CANONICAL_OR_CURRENT_INFERRED
STALE_DRAFT_HISTORICAL_OR_SUPERSEDED_TEXT,REVIEW_CLASSIFICATION,docs/canon/reviews/specialized_canon_controlled_review_v1_0/CONTROLLED_REVIEW_COMPLETION_REPORT.md,- full substantive and structural review of both specialized drafts; | - original candidate bytes preserved and revised non-controlling candidates created with noncontroversial revisions only; | - 26 material founder decisions extracted without disposition; | ,CANONICAL_OR_CURRENT_INFERRED
STALE_DRAFT_HISTORICAL_OR_SUPERSEDED_TEXT,REVIEW_CLASSIFICATION,docs/canon/reviews/specialized_canon_controlled_review_v1_0/EXACT_SOURCE_RECOVERY_PROGRESS.md,The exact-source recovery queue remains open and unchanged in substantive classification. | | Founder Decision Register V1.1 | `EXACT_STANDALONE_SOURCE_BYTES_NOT_MOUNTED_OR_REPOSITORY_LINKED` | New specialized decisions are stored in separate draft registers; ,CANONICAL_OR_CURRENT_INFERRED
STALE_DRAFT_HISTORICAL_OR_SUPERSEDED_TEXT,REVIEW_CLASSIFICATION,docs/canon/reviews/specialized_canon_controlled_review_v1_0/MANIFEST.json,"""path"": ""docs/canon/reviews/drafting_equine_health_welfare_medical_v1_0/COMPANION_ARTIFACT_RECONCILIATION.md"", | ""path"": ""docs/canon/reviews/drafting_equine_health_welfare_medical_v1_0/CROSS_CANON_CONFLICT_AND_DEPENDENCY_MATRIX.md"", | ""path"": ""docs/canon/revie",HISTORICAL_DUPLICATE_DRAFT_OR_PREDECESSOR_INFERRED
STALE_DRAFT_HISTORICAL_OR_SUPERSEDED_TEXT,REVIEW_CLASSIFICATION,docs/canon/reviews/specialized_canon_controlled_review_v1_0/SHA256SUMS.txt,2da6f8e57f0f930460c741d5f654cd65b3f915c3d4a981e8c33d289ebb50ce84 docs/canon/reviews/drafting_equine_health_welfare_medical_v1_0/COMPANION_ARTIFACT_RECONCILIATION.md | 44c2b31f49bddbfcf40e7368a3edcb642cc84ccc81a6889909b3bfe7e4742b99 docs/canon/reviews/drafting_,HISTORICAL_DUPLICATE_DRAFT_OR_PREDECESSOR_INFERRED
STALE_DRAFT_HISTORICAL_OR_SUPERSEDED_TEXT,REVIEW_CLASSIFICATION,docs/canon/reviews/specialized_canon_controlled_review_v1_0/SPECIALIZED_CANON_REVIEW_SUMMARY.json,"""program"": ""CONTROLLED_SPECIALIZED_CANON_SUBSTANTIVE_REVIEW_AND_FOUNDER_DECISION_EXTRACTION"", | ""original_draft"": ""docs/canon/reviews/drafting_minor_guardianship_safeguarding_v1_0/MASTER_MINOR_GUARDIANSHIP_SAFEGUARDING_AND_DELEGATED_ASSISTANCE_CANON_V1_0_DRAFT",CANONICAL_OR_CURRENT_INFERRED
STALE_DRAFT_HISTORICAL_OR_SUPERSEDED_TEXT,REVIEW_CLASSIFICATION,docs/canon/reviews/specialized_canon_controlled_review_v1_0/VALIDATION_REPORT.md,| Original candidate preservation | 2/2 exact hashes preserved | | | Safeguarding founder decisions | 12 unique IDs | | | Equine Health founder decisions | 14 unique IDs | | | Required topic coverage | Passed for both revised drafts |,HISTORICAL_DUPLICATE_DRAFT_OR_PREDECESSOR_INFERRED
STALE_DRAFT_HISTORICAL_OR_SUPERSEDED_TEXT,REVIEW_CLASSIFICATION,docs/canon/reviews/stage0_c0_classification_correction/CONTROLLED_REVIEW_INGESTION_CORRECTION_REPORT.md,"**Scope:** Documentation, exact-source preservation, controlled drafting, and evidence reconciliation only | The founder-requested blocker-classification corrections are complete. The four Governance Companion instruments are no longer described as substantive",CANONICAL_OR_CURRENT_INFERRED
STALE_DRAFT_HISTORICAL_OR_SUPERSEDED_TEXT,REVIEW_CLASSIFICATION,docs/canon/reviews/stage0_c0_classification_correction/EXACT_SOURCE_RECOVERY_QUEUE.md,"**State:** Open controlled recovery queue | This queue preserves existing substantive and founder-acceptance status. It does not authorize reconstruction, paraphrase, replacement drafting, promotion, adoption, or supersession. | | ESR-001 | Founder Decision Re",CANONICAL_OR_CURRENT_INFERRED
STALE_DRAFT_HISTORICAL_OR_SUPERSEDED_TEXT,REVIEW_CLASSIFICATION,docs/canon/reviews/stage0_c0_classification_correction/MANIFEST.json,"""path"": ""docs/canon/reviews/stage0_c0_classification_correction/UNRESOLVED_SOURCE_LEDGER.json"", | ""path"": ""docs/canon/reviews/drafting_minor_guardianship_safeguarding_v1_0/MASTER_MINOR_GUARDIANSHIP_SAFEGUARDING_AND_DELEGATED_ASSISTANCE_CANON_V1_0_DRAFT.md"", | ",HISTORICAL_DUPLICATE_DRAFT_OR_PREDECESSOR_INFERRED
STALE_DRAFT_HISTORICAL_OR_SUPERSEDED_TEXT,REVIEW_CLASSIFICATION,docs/canon/reviews/stage0_c0_classification_correction/OFFLINE_AND_PROGRAM_EVIDENCE_CONSOLIDATION.md,"This record consolidates repository-addressable evidence without reopening, editing, replacing, or reinterpreting locked Wave 0, Wave 1, Wave 2, native-offline-readiness, bounded-corrective, or provider-isolation decisio | | `outputs/native_offline_sync_stop_e",CANONICAL_OR_CURRENT_INFERRED
STALE_DRAFT_HISTORICAL_OR_SUPERSEDED_TEXT,REVIEW_CLASSIFICATION,docs/canon/reviews/stage0_c0_classification_correction/SHA256SUMS.txt,2da6f8e57f0f930460c741d5f654cd65b3f915c3d4a981e8c33d289ebb50ce84 docs/canon/reviews/drafting_equine_health_welfare_medical_v1_0/COMPANION_ARTIFACT_RECONCILIATION.md | 650b18d42b16a4e9d931fe6843d9723ed684858192085763d05933b34f9e54ea docs/canon/reviews/drafting_,HISTORICAL_DUPLICATE_DRAFT_OR_PREDECESSOR_INFERRED
STALE_DRAFT_HISTORICAL_OR_SUPERSEDED_TEXT,REVIEW_CLASSIFICATION,docs/canon/reviews/stage0_c0_classification_correction/VALIDATION_REPORT.md,| Historical Dependency Map V1.0 DOCX integrity | Passed | | | Unresolved source ledger | Passed; 17 explicit rows and all authority flags false | | | Draft non-authority markers | Passed for both drafting workspaces | | The two unexecuted scans are correctly ,CANONICAL_OR_CURRENT_INFERRED
STALE_DRAFT_HISTORICAL_OR_SUPERSEDED_TEXT,REVIEW_CLASSIFICATION,docs/canon/reviews/stage0_c0_repository_incorporation/C0_REPOSITORY_RECONCILIATION_SUPPLEMENT_V1_0.md,**Baseline:** Founder-approved C0 V1.0 source reconciliation | | `AUTHORIZED_DRAFT_REQUIRED` | 2 | | | `COMPETING_FAMILY_SOURCE_UNRESOLVED` | 2 | | | `EXACT_PACKAGE_SOURCE_VERIFIED_REPOSITORY_PATH_UNRESOLVED` | 8 |,HISTORICAL_DUPLICATE_DRAFT_OR_PREDECESSOR_INFERRED
STALE_DRAFT_HISTORICAL_OR_SUPERSEDED_TEXT,REVIEW_CLASSIFICATION,docs/canon/reviews/stage0_c0_repository_incorporation/SHA256SUMS.txt,7b2a6a710650092330573ec9347b2df4cf720d7ecedecb0010642be1acef4eb6 docs/canon/reviews/c0_source_reconciliation_v1_0/EQUINESYNC_C0_UNRESOLVED_EVIDENCE_CLASSIFICATION_LEDGER_V1_0.md | 423006d23e3822f4fd23063bdfa79e928fc7ca727d71477694d8a17852675eb4 docs/canon/revi,HISTORICAL_DUPLICATE_DRAFT_OR_PREDECESSOR_INFERRED
STALE_DRAFT_HISTORICAL_OR_SUPERSEDED_TEXT,REVIEW_CLASSIFICATION,docs/canon/reviews/stage0_c0_repository_incorporation/STAGE0_C0_REPOSITORY_INCORPORATION_MANIFEST.json,"""disposition"": ""STAGE0_AND_C0_PACKAGES_INCORPORATED_REPOSITORY_RECONCILIATION_FINDINGS_REQUIRE_FOUNDER_REVIEW"", | ""path"": ""docs/canon/reviews/c0_source_reconciliation_v1_0/EQUINESYNC_C0_UNRESOLVED_EVIDENCE_CLASSIFICATION_LEDGER_V1_0.md"", | ""path"": ""docs/canon/",CANONICAL_OR_CURRENT_INFERRED
STALE_DRAFT_HISTORICAL_OR_SUPERSEDED_TEXT,REVIEW_CLASSIFICATION,docs/canon/reviews/stage0_c0_repository_incorporation/STAGE0_C0_REPOSITORY_PATH_MAPPING.json,"""source_artifact"": ""EQUINESYNC_SECURITY_FOUNDATIONAL_MODELS_V1_0_FOUNDER_VERSION_EXCEPTION_DIRECTIVE_V1_0.docx"", | ""repository_path"": ""docs/canon/reviews/stage0_companion_reconciliation_v1_2/EQUINESYNC_SECURITY_FOUNDATIONAL_MODELS_V1_0_FOUNDER_VERSION_EXCEPTIO",HISTORICAL_DUPLICATE_DRAFT_OR_PREDECESSOR_INFERRED
STALE_DRAFT_HISTORICAL_OR_SUPERSEDED_TEXT,REVIEW_CLASSIFICATION,docs/canon/reviews/stage0_c0_repository_incorporation/STAGE0_C0_UNRESOLVED_CONFLICT_LEDGER.md,# Stage 0 and C0 Unresolved Conflict Ledger | | ID | Category | Evidence | Current treatment | Founder action required | | | SC0-01 | Security topology header drift | Resilience V1.0 calls Platform Operations the owning canon; the Founder exception defines Inc,CANONICAL_OR_CURRENT_INFERRED
STALE_DRAFT_HISTORICAL_OR_SUPERSEDED_TEXT,REVIEW_CLASSIFICATION,docs/canon/reviews/stage0_companion_reconciliation_v1_2/03_MEDIA_FILES_DIGITAL_ASSET_GOVERNANCE_GAP_MATRIX_V1_1.md,"**FOUNDER-ACCEPTED SUBORDINATE GOVERNANCE ARTIFACT - NOT CANON - NOT ADOPTED - NOT LOCKED - NO IMPLEMENTATION AUTHORITY** | | Draft Date | July 14, 2026 | | | Lifecycle State | FOUNDER_ACCEPTED_SUBORDINATE_GOVERNANCE_ARTIFACT | | | Founder Authority | Founder ",CANONICAL_OR_CURRENT_INFERRED
STALE_DRAFT_HISTORICAL_OR_SUPERSEDED_TEXT,REVIEW_CLASSIFICATION,docs/canon/reviews/stage0_companion_reconciliation_v1_2/04_MEDIA_FILES_DIGITAL_ASSET_CLASSIFICATION_AND_HANDLING_MATRIX_V1_1.md,"**FOUNDER-ACCEPTED SUBORDINATE GOVERNANCE AND IMPLEMENTATION-PLANNING ARTIFACT - NOT CANON - NOT ADOPTED - NOT LOCKED - NO IMPLEMENTATION AUTHORITY** | | Draft Date | July 14, 2026 | | | Lifecycle State | FOUNDER_ACCEPTED_SUBORDINATE_GOVERNANCE_ARTIFACT | | | ",CANONICAL_OR_CURRENT_INFERRED
STALE_DRAFT_HISTORICAL_OR_SUPERSEDED_TEXT,REVIEW_CLASSIFICATION,docs/canon/reviews/stage0_companion_reconciliation_v1_2/EQUINESYNC_CANON_DEPENDENCY_MAP_V1_1.md,"| **Status** | Founder-Accepted Constitutional Support Artifact | | | **Constitutional function: This Map shows what must exist first, what must be read together, and what must be revalidated after change. It does not replace the substantive canon, Authority M",SUPERSEDED_OR_SUPERSESSION_TEXT_PRESENT
STALE_DRAFT_HISTORICAL_OR_SUPERSEDED_TEXT,REVIEW_CLASSIFICATION,docs/canon/reviews/stage0_companion_reconciliation_v1_2/EQUINESYNC_CONSTITUTIONAL_AUTHORITY_MATRIX_V1_1.md,"| **Status** | Founder-Accepted Constitutional Support Artifact | | public-launch authority. The active controlling version and lifecycle | Controlled Canon Index and governing founder evidence. | 2. Founder directives, constitutional acceptance and adoption d",SUPERSEDED_OR_SUPERSESSION_TEXT_PRESENT
STALE_DRAFT_HISTORICAL_OR_SUPERSEDED_TEXT,REVIEW_CLASSIFICATION,docs/canon/reviews/stage0_companion_reconciliation_v1_2/EQUINESYNC_CONSTITUTIONAL_CROSS_REFERENCE_INDEX_V1_1.md,"| **Status** | Founder-Accepted Constitutional Support Artifact | | authority. The controlling version and lifecycle posture of each | founder evidence, and applicable lock or implementation records. | Founder-designated exception: the Security Foundational Mo",SUPERSEDED_OR_SUPERSESSION_TEXT_PRESENT
STALE_DRAFT_HISTORICAL_OR_SUPERSEDED_TEXT,REVIEW_CLASSIFICATION,docs/canon/reviews/stage0_companion_reconciliation_v1_2/EQUINESYNC_CONSTITUTIONAL_VOCABULARY_AND_DEFINITIONS_INDEX_V1_1.md,| **Status** | Founder Accepted Constitutional Support Artifact | | Version 1.1 updates Media-domain references to the founder-accepted V2.1 | EquineSync constitutional canon. It consolidates controlling and | definition conflicts with a controlling founder-ac,CANONICAL_OR_CURRENT_INFERRED
STALE_DRAFT_HISTORICAL_OR_SUPERSEDED_TEXT,REVIEW_CLASSIFICATION,docs/canon/reviews/stage0_companion_reconciliation_v1_2/EQUINESYNC_GOVERNANCE_COMPANION_ARTIFACTS_REVIEW_MEMORANDUM_V1_2.docx,STATUS_NOT_EXPLICITLY_EXTRACTED,HISTORICAL_DUPLICATE_DRAFT_OR_PREDECESSOR_INFERRED
STALE_DRAFT_HISTORICAL_OR_SUPERSEDED_TEXT,REVIEW_CLASSIFICATION,docs/canon/reviews/stage0_companion_reconciliation_v1_2/EQUINESYNC_GOVERNANCE_COMPANION_ARTIFACTS_REVIEW_MEMORANDUM_V1_2.md,VERSION 1.2 • FOUNDER-ACCEPTED GOVERNANCE REVIEW ARTIFACT • NOT ADOPTED | • NOT LOCKED | | **Disposition** | RECONCILED_WITH_FOUNDER_SECURITY_VERSION_EXCEPTION | | | **Adoption** | NOT ADOPTED |,SUPERSEDED_OR_SUPERSESSION_TEXT_PRESENT
STALE_DRAFT_HISTORICAL_OR_SUPERSEDED_TEXT,REVIEW_CLASSIFICATION,docs/canon/reviews/stage0_companion_reconciliation_v1_2/EQUINESYNC_SECURITY_FOUNDATIONAL_MODELS_V1_0_FOUNDER_VERSION_EXCEPTION_DIRECTIVE_V1_0.md,# EQUINESYNC SECURITY FOUNDATIONAL MODELS V1.0 FOUNDER VERSION EXCEPTION DIRECTIVE | **Document Identifier:** `EQUINESYNC_SECURITY_FOUNDATIONAL_MODELS_V1_0_FOUNDER_VERSION_EXCEPTION_DIRECTIVE_V1_0` | **Document Type:** Founder Version-Exception and Cross-Canon,SUPERSEDED_OR_SUPERSESSION_TEXT_PRESENT
STALE_DRAFT_HISTORICAL_OR_SUPERSEDED_TEXT,REVIEW_CLASSIFICATION,docs/canon/reviews/stage0_companion_reconciliation_v1_2/history/EQUINESYNC_CANON_DEPENDENCY_MAP_V1_0_CONTROLLED_DRAFT.docx,PATH_CLASSIFICATION: historical | PATH_CLASSIFICATION: candidate_or_draft,CANONICAL_OR_CURRENT_INFERRED
STALE_DRAFT_HISTORICAL_OR_SUPERSEDED_TEXT,REVIEW_CLASSIFICATION,docs/canon/reviews/stage0_companion_reconciliation_v1_2/MANIFEST.json,"""founder_acceptance"": ""RECORDED"", | ""package"": ""security_foundational_models_v1_0_founder_review_package.zip"", | ""rule"": ""The identified V1.0 security foundational artifacts control within their reconciled scope until expressly superseded by founder directive.",SUPERSEDED_OR_SUPERSESSION_TEXT_PRESENT
STALE_DRAFT_HISTORICAL_OR_SUPERSEDED_TEXT,REVIEW_CLASSIFICATION,docs/canon/reviews/stage0_companion_reconciliation_v1_2/MASTER_MEDIA_FILES_AND_DIGITAL_ASSET_GOVERNANCE_MODEL_V2_1.md,"**FOUNDER-ACCEPTED CONTROLLING SUBSTANTIVE CANON - NOT ADOPTED - NOT LOCKED - NO IMPLEMENTATION AUTHORITY** | | Draft Date | July 14, 2026 | | | Lifecycle State | FOUNDER_ACCEPTED_CONTROLLING_SUBSTANTIVE_CANON_NOT_ADOPTED_NOT_LOCKED | | | Founder Decision Auth",SUPERSEDED_OR_SUPERSESSION_TEXT_PRESENT
STALE_DRAFT_HISTORICAL_OR_SUPERSEDED_TEXT,REVIEW_CLASSIFICATION,docs/canon/reviews/stage0_companion_reconciliation_v1_2/presentation/EQUINESYNC_GOVERNANCE_COMPANION_ARTIFACTS_REVIEW_MEMORANDUM_V1_2.pdf,STATUS_NOT_EXPLICITLY_EXTRACTED,HISTORICAL_DUPLICATE_DRAFT_OR_PREDECESSOR_INFERRED
STALE_DRAFT_HISTORICAL_OR_SUPERSEDED_TEXT,REVIEW_CLASSIFICATION,docs/canon/reviews/stage0_companion_reconciliation_v1_2/SHA256SUMS.txt,05b1dfe08cb436c560fe6cb5e57d7d84271afcbfc9dc9b7738904cdb5851d2c0 EQUINESYNC_SECURITY_FOUNDATIONAL_MODELS_V1_0_FOUNDER_VERSION_EXCEPTION_DIRECTIVE_V1_0.docx | 9bd05475d6b6f024199239a5e2fb4c4b865b501a707c5fc6ec7a9954ba28a66e EQUINESYNC_SECURITY_FOUNDATIONAL_MODE,HISTORICAL_DUPLICATE_DRAFT_OR_PREDECESSOR_INFERRED
STALE_DRAFT_HISTORICAL_OR_SUPERSEDED_TEXT,REVIEW_CLASSIFICATION,docs/DECISION_LOG.md,- **Reason:** Matches the Start Prompt's `/docs` reference; the existing `/app/memory` folder holds historical founder-beta artifacts and is retained for reference. | - **Risks:** None to runtime; identified code gaps remain open until their sequenced phases.,CANONICAL_OR_CURRENT_INFERRED
STALE_DRAFT_HISTORICAL_OR_SUPERSEDED_TEXT,REVIEW_CLASSIFICATION,docs/DEPENDENCY_AUDIT.md,- **4** have **no import anywhere in `src/`** → removal candidates (below). | - **1 secondary candidate**: `react-hook-form` is imported only by an | ## Removal candidates (NOT removed — proposal only) | ## Secondary candidate (deeper review needed),CANONICAL_OR_CURRENT_INFERRED
STALE_DRAFT_HISTORICAL_OR_SUPERSEDED_TEXT,REVIEW_CLASSIFICATION,docs/equine_sync_build_packet/01_Product_Requirements_Document.md,"- Invite status is visible: draft, sent, opened, accepted, expired, revoked. | - Old-barn access is removed when horse leaves unless explicitly retained. | - Roster view with pending, confirmed, declined, and waitlisted status. | Priority: P1/P2 depending on l",CANONICAL_OR_CURRENT_INFERRED
STALE_DRAFT_HISTORICAL_OR_SUPERSEDED_TEXT,REVIEW_CLASSIFICATION,docs/equine_sync_build_packet/04_Data_Model_and_Technical_Guide.md,"| HorseLocationAssignment | Current or historical horse location. | id, horse_id, area_id, assignment_type, start_at, end_at, assigned_by. | | Draft -> Sent -> Opened -> Accepted | Pending -> Active -> Suspended -> Left -> Archived | - Left user may retain own",CANONICAL_OR_CURRENT_INFERRED
STALE_DRAFT_HISTORICAL_OR_SUPERSEDED_TEXT,REVIEW_CLASSIFICATION,docs/equine_sync_build_packet/07_Compliance_Payments_and_Legal_Docs_Notes.md,"- How long are signed documents retained? | - System tracks draft, sent, viewed, signed, declined, expired, voided, and completed. | - How are audit logs retained? | - Keep historical action logs for operational integrity.",CANONICAL_OR_CURRENT_INFERRED
STALE_DRAFT_HISTORICAL_OR_SUPERSEDED_TEXT,REVIEW_CLASSIFICATION,docs/equine_sync_build_packet/MANIFEST.txt,- 09_Decision_Log_and_Open_Questions.md | - 09_Decision_Log_and_Open_Questions.pdf,HISTORICAL_DUPLICATE_DRAFT_OR_PREDECESSOR_INFERRED
STALE_DRAFT_HISTORICAL_OR_SUPERSEDED_TEXT,REVIEW_CLASSIFICATION,docs/FEATURE_BACKLOG_FOUNDATIONS.md,"- `POST /api/automation/generate-drafts` | - Health reminders with overdue/due/scheduled/complete grouping, due-date awareness, completion/reopen actions, add form, and soft archive. | - Recurring billing rules with active/paused/draft status, next-run trackin",CANONICAL_OR_CURRENT_INFERRED
STALE_DRAFT_HISTORICAL_OR_SUPERSEDED_TEXT,REVIEW_CLASSIFICATION,docs/FIELD_RELIABILITY_OFFLINE_MATRIX.md,"- Partial: some draft, queue, or recovery behavior exists, but not a full launch-grade workflow. | - Online-only: no current source evidence of offline/draft/queue support. | - QuickAddSheet has local draft preservation behavior. | - HorseOps draft helpers use",CANONICAL_OR_CURRENT_INFERRED
STALE_DRAFT_HISTORICAL_OR_SUPERSEDED_TEXT,REVIEW_CLASSIFICATION,docs/governance_v1_0/GLOBAL_GOVERNANCE_V1_0_BASELINE_MANIFEST.json,"""founder_authority"": ""LOCK_GLOBAL_GOVERNANCE_V1"", | ""docs/governance_v1_0/GLOBAL_GOVERNANCE_V1_0_HISTORICAL_MANIFEST_CLASSIFICATION.md"", | ""path"": ""docs/canon/CANON_HISTORICAL_PROVENANCE_EXCEPTION_LEDGER.md"", | ""path"": ""docs/canon/MASTER_AI_FOUNDER_DECISION_RE",CANONICAL_OR_CURRENT_INFERRED
STALE_DRAFT_HISTORICAL_OR_SUPERSEDED_TEXT,REVIEW_CLASSIFICATION,docs/governance_v1_0/GLOBAL_GOVERNANCE_V1_0_HISTORICAL_MANIFEST_CLASSIFICATION.md,"# Global Governance V1.0 Historical Manifest Classification | Existing `SHA256SUMS`, package manifests, adoption manifests, and lock manifests are preserved exactly as historical lifecycle evidence. | 2. **Point-in-time cross-repository manifests.** They recor",CANONICAL_OR_CURRENT_INFERRED
STALE_DRAFT_HISTORICAL_OR_SUPERSEDED_TEXT,REVIEW_CLASSIFICATION,docs/governance_v1_0/GLOBAL_GOVERNANCE_V1_0_POST_LOCK_CHANGE_CONTROL.md,5. Historical manifests remain point-in-time evidence and must not be rewritten to match later mutable registry states. | 6. No governance change creates implementation or operational authority unless a separate founder directive grants it explicitly.,CANONICAL_OR_CURRENT_INFERRED
STALE_DRAFT_HISTORICAL_OR_SUPERSEDED_TEXT,REVIEW_CLASSIFICATION,docs/governance_v1_0/GLOBAL_GOVERNANCE_V1_0_SCOPE.md,"- Founder decision: `LOCK_GLOBAL_GOVERNANCE_V1` | 1. `docs/canon/`, including adopted sources, adoption records, lock records, lock certificates, post-lock protocols, registries, founder decisions, requirement traceability, dependency and authority evidence, r",CANONICAL_OR_CURRENT_INFERRED
STALE_DRAFT_HISTORICAL_OR_SUPERSEDED_TEXT,REVIEW_CLASSIFICATION,docs/governance_v1_0/GLOBAL_GOVERNANCE_V1_0_SHA256SUMS.txt,db6cfdacd31a6f57b082f7393568f80173e8004d8339579ea7bac7301b691815 docs/governance_v1_0/GLOBAL_GOVERNANCE_V1_0_HISTORICAL_MANIFEST_CLASSIFICATION.md,CANONICAL_OR_CURRENT_INFERRED
STALE_DRAFT_HISTORICAL_OR_SUPERSEDED_TEXT,REVIEW_CLASSIFICATION,docs/governance_v1_0/GLOBAL_GOVERNANCE_V1_0_VALIDATION_REPORT.md,- Open P1: `0` | ## Historical manifest treatment,HISTORICAL_DUPLICATE_DRAFT_OR_PREDECESSOR_INFERRED
STALE_DRAFT_HISTORICAL_OR_SUPERSEDED_TEXT,REVIEW_CLASSIFICATION,docs/implementation/history/MASTER_EQUINESYNC_IMPLEMENTATION_ATLAS_V1_0_REVIEWED_SOURCE.md,"**Status:** Controlled Candidate for Founder Review | **Implementation Authority:** FALSE unless separately granted through an authorized RF, release gate, or founder directive | - founder review points; | This Atlas does not create constitutional policy, amen",CANONICAL_OR_CURRENT_INFERRED
STALE_DRAFT_HISTORICAL_OR_SUPERSEDED_TEXT,REVIEW_CLASSIFICATION,docs/implementation/MASTER_EQUINESYNC_IMPLEMENTATION_ATLAS_ADOPTION_READINESS_REPORT.md,- The candidate preserves explicit non-authority boundaries. | - Current-state corrections are evidence-qualified and already accepted for founder-review purposes. | - P1 findings can be retained as scoped implementation gates without misrepresenting readiness,CANONICAL_OR_CURRENT_INFERRED
STALE_DRAFT_HISTORICAL_OR_SUPERSEDED_TEXT,REVIEW_CLASSIFICATION,docs/implementation/MASTER_EQUINESYNC_IMPLEMENTATION_ATLAS_CANON_TRACEABILITY.md,"| Phase | Controlling/relevant authority | Locked RF/ATLAS baseline | Unresolved blocker | Implementation / production | | | 0 Program readiness | Product Vision, Ecosystem, ATLAS Governance, Canon Index/registries | Master EquineSync Wave 0 locked; ATLAS0-4 a",CANONICAL_OR_CURRENT_INFERRED
STALE_DRAFT_HISTORICAL_OR_SUPERSEDED_TEXT,REVIEW_CLASSIFICATION,docs/implementation/MASTER_EQUINESYNC_IMPLEMENTATION_ATLAS_DELIVERABLE_MANIFEST.md,**Package state:** `CONTROLLED_CANDIDATE_FOR_FOUNDER_REVIEW` | | `docs/implementation/MASTER_EQUINESYNC_IMPLEMENTATION_ATLAS_V1_0.md` | Corrected orchestration candidate | Controlled candidate | `bfa77b5e03fd9a75c8865b723794ee2da687754f030e72022f1476b9af6021d8,SUPERSEDED_OR_SUPERSESSION_TEXT_PRESENT
STALE_DRAFT_HISTORICAL_OR_SUPERSEDED_TEXT,REVIEW_CLASSIFICATION,docs/implementation/MASTER_EQUINESYNC_IMPLEMENTATION_ATLAS_DEPENDENCY_MAP.md,Founder directives -> controlling canon -> locked ATLAS/RF baselines -> adopted domain models -> Implementation Atlas -> future authorized RFs -> technical designs -> release evidence. | | Identity before permission-dependent implementation | `docs/canon/MASTE,CANONICAL_OR_CURRENT_INFERRED
STALE_DRAFT_HISTORICAL_OR_SUPERSEDED_TEXT,REVIEW_CLASSIFICATION,docs/implementation/MASTER_EQUINESYNC_IMPLEMENTATION_ATLAS_FOUNDER_REVIEW_MANIFEST.md,# Master EquineSync Implementation Atlas Founder Review Manifest | **Gate:** `FOUNDER_DECISION_PACKET_READY` | **Atlas status:** `CONTROLLED_CANDIDATE_FOR_FOUNDER_REVIEW` | | `MASTER_EQUINESYNC_IMPLEMENTATION_ATLAS_V1_0.md` | `bfa77b5e03fd9a75c8865b723794ee2da,CANONICAL_OR_CURRENT_INFERRED
STALE_DRAFT_HISTORICAL_OR_SUPERSEDED_TEXT,REVIEW_CLASSIFICATION,docs/implementation/MASTER_EQUINESYNC_IMPLEMENTATION_ATLAS_P1_RESOLUTION_MATRIX.md,**Status:** Founder decision preparation only | **Atlas state:** `ADOPTED_PLANNING_ATLAS_NOT_LOCKED` | - **Dependencies:** ATLAS5 controlled intake; locked External Architecture V2.0; repository deployment/integration evidence | - **Current state:** Corrected ,SUPERSEDED_OR_SUPERSESSION_TEXT_PRESENT
STALE_DRAFT_HISTORICAL_OR_SUPERSEDED_TEXT,REVIEW_CLASSIFICATION,docs/implementation/MASTER_EQUINESYNC_IMPLEMENTATION_ATLAS_REVIEW_REPORT.md,"`CONTROLLED_REVIEW_COMPLETE_READY_FOR_FOUNDER_REVIEW` | The Atlas is a planning-only controlled candidate. It is not constitutional canon, adopted, locked, implementation-authorizing, production-authorizing, or release-authorizing. | The reviewed source was pr",CANONICAL_OR_CURRENT_INFERRED
STALE_DRAFT_HISTORICAL_OR_SUPERSEDED_TEXT,REVIEW_CLASSIFICATION,docs/implementation/MASTER_EQUINESYNC_IMPLEMENTATION_ATLAS_V1_0_ADOPTION_REPORT.md,"The unchanged controlled candidate is adopted as EquineSync's authoritative planning and implementation-orchestration instrument. It remains subordinate to founder directives, controlling canon, locked ATLAS/RF decisions | - Candidate/adopted SHA-256: `bfa77b5",CANONICAL_OR_CURRENT_INFERRED
STALE_DRAFT_HISTORICAL_OR_SUPERSEDED_TEXT,REVIEW_CLASSIFICATION,docs/implementation/MASTER_EQUINESYNC_IMPLEMENTATION_ATLAS_V1_0_ADOPTION_VERIFICATION_MATRIX.md,| Candidate checksum | Pass: `bfa77b5e...` | | | Wave 0 linked/locked | Pass | | | Identity V2.0 linked/locked | Pass | | | Locked RF/ATLAS boundaries accurate | Pass |,CANONICAL_OR_CURRENT_INFERRED
STALE_DRAFT_HISTORICAL_OR_SUPERSEDED_TEXT,REVIEW_CLASSIFICATION,docs/implementation/MASTER_EQUINESYNC_IMPLEMENTATION_ATLAS_V1_0.md,"**Status:** Controlled Candidate for Founder Review | **Implementation Authority:** FALSE unless separately granted through an authorized RF, release gate, or founder directive | - founder review points; | This Atlas does not create constitutional policy, amen",CANONICAL_OR_CURRENT_INFERRED
STALE_DRAFT_HISTORICAL_OR_SUPERSEDED_TEXT,REVIEW_CLASSIFICATION,docs/implementation/MASTER_EQUINESYNC_RF_INDEX.md,| W1-RF01 | assessment complete; founder dispositions recorded | historical planning evidence | | | W1-RF02 | complete; included in `WAVE_1_LOCKED` | verified local/test identity hardening only | | | Wave 1 | `WAVE_1_LOCKED`; `COMPLETE` | production and Wave 2,CANONICAL_OR_CURRENT_INFERRED
STALE_DRAFT_HISTORICAL_OR_SUPERSEDED_TEXT,REVIEW_CLASSIFICATION,docs/implementation/MASTER_EQUINESYNC_WAVE_0_CANON_INTEGRATION_PLAN.md,"1. Inventory current controlling, adopted, locked, candidate, historical, superseded, and planning-only artifacts. | 2. Verify checksums and preserve locked/canonical bytes. | Stop only the affected integration for checksum mismatch, unclear authority, conflic",SUPERSEDED_OR_SUPERSESSION_TEXT_PRESENT
STALE_DRAFT_HISTORICAL_OR_SUPERSEDED_TEXT,REVIEW_CLASSIFICATION,docs/implementation/MASTER_EQUINESYNC_WAVE_0_CANON_INTEGRATION_REPORT.md,- Open P1 in Atlas scope: `6`; none blocks Wave 0 governance integration or lock | - Retained linked P2: `6` | - Reconciled the live Canon Index to the final RF29 locked state and removed obsolete intermediate status claims from that current index. | - Updated,CANONICAL_OR_CURRENT_INFERRED
STALE_DRAFT_HISTORICAL_OR_SUPERSEDED_TEXT,REVIEW_CLASSIFICATION,docs/implementation/MASTER_EQUINESYNC_WAVE_0_CANON_STATE_CHANGE_LOG.md,| Canon Index RF29 status | Final lock plus obsolete intermediate states | Final `RF29_LOCKED` state only | None; historical RF29 evidence preserved | | | Agreement/Audit Identity dependency | “Identity candidate” | Adopted Identity V2.0 | Descriptive correcti,CANONICAL_OR_CURRENT_INFERRED
STALE_DRAFT_HISTORICAL_OR_SUPERSEDED_TEXT,REVIEW_CLASSIFICATION,docs/implementation/MASTER_EQUINESYNC_WAVE_0_POST_LOCK_IDENTITY_UPDATE.md,"Identity V2.0 was constitutionally locked through a separate founder directive after Wave 0 lock. | - Wave 0 lock package remains immutable historical evidence of the state at Wave 0 lock. | - Current mutable indexes, registries, Atlas references, and Program ",CANONICAL_OR_CURRENT_INFERRED
STALE_DRAFT_HISTORICAL_OR_SUPERSEDED_TEXT,REVIEW_CLASSIFICATION,docs/implementation/MASTER_EQUINESYNC_WAVE_0_SOURCE_PRESERVATION_REPORT.md,| Product Vision PDF | `docs/canon/MASTER_PRODUCT_VISION.pdf` | Original binary retained | | | Relationship V1 | `docs/canon/history/MASTER_RELATIONSHIP_MODEL_V1_FINAL_LOCKED.md` | Historical locked predecessor retained | | | External Architecture reviewed sou,CANONICAL_OR_CURRENT_INFERRED
STALE_DRAFT_HISTORICAL_OR_SUPERSEDED_TEXT,REVIEW_CLASSIFICATION,docs/implementation/MASTER_EQUINESYNC_WAVE_1_CURRENT_STATE_ASSESSMENT.md,"- What historical account, actor, barn, and attribution data must survive any later convergence?",CANONICAL_OR_CURRENT_INFERRED
STALE_DRAFT_HISTORICAL_OR_SUPERSEDED_TEXT,REVIEW_CLASSIFICATION,docs/implementation/MASTER_EQUINESYNC_WAVE_1_DELIVERABLE_MANIFEST.md,**Disposition:** `READY_FOR_FOUNDER_AUTHORIZATION_WITH_SCOPED_BLOCKS` | **Wave 1 state:** `UNAUTHORIZED_PENDING_FOUNDER_DECISION` | | `docs/implementation/MASTER_EQUINESYNC_WAVE_1_FOUNDER_DECISION_PACKET.md` | `f5262f28052026d99c54d74c4aca430c99a58efcbf47b5c71,HISTORICAL_DUPLICATE_DRAFT_OR_PREDECESSOR_INFERRED
STALE_DRAFT_HISTORICAL_OR_SUPERSEDED_TEXT,REVIEW_CLASSIFICATION,docs/implementation/MASTER_EQUINESYNC_WAVE_1_SCOPE_OPTIONS.md,- **Dependencies:** Locked Identity/Relationship/External Architecture; Permission; Stewardship; Audit candidate; Wave 0. | - **Rollback:** Not applicable; documentation-only outputs can be superseded. | - **Founder decisions:** Approve bounded assessment; lat,SUPERSEDED_OR_SUPERSESSION_TEXT_PRESENT
STALE_DRAFT_HISTORICAL_OR_SUPERSEDED_TEXT,REVIEW_CLASSIFICATION,docs/implementation/MEIA_P1_01_EVIDENCE_VERIFICATION_REPORT.md,"The controlled candidate remains byte-identical to the reviewed checksum. Its current-state wording aligns with Wave 0, ATLAS5, repository configuration, and integration foundations.",CANONICAL_OR_CURRENT_INFERRED
STALE_DRAFT_HISTORICAL_OR_SUPERSEDED_TEXT,REVIEW_CLASSIFICATION,docs/implementation/MEIA_P1_01_FINAL_FOUNDER_DISPOSITION.md,"# MEIA-P1-01 Final Founder Disposition | - Candidate SHA-256: `bfa77b5e03fd9a75c8865b723794ee2da687754f030e72022f1476b9af6021d8` | The founder disposition accepts only the corrected, evidence-qualified description of repository and service state. It does not c",CANONICAL_OR_CURRENT_INFERRED
STALE_DRAFT_HISTORICAL_OR_SUPERSEDED_TEXT,REVIEW_CLASSIFICATION,docs/implementation/NATIVE_OFFLINE_SYNC_IMPLEMENTATION_PLANNING/NATIVE_OFFLINE_SYNC_CANON_TRACEABILITY.md,"No controlling-canon conflict was found. Candidate documents are dependency | inputs only and are not treated as controlling or implementation authority. | | Master Identity, Account, and Actor Model V2.0 (`CONTROLLING_AND_LOCKED`) | Stable actor/account/devic",CANONICAL_OR_CURRENT_INFERRED
STALE_DRAFT_HISTORICAL_OR_SUPERSEDED_TEXT,REVIEW_CLASSIFICATION,docs/implementation/NATIVE_OFFLINE_SYNC_IMPLEMENTATION_PLANNING/NATIVE_OFFLINE_SYNC_CAPABILITY_TIER_PLAN.md,| `TIER_2` | Local draft only; no canonical claim or replay. | | | `TIER_5` | Safety-critical offline operation; separate domain and Founder authorization required. | | | Server-classified `LOW_RISK_TASK_V1` creation | Tier 0 | Tier 4 local/test | Tier 4 | Sto,CANONICAL_OR_CURRENT_INFERRED
STALE_DRAFT_HISTORICAL_OR_SUPERSEDED_TEXT,REVIEW_CLASSIFICATION,docs/implementation/NATIVE_OFFLINE_SYNC_IMPLEMENTATION_PLANNING/NATIVE_OFFLINE_SYNC_CONFLICT_BOUNDARY_PLAN.md,| Session expired | Retry blocked pending reauthentication | No unattended authority extension | | | Duplicate routine-care entries | Retain parallel versions pending domain rule | Duplicate could be true repeated work or unsafe duplication | | | Local schema ,CANONICAL_OR_CURRENT_INFERRED
STALE_DRAFT_HISTORICAL_OR_SUPERSEDED_TEXT,REVIEW_CLASSIFICATION,docs/implementation/NATIVE_OFFLINE_SYNC_IMPLEMENTATION_PLANNING/NATIVE_OFFLINE_SYNC_FEATURE_FLAG_AND_ISOLATION_PLAN.md,| `NATIVE_OFFLINE_QUICKADD_DRAFTS_ENABLED` | `false` | Gates scoped draft behavior independently. |,CANONICAL_OR_CURRENT_INFERRED
STALE_DRAFT_HISTORICAL_OR_SUPERSEDED_TEXT,REVIEW_CLASSIFICATION,docs/implementation/NATIVE_OFFLINE_SYNC_IMPLEMENTATION_PLANNING/NATIVE_OFFLINE_SYNC_FIRST_BOUNDED_SLICE_RECOMMENDATION.md,| Task completion | Tier 4 | Include `LOW_RISK_TASK_V1` only; existing `client_completion_id` provides a useful idempotency baseline. Preserve explicit pending state until canonical receipt. | | | QuickAdd draft persistence | Tier 2 | Include scoped draft pers,CANONICAL_OR_CURRENT_INFERRED
STALE_DRAFT_HISTORICAL_OR_SUPERSEDED_TEXT,REVIEW_CLASSIFICATION,docs/implementation/NATIVE_OFFLINE_SYNC_IMPLEMENTATION_PLANNING/NATIVE_OFFLINE_SYNC_FOUNDER_DECISION_REGISTER.md,# Native Offline Synchronization Founder Decision Register | Every decision is `PENDING_FOUNDER_DECISION`. Recommendations are not approvals. | | ID | Question | Recommended option | Alternatives and consequences | Risk | Requested Founder action | | | NOS-FD0,CANONICAL_OR_CURRENT_INFERRED
STALE_DRAFT_HISTORICAL_OR_SUPERSEDED_TEXT,REVIEW_CLASSIFICATION,docs/implementation/NATIVE_OFFLINE_SYNC_IMPLEMENTATION_PLANNING/NATIVE_OFFLINE_SYNC_IDENTITY_SESSION_TENANT_PLAN.md,"Every draft, projection, operation, dependency, conflict, receipt, tombstone, | | Logout | Transactionally prevent replay, purge session-owned payloads/drafts, clear keys/tokens, and report purge failure without preserving access. | | | Session expiry | `RETRY",CANONICAL_OR_CURRENT_INFERRED
STALE_DRAFT_HISTORICAL_OR_SUPERSEDED_TEXT,REVIEW_CLASSIFICATION,docs/implementation/NATIVE_OFFLINE_SYNC_IMPLEMENTATION_PLANNING/NATIVE_OFFLINE_SYNC_IMPLEMENTATION_DECISION_LOG.md,"## Controlling Decisions | | Accepted readiness and acceptance artifacts | Verified and controlling | None; immutable inputs preserved | | | Eight retained P2 items | Mapped, open, assigned, nonblocking for planning | None closed | | | First slice | Recommende",CANONICAL_OR_CURRENT_INFERRED
STALE_DRAFT_HISTORICAL_OR_SUPERSEDED_TEXT,REVIEW_CLASSIFICATION,docs/implementation/NATIVE_OFFLINE_SYNC_IMPLEMENTATION_PLANNING/NATIVE_OFFLINE_SYNC_IMPLEMENTATION_PLANNING_EXECUTIVE_SUMMARY.md,"Status: `COMPLETE_READY_FOR_FOUNDER_REVIEW` | - actor-, barn-, device-, and session-scoped QuickAdd drafts at Tier 2 only; | - explicit local, pending, syncing, canonical, rejected, and conflicted states; | Routine care remains draft-only until its domain clas",CANONICAL_OR_CURRENT_INFERRED
STALE_DRAFT_HISTORICAL_OR_SUPERSEDED_TEXT,REVIEW_CLASSIFICATION,docs/implementation/NATIVE_OFFLINE_SYNC_IMPLEMENTATION_PLANNING/NATIVE_OFFLINE_SYNC_IMPLEMENTATION_PLANNING_FOUNDER_REVIEW_REPORT.md,"# Native Offline Synchronization Implementation Planning Founder Review Report | proven, scoped QuickAdd/routine-care drafts, truthful mutation/reconnect status, | All eight retained P2s are mapped to owners, phases, dependencies, evidence, | closure criteria,",CANONICAL_OR_CURRENT_INFERRED
STALE_DRAFT_HISTORICAL_OR_SUPERSEDED_TEXT,REVIEW_CLASSIFICATION,docs/implementation/NATIVE_OFFLINE_SYNC_IMPLEMENTATION_PLANNING/NATIVE_OFFLINE_SYNC_OBSERVABILITY_AND_SUPPORT_PLAN.md,"Show pending mutation count, failed/rejected count, conflict count, last attempted | least-privilege, audited action. `NOS-P2-07` remains open until this authority and | retention contract is Founder-approved. | discard a permitted draft. Escalation routes to ",CANONICAL_OR_CURRENT_INFERRED
STALE_DRAFT_HISTORICAL_OR_SUPERSEDED_TEXT,REVIEW_CLASSIFICATION,docs/implementation/NATIVE_OFFLINE_SYNC_IMPLEMENTATION_PLANNING/NATIVE_OFFLINE_SYNC_PROTOCOL_SPECIFICATION.md,"| `LOCAL_DRAFT` | Editable local content; not durable canonical intent | `LOCAL_PERSISTED`, `PURGED` | | | `LOCAL_PERSISTED` | Transactionally stored operation/proposal | `PENDING_SYNC`, `PURGED` | | | `PENDING_SYNC` | Eligible after scope, auth, permission, v",CANONICAL_OR_CURRENT_INFERRED
STALE_DRAFT_HISTORICAL_OR_SUPERSEDED_TEXT,REVIEW_CLASSIFICATION,docs/implementation/NATIVE_OFFLINE_SYNC_IMPLEMENTATION_PLANNING/NATIVE_OFFLINE_SYNC_SCHEMA_AND_MIGRATION_BOUNDARY.md,"| Historical backfill | `REJECTED` for first slice | No migration of customer/production history. | | envelopes, validate counts/hashes/dependencies, run migration, reopen and verify,",CANONICAL_OR_CURRENT_INFERRED
STALE_DRAFT_HISTORICAL_OR_SUPERSEDED_TEXT,REVIEW_CLASSIFICATION,docs/implementation/NATIVE_OFFLINE_SYNC_IMPLEMENTATION_PLANNING/NATIVE_OFFLINE_SYNC_TEST_AND_EVIDENCE_MATRIX.md,"| Corruption | Malformed metadata/payload/index is quarantined; no replay or overwrite | Corruption fixtures and retained evidence hash | | | Logout purge | Queue/drafts/projections inaccessible after logout; auth clearing survives purge failure | UI, storage,",CANONICAL_OR_CURRENT_INFERRED
STALE_DRAFT_HISTORICAL_OR_SUPERSEDED_TEXT,REVIEW_CLASSIFICATION,docs/implementation/W1_RF01/W1_RF01_ACCOUNT_ACTOR_DATA_MODEL_MAP.md,The safe target is additive account/actor identifiers and versioned memberships while retaining historical `users.id` attribution.,CANONICAL_OR_CURRENT_INFERRED
STALE_DRAFT_HISTORICAL_OR_SUPERSEDED_TEXT,REVIEW_CLASSIFICATION,docs/implementation/W1_RF01/W1_RF01_ACCOUNT_ACTOR_MAPPING_SPECIFICATION.md,1. Preserve every existing `users.id` as historical actor lineage.,CANONICAL_OR_CURRENT_INFERRED
STALE_DRAFT_HISTORICAL_OR_SUPERSEDED_TEXT,REVIEW_CLASSIFICATION,docs/implementation/W1_RF01/W1_RF01_HISTORICAL_IDENTITY_CONTINUITY_PLAN.md,# W1-RF01 Historical Identity Continuity Plan | - Add aliases and successor links instead of rewriting historical authorship.,CANONICAL_OR_CURRENT_INFERRED
STALE_DRAFT_HISTORICAL_OR_SUPERSEDED_TEXT,REVIEW_CLASSIFICATION,docs/implementation/W1_RF01/W1_RF01_IDENTITY_CANON_CONVERGENCE_MATRIX.md,| Historical continuity | Audit/user IDs exist | Partial | Never rewrite attribution; supersede relationships | | No locked-canon conflict requires changing canon. Runtime convergence remains separately gated.,CANONICAL_OR_CURRENT_INFERRED
STALE_DRAFT_HISTORICAL_OR_SUPERSEDED_TEXT,REVIEW_CLASSIFICATION,docs/implementation/W1_RF01/W1_RF01_IDENTITY_CONFLICT_REGISTER.md,"| Suspended account vs retained relationships | Login blocked; history remains | Suspend access, retain lineage and notices |",CANONICAL_OR_CURRENT_INFERRED
STALE_DRAFT_HISTORICAL_OR_SUPERSEDED_TEXT,REVIEW_CLASSIFICATION,docs/implementation/W1_RF01/W1_RF01_IDENTITY_RESOLUTION_RULES.md,7. Split restores separate actors without rewriting historical evidence.,CANONICAL_OR_CURRENT_INFERRED
STALE_DRAFT_HISTORICAL_OR_SUPERSEDED_TEXT,REVIEW_CLASSIFICATION,docs/implementation/W1_RF01/W1_RF01_IDENTITY_SOURCE_OF_TRUTH_MATRIX.md,| Which historical user acted? | `users.id` | Immutable actor ID linked to account |,CANONICAL_OR_CURRENT_INFERRED
STALE_DRAFT_HISTORICAL_OR_SUPERSEDED_TEXT,REVIEW_CLASSIFICATION,docs/implementation/W1_RF01/W1_RF01_IDENTITY_THREAT_MODEL.md,"Credentials, access and refresh tokens, account/actor identity, barn and platform authority, guardian/minor relationships, provider grants, horse and medical data, financial data, audit attribution, and historical identi | | Privilege escalation | Role allowli",CANONICAL_OR_CURRENT_INFERRED
STALE_DRAFT_HISTORICAL_OR_SUPERSEDED_TEXT,REVIEW_CLASSIFICATION,docs/implementation/W1_RF01/W1_RF01_MIGRATION_RISK_MATRIX.md,| Historical attribution loss | 2-4 | P1 | Immutable ID preservation |,CANONICAL_OR_CURRENT_INFERRED
STALE_DRAFT_HISTORICAL_OR_SUPERSEDED_TEXT,REVIEW_CLASSIFICATION,docs/implementation/W1_RF01/W1_RF01_MIGRATION_TEST_STRATEGY.md,"- prove no historical audit/authorship rewrite; | - stop on access expansion, unresolved ambiguity, or lockout.",CANONICAL_OR_CURRENT_INFERRED
STALE_DRAFT_HISTORICAL_OR_SUPERSEDED_TEXT,REVIEW_CLASSIFICATION,docs/implementation/W1_RF01/W1_RF01_RELATIONSHIP_AND_MEMBERSHIP_ALIGNMENT_REPORT.md,- retain historical memberships after access ends.,CANONICAL_OR_CURRENT_INFERRED
STALE_DRAFT_HISTORICAL_OR_SUPERSEDED_TEXT,REVIEW_CLASSIFICATION,docs/implementation/W1_RF01/W1_RF01_ROLLBACK_AND_FORWARD_RECOVERY_PLAN.md,"Stop on unexplained access expansion, lockout, attribution loss, duplicate actors, unresolved mapping, cross-tenant delta, non-idempotent replay, or inability to restore authentication. | Rollback must never erase historical actor attribution or accepted relat",CANONICAL_OR_CURRENT_INFERRED
STALE_DRAFT_HISTORICAL_OR_SUPERSEDED_TEXT,REVIEW_CLASSIFICATION,docs/implementation/W1_RF01/W1_RF01_SCHEMA_IMPACT_ASSESSMENT.md,- Existing IDs and historical attribution must remain stable. | Schema readiness: `FALSE_PENDING_SEPARATE_DESIGN_AND_AUTHORITY`.,CANONICAL_OR_CURRENT_INFERRED
STALE_DRAFT_HISTORICAL_OR_SUPERSEDED_TEXT,REVIEW_CLASSIFICATION,docs/implementation/W1_RF01/W1_RF01_SECURITY_FINDINGS_REGISTER.md,"| `W1RF01-P1-06` | `/auth/signup` accepts `trainer`, `barn_owner`, and `service_provider`, issues a session, while central capabilities inspect `role` and not `role_status` | Self-selected operational authority may reach | | `W1RF01-P1-09` | Most routes author",CANONICAL_OR_CURRENT_INFERRED
STALE_DRAFT_HISTORICAL_OR_SUPERSEDED_TEXT,REVIEW_CLASSIFICATION,docs/implementation/W1_RF01/W1_RF01_SHA256SUMS.txt,7b3095f28e969646f8315789c4beb85534b377fadfb430945b0889f542651c9f docs/implementation/W1_RF01/W1_RF01_FOUNDER_DECISION_LOG.md | 53fc42e070751544dc1e698f7d43aa5e96a7bf86d31fa3f9435a08b46ce38103 docs/implementation/W1_RF01/W1_RF01_FOUNDER_DECISION_PACKET.md | 3b4,CANONICAL_OR_CURRENT_INFERRED
STALE_DRAFT_HISTORICAL_OR_SUPERSEDED_TEXT,REVIEW_CLASSIFICATION,docs/implementation/WAVE_1/MASTER_EQUINESYNC_WAVE_1_CANON_TRACEABILITY_REPORT.md,| Historical attribution is durable | legacy IDs and token history preserved | | Wave 0 and Identity V2.0 remain locked. No canon amendment was required.,CANONICAL_OR_CURRENT_INFERRED
STALE_DRAFT_HISTORICAL_OR_SUPERSEDED_TEXT,REVIEW_CLASSIFICATION,docs/implementation/WAVE_1/MASTER_EQUINESYNC_WAVE_1_SHA256SUMS.txt,f01b17975cc9cd25327b0ce17bea05c236b203b6946de7e79880a1f1e0d54b1b docs/FOUNDER_ACCEPTANCE_LEDGER.md | 59eb58d8f5e2397a5f327c2bfc736b55a6bb2201f229b7953641a2e21b316a0a docs/implementation/W1_RF01/W1_RF01_FOUNDER_DECISION_LOG.md | 4d93e25db469697bb1fd2a156b029a42,HISTORICAL_DUPLICATE_DRAFT_OR_PREDECESSOR_INFERRED
STALE_DRAFT_HISTORICAL_OR_SUPERSEDED_TEXT,REVIEW_CLASSIFICATION,docs/implementation/WAVE_1/WAVE_1_PHASE_4_ACTIVE_CONTEXT_EVIDENCE.md,"account's active, effective membership. Unknown, cross-account, pending, | owned context, unrelated context, pending/expired/future state, multi-role | rows. Legacy values and historical attribution remained unchanged.",CANONICAL_OR_CURRENT_INFERRED
STALE_DRAFT_HISTORICAL_OR_SUPERSEDED_TEXT,REVIEW_CLASSIFICATION,docs/implementation/WAVE_2_P2_CI_EGRESS/CI_EGRESS_VALIDATION_REPORT.md,| RF27/RF28/Passport unaffected subset | 52 passed; two historical RF28 readiness checks intentionally report descendant drift | | The two RF28 readiness checks are immutable historical-package checks and correctly detect the later Wave 2 reviewed overlay. The,CANONICAL_OR_CURRENT_INFERRED
STALE_DRAFT_HISTORICAL_OR_SUPERSEDED_TEXT,REVIEW_CLASSIFICATION,docs/implementation/WAVE_2_P2_NATIVE_OFFLINE_SYNC/NATIVE_OFFLINE_SYNC_CANONICAL_ARCHITECTURE.md,"EquineSync remains the only canonical owner. Device state is a projection, draft, or proposed operation until the server accepts it. | 6. Return accepted, duplicate, rejected, blocked, or conflict outcomes individually. | `LOCAL_DRAFT -> QUEUED -> SENDING -> A",CANONICAL_OR_CURRENT_INFERRED
STALE_DRAFT_HISTORICAL_OR_SUPERSEDED_TEXT,REVIEW_CLASSIFICATION,docs/implementation/WAVE_2_P2_NATIVE_OFFLINE_SYNC/NATIVE_OFFLINE_SYNC_CAPABILITY_MATRIX.md,"| General profile edits | Online only | `OFFLINE_DRAFT_ALLOWED` | Draft locally; canonical write after permission and revision validation. | | | Lesson, appointment, and calendar changes | Online only | `OFFLINE_DRAFT_ALLOWED` | Resource conflicts and invitati",CANONICAL_OR_CURRENT_INFERRED
STALE_DRAFT_HISTORICAL_OR_SUPERSEDED_TEXT,REVIEW_CLASSIFICATION,docs/implementation/WAVE_2_P2_NATIVE_OFFLINE_SYNC/NATIVE_OFFLINE_SYNC_CONFLICT_RESOLUTION_MODEL.md,"Possible outcomes: `ACCEPTED`, `DUPLICATE`, `REJECTED_AUTHORITY`, `REJECTED_POLICY`, `BLOCKED_DEPENDENCY`, `CONFLICT_REVIEW`, `SUPERSEDED_WITH_EVIDENCE`. | | Horse transferred or barn changed | Old-barn operation is rejected or routed to historical evidence ac",SUPERSEDED_OR_SUPERSESSION_TEXT_PRESENT
STALE_DRAFT_HISTORICAL_OR_SUPERSEDED_TEXT,REVIEW_CLASSIFICATION,docs/implementation/WAVE_2_P2_NATIVE_OFFLINE_SYNC/NATIVE_OFFLINE_SYNC_CORRECTIVE_EVIDENCE_MANIFEST.md,"Package state: `WAVE_2_BOUNDED_CORRECTIVE_PACKAGE_COMPLETE_READY_FOR_FOUNDER_REVIEW` | ## Historical Evidence Preserved | The prior stopped report, findings, founder review report, decision log, original manifest, and original stop-evidence archive remain unch",CANONICAL_OR_CURRENT_INFERRED
STALE_DRAFT_HISTORICAL_OR_SUPERSEDED_TEXT,REVIEW_CLASSIFICATION,docs/implementation/WAVE_2_P2_NATIVE_OFFLINE_SYNC/NATIVE_OFFLINE_SYNC_CORRECTIVE_IMPLEMENTATION_SUMMARY.md,"State: `WAVE_2_BOUNDED_CORRECTIVE_PACKAGE_COMPLETE_READY_FOR_FOUNDER_REVIEW` | - QuickAdd draft keys now contain actor ID, barn ID, authenticated-session ID, and endpoint. | - Logout removes every QuickAdd draft owned by the terminated session. | - Legacy endp",CANONICAL_OR_CURRENT_INFERRED
STALE_DRAFT_HISTORICAL_OR_SUPERSEDED_TEXT,REVIEW_CLASSIFICATION,docs/implementation/WAVE_2_P2_NATIVE_OFFLINE_SYNC/NATIVE_OFFLINE_SYNC_CURRENT_STATE_ASSESSMENT.md,**Scope:** repository assessment plus founder-approved bounded correction | **Wave 2 reopened:** `FALSE` | EquineSync remains an online-first React application inside Capacitor iOS and Android shells. The bounded correction safely repairs the narrow task queue,CANONICAL_OR_CURRENT_INFERRED
STALE_DRAFT_HISTORICAL_OR_SUPERSEDED_TEXT,REVIEW_CLASSIFICATION,docs/implementation/WAVE_2_P2_NATIVE_OFFLINE_SYNC/NATIVE_OFFLINE_SYNC_DATA_RETENTION_AND_PRIVACY_MODEL.md,"| Drafts | Actor/barn/session scoped; bounded age; purge on logout unless an approved recovery policy says otherwise | | | Mutation outbox | Encrypted, immutable envelope and state transitions, retained through outcome/recovery window | | - Purge after confirm",CANONICAL_OR_CURRENT_INFERRED
STALE_DRAFT_HISTORICAL_OR_SUPERSEDED_TEXT,REVIEW_CLASSIFICATION,docs/implementation/WAVE_2_P2_NATIVE_OFFLINE_SYNC/NATIVE_OFFLINE_SYNC_DECISION_LOG.md,"Status: `COMPLETE_READY_FOR_FOUNDER_REVIEW` | | NOS-P1-01 session isolation | `CLOSED` | Founder accepted actor-, barn-, and session-scoped queue behavior and logout purge. | | | NOS-P1-02 durable enqueue failure | `CLOSED` | Founder accepted explicit persiste",CANONICAL_OR_CURRENT_INFERRED
STALE_DRAFT_HISTORICAL_OR_SUPERSEDED_TEXT,REVIEW_CLASSIFICATION,docs/implementation/WAVE_2_P2_NATIVE_OFFLINE_SYNC/NATIVE_OFFLINE_SYNC_EVIDENCE_HISTORY.md,This file distinguishes immutable historical snapshots from the current | | 1 | `outputs/native_offline_sync_stop_evidence.zip` and `NATIVE_OFFLINE_SYNC_STOP_REPORT.md` | Original planning assessment stopped with three open P1 findings. | Historical only; it d,CANONICAL_OR_CURRENT_INFERRED
STALE_DRAFT_HISTORICAL_OR_SUPERSEDED_TEXT,REVIEW_CLASSIFICATION,docs/implementation/WAVE_2_P2_NATIVE_OFFLINE_SYNC/NATIVE_OFFLINE_SYNC_FOUNDER_REVIEW_REPORT.md,# Native Offline Synchronization Readiness Founder Review Report | The resumed planning package is complete and ready for Founder review. EquineSync | session-isolated task retry queue and scoped QuickAdd draft recovery. It does not | - `NOS-P1-03`: scoped Qui,CANONICAL_OR_CURRENT_INFERRED
STALE_DRAFT_HISTORICAL_OR_SUPERSEDED_TEXT,REVIEW_CLASSIFICATION,docs/implementation/WAVE_2_P2_NATIVE_OFFLINE_SYNC/NATIVE_OFFLINE_SYNC_GOVERNANCE_GAP_MATRIX.md,| NOS-P2-02 | Approve offline permission-lease durations by capability and data class | P2 | No | Identity/Permission governance + Founder | Explicit durations and revocation policy before runtime | | | NOS-P2-03 | Approve local retention and purge periods; le,CANONICAL_OR_CURRENT_INFERRED
STALE_DRAFT_HISTORICAL_OR_SUPERSEDED_TEXT,REVIEW_CLASSIFICATION,docs/implementation/WAVE_2_P2_NATIVE_OFFLINE_SYNC/NATIVE_OFFLINE_SYNC_MATERIAL_FINDINGS.md,"| `NOS-P1-03-CROSS-SESSION-DRAFT-RESIDUE` | P1 | Privacy, shared-device security | closed | | Open P1 findings: `0` | Open P2 observations in bounded corrective scope: `0` | describe current behavior after the Founder-approved bounded correction.",CANONICAL_OR_CURRENT_INFERRED
STALE_DRAFT_HISTORICAL_OR_SUPERSEDED_TEXT,REVIEW_CLASSIFICATION,docs/implementation/WAVE_2_P2_NATIVE_OFFLINE_SYNC/NATIVE_OFFLINE_SYNC_P2_RETENTION_REGISTER.md,Every item below remains `OPEN_NONBLOCKING_ASSIGNED`. Readiness acceptance does | | `NOS-P2-01` | Select browser and encrypted native persistence technologies. Planning is vendor-neutral and cannot prove platform guarantees without a bounded spike. | Offline E,CANONICAL_OR_CURRENT_INFERRED
STALE_DRAFT_HISTORICAL_OR_SUPERSEDED_TEXT,REVIEW_CLASSIFICATION,docs/implementation/WAVE_2_P2_NATIVE_OFFLINE_SYNC/NATIVE_OFFLINE_SYNC_PERMISSION_AND_SECURITY_MODEL.md,"Exact lease durations require founder/security approval and are retained as P2; this package does not invent them. | - Logout purges session-owned queues, drafts, decrypted keys, and protected projections. | On reconnect, pull revocations and permission versio",CANONICAL_OR_CURRENT_INFERRED
STALE_DRAFT_HISTORICAL_OR_SUPERSEDED_TEXT,REVIEW_CLASSIFICATION,docs/implementation/WAVE_2_P2_NATIVE_OFFLINE_SYNC/NATIVE_OFFLINE_SYNC_PLATFORM_IMPLEMENTATION_STRATEGY.md,"- Support pause, retry, explicit cellular policy, and user-visible pending state. | User-visible status includes pending, syncing, conflict, blocked, failed, and last canonical sync. A sanitized diagnostic bundle may include app/protocol/schema versions, devic",CANONICAL_OR_CURRENT_INFERRED
STALE_DRAFT_HISTORICAL_OR_SUPERSEDED_TEXT,REVIEW_CLASSIFICATION,docs/implementation/WAVE_2_P2_NATIVE_OFFLINE_SYNC/NATIVE_OFFLINE_SYNC_REGRESSION_EVIDENCE.md,| `frontend/src/context/AuthContext.offline.test.jsx` | Logout integration purges queues and drafts; unavailable storage cannot block token clearance | | The original stopped assessment remains preserved. This regression record documents the later founder-auth,CANONICAL_OR_CURRENT_INFERRED
STALE_DRAFT_HISTORICAL_OR_SUPERSEDED_TEXT,REVIEW_CLASSIFICATION,docs/implementation/WAVE_2_P2_NATIVE_OFFLINE_SYNC/NATIVE_OFFLINE_SYNC_SAFETY_CRITICAL_WORKFLOW_RULES.md,"Every critical screen must show connectivity, last canonical synchronization time, source revision, local/canonical status, pending/conflict state, and whether the user is relying on stale data. Local acceptance is never | Staleness thresholds must be set by d",CANONICAL_OR_CURRENT_INFERRED
STALE_DRAFT_HISTORICAL_OR_SUPERSEDED_TEXT,REVIEW_CLASSIFICATION,docs/implementation/WAVE_2_P2_NATIVE_OFFLINE_SYNC/NATIVE_OFFLINE_SYNC_SECURITY_VERIFICATION_REPORT.md,"Disposition: `NO_OPEN_FINDINGS` | | User B replays User A's queued task | Per-login actor, barn, and session ownership plus logout purge | Blocked | | | Same actor replays a prior barn queue | Barn included in key and record validation | Blocked | | | A later ",CANONICAL_OR_CURRENT_INFERRED
STALE_DRAFT_HISTORICAL_OR_SUPERSEDED_TEXT,REVIEW_CLASSIFICATION,docs/implementation/WAVE_2_P2_NATIVE_OFFLINE_SYNC/NATIVE_OFFLINE_SYNC_STOP_EVIDENCE_MANIFEST.md,- `NATIVE_OFFLINE_SYNC_FOUNDER_REVIEW_REPORT.md` | - `frontend/src/lib/horseOpsDrafts.js`,CANONICAL_OR_CURRENT_INFERRED
STALE_DRAFT_HISTORICAL_OR_SUPERSEDED_TEXT,REVIEW_CLASSIFICATION,docs/implementation/WAVE_2_P2_NATIVE_OFFLINE_SYNC/NATIVE_OFFLINE_SYNC_STOP_EVIDENCE_SHA256SUMS.txt,c10d4b0225aae644120e6823493a92a93f604578d3d49a32e9887dd280f2b944 docs/implementation/WAVE_2_P2_NATIVE_OFFLINE_SYNC/NATIVE_OFFLINE_SYNC_FOUNDER_REVIEW_REPORT.md | d19c210344b6db09d255550c00324b2c0e43be7161bc3511287ce03c9e941c97 frontend/src/lib/horseOpsDrafts.j,CANONICAL_OR_CURRENT_INFERRED
STALE_DRAFT_HISTORICAL_OR_SUPERSEDED_TEXT,REVIEW_CLASSIFICATION,docs/implementation/WAVE_2_P2_NATIVE_OFFLINE_SYNC/NATIVE_OFFLINE_SYNC_TEST_AND_VALIDATION_PLAN.md,| Multi-staff conflict | Authorship retained and no silent overwrite. | | | Tombstone conflict | No resurrection; proposal retained as review evidence where policy permits. | | - Zero P0 and open implementation P1. | - Performance and capacity thresholds must ,CANONICAL_OR_CURRENT_INFERRED
STALE_DRAFT_HISTORICAL_OR_SUPERSEDED_TEXT,REVIEW_CLASSIFICATION,docs/implementation/WAVE_2_P2_NATIVE_OFFLINE_SYNC/NATIVE_OFFLINE_SYNC_UPDATED_VALIDATION_REPORT.md,| Logout clears QuickAdd drafts | Passed | Auth-context integration test and multi-draft purge test | | OPEN_P1: 0 | OPEN_P2: 0,CANONICAL_OR_CURRENT_INFERRED
STALE_DRAFT_HISTORICAL_OR_SUPERSEDED_TEXT,REVIEW_CLASSIFICATION,docs/implementation/WAVE_2/MASTER_EQUINESYNC_WAVE_2_DEPENDENCY_MATRIX.md,| Identity V2.0 / Wave 1 | locked | actor/account/context attribution | | | Relationship / Permission | locked/governing | relationships inform; backend permissions decide | | | Stewardship / Claims / Audit | governing candidates and adopted models | preserve ,CANONICAL_OR_CURRENT_INFERRED
STALE_DRAFT_HISTORICAL_OR_SUPERSEDED_TEXT,REVIEW_CLASSIFICATION,docs/implementation/WAVE_2/MASTER_EQUINESYNC_WAVE_2_INTEGRATION_REPORT.md,"The end-to-end local synthetic workflow passed across horse, facility, assignment, care, task, incident, inventory, equipment, maintenance, and historical reconstruction. Administrative and staff writes were role-scoped;",CANONICAL_OR_CURRENT_INFERRED
STALE_DRAFT_HISTORICAL_OR_SUPERSEDED_TEXT,REVIEW_CLASSIFICATION,docs/implementation/WAVE_2/MASTER_EQUINESYNC_WAVE_2_LEGACY_CONVERGENCE_REPORT.md,| historical assignments | preserved |,CANONICAL_OR_CURRENT_INFERRED
STALE_DRAFT_HISTORICAL_OR_SUPERSEDED_TEXT,REVIEW_CLASSIFICATION,docs/implementation/WAVE_2/MASTER_EQUINESYNC_WAVE_2_LOCK_VERIFICATION_MATRIX.md,| 7 | historical horse and assignment continuity | pass | | Gate result: `WAVE_2_LOCKED`.,CANONICAL_OR_CURRENT_INFERRED
STALE_DRAFT_HISTORICAL_OR_SUPERSEDED_TEXT,REVIEW_CLASSIFICATION,docs/implementation/WAVE_2/MASTER_EQUINESYNC_WAVE_2_RF_SEQUENCE.md,2. W2-RF02 Horse Registry and Historical Continuity,CANONICAL_OR_CURRENT_INFERRED
STALE_DRAFT_HISTORICAL_OR_SUPERSEDED_TEXT,REVIEW_CLASSIFICATION,docs/implementation/WAVE_2/MASTER_EQUINESYNC_WAVE_2_SCHEMA_AND_MIGRATION_GATE.md,- Horse profile history and duplicate-candidate collections.,CANONICAL_OR_CURRENT_INFERRED
STALE_DRAFT_HISTORICAL_OR_SUPERSEDED_TEXT,REVIEW_CLASSIFICATION,docs/implementation/WAVE_2/MASTER_EQUINESYNC_WAVE_2_SCOPE_AND_NON_GOALS.md,"idempotency, additive migration, rollback, and historical reconstruction.",CANONICAL_OR_CURRENT_INFERRED
STALE_DRAFT_HISTORICAL_OR_SUPERSEDED_TEXT,REVIEW_CLASSIFICATION,docs/implementation/WAVE_2/W2_RF02_ACCEPTANCE_CRITERIA.md,"- Potential duplicates are review candidates, never automatic merges. | - Historical attribution is reconstructable.",CANONICAL_OR_CURRENT_INFERRED
STALE_DRAFT_HISTORICAL_OR_SUPERSEDED_TEXT,REVIEW_CLASSIFICATION,docs/implementation/WAVE_2/W2_RF02_CHARTER.md,"Title: Horse Registry and Historical Continuity. | references, facility association, duplicate candidates, revision history, and",CANONICAL_OR_CURRENT_INFERRED
STALE_DRAFT_HISTORICAL_OR_SUPERSEDED_TEXT,REVIEW_CLASSIFICATION,docs/NEXT_BUILD_PLAN_FROM_UPDATED_ROADMAP.md,Locked foundations already in place: | Status: Codex-approved and locked. | - Draft Apple product-id mapping placeholders and response-shape contract. | guard. Build-Next-1 is locked with 13/13 focused tests and 96/96 full available,CANONICAL_OR_CURRENT_INFERRED
STALE_DRAFT_HISTORICAL_OR_SUPERSEDED_TEXT,REVIEW_CLASSIFICATION,docs/OFFLINE_IMPLEMENTATION_PLAN.md,"Purpose: define the implementation path for BN18D if founder review decides EquineSync needs stronger field reliability before pilot or public launch. | - QuickAddSheet draft preservation. | - HorseOps draft helper storage. | - Values: online_only, draft_only,",CANONICAL_OR_CURRENT_INFERRED
STALE_DRAFT_HISTORICAL_OR_SUPERSEDED_TEXT,REVIEW_CLASSIFICATION,docs/OFFLINE_SECURITY_MODEL.md,"Purpose: define the security boundaries for any EquineSync offline, draft, retry, or lock-screen recovery behavior. | | Passwords or one-time passwords | Never | Must not appear in screenshots, logs, docs, queues, reports, or local drafts. | | | Staff notes an",SUPERSEDED_OR_SUPERSESSION_TEXT_PRESENT
STALE_DRAFT_HISTORICAL_OR_SUPERSEDED_TEXT,REVIEW_CLASSIFICATION,docs/OWNER_TRUST_FRAMEWORK.md,"Suggested structure: 1) Warm Opening, 2) Care Summary, 3) Training/Activity Notes, 4) Wellness Notes (only if relevant), 5) Upcoming Items, 6) Media (optional), 7) Professional, calm Closing. | **Always review before sending:** injuries, missed medication, mis",CANONICAL_OR_CURRENT_INFERRED
STALE_DRAFT_HISTORICAL_OR_SUPERSEDED_TEXT,REVIEW_CLASSIFICATION,docs/OWNER_TRUST_LAYER.md,"(`draft → published → archived`), barn + owner isolation, role gates, and | workflow `draft → pending_review → published` (+ `request-changes → draft`), | create/edit draft, publish non-sensitive, submit sensitive, archive. *(this doc)* | reviewer-only sidebar",CANONICAL_OR_CURRENT_INFERRED
STALE_DRAFT_HISTORICAL_OR_SUPERSEDED_TEXT,REVIEW_CLASSIFICATION,docs/PHASE_15A_ENV_PLACEHOLDERS.md,"## Provisioning behavior (locked, do NOT change without approval) | If the candidate is not in the allow-list, the endpoint returns",CANONICAL_OR_CURRENT_INFERRED
STALE_DRAFT_HISTORICAL_OR_SUPERSEDED_TEXT,REVIEW_CLASSIFICATION,docs/PHASE3_MODULARIZATION_MAP.md,"auth_security.py → (db) [refresh tokens, security headers] (move candidate: 3A-follow / core) | ### Still inline in server.py (extraction candidates)",CANONICAL_OR_CURRENT_INFERRED
STALE_DRAFT_HISTORICAL_OR_SUPERSEDED_TEXT,REVIEW_CLASSIFICATION,docs/REFINEMENT_ROADMAP.md,"Status: RF0, RF1, RF2, RF3, RF4, RF5, RF6, RF7, RF8, RF9, RF10, RF11, RF12, RF13, RF14, RF15, RF16, RF17, and RF18 CODEX-REVIEWED & LOCKED. RF19 is prepared for Codex review. | This roadmap starts the RF refinement track after the locked BN21 web-first first-c",CANONICAL_OR_CURRENT_INFERRED
STALE_DRAFT_HISTORICAL_OR_SUPERSEDED_TEXT,REVIEW_CLASSIFICATION,docs/RF12_BILLING_PAYMENTS_EXPORTS_FINANCIAL_TRUTH_PLAN.md,Status: superseded by locked RF12. | - RF11 is Codex-reviewed and locked. | - RF1 P0 billing/export scoping remains locked. | - RF6 canonical billing entitlement ownership remains locked:,SUPERSEDED_OR_SUPERSESSION_TEXT_PRESENT
STALE_DRAFT_HISTORICAL_OR_SUPERSEDED_TEXT,REVIEW_CLASSIFICATION,docs/RF12_BILLING_PAYMENTS_EXPORTS_FINANCIAL_TRUTH.md,Status: Codex-reviewed and locked. | - Automation billing recommendation drafts now count overdue invoices by the | | Automation billing recommendation | `/automation/generate-drafts` | barn-scoped overdue invoice count | | | Payroll export | `/staff-portal/pa,CANONICAL_OR_CURRENT_INFERRED
STALE_DRAFT_HISTORICAL_OR_SUPERSEDED_TEXT,REVIEW_CLASSIFICATION,docs/RF13_MESSAGING_NOTIFICATIONS_DELIVERY_TRUTH_PLAN.md,Status: superseded by locked RF13. | ## Locked Inputs | - RF11 records community-help audience and escalation model as founder-decision | - RF12 is locked and keeps app-store/native provider billing boundaries out of,SUPERSEDED_OR_SUPERSESSION_TEXT_PRESENT
STALE_DRAFT_HISTORICAL_OR_SUPERSEDED_TEXT,REVIEW_CLASSIFICATION,docs/RF13_MESSAGING_NOTIFICATIONS_DELIVERY_TRUTH.md,"Status: Codex-reviewed and locked. | - Task Engine notification candidate resolution now scopes admin, manager, | | Task notification candidates could include admins/managers from another barn. | Candidate staff, horse, and owner queries now scope to event `ba",CANONICAL_OR_CURRENT_INFERRED
STALE_DRAFT_HISTORICAL_OR_SUPERSEDED_TEXT,REVIEW_CLASSIFICATION,docs/RF14_DOCUMENTS_SIGNATURES_STORAGE_CONSOLIDATION_PLAN.md,"Status: superseded by locked RF14 evidence. | ## Locked Inputs | - BN6A-BN6E document-provider work remains a prior locked evidence chain; RF14 | - produce an RF14 report, review package, and founder-decision rows.",SUPERSEDED_OR_SUPERSESSION_TEXT_PRESENT
STALE_DRAFT_HISTORICAL_OR_SUPERSEDED_TEXT,REVIEW_CLASSIFICATION,docs/RF15_OFFLINE_LOCK_SCREEN_FIELD_RELIABILITY_PLAN.md,"Status: superseded by locked RF15 evidence. | task writes and draft recovery, explicit online-only/provider-online | - classify workflows as `online_only`, `draft_only`, `queued_write`, | - prove QuickAdd and HorseOps draft recovery evidence;",SUPERSEDED_OR_SUPERSESSION_TEXT_PRESENT
STALE_DRAFT_HISTORICAL_OR_SUPERSEDED_TEXT,REVIEW_CLASSIFICATION,docs/RF15_OFFLINE_LOCK_SCREEN_FIELD_RELIABILITY.md,"Status: Codex-reviewed and locked. | queued task writes are narrow, draft recovery is local, sensitive workflows stay | - Classified workflows as `online_only`, `draft_only`, `queued_write`, or | - Preserved draft-only claims for:",CANONICAL_OR_CURRENT_INFERRED
STALE_DRAFT_HISTORICAL_OR_SUPERSEDED_TEXT,REVIEW_CLASSIFICATION,docs/RF16_PWA_NATIVE_APP_STORE_READINESS_PLAN.md,"Status: superseded by locked RF16 evidence. | RF16 adds native shell readiness evidence while preserving the locked | - create RF16 tests, report, package, and founder-decision rows. | - auto-mark founder acceptance.",SUPERSEDED_OR_SUPERSESSION_TEXT_PRESENT
STALE_DRAFT_HISTORICAL_OR_SUPERSEDED_TEXT,REVIEW_CLASSIFICATION,docs/RF18_QA_UAT_PUBLIC_LAUNCH_READINESS_PLAN.md,"Status: superseded by locked RF18 evidence. | does not launch the product. It organizes the locked RF evidence, identifies | which UAT rows remain open, and keeps launch claims bounded to proven source | | Locked RF matrix | RF1-RF17 docs, reports, and package",SUPERSEDED_OR_SUPERSESSION_TEXT_PRESENT
STALE_DRAFT_HISTORICAL_OR_SUPERSEDED_TEXT,REVIEW_CLASSIFICATION,docs/RF4_FEATURE_COMPLETION_CERTIFICATION.md,"Status: Codex-reviewed and locked. | - `deprecated`: superseded by a canonical surface and pending migration/hide. | RF4 is Codex-reviewed and locked with report status `ready`, zero blocker rows, | Founder requested a general web-based enrollment workflow bef",SUPERSEDED_OR_SUPERSESSION_TEXT_PRESENT
STALE_DRAFT_HISTORICAL_OR_SUPERSEDED_TEXT,REVIEW_CLASSIFICATION,docs/RF7_OWNER_GUARDIAN_CLIENT_PORTAL_HARDENING.md,"Status: Codex-reviewed and locked. | ## Deferred or Founder-Decision Items | | Feature-module owner media updates | deferred | `owner_updates` is canonical, but `owner_media_updates` remains a migration/hide candidate for RF17. | | ## Founder Decision Rows",CANONICAL_OR_CURRENT_INFERRED
STALE_DRAFT_HISTORICAL_OR_SUPERSEDED_TEXT,REVIEW_CLASSIFICATION,docs/RF8_STAFF_WORKFORCE_MODEL.md,Status: CODEX-REVIEWED & LOCKED. | ## Deferred or Founder-Decision Items | | Historical staff rows | deferred | Legacy rows that only carry display names remain visible/admin-editable. Founder should approve backfill timing and rollback before mutation. | | | ,CANONICAL_OR_CURRENT_INFERRED
STALE_DRAFT_HISTORICAL_OR_SUPERSEDED_TEXT,REVIEW_CLASSIFICATION,governance/implementation/code-guides/assessment/CGP_004_REPRESENTATIVE_SCENARIO_ASSESSMENTS.md,"Current evidence includes minor communication guards and audit behavior on blocked messaging. Residual work: final safeguarding policy, edge-case definitions, and review evidence remain reserved for later guide drafting. | ## Scenario 5: Offline Draft Exists A",CANONICAL_OR_CURRENT_INFERRED
STALE_DRAFT_HISTORICAL_OR_SUPERSEDED_TEXT,REVIEW_CLASSIFICATION,governance/implementation/code-guides/assessment/CURRENT_CODE_GUIDE_GAP_REGISTER.csv,"gap_id,gap_title,gap_type,affected_guides,repository_evidence,authority_alignment,implementation_state,severity,blocks_drafting,blocks_adoption,blocks_activation,required_next_action,status,notes | CGP004-GAP-0001,Guide-specific exact-byte source freeze remain",CANONICAL_OR_CURRENT_INFERRED
STALE_DRAFT_HISTORICAL_OR_SUPERSEDED_TEXT,REVIEW_CLASSIFICATION,governance/implementation/code-guides/assessment/CURRENT_DATA_AND_STATE_ASSESSMENT.md,"State integrity evidence includes server-side barn stamping and barn filters, provider-grant checks, blocked barn_id mutation for horse updates, care-record horse access validation, subscription webhook idempotency and s | The current repository does not yet p",CANONICAL_OR_CURRENT_INFERRED
STALE_DRAFT_HISTORICAL_OR_SUPERSEDED_TEXT,REVIEW_CLASSIFICATION,governance/implementation/code-guides/assessment/CURRENT_IMPLEMENTATION_PATTERN_REGISTER.csv,"CGP004-PAT-0001,Server-side barn scoping,TENANCY,backend/core/tenancy.py;backend/routes/horses.py;backend/routes/care.py,IMPLEMENTED,PARTIALLY_ALIGNED,ES-CG-03;ES-CG-08;ES-CG-13,CGSRC-REPO-0621;CGSRC-PIA-0002;CGSRC-PIA-0 | CGP004-PAT-0006,Local storage draft p",CANONICAL_OR_CURRENT_INFERRED
STALE_DRAFT_HISTORICAL_OR_SUPERSEDED_TEXT,REVIEW_CLASSIFICATION,governance/implementation/code-guides/assessment/CURRENT_OFFLINE_SYNC_ASSESSMENT.md,"Offline-related evidence includes frontend token handling, local draft persistence in `frontend/src/lib/horseOpsDrafts.js`, mobile shell and PWA files, and the previously accessioned native offline architecture sources ` | The repository has partial offline-re",CANONICAL_OR_CURRENT_INFERRED
STALE_DRAFT_HISTORICAL_OR_SUPERSEDED_TEXT,REVIEW_CLASSIFICATION,governance/implementation/code-guides/assessment/CURRENT_SECURITY_PRIVACY_SAFEGUARDING_AI_ASSESSMENT.md,Minor safety and communication helpers apply conservative age/guardian handling and guarded message behavior. Operations routes include blocked minor communication audit behavior. These are implementation evidence for la | ## Retained Gaps | Open gaps include ,CANONICAL_OR_CURRENT_INFERRED
STALE_DRAFT_HISTORICAL_OR_SUPERSEDED_TEXT,REVIEW_CLASSIFICATION,governance/implementation/code-guides/assessment/UNMAPPED_REPOSITORY_COMPONENT_REGISTER.csv,"unmapped_id,component_id,component_name,repository_path,reason_unmapped,current_treatment,applicable_guides,required_next_action,blocks_drafting,blocks_adoption,blocks_activation,confidence,notes | CGP004-UNMAPPED-0001,CGP004-COMP-0017,Local draft and offline-",CANONICAL_OR_CURRENT_INFERRED
STALE_DRAFT_HISTORICAL_OR_SUPERSEDED_TEXT,REVIEW_CLASSIFICATION,governance/implementation/code-guides/CANONICAL_GUIDE_INVENTORY.md,| Guide ID | Canonical title | Wave | Expected drafting prompt | Maturity | | | `ES-CG-00` | Code Guide Charter | 1 | `CG-00-DRAFT` | `SOURCE_FROZEN` | | | `ES-CG-01` | Engineering Authority and Precedence | 1 | `CG-01-DRAFT` | `SOURCE_FROZEN` | | | `ES-CG-13`,CANONICAL_OR_CURRENT_INFERRED
STALE_DRAFT_HISTORICAL_OR_SUPERSEDED_TEXT,REVIEW_CLASSIFICATION,governance/implementation/code-guides/CGP_002_VALIDATION_AND_USAGE_GUIDE.md,"Future guide prompts use the schema files for machine-readable companions, templates for consistent drafting, controlled values for status and evidence fields, and validators for deterministic checks. | Planned guide placeholders are valid as placeholders. The",CANONICAL_OR_CURRENT_INFERRED
STALE_DRAFT_HISTORICAL_OR_SUPERSEDED_TEXT,REVIEW_CLASSIFICATION,governance/implementation/code-guides/cgp-005/appendices/CGP_005_APPENDIX_MANIFEST.json,"""cgp006"": ""READY_AFTER_REFRESH_FOR_AFFECTED_WAVE_1_DRAFTING_AFTER_PROTECTED_ACCEPTANCE"", | ""validation_status"": ""CGP_005_APPENDIX_VALIDATED_WITH_RETAINED_GAPS"", | ""final_status"": ""CGP_005_TECHNICAL_AUDIT_APPENDIX_FOUNDER_APPROVED_FOR_PROTECTED_REPOSITORY_INTEG",CANONICAL_OR_CURRENT_INFERRED
STALE_DRAFT_HISTORICAL_OR_SUPERSEDED_TEXT,REVIEW_CLASSIFICATION,governance/implementation/code-guides/cgp-005/appendices/CGP_005_TECHNICAL_AUDIT_APPENDIX_V1_0_0.md,The CGP-005 source freeze remains valid as originally accepted and verified. The Technical Audit Founder decisions `ES-TA-FD-001` through `ES-TA-FD-008` add binding governance constraints that affect later Code Guide dra | This appendix records the governing c,CANONICAL_OR_CURRENT_INFERRED
STALE_DRAFT_HISTORICAL_OR_SUPERSEDED_TEXT,REVIEW_CLASSIFICATION,governance/implementation/code-guides/cgp-005/appendices/CGP_006_INPUT_REFRESH_MATRIX.csv,"code_guide,existing_sources,new_constraints,constraint_source,refresh_required,appendix_reference,implementation_effect,drafting_may_resume,notes | ES-CG-00,""CGP-005 curated Wave 1 source freeze; CGP-006 initiation input register; CGP-005 repository receipt"",""",CANONICAL_OR_CURRENT_INFERRED
STALE_DRAFT_HISTORICAL_OR_SUPERSEDED_TEXT,REVIEW_CLASSIFICATION,governance/implementation/code-guides/classification/CGP-006/CGP_006_CLASSIFICATION_FINDING_REGISTER.csv,"finding_id,severity,title,status,affected_sources,affected_guides,finding_summary,blocks_drafting,blocks_adoption_or_activation,required_later_action,notes | CGP006-CLF-0001,P3,External standard remains supporting and non-binding,RETAINED_NON_BLOCKING_WARNING,",CANONICAL_OR_CURRENT_INFERRED
STALE_DRAFT_HISTORICAL_OR_SUPERSEDED_TEXT,REVIEW_CLASSIFICATION,governance/implementation/code-guides/classification/CGP-006/CGP_006_CONFLICT_REGISTER.csv,"conflict_record_id,source_ids,affected_guides,conflict_type,status,freeze_treatment,blocks_drafting,classification_effect,required_later_action,notes | CGCON-0001,CGSRC-ARCH-0021;CGSRC-GOV-0018,ES-CG-01;ES-CG-13,CANDIDATE_VERSUS_ADOPTED,NON_BLOCKING_RETAINED_F",CANONICAL_OR_CURRENT_INFERRED
STALE_DRAFT_HISTORICAL_OR_SUPERSEDED_TEXT,REVIEW_CLASSIFICATION,governance/implementation/code-guides/classification/CGP-006/CGP_006_DOCUMENT_CLASSIFICATION_CHECKSUMS.sha256,42048ff03d2ac23f3832da181d4d042ecc8602588a2ae1c4b635e52a27db8fbf classification/CGP-006/CGP_006_FOUNDER_APPROVED_CONTEXT_REGISTER.csv | a546be0fe61c0a2f22d8a90edff130ecc4d49a14665ae4933a41c8fe675b2dd4 classification/CGP-006/CGP_006_HISTORICAL_PREDECESSOR_REGIS,SUPERSEDED_OR_SUPERSESSION_TEXT_PRESENT
STALE_DRAFT_HISTORICAL_OR_SUPERSEDED_TEXT,REVIEW_CLASSIFICATION,governance/implementation/code-guides/classification/CGP-006/CGP_006_DOCUMENT_CLASSIFICATION_FOUNDER_DISPOSITION.md,# CGP-006 Document Classification Founder Disposition | **Controlling base head:** `1feeccb5f35e8fbbd2185782377a17b831c2f3e9` | **Original classification candidate head:** `834334f41226aabedaa842057d39766b7ba4e524` | **Refreshed pre-Founder-review head:** `163,CANONICAL_OR_CURRENT_INFERRED
STALE_DRAFT_HISTORICAL_OR_SUPERSEDED_TEXT,REVIEW_CLASSIFICATION,governance/implementation/code-guides/classification/CGP-006/CGP_006_DOCUMENT_CLASSIFICATION_MANIFEST.json,"""EXCLUDED_FROM_DRAFTING"": 74, | ""FOUNDER_APPROVED_CONTEXT_NON_NORMATIVE"": 51, | ""HISTORICAL_PREDECESSOR"": 38, | ""SUPERSEDED"": 3",SUPERSEDED_OR_SUPERSESSION_TEXT_PRESENT
STALE_DRAFT_HISTORICAL_OR_SUPERSEDED_TEXT,REVIEW_CLASSIFICATION,governance/implementation/code-guides/classification/CGP-006/CGP_006_DOCUMENT_CLASSIFICATION_REGISTER.json,STATUS_NOT_EXPLICITLY_EXTRACTED,HISTORICAL_DUPLICATE_DRAFT_OR_PREDECESSOR_INFERRED
STALE_DRAFT_HISTORICAL_OR_SUPERSEDED_TEXT,REVIEW_CLASSIFICATION,governance/implementation/code-guides/classification/CGP-006/CGP_006_DOCUMENT_CLASSIFICATION_REPORT.md,**New controlling base:** `1feeccb5f35e8fbbd2185782377a17b831c2f3e9` | **Refreshed pre-Founder-review head:** `16392196d2bda1ef9fce608035622fe2ed9e624d` | **Founder disposition:** `CGP_006_DOCUMENT_CLASSIFICATION_GATE_FOUNDER_APPROVED_WITH_RETAINED_NON_BLOCKIN,SUPERSEDED_OR_SUPERSESSION_TEXT_PRESENT
STALE_DRAFT_HISTORICAL_OR_SUPERSEDED_TEXT,REVIEW_CLASSIFICATION,governance/implementation/code-guides/classification/CGP-006/CGP_006_DUPLICATE_DERIVATIVE_REGISTER.csv,"duplicate_record_id,source_or_document_id,source_id,repository_path,title,duplicate_of,derivative_basis,classification_treatment,blocks_drafting,notes",CANONICAL_OR_CURRENT_INFERRED
STALE_DRAFT_HISTORICAL_OR_SUPERSEDED_TEXT,REVIEW_CLASSIFICATION,governance/implementation/code-guides/classification/CGP-006/CGP_006_EXCLUSION_REGISTER.csv,"exclusion_record_id,source_or_document_id,source_id,repository_path,title,primary_classification,exclusion_basis,blocks_drafting,blocks_adoption_or_activation,required_later_action,notes | CGP006-EXCL-0001,CGP005-RC-0604,CGSRC-BLOCK-0001,docs/canon/reviews/dra",CANONICAL_OR_CURRENT_INFERRED
STALE_DRAFT_HISTORICAL_OR_SUPERSEDED_TEXT,REVIEW_CLASSIFICATION,governance/implementation/code-guides/classification/CGP-006/CGP_006_GUIDE_FAMILY_SOURCE_ALLOCATION.csv,"CGP006-ALLOC-0021,CGP005-RC-0021,CGSRC-ARCH-0021,ES-CG-00,ES-CG-00;ES-CG-01;ES-CG-13,CGP005_REFERENCE_CORPUS_ROW,0,REFERENCE_CORPUS_INDEXED_NOT_NORMATIVE,SUPERSEDED_CONTEXT_ONLY",SUPERSEDED_OR_SUPERSESSION_TEXT_PRESENT
STALE_DRAFT_HISTORICAL_OR_SUPERSEDED_TEXT,REVIEW_CLASSIFICATION,governance/implementation/code-guides/classification/CGP-006/CGP_006_HISTORICAL_PREDECESSOR_REGISTER.csv,"historical_record_id,source_or_document_id,source_id,repository_path,title,source_class,authority_status,controlling_or_contextual_role,expressly_retained_by_normative_freeze,supersession_status,required_later_action,not | CGP006-HIST-0001,CGP005-RC-1485,CGSRC",CANONICAL_OR_CURRENT_INFERRED
STALE_DRAFT_HISTORICAL_OR_SUPERSEDED_TEXT,REVIEW_CLASSIFICATION,governance/implementation/code-guides/classification/CGP-006/CGP_006_PROVENANCE_GAP_REGISTER.csv,"gap_record_id,source_or_document_id,source_id,repository_path,gap_type,gap_description,blocks_drafting,required_later_action,notes",CANONICAL_OR_CURRENT_INFERRED
STALE_DRAFT_HISTORICAL_OR_SUPERSEDED_TEXT,REVIEW_CLASSIFICATION,governance/implementation/code-guides/classification/CGP-006/CGP_006_SUPERSEDED_SOURCE_REGISTER.csv,"supersession_record_id,source_or_document_id,source_id,superseded_by,repository_path,title,supersession_status,affected_guides,classification_treatment,expressly_retained_by_normative_freeze,notes | CGSUP-0001,CGP005-RC-0021,CGSRC-ARCH-0021,CGSRC-GOV-0018,docs",SUPERSEDED_OR_SUPERSESSION_TEXT_PRESENT
STALE_DRAFT_HISTORICAL_OR_SUPERSEDED_TEXT,REVIEW_CLASSIFICATION,governance/implementation/code-guides/CONTROLLED_VALUES.md,- `DRAFTING` | - `ADOPTION_CANDIDATE` | - `ADOPTED` | - `REVISION_PENDING`,SUPERSEDED_OR_SUPERSESSION_TEXT_PRESENT
STALE_DRAFT_HISTORICAL_OR_SUPERSEDED_TEXT,REVIEW_CLASSIFICATION,governance/implementation/code-guides/drafting/CGP-006/CODE_GUIDE_PROGRAM_V1_1_POST_CUSTODY_CLOSEOUT_AND_STATUS_RECONCILIATION/AUTHORITY_BOUNDARY_REPORT.md,`PROGRAM_PLAN_V1_1_CONTROLLING` | `PR_44_CLOSED_SUPERSEDED_NOT_MERGED` | `GAP_0004_REMAINS_OPEN` | `RETAINED_WARNINGS_REMAIN_OPEN` | PATH_CLASSIFICATION: candidate_or_draft,SUPERSEDED_OR_SUPERSESSION_TEXT_PRESENT
STALE_DRAFT_HISTORICAL_OR_SUPERSEDED_TEXT,REVIEW_CLASSIFICATION,governance/implementation/code-guides/drafting/CGP-006/CODE_GUIDE_PROGRAM_V1_1_POST_CUSTODY_CLOSEOUT_AND_STATUS_RECONCILIATION/AUTHORIZED_PATH_REPORT.md,"| `governance/implementation/code-guides/drafting/CGP-006/CODE_GUIDE_PROGRAM_V1_1_POST_CUSTODY_CLOSEOUT_AND_STATUS_RECONCILIATION/` | Required closeout package. | | No application files, product tests, CI workflows, schemas, migrations, infrastructure files, d",HISTORICAL_DUPLICATE_DRAFT_OR_PREDECESSOR_INFERRED
STALE_DRAFT_HISTORICAL_OR_SUPERSEDED_TEXT,REVIEW_CLASSIFICATION,governance/implementation/code-guides/drafting/CGP-006/CODE_GUIDE_PROGRAM_V1_1_POST_CUSTODY_CLOSEOUT_AND_STATUS_RECONCILIATION/CHECKSUM_MANIFEST.sha256,289dba93665ef97bf68bcbdaf5667a3720af4780fcde59e072d80c3a191c71bf HISTORICAL_RECORD_PRESERVATION_REPORT.md | PATH_CLASSIFICATION: candidate_or_draft,HISTORICAL_DUPLICATE_DRAFT_OR_PREDECESSOR_INFERRED
STALE_DRAFT_HISTORICAL_OR_SUPERSEDED_TEXT,REVIEW_CLASSIFICATION,governance/implementation/code-guides/drafting/CGP-006/CODE_GUIDE_PROGRAM_V1_1_POST_CUSTODY_CLOSEOUT_AND_STATUS_RECONCILIATION/CURRENT_STATUS_RECONCILIATION.md,"`PROGRAM_PLAN_V1_1_CONTROLLING` | `PR_44_CLOSED_SUPERSEDED_NOT_MERGED` | Historical PR #49 package files, PR #50 custody records, prior review records, and prior Founder dispositions were not rewritten. The closeout records current facts separately. | PATH_CLA",SUPERSEDED_OR_SUPERSESSION_TEXT_PRESENT
STALE_DRAFT_HISTORICAL_OR_SUPERSEDED_TEXT,REVIEW_CLASSIFICATION,governance/implementation/code-guides/drafting/CGP-006/CODE_GUIDE_PROGRAM_V1_1_POST_CUSTODY_CLOSEOUT_AND_STATUS_RECONCILIATION/DIRECTIVE_EXECUTION_RECORD.md,"| PR #44 closeout status | `PR_44_CLOSED_SUPERSEDED_NOT_MERGED` | | No application code, product tests, CI, infrastructure, deployment configuration, adopted guide bytes, runtime evidence, activation record, implementation mapping, GAP-0004 closure, retained-w",SUPERSEDED_OR_SUPERSESSION_TEXT_PRESENT
STALE_DRAFT_HISTORICAL_OR_SUPERSEDED_TEXT,REVIEW_CLASSIFICATION,governance/implementation/code-guides/drafting/CGP-006/CODE_GUIDE_PROGRAM_V1_1_POST_CUSTODY_CLOSEOUT_AND_STATUS_RECONCILIATION/HISTORICAL_RECORD_PRESERVATION_REPORT.md,"# Historical Record Preservation Report | Historical assertions in prior packages, Founder dispositions, custody receipts, and validator records were preserved when they accurately described their original temporal context. | - `FOUNDER_DISPOSITION_PRESERVE` |",HISTORICAL_DUPLICATE_DRAFT_OR_PREDECESSOR_INFERRED
STALE_DRAFT_HISTORICAL_OR_SUPERSEDED_TEXT,REVIEW_CLASSIFICATION,governance/implementation/code-guides/drafting/CGP-006/CODE_GUIDE_PROGRAM_V1_1_POST_CUSTODY_CLOSEOUT_AND_STATUS_RECONCILIATION/PACKAGE_MANIFEST.json,"""path"": ""HISTORICAL_RECORD_PRESERVATION_REPORT.md"", | PATH_CLASSIFICATION: candidate_or_draft",HISTORICAL_DUPLICATE_DRAFT_OR_PREDECESSOR_INFERRED
STALE_DRAFT_HISTORICAL_OR_SUPERSEDED_TEXT,REVIEW_CLASSIFICATION,governance/implementation/code-guides/drafting/CGP-006/CODE_GUIDE_PROGRAM_V1_1_POST_CUSTODY_CLOSEOUT_AND_STATUS_RECONCILIATION/PR_44_SUPERSESSION_CLOSEOUT.md,| Supersession classification | `PR_44_CLOSED_SUPERSEDED_NOT_MERGED` | | PR #44 remains a historical draft. Its original package did not become canonical and was not merged. Its useful documentary function is superseded by the V1.1-conforming successor integra,SUPERSEDED_OR_SUPERSESSION_TEXT_PRESENT
STALE_DRAFT_HISTORICAL_OR_SUPERSEDED_TEXT,REVIEW_CLASSIFICATION,governance/implementation/code-guides/drafting/CGP-006/CODE_GUIDE_PROGRAM_V1_1_POST_CUSTODY_CLOSEOUT_AND_STATUS_RECONCILIATION/PR_49_INTEGRATION_VERIFICATION.md,| Founder-approved V1.1 program revision package present | `PASS` | | | Adopted guide bytes changed by closeout | `NO` | | PATH_CLASSIFICATION: candidate_or_draft,CANONICAL_OR_CURRENT_INFERRED
STALE_DRAFT_HISTORICAL_OR_SUPERSEDED_TEXT,REVIEW_CLASSIFICATION,governance/implementation/code-guides/drafting/CGP-006/CODE_GUIDE_PROGRAM_V1_1_POST_CUSTODY_CLOSEOUT_AND_STATUS_RECONCILIATION/PR_50_CUSTODY_VERIFICATION.md,PATH_CLASSIFICATION: candidate_or_draft,CANONICAL_OR_CURRENT_INFERRED
STALE_DRAFT_HISTORICAL_OR_SUPERSEDED_TEXT,REVIEW_CLASSIFICATION,governance/implementation/code-guides/drafting/CGP-006/CODE_GUIDE_PROGRAM_V1_1_POST_CUSTODY_CLOSEOUT_AND_STATUS_RECONCILIATION/README.md,"- PR #44 current state: `PR_44_CLOSED_SUPERSEDED_NOT_MERGED` | This package reconciles current-status records only. It preserves historically accurate prior assertions in PR packages, custody receipts, Founder dispositions, validation records, and dated review",SUPERSEDED_OR_SUPERSESSION_TEXT_PRESENT
STALE_DRAFT_HISTORICAL_OR_SUPERSEDED_TEXT,REVIEW_CLASSIFICATION,governance/implementation/code-guides/drafting/CGP-006/CODE_GUIDE_PROGRAM_V1_1_POST_CUSTODY_CLOSEOUT_AND_STATUS_RECONCILIATION/REPOSITORY_STATE_VERIFICATION.md,Required blocked determination was not triggered. | PATH_CLASSIFICATION: candidate_or_draft,CANONICAL_OR_CURRENT_INFERRED
STALE_DRAFT_HISTORICAL_OR_SUPERSEDED_TEXT,REVIEW_CLASSIFICATION,governance/implementation/code-guides/drafting/CGP-006/CODE_GUIDE_PROGRAM_V1_1_POST_CUSTODY_CLOSEOUT_AND_STATUS_RECONCILIATION/REVIEW_DISPOSITION.md,"The closeout reconciles current-status records with protected custody completion and PR #44 closure facts. It preserves historical evidence and creates no new activation, mapping, implementation, deployment, pilot, produ | `PROGRAM_PLAN_V1_1_CONTROLLING` | `PR",SUPERSEDED_OR_SUPERSESSION_TEXT_PRESENT
STALE_DRAFT_HISTORICAL_OR_SUPERSEDED_TEXT,REVIEW_CLASSIFICATION,governance/implementation/code-guides/drafting/CGP-006/CODE_GUIDE_PROGRAM_V1_1_POST_CUSTODY_CLOSEOUT_AND_STATUS_RECONCILIATION/STALE_STATUS_ASSERTION_INVENTORY.csv,"governance/implementation/code-guides/PROGRAM_STATUS.md,25,- Accession status after PR #45 merge: `CODE_GUIDE_PROGRAM_PLAN_V1_1_PROTECTEDLY_MERGED_PENDING_CUSTODY`,HISTORICAL_ASSERTION_PRESERVE,Preserved as dated prior a | governance/implementation/code-guides",SUPERSEDED_OR_SUPERSESSION_TEXT_PRESENT
STALE_DRAFT_HISTORICAL_OR_SUPERSEDED_TEXT,REVIEW_CLASSIFICATION,governance/implementation/code-guides/drafting/CGP-006/CODE_GUIDE_PROGRAM_V1_1_POST_CUSTODY_CLOSEOUT_AND_STATUS_RECONCILIATION/tests/test_post_custody_closeout.py,"VALIDATOR = ROOT / ""governance/implementation/code-guides/drafting/CGP-006/CODE_GUIDE_PROGRAM_V1_1_POST_CUSTODY_CLOSEOUT_AND_STATUS_RECONCILIATION/validators/validate_post_custody_closeout.py"" | PATH_CLASSIFICATION: candidate_or_draft",CANONICAL_OR_CURRENT_INFERRED
STALE_DRAFT_HISTORICAL_OR_SUPERSEDED_TEXT,REVIEW_CLASSIFICATION,governance/implementation/code-guides/drafting/CGP-006/CODE_GUIDE_PROGRAM_V1_1_POST_CUSTODY_CLOSEOUT_AND_STATUS_RECONCILIATION/VALIDATION_REPORT.md,PYTHONDONTWRITEBYTECODE=1 python3 governance/implementation/code-guides/drafting/CGP-006/CODE_GUIDE_PROGRAM_V1_1_REVISION_AND_PR_44_SUCCESSOR_PREPARATION/validators/validate_revision_package.py | PYTHONDONTWRITEBYTECODE=1 python3 -m unittest discover -s govern,HISTORICAL_DUPLICATE_DRAFT_OR_PREDECESSOR_INFERRED
STALE_DRAFT_HISTORICAL_OR_SUPERSEDED_TEXT,REVIEW_CLASSIFICATION,governance/implementation/code-guides/drafting/CGP-006/CODE_GUIDE_PROGRAM_V1_1_POST_CUSTODY_CLOSEOUT_AND_STATUS_RECONCILIATION/validators/validate_post_custody_closeout.py,"PACKAGE_REL = Path(""governance/implementation/code-guides/drafting/CGP-006/CODE_GUIDE_PROGRAM_V1_1_POST_CUSTODY_CLOSEOUT_AND_STATUS_RECONCILIATION"") | PR44_STATUS = ""PR_44_CLOSED_SUPERSEDED_NOT_MERGED"" | ""HISTORICAL_RECORD_PRESERVATION_REPORT.md"", | ""PROGRAM_P",SUPERSEDED_OR_SUPERSESSION_TEXT_PRESENT
STALE_DRAFT_HISTORICAL_OR_SUPERSEDED_TEXT,REVIEW_CLASSIFICATION,governance/implementation/code-guides/drafting/CGP-006/CODE_GUIDE_PROGRAM_V1_1_RECONCILIATION/ACTIVATION_FRAMEWORK_ASSESSMENT.md,"V1.1 requires a separate Founder-approved activation record for every active guide scope. No V1.1 `GUIDE_ACTIVATION_REGISTER.csv`, `GUIDE_ACTIVATION_SCHEMA.json`, or activation record is present in the current protected  | PR #44 proposes activation-readiness ",CANONICAL_OR_CURRENT_INFERRED
STALE_DRAFT_HISTORICAL_OR_SUPERSEDED_TEXT,REVIEW_CLASSIFICATION,governance/implementation/code-guides/drafting/CGP-006/CODE_GUIDE_PROGRAM_V1_1_RECONCILIATION/ASSURANCE_CLASS_RECONCILIATION.csv,PATH_CLASSIFICATION: candidate_or_draft,CANONICAL_OR_CURRENT_INFERRED
STALE_DRAFT_HISTORICAL_OR_SUPERSEDED_TEXT,REVIEW_CLASSIFICATION,governance/implementation/code-guides/drafting/CGP-006/CODE_GUIDE_PROGRAM_V1_1_RECONCILIATION/AUTHORITY_BOUNDARY_REPORT.md,The Founder disposition approves PR #47 as a documentary reconciliation and successor-workstream decision-support package only. It does not accept the existing Code Guide Program as fully V1.1-conforming. | - Add this Founder disposition to PR #47. | - In the ,CANONICAL_OR_CURRENT_INFERRED
STALE_DRAFT_HISTORICAL_OR_SUPERSEDED_TEXT,REVIEW_CLASSIFICATION,governance/implementation/code-guides/drafting/CGP-006/CODE_GUIDE_PROGRAM_V1_1_RECONCILIATION/AUTHORITY_MODEL_RECONCILIATION.md,The protected repository contains the Founder-approved V1.1 program plan and a separate custody receipt. The Founder has now also approved PR #47 as a documentary reconciliation and successor-workstream decision-support  | - `PR_44_REQUIRES_REBASE_AND_REVALIDA,SUPERSEDED_OR_SUPERSESSION_TEXT_PRESENT
STALE_DRAFT_HISTORICAL_OR_SUPERSEDED_TEXT,REVIEW_CLASSIFICATION,governance/implementation/code-guides/drafting/CGP-006/CODE_GUIDE_PROGRAM_V1_1_RECONCILIATION/CHECKSUM_MANIFEST.sha256,8be7f9d0f60b193b46bb19cb1f89f123afe32419846328615ee0a4539cc97177 FOUNDER_DECISION_REGISTER.md | 9633e444f8075ccd46f6f6954efb2e9ef2491ef1b1acba42a9d2e468c4675430 FOUNDER_DISPOSITION_OF_RECONCILIATION.md | b8c8a735062bb99085474a86f9c9df77ffdbf95bc04a64b5ca4f24c0,HISTORICAL_DUPLICATE_DRAFT_OR_PREDECESSOR_INFERRED
STALE_DRAFT_HISTORICAL_OR_SUPERSEDED_TEXT,REVIEW_CLASSIFICATION,governance/implementation/code-guides/drafting/CGP-006/CODE_GUIDE_PROGRAM_V1_1_RECONCILIATION/CODE_GUIDE_FAMILY_STATUS_MATRIX.csv,"ES-CG-00,Code Guide Charter,1,SOURCE_FROZEN,NOT_ADOPTED,NOT_ACTIVE,NOT_ACCESSIONED,SOURCE_FROZEN,NOT_V1_1_DISPOSITIONED_OR_ACCESSIONED,""Reconcile to V1.1 lifecycle, evidence, reviews, mapping, and custody gates under sep | ES-CG-01,Engineering Authority and Pr",CANONICAL_OR_CURRENT_INFERRED
STALE_DRAFT_HISTORICAL_OR_SUPERSEDED_TEXT,REVIEW_CLASSIFICATION,governance/implementation/code-guides/drafting/CGP-006/CODE_GUIDE_PROGRAM_V1_1_RECONCILIATION/EVIDENCE_MODEL_RECONCILIATION.csv,PATH_CLASSIFICATION: candidate_or_draft,CANONICAL_OR_CURRENT_INFERRED
STALE_DRAFT_HISTORICAL_OR_SUPERSEDED_TEXT,REVIEW_CLASSIFICATION,governance/implementation/code-guides/drafting/CGP-006/CODE_GUIDE_PROGRAM_V1_1_RECONCILIATION/EXCEPTION_SUSPENSION_DEACTIVATION_ASSESSMENT.md,PATH_CLASSIFICATION: candidate_or_draft,CANONICAL_OR_CURRENT_INFERRED
STALE_DRAFT_HISTORICAL_OR_SUPERSEDED_TEXT,REVIEW_CLASSIFICATION,governance/implementation/code-guides/drafting/CGP-006/CODE_GUIDE_PROGRAM_V1_1_RECONCILIATION/FOUNDER_DECISION_REGISTER.md,"# Founder Decision Register | | CGP-V11-DEC-0002 | PR_44_TO_BE_SUPERSEDED_BY_V1_1_CONFORMING_SUCCESSOR | DECIDED | PR #44 remains open, draft, unmerged, unchanged, and not rewritten until a successor is validated and separate closure disposition is g | | CGP-V",SUPERSEDED_OR_SUPERSESSION_TEXT_PRESENT
STALE_DRAFT_HISTORICAL_OR_SUPERSEDED_TEXT,REVIEW_CLASSIFICATION,governance/implementation/code-guides/drafting/CGP-006/CODE_GUIDE_PROGRAM_V1_1_RECONCILIATION/FOUNDER_DISPOSITION_OF_RECONCILIATION.md,# Founder Disposition Of Code Guide Program V1.1 Reconciliation | - `PR_44_REQUIRES_REBASE_AND_REVALIDATION_UNDER_NEW_CONTROLLING_BASELINE` | The Founder approves the reconciliation package in draft PR #47 as a documentary reconciliation and successor-workstre,SUPERSEDED_OR_SUPERSESSION_TEXT_PRESENT
STALE_DRAFT_HISTORICAL_OR_SUPERSEDED_TEXT,REVIEW_CLASSIFICATION,governance/implementation/code-guides/drafting/CGP-006/CODE_GUIDE_PROGRAM_V1_1_RECONCILIATION/FOUNDER_REVIEW_SUMMARY.md,"# Founder Review Summary | - `PR_44_REQUIRES_REBASE_AND_REVALIDATION_UNDER_NEW_CONTROLLING_BASELINE` | ## Founder Decisions Recorded | The Founder approved a separate V1.1 revision workstream, directed PR #44 to be superseded by a V1.1-conforming successor rat",SUPERSEDED_OR_SUPERSESSION_TEXT_PRESENT
STALE_DRAFT_HISTORICAL_OR_SUPERSEDED_TEXT,REVIEW_CLASSIFICATION,governance/implementation/code-guides/drafting/CGP-006/CODE_GUIDE_PROGRAM_V1_1_RECONCILIATION/IMPLEMENTATION_PROFILE_INVENTORY.csv,PATH_CLASSIFICATION: candidate_or_draft,CANONICAL_OR_CURRENT_INFERRED
STALE_DRAFT_HISTORICAL_OR_SUPERSEDED_TEXT,REVIEW_CLASSIFICATION,governance/implementation/code-guides/drafting/CGP-006/CODE_GUIDE_PROGRAM_V1_1_RECONCILIATION/MAPPING_STATUS_ASSESSMENT.md,"- Existing guide tracker rows remain non-adopted and non-active. | Open a separate authorized mapping or V1.1 revision workstream only after Founder authority defines the scope, source basis, permitted paths, and non-implementation boundary. | PATH_CLASSIFICAT",CANONICAL_OR_CURRENT_INFERRED
STALE_DRAFT_HISTORICAL_OR_SUPERSEDED_TEXT,REVIEW_CLASSIFICATION,governance/implementation/code-guides/drafting/CGP-006/CODE_GUIDE_PROGRAM_V1_1_RECONCILIATION/MATURITY_STATE_RECONCILIATION.csv,"DRAFTING,PRESENT,REQUIRES_V1_1_VALIDATION,Add or verify controlled value and transition enforcement before relying on this state. | ADOPTION_CANDIDATE,PRESENT,REQUIRES_V1_1_VALIDATION,Add or verify controlled value and transition enforcement before relying on ",SUPERSEDED_OR_SUPERSESSION_TEXT_PRESENT
STALE_DRAFT_HISTORICAL_OR_SUPERSEDED_TEXT,REVIEW_CLASSIFICATION,governance/implementation/code-guides/drafting/CGP-006/CODE_GUIDE_PROGRAM_V1_1_RECONCILIATION/PACKAGE_MANIFEST.json,"""path"": ""FOUNDER_DECISION_REGISTER.md"", | ""path"": ""FOUNDER_DISPOSITION_OF_RECONCILIATION.md"", | ""path"": ""FOUNDER_REVIEW_SUMMARY.md"", | ""founder_disposition_sha256"": ""9633e444f8075ccd46f6f6954efb2e9ef2491ef1b1acba42a9d2e468c4675430"", | PATH_CLASSIFICATION: cand",SUPERSEDED_OR_SUPERSESSION_TEXT_PRESENT
STALE_DRAFT_HISTORICAL_OR_SUPERSEDED_TEXT,REVIEW_CLASSIFICATION,governance/implementation/code-guides/drafting/CGP-006/CODE_GUIDE_PROGRAM_V1_1_RECONCILIATION/PR_44_V1_1_IMPACT_ASSESSMENT.md,"- Current required treatment: `PR_44_TO_BE_SUPERSEDED_BY_V1_1_CONFORMING_SUCCESSOR` | - Original impact determination: `PR_44_REQUIRES_REBASE_AND_REVALIDATION_UNDER_NEW_CONTROLLING_BASELINE` | ## Founder Disposition | PR #44 shall remain open, draft, unmerged,",SUPERSEDED_OR_SUPERSESSION_TEXT_PRESENT
STALE_DRAFT_HISTORICAL_OR_SUPERSEDED_TEXT,REVIEW_CLASSIFICATION,governance/implementation/code-guides/drafting/CGP-006/CODE_GUIDE_PROGRAM_V1_1_RECONCILIATION/README.md,This package reconciles the existing Code Guide Program repository state against the Founder-approved `ES-CODE-GUIDE-CREATION-REVIEW-ASSURANCE-PLAN-V1.1` and records the Founder disposition approving PR #47 as a document | - `PR_44_REQUIRES_REBASE_AND_REVALIDA,SUPERSEDED_OR_SUPERSESSION_TEXT_PRESENT
STALE_DRAFT_HISTORICAL_OR_SUPERSEDED_TEXT,REVIEW_CLASSIFICATION,governance/implementation/code-guides/drafting/CGP-006/CODE_GUIDE_PROGRAM_V1_1_RECONCILIATION/REPOSITORY_CUSTODY_CONFORMANCE_ASSESSMENT.md,PATH_CLASSIFICATION: candidate_or_draft,CANONICAL_OR_CURRENT_INFERRED
STALE_DRAFT_HISTORICAL_OR_SUPERSEDED_TEXT,REVIEW_CLASSIFICATION,governance/implementation/code-guides/drafting/CGP-006/CODE_GUIDE_PROGRAM_V1_1_RECONCILIATION/REPRESENTATIVE_SCENARIO_STATUS.md,PATH_CLASSIFICATION: candidate_or_draft,CANONICAL_OR_CURRENT_INFERRED
STALE_DRAFT_HISTORICAL_OR_SUPERSEDED_TEXT,REVIEW_CLASSIFICATION,governance/implementation/code-guides/drafting/CGP-006/CODE_GUIDE_PROGRAM_V1_1_RECONCILIATION/REQUIRED_REGISTER_INVENTORY.csv,"register,OPEN_DECISION_REGISTER.csv,PRESENT,governance/implementation/code-guides/registers/OPEN_DECISION_REGISTER.csv,PARTIAL_REVALIDATION_REQUIRED,Retain and revalidate under V1.1 before using for adoption or activatio | PATH_CLASSIFICATION: candidate_or_dra",CANONICAL_OR_CURRENT_INFERRED
STALE_DRAFT_HISTORICAL_OR_SUPERSEDED_TEXT,REVIEW_CLASSIFICATION,governance/implementation/code-guides/drafting/CGP-006/CODE_GUIDE_PROGRAM_V1_1_RECONCILIATION/REQUIRED_SCHEMA_INVENTORY.csv,PATH_CLASSIFICATION: candidate_or_draft,CANONICAL_OR_CURRENT_INFERRED
STALE_DRAFT_HISTORICAL_OR_SUPERSEDED_TEXT,REVIEW_CLASSIFICATION,governance/implementation/code-guides/drafting/CGP-006/CODE_GUIDE_PROGRAM_V1_1_RECONCILIATION/REVIEW_DISPOSITION.md,- `PR_44_REQUIRES_REBASE_AND_REVALIDATION_UNDER_NEW_CONTROLLING_BASELINE` | - `PR_44_TO_BE_SUPERSEDED_BY_V1_1_CONFORMING_SUCCESSOR` | ## Founder Disposition | The Founder accepts the determinations and approves PR #47 as a documentary reconciliation and succes,SUPERSEDED_OR_SUPERSESSION_TEXT_PRESENT
STALE_DRAFT_HISTORICAL_OR_SUPERSEDED_TEXT,REVIEW_CLASSIFICATION,governance/implementation/code-guides/drafting/CGP-006/CODE_GUIDE_PROGRAM_V1_1_RECONCILIATION/RISK_FINDING_DEVIATION_REGISTER.csv,"CGP-V11-RISK-0001,P1,Current controlled values do not exactly match V1.1 assurance and evidence models.,governance/implementation/code-guides/schemas/CODE_GUIDE_CONTROLLED_VALUES.json,V1.1 evidence or assurance claims co | CGP-V11-RISK-0002,P1,""Required V1.1 r",HISTORICAL_DUPLICATE_DRAFT_OR_PREDECESSOR_INFERRED
STALE_DRAFT_HISTORICAL_OR_SUPERSEDED_TEXT,REVIEW_CLASSIFICATION,governance/implementation/code-guides/drafting/CGP-006/CODE_GUIDE_PROGRAM_V1_1_RECONCILIATION/SOURCE_REGISTER.md,| CGP-V11-SRC-0001 | Founder-approved Code Guide Program Plan V1.1 | `governance/implementation/code-guides/program-plan/ES-CODE-GUIDE-CREATION-REVIEW-ASSURANCE-PLAN-V1.1/ES-CODE-GUIDE-CREATION-REVIEW-ASSURANCE-PLAN-V1.1 | | CGP-V11-SRC-0002 | Founder Approval,HISTORICAL_DUPLICATE_DRAFT_OR_PREDECESSOR_INFERRED
STALE_DRAFT_HISTORICAL_OR_SUPERSEDED_TEXT,REVIEW_CLASSIFICATION,governance/implementation/code-guides/drafting/CGP-006/CODE_GUIDE_PROGRAM_V1_1_RECONCILIATION/SUCCESSOR_WORKSTREAM_PLAN.md,| Controlled values and schemas | Create and implement V1.1 controlled-value and schema migration with historical preservation. | | | Founder review | Prepare a draft Founder review package. | | - `GAP_0004_REMAINS_OPEN` | - `RETAINED_WARNINGS_REMAIN_OPEN` | P,CANONICAL_OR_CURRENT_INFERRED
STALE_DRAFT_HISTORICAL_OR_SUPERSEDED_TEXT,REVIEW_CLASSIFICATION,governance/implementation/code-guides/drafting/CGP-006/CODE_GUIDE_PROGRAM_V1_1_RECONCILIATION/TEMPLATE_INVENTORY.csv,"template,CODE_GUIDE_DRAFT_TEMPLATE.md,PRESENT,governance/implementation/code-guides/templates/CODE_GUIDE_DRAFT_TEMPLATE.md,PARTIAL_REVALIDATION_REQUIRED,Retain and revalidate under V1.1 before using for adoption or activ | template,GUIDE_DRAFTING_CHARTER_TEMPL",CANONICAL_OR_CURRENT_INFERRED
STALE_DRAFT_HISTORICAL_OR_SUPERSEDED_TEXT,REVIEW_CLASSIFICATION,governance/implementation/code-guides/drafting/CGP-006/CODE_GUIDE_PROGRAM_V1_1_RECONCILIATION/tests/test_code_guide_program_v1_1_reconciliation.py,"/ ""governance/implementation/code-guides/drafting/CGP-006/CODE_GUIDE_PROGRAM_V1_1_RECONCILIATION"" | PATH_CLASSIFICATION: candidate_or_draft",CANONICAL_OR_CURRENT_INFERRED
STALE_DRAFT_HISTORICAL_OR_SUPERSEDED_TEXT,REVIEW_CLASSIFICATION,governance/implementation/code-guides/drafting/CGP-006/CODE_GUIDE_PROGRAM_V1_1_RECONCILIATION/USABILITY_AND_RELIABILITY_INVARIANT_ASSESSMENT.md,"Each applicable guide must convert the V1.1 invariants into measurable acceptance criteria, verification methods, evidence grades, and retained findings. This package preserves the requirement but does not assign accepta | PATH_CLASSIFICATION: candidate_or_dra",CANONICAL_OR_CURRENT_INFERRED
STALE_DRAFT_HISTORICAL_OR_SUPERSEDED_TEXT,REVIEW_CLASSIFICATION,governance/implementation/code-guides/drafting/CGP-006/CODE_GUIDE_PROGRAM_V1_1_RECONCILIATION/V1_1_REQUIREMENT_TO_REPOSITORY_CROSSWALK.csv,"Program approval package,""Exact plan, Founder disposition, change summary, authority analysis, source register, manifests, validation, protected integration, and custody receipt."",PR #45 merged at 77a1565f73cde94acf62d41 | Stage 24 activation,Activation only t",CANONICAL_OR_CURRENT_INFERRED
STALE_DRAFT_HISTORICAL_OR_SUPERSEDED_TEXT,REVIEW_CLASSIFICATION,governance/implementation/code-guides/drafting/CGP-006/CODE_GUIDE_PROGRAM_V1_1_RECONCILIATION/VALIDATION_REPORT.md,PYTHONDONTWRITEBYTECODE=1 python3 governance/implementation/code-guides/drafting/CGP-006/CODE_GUIDE_PROGRAM_V1_1_RECONCILIATION/validators/validate_code_guide_program_v1_1_reconciliation.py | PYTHONDONTWRITEBYTECODE=1 python3 -m unittest discover -s governance,HISTORICAL_DUPLICATE_DRAFT_OR_PREDECESSOR_INFERRED
STALE_DRAFT_HISTORICAL_OR_SUPERSEDED_TEXT,REVIEW_CLASSIFICATION,governance/implementation/code-guides/drafting/CGP-006/CODE_GUIDE_PROGRAM_V1_1_RECONCILIATION/VALIDATOR_RELIABILITY_ASSESSMENT.csv,PATH_CLASSIFICATION: candidate_or_draft,CANONICAL_OR_CURRENT_INFERRED
STALE_DRAFT_HISTORICAL_OR_SUPERSEDED_TEXT,REVIEW_CLASSIFICATION,governance/implementation/code-guides/drafting/CGP-006/CODE_GUIDE_PROGRAM_V1_1_RECONCILIATION/validators/validate_code_guide_program_v1_1_reconciliation.py,"PACKAGE_REL = Path(""governance/implementation/code-guides/drafting/CGP-006/CODE_GUIDE_PROGRAM_V1_1_RECONCILIATION"") | PR44_IMPACT = ""PR_44_REQUIRES_REBASE_AND_REVALIDATION_UNDER_NEW_CONTROLLING_BASELINE"" | PR44_SUPERSESSION = ""PR_44_TO_BE_SUPERSEDED_BY_V1_1_CO",SUPERSEDED_OR_SUPERSESSION_TEXT_PRESENT
STALE_DRAFT_HISTORICAL_OR_SUPERSEDED_TEXT,REVIEW_CLASSIFICATION,governance/implementation/code-guides/drafting/CGP-006/CODE_GUIDE_PROGRAM_V1_1_REVISION_AND_PR_44_SUCCESSOR_PREPARATION/AFFECTED_ARTIFACT_INVENTORY.csv,"register,OPEN_DECISION_REGISTER.csv,PRESENT,V1.1 register identity reconciled | template,CODE_GUIDE_DRAFT_TEMPLATE.md,PRESENT,Authority fields required | template,GUIDE_DRAFTING_CHARTER_TEMPLATE.md,PRESENT,Authority fields required | template,BLOCKED_RECEIPT_T",CANONICAL_OR_CURRENT_INFERRED
STALE_DRAFT_HISTORICAL_OR_SUPERSEDED_TEXT,REVIEW_CLASSIFICATION,governance/implementation/code-guides/drafting/CGP-006/CODE_GUIDE_PROGRAM_V1_1_REVISION_AND_PR_44_SUCCESSOR_PREPARATION/AUTHORITY_BOUNDARY_REPORT.md,`PROGRAM_PLAN_V1_1_CONTROLLING` | `PROGRAM_REVISION_APPROVED_PENDING_PROTECTED_INTEGRATION_AND_CUSTODY` | `PR_44_REMAINS_OPEN_DRAFT_UNMERGED_UNTIL_SUCCESSOR_CUSTODY_COMPLETE` | `GAP_0004_REMAINS_OPEN` | PATH_CLASSIFICATION: candidate_or_draft,HISTORICAL_DUPLICATE_DRAFT_OR_PREDECESSOR_INFERRED
STALE_DRAFT_HISTORICAL_OR_SUPERSEDED_TEXT,REVIEW_CLASSIFICATION,governance/implementation/code-guides/drafting/CGP-006/CODE_GUIDE_PROGRAM_V1_1_REVISION_AND_PR_44_SUCCESSOR_PREPARATION/AUTHORIZED_PATH_REPORT.md,Primary package: `governance/implementation/code-guides/drafting/CGP-006/CODE_GUIDE_PROGRAM_V1_1_REVISION_AND_PR_44_SUCCESSOR_PREPARATION/` | PR #44 successor package: `governance/implementation/code-guides/drafting/CGP-006/WAVE_1_ACTIVATION_AND_EVIDENCE_PLANN,HISTORICAL_DUPLICATE_DRAFT_OR_PREDECESSOR_INFERRED
STALE_DRAFT_HISTORICAL_OR_SUPERSEDED_TEXT,REVIEW_CLASSIFICATION,governance/implementation/code-guides/drafting/CGP-006/CODE_GUIDE_PROGRAM_V1_1_REVISION_AND_PR_44_SUCCESSOR_PREPARATION/CHECKSUM_MANIFEST.sha256,355629678882581b6c3e54e3adce135ef525c5a08fe766784f558e33cd91f058 FOUNDER_DISPOSITION_OF_PR_49.md | 6a2e3c58708598a7ff63a450a1de419f4e8f2325e9c240737f5b91e18a9fa91c FOUNDER_REVIEW_SUMMARY.md | eccb42daf03dfaef322d3b3c7a6dacb10065519d1a437fcb304571dd673b2b1e OPE,HISTORICAL_DUPLICATE_DRAFT_OR_PREDECESSOR_INFERRED
STALE_DRAFT_HISTORICAL_OR_SUPERSEDED_TEXT,REVIEW_CLASSIFICATION,governance/implementation/code-guides/drafting/CGP-006/CODE_GUIDE_PROGRAM_V1_1_REVISION_AND_PR_44_SUCCESSOR_PREPARATION/CONTROLLED_VALUE_COMPATIBILITY_POLICY.md,Historical records retain their original values unless a separate authorized migration edits that record. New V1.1 records use the V1.1 controlled values. Ambiguous legacy values are not automatically migrated and requir | Classification meanings: `DIRECT_EQUI,CANONICAL_OR_CURRENT_INFERRED
STALE_DRAFT_HISTORICAL_OR_SUPERSEDED_TEXT,REVIEW_CLASSIFICATION,governance/implementation/code-guides/drafting/CGP-006/CODE_GUIDE_PROGRAM_V1_1_REVISION_AND_PR_44_SUCCESSOR_PREPARATION/CONTROLLED_VALUE_MIGRATION_CROSSWALK.csv,"domain,legacy_value,v1_1_value,classification,compatibility_treatment,historical_preservation,automatic_migration_allowed | assurance_class,A2_IMPORTANT,A2_ELEVATED,CONTEXTUAL_EQUIVALENT,Treat as historical label; convert only during reviewed record migration.",SUPERSEDED_OR_SUPERSESSION_TEXT_PRESENT
STALE_DRAFT_HISTORICAL_OR_SUPERSEDED_TEXT,REVIEW_CLASSIFICATION,governance/implementation/code-guides/drafting/CGP-006/CODE_GUIDE_PROGRAM_V1_1_REVISION_AND_PR_44_SUCCESSOR_PREPARATION/DIRECTIVE_EXECUTION_RECORD.md,| PR #44 treatment | `PR_44_HISTORICAL_DRAFT_PRESERVED_PENDING_SUCCESSOR_CUSTODY_COMPLETE` | | PATH_CLASSIFICATION: candidate_or_draft,HISTORICAL_DUPLICATE_DRAFT_OR_PREDECESSOR_INFERRED
STALE_DRAFT_HISTORICAL_OR_SUPERSEDED_TEXT,REVIEW_CLASSIFICATION,governance/implementation/code-guides/drafting/CGP-006/CODE_GUIDE_PROGRAM_V1_1_REVISION_AND_PR_44_SUCCESSOR_PREPARATION/FOUNDER_DISPOSITION_OF_PR_49.md,# Founder Disposition Of PR #49 | **Controlling Base:** `c2759173279a8c7a986f0a6e980419b88621df31` | The Founder acknowledges and accepts: | `CGP_006_CODE_GUIDE_PROGRAM_V1_1_REVISION_AND_PR_44_SUCCESSOR_PREPARATION_COMPLETE_READY_FOR_FOUNDER_REVIEW` | PATH_CLA,SUPERSEDED_OR_SUPERSESSION_TEXT_PRESENT
STALE_DRAFT_HISTORICAL_OR_SUPERSEDED_TEXT,REVIEW_CLASSIFICATION,governance/implementation/code-guides/drafting/CGP-006/CODE_GUIDE_PROGRAM_V1_1_REVISION_AND_PR_44_SUCCESSOR_PREPARATION/FOUNDER_REVIEW_SUMMARY.md,# Founder Review Summary | `CGP_006_CODE_GUIDE_PROGRAM_V1_1_REVISION_AND_PR_44_SUCCESSOR_PREPARATION_COMPLETE_READY_FOR_FOUNDER_REVIEW` | `CGP_006_WAVE_1_V1_1_SUCCESSOR_READY_FOR_FOUNDER_REVIEW_WITH_CONDITIONS` | Founder disposition of PR #49 approves the work,HISTORICAL_DUPLICATE_DRAFT_OR_PREDECESSOR_INFERRED
STALE_DRAFT_HISTORICAL_OR_SUPERSEDED_TEXT,REVIEW_CLASSIFICATION,governance/implementation/code-guides/drafting/CGP-006/CODE_GUIDE_PROGRAM_V1_1_REVISION_AND_PR_44_SUCCESSOR_PREPARATION/GENERIC_IMPLEMENTATION_PROFILE_REPORT.md,PATH_CLASSIFICATION: candidate_or_draft,CANONICAL_OR_CURRENT_INFERRED
STALE_DRAFT_HISTORICAL_OR_SUPERSEDED_TEXT,REVIEW_CLASSIFICATION,governance/implementation/code-guides/drafting/CGP-006/CODE_GUIDE_PROGRAM_V1_1_REVISION_AND_PR_44_SUCCESSOR_PREPARATION/GUIDE_LIFECYCLE_RECONCILIATION_MATRIX.csv,"ES-CG-00,Code Guide Charter,1,0,Program intake,PARTIAL,PROTECTED_CANONICAL_EVIDENCE_LOCATED,SOURCE_FROZEN,NOT_ADOPTED,NOT_ACCESSIONED,NOT_ACTIVE,NO_STATUS_ADVANCEMENT | ES-CG-00,Code Guide Charter,1,1,Drafting charter,PARTIAL,PROTECTED_CANONICAL_EVIDENCE_LOCAT",CANONICAL_OR_CURRENT_INFERRED
STALE_DRAFT_HISTORICAL_OR_SUPERSEDED_TEXT,REVIEW_CLASSIFICATION,governance/implementation/code-guides/drafting/CGP-006/CODE_GUIDE_PROGRAM_V1_1_REVISION_AND_PR_44_SUCCESSOR_PREPARATION/OPEN_DECISION_REGISTER.md,# Open Decision Register | | CGP-V11-SUCC-DEC-0001 | Founder review of V1.1 program revision candidate | APPROVED_FOR_PROTECTED_DOCUMENTARY_INTEGRATION | | | CGP-V11-SUCC-DEC-0002 | Founder review of PR #44 V1.1 successor candidate | APPROVED_FOR_PROTECTED_DOC,SUPERSEDED_OR_SUPERSESSION_TEXT_PRESENT
STALE_DRAFT_HISTORICAL_OR_SUPERSEDED_TEXT,REVIEW_CLASSIFICATION,governance/implementation/code-guides/drafting/CGP-006/CODE_GUIDE_PROGRAM_V1_1_REVISION_AND_PR_44_SUCCESSOR_PREPARATION/PACKAGE_MANIFEST.json,"""path"": ""FOUNDER_DISPOSITION_OF_PR_49.md"", | ""path"": ""FOUNDER_REVIEW_SUMMARY.md"", | ""path"": ""OPEN_DECISION_REGISTER.md"", | PATH_CLASSIFICATION: candidate_or_draft",HISTORICAL_DUPLICATE_DRAFT_OR_PREDECESSOR_INFERRED
STALE_DRAFT_HISTORICAL_OR_SUPERSEDED_TEXT,REVIEW_CLASSIFICATION,governance/implementation/code-guides/drafting/CGP-006/CODE_GUIDE_PROGRAM_V1_1_REVISION_AND_PR_44_SUCCESSOR_PREPARATION/PR_44_SUCCESSOR_PREPARATION_REPORT.md,PR #44 is preserved as an unchanged historical draft at `f94c26188e8d35c413b366135df12057b58c2d7d`. The successor package is prepared under `governance/implementation/code-guides/drafting/CGP-006/WAVE_1_ACTIVATION_AND_EV | Historical PR #44 package files inven,SUPERSEDED_OR_SUPERSESSION_TEXT_PRESENT
STALE_DRAFT_HISTORICAL_OR_SUPERSEDED_TEXT,REVIEW_CLASSIFICATION,governance/implementation/code-guides/drafting/CGP-006/CODE_GUIDE_PROGRAM_V1_1_REVISION_AND_PR_44_SUCCESSOR_PREPARATION/README.md,"**Package status:** `PROGRAM_REVISION_APPROVED_PENDING_PROTECTED_INTEGRATION_AND_CUSTODY` | Founder disposition of PR #49 is recorded in `FOUNDER_DISPOSITION_OF_PR_49.md`. The disposition approves this package for protected documentary integration only, subjec",HISTORICAL_DUPLICATE_DRAFT_OR_PREDECESSOR_INFERRED
STALE_DRAFT_HISTORICAL_OR_SUPERSEDED_TEXT,REVIEW_CLASSIFICATION,governance/implementation/code-guides/drafting/CGP-006/CODE_GUIDE_PROGRAM_V1_1_REVISION_AND_PR_44_SUCCESSOR_PREPARATION/REGISTER_RECONCILIATION_REPORT.md,| OPEN_DECISION_REGISTER.csv | PRESENT | | PATH_CLASSIFICATION: candidate_or_draft,CANONICAL_OR_CURRENT_INFERRED
STALE_DRAFT_HISTORICAL_OR_SUPERSEDED_TEXT,REVIEW_CLASSIFICATION,governance/implementation/code-guides/drafting/CGP-006/CODE_GUIDE_PROGRAM_V1_1_REVISION_AND_PR_44_SUCCESSOR_PREPARATION/REVIEW_DISPOSITION.md,`CGP_006_CODE_GUIDE_PROGRAM_V1_1_REVISION_AND_PR_44_SUCCESSOR_PREPARATION_COMPLETE_READY_FOR_FOUNDER_REVIEW` | `CGP_006_WAVE_1_V1_1_SUCCESSOR_READY_FOR_FOUNDER_REVIEW_WITH_CONDITIONS` | Founder disposition of PR #49 approves this work for protected documentary,HISTORICAL_DUPLICATE_DRAFT_OR_PREDECESSOR_INFERRED
STALE_DRAFT_HISTORICAL_OR_SUPERSEDED_TEXT,REVIEW_CLASSIFICATION,governance/implementation/code-guides/drafting/CGP-006/CODE_GUIDE_PROGRAM_V1_1_REVISION_AND_PR_44_SUCCESSOR_PREPARATION/RISK_FINDING_DEVIATION_REGISTER.csv,"CGP-V11-REV-RISK-0001,P1,Program revision is candidate only until Founder disposition.,OPEN,Founder review and separate protected integration authority. | CGP-V11-REV-RISK-0002,P1,PR #44 activation proposal remains historical draft and must not be rewritten in",HISTORICAL_DUPLICATE_DRAFT_OR_PREDECESSOR_INFERRED
STALE_DRAFT_HISTORICAL_OR_SUPERSEDED_TEXT,REVIEW_CLASSIFICATION,governance/implementation/code-guides/drafting/CGP-006/CODE_GUIDE_PROGRAM_V1_1_REVISION_AND_PR_44_SUCCESSOR_PREPARATION/SCHEMA_REVISION_REPORT.md,PATH_CLASSIFICATION: candidate_or_draft,CANONICAL_OR_CURRENT_INFERRED
STALE_DRAFT_HISTORICAL_OR_SUPERSEDED_TEXT,REVIEW_CLASSIFICATION,governance/implementation/code-guides/drafting/CGP-006/CODE_GUIDE_PROGRAM_V1_1_REVISION_AND_PR_44_SUCCESSOR_PREPARATION/SOURCE_FREEZE_MANIFEST.json,"""status"": ""CONTROLLING"" | PATH_CLASSIFICATION: candidate_or_draft",HISTORICAL_DUPLICATE_DRAFT_OR_PREDECESSOR_INFERRED
STALE_DRAFT_HISTORICAL_OR_SUPERSEDED_TEXT,REVIEW_CLASSIFICATION,governance/implementation/code-guides/drafting/CGP-006/CODE_GUIDE_PROGRAM_V1_1_REVISION_AND_PR_44_SUCCESSOR_PREPARATION/SOURCE_REGISTER.md,| SRC-0001 | V1.1 program plan | `governance/implementation/code-guides/program-plan/ES-CODE-GUIDE-CREATION-REVIEW-ASSURANCE-PLAN-V1.1/ES-CODE-GUIDE-CREATION-REVIEW-ASSURANCE-PLAN-V1.1.md` `9aa8cb29848ccf5b75a65320616a11 | | SRC-0004 | PR #44 historical branch,HISTORICAL_DUPLICATE_DRAFT_OR_PREDECESSOR_INFERRED
STALE_DRAFT_HISTORICAL_OR_SUPERSEDED_TEXT,REVIEW_CLASSIFICATION,governance/implementation/code-guides/drafting/CGP-006/CODE_GUIDE_PROGRAM_V1_1_REVISION_AND_PR_44_SUCCESSOR_PREPARATION/SOURCE_SHA256SUMS.txt,PATH_CLASSIFICATION: candidate_or_draft,HISTORICAL_DUPLICATE_DRAFT_OR_PREDECESSOR_INFERRED
STALE_DRAFT_HISTORICAL_OR_SUPERSEDED_TEXT,REVIEW_CLASSIFICATION,governance/implementation/code-guides/drafting/CGP-006/CODE_GUIDE_PROGRAM_V1_1_REVISION_AND_PR_44_SUCCESSOR_PREPARATION/TEMPLATE_REVISION_REPORT.md,| CODE_GUIDE_DRAFT_TEMPLATE.md | PRESENT | | | GUIDE_DRAFTING_CHARTER_TEMPLATE.md | PRESENT | | | BLOCKED_RECEIPT_TEMPLATE.md | PRESENT | | PATH_CLASSIFICATION: candidate_or_draft,CANONICAL_OR_CURRENT_INFERRED
STALE_DRAFT_HISTORICAL_OR_SUPERSEDED_TEXT,REVIEW_CLASSIFICATION,governance/implementation/code-guides/drafting/CGP-006/CODE_GUIDE_PROGRAM_V1_1_REVISION_AND_PR_44_SUCCESSOR_PREPARATION/tests/test_revision_package.py,"PATH = ROOT / ""governance/implementation/code-guides/drafting/CGP-006/CODE_GUIDE_PROGRAM_V1_1_REVISION_AND_PR_44_SUCCESSOR_PREPARATION"" / ""validators/validate_revision_package.py"" | PATH_CLASSIFICATION: candidate_or_draft",CANONICAL_OR_CURRENT_INFERRED
STALE_DRAFT_HISTORICAL_OR_SUPERSEDED_TEXT,REVIEW_CLASSIFICATION,governance/implementation/code-guides/drafting/CGP-006/CODE_GUIDE_PROGRAM_V1_1_REVISION_AND_PR_44_SUCCESSOR_PREPARATION/VALIDATION_REPORT.md,PYTHONDONTWRITEBYTECODE=1 python3 governance/implementation/code-guides/drafting/CGP-006/CODE_GUIDE_PROGRAM_V1_1_REVISION_AND_PR_44_SUCCESSOR_PREPARATION/validators/validate_revision_package.py | PYTHONDONTWRITEBYTECODE=1 python3 -m unittest discover -s govern,HISTORICAL_DUPLICATE_DRAFT_OR_PREDECESSOR_INFERRED
STALE_DRAFT_HISTORICAL_OR_SUPERSEDED_TEXT,REVIEW_CLASSIFICATION,governance/implementation/code-guides/drafting/CGP-006/CODE_GUIDE_PROGRAM_V1_1_REVISION_AND_PR_44_SUCCESSOR_PREPARATION/VALIDATOR_RELIABILITY_REPORT.md,PATH_CLASSIFICATION: candidate_or_draft,HISTORICAL_DUPLICATE_DRAFT_OR_PREDECESSOR_INFERRED
STALE_DRAFT_HISTORICAL_OR_SUPERSEDED_TEXT,REVIEW_CLASSIFICATION,governance/implementation/code-guides/drafting/CGP-006/CODE_GUIDE_PROGRAM_V1_1_REVISION_AND_PR_44_SUCCESSOR_PREPARATION/validators/validate_revision_package.py,"PACKAGE_REL = Path(""governance/implementation/code-guides/drafting/CGP-006/CODE_GUIDE_PROGRAM_V1_1_REVISION_AND_PR_44_SUCCESSOR_PREPARATION"") | ""OPEN_DECISION_REGISTER.md"", | ""FOUNDER_REVIEW_SUMMARY.md"", | ""FOUNDER_DISPOSITION_OF_PR_49.md"", | PATH_CLASSIFICATI",CANONICAL_OR_CURRENT_INFERRED
STALE_DRAFT_HISTORICAL_OR_SUPERSEDED_TEXT,REVIEW_CLASSIFICATION,governance/implementation/code-guides/drafting/CGP-006/SOLO_FOUNDER_COMPENSATING_ASSURANCE_PROFILE_AND_STAGE_24_READINESS_REBASE_V1/AGENT_FINDING_RECORD_SCHEMA_V1_0_0.md,"**Document Status:** `FOUNDER_APPROVED` | **Founder Approval Date:** `2026-07-30` | **Approval Method:** `EXPLICIT_WRITTEN_FOUNDER_INSTRUCTION_IN_CHATGPT_CONVERSATION` | | `proposed_treatment` | Yes | Remediate, defer, reject, constrain, test, or Founder decis",CANONICAL_OR_CURRENT_INFERRED
STALE_DRAFT_HISTORICAL_OR_SUPERSEDED_TEXT,REVIEW_CLASSIFICATION,governance/implementation/code-guides/drafting/CGP-006/SOLO_FOUNDER_COMPENSATING_ASSURANCE_PROFILE_AND_STAGE_24_READINESS_REBASE_V1/AUTHORIZED_PATH_REPORT.md,**Authorized package path:** `governance/implementation/code-guides/drafting/CGP-006/SOLO_FOUNDER_COMPENSATING_ASSURANCE_PROFILE_AND_STAGE_24_READINESS_REBASE_V1/` | **Founder disposition:** `ES-FD-CGP-006-STAGE-24-LIMITED-ACTIVATION-2026-07-30` | `PROFILE_ADO,HISTORICAL_DUPLICATE_DRAFT_OR_PREDECESSOR_INFERRED
STALE_DRAFT_HISTORICAL_OR_SUPERSEDED_TEXT,REVIEW_CLASSIFICATION,governance/implementation/code-guides/drafting/CGP-006/SOLO_FOUNDER_COMPENSATING_ASSURANCE_PROFILE_AND_STAGE_24_READINESS_REBASE_V1/CHECKSUM_MANIFEST.sha256,24e785a9b2a74bf77a9ff7afe4a8df0bbdf7f6945ca9ccdb239bd07728ff3cf2 ES-CODE-GUIDE-SOLO-FOUNDER-COMPENSATING-ASSURANCE-PROFILE-V1.0.0.md | 11c7b7169ed4c6537f7b9cd91f0a952ccb30c66ea86a94d94c826b19a1c28d99 ES-CODE-GUIDE-SOLO-FOUNDER-COMPENSATING-ASSURANCE-PROFILE-V1,HISTORICAL_DUPLICATE_DRAFT_OR_PREDECESSOR_INFERRED
STALE_DRAFT_HISTORICAL_OR_SUPERSEDED_TEXT,REVIEW_CLASSIFICATION,governance/implementation/code-guides/drafting/CGP-006/SOLO_FOUNDER_COMPENSATING_ASSURANCE_PROFILE_AND_STAGE_24_READINESS_REBASE_V1/DIRECTIVE_EXECUTION_RECORD.md,**Founder disposition:** `ES-FD-CGP-006-STAGE-24-LIMITED-ACTIVATION-2026-07-30` | **Package state before PR #59 protected merge:** `LIMITED_STAGE_24_ACTIVATION_APPROVED_PENDING_CUSTODY` | The four exact Founder-approved Stage 24 source files were added to the ,HISTORICAL_DUPLICATE_DRAFT_OR_PREDECESSOR_INFERRED
STALE_DRAFT_HISTORICAL_OR_SUPERSEDED_TEXT,REVIEW_CLASSIFICATION,governance/implementation/code-guides/drafting/CGP-006/SOLO_FOUNDER_COMPENSATING_ASSURANCE_PROFILE_AND_STAGE_24_READINESS_REBASE_V1/ES-CODE-GUIDE-SOLO-FOUNDER-COMPENSATING-ASSURANCE-PROFILE-V1.0.0_CANDIDATE.md,# ES-CODE-GUIDE-SOLO-FOUNDER-COMPENSATING-ASSURANCE-PROFILE V1.0.0 Candidate | **Profile status:** `FOUNDER_ADOPTION_CANDIDATE_ONLY` | **Directive ID:** `CGP_006_SOLO_FOUNDER_COMPENSATING_ASSURANCE_PROFILE_AND_STAGE_24_READINESS_REBASE_DIRECTIVE_V1_0_0` | **Co,CANONICAL_OR_CURRENT_INFERRED
STALE_DRAFT_HISTORICAL_OR_SUPERSEDED_TEXT,REVIEW_CLASSIFICATION,governance/implementation/code-guides/drafting/CGP-006/SOLO_FOUNDER_COMPENSATING_ASSURANCE_PROFILE_AND_STAGE_24_READINESS_REBASE_V1/ES-CODE-GUIDE-SOLO-FOUNDER-COMPENSATING-ASSURANCE-PROFILE-V1.0.0.md,# ES-CODE-GUIDE-SOLO-FOUNDER-COMPENSATING-ASSURANCE-PROFILE V1.0.0 | **Profile status:** `FOUNDER_ADOPTED` | **Directive ID:** `CGP_006_SOLO_FOUNDER_COMPENSATING_ASSURANCE_PROFILE_AND_STAGE_24_READINESS_REBASE_DIRECTIVE_V1_0_0` | **Controlling Founder Determin,CANONICAL_OR_CURRENT_INFERRED
STALE_DRAFT_HISTORICAL_OR_SUPERSEDED_TEXT,REVIEW_CLASSIFICATION,governance/implementation/code-guides/drafting/CGP-006/SOLO_FOUNDER_COMPENSATING_ASSURANCE_PROFILE_AND_STAGE_24_READINESS_REBASE_V1/EXTERNAL_AGENT_ACCESS_REGISTER_TEMPLATE_V1_0_0.md,**Document Status:** `FOUNDER_APPROVED_TEMPLATE` | **Founder Approval Date:** `2026-07-30` | **Approval Method:** `EXPLICIT_WRITTEN_FOUNDER_INSTRUCTION_IN_CHATGPT_CONVERSATION` | | Access ID | Tool | Role | Status | Repository Scope | Read | Write | Network | ,CANONICAL_OR_CURRENT_INFERRED
STALE_DRAFT_HISTORICAL_OR_SUPERSEDED_TEXT,REVIEW_CLASSIFICATION,governance/implementation/code-guides/drafting/CGP-006/SOLO_FOUNDER_COMPENSATING_ASSURANCE_PROFILE_AND_STAGE_24_READINESS_REBASE_V1/FOUNDER_APPROVAL_AND_DISPOSITION_MULTI_AGENT_TOOLING_INTENT_2026-07-30.md,# EquineSync Founder Approval and Multi-Agent Tooling Intent Disposition | **Document Type:** Founder Approval and Controlling Tooling-Intent Disposition | **Founder Approval Status:** `FOUNDER_APPROVED` | **Founder Approval Date:** `2026-07-30` | PATH_CLASSIF,CANONICAL_OR_CURRENT_INFERRED
STALE_DRAFT_HISTORICAL_OR_SUPERSEDED_TEXT,REVIEW_CLASSIFICATION,governance/implementation/code-guides/drafting/CGP-006/SOLO_FOUNDER_COMPENSATING_ASSURANCE_PROFILE_AND_STAGE_24_READINESS_REBASE_V1/FOUNDER_APPROVAL_RECORD_CGP_006_STAGE_24_DISPOSITION_2026-07-30.md,# Founder Approval Record: CGP-006 Stage 24 Disposition Package | **Status:** `FOUNDER_APPROVAL_RECORDED` | **Approval Method:** `EXPLICIT_WRITTEN_FOUNDER_INSTRUCTION_IN_CHATGPT_CONVERSATION` | | `FOUNDER_DISPOSITION_SOLO_FOUNDER_PROFILE_AND_LIMITED_STAGE_24_A,CANONICAL_OR_CURRENT_INFERRED
STALE_DRAFT_HISTORICAL_OR_SUPERSEDED_TEXT,REVIEW_CLASSIFICATION,governance/implementation/code-guides/drafting/CGP-006/SOLO_FOUNDER_COMPENSATING_ASSURANCE_PROFILE_AND_STAGE_24_READINESS_REBASE_V1/FOUNDER_APPROVAL_RECORD_MULTI_AGENT_TOOLING_INTENT_2026-07-30.md,# Founder Approval Record: EquineSync Multi-Agent Tooling Intent | **Record Status:** `FOUNDER_APPROVAL_RECORDED` | **Founder Approval Date:** `2026-07-30` | **Approval Method:** `EXPLICIT_WRITTEN_FOUNDER_INSTRUCTION_IN_CHATGPT_CONVERSATION` | PATH_CLASSIFICAT,CANONICAL_OR_CURRENT_INFERRED
STALE_DRAFT_HISTORICAL_OR_SUPERSEDED_TEXT,REVIEW_CLASSIFICATION,governance/implementation/code-guides/drafting/CGP-006/SOLO_FOUNDER_COMPENSATING_ASSURANCE_PROFILE_AND_STAGE_24_READINESS_REBASE_V1/FOUNDER_DISPOSITION_SOLO_FOUNDER_PROFILE_AND_LIMITED_STAGE_24_ACTIVATION_2026-07-30.md,# EquineSync Founder Disposition: Solo-Founder Assurance Profile and Limited Stage 24 Activation | **Status:** `FOUNDER_APPROVED_AND_ISSUED` | **Founder Decision Date:** `2026-07-30` | **Approval Method:** `EXPLICIT_WRITTEN_FOUNDER_INSTRUCTION_IN_CHATGPT_CONVE,CANONICAL_OR_CURRENT_INFERRED
STALE_DRAFT_HISTORICAL_OR_SUPERSEDED_TEXT,REVIEW_CLASSIFICATION,governance/implementation/code-guides/drafting/CGP-006/SOLO_FOUNDER_COMPENSATING_ASSURANCE_PROFILE_AND_STAGE_24_READINESS_REBASE_V1/FOUNDER_DOMAIN_OWNER_REVIEW_INSTRUMENT.md,# Founder Domain-Owner Review Instrument | **Review type:** `FOUNDER_DOMAIN_OWNER_REVIEW_WITH_DISCLOSED_NON_INDEPENDENCE` | | `FDOR-011` | `PORTFOLIO` | workload and documentation burden | Assess whether evidence and review duties are feasible for a solo-Found,CANONICAL_OR_CURRENT_INFERRED
STALE_DRAFT_HISTORICAL_OR_SUPERSEDED_TEXT,REVIEW_CLASSIFICATION,governance/implementation/code-guides/drafting/CGP-006/SOLO_FOUNDER_COMPENSATING_ASSURANCE_PROFILE_AND_STAGE_24_READINESS_REBASE_V1/FOUNDER_DOMAIN_OWNER_REVIEW_RECORD.md,# Founder Domain-Owner Review Record | **Review result:** `FOUNDER_DOMAIN_OWNER_REVIEW_COMPLETE_WITH_DISCLOSED_NON_INDEPENDENCE` | **Unresolved Founder-confirmation rows:** `0` | **Open P0 domain findings:** `0` | PATH_CLASSIFICATION: candidate_or_draft,CANONICAL_OR_CURRENT_INFERRED
STALE_DRAFT_HISTORICAL_OR_SUPERSEDED_TEXT,REVIEW_CLASSIFICATION,governance/implementation/code-guides/drafting/CGP-006/SOLO_FOUNDER_COMPENSATING_ASSURANCE_PROFILE_AND_STAGE_24_READINESS_REBASE_V1/FOUNDER_QUALIFICATION_AND_NON_INDEPENDENCE_DISCLOSURE.md,# Founder Qualification And Non-Independence Disclosure | **Determination source:** `governance/implementation/code-guides/founder-determinations/ES-FD-SOLO-FOUNDER-COMPENSATING-ASSURANCE-2026-07-29/FOUNDER_DETERMINATION_SOLO_FOUNDER_COMPENSATING_ASSURANCE_MOD,CANONICAL_OR_CURRENT_INFERRED
STALE_DRAFT_HISTORICAL_OR_SUPERSEDED_TEXT,REVIEW_CLASSIFICATION,governance/implementation/code-guides/drafting/CGP-006/SOLO_FOUNDER_COMPENSATING_ASSURANCE_PROFILE_AND_STAGE_24_READINESS_REBASE_V1/FOUNDER_RESIDUAL_RISK_ACCEPTANCE_RECORD_STAGE_24_2026-07-30.md,# Founder Residual-Risk Acceptance Record: CGP-006 Limited Stage 24 Activation | **Status:** `FOUNDER_APPROVED` | | `SFCA-RISK-0002` | `PORTFOLIO` | Founder domain-owner review may miss professional edge cases | `ACCEPTED_FOR_LIMITED_STAGE_24_ACTIVATION_ONLY` ,CANONICAL_OR_CURRENT_INFERRED
STALE_DRAFT_HISTORICAL_OR_SUPERSEDED_TEXT,REVIEW_CLASSIFICATION,governance/implementation/code-guides/drafting/CGP-006/SOLO_FOUNDER_COMPENSATING_ASSURANCE_PROFILE_AND_STAGE_24_READINESS_REBASE_V1/FOUNDER_STAGE_24_ACTIVATION_SCOPE_RECORD_2026-07-30.md,# Founder Stage 24 Activation Scope Record | **Status:** `FOUNDER_APPROVED_PENDING_EFFECTIVE_EVENT` | | Scope | Founder Decision | Effective Treatment | | | `MERGE_GATE` | `DEFERRED` | Remains inactive pending validator reliability and enforcement proof | | PA,CANONICAL_OR_CURRENT_INFERRED
STALE_DRAFT_HISTORICAL_OR_SUPERSEDED_TEXT,REVIEW_CLASSIFICATION,governance/implementation/code-guides/drafting/CGP-006/SOLO_FOUNDER_COMPENSATING_ASSURANCE_PROFILE_AND_STAGE_24_READINESS_REBASE_V1/FOUNDER_STAGE_24_LIMITED_ACTIVATION_DECISION_PACKET.md,# Founder Stage 24 Limited Activation Decision Packet | **Packet status:** `FOUNDER_DISPOSITION_RECORDED_PENDING_CUSTODY_EFFECTIVE_EVENT` | **Founder disposition:** `ES-FD-CGP-006-STAGE-24-LIMITED-ACTIVATION-2026-07-30` | **Founder decision date:** `2026-07-30,CANONICAL_OR_CURRENT_INFERRED
STALE_DRAFT_HISTORICAL_OR_SUPERSEDED_TEXT,REVIEW_CLASSIFICATION,governance/implementation/code-guides/drafting/CGP-006/SOLO_FOUNDER_COMPENSATING_ASSURANCE_PROFILE_AND_STAGE_24_READINESS_REBASE_V1/FOUNDER_TECHNICAL_GOVERNANCE_REVIEW_PROTOCOL.md,# Founder Technical Governance Review Protocol | **Review type:** `FOUNDER_TECHNICAL_GOVERNANCE_SELF_REVIEW_WITH_DISCLOSED_NON_INDEPENDENCE` | 7. Reopen review after changed bytes. | `PROGRAM_PLAN_V1_1_CONTROLLING` | PATH_CLASSIFICATION: candidate_or_draft,CANONICAL_OR_CURRENT_INFERRED
STALE_DRAFT_HISTORICAL_OR_SUPERSEDED_TEXT,REVIEW_CLASSIFICATION,governance/implementation/code-guides/drafting/CGP-006/SOLO_FOUNDER_COMPENSATING_ASSURANCE_PROFILE_AND_STAGE_24_READINESS_REBASE_V1/FOUNDER_TECHNICAL_GOVERNANCE_REVIEW_RECORD.md,# Founder Technical Governance Review Record | **Review result:** `FOUNDER_TECHNICAL_GOVERNANCE_REVIEW_COMPLETE_WITH_DISCLOSED_SELF_REVIEW` | This review is a disclosed Founder technical governance self-review assisted by repository evidence and machine analys,CANONICAL_OR_CURRENT_INFERRED
STALE_DRAFT_HISTORICAL_OR_SUPERSEDED_TEXT,REVIEW_CLASSIFICATION,governance/implementation/code-guides/drafting/CGP-006/SOLO_FOUNDER_COMPENSATING_ASSURANCE_PROFILE_AND_STAGE_24_READINESS_REBASE_V1/MULTI_AGENT_AND_ASSURANCE_TOOLING_INTENT_V1_0_0.md,**Document Type:** Founder-Approved Tooling Intent | **Document Status:** `FOUNDER_APPROVED` | **Founder Approval Date:** `2026-07-30` | **Approval Method:** `EXPLICIT_WRITTEN_FOUNDER_INSTRUCTION_IN_CHATGPT_CONVERSATION` | PATH_CLASSIFICATION: candidate_or_dra,CANONICAL_OR_CURRENT_INFERRED
STALE_DRAFT_HISTORICAL_OR_SUPERSEDED_TEXT,REVIEW_CLASSIFICATION,governance/implementation/code-guides/drafting/CGP-006/SOLO_FOUNDER_COMPENSATING_ASSURANCE_PROFILE_AND_STAGE_24_READINESS_REBASE_V1/MULTI_AGENT_REVIEW_AND_FINDING_VALIDATION_POLICY_V1_0_0.md,**Document Status:** `FOUNDER_APPROVED` | **Founder Approval Date:** `2026-07-30` | **Approval Method:** `EXPLICIT_WRITTEN_FOUNDER_INSTRUCTION_IN_CHATGPT_CONVERSATION` | **Policy Effect:** `FOUNDER_APPROVED_PENDING_PROTECTED_REPOSITORY_INTEGRATION` | PATH_CLAS,CANONICAL_OR_CURRENT_INFERRED
STALE_DRAFT_HISTORICAL_OR_SUPERSEDED_TEXT,REVIEW_CLASSIFICATION,governance/implementation/code-guides/drafting/CGP-006/SOLO_FOUNDER_COMPENSATING_ASSURANCE_PROFILE_AND_STAGE_24_READINESS_REBASE_V1/MULTI_AGENT_TOOL_ROLE_AND_ACCESS_MATRIX_V1_0_0.md,**Document Status:** `FOUNDER_APPROVED` | **Founder Approval Date:** `2026-07-30` | **Approval Method:** `EXPLICIT_WRITTEN_FOUNDER_INSTRUCTION_IN_CHATGPT_CONVERSATION` | | OpenAI Codex | `PRIMARY_IMPLEMENTATION_AGENT` | Existing documentary agent; implementati,CANONICAL_OR_CURRENT_INFERRED
STALE_DRAFT_HISTORICAL_OR_SUPERSEDED_TEXT,REVIEW_CLASSIFICATION,governance/implementation/code-guides/drafting/CGP-006/SOLO_FOUNDER_COMPENSATING_ASSURANCE_PROFILE_AND_STAGE_24_READINESS_REBASE_V1/MULTI_PASS_REVIEW_RECONCILIATION_REPORT.md,**Reconciliation result:** `NO_OPEN_P0_OR_P1_IDENTIFIED_FOR_LIMITED_STAGE_24_RECOMMENDATION` | **Unresolved uncertainty result:** `FOUNDER_DECISION_REQUIRED_FOR_RESIDUAL_RISK_ACCEPTANCE` | | Reconciliation ID | Originating pass | Affected guide | Affected cont,CANONICAL_OR_CURRENT_INFERRED
STALE_DRAFT_HISTORICAL_OR_SUPERSEDED_TEXT,REVIEW_CLASSIFICATION,governance/implementation/code-guides/drafting/CGP-006/SOLO_FOUNDER_COMPENSATING_ASSURANCE_PROFILE_AND_STAGE_24_READINESS_REBASE_V1/PACKAGE_MANIFEST.json,"""PROGRAM_PLAN_V1_1_CONTROLLING"", | ""SOLO_FOUNDER_COMPENSATING_ASSURANCE_DETERMINATION_CONTROLLING"", | ""FOUNDER_STAGE_24_DISPOSITION_CONTROLLING"", | ""FOUNDER_SOLO_COMPENSATING_ASSURANCE_MODEL_APPLIES"", | PATH_CLASSIFICATION: candidate_or_draft",HISTORICAL_DUPLICATE_DRAFT_OR_PREDECESSOR_INFERRED
STALE_DRAFT_HISTORICAL_OR_SUPERSEDED_TEXT,REVIEW_CLASSIFICATION,governance/implementation/code-guides/drafting/CGP-006/SOLO_FOUNDER_COMPENSATING_ASSURANCE_PROFILE_AND_STAGE_24_READINESS_REBASE_V1/PASS_A_AUTHORITY_AND_SOURCE_FIDELITY_REVIEW.md,"| `ES-CG-00` | `PASS_A_AUTHORITY_SOURCE_FIDELITY_COMPLETE` | Authority, source fidelity, supersession, missing authority, invented policy, conflicts, and activation boundaries. | No substituted guide bytes detected.; PR  | | `ES-CG-01` | `PASS_A_AUTHORITY_SOUR",CANONICAL_OR_CURRENT_INFERRED
STALE_DRAFT_HISTORICAL_OR_SUPERSEDED_TEXT,REVIEW_CLASSIFICATION,governance/implementation/code-guides/drafting/CGP-006/SOLO_FOUNDER_COMPENSATING_ASSURANCE_PROFILE_AND_STAGE_24_READINESS_REBASE_V1/PASS_B_ARCHITECTURE_AND_IMPLEMENTABILITY_REVIEW.md,`PROGRAM_PLAN_V1_1_CONTROLLING` | `SOLO_FOUNDER_COMPENSATING_ASSURANCE_DETERMINATION_CONTROLLING` | `FOUNDER_SOLO_COMPENSATING_ASSURANCE_MODEL_APPLIES` | `EQUINESYNC_IS_A_SOLO_FOUNDER_PROJECT` | PATH_CLASSIFICATION: candidate_or_draft,CANONICAL_OR_CURRENT_INFERRED
STALE_DRAFT_HISTORICAL_OR_SUPERSEDED_TEXT,REVIEW_CLASSIFICATION,governance/implementation/code-guides/drafting/CGP-006/SOLO_FOUNDER_COMPENSATING_ASSURANCE_PROFILE_AND_STAGE_24_READINESS_REBASE_V1/PASS_C_SECURITY_TENANCY_PRIVACY_AND_SAFEGUARDING_REVIEW.md,`PROGRAM_PLAN_V1_1_CONTROLLING` | `SOLO_FOUNDER_COMPENSATING_ASSURANCE_DETERMINATION_CONTROLLING` | `FOUNDER_SOLO_COMPENSATING_ASSURANCE_MODEL_APPLIES` | `EQUINESYNC_IS_A_SOLO_FOUNDER_PROJECT` | PATH_CLASSIFICATION: candidate_or_draft,CANONICAL_OR_CURRENT_INFERRED
STALE_DRAFT_HISTORICAL_OR_SUPERSEDED_TEXT,REVIEW_CLASSIFICATION,governance/implementation/code-guides/drafting/CGP-006/SOLO_FOUNDER_COMPENSATING_ASSURANCE_PROFILE_AND_STAGE_24_READINESS_REBASE_V1/PASS_D_TESTABILITY_VERIFICATION_AND_EVIDENCE_REVIEW.md,`PROGRAM_PLAN_V1_1_CONTROLLING` | `SOLO_FOUNDER_COMPENSATING_ASSURANCE_DETERMINATION_CONTROLLING` | `FOUNDER_SOLO_COMPENSATING_ASSURANCE_MODEL_APPLIES` | `EQUINESYNC_IS_A_SOLO_FOUNDER_PROJECT` | PATH_CLASSIFICATION: candidate_or_draft,CANONICAL_OR_CURRENT_INFERRED
STALE_DRAFT_HISTORICAL_OR_SUPERSEDED_TEXT,REVIEW_CLASSIFICATION,governance/implementation/code-guides/drafting/CGP-006/SOLO_FOUNDER_COMPENSATING_ASSURANCE_PROFILE_AND_STAGE_24_READINESS_REBASE_V1/PASS_E_FAILURE_RECOVERY_AND_OPERATIONAL_RELIABILITY_REVIEW.md,`PROGRAM_PLAN_V1_1_CONTROLLING` | `SOLO_FOUNDER_COMPENSATING_ASSURANCE_DETERMINATION_CONTROLLING` | `FOUNDER_SOLO_COMPENSATING_ASSURANCE_MODEL_APPLIES` | `EQUINESYNC_IS_A_SOLO_FOUNDER_PROJECT` | PATH_CLASSIFICATION: candidate_or_draft,CANONICAL_OR_CURRENT_INFERRED
STALE_DRAFT_HISTORICAL_OR_SUPERSEDED_TEXT,REVIEW_CLASSIFICATION,governance/implementation/code-guides/drafting/CGP-006/SOLO_FOUNDER_COMPENSATING_ASSURANCE_PROFILE_AND_STAGE_24_READINESS_REBASE_V1/PASS_F_CLEAN_ROOM_IMPLEMENTER_USABILITY_REVIEW.md,"| `ES-CG-00` | `PASS_F_CLEAN_ROOM_IMPLEMENTER_USABILITY_COMPLETE` | Clean-room component list, work sequence, test plan, evidence plan, completion checklist, and material guesses. | Candidate component list is documentar | | `ES-CG-01` | `PASS_F_CLEAN_ROOM_IMP",CANONICAL_OR_CURRENT_INFERRED
STALE_DRAFT_HISTORICAL_OR_SUPERSEDED_TEXT,REVIEW_CLASSIFICATION,governance/implementation/code-guides/drafting/CGP-006/SOLO_FOUNDER_COMPENSATING_ASSURANCE_PROFILE_AND_STAGE_24_READINESS_REBASE_V1/PASS_G_CROSS_GUIDE_RECONCILIATION_REVIEW.md,`PROGRAM_PLAN_V1_1_CONTROLLING` | `SOLO_FOUNDER_COMPENSATING_ASSURANCE_DETERMINATION_CONTROLLING` | `FOUNDER_SOLO_COMPENSATING_ASSURANCE_MODEL_APPLIES` | `EQUINESYNC_IS_A_SOLO_FOUNDER_PROJECT` | PATH_CLASSIFICATION: candidate_or_draft,CANONICAL_OR_CURRENT_INFERRED
STALE_DRAFT_HISTORICAL_OR_SUPERSEDED_TEXT,REVIEW_CLASSIFICATION,governance/implementation/code-guides/drafting/CGP-006/SOLO_FOUNDER_COMPENSATING_ASSURANCE_PROFILE_AND_STAGE_24_READINESS_REBASE_V1/PASS_H_ADVERSARIAL_AND_RED_TEAM_REVIEW.md,"| `ES-CG-00` | `PASS_H_ADVERSARIAL_RED_TEAM_COMPLETE` | Attempts to bypass controls, claim completion without evidence, misuse planned-state rows, confuse documentary activation with implementation authority, silently cl | | `ES-CG-01` | `PASS_H_ADVERSARIAL_RE",CANONICAL_OR_CURRENT_INFERRED
STALE_DRAFT_HISTORICAL_OR_SUPERSEDED_TEXT,REVIEW_CLASSIFICATION,governance/implementation/code-guides/drafting/CGP-006/SOLO_FOUNDER_COMPENSATING_ASSURANCE_PROFILE_AND_STAGE_24_READINESS_REBASE_V1/PROPOSED_STAGE_24_ACTIVATION_SCOPE_MATRIX.csv,"guide_id,exact_guide_version,exact_checksum,scope,recommended_posture,applicable_work_types,repositories,agents,effective_date_recommendation,grace_period,exceptions,required_validators,monitoring,suspension_triggers,rol | ES-CG-00,1.1.0,2275ca1b9674b4e05390f1",SUPERSEDED_OR_SUPERSESSION_TEXT_PRESENT
STALE_DRAFT_HISTORICAL_OR_SUPERSEDED_TEXT,REVIEW_CLASSIFICATION,governance/implementation/code-guides/drafting/CGP-006/SOLO_FOUNDER_COMPENSATING_ASSURANCE_PROFILE_AND_STAGE_24_READINESS_REBASE_V1/README.md,# Solo-Founder Compensating Assurance Profile And Stage 24 Readiness Rebase | **Directive ID:** `CGP_006_SOLO_FOUNDER_COMPENSATING_ASSURANCE_PROFILE_AND_STAGE_24_READINESS_REBASE_DIRECTIVE_V1_0_0` | **Package status:** `STAGE_24_FOUNDER_DISPOSITION_INTEGRATED_,HISTORICAL_DUPLICATE_DRAFT_OR_PREDECESSOR_INFERRED
STALE_DRAFT_HISTORICAL_OR_SUPERSEDED_TEXT,REVIEW_CLASSIFICATION,governance/implementation/code-guides/drafting/CGP-006/SOLO_FOUNDER_COMPENSATING_ASSURANCE_PROFILE_AND_STAGE_24_READINESS_REBASE_V1/RETAINED_CONDITION_WARNING_GAP_AND_BLOCKER_MATRIX.csv,"CGP006-AR-COND-0001,RETAINED_CONDITION,ONGOING_GOVERNANCE_COVENANT,PORTFOLIO,GOVERNANCE,CGP_006_WAVE_1_ADOPTION_CONDITION_REGISTER.csv,POST_STAGE_23_CUSTODY_OPEN_OR_RETAINED,STAGE_24_FOUNDER_DECISION_INPUT,NON_BLOCKING_C | CGP006-AR-COND-0002,RETAINED_CONDITIO",CANONICAL_OR_CURRENT_INFERRED
STALE_DRAFT_HISTORICAL_OR_SUPERSEDED_TEXT,REVIEW_CLASSIFICATION,governance/implementation/code-guides/drafting/CGP-006/SOLO_FOUNDER_COMPENSATING_ASSURANCE_PROFILE_AND_STAGE_24_READINESS_REBASE_V1/SOLO_FOUNDER_ASSURANCE_RESIDUAL_RISK_DECISION_REGISTER_STAGE24.csv,"risk_id,affected_guide,founder_decision,disposition_id,decision_date,decision_scope_limit,risk_closure_status,source_record,continuing_statements | SFCA-RISK-0001,PORTFOLIO,ACCEPTED_FOR_LIMITED_STAGE_24_ACTIVATION_ONLY,ES-FD-CGP-006-STAGE-24-LIMITED-ACTIVATION",CANONICAL_OR_CURRENT_INFERRED
STALE_DRAFT_HISTORICAL_OR_SUPERSEDED_TEXT,REVIEW_CLASSIFICATION,governance/implementation/code-guides/drafting/CGP-006/SOLO_FOUNDER_COMPENSATING_ASSURANCE_PROFILE_AND_STAGE_24_READINESS_REBASE_V1/SOLO_FOUNDER_ASSURANCE_RESIDUAL_RISK_REGISTER.csv,"risk_id,affected_guide,risk_description,source,probability,impact,current_control,compensating_control,unavailable_assurance,stage_at_which_further_proof_is_required,suspension_trigger,founder_acceptance_status,continuin | SFCA-RISK-0001,PORTFOLIO,Non-independ",CANONICAL_OR_CURRENT_INFERRED
STALE_DRAFT_HISTORICAL_OR_SUPERSEDED_TEXT,REVIEW_CLASSIFICATION,governance/implementation/code-guides/drafting/CGP-006/SOLO_FOUNDER_COMPENSATING_ASSURANCE_PROFILE_AND_STAGE_24_READINESS_REBASE_V1/SOURCE_AUTHORITY_MATRIX.csv,"SFCA-SRC-0001,governance/implementation/code-guides/program-plan/ES-CODE-GUIDE-CREATION-REVIEW-ASSURANCE-PLAN-V1.1/ES-CODE-GUIDE-CREATION-REVIEW-ASSURANCE-PLAN-V1.1.md,ES-CODE-GUIDE-CREATION-REVIEW-ASSURANCE-PLAN-V1.1,CO | SFCA-SRC-0002,governance/implementati",CANONICAL_OR_CURRENT_INFERRED
STALE_DRAFT_HISTORICAL_OR_SUPERSEDED_TEXT,REVIEW_CLASSIFICATION,governance/implementation/code-guides/drafting/CGP-006/SOLO_FOUNDER_COMPENSATING_ASSURANCE_PROFILE_AND_STAGE_24_READINESS_REBASE_V1/SOURCE_FREEZE_MANIFEST.json,"""adopted_profile"": { | ""candidate_byte_length"": 9245, | ""candidate_repository_path"": ""governance/implementation/code-guides/drafting/CGP-006/SOLO_FOUNDER_COMPENSATING_ASSURANCE_PROFILE_AND_STAGE_24_READINESS_REBASE_V1/ES-CODE-GUIDE-SOLO-FOUNDER-COMPENSATING-AS",HISTORICAL_DUPLICATE_DRAFT_OR_PREDECESSOR_INFERRED
STALE_DRAFT_HISTORICAL_OR_SUPERSEDED_TEXT,REVIEW_CLASSIFICATION,governance/implementation/code-guides/drafting/CGP-006/SOLO_FOUNDER_COMPENSATING_ASSURANCE_PROFILE_AND_STAGE_24_READINESS_REBASE_V1/SOURCE_REGISTER.md,**Directive ID:** `CGP_006_SOLO_FOUNDER_COMPENSATING_ASSURANCE_PROFILE_AND_STAGE_24_READINESS_REBASE_DIRECTIVE_V1_0_0` | **Work branch:** `codex/cgp-006-solo-founder-assurance-profile-stage24-readiness-v1` | This register freezes the repository sources used fo,HISTORICAL_DUPLICATE_DRAFT_OR_PREDECESSOR_INFERRED
STALE_DRAFT_HISTORICAL_OR_SUPERSEDED_TEXT,REVIEW_CLASSIFICATION,governance/implementation/code-guides/drafting/CGP-006/SOLO_FOUNDER_COMPENSATING_ASSURANCE_PROFILE_AND_STAGE_24_READINESS_REBASE_V1/SOURCE_SHA256SUMS.txt,e777598974887456f22bfc77d8db6c9a235502fc552fb28ce6ff52a77ca3fb61 governance/implementation/code-guides/founder-determinations/ES-FD-SOLO-FOUNDER-COMPENSATING-ASSURANCE-2026-07-29/FOUNDER_DETERMINATION_SOLO_FOUNDER_COMPEN | 2f236be86899553f6c0e03df085134120c053,HISTORICAL_DUPLICATE_DRAFT_OR_PREDECESSOR_INFERRED
STALE_DRAFT_HISTORICAL_OR_SUPERSEDED_TEXT,REVIEW_CLASSIFICATION,governance/implementation/code-guides/drafting/CGP-006/SOLO_FOUNDER_COMPENSATING_ASSURANCE_PROFILE_AND_STAGE_24_READINESS_REBASE_V1/STAGE_24_FOUNDER_DISPOSITION_PRE_CUSTODY_RECORD.md,# Stage 24 Founder Disposition Pre-Custody Record | **Record ID:** `CGP006-STAGE24-FOUNDER-DISPOSITION-PRE-CUSTODY-2026-07-30` | **Founder disposition:** `ES-FD-CGP-006-STAGE-24-LIMITED-ACTIVATION-2026-07-30` | **Record state:** `LIMITED_STAGE_24_ACTIVATION_AP,CANONICAL_OR_CURRENT_INFERRED
STALE_DRAFT_HISTORICAL_OR_SUPERSEDED_TEXT,REVIEW_CLASSIFICATION,governance/implementation/code-guides/drafting/CGP-006/SOLO_FOUNDER_COMPENSATING_ASSURANCE_PROFILE_AND_STAGE_24_READINESS_REBASE_V1/tests/test_solo_founder_assurance_stage24_readiness.py,"PKG = ROOT / ""governance/implementation/code-guides/drafting/CGP-006/SOLO_FOUNDER_COMPENSATING_ASSURANCE_PROFILE_AND_STAGE_24_READINESS_REBASE_V1"" | VALIDATOR_PATH = PKG / ""validators/validate_solo_founder_assurance_stage24_readiness.py"" | class SoloFounderSta",CANONICAL_OR_CURRENT_INFERRED
STALE_DRAFT_HISTORICAL_OR_SUPERSEDED_TEXT,REVIEW_CLASSIFICATION,governance/implementation/code-guides/drafting/CGP-006/SOLO_FOUNDER_COMPENSATING_ASSURANCE_PROFILE_AND_STAGE_24_READINESS_REBASE_V1/VALIDATION_REPORT.md,**Founder disposition:** `ES-FD-CGP-006-STAGE-24-LIMITED-ACTIVATION-2026-07-30` | **Profile state:** `PROFILE_ADOPTED_PENDING_EFFECTIVE_EVENT` | **Activation state before custody:** `LIMITED_STAGE_24_ACTIVATION_APPROVED_PENDING_CUSTODY` | - Exact approved-sour,HISTORICAL_DUPLICATE_DRAFT_OR_PREDECESSOR_INFERRED
STALE_DRAFT_HISTORICAL_OR_SUPERSEDED_TEXT,REVIEW_CLASSIFICATION,governance/implementation/code-guides/drafting/CGP-006/SOLO_FOUNDER_COMPENSATING_ASSURANCE_PROFILE_AND_STAGE_24_READINESS_REBASE_V1/validators/validate_solo_founder_assurance_stage24_readiness.py,"PACKAGE_REL = Path(""governance/implementation/code-guides/drafting/CGP-006/SOLO_FOUNDER_COMPENSATING_ASSURANCE_PROFILE_AND_STAGE_24_READINESS_REBASE_V1"") | DETERMINATION_PATH = Path(""governance/implementation/code-guides/founder-determinations/ES-FD-SOLO-FOUND",CANONICAL_OR_CURRENT_INFERRED
STALE_DRAFT_HISTORICAL_OR_SUPERSEDED_TEXT,REVIEW_CLASSIFICATION,governance/implementation/code-guides/drafting/CGP-006/SOLO_FOUNDER_COMPENSATING_ASSURANCE_PROFILE_AND_STAGE_24_READINESS_REBASE_V1/WAVE_1_FINDING_TREATMENT_MATRIX.csv,"finding_id,current_canonical_status,current_severity,controlling_founder_direction,evidence_reviewed,proposed_lifecycle_stage,proposed_blocker_effect,proposed_disposition,closure_eligibility,required_future_evidence,reop | W1-V11-FIND-0001,OPEN,P2,RECLASSIFIED",CANONICAL_OR_CURRENT_INFERRED
STALE_DRAFT_HISTORICAL_OR_SUPERSEDED_TEXT,REVIEW_CLASSIFICATION,governance/implementation/code-guides/drafting/CGP-006/SOLO_FOUNDER_COMPENSATING_ASSURANCE_PROFILE_AND_STAGE_24_READINESS_REBASE_V1/WAVE_1_STAGE_24_READINESS_MATRIX.csv,"guide_id,guide_title,version,sha256,byte_length,adoption,protected_accession,custody,exact_byte_verification,profile_applicability,founder_domain_owner_review,founder_technical_governance_review,multi_pass_review_result, | ES-CG-00,Code Guide Charter,1.1.0,227",CANONICAL_OR_CURRENT_INFERRED
STALE_DRAFT_HISTORICAL_OR_SUPERSEDED_TEXT,REVIEW_CLASSIFICATION,governance/implementation/code-guides/drafting/CGP-006/SOLO_FOUNDER_COMPENSATING_ASSURANCE_PROFILE_AND_STAGE_24_READINESS_REBASE_V1/WAVE_1_STAGE_24_READINESS_REPORT.md,**Open P0 count:** `0` | **Open P1 count:** `0` | **Stage 24 execution state:** `STAGE_24_LIMITED_ACTIVATION_DISPOSITION_READY_FOR_FOUNDER_REVIEW` | | `ES-CG-00` | `READY_FOR_LIMITED_STAGE_24_ACTIVATION_WITH_NON_BLOCKING_CONDITIONS` | `NOT_ACTIVE` | Retained P,CANONICAL_OR_CURRENT_INFERRED
STALE_DRAFT_HISTORICAL_OR_SUPERSEDED_TEXT,REVIEW_CLASSIFICATION,governance/implementation/code-guides/drafting/CGP-006/SOLO_FOUNDER_COMPENSATING_ASSURANCE_PROFILE_AND_STAGE_24_READINESS_REBASE_V1/WORKSTREAM_CHARTER.md,**Directive ID:** `CGP_006_SOLO_FOUNDER_COMPENSATING_ASSURANCE_PROFILE_AND_STAGE_24_READINESS_REBASE_DIRECTIVE_V1_0_0` | **Authorized work classification:** `SOLO_FOUNDER_ASSURANCE_PROFILE_CANDIDATE_REVIEW_EXECUTION_FINDING_TREATMENT_AND_STAGE_24_DECISION_PREP,CANONICAL_OR_CURRENT_INFERRED
STALE_DRAFT_HISTORICAL_OR_SUPERSEDED_TEXT,REVIEW_CLASSIFICATION,governance/implementation/code-guides/drafting/CGP-006/WAVE_1_ACTIVATION_AND_EVIDENCE_PLANNING_V1_1_SUCCESSOR/CHECKSUM_MANIFEST.sha256,7457a8fd40b7a43a12add2cb63d8aee484cae98f2e0b163b97da61c91f180b94 FOUNDER_DISPOSITION_OF_PR_49.md | be63d9e8e295f80a800968d37678cf088e88cfa6b1caebd1b3dc6a054f8ac6a8 FOUNDER_REVIEW_SUMMARY.md | a18ea69c0b0b1ca5aceb35455cb141919540d6efe21973880c6b83537609dc8d PRO,HISTORICAL_DUPLICATE_DRAFT_OR_PREDECESSOR_INFERRED
STALE_DRAFT_HISTORICAL_OR_SUPERSEDED_TEXT,REVIEW_CLASSIFICATION,governance/implementation/code-guides/drafting/CGP-006/WAVE_1_ACTIVATION_AND_EVIDENCE_PLANNING_V1_1_SUCCESSOR/FOUNDER_DISPOSITION_OF_PR_49.md,"# Founder Disposition Of PR #49 | **Controlling Base:** `c2759173279a8c7a986f0a6e980419b88621df31` | The Founder approves the V1.1 successor package to PR #44 for protected documentary integration as an activation-readiness and evidence-planning package, with ",SUPERSEDED_OR_SUPERSESSION_TEXT_PRESENT
STALE_DRAFT_HISTORICAL_OR_SUPERSEDED_TEXT,REVIEW_CLASSIFICATION,governance/implementation/code-guides/drafting/CGP-006/WAVE_1_ACTIVATION_AND_EVIDENCE_PLANNING_V1_1_SUCCESSOR/FOUNDER_REVIEW_SUMMARY.md,# Founder Review Summary | `CGP_006_WAVE_1_V1_1_SUCCESSOR_READY_FOR_FOUNDER_REVIEW_WITH_CONDITIONS` | Founder disposition of PR #49 approves the successor for protected documentary integration with conditions. It does not activate guides and does not authorize,CANONICAL_OR_CURRENT_INFERRED
STALE_DRAFT_HISTORICAL_OR_SUPERSEDED_TEXT,REVIEW_CLASSIFICATION,governance/implementation/code-guides/drafting/CGP-006/WAVE_1_ACTIVATION_AND_EVIDENCE_PLANNING_V1_1_SUCCESSOR/GAP_0004_STATUS_REPORT.md,`GAP_0004_REMAINS_OPEN` | PATH_CLASSIFICATION: candidate_or_draft,CANONICAL_OR_CURRENT_INFERRED
STALE_DRAFT_HISTORICAL_OR_SUPERSEDED_TEXT,REVIEW_CLASSIFICATION,governance/implementation/code-guides/drafting/CGP-006/WAVE_1_ACTIVATION_AND_EVIDENCE_PLANNING_V1_1_SUCCESSOR/IMPLEMENTATION_MAPPING_BOUNDARY_REPORT.md,PATH_CLASSIFICATION: candidate_or_draft,CANONICAL_OR_CURRENT_INFERRED
STALE_DRAFT_HISTORICAL_OR_SUPERSEDED_TEXT,REVIEW_CLASSIFICATION,governance/implementation/code-guides/drafting/CGP-006/WAVE_1_ACTIVATION_AND_EVIDENCE_PLANNING_V1_1_SUCCESSOR/PACKAGE_MANIFEST.json,"""path"": ""FOUNDER_DISPOSITION_OF_PR_49.md"", | ""path"": ""FOUNDER_REVIEW_SUMMARY.md"", | ""path"": ""PROPOSED_FOUNDER_DECISION_REGISTER.md"", | PATH_CLASSIFICATION: candidate_or_draft",HISTORICAL_DUPLICATE_DRAFT_OR_PREDECESSOR_INFERRED
STALE_DRAFT_HISTORICAL_OR_SUPERSEDED_TEXT,REVIEW_CLASSIFICATION,governance/implementation/code-guides/drafting/CGP-006/WAVE_1_ACTIVATION_AND_EVIDENCE_PLANNING_V1_1_SUCCESSOR/PR_44_SOURCE_AND_LINEAGE_REGISTER.md,| Historical package path | `governance/implementation/code-guides/drafting/CGP-006/WAVE_1_ACTIVATION_AND_EVIDENCE_PLANNING` | | | Successor package path | `governance/implementation/code-guides/drafting/CGP-006/WAVE_1_ACTIVATION_AND_EVIDENCE_PLANNING_V1_1_SUC,CANONICAL_OR_CURRENT_INFERRED
STALE_DRAFT_HISTORICAL_OR_SUPERSEDED_TEXT,REVIEW_CLASSIFICATION,governance/implementation/code-guides/drafting/CGP-006/WAVE_1_ACTIVATION_AND_EVIDENCE_PLANNING_V1_1_SUCCESSOR/PR_44_TO_V1_1_SUCCESSOR_CROSSWALK.csv,"governance/implementation/code-guides/drafting/CGP-006/WAVE_1_ACTIVATION_AND_EVIDENCE_PLANNING/ACTIVATION_BLOCKER_REGISTER.csv,REVALIDATED_CONCEPTUAL_INPUT,SUMMARY_ONLY,REQUIRED_AND_RECORDED,No conclusion copied merely b | governance/implementation/code-guides",CANONICAL_OR_CURRENT_INFERRED
STALE_DRAFT_HISTORICAL_OR_SUPERSEDED_TEXT,REVIEW_CLASSIFICATION,governance/implementation/code-guides/drafting/CGP-006/WAVE_1_ACTIVATION_AND_EVIDENCE_PLANNING_V1_1_SUCCESSOR/PROPOSED_FOUNDER_DECISION_REGISTER.md,# Proposed Founder Decision Register | | W1-V11-DEC-0002 | Authorize closure of PR #44 as superseded after lineage verification | PR_44_SUPERSESSION_CLOSURE_CONDITIONALLY_AUTHORIZED_AFTER_CUSTODY | | | W1-V11-DEC-0006 | Authorize retained warning closure if fu,SUPERSEDED_OR_SUPERSESSION_TEXT_PRESENT
STALE_DRAFT_HISTORICAL_OR_SUPERSEDED_TEXT,REVIEW_CLASSIFICATION,governance/implementation/code-guides/drafting/CGP-006/WAVE_1_ACTIVATION_AND_EVIDENCE_PLANNING_V1_1_SUCCESSOR/README.md,**Historical PR:** `#44` | **Historical PR head:** `f94c26188e8d35c413b366135df12057b58c2d7d` | **Successor determination:** `CGP_006_WAVE_1_V1_1_SUCCESSOR_READY_FOR_FOUNDER_REVIEW_WITH_CONDITIONS` | Founder disposition of PR #49 is recorded in `FOUNDER_DISPOS,HISTORICAL_DUPLICATE_DRAFT_OR_PREDECESSOR_INFERRED
STALE_DRAFT_HISTORICAL_OR_SUPERSEDED_TEXT,REVIEW_CLASSIFICATION,governance/implementation/code-guides/drafting/CGP-006/WAVE_1_ACTIVATION_AND_EVIDENCE_PLANNING_V1_1_SUCCESSOR/REPRESENTATIVE_SCENARIO_CLASSIFICATION.md,PATH_CLASSIFICATION: candidate_or_draft,CANONICAL_OR_CURRENT_INFERRED
STALE_DRAFT_HISTORICAL_OR_SUPERSEDED_TEXT,REVIEW_CLASSIFICATION,governance/implementation/code-guides/drafting/CGP-006/WAVE_1_ACTIVATION_AND_EVIDENCE_PLANNING_V1_1_SUCCESSOR/SOURCE_REGISTER.md,| W1-V11-SRC-0001 | PR #44 historical draft | `https://github.com/rianray2012-coder/EquineSync-V4/pull/44` `f94c26188e8d35c413b366135df12057b58c2d7d` | PRESERVED_HISTORICAL_DRAFT | | | W1-V11-SRC-0002 | V1.1 program plan | `governance/implementation/code-guide,HISTORICAL_DUPLICATE_DRAFT_OR_PREDECESSOR_INFERRED
STALE_DRAFT_HISTORICAL_OR_SUPERSEDED_TEXT,REVIEW_CLASSIFICATION,governance/implementation/code-guides/drafting/CGP-006/WAVE_1_ACTIVATION_AND_EVIDENCE_PLANNING_V1_1_SUCCESSOR/SUCCESSOR_REVIEW_DISPOSITION.md,`CGP_006_WAVE_1_V1_1_SUCCESSOR_READY_FOR_FOUNDER_REVIEW_WITH_CONDITIONS` | Founder disposition of PR #49 approves the successor for protected documentary integration with conditions. It does not activate guides and does not authorize implementation mapping or ,CANONICAL_OR_CURRENT_INFERRED
STALE_DRAFT_HISTORICAL_OR_SUPERSEDED_TEXT,REVIEW_CLASSIFICATION,governance/implementation/code-guides/drafting/CGP-006/WAVE_1_ACTIVATION_AND_EVIDENCE_PLANNING_V1_1_SUCCESSOR/tests/test_wave1_successor_package.py,"PATH = ROOT / ""governance/implementation/code-guides/drafting/CGP-006/WAVE_1_ACTIVATION_AND_EVIDENCE_PLANNING_V1_1_SUCCESSOR"" / ""validators/validate_wave1_successor_package.py"" | PATH_CLASSIFICATION: candidate_or_draft",CANONICAL_OR_CURRENT_INFERRED
STALE_DRAFT_HISTORICAL_OR_SUPERSEDED_TEXT,REVIEW_CLASSIFICATION,governance/implementation/code-guides/drafting/CGP-006/WAVE_1_ACTIVATION_AND_EVIDENCE_PLANNING_V1_1_SUCCESSOR/VALIDATOR_RELIABILITY_REPORT.md,PATH_CLASSIFICATION: candidate_or_draft,CANONICAL_OR_CURRENT_INFERRED
STALE_DRAFT_HISTORICAL_OR_SUPERSEDED_TEXT,REVIEW_CLASSIFICATION,governance/implementation/code-guides/drafting/CGP-006/WAVE_1_ACTIVATION_AND_EVIDENCE_PLANNING_V1_1_SUCCESSOR/validators/validate_wave1_successor_package.py,"PACKAGE_REL = Path(""governance/implementation/code-guides/drafting/CGP-006/WAVE_1_ACTIVATION_AND_EVIDENCE_PLANNING_V1_1_SUCCESSOR"") | ""PROPOSED_FOUNDER_DECISION_REGISTER.md"", | ""FOUNDER_REVIEW_SUMMARY.md"", | ""FOUNDER_DISPOSITION_OF_PR_49.md"", | PATH_CLASSIFICA",CANONICAL_OR_CURRENT_INFERRED
STALE_DRAFT_HISTORICAL_OR_SUPERSEDED_TEXT,REVIEW_CLASSIFICATION,governance/implementation/code-guides/drafting/CGP-006/WAVE_1_ACTIVATION_AND_EVIDENCE_PLANNING_V1_1_SUCCESSOR/WAVE_1_ACTIVATION_BLOCKER_REGISTER.csv,"CGP006-W1-ACT-BLOCKER-0001,Founder activation decision absent,OPEN,PR_44_HISTORICAL_DRAFT_REVALIDATED,CARRIED_FORWARD_OPEN | CGP006-W1-ACT-BLOCKER-0002,No activation effective date established,OPEN,PR_44_HISTORICAL_DRAFT_REVALIDATED,CARRIED_FORWARD_OPEN | CGP0",CANONICAL_OR_CURRENT_INFERRED
STALE_DRAFT_HISTORICAL_OR_SUPERSEDED_TEXT,REVIEW_CLASSIFICATION,governance/implementation/code-guides/drafting/CGP-006/WAVE_1_ACTIVATION_AND_EVIDENCE_PLANNING_V1_1_SUCCESSOR/WAVE_1_ACTIVATION_SCOPE_ASSESSMENT.md,PATH_CLASSIFICATION: candidate_or_draft,CANONICAL_OR_CURRENT_INFERRED
STALE_DRAFT_HISTORICAL_OR_SUPERSEDED_TEXT,REVIEW_CLASSIFICATION,governance/implementation/code-guides/drafting/CGP-006/WAVE_1_ACTIVATION_AND_EVIDENCE_PLANNING_V1_1_SUCCESSOR/WAVE_1_ASSURANCE_CLASS_ASSESSMENT.csv,"ES-CG-00,Code Guide Charter,A2_ELEVATED,PROVISIONAL_FOR_FOUNDER_REVIEW,NONE | ES-CG-01,Engineering Authority and Precedence,A4_CRITICAL,PROVISIONAL_FOR_FOUNDER_REVIEW,NONE | ES-CG-13,""Completion, Evidence, and Traceability"",A3_HIGH,PROVISIONAL_FOR_FOUNDER_REVI",CANONICAL_OR_CURRENT_INFERRED
STALE_DRAFT_HISTORICAL_OR_SUPERSEDED_TEXT,REVIEW_CLASSIFICATION,governance/implementation/code-guides/drafting/CGP-006/WAVE_1_ACTIVATION_AND_EVIDENCE_PLANNING_V1_1_SUCCESSOR/WAVE_1_CONDITION_REGISTER.csv,"W1-V11-COND-0001,Founder review required,SATISFIED_FOR_PROTECTED_DOCUMENTARY_INTEGRATION | PATH_CLASSIFICATION: candidate_or_draft",CANONICAL_OR_CURRENT_INFERRED
STALE_DRAFT_HISTORICAL_OR_SUPERSEDED_TEXT,REVIEW_CLASSIFICATION,governance/implementation/code-guides/drafting/CGP-006/WAVE_1_ACTIVATION_AND_EVIDENCE_PLANNING_V1_1_SUCCESSOR/WAVE_1_EVIDENCE_GRADE_REGISTER.csv,"W1-V11-EVID-0003,PR #44 historical branch,E2_DOCUMENTED,Historical draft evidence,PRESERVED_NOT_CANONICAL | PATH_CLASSIFICATION: candidate_or_draft",CANONICAL_OR_CURRENT_INFERRED
STALE_DRAFT_HISTORICAL_OR_SUPERSEDED_TEXT,REVIEW_CLASSIFICATION,governance/implementation/code-guides/drafting/CGP-006/WAVE_1_ACTIVATION_AND_EVIDENCE_PLANNING_V1_1_SUCCESSOR/WAVE_1_GUIDE_STATUS_MATRIX.csv,"ES-CG-00,Code Guide Charter,SOURCE_FROZEN,NOT_ADOPTED,NOT_ACCESSIONED,NOT_ACTIVE,V1_1_REVIEW_CANDIDATE_WITH_CONDITIONS | ES-CG-01,Engineering Authority and Precedence,SOURCE_FROZEN,NOT_ADOPTED,NOT_ACCESSIONED,NOT_ACTIVE,V1_1_REVIEW_CANDIDATE_WITH_CONDITIONS | ",CANONICAL_OR_CURRENT_INFERRED
STALE_DRAFT_HISTORICAL_OR_SUPERSEDED_TEXT,REVIEW_CLASSIFICATION,governance/implementation/code-guides/drafting/CGP-006/WAVE_1_ACTIVATION_AND_EVIDENCE_PLANNING_V1_1_SUCCESSOR/WAVE_1_LIFECYCLE_STAGE_0_24_MATRIX.csv,"ES-CG-00,Code Guide Charter,1,0,Program intake,PARTIAL,PROTECTED_CANONICAL_EVIDENCE_LOCATED,SOURCE_FROZEN,NOT_ADOPTED,NOT_ACCESSIONED,NOT_ACTIVE,NO_STATUS_ADVANCEMENT | ES-CG-00,Code Guide Charter,1,1,Drafting charter,PARTIAL,PROTECTED_CANONICAL_EVIDENCE_LOCAT",CANONICAL_OR_CURRENT_INFERRED
STALE_DRAFT_HISTORICAL_OR_SUPERSEDED_TEXT,REVIEW_CLASSIFICATION,governance/implementation/code-guides/drafting/CGP-006/WAVE_1_ACTIVATION_AND_EVIDENCE_PLANNING_V1_1_SUCCESSOR/WAVE_1_PREREQUISITE_REGISTER.csv,"W1-V11-PREQ-0001,Founder review of successor package,SUCCESSOR_PACKAGE_APPROVED_FOR_PROTECTED_INTEGRATION | W1-V11-PREQ-0006,Retained warning disposition,RETAINED_WARNING_CLOSURE_DEFERRED | PATH_CLASSIFICATION: candidate_or_draft",CANONICAL_OR_CURRENT_INFERRED
STALE_DRAFT_HISTORICAL_OR_SUPERSEDED_TEXT,REVIEW_CLASSIFICATION,governance/implementation/code-guides/drafting/CGP-006/WAVE_1_ACTIVATION_AND_EVIDENCE_PLANNING_V1_1_SUCCESSOR/WAVE_1_WARNING_REGISTER.csv,"CGP006-CLF-0001,Retained classification warning carried forward,OPEN | CGP006-CLF-0002,Retained classification warning carried forward,OPEN | CGP006-CLF-0003,Retained classification warning carried forward,OPEN | CGP006-CLF-0004,Retained classification warning",CANONICAL_OR_CURRENT_INFERRED
STALE_DRAFT_HISTORICAL_OR_SUPERSEDED_TEXT,REVIEW_CLASSIFICATION,governance/implementation/code-guides/drafting/CGP-006/WAVE_1_ACTIVATION_AND_EVIDENCE_PLANNING/README.md,**Adopted portfolio state:** `CONDITIONALLY_ADOPTED_AND_PROTECTEDLY_MERGED_NOT_ACTIVATED` | This workstream may inventory and plan future Founder consideration for: | - retained warning obligations; | ## Retained Warning Obligations | PATH_CLASSIFICATION: cand,HISTORICAL_DUPLICATE_DRAFT_OR_PREDECESSOR_INFERRED
STALE_DRAFT_HISTORICAL_OR_SUPERSEDED_TEXT,REVIEW_CLASSIFICATION,governance/implementation/code-guides/drafting/CGP-006/WAVE_1_ADOPTION_READINESS_REVIEW_V1/CGP_006_WAVE_1_ADOPTION_READINESS_REVIEW_CHECKSUMS.sha256,5f4a7318104aa0a83f7e03e55440f81861583bbea2a8f6222a2512022958ee62 governance/implementation/code-guides/drafting/CGP-006/WAVE_1_ADOPTION_READINESS_REVIEW_V1/README.md | 5ea4a6452512952132a6a33764750a583b6c57f76a011869d16b05ef637daff1 governance/implementation/c,CANONICAL_OR_CURRENT_INFERRED
STALE_DRAFT_HISTORICAL_OR_SUPERSEDED_TEXT,REVIEW_CLASSIFICATION,governance/implementation/code-guides/drafting/CGP-006/WAVE_1_ADOPTION_READINESS_REVIEW_V1/CGP_006_WAVE_1_ADOPTION_READINESS_REVIEW_MANIFEST.json,"""candidate_baseline_state"": ""FOUNDER_APPROVED_CANDIDATE_BASELINE_REPOSITORY_ACCESSIONED"", | ""founder_decisions_required"": 0, | ""determination"": ""CGP_006_WAVE_1_CONDITIONAL_FOUNDER_ADOPTION_RECORDED_PENDING_PROTECTED_INTEGRATION"", | ""path"": ""governance/implemen",CANONICAL_OR_CURRENT_INFERRED
STALE_DRAFT_HISTORICAL_OR_SUPERSEDED_TEXT,REVIEW_CLASSIFICATION,governance/implementation/code-guides/drafting/CGP-006/WAVE_1_ADOPTION_READINESS_REVIEW_V1/README.md,**Determination:** `CGP_006_WAVE_1_CONDITIONAL_FOUNDER_ADOPTION_RECORDED_PENDING_PROTECTED_INTEGRATION` | - Founder-decision-needed register | ## Founder Conditional Adoption Record | Founder conditional adoption is recorded in `reports/CGP_006_WAVE_1_FOUNDER_,HISTORICAL_DUPLICATE_DRAFT_OR_PREDECESSOR_INFERRED
STALE_DRAFT_HISTORICAL_OR_SUPERSEDED_TEXT,REVIEW_CLASSIFICATION,governance/implementation/code-guides/drafting/CGP-006/WAVE_1_ADOPTION_READINESS_REVIEW_V1/registers/CGP_006_WAVE_1_ACTIVATION_PREREQUISITE_REGISTER.csv,"CGP006-AR-ACT-ES_CG_00,ES-CG-00,ACTIVATION,Separate activation authority plus GAP-0004 evidence review.,""Activation scope, operational readiness evidence, warning carry-forward, and GAP-0004 treatment."",NOT_YET_APPLICABL | CGP006-AR-ACT-ES_CG_01,ES-CG-01,ACTIV",CANONICAL_OR_CURRENT_INFERRED
STALE_DRAFT_HISTORICAL_OR_SUPERSEDED_TEXT,REVIEW_CLASSIFICATION,governance/implementation/code-guides/drafting/CGP-006/WAVE_1_ADOPTION_READINESS_REVIEW_V1/registers/CGP_006_WAVE_1_ADOPTION_CONDITION_REGISTER.csv,"condition_identifier,affected_scope,triggering_issue,condition_state,required_action,required_evidence,responsible_future_owner,due_lifecycle_stage,adoption_may_occur_before_satisfaction,activation_blocked,implementation | CGP006-AR-COND-0001,PORTFOLIO,Five CG",CANONICAL_OR_CURRENT_INFERRED
STALE_DRAFT_HISTORICAL_OR_SUPERSEDED_TEXT,REVIEW_CLASSIFICATION,governance/implementation/code-guides/drafting/CGP-006/WAVE_1_ADOPTION_READINESS_REVIEW_V1/registers/CGP_006_WAVE_1_ADOPTION_PREREQUISITE_REGISTER.csv,PATH_CLASSIFICATION: candidate_or_draft,CANONICAL_OR_CURRENT_INFERRED
STALE_DRAFT_HISTORICAL_OR_SUPERSEDED_TEXT,REVIEW_CLASSIFICATION,governance/implementation/code-guides/drafting/CGP-006/WAVE_1_ADOPTION_READINESS_REVIEW_V1/registers/CGP_006_WAVE_1_CONDITIONAL_ADOPTION_REGISTER.csv,"adoption_record_identifier,directive_id,repository,pr_number,base_branch,base_head,pre_merge_pr_head,adopted_guides,adoption_model,adoption_scope,conditions_preserved,warnings_retained,gap0004_status,activation_status,im | CGP006-W1-CAR-0001,CGP_006_WAVE_1_CON",CANONICAL_OR_CURRENT_INFERRED
STALE_DRAFT_HISTORICAL_OR_SUPERSEDED_TEXT,REVIEW_CLASSIFICATION,governance/implementation/code-guides/drafting/CGP-006/WAVE_1_ADOPTION_READINESS_REVIEW_V1/registers/CGP_006_WAVE_1_CONTROL_ADOPTION_READINESS_REGISTER.csv,"ES-CG-00-CTRL-0001,ES-CG-00,Candidate Charter Authority Boundary,CGP006-NR-0001;CGP006-NR-0002;CGP006-NR-0003;CGP006-NR-0004;CGP006-NR-0005;CGP006-NR-0006;CGP006-NR-0007;CGP006-NR-0008;CGP006-NR-0009;CGP006-NR-0010;CGP00 | ES-CG-00-CTRL-0002,ES-CG-00,Candidate",CANONICAL_OR_CURRENT_INFERRED
STALE_DRAFT_HISTORICAL_OR_SUPERSEDED_TEXT,REVIEW_CLASSIFICATION,governance/implementation/code-guides/drafting/CGP-006/WAVE_1_ADOPTION_READINESS_REVIEW_V1/registers/CGP_006_WAVE_1_FOUNDER_DECISION_NEEDED_REGISTER.csv,PATH_CLASSIFICATION: candidate_or_draft,HISTORICAL_DUPLICATE_DRAFT_OR_PREDECESSOR_INFERRED
STALE_DRAFT_HISTORICAL_OR_SUPERSEDED_TEXT,REVIEW_CLASSIFICATION,governance/implementation/code-guides/drafting/CGP-006/WAVE_1_ADOPTION_READINESS_REVIEW_V1/registers/CGP_006_WAVE_1_GAP_0004_ADOPTION_IMPACT_REGISTER.csv,"gap_identifier,original_issue,affected_guides,affected_controls,affected_invariants,affected_mandatory_questions,required_state,adoption_treatment,evidence_still_required,evidence_can_exist_before_implementation,adoption | CGP005-TA-APP-GAP-0004,IMPLEMENTATION",CANONICAL_OR_CURRENT_INFERRED
STALE_DRAFT_HISTORICAL_OR_SUPERSEDED_TEXT,REVIEW_CLASSIFICATION,governance/implementation/code-guides/drafting/CGP-006/WAVE_1_ADOPTION_READINESS_REVIEW_V1/registers/CGP_006_WAVE_1_GUIDE_ADOPTION_READINESS_REGISTER.csv,"guide_identifier,guide_title,review_sequence,lifecycle_state,repository_state,adoption_state,activation_state,implementation_authority,production_authority,adoption_readiness_disposition,gate_outcome,source_traceability_ | ES-CG-00,Code Guide Framework And Cha",CANONICAL_OR_CURRENT_INFERRED
STALE_DRAFT_HISTORICAL_OR_SUPERSEDED_TEXT,REVIEW_CLASSIFICATION,governance/implementation/code-guides/drafting/CGP-006/WAVE_1_ADOPTION_READINESS_REVIEW_V1/registers/CGP_006_WAVE_1_IMPLEMENTATION_MAPPING_PREREQUISITE_REGISTER.csv,"CGP006-AR-IMAP-ES_CG_00,ES-CG-00,IMPLEMENTATION_MAPPING,Separate implementation-mapping authority and mapping evidence.,""Control/invariant mapping, test/evidence expectations, source-boundary preservation."",NOT_YET_APPLI | CGP006-AR-IMAP-ES_CG_01,ES-CG-01,IMPL",CANONICAL_OR_CURRENT_INFERRED
STALE_DRAFT_HISTORICAL_OR_SUPERSEDED_TEXT,REVIEW_CLASSIFICATION,governance/implementation/code-guides/drafting/CGP-006/WAVE_1_ADOPTION_READINESS_REVIEW_V1/registers/CGP_006_WAVE_1_IMPLEMENTATION_PREREQUISITE_REGISTER.csv,"CGP006-AR-IMPL-ES_CG_00,ES-CG-00,IMPLEMENTATION,Separate implementation authority and real implementation evidence.,""Authorized engineering evidence, tests, provider/pilot/production evidence where applicable."",NOT_YET_A | CGP006-AR-IMPL-ES_CG_01,ES-CG-01,IMPL",CANONICAL_OR_CURRENT_INFERRED
STALE_DRAFT_HISTORICAL_OR_SUPERSEDED_TEXT,REVIEW_CLASSIFICATION,governance/implementation/code-guides/drafting/CGP-006/WAVE_1_ADOPTION_READINESS_REVIEW_V1/registers/CGP_006_WAVE_1_INVARIANT_ADOPTION_READINESS_REGISTER.csv,"ES-CG-00-INV-0001,ES-CG-00,""Charter Authority Boundary remains candidate-only, traceable to frozen normative rows, and separated from adoption, activation, merge, implementation, production, and source-promotion authorit | ES-CG-00-INV-0002,ES-CG-00,""Program S",CANONICAL_OR_CURRENT_INFERRED
STALE_DRAFT_HISTORICAL_OR_SUPERSEDED_TEXT,REVIEW_CLASSIFICATION,governance/implementation/code-guides/drafting/CGP-006/WAVE_1_ADOPTION_READINESS_REVIEW_V1/registers/CGP_006_WAVE_1_MANDATORY_QUESTION_ADOPTION_READINESS_REGISTER.csv,"question_identifier,guide_identifier,existing_status,adoption_readiness_status,missing_element,lifecycle_stage_affected,adoption_condition,activation_condition,implementation_mapping_condition,implementation_condition,fo | PATH_CLASSIFICATION: candidate_or_dra",CANONICAL_OR_CURRENT_INFERRED
STALE_DRAFT_HISTORICAL_OR_SUPERSEDED_TEXT,REVIEW_CLASSIFICATION,governance/implementation/code-guides/drafting/CGP-006/WAVE_1_ADOPTION_READINESS_REVIEW_V1/registers/CGP_006_WAVE_1_POST_ADOPTION_COVENANT_REGISTER.csv,"condition_identifier,affected_scope,triggering_issue,condition_state,required_action,required_evidence,responsible_future_owner,due_lifecycle_stage,adoption_may_occur_before_satisfaction,activation_blocked,implementation | CGP006-AR-COND-0001,PORTFOLIO,Five CG",CANONICAL_OR_CURRENT_INFERRED
STALE_DRAFT_HISTORICAL_OR_SUPERSEDED_TEXT,REVIEW_CLASSIFICATION,governance/implementation/code-guides/drafting/CGP-006/WAVE_1_ADOPTION_READINESS_REVIEW_V1/registers/CGP_006_WAVE_1_WARNING_ADOPTION_IMPACT_REGISTER.csv,"warning_identifier,affected_guides,affected_controls,affected_invariants,affected_mandatory_questions,required_state,adoption_treatment,adoption_effect,activation_effect,implementation_mapping_effect,implementation_effec | CGP006-CLF-0001,ES-CG-10,ES-CG-10-CTR",CANONICAL_OR_CURRENT_INFERRED
STALE_DRAFT_HISTORICAL_OR_SUPERSEDED_TEXT,REVIEW_CLASSIFICATION,governance/implementation/code-guides/drafting/CGP-006/WAVE_1_ADOPTION_READINESS_REVIEW_V1/reports/CGP_006_WAVE_1_ADOPTION_READINESS_PREMUTATION_VERIFICATION.md,**Remote controlling head:** `be0e68eeb698491f807745f0c4174dec28e96298` | **Candidate-baseline state:** `FOUNDER_APPROVED_CANDIDATE_BASELINE_REPOSITORY_ACCESSIONED` | **Gap-closure state:** `CGP_006_WAVE_1_DOCUMENTARY_GAPS_0001_0002_0003_FOUNDER_CLOSED_AND_REP,CANONICAL_OR_CURRENT_INFERRED
STALE_DRAFT_HISTORICAL_OR_SUPERSEDED_TEXT,REVIEW_CLASSIFICATION,governance/implementation/code-guides/drafting/CGP-006/WAVE_1_ADOPTION_READINESS_REVIEW_V1/reports/CGP_006_WAVE_1_ADOPTION_READINESS_REVIEW_DISPOSITION.md,"The package is ready for Founder review in a draft pull request. It recommends a later conditional adoption directive but does not record adoption. | No guide was adopted, activated, made effective, marked implementation-ready, or marked production-ready. No w",CANONICAL_OR_CURRENT_INFERRED
STALE_DRAFT_HISTORICAL_OR_SUPERSEDED_TEXT,REVIEW_CLASSIFICATION,governance/implementation/code-guides/drafting/CGP-006/WAVE_1_ADOPTION_READINESS_REVIEW_V1/reports/CGP_006_WAVE_1_ADOPTION_READINESS_REVIEW_REPORT.md,"This package reviews `ES-CG-00`, `ES-CG-01`, `ES-CG-13`, and `ES-CG-10` in dependency order for adoption readiness only. It recommends a later conditional adoption directive because source traceability and review complet | The four guides should be considered ",CANONICAL_OR_CURRENT_INFERRED
STALE_DRAFT_HISTORICAL_OR_SUPERSEDED_TEXT,REVIEW_CLASSIFICATION,governance/implementation/code-guides/drafting/CGP-006/WAVE_1_ADOPTION_READINESS_REVIEW_V1/reports/CGP_006_WAVE_1_ADOPTION_READINESS_VALIDATION_REPORT.md,"- Founder-decision consistency | ## Founder Conditional Adoption Update | Under `CGP_006_WAVE_1_CONDITIONAL_FOUNDER_ADOPTION_AND_PROTECTED_INTEGRATION_DIRECTIVE_V1_0_0`, Founder conditional adoption has been recorded as `CGP006-W1-CAR-0001` for the Wave 1 port",CANONICAL_OR_CURRENT_INFERRED
STALE_DRAFT_HISTORICAL_OR_SUPERSEDED_TEXT,REVIEW_CLASSIFICATION,governance/implementation/code-guides/drafting/CGP-006/WAVE_1_ADOPTION_READINESS_REVIEW_V1/reports/CGP_006_WAVE_1_CONDITIONAL_ADOPTION_METADATA_RECONCILIATION.md,**Directive:** `CGP_006_WAVE_1_CONDITIONAL_FOUNDER_ADOPTION_AND_PROTECTED_INTEGRATION_DIRECTIVE_V1_0_0` | **Result:** `CGP_006_WAVE_1_CONDITIONAL_FOUNDER_ADOPTION_RECORDED_PENDING_PROTECTED_INTEGRATION` | - Package determination records Founder conditional ado,HISTORICAL_DUPLICATE_DRAFT_OR_PREDECESSOR_INFERRED
STALE_DRAFT_HISTORICAL_OR_SUPERSEDED_TEXT,REVIEW_CLASSIFICATION,governance/implementation/code-guides/drafting/CGP-006/WAVE_1_ADOPTION_READINESS_REVIEW_V1/reports/CGP_006_WAVE_1_CROSS_GUIDE_DEPENDENCY_CONFIRMATION.md,PATH_CLASSIFICATION: candidate_or_draft,CANONICAL_OR_CURRENT_INFERRED
STALE_DRAFT_HISTORICAL_OR_SUPERSEDED_TEXT,REVIEW_CLASSIFICATION,governance/implementation/code-guides/drafting/CGP-006/WAVE_1_ADOPTION_READINESS_REVIEW_V1/reports/CGP_006_WAVE_1_FOUNDER_CONDITIONAL_ADOPTION_RECORD.md,# CGP-006 Wave 1 Founder Conditional Adoption Record | **Directive:** `CGP_006_WAVE_1_CONDITIONAL_FOUNDER_ADOPTION_AND_PROTECTED_INTEGRATION_DIRECTIVE_V1_0_0` | **Adoption status:** `CONDITIONALLY_ADOPTED_PENDING_PROTECTED_INTEGRATION` | ## Conditionally Adopt,CANONICAL_OR_CURRENT_INFERRED
STALE_DRAFT_HISTORICAL_OR_SUPERSEDED_TEXT,REVIEW_CLASSIFICATION,governance/implementation/code-guides/drafting/CGP-006/WAVE_1_ADOPTION_READINESS_REVIEW_V1/reports/CGP_006_WAVE_1_PORTFOLIO_ADOPTION_MODEL_ANALYSIS.md,"- `CGP006-AR-COND-0001`: retained warning covenant. | Partial adoption is not recommended unless the adopted subset preserves dependency order and carries all portfolio-wide conditions. Otherwise, authority gaps and inconsistent activation conditions would res",CANONICAL_OR_CURRENT_INFERRED
STALE_DRAFT_HISTORICAL_OR_SUPERSEDED_TEXT,REVIEW_CLASSIFICATION,governance/implementation/code-guides/drafting/CGP-006/WAVE_1_ADOPTION_READINESS_REVIEW_V1/reports/CGP_006_WAVE_1_SOURCE_INTEGRITY_CONFIRMATION.md,- Founder-approved contextual rows: `51` | PATH_CLASSIFICATION: candidate_or_draft,CANONICAL_OR_CURRENT_INFERRED
STALE_DRAFT_HISTORICAL_OR_SUPERSEDED_TEXT,REVIEW_CLASSIFICATION,governance/implementation/code-guides/drafting/CGP-006/WAVE_1_CANDIDATE_DRAFTING_V1/CGP_006_WAVE_1_CANDIDATE_DRAFTING_CHECKSUMS.sha256,b032f61cf52af05c4640f200e707ec3b30aa0009f675d2a2f8632c5fabc24f6a governance/implementation/code-guides/drafting/CGP-006/WAVE_1_CANDIDATE_DRAFTING_V1/README.md | 6ccaa9ddcb8380ef8b50fdaa78cc5eb1e8c6048f05b70351396e2813aad0bfae governance/implementation/code-gui,CANONICAL_OR_CURRENT_INFERRED
STALE_DRAFT_HISTORICAL_OR_SUPERSEDED_TEXT,REVIEW_CLASSIFICATION,governance/implementation/code-guides/drafting/CGP-006/WAVE_1_CANDIDATE_DRAFTING_V1/CGP_006_WAVE_1_CANDIDATE_DRAFTING_MANIFEST.json,"""adoption_status"": ""NOT_ADOPTED"", | ""approval_branch"": ""codex/cgp-006-wave-1-candidate-drafting-v1"", | ""approved_candidate_controls"": 22, | ""approved_candidate_invariants"": 22, | PATH_CLASSIFICATION: candidate_or_draft",CANONICAL_OR_CURRENT_INFERRED
STALE_DRAFT_HISTORICAL_OR_SUPERSEDED_TEXT,REVIEW_CLASSIFICATION,governance/implementation/code-guides/drafting/CGP-006/WAVE_1_CANDIDATE_DRAFTING_V1/guides/ES-CG-00/ES-CG-00_CANDIDATE_COMPANION.json,"""adoption_status"": ""NOT_ADOPTED"", | ""candidate_baseline_status"": ""FOUNDER_APPROVED_CANDIDATE_BASELINE"", | ""candidate_status"": ""CANDIDATE_ONLY"", | ""candidate_version"": ""0.1.0-candidate.1"", | PATH_CLASSIFICATION: candidate_or_draft",CANONICAL_OR_CURRENT_INFERRED
STALE_DRAFT_HISTORICAL_OR_SUPERSEDED_TEXT,REVIEW_CLASSIFICATION,governance/implementation/code-guides/drafting/CGP-006/WAVE_1_CANDIDATE_DRAFTING_V1/guides/ES-CG-00/ES-CG-00_CANDIDATE_GUIDE.md,# ES-CG-00 Candidate Guide: Code Guide Framework And Charter | **Package:** `ES-CGP-006-WAVE-1-CANDIDATE-DRAFTING-V1` | **Candidate status:** `CANDIDATE_ONLY` | **Lifecycle status:** `FOUNDER_APPROVED_CANDIDATE_BASELINE` | PATH_CLASSIFICATION: candidate_or_dra,CANONICAL_OR_CURRENT_INFERRED
STALE_DRAFT_HISTORICAL_OR_SUPERSEDED_TEXT,REVIEW_CLASSIFICATION,governance/implementation/code-guides/drafting/CGP-006/WAVE_1_CANDIDATE_DRAFTING_V1/guides/ES-CG-01/ES-CG-01_CANDIDATE_COMPANION.json,"""adoption_status"": ""NOT_ADOPTED"", | ""candidate_baseline_status"": ""FOUNDER_APPROVED_CANDIDATE_BASELINE"", | ""candidate_status"": ""CANDIDATE_ONLY"", | ""candidate_version"": ""0.1.0-candidate.1"", | PATH_CLASSIFICATION: candidate_or_draft",CANONICAL_OR_CURRENT_INFERRED
STALE_DRAFT_HISTORICAL_OR_SUPERSEDED_TEXT,REVIEW_CLASSIFICATION,governance/implementation/code-guides/drafting/CGP-006/WAVE_1_CANDIDATE_DRAFTING_V1/guides/ES-CG-01/ES-CG-01_CANDIDATE_GUIDE.md,# ES-CG-01 Candidate Guide: Engineering Authority And Precedence | **Package:** `ES-CGP-006-WAVE-1-CANDIDATE-DRAFTING-V1` | **Candidate status:** `CANDIDATE_ONLY` | **Lifecycle status:** `FOUNDER_APPROVED_CANDIDATE_BASELINE` | PATH_CLASSIFICATION: candidate_or,CANONICAL_OR_CURRENT_INFERRED
STALE_DRAFT_HISTORICAL_OR_SUPERSEDED_TEXT,REVIEW_CLASSIFICATION,governance/implementation/code-guides/drafting/CGP-006/WAVE_1_CANDIDATE_DRAFTING_V1/guides/ES-CG-10/ES-CG-10_CANDIDATE_COMPANION.json,"""adoption_status"": ""NOT_ADOPTED"", | ""candidate_baseline_status"": ""FOUNDER_APPROVED_CANDIDATE_BASELINE"", | ""candidate_status"": ""CANDIDATE_ONLY"", | ""candidate_version"": ""0.1.0-candidate.1"", | PATH_CLASSIFICATION: candidate_or_draft",CANONICAL_OR_CURRENT_INFERRED
STALE_DRAFT_HISTORICAL_OR_SUPERSEDED_TEXT,REVIEW_CLASSIFICATION,governance/implementation/code-guides/drafting/CGP-006/WAVE_1_CANDIDATE_DRAFTING_V1/guides/ES-CG-10/ES-CG-10_CANDIDATE_GUIDE.md,"# ES-CG-10 Candidate Guide: Testing, Verification, And Assurance | **Package:** `ES-CGP-006-WAVE-1-CANDIDATE-DRAFTING-V1` | **Candidate status:** `CANDIDATE_ONLY` | **Lifecycle status:** `FOUNDER_APPROVED_CANDIDATE_BASELINE` | PATH_CLASSIFICATION: candidate_or",CANONICAL_OR_CURRENT_INFERRED
STALE_DRAFT_HISTORICAL_OR_SUPERSEDED_TEXT,REVIEW_CLASSIFICATION,governance/implementation/code-guides/drafting/CGP-006/WAVE_1_CANDIDATE_DRAFTING_V1/guides/ES-CG-13/ES-CG-13_CANDIDATE_COMPANION.json,"""adoption_status"": ""NOT_ADOPTED"", | ""candidate_baseline_status"": ""FOUNDER_APPROVED_CANDIDATE_BASELINE"", | ""candidate_status"": ""CANDIDATE_ONLY"", | ""candidate_version"": ""0.1.0-candidate.1"", | PATH_CLASSIFICATION: candidate_or_draft",CANONICAL_OR_CURRENT_INFERRED
STALE_DRAFT_HISTORICAL_OR_SUPERSEDED_TEXT,REVIEW_CLASSIFICATION,governance/implementation/code-guides/drafting/CGP-006/WAVE_1_CANDIDATE_DRAFTING_V1/guides/ES-CG-13/ES-CG-13_CANDIDATE_GUIDE.md,"# ES-CG-13 Candidate Guide: Completion, Evidence, And Traceability | **Package:** `ES-CGP-006-WAVE-1-CANDIDATE-DRAFTING-V1` | **Candidate status:** `CANDIDATE_ONLY` | **Lifecycle status:** `FOUNDER_APPROVED_CANDIDATE_BASELINE` | PATH_CLASSIFICATION: candidate_",CANONICAL_OR_CURRENT_INFERRED
STALE_DRAFT_HISTORICAL_OR_SUPERSEDED_TEXT,REVIEW_CLASSIFICATION,governance/implementation/code-guides/drafting/CGP-006/WAVE_1_CANDIDATE_DRAFTING_V1/README.md,# CGP-006 Wave 1 Candidate Drafting Package | **Package ID:** `ES-CGP-006-WAVE-1-CANDIDATE-DRAFTING-V1` | **Package version:** `0.1.2-candidate-baseline-approval.1` | **Package status:** `CANDIDATE_ONLY` | PATH_CLASSIFICATION: candidate_or_draft,HISTORICAL_DUPLICATE_DRAFT_OR_PREDECESSOR_INFERRED
STALE_DRAFT_HISTORICAL_OR_SUPERSEDED_TEXT,REVIEW_CLASSIFICATION,governance/implementation/code-guides/drafting/CGP-006/WAVE_1_CANDIDATE_DRAFTING_V1/registers/CGP_006_WAVE_1_CONTROL_REGISTER.csv,"control_identifier,guide_identifier,title,candidate_status,requirement_statement,rationale,normative_source_rows,normative_source_ids,contextual_influences,reference_material_used,affected_actor_record_process_or_system, | ES-CG-00-CTRL-0001,ES-CG-00,Candidate",CANONICAL_OR_CURRENT_INFERRED
STALE_DRAFT_HISTORICAL_OR_SUPERSEDED_TEXT,REVIEW_CLASSIFICATION,governance/implementation/code-guides/drafting/CGP-006/WAVE_1_CANDIDATE_DRAFTING_V1/registers/CGP_006_WAVE_1_DEPENDENCY_GATE_REGISTER.csv,"gate_id,gate_number,guide_identifier,drafting_order,required_status,observed_status,validation_result,upstream_dependencies_validated,notes | CGP006-W1-GATE-0001,1,ES-CG-00,1,ES_CG_00_COMPLETE_CANDIDATE_DRAFT_INTERNAL_VALIDATION_PASS,ES_CG_00_COMPLETE_CANDIDAT",CANONICAL_OR_CURRENT_INFERRED
STALE_DRAFT_HISTORICAL_OR_SUPERSEDED_TEXT,REVIEW_CLASSIFICATION,governance/implementation/code-guides/drafting/CGP-006/WAVE_1_CANDIDATE_DRAFTING_V1/registers/CGP_006_WAVE_1_EXCEPTION_REGISTER.csv,"exception_id,guide_identifier,exception_title,exception_status,exception_scope,normative_support,founder_decision_requirement,implementation_status | ES-CG-00-EXC-0001,ES-CG-00,No Active Candidate Exception,NONE_GRANTED,NOT_YET_APPLICABLE,NOT_YET_APPLICABLE,RE",CANONICAL_OR_CURRENT_INFERRED
STALE_DRAFT_HISTORICAL_OR_SUPERSEDED_TEXT,REVIEW_CLASSIFICATION,governance/implementation/code-guides/drafting/CGP-006/WAVE_1_CANDIDATE_DRAFTING_V1/registers/CGP_006_WAVE_1_FOUNDER_DECISION_NEEDED_REGISTER.csv,PATH_CLASSIFICATION: candidate_or_draft,CANONICAL_OR_CURRENT_INFERRED
STALE_DRAFT_HISTORICAL_OR_SUPERSEDED_TEXT,REVIEW_CLASSIFICATION,governance/implementation/code-guides/drafting/CGP-006/WAVE_1_CANDIDATE_DRAFTING_V1/registers/CGP_006_WAVE_1_INVARIANT_REGISTER.csv,"invariant_identifier,guide_identifier,invariant_statement,scope,rationale,normative_source_rows,related_controls,prohibited_state_or_outcome,exception_treatment,validation_method,cross_guide_effect,warning_linkage,gap_li | ES-CG-00-INV-0001,ES-CG-00,""Charter A",CANONICAL_OR_CURRENT_INFERRED
STALE_DRAFT_HISTORICAL_OR_SUPERSEDED_TEXT,REVIEW_CLASSIFICATION,governance/implementation/code-guides/drafting/CGP-006/WAVE_1_CANDIDATE_DRAFTING_V1/registers/CGP_006_WAVE_1_MANDATORY_QUESTION_REGISTER.csv,"question_identifier,guide_identifier,exact_question_text,answer_status,candidate_answer,normative_support,contextual_influence,assumptions,unresolved_elements,warning_linkage,gap_linkage,founder_decision_requirement,vali | ES-CG-00-DQ-0001,ES-CG-00,Which froze",CANONICAL_OR_CURRENT_INFERRED
STALE_DRAFT_HISTORICAL_OR_SUPERSEDED_TEXT,REVIEW_CLASSIFICATION,governance/implementation/code-guides/drafting/CGP-006/WAVE_1_CANDIDATE_DRAFTING_V1/registers/CGP_006_WAVE_1_RETAINED_GAP_REGISTER.csv,"identifier,source_artifact,affected_guide_or_guides,affected_guide_section,drafting_consequence,control_consequence,invariant_consequence,mandatory_question_consequence,traceability_consequence,exception_consequence,impl | CGP005-TA-APP-GAP-0001,CGP-005 Techni",CANONICAL_OR_CURRENT_INFERRED
STALE_DRAFT_HISTORICAL_OR_SUPERSEDED_TEXT,REVIEW_CLASSIFICATION,governance/implementation/code-guides/drafting/CGP-006/WAVE_1_CANDIDATE_DRAFTING_V1/registers/CGP_006_WAVE_1_RISK_REGISTER.csv,"risk_id,guide_identifier,risk_title,risk_statement,candidate_mitigation,warning_linkage,gap_linkage,implementation_status | CGP006-W1-RISK-0001,ES-CG-00,Candidate guide mistaken for adopted authority,Reviewers could treat the framework draft as active governan",CANONICAL_OR_CURRENT_INFERRED
STALE_DRAFT_HISTORICAL_OR_SUPERSEDED_TEXT,REVIEW_CLASSIFICATION,governance/implementation/code-guides/drafting/CGP-006/WAVE_1_CANDIDATE_DRAFTING_V1/registers/CGP_006_WAVE_1_UNRESOLVED_QUESTION_REGISTER.csv,"unresolved_identifier,affected_guide,affected_section,question,source_authority_status,candidate_treatment,founder_decision_required,blocking_status,implementation_status | PATH_CLASSIFICATION: candidate_or_draft",CANONICAL_OR_CURRENT_INFERRED
STALE_DRAFT_HISTORICAL_OR_SUPERSEDED_TEXT,REVIEW_CLASSIFICATION,governance/implementation/code-guides/drafting/CGP-006/WAVE_1_CANDIDATE_DRAFTING_V1/registers/CGP_006_WAVE_1_WARNING_TREATMENT_REGISTER.csv,"identifier,source_artifact,affected_guide_or_guides,affected_guide_section,drafting_consequence,control_consequence,invariant_consequence,mandatory_question_consequence,traceability_consequence,exception_consequence,impl | CGP006-CLF-0001,governance/implementa",CANONICAL_OR_CURRENT_INFERRED
STALE_DRAFT_HISTORICAL_OR_SUPERSEDED_TEXT,REVIEW_CLASSIFICATION,governance/implementation/code-guides/drafting/CGP-006/WAVE_1_CANDIDATE_DRAFTING_V1/reports/CGP_006_WAVE_1_CANDIDATE_BASELINE_APPROVAL_PRECHECK.md,# CGP-006 Wave 1 Candidate-Baseline Approval Precheck | **Active branch:** `codex/cgp-006-wave-1-candidate-drafting-v1` | **PR state before approval update:** `OPEN_DRAFT_UNMERGED` | - Package version before approval update: `0.1.1-candidate-review.1` | PATH_C,CANONICAL_OR_CURRENT_INFERRED
STALE_DRAFT_HISTORICAL_OR_SUPERSEDED_TEXT,REVIEW_CLASSIFICATION,governance/implementation/code-guides/drafting/CGP-006/WAVE_1_CANDIDATE_DRAFTING_V1/reports/CGP_006_WAVE_1_CANDIDATE_DRAFTING_REPORT.md,# CGP-006 Wave 1 Candidate Drafting Report | **Package:** `ES-CGP-006-WAVE-1-CANDIDATE-DRAFTING-V1` | **Package status:** `CANDIDATE_ONLY` | **Founder review status:** `FOUNDER_REVIEW_PENDING` | PATH_CLASSIFICATION: candidate_or_draft,CANONICAL_OR_CURRENT_INFERRED
STALE_DRAFT_HISTORICAL_OR_SUPERSEDED_TEXT,REVIEW_CLASSIFICATION,governance/implementation/code-guides/drafting/CGP-006/WAVE_1_CANDIDATE_DRAFTING_V1/reports/CGP_006_WAVE_1_FOUNDER_CANDIDATE_BASELINE_DISPOSITION.md,# CGP-006 Wave 1 Founder Candidate-Baseline Disposition | **Disposition:** `CGP_006_WAVE_1_CANDIDATE_GUIDES_FOUNDER_APPROVED_WITH_RETAINED_NON_BLOCKING_WARNINGS` | **Package:** `ES-CGP-006-WAVE-1-CANDIDATE-DRAFTING-V1` | **Lifecycle status:** `FOUNDER_APPROVED,CANONICAL_OR_CURRENT_INFERRED
STALE_DRAFT_HISTORICAL_OR_SUPERSEDED_TEXT,REVIEW_CLASSIFICATION,governance/implementation/code-guides/drafting/CGP-006/WAVE_1_CANDIDATE_DRAFTING_V1/reports/CGP_006_WAVE_1_METADATA_RECONCILIATION_REPORT.md,**Metadata branch:** `codex/cgp-006-wave-1-candidate-baseline-metadata-reconciliation` | **Founder disposition:** `CGP_006_WAVE_1_CANDIDATE_GUIDES_FOUNDER_APPROVED_WITH_RETAINED_NON_BLOCKING_WARNINGS` | **Lifecycle status:** `FOUNDER_APPROVED_CANDIDATE_BASELIN,CANONICAL_OR_CURRENT_INFERRED
STALE_DRAFT_HISTORICAL_OR_SUPERSEDED_TEXT,REVIEW_CLASSIFICATION,governance/implementation/code-guides/drafting/CGP-006/WAVE_1_CANDIDATE_DRAFTING_V1/reports/CGP_006_WAVE_1_PREMUTATION_VERIFICATION.md,**Package:** `ES-CGP-006-WAVE-1-CANDIDATE-DRAFTING-V1` | **Candidate branch:** `codex/cgp-006-wave-1-candidate-drafting-v1` | - Current branch after authorized branch creation: `codex/cgp-006-wave-1-candidate-drafting-v1` | - Worktree state before candidate pa,CANONICAL_OR_CURRENT_INFERRED
STALE_DRAFT_HISTORICAL_OR_SUPERSEDED_TEXT,REVIEW_CLASSIFICATION,governance/implementation/code-guides/drafting/CGP-006/WAVE_1_CANDIDATE_DRAFTING_V1/reports/CGP_006_WAVE_1_REVIEW_DISPOSITION.md,# CGP-006 Wave 1 Review And Candidate-Baseline Disposition | **Package:** `ES-CGP-006-WAVE-1-CANDIDATE-DRAFTING-V1` | **Structured Founder review ID:** `CGP-006-WAVE-1-STRUCTURED-FOUNDER-REVIEW-V1` | **Review disposition:** `CGP_006_WAVE_1_FOUNDER_REVIEW_COMPL,CANONICAL_OR_CURRENT_INFERRED
STALE_DRAFT_HISTORICAL_OR_SUPERSEDED_TEXT,REVIEW_CLASSIFICATION,governance/implementation/code-guides/drafting/CGP-006/WAVE_1_CANDIDATE_DRAFTING_V1/reports/CGP_006_WAVE_1_STRUCTURED_FOUNDER_REVIEW_PRECHECK.md,# CGP-006 Wave 1 Structured Founder Review Precheck | **Review ID:** `CGP-006-WAVE-1-STRUCTURED-FOUNDER-REVIEW-V1` | - Active branch: `codex/cgp-006-wave-1-candidate-drafting-v1` | - Package path: `governance/implementation/code-guides/drafting/CGP-006/WAVE_1_,CANONICAL_OR_CURRENT_INFERRED
STALE_DRAFT_HISTORICAL_OR_SUPERSEDED_TEXT,REVIEW_CLASSIFICATION,governance/implementation/code-guides/drafting/CGP-006/WAVE_1_CANDIDATE_DRAFTING_V1/reports/CGP_006_WAVE_1_VALIDATION_REPORT.md,# CGP-006 Wave 1 Candidate Validation Report | **Package:** `ES-CGP-006-WAVE-1-CANDIDATE-DRAFTING-V1` | **Structured Founder review:** `CGP-006-WAVE-1-STRUCTURED-FOUNDER-REVIEW-V1` | **Founder candidate-baseline disposition:** `CGP_006_WAVE_1_CANDIDATE_GUIDES_,SUPERSEDED_OR_SUPERSESSION_TEXT_PRESENT
STALE_DRAFT_HISTORICAL_OR_SUPERSEDED_TEXT,REVIEW_CLASSIFICATION,governance/implementation/code-guides/drafting/CGP-006/WAVE_1_CANDIDATE_DRAFTING_V1/reviews/CGP_006_WAVE_1_CANDIDATE_BASELINE_APPROVAL_REGISTER.csv,"guide_identifier,approval_order,guide_version,founder_candidate_baseline_disposition,lifecycle_status,repository_state_before_merge,controls_approved,invariants_approved,mandatory_questions_accepted_partial,mandatory_que | ES-CG-00,1,0.1.0-candidate.1,CGP_006_",CANONICAL_OR_CURRENT_INFERRED
STALE_DRAFT_HISTORICAL_OR_SUPERSEDED_TEXT,REVIEW_CLASSIFICATION,governance/implementation/code-guides/drafting/CGP-006/WAVE_1_CANDIDATE_DRAFTING_V1/reviews/CGP_006_WAVE_1_CONTROL_REVIEW_REGISTER.csv,"control_identifier,guide_identifier,review_classification,stable_identifier,clear_requirement_statement,candidate_status,normative_source_support_count,related_invariant,related_invariant_valid,exception_treatment,valida | ES-CG-00-CTRL-0001,ES-CG-00,ACCEPTABL",CANONICAL_OR_CURRENT_INFERRED
STALE_DRAFT_HISTORICAL_OR_SUPERSEDED_TEXT,REVIEW_CLASSIFICATION,governance/implementation/code-guides/drafting/CGP-006/WAVE_1_CANDIDATE_DRAFTING_V1/reviews/CGP_006_WAVE_1_DUPLICATE_CONTROL_REGISTER.csv,"record_id,guide_identifier,classification,control_identifier,overlap_target,candidate_treatment,founder_decision_required,blocking_status | PATH_CLASSIFICATION: candidate_or_draft",CANONICAL_OR_CURRENT_INFERRED
STALE_DRAFT_HISTORICAL_OR_SUPERSEDED_TEXT,REVIEW_CLASSIFICATION,governance/implementation/code-guides/drafting/CGP-006/WAVE_1_CANDIDATE_DRAFTING_V1/reviews/CGP_006_WAVE_1_DUPLICATE_INVARIANT_REGISTER.csv,"record_id,guide_identifier,classification,invariant_identifier,overlap_target,candidate_treatment,founder_decision_required,blocking_status | PATH_CLASSIFICATION: candidate_or_draft",CANONICAL_OR_CURRENT_INFERRED
STALE_DRAFT_HISTORICAL_OR_SUPERSEDED_TEXT,REVIEW_CLASSIFICATION,governance/implementation/code-guides/drafting/CGP-006/WAVE_1_CANDIDATE_DRAFTING_V1/reviews/CGP_006_WAVE_1_DUPLICATE_REQUIREMENT_REGISTER.csv,"record_id,guide_identifier,comparison_scope,classification,duplicate_subject,candidate_treatment,founder_decision_required,blocking_status | PATH_CLASSIFICATION: candidate_or_draft",CANONICAL_OR_CURRENT_INFERRED
STALE_DRAFT_HISTORICAL_OR_SUPERSEDED_TEXT,REVIEW_CLASSIFICATION,governance/implementation/code-guides/drafting/CGP-006/WAVE_1_CANDIDATE_DRAFTING_V1/reviews/CGP_006_WAVE_1_GUIDE_REVIEW_REGISTER.csv,"guide_identifier,guide_version,guide_disposition,review_gate_status,controls_accepted,controls_revised,controls_deferred,controls_requiring_founder_decision,invariants_accepted,invariants_revised,invariants_deferred,inva | ES-CG-00,0.1.0-candidate.1,FOUNDER_RE",CANONICAL_OR_CURRENT_INFERRED
STALE_DRAFT_HISTORICAL_OR_SUPERSEDED_TEXT,REVIEW_CLASSIFICATION,governance/implementation/code-guides/drafting/CGP-006/WAVE_1_CANDIDATE_DRAFTING_V1/reviews/CGP_006_WAVE_1_GUIDE_SECTION_REVIEW_REGISTER.csv,"review_id,guide_identifier,section_number,section_name,review_status,source_support_result,clarity_result,authority_boundary_result,revision_required,founder_decision_required,notes | ES-CG-00-SECTION-REVIEW-0001,ES-CG-00,1,Document Identity,ACCEPTABLE_FOR_CAN",CANONICAL_OR_CURRENT_INFERRED
STALE_DRAFT_HISTORICAL_OR_SUPERSEDED_TEXT,REVIEW_CLASSIFICATION,governance/implementation/code-guides/drafting/CGP-006/WAVE_1_CANDIDATE_DRAFTING_V1/reviews/CGP_006_WAVE_1_INVARIANT_REVIEW_REGISTER.csv,"invariant_identifier,guide_identifier,review_classification,stable_identifier,clear_invariant_statement,true_invariant,scope_review,normative_source_support_count,related_controls,related_controls_valid,prohibited_state_ | ES-CG-00-INV-0001,ES-CG-00,ACCEPTABLE",CANONICAL_OR_CURRENT_INFERRED
STALE_DRAFT_HISTORICAL_OR_SUPERSEDED_TEXT,REVIEW_CLASSIFICATION,governance/implementation/code-guides/drafting/CGP-006/WAVE_1_CANDIDATE_DRAFTING_V1/reviews/CGP_006_WAVE_1_MANDATORY_QUESTION_REVIEW_REGISTER.csv,"question_identifier,guide_identifier,current_status,reviewed_status,missing_element,normative_support,normative_support_count,contextual_influence,revision_made,founder_decision_required,blocks_approval,blocks_adoption,b | ES-CG-00-DQ-0001,ES-CG-00,PARTIALLY_A",CANONICAL_OR_CURRENT_INFERRED
STALE_DRAFT_HISTORICAL_OR_SUPERSEDED_TEXT,REVIEW_CLASSIFICATION,governance/implementation/code-guides/drafting/CGP-006/WAVE_1_CANDIDATE_DRAFTING_V1/reviews/CGP_006_WAVE_1_MATERIAL_UPSTREAM_REVISION_REGISTER.csv,"revision_id,changed_artifact,affected_guide,previous_language_or_identifier,new_candidate_language,affected_downstream_guides,prior_dependency_validation_invalidated,downstream_review_rerun,dependency_matrix_updated,vali | CGP006-W1-MATREV-0001,registers/CGP_0",CANONICAL_OR_CURRENT_INFERRED
STALE_DRAFT_HISTORICAL_OR_SUPERSEDED_TEXT,REVIEW_CLASSIFICATION,governance/implementation/code-guides/drafting/CGP-006/WAVE_1_CANDIDATE_DRAFTING_V1/reviews/CGP_006_WAVE_1_RETAINED_GAP_REVIEW_REGISTER.csv,"identifier,affected_guide_or_guides,affected_sections,drafting_treatment,representation_accuracy,open_status,blocking_status,blocks_approval,blocks_adoption,requires_later_implementation_evidence,founder_action_required | CGP005-TA-APP-GAP-0001,ES-CG-00;ES-CG-",CANONICAL_OR_CURRENT_INFERRED
STALE_DRAFT_HISTORICAL_OR_SUPERSEDED_TEXT,REVIEW_CLASSIFICATION,governance/implementation/code-guides/drafting/CGP-006/WAVE_1_CANDIDATE_DRAFTING_V1/reviews/CGP_006_WAVE_1_STRUCTURED_FOUNDER_REVIEW_REPORT.md,# CGP-006 Wave 1 Structured Founder Review Report | **Review ID:** `CGP-006-WAVE-1-STRUCTURED-FOUNDER-REVIEW-V1` | **Package:** `ES-CGP-006-WAVE-1-CANDIDATE-DRAFTING-V1` | **Package determination:** `CGP_006_WAVE_1_FOUNDER_REVIEW_COMPLETE_READY_WITH_RETAINED_N,SUPERSEDED_OR_SUPERSESSION_TEXT_PRESENT
STALE_DRAFT_HISTORICAL_OR_SUPERSEDED_TEXT,REVIEW_CLASSIFICATION,governance/implementation/code-guides/drafting/CGP-006/WAVE_1_CANDIDATE_DRAFTING_V1/reviews/CGP_006_WAVE_1_TERMINOLOGY_RECONCILIATION_REGISTER.csv,"term_id,term,review_scope,canonical_candidate_treatment,affected_guides,classification,revision_required,founder_decision_required | CGP006-W1-TERM-0001,CANDIDATE_ONLY,CROSS_GUIDE,""Review material only; not adopted, active, merged, or implemented."",ES-CG-00;ES",CANONICAL_OR_CURRENT_INFERRED
STALE_DRAFT_HISTORICAL_OR_SUPERSEDED_TEXT,REVIEW_CLASSIFICATION,governance/implementation/code-guides/drafting/CGP-006/WAVE_1_CANDIDATE_DRAFTING_V1/reviews/CGP_006_WAVE_1_WARNING_REVIEW_REGISTER.csv,"identifier,affected_guide_or_guides,affected_sections,candidate_controls_affected,candidate_invariants_affected,mandatory_questions_affected,current_treatment,treatment_adequacy,blocking_status,founder_action_required_be | CGP006-CLF-0001,ES-CG-10,Retained War",CANONICAL_OR_CURRENT_INFERRED
STALE_DRAFT_HISTORICAL_OR_SUPERSEDED_TEXT,REVIEW_CLASSIFICATION,governance/implementation/code-guides/drafting/CGP-006/WAVE_1_CANDIDATE_DRAFTING_V1/traceability/CGP_006_WAVE_1_CONTEXTUAL_SOURCE_USE_REGISTER.csv,"context_record_id,source_or_document_id,source_id,repository_path,title,guide_family_allocation,primary_classification,candidate_use,mandatory_authority,source_promotion_status | CGP006-CTX-0001,CGP006-CONTEXT-0001,CGP006-CONTEXT-0001,governance/implementation",CANONICAL_OR_CURRENT_INFERRED
STALE_DRAFT_HISTORICAL_OR_SUPERSEDED_TEXT,REVIEW_CLASSIFICATION,governance/implementation/code-guides/drafting/CGP-006/WAVE_1_CANDIDATE_DRAFTING_V1/traceability/CGP_006_WAVE_1_CONTROL_TO_SOURCE_MATRIX.csv,PATH_CLASSIFICATION: candidate_or_draft,CANONICAL_OR_CURRENT_INFERRED
STALE_DRAFT_HISTORICAL_OR_SUPERSEDED_TEXT,REVIEW_CLASSIFICATION,governance/implementation/code-guides/drafting/CGP-006/WAVE_1_CANDIDATE_DRAFTING_V1/traceability/CGP_006_WAVE_1_CROSS_GUIDE_CONFLICT_REGISTER.csv,"conflict_record_id,source_ids,affected_guides,conflict_type,status,candidate_treatment,blocks_candidate_drafting,founder_decision_requirement,implementation_status | CGCON-0001,CGSRC-ARCH-0021;CGSRC-GOV-0018,ES-CG-01;ES-CG-13,CANDIDATE_VERSUS_ADOPTED,NON_BLOCK",CANONICAL_OR_CURRENT_INFERRED
STALE_DRAFT_HISTORICAL_OR_SUPERSEDED_TEXT,REVIEW_CLASSIFICATION,governance/implementation/code-guides/drafting/CGP-006/WAVE_1_CANDIDATE_DRAFTING_V1/traceability/CGP_006_WAVE_1_CROSS_GUIDE_DEPENDENCY_MATRIX.csv,"CGP006-W1-DEP-0001,ES-CG-00,NONE,NONE,ES_CG_00_COMPLETE_CANDIDATE_DRAFT_INTERNAL_VALIDATION_PASS,PASS,ES-CG-01;ES-CG-13;ES-CG-10,Foundational Wave 1 candidate guide; no upstream guide dependency.,NONE,ES_CG_00_STRUCTURED | CGP006-W1-DEP-0002,ES-CG-01,ES-CG-00,",CANONICAL_OR_CURRENT_INFERRED
STALE_DRAFT_HISTORICAL_OR_SUPERSEDED_TEXT,REVIEW_CLASSIFICATION,governance/implementation/code-guides/drafting/CGP-006/WAVE_1_CANDIDATE_DRAFTING_V1/traceability/CGP_006_WAVE_1_GAP_TO_GUIDE_MATRIX.csv,"identifier,guide_identifier,status,current_blocking_status,founder_decision_requirement | CGP005-TA-APP-GAP-0001,ES-CG-00,RETAINED_OPEN_GAP,NON_BLOCKING_FOR_CANDIDATE_DRAFTING,REQUIRED_BEFORE_ADOPTION_OR_ACTIVATION | CGP005-TA-APP-GAP-0001,ES-CG-01,RETAINED_OP",CANONICAL_OR_CURRENT_INFERRED
STALE_DRAFT_HISTORICAL_OR_SUPERSEDED_TEXT,REVIEW_CLASSIFICATION,governance/implementation/code-guides/drafting/CGP-006/WAVE_1_CANDIDATE_DRAFTING_V1/traceability/CGP_006_WAVE_1_GUIDE_TO_SOURCE_MATRIX.csv,"guide_identifier,normative_row_id,source_id,source_or_document_id,repository_path,source_class,authority_status,classification_status,candidate_use,implementation_status | ES-CG-00,CGP006-NR-0001,CGSRC-GOV-0002,CGP005-NF-ES-CG-00-0001,docs/canon/registries/CAN",CANONICAL_OR_CURRENT_INFERRED
STALE_DRAFT_HISTORICAL_OR_SUPERSEDED_TEXT,REVIEW_CLASSIFICATION,governance/implementation/code-guides/drafting/CGP-006/WAVE_1_CANDIDATE_DRAFTING_V1/traceability/CGP_006_WAVE_1_INVARIANT_TO_SOURCE_MATRIX.csv,PATH_CLASSIFICATION: candidate_or_draft,CANONICAL_OR_CURRENT_INFERRED
STALE_DRAFT_HISTORICAL_OR_SUPERSEDED_TEXT,REVIEW_CLASSIFICATION,governance/implementation/code-guides/drafting/CGP-006/WAVE_1_CANDIDATE_DRAFTING_V1/traceability/CGP_006_WAVE_1_MANDATORY_QUESTION_TO_SOURCE_MATRIX.csv,PATH_CLASSIFICATION: candidate_or_draft,CANONICAL_OR_CURRENT_INFERRED
STALE_DRAFT_HISTORICAL_OR_SUPERSEDED_TEXT,REVIEW_CLASSIFICATION,governance/implementation/code-guides/drafting/CGP-006/WAVE_1_CANDIDATE_DRAFTING_V1/traceability/CGP_006_WAVE_1_NORMATIVE_ROW_DISPOSITION_MATRIX.csv,"CGP006-NR-0001,ES-CG-00,CGSRC-GOV-0002,USED,ES-CG-00-CTRL-0001;ES-CG-00-CTRL-0002;ES-CG-00-CTRL-0003;ES-CG-00-CTRL-0004;ES-CG-00-CTRL-0005,ES-CG-00-INV-0001;ES-CG-00-INV-0002;ES-CG-00-INV-0003;ES-CG-00-INV-0004;ES-CG-00- | CGP006-NR-0002,ES-CG-00,CGSRC-GOV-000",CANONICAL_OR_CURRENT_INFERRED
STALE_DRAFT_HISTORICAL_OR_SUPERSEDED_TEXT,REVIEW_CLASSIFICATION,governance/implementation/code-guides/drafting/CGP-006/WAVE_1_CANDIDATE_DRAFTING_V1/traceability/CGP_006_WAVE_1_REFERENCE_CORPUS_USE_REGISTER.csv,"classification_record_id,source_or_document_id,source_id,repository_path,title,primary_guide_family,related_guide_families,source_freeze_status,primary_classification,candidate_use,mandatory_authority,source_promotion_st | CGP006-CL-0019,CGP005-RC-0019,CGSRC-A",SUPERSEDED_OR_SUPERSESSION_TEXT_PRESENT
STALE_DRAFT_HISTORICAL_OR_SUPERSEDED_TEXT,REVIEW_CLASSIFICATION,governance/implementation/code-guides/drafting/CGP-006/WAVE_1_CANDIDATE_DRAFTING_V1/traceability/CGP_006_WAVE_1_SOURCE_TO_GUIDE_MATRIX.csv,"source_id,source_or_document_id,normative_row_id,guide_identifier,candidate_use,source_class,authority_status | CGSRC-GOV-0002,CGP005-NF-ES-CG-00-0001,CGP006-NR-0001,ES-CG-00,USED,ADOPTED_GOVERNANCE,CONTROLLING | CGSRC-GOV-0003,CGP005-NF-ES-CG-00-0002,CGP006-N",CANONICAL_OR_CURRENT_INFERRED
STALE_DRAFT_HISTORICAL_OR_SUPERSEDED_TEXT,REVIEW_CLASSIFICATION,governance/implementation/code-guides/drafting/CGP-006/WAVE_1_CANDIDATE_DRAFTING_V1/traceability/CGP_006_WAVE_1_WARNING_TO_GUIDE_MATRIX.csv,"identifier,guide_identifier,status,current_blocking_status,founder_decision_requirement | CGP006-CLF-0001,ES-CG-10,RETAINED_NON_BLOCKING_WARNING,NON_BLOCKING_FOR_CANDIDATE_DRAFTING,REQUIRED_BEFORE_ADOPTION_OR_ACTIVATION | CGP006-CLF-0002,ES-CG-00,RETAINED_NON_",CANONICAL_OR_CURRENT_INFERRED
STALE_DRAFT_HISTORICAL_OR_SUPERSEDED_TEXT,REVIEW_CLASSIFICATION,governance/implementation/code-guides/drafting/CGP-006/WAVE_1_V1_1_ADOPTION_AUTHORITY_RECONCILIATION/ADOPTION_ASSERTION_INVENTORY.csv,PATH_CLASSIFICATION: candidate_or_draft,CANONICAL_OR_CURRENT_INFERRED
STALE_DRAFT_HISTORICAL_OR_SUPERSEDED_TEXT,REVIEW_CLASSIFICATION,governance/implementation/code-guides/drafting/CGP-006/WAVE_1_V1_1_ADOPTION_AUTHORITY_RECONCILIATION/AUTHORITY_BOUNDARY_REPORT.md,- Retained-warning closure: `NOT_AUTHORIZED` | PATH_CLASSIFICATION: candidate_or_draft,HISTORICAL_DUPLICATE_DRAFT_OR_PREDECESSOR_INFERRED
STALE_DRAFT_HISTORICAL_OR_SUPERSEDED_TEXT,REVIEW_CLASSIFICATION,governance/implementation/code-guides/drafting/CGP-006/WAVE_1_V1_1_ADOPTION_AUTHORITY_RECONCILIATION/AUTHORITY_PRECEDENCE_AND_NON_RETROACTIVITY_RULE.md,2. Actions documented under PR #42's documentary authority remain historical facts. | 6. Historical evidence shall not be altered to create the appearance that PR #42 never existed. | `HISTORICAL_AUTHORITY_PRESERVED_CURRENT_V1_1_ADOPTION_EFFECT_NOT_CARRIED_FOR,CANONICAL_OR_CURRENT_INFERRED
STALE_DRAFT_HISTORICAL_OR_SUPERSEDED_TEXT,REVIEW_CLASSIFICATION,governance/implementation/code-guides/drafting/CGP-006/WAVE_1_V1_1_ADOPTION_AUTHORITY_RECONCILIATION/AUTHORIZED_PATH_REPORT.md,| `governance/implementation/code-guides/registers/CODE_GUIDE_AUTHORITY_REGISTER.csv` | Pending-custody authority reconciliation row. | | | `governance/implementation/code-guides/drafting/CGP-006/WAVE_1_V1_1_ADOPTION_AUTHORITY_RECONCILIATION/` | Required recon,HISTORICAL_DUPLICATE_DRAFT_OR_PREDECESSOR_INFERRED
STALE_DRAFT_HISTORICAL_OR_SUPERSEDED_TEXT,REVIEW_CLASSIFICATION,governance/implementation/code-guides/drafting/CGP-006/WAVE_1_V1_1_ADOPTION_AUTHORITY_RECONCILIATION/CHECKSUM_MANIFEST.sha256,7e1da07a94fb63459613bdf70f7d4302300aef3fe347879ec1752fb4115cf22a FOUNDER_ADOPTION_AUTHORITY_DISPOSITION.md | f1fe0c240e4e6d1ec01e69dc1c53de658025be9c93077a71546d3d8a68c9952c HISTORICAL_RECORD_PRESERVATION_REPORT.md | ba0fe350dfcf7374304905f0d0903a829622a664ddc,HISTORICAL_DUPLICATE_DRAFT_OR_PREDECESSOR_INFERRED
STALE_DRAFT_HISTORICAL_OR_SUPERSEDED_TEXT,REVIEW_CLASSIFICATION,governance/implementation/code-guides/drafting/CGP-006/WAVE_1_V1_1_ADOPTION_AUTHORITY_RECONCILIATION/CURRENT_STATUS_CHANGE_REPORT.md,| `README.md` | Added a concise Wave 1 adoption authority section preserving PR #42 historically while recording current V1.1 `NOT_ADOPTED` / `NOT_ACTIVE` state. | | | `registers/CODE_GUIDE_AUTHORITY_REGISTER.csv` | Added `CGP-V11-AUTH-0005` as `ADOPTION_AUTHO,CANONICAL_OR_CURRENT_INFERRED
STALE_DRAFT_HISTORICAL_OR_SUPERSEDED_TEXT,REVIEW_CLASSIFICATION,governance/implementation/code-guides/drafting/CGP-006/WAVE_1_V1_1_ADOPTION_AUTHORITY_RECONCILIATION/DIRECTIVE_EXECUTION_RECORD.md,| Founder authorization date | `2026-07-28` | | | Controlling program plan | `ES-CODE-GUIDE-CREATION-REVIEW-ASSURANCE-PLAN-V1.1` | | | Current adoption state | `NOT_ADOPTED` | | | Current affected-guide adoption state | `NOT_ADOPTED` | | PATH_CLASSIFICATION: c,CANONICAL_OR_CURRENT_INFERRED
STALE_DRAFT_HISTORICAL_OR_SUPERSEDED_TEXT,REVIEW_CLASSIFICATION,governance/implementation/code-guides/drafting/CGP-006/WAVE_1_V1_1_ADOPTION_AUTHORITY_RECONCILIATION/FOUNDER_ADOPTION_AUTHORITY_DISPOSITION.md,# Founder Adoption Authority Disposition | **Disposition:** `FOUNDER_APPROVED_ADOPTION_AUTHORITY_RECONCILIATION_PENDING_PROTECTED_INTEGRATION_AND_CUSTODY` | - Controlling V1.1 plan: `ES-CODE-GUIDE-CREATION-REVIEW-ASSURANCE-PLAN-V1.1` | - Historical PR #42 fina,CANONICAL_OR_CURRENT_INFERRED
STALE_DRAFT_HISTORICAL_OR_SUPERSEDED_TEXT,REVIEW_CLASSIFICATION,governance/implementation/code-guides/drafting/CGP-006/WAVE_1_V1_1_ADOPTION_AUTHORITY_RECONCILIATION/GUIDE_ADOPTION_STATE_MATRIX.csv,"guide_id,guide_title,historical_pre_v1_1_treatment,current_v1_1_adoption,activation,activation_effective_date,implementation_mapping,implementation,notes | ES-CG-00,Code Guide Charter,Conditional adoption preserved historically,NOT_ADOPTED,NOT_ACTIVE,NONE,NOT_",CANONICAL_OR_CURRENT_INFERRED
STALE_DRAFT_HISTORICAL_OR_SUPERSEDED_TEXT,REVIEW_CLASSIFICATION,governance/implementation/code-guides/drafting/CGP-006/WAVE_1_V1_1_ADOPTION_AUTHORITY_RECONCILIATION/HISTORICAL_RECORD_PRESERVATION_REPORT.md,"# Historical Record Preservation Report | Historical PR #42 package files, Founder adoption records, manifests, checksum ledgers, review dispositions, custody receipts, metadata reconciliation records, dated reports, and prior handoff documents are preserved u",CANONICAL_OR_CURRENT_INFERRED
STALE_DRAFT_HISTORICAL_OR_SUPERSEDED_TEXT,REVIEW_CLASSIFICATION,governance/implementation/code-guides/drafting/CGP-006/WAVE_1_V1_1_ADOPTION_AUTHORITY_RECONCILIATION/PACKAGE_MANIFEST.json,"""path"": ""FOUNDER_ADOPTION_AUTHORITY_DISPOSITION.md"", | ""path"": ""HISTORICAL_RECORD_PRESERVATION_REPORT.md"", | ""path"": ""PR_42_HISTORICAL_AUTHORITY_ANALYSIS.md"", | PATH_CLASSIFICATION: candidate_or_draft",HISTORICAL_DUPLICATE_DRAFT_OR_PREDECESSOR_INFERRED
STALE_DRAFT_HISTORICAL_OR_SUPERSEDED_TEXT,REVIEW_CLASSIFICATION,governance/implementation/code-guides/drafting/CGP-006/WAVE_1_V1_1_ADOPTION_AUTHORITY_RECONCILIATION/PR_42_HISTORICAL_AUTHORITY_ANALYSIS.md,"# PR #42 Historical Authority Analysis | PR #42 was merged with final head `83d8e3af9afa50a55af4b679016c2568c6d3c61d` and merge commit `db4984ee8781534c8ad8731f89c7a882013cb592`. Its PR body recorded conditional portfolio adoption for `ES-CG-00`, `ES-CG-01`, `",CANONICAL_OR_CURRENT_INFERRED
STALE_DRAFT_HISTORICAL_OR_SUPERSEDED_TEXT,REVIEW_CLASSIFICATION,governance/implementation/code-guides/drafting/CGP-006/WAVE_1_V1_1_ADOPTION_AUTHORITY_RECONCILIATION/README.md,**Package path:** `governance/implementation/code-guides/drafting/CGP-006/WAVE_1_V1_1_ADOPTION_AUTHORITY_RECONCILIATION/` | This package records the Founder-approved reconciliation between PR #42's historical pre-V1.1 conditional-adoption authority and the cur,HISTORICAL_DUPLICATE_DRAFT_OR_PREDECESSOR_INFERRED
STALE_DRAFT_HISTORICAL_OR_SUPERSEDED_TEXT,REVIEW_CLASSIFICATION,governance/implementation/code-guides/drafting/CGP-006/WAVE_1_V1_1_ADOPTION_AUTHORITY_RECONCILIATION/REVIEW_DISPOSITION.md,"`CGP_006_WAVE_1_V1_1_ADOPTION_AUTHORITY_RECONCILIATION_PROTECTEDLY_MERGED_PENDING_CUSTODY` | The reconciliation package is approved for protected integration when validation passes. It preserves PR #42 as historical pre-V1.1 conditional-adoption authority, est",HISTORICAL_DUPLICATE_DRAFT_OR_PREDECESSOR_INFERRED
STALE_DRAFT_HISTORICAL_OR_SUPERSEDED_TEXT,REVIEW_CLASSIFICATION,governance/implementation/code-guides/drafting/CGP-006/WAVE_1_V1_1_ADOPTION_AUTHORITY_RECONCILIATION/SOURCE_REGISTER.md,| `CGP_006_WAVE_1_V1_1_ADOPTION_AUTHORITY_RECONCILIATION_DIRECTIVE_V1_0_0` | `FOUNDER_DIRECTIVE` | Controlling directive for this reconciliation package. | | | PR #42 | `HISTORICAL_PRE_V1_1_AUTHORITY` | Historical conditional-adoption lineage preserved. | | | ,HISTORICAL_DUPLICATE_DRAFT_OR_PREDECESSOR_INFERRED
STALE_DRAFT_HISTORICAL_OR_SUPERSEDED_TEXT,REVIEW_CLASSIFICATION,governance/implementation/code-guides/drafting/CGP-006/WAVE_1_V1_1_ADOPTION_AUTHORITY_RECONCILIATION/tests/test_adoption_authority_reconciliation.py,"VALIDATOR = ROOT / ""governance/implementation/code-guides/drafting/CGP-006/WAVE_1_V1_1_ADOPTION_AUTHORITY_RECONCILIATION/validators/validate_adoption_authority_reconciliation.py"" | def test_fails_when_guide_marked_v1_1_adopted(self) -> None: | rows = [{""record",CANONICAL_OR_CURRENT_INFERRED
STALE_DRAFT_HISTORICAL_OR_SUPERSEDED_TEXT,REVIEW_CLASSIFICATION,governance/implementation/code-guides/drafting/CGP-006/WAVE_1_V1_1_ADOPTION_AUTHORITY_RECONCILIATION/V1_1_ADOPTION_STATE_RECONCILIATION.md,"The controlling V1.1 records state that all four affected guides remain `NOT_ADOPTED` and `NOT_ACTIVE`. The current repository has no activation effective date for those guides, no repository-specific implementation mapp | | `ES-CG-00` | `NOT_ADOPTED` | `NOT_A",CANONICAL_OR_CURRENT_INFERRED
STALE_DRAFT_HISTORICAL_OR_SUPERSEDED_TEXT,REVIEW_CLASSIFICATION,governance/implementation/code-guides/drafting/CGP-006/WAVE_1_V1_1_ADOPTION_AUTHORITY_RECONCILIATION/VALIDATION_REPORT.md,PYTHONDONTWRITEBYTECODE=1 python3 governance/implementation/code-guides/drafting/CGP-006/WAVE_1_V1_1_ADOPTION_AUTHORITY_RECONCILIATION/validators/validate_adoption_authority_reconciliation.py | PYTHONDONTWRITEBYTECODE=1 python3 -m unittest discover -s governan,HISTORICAL_DUPLICATE_DRAFT_OR_PREDECESSOR_INFERRED
STALE_DRAFT_HISTORICAL_OR_SUPERSEDED_TEXT,REVIEW_CLASSIFICATION,governance/implementation/code-guides/drafting/CGP-006/WAVE_1_V1_1_ADOPTION_AUTHORITY_RECONCILIATION/validators/validate_adoption_authority_reconciliation.py,"PACKAGE_REL = Path(""governance/implementation/code-guides/drafting/CGP-006/WAVE_1_V1_1_ADOPTION_AUTHORITY_RECONCILIATION"") | ""FOUNDER_ADOPTION_AUTHORITY_DISPOSITION.md"", | ""PR_42_HISTORICAL_AUTHORITY_ANALYSIS.md"", | ""HISTORICAL_RECORD_PRESERVATION_REPORT.md"", ",CANONICAL_OR_CURRENT_INFERRED
STALE_DRAFT_HISTORICAL_OR_SUPERSEDED_TEXT,REVIEW_CLASSIFICATION,governance/implementation/code-guides/drafting/CGP-006/WAVE_1_V1_1_GUIDE_COMPLETION_AND_ADOPTION_CANDIDATE_PREPARATION/ADOPTION_CANDIDATE_BYTE_FREEZE_REPORT.md,# Adoption Candidate Byte Freeze Report | **Directive ID:** `CGP_006_WAVE_1_V1_1_STAGE_22_FOUNDER_ADOPTION_AND_STAGE_23_PROTECTED_ACCESSION_DIRECTIVE_V1_0_0` | The four substantive V1.1 adoption-candidate guide files were frozen before Stage 22 disposition inc,CANONICAL_OR_CURRENT_INFERRED
STALE_DRAFT_HISTORICAL_OR_SUPERSEDED_TEXT,REVIEW_CLASSIFICATION,governance/implementation/code-guides/drafting/CGP-006/WAVE_1_V1_1_GUIDE_COMPLETION_AND_ADOPTION_CANDIDATE_PREPARATION/ADOPTION_CANDIDATE_BYTE_FREEZE.json,"""directive_id"": ""CGP_006_WAVE_1_V1_1_STAGE_22_FOUNDER_ADOPTION_AND_STAGE_23_PROTECTED_ACCESSION_DIRECTIVE_V1_0_0"", | ""source_path"": ""governance/implementation/code-guides/drafting/CGP-006/WAVE_1_V1_1_GUIDE_COMPLETION_AND_ADOPTION_CANDIDATE_PREPARATION/guides/E",CANONICAL_OR_CURRENT_INFERRED
STALE_DRAFT_HISTORICAL_OR_SUPERSEDED_TEXT,REVIEW_CLASSIFICATION,governance/implementation/code-guides/drafting/CGP-006/WAVE_1_V1_1_GUIDE_COMPLETION_AND_ADOPTION_CANDIDATE_PREPARATION/ADOPTION_CANDIDATE_READINESS_MATRIX.csv,"guide_id,guide_title,stage_21_readiness_result,current_v1_1_adoption_state,activation_state,activation_effective_date,assurance_class,documentary_evidence_grade,implementation_evidence_grade,runtime_evidence_grade,open_f | ES-CG-00,Code Guide Charter,ADOPTION_",CANONICAL_OR_CURRENT_INFERRED
STALE_DRAFT_HISTORICAL_OR_SUPERSEDED_TEXT,REVIEW_CLASSIFICATION,governance/implementation/code-guides/drafting/CGP-006/WAVE_1_V1_1_GUIDE_COMPLETION_AND_ADOPTION_CANDIDATE_PREPARATION/ADVERSARIAL_REVIEW_REPORT.md,"Stage 17 attempted to bypass controls, misuse exceptions, assert completion without evidence, present planning as implementation, activate without authority, silently skip validation, close GAP-0004, close retained warni | | ES-CG-00 | DOCUMENTARY_ADVERSARIAL_",CANONICAL_OR_CURRENT_INFERRED
STALE_DRAFT_HISTORICAL_OR_SUPERSEDED_TEXT,REVIEW_CLASSIFICATION,governance/implementation/code-guides/drafting/CGP-006/WAVE_1_V1_1_GUIDE_COMPLETION_AND_ADOPTION_CANDIDATE_PREPARATION/ASSURANCE_REVIEW_REPORT.md,| ES-CG-00 | A3 HIGH | E3 REPEATABLE | E0 ABSENT | E0 ABSENT | READY_FOR_FOUNDER_ADOPTION_DISPOSITION_WITH_CONDITIONS | INDEPENDENT_TECHNICAL_REVIEW_NOT_AVAILABLE;HUMAN_DOMAIN_EXPERT_APPROVAL_NOT_OBTAINED;GAP_0004_REMAIN | | ES-CG-01 | A3 HIGH | E3 REPEATABLE ,CANONICAL_OR_CURRENT_INFERRED
STALE_DRAFT_HISTORICAL_OR_SUPERSEDED_TEXT,REVIEW_CLASSIFICATION,governance/implementation/code-guides/drafting/CGP-006/WAVE_1_V1_1_GUIDE_COMPLETION_AND_ADOPTION_CANDIDATE_PREPARATION/ATLAS_TRACEABILITY_MASTER_REGISTER.csv,"W1-V11-ATL-ES-CG-00-CTRL-0001,ES-CG-00,CONTROL,ES-CG-00-CTRL-0001,governance/implementation/code-guides/guides/ES-CG-00/source-freeze/ES-CG-00_SOURCE_FREEZE_REGISTER.csv,CGSRC-ATLAS-0006,CGP006-NR-0001,FROZEN_NORMATIVE_S | W1-V11-ATL-ES-CG-00-CTRL-0002,ES-CG-0",CANONICAL_OR_CURRENT_INFERRED
STALE_DRAFT_HISTORICAL_OR_SUPERSEDED_TEXT,REVIEW_CLASSIFICATION,governance/implementation/code-guides/drafting/CGP-006/WAVE_1_V1_1_GUIDE_COMPLETION_AND_ADOPTION_CANDIDATE_PREPARATION/AUTHOR_SELF_REVIEW_REPORT.md,"Stage 13 author self-review checked completeness, source fidelity, control language, invariant coverage, ambiguity, internal references, unresolved decisions, evidence claims, and authority boundaries. | | ES-CG-00 | ADOPTION_CANDIDATE_COMPLETE_WITH_CONDITIONS",CANONICAL_OR_CURRENT_INFERRED
STALE_DRAFT_HISTORICAL_OR_SUPERSEDED_TEXT,REVIEW_CLASSIFICATION,governance/implementation/code-guides/drafting/CGP-006/WAVE_1_V1_1_GUIDE_COMPLETION_AND_ADOPTION_CANDIDATE_PREPARATION/AUTHORITY_BOUNDARY_REPORT.md,"This package exercises only `DOCUMENTARY_V1_1_GUIDE_COMPLETION_REVIEW_ASSURANCE_AND_ADOPTION_CANDIDATE_PREPARATION_ONLY` authority for Stages 3 through 21. | Prohibited: Stage 22 adoption, Stage 23 repository accession, Stage 24 activation, activation effectiv",HISTORICAL_DUPLICATE_DRAFT_OR_PREDECESSOR_INFERRED
STALE_DRAFT_HISTORICAL_OR_SUPERSEDED_TEXT,REVIEW_CLASSIFICATION,governance/implementation/code-guides/drafting/CGP-006/WAVE_1_V1_1_GUIDE_COMPLETION_AND_ADOPTION_CANDIDATE_PREPARATION/AUTHORIZED_PATH_REPORT.md,"governance/implementation/code-guides/drafting/CGP-006/WAVE_1_V1_1_GUIDE_COMPLETION_AND_ADOPTION_CANDIDATE_PREPARATION/ | All generated package artifacts, validators, tests, and fixtures are contained under this root. The directive prohibits changes to `PROGRA",HISTORICAL_DUPLICATE_DRAFT_OR_PREDECESSOR_INFERRED
STALE_DRAFT_HISTORICAL_OR_SUPERSEDED_TEXT,REVIEW_CLASSIFICATION,governance/implementation/code-guides/drafting/CGP-006/WAVE_1_V1_1_GUIDE_COMPLETION_AND_ADOPTION_CANDIDATE_PREPARATION/CHECKSUM_MANIFEST.sha256,28a20c36332e028d5aa5f08fe446075f2d28d9bebd4ead097c44112a3a84c1cc ADOPTION_CANDIDATE_BYTE_FREEZE.json | c8b6a6a09fe5f87d178ca13d22e4962104ecc25a554d3ba0f2e6bb7cc6975ff6 ADOPTION_CANDIDATE_BYTE_FREEZE_REPORT.md | 4d0956205175315fed55225ba7316aad7695963815138b57a,HISTORICAL_DUPLICATE_DRAFT_OR_PREDECESSOR_INFERRED
STALE_DRAFT_HISTORICAL_OR_SUPERSEDED_TEXT,REVIEW_CLASSIFICATION,governance/implementation/code-guides/drafting/CGP-006/WAVE_1_V1_1_GUIDE_COMPLETION_AND_ADOPTION_CANDIDATE_PREPARATION/CONTROL_MASTER_REGISTER.csv,"ES-CG-00-CTRL-0001,ES-CG-00,Candidate Charter Authority Boundary,""For the V1.1 draft adoption-candidate ES-CG-00 text, charter authority boundary must be applied only within the Code Guide Framework And Charter candidate | ES-CG-00-CTRL-0002,ES-CG-00,Candidate",CANONICAL_OR_CURRENT_INFERRED
STALE_DRAFT_HISTORICAL_OR_SUPERSEDED_TEXT,REVIEW_CLASSIFICATION,governance/implementation/code-guides/drafting/CGP-006/WAVE_1_V1_1_GUIDE_COMPLETION_AND_ADOPTION_CANDIDATE_PREPARATION/CROSS_GUIDE_RECONCILIATION_REPORT.md,"| ES-CG-00 | NO_OPEN_P0_OR_P1_CROSS_GUIDE_CONFLICT | Dependencies and control/invariant references resolve across the four Wave 1 guides. | Retained conditions, warnings, and GAP-0004 remain visible. | | | ES-CG-01 | NO_OPEN_P0_OR_P1_CROSS_GUIDE_CONFLICT | Dep",CANONICAL_OR_CURRENT_INFERRED
STALE_DRAFT_HISTORICAL_OR_SUPERSEDED_TEXT,REVIEW_CLASSIFICATION,governance/implementation/code-guides/drafting/CGP-006/WAVE_1_V1_1_GUIDE_COMPLETION_AND_ADOPTION_CANDIDATE_PREPARATION/DIRECTIVE_EXECUTION_RECORD.md,| Directive ID | `CGP_006_WAVE_1_V1_1_GUIDE_COMPLETION_AND_ADOPTION_CANDIDATE_PREPARATION_DIRECTIVE_V1_0_0` | | | Founder authorization date | `2026-07-28` | | | Work branch | `codex/cgp-006-wave1-v1-1-guide-completion-adoption-candidate-v1` | | | Required sto,HISTORICAL_DUPLICATE_DRAFT_OR_PREDECESSOR_INFERRED
STALE_DRAFT_HISTORICAL_OR_SUPERSEDED_TEXT,REVIEW_CLASSIFICATION,governance/implementation/code-guides/drafting/CGP-006/WAVE_1_V1_1_GUIDE_COMPLETION_AND_ADOPTION_CANDIDATE_PREPARATION/DOMAIN_AND_WORKFLOW_REVIEW_REPORT.md,PATH_CLASSIFICATION: candidate_or_draft,CANONICAL_OR_CURRENT_INFERRED
STALE_DRAFT_HISTORICAL_OR_SUPERSEDED_TEXT,REVIEW_CLASSIFICATION,governance/implementation/code-guides/drafting/CGP-006/WAVE_1_V1_1_GUIDE_COMPLETION_AND_ADOPTION_CANDIDATE_PREPARATION/FOUNDER_REVIEW_SUMMARY.md,# Founder Review Summary | **Portfolio readiness accepted:** `CGP_006_WAVE_1_V1_1_GUIDES_COMPLETE_READY_FOR_FOUNDER_ADOPTION_DISPOSITION_WITH_CONDITIONS` | **Founder disposition:** `FOUNDER_APPROVED_STAGE_22_ADOPTION_PENDING_PROTECTED_ACCESSION_AND_CUSTODY` | ,HISTORICAL_DUPLICATE_DRAFT_OR_PREDECESSOR_INFERRED
STALE_DRAFT_HISTORICAL_OR_SUPERSEDED_TEXT,REVIEW_CLASSIFICATION,governance/implementation/code-guides/drafting/CGP-006/WAVE_1_V1_1_GUIDE_COMPLETION_AND_ADOPTION_CANDIDATE_PREPARATION/FOUNDER_STAGE_22_ADOPTION_DISPOSITION.md,# Founder Stage 22 Adoption Disposition | **Directive ID:** `CGP_006_WAVE_1_V1_1_STAGE_22_FOUNDER_ADOPTION_AND_STAGE_23_PROTECTED_ACCESSION_DIRECTIVE_V1_0_0` | **Portfolio readiness accepted:** `CGP_006_WAVE_1_V1_1_GUIDES_COMPLETE_READY_FOR_FOUNDER_ADOPTION_DI,CANONICAL_OR_CURRENT_INFERRED
STALE_DRAFT_HISTORICAL_OR_SUPERSEDED_TEXT,REVIEW_CLASSIFICATION,governance/implementation/code-guides/drafting/CGP-006/WAVE_1_V1_1_GUIDE_COMPLETION_AND_ADOPTION_CANDIDATE_PREPARATION/guides/ES-CG-00/ADOPTION_CANDIDATE_CHECKLIST.md,# ES-CG-00 Adoption-Candidate Checklist | | Stage 4 mandatory questions | PASS_WITH_RETAINED_CONDITIONS | MANDATORY_QUESTION_RESPONSES.csv | | | Stage 12 machine validation | PASS_PENDING_FINAL_REPORT | ../../MACHINE_VALIDATION_REPORT.md | | | Stage 17 adversa,CANONICAL_OR_CURRENT_INFERRED
STALE_DRAFT_HISTORICAL_OR_SUPERSEDED_TEXT,REVIEW_CLASSIFICATION,governance/implementation/code-guides/drafting/CGP-006/WAVE_1_V1_1_GUIDE_COMPLETION_AND_ADOPTION_CANDIDATE_PREPARATION/guides/ES-CG-00/ADVERSARIAL_REVIEW.md,"| ES-CG-00 | DOCUMENTARY_ADVERSARIAL_REVIEW_COMPLETE_NO_OPEN_P0_P1 | False adoption, false activation, evidence overclaim, silent skip, PR #42 Stage 22 misuse, and prohibited mapping attacks checked. | P2/P3 retained con | PATH_CLASSIFICATION: candidate_or_dra",CANONICAL_OR_CURRENT_INFERRED
STALE_DRAFT_HISTORICAL_OR_SUPERSEDED_TEXT,REVIEW_CLASSIFICATION,governance/implementation/code-guides/drafting/CGP-006/WAVE_1_V1_1_GUIDE_COMPLETION_AND_ADOPTION_CANDIDATE_PREPARATION/guides/ES-CG-00/ASSURANCE_CLASSIFICATION.md,PATH_CLASSIFICATION: candidate_or_draft,CANONICAL_OR_CURRENT_INFERRED
STALE_DRAFT_HISTORICAL_OR_SUPERSEDED_TEXT,REVIEW_CLASSIFICATION,governance/implementation/code-guides/drafting/CGP-006/WAVE_1_V1_1_GUIDE_COMPLETION_AND_ADOPTION_CANDIDATE_PREPARATION/guides/ES-CG-00/ATLAS_TRACEABILITY.csv,"W1-V11-ATL-ES-CG-00-CTRL-0001,ES-CG-00,CONTROL,ES-CG-00-CTRL-0001,governance/implementation/code-guides/guides/ES-CG-00/source-freeze/ES-CG-00_SOURCE_FREEZE_REGISTER.csv,CGSRC-ATLAS-0006,CGP006-NR-0001,FROZEN_NORMATIVE_S | W1-V11-ATL-ES-CG-00-CTRL-0002,ES-CG-0",CANONICAL_OR_CURRENT_INFERRED
STALE_DRAFT_HISTORICAL_OR_SUPERSEDED_TEXT,REVIEW_CLASSIFICATION,governance/implementation/code-guides/drafting/CGP-006/WAVE_1_V1_1_GUIDE_COMPLETION_AND_ADOPTION_CANDIDATE_PREPARATION/guides/ES-CG-00/AUTHOR_SELF_REVIEW.md,"| ES-CG-00 | COMPLETE_DOCUMENTARY | Source fidelity, completeness, control language, invariant mapping, references, and authority boundary checked. | Open findings retained; no adoption or activation. | | PATH_CLASSIFICATION: candidate_or_draft",CANONICAL_OR_CURRENT_INFERRED
STALE_DRAFT_HISTORICAL_OR_SUPERSEDED_TEXT,REVIEW_CLASSIFICATION,governance/implementation/code-guides/drafting/CGP-006/WAVE_1_V1_1_GUIDE_COMPLETION_AND_ADOPTION_CANDIDATE_PREPARATION/guides/ES-CG-00/CONTROL_CATALOG.csv,"ES-CG-00-CTRL-0001,ES-CG-00,Candidate Charter Authority Boundary,""For the V1.1 draft adoption-candidate ES-CG-00 text, charter authority boundary must be applied only within the Code Guide Framework And Charter candidate | ES-CG-00-CTRL-0002,ES-CG-00,Candidate",CANONICAL_OR_CURRENT_INFERRED
STALE_DRAFT_HISTORICAL_OR_SUPERSEDED_TEXT,REVIEW_CLASSIFICATION,governance/implementation/code-guides/drafting/CGP-006/WAVE_1_V1_1_GUIDE_COMPLETION_AND_ADOPTION_CANDIDATE_PREPARATION/guides/ES-CG-00/CURRENT_STATE_ASSESSMENT.md,| W1-V11-CSA-ES-CG-00-01 | ES-CG-00 | historical_guide_text | HISTORICAL_CONTEXT_ONLY | Historical guide/candidate bytes remain preserved and are not rewritten. | Founder Stage 22 disposition or separate implementation/r | | W1-V11-CSA-ES-CG-00-02 | ES-CG-00 |,CANONICAL_OR_CURRENT_INFERRED
STALE_DRAFT_HISTORICAL_OR_SUPERSEDED_TEXT,REVIEW_CLASSIFICATION,governance/implementation/code-guides/drafting/CGP-006/WAVE_1_V1_1_GUIDE_COMPLETION_AND_ADOPTION_CANDIDATE_PREPARATION/guides/ES-CG-00/DOMAIN_WORKFLOW_REVIEW.md,PATH_CLASSIFICATION: candidate_or_draft,CANONICAL_OR_CURRENT_INFERRED
STALE_DRAFT_HISTORICAL_OR_SUPERSEDED_TEXT,REVIEW_CLASSIFICATION,governance/implementation/code-guides/drafting/CGP-006/WAVE_1_V1_1_GUIDE_COMPLETION_AND_ADOPTION_CANDIDATE_PREPARATION/guides/ES-CG-00/ES-CG-00_V1_1_ADOPTION_CANDIDATE.md,# ES-CG-00 V1.1 Draft Adoption Candidate: Code Guide Charter | **Directive ID:** `CGP_006_WAVE_1_V1_1_GUIDE_COMPLETION_AND_ADOPTION_CANDIDATE_PREPARATION_DIRECTIVE_V1_0_0` | **Stage 21 readiness:** `ADOPTION_CANDIDATE_COMPLETE_WITH_CONDITIONS` | **Current V1.1,CANONICAL_OR_CURRENT_INFERRED
STALE_DRAFT_HISTORICAL_OR_SUPERSEDED_TEXT,REVIEW_CLASSIFICATION,governance/implementation/code-guides/drafting/CGP-006/WAVE_1_V1_1_GUIDE_COMPLETION_AND_ADOPTION_CANDIDATE_PREPARATION/guides/ES-CG-00/IMPLEMENTER_USABILITY_REVIEW.md,PATH_CLASSIFICATION: candidate_or_draft,CANONICAL_OR_CURRENT_INFERRED
STALE_DRAFT_HISTORICAL_OR_SUPERSEDED_TEXT,REVIEW_CLASSIFICATION,governance/implementation/code-guides/drafting/CGP-006/WAVE_1_V1_1_GUIDE_COMPLETION_AND_ADOPTION_CANDIDATE_PREPARATION/guides/ES-CG-00/MANDATORY_QUESTION_RESPONSES.csv,"question_id,guide_id,question_text,v1_1_answer_status,answer,source,rationale,affected_controls,affected_invariants,evidence_grade,unresolved_dependency,required_future_authority | ES-CG-00-DQ-0001,ES-CG-00,Which frozen source classes must be cited by the char",HISTORICAL_DUPLICATE_DRAFT_OR_PREDECESSOR_INFERRED
STALE_DRAFT_HISTORICAL_OR_SUPERSEDED_TEXT,REVIEW_CLASSIFICATION,governance/implementation/code-guides/drafting/CGP-006/WAVE_1_V1_1_GUIDE_COMPLETION_AND_ADOPTION_CANDIDATE_PREPARATION/guides/ES-CG-00/OPEN_FINDINGS.csv,"finding_id,affected_guide,severity,title,finding_statement,risk,required_remediation_or_future_decision,owner,disposition,closure_evidence,reopening_trigger,current_status | W1-V11-FIND-0001,ES-CG-00,P2,INDEPENDENT_TECHNICAL_REVIEW_NOT_AVAILABLE,The execution ",CANONICAL_OR_CURRENT_INFERRED
STALE_DRAFT_HISTORICAL_OR_SUPERSEDED_TEXT,REVIEW_CLASSIFICATION,governance/implementation/code-guides/drafting/CGP-006/WAVE_1_V1_1_GUIDE_COMPLETION_AND_ADOPTION_CANDIDATE_PREPARATION/guides/ES-CG-00/OUTCOMES_AND_INVARIANTS.csv,"ES-CG-00-OUT-0001,ES-CG-00,""Code Guide Charter preserves Candidate Charter Authority Boundary as documentary, source-traceable guidance for future review."",""Treating this draft control as adopted, active, implemented, ru | ES-CG-00-OUT-0002,ES-CG-00,""Code Guid",CANONICAL_OR_CURRENT_INFERRED
STALE_DRAFT_HISTORICAL_OR_SUPERSEDED_TEXT,REVIEW_CLASSIFICATION,governance/implementation/code-guides/drafting/CGP-006/WAVE_1_V1_1_GUIDE_COMPLETION_AND_ADOPTION_CANDIDATE_PREPARATION/guides/ES-CG-00/QUALITY_USABILITY_ACCESSIBILITY_REQUIREMENTS.md,PATH_CLASSIFICATION: candidate_or_draft,HISTORICAL_DUPLICATE_DRAFT_OR_PREDECESSOR_INFERRED
STALE_DRAFT_HISTORICAL_OR_SUPERSEDED_TEXT,REVIEW_CLASSIFICATION,governance/implementation/code-guides/drafting/CGP-006/WAVE_1_V1_1_GUIDE_COMPLETION_AND_ADOPTION_CANDIDATE_PREPARATION/guides/ES-CG-00/REPOSITORY_RESPONSIBILITY_TRACEABILITY.csv,"W1-V11-RESP-ES-CG-00-CTRL-0001,ES-CG-00,ES-CG-00-CTRL-0001,Code Guide governance,Governance documentation and future review controls,EVIDENCE_AND_AUDIT_PROFILE;ADMINISTRATIVE_FEATURE_PROFILE,Code Guide drafting package,P | W1-V11-RESP-ES-CG-00-CTRL-0002,ES-CG-",CANONICAL_OR_CURRENT_INFERRED
STALE_DRAFT_HISTORICAL_OR_SUPERSEDED_TEXT,REVIEW_CLASSIFICATION,governance/implementation/code-guides/drafting/CGP-006/WAVE_1_V1_1_GUIDE_COMPLETION_AND_ADOPTION_CANDIDATE_PREPARATION/guides/ES-CG-00/REPRESENTATIVE_SCENARIO_VALIDATION.csv,"scenario_id,scenario_type,scenario_name,generic_profile,applicable_guides,applicable_controls,applicable_invariants,required_documentary_evidence,future_implementation_evidence,future_runtime_evidence,prohibited_actions, | W1-V11-SCEN-0001,DOCUMENTARY_WALKTHRO",CANONICAL_OR_CURRENT_INFERRED
STALE_DRAFT_HISTORICAL_OR_SUPERSEDED_TEXT,REVIEW_CLASSIFICATION,governance/implementation/code-guides/drafting/CGP-006/WAVE_1_V1_1_GUIDE_COMPLETION_AND_ADOPTION_CANDIDATE_PREPARATION/guides/ES-CG-00/RISK_MISUSE_ABUSE_FAILURE_ANALYSIS.csv,"risk_id,guide_id,risk_category,risk_title,risk_statement,control_id,invariant_id,verification_method,evidence_requirement,owner_class,residual_risk_treatment,severity,open_finding_link | W1-V11-RISK-ES_CG_00-0001,ES-CG-00,authority misuse,Candidate Charter Aut",CANONICAL_OR_CURRENT_INFERRED
STALE_DRAFT_HISTORICAL_OR_SUPERSEDED_TEXT,REVIEW_CLASSIFICATION,governance/implementation/code-guides/drafting/CGP-006/WAVE_1_V1_1_GUIDE_COMPLETION_AND_ADOPTION_CANDIDATE_PREPARATION/guides/ES-CG-00/TECHNICAL_REVIEW.md,PATH_CLASSIFICATION: candidate_or_draft,CANONICAL_OR_CURRENT_INFERRED
STALE_DRAFT_HISTORICAL_OR_SUPERSEDED_TEXT,REVIEW_CLASSIFICATION,governance/implementation/code-guides/drafting/CGP-006/WAVE_1_V1_1_GUIDE_COMPLETION_AND_ADOPTION_CANDIDATE_PREPARATION/guides/ES-CG-00/VERIFICATION_DESIGN.csv,"W1-V11-VER-ES-CG-00-CTRL-0001,ES-CG-00,CONTROL,ES-CG-00-CTRL-0001,document review;register validation;reference validation;negative-fixture validation;assurance review,VERIFIABLE_NOW_DOCUMENTARY,E3 REPEATABLE,""Package-lo | W1-V11-VER-ES-CG-00-INV-0001,ES-CG-00",CANONICAL_OR_CURRENT_INFERRED
STALE_DRAFT_HISTORICAL_OR_SUPERSEDED_TEXT,REVIEW_CLASSIFICATION,governance/implementation/code-guides/drafting/CGP-006/WAVE_1_V1_1_GUIDE_COMPLETION_AND_ADOPTION_CANDIDATE_PREPARATION/guides/ES-CG-01/ADOPTION_CANDIDATE_CHECKLIST.md,# ES-CG-01 Adoption-Candidate Checklist | | Stage 4 mandatory questions | PASS_WITH_RETAINED_CONDITIONS | MANDATORY_QUESTION_RESPONSES.csv | | | Stage 12 machine validation | PASS_PENDING_FINAL_REPORT | ../../MACHINE_VALIDATION_REPORT.md | | | Stage 17 adversa,HISTORICAL_DUPLICATE_DRAFT_OR_PREDECESSOR_INFERRED
STALE_DRAFT_HISTORICAL_OR_SUPERSEDED_TEXT,REVIEW_CLASSIFICATION,governance/implementation/code-guides/drafting/CGP-006/WAVE_1_V1_1_GUIDE_COMPLETION_AND_ADOPTION_CANDIDATE_PREPARATION/guides/ES-CG-01/ADVERSARIAL_REVIEW.md,"| ES-CG-01 | DOCUMENTARY_ADVERSARIAL_REVIEW_COMPLETE_NO_OPEN_P0_P1 | False adoption, false activation, evidence overclaim, silent skip, PR #42 Stage 22 misuse, and prohibited mapping attacks checked. | P2/P3 retained con | PATH_CLASSIFICATION: candidate_or_dra",HISTORICAL_DUPLICATE_DRAFT_OR_PREDECESSOR_INFERRED
STALE_DRAFT_HISTORICAL_OR_SUPERSEDED_TEXT,REVIEW_CLASSIFICATION,governance/implementation/code-guides/drafting/CGP-006/WAVE_1_V1_1_GUIDE_COMPLETION_AND_ADOPTION_CANDIDATE_PREPARATION/guides/ES-CG-01/ASSURANCE_CLASSIFICATION.md,PATH_CLASSIFICATION: candidate_or_draft,HISTORICAL_DUPLICATE_DRAFT_OR_PREDECESSOR_INFERRED
STALE_DRAFT_HISTORICAL_OR_SUPERSEDED_TEXT,REVIEW_CLASSIFICATION,governance/implementation/code-guides/drafting/CGP-006/WAVE_1_V1_1_GUIDE_COMPLETION_AND_ADOPTION_CANDIDATE_PREPARATION/guides/ES-CG-01/ATLAS_TRACEABILITY.csv,"W1-V11-ATL-ES-CG-01-CTRL-0001,ES-CG-01,CONTROL,ES-CG-01-CTRL-0001,governance/implementation/code-guides/guides/ES-CG-01/source-freeze/ES-CG-01_SOURCE_FREEZE_REGISTER.csv,CGSRC-ARCH-0021,CGP006-NR-0030,FROZEN_NORMATIVE_SO | W1-V11-ATL-ES-CG-01-CTRL-0002,ES-CG-0",HISTORICAL_DUPLICATE_DRAFT_OR_PREDECESSOR_INFERRED
STALE_DRAFT_HISTORICAL_OR_SUPERSEDED_TEXT,REVIEW_CLASSIFICATION,governance/implementation/code-guides/drafting/CGP-006/WAVE_1_V1_1_GUIDE_COMPLETION_AND_ADOPTION_CANDIDATE_PREPARATION/guides/ES-CG-01/AUTHOR_SELF_REVIEW.md,"| ES-CG-01 | COMPLETE_DOCUMENTARY | Source fidelity, completeness, control language, invariant mapping, references, and authority boundary checked. | Open findings retained; no adoption or activation. | | PATH_CLASSIFICATION: candidate_or_draft",HISTORICAL_DUPLICATE_DRAFT_OR_PREDECESSOR_INFERRED
STALE_DRAFT_HISTORICAL_OR_SUPERSEDED_TEXT,REVIEW_CLASSIFICATION,governance/implementation/code-guides/drafting/CGP-006/WAVE_1_V1_1_GUIDE_COMPLETION_AND_ADOPTION_CANDIDATE_PREPARATION/guides/ES-CG-01/CONTROL_CATALOG.csv,"ES-CG-01-CTRL-0001,ES-CG-01,Candidate Authority Precedence,""For the V1.1 draft adoption-candidate ES-CG-01 text, authority precedence must be applied only within the Engineering Authority And Precedence candidate scope a | ES-CG-01-CTRL-0002,ES-CG-01,Candidate",HISTORICAL_DUPLICATE_DRAFT_OR_PREDECESSOR_INFERRED
STALE_DRAFT_HISTORICAL_OR_SUPERSEDED_TEXT,REVIEW_CLASSIFICATION,governance/implementation/code-guides/drafting/CGP-006/WAVE_1_V1_1_GUIDE_COMPLETION_AND_ADOPTION_CANDIDATE_PREPARATION/guides/ES-CG-01/CURRENT_STATE_ASSESSMENT.md,| W1-V11-CSA-ES-CG-01-01 | ES-CG-01 | historical_guide_text | HISTORICAL_CONTEXT_ONLY | Historical guide/candidate bytes remain preserved and are not rewritten. | Founder Stage 22 disposition or separate implementation/r | | W1-V11-CSA-ES-CG-01-02 | ES-CG-01 |,HISTORICAL_DUPLICATE_DRAFT_OR_PREDECESSOR_INFERRED
STALE_DRAFT_HISTORICAL_OR_SUPERSEDED_TEXT,REVIEW_CLASSIFICATION,governance/implementation/code-guides/drafting/CGP-006/WAVE_1_V1_1_GUIDE_COMPLETION_AND_ADOPTION_CANDIDATE_PREPARATION/guides/ES-CG-01/DOMAIN_WORKFLOW_REVIEW.md,PATH_CLASSIFICATION: candidate_or_draft,HISTORICAL_DUPLICATE_DRAFT_OR_PREDECESSOR_INFERRED
STALE_DRAFT_HISTORICAL_OR_SUPERSEDED_TEXT,REVIEW_CLASSIFICATION,governance/implementation/code-guides/drafting/CGP-006/WAVE_1_V1_1_GUIDE_COMPLETION_AND_ADOPTION_CANDIDATE_PREPARATION/guides/ES-CG-01/ES-CG-01_V1_1_ADOPTION_CANDIDATE.md,# ES-CG-01 V1.1 Draft Adoption Candidate: Engineering Authority and Precedence | **Directive ID:** `CGP_006_WAVE_1_V1_1_GUIDE_COMPLETION_AND_ADOPTION_CANDIDATE_PREPARATION_DIRECTIVE_V1_0_0` | **Stage 21 readiness:** `ADOPTION_CANDIDATE_COMPLETE_WITH_CONDITIONS,CANONICAL_OR_CURRENT_INFERRED
STALE_DRAFT_HISTORICAL_OR_SUPERSEDED_TEXT,REVIEW_CLASSIFICATION,governance/implementation/code-guides/drafting/CGP-006/WAVE_1_V1_1_GUIDE_COMPLETION_AND_ADOPTION_CANDIDATE_PREPARATION/guides/ES-CG-01/IMPLEMENTER_USABILITY_REVIEW.md,PATH_CLASSIFICATION: candidate_or_draft,HISTORICAL_DUPLICATE_DRAFT_OR_PREDECESSOR_INFERRED
STALE_DRAFT_HISTORICAL_OR_SUPERSEDED_TEXT,REVIEW_CLASSIFICATION,governance/implementation/code-guides/drafting/CGP-006/WAVE_1_V1_1_GUIDE_COMPLETION_AND_ADOPTION_CANDIDATE_PREPARATION/guides/ES-CG-01/MANDATORY_QUESTION_RESPONSES.csv,"question_id,guide_id,question_text,v1_1_answer_status,answer,source,rationale,affected_controls,affected_invariants,evidence_grade,unresolved_dependency,required_future_authority | ES-CG-01-DQ-0001,ES-CG-01,How should the CGP-003 interim precedence rule be con",CANONICAL_OR_CURRENT_INFERRED
STALE_DRAFT_HISTORICAL_OR_SUPERSEDED_TEXT,REVIEW_CLASSIFICATION,governance/implementation/code-guides/drafting/CGP-006/WAVE_1_V1_1_GUIDE_COMPLETION_AND_ADOPTION_CANDIDATE_PREPARATION/guides/ES-CG-01/OPEN_FINDINGS.csv,"finding_id,affected_guide,severity,title,finding_statement,risk,required_remediation_or_future_decision,owner,disposition,closure_evidence,reopening_trigger,current_status | W1-V11-FIND-0001,ES-CG-01,P2,INDEPENDENT_TECHNICAL_REVIEW_NOT_AVAILABLE,The execution ",HISTORICAL_DUPLICATE_DRAFT_OR_PREDECESSOR_INFERRED
STALE_DRAFT_HISTORICAL_OR_SUPERSEDED_TEXT,REVIEW_CLASSIFICATION,governance/implementation/code-guides/drafting/CGP-006/WAVE_1_V1_1_GUIDE_COMPLETION_AND_ADOPTION_CANDIDATE_PREPARATION/guides/ES-CG-01/OUTCOMES_AND_INVARIANTS.csv,"ES-CG-01-OUT-0001,ES-CG-01,""Engineering Authority and Precedence preserves Candidate Authority Precedence as documentary, source-traceable guidance for future review."",""Treating this draft control as adopted, active, imp | ES-CG-01-OUT-0002,ES-CG-01,""Engineeri",HISTORICAL_DUPLICATE_DRAFT_OR_PREDECESSOR_INFERRED
STALE_DRAFT_HISTORICAL_OR_SUPERSEDED_TEXT,REVIEW_CLASSIFICATION,governance/implementation/code-guides/drafting/CGP-006/WAVE_1_V1_1_GUIDE_COMPLETION_AND_ADOPTION_CANDIDATE_PREPARATION/guides/ES-CG-01/QUALITY_USABILITY_ACCESSIBILITY_REQUIREMENTS.md,PATH_CLASSIFICATION: candidate_or_draft,HISTORICAL_DUPLICATE_DRAFT_OR_PREDECESSOR_INFERRED
STALE_DRAFT_HISTORICAL_OR_SUPERSEDED_TEXT,REVIEW_CLASSIFICATION,governance/implementation/code-guides/drafting/CGP-006/WAVE_1_V1_1_GUIDE_COMPLETION_AND_ADOPTION_CANDIDATE_PREPARATION/guides/ES-CG-01/REPOSITORY_RESPONSIBILITY_TRACEABILITY.csv,"W1-V11-RESP-ES-CG-01-CTRL-0001,ES-CG-01,ES-CG-01-CTRL-0001,Authority and precedence governance,Governance documentation and future review controls,PRIVILEGED_ACCESS_PROFILE;FACILITY_SCOPED_WORKFLOW_PROFILE,Code Guide dra | W1-V11-RESP-ES-CG-01-CTRL-0002,ES-CG-",HISTORICAL_DUPLICATE_DRAFT_OR_PREDECESSOR_INFERRED
STALE_DRAFT_HISTORICAL_OR_SUPERSEDED_TEXT,REVIEW_CLASSIFICATION,governance/implementation/code-guides/drafting/CGP-006/WAVE_1_V1_1_GUIDE_COMPLETION_AND_ADOPTION_CANDIDATE_PREPARATION/guides/ES-CG-01/REPRESENTATIVE_SCENARIO_VALIDATION.csv,"scenario_id,scenario_type,scenario_name,generic_profile,applicable_guides,applicable_controls,applicable_invariants,required_documentary_evidence,future_implementation_evidence,future_runtime_evidence,prohibited_actions, | W1-V11-SCEN-0001,DOCUMENTARY_WALKTHRO",HISTORICAL_DUPLICATE_DRAFT_OR_PREDECESSOR_INFERRED
STALE_DRAFT_HISTORICAL_OR_SUPERSEDED_TEXT,REVIEW_CLASSIFICATION,governance/implementation/code-guides/drafting/CGP-006/WAVE_1_V1_1_GUIDE_COMPLETION_AND_ADOPTION_CANDIDATE_PREPARATION/guides/ES-CG-01/RISK_MISUSE_ABUSE_FAILURE_ANALYSIS.csv,"risk_id,guide_id,risk_category,risk_title,risk_statement,control_id,invariant_id,verification_method,evidence_requirement,owner_class,residual_risk_treatment,severity,open_finding_link | W1-V11-RISK-ES_CG_01-0001,ES-CG-01,false validation success,Candidate Aut",HISTORICAL_DUPLICATE_DRAFT_OR_PREDECESSOR_INFERRED
STALE_DRAFT_HISTORICAL_OR_SUPERSEDED_TEXT,REVIEW_CLASSIFICATION,governance/implementation/code-guides/drafting/CGP-006/WAVE_1_V1_1_GUIDE_COMPLETION_AND_ADOPTION_CANDIDATE_PREPARATION/guides/ES-CG-01/TECHNICAL_REVIEW.md,PATH_CLASSIFICATION: candidate_or_draft,HISTORICAL_DUPLICATE_DRAFT_OR_PREDECESSOR_INFERRED
STALE_DRAFT_HISTORICAL_OR_SUPERSEDED_TEXT,REVIEW_CLASSIFICATION,governance/implementation/code-guides/drafting/CGP-006/WAVE_1_V1_1_GUIDE_COMPLETION_AND_ADOPTION_CANDIDATE_PREPARATION/guides/ES-CG-01/VERIFICATION_DESIGN.csv,"W1-V11-VER-ES-CG-01-CTRL-0001,ES-CG-01,CONTROL,ES-CG-01-CTRL-0001,document review;register validation;reference validation;negative-fixture validation;assurance review,VERIFIABLE_NOW_DOCUMENTARY,E3 REPEATABLE,""Package-lo | W1-V11-VER-ES-CG-01-INV-0001,ES-CG-01",HISTORICAL_DUPLICATE_DRAFT_OR_PREDECESSOR_INFERRED
STALE_DRAFT_HISTORICAL_OR_SUPERSEDED_TEXT,REVIEW_CLASSIFICATION,governance/implementation/code-guides/drafting/CGP-006/WAVE_1_V1_1_GUIDE_COMPLETION_AND_ADOPTION_CANDIDATE_PREPARATION/guides/ES-CG-10/ADOPTION_CANDIDATE_CHECKLIST.md,# ES-CG-10 Adoption-Candidate Checklist | | Stage 4 mandatory questions | PASS_WITH_RETAINED_CONDITIONS | MANDATORY_QUESTION_RESPONSES.csv | | | Stage 12 machine validation | PASS_PENDING_FINAL_REPORT | ../../MACHINE_VALIDATION_REPORT.md | | | Stage 17 adversa,HISTORICAL_DUPLICATE_DRAFT_OR_PREDECESSOR_INFERRED
STALE_DRAFT_HISTORICAL_OR_SUPERSEDED_TEXT,REVIEW_CLASSIFICATION,governance/implementation/code-guides/drafting/CGP-006/WAVE_1_V1_1_GUIDE_COMPLETION_AND_ADOPTION_CANDIDATE_PREPARATION/guides/ES-CG-10/ADVERSARIAL_REVIEW.md,"| ES-CG-10 | DOCUMENTARY_ADVERSARIAL_REVIEW_COMPLETE_NO_OPEN_P0_P1 | False adoption, false activation, evidence overclaim, silent skip, PR #42 Stage 22 misuse, and prohibited mapping attacks checked. | P2/P3 retained con | PATH_CLASSIFICATION: candidate_or_dra",HISTORICAL_DUPLICATE_DRAFT_OR_PREDECESSOR_INFERRED
STALE_DRAFT_HISTORICAL_OR_SUPERSEDED_TEXT,REVIEW_CLASSIFICATION,governance/implementation/code-guides/drafting/CGP-006/WAVE_1_V1_1_GUIDE_COMPLETION_AND_ADOPTION_CANDIDATE_PREPARATION/guides/ES-CG-10/ASSURANCE_CLASSIFICATION.md,PATH_CLASSIFICATION: candidate_or_draft,HISTORICAL_DUPLICATE_DRAFT_OR_PREDECESSOR_INFERRED
STALE_DRAFT_HISTORICAL_OR_SUPERSEDED_TEXT,REVIEW_CLASSIFICATION,governance/implementation/code-guides/drafting/CGP-006/WAVE_1_V1_1_GUIDE_COMPLETION_AND_ADOPTION_CANDIDATE_PREPARATION/guides/ES-CG-10/ATLAS_TRACEABILITY.csv,"W1-V11-ATL-ES-CG-10-CTRL-0001,ES-CG-10,CONTROL,ES-CG-10-CTRL-0001,governance/implementation/code-guides/guides/ES-CG-10/source-freeze/ES-CG-10_SOURCE_FREEZE_REGISTER.csv,CGSRC-ATLAS-0006,CGP006-NR-0109,FROZEN_NORMATIVE_S | W1-V11-ATL-ES-CG-10-CTRL-0002,ES-CG-1",HISTORICAL_DUPLICATE_DRAFT_OR_PREDECESSOR_INFERRED
STALE_DRAFT_HISTORICAL_OR_SUPERSEDED_TEXT,REVIEW_CLASSIFICATION,governance/implementation/code-guides/drafting/CGP-006/WAVE_1_V1_1_GUIDE_COMPLETION_AND_ADOPTION_CANDIDATE_PREPARATION/guides/ES-CG-10/AUTHOR_SELF_REVIEW.md,"| ES-CG-10 | COMPLETE_DOCUMENTARY | Source fidelity, completeness, control language, invariant mapping, references, and authority boundary checked. | Open findings retained; no adoption or activation. | | PATH_CLASSIFICATION: candidate_or_draft",HISTORICAL_DUPLICATE_DRAFT_OR_PREDECESSOR_INFERRED
STALE_DRAFT_HISTORICAL_OR_SUPERSEDED_TEXT,REVIEW_CLASSIFICATION,governance/implementation/code-guides/drafting/CGP-006/WAVE_1_V1_1_GUIDE_COMPLETION_AND_ADOPTION_CANDIDATE_PREPARATION/guides/ES-CG-10/CONTROL_CATALOG.csv,"ES-CG-10-CTRL-0001,ES-CG-10,Candidate Testing Layer Treatment,""For the V1.1 draft adoption-candidate ES-CG-10 text, testing layer treatment must be applied only within the Testing, Verification, And Assurance candidate s | ES-CG-10-CTRL-0002,ES-CG-10,Candidate",HISTORICAL_DUPLICATE_DRAFT_OR_PREDECESSOR_INFERRED
STALE_DRAFT_HISTORICAL_OR_SUPERSEDED_TEXT,REVIEW_CLASSIFICATION,governance/implementation/code-guides/drafting/CGP-006/WAVE_1_V1_1_GUIDE_COMPLETION_AND_ADOPTION_CANDIDATE_PREPARATION/guides/ES-CG-10/CURRENT_STATE_ASSESSMENT.md,| W1-V11-CSA-ES-CG-10-01 | ES-CG-10 | historical_guide_text | HISTORICAL_CONTEXT_ONLY | Historical guide/candidate bytes remain preserved and are not rewritten. | Founder Stage 22 disposition or separate implementation/r | | W1-V11-CSA-ES-CG-10-02 | ES-CG-10 |,HISTORICAL_DUPLICATE_DRAFT_OR_PREDECESSOR_INFERRED
STALE_DRAFT_HISTORICAL_OR_SUPERSEDED_TEXT,REVIEW_CLASSIFICATION,governance/implementation/code-guides/drafting/CGP-006/WAVE_1_V1_1_GUIDE_COMPLETION_AND_ADOPTION_CANDIDATE_PREPARATION/guides/ES-CG-10/DOMAIN_WORKFLOW_REVIEW.md,PATH_CLASSIFICATION: candidate_or_draft,HISTORICAL_DUPLICATE_DRAFT_OR_PREDECESSOR_INFERRED
STALE_DRAFT_HISTORICAL_OR_SUPERSEDED_TEXT,REVIEW_CLASSIFICATION,governance/implementation/code-guides/drafting/CGP-006/WAVE_1_V1_1_GUIDE_COMPLETION_AND_ADOPTION_CANDIDATE_PREPARATION/guides/ES-CG-10/ES-CG-10_V1_1_ADOPTION_CANDIDATE.md,"# ES-CG-10 V1.1 Draft Adoption Candidate: Testing, Verification, and Assurance | **Directive ID:** `CGP_006_WAVE_1_V1_1_GUIDE_COMPLETION_AND_ADOPTION_CANDIDATE_PREPARATION_DIRECTIVE_V1_0_0` | **Stage 21 readiness:** `ADOPTION_CANDIDATE_COMPLETE_WITH_CONDITIONS",CANONICAL_OR_CURRENT_INFERRED
STALE_DRAFT_HISTORICAL_OR_SUPERSEDED_TEXT,REVIEW_CLASSIFICATION,governance/implementation/code-guides/drafting/CGP-006/WAVE_1_V1_1_GUIDE_COMPLETION_AND_ADOPTION_CANDIDATE_PREPARATION/guides/ES-CG-10/IMPLEMENTER_USABILITY_REVIEW.md,PATH_CLASSIFICATION: candidate_or_draft,HISTORICAL_DUPLICATE_DRAFT_OR_PREDECESSOR_INFERRED
STALE_DRAFT_HISTORICAL_OR_SUPERSEDED_TEXT,REVIEW_CLASSIFICATION,governance/implementation/code-guides/drafting/CGP-006/WAVE_1_V1_1_GUIDE_COMPLETION_AND_ADOPTION_CANDIDATE_PREPARATION/guides/ES-CG-10/MANDATORY_QUESTION_RESPONSES.csv,"question_id,guide_id,question_text,v1_1_answer_status,answer,source,rationale,affected_controls,affected_invariants,evidence_grade,unresolved_dependency,required_future_authority | ES-CG-10-DQ-0001,ES-CG-10,Which test and verification layers must be distinguis",HISTORICAL_DUPLICATE_DRAFT_OR_PREDECESSOR_INFERRED
STALE_DRAFT_HISTORICAL_OR_SUPERSEDED_TEXT,REVIEW_CLASSIFICATION,governance/implementation/code-guides/drafting/CGP-006/WAVE_1_V1_1_GUIDE_COMPLETION_AND_ADOPTION_CANDIDATE_PREPARATION/guides/ES-CG-10/OPEN_FINDINGS.csv,"finding_id,affected_guide,severity,title,finding_statement,risk,required_remediation_or_future_decision,owner,disposition,closure_evidence,reopening_trigger,current_status | W1-V11-FIND-0001,ES-CG-10,P2,INDEPENDENT_TECHNICAL_REVIEW_NOT_AVAILABLE,The execution ",HISTORICAL_DUPLICATE_DRAFT_OR_PREDECESSOR_INFERRED
STALE_DRAFT_HISTORICAL_OR_SUPERSEDED_TEXT,REVIEW_CLASSIFICATION,governance/implementation/code-guides/drafting/CGP-006/WAVE_1_V1_1_GUIDE_COMPLETION_AND_ADOPTION_CANDIDATE_PREPARATION/guides/ES-CG-10/OUTCOMES_AND_INVARIANTS.csv,"ES-CG-10-OUT-0001,ES-CG-10,""Testing, Verification, and Assurance preserves Candidate Testing Layer Treatment as documentary, source-traceable guidance for future review."",""Treating this draft control as adopted, active,  | ES-CG-10-OUT-0002,ES-CG-10,""Testing, ",HISTORICAL_DUPLICATE_DRAFT_OR_PREDECESSOR_INFERRED
STALE_DRAFT_HISTORICAL_OR_SUPERSEDED_TEXT,REVIEW_CLASSIFICATION,governance/implementation/code-guides/drafting/CGP-006/WAVE_1_V1_1_GUIDE_COMPLETION_AND_ADOPTION_CANDIDATE_PREPARATION/guides/ES-CG-10/QUALITY_USABILITY_ACCESSIBILITY_REQUIREMENTS.md,PATH_CLASSIFICATION: candidate_or_draft,HISTORICAL_DUPLICATE_DRAFT_OR_PREDECESSOR_INFERRED
STALE_DRAFT_HISTORICAL_OR_SUPERSEDED_TEXT,REVIEW_CLASSIFICATION,governance/implementation/code-guides/drafting/CGP-006/WAVE_1_V1_1_GUIDE_COMPLETION_AND_ADOPTION_CANDIDATE_PREPARATION/guides/ES-CG-10/REPOSITORY_RESPONSIBILITY_TRACEABILITY.csv,"W1-V11-RESP-ES-CG-10-CTRL-0001,ES-CG-10,ES-CG-10-CTRL-0001,Validation and assurance governance,Governance documentation and future review controls,EVIDENCE_AND_AUDIT_PROFILE;CORE_BACKEND_PROFILE,Code Guide drafting packa | W1-V11-RESP-ES-CG-10-CTRL-0002,ES-CG-",HISTORICAL_DUPLICATE_DRAFT_OR_PREDECESSOR_INFERRED
STALE_DRAFT_HISTORICAL_OR_SUPERSEDED_TEXT,REVIEW_CLASSIFICATION,governance/implementation/code-guides/drafting/CGP-006/WAVE_1_V1_1_GUIDE_COMPLETION_AND_ADOPTION_CANDIDATE_PREPARATION/guides/ES-CG-10/REPRESENTATIVE_SCENARIO_VALIDATION.csv,"scenario_id,scenario_type,scenario_name,generic_profile,applicable_guides,applicable_controls,applicable_invariants,required_documentary_evidence,future_implementation_evidence,future_runtime_evidence,prohibited_actions, | W1-V11-SCEN-0001,DOCUMENTARY_WALKTHRO",HISTORICAL_DUPLICATE_DRAFT_OR_PREDECESSOR_INFERRED
STALE_DRAFT_HISTORICAL_OR_SUPERSEDED_TEXT,REVIEW_CLASSIFICATION,governance/implementation/code-guides/drafting/CGP-006/WAVE_1_V1_1_GUIDE_COMPLETION_AND_ADOPTION_CANDIDATE_PREPARATION/guides/ES-CG-10/RISK_MISUSE_ABUSE_FAILURE_ANALYSIS.csv,"risk_id,guide_id,risk_category,risk_title,risk_statement,control_id,invariant_id,verification_method,evidence_requirement,owner_class,residual_risk_treatment,severity,open_finding_link | W1-V11-RISK-ES_CG_10-0001,ES-CG-10,cross-guide conflict,Candidate Testing",HISTORICAL_DUPLICATE_DRAFT_OR_PREDECESSOR_INFERRED
STALE_DRAFT_HISTORICAL_OR_SUPERSEDED_TEXT,REVIEW_CLASSIFICATION,governance/implementation/code-guides/drafting/CGP-006/WAVE_1_V1_1_GUIDE_COMPLETION_AND_ADOPTION_CANDIDATE_PREPARATION/guides/ES-CG-10/TECHNICAL_REVIEW.md,PATH_CLASSIFICATION: candidate_or_draft,HISTORICAL_DUPLICATE_DRAFT_OR_PREDECESSOR_INFERRED
STALE_DRAFT_HISTORICAL_OR_SUPERSEDED_TEXT,REVIEW_CLASSIFICATION,governance/implementation/code-guides/drafting/CGP-006/WAVE_1_V1_1_GUIDE_COMPLETION_AND_ADOPTION_CANDIDATE_PREPARATION/guides/ES-CG-10/VERIFICATION_DESIGN.csv,"W1-V11-VER-ES-CG-10-CTRL-0001,ES-CG-10,CONTROL,ES-CG-10-CTRL-0001,document review;register validation;reference validation;negative-fixture validation;assurance review,VERIFIABLE_NOW_DOCUMENTARY,E3 REPEATABLE,""Package-lo | W1-V11-VER-ES-CG-10-INV-0001,ES-CG-10",HISTORICAL_DUPLICATE_DRAFT_OR_PREDECESSOR_INFERRED
STALE_DRAFT_HISTORICAL_OR_SUPERSEDED_TEXT,REVIEW_CLASSIFICATION,governance/implementation/code-guides/drafting/CGP-006/WAVE_1_V1_1_GUIDE_COMPLETION_AND_ADOPTION_CANDIDATE_PREPARATION/guides/ES-CG-13/ADOPTION_CANDIDATE_CHECKLIST.md,# ES-CG-13 Adoption-Candidate Checklist | | Stage 4 mandatory questions | PASS_WITH_RETAINED_CONDITIONS | MANDATORY_QUESTION_RESPONSES.csv | | | Stage 12 machine validation | PASS_PENDING_FINAL_REPORT | ../../MACHINE_VALIDATION_REPORT.md | | | Stage 17 adversa,HISTORICAL_DUPLICATE_DRAFT_OR_PREDECESSOR_INFERRED
STALE_DRAFT_HISTORICAL_OR_SUPERSEDED_TEXT,REVIEW_CLASSIFICATION,governance/implementation/code-guides/drafting/CGP-006/WAVE_1_V1_1_GUIDE_COMPLETION_AND_ADOPTION_CANDIDATE_PREPARATION/guides/ES-CG-13/ADVERSARIAL_REVIEW.md,"| ES-CG-13 | DOCUMENTARY_ADVERSARIAL_REVIEW_COMPLETE_NO_OPEN_P0_P1 | False adoption, false activation, evidence overclaim, silent skip, PR #42 Stage 22 misuse, and prohibited mapping attacks checked. | P2/P3 retained con | PATH_CLASSIFICATION: candidate_or_dra",HISTORICAL_DUPLICATE_DRAFT_OR_PREDECESSOR_INFERRED
STALE_DRAFT_HISTORICAL_OR_SUPERSEDED_TEXT,REVIEW_CLASSIFICATION,governance/implementation/code-guides/drafting/CGP-006/WAVE_1_V1_1_GUIDE_COMPLETION_AND_ADOPTION_CANDIDATE_PREPARATION/guides/ES-CG-13/ASSURANCE_CLASSIFICATION.md,PATH_CLASSIFICATION: candidate_or_draft,HISTORICAL_DUPLICATE_DRAFT_OR_PREDECESSOR_INFERRED
STALE_DRAFT_HISTORICAL_OR_SUPERSEDED_TEXT,REVIEW_CLASSIFICATION,governance/implementation/code-guides/drafting/CGP-006/WAVE_1_V1_1_GUIDE_COMPLETION_AND_ADOPTION_CANDIDATE_PREPARATION/guides/ES-CG-13/ATLAS_TRACEABILITY.csv,"W1-V11-ATL-ES-CG-13-CTRL-0001,ES-CG-13,CONTROL,ES-CG-13-CTRL-0001,governance/implementation/code-guides/guides/ES-CG-13/source-freeze/ES-CG-13_SOURCE_FREEZE_REGISTER.csv,CGSRC-ATLAS-0006,CGP006-NR-0064,FROZEN_NORMATIVE_S | W1-V11-ATL-ES-CG-13-CTRL-0002,ES-CG-1",HISTORICAL_DUPLICATE_DRAFT_OR_PREDECESSOR_INFERRED
STALE_DRAFT_HISTORICAL_OR_SUPERSEDED_TEXT,REVIEW_CLASSIFICATION,governance/implementation/code-guides/drafting/CGP-006/WAVE_1_V1_1_GUIDE_COMPLETION_AND_ADOPTION_CANDIDATE_PREPARATION/guides/ES-CG-13/AUTHOR_SELF_REVIEW.md,"| ES-CG-13 | COMPLETE_DOCUMENTARY | Source fidelity, completeness, control language, invariant mapping, references, and authority boundary checked. | Open findings retained; no adoption or activation. | | PATH_CLASSIFICATION: candidate_or_draft",HISTORICAL_DUPLICATE_DRAFT_OR_PREDECESSOR_INFERRED
STALE_DRAFT_HISTORICAL_OR_SUPERSEDED_TEXT,REVIEW_CLASSIFICATION,governance/implementation/code-guides/drafting/CGP-006/WAVE_1_V1_1_GUIDE_COMPLETION_AND_ADOPTION_CANDIDATE_PREPARATION/guides/ES-CG-13/CONTROL_CATALOG.csv,"ES-CG-13-CTRL-0001,ES-CG-13,Candidate Completion Treatment,""For the V1.1 draft adoption-candidate ES-CG-13 text, completion treatment must be applied only within the Completion, Evidence, And Traceability candidate scope | ES-CG-13-CTRL-0002,ES-CG-13,Candidate",HISTORICAL_DUPLICATE_DRAFT_OR_PREDECESSOR_INFERRED
STALE_DRAFT_HISTORICAL_OR_SUPERSEDED_TEXT,REVIEW_CLASSIFICATION,governance/implementation/code-guides/drafting/CGP-006/WAVE_1_V1_1_GUIDE_COMPLETION_AND_ADOPTION_CANDIDATE_PREPARATION/guides/ES-CG-13/CURRENT_STATE_ASSESSMENT.md,| W1-V11-CSA-ES-CG-13-01 | ES-CG-13 | historical_guide_text | HISTORICAL_CONTEXT_ONLY | Historical guide/candidate bytes remain preserved and are not rewritten. | Founder Stage 22 disposition or separate implementation/r | | W1-V11-CSA-ES-CG-13-02 | ES-CG-13 |,HISTORICAL_DUPLICATE_DRAFT_OR_PREDECESSOR_INFERRED
STALE_DRAFT_HISTORICAL_OR_SUPERSEDED_TEXT,REVIEW_CLASSIFICATION,governance/implementation/code-guides/drafting/CGP-006/WAVE_1_V1_1_GUIDE_COMPLETION_AND_ADOPTION_CANDIDATE_PREPARATION/guides/ES-CG-13/DOMAIN_WORKFLOW_REVIEW.md,PATH_CLASSIFICATION: candidate_or_draft,HISTORICAL_DUPLICATE_DRAFT_OR_PREDECESSOR_INFERRED
STALE_DRAFT_HISTORICAL_OR_SUPERSEDED_TEXT,REVIEW_CLASSIFICATION,governance/implementation/code-guides/drafting/CGP-006/WAVE_1_V1_1_GUIDE_COMPLETION_AND_ADOPTION_CANDIDATE_PREPARATION/guides/ES-CG-13/ES-CG-13_V1_1_ADOPTION_CANDIDATE.md,"# ES-CG-13 V1.1 Draft Adoption Candidate: Completion, Evidence, and Traceability | **Directive ID:** `CGP_006_WAVE_1_V1_1_GUIDE_COMPLETION_AND_ADOPTION_CANDIDATE_PREPARATION_DIRECTIVE_V1_0_0` | **Stage 21 readiness:** `ADOPTION_CANDIDATE_COMPLETE_WITH_CONDITIO",CANONICAL_OR_CURRENT_INFERRED
STALE_DRAFT_HISTORICAL_OR_SUPERSEDED_TEXT,REVIEW_CLASSIFICATION,governance/implementation/code-guides/drafting/CGP-006/WAVE_1_V1_1_GUIDE_COMPLETION_AND_ADOPTION_CANDIDATE_PREPARATION/guides/ES-CG-13/IMPLEMENTER_USABILITY_REVIEW.md,PATH_CLASSIFICATION: candidate_or_draft,HISTORICAL_DUPLICATE_DRAFT_OR_PREDECESSOR_INFERRED
STALE_DRAFT_HISTORICAL_OR_SUPERSEDED_TEXT,REVIEW_CLASSIFICATION,governance/implementation/code-guides/drafting/CGP-006/WAVE_1_V1_1_GUIDE_COMPLETION_AND_ADOPTION_CANDIDATE_PREPARATION/guides/ES-CG-13/MANDATORY_QUESTION_RESPONSES.csv,"question_id,guide_id,question_text,v1_1_answer_status,answer,source,rationale,affected_controls,affected_invariants,evidence_grade,unresolved_dependency,required_future_authority | ES-CG-13-DQ-0001,ES-CG-13,What source-to-guide-to-control traceability structur",HISTORICAL_DUPLICATE_DRAFT_OR_PREDECESSOR_INFERRED
STALE_DRAFT_HISTORICAL_OR_SUPERSEDED_TEXT,REVIEW_CLASSIFICATION,governance/implementation/code-guides/drafting/CGP-006/WAVE_1_V1_1_GUIDE_COMPLETION_AND_ADOPTION_CANDIDATE_PREPARATION/guides/ES-CG-13/OPEN_FINDINGS.csv,"finding_id,affected_guide,severity,title,finding_statement,risk,required_remediation_or_future_decision,owner,disposition,closure_evidence,reopening_trigger,current_status | W1-V11-FIND-0001,ES-CG-13,P2,INDEPENDENT_TECHNICAL_REVIEW_NOT_AVAILABLE,The execution ",HISTORICAL_DUPLICATE_DRAFT_OR_PREDECESSOR_INFERRED
STALE_DRAFT_HISTORICAL_OR_SUPERSEDED_TEXT,REVIEW_CLASSIFICATION,governance/implementation/code-guides/drafting/CGP-006/WAVE_1_V1_1_GUIDE_COMPLETION_AND_ADOPTION_CANDIDATE_PREPARATION/guides/ES-CG-13/OUTCOMES_AND_INVARIANTS.csv,"ES-CG-13-OUT-0001,ES-CG-13,""Completion, Evidence, and Traceability preserves Candidate Completion Treatment as documentary, source-traceable guidance for future review."",""Treating this draft control as adopted, active, i | ES-CG-13-OUT-0002,ES-CG-13,""Completio",HISTORICAL_DUPLICATE_DRAFT_OR_PREDECESSOR_INFERRED
STALE_DRAFT_HISTORICAL_OR_SUPERSEDED_TEXT,REVIEW_CLASSIFICATION,governance/implementation/code-guides/drafting/CGP-006/WAVE_1_V1_1_GUIDE_COMPLETION_AND_ADOPTION_CANDIDATE_PREPARATION/guides/ES-CG-13/QUALITY_USABILITY_ACCESSIBILITY_REQUIREMENTS.md,PATH_CLASSIFICATION: candidate_or_draft,HISTORICAL_DUPLICATE_DRAFT_OR_PREDECESSOR_INFERRED
STALE_DRAFT_HISTORICAL_OR_SUPERSEDED_TEXT,REVIEW_CLASSIFICATION,governance/implementation/code-guides/drafting/CGP-006/WAVE_1_V1_1_GUIDE_COMPLETION_AND_ADOPTION_CANDIDATE_PREPARATION/guides/ES-CG-13/REPOSITORY_RESPONSIBILITY_TRACEABILITY.csv,"W1-V11-RESP-ES-CG-13-CTRL-0001,ES-CG-13,ES-CG-13-CTRL-0001,Completion and evidence governance,Governance documentation and future review controls,EVIDENCE_AND_AUDIT_PROFILE;REPORTING_AND_EXPORT_PROFILE,Code Guide draftin | W1-V11-RESP-ES-CG-13-CTRL-0002,ES-CG-",HISTORICAL_DUPLICATE_DRAFT_OR_PREDECESSOR_INFERRED
STALE_DRAFT_HISTORICAL_OR_SUPERSEDED_TEXT,REVIEW_CLASSIFICATION,governance/implementation/code-guides/drafting/CGP-006/WAVE_1_V1_1_GUIDE_COMPLETION_AND_ADOPTION_CANDIDATE_PREPARATION/guides/ES-CG-13/REPRESENTATIVE_SCENARIO_VALIDATION.csv,"scenario_id,scenario_type,scenario_name,generic_profile,applicable_guides,applicable_controls,applicable_invariants,required_documentary_evidence,future_implementation_evidence,future_runtime_evidence,prohibited_actions, | W1-V11-SCEN-0001,DOCUMENTARY_WALKTHRO",HISTORICAL_DUPLICATE_DRAFT_OR_PREDECESSOR_INFERRED
STALE_DRAFT_HISTORICAL_OR_SUPERSEDED_TEXT,REVIEW_CLASSIFICATION,governance/implementation/code-guides/drafting/CGP-006/WAVE_1_V1_1_GUIDE_COMPLETION_AND_ADOPTION_CANDIDATE_PREPARATION/guides/ES-CG-13/RISK_MISUSE_ABUSE_FAILURE_ANALYSIS.csv,"risk_id,guide_id,risk_category,risk_title,risk_statement,control_id,invariant_id,verification_method,evidence_requirement,owner_class,residual_risk_treatment,severity,open_finding_link | W1-V11-RISK-ES_CG_13-0001,ES-CG-13,privacy and security risk,Candidate Co",HISTORICAL_DUPLICATE_DRAFT_OR_PREDECESSOR_INFERRED
STALE_DRAFT_HISTORICAL_OR_SUPERSEDED_TEXT,REVIEW_CLASSIFICATION,governance/implementation/code-guides/drafting/CGP-006/WAVE_1_V1_1_GUIDE_COMPLETION_AND_ADOPTION_CANDIDATE_PREPARATION/guides/ES-CG-13/TECHNICAL_REVIEW.md,PATH_CLASSIFICATION: candidate_or_draft,HISTORICAL_DUPLICATE_DRAFT_OR_PREDECESSOR_INFERRED
STALE_DRAFT_HISTORICAL_OR_SUPERSEDED_TEXT,REVIEW_CLASSIFICATION,governance/implementation/code-guides/drafting/CGP-006/WAVE_1_V1_1_GUIDE_COMPLETION_AND_ADOPTION_CANDIDATE_PREPARATION/guides/ES-CG-13/VERIFICATION_DESIGN.csv,"W1-V11-VER-ES-CG-13-CTRL-0001,ES-CG-13,CONTROL,ES-CG-13-CTRL-0001,document review;register validation;reference validation;negative-fixture validation;assurance review,VERIFIABLE_NOW_DOCUMENTARY,E3 REPEATABLE,""Package-lo | W1-V11-VER-ES-CG-13-INV-0001,ES-CG-13",HISTORICAL_DUPLICATE_DRAFT_OR_PREDECESSOR_INFERRED
STALE_DRAFT_HISTORICAL_OR_SUPERSEDED_TEXT,REVIEW_CLASSIFICATION,governance/implementation/code-guides/drafting/CGP-006/WAVE_1_V1_1_GUIDE_COMPLETION_AND_ADOPTION_CANDIDATE_PREPARATION/IMPLEMENTER_USABILITY_REVIEW_REPORT.md,PATH_CLASSIFICATION: candidate_or_draft,CANONICAL_OR_CURRENT_INFERRED
STALE_DRAFT_HISTORICAL_OR_SUPERSEDED_TEXT,REVIEW_CLASSIFICATION,governance/implementation/code-guides/drafting/CGP-006/WAVE_1_V1_1_GUIDE_COMPLETION_AND_ADOPTION_CANDIDATE_PREPARATION/MACHINE_VALIDATION_REPORT.md,"**Validator:** `validators/validate_guide_completion_adoption_candidate.py` | **Test suite:** `tests/test_guide_completion_adoption_candidate.py` | The package-local validator identifies required Stage 21 and Stage 22 inputs, parses JSON and CSV, checks contro",CANONICAL_OR_CURRENT_INFERRED
STALE_DRAFT_HISTORICAL_OR_SUPERSEDED_TEXT,REVIEW_CLASSIFICATION,governance/implementation/code-guides/drafting/CGP-006/WAVE_1_V1_1_GUIDE_COMPLETION_AND_ADOPTION_CANDIDATE_PREPARATION/MANDATORY_QUESTION_MASTER_REGISTER.csv,"question_id,guide_id,question_text,v1_1_answer_status,answer,source,rationale,affected_controls,affected_invariants,evidence_grade,unresolved_dependency,required_future_authority | ES-CG-00-DQ-0001,ES-CG-00,Which frozen source classes must be cited by the char",CANONICAL_OR_CURRENT_INFERRED
STALE_DRAFT_HISTORICAL_OR_SUPERSEDED_TEXT,REVIEW_CLASSIFICATION,governance/implementation/code-guides/drafting/CGP-006/WAVE_1_V1_1_GUIDE_COMPLETION_AND_ADOPTION_CANDIDATE_PREPARATION/OPEN_FINDING_REGISTER.csv,"finding_id,affected_guide,severity,title,finding_statement,risk,required_remediation_or_future_decision,owner,disposition,closure_evidence,reopening_trigger,current_status | W1-V11-FIND-0001,PORTFOLIO,P2,INDEPENDENT_TECHNICAL_REVIEW_NOT_AVAILABLE,The execution",CANONICAL_OR_CURRENT_INFERRED
STALE_DRAFT_HISTORICAL_OR_SUPERSEDED_TEXT,REVIEW_CLASSIFICATION,governance/implementation/code-guides/drafting/CGP-006/WAVE_1_V1_1_GUIDE_COMPLETION_AND_ADOPTION_CANDIDATE_PREPARATION/OUTCOME_AND_INVARIANT_MASTER_REGISTER.csv,"ES-CG-00-OUT-0001,ES-CG-00,""Code Guide Charter preserves Candidate Charter Authority Boundary as documentary, source-traceable guidance for future review."",""Treating this draft control as adopted, active, implemented, ru | ES-CG-00-OUT-0002,ES-CG-00,""Code Guid",CANONICAL_OR_CURRENT_INFERRED
STALE_DRAFT_HISTORICAL_OR_SUPERSEDED_TEXT,REVIEW_CLASSIFICATION,governance/implementation/code-guides/drafting/CGP-006/WAVE_1_V1_1_GUIDE_COMPLETION_AND_ADOPTION_CANDIDATE_PREPARATION/PACKAGE_MANIFEST.json,"""custody_state"": ""PENDING_CUSTODY"", | ""directive_id"": ""CGP_006_WAVE_1_V1_1_STAGE_22_FOUNDER_ADOPTION_AND_STAGE_23_PROTECTED_ACCESSION_DIRECTIVE_V1_0_0"", | ""path"": ""ADOPTION_CANDIDATE_BYTE_FREEZE.json"", | ""path"": ""ADOPTION_CANDIDATE_BYTE_FREEZE_REPORT.md"", | PA",HISTORICAL_DUPLICATE_DRAFT_OR_PREDECESSOR_INFERRED
STALE_DRAFT_HISTORICAL_OR_SUPERSEDED_TEXT,REVIEW_CLASSIFICATION,governance/implementation/code-guides/drafting/CGP-006/WAVE_1_V1_1_GUIDE_COMPLETION_AND_ADOPTION_CANDIDATE_PREPARATION/PROPOSED_FOUNDER_DECISION_REGISTER.md,# Proposed Founder Decision Register | The original Stage 21 proposed Founder decisions remain preserved below. The Stage 22 disposition layer records the Founder determination supplied on `2026-07-29`. | | W1-V11-DEC-0001 | PORTFOLIO | Whether to perform Stag,CANONICAL_OR_CURRENT_INFERRED
STALE_DRAFT_HISTORICAL_OR_SUPERSEDED_TEXT,REVIEW_CLASSIFICATION,governance/implementation/code-guides/drafting/CGP-006/WAVE_1_V1_1_GUIDE_COMPLETION_AND_ADOPTION_CANDIDATE_PREPARATION/QUALITY_USABILITY_ACCESSIBILITY_REQUIREMENTS.md,PATH_CLASSIFICATION: candidate_or_draft,CANONICAL_OR_CURRENT_INFERRED
STALE_DRAFT_HISTORICAL_OR_SUPERSEDED_TEXT,REVIEW_CLASSIFICATION,governance/implementation/code-guides/drafting/CGP-006/WAVE_1_V1_1_GUIDE_COMPLETION_AND_ADOPTION_CANDIDATE_PREPARATION/README.md,**Package ID:** `CGP-006-WAVE-1-V1-1-GUIDE-COMPLETION-ADOPTION-CANDIDATE-PREPARATION` | **Stage 21 directive ID:** `CGP_006_WAVE_1_V1_1_GUIDE_COMPLETION_AND_ADOPTION_CANDIDATE_PREPARATION_DIRECTIVE_V1_0_0` | **Stage 22 directive ID:** `CGP_006_WAVE_1_V1_1_STAG,HISTORICAL_DUPLICATE_DRAFT_OR_PREDECESSOR_INFERRED
STALE_DRAFT_HISTORICAL_OR_SUPERSEDED_TEXT,REVIEW_CLASSIFICATION,governance/implementation/code-guides/drafting/CGP-006/WAVE_1_V1_1_GUIDE_COMPLETION_AND_ADOPTION_CANDIDATE_PREPARATION/REPOSITORY_RESPONSIBILITY_TRACEABILITY_MASTER_REGISTER.csv,"W1-V11-RESP-ES-CG-00-CTRL-0001,ES-CG-00,ES-CG-00-CTRL-0001,Code Guide governance,Governance documentation and future review controls,EVIDENCE_AND_AUDIT_PROFILE;ADMINISTRATIVE_FEATURE_PROFILE,Code Guide drafting package,P | W1-V11-RESP-ES-CG-00-CTRL-0002,ES-CG-",CANONICAL_OR_CURRENT_INFERRED
STALE_DRAFT_HISTORICAL_OR_SUPERSEDED_TEXT,REVIEW_CLASSIFICATION,governance/implementation/code-guides/drafting/CGP-006/WAVE_1_V1_1_GUIDE_COMPLETION_AND_ADOPTION_CANDIDATE_PREPARATION/REPRESENTATIVE_SCENARIO_MASTER_REGISTER.csv,"scenario_id,scenario_type,scenario_name,generic_profile,applicable_guides,applicable_controls,applicable_invariants,required_documentary_evidence,future_implementation_evidence,future_runtime_evidence,prohibited_actions, | W1-V11-SCEN-0001,DOCUMENTARY_WALKTHRO",CANONICAL_OR_CURRENT_INFERRED
STALE_DRAFT_HISTORICAL_OR_SUPERSEDED_TEXT,REVIEW_CLASSIFICATION,governance/implementation/code-guides/drafting/CGP-006/WAVE_1_V1_1_GUIDE_COMPLETION_AND_ADOPTION_CANDIDATE_PREPARATION/RETAINED_CONDITION_WARNING_GAP_REGISTER.csv,"CGP006-AR-COND-0001,RETAINED_CONDITION,PORTFOLIO,ONGOING_GOVERNANCE_COVENANT,CGP_006_WAVE_1_ADOPTION_CONDITION_REGISTER.csv,PRESERVE_AND_CARRY_AFTER_STAGE_22_ADOPTION,NO,NO_RETAINED_BY_STAGE_22_FOUNDER_DISPOSITION,NO_IF_ | CGP006-AR-COND-0002,RETAINED_CONDITIO",CANONICAL_OR_CURRENT_INFERRED
STALE_DRAFT_HISTORICAL_OR_SUPERSEDED_TEXT,REVIEW_CLASSIFICATION,governance/implementation/code-guides/drafting/CGP-006/WAVE_1_V1_1_GUIDE_COMPLETION_AND_ADOPTION_CANDIDATE_PREPARATION/REVIEW_DISPOSITION.md,**Stage 21 disposition:** `CGP_006_WAVE_1_V1_1_GUIDES_COMPLETE_READY_FOR_FOUNDER_ADOPTION_DISPOSITION_WITH_CONDITIONS` | **Stage 22 Founder disposition:** `FOUNDER_APPROVED_STAGE_22_ADOPTION_PENDING_PROTECTED_ACCESSION_AND_CUSTODY` | **Stage 22 adoption state:,HISTORICAL_DUPLICATE_DRAFT_OR_PREDECESSOR_INFERRED
STALE_DRAFT_HISTORICAL_OR_SUPERSEDED_TEXT,REVIEW_CLASSIFICATION,governance/implementation/code-guides/drafting/CGP-006/WAVE_1_V1_1_GUIDE_COMPLETION_AND_ADOPTION_CANDIDATE_PREPARATION/RISK_MISUSE_ABUSE_FAILURE_MASTER_REGISTER.csv,"risk_id,guide_id,risk_category,risk_title,risk_statement,control_id,invariant_id,verification_method,evidence_requirement,owner_class,residual_risk_treatment,severity,open_finding_link | W1-V11-RISK-ES_CG_00-0001,ES-CG-00,authority misuse,Candidate Charter Aut",CANONICAL_OR_CURRENT_INFERRED
STALE_DRAFT_HISTORICAL_OR_SUPERSEDED_TEXT,REVIEW_CLASSIFICATION,governance/implementation/code-guides/drafting/CGP-006/WAVE_1_V1_1_GUIDE_COMPLETION_AND_ADOPTION_CANDIDATE_PREPARATION/SOURCE_FREEZE_MANIFEST.json,"""boundary"": ""Read-only source freeze and source-preflight manifest for draft adoption-candidate preparation; no source promotion or source-byte change authorized."", | ""branch"": ""codex/cgp-006-wave1-v1-1-guide-completion-adoption-candidate-v1"", | ""directive_id""",HISTORICAL_DUPLICATE_DRAFT_OR_PREDECESSOR_INFERRED
STALE_DRAFT_HISTORICAL_OR_SUPERSEDED_TEXT,REVIEW_CLASSIFICATION,governance/implementation/code-guides/drafting/CGP-006/WAVE_1_V1_1_GUIDE_COMPLETION_AND_ADOPTION_CANDIDATE_PREPARATION/SOURCE_REGISTER.md,**Package ID:** `CGP-006-WAVE-1-V1-1-GUIDE-COMPLETION-ADOPTION-CANDIDATE-PREPARATION` | | SRC-FROZEN-ES-CG-00-0001 | Canon Artifact Inventory | docs/canon/registries/CANON_ARTIFACT_INVENTORY.md | CONTROLLING_NORMATIVE_SOURCE | CGP005-NF-ES-CG-00-0001;5cedea86f,HISTORICAL_DUPLICATE_DRAFT_OR_PREDECESSOR_INFERRED
STALE_DRAFT_HISTORICAL_OR_SUPERSEDED_TEXT,REVIEW_CLASSIFICATION,governance/implementation/code-guides/drafting/CGP-006/WAVE_1_V1_1_GUIDE_COMPLETION_AND_ADOPTION_CANDIDATE_PREPARATION/STAGE_22_ADOPTION_RECORD.csv,"adoption_record_id,guide_row_id,guide_id,guide_title,adopted_version,adopted_source_path,reviewed_pr,reviewed_pr_head,source_blob_sha,source_sha256,source_byte_length,stage_21_readiness,stage_22_adoption_state,assurance_ | CGP006-W1-V11-STAGE22-ADOPT-0001,CGP0",CANONICAL_OR_CURRENT_INFERRED
STALE_DRAFT_HISTORICAL_OR_SUPERSEDED_TEXT,REVIEW_CLASSIFICATION,governance/implementation/code-guides/drafting/CGP-006/WAVE_1_V1_1_GUIDE_COMPLETION_AND_ADOPTION_CANDIDATE_PREPARATION/TECHNICAL_PEER_REVIEW_REPORT.md,"| ES-CG-00 | CONDITIONED_INDEPENDENT_TECHNICAL_REVIEW_NOT_AVAILABLE | Technical feasibility, verification design, dependencies, exception safety, and hidden implementation assumptions reviewed documentarily. | Founder ma | | ES-CG-01 | CONDITIONED_INDEPENDENT_",CANONICAL_OR_CURRENT_INFERRED
STALE_DRAFT_HISTORICAL_OR_SUPERSEDED_TEXT,REVIEW_CLASSIFICATION,governance/implementation/code-guides/drafting/CGP-006/WAVE_1_V1_1_GUIDE_COMPLETION_AND_ADOPTION_CANDIDATE_PREPARATION/tests/fixtures/broken_reference/control.csv,PATH_CLASSIFICATION: candidate_or_draft,CANONICAL_OR_CURRENT_INFERRED
STALE_DRAFT_HISTORICAL_OR_SUPERSEDED_TEXT,REVIEW_CLASSIFICATION,governance/implementation/code-guides/drafting/CGP-006/WAVE_1_V1_1_GUIDE_COMPLETION_AND_ADOPTION_CANDIDATE_PREPARATION/tests/fixtures/checksum_failure/file.txt,PATH_CLASSIFICATION: candidate_or_draft,HISTORICAL_DUPLICATE_DRAFT_OR_PREDECESSOR_INFERRED
STALE_DRAFT_HISTORICAL_OR_SUPERSEDED_TEXT,REVIEW_CLASSIFICATION,governance/implementation/code-guides/drafting/CGP-006/WAVE_1_V1_1_GUIDE_COMPLETION_AND_ADOPTION_CANDIDATE_PREPARATION/tests/fixtures/duplicate_id/duplicate.csv,PATH_CLASSIFICATION: candidate_or_draft,CANONICAL_OR_CURRENT_INFERRED
STALE_DRAFT_HISTORICAL_OR_SUPERSEDED_TEXT,REVIEW_CLASSIFICATION,governance/implementation/code-guides/drafting/CGP-006/WAVE_1_V1_1_GUIDE_COMPLETION_AND_ADOPTION_CANDIDATE_PREPARATION/tests/fixtures/false_activation/readiness.csv,"ES-CG-00,NOT_ADOPTED,ACTIVE,2026-07-29,A3 HIGH | PATH_CLASSIFICATION: candidate_or_draft",HISTORICAL_DUPLICATE_DRAFT_OR_PREDECESSOR_INFERRED
STALE_DRAFT_HISTORICAL_OR_SUPERSEDED_TEXT,REVIEW_CLASSIFICATION,governance/implementation/code-guides/drafting/CGP-006/WAVE_1_V1_1_GUIDE_COMPLETION_AND_ADOPTION_CANDIDATE_PREPARATION/tests/fixtures/false_adoption/readiness.csv,"ES-CG-00,ADOPTED,NOT_ACTIVE,NONE,A3 HIGH | PATH_CLASSIFICATION: candidate_or_draft",CANONICAL_OR_CURRENT_INFERRED
STALE_DRAFT_HISTORICAL_OR_SUPERSEDED_TEXT,REVIEW_CLASSIFICATION,governance/implementation/code-guides/drafting/CGP-006/WAVE_1_V1_1_GUIDE_COMPLETION_AND_ADOPTION_CANDIDATE_PREPARATION/tests/fixtures/incomplete_question/question.csv,"question_id,guide_id,v1_1_answer_status,answer,source,rationale,affected_controls,affected_invariants,evidence_grade,unresolved_dependency,required_future_authority | PATH_CLASSIFICATION: candidate_or_draft",CANONICAL_OR_CURRENT_INFERRED
STALE_DRAFT_HISTORICAL_OR_SUPERSEDED_TEXT,REVIEW_CLASSIFICATION,governance/implementation/code-guides/drafting/CGP-006/WAVE_1_V1_1_GUIDE_COMPLETION_AND_ADOPTION_CANDIDATE_PREPARATION/tests/fixtures/invalid_controlled_value/stage22.csv,"ES-CG-00,22,NOT_ADOPTED,NOT_ACTIVE | PATH_CLASSIFICATION: candidate_or_draft",CANONICAL_OR_CURRENT_INFERRED
STALE_DRAFT_HISTORICAL_OR_SUPERSEDED_TEXT,REVIEW_CLASSIFICATION,governance/implementation/code-guides/drafting/CGP-006/WAVE_1_V1_1_GUIDE_COMPLETION_AND_ADOPTION_CANDIDATE_PREPARATION/tests/fixtures/malformed_csv/broken.csv,PATH_CLASSIFICATION: candidate_or_draft,CANONICAL_OR_CURRENT_INFERRED
STALE_DRAFT_HISTORICAL_OR_SUPERSEDED_TEXT,REVIEW_CLASSIFICATION,governance/implementation/code-guides/drafting/CGP-006/WAVE_1_V1_1_GUIDE_COMPLETION_AND_ADOPTION_CANDIDATE_PREPARATION/tests/fixtures/malformed_json/broken.json,PATH_CLASSIFICATION: candidate_or_draft,HISTORICAL_DUPLICATE_DRAFT_OR_PREDECESSOR_INFERRED
STALE_DRAFT_HISTORICAL_OR_SUPERSEDED_TEXT,REVIEW_CLASSIFICATION,governance/implementation/code-guides/drafting/CGP-006/WAVE_1_V1_1_GUIDE_COMPLETION_AND_ADOPTION_CANDIDATE_PREPARATION/tests/fixtures/positive/valid_question.csv,"question_id,guide_id,v1_1_answer_status,answer,source,rationale,affected_controls,affected_invariants,evidence_grade,unresolved_dependency,required_future_authority | PATH_CLASSIFICATION: candidate_or_draft",CANONICAL_OR_CURRENT_INFERRED
STALE_DRAFT_HISTORICAL_OR_SUPERSEDED_TEXT,REVIEW_CLASSIFICATION,governance/implementation/code-guides/drafting/CGP-006/WAVE_1_V1_1_GUIDE_COMPLETION_AND_ADOPTION_CANDIDATE_PREPARATION/tests/fixtures/prohibited_mapping/mapping.csv,PATH_CLASSIFICATION: candidate_or_draft,CANONICAL_OR_CURRENT_INFERRED
STALE_DRAFT_HISTORICAL_OR_SUPERSEDED_TEXT,REVIEW_CLASSIFICATION,governance/implementation/code-guides/drafting/CGP-006/WAVE_1_V1_1_GUIDE_COMPLETION_AND_ADOPTION_CANDIDATE_PREPARATION/tests/fixtures/unauthorized_path/path.txt,PATH_CLASSIFICATION: candidate_or_draft,CANONICAL_OR_CURRENT_INFERRED
STALE_DRAFT_HISTORICAL_OR_SUPERSEDED_TEXT,REVIEW_CLASSIFICATION,governance/implementation/code-guides/drafting/CGP-006/WAVE_1_V1_1_GUIDE_COMPLETION_AND_ADOPTION_CANDIDATE_PREPARATION/tests/fixtures/unsupported_evidence_grade/grade.csv,PATH_CLASSIFICATION: candidate_or_draft,CANONICAL_OR_CURRENT_INFERRED
STALE_DRAFT_HISTORICAL_OR_SUPERSEDED_TEXT,REVIEW_CLASSIFICATION,governance/implementation/code-guides/drafting/CGP-006/WAVE_1_V1_1_GUIDE_COMPLETION_AND_ADOPTION_CANDIDATE_PREPARATION/tests/test_guide_completion_adoption_candidate.py,"PACKAGE = ROOT / ""governance/implementation/code-guides/drafting/CGP-006/WAVE_1_V1_1_GUIDE_COMPLETION_AND_ADOPTION_CANDIDATE_PREPARATION"" | VALIDATOR = PACKAGE / ""validators/validate_guide_completion_adoption_candidate.py"" | class GuideCompletionAdoptionCandid",CANONICAL_OR_CURRENT_INFERRED
STALE_DRAFT_HISTORICAL_OR_SUPERSEDED_TEXT,REVIEW_CLASSIFICATION,governance/implementation/code-guides/drafting/CGP-006/WAVE_1_V1_1_GUIDE_COMPLETION_AND_ADOPTION_CANDIDATE_PREPARATION/V1_1_LIFECYCLE_STAGE_3_21_MATRIX.csv,"ES-CG-00,3,Current-state assessment,V1_1_STAGES_3_THROUGH_21,COMPLETE_DOCUMENTARY,Current and historical materials assessed with status labels; desired state and actual repository state distinguished.,NOT_ADOPTED,NOT_ACT | ES-CG-00,4,Mandatory-question matrix,",CANONICAL_OR_CURRENT_INFERRED
STALE_DRAFT_HISTORICAL_OR_SUPERSEDED_TEXT,REVIEW_CLASSIFICATION,governance/implementation/code-guides/drafting/CGP-006/WAVE_1_V1_1_GUIDE_COMPLETION_AND_ADOPTION_CANDIDATE_PREPARATION/VALIDATION_REPORT.md,**Package ID:** `CGP-006-WAVE-1-V1-1-GUIDE-COMPLETION-ADOPTION-CANDIDATE-PREPARATION` | PYTHONDONTWRITEBYTECODE=1 python3 governance/implementation/code-guides/drafting/CGP-006/WAVE_1_V1_1_GUIDE_COMPLETION_AND_ADOPTION_CANDIDATE_PREPARATION/validators/validate,HISTORICAL_DUPLICATE_DRAFT_OR_PREDECESSOR_INFERRED
STALE_DRAFT_HISTORICAL_OR_SUPERSEDED_TEXT,REVIEW_CLASSIFICATION,governance/implementation/code-guides/drafting/CGP-006/WAVE_1_V1_1_GUIDE_COMPLETION_AND_ADOPTION_CANDIDATE_PREPARATION/validators/validate_guide_completion_adoption_candidate.py,"""""""Validate CGP-006 Wave 1 V1.1 guide completion and adoption-candidate package. | PACKAGE_REL = ROOT_REL / ""drafting/CGP-006/WAVE_1_V1_1_GUIDE_COMPLETION_AND_ADOPTION_CANDIDATE_PREPARATION"" | ""OPEN_FINDING_REGISTER.csv"", | ""RETAINED_CONDITION_WARNING_GAP_REGI",CANONICAL_OR_CURRENT_INFERRED
STALE_DRAFT_HISTORICAL_OR_SUPERSEDED_TEXT,REVIEW_CLASSIFICATION,governance/implementation/code-guides/drafting/CGP-006/WAVE_1_V1_1_GUIDE_COMPLETION_AND_ADOPTION_CANDIDATE_PREPARATION/VERIFICATION_DESIGN_MASTER_REGISTER.csv,"W1-V11-VER-ES-CG-00-CTRL-0001,ES-CG-00,CONTROL,ES-CG-00-CTRL-0001,document review;register validation;reference validation;negative-fixture validation;assurance review,VERIFIABLE_NOW_DOCUMENTARY,E3 REPEATABLE,""Package-lo | W1-V11-VER-ES-CG-00-INV-0001,ES-CG-00",CANONICAL_OR_CURRENT_INFERRED
STALE_DRAFT_HISTORICAL_OR_SUPERSEDED_TEXT,REVIEW_CLASSIFICATION,governance/implementation/code-guides/drafting/CGP-006/WAVE_1_WARNING_GAP_DISPOSITION_V1/CGP_006_WAVE_1_WARNING_GAP_DISPOSITION_CHECKSUMS.sha256,8351edae396eda8a43abc881909b04e61d9f53a8b655819f1c951c4a5c188e89 governance/implementation/code-guides/drafting/CGP-006/WAVE_1_WARNING_GAP_DISPOSITION_V1/README.md | 97cc97e72723974d88d95a069dd25d887f35a35ed1b9cee937aeb4ee066114a0 governance/implementation/cod,CANONICAL_OR_CURRENT_INFERRED
STALE_DRAFT_HISTORICAL_OR_SUPERSEDED_TEXT,REVIEW_CLASSIFICATION,governance/implementation/code-guides/drafting/CGP-006/WAVE_1_WARNING_GAP_DISPOSITION_V1/CGP_006_WAVE_1_WARNING_GAP_DISPOSITION_MANIFEST.json,"""candidate_baseline_state"": ""FOUNDER_APPROVED_CANDIDATE_BASELINE_REPOSITORY_ACCESSIONED"", | ""closure_disposition"": ""CGP_006_WAVE_1_DOCUMENTARY_GAPS_0001_0002_0003_FOUNDER_CLOSED_WITH_REPOSITORY_EVIDENCE"", | ""determination"": ""CGP_006_WAVE_1_DOCUMENTARY_GAPS_000",CANONICAL_OR_CURRENT_INFERRED
STALE_DRAFT_HISTORICAL_OR_SUPERSEDED_TEXT,REVIEW_CLASSIFICATION,governance/implementation/code-guides/drafting/CGP-006/WAVE_1_WARNING_GAP_DISPOSITION_V1/matrices/CGP_006_WAVE_1_GAP_TO_CONTROL_MATRIX.csv,"item_identifier,guide_identifier,control_identifier,control_title_or_statement,impact_state,dependency_status,clarification_needed,candidate_revision_required,implementation_status,validation_method | CGP005-TA-APP-GAP-0001,ES-CG-00,ES-CG-00-CTRL-0001,Candidat",CANONICAL_OR_CURRENT_INFERRED
STALE_DRAFT_HISTORICAL_OR_SUPERSEDED_TEXT,REVIEW_CLASSIFICATION,governance/implementation/code-guides/drafting/CGP-006/WAVE_1_WARNING_GAP_DISPOSITION_V1/matrices/CGP_006_WAVE_1_GAP_TO_GUIDE_MATRIX.csv,"item_identifier,guide_identifier,item_type,guide_impact_state,affected_section,affected_controls,affected_invariants,affected_mandatory_questions,affected_dependency,candidate_text_clarification_needed,later_adoption_con | CGP005-TA-APP-GAP-0001,ES-CG-00,Techn",HISTORICAL_DUPLICATE_DRAFT_OR_PREDECESSOR_INFERRED
STALE_DRAFT_HISTORICAL_OR_SUPERSEDED_TEXT,REVIEW_CLASSIFICATION,governance/implementation/code-guides/drafting/CGP-006/WAVE_1_WARNING_GAP_DISPOSITION_V1/matrices/CGP_006_WAVE_1_GAP_TO_INVARIANT_MATRIX.csv,"item_identifier,guide_identifier,invariant_identifier,invariant_title_or_statement,impact_state,dependency_status,clarification_needed,candidate_revision_required,implementation_status,validation_method | CGP005-TA-APP-GAP-0001,ES-CG-00,ES-CG-00-INV-0001,""Char",CANONICAL_OR_CURRENT_INFERRED
STALE_DRAFT_HISTORICAL_OR_SUPERSEDED_TEXT,REVIEW_CLASSIFICATION,governance/implementation/code-guides/drafting/CGP-006/WAVE_1_WARNING_GAP_DISPOSITION_V1/matrices/CGP_006_WAVE_1_GAP_TO_QUESTION_MATRIX.csv,"item_identifier,guide_identifier,question_identifier,question_title_or_statement,impact_state,dependency_status,clarification_needed,candidate_revision_required,implementation_status,validation_method | CGP005-TA-APP-GAP-0001,ES-CG-00,ES-CG-00-DQ-0001,Which fr",CANONICAL_OR_CURRENT_INFERRED
STALE_DRAFT_HISTORICAL_OR_SUPERSEDED_TEXT,REVIEW_CLASSIFICATION,governance/implementation/code-guides/drafting/CGP-006/WAVE_1_WARNING_GAP_DISPOSITION_V1/matrices/CGP_006_WAVE_1_WARNING_TO_CONTROL_MATRIX.csv,"item_identifier,guide_identifier,control_identifier,control_title_or_statement,impact_state,dependency_status,clarification_needed,candidate_revision_required,implementation_status,validation_method | CGP006-CLF-0001,ES-CG-10,ES-CG-10-CTRL-0001,Candidate Testi",CANONICAL_OR_CURRENT_INFERRED
STALE_DRAFT_HISTORICAL_OR_SUPERSEDED_TEXT,REVIEW_CLASSIFICATION,governance/implementation/code-guides/drafting/CGP-006/WAVE_1_WARNING_GAP_DISPOSITION_V1/matrices/CGP_006_WAVE_1_WARNING_TO_GUIDE_MATRIX.csv,"item_identifier,guide_identifier,item_type,guide_impact_state,affected_section,affected_controls,affected_invariants,affected_mandatory_questions,affected_dependency,candidate_text_clarification_needed,later_adoption_con | CGP006-CLF-0001,ES-CG-10,classificati",HISTORICAL_DUPLICATE_DRAFT_OR_PREDECESSOR_INFERRED
STALE_DRAFT_HISTORICAL_OR_SUPERSEDED_TEXT,REVIEW_CLASSIFICATION,governance/implementation/code-guides/drafting/CGP-006/WAVE_1_WARNING_GAP_DISPOSITION_V1/matrices/CGP_006_WAVE_1_WARNING_TO_INVARIANT_MATRIX.csv,"item_identifier,guide_identifier,invariant_identifier,invariant_title_or_statement,impact_state,dependency_status,clarification_needed,candidate_revision_required,implementation_status,validation_method | CGP006-CLF-0001,ES-CG-10,ES-CG-10-INV-0001,""Testing Lay",CANONICAL_OR_CURRENT_INFERRED
STALE_DRAFT_HISTORICAL_OR_SUPERSEDED_TEXT,REVIEW_CLASSIFICATION,governance/implementation/code-guides/drafting/CGP-006/WAVE_1_WARNING_GAP_DISPOSITION_V1/matrices/CGP_006_WAVE_1_WARNING_TO_QUESTION_MATRIX.csv,"item_identifier,guide_identifier,question_identifier,question_title_or_statement,impact_state,dependency_status,clarification_needed,candidate_revision_required,implementation_status,validation_method | CGP006-CLF-0001,ES-CG-10,ES-CG-10-DQ-0001,Which test and ",CANONICAL_OR_CURRENT_INFERRED
STALE_DRAFT_HISTORICAL_OR_SUPERSEDED_TEXT,REVIEW_CLASSIFICATION,governance/implementation/code-guides/drafting/CGP-006/WAVE_1_WARNING_GAP_DISPOSITION_V1/README.md,"**Package version:** `0.1.1-founder-gap-closure.1` | **Determination:** `CGP_006_WAVE_1_DOCUMENTARY_GAPS_0001_0002_0003_FOUNDER_CLOSED_WITH_REPOSITORY_EVIDENCE` | - Evidence, missing-evidence, Founder-decision, closure, lifecycle-impact, proposed-closure, and ",HISTORICAL_DUPLICATE_DRAFT_OR_PREDECESSOR_INFERRED
STALE_DRAFT_HISTORICAL_OR_SUPERSEDED_TEXT,REVIEW_CLASSIFICATION,governance/implementation/code-guides/drafting/CGP-006/WAVE_1_WARNING_GAP_DISPOSITION_V1/registers/CGP_006_WAVE_1_WARNING_GAP_ACTIVATION_IMPACT_REGISTER.csv,"CGP006-CLF-0001,ACTIVATION_BLOCKED_UNLESS_ITEM_IS_CARRIED_RESOLVED_OR_SEPARATELY_DECIDED.,CONDITIONAL_BEFORE_ACTUAL_ACTIVATION,NO | CGP006-CLF-0002,ACTIVATION_BLOCKED_UNLESS_ITEM_IS_CARRIED_RESOLVED_OR_SEPARATELY_DECIDED.,CONDITIONAL_BEFORE_ACTUAL_ACTIVATION,N",CANONICAL_OR_CURRENT_INFERRED
STALE_DRAFT_HISTORICAL_OR_SUPERSEDED_TEXT,REVIEW_CLASSIFICATION,governance/implementation/code-guides/drafting/CGP-006/WAVE_1_WARNING_GAP_DISPOSITION_V1/registers/CGP_006_WAVE_1_WARNING_GAP_ADOPTION_IMPACT_REGISTER.csv,"item_identifier,adoption_readiness_effect,actual_adoption_effect,adoption_blocking,founder_action_before_adoption | CGP005-TA-APP-GAP-0004,MAY_PROCEED_WITH_ITEM_CARRIED,ADOPTION_READINESS_REVIEW_MAY_PROCEED_WITH_ITEM_CARRIED; actual activation or implementatio",CANONICAL_OR_CURRENT_INFERRED
STALE_DRAFT_HISTORICAL_OR_SUPERSEDED_TEXT,REVIEW_CLASSIFICATION,governance/implementation/code-guides/drafting/CGP-006/WAVE_1_WARNING_GAP_DISPOSITION_V1/registers/CGP_006_WAVE_1_WARNING_GAP_CLOSURE_REGISTER.csv,"closure_record_identifier,item_identifier,founder_decision_identifier,founder_decision_status,final_gap_state,combined_disposition,closed_date,evidence_basis,authority_boundary | CGP006-WG-CLOSE-0001,CGP005-TA-APP-GAP-0001,CGP006-WG-FD-0001,APPROVE_PROPOSED_CL",CANONICAL_OR_CURRENT_INFERRED
STALE_DRAFT_HISTORICAL_OR_SUPERSEDED_TEXT,REVIEW_CLASSIFICATION,governance/implementation/code-guides/drafting/CGP-006/WAVE_1_WARNING_GAP_DISPOSITION_V1/registers/CGP_006_WAVE_1_WARNING_GAP_DISPOSITION_REGISTER.csv,"stable_identifier,title,item_type,originating_artifact,originating_package,original_finding_language,current_repository_state,affected_guides,affected_guide_sections,affected_controls,affected_invariants,affected_mandato | CGP006-CLF-0001,External standard rem",CANONICAL_OR_CURRENT_INFERRED
STALE_DRAFT_HISTORICAL_OR_SUPERSEDED_TEXT,REVIEW_CLASSIFICATION,governance/implementation/code-guides/drafting/CGP-006/WAVE_1_WARNING_GAP_DISPOSITION_V1/registers/CGP_006_WAVE_1_WARNING_GAP_EVIDENCE_REGISTER.csv,"CGP006-WG-EVID-0001,CGP006-CLF-0001,REPOSITORY_NATIVE_DOCUMENTARY_EVIDENCE,FOUNDER_APPROVED_AND_REPOSITORY_ACCESSIONED_GOVERNANCE_RECORDS,governance/implementation/code-guides/classification/CGP-006/CGP_006_CLASSIFICATIO | CGP006-WG-EVID-0002,CGP006-CLF-0002,R",CANONICAL_OR_CURRENT_INFERRED
STALE_DRAFT_HISTORICAL_OR_SUPERSEDED_TEXT,REVIEW_CLASSIFICATION,governance/implementation/code-guides/drafting/CGP-006/WAVE_1_WARNING_GAP_DISPOSITION_V1/registers/CGP_006_WAVE_1_WARNING_GAP_FOUNDER_CLOSURE_DECISION_REGISTER.csv,"decision_identifier,related_warning_or_gap,founder_decision_status,decision_record_status,actual_closure_status,closure_disposition,evidence_paths | CGP006-WG-FD-0001,CGP005-TA-APP-GAP-0001,APPROVE_PROPOSED_CLOSURE,RECORDED,CLOSED_WITH_REPOSITORY_DOCUMENTARY_E",CANONICAL_OR_CURRENT_INFERRED
STALE_DRAFT_HISTORICAL_OR_SUPERSEDED_TEXT,REVIEW_CLASSIFICATION,governance/implementation/code-guides/drafting/CGP-006/WAVE_1_WARNING_GAP_DISPOSITION_V1/registers/CGP_006_WAVE_1_WARNING_GAP_FOUNDER_DECISION_NEEDED_REGISTER.csv,"decision_identifier,related_warning_or_gap,affected_guides,precise_question,available_options,normative_support_for_each_option,contextual_considerations,recommended_option,rationale,risk_of_each_option,effect_of_deferra | CGP006-WG-FD-0001,CGP005-TA-APP-GAP-0",CANONICAL_OR_CURRENT_INFERRED
STALE_DRAFT_HISTORICAL_OR_SUPERSEDED_TEXT,REVIEW_CLASSIFICATION,governance/implementation/code-guides/drafting/CGP-006/WAVE_1_WARNING_GAP_DISPOSITION_V1/registers/CGP_006_WAVE_1_WARNING_GAP_IMPLEMENTATION_IMPACT_REGISTER.csv,"CGP005-TA-APP-GAP-0004,NOT_AUTHORIZED; no implementation mapping begins in this review.,IMPLEMENTATION_BLOCKED_UNTIL_SEPARATE_AUTHORITY_AND_EVIDENCE_EXIST.,YES,YES | PATH_CLASSIFICATION: candidate_or_draft",CANONICAL_OR_CURRENT_INFERRED
STALE_DRAFT_HISTORICAL_OR_SUPERSEDED_TEXT,REVIEW_CLASSIFICATION,governance/implementation/code-guides/drafting/CGP-006/WAVE_1_WARNING_GAP_DISPOSITION_V1/registers/CGP_006_WAVE_1_WARNING_GAP_MISSING_EVIDENCE_REGISTER.csv,"CGP006-CLF-0001,""NONE_FOR_DISPOSITION_REVIEW; later adoption or activation must carry, resolve, or separately decide the item."",Founder/Codex governance review,ADOPTION_READINESS_REVIEW_OR_SEPARATE_FOUNDER_CLOSURE_DISPOS | CGP006-CLF-0002,""NONE_FOR_DISPOSITION",CANONICAL_OR_CURRENT_INFERRED
STALE_DRAFT_HISTORICAL_OR_SUPERSEDED_TEXT,REVIEW_CLASSIFICATION,governance/implementation/code-guides/drafting/CGP-006/WAVE_1_WARNING_GAP_DISPOSITION_V1/registers/CGP_006_WAVE_1_WARNING_GAP_PROPOSED_CLOSURE_REGISTER.csv,"item_identifier,proposed_closure_status,closure_evidence_complete,closure_prerequisites,actual_closure_status,founder_disposition_required,founder_decision_status,closure_disposition,evidence_paths | CGP005-TA-APP-GAP-0001,APPROVED_BY_FOUNDER,YES,SATISFIED_BY_",CANONICAL_OR_CURRENT_INFERRED
STALE_DRAFT_HISTORICAL_OR_SUPERSEDED_TEXT,REVIEW_CLASSIFICATION,governance/implementation/code-guides/drafting/CGP-006/WAVE_1_WARNING_GAP_DISPOSITION_V1/registers/CGP_006_WAVE_1_WARNING_GAP_RETAINED_OPEN_REGISTER.csv,"item_identifier,current_disposition,retained_open_status,is_proposed_closure,reason_retained | CGP006-CLF-0001,RETAIN_OPEN_NON_BLOCKING,RETAINED_OPEN_NON_BLOCKING,NO,The repository evidence supports retaining the item open as a non-blocking lifecycle guard; it",CANONICAL_OR_CURRENT_INFERRED
STALE_DRAFT_HISTORICAL_OR_SUPERSEDED_TEXT,REVIEW_CLASSIFICATION,governance/implementation/code-guides/drafting/CGP-006/WAVE_1_WARNING_GAP_DISPOSITION_V1/reports/CGP_006_WAVE_1_WARNING_GAP_DISPOSITION_REPORT.md,"**Package version:** `0.1.1-founder-gap-closure.1` | **Determination:** `CGP_006_WAVE_1_DOCUMENTARY_GAPS_0001_0002_0003_FOUNDER_CLOSED_WITH_REPOSITORY_EVIDENCE` | This package records Founder-approved documentary closure for `CGP005-TA-APP-GAP-0001`, `CGP005-T",CANONICAL_OR_CURRENT_INFERRED
STALE_DRAFT_HISTORICAL_OR_SUPERSEDED_TEXT,REVIEW_CLASSIFICATION,governance/implementation/code-guides/drafting/CGP-006/WAVE_1_WARNING_GAP_DISPOSITION_V1/reports/CGP_006_WAVE_1_WARNING_GAP_PREMUTATION_VERIFICATION.md,"- Candidate-baseline accession state: `FOUNDER_APPROVED_CANDIDATE_BASELINE_REPOSITORY_ACCESSIONED` | - Guide lifecycle states: `FOUNDER_APPROVED_CANDIDATE_BASELINE`, `REPOSITORY_ACCESSIONED`, `NOT_ADOPTED`, `NOT_ACTIVE`, `IMPLEMENTATION_AUTHORITY_NOT_GRANTED` ",CANONICAL_OR_CURRENT_INFERRED
STALE_DRAFT_HISTORICAL_OR_SUPERSEDED_TEXT,REVIEW_CLASSIFICATION,governance/implementation/code-guides/drafting/CGP-006/WAVE_1_WARNING_GAP_DISPOSITION_V1/reports/CGP_006_WAVE_1_WARNING_GAP_REVIEW_DISPOSITION.md,"**Disposition:** `CGP_006_WAVE_1_DOCUMENTARY_GAPS_0001_0002_0003_FOUNDER_CLOSED_WITH_REPOSITORY_EVIDENCE` | The package records the Founder-approved closure of `CGP005-TA-APP-GAP-0001`, `CGP005-TA-APP-GAP-0002`, and `CGP005-TA-APP-GAP-0003` as `CLOSED_WITH_REP",CANONICAL_OR_CURRENT_INFERRED
STALE_DRAFT_HISTORICAL_OR_SUPERSEDED_TEXT,REVIEW_CLASSIFICATION,governance/implementation/code-guides/drafting/CGP-006/WAVE_1_WARNING_GAP_DISPOSITION_V1/reports/CGP_006_WAVE_1_WARNING_GAP_VALIDATION_REPORT.md,**Package version:** `0.1.1-founder-gap-closure.1` | **Determination:** `CGP_006_WAVE_1_DOCUMENTARY_GAPS_0001_0002_0003_FOUNDER_CLOSED_WITH_REPOSITORY_EVIDENCE` | - Candidate-baseline integrity validator: `PASS` | - Closure-evidence validator: `PASS` for Found,CANONICAL_OR_CURRENT_INFERRED
STALE_DRAFT_HISTORICAL_OR_SUPERSEDED_TEXT,REVIEW_CLASSIFICATION,governance/implementation/code-guides/founder-determinations/ES-FD-SOLO-FOUNDER-COMPENSATING-ASSURANCE-2026-07-29/CHECKSUM_MANIFEST.sha256,2f236be86899553f6c0e03df085134120c053a9b89c8fbef53143494d40277b3 FOUNDER_APPROVAL_RECORD.md | e777598974887456f22bfc77d8db6c9a235502fc552fb28ce6ff52a77ca3fb61 FOUNDER_DETERMINATION_SOLO_FOUNDER_COMPENSATING_ASSURANCE_MODEL_2026-07-29.md | 280b60dbbc966a2fa718f,HISTORICAL_DUPLICATE_DRAFT_OR_PREDECESSOR_INFERRED
STALE_DRAFT_HISTORICAL_OR_SUPERSEDED_TEXT,REVIEW_CLASSIFICATION,governance/implementation/code-guides/founder-determinations/ES-FD-SOLO-FOUNDER-COMPENSATING-ASSURANCE-2026-07-29/PACKAGE_MANIFEST.json,"""canonical_document"": ""FOUNDER_DETERMINATION_SOLO_FOUNDER_COMPENSATING_ASSURANCE_MODEL_2026-07-29.md"", | ""document_id"": ""ES-FD-SOLO-FOUNDER-COMPENSATING-ASSURANCE-2026-07-29"", | ""path"": ""FOUNDER_APPROVAL_RECORD.md"", | ""path"": ""FOUNDER_DETERMINATION_SOLO_FOUNDE",HISTORICAL_DUPLICATE_DRAFT_OR_PREDECESSOR_INFERRED
STALE_DRAFT_HISTORICAL_OR_SUPERSEDED_TEXT,REVIEW_CLASSIFICATION,governance/implementation/code-guides/founder-determinations/ES-FD-SOLO-FOUNDER-COMPENSATING-ASSURANCE-2026-07-29/README.md,# Solo-Founder Compensating Assurance Founder Determination Accession Package | This package introduces the Founder-approved determination `ES-FD-SOLO-FOUNDER-COMPENSATING-ASSURANCE-2026-07-29` as canonical repository evidence for protected accession and separ,HISTORICAL_DUPLICATE_DRAFT_OR_PREDECESSOR_INFERRED
STALE_DRAFT_HISTORICAL_OR_SUPERSEDED_TEXT,REVIEW_CLASSIFICATION,governance/implementation/code-guides/founder-determinations/ES-FD-SOLO-FOUNDER-COMPENSATING-ASSURANCE-2026-07-29/TEXTUAL_CORRECTION_AND_APPROVAL_FINALIZATION_LEDGER.csv,"change_id,source_text,replacement_text,expected_occurrences,actual_occurrences,affected_candidate_lines,substantive_effect,authorized_by,validation_status | SFCA-TXT-001,MEDICAL_OR SAFETY,MEDICAL_OR_SAFETY,2,2,376;627,CONTROLLED_TOKEN_SEPARATOR_CORRECTION_ONLY",CANONICAL_OR_CURRENT_INFERRED
STALE_DRAFT_HISTORICAL_OR_SUPERSEDED_TEXT,REVIEW_CLASSIFICATION,governance/implementation/code-guides/founder-determinations/ES-FD-SOLO-FOUNDER-COMPENSATING-ASSURANCE-2026-07-29/VALIDATION_REPORT.md,**Document ID:** `ES-FD-SOLO-FOUNDER-COMPENSATING-ASSURANCE-2026-07-29` | **Manifest:** `PENDING_REGENERATION_BEFORE_COMMIT` | **Checksum:** `PENDING_REGENERATION_BEFORE_COMMIT` | `PROGRAM_PLAN_V1_1_CONTROLLING`,HISTORICAL_DUPLICATE_DRAFT_OR_PREDECESSOR_INFERRED
STALE_DRAFT_HISTORICAL_OR_SUPERSEDED_TEXT,REVIEW_CLASSIFICATION,governance/implementation/code-guides/guides/ES-CG-00/ES-CG-00_DRAFTING_QUESTION_INVENTORY.csv,"question_id,guide_id,question_domain,question_text,required_for_drafting,answer_status,authority_basis,blocked_by,required_next_prompt,notes | ES-CG-00-DQ-0004,ES-CG-00,prompt_boundaries,Which future prompt boundaries must the charter name for guide drafting a",CANONICAL_OR_CURRENT_INFERRED
STALE_DRAFT_HISTORICAL_OR_SUPERSEDED_TEXT,REVIEW_CLASSIFICATION,governance/implementation/code-guides/guides/ES-CG-00/README.md,"- Adoption state: `NOT_ADOPTED` | - Expected drafting prompt ID: `CG-00-DRAFT` | - Governing source references: `CGP-001`, `CGP-002`, `CGP-003`, `CGP-004`, `CGP-005`, Founder-issued future drafting prompt | Validators may confirm this placeholder is structural",HISTORICAL_DUPLICATE_DRAFT_OR_PREDECESSOR_INFERRED
STALE_DRAFT_HISTORICAL_OR_SUPERSEDED_TEXT,REVIEW_CLASSIFICATION,governance/implementation/code-guides/guides/ES-CG-00/source-freeze/ES-CG-00_DRAFTING_READINESS_REPORT.md,"# ES-CG-00 Drafting Readiness Report | The guide remains NOT_ADOPTED, NOT_ACTIVE, not implemented, and not activated as a gate. CGP-006 was not begun. | PATH_CLASSIFICATION: candidate_or_draft",CANONICAL_OR_CURRENT_INFERRED
STALE_DRAFT_HISTORICAL_OR_SUPERSEDED_TEXT,REVIEW_CLASSIFICATION,governance/implementation/code-guides/guides/ES-CG-00/source-freeze/ES-CG-00_NORMATIVE_SOURCE_SELECTION_REPORT.md,This report records the curated minimum source set returned for Founder review. It does not draft guide controls and does not advance guide maturity. | - Initial CGP-003 candidate count: `2214` | - Normative controlling count: `19` | - Necessary historical cou,CANONICAL_OR_CURRENT_INFERRED
STALE_DRAFT_HISTORICAL_OR_SUPERSEDED_TEXT,REVIEW_CLASSIFICATION,governance/implementation/code-guides/guides/ES-CG-00/source-freeze/ES-CG-00_REFERENCE_CORPUS_RECONCILIATION.md,- Reference corpus candidates considered: `2214` | - Normative rows retained: `29` | Rows not retained remain searchable and checksum-controlled in `WAVE_1_REFERENCE_CORPUS_*` artifacts but are not drafting authority.,CANONICAL_OR_CURRENT_INFERRED
STALE_DRAFT_HISTORICAL_OR_SUPERSEDED_TEXT,REVIEW_CLASSIFICATION,governance/implementation/code-guides/guides/ES-CG-00/source-freeze/ES-CG-00_SOURCE_BURDEN_SUMMARY.md,- Candidate rows reviewed: `2214` | - Normative rows retained: `29`,CANONICAL_OR_CURRENT_INFERRED
STALE_DRAFT_HISTORICAL_OR_SUPERSEDED_TEXT,REVIEW_CLASSIFICATION,governance/implementation/code-guides/guides/ES-CG-00/source-freeze/ES-CG-00_SOURCE_EXCLUSION_REGISTER.csv,"exclusion_id,guide_id,source_id,title,repository_path,authority_status,source_class,inclusion_category,exclusion_reason,required_later_action,blocks_drafting,blocks_adoption_or_activation | CGP005-EXCL-ES-CG-00-0001,ES-CG-00,CGSRC-ARCH-0001,API_CONTRACTS.md,do",CANONICAL_OR_CURRENT_INFERRED
STALE_DRAFT_HISTORICAL_OR_SUPERSEDED_TEXT,REVIEW_CLASSIFICATION,governance/implementation/code-guides/guides/ES-CG-00/source-freeze/ES-CG-00_SOURCE_FREEZE_MANIFEST.json,"""candidate_count"": 2214, | ""non_authorization"": ""Normative source selection is returned for Founder review only; it does not draft controls or start CGP-006."", | ""inclusion_category"": ""CONTROLLING_FROZEN"", | ""necessity_test"": ""CONTROLLING_AUTHORITY"",",CANONICAL_OR_CURRENT_INFERRED
STALE_DRAFT_HISTORICAL_OR_SUPERSEDED_TEXT,REVIEW_CLASSIFICATION,governance/implementation/code-guides/guides/ES-CG-00/source-freeze/ES-CG-00_SOURCE_FREEZE_REPORT.md,"CGP-005 separates the broad reference corpus from this Founder-accepted curated normative source freeze for `ES-CG-00`. | This source freeze is a drafting prerequisite only and is not adoption, activation, implementation, gate activation, or CGP-006 authority.",CANONICAL_OR_CURRENT_INFERRED
STALE_DRAFT_HISTORICAL_OR_SUPERSEDED_TEXT,REVIEW_CLASSIFICATION,governance/implementation/code-guides/guides/ES-CG-01/ES-CG-01_DRAFTING_QUESTION_INVENTORY.csv,"question_id,guide_id,question_domain,question_text,required_for_drafting,answer_status,authority_basis,blocked_by,required_next_prompt,notes | ES-CG-01-DQ-0002,ES-CG-01,authority_classes,""How should controlling, supporting, historical, proposed, blocked, and i",CANONICAL_OR_CURRENT_INFERRED
STALE_DRAFT_HISTORICAL_OR_SUPERSEDED_TEXT,REVIEW_CLASSIFICATION,governance/implementation/code-guides/guides/ES-CG-01/README.md,"- Adoption state: `NOT_ADOPTED` | - Expected drafting prompt ID: `CG-01-DRAFT` | - Governing source references: `CGP-001`, `CGP-002`, `CGP-003`, `CGP-004`, `CGP-005`, Founder-issued future drafting prompt | Validators may confirm this placeholder is structural",HISTORICAL_DUPLICATE_DRAFT_OR_PREDECESSOR_INFERRED
STALE_DRAFT_HISTORICAL_OR_SUPERSEDED_TEXT,REVIEW_CLASSIFICATION,governance/implementation/code-guides/guides/ES-CG-01/source-freeze/ES-CG-01_DRAFTING_READINESS_REPORT.md,"# ES-CG-01 Drafting Readiness Report | The guide remains NOT_ADOPTED, NOT_ACTIVE, not implemented, and not activated as a gate. CGP-006 was not begun. | PATH_CLASSIFICATION: candidate_or_draft",CANONICAL_OR_CURRENT_INFERRED
STALE_DRAFT_HISTORICAL_OR_SUPERSEDED_TEXT,REVIEW_CLASSIFICATION,governance/implementation/code-guides/guides/ES-CG-01/source-freeze/ES-CG-01_NORMATIVE_SOURCE_SELECTION_REPORT.md,This report records the curated minimum source set returned for Founder review. It does not draft guide controls and does not advance guide maturity. | - Initial CGP-003 candidate count: `2214` | - Normative controlling count: `19` | - Necessary historical cou,CANONICAL_OR_CURRENT_INFERRED
STALE_DRAFT_HISTORICAL_OR_SUPERSEDED_TEXT,REVIEW_CLASSIFICATION,governance/implementation/code-guides/guides/ES-CG-01/source-freeze/ES-CG-01_REFERENCE_CORPUS_RECONCILIATION.md,- Reference corpus candidates considered: `2214` | - Normative rows retained: `34` | Rows not retained remain searchable and checksum-controlled in `WAVE_1_REFERENCE_CORPUS_*` artifacts but are not drafting authority.,CANONICAL_OR_CURRENT_INFERRED
STALE_DRAFT_HISTORICAL_OR_SUPERSEDED_TEXT,REVIEW_CLASSIFICATION,governance/implementation/code-guides/guides/ES-CG-01/source-freeze/ES-CG-01_SOURCE_BURDEN_SUMMARY.md,- Candidate rows reviewed: `2214` | - Normative rows retained: `34`,CANONICAL_OR_CURRENT_INFERRED
STALE_DRAFT_HISTORICAL_OR_SUPERSEDED_TEXT,REVIEW_CLASSIFICATION,governance/implementation/code-guides/guides/ES-CG-01/source-freeze/ES-CG-01_SOURCE_EXCLUSION_REGISTER.csv,"exclusion_id,guide_id,source_id,title,repository_path,authority_status,source_class,inclusion_category,exclusion_reason,required_later_action,blocks_drafting,blocks_adoption_or_activation | CGP005-EXCL-ES-CG-01-0001,ES-CG-01,CGSRC-ARCH-0001,API_CONTRACTS.md,do",CANONICAL_OR_CURRENT_INFERRED
STALE_DRAFT_HISTORICAL_OR_SUPERSEDED_TEXT,REVIEW_CLASSIFICATION,governance/implementation/code-guides/guides/ES-CG-01/source-freeze/ES-CG-01_SOURCE_FREEZE_MANIFEST.json,"""candidate_count"": 2214, | ""non_authorization"": ""Normative source selection is returned for Founder review only; it does not draft controls or start CGP-006."", | ""inclusion_category"": ""CONTROLLING_FROZEN"", | ""necessity_test"": ""CONTROLLING_AUTHORITY"",",CANONICAL_OR_CURRENT_INFERRED
STALE_DRAFT_HISTORICAL_OR_SUPERSEDED_TEXT,REVIEW_CLASSIFICATION,governance/implementation/code-guides/guides/ES-CG-01/source-freeze/ES-CG-01_SOURCE_FREEZE_REPORT.md,"CGP-005 separates the broad reference corpus from this Founder-accepted curated normative source freeze for `ES-CG-01`. | This source freeze is a drafting prerequisite only and is not adoption, activation, implementation, gate activation, or CGP-006 authority.",CANONICAL_OR_CURRENT_INFERRED
STALE_DRAFT_HISTORICAL_OR_SUPERSEDED_TEXT,REVIEW_CLASSIFICATION,governance/implementation/code-guides/guides/ES-CG-02/README.md,"- Adoption state: `NOT_ADOPTED` | - Expected drafting prompt ID: `CG-02-DRAFT` | - Governing source references: `CGP-001`, `CGP-002`, Founder-issued future drafting prompt | - Machine-readable companion reference: Reserved for later authorized guide draft pack",HISTORICAL_DUPLICATE_DRAFT_OR_PREDECESSOR_INFERRED
STALE_DRAFT_HISTORICAL_OR_SUPERSEDED_TEXT,REVIEW_CLASSIFICATION,governance/implementation/code-guides/guides/ES-CG-03/README.md,"- Adoption state: `NOT_ADOPTED` | - Expected drafting prompt ID: `CG-03-DRAFT` | - Governing source references: `CGP-001`, `CGP-002`, Founder-issued future drafting prompt | - Machine-readable companion reference: Reserved for later authorized guide draft pack",HISTORICAL_DUPLICATE_DRAFT_OR_PREDECESSOR_INFERRED
STALE_DRAFT_HISTORICAL_OR_SUPERSEDED_TEXT,REVIEW_CLASSIFICATION,governance/implementation/code-guides/guides/ES-CG-04/README.md,"- Adoption state: `NOT_ADOPTED` | - Expected drafting prompt ID: `CG-04-DRAFT` | - Governing source references: `CGP-001`, `CGP-002`, Founder-issued future drafting prompt | - Machine-readable companion reference: Reserved for later authorized guide draft pack",HISTORICAL_DUPLICATE_DRAFT_OR_PREDECESSOR_INFERRED
STALE_DRAFT_HISTORICAL_OR_SUPERSEDED_TEXT,REVIEW_CLASSIFICATION,governance/implementation/code-guides/guides/ES-CG-05/README.md,"- Adoption state: `NOT_ADOPTED` | - Expected drafting prompt ID: `CG-05-DRAFT` | - Governing source references: `CGP-001`, `CGP-002`, Founder-issued future drafting prompt | - Machine-readable companion reference: Reserved for later authorized guide draft pack",HISTORICAL_DUPLICATE_DRAFT_OR_PREDECESSOR_INFERRED
STALE_DRAFT_HISTORICAL_OR_SUPERSEDED_TEXT,REVIEW_CLASSIFICATION,governance/implementation/code-guides/guides/ES-CG-06/README.md,"- Adoption state: `NOT_ADOPTED` | - Expected drafting prompt ID: `CG-06-DRAFT` | - Governing source references: `CGP-001`, `CGP-002`, Founder-issued future drafting prompt | - Machine-readable companion reference: Reserved for later authorized guide draft pack",HISTORICAL_DUPLICATE_DRAFT_OR_PREDECESSOR_INFERRED
STALE_DRAFT_HISTORICAL_OR_SUPERSEDED_TEXT,REVIEW_CLASSIFICATION,governance/implementation/code-guides/guides/ES-CG-07/README.md,"- Adoption state: `NOT_ADOPTED` | - Expected drafting prompt ID: `CG-07-DRAFT` | - Governing source references: `CGP-001`, `CGP-002`, Founder-issued future drafting prompt | - Machine-readable companion reference: Reserved for later authorized guide draft pack",HISTORICAL_DUPLICATE_DRAFT_OR_PREDECESSOR_INFERRED
STALE_DRAFT_HISTORICAL_OR_SUPERSEDED_TEXT,REVIEW_CLASSIFICATION,governance/implementation/code-guides/guides/ES-CG-08/README.md,"- Adoption state: `NOT_ADOPTED` | - Expected drafting prompt ID: `CG-08-DRAFT` | - Governing source references: `CGP-001`, `CGP-002`, Founder-issued future drafting prompt | - Machine-readable companion reference: Reserved for later authorized guide draft pack",HISTORICAL_DUPLICATE_DRAFT_OR_PREDECESSOR_INFERRED
STALE_DRAFT_HISTORICAL_OR_SUPERSEDED_TEXT,REVIEW_CLASSIFICATION,governance/implementation/code-guides/guides/ES-CG-09/README.md,"- Adoption state: `NOT_ADOPTED` | - Expected drafting prompt ID: `CG-09-DRAFT` | - Governing source references: `CGP-001`, `CGP-002`, Founder-issued future drafting prompt | - Machine-readable companion reference: Reserved for later authorized guide draft pack",HISTORICAL_DUPLICATE_DRAFT_OR_PREDECESSOR_INFERRED
STALE_DRAFT_HISTORICAL_OR_SUPERSEDED_TEXT,REVIEW_CLASSIFICATION,governance/implementation/code-guides/guides/ES-CG-10/ES-CG-10_DRAFTING_QUESTION_INVENTORY.csv,"question_id,guide_id,question_domain,question_text,required_for_drafting,answer_status,authority_basis,blocked_by,required_next_prompt,notes | ES-CG-10-DQ-0001,ES-CG-10,test_layers,Which test and verification layers must be distinguished during later drafting?",CANONICAL_OR_CURRENT_INFERRED
STALE_DRAFT_HISTORICAL_OR_SUPERSEDED_TEXT,REVIEW_CLASSIFICATION,governance/implementation/code-guides/guides/ES-CG-10/README.md,"- Adoption state: `NOT_ADOPTED` | - Expected drafting prompt ID: `CG-10-DRAFT` | - Governing source references: `CGP-001`, `CGP-002`, `CGP-003`, `CGP-004`, `CGP-005`, Founder-issued future drafting prompt | Validators may confirm this placeholder is structural",HISTORICAL_DUPLICATE_DRAFT_OR_PREDECESSOR_INFERRED
STALE_DRAFT_HISTORICAL_OR_SUPERSEDED_TEXT,REVIEW_CLASSIFICATION,governance/implementation/code-guides/guides/ES-CG-10/source-freeze/ES-CG-10_DRAFTING_READINESS_REPORT.md,"# ES-CG-10 Drafting Readiness Report | The guide remains NOT_ADOPTED, NOT_ACTIVE, not implemented, and not activated as a gate. CGP-006 was not begun. | PATH_CLASSIFICATION: candidate_or_draft",CANONICAL_OR_CURRENT_INFERRED
STALE_DRAFT_HISTORICAL_OR_SUPERSEDED_TEXT,REVIEW_CLASSIFICATION,governance/implementation/code-guides/guides/ES-CG-10/source-freeze/ES-CG-10_NORMATIVE_SOURCE_SELECTION_REPORT.md,This report records the curated minimum source set returned for Founder review. It does not draft guide controls and does not advance guide maturity. | - Initial CGP-003 candidate count: `2103` | - Normative controlling count: `8` | - Necessary historical coun,CANONICAL_OR_CURRENT_INFERRED
STALE_DRAFT_HISTORICAL_OR_SUPERSEDED_TEXT,REVIEW_CLASSIFICATION,governance/implementation/code-guides/guides/ES-CG-10/source-freeze/ES-CG-10_REFERENCE_CORPUS_RECONCILIATION.md,- Reference corpus candidates considered: `2103` | - Normative rows retained: `31` | Rows not retained remain searchable and checksum-controlled in `WAVE_1_REFERENCE_CORPUS_*` artifacts but are not drafting authority.,CANONICAL_OR_CURRENT_INFERRED
STALE_DRAFT_HISTORICAL_OR_SUPERSEDED_TEXT,REVIEW_CLASSIFICATION,governance/implementation/code-guides/guides/ES-CG-10/source-freeze/ES-CG-10_SOURCE_BURDEN_SUMMARY.md,- Candidate rows reviewed: `2103` | - Normative rows retained: `31`,CANONICAL_OR_CURRENT_INFERRED
STALE_DRAFT_HISTORICAL_OR_SUPERSEDED_TEXT,REVIEW_CLASSIFICATION,governance/implementation/code-guides/guides/ES-CG-10/source-freeze/ES-CG-10_SOURCE_EXCLUSION_REGISTER.csv,"exclusion_id,guide_id,source_id,title,repository_path,authority_status,source_class,inclusion_category,exclusion_reason,required_later_action,blocks_drafting,blocks_adoption_or_activation | CGP005-EXCL-ES-CG-10-0001,ES-CG-10,CGSRC-ARCH-0004,Audit Logging (Phas",CANONICAL_OR_CURRENT_INFERRED
STALE_DRAFT_HISTORICAL_OR_SUPERSEDED_TEXT,REVIEW_CLASSIFICATION,governance/implementation/code-guides/guides/ES-CG-10/source-freeze/ES-CG-10_SOURCE_FREEZE_MANIFEST.json,"""candidate_count"": 2103,",CANONICAL_OR_CURRENT_INFERRED
STALE_DRAFT_HISTORICAL_OR_SUPERSEDED_TEXT,REVIEW_CLASSIFICATION,governance/implementation/code-guides/guides/ES-CG-10/source-freeze/ES-CG-10_SOURCE_FREEZE_REPORT.md,"CGP-005 separates the broad reference corpus from this Founder-accepted curated normative source freeze for `ES-CG-10`. | This source freeze is a drafting prerequisite only and is not adoption, activation, implementation, gate activation, or CGP-006 authority.",CANONICAL_OR_CURRENT_INFERRED
STALE_DRAFT_HISTORICAL_OR_SUPERSEDED_TEXT,REVIEW_CLASSIFICATION,governance/implementation/code-guides/guides/ES-CG-11/README.md,"- Adoption state: `NOT_ADOPTED` | - Expected drafting prompt ID: `CG-11-DRAFT` | - Governing source references: `CGP-001`, `CGP-002`, Founder-issued future drafting prompt | - Machine-readable companion reference: Reserved for later authorized guide draft pack",HISTORICAL_DUPLICATE_DRAFT_OR_PREDECESSOR_INFERRED
STALE_DRAFT_HISTORICAL_OR_SUPERSEDED_TEXT,REVIEW_CLASSIFICATION,governance/implementation/code-guides/guides/ES-CG-12/README.md,"- Adoption state: `NOT_ADOPTED` | - Expected drafting prompt ID: `CG-12-DRAFT` | - Governing source references: `CGP-001`, `CGP-002`, Founder-issued future drafting prompt | - Machine-readable companion reference: Reserved for later authorized guide draft pack",HISTORICAL_DUPLICATE_DRAFT_OR_PREDECESSOR_INFERRED
STALE_DRAFT_HISTORICAL_OR_SUPERSEDED_TEXT,REVIEW_CLASSIFICATION,governance/implementation/code-guides/guides/ES-CG-13/ES-CG-13_DRAFTING_QUESTION_INVENTORY.csv,"question_id,guide_id,question_domain,question_text,required_for_drafting,answer_status,authority_basis,blocked_by,required_next_prompt,notes | ES-CG-13-DQ-0001,ES-CG-13,traceability_model,What source-to-guide-to-control traceability structure is required durin",CANONICAL_OR_CURRENT_INFERRED
STALE_DRAFT_HISTORICAL_OR_SUPERSEDED_TEXT,REVIEW_CLASSIFICATION,governance/implementation/code-guides/guides/ES-CG-13/README.md,"- Adoption state: `NOT_ADOPTED` | - Expected drafting prompt ID: `CG-13-DRAFT` | - Governing source references: `CGP-001`, `CGP-002`, `CGP-003`, `CGP-004`, `CGP-005`, Founder-issued future drafting prompt | Validators may confirm this placeholder is structural",HISTORICAL_DUPLICATE_DRAFT_OR_PREDECESSOR_INFERRED
STALE_DRAFT_HISTORICAL_OR_SUPERSEDED_TEXT,REVIEW_CLASSIFICATION,governance/implementation/code-guides/guides/ES-CG-13/source-freeze/ES-CG-13_DRAFTING_READINESS_REPORT.md,"# ES-CG-13 Drafting Readiness Report | The guide remains NOT_ADOPTED, NOT_ACTIVE, not implemented, and not activated as a gate. CGP-006 was not begun. | PATH_CLASSIFICATION: candidate_or_draft",CANONICAL_OR_CURRENT_INFERRED
STALE_DRAFT_HISTORICAL_OR_SUPERSEDED_TEXT,REVIEW_CLASSIFICATION,governance/implementation/code-guides/guides/ES-CG-13/source-freeze/ES-CG-13_NORMATIVE_SOURCE_SELECTION_REPORT.md,This report records the curated minimum source set returned for Founder review. It does not draft guide controls and does not advance guide maturity. | - Initial CGP-003 candidate count: `2265` | - Normative controlling count: `19` | - Necessary historical cou,CANONICAL_OR_CURRENT_INFERRED
STALE_DRAFT_HISTORICAL_OR_SUPERSEDED_TEXT,REVIEW_CLASSIFICATION,governance/implementation/code-guides/guides/ES-CG-13/source-freeze/ES-CG-13_REFERENCE_CORPUS_RECONCILIATION.md,- Reference corpus candidates considered: `2265` | - Normative rows retained: `45` | Rows not retained remain searchable and checksum-controlled in `WAVE_1_REFERENCE_CORPUS_*` artifacts but are not drafting authority.,CANONICAL_OR_CURRENT_INFERRED
STALE_DRAFT_HISTORICAL_OR_SUPERSEDED_TEXT,REVIEW_CLASSIFICATION,governance/implementation/code-guides/guides/ES-CG-13/source-freeze/ES-CG-13_SOURCE_BURDEN_SUMMARY.md,- Candidate rows reviewed: `2265` | - Normative rows retained: `45`,CANONICAL_OR_CURRENT_INFERRED
STALE_DRAFT_HISTORICAL_OR_SUPERSEDED_TEXT,REVIEW_CLASSIFICATION,governance/implementation/code-guides/guides/ES-CG-13/source-freeze/ES-CG-13_SOURCE_EXCLUSION_REGISTER.csv,"exclusion_id,guide_id,source_id,title,repository_path,authority_status,source_class,inclusion_category,exclusion_reason,required_later_action,blocks_drafting,blocks_adoption_or_activation | CGP005-EXCL-ES-CG-13-0001,ES-CG-13,CGSRC-ARCH-0001,API_CONTRACTS.md,do",CANONICAL_OR_CURRENT_INFERRED
STALE_DRAFT_HISTORICAL_OR_SUPERSEDED_TEXT,REVIEW_CLASSIFICATION,governance/implementation/code-guides/guides/ES-CG-13/source-freeze/ES-CG-13_SOURCE_FREEZE_MANIFEST.json,"""candidate_count"": 2265,",CANONICAL_OR_CURRENT_INFERRED
STALE_DRAFT_HISTORICAL_OR_SUPERSEDED_TEXT,REVIEW_CLASSIFICATION,governance/implementation/code-guides/guides/ES-CG-13/source-freeze/ES-CG-13_SOURCE_FREEZE_REPORT.md,"CGP-005 separates the broad reference corpus from this Founder-accepted curated normative source freeze for `ES-CG-13`. | This source freeze is a drafting prerequisite only and is not adoption, activation, implementation, gate activation, or CGP-006 authority.",CANONICAL_OR_CURRENT_INFERRED
STALE_DRAFT_HISTORICAL_OR_SUPERSEDED_TEXT,REVIEW_CLASSIFICATION,governance/implementation/code-guides/handoffs/CGP_006_WAVE_1_ADOPTION_READINESS_REVIEW_HANDOFF.md,- CGP-006 Wave 1 candidate baseline state: `FOUNDER_APPROVED_CANDIDATE_BASELINE_REPOSITORY_ACCESSIONED` | - Documentary gap closure disposition: `CGP_006_WAVE_1_DOCUMENTARY_GAPS_0001_0002_0003_FOUNDER_CLOSED_AND_REPOSITORY_ACCESSIONED` | - Retained open warnin,CANONICAL_OR_CURRENT_INFERRED
STALE_DRAFT_HISTORICAL_OR_SUPERSEDED_TEXT,REVIEW_CLASSIFICATION,governance/implementation/code-guides/handoffs/CGP_006_WAVE_1_BOUNDED_CANDIDATE_DRAFTING_HANDOFF.md,# CGP-006 Wave 1 Bounded Candidate Drafting Handoff | **Handoff status:** `WAVE_1_BOUNDED_CANDIDATE_DRAFTING_READY_TO_BEGIN_IN_SEPARATE_WORKSTREAM` | - CGP-006 Document Classification Gate disposition: `CGP_006_DOCUMENT_CLASSIFICATION_GATE_FOUNDER_APPROVED_WIT,CANONICAL_OR_CURRENT_INFERRED
STALE_DRAFT_HISTORICAL_OR_SUPERSEDED_TEXT,REVIEW_CLASSIFICATION,governance/implementation/code-guides/initiation/CGP-006/CGP_006_AUTHORITY_BOUNDARY.md,"This package records documentary initiation evidence, Founder-approved CGP-006 decisions, and the protected repository-integration path. It authorizes bounded Wave 1 candidate drafting only after the mandatory document-c | The CGP-005 two-layer model remains c",CANONICAL_OR_CURRENT_INFERRED
STALE_DRAFT_HISTORICAL_OR_SUPERSEDED_TEXT,REVIEW_CLASSIFICATION,governance/implementation/code-guides/initiation/CGP-006/CGP_006_CHECKSUMS.sha256,6603fed89a7a054a1e5bcd73345a6d78c3d261ab69d3d54ba41632f6948131b9 initiation/CGP-006/CGP_006_FOUNDER_DECISION_REGISTER.md | 28d63832c54a7804514bbc1ce8d4bb65bc688a31086fbc2ce291d38b69ea86f3 registers/CODE_GUIDE_OPEN_DECISION_REGISTER.csv | 28d63832c54a7804514bbc,CANONICAL_OR_CURRENT_INFERRED
STALE_DRAFT_HISTORICAL_OR_SUPERSEDED_TEXT,REVIEW_CLASSIFICATION,governance/implementation/code-guides/initiation/CGP-006/CGP_006_FOUNDER_DECISION_REGISTER.md,"# CGP-006 Founder Decision Register | **Status rule:** Founder approval has been recorded for all six CGP-006 decisions under the directive `CGP-006 Founder Approval, Repository Integration, and Mandatory Document Classification Before Wave 1 Drafting`. | **De",CANONICAL_OR_CURRENT_INFERRED
STALE_DRAFT_HISTORICAL_OR_SUPERSEDED_TEXT,REVIEW_CLASSIFICATION,governance/implementation/code-guides/initiation/CGP-006/CGP_006_INITIATION_ASSESSMENT.md,"`CGP_006_FOUNDER_DISPOSITION_RECORDED_INTEGRATION_PENDING` | | Repository authority defining CGP-006 | The tracker names CGP-006 as `Draft initial Wave 1 guide materials`, dependency register `CGDEP-0014` links CGP-006 to accepted CGP-005 source-freeze readine",CANONICAL_OR_CURRENT_INFERRED
STALE_DRAFT_HISTORICAL_OR_SUPERSEDED_TEXT,REVIEW_CLASSIFICATION,governance/implementation/code-guides/initiation/CGP-006/CGP_006_INPUT_REGISTER.md,"CGP-006 inputs are classified under the CGP-005 two-layer model. Founder has authorized bounded Wave 1 candidate drafting, but curated guide-specific normative rows may influence candidate drafting material only after th | | CGP-005 repository integration rece",CANONICAL_OR_CURRENT_INFERRED
STALE_DRAFT_HISTORICAL_OR_SUPERSEDED_TEXT,REVIEW_CLASSIFICATION,governance/implementation/code-guides/initiation/CGP-006/CGP_006_OUTPUT_REGISTER.md,"| CGP006-OUT-0001 | CGP_006_INITIATION_ASSESSMENT.md | DOCUMENTARY_ASSESSMENT | REQUIRED | FOUNDER_DISPOSITION_RECORDED | Defines discovered authority, approved bounded function, inputs, decisions, risks, validations, li | | CGP006-OUT-0003 | CGP_006_SCOPE_AND",CANONICAL_OR_CURRENT_INFERRED
STALE_DRAFT_HISTORICAL_OR_SUPERSEDED_TEXT,REVIEW_CLASSIFICATION,governance/implementation/code-guides/initiation/CGP-006/CGP_006_PACKAGE_MANIFEST.json,"""authority_boundary"": ""DOCUMENTARY_INITIATION_FOUNDER_APPROVED_FOR_BOUNDED_CANDIDATE_DRAFTING_CLASSIFICATION_GATE_REQUIRED_NOT_ADOPTED_NOT_ACTIVE"", | ""candidate_drafting_authority"": ""BOUNDED_WAVE_1_CANDIDATE_DRAFTING_ONLY_AFTER_CLASSIFICATION_GATE_PASS"", | ""cl",CANONICAL_OR_CURRENT_INFERRED
STALE_DRAFT_HISTORICAL_OR_SUPERSEDED_TEXT,REVIEW_CLASSIFICATION,governance/implementation/code-guides/initiation/CGP-006/CGP_006_PR23_CONFLICT_ASSESSMENT.md,**PR title:** `Record Founder decisions ES-TA-FD-001 through ES-TA-FD-008` | PR `#23` added ten files under `governance/implementation/technical-audit/founder-decisions/ES-TA-FD-001-008-V1.1.0/` and did not modify files under `governance/implementation/code-gu,CANONICAL_OR_CURRENT_INFERRED
STALE_DRAFT_HISTORICAL_OR_SUPERSEDED_TEXT,REVIEW_CLASSIFICATION,governance/implementation/code-guides/initiation/CGP-006/CGP_006_REPOSITORY_LIFECYCLE_PLAN.md,"8. Commit and push the candidate package if validation passes. | 9. Open a pull request for Founder review if repository workflow allows. | 10. After Founder approval, record the six approved decisions, reconcile bounded metadata, rerun validation, and integra",CANONICAL_OR_CURRENT_INFERRED
STALE_DRAFT_HISTORICAL_OR_SUPERSEDED_TEXT,REVIEW_CLASSIFICATION,governance/implementation/code-guides/initiation/CGP-006/CGP_006_RISK_FINDING_DEVIATION_REGISTER.csv,"finding_id,severity,type,title,description,evidence,affected_guides,status,required_action,blocks_initiation,blocks_substantive_drafting,blocks_adoption_or_activation,notes | CGP006-F-0001,P2,SCOPE_AUTHORITY,CGP-006 bounded candidate drafting authority recorde",CANONICAL_OR_CURRENT_INFERRED
STALE_DRAFT_HISTORICAL_OR_SUPERSEDED_TEXT,REVIEW_CLASSIFICATION,governance/implementation/code-guides/initiation/CGP-006/CGP_006_SCOPE_AND_BOUNDARY.md,The repository-discovered purpose of CGP-006 is `Draft initial Wave 1 guide materials`. Founder approval now authorizes bounded candidate drafting for the four Wave 1 source-frozen guide families only after the mandatory | | In scope | Record Founder-approved ,CANONICAL_OR_CURRENT_INFERRED
STALE_DRAFT_HISTORICAL_OR_SUPERSEDED_TEXT,REVIEW_CLASSIFICATION,governance/implementation/code-guides/initiation/CGP-006/CGP_006_VALIDATION_PLAN.md,"Validation results must use only `PASS`, `FAIL`, `BLOCKED`, `WARNING`, or `NOT_YET_APPLICABLE`. A blocked or not-yet-applicable condition must not be converted into a pass. | | Unapproved adoption | PASS | No Wave 1 guide may change from `NOT_ADOPTED`. | | | F",CANONICAL_OR_CURRENT_INFERRED
STALE_DRAFT_HISTORICAL_OR_SUPERSEDED_TEXT,REVIEW_CLASSIFICATION,governance/implementation/code-guides/packages/.gitkeep,STATUS_NOT_EXPLICITLY_EXTRACTED,HISTORICAL_DUPLICATE_DRAFT_OR_PREDECESSOR_INFERRED
STALE_DRAFT_HISTORICAL_OR_SUPERSEDED_TEXT,REVIEW_CLASSIFICATION,governance/implementation/code-guides/packages/CGP_002_SHA256SUMS.txt,28d63832c54a7804514bbc1ce8d4bb65bc688a31086fbc2ce291d38b69ea86f3 registers/OPEN_DECISION_REGISTER.csv | 1481bbf1534fb745833e26755edbceb86a9a61250547fd3d66137d26cd25d1bc templates/BLOCKED_RECEIPT_TEMPLATE.md | 173f52a8b440b1766ac70d0c42d7af070b76c1057b2364c2dc8,SUPERSEDED_OR_SUPERSESSION_TEXT_PRESENT
STALE_DRAFT_HISTORICAL_OR_SUPERSEDED_TEXT,REVIEW_CLASSIFICATION,governance/implementation/code-guides/packages/CGP_005_CREATED_ARTIFACT_MANIFEST.json,"""path"": ""governance/implementation/code-guides/guides/ES-CG-00/ES-CG-00_DRAFTING_QUESTION_INVENTORY.csv"" | ""path"": ""governance/implementation/code-guides/guides/ES-CG-00/source-freeze/ES-CG-00_DRAFTING_READINESS_REPORT.md"" | ""path"": ""governance/implementation/",CANONICAL_OR_CURRENT_INFERRED
STALE_DRAFT_HISTORICAL_OR_SUPERSEDED_TEXT,REVIEW_CLASSIFICATION,governance/implementation/code-guides/packages/CGP_005_SHA256SUMS.txt,6e9884506ef5a6f474a2b8db344dfe7d75604e4ccadf9856d8f670efc082e9dc guides/ES-CG-00/ES-CG-00_DRAFTING_QUESTION_INVENTORY.csv | 89fa7d5f711f2946f09cbe7889751a0aebe54dda18f7dd4ebe30c269652680ab guides/ES-CG-00/source-freeze/ES-CG-00_DRAFTING_READINESS_REPORT.md | 6,CANONICAL_OR_CURRENT_INFERRED
STALE_DRAFT_HISTORICAL_OR_SUPERSEDED_TEXT,REVIEW_CLASSIFICATION,governance/implementation/code-guides/profiles/.gitkeep,STATUS_NOT_EXPLICITLY_EXTRACTED,HISTORICAL_DUPLICATE_DRAFT_OR_PREDECESSOR_INFERRED
STALE_DRAFT_HISTORICAL_OR_SUPERSEDED_TEXT,REVIEW_CLASSIFICATION,governance/implementation/code-guides/profiles/ADMINISTRATIVE_FEATURE_PROFILE.yaml,"""profile_version"": ""1.1.0-candidate"",",CANONICAL_OR_CURRENT_INFERRED
STALE_DRAFT_HISTORICAL_OR_SUPERSEDED_TEXT,REVIEW_CLASSIFICATION,governance/implementation/code-guides/profiles/AI_ASSISTED_WORKFLOW_PROFILE.yaml,"""profile_version"": ""1.1.0-candidate"",",CANONICAL_OR_CURRENT_INFERRED
STALE_DRAFT_HISTORICAL_OR_SUPERSEDED_TEXT,REVIEW_CLASSIFICATION,governance/implementation/code-guides/profiles/ANDROID_FEATURE_PROFILE.yaml,"""profile_version"": ""1.1.0-candidate"",",CANONICAL_OR_CURRENT_INFERRED
STALE_DRAFT_HISTORICAL_OR_SUPERSEDED_TEXT,REVIEW_CLASSIFICATION,governance/implementation/code-guides/profiles/BACKGROUND_JOB_PROFILE.yaml,"""profile_version"": ""1.1.0-candidate"",",CANONICAL_OR_CURRENT_INFERRED
STALE_DRAFT_HISTORICAL_OR_SUPERSEDED_TEXT,REVIEW_CLASSIFICATION,governance/implementation/code-guides/profiles/CORE_BACKEND_PROFILE.yaml,"""profile_version"": ""1.1.0-candidate"",",CANONICAL_OR_CURRENT_INFERRED
STALE_DRAFT_HISTORICAL_OR_SUPERSEDED_TEXT,REVIEW_CLASSIFICATION,governance/implementation/code-guides/profiles/DATA_MIGRATION_PROFILE.yaml,"""profile_version"": ""1.1.0-candidate"",",CANONICAL_OR_CURRENT_INFERRED
STALE_DRAFT_HISTORICAL_OR_SUPERSEDED_TEXT,REVIEW_CLASSIFICATION,governance/implementation/code-guides/profiles/EQUINE_HEALTH_WORKFLOW_PROFILE.yaml,"""profile_version"": ""1.1.0-candidate"",",CANONICAL_OR_CURRENT_INFERRED
STALE_DRAFT_HISTORICAL_OR_SUPERSEDED_TEXT,REVIEW_CLASSIFICATION,governance/implementation/code-guides/profiles/EVIDENCE_AND_AUDIT_PROFILE.yaml,"""profile_version"": ""1.1.0-candidate"",",CANONICAL_OR_CURRENT_INFERRED
STALE_DRAFT_HISTORICAL_OR_SUPERSEDED_TEXT,REVIEW_CLASSIFICATION,governance/implementation/code-guides/profiles/EXTERNAL_INTEGRATION_PROFILE.yaml,"""profile_version"": ""1.1.0-candidate"",",CANONICAL_OR_CURRENT_INFERRED
STALE_DRAFT_HISTORICAL_OR_SUPERSEDED_TEXT,REVIEW_CLASSIFICATION,governance/implementation/code-guides/profiles/FACILITY_SCOPED_WORKFLOW_PROFILE.yaml,"""profile_version"": ""1.1.0-candidate"",",CANONICAL_OR_CURRENT_INFERRED
STALE_DRAFT_HISTORICAL_OR_SUPERSEDED_TEXT,REVIEW_CLASSIFICATION,governance/implementation/code-guides/profiles/FINANCIAL_WORKFLOW_PROFILE.yaml,"""profile_version"": ""1.1.0-candidate"",",CANONICAL_OR_CURRENT_INFERRED
STALE_DRAFT_HISTORICAL_OR_SUPERSEDED_TEXT,REVIEW_CLASSIFICATION,governance/implementation/code-guides/profiles/IOS_FEATURE_PROFILE.yaml,"""profile_version"": ""1.1.0-candidate"",",CANONICAL_OR_CURRENT_INFERRED
STALE_DRAFT_HISTORICAL_OR_SUPERSEDED_TEXT,REVIEW_CLASSIFICATION,governance/implementation/code-guides/profiles/MINOR_PROTECTED_WORKFLOW_PROFILE.yaml,"""profile_version"": ""1.1.0-candidate"",",CANONICAL_OR_CURRENT_INFERRED
STALE_DRAFT_HISTORICAL_OR_SUPERSEDED_TEXT,REVIEW_CLASSIFICATION,governance/implementation/code-guides/profiles/NOTIFICATION_AND_CALENDAR_PROFILE.yaml,"""profile_version"": ""1.1.0-candidate"",",CANONICAL_OR_CURRENT_INFERRED
STALE_DRAFT_HISTORICAL_OR_SUPERSEDED_TEXT,REVIEW_CLASSIFICATION,governance/implementation/code-guides/profiles/OFFLINE_WORKFLOW_PROFILE.yaml,"""profile_version"": ""1.1.0-candidate"",",CANONICAL_OR_CURRENT_INFERRED
STALE_DRAFT_HISTORICAL_OR_SUPERSEDED_TEXT,REVIEW_CLASSIFICATION,governance/implementation/code-guides/profiles/PRIVILEGED_ACCESS_PROFILE.yaml,"""profile_version"": ""1.1.0-candidate"",",CANONICAL_OR_CURRENT_INFERRED
STALE_DRAFT_HISTORICAL_OR_SUPERSEDED_TEXT,REVIEW_CLASSIFICATION,governance/implementation/code-guides/profiles/REPORTING_AND_EXPORT_PROFILE.yaml,"""profile_version"": ""1.1.0-candidate"",",CANONICAL_OR_CURRENT_INFERRED
STALE_DRAFT_HISTORICAL_OR_SUPERSEDED_TEXT,REVIEW_CLASSIFICATION,governance/implementation/code-guides/profiles/WEB_FEATURE_PROFILE.yaml,"""profile_version"": ""1.1.0-candidate"",",CANONICAL_OR_CURRENT_INFERRED
STALE_DRAFT_HISTORICAL_OR_SUPERSEDED_TEXT,REVIEW_CLASSIFICATION,governance/implementation/code-guides/PROGRAM_STATUS.md,**Program maturity:** CGP-006 Wave 1 V1.1 Stage 22 adoption Founder-approved for exact reviewed PR #54 guide bytes; Stage 23 protected repository accession through PR #54 is protectedly merged and separate custody is com | **Current guide maturity:** Wave 1 gu,SUPERSEDED_OR_SUPERSESSION_TEXT_PRESENT
STALE_DRAFT_HISTORICAL_OR_SUPERSEDED_TEXT,REVIEW_CLASSIFICATION,governance/implementation/code-guides/program-plan/ES-CODE-GUIDE-CREATION-REVIEW-ASSURANCE-PLAN-V1.1/AUTHORITY_AND_SUPERSESSION_ANALYSIS.md,The Founder-approved V1.1 plan creates controlling documentary program-plan authority only after protected repository accession and post-merge custody are complete. | The Founder disposition identifies the historical draft: | The V1.1 plan supersedes that hist,CANONICAL_OR_CURRENT_INFERRED
STALE_DRAFT_HISTORICAL_OR_SUPERSEDED_TEXT,REVIEW_CLASSIFICATION,governance/implementation/code-guides/program-plan/ES-CODE-GUIDE-CREATION-REVIEW-ASSURANCE-PLAN-V1.1/CHECKSUM_MANIFEST.sha256,71c794755ad07ddc4361c8708a93d3efeb712dc91f52f25c89e7046439a5ab66 governance/implementation/code-guides/program-plan/ES-CODE-GUIDE-CREATION-REVIEW-ASSURANCE-PLAN-V1.1/FOUNDER_APPROVAL_AND_RATIFICATION_DISPOSITION.md,HISTORICAL_DUPLICATE_DRAFT_OR_PREDECESSOR_INFERRED
STALE_DRAFT_HISTORICAL_OR_SUPERSEDED_TEXT,REVIEW_CLASSIFICATION,governance/implementation/code-guides/program-plan/ES-CODE-GUIDE-CREATION-REVIEW-ASSURANCE-PLAN-V1.1/ES-CODE-GUIDE-CREATION-REVIEW-ASSURANCE-PLAN-V1.1.md,## Founder-Approval Candidate and Controlled-Development Standard | **Document Version:** `1.1.0-founder-approval-candidate.1` | **Status:** `FOUNDER_APPROVAL_CANDIDATE` | **Current Authority Effect:** Documentary proposal pending exact-byte Founder approval a,SUPERSEDED_OR_SUPERSESSION_TEXT_PRESENT
STALE_DRAFT_HISTORICAL_OR_SUPERSEDED_TEXT,REVIEW_CLASSIFICATION,governance/implementation/code-guides/program-plan/ES-CODE-GUIDE-CREATION-REVIEW-ASSURANCE-PLAN-V1.1/FOUNDER_APPROVAL_AND_RATIFICATION_DISPOSITION.md,# Founder Approval And Ratification Disposition | **Document version:** `1.1.0-founder-approval-candidate.1` | **Founder approval date:** `2026-07-28` | **Founder disposition:** `APPROVED_AS_CONTROLLING_DOCUMENTARY_PROGRAM_PLAN_PENDING_PROTECTED_REPOSITORY_ACC,SUPERSEDED_OR_SUPERSESSION_TEXT_PRESENT
STALE_DRAFT_HISTORICAL_OR_SUPERSEDED_TEXT,REVIEW_CLASSIFICATION,governance/implementation/code-guides/program-plan/ES-CODE-GUIDE-CREATION-REVIEW-ASSURANCE-PLAN-V1.1/PACKAGE_MANIFEST.json,"""path"": ""governance/implementation/code-guides/program-plan/ES-CODE-GUIDE-CREATION-REVIEW-ASSURANCE-PLAN-V1.1/FOUNDER_APPROVAL_AND_RATIFICATION_DISPOSITION.md"",",HISTORICAL_DUPLICATE_DRAFT_OR_PREDECESSOR_INFERRED
STALE_DRAFT_HISTORICAL_OR_SUPERSEDED_TEXT,REVIEW_CLASSIFICATION,governance/implementation/code-guides/program-plan/ES-CODE-GUIDE-CREATION-REVIEW-ASSURANCE-PLAN-V1.1/PRIOR_CGP_LIMITED_RATIFICATION_ANALYSIS.md,This analysis records the effect of Founder-approved V1.1 plan ratification on CGP-001 through CGP-006. | The Founder ratifies the use of the V1.1 plan's structure and principles in CGP-001 through CGP-006 only to the extent that the applicable work was separa,CANONICAL_OR_CURRENT_INFERRED
STALE_DRAFT_HISTORICAL_OR_SUPERSEDED_TEXT,REVIEW_CLASSIFICATION,governance/implementation/code-guides/program-plan/ES-CODE-GUIDE-CREATION-REVIEW-ASSURANCE-PLAN-V1.1/PROGRAM_DOCUMENT_OVERVIEW.md,"This package accessions the exact Founder-approved V1.1 Code Implementation Guide Creation, Review, and Assurance Plan bytes into canonical repository custody. | This package registers the V1.1 plan as Founder-approved and pending protected accession/custody u",CANONICAL_OR_CURRENT_INFERRED
STALE_DRAFT_HISTORICAL_OR_SUPERSEDED_TEXT,REVIEW_CLASSIFICATION,governance/implementation/code-guides/program-plan/ES-CODE-GUIDE-CREATION-REVIEW-ASSURANCE-PLAN-V1.1/PROTECTED_INTEGRATION_PLAN.md,"2. Open a draft PR against `integrate-emergent-final-zip`. | - historical-source treatment; | - PR #44 is no longer open, draft, unmerged, based on `integrate-emergent-final-zip`, or at `f94c26188e8d35c413b366135df12057b58c2d7d`; | - required protected checks ",CANONICAL_OR_CURRENT_INFERRED
STALE_DRAFT_HISTORICAL_OR_SUPERSEDED_TEXT,REVIEW_CLASSIFICATION,governance/implementation/code-guides/program-plan/ES-CODE-GUIDE-CREATION-REVIEW-ASSURANCE-PLAN-V1.1/SOURCE_FREEZE_MANIFEST.json,"""approval_effect_after_custody"": ""FOUNDER_APPROVED_CONTROLLING_DOCUMENTARY_PROGRAM_PLAN"", | ""founder_disposition"": ""APPROVED_AS_CONTROLLING_DOCUMENTARY_PROGRAM_PLAN_PENDING_PROTECTED_REPOSITORY_ACCESSION_AND_CUSTODY"", | ""historical_v1_0_treatment"": ""HISTORICAL",CANONICAL_OR_CURRENT_INFERRED
STALE_DRAFT_HISTORICAL_OR_SUPERSEDED_TEXT,REVIEW_CLASSIFICATION,governance/implementation/code-guides/program-plan/ES-CODE-GUIDE-CREATION-REVIEW-ASSURANCE-PLAN-V1.1/SOURCE_REGISTER.md,| `CGP-V1.1-SRC-0001` | `ES-CODE-GUIDE-CREATION-REVIEW-ASSURANCE-PLAN-V1.1_REVISED.md` | `governance/implementation/code-guides/program-plan/ES-CODE-GUIDE-CREATION-REVIEW-ASSURANCE-PLAN-V1.1/ES-CODE-GUIDE-CREATION-REVIEW | | `CGP-V1.1-SRC-0002` | `Founder Appr,HISTORICAL_DUPLICATE_DRAFT_OR_PREDECESSOR_INFERRED
STALE_DRAFT_HISTORICAL_OR_SUPERSEDED_TEXT,REVIEW_CLASSIFICATION,governance/implementation/code-guides/program-plan/ES-CODE-GUIDE-CREATION-REVIEW-ASSURANCE-PLAN-V1.1/V1_0_TO_V1_1_CHANGE_AND_STRENGTHENING_SUMMARY.md,"V1.1 strengthens the historical V1.0 program-plan concept into a Founder-approved documentary program framework with explicit accession, custody, authority, evidence, assurance, lifecycle, validator, and activation bound | 1. Exact-byte approval and repository",SUPERSEDED_OR_SUPERSESSION_TEXT_PRESENT
STALE_DRAFT_HISTORICAL_OR_SUPERSEDED_TEXT,REVIEW_CLASSIFICATION,governance/implementation/code-guides/program-plan/ES-CODE-GUIDE-CREATION-REVIEW-ASSURANCE-PLAN-V1.1/VALIDATION_REPORT.md,"| PR #44 verified open, draft, unmerged, on base `integrate-emergent-final-zip`, at head `f94c26188e8d35c413b366135df12057b58c2d7d` | `PASS` | | | Historical treatment recorded without reconstruction | `PASS` |",HISTORICAL_DUPLICATE_DRAFT_OR_PREDECESSOR_INFERRED
STALE_DRAFT_HISTORICAL_OR_SUPERSEDED_TEXT,REVIEW_CLASSIFICATION,governance/implementation/code-guides/program-plan/ES-CODE-GUIDE-CREATION-REVIEW-ASSURANCE-PLAN-V1.1/validation/validate_program_plan_v1_1_accession.py,"""FOUNDER_APPROVAL_AND_RATIFICATION_DISPOSITION.md"", | ""FOUNDER_APPROVAL_AND_RATIFICATION_DISPOSITION.md"": [ | ""FOUNDER_APPROVED_CONTROLLING_DOCUMENTARY_PROGRAM_PLAN"", | ""HISTORICAL_SOURCE_NOT_LOCATED_IN_CANONICAL_REPOSITORY"",",CANONICAL_OR_CURRENT_INFERRED
STALE_DRAFT_HISTORICAL_OR_SUPERSEDED_TEXT,REVIEW_CLASSIFICATION,governance/implementation/code-guides/README.md,"**Current controlling program-plan accession:** `ES-CODE-GUIDE-CREATION-REVIEW-ASSURANCE-PLAN-V1.1` | The Founder-approved V1.1 Code Implementation Guide Creation, Review, and Assurance Plan is accessioned at: | Founder approval status: | `APPROVED_AS_CONTROLL",HISTORICAL_DUPLICATE_DRAFT_OR_PREDECESSOR_INFERRED
STALE_DRAFT_HISTORICAL_OR_SUPERSEDED_TEXT,REVIEW_CLASSIFICATION,governance/implementation/code-guides/receipts/CGP_001_PROGRAM_INITIALIZATION_RECEIPT.md,- Historical Founder-confirmed receipt commit: `46b93b1f0cec3a50734a744912836636dd74e0fd` | ## Open Decisions | No open decisions were registered by CGP-001. | ## Retained Gaps,CANONICAL_OR_CURRENT_INFERRED
STALE_DRAFT_HISTORICAL_OR_SUPERSEDED_TEXT,REVIEW_CLASSIFICATION,governance/implementation/code-guides/receipts/CGP_001_REPOSITORY_INTEGRATION_RECEIPT.md,"**Founder disposition:** `APPROVED_FOR_DOCUMENTARY_SCAFFOLD_MERGE` | ## Retained Gaps | CGP-002 was not begun. No CGP-002 source freeze, drafting, substantive schema strengthening, substantive validator implementation, guide control creation, implementation pr",CANONICAL_OR_CURRENT_INFERRED
STALE_DRAFT_HISTORICAL_OR_SUPERSEDED_TEXT,REVIEW_CLASSIFICATION,governance/implementation/code-guides/receipts/CGP_001_SHA256SUMS.txt,cc139629d6d4f0d669a7cbbaf34011482f3e68664fc27772f69a6d944aa67a27 registers/OPEN_DECISION_REGISTER.csv | 130bbb69155d0c9197b3f88cc6ea9a3391cf30a14769b28807f342d17a6dc001 templates/BLOCKED_RECEIPT_TEMPLATE.md | 2f1c238353ef8821026ec14387c5d1c22b35830af449f405f99,CANONICAL_OR_CURRENT_INFERRED
STALE_DRAFT_HISTORICAL_OR_SUPERSEDED_TEXT,REVIEW_CLASSIFICATION,governance/implementation/code-guides/receipts/CGP_003_FOUNDER_DECISION_RECONCILIATION.md,# CGP-003 Founder Decision Reconciliation | Founder disposition accepted the CGP-003 source inventory as a broad discovery and reconciliation index. It is not the final frozen source set for any individual Code Guide. Each guide must later establish its own ex,SUPERSEDED_OR_SUPERSESSION_TEXT_PRESENT
STALE_DRAFT_HISTORICAL_OR_SUPERSEDED_TEXT,REVIEW_CLASSIFICATION,governance/implementation/code-guides/receipts/CGP_003_REPOSITORY_INTEGRATION_RECEIPT.md,- Controlling source records: `403` | - Historical source records: `38` | - Blocked source records: `4` | Founder disposition dated `2026-07-26` closed the five CGP-003 decision records:,CANONICAL_OR_CURRENT_INFERRED
STALE_DRAFT_HISTORICAL_OR_SUPERSEDED_TEXT,REVIEW_CLASSIFICATION,governance/implementation/code-guides/receipts/CGP_004_EXECUTION_RECEIPT.md,**Pull-request authority:** Granted by Founder continuation for CGP-004 repository integration only | **Merge authority:** Granted by Founder continuation for CGP-004 repository integration only | - Returned branch head `1500c053009b2b47509a12796108db78fc7a8c2,SUPERSEDED_OR_SUPERSESSION_TEXT_PRESENT
STALE_DRAFT_HISTORICAL_OR_SUPERSEDED_TEXT,REVIEW_CLASSIFICATION,governance/implementation/code-guides/receipts/CGP_004_FOUNDER_DECISION_RECONCILIATION.md,# CGP-004 Founder Decision Reconciliation | Founder authorized documentary current-state assessment reconciliation and repository integration. This reconciliation closes the three CGP-004 open decision records as deferred downstream decisions and preserves the,SUPERSEDED_OR_SUPERSESSION_TEXT_PRESENT
STALE_DRAFT_HISTORICAL_OR_SUPERSEDED_TEXT,REVIEW_CLASSIFICATION,governance/implementation/code-guides/receipts/CGP_004_REPOSITORY_INTEGRATION_RECEIPT.md,- Metadata pull request: `PENDING_METADATA_PR_CREATED_AFTER_THIS_COMMIT` | - Metadata commit: `PENDING_METADATA_BRANCH_COMMIT_VERIFIED_AFTER_PUSH` | - Final remote default-branch head after metadata reconciliation: `PENDING_METADATA_MERGE_COMMIT_REPORTED_IN_FI,SUPERSEDED_OR_SUPERSESSION_TEXT_PRESENT
STALE_DRAFT_HISTORICAL_OR_SUPERSEDED_TEXT,REVIEW_CLASSIFICATION,governance/implementation/code-guides/receipts/CGP_006_DOCUMENT_CLASSIFICATION_GATE_REPOSITORY_INTEGRATION_RECEIPT.md,"`CGP_006_DOCUMENT_CLASSIFICATION_GATE_RECEIPT_MERGED_PENDING_METADATA_FINALIZATION` | The Founder-approved CGP-006 Document Classification Gate package completed its protected primary merge through PR `#30`, and this repository-native custody receipt completed",CANONICAL_OR_CURRENT_INFERRED
STALE_DRAFT_HISTORICAL_OR_SUPERSEDED_TEXT,REVIEW_CLASSIFICATION,governance/implementation/code-guides/receipts/CGP_006_REPOSITORY_INTEGRATION_RECEIPT.md,- Founder-reviewed candidate head before reconciliation: `a6136d21bfa3e6cf0d5ca065e53085f912c214c5` | - Founder-approval reconciliation commit: `dbc614205e8200442f105fa54f0167740b57ce3c` | - Metadata pull request: `PENDING_METADATA_PR_CREATED_AFTER_THIS_COMMIT,CANONICAL_OR_CURRENT_INFERRED
STALE_DRAFT_HISTORICAL_OR_SUPERSEDED_TEXT,REVIEW_CLASSIFICATION,governance/implementation/code-guides/receipts/CGP_006_WAVE_1_CANDIDATE_BASELINE_CUSTODY_RECEIPT.md,# CGP-006 Wave 1 Candidate Baseline Custody Receipt | **Prompt ID:** `CGP-006-WAVE-1-CANDIDATE-BASELINE` | **Package ID:** `ES-CGP-006-WAVE-1-CANDIDATE-DRAFTING-V1` | **Package version:** `0.1.2-candidate-baseline-approval.1` | PATH_CLASSIFICATION: candidate_o,SUPERSEDED_OR_SUPERSESSION_TEXT_PRESENT
STALE_DRAFT_HISTORICAL_OR_SUPERSEDED_TEXT,REVIEW_CLASSIFICATION,governance/implementation/code-guides/receipts/CGP_006_WAVE_1_CONDITIONAL_ADOPTION_METADATA_RECONCILIATION.md,**Directive ID:** `CGP_006_WAVE_1_CONDITIONAL_FOUNDER_ADOPTION_AND_PROTECTED_INTEGRATION_DIRECTIVE_V1_0_0` | `CONDITIONALLY_ADOPTED_AND_PROTECTEDLY_MERGED_NOT_ACTIVATED` | - drafted; | - Founder conditional adoption record `CGP006-W1-CAR-0001` is present in th,CANONICAL_OR_CURRENT_INFERRED
STALE_DRAFT_HISTORICAL_OR_SUPERSEDED_TEXT,REVIEW_CLASSIFICATION,governance/implementation/code-guides/receipts/CGP_006_WAVE_1_V1_1_ADOPTION_AUTHORITY_RECONCILIATION_CUSTODY_RECEIPT.md,| Founder disposition | `FOUNDER_APPROVED_ADOPTION_AUTHORITY_RECONCILIATION_PENDING_PROTECTED_INTEGRATION_AND_CUSTODY` | | | Package path | `governance/implementation/code-guides/drafting/CGP-006/WAVE_1_V1_1_ADOPTION_AUTHORITY_RECONCILIATION/` | | | Current V1,CANONICAL_OR_CURRENT_INFERRED
STALE_DRAFT_HISTORICAL_OR_SUPERSEDED_TEXT,REVIEW_CLASSIFICATION,governance/implementation/code-guides/receipts/CGP_006_WAVE_1_V1_1_STAGE_22_ADOPTION_STAGE_23_ACCESSION_CUSTODY_RECEIPT.md,**Directive ID:** `CGP_006_WAVE_1_V1_1_STAGE_22_FOUNDER_ADOPTION_AND_STAGE_23_PROTECTED_ACCESSION_DIRECTIVE_V1_0_0` | **Founder disposition:** `FOUNDER_APPROVED_STAGE_22_ADOPTION_PENDING_PROTECTED_ACCESSION_AND_CUSTODY` | **Package path:** `governance/implemen,CANONICAL_OR_CURRENT_INFERRED
STALE_DRAFT_HISTORICAL_OR_SUPERSEDED_TEXT,REVIEW_CLASSIFICATION,governance/implementation/code-guides/receipts/ES_CODE_GUIDE_PROGRAM_PLAN_V1_1_REPOSITORY_CUSTODY_RECEIPT.md,"- Founder approval date: `2026-07-28` | - Founder disposition: `APPROVED_AS_CONTROLLING_DOCUMENTARY_PROGRAM_PLAN_PENDING_PROTECTED_REPOSITORY_ACCESSION_AND_CUSTODY` | | Historical V1.0 treatment recorded | `PASS` | | | PR #44 preserved open, draft, unmerged, a",CANONICAL_OR_CURRENT_INFERRED
STALE_DRAFT_HISTORICAL_OR_SUPERSEDED_TEXT,REVIEW_CLASSIFICATION,governance/implementation/code-guides/receipts/ES_CODE_GUIDE_PROGRAM_V1_1_RECONCILIATION_CUSTODY_RECEIPT.md,**Directive ID:** `CGP_006_CODE_GUIDE_PROGRAM_V1_1_RECONCILIATION_FOUNDER_DISPOSITION_AND_CUSTODY` | `PR_44_REQUIRES_REBASE_AND_REVALIDATION_UNDER_NEW_CONTROLLING_BASELINE` | - Initial draft package head: `94ddcaf1072b4068b8b3eb353b1d7d2fdcdc612e` | | Founder ,SUPERSEDED_OR_SUPERSESSION_TEXT_PRESENT
STALE_DRAFT_HISTORICAL_OR_SUPERSEDED_TEXT,REVIEW_CLASSIFICATION,governance/implementation/code-guides/receipts/ES_CODE_GUIDE_PROGRAM_V1_1_REVISION_AND_PR_44_SUCCESSOR_CUSTODY_RECEIPT.md,`CGP_006_CODE_GUIDE_PROGRAM_V1_1_REVISION_AND_PR_44_SUCCESSOR_PREPARATION_COMPLETE_READY_FOR_FOUNDER_REVIEW` | `CGP_006_WAVE_1_V1_1_SUCCESSOR_READY_FOR_FOUNDER_REVIEW_WITH_CONDITIONS` | - Founder-reviewed PR head: `0df2437966a1017e2d60e3af04a6a57e28a934ea` | |,SUPERSEDED_OR_SUPERSESSION_TEXT_PRESENT
STALE_DRAFT_HISTORICAL_OR_SUPERSEDED_TEXT,REVIEW_CLASSIFICATION,governance/implementation/code-guides/REGISTER_DATA_DICTIONARY.md,"| `next_prompt` | Next prompt or drafting prompt expected for the row. | | | `blocked_by` | Known blocker, if any. | | | `receipt_path` | Repository path to the controlling receipt. | | | `open_decisions` | CGP-001 register field reserved for later authorized ",SUPERSEDED_OR_SUPERSESSION_TEXT_PRESENT
STALE_DRAFT_HISTORICAL_OR_SUPERSEDED_TEXT,REVIEW_CLASSIFICATION,governance/implementation/code-guides/registers/CODE_GUIDE_ARTIFACT_INVENTORY.csv,"artifact_id,program_or_guide_id,artifact_type,title,expected_path,required_stage,required,version,status,source_prompt,checksum,commit_sha,remote_verified,supersedes,superseded_by,notes | CGP-ART-0035,CGP-002-REPOSITORY-INTEGRATION,CUSTODY_ARTIFACT,CGP-002 Rep",SUPERSEDED_OR_SUPERSESSION_TEXT_PRESENT
STALE_DRAFT_HISTORICAL_OR_SUPERSEDED_TEXT,REVIEW_CLASSIFICATION,governance/implementation/code-guides/registers/CODE_GUIDE_AUTHORITY_REGISTER.csv,"CGP-V11-AUTH-0001,PROGRAM_PLAN_AUTHORITY,governance/implementation/code-guides/program-plan/ES-CODE-GUIDE-CREATION-REVIEW-ASSURANCE-PLAN-V1.1/ES-CODE-GUIDE-CREATION-REVIEW-ASSURANCE-PLAN-V1.1.md,CONTROLLING,Documentary C | CGP-V11-AUTH-0002,DOCUMENTARY_RECONCI",CANONICAL_OR_CURRENT_INFERRED
STALE_DRAFT_HISTORICAL_OR_SUPERSEDED_TEXT,REVIEW_CLASSIFICATION,governance/implementation/code-guides/registers/CODE_GUIDE_CONTROL_REGISTER.csv,"control_id,guide_id,title,status,assurance_class,risk_domains,governing_sources,requirement,applicability,required_positive_tests,required_negative_tests,required_evidence_grade,independent_review_required,exception_allo",SUPERSEDED_OR_SUPERSESSION_TEXT_PRESENT
STALE_DRAFT_HISTORICAL_OR_SUPERSEDED_TEXT,REVIEW_CLASSIFICATION,governance/implementation/code-guides/registers/CODE_GUIDE_DEPENDENCY_REGISTER.csv,"CGDEP-0001,ES-CG-01,ES-CG-00,,,,GUIDE_SEQUENCE,PLANNED,Authority guide cannot be drafted before charter placeholder is accepted.,2026-07-26,High-level initialization dependency only; no control-level dependency is create | CGDEP-0012,CGP-004,CGP-003,,0.3.0,,PR",CANONICAL_OR_CURRENT_INFERRED
STALE_DRAFT_HISTORICAL_OR_SUPERSEDED_TEXT,REVIEW_CLASSIFICATION,governance/implementation/code-guides/registers/CODE_GUIDE_FINDING_REGISTER.csv,"CGP003-F-0001,CGP-003,P2,SOURCE_CUSTODY,Directory-level PIA custody needs later exact-byte freeze,""PIA item source families are present with manifests/checksums, but CGP-003 did not rerun every nested package parity chec | CGP003-F-0002,CGP-003,P2,IMPLEMENTATI",SUPERSEDED_OR_SUPERSESSION_TEXT_PRESENT
STALE_DRAFT_HISTORICAL_OR_SUPERSEDED_TEXT,REVIEW_CLASSIFICATION,governance/implementation/code-guides/registers/CODE_GUIDE_OPEN_DECISION_REGISTER.csv,"decision_id,guide_id,question,why_existing_authority_is_insufficient,affected_controls,affected_atlas_tasks,options,recommendation,required_authority,status,decision,decision_date,decision_record_path,founder_disposition | CGP003-D-0001,ES-CG-07;ES-CG-09,Which",SUPERSEDED_OR_SUPERSESSION_TEXT_PRESENT
STALE_DRAFT_HISTORICAL_OR_SUPERSEDED_TEXT,REVIEW_CLASSIFICATION,governance/implementation/code-guides/registers/CODE_GUIDE_PROGRAM_TRACKER.csv,"record_id,record_type,guide_id,work_item,wave,primary_dependency,maturity_state,current_prompt,prompt_status,adoption_state,accession_state,owner,next_action,next_prompt,blocked_by,last_updated,receipt_path,notes,work_st | CGP-001,PROGRAM_PROMPT,,Initialize re",SUPERSEDED_OR_SUPERSESSION_TEXT_PRESENT
STALE_DRAFT_HISTORICAL_OR_SUPERSEDED_TEXT,REVIEW_CLASSIFICATION,governance/implementation/code-guides/registers/CODE_GUIDE_VERSION_REGISTER.csv,"guide_id,version,status,effective_date,repository_path,package_id,checksum,approval_record,supersedes,superseded_by,compatibility_notes | ES-CG-00,0.0.0-placeholder,PLANNED,,governance/implementation/code-guides/guides/ES-CG-00/README.md,ES-CGP-001-SCAFFOLD-20",SUPERSEDED_OR_SUPERSESSION_TEXT_PRESENT
STALE_DRAFT_HISTORICAL_OR_SUPERSEDED_TEXT,REVIEW_CLASSIFICATION,governance/implementation/code-guides/registers/GUIDE_ACTIVATION_REGISTER.csv,"CGP-V11-ACT-ESCG00,ES-CG-00,1.1.0,NOT_ACTIVE,FALSE,FALSE,FALSE,FALSE,FALSE,FALSE,NONE,GUIDE_ACTIVATION_NOT_AUTHORIZED,Stage 22 adopted and Stage 23 accession custody complete; no activation scope is granted by this direc | CGP-V11-ACT-ESCG01,ES-CG-01,1.1.0,NOT",CANONICAL_OR_CURRENT_INFERRED
STALE_DRAFT_HISTORICAL_OR_SUPERSEDED_TEXT,REVIEW_CLASSIFICATION,governance/implementation/code-guides/registers/GUIDE_REVIEW_FINDING_REGISTER.csv,"finding_id,guide_id,review_type,severity,title,description,evidence,affected_controls,affected_atlas_tasks,owner,status,required_action,disposition_authority,closure_evidence,closed_date,retained_reason | CGP003-F-0001,ES-CG-03;ES-CG-08;ES-CG-09;ES-CG-13,CGP-0",SUPERSEDED_OR_SUPERSESSION_TEXT_PRESENT
STALE_DRAFT_HISTORICAL_OR_SUPERSEDED_TEXT,REVIEW_CLASSIFICATION,governance/implementation/code-guides/registers/OPEN_DECISION_REGISTER.csv,"decision_id,guide_id,question,why_existing_authority_is_insufficient,affected_controls,affected_atlas_tasks,options,recommendation,required_authority,status,decision,decision_date,decision_record_path,founder_disposition | CGP003-D-0001,ES-CG-07;ES-CG-09,Which",SUPERSEDED_OR_SUPERSESSION_TEXT_PRESENT
STALE_DRAFT_HISTORICAL_OR_SUPERSEDED_TEXT,REVIEW_CLASSIFICATION,governance/implementation/code-guides/registers/VALIDATOR_VERSION_REGISTER.csv,"CGP-V11-VAL-0002,governance/implementation/code-guides/drafting/CGP-006/CODE_GUIDE_PROGRAM_V1_1_REVISION_AND_PR_44_SUCCESSOR_PREPARATION/validators/validate_revision_package.py,1.0.0,SHADOW_VALIDATION,Codex,Primary revis | CGP-V11-VAL-0003,governance/implement",CANONICAL_OR_CURRENT_INFERRED
STALE_DRAFT_HISTORICAL_OR_SUPERSEDED_TEXT,REVIEW_CLASSIFICATION,governance/implementation/code-guides/reviews/CGP_002_VALIDATOR_TEST_COVERAGE.md,- `test_placeholder_falsely_adopted_fails_portfolio_rule` | | Validator | Positive coverage | Negative coverage | Fixture or test identifier | Current applicable state | Retained limitation | | | `guide-dependencies` | `dependency_valid.csv` passes and live pr,SUPERSEDED_OR_SUPERSESSION_TEXT_PRESENT
STALE_DRAFT_HISTORICAL_OR_SUPERSEDED_TEXT,REVIEW_CLASSIFICATION,governance/implementation/code-guides/reviews/CGP_003_SOURCE_ASSURANCE_REPORT.md,"`COMPLETE_WITH_RETAINED_FINDINGS` | - No `P0` or `P1` findings were assigned because the retained gaps are source-freeze, mapping, external-standard, or downstream adoption/activation blockers rather than immediate safety, security, financial, safeguarding | -",CANONICAL_OR_CURRENT_INFERRED
STALE_DRAFT_HISTORICAL_OR_SUPERSEDED_TEXT,REVIEW_CLASSIFICATION,governance/implementation/code-guides/reviews/CGP_004_ARCHITECTURE_ASSURANCE_REPORT.md,"CGP-004 used static repository inspection, CGP-003 source inventory records, startup gate verification, and Code Guide validators. The assessment classifies implementation behavior as evidence only under the CGP-003 Foun | The repository is assessable for curr",CANONICAL_OR_CURRENT_INFERRED
STALE_DRAFT_HISTORICAL_OR_SUPERSEDED_TEXT,REVIEW_CLASSIFICATION,governance/implementation/code-guides/reviews/CGP_004_SEARCH_AND_INSPECTION_COVERAGE_REPORT.md,- `frontend/src/lib/horseOpsDrafts.js`,CANONICAL_OR_CURRENT_INFERRED
STALE_DRAFT_HISTORICAL_OR_SUPERSEDED_TEXT,REVIEW_CLASSIFICATION,governance/implementation/code-guides/reviews/CGP_004_VALIDATION_REPORT.json,"""BLOCKED"": 0, | ""cgp004_findings_retained_downstream"": [ | ""superseded_finding"": ""CGP003-F-0002 -> CGP004-F-0003_AND_CGP004-GAP-0002"" | ""metadata_reconciliation"": ""PENDING_METADATA_PR_MERGE"",",SUPERSEDED_OR_SUPERSESSION_TEXT_PRESENT
STALE_DRAFT_HISTORICAL_OR_SUPERSEDED_TEXT,REVIEW_CLASSIFICATION,governance/implementation/code-guides/reviews/CGP_005_SOURCE_FREEZE_ASSURANCE_REPORT.md,"The broad 2,511-record result is retained only as `WAVE_1_REFERENCE_CORPUS` and classified as `REFERENCE_CORPUS_INDEXED_NOT_NORMATIVE`. | - `CONTROLLING_FROZEN`: `403` | - `EXCLUDED_BLOCKED`: `4` | - `HISTORICAL_FROZEN`: `38`",CANONICAL_OR_CURRENT_INFERRED
STALE_DRAFT_HISTORICAL_OR_SUPERSEDED_TEXT,REVIEW_CLASSIFICATION,governance/implementation/code-guides/reviews/CGP_005_VALIDATION_REPORT.json,"""BLOCKED"": 0, | ""validator"": ""wave-1-drafting-readiness""",CANONICAL_OR_CURRENT_INFERRED
STALE_DRAFT_HISTORICAL_OR_SUPERSEDED_TEXT,REVIEW_CLASSIFICATION,governance/implementation/code-guides/reviews/CGP_005_WAVE_1_DRAFTING_READINESS_REPORT.md,"# CGP-005 Wave 1 Drafting Readiness Report | The Wave 1 guides remain `NOT_ADOPTED`, `NOT_ACTIVE`, not implemented, and not activated as gates. CGP-006 was not begun. | PATH_CLASSIFICATION: candidate_or_draft",CANONICAL_OR_CURRENT_INFERRED
STALE_DRAFT_HISTORICAL_OR_SUPERSEDED_TEXT,REVIEW_CLASSIFICATION,governance/implementation/code-guides/schemas/ATLAS_TRACEABILITY_SCHEMA.json,"""superseded_by"": { | ""superseded_by"", | ""$schema"": ""https://json-schema.org/draft/2020-12/schema"", | ""description"": ""CGP-002 shared foundation schema. It defines structure, identifiers, evidence, authority, retained gaps, and activation-boundary metadata witho",SUPERSEDED_OR_SUPERSESSION_TEXT_PRESENT
STALE_DRAFT_HISTORICAL_OR_SUPERSEDED_TEXT,REVIEW_CLASSIFICATION,governance/implementation/code-guides/schemas/CODE_GUIDE_CONTROLLED_VALUES.json,"""ACCESSION_PENDING"", | ""SUPERSEDED"" | ""BLOCKED"", | ""SUPERSEDED"",",SUPERSEDED_OR_SUPERSESSION_TEXT_PRESENT
STALE_DRAFT_HISTORICAL_OR_SUPERSEDED_TEXT,REVIEW_CLASSIFICATION,governance/implementation/code-guides/schemas/CODE_GUIDE_SCHEMA.json,"""superseded_by"": { | ""superseded_by"", | ""$schema"": ""https://json-schema.org/draft/2020-12/schema"", | ""description"": ""CGP-002 shared foundation schema. It defines structure, identifiers, evidence, authority, retained gaps, and activation-boundary metadata witho",SUPERSEDED_OR_SUPERSESSION_TEXT_PRESENT
STALE_DRAFT_HISTORICAL_OR_SUPERSEDED_TEXT,REVIEW_CLASSIFICATION,governance/implementation/code-guides/schemas/CONTROL_DEFINITION_SCHEMA.json,"""superseded_by"": { | ""superseded_by"", | ""$schema"": ""https://json-schema.org/draft/2020-12/schema"", | ""description"": ""CGP-002 shared foundation schema. It defines structure, identifiers, evidence, authority, retained gaps, and activation-boundary metadata witho",SUPERSEDED_OR_SUPERSESSION_TEXT_PRESENT
STALE_DRAFT_HISTORICAL_OR_SUPERSEDED_TEXT,REVIEW_CLASSIFICATION,governance/implementation/code-guides/schemas/EXCEPTION_RECORD_SCHEMA.json,"""superseded_by"": { | ""superseded_by"", | ""$schema"": ""https://json-schema.org/draft/2020-12/schema"", | ""description"": ""CGP-002 shared foundation schema. It defines structure, identifiers, evidence, authority, retained gaps, and activation-boundary metadata witho",SUPERSEDED_OR_SUPERSESSION_TEXT_PRESENT
STALE_DRAFT_HISTORICAL_OR_SUPERSEDED_TEXT,REVIEW_CLASSIFICATION,governance/implementation/code-guides/schemas/GUIDE_ACTIVATION_SCHEMA.json,"""$schema"": ""https://json-schema.org/draft/2020-12/schema"", | ""BLOCKED"", | ""SUPERSEDED"", | ""founder_disposition"": {",SUPERSEDED_OR_SUPERSESSION_TEXT_PRESENT
STALE_DRAFT_HISTORICAL_OR_SUPERSEDED_TEXT,REVIEW_CLASSIFICATION,governance/implementation/code-guides/schemas/GUIDE_DEPENDENCY_SCHEMA.json,"""superseded_by"": { | ""superseded_by"", | ""$schema"": ""https://json-schema.org/draft/2020-12/schema"", | ""description"": ""CGP-002 shared foundation schema. It defines structure, identifiers, evidence, authority, retained gaps, and activation-boundary metadata witho",SUPERSEDED_OR_SUPERSESSION_TEXT_PRESENT
STALE_DRAFT_HISTORICAL_OR_SUPERSEDED_TEXT,REVIEW_CLASSIFICATION,governance/implementation/code-guides/schemas/IMPLEMENTATION_EVIDENCE_SCHEMA.json,"""superseded_by"": { | ""superseded_by"", | ""$schema"": ""https://json-schema.org/draft/2020-12/schema"", | ""description"": ""CGP-002 shared foundation schema. It defines structure, identifiers, evidence, authority, retained gaps, and activation-boundary metadata witho",SUPERSEDED_OR_SUPERSESSION_TEXT_PRESENT
STALE_DRAFT_HISTORICAL_OR_SUPERSEDED_TEXT,REVIEW_CLASSIFICATION,governance/implementation/code-guides/schemas/IMPLEMENTATION_PROFILE_SCHEMA.json,"""superseded_by"": { | ""superseded_by"", | ""$schema"": ""https://json-schema.org/draft/2020-12/schema"", | ""description"": ""CGP-002 shared foundation schema. It defines structure, identifiers, evidence, authority, retained gaps, and activation-boundary metadata witho",SUPERSEDED_OR_SUPERSESSION_TEXT_PRESENT
STALE_DRAFT_HISTORICAL_OR_SUPERSEDED_TEXT,REVIEW_CLASSIFICATION,governance/implementation/code-guides/schemas/INVARIANT_SCHEMA.json,"""superseded_by"": { | ""superseded_by"", | ""$schema"": ""https://json-schema.org/draft/2020-12/schema"", | ""description"": ""CGP-002 shared foundation schema. It defines structure, identifiers, evidence, authority, retained gaps, and activation-boundary metadata witho",SUPERSEDED_OR_SUPERSESSION_TEXT_PRESENT
STALE_DRAFT_HISTORICAL_OR_SUPERSEDED_TEXT,REVIEW_CLASSIFICATION,governance/implementation/code-guides/schemas/QUESTION_RESPONSE_SCHEMA.json,"""superseded_by"": { | ""superseded_by"", | ""$schema"": ""https://json-schema.org/draft/2020-12/schema"", | ""description"": ""CGP-002 shared foundation schema. It defines structure, identifiers, evidence, authority, retained gaps, and activation-boundary metadata witho",SUPERSEDED_OR_SUPERSESSION_TEXT_PRESENT
STALE_DRAFT_HISTORICAL_OR_SUPERSEDED_TEXT,REVIEW_CLASSIFICATION,governance/implementation/code-guides/schemas/README.md,"CGP-002 strengthens the schema skeletons to version `0.2.0`. Schemas define identifiers, status fields, evidence metadata, authority references, retained gaps, supersession, and activation-boundary metadata without creat | Schema revisions use semantic version",HISTORICAL_DUPLICATE_DRAFT_OR_PREDECESSOR_INFERRED
STALE_DRAFT_HISTORICAL_OR_SUPERSEDED_TEXT,REVIEW_CLASSIFICATION,governance/implementation/code-guides/schemas/REPOSITORY_MAPPING_SCHEMA.json,"""$schema"": ""https://json-schema.org/draft/2020-12/schema"", | ""UNRESOLVED""",CANONICAL_OR_CURRENT_INFERRED
STALE_DRAFT_HISTORICAL_OR_SUPERSEDED_TEXT,REVIEW_CLASSIFICATION,governance/implementation/code-guides/schemas/REVIEW_FINDING_SCHEMA.json,"""superseded_by"": { | ""superseded_by"", | ""$schema"": ""https://json-schema.org/draft/2020-12/schema"", | ""description"": ""CGP-002 shared foundation schema. It defines structure, identifiers, evidence, authority, retained gaps, and activation-boundary metadata witho",SUPERSEDED_OR_SUPERSESSION_TEXT_PRESENT
STALE_DRAFT_HISTORICAL_OR_SUPERSEDED_TEXT,REVIEW_CLASSIFICATION,governance/implementation/code-guides/schemas/SOURCE_CONFLICT_SCHEMA.json,"""$schema"": ""https://json-schema.org/draft/2020-12/schema"",",CANONICAL_OR_CURRENT_INFERRED
STALE_DRAFT_HISTORICAL_OR_SUPERSEDED_TEXT,REVIEW_CLASSIFICATION,governance/implementation/code-guides/schemas/SOURCE_GAP_SCHEMA.json,"""$schema"": ""https://json-schema.org/draft/2020-12/schema"", | ""drafting_may_proceed"": { | ""drafting_may_proceed"",",CANONICAL_OR_CURRENT_INFERRED
STALE_DRAFT_HISTORICAL_OR_SUPERSEDED_TEXT,REVIEW_CLASSIFICATION,governance/implementation/code-guides/schemas/SOURCE_RECORD_SCHEMA.json,"""$schema"": ""https://json-schema.org/draft/2020-12/schema"",",CANONICAL_OR_CURRENT_INFERRED
STALE_DRAFT_HISTORICAL_OR_SUPERSEDED_TEXT,REVIEW_CLASSIFICATION,governance/implementation/code-guides/schemas/SOURCE_SUPERSESSION_SCHEMA.json,"""$schema"": ""https://json-schema.org/draft/2020-12/schema"",",CANONICAL_OR_CURRENT_INFERRED
STALE_DRAFT_HISTORICAL_OR_SUPERSEDED_TEXT,REVIEW_CLASSIFICATION,governance/implementation/code-guides/schemas/SOURCE_TO_GUIDE_MAP_SCHEMA.json,"""$schema"": ""https://json-schema.org/draft/2020-12/schema"",",CANONICAL_OR_CURRENT_INFERRED
STALE_DRAFT_HISTORICAL_OR_SUPERSEDED_TEXT,REVIEW_CLASSIFICATION,governance/implementation/code-guides/source-accession/.gitkeep,STATUS_NOT_EXPLICITLY_EXTRACTED,HISTORICAL_DUPLICATE_DRAFT_OR_PREDECESSOR_INFERRED
STALE_DRAFT_HISTORICAL_OR_SUPERSEDED_TEXT,REVIEW_CLASSIFICATION,governance/implementation/code-guides/source-accession/MASTER_CODE_GUIDE_SOURCE_CONFLICT_REGISTER.csv,"CGCON-0001,CGSRC-ARCH-0021;CGSRC-GOV-0018,CANDIDATE_VERSUS_ADOPTED,Canon lifecycle,Candidate and adopted/locked copies coexist throughout docs/canon.,Treat candidates/history as non-controlling unless an adoption or lock | CGCON-0002,CGSRC-PIA-0010;CGSRC-HIST-",CANONICAL_OR_CURRENT_INFERRED
STALE_DRAFT_HISTORICAL_OR_SUPERSEDED_TEXT,REVIEW_CLASSIFICATION,governance/implementation/code-guides/source-accession/MASTER_CODE_GUIDE_SOURCE_CUSTODY_REPORT.md,"A custody gap does not revoke Founder approval, and a repository checksum does not create adoption, implementation, production, or activation authority. Exact source freeze for guide drafting remains later work.",CANONICAL_OR_CURRENT_INFERRED
STALE_DRAFT_HISTORICAL_OR_SUPERSEDED_TEXT,REVIEW_CLASSIFICATION,governance/implementation/code-guides/source-accession/MASTER_CODE_GUIDE_SOURCE_GAP_REGISTER.csv,"gap_id,source_id,gap_type,affected_source,affected_guide_or_program_area,risk,required_next_action,responsible_authority,drafting_may_proceed,blocks_adoption_or_activation,status,notes | CGGAP-0001,CGSRC-PIA-0001,EXACT_BYTES_UNACCESSIONED,PIA item directory-le",SUPERSEDED_OR_SUPERSESSION_TEXT_PRESENT
STALE_DRAFT_HISTORICAL_OR_SUPERSEDED_TEXT,REVIEW_CLASSIFICATION,governance/implementation/code-guides/source-accession/MASTER_CODE_GUIDE_SOURCE_RECONCILIATION_REPORT.md,"**Status:** `RETURNED_FOR_FOUNDER_REVIEW_WITH_RETAINED_FINDINGS` | CGP-003 created a repository-native master inventory of sources that may govern, constrain, inform, or provide evidence for future Code Guide drafting. The inventory is documentary and evidenti",CANONICAL_OR_CURRENT_INFERRED
STALE_DRAFT_HISTORICAL_OR_SUPERSEDED_TEXT,REVIEW_CLASSIFICATION,governance/implementation/code-guides/source-accession/MASTER_CODE_GUIDE_SOURCE_SUPERSESSION_REGISTER.csv,"CGSUP-0001,CGSRC-ARCH-0021,CGSRC-GOV-0018,RESOLVED_BY_ADOPTION_WHERE_BYTE_IDENTICAL,docs/canon/registries/CANON_ARTIFACT_INVENTORY.md,ES-CG-01;ES-CG-13,Candidate sources remain historical/proposed unless adopted byte-ide | CGSUP-0002,CGSRC-FOUNDER-0001,CGSRC-G",SUPERSEDED_OR_SUPERSESSION_TEXT_PRESENT
STALE_DRAFT_HISTORICAL_OR_SUPERSEDED_TEXT,REVIEW_CLASSIFICATION,governance/implementation/code-guides/source-accession/MASTER_CODE_GUIDE_SOURCE_TO_GUIDE_MAP.csv,"CGMAP-0001,CGSRC-FOUNDER-0001,ES-CG-00,MANDATORY,CONTROLLING,Initial CGP-003 source coverage only; no guide control drafted or adopted., | CGMAP-0002,CGSRC-FOUNDER-0001,ES-CG-01,MANDATORY,CONTROLLING,Initial CGP-003 source coverage only; no guide control draft",CANONICAL_OR_CURRENT_INFERRED
STALE_DRAFT_HISTORICAL_OR_SUPERSEDED_TEXT,REVIEW_CLASSIFICATION,governance/implementation/code-guides/source-freeze/WAVE_1_DRAFTING_READINESS_REGISTER.csv,"guide_id,readiness_disposition,maturity_after_cgp005,controlling_sources_complete,checksums_verified,approval_basis_identified,supersession_treatment_complete,exclusions_recorded,conflicts_resolved_or_retained,repository | ES-CG-00,SOURCE_FREEZE_COMPLETE_READY",CANONICAL_OR_CURRENT_INFERRED
STALE_DRAFT_HISTORICAL_OR_SUPERSEDED_TEXT,REVIEW_CLASSIFICATION,governance/implementation/code-guides/source-freeze/WAVE_1_REFERENCE_CORPUS_MANIFEST.json,"""path"": ""docs/implementation/WAVE_2_P2_CI_EGRESS/CI_EGRESS_FOUNDER_APPROVAL.md"", | ""path"": ""docs/implementation/WAVE_2_P2_CI_EGRESS/CI_EGRESS_FOUNDER_FINAL_CLOSURE.md"", | ""path"": ""docs/canon/reviews/drafting_equine_health_welfare_medical_v1_0/COMPANION_ARTIFAC",CANONICAL_OR_CURRENT_INFERRED
STALE_DRAFT_HISTORICAL_OR_SUPERSEDED_TEXT,REVIEW_CLASSIFICATION,governance/implementation/code-guides/source-freeze/WAVE_1_REFERENCE_CORPUS_REPORT.md,- Original burden category `CONTROLLING_FROZEN`: `403` | - Original burden category `EXCLUDED_BLOCKED`: `4` | - Original burden category `HISTORICAL_FROZEN`: `38`,CANONICAL_OR_CURRENT_INFERRED
STALE_DRAFT_HISTORICAL_OR_SUPERSEDED_TEXT,REVIEW_CLASSIFICATION,governance/implementation/code-guides/source-freeze/WAVE_1_SOURCE_CONFLICT_REGISTER.csv,"conflict_id,guide_id,source_ids,conflict_type,status,freeze_treatment,blocks_drafting,required_later_action,notes | CGCON-0001,ES-CG-01;ES-CG-13,CGSRC-ARCH-0021;CGSRC-GOV-0018,CANDIDATE_VERSUS_ADOPTED,RETAINED_FOR_DRAFTING,Treat candidates/history as non-contr",CANONICAL_OR_CURRENT_INFERRED
STALE_DRAFT_HISTORICAL_OR_SUPERSEDED_TEXT,REVIEW_CLASSIFICATION,governance/implementation/code-guides/source-freeze/WAVE_1_SOURCE_FREEZE_SUMMARY.md,**Founder disposition:** `CGP-005_REVISION_ACCEPTED_AND_APPROVED_FOR_REPOSITORY_INTEGRATION` | CGP-005 uses a Founder-accepted two-layer model: a non-normative reference corpus and curated guide-specific normative freezes. | All Wave 1 guides are `SOURCE_FROZE,CANONICAL_OR_CURRENT_INFERRED
STALE_DRAFT_HISTORICAL_OR_SUPERSEDED_TEXT,REVIEW_CLASSIFICATION,governance/implementation/code-guides/templates/CODE_GUIDE_DRAFT_TEMPLATE.md,# Code Guide Draft Template | - Retained gaps: | - Open dependencies: | PATH_CLASSIFICATION: candidate_or_draft,CANONICAL_OR_CURRENT_INFERRED
STALE_DRAFT_HISTORICAL_OR_SUPERSEDED_TEXT,REVIEW_CLASSIFICATION,governance/implementation/code-guides/templates/EXCEPTION_REQUEST_TEMPLATE.md,**Template version:** `1.1.0-candidate`,CANONICAL_OR_CURRENT_INFERRED
STALE_DRAFT_HISTORICAL_OR_SUPERSEDED_TEXT,REVIEW_CLASSIFICATION,governance/implementation/code-guides/templates/GUIDE_ACTIVATION_RECORD_TEMPLATE.md,**Template version:** `1.1.0-candidate` | **Authority boundary:** `GUIDE_ACTIVATION_REQUIRES_SEPARATE_FOUNDER_APPROVAL`,CANONICAL_OR_CURRENT_INFERRED
STALE_DRAFT_HISTORICAL_OR_SUPERSEDED_TEXT,REVIEW_CLASSIFICATION,governance/implementation/code-guides/templates/GUIDE_DEACTIVATION_RECORD_TEMPLATE.md,**Template version:** `1.1.0-candidate`,CANONICAL_OR_CURRENT_INFERRED
STALE_DRAFT_HISTORICAL_OR_SUPERSEDED_TEXT,REVIEW_CLASSIFICATION,governance/implementation/code-guides/templates/GUIDE_DRAFTING_CHARTER_TEMPLATE.md,# Guide Drafting Charter Template | - Retained gaps: | - Open dependencies: | PATH_CLASSIFICATION: candidate_or_draft,CANONICAL_OR_CURRENT_INFERRED
STALE_DRAFT_HISTORICAL_OR_SUPERSEDED_TEXT,REVIEW_CLASSIFICATION,governance/implementation/code-guides/templates/IMPLEMENTATION_PLAN_TEMPLATE.md,**Template version:** `1.1.0-candidate`,CANONICAL_OR_CURRENT_INFERRED
STALE_DRAFT_HISTORICAL_OR_SUPERSEDED_TEXT,REVIEW_CLASSIFICATION,governance/implementation/code-guides/templates/PULL_REQUEST_EVIDENCE_TEMPLATE.md,**Template version:** `1.1.0-candidate` | ## Retained gaps,CANONICAL_OR_CURRENT_INFERRED
STALE_DRAFT_HISTORICAL_OR_SUPERSEDED_TEXT,REVIEW_CLASSIFICATION,governance/implementation/code-guides/templates/README.md,"Templates define reusable structure for future guide drafting, control definition, invariant definition, review, decisions, accession, blocked receipts, and change impact reports. | Each future guide prompt should copy the relevant template, fill in stable IDs",HISTORICAL_DUPLICATE_DRAFT_OR_PREDECESSOR_INFERRED
STALE_DRAFT_HISTORICAL_OR_SUPERSEDED_TEXT,REVIEW_CLASSIFICATION,governance/implementation/code-guides/templates/TASK_COMPLETION_RECORD_TEMPLATE.md,**Template version:** `1.1.0-candidate` | ## Open items,CANONICAL_OR_CURRENT_INFERRED
STALE_DRAFT_HISTORICAL_OR_SUPERSEDED_TEXT,REVIEW_CLASSIFICATION,governance/implementation/code-guides/validation/cgp_validation.py,"RESULTS = (""PASS"", ""FAIL"", ""WARNING"", ""NOT_YET_APPLICABLE"", ""BLOCKED"") | ""Stage 22 adoption"": ""ADOPTED"", | ""CONTROLLING_FROZEN"", | ""HISTORICAL_FROZEN"",",SUPERSEDED_OR_SUPERSESSION_TEXT_PRESENT
STALE_DRAFT_HISTORICAL_OR_SUPERSEDED_TEXT,REVIEW_CLASSIFICATION,governance/implementation/code-guides/validation/README.md,"python3 governance/implementation/code-guides/validation/validate_wave_1_drafting_readiness.py --json | `PASS`, `FAIL`, `WARNING`, `NOT_YET_APPLICABLE`, and `BLOCKED` are supported. `NOT_YET_APPLICABLE` is not counted as a passing substantive validation. | `va",CANONICAL_OR_CURRENT_INFERRED
STALE_DRAFT_HISTORICAL_OR_SUPERSEDED_TEXT,REVIEW_CLASSIFICATION,governance/implementation/code-guides/validation/tests/fixtures/negative/checksum_mismatch_package/packages/CGP_002_CREATED_ARTIFACT_MANIFEST.json,STATUS_NOT_EXPLICITLY_EXTRACTED,HISTORICAL_DUPLICATE_DRAFT_OR_PREDECESSOR_INFERRED
STALE_DRAFT_HISTORICAL_OR_SUPERSEDED_TEXT,REVIEW_CLASSIFICATION,governance/implementation/code-guides/validation/tests/fixtures/negative/checksum_mismatch_package/packages/CGP_002_SHA256SUMS.txt,STATUS_NOT_EXPLICITLY_EXTRACTED,HISTORICAL_DUPLICATE_DRAFT_OR_PREDECESSOR_INFERRED
STALE_DRAFT_HISTORICAL_OR_SUPERSEDED_TEXT,REVIEW_CLASSIFICATION,governance/implementation/code-guides/validation/tests/fixtures/negative/duplicate_control_ids.csv,"control_id,guide_id,title,status,assurance_class,risk_domains,governing_sources,requirement,applicability,required_positive_tests,required_negative_tests,required_evidence_grade,independent_review_required,exception_allo",SUPERSEDED_OR_SUPERSESSION_TEXT_PRESENT
STALE_DRAFT_HISTORICAL_OR_SUPERSEDED_TEXT,REVIEW_CLASSIFICATION,governance/implementation/code-guides/validation/tests/fixtures/negative/high_risk_no_negative_test.csv,"control_id,guide_id,title,status,assurance_class,risk_domains,governing_sources,requirement,applicability,required_positive_tests,required_negative_tests,required_evidence_grade,independent_review_required,exception_allo",SUPERSEDED_OR_SUPERSESSION_TEXT_PRESENT
STALE_DRAFT_HISTORICAL_OR_SUPERSEDED_TEXT,REVIEW_CLASSIFICATION,governance/implementation/code-guides/validation/tests/fixtures/negative/invalid_assurance_class.csv,"control_id,guide_id,title,status,assurance_class,risk_domains,governing_sources,requirement,applicability,required_positive_tests,required_negative_tests,required_evidence_grade,independent_review_required,exception_allo",SUPERSEDED_OR_SUPERSESSION_TEXT_PRESENT
STALE_DRAFT_HISTORICAL_OR_SUPERSEDED_TEXT,REVIEW_CLASSIFICATION,governance/implementation/code-guides/validation/tests/fixtures/negative/invalid_evidence_grade.csv,"control_id,guide_id,title,status,assurance_class,risk_domains,governing_sources,requirement,applicability,required_positive_tests,required_negative_tests,required_evidence_grade,independent_review_required,exception_allo",SUPERSEDED_OR_SUPERSESSION_TEXT_PRESENT
STALE_DRAFT_HISTORICAL_OR_SUPERSEDED_TEXT,REVIEW_CLASSIFICATION,governance/implementation/code-guides/validation/tests/fixtures/negative/manifest_omission_package/packages/CGP_002_CREATED_ARTIFACT_MANIFEST.json,STATUS_NOT_EXPLICITLY_EXTRACTED,HISTORICAL_DUPLICATE_DRAFT_OR_PREDECESSOR_INFERRED
STALE_DRAFT_HISTORICAL_OR_SUPERSEDED_TEXT,REVIEW_CLASSIFICATION,governance/implementation/code-guides/validation/tests/fixtures/negative/manifest_omission_package/packages/CGP_002_SHA256SUMS.txt,STATUS_NOT_EXPLICITLY_EXTRACTED,HISTORICAL_DUPLICATE_DRAFT_OR_PREDECESSOR_INFERRED
STALE_DRAFT_HISTORICAL_OR_SUPERSEDED_TEXT,REVIEW_CLASSIFICATION,governance/implementation/code-guides/validation/tests/fixtures/negative/missing_activation_boundary.csv,"control_id,guide_id,title,status,assurance_class,risk_domains,governing_sources,requirement,applicability,required_positive_tests,required_negative_tests,required_evidence_grade,independent_review_required,exception_allo",SUPERSEDED_OR_SUPERSESSION_TEXT_PRESENT
STALE_DRAFT_HISTORICAL_OR_SUPERSEDED_TEXT,REVIEW_CLASSIFICATION,governance/implementation/code-guides/validation/tests/fixtures/negative/missing_governing_authority.csv,"control_id,guide_id,title,status,assurance_class,risk_domains,governing_sources,requirement,applicability,required_positive_tests,required_negative_tests,required_evidence_grade,independent_review_required,exception_allo",SUPERSEDED_OR_SUPERSESSION_TEXT_PRESENT
STALE_DRAFT_HISTORICAL_OR_SUPERSEDED_TEXT,REVIEW_CLASSIFICATION,governance/implementation/code-guides/validation/tests/fixtures/negative/superseded_control_no_compatibility.csv,"CGDEP-9005,ES-CG-01,ES-CG-00,ES-CG-00-CTRL-9999-SUPERSEDED,,,FIXTURE,PLANNED,Fixture,2026-07-26,,",SUPERSEDED_OR_SUPERSESSION_TEXT_PRESENT
STALE_DRAFT_HISTORICAL_OR_SUPERSEDED_TEXT,REVIEW_CLASSIFICATION,governance/implementation/code-guides/validation/tests/fixtures/negative/unrecognized_controlled_value.csv,"control_id,guide_id,title,status,assurance_class,risk_domains,governing_sources,requirement,applicability,required_positive_tests,required_negative_tests,required_evidence_grade,independent_review_required,exception_allo",SUPERSEDED_OR_SUPERSESSION_TEXT_PRESENT
STALE_DRAFT_HISTORICAL_OR_SUPERSEDED_TEXT,REVIEW_CLASSIFICATION,governance/implementation/code-guides/validation/tests/fixtures/positive/control_register_valid.csv,"control_id,guide_id,title,status,assurance_class,risk_domains,governing_sources,requirement,applicability,required_positive_tests,required_negative_tests,required_evidence_grade,independent_review_required,exception_allo",SUPERSEDED_OR_SUPERSESSION_TEXT_PRESENT
STALE_DRAFT_HISTORICAL_OR_SUPERSEDED_TEXT,REVIEW_CLASSIFICATION,governance/implementation/code-guides/validation/tests/fixtures/schemas/negative/invalid_control_assurance_class.json,"""authority"": ""Founder"", | ""superseded_by"": """",",SUPERSEDED_OR_SUPERSESSION_TEXT_PRESENT
STALE_DRAFT_HISTORICAL_OR_SUPERSEDED_TEXT,REVIEW_CLASSIFICATION,governance/implementation/code-guides/validation/tests/fixtures/schemas/positive/CONTROL_DEFINITION_fixture.json,"""authority"": ""Founder"", | ""superseded_by"": """",",SUPERSEDED_OR_SUPERSESSION_TEXT_PRESENT
STALE_DRAFT_HISTORICAL_OR_SUPERSEDED_TEXT,REVIEW_CLASSIFICATION,governance/implementation/code-guides/validation/tests/fixtures/v1_1_program_revision/boundary_controlled_values.json,"""DRAFTING"", | ""ADOPTION_CANDIDATE"", | ""ADOPTED"", | ""REVISION_PENDING"",",SUPERSEDED_OR_SUPERSESSION_TEXT_PRESENT
STALE_DRAFT_HISTORICAL_OR_SUPERSEDED_TEXT,REVIEW_CLASSIFICATION,governance/implementation/code-guides/validation/tests/test_cgp002_validators.py,"(cv.validate_guide_dependencies, ""superseded_control_no_compatibility.csv"", ""superseded_control_without_compatibility""), | def test_placeholder_falsely_adopted_fails_portfolio_rule(self): | (FIXTURES / ""negative"" / ""adopted_without_accession_tracker.csv"").read",SUPERSEDED_OR_SUPERSESSION_TEXT_PRESENT
STALE_DRAFT_HISTORICAL_OR_SUPERSEDED_TEXT,REVIEW_CLASSIFICATION,governance/implementation/code-guides/validation/tests/test_cgp003_source_accession.py,"with source_path.open(""w"", newline="""", encoding=""utf-8"") as handle: | ""review_status"": ""PENDING_REVIEW"", | with mapping_path.open(""w"", newline="""", encoding=""utf-8"") as handle: | ""MASTER_CODE_GUIDE_SOURCE_GAP_REGISTER.csv"": [""gap_id"", ""source_id"", ""gap_type"", """,CANONICAL_OR_CURRENT_INFERRED
STALE_DRAFT_HISTORICAL_OR_SUPERSEDED_TEXT,REVIEW_CLASSIFICATION,governance/implementation/code-guides/validation/tests/test_cgp006_wave1_adoption_readiness.py,"self.assertEqual(result.summary[""founder_decisions_required""], 0) | validate_cgp006_wave1_adoption_readiness.PACKAGE_REL = Path(""drafting/CGP-006/MISSING_ADOPTION_READINESS_PACKAGE"")",CANONICAL_OR_CURRENT_INFERRED
STALE_DRAFT_HISTORICAL_OR_SUPERSEDED_TEXT,REVIEW_CLASSIFICATION,governance/implementation/code-guides/validation/tests/test_cgp006_wave1_candidate_baseline_approval.py,"""""""CGP-006 Wave 1 candidate-baseline approval validator tests."""""" | import validate_cgp006_wave1_candidate_baseline_approval | class CGP006Wave1CandidateBaselineApprovalValidatorTests(unittest.TestCase): | def test_current_candidate_baseline_approval_package_v",CANONICAL_OR_CURRENT_INFERRED
STALE_DRAFT_HISTORICAL_OR_SUPERSEDED_TEXT,REVIEW_CLASSIFICATION,governance/implementation/code-guides/validation/tests/test_cgp006_wave1_candidate_drafting.py,"""""""CGP-006 Wave 1 candidate drafting validator tests."""""" | import validate_cgp006_wave1_candidate_drafting | class CGP006Wave1CandidateDraftingValidatorTests(unittest.TestCase): | def test_current_wave1_candidate_package_validates(self): | PATH_CLASSIFICATION:",CANONICAL_OR_CURRENT_INFERRED
STALE_DRAFT_HISTORICAL_OR_SUPERSEDED_TEXT,REVIEW_CLASSIFICATION,governance/implementation/code-guides/validation/tests/test_cgp006_wave1_warning_gap_disposition.py,"validate_cgp006_wave1_warning_gap_disposition.PACKAGE_REL = Path(""drafting/CGP-006/MISSING_WARNING_GAP_PACKAGE"")",CANONICAL_OR_CURRENT_INFERRED
STALE_DRAFT_HISTORICAL_OR_SUPERSEDED_TEXT,REVIEW_CLASSIFICATION,governance/implementation/code-guides/validation/tests/test_validator_placeholders.py,"""validate_wave_1_drafting_readiness.py"",",CANONICAL_OR_CURRENT_INFERRED
STALE_DRAFT_HISTORICAL_OR_SUPERSEDED_TEXT,REVIEW_CLASSIFICATION,governance/implementation/code-guides/validation/tests/test_wave1_current_status_custody_table.py,"""Stage 22 adoption"": ""ADOPTED"", | (root / ""drafting"" / ""CGP-006"" / ""HISTORICAL"").mkdir(parents=True) | f""{guide},GUIDE,{guide},REPOSITORY_ACCESSIONED,ADOPTED,REPOSITORY_ACCESSIONED"" | def test_current_status_table_fails_when_one_guide_is_pending_custody(self) ",CANONICAL_OR_CURRENT_INFERRED
STALE_DRAFT_HISTORICAL_OR_SUPERSEDED_TEXT,REVIEW_CLASSIFICATION,governance/implementation/code-guides/validation/validate_cgp006_document_classification.py,"PASSING_OR_FOUNDER_REVIEW_DETERMINATIONS = { | ""CGP_006_DOCUMENT_CLASSIFICATION_COMPLETE_DRAFTING_GATE_PASS"", | ""CGP_006_DOCUMENT_CLASSIFICATION_REFRESHED_AFTER_CGP_005_APPENDIX_READY_FOR_FOUNDER_REVIEW"", | ""CGP_006_DOCUMENT_CLASSIFICATION_REFRESHED_WITH_NON_B",SUPERSEDED_OR_SUPERSESSION_TEXT_PRESENT
STALE_DRAFT_HISTORICAL_OR_SUPERSEDED_TEXT,REVIEW_CLASSIFICATION,governance/implementation/code-guides/validation/validate_cgp006_initiation.py,"""CGP006-D-0001"": ""APPROVED_FOR_BOUNDED_WAVE_1_CANDIDATE_DRAFTING_ONLY; NOT_ADOPTED; NOT_ACTIVE; NO_IMPLEMENTATION_OR_GATE_AUTHORITY"", | ""CGP006-D-0004"": ""APPROVED_FOR_CANDIDATE_CONTROLS_INVARIANTS_AND_QUESTION_ANSWERS_ONLY; NOT_ADOPTED; NOT_ACTIVE"", | ""CGP006-",CANONICAL_OR_CURRENT_INFERRED
STALE_DRAFT_HISTORICAL_OR_SUPERSEDED_TEXT,REVIEW_CLASSIFICATION,governance/implementation/code-guides/validation/validate_cgp006_wave1_adoption_readiness.py,"PACKAGE_REL = Path(""drafting/CGP-006/WAVE_1_ADOPTION_READINESS_REVIEW_V1"") | CANDIDATE_REL = Path(""drafting/CGP-006/WAVE_1_CANDIDATE_DRAFTING_V1"") | GAP_REL = Path(""drafting/CGP-006/WAVE_1_WARNING_GAP_DISPOSITION_V1"") | DETERMINATION = ""CGP_006_WAVE_1_CONDITIO",CANONICAL_OR_CURRENT_INFERRED
STALE_DRAFT_HISTORICAL_OR_SUPERSEDED_TEXT,REVIEW_CLASSIFICATION,governance/implementation/code-guides/validation/validate_cgp006_wave1_candidate_baseline_approval.py,"""""""Validate CGP-006 Wave 1 Founder-approved candidate-baseline artifacts."""""" | PACKAGE_REL = Path(""drafting/CGP-006/WAVE_1_CANDIDATE_DRAFTING_V1"") | DISPOSITION = ""CGP_006_WAVE_1_CANDIDATE_GUIDES_FOUNDER_APPROVED_WITH_RETAINED_NON_BLOCKING_WARNINGS"" | PRIOR_RE",CANONICAL_OR_CURRENT_INFERRED
STALE_DRAFT_HISTORICAL_OR_SUPERSEDED_TEXT,REVIEW_CLASSIFICATION,governance/implementation/code-guides/validation/validate_cgp006_wave1_candidate_drafting.py,"""""""Validate the CGP-006 Wave 1 candidate drafting package."""""" | PACKAGE_REL = Path(""drafting/CGP-006/WAVE_1_CANDIDATE_DRAFTING_V1"") | ""ES-CG-00"": ""ES_CG_00_COMPLETE_CANDIDATE_DRAFT_INTERNAL_VALIDATION_PASS"", | ""ES-CG-01"": ""ES_CG_01_COMPLETE_CANDIDATE_DRAFT_DEP",CANONICAL_OR_CURRENT_INFERRED
STALE_DRAFT_HISTORICAL_OR_SUPERSEDED_TEXT,REVIEW_CLASSIFICATION,governance/implementation/code-guides/validation/validate_cgp006_wave1_founder_review.py,"""""""Validate CGP-006 Wave 1 structured Founder-review artifacts."""""" | PACKAGE_REL = Path(""drafting/CGP-006/WAVE_1_CANDIDATE_DRAFTING_V1"") | ""reviews/CGP_006_WAVE_1_STRUCTURED_FOUNDER_REVIEW_REPORT.md"", | ""reviews/CGP_006_WAVE_1_RETAINED_GAP_REVIEW_REGISTER.csv""",CANONICAL_OR_CURRENT_INFERRED
STALE_DRAFT_HISTORICAL_OR_SUPERSEDED_TEXT,REVIEW_CLASSIFICATION,governance/implementation/code-guides/validation/validate_cgp006_wave1_warning_gap_disposition.py,"""""""Validate CGP-006 Wave 1 retained warning/gap disposition artifacts."""""" | PACKAGE_REL = Path(""drafting/CGP-006/WAVE_1_WARNING_GAP_DISPOSITION_V1"") | CANDIDATE_REL = Path(""drafting/CGP-006/WAVE_1_CANDIDATE_DRAFTING_V1"") | DETERMINATION = ""CGP_006_WAVE_1_DOCUM",SUPERSEDED_OR_SUPERSESSION_TEXT_PRESENT
STALE_DRAFT_HISTORICAL_OR_SUPERSEDED_TEXT,REVIEW_CLASSIFICATION,governance/implementation/code-guides/validation/validate_code_guide_v1_1_program_revision.py,"Evaluated rules: required files, JSON/CSV parsing, V1.1 controlled values, all 14 guides, Stages 0-24, activation scopes false, no guide active, no repository-specific implementation mapping, no app-code changes, no adop | PRIMARY_REL = Path(""governance/implem",SUPERSEDED_OR_SUPERSESSION_TEXT_PRESENT
STALE_DRAFT_HISTORICAL_OR_SUPERSEDED_TEXT,REVIEW_CLASSIFICATION,governance/implementation/code-guides/validation/validate_wave_1_drafting_readiness.py,"""""""Run the CGP-005 Wave 1 drafting-readiness validator."""""" | raise SystemExit(main_for(""wave-1-drafting-readiness"")) | PATH_CLASSIFICATION: candidate_or_draft",CANONICAL_OR_CURRENT_INFERRED
STALE_DRAFT_HISTORICAL_OR_SUPERSEDED_TEXT,REVIEW_CLASSIFICATION,governance/implementation/technical-audit/founder-decisions/ES-TA-FD-001-008-V1.1.0/TECHNICAL_AUDIT_FOUNDER_DECISION_PACKET_V1_1_0.md,# Technical-Audit Founder Decision Packet V1.1.0 | Directive ID: `ES-FOUNDER-DISPOSITION-TA-FD-001-008-2026-07-26-01` | Controlling technical-audit determination: `TECHNICAL_AUDIT_COMPLETED_WITH_PRODUCT_DECISIONS_REQUIRED` | Predecessor decision-packet determi,SUPERSEDED_OR_SUPERSESSION_TEXT_PRESENT
STALE_DRAFT_HISTORICAL_OR_SUPERSEDED_TEXT,REVIEW_CLASSIFICATION,governance/implementation/technical-audit/test-baseline/ES-TA-PRF-008-retained-test-node-classification-v1/RETAINED_TEST_BASELINE_SUMMARY.md,# Retained Test Baseline Summary | **Directive ID:** `ES-FOUNDER-AUTH-TA-PRF-001-008-2026-07-26-01` | **Workstream:** `ES-TA-PRF-008` Retained Test-Node Classification | **Determination:** `ES_TA_PRF_008_NODE_CLASSIFICATION_DRAFT_PR_READY_FOR_FOUNDER_REVIEW`,CANONICAL_OR_CURRENT_INFERRED
STALE_DRAFT_HISTORICAL_OR_SUPERSEDED_TEXT,REVIEW_CLASSIFICATION,governance/implementation/technical-audit/test-baseline/ES-TA-PRF-008-retained-test-node-classification-v1/RETAINED_TEST_CLASSIFICATION_VALIDATION_REPORT.md,"# Retained Test Classification Validation Report | **Directive ID:** `ES-FOUNDER-AUTH-TA-PRF-001-008-2026-07-26-01` | **Determination:** `ES_TA_PRF_008_NODE_CLASSIFICATION_DRAFT_PR_READY_FOR_FOUNDER_REVIEW` | Classification is complete for all retained nodes, ",CANONICAL_OR_CURRENT_INFERRED
STALE_DRAFT_HISTORICAL_OR_SUPERSEDED_TEXT,REVIEW_CLASSIFICATION,governance/pia_portfolio/ES-PIA-PORTFOLIO-REALIGNMENT-V1.0.0/PACKAGE_MANIFEST.json,"""path"": ""FOUNDER_DIRECTED_PORTFOLIO_LOCK_RECORD.md"", | ""path"": ""sources/LOCKED_TEN_ITEM_PIA_PORTFOLIO.md"",",HISTORICAL_DUPLICATE_DRAFT_OR_PREDECESSOR_INFERRED
STALE_DRAFT_HISTORICAL_OR_SUPERSEDED_TEXT,REVIEW_CLASSIFICATION,governance/pia_portfolio/ES-PIA-PORTFOLIO-REALIGNMENT-V1.0.0/PIA_CROSS_CUTTING_ARTIFACT_CLASSIFICATION.csv,"artifact_name,artifact_id,version,hash_algorithm,artifact_hash,path,branch,commit,lifecycle_status,founder_approval_status,implementation_authority,primary_portfolio_position,dependent_positions,component,artifact_class, | EquineSync Product Implementation Atl",SUPERSEDED_OR_SUPERSESSION_TEXT_PRESENT
STALE_DRAFT_HISTORICAL_OR_SUPERSEDED_TEXT,REVIEW_CLASSIFICATION,governance/pia_portfolio/ES-PIA-PORTFOLIO-REALIGNMENT-V1.0.0/PIA_PACKAGE_INVENTORY.csv,"artifact_name,artifact_id,version,hash_algorithm,artifact_hash,path,branch,commit,lifecycle_status,founder_approval_status,implementation_authority,primary_portfolio_position,dependent_positions,component,artifact_class, | EquineSync Product Implementation Atl",SUPERSEDED_OR_SUPERSESSION_TEXT_PRESENT
STALE_DRAFT_HISTORICAL_OR_SUPERSEDED_TEXT,REVIEW_CLASSIFICATION,governance/pia_portfolio/ES-PIA-PORTFOLIO-REALIGNMENT-V1.0.0/PIA_PACKAGE_PLACEMENT_AND_SUPERSESSION_MAP.csv,"artifact_id,artifact_name,artifact_class,primary_portfolio_position,dependent_positions,component,lifecycle_status,founder_approval_status,implementation_authority,supersedes,superseded_by,path | ES-PIA-MASTER-STANDARD-V1.1,EquineSync Product Implementation At",SUPERSEDED_OR_SUPERSESSION_TEXT_PRESENT
STALE_DRAFT_HISTORICAL_OR_SUPERSEDED_TEXT,REVIEW_CLASSIFICATION,governance/pia_portfolio/ES-PIA-PORTFOLIO-REALIGNMENT-V1.0.0/PIA_PORTFOLIO_DRIFT_PREVENTION_RULES.md,**Controlling disposition:** `TEN_ITEM_PIA_PORTFOLIO_REALIGNED_AND_DRIFT_CONTROLS_ACTIVE` | 2. Each position has exactly one controlling title in the realignment register. | 7. Every discovered PIA-related artifact must have exactly one permitted artifact clas,CANONICAL_OR_CURRENT_INFERRED
STALE_DRAFT_HISTORICAL_OR_SUPERSEDED_TEXT,REVIEW_CLASSIFICATION,governance/pia_portfolio/ES-PIA-PORTFOLIO-REALIGNMENT-V1.0.0/PIA_PORTFOLIO_DRIFT_VALIDATOR.py,"""""""Fail-closed validator for the Founder-directed ten-item PIA portfolio."""""" | ""CONTROLLING_PIA_STANDARD"", | ""HISTORICAL_SUPERSEDED"", | ""FOUNDER_DIRECTED_PORTFOLIO_LOCK_RECORD.md"",",SUPERSEDED_OR_SUPERSESSION_TEXT_PRESENT
STALE_DRAFT_HISTORICAL_OR_SUPERSEDED_TEXT,REVIEW_CLASSIFICATION,governance/pia_portfolio/ES-PIA-PORTFOLIO-REALIGNMENT-V1.0.0/PIA_PORTFOLIO_MACHINE_READABLE.json,"""artifact_class"": ""CONTROLLING_PIA_STANDARD"", | ""founder_approval_status"": ""FOUNDER_APPROVED_ADOPTED_AND_EFFECTIVE"", | ""lifecycle_status"": ""FOUNDER_APPROVED_ADOPTED_AND_EFFECTIVE"", | ""notes"": ""Controlling substantive bytes; the separate adoption record control",SUPERSEDED_OR_SUPERSESSION_TEXT_PRESENT
STALE_DRAFT_HISTORICAL_OR_SUPERSEDED_TEXT,REVIEW_CLASSIFICATION,governance/pia_portfolio/ES-PIA-PORTFOLIO-REALIGNMENT-V1.0.0/PIA_PORTFOLIO_REALIGNMENT_REGISTER.csv,"position,portfolio_key,controlling_title,primary_package,lifecycle_status,founder_approval_status,implementation_authority,notes | 01,IDENTITY_ACCOUNT_ACTOR_ONBOARDING,""Identity, Account, Actor, and Onboarding"",ES-PIA-IDENTITY-ONBOARDING-V1.1.0,UNDERLYING_ITEM",HISTORICAL_DUPLICATE_DRAFT_OR_PREDECESSOR_INFERRED
STALE_DRAFT_HISTORICAL_OR_SUPERSEDED_TEXT,REVIEW_CLASSIFICATION,governance/pia_portfolio/ES-PIA-PORTFOLIO-REALIGNMENT-V1.0.0/PIA_PORTFOLIO_REALIGNMENT_REGISTER.md,"**Approval effect:** `NONE_BEYOND_RECORDED_FOUNDER_DIRECTION_AND_EXISTING_SOURCE_LIFECYCLES` | The register records the controlling ten-item portfolio. It does not approve a new PIA, ratify candidate ADRs or redlines, or authorize implementation. | | Position ",CANONICAL_OR_CURRENT_INFERRED
STALE_DRAFT_HISTORICAL_OR_SUPERSEDED_TEXT,REVIEW_CLASSIFICATION,governance/pia_portfolio/ES-PIA-PORTFOLIO-REALIGNMENT-V1.0.0/sources/CURRENT_PIA_APPROVAL_STATUS.md,The most recent successor documentary-remediation package is **not** Founder approved or ratified. | `PASS_PACKAGE_COMPLETE_PENDING_FRESH_SEGREGATED_REVIEW` | Its 14 candidate ADRs and 19 proposed redlines have no approval effect. | Earlier underlying PIAs did,CANONICAL_OR_CURRENT_INFERRED
STALE_DRAFT_HISTORICAL_OR_SUPERSEDED_TEXT,REVIEW_CLASSIFICATION,governance/pia_portfolio/ES-PIA-PORTFOLIO-REALIGNMENT-V1.0.0/validation/DRIFT_VALIDATION_REPORT.json,STATUS_NOT_EXPLICITLY_EXTRACTED,HISTORICAL_DUPLICATE_DRAFT_OR_PREDECESSOR_INFERRED
STALE_DRAFT_HISTORICAL_OR_SUPERSEDED_TEXT,REVIEW_CLASSIFICATION,governance/pia_portfolio/ES-PIA-PORTFOLIO-REALIGNMENT-V1.0.0/validation/REPOSITORY_DISCOVERY_REPORT.json,"""CONTROLLING_PIA_STANDARD"": 3, | ""HISTORICAL_SUPERSEDED"": 2,",SUPERSEDED_OR_SUPERSESSION_TEXT_PRESENT
STALE_DRAFT_HISTORICAL_OR_SUPERSEDED_TEXT,REVIEW_CLASSIFICATION,governance/pia_portfolio/ES-PIA-PORTFOLIO-REALIGNMENT-V1.0.0/validation/SOURCE_GAPS.csv,"PORT-GAP-001,P1,02,""No primary Facility, Tenant, and Organizational Structure PIA package existed in accessible refs at Task A discovery."",Task B may draft only; Founder decisions and structured review remain required. | PORT-GAP-004,P2,01,Identity PIA V1.0.0 ",CANONICAL_OR_CURRENT_INFERRED
STALE_DRAFT_HISTORICAL_OR_SUPERSEDED_TEXT,REVIEW_CLASSIFICATION,governance/pia/items_01_06_10_remediation/prior_audits_and_plans/PIA_CANONICAL_REPOSITORY_INTEGRATION_BLOCKED_RECEIPT.md,# PIA Canonical Repository Integration Blocked Receipt | **Receipt ID:** `ES-PIA-CANONICAL-INTEGRATION-BLOCKED-2026-07-23-01` | **Disposition:** `BLOCKED_BEFORE_CANONICAL_REPOSITORY_MUTATION` | **Closure determination:** `BLOCKED`,SUPERSEDED_OR_SUPERSESSION_TEXT_PRESENT
STALE_DRAFT_HISTORICAL_OR_SUPERSEDED_TEXT,REVIEW_CLASSIFICATION,governance/pia/items_01_06_10_remediation/reports/CONSOLIDATED_PACKAGE_MANIFEST.json,"""default_branch_integration_commit"": ""PENDING_FOUNDER_APPROVAL_AND_MERGE"", | ""status"": ""REPOSITORY_NATIVE_DOCUMENTARY_INTEGRATED_WITH_RETAINED_CONDITIONS"", | ""status"": ""FOUNDER_APPROVED_DOCUMENTARY_DESIGN_BASELINE_V2_0_0_WITH_RETAINED_REVIEW_AND_LIFECYCLE_COND",CANONICAL_OR_CURRENT_INFERRED
STALE_DRAFT_HISTORICAL_OR_SUPERSEDED_TEXT,REVIEW_CLASSIFICATION,governance/pia/items_01_06_10_remediation/reports/ITEMS_01_06_REMEDIATION_STATUS_MATRIX.csv,"item,pia_name,canonical_path,repository_action,source_integrity,founder_or_review_status,final_remediation_status,remaining_blocker_or_retained_condition | 01,""Identity, Account, Actor, and Onboarding"",""governance/pia/items/01_identity_account_actor_onboarding",CANONICAL_OR_CURRENT_INFERRED
STALE_DRAFT_HISTORICAL_OR_SUPERSEDED_TEXT,REVIEW_CLASSIFICATION,governance/pia/items_01_06_10_remediation/reports/POST_REMEDIATION_BASELINE_AUDIT.md,**Default branch integration commit:** `PENDING_FOUNDER_APPROVAL_AND_MERGE` | `PIA_PORTFOLIO_DOCUMENTARY_DESIGN_APPROVAL_RECOGNIZED_WITH_REPOSITORY_CUSTODY_GAPS_AND_RETAINED_NON_OPERATIONAL_GATES` | The corrected proposed repository state recognizes `ES-PIA-PR,CANONICAL_OR_CURRENT_INFERRED
STALE_DRAFT_HISTORICAL_OR_SUPERSEDED_TEXT,REVIEW_CLASSIFICATION,governance/pia/items_01_06_10_remediation/reports/PR4_AUTHORITY_STATUS_AND_RECEIPT_CORRECTION_REPORT.md,**Draft PR:** `#4` | **Default branch integration commit:** `PENDING_FOUNDER_APPROVAL_AND_MERGE` | ## Controlling Authority | This correction treats Founder Governance Disposition `ES-PIA-PROGRAM-FOUNDER-DISPOSITION-2026-07-23-01` as the controlling later docu,SUPERSEDED_OR_SUPERSESSION_TEXT_PRESENT
STALE_DRAFT_HISTORICAL_OR_SUPERSEDED_TEXT,REVIEW_CLASSIFICATION,governance/pia/items_01_06_10_remediation/reports/PR4_DOCUMENTARY_CUSTODY_INTEGRATION_MERGE_RECEIPT.md,**Founder disposition:** `DOCUMENTARY_REPOSITORY_CUSTODY_INTEGRATION_WITH_RETAINED_GAPS` | GitHub initially refused the merge because PR #4 was still draft. The PR was marked ready only as a procedural prerequisite to execute the Founder-approved merge. No rev,CANONICAL_OR_CURRENT_INFERRED
STALE_DRAFT_HISTORICAL_OR_SUPERSEDED_TEXT,REVIEW_CLASSIFICATION,governance/pia/items_01_06_10_remediation/reports/PR4_POST_MERGE_BOUNDED_PORTFOLIO_AUDIT.md,`PIA_PORTFOLIO_DOCUMENTARY_DESIGN_APPROVAL_RECOGNIZED_WITH_REPOSITORY_CUSTODY_GAPS_AND_RETAINED_NON_OPERATIONAL_GATES` | The actual post-merge default/base branch commit contains the PR #4 documentary custody integration. The corrected audit determination is r,CANONICAL_OR_CURRENT_INFERRED
STALE_DRAFT_HISTORICAL_OR_SUPERSEDED_TEXT,REVIEW_CLASSIFICATION,governance/pia/items_07_10_integration/founder_disposition_batch/EquineSync_PIA_Items_07_10_Founder_Disposition_Batch_EXECUTED_2026-07-24/ITEM_07_CARE_FOUNDER_DISPOSITION_RECORD_EXECUTED.md,# Item 07 Care Operations Founder Disposition Record - Executed | Record ID: ES-PIA-ITEM-07-CARE-FOUNDER-DISPOSITION-EXECUTED-2026-07-24-01 | Execution status: FOUNDER_EXECUTED_DOCUMENTARY_GOVERNANCE_ONLY | ## Required Historical Preservation,SUPERSEDED_OR_SUPERSESSION_TEXT_PRESENT
STALE_DRAFT_HISTORICAL_OR_SUPERSEDED_TEXT,REVIEW_CLASSIFICATION,governance/pia/items_07_10_integration/founder_disposition_batch/EquineSync_PIA_Items_07_10_Founder_Disposition_Batch_EXECUTED_2026-07-24/ITEM_08_LTRG_FOUNDER_DISPOSITION_RECORD_EXECUTED.md,# Item 08 LTRG Founder Disposition Record - Executed | Record ID: ES-PIA-ITEM-08-LTRG-FOUNDER-DISPOSITION-EXECUTED-2026-07-24-01 | Execution status: FOUNDER_EXECUTED_DOCUMENTARY_GOVERNANCE_ONLY | - Canonical remediation candidate: Item 08 LTRG V0.2.1,SUPERSEDED_OR_SUPERSESSION_TEXT_PRESENT
STALE_DRAFT_HISTORICAL_OR_SUPERSEDED_TEXT,REVIEW_CLASSIFICATION,governance/pia/items_07_10_integration/founder_disposition_batch/EquineSync_PIA_Items_07_10_Founder_Disposition_Batch_EXECUTED_2026-07-24/ITEM_09_BPF_FOUNDER_DISPOSITION_RECORD_EXECUTED.md,# Item 09 BPF Founder Disposition Record - Executed | Record ID: ES-PIA-ITEM-09-BPF-FOUNDER-DISPOSITION-EXECUTED-2026-07-24-01 | Execution status: FOUNDER_EXECUTED_REPLACEMENT_DOCUMENTARY_GOVERNANCE_DISPOSITION | The original standalone Founder approval record,SUPERSEDED_OR_SUPERSESSION_TEXT_PRESENT
STALE_DRAFT_HISTORICAL_OR_SUPERSEDED_TEXT,REVIEW_CLASSIFICATION,governance/pia/items_07_10_integration/founder_disposition_batch/EquineSync_PIA_Items_07_10_Founder_Disposition_Batch_EXECUTED_2026-07-24/ITEM_10_OPC_FOUNDER_DISPOSITION_RECORD_EXECUTED.md,# Item 10 OPC Founder Disposition Record - Executed | Record ID: ES-PIA-ITEM-10-OPC-FOUNDER-DISPOSITION-EXECUTED-2026-07-24-01 | Execution status: FOUNDER_EXECUTED_ARCHIVAL_ONLY_WITH_OPC_REV_006_RETAINED_BLOCKER | The existing Founder archive approval establis,SUPERSEDED_OR_SUPERSESSION_TEXT_PRESENT
STALE_DRAFT_HISTORICAL_OR_SUPERSEDED_TEXT,REVIEW_CLASSIFICATION,governance/pia/items_07_10_integration/founder_disposition_batch/EquineSync_PIA_Items_07_10_Founder_Disposition_Batch_EXECUTED_2026-07-24/README.md,# EquineSync PIA Items 07-10 Founder Disposition Batch - Executed | Batch ID: ES-PIA-ITEMS-07-10-FOUNDER-DISPOSITION-BATCH-EXECUTED-2026-07-24-01 | Status: FOUNDER_EXECUTED_DOCUMENTARY_GOVERNANCE_ONLY | This batch records Founder execution of the EquineSync PI,HISTORICAL_DUPLICATE_DRAFT_OR_PREDECESSOR_INFERRED
STALE_DRAFT_HISTORICAL_OR_SUPERSEDED_TEXT,REVIEW_CLASSIFICATION,governance/pia/items_07_10_integration/prior_receipts_and_plans/PIA_CANONICAL_REPOSITORY_INTEGRATION_BLOCKED_RECEIPT.md,# PIA Canonical Repository Integration Blocked Receipt | **Receipt ID:** `ES-PIA-CANONICAL-INTEGRATION-BLOCKED-2026-07-23-01` | **Disposition:** `BLOCKED_BEFORE_CANONICAL_REPOSITORY_MUTATION` | **Closure determination:** `BLOCKED`,SUPERSEDED_OR_SUPERSESSION_TEXT_PRESENT
STALE_DRAFT_HISTORICAL_OR_SUPERSEDED_TEXT,REVIEW_CLASSIFICATION,governance/pia/items_07_10_integration/reports/PIA_ITEMS_07_10_POST_DISPOSITION_FORMAL_REVIEW_AND_INTEGRATION_READINESS_REPORT.md,Overall determination: `BLOCKED_FOR_FULL_ITEMS_07_10_CANONICAL_REPOSITORY_INTEGRATION` | Codex completed a post-Founder-disposition documentary review and integration-readiness assessment for PIA Items 07 through 10. | The executed Founder Disposition Batch wa,SUPERSEDED_OR_SUPERSESSION_TEXT_PRESENT
STALE_DRAFT_HISTORICAL_OR_SUPERSEDED_TEXT,REVIEW_CLASSIFICATION,governance/pia/items/01_identity_account_actor_onboarding/founder_disposition/ITEM_01_IDENTITY_FOUNDER_FINAL_DISPOSITION_EXECUTED.md,# Item 01 Identity Founder Final Disposition | **Disposition ID:** `ES-PIA-ITEM-01-IDENTITY-FOUNDER-FINAL-DISPOSITION-2026-07-25-01` | **Founder:** Rian Ray | **Source Package:** `EquineSync_Item_01_Identity_Founder_Disposition_and_Evidence_Treatment_2026-07-2,HISTORICAL_DUPLICATE_DRAFT_OR_PREDECESSOR_INFERRED
STALE_DRAFT_HISTORICAL_OR_SUPERSEDED_TEXT,REVIEW_CLASSIFICATION,governance/pia/items/01_identity_account_actor_onboarding/repository_integration/ITEM_01_IDENTITY_ACCESSION_CUSTODY_VALIDATION_RECORD.md,- Exact package bytes: `package_bytes/EquineSync_Item_01_Identity_Founder_Final_Disposition_EXECUTED_2026-07-25.zip` | - Founder disposition copy: `founder_disposition/ITEM_01_IDENTITY_FOUNDER_FINAL_DISPOSITION_EXECUTED.md` | | Copied Founder final disposition,CANONICAL_OR_CURRENT_INFERRED
STALE_DRAFT_HISTORICAL_OR_SUPERSEDED_TEXT,REVIEW_CLASSIFICATION,governance/pia/items/01_identity_account_actor_onboarding/repository_integration/ITEM_01_IDENTITY_REPOSITORY_INTEGRATION_RECEIPT.md,**Disposition:** `SUCCESS_REPOSITORY_NATIVE_DOCUMENTARY_INTEGRATION_WITH_RETAINED_CONDITIONS` | **Default branch integration commit:** `PENDING_FOUNDER_APPROVAL_AND_MERGE` | The prior Item 01 repository-integration blocked receipt is preserved inside the sourc,CANONICAL_OR_CURRENT_INFERRED
STALE_DRAFT_HISTORICAL_OR_SUPERSEDED_TEXT,REVIEW_CLASSIFICATION,governance/pia/items/01_identity_account_actor_onboarding/source_package/README.md,# EquineSync Item 01 Identity Founder Final Disposition Executed Package | Package status: `PREPARED_EXECUTED_FOUNDER_DISPOSITION_CUSTODY_PACKAGE` | Founder execution status: `APPROVED_AND_EXECUTED_AS_STATED` | Item 01 documentary baseline status: `FOUNDER_EXE,HISTORICAL_DUPLICATE_DRAFT_OR_PREDECESSOR_INFERRED
STALE_DRAFT_HISTORICAL_OR_SUPERSEDED_TEXT,REVIEW_CLASSIFICATION,governance/pia/items/01_identity_account_actor_onboarding/source_package/RECEIPTS/ITEM_01_IDENTITY_EXECUTED_DISPOSITION_REPOSITORY_INTEGRATION_BLOCKED_RECEIPT.md,# Item 01 Identity Executed Disposition Repository Integration Blocked Receipt | Receipt status: `BLOCKED_PENDING_SEPARATE_REPOSITORY_INTEGRATION_AUTHORIZATION` | Disposition ID: `ES-PIA-ITEM-01-IDENTITY-FOUNDER-FINAL-DISPOSITION-2026-07-25-01` | | Founder fin,HISTORICAL_DUPLICATE_DRAFT_OR_PREDECESSOR_INFERRED
STALE_DRAFT_HISTORICAL_OR_SUPERSEDED_TEXT,REVIEW_CLASSIFICATION,governance/pia/items/01_identity_account_actor_onboarding/source_package/SOURCE_DISPOSITION_PACKAGE/ITEM_01_IDENTITY_EVIDENCE_TREATMENT_MATRIX.md,Matrix status: `PREPARED_READY_FOR_FOUNDER_EXECUTION` | | ITEM01-TX-001 | Source remediation package identity and integrity | `CLOSED_WITH_EVIDENCE` | ZIP SHA-256 `6fd1099c612c97ee15496cf7e412d7f06085ce63b68d856677166ca6d9064035`; ZIP test pass; source package,CANONICAL_OR_CURRENT_INFERRED
STALE_DRAFT_HISTORICAL_OR_SUPERSEDED_TEXT,REVIEW_CLASSIFICATION,governance/pia/items/01_identity_account_actor_onboarding/source_package/SOURCE_DISPOSITION_PACKAGE/ITEM_01_IDENTITY_POST_TREATMENT_READINESS_ASSESSMENT.md,Readiness status: `READY_FOR_FOUNDER_EXECUTION` | Package status: `PREPARED_READY_FOR_FOUNDER_EXECUTION` | Founder execution status: `PENDING_FOUNDER_EXECUTION` | The source remediation package is verified and the evidence-treatment questions are sufficiently ,SUPERSEDED_OR_SUPERSESSION_TEXT_PRESENT
STALE_DRAFT_HISTORICAL_OR_SUPERSEDED_TEXT,REVIEW_CLASSIFICATION,governance/pia/items/01_identity_account_actor_onboarding/source_package/SUPPORTING_PROGRAM_AUTHORITY/FOUNDER_GOVERNANCE_DISPOSITION_TEN_PIA_DOCUMENTARY_BASELINES_2026-07-23.md,"# Founder Governance Disposition | **Disposition ID:** `ES-PIA-PROGRAM-FOUNDER-DISPOSITION-2026-07-23-01` | **Founder:** Rian Ray | **Program:** EquineSync Product Implementation Atlas drafting program, Items 01 through 10",CANONICAL_OR_CURRENT_INFERRED
STALE_DRAFT_HISTORICAL_OR_SUPERSEDED_TEXT,REVIEW_CLASSIFICATION,governance/pia/items/02_facility_tenant_organizational_structure/repository_integration/ITEM_02_FACILITY_ACCESSION_CUSTODY_VALIDATION_RECORD.md,"| `FROZEN_REVISED_CANDIDATE_SHA256SUMS.txt` | `72/72 entries PASS` | | | JSON parse checks | `PACKAGE_MANIFEST.json`, `EVIDENCE_MANIFEST.json`, `POST_REVIEW_EVIDENCE_MANIFEST.json`, `PERMISSION_CONTROL_FAILURE_RECORD.json`, `STARTUP_VERIFICATION_EVIDENCE.json`",CANONICAL_OR_CURRENT_INFERRED
STALE_DRAFT_HISTORICAL_OR_SUPERSEDED_TEXT,REVIEW_CLASSIFICATION,governance/pia/items/02_facility_tenant_organizational_structure/source_package/ES-PIA-FACILITY-TENANT-ORGANIZATION-V1.1.0/ACCEPTANCE_CRITERIA.csv,STATUS_NOT_EXPLICITLY_EXTRACTED,HISTORICAL_DUPLICATE_DRAFT_OR_PREDECESSOR_INFERRED
STALE_DRAFT_HISTORICAL_OR_SUPERSEDED_TEXT,REVIEW_CLASSIFICATION,governance/pia/items/02_facility_tenant_organizational_structure/source_package/ES-PIA-FACILITY-TENANT-ORGANIZATION-V1.1.0/ADVERSARIAL_SCENARIOS.md,- Version: `1.1.0-candidate` | - Status: `FOUNDER_DECISIONS_001_THROUGH_018_INCORPORATED` | - Final package disposition: `FACILITY_TENANT_ORGANIZATIONAL_STRUCTURE_PIA_FOUNDER_DECISIONS_001_THROUGH_018_INCORPORATED_PENDING_FRESH_SEGREGATED_REVIEW` | > FAC-FD-00,HISTORICAL_DUPLICATE_DRAFT_OR_PREDECESSOR_INFERRED
STALE_DRAFT_HISTORICAL_OR_SUPERSEDED_TEXT,REVIEW_CLASSIFICATION,governance/pia/items/02_facility_tenant_organizational_structure/source_package/ES-PIA-FACILITY-TENANT-ORGANIZATION-V1.1.0/API_EVENT_JOB_CONTRACTS.md,- Version: `1.1.0-candidate` | - Status: `FOUNDER_DECISIONS_001_THROUGH_018_INCORPORATED` | - Candidate disposition before fresh review: `FACILITY_TENANT_ORGANIZATIONAL_STRUCTURE_PIA_FOUNDER_DECISIONS_001_THROUGH_018_INCORPORATED_PENDING_FRESH_SEGREGATED_REVIE,CANONICAL_OR_CURRENT_INFERRED
STALE_DRAFT_HISTORICAL_OR_SUPERSEDED_TEXT,REVIEW_CLASSIFICATION,governance/pia/items/02_facility_tenant_organizational_structure/source_package/ES-PIA-FACILITY-TENANT-ORGANIZATION-V1.1.0/AS_BUILT_RECONCILIATION.md,- Version: `1.1.0-candidate` | - Final package disposition: `FACILITY_TENANT_ORGANIZATIONAL_STRUCTURE_PIA_FOUNDER_DECISIONS_001_THROUGH_018_INCORPORATED_PENDING_FRESH_SEGREGATED_REVIEW` | > FAC-FD-001 through FAC-FD-018 are Founder-approved design doctrine dat,CANONICAL_OR_CURRENT_INFERRED
STALE_DRAFT_HISTORICAL_OR_SUPERSEDED_TEXT,REVIEW_CLASSIFICATION,governance/pia/items/02_facility_tenant_organizational_structure/source_package/ES-PIA-FACILITY-TENANT-ORGANIZATION-V1.1.0/build_founder_decision_incorporation.py,"""""""Build the V1.1.0 Founder-decision-incorporated documentary candidate. | ""FACILITY_TENANT_ORGANIZATIONAL_STRUCTURE_PIA_FOUNDER_DECISIONS_"" | ""001_THROUGH_018_INCORPORATED_PENDING_FRESH_SEGREGATED_REVIEW"" | ""READY_FOR_FOUNDER_DESIGN_APPROVAL""",SUPERSEDED_OR_SUPERSESSION_TEXT_PRESENT
STALE_DRAFT_HISTORICAL_OR_SUPERSEDED_TEXT,REVIEW_CLASSIFICATION,governance/pia/items/02_facility_tenant_organizational_structure/source_package/ES-PIA-FACILITY-TENANT-ORGANIZATION-V1.1.0/CHANGE_CONTROL_LOG.md,- Version: `1.1.0-candidate` | - Status: `FOUNDER_DECISIONS_001_THROUGH_018_INCORPORATED` | - Final package disposition: `FACILITY_TENANT_ORGANIZATIONAL_STRUCTURE_PIA_FOUNDER_DECISIONS_001_THROUGH_018_INCORPORATED_PENDING_FRESH_SEGREGATED_REVIEW` | > FAC-FD-00,CANONICAL_OR_CURRENT_INFERRED
STALE_DRAFT_HISTORICAL_OR_SUPERSEDED_TEXT,REVIEW_CLASSIFICATION,governance/pia/items/02_facility_tenant_organizational_structure/source_package/ES-PIA-FACILITY-TENANT-ORGANIZATION-V1.1.0/DATA_DICTIONARY.md,- Version: `1.1.0-candidate` | - Status: `FOUNDER_DECISIONS_001_THROUGH_018_INCORPORATED` | - Candidate disposition before fresh review: `FACILITY_TENANT_ORGANIZATIONAL_STRUCTURE_PIA_FOUNDER_DECISIONS_001_THROUGH_018_INCORPORATED_PENDING_FRESH_SEGREGATED_REVIE,CANONICAL_OR_CURRENT_INFERRED
STALE_DRAFT_HISTORICAL_OR_SUPERSEDED_TEXT,REVIEW_CLASSIFICATION,governance/pia/items/02_facility_tenant_organizational_structure/source_package/ES-PIA-FACILITY-TENANT-ORGANIZATION-V1.1.0/DEPENDENCY_REGISTER.csv,"FAC-DEP-001,PIA Master Standard V1.1,CONTROLLING,SATISFIED_FOR_DRAFT,Keep 43 sections/traceability/status discipline | FAC-DEP-003,Founder decisions FAC-FD-001 through FAC-FD-018,DECISION,SATISFIED_FOR_DESIGN_DOCTRINE,Enables fresh review and later Founder des",CANONICAL_OR_CURRENT_INFERRED
STALE_DRAFT_HISTORICAL_OR_SUPERSEDED_TEXT,REVIEW_CLASSIFICATION,governance/pia/items/02_facility_tenant_organizational_structure/source_package/ES-PIA-FACILITY-TENANT-ORGANIZATION-V1.1.0/DOCUMENT_OVERVIEW_AND_RATIONALE.md,- Version: `1.1.0-candidate` | - Status: `FOUNDER_DECISIONS_001_THROUGH_018_INCORPORATED` | - Candidate disposition before fresh review: `FACILITY_TENANT_ORGANIZATIONAL_STRUCTURE_PIA_FOUNDER_DECISIONS_001_THROUGH_018_INCORPORATED_PENDING_FRESH_SEGREGATED_REVIE,CANONICAL_OR_CURRENT_INFERRED
STALE_DRAFT_HISTORICAL_OR_SUPERSEDED_TEXT,REVIEW_CLASSIFICATION,governance/pia/items/02_facility_tenant_organizational_structure/source_package/ES-PIA-FACILITY-TENANT-ORGANIZATION-V1.1.0/ENGINEERING_WORK_PACKAGE_REGISTER.csv,"work_package_id,title,candidate_scope,dependencies,implementation_authorized | FAC-WP-001,Decision and baseline closure,Resolve design decisions; fresh segregated review; Founder design decision,FAC-FD-001;FAC-FD-002;FAC-FD-003;FAC-FD-004;FAC-FD-005;FAC-FD-006",CANONICAL_OR_CURRENT_INFERRED
STALE_DRAFT_HISTORICAL_OR_SUPERSEDED_TEXT,REVIEW_CLASSIFICATION,governance/pia/items/02_facility_tenant_organizational_structure/source_package/ES-PIA-FACILITY-TENANT-ORGANIZATION-V1.1.0/EVIDENCE_MANIFEST.json,"""evidence_id"": ""FAC-EVID-DRAFT-001"", | ""kind"": ""FIRST_DRAFT"", | ""locator"": ""predecessor_evidence/v1.0.0/review/first_pass/FIRST_DRAFT_HASH_MANIFEST.csv"", | ""proves"": ""First-draft artifact hashes""",HISTORICAL_DUPLICATE_DRAFT_OR_PREDECESSOR_INFERRED
STALE_DRAFT_HISTORICAL_OR_SUPERSEDED_TEXT,REVIEW_CLASSIFICATION,governance/pia/items/02_facility_tenant_organizational_structure/source_package/ES-PIA-FACILITY-TENANT-ORGANIZATION-V1.1.0/FAC_FD_017_ADAPTIVE_ONBOARDING_REFINEMENT.md,- Version: `1.1.0-candidate` | - Status: `FOUNDER_APPROVED_DESIGN_DOCTRINE_REFINED` | - Candidate disposition before fresh review: `FACILITY_TENANT_ORGANIZATIONAL_STRUCTURE_PIA_FOUNDER_DECISIONS_001_THROUGH_018_INCORPORATED_PENDING_FRESH_SEGREGATED_REVIEW` | >,CANONICAL_OR_CURRENT_INFERRED
STALE_DRAFT_HISTORICAL_OR_SUPERSEDED_TEXT,REVIEW_CLASSIFICATION,governance/pia/items/02_facility_tenant_organizational_structure/source_package/ES-PIA-FACILITY-TENANT-ORGANIZATION-V1.1.0/FINAL_DISPOSITION.md,"- Frozen candidate commit: `a17b82a3896193e355d77e930e300cfd43565409` | - Open control findings: `P0=0`, `P1=1` | FAC-FD-001 through FAC-FD-018 are incorporated as Founder-approved design doctrine only. The FAC-FD-017 refinement is incorporated. FAC-FD-019 thr",CANONICAL_OR_CURRENT_INFERRED
STALE_DRAFT_HISTORICAL_OR_SUPERSEDED_TEXT,REVIEW_CLASSIFICATION,governance/pia/items/02_facility_tenant_organizational_structure/source_package/ES-PIA-FACILITY-TENANT-ORGANIZATION-V1.1.0/FINAL_FOUNDER_DESIGN_APPROVAL_BRIEFING.md,# Final Founder Design-Approval Briefing | - Frozen candidate commit: `a17b82a3896193e355d77e930e300cfd43565409` | - Current disposition: `FACILITY_PIA_FOUNDER_DECISIONS_INCORPORATED_PENDING_VALID_FRESH_SEGREGATED_REVIEW` | - Design-approval decision: `NOT_REA,CANONICAL_OR_CURRENT_INFERRED
STALE_DRAFT_HISTORICAL_OR_SUPERSEDED_TEXT,REVIEW_CLASSIFICATION,governance/pia/items/02_facility_tenant_organizational_structure/source_package/ES-PIA-FACILITY-TENANT-ORGANIZATION-V1.1.0/FINAL_PACKAGE_VALIDATION_REPORT.md,- Status: `PASS_FOR_BLOCKED_EVIDENCE_ENVELOPE` | - Frozen candidate commit: `a17b82a3896193e355d77e930e300cfd43565409` | - Final disposition: `FACILITY_PIA_FOUNDER_DECISIONS_INCORPORATED_PENDING_VALID_FRESH_SEGREGATED_REVIEW` | - Frozen revised-candidate check,CANONICAL_OR_CURRENT_INFERRED
STALE_DRAFT_HISTORICAL_OR_SUPERSEDED_TEXT,REVIEW_CLASSIFICATION,governance/pia/items/02_facility_tenant_organizational_structure/source_package/ES-PIA-FACILITY-TENANT-ORGANIZATION-V1.1.0/FIRST_FRESH_REVIEW_REMEDIATION_REGISTER.csv,"FSR-P1-001,P1,OPEN,""Defined Business and its distinct responsibility in the PIA controlled vocabulary, data dictionary, and machine-readable definitions."",PIA_FACILITY_TENANT_ORGANIZATION_V1_1_0.md;DATA_DICTIONARY.md;PIA | FSR-P1-002,P1,OPEN,Reclassified all r",CANONICAL_OR_CURRENT_INFERRED
STALE_DRAFT_HISTORICAL_OR_SUPERSEDED_TEXT,REVIEW_CLASSIFICATION,governance/pia/items/02_facility_tenant_organizational_structure/source_package/ES-PIA-FACILITY-TENANT-ORGANIZATION-V1.1.0/FIRST_FRESH_REVIEW_REMEDIATION_SUMMARY.md,- Version: `1.1.0-candidate` | - Status: `FIVE_FINDINGS_REMEDIATED_PENDING_FRESH_VERIFICATION` | - Candidate disposition before fresh review: `FACILITY_TENANT_ORGANIZATIONAL_STRUCTURE_PIA_FOUNDER_DECISIONS_001_THROUGH_018_INCORPORATED_PENDING_FRESH_SEGREGATED_,CANONICAL_OR_CURRENT_INFERRED
STALE_DRAFT_HISTORICAL_OR_SUPERSEDED_TEXT,REVIEW_CLASSIFICATION,governance/pia/items/02_facility_tenant_organizational_structure/source_package/ES-PIA-FACILITY-TENANT-ORGANIZATION-V1.1.0/FOUNDER_DECISION_BRIEF.md,# Founder Decision Brief | - Version: `1.1.0-candidate` | - Status: `EIGHTEEN_DECISIONS_INCORPORATED_TEN_LATER_GATES_OPEN` | - Candidate disposition before fresh review: `FACILITY_TENANT_ORGANIZATIONAL_STRUCTURE_PIA_FOUNDER_DECISIONS_001_THROUGH_018_INCORPORAT,CANONICAL_OR_CURRENT_INFERRED
STALE_DRAFT_HISTORICAL_OR_SUPERSEDED_TEXT,REVIEW_CLASSIFICATION,governance/pia/items/02_facility_tenant_organizational_structure/source_package/ES-PIA-FACILITY-TENANT-ORGANIZATION-V1.1.0/FOUNDER_DECISION_GATE_STATUS_REGISTER.csv,"decision_id,current_status,classification,gate,decision_date,controlling_record,notes | FAC-FD-001,FOUNDER_APPROVED_DESIGN_DOCTRINE,FOUNDER_APPROVED_DESIGN_DOCTRINE,DESIGN_DOCTRINE_APPROVED_NO_IMPLEMENTATION_AUTHORITY,2026-07-21,FOUNDER_DECISION_INCORPORATION_",SUPERSEDED_OR_SUPERSESSION_TEXT_PRESENT
STALE_DRAFT_HISTORICAL_OR_SUPERSEDED_TEXT,REVIEW_CLASSIFICATION,governance/pia/items/02_facility_tenant_organizational_structure/source_package/ES-PIA-FACILITY-TENANT-ORGANIZATION-V1.1.0/FOUNDER_DECISION_INCORPORATION_SUMMARY.md,# Founder Decision Incorporation Summary | - Version: `1.1.0-candidate` | - Status: `FOUNDER_DECISIONS_001_THROUGH_018_INCORPORATED` | - Candidate disposition before fresh review: `FACILITY_TENANT_ORGANIZATIONAL_STRUCTURE_PIA_FOUNDER_DECISIONS_001_THROUGH_018_,CANONICAL_OR_CURRENT_INFERRED
STALE_DRAFT_HISTORICAL_OR_SUPERSEDED_TEXT,REVIEW_CLASSIFICATION,governance/pia/items/02_facility_tenant_organizational_structure/source_package/ES-PIA-FACILITY-TENANT-ORGANIZATION-V1.1.0/FOUNDER_DECISION_RECOMMENDATION_MATRIX.json,"""classification"": ""FOUNDER_APPROVED_DESIGN_DOCTRINE"", | ""controlling_record"": ""FOUNDER_DECISION_INCORPORATION_DIRECTIVE_SHA256:8158c9f2f00b2702f7057837289dc8395ca28a2a3f9cd7c34d00d8861706944f"", | ""founder_answer"": ""Tenant is strict application context; Facilit",HISTORICAL_DUPLICATE_DRAFT_OR_PREDECESSOR_INFERRED
STALE_DRAFT_HISTORICAL_OR_SUPERSEDED_TEXT,REVIEW_CLASSIFICATION,governance/pia/items/02_facility_tenant_organizational_structure/source_package/ES-PIA-FACILITY-TENANT-ORGANIZATION-V1.1.0/FOUNDER_DECISION_REGISTER.md,# Founder Decision Register | - Version: `1.1.0-candidate` | - Status: `FOUNDER_DECISIONS_001_THROUGH_018_INCORPORATED` | - Candidate disposition before fresh review: `FACILITY_TENANT_ORGANIZATIONAL_STRUCTURE_PIA_FOUNDER_DECISIONS_001_THROUGH_018_INCORPORATED_,SUPERSEDED_OR_SUPERSESSION_TEXT_PRESENT
STALE_DRAFT_HISTORICAL_OR_SUPERSEDED_TEXT,REVIEW_CLASSIFICATION,governance/pia/items/02_facility_tenant_organizational_structure/source_package/ES-PIA-FACILITY-TENANT-ORGANIZATION-V1.1.0/FOUNDER_INPUT_QUESTIONS.md,# Remaining Founder Input Questions | - Version: `1.1.0-candidate` | - Status: `TEN_LATER_GATE_DECISIONS_OPEN` | - Candidate disposition before fresh review: `FACILITY_TENANT_ORGANIZATIONAL_STRUCTURE_PIA_FOUNDER_DECISIONS_001_THROUGH_018_INCORPORATED_PENDING_F,CANONICAL_OR_CURRENT_INFERRED
STALE_DRAFT_HISTORICAL_OR_SUPERSEDED_TEXT,REVIEW_CLASSIFICATION,governance/pia/items/02_facility_tenant_organizational_structure/source_package/ES-PIA-FACILITY-TENANT-ORGANIZATION-V1.1.0/FOUNDER_REVIEW_PACKET.md,# Founder Review Packet | - Version: `1.1.0-candidate` | - Status: `FOUNDER_DECISIONS_INCORPORATED_FRESH_REVIEW_PENDING` | - Candidate disposition before fresh review: `FACILITY_TENANT_ORGANIZATIONAL_STRUCTURE_PIA_FOUNDER_DECISIONS_001_THROUGH_018_INCORPORATED,CANONICAL_OR_CURRENT_INFERRED
STALE_DRAFT_HISTORICAL_OR_SUPERSEDED_TEXT,REVIEW_CLASSIFICATION,governance/pia/items/02_facility_tenant_organizational_structure/source_package/ES-PIA-FACILITY-TENANT-ORGANIZATION-V1.1.0/freeze_revised_candidate.py,"""""""Freeze and checksum the documentary V1.1.0 candidate. | ""FACILITY_TENANT_ORGANIZATIONAL_STRUCTURE_PIA_FOUNDER_DECISIONS_"" | ""001_THROUGH_018_INCORPORATED_PENDING_FRESH_SEGREGATED_REVIEW"" | ""FROZEN_REVISED_CANDIDATE_MANIFEST.txt"", | PATH_CLASSIFICATION: cand",CANONICAL_OR_CURRENT_INFERRED
STALE_DRAFT_HISTORICAL_OR_SUPERSEDED_TEXT,REVIEW_CLASSIFICATION,governance/pia/items/02_facility_tenant_organizational_structure/source_package/ES-PIA-FACILITY-TENANT-ORGANIZATION-V1.1.0/FRESH_SEGREGATED_REVIEW_FINDINGS.csv,"FSR-CONTROL-001,P1,OPEN,Formal segregated-review permission gate failed,""Expected ES-RA-02 read-only/on-request operation conflicts with the effective unrestricted danger-full-access parent and approval policy never. No  | FSR-P1-001,P1,REMEDIATED_UNVERIFIED,F",CANONICAL_OR_CURRENT_INFERRED
STALE_DRAFT_HISTORICAL_OR_SUPERSEDED_TEXT,REVIEW_CLASSIFICATION,governance/pia/items/02_facility_tenant_organizational_structure/source_package/ES-PIA-FACILITY-TENANT-ORGANIZATION-V1.1.0/FROZEN_PREDECESSOR_INTEGRITY_REPORT.md,No frozen historical artifact was rewritten. Relocated predecessor evidence remains byte-identical and explicitly non-controlling for V1.1.0.,CANONICAL_OR_CURRENT_INFERRED
STALE_DRAFT_HISTORICAL_OR_SUPERSEDED_TEXT,REVIEW_CLASSIFICATION,governance/pia/items/02_facility_tenant_organizational_structure/source_package/ES-PIA-FACILITY-TENANT-ORGANIZATION-V1.1.0/FROZEN_REVISED_CANDIDATE_MANIFEST.txt,# ES-PIA-FACILITY-TENANT-ORGANIZATION-V1.1.0 frozen revised candidate | # disposition=FACILITY_TENANT_ORGANIZATIONAL_STRUCTURE_PIA_FOUNDER_DECISIONS_001_THROUGH_018_INCORPORATED_PENDING_FRESH_SEGREGATED_REVIEW | 8526ec8c5aff983cbdeaca596390997312246e6c263c6c4a,CANONICAL_OR_CURRENT_INFERRED
STALE_DRAFT_HISTORICAL_OR_SUPERSEDED_TEXT,REVIEW_CLASSIFICATION,governance/pia/items/02_facility_tenant_organizational_structure/source_package/ES-PIA-FACILITY-TENANT-ORGANIZATION-V1.1.0/FROZEN_REVISED_CANDIDATE_SHA256SUMS.txt,8526ec8c5aff983cbdeaca596390997312246e6c263c6c4a253dbacbc0ec7781 FOUNDER_DECISION_BRIEF.md | ff75bdaed3f1aa5c349e3be3c0e9004b1881b4852ce12644be67e6be305f00e7 FOUNDER_DECISION_GATE_STATUS_REGISTER.csv | c1444c963bfec4b2689c8ca759a8e9640b92a14e16974d623068b950c0,CANONICAL_OR_CURRENT_INFERRED
STALE_DRAFT_HISTORICAL_OR_SUPERSEDED_TEXT,REVIEW_CLASSIFICATION,governance/pia/items/02_facility_tenant_organizational_structure/source_package/ES-PIA-FACILITY-TENANT-ORGANIZATION-V1.1.0/GOLDEN_PATHS.md,- Version: `1.1.0-candidate` | - Status: `FOUNDER_DECISIONS_001_THROUGH_018_INCORPORATED` | - Final package disposition: `FACILITY_TENANT_ORGANIZATIONAL_STRUCTURE_PIA_FOUNDER_DECISIONS_001_THROUGH_018_INCORPORATED_PENDING_FRESH_SEGREGATED_REVIEW` | > FAC-FD-00,HISTORICAL_DUPLICATE_DRAFT_OR_PREDECESSOR_INFERRED
STALE_DRAFT_HISTORICAL_OR_SUPERSEDED_TEXT,REVIEW_CLASSIFICATION,governance/pia/items/02_facility_tenant_organizational_structure/source_package/ES-PIA-FACILITY-TENANT-ORGANIZATION-V1.1.0/INHERITANCE_AND_SHARED_CONTROL_REGISTER.md,- Version: `1.1.0-candidate` | - Status: `FOUNDER_DECISIONS_001_THROUGH_018_INCORPORATED` | - Final package disposition: `FACILITY_TENANT_ORGANIZATIONAL_STRUCTURE_PIA_FOUNDER_DECISIONS_001_THROUGH_018_INCORPORATED_PENDING_FRESH_SEGREGATED_REVIEW` | > FAC-FD-00,CANONICAL_OR_CURRENT_INFERRED
STALE_DRAFT_HISTORICAL_OR_SUPERSEDED_TEXT,REVIEW_CLASSIFICATION,governance/pia/items/02_facility_tenant_organizational_structure/source_package/ES-PIA-FACILITY-TENANT-ORGANIZATION-V1.1.0/INTERNAL_CONSISTENCY_VALIDATION_REPORT.md,- Version: `1.1.0-candidate` | - Candidate disposition before fresh review: `FACILITY_TENANT_ORGANIZATIONAL_STRUCTURE_PIA_FOUNDER_DECISIONS_001_THROUGH_018_INCORPORATED_PENDING_FRESH_SEGREGATED_REVIEW` | | VAL-CON-001 | PASS | Core human-readable artifacts use,CANONICAL_OR_CURRENT_INFERRED
STALE_DRAFT_HISTORICAL_OR_SUPERSEDED_TEXT,REVIEW_CLASSIFICATION,governance/pia/items/02_facility_tenant_organizational_structure/source_package/ES-PIA-FACILITY-TENANT-ORGANIZATION-V1.1.0/INVALID_REVIEW_NOTICE.md,## Controlling conflict | Repository `AGENTS.md` and `governance/founder_orchestrated_review/RUNTIME_PERMISSION_CONTROL.md` require ES-RA-02 review to run read-only with on-request approvals. They prohibit unrestricted / danger-full-access operat | Rerun under,CANONICAL_OR_CURRENT_INFERRED
STALE_DRAFT_HISTORICAL_OR_SUPERSEDED_TEXT,REVIEW_CLASSIFICATION,governance/pia/items/02_facility_tenant_organizational_structure/source_package/ES-PIA-FACILITY-TENANT-ORGANIZATION-V1.1.0/PACKAGE_MANIFEST.json,"""disposition"": ""FACILITY_TENANT_ORGANIZATIONAL_STRUCTURE_PIA_FOUNDER_DECISIONS_001_THROUGH_018_INCORPORATED_PENDING_FRESH_SEGREGATED_REVIEW"", | ""path"": ""FOUNDER_DECISION_BRIEF.md"", | ""path"": ""FOUNDER_DECISION_GATE_STATUS_REGISTER.csv"", | ""path"": ""FOUNDER_DECIS",HISTORICAL_DUPLICATE_DRAFT_OR_PREDECESSOR_INFERRED
STALE_DRAFT_HISTORICAL_OR_SUPERSEDED_TEXT,REVIEW_CLASSIFICATION,governance/pia/items/02_facility_tenant_organizational_structure/source_package/ES-PIA-FACILITY-TENANT-ORGANIZATION-V1.1.0/PERMISSION_AND_AUTHORIZATION_BOUNDARY_MATRIX.csv,"permission_rule_id,action,candidate_actor,scope,required_evidence,boundary | FAC-PERM-008,facility:merge,Reconciliation reviewer,tenant + candidate facilities,evidence and second review,No automatic merge",CANONICAL_OR_CURRENT_INFERRED
STALE_DRAFT_HISTORICAL_OR_SUPERSEDED_TEXT,REVIEW_CLASSIFICATION,governance/pia/items/02_facility_tenant_organizational_structure/source_package/ES-PIA-FACILITY-TENANT-ORGANIZATION-V1.1.0/PIA_FACILITY_TENANT_ORGANIZATION_V1_1_0.md,- Version: `1.1.0-candidate` | - Status: `FOUNDER_DECISIONS_001_THROUGH_018_INCORPORATED_PENDING_FRESH_SEGREGATED_REVIEW` | - Final package disposition: `FACILITY_TENANT_ORGANIZATIONAL_STRUCTURE_PIA_FOUNDER_DECISIONS_001_THROUGH_018_INCORPORATED_PENDING_FRESH_,CANONICAL_OR_CURRENT_INFERRED
STALE_DRAFT_HISTORICAL_OR_SUPERSEDED_TEXT,REVIEW_CLASSIFICATION,governance/pia/items/02_facility_tenant_organizational_structure/source_package/ES-PIA-FACILITY-TENANT-ORGANIZATION-V1.1.0/predecessor_evidence/v1.0.0/build_facility_pia_package.py,"""""""Build the complete Facility/Tenant/Organization PIA candidate package. | then emits the reviewed and revised candidate. | ""FACILITY_TENANT_ORGANIZATIONAL_STRUCTURE_PIA_DRAFT_COMPLETE_"" | ""INTERNALLY_REVIEWED_AND_REVISED_PENDING_FOUNDER_DECISIONS_AND_""",CANONICAL_OR_CURRENT_INFERRED
STALE_DRAFT_HISTORICAL_OR_SUPERSEDED_TEXT,REVIEW_CLASSIFICATION,governance/pia/items/02_facility_tenant_organizational_structure/source_package/ES-PIA-FACILITY-TENANT-ORGANIZATION-V1.1.0/predecessor_evidence/v1.0.0/CHECKSUM_MANIFEST.sha256,b84ef9dd85a86c710cc8298ec9ce92c0a38d4c9a927b4c8895d0c01ecdc351a3 FINAL_OPEN_FINDINGS_REGISTER.csv | d049049897d24d70a8d6b31d2e6f8ce43f136e7c97694ca06fa9296f1792f1ae FOUNDER_DECISION_BRIEF.md | 5251f21a7c4e755a77859a4c89826a6f274938db311517d490c405158b062aea FO,HISTORICAL_DUPLICATE_DRAFT_OR_PREDECESSOR_INFERRED
STALE_DRAFT_HISTORICAL_OR_SUPERSEDED_TEXT,REVIEW_CLASSIFICATION,governance/pia/items/02_facility_tenant_organizational_structure/source_package/ES-PIA-FACILITY-TENANT-ORGANIZATION-V1.1.0/predecessor_evidence/v1.0.0/CROSS_DOCUMENT_CONSISTENCY_REPORT.md,- Version: `1.0.0-candidate` | - Status: `CONSISTENT_WITH_OPEN_GATES` | - Final package disposition: `FACILITY_TENANT_ORGANIZATIONAL_STRUCTURE_PIA_DRAFT_COMPLETE_INTERNALLY_REVIEWED_AND_REVISED_PENDING_FOUNDER_DECISIONS_AND_FRESH_SEGREGATED_REVIEW` | > All rec,CANONICAL_OR_CURRENT_INFERRED
STALE_DRAFT_HISTORICAL_OR_SUPERSEDED_TEXT,REVIEW_CLASSIFICATION,governance/pia/items/02_facility_tenant_organizational_structure/source_package/ES-PIA-FACILITY-TENANT-ORGANIZATION-V1.1.0/predecessor_evidence/v1.0.0/DOCUMENT_REVIEW_FINDINGS_REGISTER.csv,"FAC-FIND-P1-001,P1,DOMAIN_OPERATIONAL,The first draft did not state strongly enough that Barn is neither Tenant nor durable Facility identity.,PIA_FACILITY_TENANT_ORGANIZATION_V1_0_0.md;DATA_DICTIONARY.md,Add the BarnOpe | FAC-FIND-P1-003,P1,SECURITY_PRIVACY,""",CANONICAL_OR_CURRENT_INFERRED
STALE_DRAFT_HISTORICAL_OR_SUPERSEDED_TEXT,REVIEW_CLASSIFICATION,governance/pia/items/02_facility_tenant_organizational_structure/source_package/ES-PIA-FACILITY-TENANT-ORGANIZATION-V1.1.0/predecessor_evidence/v1.0.0/DOCUMENT_REVIEW_LEDGER.csv,"document,first_draft_sha256,first_pass_review,finding_ids,required_change,revision_count,final_sha256,second_pass_review,final_status | ACCEPTANCE_CRITERIA.csv,1e8d803d793bb689d790320fc6a7e215592758de4dc85446500ba1bb06904120,COMPLETED,NONE,NO,0,1e8d803d793bb68",CANONICAL_OR_CURRENT_INFERRED
STALE_DRAFT_HISTORICAL_OR_SUPERSEDED_TEXT,REVIEW_CLASSIFICATION,governance/pia/items/02_facility_tenant_organizational_structure/source_package/ES-PIA-FACILITY-TENANT-ORGANIZATION-V1.1.0/predecessor_evidence/v1.0.0/FIRST_PASS_REVIEW_SUMMARY.md,- Version: `1.0.0-candidate` | - Final package disposition: `FACILITY_TENANT_ORGANIZATIONAL_STRUCTURE_PIA_DRAFT_COMPLETE_INTERNALLY_REVIEWED_AND_REVISED_PENDING_FOUNDER_DECISIONS_AND_FRESH_SEGREGATED_REVIEW` | > All recommendations are candidate advice only. T,CANONICAL_OR_CURRENT_INFERRED
STALE_DRAFT_HISTORICAL_OR_SUPERSEDED_TEXT,REVIEW_CLASSIFICATION,governance/pia/items/02_facility_tenant_organizational_structure/source_package/ES-PIA-FACILITY-TENANT-ORGANIZATION-V1.1.0/predecessor_evidence/v1.0.0/PACKAGE_MANIFEST.json,"""disposition"": ""FACILITY_TENANT_ORGANIZATIONAL_STRUCTURE_PIA_DRAFT_COMPLETE_INTERNALLY_REVIEWED_AND_REVISED_PENDING_FOUNDER_DECISIONS_AND_FRESH_SEGREGATED_REVIEW"", | ""path"": ""FINAL_OPEN_FINDINGS_REGISTER.csv"", | ""path"": ""FOUNDER_DECISION_BRIEF.md"", | ""path"": """,HISTORICAL_DUPLICATE_DRAFT_OR_PREDECESSOR_INFERRED
STALE_DRAFT_HISTORICAL_OR_SUPERSEDED_TEXT,REVIEW_CLASSIFICATION,governance/pia/items/02_facility_tenant_organizational_structure/source_package/ES-PIA-FACILITY-TENANT-ORGANIZATION-V1.1.0/predecessor_evidence/v1.0.0/REVIEW_DISPOSITION.md,- Version: `1.0.0-candidate` | - Status: `INTERNAL_REVIEW_COMPLETE_FOUNDER_AND_FRESH_REVIEW_PENDING` | - Final package disposition: `FACILITY_TENANT_ORGANIZATIONAL_STRUCTURE_PIA_DRAFT_COMPLETE_INTERNALLY_REVIEWED_AND_REVISED_PENDING_FOUNDER_DECISIONS_AND_FRESH,HISTORICAL_DUPLICATE_DRAFT_OR_PREDECESSOR_INFERRED
STALE_DRAFT_HISTORICAL_OR_SUPERSEDED_TEXT,REVIEW_CLASSIFICATION,governance/pia/items/02_facility_tenant_organizational_structure/source_package/ES-PIA-FACILITY-TENANT-ORGANIZATION-V1.1.0/predecessor_evidence/v1.0.0/review/first_pass/ADVERSARIAL_REVIEW.md,- Version: `1.0.0-candidate` | - Final package disposition: `FACILITY_TENANT_ORGANIZATIONAL_STRUCTURE_PIA_DRAFT_COMPLETE_INTERNALLY_REVIEWED_AND_REVISED_PENDING_FOUNDER_DECISIONS_AND_FRESH_SEGREGATED_REVIEW` | > All recommendations are candidate advice only. T,HISTORICAL_DUPLICATE_DRAFT_OR_PREDECESSOR_INFERRED
STALE_DRAFT_HISTORICAL_OR_SUPERSEDED_TEXT,REVIEW_CLASSIFICATION,governance/pia/items/02_facility_tenant_organizational_structure/source_package/ES-PIA-FACILITY-TENANT-ORGANIZATION-V1.1.0/predecessor_evidence/v1.0.0/review/first_pass/CROSS_DOMAIN_OWNERSHIP_REVIEW.md,- Version: `1.0.0-candidate` | - Final package disposition: `FACILITY_TENANT_ORGANIZATIONAL_STRUCTURE_PIA_DRAFT_COMPLETE_INTERNALLY_REVIEWED_AND_REVISED_PENDING_FOUNDER_DECISIONS_AND_FRESH_SEGREGATED_REVIEW` | > All recommendations are candidate advice only. T,CANONICAL_OR_CURRENT_INFERRED
STALE_DRAFT_HISTORICAL_OR_SUPERSEDED_TEXT,REVIEW_CLASSIFICATION,governance/pia/items/02_facility_tenant_organizational_structure/source_package/ES-PIA-FACILITY-TENANT-ORGANIZATION-V1.1.0/predecessor_evidence/v1.0.0/review/first_pass/DOCUMENTARY_GOLDEN_PATH_REVIEW.md,- Version: `1.0.0-candidate` | - Final package disposition: `FACILITY_TENANT_ORGANIZATIONAL_STRUCTURE_PIA_DRAFT_COMPLETE_INTERNALLY_REVIEWED_AND_REVISED_PENDING_FOUNDER_DECISIONS_AND_FRESH_SEGREGATED_REVIEW` | > All recommendations are candidate advice only. T,CANONICAL_OR_CURRENT_INFERRED
STALE_DRAFT_HISTORICAL_OR_SUPERSEDED_TEXT,REVIEW_CLASSIFICATION,governance/pia/items/02_facility_tenant_organizational_structure/source_package/ES-PIA-FACILITY-TENANT-ORGANIZATION-V1.1.0/predecessor_evidence/v1.0.0/review/first_pass/DOMAIN_OPERATIONAL_REVIEW.md,- Version: `1.0.0-candidate` | - Final package disposition: `FACILITY_TENANT_ORGANIZATIONAL_STRUCTURE_PIA_DRAFT_COMPLETE_INTERNALLY_REVIEWED_AND_REVISED_PENDING_FOUNDER_DECISIONS_AND_FRESH_SEGREGATED_REVIEW` | > All recommendations are candidate advice only. T,CANONICAL_OR_CURRENT_INFERRED
STALE_DRAFT_HISTORICAL_OR_SUPERSEDED_TEXT,REVIEW_CLASSIFICATION,governance/pia/items/02_facility_tenant_organizational_structure/source_package/ES-PIA-FACILITY-TENANT-ORGANIZATION-V1.1.0/predecessor_evidence/v1.0.0/review/first_pass/FIRST_DRAFT_HASH_MANIFEST.csv,"FOUNDER_DECISION_BRIEF.md,d049049897d24d70a8d6b31d2e6f8ce43f136e7c97694ca06fa9296f1792f1ae,INDIVIDUAL_FIRST_PASS_AND_APPLICABLE_CHALLENGE_PASSES | FOUNDER_DECISION_RECOMMENDATION_MATRIX.csv,5251f21a7c4e755a77859a4c89826a6f274938db311517d490c405158b062aea,INDIV",CANONICAL_OR_CURRENT_INFERRED
STALE_DRAFT_HISTORICAL_OR_SUPERSEDED_TEXT,REVIEW_CLASSIFICATION,governance/pia/items/02_facility_tenant_organizational_structure/source_package/ES-PIA-FACILITY-TENANT-ORGANIZATION-V1.1.0/predecessor_evidence/v1.0.0/review/first_pass/MACHINE_TRACEABILITY_REVIEW.md,- Version: `1.0.0-candidate` | - Final package disposition: `FACILITY_TENANT_ORGANIZATIONAL_STRUCTURE_PIA_DRAFT_COMPLETE_INTERNALLY_REVIEWED_AND_REVISED_PENDING_FOUNDER_DECISIONS_AND_FRESH_SEGREGATED_REVIEW` | > All recommendations are candidate advice only. T,CANONICAL_OR_CURRENT_INFERRED
STALE_DRAFT_HISTORICAL_OR_SUPERSEDED_TEXT,REVIEW_CLASSIFICATION,governance/pia/items/02_facility_tenant_organizational_structure/source_package/ES-PIA-FACILITY-TENANT-ORGANIZATION-V1.1.0/predecessor_evidence/v1.0.0/review/first_pass/SECURITY_PRIVACY_TENANT_ISOLATION_REVIEW.md,- Version: `1.0.0-candidate` | - Final package disposition: `FACILITY_TENANT_ORGANIZATIONAL_STRUCTURE_PIA_DRAFT_COMPLETE_INTERNALLY_REVIEWED_AND_REVISED_PENDING_FOUNDER_DECISIONS_AND_FRESH_SEGREGATED_REVIEW` | > All recommendations are candidate advice only. T,CANONICAL_OR_CURRENT_INFERRED
STALE_DRAFT_HISTORICAL_OR_SUPERSEDED_TEXT,REVIEW_CLASSIFICATION,governance/pia/items/02_facility_tenant_organizational_structure/source_package/ES-PIA-FACILITY-TENANT-ORGANIZATION-V1.1.0/predecessor_evidence/v1.0.0/REVISION_CHANGE_SUMMARY.md,- Version: `1.0.0-candidate` | - Final package disposition: `FACILITY_TENANT_ORGANIZATIONAL_STRUCTURE_PIA_DRAFT_COMPLETE_INTERNALLY_REVIEWED_AND_REVISED_PENDING_FOUNDER_DECISIONS_AND_FRESH_SEGREGATED_REVIEW` | > All recommendations are candidate advice only. T,CANONICAL_OR_CURRENT_INFERRED
STALE_DRAFT_HISTORICAL_OR_SUPERSEDED_TEXT,REVIEW_CLASSIFICATION,governance/pia/items/02_facility_tenant_organizational_structure/source_package/ES-PIA-FACILITY-TENANT-ORGANIZATION-V1.1.0/predecessor_evidence/v1.0.0/REVISION_TRACEABILITY_REGISTER.csv,"FAC-FIND-P1-003,P1,PIA_FACILITY_TENANT_ORGANIZATION_V1_0_0.md;STATE_TRANSITION_MATRIX.csv,Add all-surface denial and an explicit narrow safety-evidence exception candidate.,SECOND_PASS_CONFIRMED,RESOLVED_IN_REVISION,FAC- | FAC-FIND-P2-005,P2,FOUNDER_DECISION_R",CANONICAL_OR_CURRENT_INFERRED
STALE_DRAFT_HISTORICAL_OR_SUPERSEDED_TEXT,REVIEW_CLASSIFICATION,governance/pia/items/02_facility_tenant_organizational_structure/source_package/ES-PIA-FACILITY-TENANT-ORGANIZATION-V1.1.0/predecessor_evidence/v1.0.0/SECOND_PASS_REVIEW_SUMMARY.md,- Version: `1.0.0-candidate` | - Status: `SECOND_PASS_COMPLETE_PENDING_FRESH_SEGREGATED_REVIEW` | - Final package disposition: `FACILITY_TENANT_ORGANIZATIONAL_STRUCTURE_PIA_DRAFT_COMPLETE_INTERNALLY_REVIEWED_AND_REVISED_PENDING_FOUNDER_DECISIONS_AND_FRESH_SEGR,CANONICAL_OR_CURRENT_INFERRED
STALE_DRAFT_HISTORICAL_OR_SUPERSEDED_TEXT,REVIEW_CLASSIFICATION,governance/pia/items/02_facility_tenant_organizational_structure/source_package/ES-PIA-FACILITY-TENANT-ORGANIZATION-V1.1.0/predecessor_evidence/v1.0.0/validate_facility_pia_package.py,"""FACILITY_TENANT_ORGANIZATIONAL_STRUCTURE_PIA_DRAFT_COMPLETE_"" | ""INTERNALLY_REVIEWED_AND_REVISED_PENDING_FOUNDER_DECISIONS_AND_"" | ""FOUNDER_DECISION_REGISTER.md"", | ""FOUNDER_DECISION_RECOMMENDATION_MATRIX.csv"",",CANONICAL_OR_CURRENT_INFERRED
STALE_DRAFT_HISTORICAL_OR_SUPERSEDED_TEXT,REVIEW_CLASSIFICATION,governance/pia/items/02_facility_tenant_organizational_structure/source_package/ES-PIA-FACILITY-TENANT-ORGANIZATION-V1.1.0/predecessor_evidence/v1.0.0/VALIDATION_REPORT.json,"""detail"": ""{\""contracts\"": 14, \""entities\"": 15, \""founder_decisions\"": 28, \""permissions\"": 17, \""requirements\"": 36, \""risks\"": 10, \""source_gaps\"": 0, \""sources\"": 33, \""state_transitions\"": 26, \""workflows\"": 13}"", | ""detail"": ""all recommendations unresolv",SUPERSEDED_OR_SUPERSESSION_TEXT_PRESENT
STALE_DRAFT_HISTORICAL_OR_SUPERSEDED_TEXT,REVIEW_CLASSIFICATION,governance/pia/items/02_facility_tenant_organizational_structure/source_package/ES-PIA-FACILITY-TENANT-ORGANIZATION-V1.1.0/predecessor_evidence/v1.0.0/VALIDATION_REPORT.md,"- Disposition: `FACILITY_TENANT_ORGANIZATIONAL_STRUCTURE_PIA_DRAFT_COMPLETE_INTERNALLY_REVIEWED_AND_REVISED_PENDING_FOUNDER_DECISIONS_AND_FRESH_SEGREGATED_REVIEW` | | design_counts | PASS | {""contracts"": 14, ""entities"": 15, ""founder_decisions"": 28, ""permission",SUPERSEDED_OR_SUPERSESSION_TEXT_PRESENT
STALE_DRAFT_HISTORICAL_OR_SUPERSEDED_TEXT,REVIEW_CLASSIFICATION,governance/pia/items/02_facility_tenant_organizational_structure/source_package/ES-PIA-FACILITY-TENANT-ORGANIZATION-V1.1.0/REQUIREMENT_REGISTER.csv,"FAC-REQ-001,""The system SHALL represent Tenant, Facility, Organization, Barn and Facility Area with distinct identifiers and meanings."",FAC-SRC-007;FAC-SRC-009;FAC-SRC-011;FAC-FD-001,""Preserve domain boundaries, safety,  | FAC-REQ-002,Every protected record SH",HISTORICAL_DUPLICATE_DRAFT_OR_PREDECESSOR_INFERRED
STALE_DRAFT_HISTORICAL_OR_SUPERSEDED_TEXT,REVIEW_CLASSIFICATION,governance/pia/items/02_facility_tenant_organizational_structure/source_package/ES-PIA-FACILITY-TENANT-ORGANIZATION-V1.1.0/RESIDUAL_P2_STATUS.md,- Version: `1.1.0-candidate` | - Candidate disposition before fresh review: `FACILITY_TENANT_ORGANIZATIONAL_STRUCTURE_PIA_FOUNDER_DECISIONS_001_THROUGH_018_INCORPORATED_PENDING_FRESH_SEGREGATED_REVIEW` | > FAC-FD-001 through FAC-FD-018 are Founder-approved des,CANONICAL_OR_CURRENT_INFERRED
STALE_DRAFT_HISTORICAL_OR_SUPERSEDED_TEXT,REVIEW_CLASSIFICATION,governance/pia/items/02_facility_tenant_organizational_structure/source_package/ES-PIA-FACILITY-TENANT-ORGANIZATION-V1.1.0/review_evidence/first_fresh_review/FRESH_SEGREGATED_REVIEW_EVIDENCE_INDEX.csv,"FSR-EVID-001,01_FAITHFUL_INCORPORATION_FAC_FD_001_018,PASS,""git:0beee6137183eb4079e7346c8596f6bec552f2f2:governance/pia/ES-PIA-FACILITY-TENANT-ORGANIZATION-V1.0.0/FOUNDER_DECISION_REGISTER.md compared with FOUNDER_DECISI | FSR-EVID-003,02_FAC_FD_017_REFINEMENT",HISTORICAL_DUPLICATE_DRAFT_OR_PREDECESSOR_INFERRED
STALE_DRAFT_HISTORICAL_OR_SUPERSEDED_TEXT,REVIEW_CLASSIFICATION,governance/pia/items/02_facility_tenant_organizational_structure/source_package/ES-PIA-FACILITY-TENANT-ORGANIZATION-V1.1.0/review_evidence/first_fresh_review/FRESH_SEGREGATED_REVIEW_FINDINGS.csv,"FSR-P1-001,P1,OPEN,FAC-FD-001 is absent from claimed canonical Business definition surfaces,""FAC-FD-001 approves five distinct concepts and defines Business as an Organization-domain operating identity. The PIA controlle | FSR-P1-002,P1,OPEN,Six risk rows reta",HISTORICAL_DUPLICATE_DRAFT_OR_PREDECESSOR_INFERRED
STALE_DRAFT_HISTORICAL_OR_SUPERSEDED_TEXT,REVIEW_CLASSIFICATION,governance/pia/items/02_facility_tenant_organizational_structure/source_package/ES-PIA-FACILITY-TENANT-ORGANIZATION-V1.1.0/review_evidence/first_fresh_review/FRESH_SEGREGATED_REVIEW_REPORT.md,"- Open findings: `P0=0`, `P1=4`, `P2=1`, `P3=0` | - Disposition: `FACILITY_PIA_FOUNDER_DECISIONS_INCORPORATED_BUT_NOT_READY_FOR_DESIGN_APPROVAL_FRESH_REVIEW_FINDINGS_OPEN` | > The disposition above is the directive-provided non-passing disposition. It is not i",HISTORICAL_DUPLICATE_DRAFT_OR_PREDECESSOR_INFERRED
STALE_DRAFT_HISTORICAL_OR_SUPERSEDED_TEXT,REVIEW_CLASSIFICATION,governance/pia/items/02_facility_tenant_organizational_structure/source_package/ES-PIA-FACILITY-TENANT-ORGANIZATION-V1.1.0/source_evidence/FOUNDER_DECISION_INCORPORATION_DIRECTIVE.md,## FOUNDER DECISION INCORPORATION AND FRESH SEGREGATED REVIEW DIRECTIVE | ## 1. CONTROLLING INPUTS | Use the following as controlling inputs: | Facility PIA candidate commit:,SUPERSEDED_OR_SUPERSESSION_TEXT_PRESENT
STALE_DRAFT_HISTORICAL_OR_SUPERSEDED_TEXT,REVIEW_CLASSIFICATION,governance/pia/items/02_facility_tenant_organizational_structure/source_package/ES-PIA-FACILITY-TENANT-ORGANIZATION-V1.1.0/SOURCE_REGISTER.md,- Version: `1.1.0-candidate` | - Status: `FOUNDER_DECISIONS_001_THROUGH_018_INCORPORATED` | - Final package disposition: `FACILITY_TENANT_ORGANIZATIONAL_STRUCTURE_PIA_FOUNDER_DECISIONS_001_THROUGH_018_INCORPORATED_PENDING_FRESH_SEGREGATED_REVIEW` | > FAC-FD-00,HISTORICAL_DUPLICATE_DRAFT_OR_PREDECESSOR_INFERRED
STALE_DRAFT_HISTORICAL_OR_SUPERSEDED_TEXT,REVIEW_CLASSIFICATION,governance/pia/items/02_facility_tenant_organizational_structure/source_package/ES-PIA-FACILITY-TENANT-ORGANIZATION-V1.1.0/STARTUP_VERIFICATION_EVIDENCE.json,"""candidate_zip"": { | ""resolved_locator"": ""outputs/EquineSync_Facility_Tenant_Organization_PIA_V1_0_0_Candidate.zip"" | ""new_branch"": ""codex/facility-pia-founder-decisions-v1"", | ""observed_later_candidate_branch_head"": ""a5cf78295ad43cde7f73e383b3d5e98a11000382"",",HISTORICAL_DUPLICATE_DRAFT_OR_PREDECESSOR_INFERRED
STALE_DRAFT_HISTORICAL_OR_SUPERSEDED_TEXT,REVIEW_CLASSIFICATION,governance/pia/items/02_facility_tenant_organizational_structure/source_package/ES-PIA-FACILITY-TENANT-ORGANIZATION-V1.1.0/STARTUP_VERIFICATION_EVIDENCE.md,- Version: `1.1.0-candidate` | - Candidate disposition before fresh review: `FACILITY_TENANT_ORGANIZATIONAL_STRUCTURE_PIA_FOUNDER_DECISIONS_001_THROUGH_018_INCORPORATED_PENDING_FRESH_SEGREGATED_REVIEW` | > FAC-FD-001 through FAC-FD-018 are Founder-approved des,CANONICAL_OR_CURRENT_INFERRED
STALE_DRAFT_HISTORICAL_OR_SUPERSEDED_TEXT,REVIEW_CLASSIFICATION,governance/pia/items/02_facility_tenant_organizational_structure/source_package/ES-PIA-FACILITY-TENANT-ORGANIZATION-V1.1.0/STATE_TRANSITION_MATRIX.csv,"FAC-SM-001,Tenant,DRAFT,PENDING_REVIEW,submit,tenant:submit,required fields present,tenant.submitted,Remain DRAFT | FAC-SM-001,Tenant,PENDING_REVIEW,ACTIVE,activate,tenant:activate,Founder-approved design plus separately authorized activation workflow,tenant.a",CANONICAL_OR_CURRENT_INFERRED
STALE_DRAFT_HISTORICAL_OR_SUPERSEDED_TEXT,REVIEW_CLASSIFICATION,governance/pia/items/02_facility_tenant_organizational_structure/source_package/ES-PIA-FACILITY-TENANT-ORGANIZATION-V1.1.0/TEST_MATRIX.csv,STATUS_NOT_EXPLICITLY_EXTRACTED,HISTORICAL_DUPLICATE_DRAFT_OR_PREDECESSOR_INFERRED
STALE_DRAFT_HISTORICAL_OR_SUPERSEDED_TEXT,REVIEW_CLASSIFICATION,governance/pia/items/02_facility_tenant_organizational_structure/source_package/ES-PIA-FACILITY-TENANT-ORGANIZATION-V1.1.0/TRACEABILITY_VALIDATION_REPORT.md,- Version: `1.1.0-candidate` | - Candidate disposition before fresh review: `FACILITY_TENANT_ORGANIZATIONAL_STRUCTURE_PIA_FOUNDER_DECISIONS_001_THROUGH_018_INCORPORATED_PENDING_FRESH_SEGREGATED_REVIEW` | | VAL-INT-005 | PASS | Pinned commits and both controlli,CANONICAL_OR_CURRENT_INFERRED
STALE_DRAFT_HISTORICAL_OR_SUPERSEDED_TEXT,REVIEW_CLASSIFICATION,governance/pia/items/02_facility_tenant_organizational_structure/source_package/ES-PIA-FACILITY-TENANT-ORGANIZATION-V1.1.0/validate_founder_decision_incorporation.py,"""""""Validate the documentary Founder-decision-incorporated Facility PIA. | ""FACILITY_TENANT_ORGANIZATIONAL_STRUCTURE_PIA_FOUNDER_DECISIONS_"" | ""001_THROUGH_018_INCORPORATED_PENDING_FRESH_SEGREGATED_REVIEW"" | OPEN_IMPLEMENTATION = {""FAC-FD-019"", ""FAC-FD-020"", ""F",SUPERSEDED_OR_SUPERSESSION_TEXT_PRESENT
STALE_DRAFT_HISTORICAL_OR_SUPERSEDED_TEXT,REVIEW_CLASSIFICATION,governance/pia/items/02_facility_tenant_organizational_structure/source_package/ES-PIA-FACILITY-TENANT-ORGANIZATION-V1.1.0/WORKFLOW_REGISTER.md,- Version: `1.1.0-candidate` | - Status: `FOUNDER_DECISIONS_001_THROUGH_018_INCORPORATED` | - Candidate disposition before fresh review: `FACILITY_TENANT_ORGANIZATIONAL_STRUCTURE_PIA_FOUNDER_DECISIONS_001_THROUGH_018_INCORPORATED_PENDING_FRESH_SEGREGATED_REVIE,CANONICAL_OR_CURRENT_INFERRED
STALE_DRAFT_HISTORICAL_OR_SUPERSEDED_TEXT,REVIEW_CLASSIFICATION,governance/pia/items/03_relationship_authorization_permission/program_authority/governance/pia_program/ES-PIA-REMAINING-PROGRAM-V1.0.0/REMAINING_PIA_FINAL_STATUS_REPORT.md,**Ending branch:** `codex/item-03-founder-decisions-strengthened-candidate-v1` | **Exact disposition:** `ITEM_03_V0_2_STRENGTHENED_DOCUMENTARY_CANDIDATE_READY_FOR_COMPLIANT_FRESH_REVIEW` | The accepted 90-file baseline at `05eaa53be3e5e6aa00814eaeee49f145b3bc6,CANONICAL_OR_CURRENT_INFERRED
STALE_DRAFT_HISTORICAL_OR_SUPERSEDED_TEXT,REVIEW_CLASSIFICATION,governance/pia/items/03_relationship_authorization_permission/program_authority/governance/pia_program/ES-PIA-REMAINING-PROGRAM-V1.0.0/REMAINING_PIAS_FOUNDER_APPROVAL_RECORD_2026-07-22.md,# Remaining PIAs Founder Approval Record | **Record ID:** `ES-PIA-REMAINING-FOUNDER-APPROVAL-2026-07-22` | **Status:** `FOUNDER_APPROVED_DOCUMENTARY_DESIGN_ONLY` | **Prior recommendation register:** `REMAINING_PIAS_GLOBAL_FOUNDER_DECISION_REGISTER.csv`,SUPERSEDED_OR_SUPERSESSION_TEXT_PRESENT
STALE_DRAFT_HISTORICAL_OR_SUPERSEDED_TEXT,REVIEW_CLASSIFICATION,governance/pia/items/03_relationship_authorization_permission/repository_integration/ITEM_03_RAP_ACCESSION_CUSTODY_VALIDATION_RECORD.md,- Source branch: `codex/item-03-founder-decisions-strengthened-candidate-v1` | | Remaining PIAs Founder approval record SHA-256 | `9eb9b2bb3d7a092e3b7bb8869f1e1f793c4c53f447fd05c3c5836e5cb92f8db3` | | | Founder-approved canonical artifact | `ES-PIA-RELATIONSHI,CANONICAL_OR_CURRENT_INFERRED
STALE_DRAFT_HISTORICAL_OR_SUPERSEDED_TEXT,REVIEW_CLASSIFICATION,governance/pia/items/03_relationship_authorization_permission/source_package/ITEM_03_STRENGTHENED_V0_2/ACCEPTANCE_CRITERIA.csv,"RAP-AC-001,""RAP-REQ-001;RAP-REQ-010"",""Identity or account without authority sources cannot grant action"",""Documentary negative trace"",""DENY"",NOT_EXECUTED,PENDING | RAP-AC-002,""RAP-REQ-001;RAP-REQ-010"",""Role label without source authority cannot grant action"",""",HISTORICAL_DUPLICATE_DRAFT_OR_PREDECESSOR_INFERRED
STALE_DRAFT_HISTORICAL_OR_SUPERSEDED_TEXT,REVIEW_CLASSIFICATION,governance/pia/items/03_relationship_authorization_permission/source_package/ITEM_03_STRENGTHENED_V0_2/API_EVENT_JOB_CONTRACTS.md,- `RAP-EVT-009 CORRECTION_SUPERSEDED_SOURCE`,SUPERSEDED_OR_SUPERSESSION_TEXT_PRESENT
STALE_DRAFT_HISTORICAL_OR_SUPERSEDED_TEXT,REVIEW_CLASSIFICATION,governance/pia/items/03_relationship_authorization_permission/source_package/ITEM_03_STRENGTHENED_V0_2/ARTIFACT_MANIFEST.json,"""package_id"": ""ES-PIA-RELATIONSHIP-AUTHORIZATION-PERMISSION-V0.2-STRENGTHENED-DOCUMENTARY-CANDIDATE"", | ""status"": ""ITEM_03_V0_2_STRENGTHENED_DOCUMENTARY_CANDIDATE_READY_FOR_COMPLIANT_FRESH_REVIEW"", | {""filename"": ""ES-PIA-RELATIONSHIP-AUTHORIZATION-PERMISSION_V",HISTORICAL_DUPLICATE_DRAFT_OR_PREDECESSOR_INFERRED
STALE_DRAFT_HISTORICAL_OR_SUPERSEDED_TEXT,REVIEW_CLASSIFICATION,governance/pia/items/03_relationship_authorization_permission/source_package/ITEM_03_STRENGTHENED_V0_2/AUDIT_AND_EVIDENCE_REQUIREMENTS.csv,"RAP-EVD-018,Review lifecycle,""frozen package; permission record; reviewer identity/role; isolated output; execution evidence; disposition"",""RAP-SRC-001;RAP-SRC-008"",Review custodian,""Not created until a separately author",HISTORICAL_DUPLICATE_DRAFT_OR_PREDECESSOR_INFERRED
STALE_DRAFT_HISTORICAL_OR_SUPERSEDED_TEXT,REVIEW_CLASSIFICATION,governance/pia/items/03_relationship_authorization_permission/source_package/ITEM_03_STRENGTHENED_V0_2/AUTHORIZATION_INPUT_REGISTER.csv,"RAP-AIN-008,Representation basis,Item 03,""Acting for another principal"",""Current accepted basis"",""DENY"",""Source authority candidate; not permission"",""RAP-REQ-004;RAP-REQ-005""",CANONICAL_OR_CURRENT_INFERRED
STALE_DRAFT_HISTORICAL_OR_SUPERSEDED_TEXT,REVIEW_CLASSIFICATION,governance/pia/items/03_relationship_authorization_permission/source_package/ITEM_03_STRENGTHENED_V0_2/CHECKSUM_LEDGER.sha256,dacb0b97fd0c07af96daa5dc4edf5b1add1d7ade7926426f045a670b95c81356 ES-PIA-RELATIONSHIP-AUTHORIZATION-PERMISSION_V0_2_STRENGTHENED_DOCUMENTARY_CANDIDATE.md | c105c1b966ba4c6301e6293b11a76f7a25ff8f5cab456236e6fe1a19334f58fc FOUNDER_DECISION_TRACEABILITY_MATRIX.csv,HISTORICAL_DUPLICATE_DRAFT_OR_PREDECESSOR_INFERRED
STALE_DRAFT_HISTORICAL_OR_SUPERSEDED_TEXT,REVIEW_CLASSIFICATION,governance/pia/items/03_relationship_authorization_permission/source_package/ITEM_03_STRENGTHENED_V0_2/ES-PIA-RELATIONSHIP-AUTHORIZATION-PERMISSION_V0_2_STRENGTHENED_DOCUMENTARY_CANDIDATE.md,**Status:** `ITEM_03_V0_2_STRENGTHENED_DOCUMENTARY_CANDIDATE_READY_FOR_COMPLIANT_FRESH_REVIEW` | **Classification:** `FOUNDATIONAL_DOCUMENTARY_SUCCESSOR_CANDIDATE` | **Predecessor:** `ITEM_03_INITIAL_DRAFT_V0_1` | **Founder decision incorporated:** `ES-PIA-GFD,SUPERSEDED_OR_SUPERSESSION_TEXT_PRESENT
STALE_DRAFT_HISTORICAL_OR_SUPERSEDED_TEXT,REVIEW_CLASSIFICATION,governance/pia/items/03_relationship_authorization_permission/source_package/ITEM_03_STRENGTHENED_V0_2/FINDING_DISPOSITION_MATRIX.csv,"finding_id,source,documentary_gap,severity,disposition,affected_files,unresolved_id,independent_review_claim | RAP-DOC-FND-001,V0.1_OPEN_ISSUE_RAP-ISS-002,""Detailed relationship authorization permission acceptance test and evidence registers absent"",P1,RESOLVE",CANONICAL_OR_CURRENT_INFERRED
STALE_DRAFT_HISTORICAL_OR_SUPERSEDED_TEXT,REVIEW_CLASSIFICATION,governance/pia/items/03_relationship_authorization_permission/source_package/ITEM_03_STRENGTHENED_V0_2/GOLDEN_PATHS.md,STATUS_NOT_EXPLICITLY_EXTRACTED,HISTORICAL_DUPLICATE_DRAFT_OR_PREDECESSOR_INFERRED
STALE_DRAFT_HISTORICAL_OR_SUPERSEDED_TEXT,REVIEW_CLASSIFICATION,governance/pia/items/03_relationship_authorization_permission/source_package/ITEM_03_STRENGTHENED_V0_2/OFFLINE_AND_SYNCHRONIZATION_REQUIREMENTS.md,"Users must see `SAVED_LOCAL`, `QUEUED`, `SYNCING`, `BLOCKED`, `CONFLICT`, `FAILED`, `RECONCILED`, or `SUPERSEDED`. No success surface appears until the trusted evaluation accepts the action and returns evidence. | Current explicit restriction/revocation and au",SUPERSEDED_OR_SUPERSESSION_TEXT_PRESENT
STALE_DRAFT_HISTORICAL_OR_SUPERSEDED_TEXT,REVIEW_CLASSIFICATION,governance/pia/items/03_relationship_authorization_permission/source_package/ITEM_03_STRENGTHENED_V0_2/PERMISSION_EVALUATION_CONTRACT.md,"**Status:** `DOCUMENTARY_CANDIDATE_NOT_IMPLEMENTATION_AUTHORITY` | Current explicit restriction, revocation, protective narrowing, dispute hold, legal hold, source invalidation, and policy incompatibility take precedence over role, relationship, delegation, ag",CANONICAL_OR_CURRENT_INFERRED
STALE_DRAFT_HISTORICAL_OR_SUPERSEDED_TEXT,REVIEW_CLASSIFICATION,governance/pia/items/03_relationship_authorization_permission/source_package/ITEM_03_STRENGTHENED_V0_2/RELATIONSHIP_TYPE_REGISTER.csv,"RAP-REL-002,GUARDIAN_PROTECTED_PARTICIPANT,Item 03 with Agreement and Safeguarding sources,""guardian; protected participant"",""Supplies a purpose-scoped representation candidate"",""Current legal/approved basis; agreement;  | RAP-REL-003,OWNER_HORSE,Item 04 with ",SUPERSEDED_OR_SUPERSESSION_TEXT_PRESENT
STALE_DRAFT_HISTORICAL_OR_SUPERSEDED_TEXT,REVIEW_CLASSIFICATION,governance/pia/items/03_relationship_authorization_permission/source_package/ITEM_03_STRENGTHENED_V0_2/REPRESENTATION_AND_DELEGATION_REGISTER.csv,"RAP-REP-004,Organization representation,""Actor acts for organization"",""Organization authority source; accountable human; scope; acceptance"",""PROPOSED/PENDING_ACCEPTANCE to ACTIVE"",""Email domain or organization membership | RAP-REP-005,Provider representation,""",SUPERSEDED_OR_SUPERSESSION_TEXT_PRESENT
STALE_DRAFT_HISTORICAL_OR_SUPERSEDED_TEXT,REVIEW_CLASSIFICATION,governance/pia/items/03_relationship_authorization_permission/source_package/ITEM_03_STRENGTHENED_V0_2/REQUIREMENT_REGISTER.csv,"requirement_id,component,requirement,source_ids,decision_ids,section,priority,status,unresolved_id",HISTORICAL_DUPLICATE_DRAFT_OR_PREDECESSOR_INFERRED
STALE_DRAFT_HISTORICAL_OR_SUPERSEDED_TEXT,REVIEW_CLASSIFICATION,governance/pia/items/03_relationship_authorization_permission/source_package/ITEM_03_STRENGTHENED_V0_2/RESTRICTION_AND_REVOCATION_REGISTER.csv,"RAP-RRV-001,EXPLICIT_DENY,""Current controlling policy denies"",HIGHEST,""Request projection"",""DENY"",""Immediate trusted evaluation"",""Policy/version; request; reason"",""RAP-REQ-010;RAP-REQ-011"",DOCUMENTED | RAP-RRV-006,DELEGATION_EXPIRED,""Trusted expiry reached"",HI",SUPERSEDED_OR_SUPERSESSION_TEXT_PRESENT
STALE_DRAFT_HISTORICAL_OR_SUPERSEDED_TEXT,REVIEW_CLASSIFICATION,governance/pia/items/03_relationship_authorization_permission/source_package/ITEM_03_STRENGTHENED_V0_2/REVISED_TRACEABILITY_MATRIX.csv,"section,canonical_heading,source_ids,requirement_ids,acceptance_ids,test_ids,decision_ids,unresolved_ids,status | 35,Enrollment and Onboarding Readiness,""RAP-SRC-001;RAP-SRC-002;RAP-SRC-003"",""RAP-REQ-001;RAP-REQ-032;RAP-REQ-035"",""RAP-AC-001;RAP-AC-030"",""RAP-TS",HISTORICAL_DUPLICATE_DRAFT_OR_PREDECESSOR_INFERRED
STALE_DRAFT_HISTORICAL_OR_SUPERSEDED_TEXT,REVIEW_CLASSIFICATION,governance/pia/items/03_relationship_authorization_permission/source_package/ITEM_03_STRENGTHENED_V0_2/SOURCE_REGISTER.csv,"RAP-SRC-001,PIA_STANDARD,ADOPTED_EFFECTIVE,ES-PIA-MASTER-STANDARD-V1.1,""Canonical structure; lifecycle; readiness; evidence"",""Cannot authorize implementation"" | RAP-SRC-002,LOCKED_CANON,ADOPTED_LOCKED,docs/canon/MASTER_RELATIONSHIP_MODEL.md,""Relationship; repr",HISTORICAL_DUPLICATE_DRAFT_OR_PREDECESSOR_INFERRED
STALE_DRAFT_HISTORICAL_OR_SUPERSEDED_TEXT,REVIEW_CLASSIFICATION,governance/pia/items/03_relationship_authorization_permission/source_package/ITEM_03_STRENGTHENED_V0_2/STATE_TRANSITION_MATRIX.csv,"RAP-STM-007,RelationshipClaim,ANY_NONTERMINAL,SUPERSEDED,""Attributable correction creates successor"",""Authorized source owner"",""Correction basis; successor exists"",""Original/successor; reason; digests"",""History rewrite"", | RAP-STM-009,RepresentationBasis,PROPO",SUPERSEDED_OR_SUPERSESSION_TEXT_PRESENT
STALE_DRAFT_HISTORICAL_OR_SUPERSEDED_TEXT,REVIEW_CLASSIFICATION,governance/pia/items/03_relationship_authorization_permission/source_package/ITEM_03_STRENGTHENED_V0_2/UNRESOLVED_ITEMS_REGISTER.csv,"unresolved_id,class,issue,current_documentary_treatment,authority_needed,owner,blocks,status | RAP-UNR-001,PREDECESSOR_AUTHORITY,""Current Component A successor candidate ADRs and authorization interface remain unratified and pending fresh review"",""Use only as ",CANONICAL_OR_CURRENT_INFERRED
STALE_DRAFT_HISTORICAL_OR_SUPERSEDED_TEXT,REVIEW_CLASSIFICATION,governance/pia/items/03_relationship_authorization_permission/source_package/ITEM_03_STRENGTHENED_V0_2/VALIDATION_REPORT.md,"- unique source, requirement, relationship, rule, transition, evidence, acceptance, test, unresolved, finding, change, and decision identifiers; | - source, requirement, acceptance, test, decision, and unresolved cross-register references; | - Founder decision",HISTORICAL_DUPLICATE_DRAFT_OR_PREDECESSOR_INFERRED
STALE_DRAFT_HISTORICAL_OR_SUPERSEDED_TEXT,REVIEW_CLASSIFICATION,governance/pia/items/04_horse_identity_profile_lifecycle/source_package/ITEM_04_FOUNDER_APPROVED_V0_3/ACCEPTANCE_CRITERIA.csv,"HOR-AC-001,HOR-REQ-002,Individual owner can create a horse candidate without Facility or Organization.,Candidate exists with no forced topology entity.,DOCUMENTED_NOT_EXECUTED | HOR-AC-006,HOR-REQ-010;HOR-REQ-014,Imported conflict does not overwrite verified t",CANONICAL_OR_CURRENT_INFERRED
STALE_DRAFT_HISTORICAL_OR_SUPERSEDED_TEXT,REVIEW_CLASSIFICATION,governance/pia/items/04_horse_identity_profile_lifecycle/source_package/ITEM_04_FOUNDER_APPROVED_V0_3/ADVERSARIAL_SCENARIOS.md,**Source artifact:** `ES-PIA-HORSE-IDENTITY-LIFECYCLE_V0_3_FOUNDER_APPROVED_DESIGN_BASELINE.md` | | HOR-ADV-001 | Create duplicate to escape restricted history | Open duplicate investigation; no clean-slate identity. | | | HOR-ADV-027 | Configuration update ch,SUPERSEDED_OR_SUPERSESSION_TEXT_PRESENT
STALE_DRAFT_HISTORICAL_OR_SUPERSEDED_TEXT,REVIEW_CLASSIFICATION,governance/pia/items/04_horse_identity_profile_lifecycle/source_package/ITEM_04_FOUNDER_APPROVED_V0_3/AUDIT_AND_EVIDENCE_REQUIREMENTS.csv,"HOR-AUD-001,Identity and source IDs,""Canonical, candidate, predecessor, and external IDs."",16;33,HOR-REQ-087;HOR-REQ-105;HOR-REQ-106,DOCUMENTED_NOT_EXECUTED",CANONICAL_OR_CURRENT_INFERRED
STALE_DRAFT_HISTORICAL_OR_SUPERSEDED_TEXT,REVIEW_CLASSIFICATION,governance/pia/items/04_horse_identity_profile_lifecycle/source_package/ITEM_04_FOUNDER_APPROVED_V0_3/DUPLICATE_MERGE_UNMERGE_CONTRACT.md,"**Source artifact:** `ES-PIA-HORSE-IDENTITY-LIFECYCLE_V0_3_FOUNDER_APPROVED_DESIGN_BASELINE.md` | A possible duplicate opens a governed duplicate case. No duplicate or merge decision may rely only on name, color, breed, owner, facility, photo similarity, DNA/p",CANONICAL_OR_CURRENT_INFERRED
STALE_DRAFT_HISTORICAL_OR_SUPERSEDED_TEXT,REVIEW_CLASSIFICATION,governance/pia/items/04_horse_identity_profile_lifecycle/source_package/ITEM_04_FOUNDER_APPROVED_V0_3/ES-PIA-HORSE-IDENTITY-LIFECYCLE_V0_3_FOUNDER_APPROVED_DESIGN_BASELINE.md,**Draft Date:** `2026-07-22` | **Status:** `ITEM_04_V0_3_SECOND_REVIEW_STRENGTHENED_DOCUMENTARY_CANDIDATE_READY_FOR_COMPLIANT_FRESH_REVIEW` | **Classification:** `CORE_DOMAIN_STRENGTHENED_DOCUMENTARY_CANDIDATE` | **Founder Decision Incorporated:** `ES-PIA-GFD-,SUPERSEDED_OR_SUPERSESSION_TEXT_PRESENT
STALE_DRAFT_HISTORICAL_OR_SUPERSEDED_TEXT,REVIEW_CLASSIFICATION,governance/pia/items/04_horse_identity_profile_lifecycle/source_package/ITEM_04_FOUNDER_APPROVED_V0_3/FIVE_QUESTION_RESPONSE_MATRIX.csv,"3,Can a reviewer trace the capability to EquineSync's controlling governance and the MIAP?,PARTIALLY_SATISFIED,UNCHANGED_BY_DOCUMENTARY_APPROVAL | 5,Can the Founder determine whether the capability is ready for first-user enrollment?,NO,UNCHANGED_BY_DOCUMENTAR",HISTORICAL_DUPLICATE_DRAFT_OR_PREDECESSOR_INFERRED
STALE_DRAFT_HISTORICAL_OR_SUPERSEDED_TEXT,REVIEW_CLASSIFICATION,governance/pia/items/04_horse_identity_profile_lifecycle/source_package/ITEM_04_FOUNDER_APPROVED_V0_3/FOUNDER_APPROVAL_RECORD_ITEM_04_V0_3.md,"# Founder Approval Record: Horse Identity, Profile, and Lifecycle PIA V0.3 | **Record ID:** `ES-PIA-ITEM-04-FOUNDER-APPROVAL-2026-07-22` | **Approved artifact:** `EquineSync_Item_04_Horse_Identity_Profile_Lifecycle_PIA_V0_3_Second_Review_Strengthened_Draft.md`",SUPERSEDED_OR_SUPERSESSION_TEXT_PRESENT
STALE_DRAFT_HISTORICAL_OR_SUPERSEDED_TEXT,REVIEW_CLASSIFICATION,governance/pia/items/04_horse_identity_profile_lifecycle/source_package/ITEM_04_FOUNDER_APPROVED_V0_3/FOUNDER_DECISION_REGISTER.csv,"HOR-FD-001,Which lifecycle source controls if Version 3.0 and Version 3.1 conflict?,Version 3.0 controls broad architecture; locked Transfer V2.0 controls transfer; V3.1 remains state-qualified until verified adoption/su | HOR-FD-002,""What evidence and authori",SUPERSEDED_OR_SUPERSESSION_TEXT_PRESENT
STALE_DRAFT_HISTORICAL_OR_SUPERSEDED_TEXT,REVIEW_CLASSIFICATION,governance/pia/items/04_horse_identity_profile_lifecycle/source_package/ITEM_04_FOUNDER_APPROVED_V0_3/FOUNDER_DECISION_TRACEABILITY_MATRIX.csv,"HOR-FD-001,FOUNDER_APPROVED_DOCUMENTARY_DESIGN_ONLY,Version 3.0 controls broad architecture; locked Transfer V2.0 controls transfer; V3.1 remains state-qualified until verified adoption/supersession.,37.1,HOR-SRC-005,HOR | HOR-FD-002,FOUNDER_APPROVED_DOCUMENTA",SUPERSEDED_OR_SUPERSESSION_TEXT_PRESENT
STALE_DRAFT_HISTORICAL_OR_SUPERSEDED_TEXT,REVIEW_CLASSIFICATION,governance/pia/items/04_horse_identity_profile_lifecycle/source_package/ITEM_04_FOUNDER_APPROVED_V0_3/GOLDEN_PATHS.md,"**Source artifact:** `ES-PIA-HORSE-IDENTITY-LIFECYCLE_V0_3_FOUNDER_APPROVED_DESIGN_BASELINE.md` | An individual owner creates a horse candidate with a barn name, approximate age, color, markings, and identity photographs. No Facility or Organization is require",HISTORICAL_DUPLICATE_DRAFT_OR_PREDECESSOR_INFERRED
STALE_DRAFT_HISTORICAL_OR_SUPERSEDED_TEXT,REVIEW_CLASSIFICATION,governance/pia/items/04_horse_identity_profile_lifecycle/source_package/ITEM_04_FOUNDER_APPROVED_V0_3/OFFLINE_AND_SYNCHRONIZATION_REQUIREMENTS.md,"**Source artifact:** `ES-PIA-HORSE-IDENTITY-LIFECYCLE_V0_3_FOUNDER_APPROVED_DESIGN_BASELINE.md` | The proposal must include actor, device, tenant/context, horse or candidate ID, local time, clock confidence, source version, purpose, evidence, idempotency key, ",SUPERSEDED_OR_SUPERSESSION_TEXT_PRESENT
STALE_DRAFT_HISTORICAL_OR_SUPERSEDED_TEXT,REVIEW_CLASSIFICATION,governance/pia/items/04_horse_identity_profile_lifecycle/source_package/ITEM_04_FOUNDER_APPROVED_V0_3/PRIVACY_RECORDS_CLAIMS_CROSSWALK.csv,"HOR-PRC-001,Records and stewardship,Canonical horse identity and historical continuity,HOR-SRC-009,HOR-REQ-009;HOR-REQ-012;HOR-REQ-015;HOR-REQ-068,Preserve source owner version effective time correction lineage retention | HOR-PRC-002,Claims and disputes,""Iden",CANONICAL_OR_CURRENT_INFERRED
STALE_DRAFT_HISTORICAL_OR_SUPERSEDED_TEXT,REVIEW_CLASSIFICATION,governance/pia/items/04_horse_identity_profile_lifecycle/source_package/ITEM_04_FOUNDER_APPROVED_V0_3/STATE_TRANSITION_MATRIX.csv,"HOR-STM-002,Identity-record axis,CANDIDATE -> ACTIVE -> DISPUTED_OR_RESTRICTED -> SUPERSEDED -> ARCHIVED,""Verification, dispute, correction, supersession, or archive action"",""Supporting states include pending verificatio | HOR-STM-003,Fact-verification axis,AS",SUPERSEDED_OR_SUPERSESSION_TEXT_PRESENT
STALE_DRAFT_HISTORICAL_OR_SUPERSEDED_TEXT,REVIEW_CLASSIFICATION,governance/pia/items/04_horse_identity_profile_lifecycle/source_package/ITEM_04_FOUNDER_APPROVED_V0_3/TEST_MATRIX.csv,"HOR-TST-001,HOR-AC-001,Individual owner creates horse without facility.,Candidate created; no forced facility/org.,DESIGN_TEST_DEFINED_NOT_EXECUTED,ABSENT_IMPLEMENTATION_NOT_AUTHORIZED | HOR-TST-004,HOR-AC-002,Same horse imported under former name.,""Duplicate ",SUPERSEDED_OR_SUPERSESSION_TEXT_PRESENT
STALE_DRAFT_HISTORICAL_OR_SUPERSEDED_TEXT,REVIEW_CLASSIFICATION,governance/pia/items/04_horse_identity_profile_lifecycle/source_package/ITEM_04_FOUNDER_APPROVED_V0_3/UNRESOLVED_ITEMS_REGISTER.csv,"unresolved_id,category,description,carried_disposition,decision_ids,requirement_ids,gate_effect,status | HOR-UNR-001,COMPLIANT_FRESH_REVIEW,GFD-007-compliant fresh independent review runtime is not provisioned and formal review has not started.,Leave formal re",HISTORICAL_DUPLICATE_DRAFT_OR_PREDECESSOR_INFERRED
STALE_DRAFT_HISTORICAL_OR_SUPERSEDED_TEXT,REVIEW_CLASSIFICATION,governance/pia/items/04_horse_identity_profile_lifecycle/source_package/ITEM_04_FOUNDER_APPROVED_V0_3/VALIDATION_REPORT.md,"**Package:** `ITEM_04_FOUNDER_APPROVED_V0_3` | - Founder decisions: `17/17`, all `FOUNDER_APPROVED_DOCUMENTARY_DESIGN_ONLY`; | `ITEM_04_V0_3_FOUNDER_APPROVED_DOCUMENTARY_DESIGN_ONLY_PENDING_COMPLIANT_FRESH_REVIEW`",HISTORICAL_DUPLICATE_DRAFT_OR_PREDECESSOR_INFERRED
STALE_DRAFT_HISTORICAL_OR_SUPERSEDED_TEXT,REVIEW_CLASSIFICATION,governance/pia/items/04_horse_identity_profile_lifecycle/source_package/ITEM_04_FOUNDER_APPROVED_V0_3/VERSION_LINEAGE.csv,"0.1,EquineSync_Item_04_Horse_Identity_Profile_Lifecycle_PIA_V0_1_Draft.md,initial draft,PRESERVED_HISTORICAL_DRAFT,do not overwrite | 0.2,EquineSync_Item_04_Horse_Identity_Profile_Lifecycle_PIA_V0_2_Strengthened_Draft.md,first-review successor,PRESERVED_HISTOR",CANONICAL_OR_CURRENT_INFERRED
STALE_DRAFT_HISTORICAL_OR_SUPERSEDED_TEXT,REVIEW_CLASSIFICATION,governance/pia/items/05_core_navigation_search_application_shell/repository_integration/ITEM_05_SHELL_ACCESSION_CUSTODY_VALIDATION_RECORD.md,- Historical side-branch tree copy: `source_branch_tree/docs/canon/reviews/core_navigation_search_application_shell_pia_v0_4_0/` | The prior blocked receipt is preserved as historical lifecycle evidence in the copied side-branch tree. The successful prior exac,CANONICAL_OR_CURRENT_INFERRED
STALE_DRAFT_HISTORICAL_OR_SUPERSEDED_TEXT,REVIEW_CLASSIFICATION,governance/pia/items/05_core_navigation_search_application_shell/repository_integration/ITEM_05_SHELL_REPOSITORY_INTEGRATION_RECEIPT.md,**Disposition:** `SUCCESS_EXACT_BYTE_EVIDENCE_INTEGRATED_TO_DEFAULT_BRANCH_CANONICAL_ITEM_PATH_WITH_RETAINED_LIFECYCLE_FINDINGS` | **Default branch integration commit:** `PENDING_FOUNDER_APPROVAL_AND_MERGE` | The previous successful exact-byte integration bran,CANONICAL_OR_CURRENT_INFERRED
STALE_DRAFT_HISTORICAL_OR_SUPERSEDED_TEXT,REVIEW_CLASSIFICATION,governance/pia/items/05_core_navigation_search_application_shell/source_branch_tree/docs/canon/reviews/core_navigation_search_application_shell_pia_v0_4_0/01_complete_documentary_package/01_pia/EquineSync_Core_Navigation_Search_Application_Shell_PIA_V0_4_0_Complete_Documentary_Candidate_MACHINE_READABLE.json,"""status"": ""ITEM_05_V0_4_COMPLETE_DOCUMENTARY_CANDIDATE_READY_FOR_COMPLIANT_FRESH_REVIEW"", | ""founder_approved_complete_pia"": false, | ""filename"": ""EquineSync_Core_Navigation_Visual_System_PIA_Section_V0_3_1_Founder_Approved.md"", | ""founder_approved_documentary",CANONICAL_OR_CURRENT_INFERRED
STALE_DRAFT_HISTORICAL_OR_SUPERSEDED_TEXT,REVIEW_CLASSIFICATION,governance/pia/items/05_core_navigation_search_application_shell/source_branch_tree/docs/canon/reviews/core_navigation_search_application_shell_pia_v0_4_0/01_complete_documentary_package/01_pia/EquineSync_Core_Navigation_Search_Application_Shell_PIA_V0_4_0_Complete_Documentary_Candidate.docx,PATH_CLASSIFICATION: candidate_or_draft,HISTORICAL_DUPLICATE_DRAFT_OR_PREDECESSOR_INFERRED
STALE_DRAFT_HISTORICAL_OR_SUPERSEDED_TEXT,REVIEW_CLASSIFICATION,governance/pia/items/05_core_navigation_search_application_shell/source_branch_tree/docs/canon/reviews/core_navigation_search_application_shell_pia_v0_4_0/01_complete_documentary_package/01_pia/EquineSync_Core_Navigation_Search_Application_Shell_PIA_V0_4_0_Complete_Documentary_Candidate.md,**Draft and internal review date:** `2026-07-23` | **Status:** `ITEM_05_V0_4_COMPLETE_DOCUMENTARY_CANDIDATE_READY_FOR_COMPLIANT_FRESH_REVIEW` | **Founder and approval authority:** `Rian Ray` | **Drafting and internal review function:** `ChatGPT documentary dra,CANONICAL_OR_CURRENT_INFERRED
STALE_DRAFT_HISTORICAL_OR_SUPERSEDED_TEXT,REVIEW_CLASSIFICATION,governance/pia/items/05_core_navigation_search_application_shell/source_branch_tree/docs/canon/reviews/core_navigation_search_application_shell_pia_v0_4_0/01_complete_documentary_package/02_incorporated_component/APPROVAL_AND_AUTHORITY_STATUS.md,| Visual-system V0.3.1 | Founder-approved documentary design | No implementation authority | | | Complete shell V0.4.0 | Complete documentary candidate | Not Founder approved | | | Founder design disposition for complete shell | Required | Not yet issued |,CANONICAL_OR_CURRENT_INFERRED
STALE_DRAFT_HISTORICAL_OR_SUPERSEDED_TEXT,REVIEW_CLASSIFICATION,governance/pia/items/05_core_navigation_search_application_shell/source_branch_tree/docs/canon/reviews/core_navigation_search_application_shell_pia_v0_4_0/01_complete_documentary_package/02_incorporated_component/INCORPORATED_VISUAL_SYSTEM_COMPONENT_LOCK.md,**Component:** `EquineSync_Core_Navigation_Visual_System_PIA_Section_V0_3_1_Founder_Approved.md` | **Founder status:** `FOUNDER_APPROVED_DOCUMENTARY_DESIGN_NOT_IMPLEMENTATION_AUTHORIZED` | **Complete-shell candidate:** `ES-PIA-CORE-NAV-SEARCH-SHELL-V0.4.0` | *,CANONICAL_OR_CURRENT_INFERRED
STALE_DRAFT_HISTORICAL_OR_SUPERSEDED_TEXT,REVIEW_CLASSIFICATION,governance/pia/items/05_core_navigation_search_application_shell/source_branch_tree/docs/canon/reviews/core_navigation_search_application_shell_pia_v0_4_0/01_complete_documentary_package/03_registers/ACCEPTANCE_CRITERIA.csv,"SHELL-AC-001,SHELL-REQ-001,""Given a current actor, session, context, configuration, and source state, when the covered shell behavior occurs, then the system shall resolve authenticated identity, session validity, curren | SHELL-AC-004,SHELL-REQ-004,""Given a c",HISTORICAL_DUPLICATE_DRAFT_OR_PREDECESSOR_INFERRED
STALE_DRAFT_HISTORICAL_OR_SUPERSEDED_TEXT,REVIEW_CLASSIFICATION,governance/pia/items/05_core_navigation_search_application_shell/source_branch_tree/docs/canon/reviews/core_navigation_search_application_shell_pia_v0_4_0/01_complete_documentary_package/03_registers/ADVERSARIAL_SCENARIOS.csv,"SHELL-ADV-003,Context switch with unsaved protected draft,Prevent cross-context carryover and offer safe resolution.",HISTORICAL_DUPLICATE_DRAFT_OR_PREDECESSOR_INFERRED
STALE_DRAFT_HISTORICAL_OR_SUPERSEDED_TEXT,REVIEW_CLASSIFICATION,governance/pia/items/05_core_navigation_search_application_shell/source_branch_tree/docs/canon/reviews/core_navigation_search_application_shell_pia_v0_4_0/01_complete_documentary_package/03_registers/CANDIDATE_FOUNDER_DECISIONS.csv,"SHELL-FD-CAND-012,""The Founder-approved visual-system V0.3.1 remains immutable and incorporated by exact bytes and SHA-256, never silently rewritten."" | PATH_CLASSIFICATION: candidate_or_draft",CANONICAL_OR_CURRENT_INFERRED
STALE_DRAFT_HISTORICAL_OR_SUPERSEDED_TEXT,REVIEW_CLASSIFICATION,governance/pia/items/05_core_navigation_search_application_shell/source_branch_tree/docs/canon/reviews/core_navigation_search_application_shell_pia_v0_4_0/01_complete_documentary_package/03_registers/DEPENDENCY_REGISTER.csv,"SHELL-DEP-002,Founder-approved V0.3.1 exact bytes,BLOCKING_DOCUMENTARY | SHELL-DEP-004,Candidate Founder decisions SHELL-FD-CAND-001 through 012,BLOCKING_FOUNDER_DESIGN | SHELL-DEP-018,Founder release and enrollment disposition,BLOCKING_ENROLLMENT",HISTORICAL_DUPLICATE_DRAFT_OR_PREDECESSOR_INFERRED
STALE_DRAFT_HISTORICAL_OR_SUPERSEDED_TEXT,REVIEW_CLASSIFICATION,governance/pia/items/05_core_navigation_search_application_shell/source_branch_tree/docs/canon/reviews/core_navigation_search_application_shell_pia_v0_4_0/01_complete_documentary_package/03_registers/EVIDENCE_MANIFEST.csv,"SHELL-EVID-004,Founder decision register and disposition,DOCUMENTARY | SHELL-EVID-028,No-open-P0/P1 findings report,RELEASE | SHELL-EVID-029,Founder enrollment disposition,ENROLLMENT",HISTORICAL_DUPLICATE_DRAFT_OR_PREDECESSOR_INFERRED
STALE_DRAFT_HISTORICAL_OR_SUPERSEDED_TEXT,REVIEW_CLASSIFICATION,governance/pia/items/05_core_navigation_search_application_shell/source_branch_tree/docs/canon/reviews/core_navigation_search_application_shell_pia_v0_4_0/01_complete_documentary_package/03_registers/FIVE_QUESTION_RESPONSE_MATRIX.csv,"Q1,Can engineering build the capability without making unauthorized product decisions?,YES_WITH_EVIDENCE,""The candidate defines scope, 76 requirements, 20 workflows, 22 entities, route/search/command/offline contracts, p | Q3,Can a reviewer trace the capabilit",HISTORICAL_DUPLICATE_DRAFT_OR_PREDECESSOR_INFERRED
STALE_DRAFT_HISTORICAL_OR_SUPERSEDED_TEXT,REVIEW_CLASSIFICATION,governance/pia/items/05_core_navigation_search_application_shell/source_branch_tree/docs/canon/reviews/core_navigation_search_application_shell_pia_v0_4_0/01_complete_documentary_package/03_registers/REQUIREMENTS.csv,"Bootstrap and context,""Resolve authenticated identity, session validity, current memberships, candidate contexts, permission projection, configuration version, and shell version before protected content renders."",""Protec | Bootstrap and context,""On context swi",CANONICAL_OR_CURRENT_INFERRED
STALE_DRAFT_HISTORICAL_OR_SUPERSEDED_TEXT,REVIEW_CLASSIFICATION,governance/pia/items/05_core_navigation_search_application_shell/source_branch_tree/docs/canon/reviews/core_navigation_search_application_shell_pia_v0_4_0/01_complete_documentary_package/03_registers/RISK_REGISTER.csv,"SHELL-RISK-002,Twelve product decisions are proposed but not yet Founder-approved for the complete shell.,P1,Blocks whole-PIA Founder design approval. | SHELL-RISK-003,Current repository route architecture has not been reconciled to this candidate.,P1,Blocks i",CANONICAL_OR_CURRENT_INFERRED
STALE_DRAFT_HISTORICAL_OR_SUPERSEDED_TEXT,REVIEW_CLASSIFICATION,governance/pia/items/05_core_navigation_search_application_shell/source_branch_tree/docs/canon/reviews/core_navigation_search_application_shell_pia_v0_4_0/01_complete_documentary_package/03_registers/SOURCE_REGISTER.csv,"SHELL-SRC-001,EquineSync Global Governance V1.0,Locked baseline commit acb518ea5a160820e64681ff95a16b010fe1156c; tag equinesync-governance-v1.0-locked-2026-07-16,Controlling constitutional baseline | SHELL-SRC-002,PIA Master Standard V1.1,SHA-256 c751a73331d89",HISTORICAL_DUPLICATE_DRAFT_OR_PREDECESSOR_INFERRED
STALE_DRAFT_HISTORICAL_OR_SUPERSEDED_TEXT,REVIEW_CLASSIFICATION,governance/pia/items/05_core_navigation_search_application_shell/source_branch_tree/docs/canon/reviews/core_navigation_search_application_shell_pia_v0_4_0/01_complete_documentary_package/03_registers/TEST_MATRIX.csv,"SHELL-TEST-001,SHELL-REQ-001,SHELL-AC-001,POSITIVE_AND_NEGATIVE_DESIGN_TEST,""Resolve authenticated identity, session validity, current memberships, candidate contexts, permission projection, configuration version, and sh | SHELL-TEST-004,SHELL-REQ-004,SHELL-AC",HISTORICAL_DUPLICATE_DRAFT_OR_PREDECESSOR_INFERRED
STALE_DRAFT_HISTORICAL_OR_SUPERSEDED_TEXT,REVIEW_CLASSIFICATION,governance/pia/items/05_core_navigation_search_application_shell/source_branch_tree/docs/canon/reviews/core_navigation_search_application_shell_pia_v0_4_0/01_complete_documentary_package/03_registers/WORK_PACKAGE_REGISTER.csv,"SHELL-WP-001,""Freeze sources, candidate decisions, approved visual component, and documentary baseline"",""Exact bytes, statuses, hashes, and Founder dispositions"" | SHELL-WP-005,""Implement search authorization, indexes, exclusions, suggestions, ranking, and cor",CANONICAL_OR_CURRENT_INFERRED
STALE_DRAFT_HISTORICAL_OR_SUPERSEDED_TEXT,REVIEW_CLASSIFICATION,governance/pia/items/05_core_navigation_search_application_shell/source_branch_tree/docs/canon/reviews/core_navigation_search_application_shell_pia_v0_4_0/01_complete_documentary_package/03_registers/WORKFLOW_REGISTER.csv,"SHELL-WF-001,Authenticate and bootstrap shell,""Resolve identity, session, memberships, context candidates, policy, permission projection, and shell version before protected render."" | SHELL-WF-005,Open deep link,""Authenticate, validate descriptor, establish or",HISTORICAL_DUPLICATE_DRAFT_OR_PREDECESSOR_INFERRED
STALE_DRAFT_HISTORICAL_OR_SUPERSEDED_TEXT,REVIEW_CLASSIFICATION,governance/pia/items/05_core_navigation_search_application_shell/source_branch_tree/docs/canon/reviews/core_navigation_search_application_shell_pia_v0_4_0/01_complete_documentary_package/04_review/DETERMINISTIC_VALIDATION_REPORT.json,"""artifact"": ""EquineSync_Core_Navigation_Search_Application_Shell_PIA_V0_4_0_Complete_Documentary_Candidate.md"", | ""complete_pia_not_founder_approved"": true, | ""candidate_founder_decisions"": 12, | ""basis"": ""The candidate defines scope, 76 requirements, 20 workf",HISTORICAL_DUPLICATE_DRAFT_OR_PREDECESSOR_INFERRED
STALE_DRAFT_HISTORICAL_OR_SUPERSEDED_TEXT,REVIEW_CLASSIFICATION,governance/pia/items/05_core_navigation_search_application_shell/source_branch_tree/docs/canon/reviews/core_navigation_search_application_shell_pia_v0_4_0/01_complete_documentary_package/04_review/INTERNAL_COMPLETION_AND_STRENGTHENING_REVIEW_REPORT.md,**Artifact reviewed:** `EquineSync_Core_Navigation_Search_Application_Shell_PIA_V0_4_0_Complete_Documentary_Candidate.md` | **Result:** `PASS_FOR_COMPLETE_DOCUMENTARY_CANDIDATE_AND_FRESH_REVIEW_INTAKE` | The Founder-approved V0.3.1 document is not the complete,CANONICAL_OR_CURRENT_INFERRED
STALE_DRAFT_HISTORICAL_OR_SUPERSEDED_TEXT,REVIEW_CLASSIFICATION,governance/pia/items/05_core_navigation_search_application_shell/source_branch_tree/docs/canon/reviews/core_navigation_search_application_shell_pia_v0_4_0/01_complete_documentary_package/05_directive/CODEX_FRESH_STRUCTURED_REVIEW_DIRECTIVE.md,**Founder authority required for execution:** Rian Ray | Intake and review `ES-PIA-CORE-NAV-SEARCH-SHELL-V0.4.0` as the complete documentary candidate for Item 05. Preserve the Founder-approved visual-system V0.3.1 as an immutable incorporated component. Do no,CANONICAL_OR_CURRENT_INFERRED
STALE_DRAFT_HISTORICAL_OR_SUPERSEDED_TEXT,REVIEW_CLASSIFICATION,governance/pia/items/05_core_navigation_search_application_shell/source_branch_tree/docs/canon/reviews/core_navigation_search_application_shell_pia_v0_4_0/01_complete_documentary_package/06_integrity/CHECKSUMS.sha256,cae226d7c2da6f8dafb494d2e3e3ffa8d1ece0b25b3eaa2da64608e76f2fb9ea 01_pia/EquineSync_Core_Navigation_Search_Application_Shell_PIA_V0_4_0_Complete_Documentary_Candidate.docx | 700dccb832bde4b69eb72e3e7b0add95a042cbcfe6eadc0e2562a01aa51e632b 01_pia/EquineSync_Core,HISTORICAL_DUPLICATE_DRAFT_OR_PREDECESSOR_INFERRED
STALE_DRAFT_HISTORICAL_OR_SUPERSEDED_TEXT,REVIEW_CLASSIFICATION,governance/pia/items/05_core_navigation_search_application_shell/source_branch_tree/docs/canon/reviews/core_navigation_search_application_shell_pia_v0_4_0/01_complete_documentary_package/06_integrity/PACKAGE_MANIFEST.csv,"01_pia/EquineSync_Core_Navigation_Search_Application_Shell_PIA_V0_4_0_Complete_Documentary_Candidate.docx,103352,cae226d7c2da6f8dafb494d2e3e3ffa8d1ece0b25b3eaa2da64608e76f2fb9ea,PAYLOAD_LEDGER_BOUND | 01_pia/EquineSync_Core_Navigation_Search_Application_Shell_",HISTORICAL_DUPLICATE_DRAFT_OR_PREDECESSOR_INFERRED
STALE_DRAFT_HISTORICAL_OR_SUPERSEDED_TEXT,REVIEW_CLASSIFICATION,governance/pia/items/05_core_navigation_search_application_shell/source_branch_tree/docs/canon/reviews/core_navigation_search_application_shell_pia_v0_4_0/01_complete_documentary_package/README.md,"This package confirms that the previously approved artifact is a visual-system section, not the complete Core Navigation, Search, and Application Shell PIA. It supplies a complete V0.4 documentary candidate under the 43- | 1. `01_pia/EquineSync_Core_Navigation",HISTORICAL_DUPLICATE_DRAFT_OR_PREDECESSOR_INFERRED
STALE_DRAFT_HISTORICAL_OR_SUPERSEDED_TEXT,REVIEW_CLASSIFICATION,governance/pia/items/05_core_navigation_search_application_shell/source_branch_tree/docs/canon/reviews/core_navigation_search_application_shell_pia_v0_4_0/02_fresh_review_and_reconciliation/01_controlling_source/EquineSync_Core_Navigation_Search_Application_Shell_PIA_V0_4_0_Complete_Documentary_Candidate_MACHINE_READABLE.json,"""status"": ""ITEM_05_V0_4_COMPLETE_DOCUMENTARY_CANDIDATE_READY_FOR_COMPLIANT_FRESH_REVIEW"", | ""founder_approved_complete_pia"": false, | ""filename"": ""EquineSync_Core_Navigation_Visual_System_PIA_Section_V0_3_1_Founder_Approved.md"", | ""founder_approved_documentary",HISTORICAL_DUPLICATE_DRAFT_OR_PREDECESSOR_INFERRED
STALE_DRAFT_HISTORICAL_OR_SUPERSEDED_TEXT,REVIEW_CLASSIFICATION,governance/pia/items/05_core_navigation_search_application_shell/source_branch_tree/docs/canon/reviews/core_navigation_search_application_shell_pia_v0_4_0/02_fresh_review_and_reconciliation/01_controlling_source/EquineSync_Core_Navigation_Search_Application_Shell_PIA_V0_4_0_Complete_Documentary_Candidate.md,**Draft and internal review date:** `2026-07-23` | **Status:** `ITEM_05_V0_4_COMPLETE_DOCUMENTARY_CANDIDATE_READY_FOR_COMPLIANT_FRESH_REVIEW` | **Founder and approval authority:** `Rian Ray` | **Drafting and internal review function:** `ChatGPT documentary dra,HISTORICAL_DUPLICATE_DRAFT_OR_PREDECESSOR_INFERRED
STALE_DRAFT_HISTORICAL_OR_SUPERSEDED_TEXT,REVIEW_CLASSIFICATION,governance/pia/items/05_core_navigation_search_application_shell/source_branch_tree/docs/canon/reviews/core_navigation_search_application_shell_pia_v0_4_0/02_fresh_review_and_reconciliation/02_founder_records/FOUNDER_GOVERNANCE_DISPOSITION_TEN_PIA_DOCUMENTARY_BASELINES_2026-07-23.md,"# Founder Governance Disposition | **Disposition ID:** `ES-PIA-PROGRAM-FOUNDER-DISPOSITION-2026-07-23-01` | **Founder:** Rian Ray | **Program:** EquineSync Product Implementation Atlas drafting program, Items 01 through 10",HISTORICAL_DUPLICATE_DRAFT_OR_PREDECESSOR_INFERRED
STALE_DRAFT_HISTORICAL_OR_SUPERSEDED_TEXT,REVIEW_CLASSIFICATION,governance/pia/items/05_core_navigation_search_application_shell/source_branch_tree/docs/canon/reviews/core_navigation_search_application_shell_pia_v0_4_0/02_fresh_review_and_reconciliation/03_review/FRESH_SEGREGATED_STRUCTURED_REVIEW_REPORT.md,**Exact controlling artifact SHA-256:** `700dccb832bde4b69eb72e3e7b0add95a042cbcfe6eadc0e2562a01aa51e632b` | **Result:** `PASS_WITH_RETAINED_NONBLOCKING_LIFECYCLE_FINDINGS` | This review was performed against the exact frozen V0.4.0 Markdown bytes and separate,SUPERSEDED_OR_SUPERSESSION_TEXT_PRESENT
STALE_DRAFT_HISTORICAL_OR_SUPERSEDED_TEXT,REVIEW_CLASSIFICATION,governance/pia/items/05_core_navigation_search_application_shell/source_branch_tree/docs/canon/reviews/core_navigation_search_application_shell_pia_v0_4_0/02_fresh_review_and_reconciliation/03_review/REVIEW_DISPOSITION.md,**Disposition:** `ACCEPT_FOR_CANONICAL_DOCUMENTARY_INTEGRATION_WITH_RETAINED_LIFECYCLE_FINDINGS` | The exact V0.4.0 bytes are accepted as the Founder-approved documentary baseline when read together with: | 1. `FOUNDER_GOVERNANCE_DISPOSITION_TEN_PIA_DOCUMENTAR,HISTORICAL_DUPLICATE_DRAFT_OR_PREDECESSOR_INFERRED
STALE_DRAFT_HISTORICAL_OR_SUPERSEDED_TEXT,REVIEW_CLASSIFICATION,governance/pia/items/05_core_navigation_search_application_shell/source_branch_tree/docs/canon/reviews/core_navigation_search_application_shell_pia_v0_4_0/02_fresh_review_and_reconciliation/05_integrity/CHECKSUMS.sha256,700dccb832bde4b69eb72e3e7b0add95a042cbcfe6eadc0e2562a01aa51e632b 01_controlling_source/EquineSync_Core_Navigation_Search_Application_Shell_PIA_V0_4_0_Complete_Documentary_Candidate.md | e21d32923f64329b6a2be8774a7f5d4b1e7008a14203a553d3ac004a6472f42c 01_contro,HISTORICAL_DUPLICATE_DRAFT_OR_PREDECESSOR_INFERRED
STALE_DRAFT_HISTORICAL_OR_SUPERSEDED_TEXT,REVIEW_CLASSIFICATION,governance/pia/items/05_core_navigation_search_application_shell/source_branch_tree/docs/canon/reviews/core_navigation_search_application_shell_pia_v0_4_0/02_fresh_review_and_reconciliation/05_integrity/PACKAGE_MANIFEST.csv,"01_controlling_source/EquineSync_Core_Navigation_Search_Application_Shell_PIA_V0_4_0_Complete_Documentary_Candidate.md,177472,700dccb832bde4b69eb72e3e7b0add95a042cbcfe6eadc0e2562a01aa51e632b,package_artifact | 01_controlling_source/EquineSync_Core_Navigation_S",HISTORICAL_DUPLICATE_DRAFT_OR_PREDECESSOR_INFERRED
STALE_DRAFT_HISTORICAL_OR_SUPERSEDED_TEXT,REVIEW_CLASSIFICATION,governance/pia/items/05_core_navigation_search_application_shell/source_branch_tree/docs/canon/reviews/core_navigation_search_application_shell_pia_v0_4_0/02_fresh_review_and_reconciliation/README.md,"This package preserves the exact Founder-approved Core Navigation, Search, and Application Shell V0.4.0 documentary baseline and adds a separately controlled Founder overlay, fresh segregated review, findings disposition",HISTORICAL_DUPLICATE_DRAFT_OR_PREDECESSOR_INFERRED
STALE_DRAFT_HISTORICAL_OR_SUPERSEDED_TEXT,REVIEW_CLASSIFICATION,governance/pia/items/05_core_navigation_search_application_shell/source_branch_tree/docs/canon/reviews/core_navigation_search_application_shell_pia_v0_4_0/03_repository_lifecycle/REPOSITORY_INTEGRATION_RECEIPT.md,**Starting branch/ref:** `origin/codex/item-05-core-navigation-shell-v0-4-fresh-review-blocked-receipt-v1` | **Default branch integration commit:** `PENDING_FOUNDER_APPROVAL_AND_MERGE` | ## Relationship to Prior Blocked Receipt | This receipt supplements the e,CANONICAL_OR_CURRENT_INFERRED
STALE_DRAFT_HISTORICAL_OR_SUPERSEDED_TEXT,REVIEW_CLASSIFICATION,governance/pia/items/05_core_navigation_search_application_shell/source_branch_tree/docs/canon/reviews/core_navigation_search_application_shell_pia_v0_4_0/03_repository_lifecycle/REPOSITORY_PACKAGE_INDEX.md,**Status:** Founder-approved canonical V0.4.0 documentary baseline; fresh segregated review passed with retained lifecycle findings | - Existing blocked receipt: `docs/canon/reviews/core_navigation_search_application_shell_pia_v0_4_0/REPOSITORY_BLOCKED_RECEIPT,CANONICAL_OR_CURRENT_INFERRED
STALE_DRAFT_HISTORICAL_OR_SUPERSEDED_TEXT,REVIEW_CLASSIFICATION,governance/pia/items/06_task_calendar_scheduling_notification/source_package/ES-PIA-TASK-CALENDAR-SCHEDULING-NOTIFICATION-V0.3.0-CANONICAL-CONFORMANCE-FRESH-STRUCTURED-REVIEW/ACCEPTANCE_CRITERIA.csv,"TCSN-AC-004,An acceptance-required assignment remains pending until accepted or otherwise resolved.,Mapped by Section 40 requirement-family range,AS_BUILT_VERIFICATION_REQUIRED | TCSN-AC-032,Offline completion remains visibly pending until synchronization.,Map",HISTORICAL_DUPLICATE_DRAFT_OR_PREDECESSOR_INFERRED
STALE_DRAFT_HISTORICAL_OR_SUPERSEDED_TEXT,REVIEW_CLASSIFICATION,governance/pia/items/06_task_calendar_scheduling_notification/source_package/ES-PIA-TASK-CALENDAR-SCHEDULING-NOTIFICATION-V0.3.0-CANONICAL-CONFORMANCE-FRESH-STRUCTURED-REVIEW/ADVERSARIAL_SCENARIOS.md,| TCSN-ADV-001 | A user attempts to complete a task by merely opening its notification. | | | TCSN-ADV-032 | A documentary draft is represented as production or enrollment approval. | | | TCSN-ADV-037 | A stale notification template sends superseded instructio,SUPERSEDED_OR_SUPERSESSION_TEXT_PRESENT
STALE_DRAFT_HISTORICAL_OR_SUPERSEDED_TEXT,REVIEW_CLASSIFICATION,governance/pia/items/06_task_calendar_scheduling_notification/source_package/ES-PIA-TASK-CALENDAR-SCHEDULING-NOTIFICATION-V0.3.0-CANONICAL-CONFORMANCE-FRESH-STRUCTURED-REVIEW/CANONICAL_HEADING_CONFORMANCE_MATRIX.csv,"canonical_section_number,canonical_heading,successor_draft_section_number,successor_draft_heading,match_status,source_location,notes,remediation_disposition | 6,Definitions and Controlled Vocabulary,6,Definitions and Controlled Vocabulary,MATCH,V0.2 Section 6:",CANONICAL_OR_CURRENT_INFERRED
STALE_DRAFT_HISTORICAL_OR_SUPERSEDED_TEXT,REVIEW_CLASSIFICATION,governance/pia/items/06_task_calendar_scheduling_notification/source_package/ES-PIA-TASK-CALENDAR-SCHEDULING-NOTIFICATION-V0.3.0-CANONICAL-CONFORMANCE-FRESH-STRUCTURED-REVIEW/CHECKSUMS.sha256,3da1e0fc8cd3dcec9bd786455dc3213c22f86d4db8078ed4e19fee1c95811da6 ES-PIA-TASK-CALENDAR-SCHEDULING-NOTIFICATION_V0_3_CANONICAL_CONFORMANCE_SUCCESSOR_DRAFT.md | e66a9db0c4085aacd0422a051d8045f6fe9d939f26e9f28adfc3ff4fbeb9ea28 FOUNDER_DECISION_BRIEF.md | ef800b548,CANONICAL_OR_CURRENT_INFERRED
STALE_DRAFT_HISTORICAL_OR_SUPERSEDED_TEXT,REVIEW_CLASSIFICATION,governance/pia/items/06_task_calendar_scheduling_notification/source_package/ES-PIA-TASK-CALENDAR-SCHEDULING-NOTIFICATION-V0.3.0-CANONICAL-CONFORMANCE-FRESH-STRUCTURED-REVIEW/DETERMINISTIC_VALIDATION_REPORT.json,"""result"": ""PASS_WITH_FRESH_STRUCTURED_REVIEW_BLOCKED"", | ""successor_draft_sha256"": ""3da1e0fc8cd3dcec9bd786455dc3213c22f86d4db8078ed4e19fee1c95811da6"", | ""prior_blocked_package_checksum_verification"": ""PASS"", | ""prior_blocked_package_checksum_failures"": [],",CANONICAL_OR_CURRENT_INFERRED
STALE_DRAFT_HISTORICAL_OR_SUPERSEDED_TEXT,REVIEW_CLASSIFICATION,governance/pia/items/06_task_calendar_scheduling_notification/source_package/ES-PIA-TASK-CALENDAR-SCHEDULING-NOTIFICATION-V0.3.0-CANONICAL-CONFORMANCE-FRESH-STRUCTURED-REVIEW/ES-PIA-TASK-CALENDAR-SCHEDULING-NOTIFICATION_V0_3_CANONICAL_CONFORMANCE_SUCCESSOR_DRAFT.md,**Draft Date:** `2026-07-22` | **Status:** `ITEM_06_V0_3_CANONICAL_CONFORMANCE_DOCUMENTARY_SUCCESSOR_FRESH_STRUCTURED_REVIEW_BLOCKED` | **Founder / Approval Authority:** `Rian Ray` | **Founder Decisions Incorporated:** `TCSN-FD-001` through `TCSN-FD-020` | PAT,CANONICAL_OR_CURRENT_INFERRED
STALE_DRAFT_HISTORICAL_OR_SUPERSEDED_TEXT,REVIEW_CLASSIFICATION,governance/pia/items/06_task_calendar_scheduling_notification/source_package/ES-PIA-TASK-CALENDAR-SCHEDULING-NOTIFICATION-V0.3.0-CANONICAL-CONFORMANCE-FRESH-STRUCTURED-REVIEW/EVIDENCE_MANIFEST.json,"""status"": ""DETERMINISTIC_REMEDIATION_EVIDENCE_COMPLETE_FRESH_REVIEW_BLOCKED"", | ""successor_draft"": ""ES-PIA-TASK-CALENDAR-SCHEDULING-NOTIFICATION_V0_3_CANONICAL_CONFORMANCE_SUCCESSOR_DRAFT.md"", | ""successor_draft_sha256"": ""3da1e0fc8cd3dcec9bd786455dc3213c22f86d",CANONICAL_OR_CURRENT_INFERRED
STALE_DRAFT_HISTORICAL_OR_SUPERSEDED_TEXT,REVIEW_CLASSIFICATION,governance/pia/items/06_task_calendar_scheduling_notification/source_package/ES-PIA-TASK-CALENDAR-SCHEDULING-NOTIFICATION-V0.3.0-CANONICAL-CONFORMANCE-FRESH-STRUCTURED-REVIEW/FIVE_QUESTION_RESPONSE_MATRIX.csv,"question_number,question_text,candidate_proposed_answer,fresh_review_evidence_supporting_answer,contrary_evidence_or_limitation,relevant_requirements,relevant_acceptance_criteria,relevant_test_scenarios,unresolved_findin | 1,Can engineering build the capabilit",HISTORICAL_DUPLICATE_DRAFT_OR_PREDECESSOR_INFERRED
STALE_DRAFT_HISTORICAL_OR_SUPERSEDED_TEXT,REVIEW_CLASSIFICATION,governance/pia/items/06_task_calendar_scheduling_notification/source_package/ES-PIA-TASK-CALENDAR-SCHEDULING-NOTIFICATION-V0.3.0-CANONICAL-CONFORMANCE-FRESH-STRUCTURED-REVIEW/FOUNDER_DECISION_BRIEF.md,# Item 06 TCSN Founder Decision Brief | **Recommended disposition:** `DEFER_FOUNDER_DESIGN_DISPOSITION_PENDING_COMPLIANT_FRESH_STRUCTURED_REVIEW` | The Founder-approved TCSN decisions `TCSN-FD-001` through `TCSN-FD-020` are preserved. `TCSN-FD-010` remains app,HISTORICAL_DUPLICATE_DRAFT_OR_PREDECESSOR_INFERRED
STALE_DRAFT_HISTORICAL_OR_SUPERSEDED_TEXT,REVIEW_CLASSIFICATION,governance/pia/items/06_task_calendar_scheduling_notification/source_package/ES-PIA-TASK-CALENDAR-SCHEDULING-NOTIFICATION-V0.3.0-CANONICAL-CONFORMANCE-FRESH-STRUCTURED-REVIEW/GOLDEN_PATHS.md,"| TCSN-GP-010 | Rehearse the controlled first-user workflow from invitation and configuration through one routine task, one scheduled event, one offline completion, one failed notification recovery, support contact, roll | | TCSN-ADV-001 | A user attempts to c",SUPERSEDED_OR_SUPERSESSION_TEXT_PRESENT
STALE_DRAFT_HISTORICAL_OR_SUPERSEDED_TEXT,REVIEW_CLASSIFICATION,governance/pia/items/06_task_calendar_scheduling_notification/source_package/ES-PIA-TASK-CALENDAR-SCHEDULING-NOTIFICATION-V0.3.0-CANONICAL-CONFORMANCE-FRESH-STRUCTURED-REVIEW/PACKAGE_MANIFEST.csv,"ES-PIA-TASK-CALENDAR-SCHEDULING-NOTIFICATION_V0_3_CANONICAL_CONFORMANCE_SUCCESSOR_DRAFT.md,3da1e0fc8cd3dcec9bd786455dc3213c22f86d4db8078ed4e19fee1c95811da6,115696 | FOUNDER_DECISION_BRIEF.md,e66a9db0c4085aacd0422a051d8045f6fe9d939f26e9f28adfc3ff4fbeb9ea28,791 ",HISTORICAL_DUPLICATE_DRAFT_OR_PREDECESSOR_INFERRED
STALE_DRAFT_HISTORICAL_OR_SUPERSEDED_TEXT,REVIEW_CLASSIFICATION,governance/pia/items/06_task_calendar_scheduling_notification/source_package/ES-PIA-TASK-CALENDAR-SCHEDULING-NOTIFICATION-V0.3.0-CANONICAL-CONFORMANCE-FRESH-STRUCTURED-REVIEW/PACKAGE_MANIFEST.json,"""disposition"": ""ITEM_06_TCSN_PIA_CANONICAL_REMEDIATION_COMPLETE_FRESH_STRUCTURED_REVIEW_BLOCKED"", | ""fresh_structured_review_status"": ""BLOCKED_BY_RUNTIME_OR_CONTROL_LIMITATION"", | ""path"": ""ES-PIA-TASK-CALENDAR-SCHEDULING-NOTIFICATION_V0_3_CANONICAL_CONFORMANCE",HISTORICAL_DUPLICATE_DRAFT_OR_PREDECESSOR_INFERRED
STALE_DRAFT_HISTORICAL_OR_SUPERSEDED_TEXT,REVIEW_CLASSIFICATION,governance/pia/items/06_task_calendar_scheduling_notification/source_package/ES-PIA-TASK-CALENDAR-SCHEDULING-NOTIFICATION-V0.3.0-CANONICAL-CONFORMANCE-FRESH-STRUCTURED-REVIEW/PIA_PACKAGE_VALIDATOR.py,"OLD = REPO / ""governance/pia/ES-PIA-TASK-CALENDAR-SCHEDULING-NOTIFICATION-V0.2.0-FRESH-STRUCTURED-REVIEW-BLOCKED"" | DRAFT = ROOT / ""ES-PIA-TASK-CALENDAR-SCHEDULING-NOTIFICATION_V0_3_CANONICAL_CONFORMANCE_SUCCESSOR_DRAFT.md"" | ""Open Decisions, Assumptions, Find",CANONICAL_OR_CURRENT_INFERRED
STALE_DRAFT_HISTORICAL_OR_SUPERSEDED_TEXT,REVIEW_CLASSIFICATION,governance/pia/items/06_task_calendar_scheduling_notification/source_package/ES-PIA-TASK-CALENDAR-SCHEDULING-NOTIFICATION-V0.3.0-CANONICAL-CONFORMANCE-FRESH-STRUCTURED-REVIEW/PRESERVED_INPUT_CHECKSUM_RECORD.csv,"prior_blocked_package_manifest,governance/pia/ES-PIA-TASK-CALENDAR-SCHEDULING-NOTIFICATION-V0.2.0-FRESH-STRUCTURED-REVIEW-BLOCKED/PACKAGE_MANIFEST.json,f4a5ddfeb805d161c2f7d978f8a48581eac2e141dc616630eab35d29e2b2b909,PRE | v0_1_predecessor,governance/pia/ES-PI",CANONICAL_OR_CURRENT_INFERRED
STALE_DRAFT_HISTORICAL_OR_SUPERSEDED_TEXT,REVIEW_CLASSIFICATION,governance/pia/items/06_task_calendar_scheduling_notification/source_package/ES-PIA-TASK-CALENDAR-SCHEDULING-NOTIFICATION-V0.3.0-CANONICAL-CONFORMANCE-FRESH-STRUCTURED-REVIEW/README.md,"**Disposition:** `ITEM_06_TCSN_PIA_CANONICAL_REMEDIATION_COMPLETE_FRESH_STRUCTURED_REVIEW_BLOCKED` | This additive successor package preserves the historical blocked V0.2 package unchanged, creates a V0.3 canonical-heading successor draft, validates exact ES-P",HISTORICAL_DUPLICATE_DRAFT_OR_PREDECESSOR_INFERRED
STALE_DRAFT_HISTORICAL_OR_SUPERSEDED_TEXT,REVIEW_CLASSIFICATION,governance/pia/items/06_task_calendar_scheduling_notification/source_package/ES-PIA-TASK-CALENDAR-SCHEDULING-NOTIFICATION-V0.3.0-CANONICAL-CONFORMANCE-FRESH-STRUCTURED-REVIEW/REQUIREMENT_REGISTER.csv,"requirement_id,requirement_text,source_refs,founder_decision_refs,acceptance_refs,test_refs,evidence_refs,gate | TCSN-REQ-014,""Delegation SHALL distinguish reassignment, retained-responsibility delegation, substitute coverage, authorized pool claim, emergency ",SUPERSEDED_OR_SUPERSESSION_TEXT_PRESENT
STALE_DRAFT_HISTORICAL_OR_SUPERSEDED_TEXT,REVIEW_CLASSIFICATION,governance/pia/items/06_task_calendar_scheduling_notification/source_package/ES-PIA-TASK-CALENDAR-SCHEDULING-NOTIFICATION-V0.3.0-CANONICAL-CONFORMANCE-FRESH-STRUCTURED-REVIEW/REVISED_TRACEABILITY_MATRIX.csv,"001-010,""SRC-001`, `002`, `005`, `006`, `007"",All ownership workflows,""Task, Event, Notification"",Owner and source authority,""AC-001`, `002`, `040"",""TST-001`, `009`, `045"",""EV-DOC`, `EV-TRC"",Design and implementation aut | 011-024,""SRC-006`, `008`, `009`, `010",HISTORICAL_DUPLICATE_DRAFT_OR_PREDECESSOR_INFERRED
STALE_DRAFT_HISTORICAL_OR_SUPERSEDED_TEXT,REVIEW_CLASSIFICATION,governance/pia/items/06_task_calendar_scheduling_notification/source_package/ES-PIA-TASK-CALENDAR-SCHEDULING-NOTIFICATION-V0.3.0-CANONICAL-CONFORMANCE-FRESH-STRUCTURED-REVIEW/SOURCE_INHERITANCE_REGISTER.md,"| `TCSN-SRC-001` | EquineSync Global Governance V1.0 | Locked constitutional baseline | Commit `acb518ea5a160820e64681ff95a16b010fe1156c`; protected tag `equinesync-governance-v1.0-locked-2026-07-16` | Non-regression, pr | | `TCSN-SRC-002` | PIA Master Standar",CANONICAL_OR_CURRENT_INFERRED
STALE_DRAFT_HISTORICAL_OR_SUPERSEDED_TEXT,REVIEW_CLASSIFICATION,governance/pia/items/06_task_calendar_scheduling_notification/source_package/ES-PIA-TASK-CALENDAR-SCHEDULING-NOTIFICATION-V0.3.0-CANONICAL-CONFORMANCE-FRESH-STRUCTURED-REVIEW/SOURCE_REGISTER.csv,"source_id,source,authority_and_status,version_or_reference,use_in_pia,candidate_verification_posture,repository_path,repository_sha256,locator_review_status | TCSN-SRC-001,EquineSync Global Governance V1.0,Locked constitutional baseline,Commit `acb518ea5a16082",HISTORICAL_DUPLICATE_DRAFT_OR_PREDECESSOR_INFERRED
STALE_DRAFT_HISTORICAL_OR_SUPERSEDED_TEXT,REVIEW_CLASSIFICATION,governance/pia/items/06_task_calendar_scheduling_notification/source_package/ES-PIA-TASK-CALENDAR-SCHEDULING-NOTIFICATION-V0.3.0-CANONICAL-CONFORMANCE-FRESH-STRUCTURED-REVIEW/STATE_TRANSITION_MATRIX.md,"`DRAFT → OPEN → OFFERED/PENDING_ACCEPTANCE/CLAIMABLE → ACCEPTED/ASSIGNED → IN_PROGRESS → COMPLETED/COMPLETED_WITH_EXCEPTION/UNABLE_TO_COMPLETE` | Additional controlled states include `DECLINED`, `REASSIGNED`, `DELEGATED`, `CANCELED`, `SUPERSEDED`, `DUPLICATE`,",SUPERSEDED_OR_SUPERSESSION_TEXT_PRESENT
STALE_DRAFT_HISTORICAL_OR_SUPERSEDED_TEXT,REVIEW_CLASSIFICATION,governance/pia/items/06_task_calendar_scheduling_notification/source_package/ES-PIA-TASK-CALENDAR-SCHEDULING-NOTIFICATION-V0.3.0-CANONICAL-CONFORMANCE-FRESH-STRUCTURED-REVIEW/STRUCTURED_REVIEW_FINDINGS_REGISTER.csv,"P1-TCSN-001,P1,OPEN,Fresh structured review remains blocked by runtime/control limitation.,Not closed; no compliant segregated review completed.,Provision qualified review runtime and complete fresh structured review. | P1-TCSN-002,P1,CLOSED,V0.3 successor dra",CANONICAL_OR_CURRENT_INFERRED
STALE_DRAFT_HISTORICAL_OR_SUPERSEDED_TEXT,REVIEW_CLASSIFICATION,governance/pia/items/06_task_calendar_scheduling_notification/source_package/ES-PIA-TASK-CALENDAR-SCHEDULING-NOTIFICATION-V0.3.0-CANONICAL-CONFORMANCE-FRESH-STRUCTURED-REVIEW/STRUCTURED_REVIEW_PLAN.md,"The planned fresh structured review must inspect the full V0.3 successor draft without relying on prior `YES_WITH_EVIDENCE` answers as presumptively correct. It must cover task management, calendar and scheduling, notifi",CANONICAL_OR_CURRENT_INFERRED
STALE_DRAFT_HISTORICAL_OR_SUPERSEDED_TEXT,REVIEW_CLASSIFICATION,governance/pia/items/06_task_calendar_scheduling_notification/source_package/ES-PIA-TASK-CALENDAR-SCHEDULING-NOTIFICATION-V0.3.0-CANONICAL-CONFORMANCE-FRESH-STRUCTURED-REVIEW/STRUCTURED_REVIEW_REPORT.md,**Disposition:** `FRESH_STRUCTURED_REVIEW_BLOCKED_BY_RUNTIME_OR_CONTROL_LIMITATION` | Deterministic Phase A/B remediation passed. Phase C did not start because the active runtime cannot support the required segregated fresh structured review. The V0.3 successo,CANONICAL_OR_CURRENT_INFERRED
STALE_DRAFT_HISTORICAL_OR_SUPERSEDED_TEXT,REVIEW_CLASSIFICATION,governance/pia/items/06_task_calendar_scheduling_notification/source_package/ES-PIA-TASK-CALENDAR-SCHEDULING-NOTIFICATION-V0.3.0-CANONICAL-CONFORMANCE-FRESH-STRUCTURED-REVIEW/TEST_MATRIX.csv,STATUS_NOT_EXPLICITLY_EXTRACTED,HISTORICAL_DUPLICATE_DRAFT_OR_PREDECESSOR_INFERRED
STALE_DRAFT_HISTORICAL_OR_SUPERSEDED_TEXT,REVIEW_CLASSIFICATION,governance/pia/items/06_task_calendar_scheduling_notification/source_package/ES-PIA-TASK-CALENDAR-SCHEDULING-NOTIFICATION-V0.3.0-CANONICAL-CONFORMANCE-FRESH-STRUCTURED-REVIEW/VALIDATION_REPORT.md,**Result:** `PASS_WITH_FRESH_STRUCTURED_REVIEW_BLOCKED` | **Fresh structured review:** `BLOCKED_BY_RUNTIME_OR_CONTROL_LIMITATION` | - Founder decisions mapped: `True` | - Prior blocked package checksum verification: `PASS`,HISTORICAL_DUPLICATE_DRAFT_OR_PREDECESSOR_INFERRED
STALE_DRAFT_HISTORICAL_OR_SUPERSEDED_TEXT,REVIEW_CLASSIFICATION,governance/pia/items/06_task_calendar_scheduling_notification/source_package/ES-PIA-TASK-CALENDAR-SCHEDULING-NOTIFICATION-V0.3.0-CANONICAL-CONFORMANCE-FRESH-STRUCTURED-REVIEW/WORK_COMPLETENESS_LEDGER.csv,"Create V0.3 successor draft,COMPLETE,ES-PIA-TASK-CALENDAR-SCHEDULING-NOTIFICATION_V0_3_CANONICAL_CONFORMANCE_SUCCESSOR_DRAFT.md | Fresh segregated structured review,BLOCKED,RUNTIME_PERMISSION_RECORDS.csv",CANONICAL_OR_CURRENT_INFERRED
STALE_DRAFT_HISTORICAL_OR_SUPERSEDED_TEXT,REVIEW_CLASSIFICATION,governance/pia/items/06_task_calendar_scheduling_notification/source_package/ES-PIA-TASK-CALENDAR-SCHEDULING-NOTIFICATION-V0.3.0-CANONICAL-CONFORMANCE-FRESH-STRUCTURED-REVIEW/WORKFLOW_REGISTER.md,1. Recipient opens assignment. | 8. Historical completion and recurrence occurrences are immutable except through attributed correction or supersession. | The controlled requirement register for this strengthened candidate contains 120 requirements. | | TCSN-R,SUPERSEDED_OR_SUPERSESSION_TEXT_PRESENT
STALE_DRAFT_HISTORICAL_OR_SUPERSEDED_TEXT,REVIEW_CLASSIFICATION,governance/pia/items/07_care_operations/founder_disposition/ITEM_07_CARE_FOUNDER_DISPOSITION_RECORD_EXECUTED.md,# Item 07 Care Operations Founder Disposition Record - Executed | Record ID: ES-PIA-ITEM-07-CARE-FOUNDER-DISPOSITION-EXECUTED-2026-07-24-01 | Execution status: FOUNDER_EXECUTED_DOCUMENTARY_GOVERNANCE_ONLY | ## Required Historical Preservation,SUPERSEDED_OR_SUPERSESSION_TEXT_PRESENT
STALE_DRAFT_HISTORICAL_OR_SUPERSEDED_TEXT,REVIEW_CLASSIFICATION,governance/pia/items/07_care_operations/reports/ITEM_07_CARE_FORMAL_FINDING_TREATMENT_AND_INTEGRATION_READINESS_REPORT.md,Final Item 07 status: `READY_WITH_RETAINED_CONDITIONS` | The Item 07 remediation package bytes are present and hash-verifiable. The package SHA-256 matches `9335753a4de51eead7c44357734765967adb109a5d1375cb3666f269c49227c3`. The executed Founder disposition is ,HISTORICAL_DUPLICATE_DRAFT_OR_PREDECESSOR_INFERRED
STALE_DRAFT_HISTORICAL_OR_SUPERSEDED_TEXT,REVIEW_CLASSIFICATION,governance/pia/items/07_care_operations/source_package/EquineSync_Item_07_Care_Operations_Canonical_Remediation_Package_2026-07-23/ITEM_07_CARE_CANONICAL_MANIFEST_AND_SHA256SUMS/ITEM_07_CARE_CANONICAL_MANIFEST.json,"""status"": ""PREPARED_WITH_HISTORICAL_ITEM_05_EVIDENCE_PRESERVED"" | ""status"": ""FAIL_CLOSED_PENDING_FOUNDER_FINAL_DISPOSITION_AND_COMPLIANT_FORMAL_REVIEW"" | ""artifact"": ""ITEM_07_CARE_FOUNDER_FINAL_DISPOSITION.md"", | ""status"": ""PENDING_FOUNDER_FINAL_DISPOSITION""",CANONICAL_OR_CURRENT_INFERRED
STALE_DRAFT_HISTORICAL_OR_SUPERSEDED_TEXT,REVIEW_CLASSIFICATION,governance/pia/items/07_care_operations/source_package/EquineSync_Item_07_Care_Operations_Canonical_Remediation_Package_2026-07-23/ITEM_07_CARE_CANONICAL_MANIFEST_AND_SHA256SUMS/ITEM_07_CARE_CANONICAL_SHA256SUMS.txt,0f9f54af511c880b32aae635fdf26b10046b9e52a38de2f463657ad5e2bfba11 ./ITEM_07_CARE_CANONICAL_REMEDIATION_PACKAGE/HISTORICAL_NONCANONICAL_ITEM_05_EVIDENCE_PRESERVED/EquineSync_Care_Operations_PIA_Item_05_V0_2_Codex_Review_Pa | 37220d43c4c9735c1446a649bbc7fe7ea26cd,CANONICAL_OR_CURRENT_INFERRED
STALE_DRAFT_HISTORICAL_OR_SUPERSEDED_TEXT,REVIEW_CLASSIFICATION,governance/pia/items/07_care_operations/source_package/EquineSync_Item_07_Care_Operations_Canonical_Remediation_Package_2026-07-23/ITEM_07_CARE_CANONICAL_NUMBERING_AND_LINEAGE_RECORD.md,**Disposition:** `CANONICAL_ITEM_07_WRAPPER_PREPARED_HISTORICAL_ITEM_05_EVIDENCE_PRESERVED` | Founder authorized Codex to prepare the canonical Item 07 Care Operations remediation package for the EquineSync PIA Governance Portfolio. | This record treats the cu,CANONICAL_OR_CURRENT_INFERRED
STALE_DRAFT_HISTORICAL_OR_SUPERSEDED_TEXT,REVIEW_CLASSIFICATION,governance/pia/items/07_care_operations/source_package/EquineSync_Item_07_Care_Operations_Canonical_Remediation_Package_2026-07-23/ITEM_07_CARE_CANONICAL_REMEDIATION_PACKAGE/HISTORICAL_NONCANONICAL_ITEM_05_EVIDENCE_PRESERVED/EquineSync_Care_Operations_PIA_Item_05_V0_2_Codex_Review_Package.zip,STATUS_NOT_EXPLICITLY_EXTRACTED,CANONICAL_OR_CURRENT_INFERRED
STALE_DRAFT_HISTORICAL_OR_SUPERSEDED_TEXT,REVIEW_CLASSIFICATION,governance/pia/items/07_care_operations/source_package/EquineSync_Item_07_Care_Operations_Canonical_Remediation_Package_2026-07-23/ITEM_07_CARE_CANONICAL_REMEDIATION_PACKAGE/HISTORICAL_NONCANONICAL_ITEM_05_EVIDENCE_PRESERVED/EquineSync_Care_Operations_PIA_Item_05_V0_2_Codex_Review_Package.zip.sha256,STATUS_NOT_EXPLICITLY_EXTRACTED,CANONICAL_OR_CURRENT_INFERRED
STALE_DRAFT_HISTORICAL_OR_SUPERSEDED_TEXT,REVIEW_CLASSIFICATION,governance/pia/items/07_care_operations/source_package/EquineSync_Item_07_Care_Operations_Canonical_Remediation_Package_2026-07-23/ITEM_07_CARE_CANONICAL_REMEDIATION_PACKAGE/HISTORICAL_NONCANONICAL_ITEM_05_EVIDENCE_PRESERVED/HISTORICAL_NONCANONICAL_ITEM_05_PACKAGE/EquineSync_Care_Operations_PIA_Item_05_V0_2_Codex_Review_Package/CHECKSUMS.sha256,ac7cd7be62e075a478e7c55b1266f2eeaee10e3b9f0d6a0b4f051849695ee6f0 ./CURRENT_CANDIDATE/EquineSync_Care_Operations_PIA_V0_2_Machine_Readable.json | 3cd9f29a4208a62282027f5b061bb9a55c957a33f23b18d0ed1180cfe4bab467 ./CURRENT_CANDIDATE/EquineSync_Care_Operations_PIA,HISTORICAL_DUPLICATE_DRAFT_OR_PREDECESSOR_INFERRED
STALE_DRAFT_HISTORICAL_OR_SUPERSEDED_TEXT,REVIEW_CLASSIFICATION,governance/pia/items/07_care_operations/source_package/EquineSync_Item_07_Care_Operations_Canonical_Remediation_Package_2026-07-23/ITEM_07_CARE_CANONICAL_REMEDIATION_PACKAGE/HISTORICAL_NONCANONICAL_ITEM_05_EVIDENCE_PRESERVED/HISTORICAL_NONCANONICAL_ITEM_05_PACKAGE/EquineSync_Care_Operations_PIA_Item_05_V0_2_Codex_Review_Package/CODEX_DIRECTIVE.md,"This directive does **not** authorize implementation, application code, database schemas, migrations, infrastructure changes, deployment, production use, pilot enrollment, first-user enrollment, or any modification to lo | Do not infer additional Founder decis",HISTORICAL_DUPLICATE_DRAFT_OR_PREDECESSOR_INFERRED
STALE_DRAFT_HISTORICAL_OR_SUPERSEDED_TEXT,REVIEW_CLASSIFICATION,governance/pia/items/07_care_operations/source_package/EquineSync_Item_07_Care_Operations_Canonical_Remediation_Package_2026-07-23/ITEM_07_CARE_CANONICAL_REMEDIATION_PACKAGE/HISTORICAL_NONCANONICAL_ITEM_05_EVIDENCE_PRESERVED/HISTORICAL_NONCANONICAL_ITEM_05_PACKAGE/EquineSync_Care_Operations_PIA_Item_05_V0_2_Codex_Review_Package/CURRENT_CANDIDATE/EquineSync_Care_Operations_PIA_V0_2_Machine_Readable.json,"""status"": ""ITEM_05_V0_2_STRENGTHENED_DOCUMENTARY_CANDIDATE_READY_FOR_COMPLIANT_FRESH_REVIEW"", | ""authority"": ""Controlling constitutional baseline"", | ""reference"": ""Commit acb518ea5a160820e64681ff95a16b010fe1156c; tag equinesync-governance-v1.0-locked-2026-07-1",SUPERSEDED_OR_SUPERSESSION_TEXT_PRESENT
STALE_DRAFT_HISTORICAL_OR_SUPERSEDED_TEXT,REVIEW_CLASSIFICATION,governance/pia/items/07_care_operations/source_package/EquineSync_Item_07_Care_Operations_Canonical_Remediation_Package_2026-07-23/ITEM_07_CARE_CANONICAL_REMEDIATION_PACKAGE/HISTORICAL_NONCANONICAL_ITEM_05_EVIDENCE_PRESERVED/HISTORICAL_NONCANONICAL_ITEM_05_PACKAGE/EquineSync_Care_Operations_PIA_Item_05_V0_2_Codex_Review_Package/CURRENT_CANDIDATE/EquineSync_Care_Operations_PIA_V0_2_Strengthened_Draft.docx,PATH_CLASSIFICATION: candidate_or_draft,HISTORICAL_DUPLICATE_DRAFT_OR_PREDECESSOR_INFERRED
STALE_DRAFT_HISTORICAL_OR_SUPERSEDED_TEXT,REVIEW_CLASSIFICATION,governance/pia/items/07_care_operations/source_package/EquineSync_Item_07_Care_Operations_Canonical_Remediation_Package_2026-07-23/ITEM_07_CARE_CANONICAL_REMEDIATION_PACKAGE/HISTORICAL_NONCANONICAL_ITEM_05_EVIDENCE_PRESERVED/HISTORICAL_NONCANONICAL_ITEM_05_PACKAGE/EquineSync_Care_Operations_PIA_Item_05_V0_2_Codex_Review_Package/CURRENT_CANDIDATE/EquineSync_Care_Operations_PIA_V0_2_Strengthened_Draft.md,**Draft and internal review date:** `2026-07-22` | **Status:** `ITEM_05_V0_2_STRENGTHENED_DOCUMENTARY_CANDIDATE_READY_FOR_COMPLIANT_FRESH_REVIEW` | **Founder and approval authority:** `Rian Ray` | **Drafting and internal review function:** `ChatGPT documentary,CANONICAL_OR_CURRENT_INFERRED
STALE_DRAFT_HISTORICAL_OR_SUPERSEDED_TEXT,REVIEW_CLASSIFICATION,governance/pia/items/07_care_operations/source_package/EquineSync_Item_07_Care_Operations_Canonical_Remediation_Package_2026-07-23/ITEM_07_CARE_CANONICAL_REMEDIATION_PACKAGE/HISTORICAL_NONCANONICAL_ITEM_05_EVIDENCE_PRESERVED/HISTORICAL_NONCANONICAL_ITEM_05_PACKAGE/EquineSync_Care_Operations_PIA_Item_05_V0_2_Codex_Review_Package/PACKAGE_MANIFEST.json,"""candidate_status"": ""ITEM_05_V0_2_STRENGTHENED_DOCUMENTARY_CANDIDATE_READY_FOR_COMPLIANT_FRESH_REVIEW"", | ""founder_decisions"": [ | ""path"": ""CURRENT_CANDIDATE/EquineSync_Care_Operations_PIA_V0_2_Machine_Readable.json"", | ""path"": ""CURRENT_CANDIDATE/EquineSync_Ca",HISTORICAL_DUPLICATE_DRAFT_OR_PREDECESSOR_INFERRED
STALE_DRAFT_HISTORICAL_OR_SUPERSEDED_TEXT,REVIEW_CLASSIFICATION,governance/pia/items/07_care_operations/source_package/EquineSync_Item_07_Care_Operations_Canonical_Remediation_Package_2026-07-23/ITEM_07_CARE_CANONICAL_REMEDIATION_PACKAGE/HISTORICAL_NONCANONICAL_ITEM_05_EVIDENCE_PRESERVED/HISTORICAL_NONCANONICAL_ITEM_05_PACKAGE/EquineSync_Care_Operations_PIA_Item_05_V0_2_Codex_Review_Package/PREDECESSOR_EVIDENCE/EquineSync_Care_Operations_PIA_V0_1_Draft.docx,PATH_CLASSIFICATION: candidate_or_draft,HISTORICAL_DUPLICATE_DRAFT_OR_PREDECESSOR_INFERRED
STALE_DRAFT_HISTORICAL_OR_SUPERSEDED_TEXT,REVIEW_CLASSIFICATION,governance/pia/items/07_care_operations/source_package/EquineSync_Item_07_Care_Operations_Canonical_Remediation_Package_2026-07-23/ITEM_07_CARE_CANONICAL_REMEDIATION_PACKAGE/HISTORICAL_NONCANONICAL_ITEM_05_EVIDENCE_PRESERVED/HISTORICAL_NONCANONICAL_ITEM_05_PACKAGE/EquineSync_Care_Operations_PIA_Item_05_V0_2_Codex_Review_Package/PREDECESSOR_EVIDENCE/EquineSync_Care_Operations_PIA_V0_1_Draft.md,**Draft date:** `2026-07-22` | **Status:** `ITEM_05_V0_1_INITIAL_DOCUMENTARY_DRAFT_REVIEW_NOT_STARTED` | **Founder and approval authority:** `Rian Ray` | **Drafting function:** `ChatGPT documentary drafting support` | PATH_CLASSIFICATION: candidate_or_draft,CANONICAL_OR_CURRENT_INFERRED
STALE_DRAFT_HISTORICAL_OR_SUPERSEDED_TEXT,REVIEW_CLASSIFICATION,governance/pia/items/07_care_operations/source_package/EquineSync_Item_07_Care_Operations_Canonical_Remediation_Package_2026-07-23/ITEM_07_CARE_CANONICAL_REMEDIATION_PACKAGE/HISTORICAL_NONCANONICAL_ITEM_05_EVIDENCE_PRESERVED/HISTORICAL_NONCANONICAL_ITEM_05_PACKAGE/EquineSync_Care_Operations_PIA_Item_05_V0_2_Codex_Review_Package/PREDECESSOR_EVIDENCE/EquineSync_Care_Operations_PIA_V0_1_Internal_Review_and_V0_2_Revision_Report.md,"**Review type:** `INTERNAL_DOCUMENTARY_DRAFTING_REVIEW_NOT_INDEPENDENT_REVIEW` | V0.1 was structurally complete and substantively strong for a first draft. Its central weakness was compression: material requirements, workflows, data, contracts, proof, and oper",CANONICAL_OR_CURRENT_INFERRED
STALE_DRAFT_HISTORICAL_OR_SUPERSEDED_TEXT,REVIEW_CLASSIFICATION,governance/pia/items/07_care_operations/source_package/EquineSync_Item_07_Care_Operations_Canonical_Remediation_Package_2026-07-23/ITEM_07_CARE_CANONICAL_REMEDIATION_PACKAGE/HISTORICAL_NONCANONICAL_ITEM_05_EVIDENCE_PRESERVED/HISTORICAL_NONCANONICAL_ITEM_05_PACKAGE/EquineSync_Care_Operations_PIA_Item_05_V0_2_Codex_Review_Package/PREDECESSOR_EVIDENCE/EquineSync_Care_Operations_PIA_V0_1_Machine_Readable.json,"""status"": ""ITEM_05_V0_1_INITIAL_DOCUMENTARY_DRAFT_REVIEW_NOT_STARTED"", | ""authority"": ""Controlling constitutional baseline"", | ""reference"": ""Commit acb518ea5a160820e64681ff95a16b010fe1156c; tag equinesync-governance-v1.0-locked-2026-07-16"", | ""authority"": ""Fou",SUPERSEDED_OR_SUPERSESSION_TEXT_PRESENT
STALE_DRAFT_HISTORICAL_OR_SUPERSEDED_TEXT,REVIEW_CLASSIFICATION,governance/pia/items/07_care_operations/source_package/EquineSync_Item_07_Care_Operations_Canonical_Remediation_Package_2026-07-23/ITEM_07_CARE_CANONICAL_REMEDIATION_PACKAGE/HISTORICAL_NONCANONICAL_ITEM_05_EVIDENCE_PRESERVED/HISTORICAL_NONCANONICAL_ITEM_05_PACKAGE/EquineSync_Care_Operations_PIA_Item_05_V0_2_Codex_Review_Package/README.md,"This package supplies the preserved Care Operations PIA V0.2 strengthened documentary candidate, its V0.1 predecessor evidence, the internal V0.1-to-V0.2 review record, deterministic validation evidence, and the governin | - Candidate status: `ITEM_05_V0_2_STR",HISTORICAL_DUPLICATE_DRAFT_OR_PREDECESSOR_INFERRED
STALE_DRAFT_HISTORICAL_OR_SUPERSEDED_TEXT,REVIEW_CLASSIFICATION,governance/pia/items/07_care_operations/source_package/EquineSync_Item_07_Care_Operations_Canonical_Remediation_Package_2026-07-23/ITEM_07_CARE_CANONICAL_REMEDIATION_PACKAGE/HISTORICAL_NONCANONICAL_ITEM_05_EVIDENCE_PRESERVED/HISTORICAL_NONCANONICAL_ITEM_05_PACKAGE/EquineSync_Care_Operations_PIA_Item_05_V0_2_Codex_Review_Package/VALIDATION/EquineSync_Care_Operations_PIA_V0_2_Documentary_Validation_Report.json,STATUS_NOT_EXPLICITLY_EXTRACTED,CANONICAL_OR_CURRENT_INFERRED
STALE_DRAFT_HISTORICAL_OR_SUPERSEDED_TEXT,REVIEW_CLASSIFICATION,governance/pia/items/07_care_operations/source_package/EquineSync_Item_07_Care_Operations_Canonical_Remediation_Package_2026-07-23/ITEM_07_CARE_CANONICAL_REMEDIATION_PACKAGE/ITEM_07_CARE_CANONICAL_PACKAGE_RECORD.md,"1. Preserve the historical Item 05 Care Operations package exactly as historical evidence. | 3. Preserve the item-number mismatch as a blocker unless and until Founder final disposition explicitly approves canonical Item 07 treatment. | 4. Generate manifest, c",SUPERSEDED_OR_SUPERSESSION_TEXT_PRESENT
STALE_DRAFT_HISTORICAL_OR_SUPERSEDED_TEXT,REVIEW_CLASSIFICATION,governance/pia/items/07_care_operations/source_package/EquineSync_Item_07_Care_Operations_Canonical_Remediation_Package_2026-07-23/ITEM_07_CARE_CANONICAL_REMEDIATION_PACKAGE/README.md,**Approval status:** `PENDING_FOUNDER_FINAL_DISPOSITION` | **Repository integration status:** `NOT_AUTHORIZED_BLOCKED` | This directory assembles canonical Item 07 Care Operations remediation evidence while preserving the historical/noncanonical Item 05 Care O,HISTORICAL_DUPLICATE_DRAFT_OR_PREDECESSOR_INFERRED
STALE_DRAFT_HISTORICAL_OR_SUPERSEDED_TEXT,REVIEW_CLASSIFICATION,governance/pia/items/07_care_operations/source_package/EquineSync_Item_07_Care_Operations_Canonical_Remediation_Package_2026-07-23/ITEM_07_CARE_FOUNDER_FINAL_DISPOSITION.md,# Item 07 Care Operations Founder Final Disposition | **Disposition record ID:** `ES-PIA-ITEM-07-CARE-FOUNDER-FINAL-DISPOSITION-2026-07-23-01` | **Disposition status:** `PENDING_FOUNDER_FINAL_DISPOSITION` | ## 1. Current Founder Authorization Recorded,SUPERSEDED_OR_SUPERSESSION_TEXT_PRESENT
STALE_DRAFT_HISTORICAL_OR_SUPERSEDED_TEXT,REVIEW_CLASSIFICATION,governance/pia/items/07_care_operations/source_package/EquineSync_Item_07_Care_Operations_Canonical_Remediation_Package_2026-07-23/ITEM_07_CARE_FRESH_REVIEW_REPORT.md,"**Disposition:** `FAIL_CLOSED_PENDING_FOUNDER_FINAL_DISPOSITION_AND_COMPLIANT_FORMAL_REVIEW` | This review examined whether the available Care Operations evidence can support a canonical Item 07 remediation package without renaming, normalizing, or silently pr",SUPERSEDED_OR_SUPERSESSION_TEXT_PRESENT
STALE_DRAFT_HISTORICAL_OR_SUPERSEDED_TEXT,REVIEW_CLASSIFICATION,governance/pia/items/07_care_operations/source_package/EquineSync_Item_07_Care_Operations_Canonical_Remediation_Package_2026-07-23/README.md,"- `ITEM_07_CARE_FOUNDER_FINAL_DISPOSITION.md` | - `ITEM_07_CARE_REPOSITORY_INTEGRATION_BLOCKED_RECEIPT.md` | ## Controlling Warning | The preserved historical Care Operations evidence identifies itself as `Item 05`, not canonical Item 07. This package preserve",HISTORICAL_DUPLICATE_DRAFT_OR_PREDECESSOR_INFERRED
STALE_DRAFT_HISTORICAL_OR_SUPERSEDED_TEXT,REVIEW_CLASSIFICATION,governance/pia/items/08_lessons_training_rider_guardian/founder_disposition/ITEM_08_LTRG_FOUNDER_DISPOSITION_RECORD_EXECUTED.md,# Item 08 LTRG Founder Disposition Record - Executed | Record ID: ES-PIA-ITEM-08-LTRG-FOUNDER-DISPOSITION-EXECUTED-2026-07-24-01 | Execution status: FOUNDER_EXECUTED_DOCUMENTARY_GOVERNANCE_ONLY | - Canonical remediation candidate: Item 08 LTRG V0.2.1,SUPERSEDED_OR_SUPERSESSION_TEXT_PRESENT
STALE_DRAFT_HISTORICAL_OR_SUPERSEDED_TEXT,REVIEW_CLASSIFICATION,governance/pia/items/08_lessons_training_rider_guardian/source_package/EquineSync_Item_08_LTRG_Canonical_Remediation_Package_2026-07-23/ITEM_08_LTRG_CANONICAL_MANIFEST_AND_SHA256SUMS/ITEM_08_LTRG_CANONICAL_MANIFEST.json,"""candidate_version"": ""0.2.1"", | ""status"": ""PREPARED_WITH_HISTORICAL_ITEM_07_EVIDENCE_PRESERVED"" | ""status"": ""FAIL_CLOSED_PENDING_FOUNDER_FINAL_DISPOSITION_AND_COMPLIANT_FORMAL_REVIEW"" | ""artifact"": ""ITEM_08_LTRG_FOUNDER_FINAL_DISPOSITION.md"",",CANONICAL_OR_CURRENT_INFERRED
STALE_DRAFT_HISTORICAL_OR_SUPERSEDED_TEXT,REVIEW_CLASSIFICATION,governance/pia/items/08_lessons_training_rider_guardian/source_package/EquineSync_Item_08_LTRG_Canonical_Remediation_Package_2026-07-23/ITEM_08_LTRG_CANONICAL_MANIFEST_AND_SHA256SUMS/ITEM_08_LTRG_CANONICAL_SHA256SUMS.txt,079709e837daba0e7dee335e262818e1b5df969e446f45a63b89283190e075ad ./ITEM_08_LTRG_V0_2_1_CANONICAL_REMEDIATION_PACKAGE/CANONICAL_V0_2_1_CANDIDATE/EquineSync_Item_08_LTRG_PIA_V0_2_1_Canonical_Remediation_Candidate.md | 0dd62852799c33af0d4a7d027edfa349913681ea1fca,CANONICAL_OR_CURRENT_INFERRED
STALE_DRAFT_HISTORICAL_OR_SUPERSEDED_TEXT,REVIEW_CLASSIFICATION,governance/pia/items/08_lessons_training_rider_guardian/source_package/EquineSync_Item_08_LTRG_Canonical_Remediation_Package_2026-07-23/ITEM_08_LTRG_CANONICAL_NUMBERING_AND_LINEAGE_RECORD.md,"**Disposition:** `CANONICAL_ITEM_08_WRAPPER_PREPARED_HISTORICAL_ITEM_07_EVIDENCE_PRESERVED` | Founder authorized Codex to prepare the canonical Item 08 Lessons, Training, Rider, and Guardian remediation package for the EquineSync PIA Governance Portfolio. | Th",CANONICAL_OR_CURRENT_INFERRED
STALE_DRAFT_HISTORICAL_OR_SUPERSEDED_TEXT,REVIEW_CLASSIFICATION,governance/pia/items/08_lessons_training_rider_guardian/source_package/EquineSync_Item_08_LTRG_Canonical_Remediation_Package_2026-07-23/ITEM_08_LTRG_FOUNDER_FINAL_DISPOSITION.md,# Item 08 LTRG Founder Final Disposition | **Disposition record ID:** `ES-PIA-ITEM-08-LTRG-FOUNDER-FINAL-DISPOSITION-2026-07-23-01` | **Disposition status:** `PENDING_FOUNDER_FINAL_DISPOSITION` | ## 1. Current Founder Authorization Recorded,SUPERSEDED_OR_SUPERSESSION_TEXT_PRESENT
STALE_DRAFT_HISTORICAL_OR_SUPERSEDED_TEXT,REVIEW_CLASSIFICATION,governance/pia/items/08_lessons_training_rider_guardian/source_package/EquineSync_Item_08_LTRG_Canonical_Remediation_Package_2026-07-23/ITEM_08_LTRG_FRESH_STRUCTURED_REVIEW_REPORT.md,"**Disposition:** `FAIL_CLOSED_PENDING_FOUNDER_FINAL_DISPOSITION_AND_COMPLIANT_FORMAL_REVIEW` | This review examined whether the available LTRG evidence can support a canonical Item 08 remediation package without renaming, normalizing, or silently promoting his",CANONICAL_OR_CURRENT_INFERRED
STALE_DRAFT_HISTORICAL_OR_SUPERSEDED_TEXT,REVIEW_CLASSIFICATION,governance/pia/items/08_lessons_training_rider_guardian/source_package/EquineSync_Item_08_LTRG_Canonical_Remediation_Package_2026-07-23/ITEM_08_LTRG_V0_2_1_CANONICAL_REMEDIATION_PACKAGE/CANONICAL_V0_2_1_CANDIDATE/EquineSync_Item_08_LTRG_PIA_V0_2_1_Canonical_Remediation_Candidate.md,"# EquineSync Item 08 Lessons, Training, Rider, and Guardian PIA V0.2.1 Canonical Remediation Candidate | **Candidate ID:** `ES-PIA-ITEM-08-LTRG-V0.2.1-CANONICAL-REMEDIATION-CANDIDATE-2026-07-23` | **Status:** `ITEM_08_V0_2_1_CANONICAL_REMEDIATION_CANDIDATE_REA",CANONICAL_OR_CURRENT_INFERRED
STALE_DRAFT_HISTORICAL_OR_SUPERSEDED_TEXT,REVIEW_CLASSIFICATION,governance/pia/items/08_lessons_training_rider_guardian/source_package/EquineSync_Item_08_LTRG_Canonical_Remediation_Package_2026-07-23/ITEM_08_LTRG_V0_2_1_CANONICAL_REMEDIATION_PACKAGE/CANONICAL_V0_2_1_CANDIDATE/EquineSync_Item_08_LTRG_PIA_V0_2_1_Documentary_Validation.json,"""artifact"": ""EquineSync_Item_08_LTRG_PIA_V0_2_1_Canonical_Remediation_Candidate.md"", | ""historical_source_archive"": ""EquineSync_Item_07_LTRG_PIA_V0_2_Codex_Handoff.zip"", | ""historical_source_archive_sha256"": ""c3846e5bf8c7af00a5d7cd3676a7fbb9d1654b7ef63c0460135",CANONICAL_OR_CURRENT_INFERRED
STALE_DRAFT_HISTORICAL_OR_SUPERSEDED_TEXT,REVIEW_CLASSIFICATION,governance/pia/items/08_lessons_training_rider_guardian/source_package/EquineSync_Item_08_LTRG_Canonical_Remediation_Package_2026-07-23/ITEM_08_LTRG_V0_2_1_CANONICAL_REMEDIATION_PACKAGE/CANONICAL_V0_2_1_CANDIDATE/EquineSync_Item_08_LTRG_PIA_V0_2_1_Remediation_Report.md,**Disposition:** `IDENTITY_REMEDIATION_PREPARED_FINAL_APPROVAL_PENDING` | Codex prepared a canonical Item 08 remediation wrapper for the historical LTRG evidence. | - candidate version `0.2.1`; | - historical source package preservation as Item 07 evidence; | ,CANONICAL_OR_CURRENT_INFERRED
STALE_DRAFT_HISTORICAL_OR_SUPERSEDED_TEXT,REVIEW_CLASSIFICATION,governance/pia/items/08_lessons_training_rider_guardian/source_package/EquineSync_Item_08_LTRG_Canonical_Remediation_Package_2026-07-23/ITEM_08_LTRG_V0_2_1_CANONICAL_REMEDIATION_PACKAGE/HISTORICAL_ITEM_07_LTRG_EVIDENCE_PRESERVED/HISTORICAL_DIRECTIVE/CODEX_DIRECTIVE_ITEM_07_HISTORICAL.md,"## 1. Founder instruction | Integrate and conduct a fresh, repository-native structured review of the EquineSync **Lessons, Training, Rider, and Guardian PIA V0.2 strengthened documentary candidate**. | - Do not create a pull request or merge unless separately",CANONICAL_OR_CURRENT_INFERRED
STALE_DRAFT_HISTORICAL_OR_SUPERSEDED_TEXT,REVIEW_CLASSIFICATION,governance/pia/items/08_lessons_training_rider_guardian/source_package/EquineSync_Item_08_LTRG_Canonical_Remediation_Package_2026-07-23/ITEM_08_LTRG_V0_2_1_CANONICAL_REMEDIATION_PACKAGE/HISTORICAL_ITEM_07_LTRG_EVIDENCE_PRESERVED/HISTORICAL_ITEM_07_BLOCKED_INTAKE/EXTRACTED/EquineSync_Item_07_LTRG_PIA_V0_2_Codex_Handoff/CODEX_DIRECTIVE.md,"## 1. Founder instruction | Integrate and conduct a fresh, repository-native structured review of the EquineSync **Lessons, Training, Rider, and Guardian PIA V0.2 strengthened documentary candidate**. | - Do not create a pull request or merge unless separately",CANONICAL_OR_CURRENT_INFERRED
STALE_DRAFT_HISTORICAL_OR_SUPERSEDED_TEXT,REVIEW_CLASSIFICATION,governance/pia/items/08_lessons_training_rider_guardian/source_package/EquineSync_Item_08_LTRG_Canonical_Remediation_Package_2026-07-23/ITEM_08_LTRG_V0_2_1_CANONICAL_REMEDIATION_PACKAGE/HISTORICAL_ITEM_07_LTRG_EVIDENCE_PRESERVED/HISTORICAL_ITEM_07_BLOCKED_INTAKE/EXTRACTED/EquineSync_Item_07_LTRG_PIA_V0_2_Codex_Handoff/EquineSync_Item_07_Lessons_Training_Riders_Guardians_PIA_V0_1_Draft.docx,PATH_CLASSIFICATION: candidate_or_draft,HISTORICAL_DUPLICATE_DRAFT_OR_PREDECESSOR_INFERRED
STALE_DRAFT_HISTORICAL_OR_SUPERSEDED_TEXT,REVIEW_CLASSIFICATION,governance/pia/items/08_lessons_training_rider_guardian/source_package/EquineSync_Item_08_LTRG_Canonical_Remediation_Package_2026-07-23/ITEM_08_LTRG_V0_2_1_CANONICAL_REMEDIATION_PACKAGE/HISTORICAL_ITEM_07_LTRG_EVIDENCE_PRESERVED/HISTORICAL_ITEM_07_BLOCKED_INTAKE/EXTRACTED/EquineSync_Item_07_LTRG_PIA_V0_2_Codex_Handoff/EquineSync_Item_07_Lessons_Training_Riders_Guardians_PIA_V0_1_Draft.md,"subtitle: ""EquineSync Item 07 | Initial Controlled Documentary Draft"" | author: ""Founder / Approval Authority: Rian Ray"" | **Status:** `ITEM_07_V0_1_INITIAL_DOCUMENTARY_DRAFT_FOUNDER_DECISIONS_INCORPORATED_REVIEW_NOT_STARTED` | **Founder Decisions Incorporated",CANONICAL_OR_CURRENT_INFERRED
STALE_DRAFT_HISTORICAL_OR_SUPERSEDED_TEXT,REVIEW_CLASSIFICATION,governance/pia/items/08_lessons_training_rider_guardian/source_package/EquineSync_Item_08_LTRG_Canonical_Remediation_Package_2026-07-23/ITEM_08_LTRG_V0_2_1_CANONICAL_REMEDIATION_PACKAGE/HISTORICAL_ITEM_07_LTRG_EVIDENCE_PRESERVED/HISTORICAL_ITEM_07_BLOCKED_INTAKE/EXTRACTED/EquineSync_Item_07_LTRG_PIA_V0_2_Codex_Handoff/EquineSync_Item_07_Lessons_Training_Riders_Guardians_PIA_V0_2_Strengthened_Draft.docx,PATH_CLASSIFICATION: candidate_or_draft,HISTORICAL_DUPLICATE_DRAFT_OR_PREDECESSOR_INFERRED
STALE_DRAFT_HISTORICAL_OR_SUPERSEDED_TEXT,REVIEW_CLASSIFICATION,governance/pia/items/08_lessons_training_rider_guardian/source_package/EquineSync_Item_08_LTRG_Canonical_Remediation_Package_2026-07-23/ITEM_08_LTRG_V0_2_1_CANONICAL_REMEDIATION_PACKAGE/HISTORICAL_ITEM_07_LTRG_EVIDENCE_PRESERVED/HISTORICAL_ITEM_07_BLOCKED_INTAKE/EXTRACTED/EquineSync_Item_07_LTRG_PIA_V0_2_Codex_Handoff/EquineSync_Item_07_Lessons_Training_Riders_Guardians_PIA_V0_2_Strengthened_Draft.md,"subtitle: ""EquineSync Item 07 | Strengthened Documentary Candidate"" | author: ""Founder / Approval Authority: Rian Ray"" | **Status:** `ITEM_07_V0_2_STRENGTHENED_DOCUMENTARY_CANDIDATE_READY_FOR_COMPLIANT_FRESH_REVIEW` | **Founder Decisions Incorporated:** `LTRG-",CANONICAL_OR_CURRENT_INFERRED
STALE_DRAFT_HISTORICAL_OR_SUPERSEDED_TEXT,REVIEW_CLASSIFICATION,governance/pia/items/08_lessons_training_rider_guardian/source_package/EquineSync_Item_08_LTRG_Canonical_Remediation_Package_2026-07-23/ITEM_08_LTRG_V0_2_1_CANONICAL_REMEDIATION_PACKAGE/HISTORICAL_ITEM_07_LTRG_EVIDENCE_PRESERVED/HISTORICAL_ITEM_07_BLOCKED_INTAKE/EXTRACTED/EquineSync_Item_07_LTRG_PIA_V0_2_Codex_Handoff/EquineSync_Item_07_V0_1_Internal_Review_and_V0_2_Revision_Report.docx,STATUS_NOT_EXPLICITLY_EXTRACTED,HISTORICAL_DUPLICATE_DRAFT_OR_PREDECESSOR_INFERRED
STALE_DRAFT_HISTORICAL_OR_SUPERSEDED_TEXT,REVIEW_CLASSIFICATION,governance/pia/items/08_lessons_training_rider_guardian/source_package/EquineSync_Item_08_LTRG_Canonical_Remediation_Package_2026-07-23/ITEM_08_LTRG_V0_2_1_CANONICAL_REMEDIATION_PACKAGE/HISTORICAL_ITEM_07_LTRG_EVIDENCE_PRESERVED/HISTORICAL_ITEM_07_BLOCKED_INTAKE/EXTRACTED/EquineSync_Item_07_LTRG_PIA_V0_2_Codex_Handoff/EquineSync_Item_07_V0_1_Internal_Review_and_V0_2_Revision_Report.md,**Reviewed artifact:** `EquineSync_Item_07_Lessons_Training_Riders_Guardians_PIA_V0_1_Draft.md` | **Successor artifact:** `EquineSync_Item_07_Lessons_Training_Riders_Guardians_PIA_V0_2_Strengthened_Draft.md` | **Review type:** Internal documentary drafting rev,CANONICAL_OR_CURRENT_INFERRED
STALE_DRAFT_HISTORICAL_OR_SUPERSEDED_TEXT,REVIEW_CLASSIFICATION,governance/pia/items/08_lessons_training_rider_guardian/source_package/EquineSync_Item_08_LTRG_Canonical_Remediation_Package_2026-07-23/ITEM_08_LTRG_V0_2_1_CANONICAL_REMEDIATION_PACKAGE/HISTORICAL_ITEM_07_LTRG_EVIDENCE_PRESERVED/HISTORICAL_ITEM_07_BLOCKED_INTAKE/EXTRACTED/EquineSync_Item_07_LTRG_PIA_V0_2_Codex_Handoff/EquineSync_Item_07_V0_2_Documentary_Validation.json,"""artifact"": ""EquineSync_Item_07_Lessons_Training_Riders_Guardians_PIA_V0_2_Strengthened_Draft.md"", | ""reviewed_predecessor"": ""EquineSync_Item_07_Lessons_Training_Riders_Guardians_PIA_V0_1_Draft.md"", | ""founder_decisions"": 20, | ""founder_decisions_001_020"": tru",CANONICAL_OR_CURRENT_INFERRED
STALE_DRAFT_HISTORICAL_OR_SUPERSEDED_TEXT,REVIEW_CLASSIFICATION,governance/pia/items/08_lessons_training_rider_guardian/source_package/EquineSync_Item_08_LTRG_Canonical_Remediation_Package_2026-07-23/ITEM_08_LTRG_V0_2_1_CANONICAL_REMEDIATION_PACKAGE/HISTORICAL_ITEM_07_LTRG_EVIDENCE_PRESERVED/HISTORICAL_ITEM_07_BLOCKED_INTAKE/EXTRACTED/EquineSync_Item_07_LTRG_PIA_V0_2_Codex_Handoff/EquineSync_Item_07_V0_2_Package.sha256,27ce2ebf60456994ce890ca4ee363fed7401c7968614959783e325b1927b7e80 EquineSync_Item_07_Lessons_Training_Riders_Guardians_PIA_V0_2_Strengthened_Draft.md | 123a47f0f30d9c41597448c47139f5e5e47e2aa71d6f412f10c0bc973b5cde7c EquineSync_Item_07_Lessons_Training_Riders_G,CANONICAL_OR_CURRENT_INFERRED
STALE_DRAFT_HISTORICAL_OR_SUPERSEDED_TEXT,REVIEW_CLASSIFICATION,governance/pia/items/08_lessons_training_rider_guardian/source_package/EquineSync_Item_08_LTRG_Canonical_Remediation_Package_2026-07-23/ITEM_08_LTRG_V0_2_1_CANONICAL_REMEDIATION_PACKAGE/HISTORICAL_ITEM_07_LTRG_EVIDENCE_PRESERVED/HISTORICAL_ITEM_07_BLOCKED_INTAKE/EXTRACTED/EquineSync_Item_07_LTRG_PIA_V0_2_Codex_Handoff/FOUNDER_APPROVAL_RECORD.md,"# EquineSync Founder Approval Record | ## Founder disposition | This approval establishes the pre-draft product and governance direction for the combined Lessons, Training, Rider, and Guardian PIA, including: | The approval authorizes documentary drafting, rev",HISTORICAL_DUPLICATE_DRAFT_OR_PREDECESSOR_INFERRED
STALE_DRAFT_HISTORICAL_OR_SUPERSEDED_TEXT,REVIEW_CLASSIFICATION,governance/pia/items/08_lessons_training_rider_guardian/source_package/EquineSync_Item_08_LTRG_Canonical_Remediation_Package_2026-07-23/ITEM_08_LTRG_V0_2_1_CANONICAL_REMEDIATION_PACKAGE/HISTORICAL_ITEM_07_LTRG_EVIDENCE_PRESERVED/HISTORICAL_ITEM_07_BLOCKED_INTAKE/EXTRACTED/EquineSync_Item_07_LTRG_PIA_V0_2_Codex_Handoff/PACKAGE_CHECKSUMS.sha256,5577a5c3db6612920933aed3ad8ab39cf2d3b76f2a913709acd2c2aae69e2fba EquineSync_Item_07_Lessons_Training_Riders_Guardians_PIA_V0_1_Draft.docx | e70ac9a7dbac23ef537c7675b4363d4e9ea374886ce6bb03bc6b4764368ceaa2 EquineSync_Item_07_Lessons_Training_Riders_Guardians_PI,HISTORICAL_DUPLICATE_DRAFT_OR_PREDECESSOR_INFERRED
STALE_DRAFT_HISTORICAL_OR_SUPERSEDED_TEXT,REVIEW_CLASSIFICATION,governance/pia/items/08_lessons_training_rider_guardian/source_package/EquineSync_Item_08_LTRG_Canonical_Remediation_Package_2026-07-23/ITEM_08_LTRG_V0_2_1_CANONICAL_REMEDIATION_PACKAGE/HISTORICAL_ITEM_07_LTRG_EVIDENCE_PRESERVED/HISTORICAL_ITEM_07_BLOCKED_INTAKE/EXTRACTED/EquineSync_Item_07_LTRG_PIA_V0_2_Codex_Handoff/PACKAGE_MANIFEST.json,"""designated_candidate_version"": ""0.2.0"", | ""founder_decisions"": ""LTRG-FD-001 through LTRG-FD-020 approved as recommended"", | ""path"": ""EquineSync_Item_07_Lessons_Training_Riders_Guardians_PIA_V0_1_Draft.docx"", | ""role"": ""historical_predecessor_docx"",",HISTORICAL_DUPLICATE_DRAFT_OR_PREDECESSOR_INFERRED
STALE_DRAFT_HISTORICAL_OR_SUPERSEDED_TEXT,REVIEW_CLASSIFICATION,governance/pia/items/08_lessons_training_rider_guardian/source_package/EquineSync_Item_08_LTRG_Canonical_Remediation_Package_2026-07-23/ITEM_08_LTRG_V0_2_1_CANONICAL_REMEDIATION_PACKAGE/HISTORICAL_ITEM_07_LTRG_EVIDENCE_PRESERVED/HISTORICAL_ITEM_07_BLOCKED_INTAKE/EXTRACTED/EquineSync_Item_07_LTRG_PIA_V0_2_Codex_Handoff/PACKAGE_README.md,"This package transfers the strengthened documentary candidate for the EquineSync Lessons, Training, Rider, and Guardian PIA to Codex for repository-native integration and a fresh structured review. | ## Designated candidate | - `EquineSync_Item_07_Lessons_Trai",CANONICAL_OR_CURRENT_INFERRED
STALE_DRAFT_HISTORICAL_OR_SUPERSEDED_TEXT,REVIEW_CLASSIFICATION,governance/pia/items/08_lessons_training_rider_guardian/source_package/EquineSync_Item_08_LTRG_Canonical_Remediation_Package_2026-07-23/ITEM_08_LTRG_V0_2_1_CANONICAL_REMEDIATION_PACKAGE/HISTORICAL_ITEM_07_LTRG_EVIDENCE_PRESERVED/HISTORICAL_ITEM_07_BLOCKED_INTAKE/FAIL_CLOSED_RECEIPT/ITEM_07_LTRG_PIA_FAIL_CLOSED_RECEIPT.md,**Disposition:** `ITEM_07_LTRG_PIA_INTEGRATION_BLOCKED` | ## 5. Source Candidate Observations | - Designated candidate Markdown: `EquineSync_Item_07_Lessons_Training_Riders_Guardians_PIA_V0_2_Strengthened_Draft.md` | - Designated candidate DOCX: `EquineSync_It,CANONICAL_OR_CURRENT_INFERRED
STALE_DRAFT_HISTORICAL_OR_SUPERSEDED_TEXT,REVIEW_CLASSIFICATION,governance/pia/items/08_lessons_training_rider_guardian/source_package/EquineSync_Item_08_LTRG_Canonical_Remediation_Package_2026-07-23/ITEM_08_LTRG_V0_2_1_CANONICAL_REMEDIATION_PACKAGE/HISTORICAL_ITEM_07_LTRG_EVIDENCE_PRESERVED/HISTORICAL_ITEM_07_BLOCKED_INTAKE/FAIL_CLOSED_RECEIPT/ITEM_07_LTRG_PIA_FAIL_CLOSED_RECEIPT.md.sha256,STATUS_NOT_EXPLICITLY_EXTRACTED,CANONICAL_OR_CURRENT_INFERRED
STALE_DRAFT_HISTORICAL_OR_SUPERSEDED_TEXT,REVIEW_CLASSIFICATION,governance/pia/items/08_lessons_training_rider_guardian/source_package/EquineSync_Item_08_LTRG_Canonical_Remediation_Package_2026-07-23/ITEM_08_LTRG_V0_2_1_CANONICAL_REMEDIATION_PACKAGE/HISTORICAL_ITEM_07_LTRG_EVIDENCE_PRESERVED/HISTORICAL_ITEM_07_BLOCKED_INTAKE/INTAKE_AND_CLASSIFICATION_NOTE.md,# Item 08 Historical Item 07 Package Intake and Classification | - Historical source archive: `EquineSync_Item_07_LTRG_PIA_V0_2_Codex_Handoff.zip` | - Historical V0.1 Markdown and DOCX: included | - Historical V0.2 strengthened Markdown and DOCX: included,CANONICAL_OR_CURRENT_INFERRED
STALE_DRAFT_HISTORICAL_OR_SUPERSEDED_TEXT,REVIEW_CLASSIFICATION,governance/pia/items/08_lessons_training_rider_guardian/source_package/EquineSync_Item_08_LTRG_Canonical_Remediation_Package_2026-07-23/ITEM_08_LTRG_V0_2_1_CANONICAL_REMEDIATION_PACKAGE/HISTORICAL_ITEM_07_LTRG_EVIDENCE_PRESERVED/HISTORICAL_ITEM_07_BLOCKED_INTAKE/SOURCE_ARCHIVE/EquineSync_Item_07_LTRG_PIA_V0_2_Codex_Handoff.zip,STATUS_NOT_EXPLICITLY_EXTRACTED,CANONICAL_OR_CURRENT_INFERRED
STALE_DRAFT_HISTORICAL_OR_SUPERSEDED_TEXT,REVIEW_CLASSIFICATION,governance/pia/items/08_lessons_training_rider_guardian/source_package/EquineSync_Item_08_LTRG_Canonical_Remediation_Package_2026-07-23/ITEM_08_LTRG_V0_2_1_CANONICAL_REMEDIATION_PACKAGE/HISTORICAL_ITEM_07_LTRG_EVIDENCE_PRESERVED/HISTORICAL_ITEM_07_BLOCKED_INTAKE/SOURCE_ARCHIVE/EquineSync_Item_07_LTRG_PIA_V0_2_Codex_Handoff.zip.sha256,STATUS_NOT_EXPLICITLY_EXTRACTED,CANONICAL_OR_CURRENT_INFERRED
STALE_DRAFT_HISTORICAL_OR_SUPERSEDED_TEXT,REVIEW_CLASSIFICATION,governance/pia/items/08_lessons_training_rider_guardian/source_package/EquineSync_Item_08_LTRG_Canonical_Remediation_Package_2026-07-23/ITEM_08_LTRG_V0_2_1_CANONICAL_REMEDIATION_PACKAGE/HISTORICAL_ITEM_07_LTRG_EVIDENCE_PRESERVED/R15_08_LTRG_00_STATUS.md,- the complete historical Item 07 V0.1/V0.2 source handoff package; | - historical Markdown and DOCX predecessors and successor candidate; | - the historical Founder decision approval record for `LTRG-FD-001` through `LTRG-FD-020`; | The historical package pas,CANONICAL_OR_CURRENT_INFERRED
STALE_DRAFT_HISTORICAL_OR_SUPERSEDED_TEXT,REVIEW_CLASSIFICATION,governance/pia/items/08_lessons_training_rider_guardian/source_package/EquineSync_Item_08_LTRG_Canonical_Remediation_Package_2026-07-23/ITEM_08_LTRG_V0_2_1_CANONICAL_REMEDIATION_PACKAGE/HISTORICAL_ITEM_07_LTRG_EVIDENCE_PRESERVED/REMEDIATION_DIRECTIVES/EquineSync_Item_08_LTRG_PIA_V0_2_1_Canonical_Remediation_CODEX_DIRECTIVE (1).md,**Directive status:** Founder-authorized documentary remediation and repository integration attempt | ## 1. Founder Authorization | The Founder authorizes Codex to: | 1. preserve the failed Item 07 intake and its receipt as immutable historical evidence;,SUPERSEDED_OR_SUPERSESSION_TEXT_PRESENT
STALE_DRAFT_HISTORICAL_OR_SUPERSEDED_TEXT,REVIEW_CLASSIFICATION,governance/pia/items/08_lessons_training_rider_guardian/source_package/EquineSync_Item_08_LTRG_Canonical_Remediation_Package_2026-07-23/ITEM_08_LTRG_V0_2_1_CANONICAL_REMEDIATION_PACKAGE/HISTORICAL_ITEM_07_LTRG_EVIDENCE_PRESERVED/REMEDIATION_DIRECTIVES/EquineSync_Item_08_LTRG_PIA_V0_2_1_Canonical_Remediation_CODEX_DIRECTIVE.md,**Directive status:** Founder-authorized documentary remediation and repository integration attempt | ## 1. Founder Authorization | The Founder authorizes Codex to: | 1. preserve the failed Item 07 intake and its receipt as immutable historical evidence;,SUPERSEDED_OR_SUPERSESSION_TEXT_PRESENT
STALE_DRAFT_HISTORICAL_OR_SUPERSEDED_TEXT,REVIEW_CLASSIFICATION,governance/pia/items/08_lessons_training_rider_guardian/source_package/EquineSync_Item_08_LTRG_Canonical_Remediation_Package_2026-07-23/ITEM_08_LTRG_V0_2_1_CANONICAL_REMEDIATION_PACKAGE/HISTORICAL_ITEM_07_LTRG_EVIDENCE_PRESERVED/REMEDIATION_DIRECTIVES/EquineSync_Item_08_LTRG_PIA_V0_2_1_Canonical_Remediation_CODEX_DIRECTIVE.md (1).sha256,STATUS_NOT_EXPLICITLY_EXTRACTED,CANONICAL_OR_CURRENT_INFERRED
STALE_DRAFT_HISTORICAL_OR_SUPERSEDED_TEXT,REVIEW_CLASSIFICATION,governance/pia/items/08_lessons_training_rider_guardian/source_package/EquineSync_Item_08_LTRG_Canonical_Remediation_Package_2026-07-23/ITEM_08_LTRG_V0_2_1_CANONICAL_REMEDIATION_PACKAGE/HISTORICAL_ITEM_07_LTRG_EVIDENCE_PRESERVED/REMEDIATION_DIRECTIVES/EquineSync_Item_08_LTRG_PIA_V0_2_1_Canonical_Remediation_CODEX_DIRECTIVE.md (2).sha256,STATUS_NOT_EXPLICITLY_EXTRACTED,CANONICAL_OR_CURRENT_INFERRED
STALE_DRAFT_HISTORICAL_OR_SUPERSEDED_TEXT,REVIEW_CLASSIFICATION,governance/pia/items/08_lessons_training_rider_guardian/source_package/EquineSync_Item_08_LTRG_Canonical_Remediation_Package_2026-07-23/ITEM_08_LTRG_V0_2_1_CANONICAL_REMEDIATION_PACKAGE/HISTORICAL_ITEM_07_LTRG_EVIDENCE_PRESERVED/REMEDIATION_DIRECTIVES/EquineSync_Item_08_LTRG_PIA_V0_2_1_Canonical_Remediation_CODEX_DIRECTIVE.md.sha256,STATUS_NOT_EXPLICITLY_EXTRACTED,CANONICAL_OR_CURRENT_INFERRED
STALE_DRAFT_HISTORICAL_OR_SUPERSEDED_TEXT,REVIEW_CLASSIFICATION,governance/pia/items/08_lessons_training_rider_guardian/source_package/EquineSync_Item_08_LTRG_Canonical_Remediation_Package_2026-07-23/ITEM_08_LTRG_V0_2_1_CANONICAL_REMEDIATION_PACKAGE/HISTORICAL_ITEM_07_LTRG_EVIDENCE_PRESERVED/REMEDIATION_DIRECTIVES/R15_REPEAT_UPLOAD/DUPLICATE_UPLOAD_CUSTODY_NOTE.md,STATUS_NOT_EXPLICITLY_EXTRACTED,CANONICAL_OR_CURRENT_INFERRED
STALE_DRAFT_HISTORICAL_OR_SUPERSEDED_TEXT,REVIEW_CLASSIFICATION,governance/pia/items/08_lessons_training_rider_guardian/source_package/EquineSync_Item_08_LTRG_Canonical_Remediation_Package_2026-07-23/ITEM_08_LTRG_V0_2_1_CANONICAL_REMEDIATION_PACKAGE/HISTORICAL_ITEM_07_LTRG_EVIDENCE_PRESERVED/REMEDIATION_DIRECTIVES/R15_REPEAT_UPLOAD/EquineSync_Item_08_LTRG_PIA_V0_2_1_Canonical_Remediation_CODEX_DIRECTIVE (2).md,**Directive status:** Founder-authorized documentary remediation and repository integration attempt | ## 1. Founder Authorization | The Founder authorizes Codex to: | 1. preserve the failed Item 07 intake and its receipt as immutable historical evidence;,SUPERSEDED_OR_SUPERSESSION_TEXT_PRESENT
STALE_DRAFT_HISTORICAL_OR_SUPERSEDED_TEXT,REVIEW_CLASSIFICATION,governance/pia/items/08_lessons_training_rider_guardian/source_package/EquineSync_Item_08_LTRG_Canonical_Remediation_Package_2026-07-23/ITEM_08_LTRG_V0_2_1_CANONICAL_REMEDIATION_PACKAGE/HISTORICAL_ITEM_07_LTRG_EVIDENCE_PRESERVED/REMEDIATION_DIRECTIVES/R15_REPEAT_UPLOAD/EquineSync_Item_08_LTRG_PIA_V0_2_1_Canonical_Remediation_CODEX_DIRECTIVE (2).md.sha256,STATUS_NOT_EXPLICITLY_EXTRACTED,CANONICAL_OR_CURRENT_INFERRED
STALE_DRAFT_HISTORICAL_OR_SUPERSEDED_TEXT,REVIEW_CLASSIFICATION,governance/pia/items/08_lessons_training_rider_guardian/source_package/EquineSync_Item_08_LTRG_Canonical_Remediation_Package_2026-07-23/ITEM_08_LTRG_V0_2_1_CANONICAL_REMEDIATION_PACKAGE/ITEM_08_LTRG_CANONICAL_PACKAGE_RECORD.md,1. Preserve the historical Item 07 LTRG package and fail-closed receipt exactly as historical evidence. | 2. Create a regenerated canonical Item 08 V0.2.1 remediation candidate record that truthfully states the current canonical portfolio position and canonica,SUPERSEDED_OR_SUPERSESSION_TEXT_PRESENT
STALE_DRAFT_HISTORICAL_OR_SUPERSEDED_TEXT,REVIEW_CLASSIFICATION,governance/pia/items/08_lessons_training_rider_guardian/source_package/EquineSync_Item_08_LTRG_Canonical_Remediation_Package_2026-07-23/ITEM_08_LTRG_V0_2_1_CANONICAL_REMEDIATION_PACKAGE/README.md,**Approval status:** `PENDING_FOUNDER_FINAL_DISPOSITION` | **Repository integration status:** `NOT_AUTHORIZED_BLOCKED` | This directory assembles canonical Item 08 LTRG remediation evidence while preserving the historical Item 07 LTRG package and fail-closed r,HISTORICAL_DUPLICATE_DRAFT_OR_PREDECESSOR_INFERRED
STALE_DRAFT_HISTORICAL_OR_SUPERSEDED_TEXT,REVIEW_CLASSIFICATION,governance/pia/items/08_lessons_training_rider_guardian/source_package/EquineSync_Item_08_LTRG_Canonical_Remediation_Package_2026-07-23/README.md,"- `ITEM_08_LTRG_FOUNDER_FINAL_DISPOSITION.md` | - `ITEM_08_LTRG_REPOSITORY_INTEGRATION_BLOCKED_RECEIPT.md` | ## Controlling Warning | The preserved historical LTRG evidence identifies itself as `Item 07`, not canonical Item 08. This package preserves that evid",HISTORICAL_DUPLICATE_DRAFT_OR_PREDECESSOR_INFERRED
STALE_DRAFT_HISTORICAL_OR_SUPERSEDED_TEXT,REVIEW_CLASSIFICATION,governance/pia/items/09_billing_payments_financial_operations/founder_disposition/ITEM_09_BPF_FOUNDER_DISPOSITION_RECORD_EXECUTED.md,# Item 09 BPF Founder Disposition Record - Executed | Record ID: ES-PIA-ITEM-09-BPF-FOUNDER-DISPOSITION-EXECUTED-2026-07-24-01 | Execution status: FOUNDER_EXECUTED_REPLACEMENT_DOCUMENTARY_GOVERNANCE_DISPOSITION | The original standalone Founder approval record,SUPERSEDED_OR_SUPERSESSION_TEXT_PRESENT
STALE_DRAFT_HISTORICAL_OR_SUPERSEDED_TEXT,REVIEW_CLASSIFICATION,governance/pia/items/09_billing_payments_financial_operations/source_package/EquineSync_Item_09_BPF_Missing_Authority_Remediation_Package_2026-07-24/ITEM_09_BPF_FRESH_STRUCTURED_REVIEW_REPORT.md,Disposition: FAIL_CLOSED_PENDING_REPLACEMENT_FOUNDER_DISPOSITION_AND_COMPLIANT_FORMAL_REVIEW | - Founder-approved documentary directive for Item 09 BPF V0.2. | - Missing-authority blocker requiring the standalone Founder approval record or explicit replacement,CANONICAL_OR_CURRENT_INFERRED
STALE_DRAFT_HISTORICAL_OR_SUPERSEDED_TEXT,REVIEW_CLASSIFICATION,governance/pia/items/09_billing_payments_financial_operations/source_package/EquineSync_Item_09_BPF_Missing_Authority_Remediation_Package_2026-07-24/ITEM_09_BPF_MISSING_AUTHORITY_REMEDIATION_PACKAGE/ITEM_09_BPF_MISSING_AUTHORITY_PACKAGE_RECORD.md,- R15 status/intake evidence stating that the standalone Founder approval record was referenced but not physically included. | - Handoff/package hash evidence for the V0.2 BPF documentary candidate. | - Replacement Founder approval/disposition template prepare,CANONICAL_OR_CURRENT_INFERRED
STALE_DRAFT_HISTORICAL_OR_SUPERSEDED_TEXT,REVIEW_CLASSIFICATION,governance/pia/items/09_billing_payments_financial_operations/source_package/EquineSync_Item_09_BPF_Missing_Authority_Remediation_Package_2026-07-24/ITEM_09_BPF_MISSING_AUTHORITY_REMEDIATION_PACKAGE/README.md,The selected copied evidence retained in this package is limited to the Founder documentary directive family that copied cleanly: | - `EVIDENCE_PRESERVED/R15_ITEM_09_BPF_EVIDENCE_SELECTED/FOUNDER_DOCUMENTARY_APPROVAL_DIRECTIVE_R15/EquineSync_Item_09_BPF_PIA_V0,HISTORICAL_DUPLICATE_DRAFT_OR_PREDECESSOR_INFERRED
STALE_DRAFT_HISTORICAL_OR_SUPERSEDED_TEXT,REVIEW_CLASSIFICATION,governance/pia/items/09_billing_payments_financial_operations/source_package/EquineSync_Item_09_BPF_Missing_Authority_Remediation_Package_2026-07-24/README.md,Disposition: FAIL_CLOSED_PENDING_FOUNDER_REPLACEMENT_APPROVAL_OR_ORIGINAL_APPROVAL_RECORD | This package is a documentary remediation package only. It accounts for the missing standalone Founder approval record referenced by the existing Item 09 documentary in,HISTORICAL_DUPLICATE_DRAFT_OR_PREDECESSOR_INFERRED
STALE_DRAFT_HISTORICAL_OR_SUPERSEDED_TEXT,REVIEW_CLASSIFICATION,governance/pia/items/10_owner_portal_communications_archival_only/founder_disposition/ITEM_10_OPC_FOUNDER_DISPOSITION_RECORD_EXECUTED.md,# Item 10 OPC Founder Disposition Record - Executed | Record ID: ES-PIA-ITEM-10-OPC-FOUNDER-DISPOSITION-EXECUTED-2026-07-24-01 | Execution status: FOUNDER_EXECUTED_ARCHIVAL_ONLY_WITH_OPC_REV_006_RETAINED_BLOCKER | The existing Founder archive approval establis,SUPERSEDED_OR_SUPERSESSION_TEXT_PRESENT
STALE_DRAFT_HISTORICAL_OR_SUPERSEDED_TEXT,REVIEW_CLASSIFICATION,governance/pia/items/10_owner_portal_communications_archival_only/source_package/EquineSync_Item_10_OPC_Missing_Authority_Remediation_Package_2026-07-24/ITEM_10_OPC_FINAL_MANIFEST_AND_SHA256SUMS.md,`FAIL_CLOSED_PENDING_FOUNDER_V0_2_DESIGN_OR_ARCHIVAL_ONLY_DISPOSITION_AND_OPC_REV_006_TREATMENT` | - Historical PIA ID: `ES-PIA-OWNER-PORTAL-COMMUNICATIONS-V0.1.0` | - Final custody archive package ID: `ES-PIA-OPC-FOUNDER-ARCHIVE-V1.0.0` | - Founder approval r,CANONICAL_OR_CURRENT_INFERRED
STALE_DRAFT_HISTORICAL_OR_SUPERSEDED_TEXT,REVIEW_CLASSIFICATION,governance/pia/items/10_owner_portal_communications_archival_only/source_package/EquineSync_Item_10_OPC_Missing_Authority_Remediation_Package_2026-07-24/ITEM_10_OPC_MISSING_AUTHORITY_REMEDIATION_PACKAGE/EVIDENCE_PRESERVED/R15_ITEM_10_OPC_SELECTED_EVIDENCE/FINAL_CUSTODY_ARCHIVE/04_Founder_Approval/FOUNDER_APPROVAL_CERTIFICATE.md,# Founder Approval Certificate | This certificate confirms that Founder / Approval Authority **Rian Ray** approved the archival custody and structured documentary-review treatment of the Owner Portal and Communications PIA lineage on **2026-07-23**. | - Histor,CANONICAL_OR_CURRENT_INFERRED
STALE_DRAFT_HISTORICAL_OR_SUPERSEDED_TEXT,REVIEW_CLASSIFICATION,governance/pia/items/10_owner_portal_communications_archival_only/source_package/EquineSync_Item_10_OPC_Missing_Authority_Remediation_Package_2026-07-24/ITEM_10_OPC_MISSING_AUTHORITY_REMEDIATION_PACKAGE/EVIDENCE_PRESERVED/R15_ITEM_10_OPC_SELECTED_EVIDENCE/FINAL_CUSTODY_ARCHIVE/04_Founder_Approval/FOUNDER_APPROVAL_RECORD.md,# EquineSync Founder Approval Record | **Founder / Approval Authority:** Rian Ray | **Historical Predecessor:** `ES-PIA-OWNER-PORTAL-COMMUNICATIONS-V0.1.0` | ## 1. Founder disposition,HISTORICAL_DUPLICATE_DRAFT_OR_PREDECESSOR_INFERRED
STALE_DRAFT_HISTORICAL_OR_SUPERSEDED_TEXT,REVIEW_CLASSIFICATION,governance/pia/items/10_owner_portal_communications_archival_only/source_package/EquineSync_Item_10_OPC_Missing_Authority_Remediation_Package_2026-07-24/ITEM_10_OPC_MISSING_AUTHORITY_REMEDIATION_PACKAGE/EVIDENCE_PRESERVED/R15_ITEM_10_OPC_SELECTED_EVIDENCE/FINAL_CUSTODY_ARCHIVE/05_Codex_Integration/EquineSync_Item_10_OPC_Founder_Approved_Archive_Integration_Directive_V1_0_0.md,"## Item 10 Owner Portal and Communications Founder-Approved Archive Intake | This directive does **not** authorize application code, schemas, migrations, infrastructure changes, provider activation, external messaging, community activation, deployment, product",CANONICAL_OR_CURRENT_INFERRED
STALE_DRAFT_HISTORICAL_OR_SUPERSEDED_TEXT,REVIEW_CLASSIFICATION,governance/pia/items/10_owner_portal_communications_archival_only/source_package/EquineSync_Item_10_OPC_Missing_Authority_Remediation_Package_2026-07-24/ITEM_10_OPC_MISSING_AUTHORITY_REMEDIATION_PACKAGE/EVIDENCE_PRESERVED/R15_ITEM_10_OPC_SELECTED_EVIDENCE/FINAL_CUSTODY_ARCHIVE/05_Codex_Integration/REPOSITORY_INTEGRATION_RECEIPT_PENDING.md,# Repository Integration Receipt Pending | - repository integration remains pending. | This notice prevents a future event from being represented as historical evidence before it happens.,CANONICAL_OR_CURRENT_INFERRED
STALE_DRAFT_HISTORICAL_OR_SUPERSEDED_TEXT,REVIEW_CLASSIFICATION,governance/pia/items/10_owner_portal_communications_archival_only/source_package/EquineSync_Item_10_OPC_Missing_Authority_Remediation_Package_2026-07-24/ITEM_10_OPC_MISSING_AUTHORITY_REMEDIATION_PACKAGE/EVIDENCE_PRESERVED/R15_ITEM_10_OPC_SELECTED_EVIDENCE/FINAL_CUSTODY_ARCHIVE/06_Controls/PACKAGE_CHECKSUMS.sha256,f4a1cf6b7dc66895c943e6aeee80d4812d7d80e1d9a87878249976ffc0244cd5 01_Current_Approved/EquineSync_Item_10_Owner_Portal_Communications_PIA_V0_2_Strengthened_Draft.docx | c68746f3eb2e1463fca17f81bebce416d420a2f2da7d8b6ba24d9987aff9c09a 01_Current_Approved/EquineSy,HISTORICAL_DUPLICATE_DRAFT_OR_PREDECESSOR_INFERRED
STALE_DRAFT_HISTORICAL_OR_SUPERSEDED_TEXT,REVIEW_CLASSIFICATION,governance/pia/items/10_owner_portal_communications_archival_only/source_package/EquineSync_Item_10_OPC_Missing_Authority_Remediation_Package_2026-07-24/ITEM_10_OPC_MISSING_AUTHORITY_REMEDIATION_PACKAGE/EVIDENCE_PRESERVED/R15_ITEM_10_OPC_SELECTED_EVIDENCE/FINAL_CUSTODY_ARCHIVE/06_Controls/PACKAGE_MANIFEST.json,"""founder_design_approval"": false, | ""current_documentary_status"": ""ITEM_10_V0_2_MATERIALLY_STRENGTHENED_DOCUMENTARY_DRAFT_READY_FOR_STRUCTURED_REVIEW"", | ""path"": ""01_Current_Approved/EquineSync_Item_10_Owner_Portal_Communications_PIA_V0_2_Strengthened_Draft.do",HISTORICAL_DUPLICATE_DRAFT_OR_PREDECESSOR_INFERRED
STALE_DRAFT_HISTORICAL_OR_SUPERSEDED_TEXT,REVIEW_CLASSIFICATION,governance/pia/items/10_owner_portal_communications_archival_only/source_package/EquineSync_Item_10_OPC_Missing_Authority_Remediation_Package_2026-07-24/ITEM_10_OPC_MISSING_AUTHORITY_REMEDIATION_PACKAGE/EVIDENCE_PRESERVED/R15_ITEM_10_OPC_SELECTED_EVIDENCE/FINAL_CUSTODY_ARCHIVE/06_Controls/PACKAGE_VALIDATION_REPORT.md,"**Package:** `EquineSync_Item_10_Owner_Portal_Communications_Founder_Approved_V1.0.0` | - V0.1 historical and V0.2 current-successor placement: PASS | - Founder approval record and certificate present: PASS | - Repository receipt represented as pending, not co",CANONICAL_OR_CURRENT_INFERRED
STALE_DRAFT_HISTORICAL_OR_SUPERSEDED_TEXT,REVIEW_CLASSIFICATION,governance/pia/items/10_owner_portal_communications_archival_only/source_package/EquineSync_Item_10_OPC_Missing_Authority_Remediation_Package_2026-07-24/ITEM_10_OPC_MISSING_AUTHORITY_REMEDIATION_PACKAGE/EVIDENCE_PRESERVED/R15_ITEM_10_OPC_SELECTED_EVIDENCE/FINAL_CUSTODY_ARCHIVE/06_Controls/SOURCE_VALIDATION.json,"""filename"": ""EquineSync_Item_10_Owner_Portal_Communications_PIA_V0_1_Draft.docx"", | ""filename"": ""EquineSync_Item_10_Owner_Portal_Communications_PIA_V0_1_Draft.md"", | ""filename"": ""EquineSync_Item_10_Owner_Portal_Communications_PIA_V0_2_Strengthened_Draft.docx"",",CANONICAL_OR_CURRENT_INFERRED
STALE_DRAFT_HISTORICAL_OR_SUPERSEDED_TEXT,REVIEW_CLASSIFICATION,governance/pia/items/10_owner_portal_communications_archival_only/source_package/EquineSync_Item_10_OPC_Missing_Authority_Remediation_Package_2026-07-24/ITEM_10_OPC_MISSING_AUTHORITY_REMEDIATION_PACKAGE/EVIDENCE_PRESERVED/R15_ITEM_10_OPC_SELECTED_EVIDENCE/FINAL_CUSTODY_ARCHIVE/EquineSync_Item_10_OPC_V0_1_to_V0_2_Strengthening_Review_Report.md,**Report Type:** Retrospective documentary compilation from retained source records | This report memorializes the strengthening work reflected between the initial V0.1 documentary draft and the materially strengthened V0.2 successor. It is compiled after the ,CANONICAL_OR_CURRENT_INFERRED
STALE_DRAFT_HISTORICAL_OR_SUPERSEDED_TEXT,REVIEW_CLASSIFICATION,governance/pia/items/10_owner_portal_communications_archival_only/source_package/EquineSync_Item_10_OPC_Missing_Authority_Remediation_Package_2026-07-24/ITEM_10_OPC_MISSING_AUTHORITY_REMEDIATION_PACKAGE/EVIDENCE_PRESERVED/R15_ITEM_10_OPC_SELECTED_EVIDENCE/INTEGRATION_PACKAGE/controls/FOUNDER_APPROVAL_RECORD.md,"# EquineSync Item 10 Founder Approval Record | | Founder | Rian Ray | | | Founder decision family | OPC-FD-001 through OPC-FD-024 | | | Draft authorized | Yes, documentary drafting and structured review only |",HISTORICAL_DUPLICATE_DRAFT_OR_PREDECESSOR_INFERRED
STALE_DRAFT_HISTORICAL_OR_SUPERSEDED_TEXT,REVIEW_CLASSIFICATION,governance/pia/items/10_owner_portal_communications_archival_only/source_package/EquineSync_Item_10_OPC_Missing_Authority_Remediation_Package_2026-07-24/ITEM_10_OPC_MISSING_AUTHORITY_REMEDIATION_PACKAGE/EVIDENCE_PRESERVED/R15_ITEM_10_OPC_SELECTED_EVIDENCE/INTEGRATION_PACKAGE/controls/PACKAGE_CHECKSUMS.sha256,f4a1cf6b7dc66895c943e6aeee80d4812d7d80e1d9a87878249976ffc0244cd5 ./artifacts/current/EquineSync_Item_10_Owner_Portal_Communications_PIA_V0_2_Strengthened_Draft.docx | c68746f3eb2e1463fca17f81bebce416d420a2f2da7d8b6ba24d9987aff9c09a ./artifacts/current/EquineSy,CANONICAL_OR_CURRENT_INFERRED
STALE_DRAFT_HISTORICAL_OR_SUPERSEDED_TEXT,REVIEW_CLASSIFICATION,governance/pia/items/10_owner_portal_communications_archival_only/source_package/EquineSync_Item_10_OPC_Missing_Authority_Remediation_Package_2026-07-24/ITEM_10_OPC_MISSING_AUTHORITY_REMEDIATION_PACKAGE/EVIDENCE_PRESERVED/R15_ITEM_10_OPC_SELECTED_EVIDENCE/INTEGRATION_PACKAGE/controls/PACKAGE_MANIFEST.json,"""status"": ""ITEM_10_V0_2_MATERIALLY_STRENGTHENED_DOCUMENTARY_DRAFT_READY_FOR_STRUCTURED_REVIEW"", | ""requested_disposition"": ""ACCEPT_V0_2_AS_MATERIALLY_STRENGTHENED_DOCUMENTARY_DRAFT_FOR_STRUCTURED_REVIEW_ONLY"", | ""founder_decisions"": ""OPC-FD-001 through OPC-FD-",HISTORICAL_DUPLICATE_DRAFT_OR_PREDECESSOR_INFERRED
STALE_DRAFT_HISTORICAL_OR_SUPERSEDED_TEXT,REVIEW_CLASSIFICATION,governance/pia/items/10_owner_portal_communications_archival_only/source_package/EquineSync_Item_10_OPC_Missing_Authority_Remediation_Package_2026-07-24/ITEM_10_OPC_MISSING_AUTHORITY_REMEDIATION_PACKAGE/EVIDENCE_PRESERVED/R15_ITEM_10_OPC_SELECTED_EVIDENCE/INTEGRATION_PACKAGE/review/EquineSync_Item_10_Owner_Portal_Communications_PIA_V0_1_to_V0_2_Review_Report.md,| Reviewed artifact | `EquineSync_Item_10_Owner_Portal_Communications_PIA_V0_1_Draft` | | | Successor artifact | `EquineSync_Item_10_Owner_Portal_Communications_PIA_V0_2_Strengthened_Draft` | | | Review type | Internal documentary drafting review and revision ,CANONICAL_OR_CURRENT_INFERRED
STALE_DRAFT_HISTORICAL_OR_SUPERSEDED_TEXT,REVIEW_CLASSIFICATION,governance/pia/items/10_owner_portal_communications_archival_only/source_package/EquineSync_Item_10_OPC_Missing_Authority_Remediation_Package_2026-07-24/ITEM_10_OPC_MISSING_AUTHORITY_REMEDIATION_PACKAGE/README.md,STATUS_NOT_EXPLICITLY_EXTRACTED,HISTORICAL_DUPLICATE_DRAFT_OR_PREDECESSOR_INFERRED
STALE_DRAFT_HISTORICAL_OR_SUPERSEDED_TEXT,REVIEW_CLASSIFICATION,governance/pia/items/10_owner_portal_communications_archival_only/source_package/EquineSync_Item_10_OPC_Missing_Authority_Remediation_Package_2026-07-24/ITEM_10_OPC_REV_006_DISPOSITION_RECORD.md,Status: OPEN_P1_RETAINED_PENDING_FOUNDER_DISPOSITION | Finding statement from the retained review history: | `Open P1` | The Founder archival approval expressly excludes closure of `OPC-REV-006` or any other retained finding. The final archive validation repor,SUPERSEDED_OR_SUPERSESSION_TEXT_PRESENT
STALE_DRAFT_HISTORICAL_OR_SUPERSEDED_TEXT,REVIEW_CLASSIFICATION,governance/pia/items/10_owner_portal_communications_archival_only/source_package/EquineSync_Item_10_OPC_Missing_Authority_Remediation_Package_2026-07-24/ITEM_10_OPC_V0_2_DESIGN_APPROVAL_OR_ARCHIVAL_ONLY_DISPOSITION.md,Status: ARCHIVAL_ONLY_DISPOSITION_CONFIRMED_DESIGN_APPROVAL_PENDING_FOUNDER_EXECUTION | The available Founder approval record establishes: | `FOUNDER_APPROVED_FOR_DOCUMENTARY_GOVERNANCE_ARCHIVAL_CUSTODY_AND_STRUCTURED_REPOSITORY_REVIEW_ONLY` | - Historical V0.,CANONICAL_OR_CURRENT_INFERRED
STALE_DRAFT_HISTORICAL_OR_SUPERSEDED_TEXT,REVIEW_CLASSIFICATION,governance/pia/items/10_owner_portal_communications_archival_only/source_package/EquineSync_Item_10_OPC_Missing_Authority_Remediation_Package_2026-07-24/README.md,Disposition: FAIL_CLOSED_PENDING_FOUNDER_V0_2_DESIGN_OR_ARCHIVAL_ONLY_DISPOSITION_AND_OPC_REV_006_TREATMENT | This package is documentary remediation only. It separates archival custody completeness from Founder V0.2 design approval or final disposition. | How,HISTORICAL_DUPLICATE_DRAFT_OR_PREDECESSOR_INFERRED
STALE_DRAFT_HISTORICAL_OR_SUPERSEDED_TEXT,REVIEW_CLASSIFICATION,governance/pia/items/10_owner_portal_communications/source_package/02_OPC_REV_006_FOUNDER_APPROVAL_CARRY_FORWARD.md,# OPC-REV-006 Founder Approval Carry-Forward | Historical alias: `OPC-REV-007` | Founder status: `FOUNDER_APPROVED` | Controlling closure: `CLOSED_WITH_ROW_LEVEL_MACHINE_TRACEABILITY_EVIDENCE`,CANONICAL_OR_CURRENT_INFERRED
STALE_DRAFT_HISTORICAL_OR_SUPERSEDED_TEXT,REVIEW_CLASSIFICATION,governance/pia/items/10_owner_portal_communications/source_package/03_FINDING_TREATMENT_AND_GATE_REALIGNMENT_REGISTER.csv,"OPC-FIND-P1-001,""Exact paths, lifecycle states, hashes, source conflicts, and supersession mapping were not frozen for every source."",CONTROLLED_SOURCE_FAMILY_FREEZE_AND_GATE_SPLIT,DESIGN_APPROVAL_BLOCKER_CLOSED_WITH_CON | OPC-FIND-P1-002,Exact field-level sou",CANONICAL_OR_CURRENT_INFERRED
STALE_DRAFT_HISTORICAL_OR_SUPERSEDED_TEXT,REVIEW_CLASSIFICATION,governance/pia/items/10_owner_portal_communications/source_package/04_SOURCE_ACCESSION_AND_FREEZE_REGISTER.csv,"source_id,source,authority_and_lifecycle,controlling_version_or_reference,known_sha256_or_commit,design_gate_accession_status,design_gate_treatment,implementation_authorization_condition,conflict_or_supersession_treatmen | OPC-SRC-001,EquineSync Global Governa",CANONICAL_OR_CURRENT_INFERRED
STALE_DRAFT_HISTORICAL_OR_SUPERSEDED_TEXT,REVIEW_CLASSIFICATION,governance/pia/items/10_owner_portal_communications/source_package/05_SOURCE_CONFLICT_AND_SUPERSESSION_REGISTER.csv,"conflict_id,sources,issue,controlling_rule,temporary_safe_behavior,resolution_status | OPC-SRC-CONF-001,V0.1 versus V0.2,Predecessor and successor status,V0.2 controls design when Founder approved; V0.1 remains historical,Use V0.2 for design review and preserv",CANONICAL_OR_CURRENT_INFERRED
STALE_DRAFT_HISTORICAL_OR_SUPERSEDED_TEXT,REVIEW_CLASSIFICATION,governance/pia/items/10_owner_portal_communications/source_package/08_OPC_CROSS_PIA_FIELD_CONTRACTS.json,"""contract_status"": ""PROPOSED_FOR_FOUNDER_DOCUMENTARY_APPROVAL"" | ""audit_obligation"": ""Audit block changes without disclosing to blocked party beyond safe UX"", | ""minimum_read_conditions"": ""Authorized current or historical relationship and field permission"",",CANONICAL_OR_CURRENT_INFERRED
STALE_DRAFT_HISTORICAL_OR_SUPERSEDED_TEXT,REVIEW_CLASSIFICATION,governance/pia/items/10_owner_portal_communications/source_package/21_OPC_DATA_FLOW_AND_TRUST_BOUNDARY_MODEL.md,"Status: `DOCUMENTARY_DESIGN_CANDIDATE` | Approved content may be cached with clear staleness state. Offline composition remains a draft. Reconnect crosses an authorization boundary and must reauthenticate, reauthorize, revalidate relationship/community state, ",CANONICAL_OR_CURRENT_INFERRED
STALE_DRAFT_HISTORICAL_OR_SUPERSEDED_TEXT,REVIEW_CLASSIFICATION,governance/pia/items/10_owner_portal_communications/source_package/25_OPC_LIFECYCLE_EVIDENCE_CONDITION_REGISTER.csv,"OPC-LC-001,Documentary design approval,Exact V0.2 bytes and hashes; Founder decisions; OPC-REV-006 closure; finding treatment; cross-PIA overlays; ADRs; threat review; validation; Founder disposition,THIS_PACKAGE_PREPARE | OPC-LC-002,Implementation authorizati",CANONICAL_OR_CURRENT_INFERRED
STALE_DRAFT_HISTORICAL_OR_SUPERSEDED_TEXT,REVIEW_CLASSIFICATION,governance/pia/items/10_owner_portal_communications/source_package/adrs/15_ADR_OPC_005.md,"Status: `PROPOSED_FOR_FOUNDER_DOCUMENTARY_DESIGN_APPROVAL` | Adopt category- and purpose-based privacy and retention. Access, export, correction, deletion, claims, legal hold, and former-party historical access are governed by the source record and communicati",CANONICAL_OR_CURRENT_INFERRED
STALE_DRAFT_HISTORICAL_OR_SUPERSEDED_TEXT,REVIEW_CLASSIFICATION,governance/pia/items/10_owner_portal_communications/source_package/adrs/19_ADR_OPC_009.md,"# ADR-OPC-009: Offline Drafts, Bounded Cache, Reconnect, and Device Revocation | Status: `PROPOSED_FOR_FOUNDER_DOCUMENTARY_DESIGN_APPROVAL` | Offline support is limited to approved bounded reads and draft composition. Offline clients show current, stale, unava",CANONICAL_OR_CURRENT_INFERRED
STALE_DRAFT_HISTORICAL_OR_SUPERSEDED_TEXT,REVIEW_CLASSIFICATION,governance/pia/items/10_owner_portal_communications/source_package/adrs/21_ADR_OPC_011.md,"# ADR-OPC-011: AI Drafting and Summarization Boundary | Status: `PROPOSED_FOR_FOUNDER_DOCUMENTARY_DESIGN_APPROVAL` | Permit AI only for approved assistive drafting or summarization. AI output is labeled, source-grounded, permission-scoped, uncertain where appr",CANONICAL_OR_CURRENT_INFERRED
STALE_DRAFT_HISTORICAL_OR_SUPERSEDED_TEXT,REVIEW_CLASSIFICATION,governance/pia/items/10_owner_portal_communications/source_package/CHECKSUM_MANIFEST.sha256,140c687b0c6131bd9e421037872278511947a7b00577ccd9ba25a67c07fcd80b 02_OPC_REV_006_FOUNDER_APPROVAL_CARRY_FORWARD.md | f4c9857599733124b1d808bae9f616814c4d26a943e2c996cad084579f1a8035 28_ITEM_10_OPC_V0_2_FOUNDER_DESIGN_APPROVAL_AND_FINDINGS_DISPOSITION_TEMPLATE.m,HISTORICAL_DUPLICATE_DRAFT_OR_PREDECESSOR_INFERRED
STALE_DRAFT_HISTORICAL_OR_SUPERSEDED_TEXT,REVIEW_CLASSIFICATION,governance/pia/items/10_owner_portal_communications/source_package/evidence/11_OPC_TRACEABILITY_VALIDATION_REPORT.json,"""overall"": ""PASS_WITH_RETAINED_NON_OPC_REV_006_CONDITIONS"", | ""candidate_closure"": ""CLOSED_WITH_ROW_LEVEL_MACHINE_TRACEABILITY_EVIDENCE_PENDING_FOUNDER_EXECUTION"", | ""code"": ""RETAINED_SOURCE_ACCESSION_CONDITION"", | ""code"": ""FOUNDER_EXECUTION_REQUIRED"",",CANONICAL_OR_CURRENT_INFERRED
STALE_DRAFT_HISTORICAL_OR_SUPERSEDED_TEXT,REVIEW_CLASSIFICATION,governance/pia/items/10_owner_portal_communications/source_package/evidence/12_OPC_TRACEABILITY_VALIDATION_REPORT.md,"Overall: `PASS_WITH_RETAINED_NON_OPC_REV_006_CONDITIONS` | Candidate closure: `CLOSED_WITH_ROW_LEVEL_MACHINE_TRACEABILITY_EVIDENCE_PENDING_FOUNDER_EXECUTION` | ## Retained conditions | - `RETAINED_SOURCE_ACCESSION_CONDITION`: ['OPC-SRC-004', 'OPC-SRC-005', 'OP",CANONICAL_OR_CURRENT_INFERRED
STALE_DRAFT_HISTORICAL_OR_SUPERSEDED_TEXT,REVIEW_CLASSIFICATION,governance/pia/items/10_owner_portal_communications/source_package/evidence/EquineSync_Item_10_OPC_REV_006_Clean_Closure_Candidate_2026-07-25.zip,PATH_CLASSIFICATION: candidate_or_draft,CANONICAL_OR_CURRENT_INFERRED
STALE_DRAFT_HISTORICAL_OR_SUPERSEDED_TEXT,REVIEW_CLASSIFICATION,governance/pia/items/10_owner_portal_communications/source_package/evidence/EquineSync_Item_10_OPC_REV_006_Clean_Closure_Candidate_2026-07-25.zip.sha256,9af51d4e9ec3b2b56c77b8abbc3960c74e8f28e4c43375e04aea934574bdf823 EquineSync_Item_10_OPC_REV_006_Clean_Closure_Candidate_2026-07-25.zip | PATH_CLASSIFICATION: candidate_or_draft,CANONICAL_OR_CURRENT_INFERRED
STALE_DRAFT_HISTORICAL_OR_SUPERSEDED_TEXT,REVIEW_CLASSIFICATION,outputs/bn18d_bn18e_current_state_scan.md,"- `rg` over frontend and backend for draft storage, local storage, task sync, service worker, PWA, offline, IndexedDB, lock-screen, page lifecycle, and related terms. | | QuickAddSheet draft preservation | `frontend/src/components/QuickAddSheet.jsx` references",CANONICAL_OR_CURRENT_INFERRED
STALE_DRAFT_HISTORICAL_OR_SUPERSEDED_TEXT,REVIEW_CLASSIFICATION,outputs/bn18d_field_reliability_report.md,"Read-only source-evidence proof for field reliability, offline, draft, retry, and lock-screen recovery boundaries. | - Status: `ready_for_founder_review` | - Founder acceptance: `not_marked_by_script` | | quick_add_drafts | QuickAdd draft preservation | presen",CANONICAL_OR_CURRENT_INFERRED
STALE_DRAFT_HISTORICAL_OR_SUPERSEDED_TEXT,REVIEW_CLASSIFICATION,outputs/build_next_13k_role_flow_smoke_report.md,Status: CODEX-APPROVED & LOCKED | | Candidate frontend | `https://app.equine-sync.com` | | | Candidate API | Production Render API behind the configured frontend | | | Official environment status | Pending founder acceptance for this smoke packet |,CANONICAL_OR_CURRENT_INFERRED
STALE_DRAFT_HISTORICAL_OR_SUPERSEDED_TEXT,REVIEW_CLASSIFICATION,outputs/build_next_13o_role_smoke_report.md,Status: CODEX-REVIEWED AND LOCKED | Founder acceptance: recorded by user instruction to lock BN13O. | | Founder acceptance | PASS | Founder acceptance recorded by user instruction to lock BN13O. | | | Row | Role | Candidate account | Expected first landing | S,CANONICAL_OR_CURRENT_INFERRED
STALE_DRAFT_HISTORICAL_OR_SUPERSEDED_TEXT,REVIEW_CLASSIFICATION,outputs/build_next_14a_hardening_findings.md,- `frontend/src/lib/horseOpsDrafts 2.js` | latest locked BN13P state. | ### P1-3: Some phase status docs are stale relative to current locked work | later PRD notes and user locks say the work is locked.,CANONICAL_OR_CURRENT_INFERRED
STALE_DRAFT_HISTORICAL_OR_SUPERSEDED_TEXT,REVIEW_CLASSIFICATION,outputs/build_next_14b_hardening_cleanup_report.md,BN14B resolves the pre-expansion cleanup items from locked BN14A without adding | This preserves the locked Admin Portal route guard while making it usable from | | `frontend/src/lib/horseOpsDrafts 2.js` | `frontend/src/lib/horseOpsDrafts.js` | | Founder clari,CANONICAL_OR_CURRENT_INFERRED
STALE_DRAFT_HISTORICAL_OR_SUPERSEDED_TEXT,REVIEW_CLASSIFICATION,outputs/build_next_15e_today_pulse_founder_acceptance_ledger.zip,STATUS_NOT_EXPLICITLY_EXTRACTED,HISTORICAL_DUPLICATE_DRAFT_OR_PREDECESSOR_INFERRED
STALE_DRAFT_HISTORICAL_OR_SUPERSEDED_TEXT,REVIEW_CLASSIFICATION,outputs/build_next_15f_live_today_pulse_walkthrough.zip,STATUS_NOT_EXPLICITLY_EXTRACTED,HISTORICAL_DUPLICATE_DRAFT_OR_PREDECESSOR_INFERRED
STALE_DRAFT_HISTORICAL_OR_SUPERSEDED_TEXT,REVIEW_CLASSIFICATION,outputs/build_next_15f1_live_today_pulse_walkthrough.md,Status: Ready for Codex review - credentialed screenshots complete; founder acceptance not recorded | BN15F.1 is the credentialed follow-up to locked BN15F. It uses the current | | Founder acceptance | BLOCKED | BN15F.1 does not mark rows founder-accepted. | |,CANONICAL_OR_CURRENT_INFERRED
STALE_DRAFT_HISTORICAL_OR_SUPERSEDED_TEXT,REVIEW_CLASSIFICATION,outputs/build_next_15f1_live_today_pulse_walkthrough.zip,STATUS_NOT_EXPLICITLY_EXTRACTED,HISTORICAL_DUPLICATE_DRAFT_OR_PREDECESSOR_INFERRED
STALE_DRAFT_HISTORICAL_OR_SUPERSEDED_TEXT,REVIEW_CLASSIFICATION,outputs/build_next_16a_role_journey_audit.zip,STATUS_NOT_EXPLICITLY_EXTRACTED,HISTORICAL_DUPLICATE_DRAFT_OR_PREDECESSOR_INFERRED
STALE_DRAFT_HISTORICAL_OR_SUPERSEDED_TEXT,REVIEW_CLASSIFICATION,outputs/rf19_staging_uat_artifact_index.json,"""index_status"": ""partial_online_evidence_captured_uat_roster_login_blocked"", | ""notes"": ""Official online Individual Horse Owner signup Step 1 rendered with the account/profile/membership stepper and owner enrollment context. Completion, profile step, membershi",SUPERSEDED_OR_SUPERSESSION_TEXT_PRESENT
STALE_DRAFT_HISTORICAL_OR_SUPERSEDED_TEXT,REVIEW_CLASSIFICATION,outputs/rf3_onboarding_import_setup_report.md,Lock status: `Codex-reviewed and locked` | | `rf3_import_kind_registry` | `ready` | `backend/routes/onboarding.py` declares active and deferred import kinds for RF3. | Founder should confirm whether RF4/RF8/RF10/RF13 should expand the deferred import kinds. | ,CANONICAL_OR_CURRENT_INFERRED
STALE_DRAFT_HISTORICAL_OR_SUPERSEDED_TEXT,REVIEW_CLASSIFICATION,outputs/rf4_feature_completion_certification_report.md,| `ai_automation_review_first` | `ready` | `readiness` | AI Automation remains a draft/review surface and does not auto-apply suggestions. | Any future AI expansion must keep approval and audit gates explicit. | | ## Founder Decision Rows | | Accept RF4 classi,CANONICAL_OR_CURRENT_INFERRED
STALE_DRAFT_HISTORICAL_OR_SUPERSEDED_TEXT,REVIEW_CLASSIFICATION,outputs/rf7_owner_client_portal_hardening_report.md,| owner_portal_backlog_feeds_use_stable_clauses | Backlog owner portal feeds | ready | Owner portal media/forms/health-document feeds continue to rely on stable owner/user/horse clauses rather than display-name matching. | | owner_updates_canonical_but_media_d,CANONICAL_OR_CURRENT_INFERRED
