row_id,source_path,reason_excluded,blocker_scope,required_action_before_comparison,founder_disposition_required,second_reviewer_or_outside_review_closure_required
UNASSESSED-00001,docs/OFFLINE_SECURITY_MODEL.md,Historical/draft/superseded row not permitted by canonical filter,UNASSESSED_HISTORICAL_SCOPE,Use canonical successor path if available,NO,NO
UNASSESSED-00002,docs/REFINEMENT_MASTER_FIX_LIST.md,Comparison blocker in triage register,BLOCKS_AFFECTED_FEATURE_COMPARISON,Resolve or explicitly scope/pin canonical source before comparison,YES,NO
UNASSESSED-00003,docs/RF12_BILLING_PAYMENTS_EXPORTS_FINANCIAL_TRUTH_PLAN.md,Historical/draft/superseded row not permitted by canonical filter,UNASSESSED_HISTORICAL_SCOPE,Use canonical successor path if available,NO,NO
UNASSESSED-00004,docs/RF13_MESSAGING_NOTIFICATIONS_DELIVERY_TRUTH_PLAN.md,Historical/draft/superseded row not permitted by canonical filter,UNASSESSED_HISTORICAL_SCOPE,Use canonical successor path if available,NO,NO
UNASSESSED-00005,docs/RF14_DOCUMENTS_SIGNATURES_STORAGE_CONSOLIDATION_PLAN.md,Historical/draft/superseded row not permitted by canonical filter,UNASSESSED_HISTORICAL_SCOPE,Use canonical successor path if available,NO,NO
UNASSESSED-00006,docs/RF15_OFFLINE_LOCK_SCREEN_FIELD_RELIABILITY_PLAN.md,Historical/draft/superseded row not permitted by canonical filter,UNASSESSED_HISTORICAL_SCOPE,Use canonical successor path if available,NO,NO
UNASSESSED-00007,docs/RF16_PWA_NATIVE_APP_STORE_READINESS_PLAN.md,Historical/draft/superseded row not permitted by canonical filter,UNASSESSED_HISTORICAL_SCOPE,Use canonical successor path if available,NO,NO
UNASSESSED-00008,docs/RF18_QA_UAT_PUBLIC_LAUNCH_READINESS_PLAN.md,Historical/draft/superseded row not permitted by canonical filter,UNASSESSED_HISTORICAL_SCOPE,Use canonical successor path if available,NO,NO
UNASSESSED-00009,docs/RF4_FEATURE_COMPLETION_CERTIFICATION.md,Historical/draft/superseded row not permitted by canonical filter,UNASSESSED_HISTORICAL_SCOPE,Use canonical successor path if available,NO,NO
UNASSESSED-00010,docs/canon/MASTER_ANALYTICS_FRAMEWORK.md,Historical/draft/superseded row not permitted by canonical filter,UNASSESSED_HISTORICAL_SCOPE,Use canonical successor path if available,NO,NO
UNASSESSED-00011,docs/canon/MASTER_ATLAS_GOVERNANCE.md,Comparison blocker in triage register,BLOCKS_AFFECTED_FEATURE_COMPARISON,Resolve or explicitly scope/pin canonical source before comparison,YES,NO
UNASSESSED-00012,docs/canon/MASTER_CLAIMS_DISPUTES_AND_AUTHORITY_MODEL_V2_0.md,Historical/draft/superseded row not permitted by canonical filter,UNASSESSED_HISTORICAL_SCOPE,Use canonical successor path if available,NO,NO
UNASSESSED-00013,docs/canon/MASTER_FINANCIAL_TRUTH_AND_RESPONSIBILITY_MODEL_V2_1.md,Comparison blocker in triage register,BLOCKS_UNCONSTRAINED_CODE_TO_GOVERNANCE_COMPARISON,Resolve or explicitly scope/pin canonical source before comparison,YES,NO
UNASSESSED-00014,docs/canon/MASTER_RECORD_STEWARDSHIP_AND_RETENTION_MODEL_V2_1.md,Historical/draft/superseded row not permitted by canonical filter,UNASSESSED_HISTORICAL_SCOPE,Use canonical successor path if available,NO,NO
UNASSESSED-00015,docs/canon/MASTER_RELATIONSHIP_MODEL.md,Historical/draft/superseded row not permitted by canonical filter,UNASSESSED_HISTORICAL_SCOPE,Use canonical successor path if available,NO,NO
UNASSESSED-00016,docs/canon/MASTER_RELATIONSHIP_MODEL_V2_0_ALIGNMENT_REPORT.md,Historical/draft/superseded row not permitted by canonical filter,UNASSESSED_HISTORICAL_SCOPE,Use canonical successor path if available,NO,NO
UNASSESSED-00017,docs/canon/MASTER_RELATIONSHIP_MODEL_V2_0_CANON_INDEX_PROPOSAL.md,Historical/draft/superseded row not permitted by canonical filter,UNASSESSED_HISTORICAL_SCOPE,Use canonical successor path if available,NO,NO
UNASSESSED-00018,docs/canon/MASTER_RELATIONSHIP_MODEL_V2_0_DELTA_MATRIX.md,Comparison blocker in triage register,BLOCKS_UNCONSTRAINED_CODE_TO_GOVERNANCE_COMPARISON,Resolve or explicitly scope/pin canonical source before comparison,YES,NO
UNASSESSED-00019,docs/canon/MASTER_RELATIONSHIP_MODEL_V2_0_FINAL_CANDIDATE.md,Historical/draft/superseded row not permitted by canonical filter,UNASSESSED_HISTORICAL_SCOPE,Use canonical successor path if available,NO,NO
UNASSESSED-00020,docs/canon/adopted_sources/MASTER_CLAIMS_DISPUTES_AND_AUTHORITY_MODEL_V2_0_ADOPTED_SOURCE.md,Historical/draft/superseded row not permitted by canonical filter,UNASSESSED_HISTORICAL_SCOPE,Use canonical successor path if available,NO,NO
UNASSESSED-00021,docs/canon/adopted_sources/MASTER_COMMUNICATION_NOTIFICATION_AND_NOTICE_MODEL_V2_0_ADOPTED_SOURCE.md,Historical/draft/superseded row not permitted by canonical filter,UNASSESSED_HISTORICAL_SCOPE,Use canonical successor path if available,NO,NO
UNASSESSED-00022,docs/canon/adopted_sources/MASTER_MEDIA_FILES_AND_DIGITAL_ASSET_GOVERNANCE_MODEL_V2_1_ADOPTED_SOURCE.md,Historical/draft/superseded row not permitted by canonical filter,UNASSESSED_HISTORICAL_SCOPE,Use canonical successor path if available,NO,NO
UNASSESSED-00023,docs/canon/adopted_sources/MASTER_PLATFORM_RESILIENCE_BACKUP_AND_RECOVERY_OPERATIONAL_MODEL_V1_0_ADOPTED_SOURCE.md,Historical/draft/superseded row not permitted by canonical filter,UNASSESSED_HISTORICAL_SCOPE,Use canonical successor path if available,NO,NO
UNASSESSED-00024,docs/canon/adopted_sources/MASTER_RECORD_STEWARDSHIP_AND_RETENTION_MODEL_V2_1_ADOPTED_SOURCE.md,Historical/draft/superseded row not permitted by canonical filter,UNASSESSED_HISTORICAL_SCOPE,Use canonical successor path if available,NO,NO
UNASSESSED-00025,docs/canon/adoptions/c0_004_master_product_vision/C0_004_MASTER_PRODUCT_VISION_CONSTITUTIONAL_ADOPTION_RECORD.md,Comparison blocker in triage register,BLOCKS_UNCONSTRAINED_CODE_TO_GOVERNANCE_COMPARISON,Resolve or explicitly scope/pin canonical source before comparison,YES,NO
UNASSESSED-00026,docs/canon/adoptions/c0_004_master_product_vision/MASTER_PRODUCT_VISION_V2_1_ADOPTED_PRE_LOCK.md,Comparison blocker in triage register,BLOCKS_UNCONSTRAINED_CODE_TO_GOVERNANCE_COMPARISON,Resolve or explicitly scope/pin canonical source before comparison,YES,NO
UNASSESSED-00027,docs/canon/adoptions/c0_004_master_product_vision/history/MASTER_PRODUCT_VISION_V2_1_PRE_ADOPTION_FOUNDER_APPROVED.md,Comparison blocker in triage register,BLOCKS_UNCONSTRAINED_CODE_TO_GOVERNANCE_COMPARISON,Resolve or explicitly scope/pin canonical source before comparison,YES,NO
UNASSESSED-00028,docs/canon/adoptions/c0_019_agreement_consent_authorization_v2_1/C0_019_AGREEMENT_CONSENT_AND_AUTHORIZATION_CONSTITUTIONAL_ADOPTION_RECORD.md,Comparison blocker in triage register,BLOCKS_UNCONSTRAINED_CODE_TO_GOVERNANCE_COMPARISON,Resolve or explicitly scope/pin canonical source before comparison,YES,NO
UNASSESSED-00029,docs/canon/adoptions/c0_019_agreement_consent_authorization_v2_1/MASTER_AGREEMENT_CONSENT_AND_AUTHORIZATION_MODEL_V2_1_ADOPTED_PRE_LOCK.md,Comparison blocker in triage register,BLOCKS_UNCONSTRAINED_CODE_TO_GOVERNANCE_COMPARISON,Resolve or explicitly scope/pin canonical source before comparison,YES,NO
UNASSESSED-00030,docs/canon/adoptions/c0_019_agreement_consent_authorization_v2_1/history/MASTER_AGREEMENT_CONSENT_AND_AUTHORIZATION_MODEL_V2_1_PRE_ADOPTION_FOUNDER_APPROVED.md,Comparison blocker in triage register,BLOCKS_UNCONSTRAINED_CODE_TO_GOVERNANCE_COMPARISON,Resolve or explicitly scope/pin canonical source before comparison,YES,NO
UNASSESSED-00031,docs/canon/adoptions/c0_023_c0_035_adoption/C0_023_C0_035_CONSTITUTIONAL_ADOPTION_REPORT.md,Comparison blocker in triage register,BLOCKS_UNCONSTRAINED_CODE_TO_GOVERNANCE_COMPARISON,Resolve or explicitly scope/pin canonical source before comparison,YES,NO
UNASSESSED-00032,docs/canon/adoptions/c0_023_c0_035_adoption/tools/build_adoption.py,Comparison blocker in triage register,BLOCKS_AFFECTED_COMPARISON_OR_MUTATION_SCOPE | BLOCKS_UNCONSTRAINED_CODE_TO_GOVERNANCE_COMPARISON,Resolve or explicitly scope/pin canonical source before comparison,YES,NO
UNASSESSED-00033,docs/canon/adoptions/c0_023_c0_035_lock_readiness/C0_023_C0_035_LOCK_READINESS_MASTER_REPORT.md,Comparison blocker in triage register,BLOCKS_UNCONSTRAINED_CODE_TO_GOVERNANCE_COMPARISON,Resolve or explicitly scope/pin canonical source before comparison,YES,NO
UNASSESSED-00034,docs/canon/adoptions/c0_023_c0_035_lock_readiness/C0_023_PRIVACY_LOCK_READINESS_ASSESSMENT.md,Comparison blocker in triage register,BLOCKS_UNCONSTRAINED_CODE_TO_GOVERNANCE_COMPARISON,Resolve or explicitly scope/pin canonical source before comparison,YES,NO
UNASSESSED-00035,docs/canon/adoptions/c0_023_c0_035_lock_readiness/C0_035_REPORTING_LOCK_READINESS_ASSESSMENT.md,Comparison blocker in triage register,BLOCKS_UNCONSTRAINED_CODE_TO_GOVERNANCE_COMPARISON,Resolve or explicitly scope/pin canonical source before comparison,YES,NO
UNASSESSED-00036,docs/canon/adoptions/c0_023_c0_035_lock_readiness/tools/build_lock_readiness.py,Comparison blocker in triage register,BLOCKS_AFFECTED_COMPARISON_OR_MUTATION_SCOPE | BLOCKS_UNCONSTRAINED_CODE_TO_GOVERNANCE_COMPARISON,Resolve or explicitly scope/pin canonical source before comparison,YES,NO
UNASSESSED-00037,docs/canon/adoptions/c0_023_privacy_v2_0/C0_023_LOCK_READINESS_PREPARATION.md,Comparison blocker in triage register,BLOCKS_UNCONSTRAINED_CODE_TO_GOVERNANCE_COMPARISON,Resolve or explicitly scope/pin canonical source before comparison,YES,NO
UNASSESSED-00038,docs/canon/adoptions/c0_023_privacy_v2_0/C0_023_PRIVACY_AND_DATA_PROTECTION_CONSTITUTIONAL_ADOPTION_RECORD.md,Comparison blocker in triage register,BLOCKS_UNCONSTRAINED_CODE_TO_GOVERNANCE_COMPARISON,Resolve or explicitly scope/pin canonical source before comparison,YES,NO
UNASSESSED-00039,docs/canon/adoptions/c0_035_reporting_v2_0/C0_035_LOCK_READINESS_PREPARATION.md,Comparison blocker in triage register,BLOCKS_UNCONSTRAINED_CODE_TO_GOVERNANCE_COMPARISON,Resolve or explicitly scope/pin canonical source before comparison,YES,NO
UNASSESSED-00040,docs/canon/adoptions/c0_035_reporting_v2_0/C0_035_REPORTING_ANALYTICS_AND_BUSINESS_INTELLIGENCE_CONSTITUTIONAL_ADOPTION_RECORD.md,Comparison blocker in triage register,BLOCKS_UNCONSTRAINED_CODE_TO_GOVERNANCE_COMPARISON,Resolve or explicitly scope/pin canonical source before comparison,YES,NO
UNASSESSED-00041,docs/canon/adoptions/equine_health_v1_1/EQUINE_HEALTH_V1_1_RETAINED_P2_REGISTER.md,Comparison blocker in triage register,BLOCKS_UNCONSTRAINED_CODE_TO_GOVERNANCE_COMPARISON,Resolve or explicitly scope/pin canonical source before comparison,YES,NO
UNASSESSED-00042,docs/canon/candidates/MASTER_COMMUNICATION_NOTIFICATION_AND_NOTICE_MODEL_V2_0_FOUNDER_APPROVED.md,Historical/draft/superseded row not permitted by canonical filter,UNASSESSED_HISTORICAL_SCOPE,Use canonical successor path if available,NO,NO
UNASSESSED-00043,docs/canon/candidates/MASTER_MEDIA_FILES_AND_DIGITAL_ASSET_GOVERNANCE_MODEL_V1_0.md,Historical/draft/superseded row not permitted by canonical filter,UNASSESSED_HISTORICAL_SCOPE,Use canonical successor path if available,NO,NO
UNASSESSED-00044,docs/canon/candidates/MASTER_MEDIA_FILES_AND_DIGITAL_ASSET_GOVERNANCE_MODEL_V1_1.md,Historical/draft/superseded row not permitted by canonical filter,UNASSESSED_HISTORICAL_SCOPE,Use canonical successor path if available,NO,NO
UNASSESSED-00045,docs/canon/candidates/MASTER_MEDIA_FILES_AND_DIGITAL_ASSET_GOVERNANCE_MODEL_V1_2.md,Historical/draft/superseded row not permitted by canonical filter,UNASSESSED_HISTORICAL_SCOPE,Use canonical successor path if available,NO,NO
UNASSESSED-00046,docs/canon/candidates/MASTER_PLATFORM_RESILIENCE_BACKUP_AND_RECOVERY_OPERATIONAL_MODEL_V1_0.md,Historical/draft/superseded row not permitted by canonical filter,UNASSESSED_HISTORICAL_SCOPE,Use canonical successor path if available,NO,NO
UNASSESSED-00047,docs/canon/companions/CONSTITUTIONAL_DOMAIN_OWNERSHIP_AND_BOUNDARY_REGISTER_V1_1.md,Comparison blocker in triage register,BLOCKS_UNCONSTRAINED_CODE_TO_GOVERNANCE_COMPARISON,Resolve or explicitly scope/pin canonical source before comparison,YES,NO
UNASSESSED-00048,docs/canon/companions/CROSS_CANON_REFERENCE_NORMALIZATION_REGISTER_V1_1.md,Comparison blocker in triage register,BLOCKS_UNCONSTRAINED_CODE_TO_GOVERNANCE_COMPARISON,Resolve or explicitly scope/pin canonical source before comparison,YES,NO
UNASSESSED-00049,docs/canon/companions/EQUINESYNC_CANON_DEPENDENCY_MAP_V1_2.md,Comparison blocker in triage register,BLOCKS_UNCONSTRAINED_CODE_TO_GOVERNANCE_COMPARISON,Resolve or explicitly scope/pin canonical source before comparison,YES,NO
UNASSESSED-00050,docs/canon/companions/EQUINESYNC_CONSTITUTIONAL_AUTHORITY_MATRIX_V1_2.md,Comparison blocker in triage register,BLOCKS_UNCONSTRAINED_CODE_TO_GOVERNANCE_COMPARISON,Resolve or explicitly scope/pin canonical source before comparison,YES,NO
UNASSESSED-00051,docs/canon/companions/EQUINESYNC_CONSTITUTIONAL_CROSS_REFERENCE_INDEX_V1_2.md,Comparison blocker in triage register,BLOCKS_UNCONSTRAINED_CODE_TO_GOVERNANCE_COMPARISON,Resolve or explicitly scope/pin canonical source before comparison,YES,NO
UNASSESSED-00052,docs/canon/companions/MASTER_EQUINESYNC_FOUNDER_DECISION_REGISTER_V1_0.md,Comparison blocker in triage register,BLOCKS_UNCONSTRAINED_CODE_TO_GOVERNANCE_COMPARISON,Resolve or explicitly scope/pin canonical source before comparison,YES,NO
UNASSESSED-00053,docs/canon/companions/MASTER_EQUINESYNC_GOVERNANCE_REQUIREMENT_INDEX_V1_0.md,Comparison blocker in triage register,BLOCKS_UNCONSTRAINED_CODE_TO_GOVERNANCE_COMPARISON,Resolve or explicitly scope/pin canonical source before comparison,YES,NO
UNASSESSED-00054,docs/canon/companions/MASTER_EQUINESYNC_REQUIREMENT_TRACEABILITY_MATRIX_V1_0.md,Comparison blocker in triage register,BLOCKS_UNCONSTRAINED_CODE_TO_GOVERNANCE_COMPARISON,Resolve or explicitly scope/pin canonical source before comparison,YES,NO
UNASSESSED-00055,docs/canon/founder_approved_sources/MASTER_AGREEMENT_CONSENT_AND_AUTHORIZATION_MODEL_V2_1_FOUNDER_APPROVED.md,Historical/draft/superseded row not permitted by canonical filter,UNASSESSED_HISTORICAL_SCOPE,Use canonical successor path if available,NO,NO
UNASSESSED-00056,docs/canon/founder_approved_sources/MASTER_REPORTING_ANALYTICS_AND_BUSINESS_INTELLIGENCE_MODEL_V2_0_FOUNDER_APPROVED.md,Comparison blocker in triage register,BLOCKS_UNCONSTRAINED_CODE_TO_GOVERNANCE_COMPARISON,Resolve or explicitly scope/pin canonical source before comparison,YES,NO
UNASSESSED-00057,docs/canon/governance/MASTER_RECORD_GOVERNANCE_GAP_MATRIX_V2_0.md,Historical/draft/superseded row not permitted by canonical filter,UNASSESSED_HISTORICAL_SCOPE,Use canonical successor path if available,NO,NO
UNASSESSED-00058,docs/canon/governance/MASTER_RECORD_GOVERNANCE_GAP_MATRIX_V2_0_CLASSIFICATION_REPORT.md,Historical/draft/superseded row not permitted by canonical filter,UNASSESSED_HISTORICAL_SCOPE,Use canonical successor path if available,NO,NO
UNASSESSED-00059,docs/canon/history/MASTER_RELATIONSHIP_MODEL_V1_FINAL_LOCKED.md,Historical/draft/superseded row not permitted by canonical filter,UNASSESSED_HISTORICAL_SCOPE,Use canonical successor path if available,NO,NO
UNASSESSED-00060,docs/canon/history/agreement_consent_authorization_v2_0/MASTER_AGREEMENT_CONSENT_AND_AUTHORIZATION_MODEL_V2_0_HISTORICAL_SUPERSEDED_CANDIDATE.md,Historical/draft/superseded row not permitted by canonical filter,UNASSESSED_HISTORICAL_SCOPE,Use canonical successor path if available,NO,NO
UNASSESSED-00061,docs/canon/intake/MASTER_CLAIMS_DISPUTES_AND_AUTHORITY_MODEL_V2_0_FOUNDER_SOURCE.md,Historical/draft/superseded row not permitted by canonical filter,UNASSESSED_HISTORICAL_SCOPE,Use canonical successor path if available,NO,NO
UNASSESSED-00062,docs/canon/intake/MASTER_COMMUNICATION_NOTIFICATION_AND_NOTICE_MODEL_V2_0_CANDIDATE_SOURCE.md,Historical/draft/superseded row not permitted by canonical filter,UNASSESSED_HISTORICAL_SCOPE,Use canonical successor path if available,NO,NO
UNASSESSED-00063,docs/canon/intake/MASTER_HORSE_TRANSFER_AND_CONTINUITY_POLICY_V2_0_SOURCE.md,Historical/draft/superseded row not permitted by canonical filter,UNASSESSED_HISTORICAL_SCOPE,Use canonical successor path if available,NO,NO
UNASSESSED-00064,docs/canon/intake/MASTER_RECORD_STEWARDSHIP_AND_RETENTION_MODEL_V2_1_FOUNDER_SOURCE.md,Historical/draft/superseded row not permitted by canonical filter,UNASSESSED_HISTORICAL_SCOPE,Use canonical successor path if available,NO,NO
UNASSESSED-00065,docs/canon/locks/privacy_v2_0/tools/build_c0_023_lock.py,Comparison blocker in triage register,BLOCKS_AFFECTED_COMPARISON_OR_MUTATION_SCOPE | BLOCKS_UNCONSTRAINED_CODE_TO_GOVERNANCE_COMPARISON,Resolve or explicitly scope/pin canonical source before comparison,YES,NO
UNASSESSED-00066,docs/canon/locks/privacy_v2_0/tools/validate_and_package.py,Comparison blocker in triage register,BLOCKS_AFFECTED_COMPARISON_OR_MUTATION_SCOPE,Resolve or explicitly scope/pin canonical source before comparison,YES,NO
UNASSESSED-00067,docs/canon/registries/CANON_ARTIFACT_INVENTORY.md,Comparison blocker in triage register,BLOCKS_UNCONSTRAINED_CODE_TO_GOVERNANCE_COMPARISON,Resolve or explicitly scope/pin canonical source before comparison,YES,NO
UNASSESSED-00068,docs/canon/registries/CANON_DEPENDENCY_REGISTRY.md,Comparison blocker in triage register,BLOCKS_UNCONSTRAINED_CODE_TO_GOVERNANCE_COMPARISON,Resolve or explicitly scope/pin canonical source before comparison,YES,NO
UNASSESSED-00069,docs/canon/registries/CANON_LOCK_LEDGER.md,Comparison blocker in triage register,BLOCKS_AFFECTED_COMPARISON_OR_MUTATION_SCOPE,Resolve or explicitly scope/pin canonical source before comparison,YES,NO
UNASSESSED-00070,docs/canon/registries/CANON_STATE_AND_LOCK_REGISTRY.md,Comparison blocker in triage register,BLOCKS_UNCONSTRAINED_CODE_TO_GOVERNANCE_COMPARISON,Resolve or explicitly scope/pin canonical source before comparison,YES,NO
UNASSESSED-00071,docs/canon/registries/DOMAIN_OWNER_AND_STEWARD_REGISTRY.md,Comparison blocker in triage register,BLOCKS_UNCONSTRAINED_CODE_TO_GOVERNANCE_COMPARISON,Resolve or explicitly scope/pin canonical source before comparison,YES,NO
UNASSESSED-00072,docs/canon/registries/GOVERNANCE_FINDING_REGISTRY.md,Comparison blocker in triage register,BLOCKS_UNCONSTRAINED_CODE_TO_GOVERNANCE_COMPARISON,Resolve or explicitly scope/pin canonical source before comparison,YES,NO
UNASSESSED-00073,docs/canon/registries/IMPLEMENTATION_AUTHORIZATION_REGISTRY.md,Comparison blocker in triage register,BLOCKS_UNCONSTRAINED_CODE_TO_GOVERNANCE_COMPARISON,Resolve or explicitly scope/pin canonical source before comparison,YES,NO
UNASSESSED-00074,docs/canon/reviews/c0_004_master_product_vision_lifecycle_completion/C0_004_SOURCE_INVENTORY.md,Historical/draft/superseded row not permitted by canonical filter,UNASSESSED_HISTORICAL_SCOPE,Use canonical successor path if available,NO,NO
UNASSESSED-00075,docs/canon/reviews/c0_004_master_product_vision_lifecycle_completion/tools/build_c0_004.py,Comparison blocker in triage register,BLOCKS_UNCONSTRAINED_CODE_TO_GOVERNANCE_COMPARISON,Resolve or explicitly scope/pin canonical source before comparison,YES,NO
UNASSESSED-00076,docs/canon/reviews/c0_004_master_product_vision_lifecycle_completion/tools/finalize_c0_004.py,Comparison blocker in triage register,BLOCKS_UNCONSTRAINED_CODE_TO_GOVERNANCE_COMPARISON,Resolve or explicitly scope/pin canonical source before comparison,YES,NO
UNASSESSED-00077,docs/canon/reviews/c0_019_agreement_consent_authorization_lifecycle_completion/C0_019_CHANGED_FILE_MANIFEST.json,Historical/draft/superseded row not permitted by canonical filter,UNASSESSED_HISTORICAL_SCOPE,Use canonical successor path if available,NO,NO
UNASSESSED-00078,docs/canon/reviews/c0_019_agreement_consent_authorization_lifecycle_completion/C0_019_CROSS_CANON_IMPACT_REPORT.md,Comparison blocker in triage register,BLOCKS_UNCONSTRAINED_CODE_TO_GOVERNANCE_COMPARISON,Resolve or explicitly scope/pin canonical source before comparison,YES,NO
UNASSESSED-00079,docs/canon/reviews/c0_019_agreement_consent_authorization_lifecycle_completion/C0_019_EVIDENCE_PACKAGE_MANIFEST.json,Historical/draft/superseded row not permitted by canonical filter,UNASSESSED_HISTORICAL_SCOPE,Use canonical successor path if available,NO,NO
UNASSESSED-00080,docs/canon/reviews/c0_019_agreement_consent_authorization_lifecycle_completion/C0_019_FINAL_LIFECYCLE_COMPLETION_REPORT.md,Historical/draft/superseded row not permitted by canonical filter,UNASSESSED_HISTORICAL_SCOPE,Use canonical successor path if available,NO,NO
UNASSESSED-00081,docs/canon/reviews/c0_019_agreement_consent_authorization_lifecycle_completion/C0_019_PRIVACY_DEPENDENCY_IMPACT_REPORT.md,Comparison blocker in triage register,BLOCKS_AFFECTED_COMPARISON_OR_MUTATION_SCOPE,Resolve or explicitly scope/pin canonical source before comparison,YES,NO
UNASSESSED-00082,docs/canon/reviews/c0_019_agreement_consent_authorization_lifecycle_completion/C0_019_SOURCE_IDENTITY_DECISION_RECORD.md,Historical/draft/superseded row not permitted by canonical filter,UNASSESSED_HISTORICAL_SCOPE,Use canonical successor path if available,NO,NO
UNASSESSED-00083,docs/canon/reviews/c0_019_agreement_consent_authorization_lifecycle_completion/C0_019_SOURCE_INVENTORY.md,Historical/draft/superseded row not permitted by canonical filter,UNASSESSED_HISTORICAL_SCOPE,Use canonical successor path if available,NO,NO
UNASSESSED-00084,docs/canon/reviews/c0_019_agreement_consent_authorization_lifecycle_completion/C0_019_SOURCE_SUCCESSION_ANALYSIS.md,Historical/draft/superseded row not permitted by canonical filter,UNASSESSED_HISTORICAL_SCOPE,Use canonical successor path if available,NO,NO
UNASSESSED-00085,docs/canon/reviews/c0_019_agreement_consent_authorization_lifecycle_completion/source_event/MASTER_AGREEMENT_CONSENT_AND_AUTHORIZATION_MODEL_V2_1_ORIGINAL.md,Historical/draft/superseded row not permitted by canonical filter,UNASSESSED_HISTORICAL_SCOPE,Use canonical successor path if available,NO,NO
UNASSESSED-00086,docs/canon/reviews/c0_019_agreement_consent_authorization_lifecycle_completion/tools/build_c0_019.py,Comparison blocker in triage register,BLOCKS_UNCONSTRAINED_CODE_TO_GOVERNANCE_COMPARISON,Resolve or explicitly scope/pin canonical source before comparison,YES,NO
UNASSESSED-00087,docs/canon/reviews/c0_019_agreement_consent_authorization_lifecycle_completion/tools/finalize_c0_019.py,Comparison blocker in triage register,BLOCKS_UNCONSTRAINED_CODE_TO_GOVERNANCE_COMPARISON,Resolve or explicitly scope/pin canonical source before comparison,YES,NO
UNASSESSED-00088,docs/canon/reviews/c0_019_agreement_consent_authorization_lifecycle_completion/tools/validate_and_package_c0_019.py,Historical/draft/superseded row not permitted by canonical filter,UNASSESSED_HISTORICAL_SCOPE,Use canonical successor path if available,NO,NO
UNASSESSED-00089,docs/canon/reviews/c0_022_permission_v1_1_source_identity_confirmation/C0_022_PERMISSION_V1_1_FOUNDER_SOURCE_IDENTITY_CONFIRMATION.md,Historical/draft/superseded row not permitted by canonical filter,UNASSESSED_HISTORICAL_SCOPE,Use canonical successor path if available,NO,NO
UNASSESSED-00090,docs/canon/reviews/c0_022_permission_v1_1_source_identity_confirmation/tools/record_c0_022_source_identity.py,Historical/draft/superseded row not permitted by canonical filter,UNASSESSED_HISTORICAL_SCOPE,Use canonical successor path if available,NO,NO
UNASSESSED-00091,docs/canon/reviews/c0_source_reconciliation_v1_0/EQUINESYNC_C0_SOURCE_RECONCILIATION_REPORT_V1_0.md,Historical/draft/superseded row not permitted by canonical filter,UNASSESSED_HISTORICAL_SCOPE,Use canonical successor path if available,NO,NO
UNASSESSED-00092,docs/canon/reviews/drafting_equine_health_welfare_medical_v1_0/SECTION_ISSUE_AND_RECOMMENDATION_LEDGER.md,Comparison blocker in triage register,BLOCKS_UNCONSTRAINED_CODE_TO_GOVERNANCE_COMPARISON,Resolve or explicitly scope/pin canonical source before comparison,YES,NO
UNASSESSED-00093,docs/canon/reviews/drafting_equine_health_welfare_medical_v1_0/UNRESOLVED_QUESTION_REGISTER.md,Comparison blocker in triage register,BLOCKS_UNCONSTRAINED_CODE_TO_GOVERNANCE_COMPARISON,Resolve or explicitly scope/pin canonical source before comparison,YES,NO
UNASSESSED-00094,docs/canon/reviews/drafting_minor_guardianship_safeguarding_v1_0/MASTER_MINOR_GUARDIANSHIP_SAFEGUARDING_AND_DELEGATED_ASSISTANCE_CANON_V1_0_DRAFT.md,Historical/draft/superseded row not permitted by canonical filter,UNASSESSED_HISTORICAL_SCOPE,Use canonical successor path if available,NO,NO
UNASSESSED-00095,docs/canon/reviews/drafting_minor_guardianship_safeguarding_v1_0/MASTER_MINOR_GUARDIANSHIP_SAFEGUARDING_AND_DELEGATED_ASSISTANCE_CANON_V1_0_REVISED_NONCONTROLLING_DRAFT.md,Historical/draft/superseded row not permitted by canonical filter,UNASSESSED_HISTORICAL_SCOPE,Use canonical successor path if available,NO,NO
UNASSESSED-00096,docs/canon/reviews/eight_canon_founder_approval_reconciliation_v1_0/tools/build_reconciliation.py,Comparison blocker in triage register,BLOCKS_UNCONSTRAINED_CODE_TO_GOVERNANCE_COMPARISON,Resolve or explicitly scope/pin canonical source before comparison,YES,NO
UNASSESSED-00097,docs/canon/reviews/equine_health_founder_decision_reconciliation_v1_1/source/EQUINE_HEALTH_FOUNDER_DECISION_REGISTER_UPLOADED_2026-07-15.md,Comparison blocker in triage register,BLOCKS_UNCONSTRAINED_CODE_TO_GOVERNANCE_COMPARISON,Resolve or explicitly scope/pin canonical source before comparison,YES,NO
UNASSESSED-00098,docs/canon/reviews/financial_truth_v2_1/FOUNDER_DIRECTIVE_FINANCIAL_TRUTH_V2_1_ADOPTION_AND_LOCK.md,Comparison blocker in triage register,BLOCKS_AFFECTED_COMPARISON_OR_MUTATION_SCOPE,Resolve or explicitly scope/pin canonical source before comparison,YES,NO
UNASSESSED-00099,docs/canon/reviews/financial_truth_v2_1/MASTER_FINANCIAL_TRUTH_AND_RESPONSIBILITY_MODEL_V2_1_FINDINGS_REGISTER.md,Comparison blocker in triage register,BLOCKS_AFFECTED_COMPARISON_OR_MUTATION_SCOPE,Resolve or explicitly scope/pin canonical source before comparison,YES,NO
UNASSESSED-00100,docs/canon/reviews/financial_truth_v2_1/MASTER_FINANCIAL_TRUTH_AND_RESPONSIBILITY_MODEL_V2_1_LOCK_REPORT.md,Historical/draft/superseded row not permitted by canonical filter,UNASSESSED_HISTORICAL_SCOPE,Use canonical successor path if available,NO,NO
UNASSESSED-00101,docs/canon/reviews/financial_truth_v2_1/MASTER_FINANCIAL_TRUTH_AND_RESPONSIBILITY_MODEL_V2_1_PRESERVATION_MATRIX.md,Historical/draft/superseded row not permitted by canonical filter,UNASSESSED_HISTORICAL_SCOPE,Use canonical successor path if available,NO,NO
UNASSESSED-00102,docs/canon/reviews/financial_truth_v2_1/master_financial_truth_v2_1_founder_approval.json,Historical/draft/superseded row not permitted by canonical filter,UNASSESSED_HISTORICAL_SCOPE,Use canonical successor path if available,NO,NO
UNASSESSED-00103,docs/canon/reviews/foundational_canon_source_certification_v1_0/source_event/MASTER_CLAIMS_DISPUTES_AND_AUTHORITY_MODEL_V2_0_FOUNDER_CERTIFIED_SOURCE.md,Historical/draft/superseded row not permitted by canonical filter,UNASSESSED_HISTORICAL_SCOPE,Use canonical successor path if available,NO,NO
UNASSESSED-00104,docs/canon/reviews/foundational_canon_source_certification_v1_0/tools/record_founder_certification.py,Historical/draft/superseded row not permitted by canonical filter,UNASSESSED_HISTORICAL_SCOPE,Use canonical successor path if available,NO,NO
UNASSESSED-00105,docs/canon/reviews/foundational_gap_closure/A_IDENTITY_ACTOR/A_IDENTITY_ACTOR_ALIGNMENT_REPORT.md,Historical/draft/superseded row not permitted by canonical filter,UNASSESSED_HISTORICAL_SCOPE,Use canonical successor path if available,NO,NO
UNASSESSED-00106,docs/canon/reviews/foundational_gap_closure/A_IDENTITY_ACTOR/IDENTITY_ACTOR_V2_P2_DISPOSITION_LEDGER.md,Comparison blocker in triage register,BLOCKS_AFFECTED_COMPARISON_OR_MUTATION_SCOPE,Resolve or explicitly scope/pin canonical source before comparison,YES,NO
UNASSESSED-00107,docs/canon/reviews/foundational_gap_closure/B_AGREEMENT_CONSENT/B_AGREEMENT_CONSENT_CANON_INDEX_PROPOSAL.md,Comparison blocker in triage register,BLOCKS_UNCONSTRAINED_CODE_TO_GOVERNANCE_COMPARISON,Resolve or explicitly scope/pin canonical source before comparison,YES,NO
UNASSESSED-00108,docs/canon/reviews/foundational_gap_closure/C_AUDIT_EVIDENCE/C_AUDIT_EVIDENCE_CANON_INDEX_PROPOSAL.md,Comparison blocker in triage register,BLOCKS_UNCONSTRAINED_CODE_TO_GOVERNANCE_COMPARISON,Resolve or explicitly scope/pin canonical source before comparison,YES,NO
UNASSESSED-00109,docs/canon/reviews/foundational_gap_closure/D_COMMUNICATION_NOTICE/D_COMMUNICATION_NOTICE_CANON_INDEX_PROPOSAL.md,Comparison blocker in triage register,BLOCKS_UNCONSTRAINED_CODE_TO_GOVERNANCE_COMPARISON,Resolve or explicitly scope/pin canonical source before comparison,YES,NO
UNASSESSED-00110,docs/canon/reviews/foundational_gap_closure/E_PLATFORM_RELIABILITY/E_PLATFORM_RELIABILITY_CANON_INDEX_PROPOSAL.md,Comparison blocker in triage register,BLOCKS_UNCONSTRAINED_CODE_TO_GOVERNANCE_COMPARISON,Resolve or explicitly scope/pin canonical source before comparison,YES,NO
UNASSESSED-00111,docs/canon/reviews/foundational_gap_closure/FOUNDATIONAL_CANON_GAP_CLOSURE_REPORT.md,Comparison blocker in triage register,BLOCKS_AFFECTED_COMPARISON_OR_MUTATION_SCOPE,Resolve or explicitly scope/pin canonical source before comparison,YES,NO
UNASSESSED-00112,docs/canon/reviews/foundational_gap_closure/F_EXTERNAL_ADAPTERS/EXTERNAL_ARCHITECTURE_V2_0_CONSTITUTIONAL_CONFLICT_ANALYSIS.md,Comparison blocker in triage register,BLOCKS_UNCONSTRAINED_CODE_TO_GOVERNANCE_COMPARISON,Resolve or explicitly scope/pin canonical source before comparison,YES,NO
UNASSESSED-00113,docs/canon/reviews/foundational_gap_closure/F_EXTERNAL_ADAPTERS/EXTERNAL_ARCHITECTURE_V2_0_FINAL_CONTROLLED_ADOPTION_REPORT.md,Comparison blocker in triage register,BLOCKS_UNCONSTRAINED_CODE_TO_GOVERNANCE_COMPARISON,Resolve or explicitly scope/pin canonical source before comparison,YES,NO
UNASSESSED-00114,docs/canon/reviews/foundational_gap_closure/F_EXTERNAL_ADAPTERS/EXTERNAL_ARCHITECTURE_V2_0_FINAL_CROSS_CANON_CONSISTENCY_CONFIRMATION.md,Comparison blocker in triage register,BLOCKS_UNCONSTRAINED_CODE_TO_GOVERNANCE_COMPARISON,Resolve or explicitly scope/pin canonical source before comparison,YES,NO
UNASSESSED-00115,docs/canon/reviews/foundational_gap_closure/G_FINANCIAL_TRUTH/G_FINANCIAL_TRUTH_CANON_INDEX_PROPOSAL.md,Comparison blocker in triage register,BLOCKS_UNCONSTRAINED_CODE_TO_GOVERNANCE_COMPARISON,Resolve or explicitly scope/pin canonical source before comparison,YES,NO
UNASSESSED-00116,docs/canon/reviews/global_companion_reconciliation_v1_0/phase_g10_g11/GLOBAL_COMPANION_ARTIFACT_ADOPTION_ASSESSMENT.md,Comparison blocker in triage register,BLOCKS_AFFECTED_COMPARISON_OR_MUTATION_SCOPE,Resolve or explicitly scope/pin canonical source before comparison,YES,NO
UNASSESSED-00117,docs/canon/reviews/global_companion_reconciliation_v1_0/source/GLOBAL_COMPANION_RECONCILIATION_FOUNDER_DIRECTIVE.txt,Comparison blocker in triage register,BLOCKS_AFFECTED_COMPARISON_OR_MUTATION_SCOPE | BLOCKS_UNCONSTRAINED_CODE_TO_GOVERNANCE_COMPARISON,Resolve or explicitly scope/pin canonical source before comparison,YES,NO
UNASSESSED-00118,docs/canon/reviews/global_companion_reconciliation_v1_0/tools/build_global_companion_reconciliation.py,Comparison blocker in triage register,BLOCKS_AFFECTED_COMPARISON_OR_MUTATION_SCOPE,Resolve or explicitly scope/pin canonical source before comparison,YES,NO
UNASSESSED-00119,docs/canon/reviews/governance_v1_0_ai_reconciliation/resumption_exact_source/phase_r3/AI_V2_0_FOUNDER_DECISION_MATRIX_RATIFICATION_RECORD.md,Comparison blocker in triage register,BLOCKS_AFFECTED_FEATURE_COMPARISON,Resolve or explicitly scope/pin canonical source before comparison,YES,NO
UNASSESSED-00120,docs/canon/reviews/governance_v1_0_ai_reconciliation/resumption_exact_source/phase_r5/AI_V2_0_NARROW_FOUNDER_RATIFICATION_BLOCKER.md,Comparison blocker in triage register,BLOCKS_UNCONSTRAINED_CODE_TO_GOVERNANCE_COMPARISON,Resolve or explicitly scope/pin canonical source before comparison,YES,NO
UNASSESSED-00121,docs/canon/reviews/governance_v1_0_ai_reconciliation/resumption_exact_source/phase_r7/AI_V2_0_LOCKED_EVIDENCE_VERIFICATION_INSTRUCTIONS.md,Comparison blocker in triage register,BLOCKS_AFFECTED_COMPARISON_OR_MUTATION_SCOPE,Resolve or explicitly scope/pin canonical source before comparison,YES,NO
UNASSESSED-00122,docs/canon/reviews/governance_v1_0_ai_reconciliation/resumption_exact_source/source_uploaded/AI_V2_0_EXACT_SOURCE_INGESTION_DIRECTIVE.txt,Historical/draft/superseded row not permitted by canonical filter,UNASSESSED_HISTORICAL_SCOPE,Use canonical successor path if available,NO,NO
UNASSESSED-00123,docs/canon/reviews/governance_v1_0_ai_reconciliation/resumption_exact_source/source_uploaded/AI_V2_0_FOUNDER_DECISION_MATRIX_RATIFICATION_DIRECTIVE.txt,Comparison blocker in triage register,BLOCKS_AFFECTED_COMPARISON_OR_MUTATION_SCOPE,Resolve or explicitly scope/pin canonical source before comparison,YES,NO
UNASSESSED-00124,docs/canon/reviews/governance_v1_0_ai_reconciliation/source/GOVERNANCE_V1_0_AI_V2_RECONCILIATION_DIRECTIVE.txt,Comparison blocker in triage register,BLOCKS_AFFECTED_COMPARISON_OR_MUTATION_SCOPE | BLOCKS_UNCONSTRAINED_CODE_TO_GOVERNANCE_COMPARISON,Resolve or explicitly scope/pin canonical source before comparison,YES,NO
UNASSESSED-00125,docs/canon/reviews/governance_v1_0_c0_lifecycle_completion_batch_1/formal_scans/C0_BATCH_1_POST_LIFECYCLE_REMEDIATION_LEDGER.md,Comparison blocker in triage register,BLOCKS_AFFECTED_COMPARISON_OR_MUTATION_SCOPE,Resolve or explicitly scope/pin canonical source before comparison,YES,NO
UNASSESSED-00126,docs/canon/reviews/governance_v1_0_c0_lifecycle_completion_batch_1/source/C0_BATCH_1_TRACK_B_LOCK_FOUNDER_DIRECTIVE.txt,Comparison blocker in triage register,BLOCKS_AFFECTED_COMPARISON_OR_MUTATION_SCOPE,Resolve or explicitly scope/pin canonical source before comparison,YES,NO
UNASSESSED-00127,docs/canon/reviews/governance_v1_0_c0_lifecycle_completion_batch_1/source/C0_LIFECYCLE_COMPLETION_BATCH_1_FOUNDER_DIRECTIVE.md,Comparison blocker in triage register,BLOCKS_AFFECTED_COMPARISON_OR_MUTATION_SCOPE | BLOCKS_UNCONSTRAINED_CODE_TO_GOVERNANCE_COMPARISON,Resolve or explicitly scope/pin canonical source before comparison,YES,NO
UNASSESSED-00128,docs/canon/reviews/governance_v1_0_c0_lifecycle_completion_batch_1/tools/build_c0_batch_1.py,Comparison blocker in triage register,BLOCKS_AFFECTED_COMPARISON_OR_MUTATION_SCOPE,Resolve or explicitly scope/pin canonical source before comparison,YES,NO
UNASSESSED-00129,docs/canon/reviews/governance_v1_0_c0_lifecycle_completion_batch_1/tools/build_track_b_locks.py,Comparison blocker in triage register,BLOCKS_AFFECTED_COMPARISON_OR_MUTATION_SCOPE,Resolve or explicitly scope/pin canonical source before comparison,YES,NO
UNASSESSED-00130,docs/canon/reviews/governance_v1_0_c0_lifecycle_completion_batch_1/track_b/C0_BATCH_1_TRACK_B_ADOPTION_READINESS_MASTER_REPORT.md,Comparison blocker in triage register,BLOCKS_AFFECTED_COMPARISON_OR_MUTATION_SCOPE,Resolve or explicitly scope/pin canonical source before comparison,YES,NO
UNASSESSED-00131,docs/canon/reviews/governance_v1_0_c0_phase_c_hash_version_recovery/C0_PHASE_C_RETAINED_FINDINGS_REGISTER.md,Comparison blocker in triage register,BLOCKS_AFFECTED_COMPARISON_OR_MUTATION_SCOPE,Resolve or explicitly scope/pin canonical source before comparison,YES,NO
UNASSESSED-00132,docs/canon/reviews/governance_v1_0_c0_phase_c_hash_version_recovery/tools/build_phase_c_source_recovery.py,Comparison blocker in triage register,BLOCKS_AFFECTED_COMPARISON_OR_MUTATION_SCOPE,Resolve or explicitly scope/pin canonical source before comparison,YES,NO
UNASSESSED-00133,docs/canon/reviews/governance_v1_0_c0_phase_c_hash_version_recovery/tools/verify_phase_c_source_recovery.py,Comparison blocker in triage register,BLOCKS_AFFECTED_COMPARISON_OR_MUTATION_SCOPE,Resolve or explicitly scope/pin canonical source before comparison,YES,NO
UNASSESSED-00134,docs/canon/reviews/governance_v1_0_c0_phase_c_hash_version_recovery/track_c/C0_019/current_repository_source/MASTER_AGREEMENT_CONSENT_AND_AUTHORIZATION_MODEL_V2_0.md,Historical/draft/superseded row not permitted by canonical filter,UNASSESSED_HISTORICAL_SCOPE,Use canonical successor path if available,NO,NO
UNASSESSED-00135,docs/canon/reviews/governance_v1_0_c0_phase_c_hash_version_recovery/track_c/C0_019/recovered_sources/MASTER_AGREEMENT_CONSENT_AND_AUTHORIZATION_MODEL_V2_1.md,Historical/draft/superseded row not permitted by canonical filter,UNASSESSED_HISTORICAL_SCOPE,Use canonical successor path if available,NO,NO
UNASSESSED-00136,docs/canon/reviews/governance_v1_0_final_baseline_resumption/EVIDENCE_PACKAGE_MANIFEST.json,Comparison blocker in triage register,BLOCKS_UNCONSTRAINED_CODE_TO_GOVERNANCE_COMPARISON,Resolve or explicitly scope/pin canonical source before comparison,YES,NO
UNASSESSED-00137,docs/canon/reviews/governance_v1_0_final_baseline_resumption/c0_lifecycle/C0_CURRENT_LIFECYCLE_RECONCILIATION_REPORT.md,Historical/draft/superseded row not permitted by canonical filter,UNASSESSED_HISTORICAL_SCOPE,Use canonical successor path if available,NO,NO
UNASSESSED-00138,docs/canon/reviews/governance_v1_0_final_baseline_resumption/c0_lifecycle/C0_CURRENT_LIFECYCLE_STATE_REGISTER.md,Historical/draft/superseded row not permitted by canonical filter,UNASSESSED_HISTORICAL_SCOPE,Use canonical successor path if available,NO,NO
UNASSESSED-00139,docs/canon/reviews/governance_v1_0_final_baseline_resumption/c0_lifecycle/C0_HISTORICAL_TO_CURRENT_DELTA.md,Historical/draft/superseded row not permitted by canonical filter,UNASSESSED_HISTORICAL_SCOPE,Use canonical successor path if available,NO,NO
UNASSESSED-00140,docs/canon/reviews/governance_v1_0_final_baseline_resumption/c0_lifecycle/C0_LIFECYCLE_REMEDIATION_PLAN.md,Historical/draft/superseded row not permitted by canonical filter,UNASSESSED_HISTORICAL_SCOPE,Use canonical successor path if available,NO,NO
UNASSESSED-00141,docs/canon/reviews/governance_v1_0_final_baseline_resumption/closure/FINAL_GOVERNANCE_V1_0_CLOSURE_ASSESSMENT.md,Comparison blocker in triage register,BLOCKS_UNCONSTRAINED_CODE_TO_GOVERNANCE_COMPARISON,Resolve or explicitly scope/pin canonical source before comparison,YES,NO
UNASSESSED-00142,docs/canon/reviews/governance_v1_0_final_baseline_resumption/formal_scans/GOVERNANCE_V1_0_POST_ADOPTION_REMEDIATION_LEDGER.md,Comparison blocker in triage register,BLOCKS_AFFECTED_COMPARISON_OR_MUTATION_SCOPE,Resolve or explicitly scope/pin canonical source before comparison,YES,NO
UNASSESSED-00143,docs/canon/reviews/governance_v1_0_final_baseline_resumption/source/GLOBAL_COMPANION_ADOPTION_AND_GOVERNANCE_V1_RESUMPTION_DIRECTIVE.txt,Comparison blocker in triage register,BLOCKS_UNCONSTRAINED_CODE_TO_GOVERNANCE_COMPARISON,Resolve or explicitly scope/pin canonical source before comparison,YES,NO
UNASSESSED-00144,docs/canon/reviews/governance_v1_0_final_baseline_resumption/tools/build_governance_v1_resumption.py,Comparison blocker in triage register,BLOCKS_AFFECTED_COMPARISON_OR_MUTATION_SCOPE | BLOCKS_UNCONSTRAINED_CODE_TO_GOVERNANCE_COMPARISON,Resolve or explicitly scope/pin canonical source before comparison,YES,NO
UNASSESSED-00145,docs/canon/reviews/next_phase_governance/FOUNDATIONAL_CANON_CURRENT_STATE_MATRIX.md,Comparison blocker in triage register,BLOCKS_UNCONSTRAINED_CODE_TO_GOVERNANCE_COMPARISON,Resolve or explicitly scope/pin canonical source before comparison,YES,NO
UNASSESSED-00146,docs/canon/reviews/next_phase_governance/NEXT_PHASE_FOUNDER_DECISION_PACKAGE.md,Comparison blocker in triage register,BLOCKS_AFFECTED_COMPARISON_OR_MUTATION_SCOPE,Resolve or explicitly scope/pin canonical source before comparison,YES,NO
UNASSESSED-00147,docs/canon/reviews/next_phase_governance/NEXT_PHASE_GOVERNANCE_ASSESSMENT.md,Comparison blocker in triage register,BLOCKS_AFFECTED_COMPARISON_OR_MUTATION_SCOPE,Resolve or explicitly scope/pin canonical source before comparison,YES,NO
UNASSESSED-00148,docs/canon/reviews/next_phase_governance/NEXT_WORKSTREAM_CANDIDATE_RANKING.md,Comparison blocker in triage register,BLOCKS_UNCONSTRAINED_CODE_TO_GOVERNANCE_COMPARISON,Resolve or explicitly scope/pin canonical source before comparison,YES,NO
UNASSESSED-00149,docs/canon/reviews/next_phase_governance/OPEN_FINDINGS_AND_DEFERRALS_CARRYFORWARD.md,Comparison blocker in triage register,BLOCKS_AFFECTED_COMPARISON_OR_MUTATION_SCOPE,Resolve or explicitly scope/pin canonical source before comparison,YES,NO
UNASSESSED-00150,docs/canon/reviews/parallel_safeguarding_companion_reconciliation_v1_0/SAFEGUARDING_POLICY_CONFLICT_AND_FOUNDER_CONFIRMATION_REGISTER.md,Comparison blocker in triage register,BLOCKS_UNCONSTRAINED_CODE_TO_GOVERNANCE_COMPARISON,Resolve or explicitly scope/pin canonical source before comparison,YES,NO
UNASSESSED-00151,docs/canon/reviews/parallel_safeguarding_companion_reconciliation_v1_0/SAFEGUARDING_RECONCILIATION_COMPLETION_REPORT.md,Comparison blocker in triage register,BLOCKS_UNCONSTRAINED_CODE_TO_GOVERNANCE_COMPARISON,Resolve or explicitly scope/pin canonical source before comparison,YES,NO
UNASSESSED-00152,docs/canon/reviews/parallel_safeguarding_companion_reconciliation_v1_0/adoption_candidate_review/SAFEGUARDING_V1_2_CROSS_CANON_REFERENCE_REPORT.md,Historical/draft/superseded row not permitted by canonical filter,UNASSESSED_HISTORICAL_SCOPE,Use canonical successor path if available,NO,NO
UNASSESSED-00153,docs/canon/reviews/parallel_safeguarding_companion_reconciliation_v1_0/adoption_candidate_review/SAFEGUARDING_V1_2_VALIDATION_REPORT.md,Comparison blocker in triage register,BLOCKS_UNCONSTRAINED_CODE_TO_GOVERNANCE_COMPARISON,Resolve or explicitly scope/pin canonical source before comparison,YES,NO
UNASSESSED-00154,docs/canon/reviews/parallel_safeguarding_companion_reconciliation_v1_0/founder_confirmation/EQUINESYNC_SAFEGUARDING_FOUNDER_CONFIRMATION_POLICY_RESOLUTION_AND_ADOPTION_CANDIDATE_AUTHORIZATION.md,Comparison blocker in triage register,BLOCKS_UNCONSTRAINED_CODE_TO_GOVERNANCE_COMPARISON,Resolve or explicitly scope/pin canonical source before comparison,YES,NO
UNASSESSED-00155,docs/canon/reviews/parallel_safeguarding_companion_reconciliation_v1_0/source_package/extracted/MASTER_MINOR_GUARDIANSHIP_SAFEGUARDING_AND_PROTECTED_PARTICIPANT_MODEL_V1_1_REVIEWED_DRAFT.md,Historical/draft/superseded row not permitted by canonical filter,UNASSESSED_HISTORICAL_SCOPE,Use canonical successor path if available,NO,NO
UNASSESSED-00156,docs/canon/reviews/privacy_reporting_format_counterpart_completion_v1_0/PRIVACY_FORMAT_COUNTERPART_PROVENANCE_RECORD.md,Comparison blocker in triage register,BLOCKS_UNCONSTRAINED_CODE_TO_GOVERNANCE_COMPARISON,Resolve or explicitly scope/pin canonical source before comparison,YES,NO
UNASSESSED-00157,docs/canon/reviews/privacy_reporting_format_counterpart_completion_v1_0/REPORTING_FORMAT_COUNTERPART_PROVENANCE_RECORD.md,Comparison blocker in triage register,BLOCKS_UNCONSTRAINED_CODE_TO_GOVERNANCE_COMPARISON,Resolve or explicitly scope/pin canonical source before comparison,YES,NO
UNASSESSED-00158,docs/canon/reviews/privacy_reporting_format_counterpart_completion_v1_0/tools/build_completion.py,Comparison blocker in triage register,BLOCKS_UNCONSTRAINED_CODE_TO_GOVERNANCE_COMPARISON,Resolve or explicitly scope/pin canonical source before comparison,YES,NO
UNASSESSED-00159,docs/canon/reviews/remaining_founder_approved_adoption_and_lock_v1_0/REMAINING_CANON_ROW_GATE_REPORT.md,Comparison blocker in triage register,BLOCKS_AFFECTED_COMPARISON_OR_MUTATION_SCOPE | BLOCKS_UNCONSTRAINED_CODE_TO_GOVERNANCE_COMPARISON,Resolve or explicitly scope/pin canonical source before comparison,YES,NO
UNASSESSED-00160,docs/canon/reviews/remaining_founder_approved_adoption_and_lock_v1_0/tools/build_adoption_and_locks.py,Comparison blocker in triage register,BLOCKS_AFFECTED_COMPARISON_OR_MUTATION_SCOPE | BLOCKS_UNCONSTRAINED_CODE_TO_GOVERNANCE_COMPARISON,Resolve or explicitly scope/pin canonical source before comparison,YES,NO
UNASSESSED-00161,docs/canon/reviews/stage0_c0_repository_incorporation/STAGE0_C0_REPOSITORY_INCORPORATION_MANIFEST.json,Comparison blocker in triage register,BLOCKS_UNCONSTRAINED_CODE_TO_GOVERNANCE_COMPARISON,Resolve or explicitly scope/pin canonical source before comparison,YES,NO
UNASSESSED-00162,docs/canon/reviews/stage0_companion_reconciliation_v1_2/03_MEDIA_FILES_DIGITAL_ASSET_GOVERNANCE_GAP_MATRIX_V1_1.md,Comparison blocker in triage register,BLOCKS_UNCONSTRAINED_CODE_TO_GOVERNANCE_COMPARISON,Resolve or explicitly scope/pin canonical source before comparison,YES,NO
UNASSESSED-00163,docs/canon/reviews/stage0_companion_reconciliation_v1_2/EQUINESYNC_GOVERNANCE_COMPANION_ARTIFACTS_REVIEW_MEMORANDUM_V1_2.md,Historical/draft/superseded row not permitted by canonical filter,UNASSESSED_HISTORICAL_SCOPE,Use canonical successor path if available,NO,NO
UNASSESSED-00164,docs/canon/reviews/stage0_companion_reconciliation_v1_2/MASTER_MEDIA_FILES_AND_DIGITAL_ASSET_GOVERNANCE_MODEL_V2_1.md,Historical/draft/superseded row not permitted by canonical filter,UNASSESSED_HISTORICAL_SCOPE,Use canonical successor path if available,NO,NO
UNASSESSED-00165,docs/implementation/MASTER_EQUINESYNC_IMPLEMENTATION_ATLAS_DECISION_LOG.md,Comparison blocker in triage register,BLOCKS_AFFECTED_FEATURE_COMPARISON,Resolve or explicitly scope/pin canonical source before comparison,YES,NO
UNASSESSED-00166,docs/implementation/MASTER_EQUINESYNC_IMPLEMENTATION_ATLAS_DELIVERABLE_MANIFEST.md,Historical/draft/superseded row not permitted by canonical filter,UNASSESSED_HISTORICAL_SCOPE,Use canonical successor path if available,NO,NO
UNASSESSED-00167,docs/implementation/MASTER_EQUINESYNC_IMPLEMENTATION_ATLAS_FOUNDER_DECISION_PACKET.md,Comparison blocker in triage register,BLOCKS_AFFECTED_FEATURE_COMPARISON,Resolve or explicitly scope/pin canonical source before comparison,YES,NO
UNASSESSED-00168,docs/implementation/MASTER_EQUINESYNC_IMPLEMENTATION_ATLAS_P1_RESOLUTION_MATRIX.md,Comparison blocker in triage register,BLOCKS_AFFECTED_FEATURE_COMPARISON,Resolve or explicitly scope/pin canonical source before comparison,YES,NO
UNASSESSED-00169,docs/implementation/MASTER_EQUINESYNC_IMPLEMENTATION_ATLAS_V1_0_RETAINED_FINDINGS_REGISTER.md,Comparison blocker in triage register,BLOCKS_AFFECTED_FEATURE_COMPARISON,Resolve or explicitly scope/pin canonical source before comparison,YES,NO
UNASSESSED-00170,docs/implementation/MASTER_EQUINESYNC_PROGRAM_BOARD.md,Comparison blocker in triage register,BLOCKS_AFFECTED_FEATURE_COMPARISON,Resolve or explicitly scope/pin canonical source before comparison,YES,NO
UNASSESSED-00171,docs/implementation/MASTER_EQUINESYNC_PROGRAM_BOARD_CHANGE_LOG.md,Comparison blocker in triage register,BLOCKS_AFFECTED_FEATURE_COMPARISON,Resolve or explicitly scope/pin canonical source before comparison,YES,NO
UNASSESSED-00172,docs/implementation/MASTER_EQUINESYNC_PROGRAM_BOARD_EVIDENCE_MATRIX.md,Comparison blocker in triage register,BLOCKS_AFFECTED_FEATURE_COMPARISON,Resolve or explicitly scope/pin canonical source before comparison,YES,NO
UNASSESSED-00173,docs/implementation/MASTER_EQUINESYNC_WAVE_0_CANON_INTEGRATION_PLAN.md,Historical/draft/superseded row not permitted by canonical filter,UNASSESSED_HISTORICAL_SCOPE,Use canonical successor path if available,NO,NO
UNASSESSED-00174,docs/implementation/MASTER_EQUINESYNC_WAVE_1_DEPENDENCY_MATRIX.md,Comparison blocker in triage register,BLOCKS_AFFECTED_FEATURE_COMPARISON,Resolve or explicitly scope/pin canonical source before comparison,YES,NO
UNASSESSED-00175,docs/implementation/MASTER_EQUINESYNC_WAVE_1_SCOPE_OPTIONS.md,Historical/draft/superseded row not permitted by canonical filter,UNASSESSED_HISTORICAL_SCOPE,Use canonical successor path if available,NO,NO
UNASSESSED-00176,docs/implementation/NATIVE_OFFLINE_SYNC_IMPLEMENTATION_PLANNING/NATIVE_OFFLINE_SYNC_FIRST_BOUNDED_SLICE_RECOMMENDATION.md,Comparison blocker in triage register,BLOCKS_UNCONSTRAINED_CODE_TO_GOVERNANCE_COMPARISON,Resolve or explicitly scope/pin canonical source before comparison,YES,NO
UNASSESSED-00177,docs/implementation/NATIVE_OFFLINE_SYNC_IMPLEMENTATION_PLANNING/NATIVE_OFFLINE_SYNC_IMPLEMENTATION_PLANNING_EXECUTIVE_SUMMARY.md,Comparison blocker in triage register,BLOCKS_UNCONSTRAINED_CODE_TO_GOVERNANCE_COMPARISON,Resolve or explicitly scope/pin canonical source before comparison,YES,NO
UNASSESSED-00178,docs/implementation/NATIVE_OFFLINE_SYNC_IMPLEMENTATION_PLANNING/NATIVE_OFFLINE_SYNC_IMPLEMENTATION_RISK_REGISTER.md,Comparison blocker in triage register,BLOCKS_AFFECTED_FEATURE_COMPARISON,Resolve or explicitly scope/pin canonical source before comparison,YES,NO
UNASSESSED-00179,docs/implementation/NATIVE_OFFLINE_SYNC_IMPLEMENTATION_PLANNING/NATIVE_OFFLINE_SYNC_OBSERVABILITY_AND_SUPPORT_PLAN.md,Comparison blocker in triage register,BLOCKS_UNCONSTRAINED_CODE_TO_GOVERNANCE_COMPARISON,Resolve or explicitly scope/pin canonical source before comparison,YES,NO
UNASSESSED-00180,docs/implementation/NATIVE_OFFLINE_SYNC_IMPLEMENTATION_PLANNING/NATIVE_OFFLINE_SYNC_PHASE_ENTRY_EXIT_GATES.md,Comparison blocker in triage register,BLOCKS_AFFECTED_FEATURE_COMPARISON,Resolve or explicitly scope/pin canonical source before comparison,YES,NO
UNASSESSED-00181,docs/implementation/W1_RF01/W1_RF01_IMMEDIATE_RISK_ESCALATION_REPORT.md,Comparison blocker in triage register,BLOCKS_AFFECTED_FEATURE_COMPARISON,Resolve or explicitly scope/pin canonical source before comparison,YES,NO
UNASSESSED-00182,docs/implementation/W1_RF01/W1_RF01_P1_RESOLUTION_MATRIX.md,Comparison blocker in triage register,BLOCKS_UNCONSTRAINED_CODE_TO_GOVERNANCE_COMPARISON,Resolve or explicitly scope/pin canonical source before comparison,YES,NO
UNASSESSED-00183,docs/implementation/W1_RF01/W1_RF01_TENANT_AND_FACILITY_ISOLATION_REPORT.md,Comparison blocker in triage register,BLOCKS_AFFECTED_FEATURE_COMPARISON,Resolve or explicitly scope/pin canonical source before comparison,YES,NO
UNASSESSED-00184,docs/implementation/WAVE_1/WAVE_1_PHASE_10_FINDINGS_ADJUDICATION.md,Comparison blocker in triage register,BLOCKS_AFFECTED_FEATURE_COMPARISON,Resolve or explicitly scope/pin canonical source before comparison,YES,NO
UNASSESSED-00185,docs/implementation/WAVE_2/MASTER_EQUINESYNC_WAVE_2_FINAL_LOCK_DECISION.md,Comparison blocker in triage register,BLOCKS_AFFECTED_FEATURE_COMPARISON,Resolve or explicitly scope/pin canonical source before comparison,YES,NO
UNASSESSED-00186,docs/implementation/WAVE_2/MASTER_EQUINESYNC_WAVE_2_LOCK_READINESS_REPORT.md,Comparison blocker in triage register,BLOCKS_UNCONSTRAINED_CODE_TO_GOVERNANCE_COMPARISON,Resolve or explicitly scope/pin canonical source before comparison,YES,NO
UNASSESSED-00187,docs/implementation/WAVE_2_P2_CI_EGRESS/CI_EGRESS_CLOSURE_REPORT.md,Comparison blocker in triage register,BLOCKS_AFFECTED_FEATURE_COMPARISON,Resolve or explicitly scope/pin canonical source before comparison,YES,NO
UNASSESSED-00188,docs/implementation/WAVE_2_P2_CI_EGRESS/CI_EGRESS_FINDINGS_REGISTER.md,Comparison blocker in triage register,BLOCKS_AFFECTED_FEATURE_COMPARISON,Resolve or explicitly scope/pin canonical source before comparison,YES,NO
UNASSESSED-00189,docs/implementation/WAVE_2_P2_CI_EGRESS/CI_EGRESS_GOVERNANCE_REVIEW_REPORT.md,Comparison blocker in triage register,BLOCKS_AFFECTED_FEATURE_COMPARISON,Resolve or explicitly scope/pin canonical source before comparison,YES,NO
UNASSESSED-00190,docs/implementation/WAVE_2_P2_NATIVE_OFFLINE_SYNC/NATIVE_OFFLINE_SYNC_CONFLICT_RESOLUTION_MODEL.md,Historical/draft/superseded row not permitted by canonical filter,UNASSESSED_HISTORICAL_SCOPE,Use canonical successor path if available,NO,NO
UNASSESSED-00191,docs/implementation/WAVE_2_P2_NATIVE_OFFLINE_SYNC/NATIVE_OFFLINE_SYNC_GOVERNANCE_GAP_MATRIX.md,Comparison blocker in triage register,BLOCKS_UNCONSTRAINED_CODE_TO_GOVERNANCE_COMPARISON,Resolve or explicitly scope/pin canonical source before comparison,YES,NO
UNASSESSED-00192,docs/implementation/WAVE_2_P2_NATIVE_OFFLINE_SYNC/NATIVE_OFFLINE_SYNC_P2_RETENTION_REGISTER.md,Comparison blocker in triage register,BLOCKS_UNCONSTRAINED_CODE_TO_GOVERNANCE_COMPARISON,Resolve or explicitly scope/pin canonical source before comparison,YES,NO
UNASSESSED-00193,docs/implementation/WAVE_2_P2_NATIVE_OFFLINE_SYNC/NATIVE_OFFLINE_SYNC_TEST_AND_VALIDATION_PLAN.md,Comparison blocker in triage register,BLOCKS_UNCONSTRAINED_CODE_TO_GOVERNANCE_COMPARISON,Resolve or explicitly scope/pin canonical source before comparison,YES,NO
UNASSESSED-00194,docs/implementation/WAVE_2_P2_NATIVE_OFFLINE_SYNC/NATIVE_OFFLINE_SYNC_THREAT_AND_FAILURE_ANALYSIS.md,Comparison blocker in triage register,BLOCKS_AFFECTED_FEATURE_COMPARISON,Resolve or explicitly scope/pin canonical source before comparison,YES,NO
UNASSESSED-00195,governance/implementation/code-guides/CONTROLLED_VALUES.md,Historical/draft/superseded row not permitted by canonical filter,UNASSESSED_HISTORICAL_SCOPE,Use canonical successor path if available,NO,NO
UNASSESSED-00196,governance/implementation/code-guides/PROGRAM_STATUS.md,Comparison blocker in triage register,BLOCKS_AFFECTED_FEATURE_COMPARISON,Resolve or explicitly scope/pin canonical source before comparison,YES,NO
UNASSESSED-00197,governance/implementation/code-guides/REGISTER_DATA_DICTIONARY.md,Historical/draft/superseded row not permitted by canonical filter,UNASSESSED_HISTORICAL_SCOPE,Use canonical successor path if available,NO,NO
UNASSESSED-00198,governance/implementation/code-guides/assessment/CURRENT_CODE_GUIDE_GAP_REGISTER.csv,Comparison blocker in triage register,BLOCKS_UNCONSTRAINED_CODE_TO_GOVERNANCE_COMPARISON,Resolve or explicitly scope/pin canonical source before comparison,YES,NO
UNASSESSED-00199,governance/implementation/code-guides/assessment/CURRENT_REPOSITORY_COMPONENT_REGISTER.csv,Comparison blocker in triage register,BLOCKS_AFFECTED_FEATURE_COMPARISON,Resolve or explicitly scope/pin canonical source before comparison,YES,NO
UNASSESSED-00200,governance/implementation/code-guides/assessment/REPOSITORY_AUTHORITY_ALIGNMENT_REGISTER.csv,Comparison blocker in triage register,BLOCKS_AFFECTED_FEATURE_COMPARISON,Resolve or explicitly scope/pin canonical source before comparison,YES,NO
UNASSESSED-00201,governance/implementation/code-guides/classification/CGP-006/CGP_006_CLASSIFICATION_FINDING_REGISTER.csv,Comparison blocker in triage register,BLOCKS_UNCONSTRAINED_CODE_TO_GOVERNANCE_COMPARISON,Resolve or explicitly scope/pin canonical source before comparison,YES,NO
UNASSESSED-00202,governance/implementation/code-guides/classification/CGP-006/CGP_006_DOCUMENT_CLASSIFICATION_CHECKSUMS.sha256,Historical/draft/superseded row not permitted by canonical filter,UNASSESSED_HISTORICAL_SCOPE,Use canonical successor path if available,NO,NO
UNASSESSED-00203,governance/implementation/code-guides/classification/CGP-006/CGP_006_DOCUMENT_CLASSIFICATION_FOUNDER_DISPOSITION.md,Comparison blocker in triage register,BLOCKS_UNCONSTRAINED_CODE_TO_GOVERNANCE_COMPARISON,Resolve or explicitly scope/pin canonical source before comparison,YES,NO
UNASSESSED-00204,governance/implementation/code-guides/classification/CGP-006/CGP_006_DOCUMENT_CLASSIFICATION_MANIFEST.json,Historical/draft/superseded row not permitted by canonical filter,UNASSESSED_HISTORICAL_SCOPE,Use canonical successor path if available,NO,NO
UNASSESSED-00205,governance/implementation/code-guides/classification/CGP-006/CGP_006_DOCUMENT_CLASSIFICATION_REPORT.md,Comparison blocker in triage register,BLOCKS_UNCONSTRAINED_CODE_TO_GOVERNANCE_COMPARISON,Resolve or explicitly scope/pin canonical source before comparison,YES,NO
UNASSESSED-00206,governance/implementation/code-guides/classification/CGP-006/CGP_006_FOUNDER_APPROVED_CONTEXT_REGISTER.csv,Comparison blocker in triage register,BLOCKS_AFFECTED_FEATURE_COMPARISON,Resolve or explicitly scope/pin canonical source before comparison,YES,NO
UNASSESSED-00207,governance/implementation/code-guides/classification/CGP-006/CGP_006_GUIDE_FAMILY_SOURCE_ALLOCATION.csv,Historical/draft/superseded row not permitted by canonical filter,UNASSESSED_HISTORICAL_SCOPE,Use canonical successor path if available,NO,NO
UNASSESSED-00208,governance/implementation/code-guides/classification/CGP-006/CGP_006_NORMATIVE_ROW_RECONCILIATION.csv,Comparison blocker in triage register,BLOCKS_AFFECTED_FEATURE_COMPARISON,Resolve or explicitly scope/pin canonical source before comparison,YES,NO
UNASSESSED-00209,governance/implementation/code-guides/classification/CGP-006/CGP_006_REFERENCE_ONLY_REGISTER.csv,Comparison blocker in triage register,BLOCKS_AFFECTED_FEATURE_COMPARISON,Resolve or explicitly scope/pin canonical source before comparison,YES,NO
UNASSESSED-00210,governance/implementation/code-guides/classification/CGP-006/CGP_006_SUPERSEDED_SOURCE_REGISTER.csv,Historical/draft/superseded row not permitted by canonical filter,UNASSESSED_HISTORICAL_SCOPE,Use canonical successor path if available,NO,NO
UNASSESSED-00211,governance/implementation/code-guides/drafting/CGP-006/CODE_GUIDE_PROGRAM_V1_1_POST_CUSTODY_CLOSEOUT_AND_STATUS_RECONCILIATION/CURRENT_STATUS_RECONCILIATION.md,Historical/draft/superseded row not permitted by canonical filter,UNASSESSED_HISTORICAL_SCOPE,Use canonical successor path if available,NO,NO
UNASSESSED-00212,governance/implementation/code-guides/drafting/CGP-006/CODE_GUIDE_PROGRAM_V1_1_POST_CUSTODY_CLOSEOUT_AND_STATUS_RECONCILIATION/PR_44_SUPERSESSION_CLOSEOUT.md,Historical/draft/superseded row not permitted by canonical filter,UNASSESSED_HISTORICAL_SCOPE,Use canonical successor path if available,NO,NO
UNASSESSED-00213,governance/implementation/code-guides/drafting/CGP-006/CODE_GUIDE_PROGRAM_V1_1_POST_CUSTODY_CLOSEOUT_AND_STATUS_RECONCILIATION/STALE_STATUS_ASSERTION_INVENTORY.csv,Historical/draft/superseded row not permitted by canonical filter,UNASSESSED_HISTORICAL_SCOPE,Use canonical successor path if available,NO,NO
UNASSESSED-00214,governance/implementation/code-guides/drafting/CGP-006/CODE_GUIDE_PROGRAM_V1_1_POST_CUSTODY_CLOSEOUT_AND_STATUS_RECONCILIATION/validators/validate_post_custody_closeout.py,Historical/draft/superseded row not permitted by canonical filter,UNASSESSED_HISTORICAL_SCOPE,Use canonical successor path if available,NO,NO
UNASSESSED-00215,governance/implementation/code-guides/drafting/CGP-006/CODE_GUIDE_PROGRAM_V1_1_RECONCILIATION/AUTHORITY_BOUNDARY_REPORT.md,Comparison blocker in triage register,BLOCKS_UNCONSTRAINED_CODE_TO_GOVERNANCE_COMPARISON,Resolve or explicitly scope/pin canonical source before comparison,YES,NO
UNASSESSED-00216,governance/implementation/code-guides/drafting/CGP-006/CODE_GUIDE_PROGRAM_V1_1_RECONCILIATION/AUTHORITY_MODEL_RECONCILIATION.md,Historical/draft/superseded row not permitted by canonical filter,UNASSESSED_HISTORICAL_SCOPE,Use canonical successor path if available,NO,NO
UNASSESSED-00217,governance/implementation/code-guides/drafting/CGP-006/CODE_GUIDE_PROGRAM_V1_1_RECONCILIATION/FOUNDER_DISPOSITION_OF_RECONCILIATION.md,Comparison blocker in triage register,BLOCKS_UNCONSTRAINED_CODE_TO_GOVERNANCE_COMPARISON,Resolve or explicitly scope/pin canonical source before comparison,YES,NO
UNASSESSED-00218,governance/implementation/code-guides/drafting/CGP-006/CODE_GUIDE_PROGRAM_V1_1_RECONCILIATION/MATURITY_STATE_RECONCILIATION.csv,Historical/draft/superseded row not permitted by canonical filter,UNASSESSED_HISTORICAL_SCOPE,Use canonical successor path if available,NO,NO
UNASSESSED-00219,governance/implementation/code-guides/drafting/CGP-006/CODE_GUIDE_PROGRAM_V1_1_RECONCILIATION/PR_44_V1_1_IMPACT_ASSESSMENT.md,Historical/draft/superseded row not permitted by canonical filter,UNASSESSED_HISTORICAL_SCOPE,Use canonical successor path if available,NO,NO
UNASSESSED-00220,governance/implementation/code-guides/drafting/CGP-006/CODE_GUIDE_PROGRAM_V1_1_RECONCILIATION/validators/validate_code_guide_program_v1_1_reconciliation.py,Historical/draft/superseded row not permitted by canonical filter,UNASSESSED_HISTORICAL_SCOPE,Use canonical successor path if available,NO,NO
UNASSESSED-00221,governance/implementation/code-guides/drafting/CGP-006/CODE_GUIDE_PROGRAM_V1_1_REVISION_AND_PR_44_SUCCESSOR_PREPARATION/CONTROLLED_VALUE_MIGRATION_CROSSWALK.csv,Historical/draft/superseded row not permitted by canonical filter,UNASSESSED_HISTORICAL_SCOPE,Use canonical successor path if available,NO,NO
UNASSESSED-00222,governance/implementation/code-guides/drafting/CGP-006/CODE_GUIDE_PROGRAM_V1_1_REVISION_AND_PR_44_SUCCESSOR_PREPARATION/FOUNDER_DISPOSITION_OF_PR_49.md,Comparison blocker in triage register,BLOCKS_UNCONSTRAINED_CODE_TO_GOVERNANCE_COMPARISON,Resolve or explicitly scope/pin canonical source before comparison,YES,NO
UNASSESSED-00223,governance/implementation/code-guides/drafting/CGP-006/CODE_GUIDE_PROGRAM_V1_1_REVISION_AND_PR_44_SUCCESSOR_PREPARATION/PR_44_SUCCESSOR_PREPARATION_REPORT.md,Historical/draft/superseded row not permitted by canonical filter,UNASSESSED_HISTORICAL_SCOPE,Use canonical successor path if available,NO,NO
UNASSESSED-00224,governance/implementation/code-guides/drafting/CGP-006/CODE_GUIDE_PROGRAM_V1_1_REVISION_AND_PR_44_SUCCESSOR_PREPARATION/validators/validate_revision_package.py,Comparison blocker in triage register,BLOCKS_UNCONSTRAINED_CODE_TO_GOVERNANCE_COMPARISON,Resolve or explicitly scope/pin canonical source before comparison,YES,NO
UNASSESSED-00225,governance/implementation/code-guides/drafting/CGP-006/SOLO_FOUNDER_COMPENSATING_ASSURANCE_PROFILE_AND_STAGE_24_READINESS_REBASE_V1/MULTI_PASS_REVIEW_RECONCILIATION_REPORT.md,Comparison blocker in triage register,BLOCKS_UNCONSTRAINED_CODE_TO_GOVERNANCE_COMPARISON,Resolve or explicitly scope/pin canonical source before comparison,YES,NO
UNASSESSED-00226,governance/implementation/code-guides/drafting/CGP-006/SOLO_FOUNDER_COMPENSATING_ASSURANCE_PROFILE_AND_STAGE_24_READINESS_REBASE_V1/PASS_A_AUTHORITY_AND_SOURCE_FIDELITY_REVIEW.md,Comparison blocker in triage register,BLOCKS_UNCONSTRAINED_CODE_TO_GOVERNANCE_COMPARISON,Resolve or explicitly scope/pin canonical source before comparison,YES,NO
UNASSESSED-00227,governance/implementation/code-guides/drafting/CGP-006/SOLO_FOUNDER_COMPENSATING_ASSURANCE_PROFILE_AND_STAGE_24_READINESS_REBASE_V1/PROPOSED_STAGE_24_ACTIVATION_SCOPE_MATRIX.csv,Historical/draft/superseded row not permitted by canonical filter,UNASSESSED_HISTORICAL_SCOPE,Use canonical successor path if available,NO,NO
UNASSESSED-00228,governance/implementation/code-guides/drafting/CGP-006/SOLO_FOUNDER_COMPENSATING_ASSURANCE_PROFILE_AND_STAGE_24_READINESS_REBASE_V1/WAVE_1_FINDING_TREATMENT_MATRIX.csv,Comparison blocker in triage register,BLOCKS_UNCONSTRAINED_CODE_TO_GOVERNANCE_COMPARISON,Resolve or explicitly scope/pin canonical source before comparison,YES,NO
UNASSESSED-00229,governance/implementation/code-guides/drafting/CGP-006/SOLO_FOUNDER_COMPENSATING_ASSURANCE_PROFILE_AND_STAGE_24_READINESS_REBASE_V1/validators/validate_solo_founder_assurance_stage24_readiness.py,Comparison blocker in triage register,BLOCKS_UNCONSTRAINED_CODE_TO_GOVERNANCE_COMPARISON,Resolve or explicitly scope/pin canonical source before comparison,YES,NO
UNASSESSED-00230,governance/implementation/code-guides/drafting/CGP-006/WAVE_1_ACTIVATION_AND_EVIDENCE_PLANNING_V1_1_SUCCESSOR/FOUNDER_REVIEW_SUMMARY.md,Comparison blocker in triage register,BLOCKS_UNCONSTRAINED_CODE_TO_GOVERNANCE_COMPARISON,Resolve or explicitly scope/pin canonical source before comparison,YES,NO
UNASSESSED-00231,governance/implementation/code-guides/drafting/CGP-006/WAVE_1_ACTIVATION_AND_EVIDENCE_PLANNING_V1_1_SUCCESSOR/GAP_0004_STATUS_REPORT.md,Comparison blocker in triage register,BLOCKS_UNCONSTRAINED_CODE_TO_GOVERNANCE_COMPARISON,Resolve or explicitly scope/pin canonical source before comparison,YES,NO
UNASSESSED-00232,governance/implementation/code-guides/drafting/CGP-006/WAVE_1_ACTIVATION_AND_EVIDENCE_PLANNING_V1_1_SUCCESSOR/SUCCESSOR_REVIEW_DISPOSITION.md,Comparison blocker in triage register,BLOCKS_UNCONSTRAINED_CODE_TO_GOVERNANCE_COMPARISON,Resolve or explicitly scope/pin canonical source before comparison,YES,NO
UNASSESSED-00233,governance/implementation/code-guides/drafting/CGP-006/WAVE_1_ACTIVATION_AND_EVIDENCE_PLANNING_V1_1_SUCCESSOR/WAVE_1_PREREQUISITE_REGISTER.csv,Comparison blocker in triage register,BLOCKS_UNCONSTRAINED_CODE_TO_GOVERNANCE_COMPARISON,Resolve or explicitly scope/pin canonical source before comparison,YES,NO
UNASSESSED-00234,governance/implementation/code-guides/drafting/CGP-006/WAVE_1_ACTIVATION_AND_EVIDENCE_PLANNING_V1_1_SUCCESSOR/WAVE_1_WARNING_REGISTER.csv,Comparison blocker in triage register,BLOCKS_UNCONSTRAINED_CODE_TO_GOVERNANCE_COMPARISON,Resolve or explicitly scope/pin canonical source before comparison,YES,NO
UNASSESSED-00235,governance/implementation/code-guides/drafting/CGP-006/WAVE_1_ACTIVATION_AND_EVIDENCE_PLANNING_V1_1_SUCCESSOR/validators/validate_wave1_successor_package.py,Comparison blocker in triage register,BLOCKS_UNCONSTRAINED_CODE_TO_GOVERNANCE_COMPARISON,Resolve or explicitly scope/pin canonical source before comparison,YES,NO
UNASSESSED-00236,governance/implementation/code-guides/drafting/CGP-006/WAVE_1_CANDIDATE_DRAFTING_V1/guides/ES-CG-13/ES-CG-13_CANDIDATE_GUIDE.md,Comparison blocker in triage register,BLOCKS_UNCONSTRAINED_CODE_TO_GOVERNANCE_COMPARISON,Resolve or explicitly scope/pin canonical source before comparison,YES,NO
UNASSESSED-00237,governance/implementation/code-guides/drafting/CGP-006/WAVE_1_CANDIDATE_DRAFTING_V1/registers/CGP_006_WAVE_1_MANDATORY_QUESTION_REGISTER.csv,Comparison blocker in triage register,BLOCKS_UNCONSTRAINED_CODE_TO_GOVERNANCE_COMPARISON,Resolve or explicitly scope/pin canonical source before comparison,YES,NO
UNASSESSED-00238,governance/implementation/code-guides/drafting/CGP-006/WAVE_1_CANDIDATE_DRAFTING_V1/reports/CGP_006_WAVE_1_VALIDATION_REPORT.md,Historical/draft/superseded row not permitted by canonical filter,UNASSESSED_HISTORICAL_SCOPE,Use canonical successor path if available,NO,NO
UNASSESSED-00239,governance/implementation/code-guides/drafting/CGP-006/WAVE_1_CANDIDATE_DRAFTING_V1/reviews/CGP_006_WAVE_1_DUPLICATE_CONTROL_REGISTER.csv,Comparison blocker in triage register,BLOCKS_UNCONSTRAINED_CODE_TO_GOVERNANCE_COMPARISON,Resolve or explicitly scope/pin canonical source before comparison,YES,NO
UNASSESSED-00240,governance/implementation/code-guides/drafting/CGP-006/WAVE_1_CANDIDATE_DRAFTING_V1/reviews/CGP_006_WAVE_1_DUPLICATE_INVARIANT_REGISTER.csv,Comparison blocker in triage register,BLOCKS_UNCONSTRAINED_CODE_TO_GOVERNANCE_COMPARISON,Resolve or explicitly scope/pin canonical source before comparison,YES,NO
UNASSESSED-00241,governance/implementation/code-guides/drafting/CGP-006/WAVE_1_CANDIDATE_DRAFTING_V1/reviews/CGP_006_WAVE_1_DUPLICATE_REQUIREMENT_REGISTER.csv,Comparison blocker in triage register,BLOCKS_UNCONSTRAINED_CODE_TO_GOVERNANCE_COMPARISON,Resolve or explicitly scope/pin canonical source before comparison,YES,NO
UNASSESSED-00242,governance/implementation/code-guides/drafting/CGP-006/WAVE_1_CANDIDATE_DRAFTING_V1/reviews/CGP_006_WAVE_1_STRUCTURED_FOUNDER_REVIEW_REPORT.md,Historical/draft/superseded row not permitted by canonical filter,UNASSESSED_HISTORICAL_SCOPE,Use canonical successor path if available,NO,NO
UNASSESSED-00243,governance/implementation/code-guides/drafting/CGP-006/WAVE_1_CANDIDATE_DRAFTING_V1/reviews/CGP_006_WAVE_1_TERMINOLOGY_RECONCILIATION_REGISTER.csv,Comparison blocker in triage register,BLOCKS_UNCONSTRAINED_CODE_TO_GOVERNANCE_COMPARISON,Resolve or explicitly scope/pin canonical source before comparison,YES,NO
UNASSESSED-00244,governance/implementation/code-guides/drafting/CGP-006/WAVE_1_CANDIDATE_DRAFTING_V1/traceability/CGP_006_WAVE_1_REFERENCE_CORPUS_USE_REGISTER.csv,Historical/draft/superseded row not permitted by canonical filter,UNASSESSED_HISTORICAL_SCOPE,Use canonical successor path if available,NO,NO
UNASSESSED-00245,governance/implementation/code-guides/drafting/CGP-006/WAVE_1_V1_1_GUIDE_COMPLETION_AND_ADOPTION_CANDIDATE_PREPARATION/CONTROL_MASTER_REGISTER.csv,Comparison blocker in triage register,BLOCKS_UNCONSTRAINED_CODE_TO_GOVERNANCE_COMPARISON,Resolve or explicitly scope/pin canonical source before comparison,YES,NO
UNASSESSED-00246,governance/implementation/code-guides/drafting/CGP-006/WAVE_1_V1_1_GUIDE_COMPLETION_AND_ADOPTION_CANDIDATE_PREPARATION/CROSS_GUIDE_RECONCILIATION_REPORT.md,Comparison blocker in triage register,BLOCKS_UNCONSTRAINED_CODE_TO_GOVERNANCE_COMPARISON,Resolve or explicitly scope/pin canonical source before comparison,YES,NO
UNASSESSED-00247,governance/implementation/code-guides/drafting/CGP-006/WAVE_1_V1_1_GUIDE_COMPLETION_AND_ADOPTION_CANDIDATE_PREPARATION/MANDATORY_QUESTION_MASTER_REGISTER.csv,Comparison blocker in triage register,BLOCKS_UNCONSTRAINED_CODE_TO_GOVERNANCE_COMPARISON,Resolve or explicitly scope/pin canonical source before comparison,YES,NO
UNASSESSED-00248,governance/implementation/code-guides/drafting/CGP-006/WAVE_1_V1_1_GUIDE_COMPLETION_AND_ADOPTION_CANDIDATE_PREPARATION/guides/ES-CG-00/REPRESENTATIVE_SCENARIO_VALIDATION.csv,Comparison blocker in triage register,BLOCKS_UNCONSTRAINED_CODE_TO_GOVERNANCE_COMPARISON,Resolve or explicitly scope/pin canonical source before comparison,YES,NO
UNASSESSED-00249,governance/implementation/code-guides/drafting/CGP-006/WAVE_1_WARNING_GAP_DISPOSITION_V1/matrices/CGP_006_WAVE_1_GAP_TO_INVARIANT_MATRIX.csv,Comparison blocker in triage register,BLOCKS_UNCONSTRAINED_CODE_TO_GOVERNANCE_COMPARISON,Resolve or explicitly scope/pin canonical source before comparison,YES,NO
UNASSESSED-00250,governance/implementation/code-guides/drafting/CGP-006/WAVE_1_WARNING_GAP_DISPOSITION_V1/registers/CGP_006_WAVE_1_WARNING_GAP_DISPOSITION_REGISTER.csv,Comparison blocker in triage register,BLOCKS_UNCONSTRAINED_CODE_TO_GOVERNANCE_COMPARISON,Resolve or explicitly scope/pin canonical source before comparison,YES,NO
UNASSESSED-00251,governance/implementation/code-guides/founder-determinations/ES-FD-SOLO-FOUNDER-COMPENSATING-ASSURANCE-2026-07-29/ACCESSION_READINESS_REPORT.md,Comparison blocker in triage register,BLOCKS_UNCONSTRAINED_CODE_TO_GOVERNANCE_COMPARISON,Resolve or explicitly scope/pin canonical source before comparison,YES,NO
UNASSESSED-00252,governance/implementation/code-guides/founder-determinations/ES-FD-SOLO-FOUNDER-COMPENSATING-ASSURANCE-2026-07-29/FOUNDER_APPROVAL_RECORD.md,Comparison blocker in triage register,BLOCKS_UNCONSTRAINED_CODE_TO_GOVERNANCE_COMPARISON,Resolve or explicitly scope/pin canonical source before comparison,YES,NO
UNASSESSED-00253,governance/implementation/code-guides/guides/ES-CG-00/source-freeze/ES-CG-00_SOURCE_FREEZE_REGISTER.csv,Comparison blocker in triage register,BLOCKS_AFFECTED_FEATURE_COMPARISON,Resolve or explicitly scope/pin canonical source before comparison,YES,NO
UNASSESSED-00254,governance/implementation/code-guides/guides/ES-CG-01/source-freeze/ES-CG-01_SOURCE_FREEZE_REGISTER.csv,Comparison blocker in triage register,BLOCKS_AFFECTED_FEATURE_COMPARISON,Resolve or explicitly scope/pin canonical source before comparison,YES,NO
UNASSESSED-00255,governance/implementation/code-guides/guides/ES-CG-10/source-freeze/ES-CG-10_SOURCE_FREEZE_REGISTER.csv,Comparison blocker in triage register,BLOCKS_AFFECTED_FEATURE_COMPARISON,Resolve or explicitly scope/pin canonical source before comparison,YES,NO
UNASSESSED-00256,governance/implementation/code-guides/guides/ES-CG-13/source-freeze/ES-CG-13_SOURCE_FREEZE_REGISTER.csv,Comparison blocker in triage register,BLOCKS_AFFECTED_FEATURE_COMPARISON,Resolve or explicitly scope/pin canonical source before comparison,YES,NO
UNASSESSED-00257,governance/implementation/code-guides/handoffs/CGP_006_WAVE_1_BOUNDED_CANDIDATE_DRAFTING_HANDOFF.md,Comparison blocker in triage register,BLOCKS_UNCONSTRAINED_CODE_TO_GOVERNANCE_COMPARISON,Resolve or explicitly scope/pin canonical source before comparison,YES,NO
UNASSESSED-00258,governance/implementation/code-guides/packages/CGP_002_SHA256SUMS.txt,Historical/draft/superseded row not permitted by canonical filter,UNASSESSED_HISTORICAL_SCOPE,Use canonical successor path if available,NO,NO
UNASSESSED-00259,governance/implementation/code-guides/program-plan/ES-CODE-GUIDE-CREATION-REVIEW-ASSURANCE-PLAN-V1.1/ES-CODE-GUIDE-CREATION-REVIEW-ASSURANCE-PLAN-V1.1.md,Historical/draft/superseded row not permitted by canonical filter,UNASSESSED_HISTORICAL_SCOPE,Use canonical successor path if available,NO,NO
UNASSESSED-00260,governance/implementation/code-guides/program-plan/ES-CODE-GUIDE-CREATION-REVIEW-ASSURANCE-PLAN-V1.1/FOUNDER_APPROVAL_AND_RATIFICATION_DISPOSITION.md,Historical/draft/superseded row not permitted by canonical filter,UNASSESSED_HISTORICAL_SCOPE,Use canonical successor path if available,NO,NO
UNASSESSED-00261,governance/implementation/code-guides/program-plan/ES-CODE-GUIDE-CREATION-REVIEW-ASSURANCE-PLAN-V1.1/V1_0_TO_V1_1_CHANGE_AND_STRENGTHENING_SUMMARY.md,Historical/draft/superseded row not permitted by canonical filter,UNASSESSED_HISTORICAL_SCOPE,Use canonical successor path if available,NO,NO
UNASSESSED-00262,governance/implementation/code-guides/receipts/CGP_003_FOUNDER_DECISION_RECONCILIATION.md,Historical/draft/superseded row not permitted by canonical filter,UNASSESSED_HISTORICAL_SCOPE,Use canonical successor path if available,NO,NO
UNASSESSED-00263,governance/implementation/code-guides/receipts/CGP_004_EXECUTION_RECEIPT.md,Historical/draft/superseded row not permitted by canonical filter,UNASSESSED_HISTORICAL_SCOPE,Use canonical successor path if available,NO,NO
UNASSESSED-00264,governance/implementation/code-guides/receipts/CGP_004_FOUNDER_DECISION_RECONCILIATION.md,Comparison blocker in triage register,BLOCKS_UNCONSTRAINED_CODE_TO_GOVERNANCE_COMPARISON,Resolve or explicitly scope/pin canonical source before comparison,YES,NO
UNASSESSED-00265,governance/implementation/code-guides/receipts/CGP_004_REPOSITORY_INTEGRATION_RECEIPT.md,Historical/draft/superseded row not permitted by canonical filter,UNASSESSED_HISTORICAL_SCOPE,Use canonical successor path if available,NO,NO
UNASSESSED-00266,governance/implementation/code-guides/receipts/CGP_005_TECHNICAL_AUDIT_APPENDIX_REPOSITORY_INTEGRATION_RECEIPT.md,Comparison blocker in triage register,BLOCKS_UNCONSTRAINED_CODE_TO_GOVERNANCE_COMPARISON,Resolve or explicitly scope/pin canonical source before comparison,YES,NO
UNASSESSED-00267,governance/implementation/code-guides/receipts/CGP_006_DOCUMENT_CLASSIFICATION_GATE_REPOSITORY_INTEGRATION_RECEIPT.md,Comparison blocker in triage register,BLOCKS_UNCONSTRAINED_CODE_TO_GOVERNANCE_COMPARISON,Resolve or explicitly scope/pin canonical source before comparison,YES,NO
UNASSESSED-00268,governance/implementation/code-guides/receipts/CGP_006_WAVE_1_CANDIDATE_BASELINE_CUSTODY_RECEIPT.md,Historical/draft/superseded row not permitted by canonical filter,UNASSESSED_HISTORICAL_SCOPE,Use canonical successor path if available,NO,NO
UNASSESSED-00269,governance/implementation/code-guides/receipts/CGP_006_WAVE_1_CONDITIONAL_ADOPTION_CUSTODY_RECEIPT.md,Comparison blocker in triage register,BLOCKS_AFFECTED_FEATURE_COMPARISON,Resolve or explicitly scope/pin canonical source before comparison,YES,NO
UNASSESSED-00270,governance/implementation/code-guides/receipts/ES_CODE_GUIDE_PROGRAM_V1_1_RECONCILIATION_CUSTODY_RECEIPT.md,Historical/draft/superseded row not permitted by canonical filter,UNASSESSED_HISTORICAL_SCOPE,Use canonical successor path if available,NO,NO
UNASSESSED-00271,governance/implementation/code-guides/receipts/ES_CODE_GUIDE_PROGRAM_V1_1_REVISION_AND_PR_44_SUCCESSOR_CUSTODY_RECEIPT.md,Comparison blocker in triage register,BLOCKS_UNCONSTRAINED_CODE_TO_GOVERNANCE_COMPARISON,Resolve or explicitly scope/pin canonical source before comparison,YES,NO
UNASSESSED-00272,governance/implementation/code-guides/registers/CODE_GUIDE_ARTIFACT_INVENTORY.csv,Historical/draft/superseded row not permitted by canonical filter,UNASSESSED_HISTORICAL_SCOPE,Use canonical successor path if available,NO,NO
UNASSESSED-00273,governance/implementation/code-guides/registers/CODE_GUIDE_CONTROL_REGISTER.csv,Historical/draft/superseded row not permitted by canonical filter,UNASSESSED_HISTORICAL_SCOPE,Use canonical successor path if available,NO,NO
UNASSESSED-00274,governance/implementation/code-guides/registers/CODE_GUIDE_FINDING_REGISTER.csv,Historical/draft/superseded row not permitted by canonical filter,UNASSESSED_HISTORICAL_SCOPE,Use canonical successor path if available,NO,NO
UNASSESSED-00275,governance/implementation/code-guides/registers/CODE_GUIDE_OPEN_DECISION_REGISTER.csv,Comparison blocker in triage register,BLOCKS_UNCONSTRAINED_CODE_TO_GOVERNANCE_COMPARISON,Resolve or explicitly scope/pin canonical source before comparison,YES,NO
UNASSESSED-00276,governance/implementation/code-guides/registers/CODE_GUIDE_PROGRAM_TRACKER.csv,Historical/draft/superseded row not permitted by canonical filter,UNASSESSED_HISTORICAL_SCOPE,Use canonical successor path if available,NO,NO
UNASSESSED-00277,governance/implementation/code-guides/registers/CODE_GUIDE_VERSION_REGISTER.csv,Historical/draft/superseded row not permitted by canonical filter,UNASSESSED_HISTORICAL_SCOPE,Use canonical successor path if available,NO,NO
UNASSESSED-00278,governance/implementation/code-guides/registers/GUIDE_REVIEW_FINDING_REGISTER.csv,Comparison blocker in triage register,BLOCKS_AFFECTED_FEATURE_COMPARISON,Resolve or explicitly scope/pin canonical source before comparison,YES,NO
UNASSESSED-00279,governance/implementation/code-guides/registers/OPEN_DECISION_REGISTER.csv,Comparison blocker in triage register,BLOCKS_UNCONSTRAINED_CODE_TO_GOVERNANCE_COMPARISON,Resolve or explicitly scope/pin canonical source before comparison,YES,NO
UNASSESSED-00280,governance/implementation/code-guides/reviews/CGP_002_VALIDATION_REPORT.json,Comparison blocker in triage register,BLOCKS_UNCONSTRAINED_CODE_TO_GOVERNANCE_COMPARISON,Resolve or explicitly scope/pin canonical source before comparison,YES,NO
UNASSESSED-00281,governance/implementation/code-guides/reviews/CGP_002_VALIDATOR_TEST_COVERAGE.md,Historical/draft/superseded row not permitted by canonical filter,UNASSESSED_HISTORICAL_SCOPE,Use canonical successor path if available,NO,NO
UNASSESSED-00282,governance/implementation/code-guides/reviews/CGP_004_VALIDATION_REPORT.json,Historical/draft/superseded row not permitted by canonical filter,UNASSESSED_HISTORICAL_SCOPE,Use canonical successor path if available,NO,NO
UNASSESSED-00283,governance/implementation/code-guides/reviews/CGP_005_RETAINED_GAP_REPORT.md,Comparison blocker in triage register,BLOCKS_AFFECTED_FEATURE_COMPARISON,Resolve or explicitly scope/pin canonical source before comparison,YES,NO
UNASSESSED-00284,governance/implementation/code-guides/schemas/ATLAS_TRACEABILITY_SCHEMA.json,Historical/draft/superseded row not permitted by canonical filter,UNASSESSED_HISTORICAL_SCOPE,Use canonical successor path if available,NO,NO
UNASSESSED-00285,governance/implementation/code-guides/schemas/CODE_GUIDE_CONTROLLED_VALUES.json,Historical/draft/superseded row not permitted by canonical filter,UNASSESSED_HISTORICAL_SCOPE,Use canonical successor path if available,NO,NO
UNASSESSED-00286,governance/implementation/code-guides/schemas/CODE_GUIDE_SCHEMA.json,Historical/draft/superseded row not permitted by canonical filter,UNASSESSED_HISTORICAL_SCOPE,Use canonical successor path if available,NO,NO
UNASSESSED-00287,governance/implementation/code-guides/schemas/CONTROL_DEFINITION_SCHEMA.json,Historical/draft/superseded row not permitted by canonical filter,UNASSESSED_HISTORICAL_SCOPE,Use canonical successor path if available,NO,NO
UNASSESSED-00288,governance/implementation/code-guides/schemas/EXCEPTION_RECORD_SCHEMA.json,Historical/draft/superseded row not permitted by canonical filter,UNASSESSED_HISTORICAL_SCOPE,Use canonical successor path if available,NO,NO
UNASSESSED-00289,governance/implementation/code-guides/schemas/GUIDE_ACTIVATION_SCHEMA.json,Historical/draft/superseded row not permitted by canonical filter,UNASSESSED_HISTORICAL_SCOPE,Use canonical successor path if available,NO,NO
UNASSESSED-00290,governance/implementation/code-guides/schemas/GUIDE_DEPENDENCY_SCHEMA.json,Historical/draft/superseded row not permitted by canonical filter,UNASSESSED_HISTORICAL_SCOPE,Use canonical successor path if available,NO,NO
UNASSESSED-00291,governance/implementation/code-guides/schemas/IMPLEMENTATION_EVIDENCE_SCHEMA.json,Historical/draft/superseded row not permitted by canonical filter,UNASSESSED_HISTORICAL_SCOPE,Use canonical successor path if available,NO,NO
UNASSESSED-00292,governance/implementation/code-guides/schemas/IMPLEMENTATION_PROFILE_SCHEMA.json,Historical/draft/superseded row not permitted by canonical filter,UNASSESSED_HISTORICAL_SCOPE,Use canonical successor path if available,NO,NO
UNASSESSED-00293,governance/implementation/code-guides/schemas/INVARIANT_SCHEMA.json,Historical/draft/superseded row not permitted by canonical filter,UNASSESSED_HISTORICAL_SCOPE,Use canonical successor path if available,NO,NO
UNASSESSED-00294,governance/implementation/code-guides/schemas/QUESTION_RESPONSE_SCHEMA.json,Historical/draft/superseded row not permitted by canonical filter,UNASSESSED_HISTORICAL_SCOPE,Use canonical successor path if available,NO,NO
UNASSESSED-00295,governance/implementation/code-guides/schemas/REVIEW_FINDING_SCHEMA.json,Historical/draft/superseded row not permitted by canonical filter,UNASSESSED_HISTORICAL_SCOPE,Use canonical successor path if available,NO,NO
UNASSESSED-00296,governance/implementation/code-guides/source-accession/MASTER_CODE_GUIDE_SOURCE_GAP_REGISTER.csv,Historical/draft/superseded row not permitted by canonical filter,UNASSESSED_HISTORICAL_SCOPE,Use canonical successor path if available,NO,NO
UNASSESSED-00297,governance/implementation/code-guides/source-accession/MASTER_CODE_GUIDE_SOURCE_SUPERSESSION_REGISTER.csv,Historical/draft/superseded row not permitted by canonical filter,UNASSESSED_HISTORICAL_SCOPE,Use canonical successor path if available,NO,NO
UNASSESSED-00298,governance/implementation/code-guides/source-freeze/WAVE_1_DRAFTING_READINESS_REGISTER.csv,Comparison blocker in triage register,BLOCKS_UNCONSTRAINED_CODE_TO_GOVERNANCE_COMPARISON,Resolve or explicitly scope/pin canonical source before comparison,YES,NO
UNASSESSED-00299,governance/implementation/code-guides/source-freeze/WAVE_1_REPOSITORY_EVIDENCE_BASELINE.csv,Comparison blocker in triage register,BLOCKS_AFFECTED_FEATURE_COMPARISON,Resolve or explicitly scope/pin canonical source before comparison,YES,NO
UNASSESSED-00300,governance/implementation/code-guides/tools/generate_cgp005_revision.py,Comparison blocker in triage register,BLOCKS_AFFECTED_FEATURE_COMPARISON,Resolve or explicitly scope/pin canonical source before comparison,YES,NO
UNASSESSED-00301,governance/implementation/code-guides/validation/cgp_validation.py,Historical/draft/superseded row not permitted by canonical filter,UNASSESSED_HISTORICAL_SCOPE,Use canonical successor path if available,NO,NO
UNASSESSED-00302,governance/implementation/code-guides/validation/tests/fixtures/negative/duplicate_control_ids.csv,Historical/draft/superseded row not permitted by canonical filter,UNASSESSED_HISTORICAL_SCOPE,Use canonical successor path if available,NO,NO
UNASSESSED-00303,governance/implementation/code-guides/validation/tests/fixtures/negative/high_risk_no_negative_test.csv,Historical/draft/superseded row not permitted by canonical filter,UNASSESSED_HISTORICAL_SCOPE,Use canonical successor path if available,NO,NO
UNASSESSED-00304,governance/implementation/code-guides/validation/tests/fixtures/negative/invalid_assurance_class.csv,Historical/draft/superseded row not permitted by canonical filter,UNASSESSED_HISTORICAL_SCOPE,Use canonical successor path if available,NO,NO
UNASSESSED-00305,governance/implementation/code-guides/validation/tests/fixtures/negative/invalid_evidence_grade.csv,Historical/draft/superseded row not permitted by canonical filter,UNASSESSED_HISTORICAL_SCOPE,Use canonical successor path if available,NO,NO
UNASSESSED-00306,governance/implementation/code-guides/validation/tests/fixtures/negative/missing_activation_boundary.csv,Historical/draft/superseded row not permitted by canonical filter,UNASSESSED_HISTORICAL_SCOPE,Use canonical successor path if available,NO,NO
UNASSESSED-00307,governance/implementation/code-guides/validation/tests/fixtures/negative/missing_governing_authority.csv,Historical/draft/superseded row not permitted by canonical filter,UNASSESSED_HISTORICAL_SCOPE,Use canonical successor path if available,NO,NO
UNASSESSED-00308,governance/implementation/code-guides/validation/tests/fixtures/negative/superseded_control_no_compatibility.csv,Historical/draft/superseded row not permitted by canonical filter,UNASSESSED_HISTORICAL_SCOPE,Use canonical successor path if available,NO,NO
UNASSESSED-00309,governance/implementation/code-guides/validation/tests/fixtures/negative/unrecognized_controlled_value.csv,Historical/draft/superseded row not permitted by canonical filter,UNASSESSED_HISTORICAL_SCOPE,Use canonical successor path if available,NO,NO
UNASSESSED-00310,governance/implementation/code-guides/validation/tests/fixtures/positive/control_register_valid.csv,Historical/draft/superseded row not permitted by canonical filter,UNASSESSED_HISTORICAL_SCOPE,Use canonical successor path if available,NO,NO
UNASSESSED-00311,governance/implementation/code-guides/validation/tests/fixtures/schemas/negative/invalid_control_assurance_class.json,Historical/draft/superseded row not permitted by canonical filter,UNASSESSED_HISTORICAL_SCOPE,Use canonical successor path if available,NO,NO
UNASSESSED-00312,governance/implementation/code-guides/validation/tests/fixtures/schemas/positive/CONTROL_DEFINITION_fixture.json,Historical/draft/superseded row not permitted by canonical filter,UNASSESSED_HISTORICAL_SCOPE,Use canonical successor path if available,NO,NO
UNASSESSED-00313,governance/implementation/code-guides/validation/tests/fixtures/v1_1_program_revision/boundary_controlled_values.json,Historical/draft/superseded row not permitted by canonical filter,UNASSESSED_HISTORICAL_SCOPE,Use canonical successor path if available,NO,NO
UNASSESSED-00314,governance/implementation/code-guides/validation/tests/test_cgp002_validators.py,Historical/draft/superseded row not permitted by canonical filter,UNASSESSED_HISTORICAL_SCOPE,Use canonical successor path if available,NO,NO
UNASSESSED-00315,governance/implementation/code-guides/validation/tests/test_cgp005_source_freeze.py,Comparison blocker in triage register,BLOCKS_UNCONSTRAINED_CODE_TO_GOVERNANCE_COMPARISON,Resolve or explicitly scope/pin canonical source before comparison,YES,NO
UNASSESSED-00316,governance/implementation/code-guides/validation/validate_cgp006_document_classification.py,Historical/draft/superseded row not permitted by canonical filter,UNASSESSED_HISTORICAL_SCOPE,Use canonical successor path if available,NO,NO
UNASSESSED-00317,governance/implementation/code-guides/validation/validate_cgp006_wave1_warning_gap_disposition.py,Historical/draft/superseded row not permitted by canonical filter,UNASSESSED_HISTORICAL_SCOPE,Use canonical successor path if available,NO,NO
UNASSESSED-00318,governance/implementation/code-guides/validation/validate_code_guide_v1_1_program_revision.py,Comparison blocker in triage register,BLOCKS_UNCONSTRAINED_CODE_TO_GOVERNANCE_COMPARISON,Resolve or explicitly scope/pin canonical source before comparison,YES,NO
UNASSESSED-00319,governance/implementation/technical-audit/founder-decisions/ES-TA-FD-001-008-V1.1.0/TECHNICAL_AUDIT_FOUNDER_DECISION_PACKET_V1_1_0.md,Historical/draft/superseded row not permitted by canonical filter,UNASSESSED_HISTORICAL_SCOPE,Use canonical successor path if available,NO,NO
UNASSESSED-00320,governance/implementation/technical-audit/test-baseline/ES-TA-PRF-008-retained-test-node-classification-v1/RETAINED_TEST_PILOT_GATE_MATRIX.csv,Comparison blocker in triage register,BLOCKS_AFFECTED_FEATURE_COMPARISON,Resolve or explicitly scope/pin canonical source before comparison,YES,NO
UNASSESSED-00321,governance/implementation/technical-audit/test-baseline/ES-TA-PRF-008-retained-test-node-classification-v1/RETAINED_TEST_ROOT_CAUSE_CLUSTERS.csv,Comparison blocker in triage register,BLOCKS_AFFECTED_FEATURE_COMPARISON,Resolve or explicitly scope/pin canonical source before comparison,YES,NO
UNASSESSED-00322,governance/pia/items/01_identity_account_actor_onboarding/source_package/SOURCE_DISPOSITION_PACKAGE/ITEM_01_IDENTITY_POST_TREATMENT_READINESS_ASSESSMENT.md,Historical/draft/superseded row not permitted by canonical filter,UNASSESSED_HISTORICAL_SCOPE,Use canonical successor path if available,NO,NO
UNASSESSED-00323,governance/pia/items/02_facility_tenant_organizational_structure/source_package/ES-PIA-FACILITY-TENANT-ORGANIZATION-V1.1.0/FAC_FD_017_CROSS_ARTIFACT_REVIEW.csv,Comparison blocker in triage register,BLOCKS_UNCONSTRAINED_CODE_TO_GOVERNANCE_COMPARISON,Resolve or explicitly scope/pin canonical source before comparison,YES,NO
UNASSESSED-00324,governance/pia/items/02_facility_tenant_organizational_structure/source_package/ES-PIA-FACILITY-TENANT-ORGANIZATION-V1.1.0/FOUNDER_DECISION_GATE_STATUS_REGISTER.csv,Historical/draft/superseded row not permitted by canonical filter,UNASSESSED_HISTORICAL_SCOPE,Use canonical successor path if available,NO,NO
UNASSESSED-00325,governance/pia/items/02_facility_tenant_organizational_structure/source_package/ES-PIA-FACILITY-TENANT-ORGANIZATION-V1.1.0/FOUNDER_INPUT_QUESTION_REGISTER.csv,Comparison blocker in triage register,BLOCKS_UNCONSTRAINED_CODE_TO_GOVERNANCE_COMPARISON,Resolve or explicitly scope/pin canonical source before comparison,YES,NO
UNASSESSED-00326,governance/pia/items/02_facility_tenant_organizational_structure/source_package/ES-PIA-FACILITY-TENANT-ORGANIZATION-V1.1.0/RISK_FINDING_DEVIATION_REGISTER.csv,Comparison blocker in triage register,BLOCKS_AFFECTED_FEATURE_COMPARISON,Resolve or explicitly scope/pin canonical source before comparison,YES,NO
UNASSESSED-00327,governance/pia/items/02_facility_tenant_organizational_structure/source_package/ES-PIA-FACILITY-TENANT-ORGANIZATION-V1.1.0/build_founder_decision_incorporation.py,Historical/draft/superseded row not permitted by canonical filter,UNASSESSED_HISTORICAL_SCOPE,Use canonical successor path if available,NO,NO
UNASSESSED-00328,governance/pia/items/02_facility_tenant_organizational_structure/source_package/ES-PIA-FACILITY-TENANT-ORGANIZATION-V1.1.0/source_evidence/FOUNDER_DECISION_INCORPORATION_DIRECTIVE.md,Historical/draft/superseded row not permitted by canonical filter,UNASSESSED_HISTORICAL_SCOPE,Use canonical successor path if available,NO,NO
UNASSESSED-00329,governance/pia/items/02_facility_tenant_organizational_structure/source_package/ES-PIA-FACILITY-TENANT-ORGANIZATION-V1.1.0/validate_founder_decision_incorporation.py,Historical/draft/superseded row not permitted by canonical filter,UNASSESSED_HISTORICAL_SCOPE,Use canonical successor path if available,NO,NO
UNASSESSED-00330,governance/pia/items/03_relationship_authorization_permission/program_authority/governance/pia_program/ES-PIA-REMAINING-PROGRAM-V1.0.0/REMAINING_PIAS_FOUNDER_APPROVAL_RECORD_2026-07-22.md,Historical/draft/superseded row not permitted by canonical filter,UNASSESSED_HISTORICAL_SCOPE,Use canonical successor path if available,NO,NO
UNASSESSED-00331,governance/pia/items/03_relationship_authorization_permission/program_authority/governance/pia_program/ES-PIA-REMAINING-PROGRAM-V1.0.0/REMAINING_PIAS_GLOBAL_FOUNDER_DECISION_REGISTER.csv,Comparison blocker in triage register,BLOCKS_UNCONSTRAINED_CODE_TO_GOVERNANCE_COMPARISON,Resolve or explicitly scope/pin canonical source before comparison,YES,NO
UNASSESSED-00332,governance/pia/items/03_relationship_authorization_permission/source_package/ITEM_03_STRENGTHENED_V0_2/ES-PIA-RELATIONSHIP-AUTHORIZATION-PERMISSION_V0_2_STRENGTHENED_DOCUMENTARY_CANDIDATE.md,Historical/draft/superseded row not permitted by canonical filter,UNASSESSED_HISTORICAL_SCOPE,Use canonical successor path if available,NO,NO
UNASSESSED-00333,governance/pia/items/03_relationship_authorization_permission/source_package/ITEM_03_STRENGTHENED_V0_2/RELATIONSHIP_TYPE_REGISTER.csv,Historical/draft/superseded row not permitted by canonical filter,UNASSESSED_HISTORICAL_SCOPE,Use canonical successor path if available,NO,NO
UNASSESSED-00334,governance/pia/items/03_relationship_authorization_permission/source_package/ITEM_03_STRENGTHENED_V0_2/REPRESENTATION_AND_DELEGATION_REGISTER.csv,Historical/draft/superseded row not permitted by canonical filter,UNASSESSED_HISTORICAL_SCOPE,Use canonical successor path if available,NO,NO
UNASSESSED-00335,governance/pia/items/03_relationship_authorization_permission/source_package/ITEM_03_STRENGTHENED_V0_2/RESTRICTION_AND_REVOCATION_REGISTER.csv,Historical/draft/superseded row not permitted by canonical filter,UNASSESSED_HISTORICAL_SCOPE,Use canonical successor path if available,NO,NO
UNASSESSED-00336,governance/pia/items/04_horse_identity_profile_lifecycle/source_package/ITEM_04_FOUNDER_APPROVED_V0_3/ES-PIA-HORSE-IDENTITY-LIFECYCLE_V0_3_FOUNDER_APPROVED_DESIGN_BASELINE.md,Comparison blocker in triage register,BLOCKS_UNCONSTRAINED_CODE_TO_GOVERNANCE_COMPARISON,Resolve or explicitly scope/pin canonical source before comparison,YES,NO
UNASSESSED-00337,governance/pia/items/04_horse_identity_profile_lifecycle/source_package/ITEM_04_FOUNDER_APPROVED_V0_3/FOUNDER_APPROVAL_RECORD_ITEM_04_V0_3.md,Historical/draft/superseded row not permitted by canonical filter,UNASSESSED_HISTORICAL_SCOPE,Use canonical successor path if available,NO,NO
UNASSESSED-00338,governance/pia/items/04_horse_identity_profile_lifecycle/source_package/ITEM_04_FOUNDER_APPROVED_V0_3/OFFLINE_AND_SYNCHRONIZATION_REQUIREMENTS.md,Historical/draft/superseded row not permitted by canonical filter,UNASSESSED_HISTORICAL_SCOPE,Use canonical successor path if available,NO,NO
UNASSESSED-00339,governance/pia/items/05_core_navigation_search_application_shell/source_branch_tree/docs/canon/reviews/core_navigation_search_application_shell_pia_v0_4_0/02_fresh_review_and_reconciliation/03_review/FRESH_SEGREGATED_STRUCTURED_REVIEW_REPORT.md,Historical/draft/superseded row not permitted by canonical filter,UNASSESSED_HISTORICAL_SCOPE,Use canonical successor path if available,NO,NO
UNASSESSED-00340,governance/pia/items/06_task_calendar_scheduling_notification/repository_integration/ITEM_06_TCSN_REPOSITORY_INTEGRATION_BLOCKED_RECEIPT.md,Comparison blocker in triage register,BLOCKS_UNCONSTRAINED_CODE_TO_GOVERNANCE_COMPARISON,Resolve or explicitly scope/pin canonical source before comparison,YES,NO
UNASSESSED-00341,governance/pia/items/06_task_calendar_scheduling_notification/source_package/ES-PIA-TASK-CALENDAR-SCHEDULING-NOTIFICATION-V0.3.0-CANONICAL-CONFORMANCE-FRESH-STRUCTURED-REVIEW/CANONICAL_HEADING_CONFORMANCE_MATRIX.csv,Comparison blocker in triage register,BLOCKS_UNCONSTRAINED_CODE_TO_GOVERNANCE_COMPARISON,Resolve or explicitly scope/pin canonical source before comparison,YES,NO
UNASSESSED-00342,governance/pia/items/06_task_calendar_scheduling_notification/source_package/ES-PIA-TASK-CALENDAR-SCHEDULING-NOTIFICATION-V0.3.0-CANONICAL-CONFORMANCE-FRESH-STRUCTURED-REVIEW/ES-PIA-TASK-CALENDAR-SCHEDULING-NOTIFICATION_V0_3_CANONICAL_CONFORMANCE_SUCCESSOR_DRAFT.md,Comparison blocker in triage register,BLOCKS_UNCONSTRAINED_CODE_TO_GOVERNANCE_COMPARISON,Resolve or explicitly scope/pin canonical source before comparison,YES,NO
UNASSESSED-00343,governance/pia/items/06_task_calendar_scheduling_notification/source_package/ES-PIA-TASK-CALENDAR-SCHEDULING-NOTIFICATION-V0.3.0-CANONICAL-CONFORMANCE-FRESH-STRUCTURED-REVIEW/FOUNDER_DECISION_REGISTER.csv,Comparison blocker in triage register,BLOCKS_UNCONSTRAINED_CODE_TO_GOVERNANCE_COMPARISON,Resolve or explicitly scope/pin canonical source before comparison,YES,NO
UNASSESSED-00344,governance/pia/items/06_task_calendar_scheduling_notification/source_package/ES-PIA-TASK-CALENDAR-SCHEDULING-NOTIFICATION-V0.3.0-CANONICAL-CONFORMANCE-FRESH-STRUCTURED-REVIEW/PIA_PACKAGE_VALIDATOR.py,Comparison blocker in triage register,BLOCKS_UNCONSTRAINED_CODE_TO_GOVERNANCE_COMPARISON,Resolve or explicitly scope/pin canonical source before comparison,YES,NO
UNASSESSED-00345,governance/pia/items/06_task_calendar_scheduling_notification/source_package/ES-PIA-TASK-CALENDAR-SCHEDULING-NOTIFICATION-V0.3.0-CANONICAL-CONFORMANCE-FRESH-STRUCTURED-REVIEW/SOURCE_INHERITANCE_REGISTER.md,Comparison blocker in triage register,BLOCKS_UNCONSTRAINED_CODE_TO_GOVERNANCE_COMPARISON,Resolve or explicitly scope/pin canonical source before comparison,YES,NO
UNASSESSED-00346,governance/pia/items/06_task_calendar_scheduling_notification/source_package/ES-PIA-TASK-CALENDAR-SCHEDULING-NOTIFICATION-V0.3.0-CANONICAL-CONFORMANCE-FRESH-STRUCTURED-REVIEW/STRUCTURED_REVIEW_FINDINGS_REGISTER.csv,Comparison blocker in triage register,BLOCKS_UNCONSTRAINED_CODE_TO_GOVERNANCE_COMPARISON,Resolve or explicitly scope/pin canonical source before comparison,YES,NO
UNASSESSED-00347,governance/pia/items/07_care_operations/founder_disposition/ITEM_07_CARE_FOUNDER_DISPOSITION_RECORD_EXECUTED.md,Historical/draft/superseded row not permitted by canonical filter,UNASSESSED_HISTORICAL_SCOPE,Use canonical successor path if available,NO,NO
UNASSESSED-00348,governance/pia/items/07_care_operations/source_package/EquineSync_Item_07_Care_Operations_Canonical_Remediation_Package_2026-07-23/ITEM_07_CARE_CANONICAL_REMEDIATION_PACKAGE/HISTORICAL_NONCANONICAL_ITEM_05_EVIDENCE_PRESERVED/HISTORICAL_NONCANONICAL_ITEM_05_PACKAGE/EquineSync_Care_Operations_PIA_Item_05_V0_2_Codex_Review_Package/CURRENT_CANDIDATE/EquineSync_Care_Operations_PIA_V0_2_Machine_Readable.json,Historical/draft/superseded row not permitted by canonical filter,UNASSESSED_HISTORICAL_SCOPE,Use canonical successor path if available,NO,NO
UNASSESSED-00349,governance/pia/items/07_care_operations/source_package/EquineSync_Item_07_Care_Operations_Canonical_Remediation_Package_2026-07-23/ITEM_07_CARE_CANONICAL_REMEDIATION_PACKAGE/HISTORICAL_NONCANONICAL_ITEM_05_EVIDENCE_PRESERVED/HISTORICAL_NONCANONICAL_ITEM_05_PACKAGE/EquineSync_Care_Operations_PIA_Item_05_V0_2_Codex_Review_Package/PREDECESSOR_EVIDENCE/EquineSync_Care_Operations_PIA_V0_1_Machine_Readable.json,Historical/draft/superseded row not permitted by canonical filter,UNASSESSED_HISTORICAL_SCOPE,Use canonical successor path if available,NO,NO
UNASSESSED-00350,governance/pia/items/07_care_operations/source_package/EquineSync_Item_07_Care_Operations_Canonical_Remediation_Package_2026-07-23/ITEM_07_CARE_CANONICAL_REMEDIATION_PACKAGE/ITEM_07_CARE_CANONICAL_PACKAGE_RECORD.md,Historical/draft/superseded row not permitted by canonical filter,UNASSESSED_HISTORICAL_SCOPE,Use canonical successor path if available,NO,NO
UNASSESSED-00351,governance/pia/items/07_care_operations/source_package/EquineSync_Item_07_Care_Operations_Canonical_Remediation_Package_2026-07-23/ITEM_07_CARE_FOUNDER_FINAL_DISPOSITION.md,Historical/draft/superseded row not permitted by canonical filter,UNASSESSED_HISTORICAL_SCOPE,Use canonical successor path if available,NO,NO
UNASSESSED-00352,governance/pia/items/07_care_operations/source_package/EquineSync_Item_07_Care_Operations_Canonical_Remediation_Package_2026-07-23/ITEM_07_CARE_FRESH_REVIEW_REPORT.md,Historical/draft/superseded row not permitted by canonical filter,UNASSESSED_HISTORICAL_SCOPE,Use canonical successor path if available,NO,NO
UNASSESSED-00353,governance/pia/items/08_lessons_training_rider_guardian/founder_disposition/ITEM_08_LTRG_FOUNDER_DISPOSITION_RECORD_EXECUTED.md,Historical/draft/superseded row not permitted by canonical filter,UNASSESSED_HISTORICAL_SCOPE,Use canonical successor path if available,NO,NO
UNASSESSED-00354,governance/pia/items/08_lessons_training_rider_guardian/source_package/EquineSync_Item_08_LTRG_Canonical_Remediation_Package_2026-07-23/ITEM_08_LTRG_FOUNDER_FINAL_DISPOSITION.md,Historical/draft/superseded row not permitted by canonical filter,UNASSESSED_HISTORICAL_SCOPE,Use canonical successor path if available,NO,NO
UNASSESSED-00355,governance/pia/items/08_lessons_training_rider_guardian/source_package/EquineSync_Item_08_LTRG_Canonical_Remediation_Package_2026-07-23/ITEM_08_LTRG_V0_2_1_CANONICAL_REMEDIATION_PACKAGE/HISTORICAL_ITEM_07_LTRG_EVIDENCE_PRESERVED/REMEDIATION_DIRECTIVES/EquineSync_Item_08_LTRG_PIA_V0_2_1_Canonical_Remediation_CODEX_DIRECTIVE (1).md,Historical/draft/superseded row not permitted by canonical filter,UNASSESSED_HISTORICAL_SCOPE,Use canonical successor path if available,NO,NO
UNASSESSED-00356,governance/pia/items/08_lessons_training_rider_guardian/source_package/EquineSync_Item_08_LTRG_Canonical_Remediation_Package_2026-07-23/ITEM_08_LTRG_V0_2_1_CANONICAL_REMEDIATION_PACKAGE/HISTORICAL_ITEM_07_LTRG_EVIDENCE_PRESERVED/REMEDIATION_DIRECTIVES/EquineSync_Item_08_LTRG_PIA_V0_2_1_Canonical_Remediation_CODEX_DIRECTIVE.md,Historical/draft/superseded row not permitted by canonical filter,UNASSESSED_HISTORICAL_SCOPE,Use canonical successor path if available,NO,NO
UNASSESSED-00357,governance/pia/items/08_lessons_training_rider_guardian/source_package/EquineSync_Item_08_LTRG_Canonical_Remediation_Package_2026-07-23/ITEM_08_LTRG_V0_2_1_CANONICAL_REMEDIATION_PACKAGE/HISTORICAL_ITEM_07_LTRG_EVIDENCE_PRESERVED/REMEDIATION_DIRECTIVES/R15_REPEAT_UPLOAD/EquineSync_Item_08_LTRG_PIA_V0_2_1_Canonical_Remediation_CODEX_DIRECTIVE (2).md,Historical/draft/superseded row not permitted by canonical filter,UNASSESSED_HISTORICAL_SCOPE,Use canonical successor path if available,NO,NO
UNASSESSED-00358,governance/pia/items/08_lessons_training_rider_guardian/source_package/EquineSync_Item_08_LTRG_Canonical_Remediation_Package_2026-07-23/ITEM_08_LTRG_V0_2_1_CANONICAL_REMEDIATION_PACKAGE/ITEM_08_LTRG_CANONICAL_PACKAGE_RECORD.md,Historical/draft/superseded row not permitted by canonical filter,UNASSESSED_HISTORICAL_SCOPE,Use canonical successor path if available,NO,NO
UNASSESSED-00359,governance/pia/items/09_billing_payments_financial_operations/founder_disposition/ITEM_09_BPF_FOUNDER_DISPOSITION_RECORD_EXECUTED.md,Historical/draft/superseded row not permitted by canonical filter,UNASSESSED_HISTORICAL_SCOPE,Use canonical successor path if available,NO,NO
UNASSESSED-00360,governance/pia/items/10_owner_portal_communications/source_package/03_FINDING_TREATMENT_AND_GATE_REALIGNMENT_REGISTER.csv,Comparison blocker in triage register,BLOCKS_UNCONSTRAINED_CODE_TO_GOVERNANCE_COMPARISON,Resolve or explicitly scope/pin canonical source before comparison,YES,NO
UNASSESSED-00361,governance/pia/items/10_owner_portal_communications/source_package/27_OPC_V0_2_DESIGN_APPROVAL_READINESS_REVIEW.md,Comparison blocker in triage register,BLOCKS_AFFECTED_COMPARISON_OR_MUTATION_SCOPE,Resolve or explicitly scope/pin canonical source before comparison,YES,NO
UNASSESSED-00362,governance/pia/items/10_owner_portal_communications_archival_only/founder_disposition/ITEM_10_OPC_FOUNDER_DISPOSITION_RECORD_EXECUTED.md,Historical/draft/superseded row not permitted by canonical filter,UNASSESSED_HISTORICAL_SCOPE,Use canonical successor path if available,NO,NO
UNASSESSED-00363,governance/pia/items/10_owner_portal_communications_archival_only/source_package/EquineSync_Item_10_OPC_Missing_Authority_Remediation_Package_2026-07-24/ITEM_10_OPC_REV_006_DISPOSITION_RECORD.md,Historical/draft/superseded row not permitted by canonical filter,UNASSESSED_HISTORICAL_SCOPE,Use canonical successor path if available,NO,NO
UNASSESSED-00364,governance/pia/items_01_06_10_remediation/prior_audits_and_plans/PIA_GOVERNANCE_BASELINE_AUDIT_AFTER_ITEM_10_EXECUTION_2026-07-25.md,Comparison blocker in triage register,BLOCKS_UNCONSTRAINED_CODE_TO_GOVERNANCE_COMPARISON,Resolve or explicitly scope/pin canonical source before comparison,YES,NO
UNASSESSED-00365,governance/pia/items_01_06_10_remediation/prior_audits_and_plans/PIA_ITEMS_01_06_DOCUMENTARY_REMEDIATION_AND_INTEGRATION_PLAN.md,Comparison blocker in triage register,BLOCKS_UNCONSTRAINED_CODE_TO_GOVERNANCE_COMPARISON,Resolve or explicitly scope/pin canonical source before comparison,YES,NO
UNASSESSED-00366,governance/pia/items_01_06_10_remediation/reports/CANONICAL_PATH_AND_IDENTIFIER_RECONCILIATION_REGISTER.csv,Comparison blocker in triage register,BLOCKS_UNCONSTRAINED_CODE_TO_GOVERNANCE_COMPARISON,Resolve or explicitly scope/pin canonical source before comparison,YES,NO
UNASSESSED-00367,governance/pia/items_01_06_10_remediation/reports/PR4_AUTHORITY_STATUS_AND_RECEIPT_CORRECTION_REPORT.md,Historical/draft/superseded row not permitted by canonical filter,UNASSESSED_HISTORICAL_SCOPE,Use canonical successor path if available,NO,NO
UNASSESSED-00368,governance/pia/items_07_10_integration/prior_receipts_and_plans/PIA_CANONICAL_REPOSITORY_INTEGRATION_BLOCKED_RECEIPT.md,Historical/draft/superseded row not permitted by canonical filter,UNASSESSED_HISTORICAL_SCOPE,Use canonical successor path if available,NO,NO
UNASSESSED-00369,governance/pia/items_07_10_integration/prior_receipts_and_plans/PIA_MISSING_AUTHORITY_REMEDIATION_PLAN.md,Comparison blocker in triage register,BLOCKS_UNCONSTRAINED_CODE_TO_GOVERNANCE_COMPARISON,Resolve or explicitly scope/pin canonical source before comparison,YES,NO
UNASSESSED-00370,governance/pia/items_07_10_integration/reports/ITEM_07_CARE_FORMAL_FINDING_TREATMENT_AND_INTEGRATION_READINESS_REPORT.md,Comparison blocker in triage register,BLOCKS_AFFECTED_FEATURE_COMPARISON,Resolve or explicitly scope/pin canonical source before comparison,YES,NO
UNASSESSED-00371,governance/pia/items_07_10_integration/reports/PIA_ITEMS_07_10_POST_DISPOSITION_FORMAL_REVIEW_AND_INTEGRATION_READINESS_REPORT.md,Comparison blocker in triage register,BLOCKS_UNCONSTRAINED_CODE_TO_GOVERNANCE_COMPARISON,Resolve or explicitly scope/pin canonical source before comparison,YES,NO
UNASSESSED-00372,governance/pia_portfolio/ES-PIA-PORTFOLIO-REALIGNMENT-V1.0.0/PIA_CROSS_CUTTING_ARTIFACT_CLASSIFICATION.csv,Historical/draft/superseded row not permitted by canonical filter,UNASSESSED_HISTORICAL_SCOPE,Use canonical successor path if available,NO,NO
UNASSESSED-00373,governance/pia_portfolio/ES-PIA-PORTFOLIO-REALIGNMENT-V1.0.0/PIA_PACKAGE_INVENTORY.csv,Historical/draft/superseded row not permitted by canonical filter,UNASSESSED_HISTORICAL_SCOPE,Use canonical successor path if available,NO,NO
UNASSESSED-00374,governance/pia_portfolio/ES-PIA-PORTFOLIO-REALIGNMENT-V1.0.0/PIA_PACKAGE_PLACEMENT_AND_SUPERSESSION_MAP.csv,Historical/draft/superseded row not permitted by canonical filter,UNASSESSED_HISTORICAL_SCOPE,Use canonical successor path if available,NO,NO
UNASSESSED-00375,governance/pia_portfolio/ES-PIA-PORTFOLIO-REALIGNMENT-V1.0.0/PIA_PORTFOLIO_DRIFT_VALIDATOR.py,Historical/draft/superseded row not permitted by canonical filter,UNASSESSED_HISTORICAL_SCOPE,Use canonical successor path if available,NO,NO
UNASSESSED-00376,governance/pia_portfolio/ES-PIA-PORTFOLIO-REALIGNMENT-V1.0.0/PIA_PORTFOLIO_MACHINE_READABLE.json,Historical/draft/superseded row not permitted by canonical filter,UNASSESSED_HISTORICAL_SCOPE,Use canonical successor path if available,NO,NO
UNASSESSED-00377,outputs/rf0_current_state_inventory.md,Comparison blocker in triage register,BLOCKS_AFFECTED_FEATURE_COMPARISON,Resolve or explicitly scope/pin canonical source before comparison,YES,NO
UNASSESSED-00378,outputs/rf19_staging_uat_artifact_index.json,Historical/draft/superseded row not permitted by canonical filter,UNASSESSED_HISTORICAL_SCOPE,Use canonical successor path if available,NO,NO
UNASSESSED-00379,outputs/rf6_canonical_systems_consolidation_report.md,Comparison blocker in triage register,BLOCKS_UNCONSTRAINED_CODE_TO_GOVERNANCE_COMPARISON,Resolve or explicitly scope/pin canonical source before comparison,YES,NO
UNASSESSED-00380,docs/canon/adoptions/c0_023_c0_035_adoption/tools/build_adoption.py,OPEN_BLOCKING_FINDING_REQUIRES_SCOPE_GATE,BLOCKS_AFFECTED_COMPARISON_OR_MUTATION_SCOPE,Triage against affected feature/canon scope before relying on this artifact for mutation authority.,NO_UNLESS_AFFECTED_SCOPE,NO
UNASSESSED-00381,docs/canon/adoptions/c0_023_c0_035_adoption/tools/validate_and_package.py,OPEN_BLOCKING_FINDING_REQUIRES_SCOPE_GATE,BLOCKS_AFFECTED_COMPARISON_OR_MUTATION_SCOPE,Triage against affected feature/canon scope before relying on this artifact for mutation authority.,NO_UNLESS_AFFECTED_SCOPE,NO
UNASSESSED-00382,docs/canon/adoptions/c0_023_c0_035_adoption/tools/validate_and_package.py,OPEN_BLOCKING_FINDING_REQUIRES_SCOPE_GATE,BLOCKS_AFFECTED_COMPARISON_OR_MUTATION_SCOPE,Triage against affected feature/canon scope before relying on this artifact for mutation authority.,NO_UNLESS_AFFECTED_SCOPE,NO
UNASSESSED-00383,docs/canon/adoptions/c0_023_c0_035_adoption/tools/validate_and_package.py,OPEN_BLOCKING_FINDING_REQUIRES_SCOPE_GATE,BLOCKS_AFFECTED_COMPARISON_OR_MUTATION_SCOPE,Triage against affected feature/canon scope before relying on this artifact for mutation authority.,NO_UNLESS_AFFECTED_SCOPE,NO
UNASSESSED-00384,docs/canon/adoptions/c0_023_c0_035_adoption/tools/validate_and_package.py,OPEN_BLOCKING_FINDING_REQUIRES_SCOPE_GATE,BLOCKS_AFFECTED_COMPARISON_OR_MUTATION_SCOPE,Triage against affected feature/canon scope before relying on this artifact for mutation authority.,NO_UNLESS_AFFECTED_SCOPE,NO
UNASSESSED-00385,docs/canon/adoptions/c0_023_c0_035_lock_readiness/tools/build_lock_readiness.py,OPEN_BLOCKING_FINDING_REQUIRES_SCOPE_GATE,BLOCKS_AFFECTED_COMPARISON_OR_MUTATION_SCOPE,Triage against affected feature/canon scope before relying on this artifact for mutation authority.,NO_UNLESS_AFFECTED_SCOPE,NO
UNASSESSED-00386,docs/canon/adoptions/c0_023_c0_035_lock_readiness/tools/build_lock_readiness.py,OPEN_BLOCKING_FINDING_REQUIRES_SCOPE_GATE,BLOCKS_AFFECTED_COMPARISON_OR_MUTATION_SCOPE,Triage against affected feature/canon scope before relying on this artifact for mutation authority.,NO_UNLESS_AFFECTED_SCOPE,NO
UNASSESSED-00387,docs/canon/adoptions/c0_023_c0_035_lock_readiness/tools/build_lock_readiness.py,OPEN_BLOCKING_FINDING_REQUIRES_SCOPE_GATE,BLOCKS_AFFECTED_COMPARISON_OR_MUTATION_SCOPE,Triage against affected feature/canon scope before relying on this artifact for mutation authority.,NO_UNLESS_AFFECTED_SCOPE,NO
UNASSESSED-00388,docs/canon/adoptions/c0_023_c0_035_lock_readiness/tools/build_lock_readiness.py,OPEN_BLOCKING_FINDING_REQUIRES_SCOPE_GATE,BLOCKS_AFFECTED_COMPARISON_OR_MUTATION_SCOPE,Triage against affected feature/canon scope before relying on this artifact for mutation authority.,NO_UNLESS_AFFECTED_SCOPE,NO
UNASSESSED-00389,docs/canon/adoptions/c0_023_c0_035_lock_readiness/tools/build_lock_readiness.py,OPEN_BLOCKING_FINDING_REQUIRES_SCOPE_GATE,BLOCKS_AFFECTED_COMPARISON_OR_MUTATION_SCOPE,Triage against affected feature/canon scope before relying on this artifact for mutation authority.,NO_UNLESS_AFFECTED_SCOPE,NO
UNASSESSED-00390,docs/canon/adoptions/c0_023_c0_035_lock_readiness/tools/build_lock_readiness.py,OPEN_BLOCKING_FINDING_REQUIRES_SCOPE_GATE,BLOCKS_AFFECTED_COMPARISON_OR_MUTATION_SCOPE,Triage against affected feature/canon scope before relying on this artifact for mutation authority.,NO_UNLESS_AFFECTED_SCOPE,NO
UNASSESSED-00391,docs/canon/adoptions/c0_023_privacy_v2_0/C0_023_LOCK_READINESS_PREPARATION.md,CANONICAL_SOURCE_CONFLICT_REQUIRES_REVIEW,BLOCKS_UNCONSTRAINED_CODE_TO_GOVERNANCE_COMPARISON,Resolve or explicitly pin canonical governance source before using this artifact for implementation comparison.,YES,NO
UNASSESSED-00392,docs/canon/adoptions/c0_035_reporting_v2_0/C0_035_LOCK_READINESS_PREPARATION.md,CANONICAL_SOURCE_CONFLICT_REQUIRES_REVIEW,BLOCKS_UNCONSTRAINED_CODE_TO_GOVERNANCE_COMPARISON,Resolve or explicitly pin canonical governance source before using this artifact for implementation comparison.,YES,NO
UNASSESSED-00393,docs/canon/adoptions/equine_health_v1_1/EQUINE_HEALTH_V1_1_RETAINED_P2_REGISTER.md,CANONICAL_SOURCE_CONFLICT_REQUIRES_REVIEW,BLOCKS_UNCONSTRAINED_CODE_TO_GOVERNANCE_COMPARISON,Resolve or explicitly pin canonical governance source before using this artifact for implementation comparison.,YES,NO
UNASSESSED-00394,docs/canon/companions/EQUINESYNC_CONSTITUTIONAL_AUTHORITY_MATRIX_V1_2.md,CANONICAL_SOURCE_CONFLICT_REQUIRES_REVIEW,BLOCKS_UNCONSTRAINED_CODE_TO_GOVERNANCE_COMPARISON,Resolve or explicitly pin canonical governance source before using this artifact for implementation comparison.,YES,NO
UNASSESSED-00395,docs/canon/companions/EQUINESYNC_CONSTITUTIONAL_AUTHORITY_MATRIX_V1_2.md,CANONICAL_SOURCE_CONFLICT_REQUIRES_REVIEW,BLOCKS_UNCONSTRAINED_CODE_TO_GOVERNANCE_COMPARISON,Resolve or explicitly pin canonical governance source before using this artifact for implementation comparison.,YES,NO
UNASSESSED-00396,docs/canon/companions/EQUINESYNC_CONSTITUTIONAL_AUTHORITY_MATRIX_V1_2.md,CANONICAL_SOURCE_CONFLICT_REQUIRES_REVIEW,BLOCKS_UNCONSTRAINED_CODE_TO_GOVERNANCE_COMPARISON,Resolve or explicitly pin canonical governance source before using this artifact for implementation comparison.,YES,NO
UNASSESSED-00397,docs/canon/companions/EQUINESYNC_CONSTITUTIONAL_AUTHORITY_MATRIX_V1_2.md,CANONICAL_SOURCE_CONFLICT_REQUIRES_REVIEW,BLOCKS_UNCONSTRAINED_CODE_TO_GOVERNANCE_COMPARISON,Resolve or explicitly pin canonical governance source before using this artifact for implementation comparison.,YES,NO
UNASSESSED-00398,docs/canon/companions/EQUINESYNC_CONSTITUTIONAL_CROSS_REFERENCE_INDEX_V1_2.md,CANONICAL_SOURCE_CONFLICT_REQUIRES_REVIEW,BLOCKS_UNCONSTRAINED_CODE_TO_GOVERNANCE_COMPARISON,Resolve or explicitly pin canonical governance source before using this artifact for implementation comparison.,YES,NO
UNASSESSED-00399,docs/canon/companions/EQUINESYNC_CONSTITUTIONAL_CROSS_REFERENCE_INDEX_V1_2.md,CANONICAL_SOURCE_CONFLICT_REQUIRES_REVIEW,BLOCKS_UNCONSTRAINED_CODE_TO_GOVERNANCE_COMPARISON,Resolve or explicitly pin canonical governance source before using this artifact for implementation comparison.,YES,NO
UNASSESSED-00400,docs/canon/companions/MASTER_EQUINESYNC_GOVERNANCE_REQUIREMENT_INDEX_V1_0.md,CANONICAL_SOURCE_CONFLICT_REQUIRES_REVIEW,BLOCKS_UNCONSTRAINED_CODE_TO_GOVERNANCE_COMPARISON,Resolve or explicitly pin canonical governance source before using this artifact for implementation comparison.,YES,NO
UNASSESSED-00401,docs/canon/locks/privacy_v2_0/tools/build_c0_023_lock.py,OPEN_BLOCKING_FINDING_REQUIRES_SCOPE_GATE,BLOCKS_AFFECTED_COMPARISON_OR_MUTATION_SCOPE,Triage against affected feature/canon scope before relying on this artifact for mutation authority.,NO_UNLESS_AFFECTED_SCOPE,NO
UNASSESSED-00402,docs/canon/locks/privacy_v2_0/tools/build_c0_023_lock.py,OPEN_BLOCKING_FINDING_REQUIRES_SCOPE_GATE,BLOCKS_AFFECTED_COMPARISON_OR_MUTATION_SCOPE,Triage against affected feature/canon scope before relying on this artifact for mutation authority.,NO_UNLESS_AFFECTED_SCOPE,NO
UNASSESSED-00403,docs/canon/locks/privacy_v2_0/tools/build_c0_023_lock.py,OPEN_BLOCKING_FINDING_REQUIRES_SCOPE_GATE,BLOCKS_AFFECTED_COMPARISON_OR_MUTATION_SCOPE,Triage against affected feature/canon scope before relying on this artifact for mutation authority.,NO_UNLESS_AFFECTED_SCOPE,NO
UNASSESSED-00404,docs/canon/locks/privacy_v2_0/tools/validate_and_package.py,OPEN_BLOCKING_FINDING_REQUIRES_SCOPE_GATE,BLOCKS_AFFECTED_COMPARISON_OR_MUTATION_SCOPE,Triage against affected feature/canon scope before relying on this artifact for mutation authority.,NO_UNLESS_AFFECTED_SCOPE,NO
UNASSESSED-00405,docs/canon/MASTER_ATLAS_GOVERNANCE.md,FEATURE_INCLUSION_CONFLICT_OR_TRACEABILITY_RISK,BLOCKS_AFFECTED_FEATURE_COMPARISON,Fix feature-to-governance inclusion mapping for affected feature scope before comparing that feature.,NO_UNLESS_AFFECTED_SCOPE,NO
UNASSESSED-00406,docs/canon/MASTER_ATLAS_GOVERNANCE.md,FEATURE_INCLUSION_CONFLICT_OR_TRACEABILITY_RISK,BLOCKS_AFFECTED_FEATURE_COMPARISON,Fix feature-to-governance inclusion mapping for affected feature scope before comparing that feature.,NO_UNLESS_AFFECTED_SCOPE,NO
UNASSESSED-00407,docs/canon/MASTER_ATLAS_GOVERNANCE.md,FEATURE_INCLUSION_CONFLICT_OR_TRACEABILITY_RISK,BLOCKS_AFFECTED_FEATURE_COMPARISON,Fix feature-to-governance inclusion mapping for affected feature scope before comparing that feature.,NO_UNLESS_AFFECTED_SCOPE,NO
UNASSESSED-00408,docs/canon/MASTER_FINANCIAL_TRUTH_AND_RESPONSIBILITY_MODEL_V2_1.md,CANONICAL_SOURCE_CONFLICT_REQUIRES_REVIEW,BLOCKS_UNCONSTRAINED_CODE_TO_GOVERNANCE_COMPARISON,Resolve or explicitly pin canonical governance source before using this artifact for implementation comparison.,YES,NO
UNASSESSED-00409,docs/canon/MASTER_RELATIONSHIP_MODEL_V2_0_DELTA_MATRIX.md,CANONICAL_SOURCE_CONFLICT_REQUIRES_REVIEW,BLOCKS_UNCONSTRAINED_CODE_TO_GOVERNANCE_COMPARISON,Resolve or explicitly pin canonical governance source before using this artifact for implementation comparison.,YES,NO
UNASSESSED-00410,docs/canon/MASTER_RELATIONSHIP_MODEL_V2_0_DELTA_MATRIX.md,CANONICAL_SOURCE_CONFLICT_REQUIRES_REVIEW,BLOCKS_UNCONSTRAINED_CODE_TO_GOVERNANCE_COMPARISON,Resolve or explicitly pin canonical governance source before using this artifact for implementation comparison.,YES,NO
UNASSESSED-00411,docs/canon/MASTER_RELATIONSHIP_MODEL_V2_0_DELTA_MATRIX.md,CANONICAL_SOURCE_CONFLICT_REQUIRES_REVIEW,BLOCKS_UNCONSTRAINED_CODE_TO_GOVERNANCE_COMPARISON,Resolve or explicitly pin canonical governance source before using this artifact for implementation comparison.,YES,NO
UNASSESSED-00412,docs/canon/MASTER_RELATIONSHIP_MODEL_V2_0_DELTA_MATRIX.md,CANONICAL_SOURCE_CONFLICT_REQUIRES_REVIEW,BLOCKS_UNCONSTRAINED_CODE_TO_GOVERNANCE_COMPARISON,Resolve or explicitly pin canonical governance source before using this artifact for implementation comparison.,YES,NO
UNASSESSED-00413,docs/canon/MASTER_RELATIONSHIP_MODEL_V2_0_DELTA_MATRIX.md,CANONICAL_SOURCE_CONFLICT_REQUIRES_REVIEW,BLOCKS_UNCONSTRAINED_CODE_TO_GOVERNANCE_COMPARISON,Resolve or explicitly pin canonical governance source before using this artifact for implementation comparison.,YES,NO
UNASSESSED-00414,docs/canon/MASTER_RELATIONSHIP_MODEL_V2_0_DELTA_MATRIX.md,CANONICAL_SOURCE_CONFLICT_REQUIRES_REVIEW,BLOCKS_UNCONSTRAINED_CODE_TO_GOVERNANCE_COMPARISON,Resolve or explicitly pin canonical governance source before using this artifact for implementation comparison.,YES,NO
UNASSESSED-00415,docs/canon/MASTER_RELATIONSHIP_MODEL_V2_0_DELTA_MATRIX.md,CANONICAL_SOURCE_CONFLICT_REQUIRES_REVIEW,BLOCKS_UNCONSTRAINED_CODE_TO_GOVERNANCE_COMPARISON,Resolve or explicitly pin canonical governance source before using this artifact for implementation comparison.,YES,NO
UNASSESSED-00416,docs/canon/MASTER_RELATIONSHIP_MODEL_V2_0_DELTA_MATRIX.md,CANONICAL_SOURCE_CONFLICT_REQUIRES_REVIEW,BLOCKS_UNCONSTRAINED_CODE_TO_GOVERNANCE_COMPARISON,Resolve or explicitly pin canonical governance source before using this artifact for implementation comparison.,YES,NO
UNASSESSED-00417,docs/canon/registries/CANON_LOCK_LEDGER.md,OPEN_BLOCKING_FINDING_REQUIRES_SCOPE_GATE,BLOCKS_AFFECTED_COMPARISON_OR_MUTATION_SCOPE,Triage against affected feature/canon scope before relying on this artifact for mutation authority.,NO_UNLESS_AFFECTED_SCOPE,NO
UNASSESSED-00418,docs/canon/registries/CANON_LOCK_LEDGER.md,OPEN_BLOCKING_FINDING_REQUIRES_SCOPE_GATE,BLOCKS_AFFECTED_COMPARISON_OR_MUTATION_SCOPE,Triage against affected feature/canon scope before relying on this artifact for mutation authority.,NO_UNLESS_AFFECTED_SCOPE,NO
UNASSESSED-00419,docs/canon/registries/CANON_LOCK_LEDGER.md,OPEN_BLOCKING_FINDING_REQUIRES_SCOPE_GATE,BLOCKS_AFFECTED_COMPARISON_OR_MUTATION_SCOPE,Triage against affected feature/canon scope before relying on this artifact for mutation authority.,NO_UNLESS_AFFECTED_SCOPE,NO
UNASSESSED-00420,docs/canon/registries/CANON_LOCK_LEDGER.md,OPEN_BLOCKING_FINDING_REQUIRES_SCOPE_GATE,BLOCKS_AFFECTED_COMPARISON_OR_MUTATION_SCOPE,Triage against affected feature/canon scope before relying on this artifact for mutation authority.,NO_UNLESS_AFFECTED_SCOPE,NO
UNASSESSED-00421,docs/canon/registries/CANON_LOCK_LEDGER.md,OPEN_BLOCKING_FINDING_REQUIRES_SCOPE_GATE,BLOCKS_AFFECTED_COMPARISON_OR_MUTATION_SCOPE,Triage against affected feature/canon scope before relying on this artifact for mutation authority.,NO_UNLESS_AFFECTED_SCOPE,NO
UNASSESSED-00422,docs/canon/registries/CANON_LOCK_LEDGER.md,OPEN_BLOCKING_FINDING_REQUIRES_SCOPE_GATE,BLOCKS_AFFECTED_COMPARISON_OR_MUTATION_SCOPE,Triage against affected feature/canon scope before relying on this artifact for mutation authority.,NO_UNLESS_AFFECTED_SCOPE,NO
UNASSESSED-00423,docs/canon/registries/CANON_LOCK_LEDGER.md,OPEN_BLOCKING_FINDING_REQUIRES_SCOPE_GATE,BLOCKS_AFFECTED_COMPARISON_OR_MUTATION_SCOPE,Triage against affected feature/canon scope before relying on this artifact for mutation authority.,NO_UNLESS_AFFECTED_SCOPE,NO
UNASSESSED-00424,docs/canon/registries/CANON_LOCK_LEDGER.md,OPEN_BLOCKING_FINDING_REQUIRES_SCOPE_GATE,BLOCKS_AFFECTED_COMPARISON_OR_MUTATION_SCOPE,Triage against affected feature/canon scope before relying on this artifact for mutation authority.,NO_UNLESS_AFFECTED_SCOPE,NO
UNASSESSED-00425,docs/canon/registries/CANON_LOCK_LEDGER.md,OPEN_BLOCKING_FINDING_REQUIRES_SCOPE_GATE,BLOCKS_AFFECTED_COMPARISON_OR_MUTATION_SCOPE,Triage against affected feature/canon scope before relying on this artifact for mutation authority.,NO_UNLESS_AFFECTED_SCOPE,NO
UNASSESSED-00426,docs/canon/registries/CANON_LOCK_LEDGER.md,OPEN_BLOCKING_FINDING_REQUIRES_SCOPE_GATE,BLOCKS_AFFECTED_COMPARISON_OR_MUTATION_SCOPE,Triage against affected feature/canon scope before relying on this artifact for mutation authority.,NO_UNLESS_AFFECTED_SCOPE,NO
UNASSESSED-00427,docs/canon/registries/CANON_LOCK_LEDGER.md,OPEN_BLOCKING_FINDING_REQUIRES_SCOPE_GATE,BLOCKS_AFFECTED_COMPARISON_OR_MUTATION_SCOPE,Triage against affected feature/canon scope before relying on this artifact for mutation authority.,NO_UNLESS_AFFECTED_SCOPE,NO
UNASSESSED-00428,docs/canon/registries/CANON_LOCK_LEDGER.md,OPEN_BLOCKING_FINDING_REQUIRES_SCOPE_GATE,BLOCKS_AFFECTED_COMPARISON_OR_MUTATION_SCOPE,Triage against affected feature/canon scope before relying on this artifact for mutation authority.,NO_UNLESS_AFFECTED_SCOPE,NO
UNASSESSED-00429,docs/canon/registries/CANON_LOCK_LEDGER.md,OPEN_BLOCKING_FINDING_REQUIRES_SCOPE_GATE,BLOCKS_AFFECTED_COMPARISON_OR_MUTATION_SCOPE,Triage against affected feature/canon scope before relying on this artifact for mutation authority.,NO_UNLESS_AFFECTED_SCOPE,NO
UNASSESSED-00430,docs/canon/registries/CANON_LOCK_LEDGER.md,OPEN_BLOCKING_FINDING_REQUIRES_SCOPE_GATE,BLOCKS_AFFECTED_COMPARISON_OR_MUTATION_SCOPE,Triage against affected feature/canon scope before relying on this artifact for mutation authority.,NO_UNLESS_AFFECTED_SCOPE,NO
UNASSESSED-00431,docs/canon/registries/CANON_LOCK_LEDGER.md,OPEN_BLOCKING_FINDING_REQUIRES_SCOPE_GATE,BLOCKS_AFFECTED_COMPARISON_OR_MUTATION_SCOPE,Triage against affected feature/canon scope before relying on this artifact for mutation authority.,NO_UNLESS_AFFECTED_SCOPE,NO
UNASSESSED-00432,docs/canon/registries/CANON_LOCK_LEDGER.md,OPEN_BLOCKING_FINDING_REQUIRES_SCOPE_GATE,BLOCKS_AFFECTED_COMPARISON_OR_MUTATION_SCOPE,Triage against affected feature/canon scope before relying on this artifact for mutation authority.,NO_UNLESS_AFFECTED_SCOPE,NO
UNASSESSED-00433,docs/canon/registries/CANON_LOCK_LEDGER.md,OPEN_BLOCKING_FINDING_REQUIRES_SCOPE_GATE,BLOCKS_AFFECTED_COMPARISON_OR_MUTATION_SCOPE,Triage against affected feature/canon scope before relying on this artifact for mutation authority.,NO_UNLESS_AFFECTED_SCOPE,NO
UNASSESSED-00434,docs/canon/registries/CANON_LOCK_LEDGER.md,OPEN_BLOCKING_FINDING_REQUIRES_SCOPE_GATE,BLOCKS_AFFECTED_COMPARISON_OR_MUTATION_SCOPE,Triage against affected feature/canon scope before relying on this artifact for mutation authority.,NO_UNLESS_AFFECTED_SCOPE,NO
UNASSESSED-00435,docs/canon/registries/CANON_LOCK_LEDGER.md,OPEN_BLOCKING_FINDING_REQUIRES_SCOPE_GATE,BLOCKS_AFFECTED_COMPARISON_OR_MUTATION_SCOPE,Triage against affected feature/canon scope before relying on this artifact for mutation authority.,NO_UNLESS_AFFECTED_SCOPE,NO
UNASSESSED-00436,docs/canon/registries/CANON_LOCK_LEDGER.md,OPEN_BLOCKING_FINDING_REQUIRES_SCOPE_GATE,BLOCKS_AFFECTED_COMPARISON_OR_MUTATION_SCOPE,Triage against affected feature/canon scope before relying on this artifact for mutation authority.,NO_UNLESS_AFFECTED_SCOPE,NO
UNASSESSED-00437,docs/canon/registries/CANON_LOCK_LEDGER.md,OPEN_BLOCKING_FINDING_REQUIRES_SCOPE_GATE,BLOCKS_AFFECTED_COMPARISON_OR_MUTATION_SCOPE,Triage against affected feature/canon scope before relying on this artifact for mutation authority.,NO_UNLESS_AFFECTED_SCOPE,NO
UNASSESSED-00438,docs/canon/registries/CANON_LOCK_LEDGER.md,OPEN_BLOCKING_FINDING_REQUIRES_SCOPE_GATE,BLOCKS_AFFECTED_COMPARISON_OR_MUTATION_SCOPE,Triage against affected feature/canon scope before relying on this artifact for mutation authority.,NO_UNLESS_AFFECTED_SCOPE,NO
UNASSESSED-00439,docs/canon/registries/CANON_LOCK_LEDGER.md,OPEN_BLOCKING_FINDING_REQUIRES_SCOPE_GATE,BLOCKS_AFFECTED_COMPARISON_OR_MUTATION_SCOPE,Triage against affected feature/canon scope before relying on this artifact for mutation authority.,NO_UNLESS_AFFECTED_SCOPE,NO
UNASSESSED-00440,docs/canon/registries/CANON_LOCK_LEDGER.md,OPEN_BLOCKING_FINDING_REQUIRES_SCOPE_GATE,BLOCKS_AFFECTED_COMPARISON_OR_MUTATION_SCOPE,Triage against affected feature/canon scope before relying on this artifact for mutation authority.,NO_UNLESS_AFFECTED_SCOPE,NO
UNASSESSED-00441,docs/canon/registries/CANON_LOCK_LEDGER.md,OPEN_BLOCKING_FINDING_REQUIRES_SCOPE_GATE,BLOCKS_AFFECTED_COMPARISON_OR_MUTATION_SCOPE,Triage against affected feature/canon scope before relying on this artifact for mutation authority.,NO_UNLESS_AFFECTED_SCOPE,NO
UNASSESSED-00442,docs/canon/registries/CANON_LOCK_LEDGER.md,OPEN_BLOCKING_FINDING_REQUIRES_SCOPE_GATE,BLOCKS_AFFECTED_COMPARISON_OR_MUTATION_SCOPE,Triage against affected feature/canon scope before relying on this artifact for mutation authority.,NO_UNLESS_AFFECTED_SCOPE,NO
UNASSESSED-00443,docs/canon/registries/CANON_LOCK_LEDGER.md,OPEN_BLOCKING_FINDING_REQUIRES_SCOPE_GATE,BLOCKS_AFFECTED_COMPARISON_OR_MUTATION_SCOPE,Triage against affected feature/canon scope before relying on this artifact for mutation authority.,NO_UNLESS_AFFECTED_SCOPE,NO
UNASSESSED-00444,docs/canon/registries/CANON_LOCK_LEDGER.md,OPEN_BLOCKING_FINDING_REQUIRES_SCOPE_GATE,BLOCKS_AFFECTED_COMPARISON_OR_MUTATION_SCOPE,Triage against affected feature/canon scope before relying on this artifact for mutation authority.,NO_UNLESS_AFFECTED_SCOPE,NO
UNASSESSED-00445,docs/canon/registries/CANON_LOCK_LEDGER.md,OPEN_BLOCKING_FINDING_REQUIRES_SCOPE_GATE,BLOCKS_AFFECTED_COMPARISON_OR_MUTATION_SCOPE,Triage against affected feature/canon scope before relying on this artifact for mutation authority.,NO_UNLESS_AFFECTED_SCOPE,NO
UNASSESSED-00446,docs/canon/registries/CANON_LOCK_LEDGER.md,OPEN_BLOCKING_FINDING_REQUIRES_SCOPE_GATE,BLOCKS_AFFECTED_COMPARISON_OR_MUTATION_SCOPE,Triage against affected feature/canon scope before relying on this artifact for mutation authority.,NO_UNLESS_AFFECTED_SCOPE,NO
UNASSESSED-00447,docs/canon/registries/CANON_LOCK_LEDGER.md,OPEN_BLOCKING_FINDING_REQUIRES_SCOPE_GATE,BLOCKS_AFFECTED_COMPARISON_OR_MUTATION_SCOPE,Triage against affected feature/canon scope before relying on this artifact for mutation authority.,NO_UNLESS_AFFECTED_SCOPE,NO
UNASSESSED-00448,docs/canon/registries/CANON_LOCK_LEDGER.md,OPEN_BLOCKING_FINDING_REQUIRES_SCOPE_GATE,BLOCKS_AFFECTED_COMPARISON_OR_MUTATION_SCOPE,Triage against affected feature/canon scope before relying on this artifact for mutation authority.,NO_UNLESS_AFFECTED_SCOPE,NO
UNASSESSED-00449,docs/canon/registries/CANON_LOCK_LEDGER.md,OPEN_BLOCKING_FINDING_REQUIRES_SCOPE_GATE,BLOCKS_AFFECTED_COMPARISON_OR_MUTATION_SCOPE,Triage against affected feature/canon scope before relying on this artifact for mutation authority.,NO_UNLESS_AFFECTED_SCOPE,NO
UNASSESSED-00450,docs/canon/registries/CANON_LOCK_LEDGER.md,OPEN_BLOCKING_FINDING_REQUIRES_SCOPE_GATE,BLOCKS_AFFECTED_COMPARISON_OR_MUTATION_SCOPE,Triage against affected feature/canon scope before relying on this artifact for mutation authority.,NO_UNLESS_AFFECTED_SCOPE,NO
UNASSESSED-00451,docs/canon/registries/CANON_LOCK_LEDGER.md,OPEN_BLOCKING_FINDING_REQUIRES_SCOPE_GATE,BLOCKS_AFFECTED_COMPARISON_OR_MUTATION_SCOPE,Triage against affected feature/canon scope before relying on this artifact for mutation authority.,NO_UNLESS_AFFECTED_SCOPE,NO
UNASSESSED-00452,docs/canon/registries/CANON_LOCK_LEDGER.md,OPEN_BLOCKING_FINDING_REQUIRES_SCOPE_GATE,BLOCKS_AFFECTED_COMPARISON_OR_MUTATION_SCOPE,Triage against affected feature/canon scope before relying on this artifact for mutation authority.,NO_UNLESS_AFFECTED_SCOPE,NO
UNASSESSED-00453,docs/canon/registries/CANON_LOCK_LEDGER.md,OPEN_BLOCKING_FINDING_REQUIRES_SCOPE_GATE,BLOCKS_AFFECTED_COMPARISON_OR_MUTATION_SCOPE,Triage against affected feature/canon scope before relying on this artifact for mutation authority.,NO_UNLESS_AFFECTED_SCOPE,NO
UNASSESSED-00454,docs/canon/registries/CANON_LOCK_LEDGER.md,OPEN_BLOCKING_FINDING_REQUIRES_SCOPE_GATE,BLOCKS_AFFECTED_COMPARISON_OR_MUTATION_SCOPE,Triage against affected feature/canon scope before relying on this artifact for mutation authority.,NO_UNLESS_AFFECTED_SCOPE,NO
UNASSESSED-00455,docs/canon/registries/CANON_LOCK_LEDGER.md,OPEN_BLOCKING_FINDING_REQUIRES_SCOPE_GATE,BLOCKS_AFFECTED_COMPARISON_OR_MUTATION_SCOPE,Triage against affected feature/canon scope before relying on this artifact for mutation authority.,NO_UNLESS_AFFECTED_SCOPE,NO
UNASSESSED-00456,docs/canon/registries/GOVERNANCE_FINDING_REGISTRY.md,CANONICAL_SOURCE_CONFLICT_REQUIRES_REVIEW,BLOCKS_UNCONSTRAINED_CODE_TO_GOVERNANCE_COMPARISON,Resolve or explicitly pin canonical governance source before using this artifact for implementation comparison.,YES,NO
UNASSESSED-00457,docs/canon/registries/GOVERNANCE_FINDING_REGISTRY.md,CANONICAL_SOURCE_CONFLICT_REQUIRES_REVIEW,BLOCKS_UNCONSTRAINED_CODE_TO_GOVERNANCE_COMPARISON,Resolve or explicitly pin canonical governance source before using this artifact for implementation comparison.,YES,NO
UNASSESSED-00458,docs/canon/registries/GOVERNANCE_FINDING_REGISTRY.md,CANONICAL_SOURCE_CONFLICT_REQUIRES_REVIEW,BLOCKS_UNCONSTRAINED_CODE_TO_GOVERNANCE_COMPARISON,Resolve or explicitly pin canonical governance source before using this artifact for implementation comparison.,YES,NO
UNASSESSED-00459,docs/canon/registries/GOVERNANCE_FINDING_REGISTRY.md,CANONICAL_SOURCE_CONFLICT_REQUIRES_REVIEW,BLOCKS_UNCONSTRAINED_CODE_TO_GOVERNANCE_COMPARISON,Resolve or explicitly pin canonical governance source before using this artifact for implementation comparison.,YES,NO
UNASSESSED-00460,docs/canon/registries/GOVERNANCE_FINDING_REGISTRY.md,CANONICAL_SOURCE_CONFLICT_REQUIRES_REVIEW,BLOCKS_UNCONSTRAINED_CODE_TO_GOVERNANCE_COMPARISON,Resolve or explicitly pin canonical governance source before using this artifact for implementation comparison.,YES,NO
UNASSESSED-00461,docs/canon/registries/GOVERNANCE_FINDING_REGISTRY.md,CANONICAL_SOURCE_CONFLICT_REQUIRES_REVIEW,BLOCKS_UNCONSTRAINED_CODE_TO_GOVERNANCE_COMPARISON,Resolve or explicitly pin canonical governance source before using this artifact for implementation comparison.,YES,NO
UNASSESSED-00462,docs/canon/registries/GOVERNANCE_FINDING_REGISTRY.md,CANONICAL_SOURCE_CONFLICT_REQUIRES_REVIEW,BLOCKS_UNCONSTRAINED_CODE_TO_GOVERNANCE_COMPARISON,Resolve or explicitly pin canonical governance source before using this artifact for implementation comparison.,YES,NO
UNASSESSED-00463,docs/canon/registries/GOVERNANCE_FINDING_REGISTRY.md,CANONICAL_SOURCE_CONFLICT_REQUIRES_REVIEW,BLOCKS_UNCONSTRAINED_CODE_TO_GOVERNANCE_COMPARISON,Resolve or explicitly pin canonical governance source before using this artifact for implementation comparison.,YES,NO
UNASSESSED-00464,docs/canon/registries/GOVERNANCE_FINDING_REGISTRY.md,CANONICAL_SOURCE_CONFLICT_REQUIRES_REVIEW,BLOCKS_UNCONSTRAINED_CODE_TO_GOVERNANCE_COMPARISON,Resolve or explicitly pin canonical governance source before using this artifact for implementation comparison.,YES,NO
UNASSESSED-00465,docs/canon/registries/GOVERNANCE_FINDING_REGISTRY.md,CANONICAL_SOURCE_CONFLICT_REQUIRES_REVIEW,BLOCKS_UNCONSTRAINED_CODE_TO_GOVERNANCE_COMPARISON,Resolve or explicitly pin canonical governance source before using this artifact for implementation comparison.,YES,NO
UNASSESSED-00466,docs/canon/registries/GOVERNANCE_FINDING_REGISTRY.md,CANONICAL_SOURCE_CONFLICT_REQUIRES_REVIEW,BLOCKS_UNCONSTRAINED_CODE_TO_GOVERNANCE_COMPARISON,Resolve or explicitly pin canonical governance source before using this artifact for implementation comparison.,YES,NO
UNASSESSED-00467,docs/canon/registries/GOVERNANCE_FINDING_REGISTRY.md,CANONICAL_SOURCE_CONFLICT_REQUIRES_REVIEW,BLOCKS_UNCONSTRAINED_CODE_TO_GOVERNANCE_COMPARISON,Resolve or explicitly pin canonical governance source before using this artifact for implementation comparison.,YES,NO
UNASSESSED-00468,docs/canon/registries/GOVERNANCE_FINDING_REGISTRY.md,CANONICAL_SOURCE_CONFLICT_REQUIRES_REVIEW,BLOCKS_UNCONSTRAINED_CODE_TO_GOVERNANCE_COMPARISON,Resolve or explicitly pin canonical governance source before using this artifact for implementation comparison.,YES,NO
UNASSESSED-00469,docs/canon/registries/GOVERNANCE_FINDING_REGISTRY.md,CANONICAL_SOURCE_CONFLICT_REQUIRES_REVIEW,BLOCKS_UNCONSTRAINED_CODE_TO_GOVERNANCE_COMPARISON,Resolve or explicitly pin canonical governance source before using this artifact for implementation comparison.,YES,NO
UNASSESSED-00470,docs/canon/registries/GOVERNANCE_FINDING_REGISTRY.md,CANONICAL_SOURCE_CONFLICT_REQUIRES_REVIEW,BLOCKS_UNCONSTRAINED_CODE_TO_GOVERNANCE_COMPARISON,Resolve or explicitly pin canonical governance source before using this artifact for implementation comparison.,YES,NO
UNASSESSED-00471,docs/canon/registries/GOVERNANCE_FINDING_REGISTRY.md,CANONICAL_SOURCE_CONFLICT_REQUIRES_REVIEW,BLOCKS_UNCONSTRAINED_CODE_TO_GOVERNANCE_COMPARISON,Resolve or explicitly pin canonical governance source before using this artifact for implementation comparison.,YES,NO
UNASSESSED-00472,docs/canon/registries/GOVERNANCE_FINDING_REGISTRY.md,CANONICAL_SOURCE_CONFLICT_REQUIRES_REVIEW,BLOCKS_UNCONSTRAINED_CODE_TO_GOVERNANCE_COMPARISON,Resolve or explicitly pin canonical governance source before using this artifact for implementation comparison.,YES,NO
UNASSESSED-00473,docs/canon/registries/GOVERNANCE_FINDING_REGISTRY.md,CANONICAL_SOURCE_CONFLICT_REQUIRES_REVIEW,BLOCKS_UNCONSTRAINED_CODE_TO_GOVERNANCE_COMPARISON,Resolve or explicitly pin canonical governance source before using this artifact for implementation comparison.,YES,NO
UNASSESSED-00474,docs/canon/registries/GOVERNANCE_FINDING_REGISTRY.md,CANONICAL_SOURCE_CONFLICT_REQUIRES_REVIEW,BLOCKS_UNCONSTRAINED_CODE_TO_GOVERNANCE_COMPARISON,Resolve or explicitly pin canonical governance source before using this artifact for implementation comparison.,YES,NO
UNASSESSED-00475,docs/canon/registries/GOVERNANCE_FINDING_REGISTRY.md,CANONICAL_SOURCE_CONFLICT_REQUIRES_REVIEW,BLOCKS_UNCONSTRAINED_CODE_TO_GOVERNANCE_COMPARISON,Resolve or explicitly pin canonical governance source before using this artifact for implementation comparison.,YES,NO
UNASSESSED-00476,docs/canon/registries/GOVERNANCE_FINDING_REGISTRY.md,CANONICAL_SOURCE_CONFLICT_REQUIRES_REVIEW,BLOCKS_UNCONSTRAINED_CODE_TO_GOVERNANCE_COMPARISON,Resolve or explicitly pin canonical governance source before using this artifact for implementation comparison.,YES,NO
UNASSESSED-00477,docs/canon/registries/GOVERNANCE_FINDING_REGISTRY.md,CANONICAL_SOURCE_CONFLICT_REQUIRES_REVIEW,BLOCKS_UNCONSTRAINED_CODE_TO_GOVERNANCE_COMPARISON,Resolve or explicitly pin canonical governance source before using this artifact for implementation comparison.,YES,NO
UNASSESSED-00478,docs/canon/registries/GOVERNANCE_FINDING_REGISTRY.md,CANONICAL_SOURCE_CONFLICT_REQUIRES_REVIEW,BLOCKS_UNCONSTRAINED_CODE_TO_GOVERNANCE_COMPARISON,Resolve or explicitly pin canonical governance source before using this artifact for implementation comparison.,YES,NO
UNASSESSED-00479,docs/canon/registries/GOVERNANCE_FINDING_REGISTRY.md,CANONICAL_SOURCE_CONFLICT_REQUIRES_REVIEW,BLOCKS_UNCONSTRAINED_CODE_TO_GOVERNANCE_COMPARISON,Resolve or explicitly pin canonical governance source before using this artifact for implementation comparison.,YES,NO
UNASSESSED-00480,docs/canon/registries/GOVERNANCE_FINDING_REGISTRY.md,CANONICAL_SOURCE_CONFLICT_REQUIRES_REVIEW,BLOCKS_UNCONSTRAINED_CODE_TO_GOVERNANCE_COMPARISON,Resolve or explicitly pin canonical governance source before using this artifact for implementation comparison.,YES,NO
UNASSESSED-00481,docs/canon/registries/GOVERNANCE_FINDING_REGISTRY.md,CANONICAL_SOURCE_CONFLICT_REQUIRES_REVIEW,BLOCKS_UNCONSTRAINED_CODE_TO_GOVERNANCE_COMPARISON,Resolve or explicitly pin canonical governance source before using this artifact for implementation comparison.,YES,NO
UNASSESSED-00482,docs/canon/registries/GOVERNANCE_FINDING_REGISTRY.md,CANONICAL_SOURCE_CONFLICT_REQUIRES_REVIEW,BLOCKS_UNCONSTRAINED_CODE_TO_GOVERNANCE_COMPARISON,Resolve or explicitly pin canonical governance source before using this artifact for implementation comparison.,YES,NO
UNASSESSED-00483,docs/canon/registries/GOVERNANCE_FINDING_REGISTRY.md,CANONICAL_SOURCE_CONFLICT_REQUIRES_REVIEW,BLOCKS_UNCONSTRAINED_CODE_TO_GOVERNANCE_COMPARISON,Resolve or explicitly pin canonical governance source before using this artifact for implementation comparison.,YES,NO
UNASSESSED-00484,docs/canon/registries/GOVERNANCE_FINDING_REGISTRY.md,CANONICAL_SOURCE_CONFLICT_REQUIRES_REVIEW,BLOCKS_UNCONSTRAINED_CODE_TO_GOVERNANCE_COMPARISON,Resolve or explicitly pin canonical governance source before using this artifact for implementation comparison.,YES,NO
UNASSESSED-00485,docs/canon/registries/GOVERNANCE_FINDING_REGISTRY.md,CANONICAL_SOURCE_CONFLICT_REQUIRES_REVIEW,BLOCKS_UNCONSTRAINED_CODE_TO_GOVERNANCE_COMPARISON,Resolve or explicitly pin canonical governance source before using this artifact for implementation comparison.,YES,NO
UNASSESSED-00486,docs/canon/registries/GOVERNANCE_FINDING_REGISTRY.md,CANONICAL_SOURCE_CONFLICT_REQUIRES_REVIEW,BLOCKS_UNCONSTRAINED_CODE_TO_GOVERNANCE_COMPARISON,Resolve or explicitly pin canonical governance source before using this artifact for implementation comparison.,YES,NO
UNASSESSED-00487,docs/canon/registries/GOVERNANCE_FINDING_REGISTRY.md,CANONICAL_SOURCE_CONFLICT_REQUIRES_REVIEW,BLOCKS_UNCONSTRAINED_CODE_TO_GOVERNANCE_COMPARISON,Resolve or explicitly pin canonical governance source before using this artifact for implementation comparison.,YES,NO
UNASSESSED-00488,docs/canon/registries/GOVERNANCE_FINDING_REGISTRY.md,CANONICAL_SOURCE_CONFLICT_REQUIRES_REVIEW,BLOCKS_UNCONSTRAINED_CODE_TO_GOVERNANCE_COMPARISON,Resolve or explicitly pin canonical governance source before using this artifact for implementation comparison.,YES,NO
UNASSESSED-00489,docs/canon/registries/GOVERNANCE_FINDING_REGISTRY.md,CANONICAL_SOURCE_CONFLICT_REQUIRES_REVIEW,BLOCKS_UNCONSTRAINED_CODE_TO_GOVERNANCE_COMPARISON,Resolve or explicitly pin canonical governance source before using this artifact for implementation comparison.,YES,NO
UNASSESSED-00490,docs/canon/registries/GOVERNANCE_FINDING_REGISTRY.md,CANONICAL_SOURCE_CONFLICT_REQUIRES_REVIEW,BLOCKS_UNCONSTRAINED_CODE_TO_GOVERNANCE_COMPARISON,Resolve or explicitly pin canonical governance source before using this artifact for implementation comparison.,YES,NO
UNASSESSED-00491,docs/canon/registries/GOVERNANCE_FINDING_REGISTRY.md,CANONICAL_SOURCE_CONFLICT_REQUIRES_REVIEW,BLOCKS_UNCONSTRAINED_CODE_TO_GOVERNANCE_COMPARISON,Resolve or explicitly pin canonical governance source before using this artifact for implementation comparison.,YES,NO
UNASSESSED-00492,docs/canon/registries/GOVERNANCE_FINDING_REGISTRY.md,CANONICAL_SOURCE_CONFLICT_REQUIRES_REVIEW,BLOCKS_UNCONSTRAINED_CODE_TO_GOVERNANCE_COMPARISON,Resolve or explicitly pin canonical governance source before using this artifact for implementation comparison.,YES,NO
UNASSESSED-00493,docs/canon/registries/GOVERNANCE_FINDING_REGISTRY.md,CANONICAL_SOURCE_CONFLICT_REQUIRES_REVIEW,BLOCKS_UNCONSTRAINED_CODE_TO_GOVERNANCE_COMPARISON,Resolve or explicitly pin canonical governance source before using this artifact for implementation comparison.,YES,NO
UNASSESSED-00494,docs/canon/registries/GOVERNANCE_FINDING_REGISTRY.md,CANONICAL_SOURCE_CONFLICT_REQUIRES_REVIEW,BLOCKS_UNCONSTRAINED_CODE_TO_GOVERNANCE_COMPARISON,Resolve or explicitly pin canonical governance source before using this artifact for implementation comparison.,YES,NO
UNASSESSED-00495,docs/canon/registries/GOVERNANCE_FINDING_REGISTRY.md,CANONICAL_SOURCE_CONFLICT_REQUIRES_REVIEW,BLOCKS_UNCONSTRAINED_CODE_TO_GOVERNANCE_COMPARISON,Resolve or explicitly pin canonical governance source before using this artifact for implementation comparison.,YES,NO
UNASSESSED-00496,docs/canon/registries/GOVERNANCE_FINDING_REGISTRY.md,CANONICAL_SOURCE_CONFLICT_REQUIRES_REVIEW,BLOCKS_UNCONSTRAINED_CODE_TO_GOVERNANCE_COMPARISON,Resolve or explicitly pin canonical governance source before using this artifact for implementation comparison.,YES,NO
UNASSESSED-00497,docs/canon/registries/GOVERNANCE_FINDING_REGISTRY.md,CANONICAL_SOURCE_CONFLICT_REQUIRES_REVIEW,BLOCKS_UNCONSTRAINED_CODE_TO_GOVERNANCE_COMPARISON,Resolve or explicitly pin canonical governance source before using this artifact for implementation comparison.,YES,NO
UNASSESSED-00498,docs/canon/registries/GOVERNANCE_FINDING_REGISTRY.md,CANONICAL_SOURCE_CONFLICT_REQUIRES_REVIEW,BLOCKS_UNCONSTRAINED_CODE_TO_GOVERNANCE_COMPARISON,Resolve or explicitly pin canonical governance source before using this artifact for implementation comparison.,YES,NO
UNASSESSED-00499,docs/canon/registries/GOVERNANCE_FINDING_REGISTRY.md,CANONICAL_SOURCE_CONFLICT_REQUIRES_REVIEW,BLOCKS_UNCONSTRAINED_CODE_TO_GOVERNANCE_COMPARISON,Resolve or explicitly pin canonical governance source before using this artifact for implementation comparison.,YES,NO
UNASSESSED-00500,docs/canon/registries/GOVERNANCE_FINDING_REGISTRY.md,CANONICAL_SOURCE_CONFLICT_REQUIRES_REVIEW,BLOCKS_UNCONSTRAINED_CODE_TO_GOVERNANCE_COMPARISON,Resolve or explicitly pin canonical governance source before using this artifact for implementation comparison.,YES,NO
UNASSESSED-00501,docs/canon/registries/GOVERNANCE_FINDING_REGISTRY.md,CANONICAL_SOURCE_CONFLICT_REQUIRES_REVIEW,BLOCKS_UNCONSTRAINED_CODE_TO_GOVERNANCE_COMPARISON,Resolve or explicitly pin canonical governance source before using this artifact for implementation comparison.,YES,NO
UNASSESSED-00502,docs/canon/registries/GOVERNANCE_FINDING_REGISTRY.md,CANONICAL_SOURCE_CONFLICT_REQUIRES_REVIEW,BLOCKS_UNCONSTRAINED_CODE_TO_GOVERNANCE_COMPARISON,Resolve or explicitly pin canonical governance source before using this artifact for implementation comparison.,YES,NO
UNASSESSED-00503,docs/canon/registries/GOVERNANCE_FINDING_REGISTRY.md,CANONICAL_SOURCE_CONFLICT_REQUIRES_REVIEW,BLOCKS_UNCONSTRAINED_CODE_TO_GOVERNANCE_COMPARISON,Resolve or explicitly pin canonical governance source before using this artifact for implementation comparison.,YES,NO
UNASSESSED-00504,docs/canon/registries/GOVERNANCE_FINDING_REGISTRY.md,CANONICAL_SOURCE_CONFLICT_REQUIRES_REVIEW,BLOCKS_UNCONSTRAINED_CODE_TO_GOVERNANCE_COMPARISON,Resolve or explicitly pin canonical governance source before using this artifact for implementation comparison.,YES,NO
UNASSESSED-00505,docs/canon/registries/GOVERNANCE_FINDING_REGISTRY.md,CANONICAL_SOURCE_CONFLICT_REQUIRES_REVIEW,BLOCKS_UNCONSTRAINED_CODE_TO_GOVERNANCE_COMPARISON,Resolve or explicitly pin canonical governance source before using this artifact for implementation comparison.,YES,NO
UNASSESSED-00506,docs/canon/registries/GOVERNANCE_FINDING_REGISTRY.md,CANONICAL_SOURCE_CONFLICT_REQUIRES_REVIEW,BLOCKS_UNCONSTRAINED_CODE_TO_GOVERNANCE_COMPARISON,Resolve or explicitly pin canonical governance source before using this artifact for implementation comparison.,YES,NO
UNASSESSED-00507,docs/canon/registries/GOVERNANCE_FINDING_REGISTRY.md,CANONICAL_SOURCE_CONFLICT_REQUIRES_REVIEW,BLOCKS_UNCONSTRAINED_CODE_TO_GOVERNANCE_COMPARISON,Resolve or explicitly pin canonical governance source before using this artifact for implementation comparison.,YES,NO
UNASSESSED-00508,docs/canon/registries/GOVERNANCE_FINDING_REGISTRY.md,CANONICAL_SOURCE_CONFLICT_REQUIRES_REVIEW,BLOCKS_UNCONSTRAINED_CODE_TO_GOVERNANCE_COMPARISON,Resolve or explicitly pin canonical governance source before using this artifact for implementation comparison.,YES,NO
UNASSESSED-00509,docs/canon/registries/GOVERNANCE_FINDING_REGISTRY.md,CANONICAL_SOURCE_CONFLICT_REQUIRES_REVIEW,BLOCKS_UNCONSTRAINED_CODE_TO_GOVERNANCE_COMPARISON,Resolve or explicitly pin canonical governance source before using this artifact for implementation comparison.,YES,NO
UNASSESSED-00510,docs/canon/registries/GOVERNANCE_FINDING_REGISTRY.md,CANONICAL_SOURCE_CONFLICT_REQUIRES_REVIEW,BLOCKS_UNCONSTRAINED_CODE_TO_GOVERNANCE_COMPARISON,Resolve or explicitly pin canonical governance source before using this artifact for implementation comparison.,YES,NO
UNASSESSED-00511,docs/canon/registries/GOVERNANCE_FINDING_REGISTRY.md,CANONICAL_SOURCE_CONFLICT_REQUIRES_REVIEW,BLOCKS_UNCONSTRAINED_CODE_TO_GOVERNANCE_COMPARISON,Resolve or explicitly pin canonical governance source before using this artifact for implementation comparison.,YES,NO
UNASSESSED-00512,docs/canon/reviews/c0_004_master_product_vision_lifecycle_completion/tools/build_c0_004.py,CANONICAL_SOURCE_CONFLICT_REQUIRES_REVIEW,BLOCKS_UNCONSTRAINED_CODE_TO_GOVERNANCE_COMPARISON,Resolve or explicitly pin canonical governance source before using this artifact for implementation comparison.,YES,NO
UNASSESSED-00513,docs/canon/reviews/c0_019_agreement_consent_authorization_lifecycle_completion/C0_019_CROSS_CANON_IMPACT_REPORT.md,CANONICAL_SOURCE_CONFLICT_REQUIRES_REVIEW,BLOCKS_UNCONSTRAINED_CODE_TO_GOVERNANCE_COMPARISON,Resolve or explicitly pin canonical governance source before using this artifact for implementation comparison.,YES,NO
UNASSESSED-00514,docs/canon/reviews/c0_019_agreement_consent_authorization_lifecycle_completion/C0_019_PRIVACY_DEPENDENCY_IMPACT_REPORT.md,OPEN_BLOCKING_FINDING_REQUIRES_SCOPE_GATE,BLOCKS_AFFECTED_COMPARISON_OR_MUTATION_SCOPE,Triage against affected feature/canon scope before relying on this artifact for mutation authority.,NO_UNLESS_AFFECTED_SCOPE,NO
UNASSESSED-00515,docs/canon/reviews/drafting_equine_health_welfare_medical_v1_0/SECTION_ISSUE_AND_RECOMMENDATION_LEDGER.md,CANONICAL_SOURCE_CONFLICT_REQUIRES_REVIEW,BLOCKS_UNCONSTRAINED_CODE_TO_GOVERNANCE_COMPARISON,Resolve or explicitly pin canonical governance source before using this artifact for implementation comparison.,YES,NO
UNASSESSED-00516,docs/canon/reviews/drafting_equine_health_welfare_medical_v1_0/SECTION_ISSUE_AND_RECOMMENDATION_LEDGER.md,CANONICAL_SOURCE_CONFLICT_REQUIRES_REVIEW,BLOCKS_UNCONSTRAINED_CODE_TO_GOVERNANCE_COMPARISON,Resolve or explicitly pin canonical governance source before using this artifact for implementation comparison.,YES,NO
UNASSESSED-00517,docs/canon/reviews/drafting_equine_health_welfare_medical_v1_0/SECTION_ISSUE_AND_RECOMMENDATION_LEDGER.md,CANONICAL_SOURCE_CONFLICT_REQUIRES_REVIEW,BLOCKS_UNCONSTRAINED_CODE_TO_GOVERNANCE_COMPARISON,Resolve or explicitly pin canonical governance source before using this artifact for implementation comparison.,YES,NO
UNASSESSED-00518,docs/canon/reviews/drafting_equine_health_welfare_medical_v1_0/SECTION_ISSUE_AND_RECOMMENDATION_LEDGER.md,CANONICAL_SOURCE_CONFLICT_REQUIRES_REVIEW,BLOCKS_UNCONSTRAINED_CODE_TO_GOVERNANCE_COMPARISON,Resolve or explicitly pin canonical governance source before using this artifact for implementation comparison.,YES,NO
UNASSESSED-00519,docs/canon/reviews/drafting_equine_health_welfare_medical_v1_0/SECTION_ISSUE_AND_RECOMMENDATION_LEDGER.md,CANONICAL_SOURCE_CONFLICT_REQUIRES_REVIEW,BLOCKS_UNCONSTRAINED_CODE_TO_GOVERNANCE_COMPARISON,Resolve or explicitly pin canonical governance source before using this artifact for implementation comparison.,YES,NO
UNASSESSED-00520,docs/canon/reviews/drafting_equine_health_welfare_medical_v1_0/SECTION_ISSUE_AND_RECOMMENDATION_LEDGER.md,CANONICAL_SOURCE_CONFLICT_REQUIRES_REVIEW,BLOCKS_UNCONSTRAINED_CODE_TO_GOVERNANCE_COMPARISON,Resolve or explicitly pin canonical governance source before using this artifact for implementation comparison.,YES,NO
UNASSESSED-00521,docs/canon/reviews/drafting_equine_health_welfare_medical_v1_0/SECTION_ISSUE_AND_RECOMMENDATION_LEDGER.md,CANONICAL_SOURCE_CONFLICT_REQUIRES_REVIEW,BLOCKS_UNCONSTRAINED_CODE_TO_GOVERNANCE_COMPARISON,Resolve or explicitly pin canonical governance source before using this artifact for implementation comparison.,YES,NO
UNASSESSED-00522,docs/canon/reviews/drafting_equine_health_welfare_medical_v1_0/SECTION_ISSUE_AND_RECOMMENDATION_LEDGER.md,CANONICAL_SOURCE_CONFLICT_REQUIRES_REVIEW,BLOCKS_UNCONSTRAINED_CODE_TO_GOVERNANCE_COMPARISON,Resolve or explicitly pin canonical governance source before using this artifact for implementation comparison.,YES,NO
UNASSESSED-00523,docs/canon/reviews/drafting_equine_health_welfare_medical_v1_0/SECTION_ISSUE_AND_RECOMMENDATION_LEDGER.md,CANONICAL_SOURCE_CONFLICT_REQUIRES_REVIEW,BLOCKS_UNCONSTRAINED_CODE_TO_GOVERNANCE_COMPARISON,Resolve or explicitly pin canonical governance source before using this artifact for implementation comparison.,YES,NO
UNASSESSED-00524,docs/canon/reviews/drafting_equine_health_welfare_medical_v1_0/SECTION_ISSUE_AND_RECOMMENDATION_LEDGER.md,CANONICAL_SOURCE_CONFLICT_REQUIRES_REVIEW,BLOCKS_UNCONSTRAINED_CODE_TO_GOVERNANCE_COMPARISON,Resolve or explicitly pin canonical governance source before using this artifact for implementation comparison.,YES,NO
UNASSESSED-00525,docs/canon/reviews/drafting_equine_health_welfare_medical_v1_0/SECTION_ISSUE_AND_RECOMMENDATION_LEDGER.md,CANONICAL_SOURCE_CONFLICT_REQUIRES_REVIEW,BLOCKS_UNCONSTRAINED_CODE_TO_GOVERNANCE_COMPARISON,Resolve or explicitly pin canonical governance source before using this artifact for implementation comparison.,YES,NO
UNASSESSED-00526,docs/canon/reviews/drafting_equine_health_welfare_medical_v1_0/SECTION_ISSUE_AND_RECOMMENDATION_LEDGER.md,CANONICAL_SOURCE_CONFLICT_REQUIRES_REVIEW,BLOCKS_UNCONSTRAINED_CODE_TO_GOVERNANCE_COMPARISON,Resolve or explicitly pin canonical governance source before using this artifact for implementation comparison.,YES,NO
UNASSESSED-00527,docs/canon/reviews/drafting_equine_health_welfare_medical_v1_0/SECTION_ISSUE_AND_RECOMMENDATION_LEDGER.md,CANONICAL_SOURCE_CONFLICT_REQUIRES_REVIEW,BLOCKS_UNCONSTRAINED_CODE_TO_GOVERNANCE_COMPARISON,Resolve or explicitly pin canonical governance source before using this artifact for implementation comparison.,YES,NO
UNASSESSED-00528,docs/canon/reviews/drafting_equine_health_welfare_medical_v1_0/SECTION_ISSUE_AND_RECOMMENDATION_LEDGER.md,CANONICAL_SOURCE_CONFLICT_REQUIRES_REVIEW,BLOCKS_UNCONSTRAINED_CODE_TO_GOVERNANCE_COMPARISON,Resolve or explicitly pin canonical governance source before using this artifact for implementation comparison.,YES,NO
UNASSESSED-00529,docs/canon/reviews/drafting_equine_health_welfare_medical_v1_0/SECTION_ISSUE_AND_RECOMMENDATION_LEDGER.md,CANONICAL_SOURCE_CONFLICT_REQUIRES_REVIEW,BLOCKS_UNCONSTRAINED_CODE_TO_GOVERNANCE_COMPARISON,Resolve or explicitly pin canonical governance source before using this artifact for implementation comparison.,YES,NO
UNASSESSED-00530,docs/canon/reviews/drafting_equine_health_welfare_medical_v1_0/SECTION_ISSUE_AND_RECOMMENDATION_LEDGER.md,CANONICAL_SOURCE_CONFLICT_REQUIRES_REVIEW,BLOCKS_UNCONSTRAINED_CODE_TO_GOVERNANCE_COMPARISON,Resolve or explicitly pin canonical governance source before using this artifact for implementation comparison.,YES,NO
UNASSESSED-00531,docs/canon/reviews/drafting_equine_health_welfare_medical_v1_0/SECTION_ISSUE_AND_RECOMMENDATION_LEDGER.md,CANONICAL_SOURCE_CONFLICT_REQUIRES_REVIEW,BLOCKS_UNCONSTRAINED_CODE_TO_GOVERNANCE_COMPARISON,Resolve or explicitly pin canonical governance source before using this artifact for implementation comparison.,YES,NO
UNASSESSED-00532,docs/canon/reviews/drafting_equine_health_welfare_medical_v1_0/SECTION_ISSUE_AND_RECOMMENDATION_LEDGER.md,CANONICAL_SOURCE_CONFLICT_REQUIRES_REVIEW,BLOCKS_UNCONSTRAINED_CODE_TO_GOVERNANCE_COMPARISON,Resolve or explicitly pin canonical governance source before using this artifact for implementation comparison.,YES,NO
UNASSESSED-00533,docs/canon/reviews/drafting_equine_health_welfare_medical_v1_0/SECTION_ISSUE_AND_RECOMMENDATION_LEDGER.md,CANONICAL_SOURCE_CONFLICT_REQUIRES_REVIEW,BLOCKS_UNCONSTRAINED_CODE_TO_GOVERNANCE_COMPARISON,Resolve or explicitly pin canonical governance source before using this artifact for implementation comparison.,YES,NO
UNASSESSED-00534,docs/canon/reviews/drafting_equine_health_welfare_medical_v1_0/SECTION_ISSUE_AND_RECOMMENDATION_LEDGER.md,CANONICAL_SOURCE_CONFLICT_REQUIRES_REVIEW,BLOCKS_UNCONSTRAINED_CODE_TO_GOVERNANCE_COMPARISON,Resolve or explicitly pin canonical governance source before using this artifact for implementation comparison.,YES,NO
UNASSESSED-00535,docs/canon/reviews/drafting_equine_health_welfare_medical_v1_0/SECTION_ISSUE_AND_RECOMMENDATION_LEDGER.md,CANONICAL_SOURCE_CONFLICT_REQUIRES_REVIEW,BLOCKS_UNCONSTRAINED_CODE_TO_GOVERNANCE_COMPARISON,Resolve or explicitly pin canonical governance source before using this artifact for implementation comparison.,YES,NO
UNASSESSED-00536,docs/canon/reviews/drafting_equine_health_welfare_medical_v1_0/SECTION_ISSUE_AND_RECOMMENDATION_LEDGER.md,CANONICAL_SOURCE_CONFLICT_REQUIRES_REVIEW,BLOCKS_UNCONSTRAINED_CODE_TO_GOVERNANCE_COMPARISON,Resolve or explicitly pin canonical governance source before using this artifact for implementation comparison.,YES,NO
UNASSESSED-00537,docs/canon/reviews/drafting_equine_health_welfare_medical_v1_0/SECTION_ISSUE_AND_RECOMMENDATION_LEDGER.md,CANONICAL_SOURCE_CONFLICT_REQUIRES_REVIEW,BLOCKS_UNCONSTRAINED_CODE_TO_GOVERNANCE_COMPARISON,Resolve or explicitly pin canonical governance source before using this artifact for implementation comparison.,YES,NO
UNASSESSED-00538,docs/canon/reviews/drafting_equine_health_welfare_medical_v1_0/SECTION_ISSUE_AND_RECOMMENDATION_LEDGER.md,CANONICAL_SOURCE_CONFLICT_REQUIRES_REVIEW,BLOCKS_UNCONSTRAINED_CODE_TO_GOVERNANCE_COMPARISON,Resolve or explicitly pin canonical governance source before using this artifact for implementation comparison.,YES,NO
UNASSESSED-00539,docs/canon/reviews/drafting_equine_health_welfare_medical_v1_0/SECTION_ISSUE_AND_RECOMMENDATION_LEDGER.md,CANONICAL_SOURCE_CONFLICT_REQUIRES_REVIEW,BLOCKS_UNCONSTRAINED_CODE_TO_GOVERNANCE_COMPARISON,Resolve or explicitly pin canonical governance source before using this artifact for implementation comparison.,YES,NO
UNASSESSED-00540,docs/canon/reviews/drafting_equine_health_welfare_medical_v1_0/SECTION_ISSUE_AND_RECOMMENDATION_LEDGER.md,CANONICAL_SOURCE_CONFLICT_REQUIRES_REVIEW,BLOCKS_UNCONSTRAINED_CODE_TO_GOVERNANCE_COMPARISON,Resolve or explicitly pin canonical governance source before using this artifact for implementation comparison.,YES,NO
UNASSESSED-00541,docs/canon/reviews/drafting_equine_health_welfare_medical_v1_0/SECTION_ISSUE_AND_RECOMMENDATION_LEDGER.md,CANONICAL_SOURCE_CONFLICT_REQUIRES_REVIEW,BLOCKS_UNCONSTRAINED_CODE_TO_GOVERNANCE_COMPARISON,Resolve or explicitly pin canonical governance source before using this artifact for implementation comparison.,YES,NO
UNASSESSED-00542,docs/canon/reviews/drafting_equine_health_welfare_medical_v1_0/SECTION_ISSUE_AND_RECOMMENDATION_LEDGER.md,CANONICAL_SOURCE_CONFLICT_REQUIRES_REVIEW,BLOCKS_UNCONSTRAINED_CODE_TO_GOVERNANCE_COMPARISON,Resolve or explicitly pin canonical governance source before using this artifact for implementation comparison.,YES,NO
UNASSESSED-00543,docs/canon/reviews/drafting_equine_health_welfare_medical_v1_0/SECTION_ISSUE_AND_RECOMMENDATION_LEDGER.md,CANONICAL_SOURCE_CONFLICT_REQUIRES_REVIEW,BLOCKS_UNCONSTRAINED_CODE_TO_GOVERNANCE_COMPARISON,Resolve or explicitly pin canonical governance source before using this artifact for implementation comparison.,YES,NO
UNASSESSED-00544,docs/canon/reviews/drafting_equine_health_welfare_medical_v1_0/SECTION_ISSUE_AND_RECOMMENDATION_LEDGER.md,CANONICAL_SOURCE_CONFLICT_REQUIRES_REVIEW,BLOCKS_UNCONSTRAINED_CODE_TO_GOVERNANCE_COMPARISON,Resolve or explicitly pin canonical governance source before using this artifact for implementation comparison.,YES,NO
UNASSESSED-00545,docs/canon/reviews/drafting_equine_health_welfare_medical_v1_0/SECTION_ISSUE_AND_RECOMMENDATION_LEDGER.md,CANONICAL_SOURCE_CONFLICT_REQUIRES_REVIEW,BLOCKS_UNCONSTRAINED_CODE_TO_GOVERNANCE_COMPARISON,Resolve or explicitly pin canonical governance source before using this artifact for implementation comparison.,YES,NO
UNASSESSED-00546,docs/canon/reviews/drafting_equine_health_welfare_medical_v1_0/SECTION_ISSUE_AND_RECOMMENDATION_LEDGER.md,CANONICAL_SOURCE_CONFLICT_REQUIRES_REVIEW,BLOCKS_UNCONSTRAINED_CODE_TO_GOVERNANCE_COMPARISON,Resolve or explicitly pin canonical governance source before using this artifact for implementation comparison.,YES,NO
UNASSESSED-00547,docs/canon/reviews/drafting_equine_health_welfare_medical_v1_0/SECTION_ISSUE_AND_RECOMMENDATION_LEDGER.md,CANONICAL_SOURCE_CONFLICT_REQUIRES_REVIEW,BLOCKS_UNCONSTRAINED_CODE_TO_GOVERNANCE_COMPARISON,Resolve or explicitly pin canonical governance source before using this artifact for implementation comparison.,YES,NO
UNASSESSED-00548,docs/canon/reviews/drafting_equine_health_welfare_medical_v1_0/SECTION_ISSUE_AND_RECOMMENDATION_LEDGER.md,CANONICAL_SOURCE_CONFLICT_REQUIRES_REVIEW,BLOCKS_UNCONSTRAINED_CODE_TO_GOVERNANCE_COMPARISON,Resolve or explicitly pin canonical governance source before using this artifact for implementation comparison.,YES,NO
UNASSESSED-00549,docs/canon/reviews/drafting_equine_health_welfare_medical_v1_0/SECTION_ISSUE_AND_RECOMMENDATION_LEDGER.md,CANONICAL_SOURCE_CONFLICT_REQUIRES_REVIEW,BLOCKS_UNCONSTRAINED_CODE_TO_GOVERNANCE_COMPARISON,Resolve or explicitly pin canonical governance source before using this artifact for implementation comparison.,YES,NO
UNASSESSED-00550,docs/canon/reviews/drafting_equine_health_welfare_medical_v1_0/SECTION_ISSUE_AND_RECOMMENDATION_LEDGER.md,CANONICAL_SOURCE_CONFLICT_REQUIRES_REVIEW,BLOCKS_UNCONSTRAINED_CODE_TO_GOVERNANCE_COMPARISON,Resolve or explicitly pin canonical governance source before using this artifact for implementation comparison.,YES,NO
UNASSESSED-00551,docs/canon/reviews/drafting_equine_health_welfare_medical_v1_0/SECTION_ISSUE_AND_RECOMMENDATION_LEDGER.md,CANONICAL_SOURCE_CONFLICT_REQUIRES_REVIEW,BLOCKS_UNCONSTRAINED_CODE_TO_GOVERNANCE_COMPARISON,Resolve or explicitly pin canonical governance source before using this artifact for implementation comparison.,YES,NO
UNASSESSED-00552,docs/canon/reviews/drafting_equine_health_welfare_medical_v1_0/SECTION_ISSUE_AND_RECOMMENDATION_LEDGER.md,CANONICAL_SOURCE_CONFLICT_REQUIRES_REVIEW,BLOCKS_UNCONSTRAINED_CODE_TO_GOVERNANCE_COMPARISON,Resolve or explicitly pin canonical governance source before using this artifact for implementation comparison.,YES,NO
UNASSESSED-00553,docs/canon/reviews/drafting_equine_health_welfare_medical_v1_0/SECTION_ISSUE_AND_RECOMMENDATION_LEDGER.md,CANONICAL_SOURCE_CONFLICT_REQUIRES_REVIEW,BLOCKS_UNCONSTRAINED_CODE_TO_GOVERNANCE_COMPARISON,Resolve or explicitly pin canonical governance source before using this artifact for implementation comparison.,YES,NO
UNASSESSED-00554,docs/canon/reviews/drafting_equine_health_welfare_medical_v1_0/SECTION_ISSUE_AND_RECOMMENDATION_LEDGER.md,CANONICAL_SOURCE_CONFLICT_REQUIRES_REVIEW,BLOCKS_UNCONSTRAINED_CODE_TO_GOVERNANCE_COMPARISON,Resolve or explicitly pin canonical governance source before using this artifact for implementation comparison.,YES,NO
UNASSESSED-00555,docs/canon/reviews/drafting_equine_health_welfare_medical_v1_0/SECTION_ISSUE_AND_RECOMMENDATION_LEDGER.md,CANONICAL_SOURCE_CONFLICT_REQUIRES_REVIEW,BLOCKS_UNCONSTRAINED_CODE_TO_GOVERNANCE_COMPARISON,Resolve or explicitly pin canonical governance source before using this artifact for implementation comparison.,YES,NO
UNASSESSED-00556,docs/canon/reviews/drafting_equine_health_welfare_medical_v1_0/SECTION_ISSUE_AND_RECOMMENDATION_LEDGER.md,CANONICAL_SOURCE_CONFLICT_REQUIRES_REVIEW,BLOCKS_UNCONSTRAINED_CODE_TO_GOVERNANCE_COMPARISON,Resolve or explicitly pin canonical governance source before using this artifact for implementation comparison.,YES,NO
UNASSESSED-00557,docs/canon/reviews/drafting_equine_health_welfare_medical_v1_0/SECTION_ISSUE_AND_RECOMMENDATION_LEDGER.md,CANONICAL_SOURCE_CONFLICT_REQUIRES_REVIEW,BLOCKS_UNCONSTRAINED_CODE_TO_GOVERNANCE_COMPARISON,Resolve or explicitly pin canonical governance source before using this artifact for implementation comparison.,YES,NO
UNASSESSED-00558,docs/canon/reviews/drafting_equine_health_welfare_medical_v1_0/SECTION_ISSUE_AND_RECOMMENDATION_LEDGER.md,CANONICAL_SOURCE_CONFLICT_REQUIRES_REVIEW,BLOCKS_UNCONSTRAINED_CODE_TO_GOVERNANCE_COMPARISON,Resolve or explicitly pin canonical governance source before using this artifact for implementation comparison.,YES,NO
UNASSESSED-00559,docs/canon/reviews/drafting_equine_health_welfare_medical_v1_0/SECTION_ISSUE_AND_RECOMMENDATION_LEDGER.md,CANONICAL_SOURCE_CONFLICT_REQUIRES_REVIEW,BLOCKS_UNCONSTRAINED_CODE_TO_GOVERNANCE_COMPARISON,Resolve or explicitly pin canonical governance source before using this artifact for implementation comparison.,YES,NO
UNASSESSED-00560,docs/canon/reviews/drafting_equine_health_welfare_medical_v1_0/SECTION_ISSUE_AND_RECOMMENDATION_LEDGER.md,CANONICAL_SOURCE_CONFLICT_REQUIRES_REVIEW,BLOCKS_UNCONSTRAINED_CODE_TO_GOVERNANCE_COMPARISON,Resolve or explicitly pin canonical governance source before using this artifact for implementation comparison.,YES,NO
UNASSESSED-00561,docs/canon/reviews/drafting_equine_health_welfare_medical_v1_0/SECTION_ISSUE_AND_RECOMMENDATION_LEDGER.md,CANONICAL_SOURCE_CONFLICT_REQUIRES_REVIEW,BLOCKS_UNCONSTRAINED_CODE_TO_GOVERNANCE_COMPARISON,Resolve or explicitly pin canonical governance source before using this artifact for implementation comparison.,YES,NO
UNASSESSED-00562,docs/canon/reviews/drafting_equine_health_welfare_medical_v1_0/SECTION_ISSUE_AND_RECOMMENDATION_LEDGER.md,CANONICAL_SOURCE_CONFLICT_REQUIRES_REVIEW,BLOCKS_UNCONSTRAINED_CODE_TO_GOVERNANCE_COMPARISON,Resolve or explicitly pin canonical governance source before using this artifact for implementation comparison.,YES,NO
UNASSESSED-00563,docs/canon/reviews/drafting_equine_health_welfare_medical_v1_0/SECTION_ISSUE_AND_RECOMMENDATION_LEDGER.md,CANONICAL_SOURCE_CONFLICT_REQUIRES_REVIEW,BLOCKS_UNCONSTRAINED_CODE_TO_GOVERNANCE_COMPARISON,Resolve or explicitly pin canonical governance source before using this artifact for implementation comparison.,YES,NO
UNASSESSED-00564,docs/canon/reviews/drafting_equine_health_welfare_medical_v1_0/SECTION_ISSUE_AND_RECOMMENDATION_LEDGER.md,CANONICAL_SOURCE_CONFLICT_REQUIRES_REVIEW,BLOCKS_UNCONSTRAINED_CODE_TO_GOVERNANCE_COMPARISON,Resolve or explicitly pin canonical governance source before using this artifact for implementation comparison.,YES,NO
UNASSESSED-00565,docs/canon/reviews/drafting_equine_health_welfare_medical_v1_0/SECTION_ISSUE_AND_RECOMMENDATION_LEDGER.md,CANONICAL_SOURCE_CONFLICT_REQUIRES_REVIEW,BLOCKS_UNCONSTRAINED_CODE_TO_GOVERNANCE_COMPARISON,Resolve or explicitly pin canonical governance source before using this artifact for implementation comparison.,YES,NO
UNASSESSED-00566,docs/canon/reviews/drafting_equine_health_welfare_medical_v1_0/SECTION_ISSUE_AND_RECOMMENDATION_LEDGER.md,CANONICAL_SOURCE_CONFLICT_REQUIRES_REVIEW,BLOCKS_UNCONSTRAINED_CODE_TO_GOVERNANCE_COMPARISON,Resolve or explicitly pin canonical governance source before using this artifact for implementation comparison.,YES,NO
UNASSESSED-00567,docs/canon/reviews/drafting_equine_health_welfare_medical_v1_0/SECTION_ISSUE_AND_RECOMMENDATION_LEDGER.md,CANONICAL_SOURCE_CONFLICT_REQUIRES_REVIEW,BLOCKS_UNCONSTRAINED_CODE_TO_GOVERNANCE_COMPARISON,Resolve or explicitly pin canonical governance source before using this artifact for implementation comparison.,YES,NO
UNASSESSED-00568,docs/canon/reviews/drafting_equine_health_welfare_medical_v1_0/SECTION_ISSUE_AND_RECOMMENDATION_LEDGER.md,CANONICAL_SOURCE_CONFLICT_REQUIRES_REVIEW,BLOCKS_UNCONSTRAINED_CODE_TO_GOVERNANCE_COMPARISON,Resolve or explicitly pin canonical governance source before using this artifact for implementation comparison.,YES,NO
UNASSESSED-00569,docs/canon/reviews/drafting_equine_health_welfare_medical_v1_0/SECTION_ISSUE_AND_RECOMMENDATION_LEDGER.md,CANONICAL_SOURCE_CONFLICT_REQUIRES_REVIEW,BLOCKS_UNCONSTRAINED_CODE_TO_GOVERNANCE_COMPARISON,Resolve or explicitly pin canonical governance source before using this artifact for implementation comparison.,YES,NO
UNASSESSED-00570,docs/canon/reviews/drafting_equine_health_welfare_medical_v1_0/UNRESOLVED_QUESTION_REGISTER.md,CANONICAL_SOURCE_CONFLICT_REQUIRES_REVIEW,BLOCKS_UNCONSTRAINED_CODE_TO_GOVERNANCE_COMPARISON,Resolve or explicitly pin canonical governance source before using this artifact for implementation comparison.,YES,NO
UNASSESSED-00571,docs/canon/reviews/drafting_equine_health_welfare_medical_v1_0/UNRESOLVED_QUESTION_REGISTER.md,CANONICAL_SOURCE_CONFLICT_REQUIRES_REVIEW,BLOCKS_UNCONSTRAINED_CODE_TO_GOVERNANCE_COMPARISON,Resolve or explicitly pin canonical governance source before using this artifact for implementation comparison.,YES,NO
UNASSESSED-00572,docs/canon/reviews/drafting_equine_health_welfare_medical_v1_0/UNRESOLVED_QUESTION_REGISTER.md,CANONICAL_SOURCE_CONFLICT_REQUIRES_REVIEW,BLOCKS_UNCONSTRAINED_CODE_TO_GOVERNANCE_COMPARISON,Resolve or explicitly pin canonical governance source before using this artifact for implementation comparison.,YES,NO
UNASSESSED-00573,docs/canon/reviews/drafting_equine_health_welfare_medical_v1_0/UNRESOLVED_QUESTION_REGISTER.md,CANONICAL_SOURCE_CONFLICT_REQUIRES_REVIEW,BLOCKS_UNCONSTRAINED_CODE_TO_GOVERNANCE_COMPARISON,Resolve or explicitly pin canonical governance source before using this artifact for implementation comparison.,YES,NO
UNASSESSED-00574,docs/canon/reviews/drafting_minor_guardianship_safeguarding_v1_0/CROSS_CANON_CONFLICT_AND_DEPENDENCY_MATRIX.md,CANONICAL_SOURCE_CONFLICT_REQUIRES_REVIEW,BLOCKS_UNCONSTRAINED_CODE_TO_GOVERNANCE_COMPARISON,Resolve or explicitly pin canonical governance source before using this artifact for implementation comparison.,YES,NO
UNASSESSED-00575,docs/canon/reviews/drafting_minor_guardianship_safeguarding_v1_0/CROSS_CANON_CONFLICT_AND_DEPENDENCY_MATRIX.md,CANONICAL_SOURCE_CONFLICT_REQUIRES_REVIEW,BLOCKS_UNCONSTRAINED_CODE_TO_GOVERNANCE_COMPARISON,Resolve or explicitly pin canonical governance source before using this artifact for implementation comparison.,YES,NO
UNASSESSED-00576,docs/canon/reviews/drafting_minor_guardianship_safeguarding_v1_0/CROSS_CANON_CONFLICT_AND_DEPENDENCY_MATRIX.md,CANONICAL_SOURCE_CONFLICT_REQUIRES_REVIEW,BLOCKS_UNCONSTRAINED_CODE_TO_GOVERNANCE_COMPARISON,Resolve or explicitly pin canonical governance source before using this artifact for implementation comparison.,YES,NO
UNASSESSED-00577,docs/canon/reviews/drafting_minor_guardianship_safeguarding_v1_0/CROSS_CANON_CONFLICT_AND_DEPENDENCY_MATRIX.md,CANONICAL_SOURCE_CONFLICT_REQUIRES_REVIEW,BLOCKS_UNCONSTRAINED_CODE_TO_GOVERNANCE_COMPARISON,Resolve or explicitly pin canonical governance source before using this artifact for implementation comparison.,YES,NO
UNASSESSED-00578,docs/canon/reviews/drafting_minor_guardianship_safeguarding_v1_0/REVISION_CHANGE_LOG.md,CANONICAL_SOURCE_CONFLICT_REQUIRES_REVIEW,BLOCKS_UNCONSTRAINED_CODE_TO_GOVERNANCE_COMPARISON,Resolve or explicitly pin canonical governance source before using this artifact for implementation comparison.,YES,NO
UNASSESSED-00579,docs/canon/reviews/drafting_minor_guardianship_safeguarding_v1_0/REVISION_CHANGE_LOG.md,CANONICAL_SOURCE_CONFLICT_REQUIRES_REVIEW,BLOCKS_UNCONSTRAINED_CODE_TO_GOVERNANCE_COMPARISON,Resolve or explicitly pin canonical governance source before using this artifact for implementation comparison.,YES,NO
UNASSESSED-00580,docs/canon/reviews/drafting_minor_guardianship_safeguarding_v1_0/REVISION_CHANGE_LOG.md,CANONICAL_SOURCE_CONFLICT_REQUIRES_REVIEW,BLOCKS_UNCONSTRAINED_CODE_TO_GOVERNANCE_COMPARISON,Resolve or explicitly pin canonical governance source before using this artifact for implementation comparison.,YES,NO
UNASSESSED-00581,docs/canon/reviews/drafting_minor_guardianship_safeguarding_v1_0/REVISION_CHANGE_LOG.md,CANONICAL_SOURCE_CONFLICT_REQUIRES_REVIEW,BLOCKS_UNCONSTRAINED_CODE_TO_GOVERNANCE_COMPARISON,Resolve or explicitly pin canonical governance source before using this artifact for implementation comparison.,YES,NO
UNASSESSED-00582,docs/canon/reviews/drafting_minor_guardianship_safeguarding_v1_0/REVISION_CHANGE_LOG.md,CANONICAL_SOURCE_CONFLICT_REQUIRES_REVIEW,BLOCKS_UNCONSTRAINED_CODE_TO_GOVERNANCE_COMPARISON,Resolve or explicitly pin canonical governance source before using this artifact for implementation comparison.,YES,NO
UNASSESSED-00583,docs/canon/reviews/drafting_minor_guardianship_safeguarding_v1_0/REVISION_CHANGE_LOG.md,CANONICAL_SOURCE_CONFLICT_REQUIRES_REVIEW,BLOCKS_UNCONSTRAINED_CODE_TO_GOVERNANCE_COMPARISON,Resolve or explicitly pin canonical governance source before using this artifact for implementation comparison.,YES,NO
UNASSESSED-00584,docs/canon/reviews/drafting_minor_guardianship_safeguarding_v1_0/REVISION_CHANGE_LOG.md,CANONICAL_SOURCE_CONFLICT_REQUIRES_REVIEW,BLOCKS_UNCONSTRAINED_CODE_TO_GOVERNANCE_COMPARISON,Resolve or explicitly pin canonical governance source before using this artifact for implementation comparison.,YES,NO
UNASSESSED-00585,docs/canon/reviews/drafting_minor_guardianship_safeguarding_v1_0/REVISION_CHANGE_LOG.md,CANONICAL_SOURCE_CONFLICT_REQUIRES_REVIEW,BLOCKS_UNCONSTRAINED_CODE_TO_GOVERNANCE_COMPARISON,Resolve or explicitly pin canonical governance source before using this artifact for implementation comparison.,YES,NO
UNASSESSED-00586,docs/canon/reviews/drafting_minor_guardianship_safeguarding_v1_0/REVISION_CHANGE_LOG.md,CANONICAL_SOURCE_CONFLICT_REQUIRES_REVIEW,BLOCKS_UNCONSTRAINED_CODE_TO_GOVERNANCE_COMPARISON,Resolve or explicitly pin canonical governance source before using this artifact for implementation comparison.,YES,NO
UNASSESSED-00587,docs/canon/reviews/drafting_minor_guardianship_safeguarding_v1_0/REVISION_CHANGE_LOG.md,CANONICAL_SOURCE_CONFLICT_REQUIRES_REVIEW,BLOCKS_UNCONSTRAINED_CODE_TO_GOVERNANCE_COMPARISON,Resolve or explicitly pin canonical governance source before using this artifact for implementation comparison.,YES,NO
UNASSESSED-00588,docs/canon/reviews/drafting_minor_guardianship_safeguarding_v1_0/REVISION_CHANGE_LOG.md,CANONICAL_SOURCE_CONFLICT_REQUIRES_REVIEW,BLOCKS_UNCONSTRAINED_CODE_TO_GOVERNANCE_COMPARISON,Resolve or explicitly pin canonical governance source before using this artifact for implementation comparison.,YES,NO
UNASSESSED-00589,docs/canon/reviews/drafting_minor_guardianship_safeguarding_v1_0/REVISION_CHANGE_LOG.md,CANONICAL_SOURCE_CONFLICT_REQUIRES_REVIEW,BLOCKS_UNCONSTRAINED_CODE_TO_GOVERNANCE_COMPARISON,Resolve or explicitly pin canonical governance source before using this artifact for implementation comparison.,YES,NO
UNASSESSED-00590,docs/canon/reviews/drafting_minor_guardianship_safeguarding_v1_0/REVISION_CHANGE_LOG.md,CANONICAL_SOURCE_CONFLICT_REQUIRES_REVIEW,BLOCKS_UNCONSTRAINED_CODE_TO_GOVERNANCE_COMPARISON,Resolve or explicitly pin canonical governance source before using this artifact for implementation comparison.,YES,NO
UNASSESSED-00591,docs/canon/reviews/drafting_minor_guardianship_safeguarding_v1_0/REVISION_CHANGE_LOG.md,CANONICAL_SOURCE_CONFLICT_REQUIRES_REVIEW,BLOCKS_UNCONSTRAINED_CODE_TO_GOVERNANCE_COMPARISON,Resolve or explicitly pin canonical governance source before using this artifact for implementation comparison.,YES,NO
UNASSESSED-00592,docs/canon/reviews/drafting_minor_guardianship_safeguarding_v1_0/REVISION_CHANGE_LOG.md,CANONICAL_SOURCE_CONFLICT_REQUIRES_REVIEW,BLOCKS_UNCONSTRAINED_CODE_TO_GOVERNANCE_COMPARISON,Resolve or explicitly pin canonical governance source before using this artifact for implementation comparison.,YES,NO
UNASSESSED-00593,docs/canon/reviews/drafting_minor_guardianship_safeguarding_v1_0/REVISION_CHANGE_LOG.md,CANONICAL_SOURCE_CONFLICT_REQUIRES_REVIEW,BLOCKS_UNCONSTRAINED_CODE_TO_GOVERNANCE_COMPARISON,Resolve or explicitly pin canonical governance source before using this artifact for implementation comparison.,YES,NO
UNASSESSED-00594,docs/canon/reviews/drafting_minor_guardianship_safeguarding_v1_0/REVISION_CHANGE_LOG.md,CANONICAL_SOURCE_CONFLICT_REQUIRES_REVIEW,BLOCKS_UNCONSTRAINED_CODE_TO_GOVERNANCE_COMPARISON,Resolve or explicitly pin canonical governance source before using this artifact for implementation comparison.,YES,NO
UNASSESSED-00595,docs/canon/reviews/drafting_minor_guardianship_safeguarding_v1_0/REVISION_CHANGE_LOG.md,CANONICAL_SOURCE_CONFLICT_REQUIRES_REVIEW,BLOCKS_UNCONSTRAINED_CODE_TO_GOVERNANCE_COMPARISON,Resolve or explicitly pin canonical governance source before using this artifact for implementation comparison.,YES,NO
UNASSESSED-00596,docs/canon/reviews/drafting_minor_guardianship_safeguarding_v1_0/REVISION_CHANGE_LOG.md,CANONICAL_SOURCE_CONFLICT_REQUIRES_REVIEW,BLOCKS_UNCONSTRAINED_CODE_TO_GOVERNANCE_COMPARISON,Resolve or explicitly pin canonical governance source before using this artifact for implementation comparison.,YES,NO
UNASSESSED-00597,docs/canon/reviews/eight_canon_founder_approval_reconciliation_v1_0/tools/build_reconciliation.py,CANONICAL_SOURCE_CONFLICT_REQUIRES_REVIEW,BLOCKS_UNCONSTRAINED_CODE_TO_GOVERNANCE_COMPARISON,Resolve or explicitly pin canonical governance source before using this artifact for implementation comparison.,YES,NO
UNASSESSED-00598,docs/canon/reviews/equine_health_founder_decision_reconciliation_v1_1/source/EQUINE_HEALTH_FOUNDER_DECISION_REGISTER_UPLOADED_2026-07-15.md,CANONICAL_SOURCE_CONFLICT_REQUIRES_REVIEW,BLOCKS_UNCONSTRAINED_CODE_TO_GOVERNANCE_COMPARISON,Resolve or explicitly pin canonical governance source before using this artifact for implementation comparison.,YES,NO
UNASSESSED-00599,docs/canon/reviews/equine_health_founder_decision_reconciliation_v1_1/source/EQUINE_HEALTH_FOUNDER_DECISION_REGISTER_UPLOADED_2026-07-15.md,CANONICAL_SOURCE_CONFLICT_REQUIRES_REVIEW,BLOCKS_UNCONSTRAINED_CODE_TO_GOVERNANCE_COMPARISON,Resolve or explicitly pin canonical governance source before using this artifact for implementation comparison.,YES,NO
UNASSESSED-00600,docs/canon/reviews/equine_health_founder_decision_reconciliation_v1_1/source/EQUINE_HEALTH_FOUNDER_DECISION_REGISTER_UPLOADED_2026-07-15.md,CANONICAL_SOURCE_CONFLICT_REQUIRES_REVIEW,BLOCKS_UNCONSTRAINED_CODE_TO_GOVERNANCE_COMPARISON,Resolve or explicitly pin canonical governance source before using this artifact for implementation comparison.,YES,NO
UNASSESSED-00601,docs/canon/reviews/equine_health_founder_decision_reconciliation_v1_1/source/EQUINE_HEALTH_FOUNDER_DECISION_REGISTER_UPLOADED_2026-07-15.md,CANONICAL_SOURCE_CONFLICT_REQUIRES_REVIEW,BLOCKS_UNCONSTRAINED_CODE_TO_GOVERNANCE_COMPARISON,Resolve or explicitly pin canonical governance source before using this artifact for implementation comparison.,YES,NO
UNASSESSED-00602,docs/canon/reviews/financial_truth_v2_1/FOUNDER_DIRECTIVE_FINANCIAL_TRUTH_V2_1_ADOPTION_AND_LOCK.md,OPEN_BLOCKING_FINDING_REQUIRES_SCOPE_GATE,BLOCKS_AFFECTED_COMPARISON_OR_MUTATION_SCOPE,Triage against affected feature/canon scope before relying on this artifact for mutation authority.,NO_UNLESS_AFFECTED_SCOPE,NO
UNASSESSED-00603,docs/canon/reviews/financial_truth_v2_1/FOUNDER_DIRECTIVE_FINANCIAL_TRUTH_V2_1_ADOPTION_AND_LOCK.md,OPEN_BLOCKING_FINDING_REQUIRES_SCOPE_GATE,BLOCKS_AFFECTED_COMPARISON_OR_MUTATION_SCOPE,Triage against affected feature/canon scope before relying on this artifact for mutation authority.,NO_UNLESS_AFFECTED_SCOPE,NO
UNASSESSED-00604,docs/canon/reviews/financial_truth_v2_1/MASTER_FINANCIAL_TRUTH_AND_RESPONSIBILITY_MODEL_V2_1_FINDINGS_REGISTER.md,OPEN_BLOCKING_FINDING_REQUIRES_SCOPE_GATE,BLOCKS_AFFECTED_COMPARISON_OR_MUTATION_SCOPE,Triage against affected feature/canon scope before relying on this artifact for mutation authority.,NO_UNLESS_AFFECTED_SCOPE,NO
UNASSESSED-00605,docs/canon/reviews/financial_truth_v2_1/MASTER_FINANCIAL_TRUTH_AND_RESPONSIBILITY_MODEL_V2_1_FINDINGS_REGISTER.md,OPEN_BLOCKING_FINDING_REQUIRES_SCOPE_GATE,BLOCKS_AFFECTED_COMPARISON_OR_MUTATION_SCOPE,Triage against affected feature/canon scope before relying on this artifact for mutation authority.,NO_UNLESS_AFFECTED_SCOPE,NO
UNASSESSED-00606,docs/canon/reviews/financial_truth_v2_1/MASTER_FINANCIAL_TRUTH_AND_RESPONSIBILITY_MODEL_V2_1_FINDINGS_REGISTER.md,OPEN_BLOCKING_FINDING_REQUIRES_SCOPE_GATE,BLOCKS_AFFECTED_COMPARISON_OR_MUTATION_SCOPE,Triage against affected feature/canon scope before relying on this artifact for mutation authority.,NO_UNLESS_AFFECTED_SCOPE,NO
UNASSESSED-00607,docs/canon/reviews/foundational_gap_closure/A_IDENTITY_ACTOR/IDENTITY_ACTOR_V2_P2_DISPOSITION_LEDGER.md,OPEN_BLOCKING_FINDING_REQUIRES_SCOPE_GATE,BLOCKS_AFFECTED_COMPARISON_OR_MUTATION_SCOPE,Triage against affected feature/canon scope before relying on this artifact for mutation authority.,NO_UNLESS_AFFECTED_SCOPE,NO
UNASSESSED-00608,docs/canon/reviews/foundational_gap_closure/F_EXTERNAL_ADAPTERS/EXTERNAL_ARCHITECTURE_V2_0_CONSTITUTIONAL_CONFLICT_ANALYSIS.md,CANONICAL_SOURCE_CONFLICT_REQUIRES_REVIEW,BLOCKS_UNCONSTRAINED_CODE_TO_GOVERNANCE_COMPARISON,Resolve or explicitly pin canonical governance source before using this artifact for implementation comparison.,YES,NO
UNASSESSED-00609,docs/canon/reviews/foundational_gap_closure/F_EXTERNAL_ADAPTERS/EXTERNAL_ARCHITECTURE_V2_0_CONSTITUTIONAL_CONFLICT_ANALYSIS.md,CANONICAL_SOURCE_CONFLICT_REQUIRES_REVIEW,BLOCKS_UNCONSTRAINED_CODE_TO_GOVERNANCE_COMPARISON,Resolve or explicitly pin canonical governance source before using this artifact for implementation comparison.,YES,NO
UNASSESSED-00610,docs/canon/reviews/foundational_gap_closure/F_EXTERNAL_ADAPTERS/EXTERNAL_ARCHITECTURE_V2_0_CONSTITUTIONAL_CONFLICT_ANALYSIS.md,CANONICAL_SOURCE_CONFLICT_REQUIRES_REVIEW,BLOCKS_UNCONSTRAINED_CODE_TO_GOVERNANCE_COMPARISON,Resolve or explicitly pin canonical governance source before using this artifact for implementation comparison.,YES,NO
UNASSESSED-00611,docs/canon/reviews/foundational_gap_closure/F_EXTERNAL_ADAPTERS/EXTERNAL_ARCHITECTURE_V2_0_CONSTITUTIONAL_CONFLICT_ANALYSIS.md,CANONICAL_SOURCE_CONFLICT_REQUIRES_REVIEW,BLOCKS_UNCONSTRAINED_CODE_TO_GOVERNANCE_COMPARISON,Resolve or explicitly pin canonical governance source before using this artifact for implementation comparison.,YES,NO
UNASSESSED-00612,docs/canon/reviews/foundational_gap_closure/F_EXTERNAL_ADAPTERS/EXTERNAL_ARCHITECTURE_V2_0_CONSTITUTIONAL_CONFLICT_ANALYSIS.md,CANONICAL_SOURCE_CONFLICT_REQUIRES_REVIEW,BLOCKS_UNCONSTRAINED_CODE_TO_GOVERNANCE_COMPARISON,Resolve or explicitly pin canonical governance source before using this artifact for implementation comparison.,YES,NO
UNASSESSED-00613,docs/canon/reviews/foundational_gap_closure/F_EXTERNAL_ADAPTERS/EXTERNAL_ARCHITECTURE_V2_0_FINAL_CONTROLLED_ADOPTION_REPORT.md,CANONICAL_SOURCE_CONFLICT_REQUIRES_REVIEW,BLOCKS_UNCONSTRAINED_CODE_TO_GOVERNANCE_COMPARISON,Resolve or explicitly pin canonical governance source before using this artifact for implementation comparison.,YES,NO
UNASSESSED-00614,docs/canon/reviews/foundational_gap_closure/F_EXTERNAL_ADAPTERS/EXTERNAL_ARCHITECTURE_V2_0_FINAL_CONTROLLED_ADOPTION_REPORT.md,CANONICAL_SOURCE_CONFLICT_REQUIRES_REVIEW,BLOCKS_UNCONSTRAINED_CODE_TO_GOVERNANCE_COMPARISON,Resolve or explicitly pin canonical governance source before using this artifact for implementation comparison.,YES,NO
UNASSESSED-00615,docs/canon/reviews/foundational_gap_closure/F_EXTERNAL_ADAPTERS/EXTERNAL_ARCHITECTURE_V2_0_FINAL_CROSS_CANON_CONSISTENCY_CONFIRMATION.md,CANONICAL_SOURCE_CONFLICT_REQUIRES_REVIEW,BLOCKS_UNCONSTRAINED_CODE_TO_GOVERNANCE_COMPARISON,Resolve or explicitly pin canonical governance source before using this artifact for implementation comparison.,YES,NO
UNASSESSED-00616,docs/canon/reviews/foundational_gap_closure/F_EXTERNAL_ADAPTERS/EXTERNAL_ARCHITECTURE_V2_0_FINAL_CROSS_CANON_CONSISTENCY_CONFIRMATION.md,CANONICAL_SOURCE_CONFLICT_REQUIRES_REVIEW,BLOCKS_UNCONSTRAINED_CODE_TO_GOVERNANCE_COMPARISON,Resolve or explicitly pin canonical governance source before using this artifact for implementation comparison.,YES,NO
UNASSESSED-00617,docs/canon/reviews/foundational_gap_closure/FOUNDATIONAL_CANON_GAP_CLOSURE_REPORT.md,OPEN_BLOCKING_FINDING_REQUIRES_SCOPE_GATE,BLOCKS_AFFECTED_COMPARISON_OR_MUTATION_SCOPE,Triage against affected feature/canon scope before relying on this artifact for mutation authority.,NO_UNLESS_AFFECTED_SCOPE,NO
UNASSESSED-00618,docs/canon/reviews/foundational_gap_closure/FOUNDATIONAL_CANON_GAP_CLOSURE_REPORT.md,OPEN_BLOCKING_FINDING_REQUIRES_SCOPE_GATE,BLOCKS_AFFECTED_COMPARISON_OR_MUTATION_SCOPE,Triage against affected feature/canon scope before relying on this artifact for mutation authority.,NO_UNLESS_AFFECTED_SCOPE,NO
UNASSESSED-00619,docs/canon/reviews/foundational_gap_closure/FOUNDATIONAL_CANON_GAP_CLOSURE_REPORT.md,OPEN_BLOCKING_FINDING_REQUIRES_SCOPE_GATE,BLOCKS_AFFECTED_COMPARISON_OR_MUTATION_SCOPE,Triage against affected feature/canon scope before relying on this artifact for mutation authority.,NO_UNLESS_AFFECTED_SCOPE,NO
UNASSESSED-00620,docs/canon/reviews/global_companion_reconciliation_v1_0/phase_g10_g11/GLOBAL_COMPANION_ARTIFACT_ADOPTION_ASSESSMENT.md,OPEN_BLOCKING_FINDING_REQUIRES_SCOPE_GATE,BLOCKS_AFFECTED_COMPARISON_OR_MUTATION_SCOPE,Triage against affected feature/canon scope before relying on this artifact for mutation authority.,NO_UNLESS_AFFECTED_SCOPE,NO
UNASSESSED-00621,docs/canon/reviews/global_companion_reconciliation_v1_0/source/GLOBAL_COMPANION_RECONCILIATION_FOUNDER_DIRECTIVE.txt,OPEN_BLOCKING_FINDING_REQUIRES_SCOPE_GATE,BLOCKS_AFFECTED_COMPARISON_OR_MUTATION_SCOPE,Triage against affected feature/canon scope before relying on this artifact for mutation authority.,NO_UNLESS_AFFECTED_SCOPE,NO
UNASSESSED-00622,docs/canon/reviews/global_companion_reconciliation_v1_0/tools/build_global_companion_reconciliation.py,OPEN_BLOCKING_FINDING_REQUIRES_SCOPE_GATE,BLOCKS_AFFECTED_COMPARISON_OR_MUTATION_SCOPE,Triage against affected feature/canon scope before relying on this artifact for mutation authority.,NO_UNLESS_AFFECTED_SCOPE,NO
UNASSESSED-00623,docs/canon/reviews/global_companion_reconciliation_v1_0/tools/build_global_companion_reconciliation.py,OPEN_BLOCKING_FINDING_REQUIRES_SCOPE_GATE,BLOCKS_AFFECTED_COMPARISON_OR_MUTATION_SCOPE,Triage against affected feature/canon scope before relying on this artifact for mutation authority.,NO_UNLESS_AFFECTED_SCOPE,NO
UNASSESSED-00624,docs/canon/reviews/global_companion_reconciliation_v1_0/tools/build_global_companion_reconciliation.py,OPEN_BLOCKING_FINDING_REQUIRES_SCOPE_GATE,BLOCKS_AFFECTED_COMPARISON_OR_MUTATION_SCOPE,Triage against affected feature/canon scope before relying on this artifact for mutation authority.,NO_UNLESS_AFFECTED_SCOPE,NO
UNASSESSED-00625,docs/canon/reviews/global_companion_reconciliation_v1_0/tools/build_global_companion_reconciliation.py,OPEN_BLOCKING_FINDING_REQUIRES_SCOPE_GATE,BLOCKS_AFFECTED_COMPARISON_OR_MUTATION_SCOPE,Triage against affected feature/canon scope before relying on this artifact for mutation authority.,NO_UNLESS_AFFECTED_SCOPE,NO
UNASSESSED-00626,docs/canon/reviews/governance_v1_0_ai_reconciliation/resumption_exact_source/phase_r3/AI_V2_0_FOUNDER_DECISION_MATRIX_RATIFICATION_RECORD.md,FEATURE_INCLUSION_CONFLICT_OR_TRACEABILITY_RISK,BLOCKS_AFFECTED_FEATURE_COMPARISON,Fix feature-to-governance inclusion mapping for affected feature scope before comparing that feature.,NO_UNLESS_AFFECTED_SCOPE,NO
UNASSESSED-00627,docs/canon/reviews/governance_v1_0_ai_reconciliation/resumption_exact_source/phase_r5/AI_V2_0_NARROW_FOUNDER_RATIFICATION_BLOCKER.md,CANONICAL_SOURCE_CONFLICT_REQUIRES_REVIEW,BLOCKS_UNCONSTRAINED_CODE_TO_GOVERNANCE_COMPARISON,Resolve or explicitly pin canonical governance source before using this artifact for implementation comparison.,YES,NO
UNASSESSED-00628,docs/canon/reviews/governance_v1_0_ai_reconciliation/resumption_exact_source/phase_r7/AI_V2_0_LOCKED_EVIDENCE_VERIFICATION_INSTRUCTIONS.md,OPEN_BLOCKING_FINDING_REQUIRES_SCOPE_GATE,BLOCKS_AFFECTED_COMPARISON_OR_MUTATION_SCOPE,Triage against affected feature/canon scope before relying on this artifact for mutation authority.,NO_UNLESS_AFFECTED_SCOPE,NO
UNASSESSED-00629,docs/canon/reviews/governance_v1_0_ai_reconciliation/resumption_exact_source/source_uploaded/AI_V2_0_FOUNDER_DECISION_MATRIX_RATIFICATION_DIRECTIVE.txt,OPEN_BLOCKING_FINDING_REQUIRES_SCOPE_GATE,BLOCKS_AFFECTED_COMPARISON_OR_MUTATION_SCOPE,Triage against affected feature/canon scope before relying on this artifact for mutation authority.,NO_UNLESS_AFFECTED_SCOPE,NO
UNASSESSED-00630,docs/canon/reviews/governance_v1_0_ai_reconciliation/resumption_exact_source/source_uploaded/AI_V2_0_FOUNDER_DECISION_MATRIX_RATIFICATION_DIRECTIVE.txt,OPEN_BLOCKING_FINDING_REQUIRES_SCOPE_GATE,BLOCKS_AFFECTED_COMPARISON_OR_MUTATION_SCOPE,Triage against affected feature/canon scope before relying on this artifact for mutation authority.,NO_UNLESS_AFFECTED_SCOPE,NO
UNASSESSED-00631,docs/canon/reviews/governance_v1_0_ai_reconciliation/resumption_exact_source/source_uploaded/AI_V2_0_FOUNDER_DECISION_MATRIX_RATIFICATION_DIRECTIVE.txt,OPEN_BLOCKING_FINDING_REQUIRES_SCOPE_GATE,BLOCKS_AFFECTED_COMPARISON_OR_MUTATION_SCOPE,Triage against affected feature/canon scope before relying on this artifact for mutation authority.,NO_UNLESS_AFFECTED_SCOPE,NO
UNASSESSED-00632,docs/canon/reviews/governance_v1_0_ai_reconciliation/source/GOVERNANCE_V1_0_AI_V2_RECONCILIATION_DIRECTIVE.txt,OPEN_BLOCKING_FINDING_REQUIRES_SCOPE_GATE,BLOCKS_AFFECTED_COMPARISON_OR_MUTATION_SCOPE,Triage against affected feature/canon scope before relying on this artifact for mutation authority.,NO_UNLESS_AFFECTED_SCOPE,NO
UNASSESSED-00633,docs/canon/reviews/governance_v1_0_c0_lifecycle_completion_batch_1/formal_scans/C0_BATCH_1_POST_LIFECYCLE_REMEDIATION_LEDGER.md,OPEN_BLOCKING_FINDING_REQUIRES_SCOPE_GATE,BLOCKS_AFFECTED_COMPARISON_OR_MUTATION_SCOPE,Triage against affected feature/canon scope before relying on this artifact for mutation authority.,NO_UNLESS_AFFECTED_SCOPE,NO
UNASSESSED-00634,docs/canon/reviews/governance_v1_0_c0_lifecycle_completion_batch_1/source/C0_BATCH_1_TRACK_B_LOCK_FOUNDER_DIRECTIVE.txt,OPEN_BLOCKING_FINDING_REQUIRES_SCOPE_GATE,BLOCKS_AFFECTED_COMPARISON_OR_MUTATION_SCOPE,Triage against affected feature/canon scope before relying on this artifact for mutation authority.,NO_UNLESS_AFFECTED_SCOPE,NO
UNASSESSED-00635,docs/canon/reviews/governance_v1_0_c0_lifecycle_completion_batch_1/source/C0_LIFECYCLE_COMPLETION_BATCH_1_FOUNDER_DIRECTIVE.md,OPEN_BLOCKING_FINDING_REQUIRES_SCOPE_GATE,BLOCKS_AFFECTED_COMPARISON_OR_MUTATION_SCOPE,Triage against affected feature/canon scope before relying on this artifact for mutation authority.,NO_UNLESS_AFFECTED_SCOPE,NO
UNASSESSED-00636,docs/canon/reviews/governance_v1_0_c0_lifecycle_completion_batch_1/source/C0_LIFECYCLE_COMPLETION_BATCH_1_FOUNDER_DIRECTIVE.md,OPEN_BLOCKING_FINDING_REQUIRES_SCOPE_GATE,BLOCKS_AFFECTED_COMPARISON_OR_MUTATION_SCOPE,Triage against affected feature/canon scope before relying on this artifact for mutation authority.,NO_UNLESS_AFFECTED_SCOPE,NO
UNASSESSED-00637,docs/canon/reviews/governance_v1_0_c0_lifecycle_completion_batch_1/source/C0_LIFECYCLE_COMPLETION_BATCH_1_FOUNDER_DIRECTIVE.md,OPEN_BLOCKING_FINDING_REQUIRES_SCOPE_GATE,BLOCKS_AFFECTED_COMPARISON_OR_MUTATION_SCOPE,Triage against affected feature/canon scope before relying on this artifact for mutation authority.,NO_UNLESS_AFFECTED_SCOPE,NO
UNASSESSED-00638,docs/canon/reviews/governance_v1_0_c0_lifecycle_completion_batch_1/tools/build_c0_batch_1.py,OPEN_BLOCKING_FINDING_REQUIRES_SCOPE_GATE,BLOCKS_AFFECTED_COMPARISON_OR_MUTATION_SCOPE,Triage against affected feature/canon scope before relying on this artifact for mutation authority.,NO_UNLESS_AFFECTED_SCOPE,NO
UNASSESSED-00639,docs/canon/reviews/governance_v1_0_c0_lifecycle_completion_batch_1/tools/build_c0_batch_1.py,OPEN_BLOCKING_FINDING_REQUIRES_SCOPE_GATE,BLOCKS_AFFECTED_COMPARISON_OR_MUTATION_SCOPE,Triage against affected feature/canon scope before relying on this artifact for mutation authority.,NO_UNLESS_AFFECTED_SCOPE,NO
UNASSESSED-00640,docs/canon/reviews/governance_v1_0_c0_lifecycle_completion_batch_1/tools/build_track_b_locks.py,OPEN_BLOCKING_FINDING_REQUIRES_SCOPE_GATE,BLOCKS_AFFECTED_COMPARISON_OR_MUTATION_SCOPE,Triage against affected feature/canon scope before relying on this artifact for mutation authority.,NO_UNLESS_AFFECTED_SCOPE,NO
UNASSESSED-00641,docs/canon/reviews/governance_v1_0_c0_lifecycle_completion_batch_1/track_b/C0_BATCH_1_TRACK_B_ADOPTION_READINESS_MASTER_REPORT.md,OPEN_BLOCKING_FINDING_REQUIRES_SCOPE_GATE,BLOCKS_AFFECTED_COMPARISON_OR_MUTATION_SCOPE,Triage against affected feature/canon scope before relying on this artifact for mutation authority.,NO_UNLESS_AFFECTED_SCOPE,NO
UNASSESSED-00642,docs/canon/reviews/governance_v1_0_c0_lifecycle_completion_batch_1/track_b/C0_BATCH_1_TRACK_B_ADOPTION_READINESS_MASTER_REPORT.md,OPEN_BLOCKING_FINDING_REQUIRES_SCOPE_GATE,BLOCKS_AFFECTED_COMPARISON_OR_MUTATION_SCOPE,Triage against affected feature/canon scope before relying on this artifact for mutation authority.,NO_UNLESS_AFFECTED_SCOPE,NO
UNASSESSED-00643,docs/canon/reviews/governance_v1_0_c0_lifecycle_completion_batch_1/track_b/C0_BATCH_1_TRACK_B_ADOPTION_READINESS_MASTER_REPORT.md,OPEN_BLOCKING_FINDING_REQUIRES_SCOPE_GATE,BLOCKS_AFFECTED_COMPARISON_OR_MUTATION_SCOPE,Triage against affected feature/canon scope before relying on this artifact for mutation authority.,NO_UNLESS_AFFECTED_SCOPE,NO
UNASSESSED-00644,docs/canon/reviews/governance_v1_0_c0_lifecycle_completion_batch_1/track_b/C0_BATCH_1_TRACK_B_ADOPTION_READINESS_MASTER_REPORT.md,OPEN_BLOCKING_FINDING_REQUIRES_SCOPE_GATE,BLOCKS_AFFECTED_COMPARISON_OR_MUTATION_SCOPE,Triage against affected feature/canon scope before relying on this artifact for mutation authority.,NO_UNLESS_AFFECTED_SCOPE,NO
UNASSESSED-00645,docs/canon/reviews/governance_v1_0_c0_lifecycle_completion_batch_1/track_b/C0_BATCH_1_TRACK_B_ADOPTION_READINESS_MASTER_REPORT.md,OPEN_BLOCKING_FINDING_REQUIRES_SCOPE_GATE,BLOCKS_AFFECTED_COMPARISON_OR_MUTATION_SCOPE,Triage against affected feature/canon scope before relying on this artifact for mutation authority.,NO_UNLESS_AFFECTED_SCOPE,NO
UNASSESSED-00646,docs/canon/reviews/governance_v1_0_c0_phase_c_hash_version_recovery/C0_PHASE_C_RETAINED_FINDINGS_REGISTER.md,OPEN_BLOCKING_FINDING_REQUIRES_SCOPE_GATE,BLOCKS_AFFECTED_COMPARISON_OR_MUTATION_SCOPE,Triage against affected feature/canon scope before relying on this artifact for mutation authority.,NO_UNLESS_AFFECTED_SCOPE,NO
UNASSESSED-00647,docs/canon/reviews/governance_v1_0_c0_phase_c_hash_version_recovery/C0_PHASE_C_RETAINED_FINDINGS_REGISTER.md,OPEN_BLOCKING_FINDING_REQUIRES_SCOPE_GATE,BLOCKS_AFFECTED_COMPARISON_OR_MUTATION_SCOPE,Triage against affected feature/canon scope before relying on this artifact for mutation authority.,NO_UNLESS_AFFECTED_SCOPE,NO
UNASSESSED-00648,docs/canon/reviews/governance_v1_0_c0_phase_c_hash_version_recovery/C0_PHASE_C_RETAINED_FINDINGS_REGISTER.md,OPEN_BLOCKING_FINDING_REQUIRES_SCOPE_GATE,BLOCKS_AFFECTED_COMPARISON_OR_MUTATION_SCOPE,Triage against affected feature/canon scope before relying on this artifact for mutation authority.,NO_UNLESS_AFFECTED_SCOPE,NO
UNASSESSED-00649,docs/canon/reviews/governance_v1_0_c0_phase_c_hash_version_recovery/C0_PHASE_C_RETAINED_FINDINGS_REGISTER.md,OPEN_BLOCKING_FINDING_REQUIRES_SCOPE_GATE,BLOCKS_AFFECTED_COMPARISON_OR_MUTATION_SCOPE,Triage against affected feature/canon scope before relying on this artifact for mutation authority.,NO_UNLESS_AFFECTED_SCOPE,NO
UNASSESSED-00650,docs/canon/reviews/governance_v1_0_c0_phase_c_hash_version_recovery/C0_PHASE_C_RETAINED_FINDINGS_REGISTER.md,OPEN_BLOCKING_FINDING_REQUIRES_SCOPE_GATE,BLOCKS_AFFECTED_COMPARISON_OR_MUTATION_SCOPE,Triage against affected feature/canon scope before relying on this artifact for mutation authority.,NO_UNLESS_AFFECTED_SCOPE,NO
UNASSESSED-00651,docs/canon/reviews/governance_v1_0_c0_phase_c_hash_version_recovery/C0_PHASE_C_RETAINED_FINDINGS_REGISTER.md,OPEN_BLOCKING_FINDING_REQUIRES_SCOPE_GATE,BLOCKS_AFFECTED_COMPARISON_OR_MUTATION_SCOPE,Triage against affected feature/canon scope before relying on this artifact for mutation authority.,NO_UNLESS_AFFECTED_SCOPE,NO
UNASSESSED-00652,docs/canon/reviews/governance_v1_0_c0_phase_c_hash_version_recovery/C0_PHASE_C_RETAINED_FINDINGS_REGISTER.md,OPEN_BLOCKING_FINDING_REQUIRES_SCOPE_GATE,BLOCKS_AFFECTED_COMPARISON_OR_MUTATION_SCOPE,Triage against affected feature/canon scope before relying on this artifact for mutation authority.,NO_UNLESS_AFFECTED_SCOPE,NO
UNASSESSED-00653,docs/canon/reviews/governance_v1_0_c0_phase_c_hash_version_recovery/C0_PHASE_C_RETAINED_FINDINGS_REGISTER.md,OPEN_BLOCKING_FINDING_REQUIRES_SCOPE_GATE,BLOCKS_AFFECTED_COMPARISON_OR_MUTATION_SCOPE,Triage against affected feature/canon scope before relying on this artifact for mutation authority.,NO_UNLESS_AFFECTED_SCOPE,NO
UNASSESSED-00654,docs/canon/reviews/governance_v1_0_c0_phase_c_hash_version_recovery/C0_PHASE_C_RETAINED_FINDINGS_REGISTER.md,OPEN_BLOCKING_FINDING_REQUIRES_SCOPE_GATE,BLOCKS_AFFECTED_COMPARISON_OR_MUTATION_SCOPE,Triage against affected feature/canon scope before relying on this artifact for mutation authority.,NO_UNLESS_AFFECTED_SCOPE,NO
UNASSESSED-00655,docs/canon/reviews/governance_v1_0_c0_phase_c_hash_version_recovery/C0_PHASE_C_RETAINED_FINDINGS_REGISTER.md,OPEN_BLOCKING_FINDING_REQUIRES_SCOPE_GATE,BLOCKS_AFFECTED_COMPARISON_OR_MUTATION_SCOPE,Triage against affected feature/canon scope before relying on this artifact for mutation authority.,NO_UNLESS_AFFECTED_SCOPE,NO
UNASSESSED-00656,docs/canon/reviews/governance_v1_0_c0_phase_c_hash_version_recovery/C0_PHASE_C_RETAINED_FINDINGS_REGISTER.md,OPEN_BLOCKING_FINDING_REQUIRES_SCOPE_GATE,BLOCKS_AFFECTED_COMPARISON_OR_MUTATION_SCOPE,Triage against affected feature/canon scope before relying on this artifact for mutation authority.,NO_UNLESS_AFFECTED_SCOPE,NO
UNASSESSED-00657,docs/canon/reviews/governance_v1_0_c0_phase_c_hash_version_recovery/C0_PHASE_C_RETAINED_FINDINGS_REGISTER.md,OPEN_BLOCKING_FINDING_REQUIRES_SCOPE_GATE,BLOCKS_AFFECTED_COMPARISON_OR_MUTATION_SCOPE,Triage against affected feature/canon scope before relying on this artifact for mutation authority.,NO_UNLESS_AFFECTED_SCOPE,NO
UNASSESSED-00658,docs/canon/reviews/governance_v1_0_c0_phase_c_hash_version_recovery/C0_PHASE_C_RETAINED_FINDINGS_REGISTER.md,OPEN_BLOCKING_FINDING_REQUIRES_SCOPE_GATE,BLOCKS_AFFECTED_COMPARISON_OR_MUTATION_SCOPE,Triage against affected feature/canon scope before relying on this artifact for mutation authority.,NO_UNLESS_AFFECTED_SCOPE,NO
UNASSESSED-00659,docs/canon/reviews/governance_v1_0_c0_phase_c_hash_version_recovery/C0_PHASE_C_RETAINED_FINDINGS_REGISTER.md,OPEN_BLOCKING_FINDING_REQUIRES_SCOPE_GATE,BLOCKS_AFFECTED_COMPARISON_OR_MUTATION_SCOPE,Triage against affected feature/canon scope before relying on this artifact for mutation authority.,NO_UNLESS_AFFECTED_SCOPE,NO
UNASSESSED-00660,docs/canon/reviews/governance_v1_0_c0_phase_c_hash_version_recovery/C0_PHASE_C_RETAINED_FINDINGS_REGISTER.md,OPEN_BLOCKING_FINDING_REQUIRES_SCOPE_GATE,BLOCKS_AFFECTED_COMPARISON_OR_MUTATION_SCOPE,Triage against affected feature/canon scope before relying on this artifact for mutation authority.,NO_UNLESS_AFFECTED_SCOPE,NO
UNASSESSED-00661,docs/canon/reviews/governance_v1_0_c0_phase_c_hash_version_recovery/C0_PHASE_C_RETAINED_FINDINGS_REGISTER.md,OPEN_BLOCKING_FINDING_REQUIRES_SCOPE_GATE,BLOCKS_AFFECTED_COMPARISON_OR_MUTATION_SCOPE,Triage against affected feature/canon scope before relying on this artifact for mutation authority.,NO_UNLESS_AFFECTED_SCOPE,NO
UNASSESSED-00662,docs/canon/reviews/governance_v1_0_c0_phase_c_hash_version_recovery/C0_PHASE_C_RETAINED_FINDINGS_REGISTER.md,OPEN_BLOCKING_FINDING_REQUIRES_SCOPE_GATE,BLOCKS_AFFECTED_COMPARISON_OR_MUTATION_SCOPE,Triage against affected feature/canon scope before relying on this artifact for mutation authority.,NO_UNLESS_AFFECTED_SCOPE,NO
UNASSESSED-00663,docs/canon/reviews/governance_v1_0_c0_phase_c_hash_version_recovery/C0_PHASE_C_RETAINED_FINDINGS_REGISTER.md,OPEN_BLOCKING_FINDING_REQUIRES_SCOPE_GATE,BLOCKS_AFFECTED_COMPARISON_OR_MUTATION_SCOPE,Triage against affected feature/canon scope before relying on this artifact for mutation authority.,NO_UNLESS_AFFECTED_SCOPE,NO
UNASSESSED-00664,docs/canon/reviews/governance_v1_0_c0_phase_c_hash_version_recovery/C0_PHASE_C_RETAINED_FINDINGS_REGISTER.md,OPEN_BLOCKING_FINDING_REQUIRES_SCOPE_GATE,BLOCKS_AFFECTED_COMPARISON_OR_MUTATION_SCOPE,Triage against affected feature/canon scope before relying on this artifact for mutation authority.,NO_UNLESS_AFFECTED_SCOPE,NO
UNASSESSED-00665,docs/canon/reviews/governance_v1_0_c0_phase_c_hash_version_recovery/C0_PHASE_C_RETAINED_FINDINGS_REGISTER.md,OPEN_BLOCKING_FINDING_REQUIRES_SCOPE_GATE,BLOCKS_AFFECTED_COMPARISON_OR_MUTATION_SCOPE,Triage against affected feature/canon scope before relying on this artifact for mutation authority.,NO_UNLESS_AFFECTED_SCOPE,NO
UNASSESSED-00666,docs/canon/reviews/governance_v1_0_c0_phase_c_hash_version_recovery/C0_PHASE_C_RETAINED_FINDINGS_REGISTER.md,OPEN_BLOCKING_FINDING_REQUIRES_SCOPE_GATE,BLOCKS_AFFECTED_COMPARISON_OR_MUTATION_SCOPE,Triage against affected feature/canon scope before relying on this artifact for mutation authority.,NO_UNLESS_AFFECTED_SCOPE,NO
UNASSESSED-00667,docs/canon/reviews/governance_v1_0_c0_phase_c_hash_version_recovery/C0_PHASE_C_RETAINED_FINDINGS_REGISTER.md,OPEN_BLOCKING_FINDING_REQUIRES_SCOPE_GATE,BLOCKS_AFFECTED_COMPARISON_OR_MUTATION_SCOPE,Triage against affected feature/canon scope before relying on this artifact for mutation authority.,NO_UNLESS_AFFECTED_SCOPE,NO
UNASSESSED-00668,docs/canon/reviews/governance_v1_0_c0_phase_c_hash_version_recovery/C0_PHASE_C_RETAINED_FINDINGS_REGISTER.md,OPEN_BLOCKING_FINDING_REQUIRES_SCOPE_GATE,BLOCKS_AFFECTED_COMPARISON_OR_MUTATION_SCOPE,Triage against affected feature/canon scope before relying on this artifact for mutation authority.,NO_UNLESS_AFFECTED_SCOPE,NO
UNASSESSED-00669,docs/canon/reviews/governance_v1_0_c0_phase_c_hash_version_recovery/C0_PHASE_C_RETAINED_FINDINGS_REGISTER.md,OPEN_BLOCKING_FINDING_REQUIRES_SCOPE_GATE,BLOCKS_AFFECTED_COMPARISON_OR_MUTATION_SCOPE,Triage against affected feature/canon scope before relying on this artifact for mutation authority.,NO_UNLESS_AFFECTED_SCOPE,NO
UNASSESSED-00670,docs/canon/reviews/governance_v1_0_c0_phase_c_hash_version_recovery/C0_PHASE_C_RETAINED_FINDINGS_REGISTER.md,OPEN_BLOCKING_FINDING_REQUIRES_SCOPE_GATE,BLOCKS_AFFECTED_COMPARISON_OR_MUTATION_SCOPE,Triage against affected feature/canon scope before relying on this artifact for mutation authority.,NO_UNLESS_AFFECTED_SCOPE,NO
UNASSESSED-00671,docs/canon/reviews/governance_v1_0_c0_phase_c_hash_version_recovery/C0_PHASE_C_RETAINED_FINDINGS_REGISTER.md,OPEN_BLOCKING_FINDING_REQUIRES_SCOPE_GATE,BLOCKS_AFFECTED_COMPARISON_OR_MUTATION_SCOPE,Triage against affected feature/canon scope before relying on this artifact for mutation authority.,NO_UNLESS_AFFECTED_SCOPE,NO
UNASSESSED-00672,docs/canon/reviews/governance_v1_0_c0_phase_c_hash_version_recovery/C0_PHASE_C_RETAINED_FINDINGS_REGISTER.md,OPEN_BLOCKING_FINDING_REQUIRES_SCOPE_GATE,BLOCKS_AFFECTED_COMPARISON_OR_MUTATION_SCOPE,Triage against affected feature/canon scope before relying on this artifact for mutation authority.,NO_UNLESS_AFFECTED_SCOPE,NO
UNASSESSED-00673,docs/canon/reviews/governance_v1_0_c0_phase_c_hash_version_recovery/C0_PHASE_C_RETAINED_FINDINGS_REGISTER.md,OPEN_BLOCKING_FINDING_REQUIRES_SCOPE_GATE,BLOCKS_AFFECTED_COMPARISON_OR_MUTATION_SCOPE,Triage against affected feature/canon scope before relying on this artifact for mutation authority.,NO_UNLESS_AFFECTED_SCOPE,NO
UNASSESSED-00674,docs/canon/reviews/governance_v1_0_c0_phase_c_hash_version_recovery/C0_PHASE_C_RETAINED_FINDINGS_REGISTER.md,OPEN_BLOCKING_FINDING_REQUIRES_SCOPE_GATE,BLOCKS_AFFECTED_COMPARISON_OR_MUTATION_SCOPE,Triage against affected feature/canon scope before relying on this artifact for mutation authority.,NO_UNLESS_AFFECTED_SCOPE,NO
UNASSESSED-00675,docs/canon/reviews/governance_v1_0_c0_phase_c_hash_version_recovery/C0_PHASE_C_RETAINED_FINDINGS_REGISTER.md,OPEN_BLOCKING_FINDING_REQUIRES_SCOPE_GATE,BLOCKS_AFFECTED_COMPARISON_OR_MUTATION_SCOPE,Triage against affected feature/canon scope before relying on this artifact for mutation authority.,NO_UNLESS_AFFECTED_SCOPE,NO
UNASSESSED-00676,docs/canon/reviews/governance_v1_0_c0_phase_c_hash_version_recovery/C0_PHASE_C_RETAINED_FINDINGS_REGISTER.md,OPEN_BLOCKING_FINDING_REQUIRES_SCOPE_GATE,BLOCKS_AFFECTED_COMPARISON_OR_MUTATION_SCOPE,Triage against affected feature/canon scope before relying on this artifact for mutation authority.,NO_UNLESS_AFFECTED_SCOPE,NO
UNASSESSED-00677,docs/canon/reviews/governance_v1_0_c0_phase_c_hash_version_recovery/C0_PHASE_C_RETAINED_FINDINGS_REGISTER.md,OPEN_BLOCKING_FINDING_REQUIRES_SCOPE_GATE,BLOCKS_AFFECTED_COMPARISON_OR_MUTATION_SCOPE,Triage against affected feature/canon scope before relying on this artifact for mutation authority.,NO_UNLESS_AFFECTED_SCOPE,NO
UNASSESSED-00678,docs/canon/reviews/governance_v1_0_c0_phase_c_hash_version_recovery/C0_PHASE_C_RETAINED_FINDINGS_REGISTER.md,OPEN_BLOCKING_FINDING_REQUIRES_SCOPE_GATE,BLOCKS_AFFECTED_COMPARISON_OR_MUTATION_SCOPE,Triage against affected feature/canon scope before relying on this artifact for mutation authority.,NO_UNLESS_AFFECTED_SCOPE,NO
UNASSESSED-00679,docs/canon/reviews/governance_v1_0_c0_phase_c_hash_version_recovery/C0_PHASE_C_RETAINED_FINDINGS_REGISTER.md,OPEN_BLOCKING_FINDING_REQUIRES_SCOPE_GATE,BLOCKS_AFFECTED_COMPARISON_OR_MUTATION_SCOPE,Triage against affected feature/canon scope before relying on this artifact for mutation authority.,NO_UNLESS_AFFECTED_SCOPE,NO
UNASSESSED-00680,docs/canon/reviews/governance_v1_0_c0_phase_c_hash_version_recovery/C0_PHASE_C_RETAINED_FINDINGS_REGISTER.md,OPEN_BLOCKING_FINDING_REQUIRES_SCOPE_GATE,BLOCKS_AFFECTED_COMPARISON_OR_MUTATION_SCOPE,Triage against affected feature/canon scope before relying on this artifact for mutation authority.,NO_UNLESS_AFFECTED_SCOPE,NO
UNASSESSED-00681,docs/canon/reviews/governance_v1_0_c0_phase_c_hash_version_recovery/C0_PHASE_C_RETAINED_FINDINGS_REGISTER.md,OPEN_BLOCKING_FINDING_REQUIRES_SCOPE_GATE,BLOCKS_AFFECTED_COMPARISON_OR_MUTATION_SCOPE,Triage against affected feature/canon scope before relying on this artifact for mutation authority.,NO_UNLESS_AFFECTED_SCOPE,NO
UNASSESSED-00682,docs/canon/reviews/governance_v1_0_c0_phase_c_hash_version_recovery/tools/build_phase_c_source_recovery.py,OPEN_BLOCKING_FINDING_REQUIRES_SCOPE_GATE,BLOCKS_AFFECTED_COMPARISON_OR_MUTATION_SCOPE,Triage against affected feature/canon scope before relying on this artifact for mutation authority.,NO_UNLESS_AFFECTED_SCOPE,NO
UNASSESSED-00683,docs/canon/reviews/governance_v1_0_c0_phase_c_hash_version_recovery/tools/build_phase_c_source_recovery.py,OPEN_BLOCKING_FINDING_REQUIRES_SCOPE_GATE,BLOCKS_AFFECTED_COMPARISON_OR_MUTATION_SCOPE,Triage against affected feature/canon scope before relying on this artifact for mutation authority.,NO_UNLESS_AFFECTED_SCOPE,NO
UNASSESSED-00684,docs/canon/reviews/governance_v1_0_c0_phase_c_hash_version_recovery/tools/build_phase_c_source_recovery.py,OPEN_BLOCKING_FINDING_REQUIRES_SCOPE_GATE,BLOCKS_AFFECTED_COMPARISON_OR_MUTATION_SCOPE,Triage against affected feature/canon scope before relying on this artifact for mutation authority.,NO_UNLESS_AFFECTED_SCOPE,NO
UNASSESSED-00685,docs/canon/reviews/governance_v1_0_c0_phase_c_hash_version_recovery/tools/verify_phase_c_source_recovery.py,OPEN_BLOCKING_FINDING_REQUIRES_SCOPE_GATE,BLOCKS_AFFECTED_COMPARISON_OR_MUTATION_SCOPE,Triage against affected feature/canon scope before relying on this artifact for mutation authority.,NO_UNLESS_AFFECTED_SCOPE,NO
UNASSESSED-00686,docs/canon/reviews/governance_v1_0_c0_phase_c_hash_version_recovery/tools/verify_phase_c_source_recovery.py,OPEN_BLOCKING_FINDING_REQUIRES_SCOPE_GATE,BLOCKS_AFFECTED_COMPARISON_OR_MUTATION_SCOPE,Triage against affected feature/canon scope before relying on this artifact for mutation authority.,NO_UNLESS_AFFECTED_SCOPE,NO
UNASSESSED-00687,docs/canon/reviews/governance_v1_0_final_baseline_resumption/formal_scans/GOVERNANCE_V1_0_POST_ADOPTION_REMEDIATION_LEDGER.md,OPEN_BLOCKING_FINDING_REQUIRES_SCOPE_GATE,BLOCKS_AFFECTED_COMPARISON_OR_MUTATION_SCOPE,Triage against affected feature/canon scope before relying on this artifact for mutation authority.,NO_UNLESS_AFFECTED_SCOPE,NO
UNASSESSED-00688,docs/canon/reviews/governance_v1_0_final_baseline_resumption/tools/build_governance_v1_resumption.py,OPEN_BLOCKING_FINDING_REQUIRES_SCOPE_GATE,BLOCKS_AFFECTED_COMPARISON_OR_MUTATION_SCOPE,Triage against affected feature/canon scope before relying on this artifact for mutation authority.,NO_UNLESS_AFFECTED_SCOPE,NO
UNASSESSED-00689,docs/canon/reviews/governance_v1_0_final_baseline_resumption/tools/build_governance_v1_resumption.py,OPEN_BLOCKING_FINDING_REQUIRES_SCOPE_GATE,BLOCKS_AFFECTED_COMPARISON_OR_MUTATION_SCOPE,Triage against affected feature/canon scope before relying on this artifact for mutation authority.,NO_UNLESS_AFFECTED_SCOPE,NO
UNASSESSED-00690,docs/canon/reviews/next_phase_governance/FOUNDATIONAL_CANON_CURRENT_STATE_MATRIX.md,CANONICAL_SOURCE_CONFLICT_REQUIRES_REVIEW,BLOCKS_UNCONSTRAINED_CODE_TO_GOVERNANCE_COMPARISON,Resolve or explicitly pin canonical governance source before using this artifact for implementation comparison.,YES,NO
UNASSESSED-00691,docs/canon/reviews/next_phase_governance/NEXT_PHASE_FOUNDER_DECISION_PACKAGE.md,OPEN_BLOCKING_FINDING_REQUIRES_SCOPE_GATE,BLOCKS_AFFECTED_COMPARISON_OR_MUTATION_SCOPE,Triage against affected feature/canon scope before relying on this artifact for mutation authority.,NO_UNLESS_AFFECTED_SCOPE,NO
UNASSESSED-00692,docs/canon/reviews/next_phase_governance/NEXT_PHASE_GOVERNANCE_ASSESSMENT.md,OPEN_BLOCKING_FINDING_REQUIRES_SCOPE_GATE,BLOCKS_AFFECTED_COMPARISON_OR_MUTATION_SCOPE,Triage against affected feature/canon scope before relying on this artifact for mutation authority.,NO_UNLESS_AFFECTED_SCOPE,NO
UNASSESSED-00693,docs/canon/reviews/next_phase_governance/NEXT_PHASE_GOVERNANCE_ASSESSMENT.md,OPEN_BLOCKING_FINDING_REQUIRES_SCOPE_GATE,BLOCKS_AFFECTED_COMPARISON_OR_MUTATION_SCOPE,Triage against affected feature/canon scope before relying on this artifact for mutation authority.,NO_UNLESS_AFFECTED_SCOPE,NO
UNASSESSED-00694,docs/canon/reviews/next_phase_governance/NEXT_WORKSTREAM_CANDIDATE_RANKING.md,CANONICAL_SOURCE_CONFLICT_REQUIRES_REVIEW,BLOCKS_UNCONSTRAINED_CODE_TO_GOVERNANCE_COMPARISON,Resolve or explicitly pin canonical governance source before using this artifact for implementation comparison.,YES,NO
UNASSESSED-00695,docs/canon/reviews/next_phase_governance/OPEN_FINDINGS_AND_DEFERRALS_CARRYFORWARD.md,OPEN_BLOCKING_FINDING_REQUIRES_SCOPE_GATE,BLOCKS_AFFECTED_COMPARISON_OR_MUTATION_SCOPE,Triage against affected feature/canon scope before relying on this artifact for mutation authority.,NO_UNLESS_AFFECTED_SCOPE,NO
UNASSESSED-00696,docs/canon/reviews/next_phase_governance/OPEN_FINDINGS_AND_DEFERRALS_CARRYFORWARD.md,OPEN_BLOCKING_FINDING_REQUIRES_SCOPE_GATE,BLOCKS_AFFECTED_COMPARISON_OR_MUTATION_SCOPE,Triage against affected feature/canon scope before relying on this artifact for mutation authority.,NO_UNLESS_AFFECTED_SCOPE,NO
UNASSESSED-00697,docs/canon/reviews/next_phase_governance/OPEN_FINDINGS_AND_DEFERRALS_CARRYFORWARD.md,OPEN_BLOCKING_FINDING_REQUIRES_SCOPE_GATE,BLOCKS_AFFECTED_COMPARISON_OR_MUTATION_SCOPE,Triage against affected feature/canon scope before relying on this artifact for mutation authority.,NO_UNLESS_AFFECTED_SCOPE,NO
UNASSESSED-00698,docs/canon/reviews/next_phase_governance/OPEN_FINDINGS_AND_DEFERRALS_CARRYFORWARD.md,OPEN_BLOCKING_FINDING_REQUIRES_SCOPE_GATE,BLOCKS_AFFECTED_COMPARISON_OR_MUTATION_SCOPE,Triage against affected feature/canon scope before relying on this artifact for mutation authority.,NO_UNLESS_AFFECTED_SCOPE,NO
UNASSESSED-00699,docs/canon/reviews/next_phase_governance/OPEN_FINDINGS_AND_DEFERRALS_CARRYFORWARD.md,OPEN_BLOCKING_FINDING_REQUIRES_SCOPE_GATE,BLOCKS_AFFECTED_COMPARISON_OR_MUTATION_SCOPE,Triage against affected feature/canon scope before relying on this artifact for mutation authority.,NO_UNLESS_AFFECTED_SCOPE,NO
UNASSESSED-00700,docs/canon/reviews/parallel_safeguarding_companion_reconciliation_v1_0/adoption_candidate_review/SAFEGUARDING_V1_2_VALIDATION_REPORT.md,CANONICAL_SOURCE_CONFLICT_REQUIRES_REVIEW,BLOCKS_UNCONSTRAINED_CODE_TO_GOVERNANCE_COMPARISON,Resolve or explicitly pin canonical governance source before using this artifact for implementation comparison.,YES,NO
UNASSESSED-00701,docs/canon/reviews/parallel_safeguarding_companion_reconciliation_v1_0/adoption_candidate_review/SAFEGUARDING_V1_2_VALIDATION_REPORT.md,CANONICAL_SOURCE_CONFLICT_REQUIRES_REVIEW,BLOCKS_UNCONSTRAINED_CODE_TO_GOVERNANCE_COMPARISON,Resolve or explicitly pin canonical governance source before using this artifact for implementation comparison.,YES,NO
UNASSESSED-00702,docs/canon/reviews/parallel_safeguarding_companion_reconciliation_v1_0/adoption_candidate_review/SAFEGUARDING_V1_2_VALIDATION_REPORT.md,CANONICAL_SOURCE_CONFLICT_REQUIRES_REVIEW,BLOCKS_UNCONSTRAINED_CODE_TO_GOVERNANCE_COMPARISON,Resolve or explicitly pin canonical governance source before using this artifact for implementation comparison.,YES,NO
UNASSESSED-00703,docs/canon/reviews/parallel_safeguarding_companion_reconciliation_v1_0/founder_confirmation/EQUINESYNC_SAFEGUARDING_FOUNDER_CONFIRMATION_POLICY_RESOLUTION_AND_ADOPTION_CANDIDATE_AUTHORIZATION.md,CANONICAL_SOURCE_CONFLICT_REQUIRES_REVIEW,BLOCKS_UNCONSTRAINED_CODE_TO_GOVERNANCE_COMPARISON,Resolve or explicitly pin canonical governance source before using this artifact for implementation comparison.,YES,NO
UNASSESSED-00704,docs/canon/reviews/parallel_safeguarding_companion_reconciliation_v1_0/SAFEGUARDING_POLICY_CONFLICT_AND_FOUNDER_CONFIRMATION_REGISTER.md,CANONICAL_SOURCE_CONFLICT_REQUIRES_REVIEW,BLOCKS_UNCONSTRAINED_CODE_TO_GOVERNANCE_COMPARISON,Resolve or explicitly pin canonical governance source before using this artifact for implementation comparison.,YES,NO
UNASSESSED-00705,docs/canon/reviews/parallel_safeguarding_companion_reconciliation_v1_0/SAFEGUARDING_POLICY_CONFLICT_AND_FOUNDER_CONFIRMATION_REGISTER.md,CANONICAL_SOURCE_CONFLICT_REQUIRES_REVIEW,BLOCKS_UNCONSTRAINED_CODE_TO_GOVERNANCE_COMPARISON,Resolve or explicitly pin canonical governance source before using this artifact for implementation comparison.,YES,NO
UNASSESSED-00706,docs/canon/reviews/parallel_safeguarding_companion_reconciliation_v1_0/SAFEGUARDING_POLICY_CONFLICT_AND_FOUNDER_CONFIRMATION_REGISTER.md,CANONICAL_SOURCE_CONFLICT_REQUIRES_REVIEW,BLOCKS_UNCONSTRAINED_CODE_TO_GOVERNANCE_COMPARISON,Resolve or explicitly pin canonical governance source before using this artifact for implementation comparison.,YES,NO
UNASSESSED-00707,docs/canon/reviews/parallel_safeguarding_companion_reconciliation_v1_0/SAFEGUARDING_RECONCILIATION_COMPLETION_REPORT.md,CANONICAL_SOURCE_CONFLICT_REQUIRES_REVIEW,BLOCKS_UNCONSTRAINED_CODE_TO_GOVERNANCE_COMPARISON,Resolve or explicitly pin canonical governance source before using this artifact for implementation comparison.,YES,NO
UNASSESSED-00708,docs/canon/reviews/remaining_founder_approved_adoption_and_lock_v1_0/REMAINING_CANON_ROW_GATE_REPORT.md,CANONICAL_SOURCE_CONFLICT_REQUIRES_REVIEW,BLOCKS_UNCONSTRAINED_CODE_TO_GOVERNANCE_COMPARISON,Resolve or explicitly pin canonical governance source before using this artifact for implementation comparison.,YES,NO
UNASSESSED-00709,docs/canon/reviews/remaining_founder_approved_adoption_and_lock_v1_0/REMAINING_CANON_ROW_GATE_REPORT.md,OPEN_BLOCKING_FINDING_REQUIRES_SCOPE_GATE,BLOCKS_AFFECTED_COMPARISON_OR_MUTATION_SCOPE,Triage against affected feature/canon scope before relying on this artifact for mutation authority.,NO_UNLESS_AFFECTED_SCOPE,NO
UNASSESSED-00710,docs/canon/reviews/remaining_founder_approved_adoption_and_lock_v1_0/REMAINING_CANON_ROW_GATE_REPORT.md,OPEN_BLOCKING_FINDING_REQUIRES_SCOPE_GATE,BLOCKS_AFFECTED_COMPARISON_OR_MUTATION_SCOPE,Triage against affected feature/canon scope before relying on this artifact for mutation authority.,NO_UNLESS_AFFECTED_SCOPE,NO
UNASSESSED-00711,docs/canon/reviews/remaining_founder_approved_adoption_and_lock_v1_0/REMAINING_CANON_ROW_GATE_REPORT.md,OPEN_BLOCKING_FINDING_REQUIRES_SCOPE_GATE,BLOCKS_AFFECTED_COMPARISON_OR_MUTATION_SCOPE,Triage against affected feature/canon scope before relying on this artifact for mutation authority.,NO_UNLESS_AFFECTED_SCOPE,NO
UNASSESSED-00712,docs/canon/reviews/remaining_founder_approved_adoption_and_lock_v1_0/tools/build_adoption_and_locks.py,CANONICAL_SOURCE_CONFLICT_REQUIRES_REVIEW,BLOCKS_UNCONSTRAINED_CODE_TO_GOVERNANCE_COMPARISON,Resolve or explicitly pin canonical governance source before using this artifact for implementation comparison.,YES,NO
UNASSESSED-00713,docs/canon/reviews/remaining_founder_approved_adoption_and_lock_v1_0/tools/build_adoption_and_locks.py,OPEN_BLOCKING_FINDING_REQUIRES_SCOPE_GATE,BLOCKS_AFFECTED_COMPARISON_OR_MUTATION_SCOPE,Triage against affected feature/canon scope before relying on this artifact for mutation authority.,NO_UNLESS_AFFECTED_SCOPE,NO
UNASSESSED-00714,docs/canon/reviews/remaining_founder_approved_adoption_and_lock_v1_0/tools/build_adoption_and_locks.py,OPEN_BLOCKING_FINDING_REQUIRES_SCOPE_GATE,BLOCKS_AFFECTED_COMPARISON_OR_MUTATION_SCOPE,Triage against affected feature/canon scope before relying on this artifact for mutation authority.,NO_UNLESS_AFFECTED_SCOPE,NO
UNASSESSED-00715,docs/canon/reviews/remaining_founder_approved_adoption_and_lock_v1_0/tools/build_adoption_and_locks.py,OPEN_BLOCKING_FINDING_REQUIRES_SCOPE_GATE,BLOCKS_AFFECTED_COMPARISON_OR_MUTATION_SCOPE,Triage against affected feature/canon scope before relying on this artifact for mutation authority.,NO_UNLESS_AFFECTED_SCOPE,NO
UNASSESSED-00716,docs/canon/reviews/remaining_founder_approved_adoption_and_lock_v1_0/tools/build_adoption_and_locks.py,OPEN_BLOCKING_FINDING_REQUIRES_SCOPE_GATE,BLOCKS_AFFECTED_COMPARISON_OR_MUTATION_SCOPE,Triage against affected feature/canon scope before relying on this artifact for mutation authority.,NO_UNLESS_AFFECTED_SCOPE,NO
UNASSESSED-00717,docs/canon/reviews/stage0_c0_repository_incorporation/C0_REPOSITORY_RECONCILIATION_SUPPLEMENT_V1_0.md,CANONICAL_SOURCE_CONFLICT_REQUIRES_REVIEW,BLOCKS_UNCONSTRAINED_CODE_TO_GOVERNANCE_COMPARISON,Resolve or explicitly pin canonical governance source before using this artifact for implementation comparison.,YES,NO
UNASSESSED-00718,docs/canon/reviews/stage0_c0_repository_incorporation/STAGE0_C0_REPOSITORY_INCORPORATION_MANIFEST.json,CANONICAL_SOURCE_CONFLICT_REQUIRES_REVIEW,BLOCKS_UNCONSTRAINED_CODE_TO_GOVERNANCE_COMPARISON,Resolve or explicitly pin canonical governance source before using this artifact for implementation comparison.,YES,NO
UNASSESSED-00719,docs/canon/reviews/stage0_c0_repository_incorporation/STAGE0_C0_REPOSITORY_INCORPORATION_MANIFEST.json,CANONICAL_SOURCE_CONFLICT_REQUIRES_REVIEW,BLOCKS_UNCONSTRAINED_CODE_TO_GOVERNANCE_COMPARISON,Resolve or explicitly pin canonical governance source before using this artifact for implementation comparison.,YES,NO
UNASSESSED-00720,docs/canon/reviews/stage0_companion_reconciliation_v1_2/03_MEDIA_FILES_DIGITAL_ASSET_GOVERNANCE_GAP_MATRIX_V1_1.md,CANONICAL_SOURCE_CONFLICT_REQUIRES_REVIEW,BLOCKS_UNCONSTRAINED_CODE_TO_GOVERNANCE_COMPARISON,Resolve or explicitly pin canonical governance source before using this artifact for implementation comparison.,YES,NO
UNASSESSED-00721,docs/implementation/MASTER_EQUINESYNC_IMPLEMENTATION_ATLAS_DECISION_LOG.md,FEATURE_INCLUSION_CONFLICT_OR_TRACEABILITY_RISK,BLOCKS_AFFECTED_FEATURE_COMPARISON,Fix feature-to-governance inclusion mapping for affected feature scope before comparing that feature.,NO_UNLESS_AFFECTED_SCOPE,NO
UNASSESSED-00722,docs/implementation/MASTER_EQUINESYNC_IMPLEMENTATION_ATLAS_FOUNDER_DECISION_PACKET.md,FEATURE_INCLUSION_CONFLICT_OR_TRACEABILITY_RISK,BLOCKS_AFFECTED_FEATURE_COMPARISON,Fix feature-to-governance inclusion mapping for affected feature scope before comparing that feature.,NO_UNLESS_AFFECTED_SCOPE,NO
UNASSESSED-00723,docs/implementation/MASTER_EQUINESYNC_IMPLEMENTATION_ATLAS_FOUNDER_DECISION_PACKET.md,FEATURE_INCLUSION_CONFLICT_OR_TRACEABILITY_RISK,BLOCKS_AFFECTED_FEATURE_COMPARISON,Fix feature-to-governance inclusion mapping for affected feature scope before comparing that feature.,NO_UNLESS_AFFECTED_SCOPE,NO
UNASSESSED-00724,docs/implementation/MASTER_EQUINESYNC_IMPLEMENTATION_ATLAS_FOUNDER_DECISION_PACKET.md,FEATURE_INCLUSION_CONFLICT_OR_TRACEABILITY_RISK,BLOCKS_AFFECTED_FEATURE_COMPARISON,Fix feature-to-governance inclusion mapping for affected feature scope before comparing that feature.,NO_UNLESS_AFFECTED_SCOPE,NO
UNASSESSED-00725,docs/implementation/MASTER_EQUINESYNC_IMPLEMENTATION_ATLAS_FOUNDER_DECISION_PACKET.md,FEATURE_INCLUSION_CONFLICT_OR_TRACEABILITY_RISK,BLOCKS_AFFECTED_FEATURE_COMPARISON,Fix feature-to-governance inclusion mapping for affected feature scope before comparing that feature.,NO_UNLESS_AFFECTED_SCOPE,NO
UNASSESSED-00726,docs/implementation/MASTER_EQUINESYNC_IMPLEMENTATION_ATLAS_FOUNDER_DECISION_PACKET.md,FEATURE_INCLUSION_CONFLICT_OR_TRACEABILITY_RISK,BLOCKS_AFFECTED_FEATURE_COMPARISON,Fix feature-to-governance inclusion mapping for affected feature scope before comparing that feature.,NO_UNLESS_AFFECTED_SCOPE,NO
UNASSESSED-00727,docs/implementation/MASTER_EQUINESYNC_IMPLEMENTATION_ATLAS_FOUNDER_DECISION_PACKET.md,FEATURE_INCLUSION_CONFLICT_OR_TRACEABILITY_RISK,BLOCKS_AFFECTED_FEATURE_COMPARISON,Fix feature-to-governance inclusion mapping for affected feature scope before comparing that feature.,NO_UNLESS_AFFECTED_SCOPE,NO
UNASSESSED-00728,docs/implementation/MASTER_EQUINESYNC_IMPLEMENTATION_ATLAS_P1_RESOLUTION_MATRIX.md,FEATURE_INCLUSION_CONFLICT_OR_TRACEABILITY_RISK,BLOCKS_AFFECTED_FEATURE_COMPARISON,Fix feature-to-governance inclusion mapping for affected feature scope before comparing that feature.,NO_UNLESS_AFFECTED_SCOPE,NO
UNASSESSED-00729,docs/implementation/MASTER_EQUINESYNC_IMPLEMENTATION_ATLAS_P1_RESOLUTION_MATRIX.md,FEATURE_INCLUSION_CONFLICT_OR_TRACEABILITY_RISK,BLOCKS_AFFECTED_FEATURE_COMPARISON,Fix feature-to-governance inclusion mapping for affected feature scope before comparing that feature.,NO_UNLESS_AFFECTED_SCOPE,NO
UNASSESSED-00730,docs/implementation/MASTER_EQUINESYNC_IMPLEMENTATION_ATLAS_V1_0_RETAINED_FINDINGS_REGISTER.md,FEATURE_INCLUSION_CONFLICT_OR_TRACEABILITY_RISK,BLOCKS_AFFECTED_FEATURE_COMPARISON,Fix feature-to-governance inclusion mapping for affected feature scope before comparing that feature.,NO_UNLESS_AFFECTED_SCOPE,NO
UNASSESSED-00731,docs/implementation/MASTER_EQUINESYNC_IMPLEMENTATION_ATLAS_V1_0_RETAINED_FINDINGS_REGISTER.md,FEATURE_INCLUSION_CONFLICT_OR_TRACEABILITY_RISK,BLOCKS_AFFECTED_FEATURE_COMPARISON,Fix feature-to-governance inclusion mapping for affected feature scope before comparing that feature.,NO_UNLESS_AFFECTED_SCOPE,NO
UNASSESSED-00732,docs/implementation/MASTER_EQUINESYNC_IMPLEMENTATION_ATLAS_V1_0_RETAINED_FINDINGS_REGISTER.md,FEATURE_INCLUSION_CONFLICT_OR_TRACEABILITY_RISK,BLOCKS_AFFECTED_FEATURE_COMPARISON,Fix feature-to-governance inclusion mapping for affected feature scope before comparing that feature.,NO_UNLESS_AFFECTED_SCOPE,NO
UNASSESSED-00733,docs/implementation/MASTER_EQUINESYNC_IMPLEMENTATION_ATLAS_V1_0_RETAINED_FINDINGS_REGISTER.md,FEATURE_INCLUSION_CONFLICT_OR_TRACEABILITY_RISK,BLOCKS_AFFECTED_FEATURE_COMPARISON,Fix feature-to-governance inclusion mapping for affected feature scope before comparing that feature.,NO_UNLESS_AFFECTED_SCOPE,NO
UNASSESSED-00734,docs/implementation/MASTER_EQUINESYNC_IMPLEMENTATION_ATLAS_V1_0_RETAINED_FINDINGS_REGISTER.md,FEATURE_INCLUSION_CONFLICT_OR_TRACEABILITY_RISK,BLOCKS_AFFECTED_FEATURE_COMPARISON,Fix feature-to-governance inclusion mapping for affected feature scope before comparing that feature.,NO_UNLESS_AFFECTED_SCOPE,NO
UNASSESSED-00735,docs/implementation/MASTER_EQUINESYNC_IMPLEMENTATION_ATLAS_V1_0_RETAINED_FINDINGS_REGISTER.md,FEATURE_INCLUSION_CONFLICT_OR_TRACEABILITY_RISK,BLOCKS_AFFECTED_FEATURE_COMPARISON,Fix feature-to-governance inclusion mapping for affected feature scope before comparing that feature.,NO_UNLESS_AFFECTED_SCOPE,NO
UNASSESSED-00736,docs/implementation/MASTER_EQUINESYNC_IMPLEMENTATION_ATLAS_V1_0_RETAINED_FINDINGS_REGISTER.md,FEATURE_INCLUSION_CONFLICT_OR_TRACEABILITY_RISK,BLOCKS_AFFECTED_FEATURE_COMPARISON,Fix feature-to-governance inclusion mapping for affected feature scope before comparing that feature.,NO_UNLESS_AFFECTED_SCOPE,NO
UNASSESSED-00737,docs/implementation/MASTER_EQUINESYNC_IMPLEMENTATION_ATLAS_V1_0_RETAINED_FINDINGS_REGISTER.md,FEATURE_INCLUSION_CONFLICT_OR_TRACEABILITY_RISK,BLOCKS_AFFECTED_FEATURE_COMPARISON,Fix feature-to-governance inclusion mapping for affected feature scope before comparing that feature.,NO_UNLESS_AFFECTED_SCOPE,NO
UNASSESSED-00738,docs/implementation/MASTER_EQUINESYNC_IMPLEMENTATION_ATLAS_V1_0_RETAINED_FINDINGS_REGISTER.md,FEATURE_INCLUSION_CONFLICT_OR_TRACEABILITY_RISK,BLOCKS_AFFECTED_FEATURE_COMPARISON,Fix feature-to-governance inclusion mapping for affected feature scope before comparing that feature.,NO_UNLESS_AFFECTED_SCOPE,NO
UNASSESSED-00739,docs/implementation/MASTER_EQUINESYNC_IMPLEMENTATION_ATLAS_V1_0_RETAINED_FINDINGS_REGISTER.md,FEATURE_INCLUSION_CONFLICT_OR_TRACEABILITY_RISK,BLOCKS_AFFECTED_FEATURE_COMPARISON,Fix feature-to-governance inclusion mapping for affected feature scope before comparing that feature.,NO_UNLESS_AFFECTED_SCOPE,NO
UNASSESSED-00740,docs/implementation/MASTER_EQUINESYNC_IMPLEMENTATION_ATLAS_V1_0_RETAINED_FINDINGS_REGISTER.md,FEATURE_INCLUSION_CONFLICT_OR_TRACEABILITY_RISK,BLOCKS_AFFECTED_FEATURE_COMPARISON,Fix feature-to-governance inclusion mapping for affected feature scope before comparing that feature.,NO_UNLESS_AFFECTED_SCOPE,NO
UNASSESSED-00741,docs/implementation/MASTER_EQUINESYNC_IMPLEMENTATION_ATLAS_V1_0_RETAINED_FINDINGS_REGISTER.md,FEATURE_INCLUSION_CONFLICT_OR_TRACEABILITY_RISK,BLOCKS_AFFECTED_FEATURE_COMPARISON,Fix feature-to-governance inclusion mapping for affected feature scope before comparing that feature.,NO_UNLESS_AFFECTED_SCOPE,NO
UNASSESSED-00742,docs/implementation/MASTER_EQUINESYNC_IMPLEMENTATION_ATLAS_V1_0_RETAINED_FINDINGS_REGISTER.md,FEATURE_INCLUSION_CONFLICT_OR_TRACEABILITY_RISK,BLOCKS_AFFECTED_FEATURE_COMPARISON,Fix feature-to-governance inclusion mapping for affected feature scope before comparing that feature.,NO_UNLESS_AFFECTED_SCOPE,NO
UNASSESSED-00743,docs/implementation/MASTER_EQUINESYNC_IMPLEMENTATION_ATLAS_V1_0_RETAINED_FINDINGS_REGISTER.md,FEATURE_INCLUSION_CONFLICT_OR_TRACEABILITY_RISK,BLOCKS_AFFECTED_FEATURE_COMPARISON,Fix feature-to-governance inclusion mapping for affected feature scope before comparing that feature.,NO_UNLESS_AFFECTED_SCOPE,NO
UNASSESSED-00744,docs/implementation/MASTER_EQUINESYNC_IMPLEMENTATION_ATLAS_V1_0_RETAINED_FINDINGS_REGISTER.md,FEATURE_INCLUSION_CONFLICT_OR_TRACEABILITY_RISK,BLOCKS_AFFECTED_FEATURE_COMPARISON,Fix feature-to-governance inclusion mapping for affected feature scope before comparing that feature.,NO_UNLESS_AFFECTED_SCOPE,NO
UNASSESSED-00745,docs/implementation/MASTER_EQUINESYNC_IMPLEMENTATION_ATLAS_V1_0_RETAINED_FINDINGS_REGISTER.md,FEATURE_INCLUSION_CONFLICT_OR_TRACEABILITY_RISK,BLOCKS_AFFECTED_FEATURE_COMPARISON,Fix feature-to-governance inclusion mapping for affected feature scope before comparing that feature.,NO_UNLESS_AFFECTED_SCOPE,NO
UNASSESSED-00746,docs/implementation/MASTER_EQUINESYNC_IMPLEMENTATION_ATLAS_V1_0_RETAINED_FINDINGS_REGISTER.md,FEATURE_INCLUSION_CONFLICT_OR_TRACEABILITY_RISK,BLOCKS_AFFECTED_FEATURE_COMPARISON,Fix feature-to-governance inclusion mapping for affected feature scope before comparing that feature.,NO_UNLESS_AFFECTED_SCOPE,NO
UNASSESSED-00747,docs/implementation/MASTER_EQUINESYNC_IMPLEMENTATION_ATLAS_V1_0_RETAINED_FINDINGS_REGISTER.md,FEATURE_INCLUSION_CONFLICT_OR_TRACEABILITY_RISK,BLOCKS_AFFECTED_FEATURE_COMPARISON,Fix feature-to-governance inclusion mapping for affected feature scope before comparing that feature.,NO_UNLESS_AFFECTED_SCOPE,NO
UNASSESSED-00748,docs/implementation/MASTER_EQUINESYNC_IMPLEMENTATION_ATLAS_V1_0_RETAINED_FINDINGS_REGISTER.md,FEATURE_INCLUSION_CONFLICT_OR_TRACEABILITY_RISK,BLOCKS_AFFECTED_FEATURE_COMPARISON,Fix feature-to-governance inclusion mapping for affected feature scope before comparing that feature.,NO_UNLESS_AFFECTED_SCOPE,NO
UNASSESSED-00749,docs/implementation/MASTER_EQUINESYNC_IMPLEMENTATION_ATLAS_V1_0_RETAINED_FINDINGS_REGISTER.md,FEATURE_INCLUSION_CONFLICT_OR_TRACEABILITY_RISK,BLOCKS_AFFECTED_FEATURE_COMPARISON,Fix feature-to-governance inclusion mapping for affected feature scope before comparing that feature.,NO_UNLESS_AFFECTED_SCOPE,NO
UNASSESSED-00750,docs/implementation/MASTER_EQUINESYNC_IMPLEMENTATION_ATLAS_V1_0_RETAINED_FINDINGS_REGISTER.md,FEATURE_INCLUSION_CONFLICT_OR_TRACEABILITY_RISK,BLOCKS_AFFECTED_FEATURE_COMPARISON,Fix feature-to-governance inclusion mapping for affected feature scope before comparing that feature.,NO_UNLESS_AFFECTED_SCOPE,NO
UNASSESSED-00751,docs/implementation/MASTER_EQUINESYNC_IMPLEMENTATION_ATLAS_V1_0_RETAINED_FINDINGS_REGISTER.md,FEATURE_INCLUSION_CONFLICT_OR_TRACEABILITY_RISK,BLOCKS_AFFECTED_FEATURE_COMPARISON,Fix feature-to-governance inclusion mapping for affected feature scope before comparing that feature.,NO_UNLESS_AFFECTED_SCOPE,NO
UNASSESSED-00752,docs/implementation/MASTER_EQUINESYNC_IMPLEMENTATION_ATLAS_V1_0_RETAINED_FINDINGS_REGISTER.md,FEATURE_INCLUSION_CONFLICT_OR_TRACEABILITY_RISK,BLOCKS_AFFECTED_FEATURE_COMPARISON,Fix feature-to-governance inclusion mapping for affected feature scope before comparing that feature.,NO_UNLESS_AFFECTED_SCOPE,NO
UNASSESSED-00753,docs/implementation/MASTER_EQUINESYNC_IMPLEMENTATION_ATLAS_V1_0_RETAINED_FINDINGS_REGISTER.md,FEATURE_INCLUSION_CONFLICT_OR_TRACEABILITY_RISK,BLOCKS_AFFECTED_FEATURE_COMPARISON,Fix feature-to-governance inclusion mapping for affected feature scope before comparing that feature.,NO_UNLESS_AFFECTED_SCOPE,NO
UNASSESSED-00754,docs/implementation/MASTER_EQUINESYNC_IMPLEMENTATION_ATLAS_V1_0_RETAINED_FINDINGS_REGISTER.md,FEATURE_INCLUSION_CONFLICT_OR_TRACEABILITY_RISK,BLOCKS_AFFECTED_FEATURE_COMPARISON,Fix feature-to-governance inclusion mapping for affected feature scope before comparing that feature.,NO_UNLESS_AFFECTED_SCOPE,NO
UNASSESSED-00755,docs/implementation/MASTER_EQUINESYNC_IMPLEMENTATION_ATLAS_V1_0_RETAINED_FINDINGS_REGISTER.md,FEATURE_INCLUSION_CONFLICT_OR_TRACEABILITY_RISK,BLOCKS_AFFECTED_FEATURE_COMPARISON,Fix feature-to-governance inclusion mapping for affected feature scope before comparing that feature.,NO_UNLESS_AFFECTED_SCOPE,NO
UNASSESSED-00756,docs/implementation/MASTER_EQUINESYNC_IMPLEMENTATION_ATLAS_V1_0_RETAINED_FINDINGS_REGISTER.md,FEATURE_INCLUSION_CONFLICT_OR_TRACEABILITY_RISK,BLOCKS_AFFECTED_FEATURE_COMPARISON,Fix feature-to-governance inclusion mapping for affected feature scope before comparing that feature.,NO_UNLESS_AFFECTED_SCOPE,NO
UNASSESSED-00757,docs/implementation/MASTER_EQUINESYNC_IMPLEMENTATION_ATLAS_V1_0_RETAINED_FINDINGS_REGISTER.md,FEATURE_INCLUSION_CONFLICT_OR_TRACEABILITY_RISK,BLOCKS_AFFECTED_FEATURE_COMPARISON,Fix feature-to-governance inclusion mapping for affected feature scope before comparing that feature.,NO_UNLESS_AFFECTED_SCOPE,NO
UNASSESSED-00758,docs/implementation/MASTER_EQUINESYNC_IMPLEMENTATION_ATLAS_V1_0_RETAINED_FINDINGS_REGISTER.md,FEATURE_INCLUSION_CONFLICT_OR_TRACEABILITY_RISK,BLOCKS_AFFECTED_FEATURE_COMPARISON,Fix feature-to-governance inclusion mapping for affected feature scope before comparing that feature.,NO_UNLESS_AFFECTED_SCOPE,NO
UNASSESSED-00759,docs/implementation/MASTER_EQUINESYNC_PROGRAM_BOARD_CHANGE_LOG.md,FEATURE_INCLUSION_CONFLICT_OR_TRACEABILITY_RISK,BLOCKS_AFFECTED_FEATURE_COMPARISON,Fix feature-to-governance inclusion mapping for affected feature scope before comparing that feature.,NO_UNLESS_AFFECTED_SCOPE,NO
UNASSESSED-00760,docs/implementation/MASTER_EQUINESYNC_PROGRAM_BOARD_CHANGE_LOG.md,FEATURE_INCLUSION_CONFLICT_OR_TRACEABILITY_RISK,BLOCKS_AFFECTED_FEATURE_COMPARISON,Fix feature-to-governance inclusion mapping for affected feature scope before comparing that feature.,NO_UNLESS_AFFECTED_SCOPE,NO
UNASSESSED-00761,docs/implementation/MASTER_EQUINESYNC_PROGRAM_BOARD_CHANGE_LOG.md,FEATURE_INCLUSION_CONFLICT_OR_TRACEABILITY_RISK,BLOCKS_AFFECTED_FEATURE_COMPARISON,Fix feature-to-governance inclusion mapping for affected feature scope before comparing that feature.,NO_UNLESS_AFFECTED_SCOPE,NO
UNASSESSED-00762,docs/implementation/MASTER_EQUINESYNC_PROGRAM_BOARD_EVIDENCE_MATRIX.md,FEATURE_INCLUSION_CONFLICT_OR_TRACEABILITY_RISK,BLOCKS_AFFECTED_FEATURE_COMPARISON,Fix feature-to-governance inclusion mapping for affected feature scope before comparing that feature.,NO_UNLESS_AFFECTED_SCOPE,NO
UNASSESSED-00763,docs/implementation/MASTER_EQUINESYNC_PROGRAM_BOARD_EVIDENCE_MATRIX.md,FEATURE_INCLUSION_CONFLICT_OR_TRACEABILITY_RISK,BLOCKS_AFFECTED_FEATURE_COMPARISON,Fix feature-to-governance inclusion mapping for affected feature scope before comparing that feature.,NO_UNLESS_AFFECTED_SCOPE,NO
UNASSESSED-00764,docs/implementation/MASTER_EQUINESYNC_PROGRAM_BOARD.md,FEATURE_INCLUSION_CONFLICT_OR_TRACEABILITY_RISK,BLOCKS_AFFECTED_FEATURE_COMPARISON,Fix feature-to-governance inclusion mapping for affected feature scope before comparing that feature.,NO_UNLESS_AFFECTED_SCOPE,NO
UNASSESSED-00765,docs/implementation/MASTER_EQUINESYNC_PROGRAM_BOARD.md,FEATURE_INCLUSION_CONFLICT_OR_TRACEABILITY_RISK,BLOCKS_AFFECTED_FEATURE_COMPARISON,Fix feature-to-governance inclusion mapping for affected feature scope before comparing that feature.,NO_UNLESS_AFFECTED_SCOPE,NO
UNASSESSED-00766,docs/implementation/MASTER_EQUINESYNC_PROGRAM_BOARD.md,FEATURE_INCLUSION_CONFLICT_OR_TRACEABILITY_RISK,BLOCKS_AFFECTED_FEATURE_COMPARISON,Fix feature-to-governance inclusion mapping for affected feature scope before comparing that feature.,NO_UNLESS_AFFECTED_SCOPE,NO
UNASSESSED-00767,docs/implementation/MASTER_EQUINESYNC_PROGRAM_BOARD.md,FEATURE_INCLUSION_CONFLICT_OR_TRACEABILITY_RISK,BLOCKS_AFFECTED_FEATURE_COMPARISON,Fix feature-to-governance inclusion mapping for affected feature scope before comparing that feature.,NO_UNLESS_AFFECTED_SCOPE,NO
UNASSESSED-00768,docs/implementation/MASTER_EQUINESYNC_PROGRAM_BOARD.md,FEATURE_INCLUSION_CONFLICT_OR_TRACEABILITY_RISK,BLOCKS_AFFECTED_FEATURE_COMPARISON,Fix feature-to-governance inclusion mapping for affected feature scope before comparing that feature.,NO_UNLESS_AFFECTED_SCOPE,NO
UNASSESSED-00769,docs/implementation/MASTER_EQUINESYNC_WAVE_1_DEPENDENCY_MATRIX.md,FEATURE_INCLUSION_CONFLICT_OR_TRACEABILITY_RISK,BLOCKS_AFFECTED_FEATURE_COMPARISON,Fix feature-to-governance inclusion mapping for affected feature scope before comparing that feature.,NO_UNLESS_AFFECTED_SCOPE,NO
UNASSESSED-00770,docs/implementation/NATIVE_OFFLINE_SYNC_IMPLEMENTATION_PLANNING/NATIVE_OFFLINE_SYNC_FIRST_BOUNDED_SLICE_RECOMMENDATION.md,CANONICAL_SOURCE_CONFLICT_REQUIRES_REVIEW,BLOCKS_UNCONSTRAINED_CODE_TO_GOVERNANCE_COMPARISON,Resolve or explicitly pin canonical governance source before using this artifact for implementation comparison.,YES,NO
UNASSESSED-00771,docs/implementation/NATIVE_OFFLINE_SYNC_IMPLEMENTATION_PLANNING/NATIVE_OFFLINE_SYNC_FIRST_BOUNDED_SLICE_RECOMMENDATION.md,CANONICAL_SOURCE_CONFLICT_REQUIRES_REVIEW,BLOCKS_UNCONSTRAINED_CODE_TO_GOVERNANCE_COMPARISON,Resolve or explicitly pin canonical governance source before using this artifact for implementation comparison.,YES,NO
UNASSESSED-00772,docs/implementation/NATIVE_OFFLINE_SYNC_IMPLEMENTATION_PLANNING/NATIVE_OFFLINE_SYNC_FIRST_BOUNDED_SLICE_RECOMMENDATION.md,CANONICAL_SOURCE_CONFLICT_REQUIRES_REVIEW,BLOCKS_UNCONSTRAINED_CODE_TO_GOVERNANCE_COMPARISON,Resolve or explicitly pin canonical governance source before using this artifact for implementation comparison.,YES,NO
UNASSESSED-00773,docs/implementation/NATIVE_OFFLINE_SYNC_IMPLEMENTATION_PLANNING/NATIVE_OFFLINE_SYNC_FIRST_BOUNDED_SLICE_RECOMMENDATION.md,CANONICAL_SOURCE_CONFLICT_REQUIRES_REVIEW,BLOCKS_UNCONSTRAINED_CODE_TO_GOVERNANCE_COMPARISON,Resolve or explicitly pin canonical governance source before using this artifact for implementation comparison.,YES,NO
UNASSESSED-00774,docs/implementation/NATIVE_OFFLINE_SYNC_IMPLEMENTATION_PLANNING/NATIVE_OFFLINE_SYNC_IMPLEMENTATION_PLANNING_EXECUTIVE_SUMMARY.md,CANONICAL_SOURCE_CONFLICT_REQUIRES_REVIEW,BLOCKS_UNCONSTRAINED_CODE_TO_GOVERNANCE_COMPARISON,Resolve or explicitly pin canonical governance source before using this artifact for implementation comparison.,YES,NO
UNASSESSED-00775,docs/implementation/NATIVE_OFFLINE_SYNC_IMPLEMENTATION_PLANNING/NATIVE_OFFLINE_SYNC_IMPLEMENTATION_RISK_REGISTER.md,FEATURE_INCLUSION_CONFLICT_OR_TRACEABILITY_RISK,BLOCKS_AFFECTED_FEATURE_COMPARISON,Fix feature-to-governance inclusion mapping for affected feature scope before comparing that feature.,NO_UNLESS_AFFECTED_SCOPE,NO
UNASSESSED-00776,docs/implementation/NATIVE_OFFLINE_SYNC_IMPLEMENTATION_PLANNING/NATIVE_OFFLINE_SYNC_IMPLEMENTATION_RISK_REGISTER.md,FEATURE_INCLUSION_CONFLICT_OR_TRACEABILITY_RISK,BLOCKS_AFFECTED_FEATURE_COMPARISON,Fix feature-to-governance inclusion mapping for affected feature scope before comparing that feature.,NO_UNLESS_AFFECTED_SCOPE,NO
UNASSESSED-00777,docs/implementation/NATIVE_OFFLINE_SYNC_IMPLEMENTATION_PLANNING/NATIVE_OFFLINE_SYNC_IMPLEMENTATION_RISK_REGISTER.md,FEATURE_INCLUSION_CONFLICT_OR_TRACEABILITY_RISK,BLOCKS_AFFECTED_FEATURE_COMPARISON,Fix feature-to-governance inclusion mapping for affected feature scope before comparing that feature.,NO_UNLESS_AFFECTED_SCOPE,NO
UNASSESSED-00778,docs/implementation/NATIVE_OFFLINE_SYNC_IMPLEMENTATION_PLANNING/NATIVE_OFFLINE_SYNC_IMPLEMENTATION_RISK_REGISTER.md,FEATURE_INCLUSION_CONFLICT_OR_TRACEABILITY_RISK,BLOCKS_AFFECTED_FEATURE_COMPARISON,Fix feature-to-governance inclusion mapping for affected feature scope before comparing that feature.,NO_UNLESS_AFFECTED_SCOPE,NO
UNASSESSED-00779,docs/implementation/NATIVE_OFFLINE_SYNC_IMPLEMENTATION_PLANNING/NATIVE_OFFLINE_SYNC_IMPLEMENTATION_RISK_REGISTER.md,FEATURE_INCLUSION_CONFLICT_OR_TRACEABILITY_RISK,BLOCKS_AFFECTED_FEATURE_COMPARISON,Fix feature-to-governance inclusion mapping for affected feature scope before comparing that feature.,NO_UNLESS_AFFECTED_SCOPE,NO
UNASSESSED-00780,docs/implementation/NATIVE_OFFLINE_SYNC_IMPLEMENTATION_PLANNING/NATIVE_OFFLINE_SYNC_IMPLEMENTATION_RISK_REGISTER.md,FEATURE_INCLUSION_CONFLICT_OR_TRACEABILITY_RISK,BLOCKS_AFFECTED_FEATURE_COMPARISON,Fix feature-to-governance inclusion mapping for affected feature scope before comparing that feature.,NO_UNLESS_AFFECTED_SCOPE,NO
UNASSESSED-00781,docs/implementation/NATIVE_OFFLINE_SYNC_IMPLEMENTATION_PLANNING/NATIVE_OFFLINE_SYNC_IMPLEMENTATION_RISK_REGISTER.md,FEATURE_INCLUSION_CONFLICT_OR_TRACEABILITY_RISK,BLOCKS_AFFECTED_FEATURE_COMPARISON,Fix feature-to-governance inclusion mapping for affected feature scope before comparing that feature.,NO_UNLESS_AFFECTED_SCOPE,NO
UNASSESSED-00782,docs/implementation/NATIVE_OFFLINE_SYNC_IMPLEMENTATION_PLANNING/NATIVE_OFFLINE_SYNC_IMPLEMENTATION_RISK_REGISTER.md,FEATURE_INCLUSION_CONFLICT_OR_TRACEABILITY_RISK,BLOCKS_AFFECTED_FEATURE_COMPARISON,Fix feature-to-governance inclusion mapping for affected feature scope before comparing that feature.,NO_UNLESS_AFFECTED_SCOPE,NO
UNASSESSED-00783,docs/implementation/NATIVE_OFFLINE_SYNC_IMPLEMENTATION_PLANNING/NATIVE_OFFLINE_SYNC_IMPLEMENTATION_RISK_REGISTER.md,FEATURE_INCLUSION_CONFLICT_OR_TRACEABILITY_RISK,BLOCKS_AFFECTED_FEATURE_COMPARISON,Fix feature-to-governance inclusion mapping for affected feature scope before comparing that feature.,NO_UNLESS_AFFECTED_SCOPE,NO
UNASSESSED-00784,docs/implementation/NATIVE_OFFLINE_SYNC_IMPLEMENTATION_PLANNING/NATIVE_OFFLINE_SYNC_IMPLEMENTATION_RISK_REGISTER.md,FEATURE_INCLUSION_CONFLICT_OR_TRACEABILITY_RISK,BLOCKS_AFFECTED_FEATURE_COMPARISON,Fix feature-to-governance inclusion mapping for affected feature scope before comparing that feature.,NO_UNLESS_AFFECTED_SCOPE,NO
UNASSESSED-00785,docs/implementation/NATIVE_OFFLINE_SYNC_IMPLEMENTATION_PLANNING/NATIVE_OFFLINE_SYNC_IMPLEMENTATION_RISK_REGISTER.md,FEATURE_INCLUSION_CONFLICT_OR_TRACEABILITY_RISK,BLOCKS_AFFECTED_FEATURE_COMPARISON,Fix feature-to-governance inclusion mapping for affected feature scope before comparing that feature.,NO_UNLESS_AFFECTED_SCOPE,NO
UNASSESSED-00786,docs/implementation/NATIVE_OFFLINE_SYNC_IMPLEMENTATION_PLANNING/NATIVE_OFFLINE_SYNC_IMPLEMENTATION_RISK_REGISTER.md,FEATURE_INCLUSION_CONFLICT_OR_TRACEABILITY_RISK,BLOCKS_AFFECTED_FEATURE_COMPARISON,Fix feature-to-governance inclusion mapping for affected feature scope before comparing that feature.,NO_UNLESS_AFFECTED_SCOPE,NO
UNASSESSED-00787,docs/implementation/NATIVE_OFFLINE_SYNC_IMPLEMENTATION_PLANNING/NATIVE_OFFLINE_SYNC_IMPLEMENTATION_RISK_REGISTER.md,FEATURE_INCLUSION_CONFLICT_OR_TRACEABILITY_RISK,BLOCKS_AFFECTED_FEATURE_COMPARISON,Fix feature-to-governance inclusion mapping for affected feature scope before comparing that feature.,NO_UNLESS_AFFECTED_SCOPE,NO
UNASSESSED-00788,docs/implementation/NATIVE_OFFLINE_SYNC_IMPLEMENTATION_PLANNING/NATIVE_OFFLINE_SYNC_IMPLEMENTATION_RISK_REGISTER.md,FEATURE_INCLUSION_CONFLICT_OR_TRACEABILITY_RISK,BLOCKS_AFFECTED_FEATURE_COMPARISON,Fix feature-to-governance inclusion mapping for affected feature scope before comparing that feature.,NO_UNLESS_AFFECTED_SCOPE,NO
UNASSESSED-00789,docs/implementation/NATIVE_OFFLINE_SYNC_IMPLEMENTATION_PLANNING/NATIVE_OFFLINE_SYNC_IMPLEMENTATION_RISK_REGISTER.md,FEATURE_INCLUSION_CONFLICT_OR_TRACEABILITY_RISK,BLOCKS_AFFECTED_FEATURE_COMPARISON,Fix feature-to-governance inclusion mapping for affected feature scope before comparing that feature.,NO_UNLESS_AFFECTED_SCOPE,NO
UNASSESSED-00790,docs/implementation/NATIVE_OFFLINE_SYNC_IMPLEMENTATION_PLANNING/NATIVE_OFFLINE_SYNC_IMPLEMENTATION_RISK_REGISTER.md,FEATURE_INCLUSION_CONFLICT_OR_TRACEABILITY_RISK,BLOCKS_AFFECTED_FEATURE_COMPARISON,Fix feature-to-governance inclusion mapping for affected feature scope before comparing that feature.,NO_UNLESS_AFFECTED_SCOPE,NO
UNASSESSED-00791,docs/implementation/NATIVE_OFFLINE_SYNC_IMPLEMENTATION_PLANNING/NATIVE_OFFLINE_SYNC_IMPLEMENTATION_RISK_REGISTER.md,FEATURE_INCLUSION_CONFLICT_OR_TRACEABILITY_RISK,BLOCKS_AFFECTED_FEATURE_COMPARISON,Fix feature-to-governance inclusion mapping for affected feature scope before comparing that feature.,NO_UNLESS_AFFECTED_SCOPE,NO
UNASSESSED-00792,docs/implementation/NATIVE_OFFLINE_SYNC_IMPLEMENTATION_PLANNING/NATIVE_OFFLINE_SYNC_IMPLEMENTATION_RISK_REGISTER.md,FEATURE_INCLUSION_CONFLICT_OR_TRACEABILITY_RISK,BLOCKS_AFFECTED_FEATURE_COMPARISON,Fix feature-to-governance inclusion mapping for affected feature scope before comparing that feature.,NO_UNLESS_AFFECTED_SCOPE,NO
UNASSESSED-00793,docs/implementation/NATIVE_OFFLINE_SYNC_IMPLEMENTATION_PLANNING/NATIVE_OFFLINE_SYNC_IMPLEMENTATION_RISK_REGISTER.md,FEATURE_INCLUSION_CONFLICT_OR_TRACEABILITY_RISK,BLOCKS_AFFECTED_FEATURE_COMPARISON,Fix feature-to-governance inclusion mapping for affected feature scope before comparing that feature.,NO_UNLESS_AFFECTED_SCOPE,NO
UNASSESSED-00794,docs/implementation/NATIVE_OFFLINE_SYNC_IMPLEMENTATION_PLANNING/NATIVE_OFFLINE_SYNC_IMPLEMENTATION_RISK_REGISTER.md,FEATURE_INCLUSION_CONFLICT_OR_TRACEABILITY_RISK,BLOCKS_AFFECTED_FEATURE_COMPARISON,Fix feature-to-governance inclusion mapping for affected feature scope before comparing that feature.,NO_UNLESS_AFFECTED_SCOPE,NO
UNASSESSED-00795,docs/implementation/NATIVE_OFFLINE_SYNC_IMPLEMENTATION_PLANNING/NATIVE_OFFLINE_SYNC_IMPLEMENTATION_RISK_REGISTER.md,FEATURE_INCLUSION_CONFLICT_OR_TRACEABILITY_RISK,BLOCKS_AFFECTED_FEATURE_COMPARISON,Fix feature-to-governance inclusion mapping for affected feature scope before comparing that feature.,NO_UNLESS_AFFECTED_SCOPE,NO
UNASSESSED-00796,docs/implementation/NATIVE_OFFLINE_SYNC_IMPLEMENTATION_PLANNING/NATIVE_OFFLINE_SYNC_OBSERVABILITY_AND_SUPPORT_PLAN.md,CANONICAL_SOURCE_CONFLICT_REQUIRES_REVIEW,BLOCKS_UNCONSTRAINED_CODE_TO_GOVERNANCE_COMPARISON,Resolve or explicitly pin canonical governance source before using this artifact for implementation comparison.,YES,NO
UNASSESSED-00797,docs/implementation/NATIVE_OFFLINE_SYNC_IMPLEMENTATION_PLANNING/NATIVE_OFFLINE_SYNC_PHASE_ENTRY_EXIT_GATES.md,FEATURE_INCLUSION_CONFLICT_OR_TRACEABILITY_RISK,BLOCKS_AFFECTED_FEATURE_COMPARISON,Fix feature-to-governance inclusion mapping for affected feature scope before comparing that feature.,NO_UNLESS_AFFECTED_SCOPE,NO
UNASSESSED-00798,docs/implementation/NATIVE_OFFLINE_SYNC_IMPLEMENTATION_PLANNING/NATIVE_OFFLINE_SYNC_PHASE_ENTRY_EXIT_GATES.md,FEATURE_INCLUSION_CONFLICT_OR_TRACEABILITY_RISK,BLOCKS_AFFECTED_FEATURE_COMPARISON,Fix feature-to-governance inclusion mapping for affected feature scope before comparing that feature.,NO_UNLESS_AFFECTED_SCOPE,NO
UNASSESSED-00799,docs/implementation/NATIVE_OFFLINE_SYNC_IMPLEMENTATION_PLANNING/NATIVE_OFFLINE_SYNC_PHASE_ENTRY_EXIT_GATES.md,FEATURE_INCLUSION_CONFLICT_OR_TRACEABILITY_RISK,BLOCKS_AFFECTED_FEATURE_COMPARISON,Fix feature-to-governance inclusion mapping for affected feature scope before comparing that feature.,NO_UNLESS_AFFECTED_SCOPE,NO
UNASSESSED-00800,docs/implementation/NATIVE_OFFLINE_SYNC_IMPLEMENTATION_PLANNING/NATIVE_OFFLINE_SYNC_PHASE_ENTRY_EXIT_GATES.md,FEATURE_INCLUSION_CONFLICT_OR_TRACEABILITY_RISK,BLOCKS_AFFECTED_FEATURE_COMPARISON,Fix feature-to-governance inclusion mapping for affected feature scope before comparing that feature.,NO_UNLESS_AFFECTED_SCOPE,NO
UNASSESSED-00801,docs/implementation/W1_RF01/W1_RF01_IMMEDIATE_RISK_ESCALATION_REPORT.md,FEATURE_INCLUSION_CONFLICT_OR_TRACEABILITY_RISK,BLOCKS_AFFECTED_FEATURE_COMPARISON,Fix feature-to-governance inclusion mapping for affected feature scope before comparing that feature.,NO_UNLESS_AFFECTED_SCOPE,NO
UNASSESSED-00802,docs/implementation/W1_RF01/W1_RF01_P1_RESOLUTION_MATRIX.md,CANONICAL_SOURCE_CONFLICT_REQUIRES_REVIEW,BLOCKS_UNCONSTRAINED_CODE_TO_GOVERNANCE_COMPARISON,Resolve or explicitly pin canonical governance source before using this artifact for implementation comparison.,YES,NO
UNASSESSED-00803,docs/implementation/W1_RF01/W1_RF01_P1_RESOLUTION_MATRIX.md,CANONICAL_SOURCE_CONFLICT_REQUIRES_REVIEW,BLOCKS_UNCONSTRAINED_CODE_TO_GOVERNANCE_COMPARISON,Resolve or explicitly pin canonical governance source before using this artifact for implementation comparison.,YES,NO
UNASSESSED-00804,docs/implementation/W1_RF01/W1_RF01_P1_RESOLUTION_MATRIX.md,CANONICAL_SOURCE_CONFLICT_REQUIRES_REVIEW,BLOCKS_UNCONSTRAINED_CODE_TO_GOVERNANCE_COMPARISON,Resolve or explicitly pin canonical governance source before using this artifact for implementation comparison.,YES,NO
UNASSESSED-00805,docs/implementation/W1_RF01/W1_RF01_P1_RESOLUTION_MATRIX.md,CANONICAL_SOURCE_CONFLICT_REQUIRES_REVIEW,BLOCKS_UNCONSTRAINED_CODE_TO_GOVERNANCE_COMPARISON,Resolve or explicitly pin canonical governance source before using this artifact for implementation comparison.,YES,NO
UNASSESSED-00806,docs/implementation/W1_RF01/W1_RF01_P1_RESOLUTION_MATRIX.md,CANONICAL_SOURCE_CONFLICT_REQUIRES_REVIEW,BLOCKS_UNCONSTRAINED_CODE_TO_GOVERNANCE_COMPARISON,Resolve or explicitly pin canonical governance source before using this artifact for implementation comparison.,YES,NO
UNASSESSED-00807,docs/implementation/W1_RF01/W1_RF01_TENANT_AND_FACILITY_ISOLATION_REPORT.md,FEATURE_INCLUSION_CONFLICT_OR_TRACEABILITY_RISK,BLOCKS_AFFECTED_FEATURE_COMPARISON,Fix feature-to-governance inclusion mapping for affected feature scope before comparing that feature.,NO_UNLESS_AFFECTED_SCOPE,NO
UNASSESSED-00808,docs/implementation/WAVE_1/WAVE_1_PHASE_10_FINDINGS_ADJUDICATION.md,FEATURE_INCLUSION_CONFLICT_OR_TRACEABILITY_RISK,BLOCKS_AFFECTED_FEATURE_COMPARISON,Fix feature-to-governance inclusion mapping for affected feature scope before comparing that feature.,NO_UNLESS_AFFECTED_SCOPE,NO
UNASSESSED-00809,docs/implementation/WAVE_2_P2_CI_EGRESS/CI_EGRESS_CLOSURE_REPORT.md,FEATURE_INCLUSION_CONFLICT_OR_TRACEABILITY_RISK,BLOCKS_AFFECTED_FEATURE_COMPARISON,Fix feature-to-governance inclusion mapping for affected feature scope before comparing that feature.,NO_UNLESS_AFFECTED_SCOPE,NO
UNASSESSED-00810,docs/implementation/WAVE_2_P2_CI_EGRESS/CI_EGRESS_FINDINGS_REGISTER.md,FEATURE_INCLUSION_CONFLICT_OR_TRACEABILITY_RISK,BLOCKS_AFFECTED_FEATURE_COMPARISON,Fix feature-to-governance inclusion mapping for affected feature scope before comparing that feature.,NO_UNLESS_AFFECTED_SCOPE,NO
UNASSESSED-00811,docs/implementation/WAVE_2_P2_CI_EGRESS/CI_EGRESS_GOVERNANCE_REVIEW_REPORT.md,FEATURE_INCLUSION_CONFLICT_OR_TRACEABILITY_RISK,BLOCKS_AFFECTED_FEATURE_COMPARISON,Fix feature-to-governance inclusion mapping for affected feature scope before comparing that feature.,NO_UNLESS_AFFECTED_SCOPE,NO
UNASSESSED-00812,docs/implementation/WAVE_2_P2_NATIVE_OFFLINE_SYNC/NATIVE_OFFLINE_SYNC_GOVERNANCE_GAP_MATRIX.md,CANONICAL_SOURCE_CONFLICT_REQUIRES_REVIEW,BLOCKS_UNCONSTRAINED_CODE_TO_GOVERNANCE_COMPARISON,Resolve or explicitly pin canonical governance source before using this artifact for implementation comparison.,YES,NO
UNASSESSED-00813,docs/implementation/WAVE_2_P2_NATIVE_OFFLINE_SYNC/NATIVE_OFFLINE_SYNC_GOVERNANCE_GAP_MATRIX.md,CANONICAL_SOURCE_CONFLICT_REQUIRES_REVIEW,BLOCKS_UNCONSTRAINED_CODE_TO_GOVERNANCE_COMPARISON,Resolve or explicitly pin canonical governance source before using this artifact for implementation comparison.,YES,NO
UNASSESSED-00814,docs/implementation/WAVE_2_P2_NATIVE_OFFLINE_SYNC/NATIVE_OFFLINE_SYNC_GOVERNANCE_GAP_MATRIX.md,CANONICAL_SOURCE_CONFLICT_REQUIRES_REVIEW,BLOCKS_UNCONSTRAINED_CODE_TO_GOVERNANCE_COMPARISON,Resolve or explicitly pin canonical governance source before using this artifact for implementation comparison.,YES,NO
UNASSESSED-00815,docs/implementation/WAVE_2_P2_NATIVE_OFFLINE_SYNC/NATIVE_OFFLINE_SYNC_GOVERNANCE_GAP_MATRIX.md,CANONICAL_SOURCE_CONFLICT_REQUIRES_REVIEW,BLOCKS_UNCONSTRAINED_CODE_TO_GOVERNANCE_COMPARISON,Resolve or explicitly pin canonical governance source before using this artifact for implementation comparison.,YES,NO
UNASSESSED-00816,docs/implementation/WAVE_2_P2_NATIVE_OFFLINE_SYNC/NATIVE_OFFLINE_SYNC_GOVERNANCE_GAP_MATRIX.md,CANONICAL_SOURCE_CONFLICT_REQUIRES_REVIEW,BLOCKS_UNCONSTRAINED_CODE_TO_GOVERNANCE_COMPARISON,Resolve or explicitly pin canonical governance source before using this artifact for implementation comparison.,YES,NO
UNASSESSED-00817,docs/implementation/WAVE_2_P2_NATIVE_OFFLINE_SYNC/NATIVE_OFFLINE_SYNC_GOVERNANCE_GAP_MATRIX.md,CANONICAL_SOURCE_CONFLICT_REQUIRES_REVIEW,BLOCKS_UNCONSTRAINED_CODE_TO_GOVERNANCE_COMPARISON,Resolve or explicitly pin canonical governance source before using this artifact for implementation comparison.,YES,NO
UNASSESSED-00818,docs/implementation/WAVE_2_P2_NATIVE_OFFLINE_SYNC/NATIVE_OFFLINE_SYNC_GOVERNANCE_GAP_MATRIX.md,CANONICAL_SOURCE_CONFLICT_REQUIRES_REVIEW,BLOCKS_UNCONSTRAINED_CODE_TO_GOVERNANCE_COMPARISON,Resolve or explicitly pin canonical governance source before using this artifact for implementation comparison.,YES,NO
UNASSESSED-00819,docs/implementation/WAVE_2_P2_NATIVE_OFFLINE_SYNC/NATIVE_OFFLINE_SYNC_GOVERNANCE_GAP_MATRIX.md,CANONICAL_SOURCE_CONFLICT_REQUIRES_REVIEW,BLOCKS_UNCONSTRAINED_CODE_TO_GOVERNANCE_COMPARISON,Resolve or explicitly pin canonical governance source before using this artifact for implementation comparison.,YES,NO
UNASSESSED-00820,docs/implementation/WAVE_2_P2_NATIVE_OFFLINE_SYNC/NATIVE_OFFLINE_SYNC_GOVERNANCE_GAP_MATRIX.md,CANONICAL_SOURCE_CONFLICT_REQUIRES_REVIEW,BLOCKS_UNCONSTRAINED_CODE_TO_GOVERNANCE_COMPARISON,Resolve or explicitly pin canonical governance source before using this artifact for implementation comparison.,YES,NO
UNASSESSED-00821,docs/implementation/WAVE_2_P2_NATIVE_OFFLINE_SYNC/NATIVE_OFFLINE_SYNC_GOVERNANCE_GAP_MATRIX.md,CANONICAL_SOURCE_CONFLICT_REQUIRES_REVIEW,BLOCKS_UNCONSTRAINED_CODE_TO_GOVERNANCE_COMPARISON,Resolve or explicitly pin canonical governance source before using this artifact for implementation comparison.,YES,NO
UNASSESSED-00822,docs/implementation/WAVE_2_P2_NATIVE_OFFLINE_SYNC/NATIVE_OFFLINE_SYNC_GOVERNANCE_GAP_MATRIX.md,CANONICAL_SOURCE_CONFLICT_REQUIRES_REVIEW,BLOCKS_UNCONSTRAINED_CODE_TO_GOVERNANCE_COMPARISON,Resolve or explicitly pin canonical governance source before using this artifact for implementation comparison.,YES,NO
UNASSESSED-00823,docs/implementation/WAVE_2_P2_NATIVE_OFFLINE_SYNC/NATIVE_OFFLINE_SYNC_GOVERNANCE_GAP_MATRIX.md,CANONICAL_SOURCE_CONFLICT_REQUIRES_REVIEW,BLOCKS_UNCONSTRAINED_CODE_TO_GOVERNANCE_COMPARISON,Resolve or explicitly pin canonical governance source before using this artifact for implementation comparison.,YES,NO
UNASSESSED-00824,docs/implementation/WAVE_2_P2_NATIVE_OFFLINE_SYNC/NATIVE_OFFLINE_SYNC_GOVERNANCE_GAP_MATRIX.md,CANONICAL_SOURCE_CONFLICT_REQUIRES_REVIEW,BLOCKS_UNCONSTRAINED_CODE_TO_GOVERNANCE_COMPARISON,Resolve or explicitly pin canonical governance source before using this artifact for implementation comparison.,YES,NO
UNASSESSED-00825,docs/implementation/WAVE_2_P2_NATIVE_OFFLINE_SYNC/NATIVE_OFFLINE_SYNC_GOVERNANCE_GAP_MATRIX.md,CANONICAL_SOURCE_CONFLICT_REQUIRES_REVIEW,BLOCKS_UNCONSTRAINED_CODE_TO_GOVERNANCE_COMPARISON,Resolve or explicitly pin canonical governance source before using this artifact for implementation comparison.,YES,NO
UNASSESSED-00826,docs/implementation/WAVE_2_P2_NATIVE_OFFLINE_SYNC/NATIVE_OFFLINE_SYNC_P2_RETENTION_REGISTER.md,CANONICAL_SOURCE_CONFLICT_REQUIRES_REVIEW,BLOCKS_UNCONSTRAINED_CODE_TO_GOVERNANCE_COMPARISON,Resolve or explicitly pin canonical governance source before using this artifact for implementation comparison.,YES,NO
UNASSESSED-00827,docs/implementation/WAVE_2_P2_NATIVE_OFFLINE_SYNC/NATIVE_OFFLINE_SYNC_P2_RETENTION_REGISTER.md,CANONICAL_SOURCE_CONFLICT_REQUIRES_REVIEW,BLOCKS_UNCONSTRAINED_CODE_TO_GOVERNANCE_COMPARISON,Resolve or explicitly pin canonical governance source before using this artifact for implementation comparison.,YES,NO
UNASSESSED-00828,docs/implementation/WAVE_2_P2_NATIVE_OFFLINE_SYNC/NATIVE_OFFLINE_SYNC_P2_RETENTION_REGISTER.md,CANONICAL_SOURCE_CONFLICT_REQUIRES_REVIEW,BLOCKS_UNCONSTRAINED_CODE_TO_GOVERNANCE_COMPARISON,Resolve or explicitly pin canonical governance source before using this artifact for implementation comparison.,YES,NO
UNASSESSED-00829,docs/implementation/WAVE_2_P2_NATIVE_OFFLINE_SYNC/NATIVE_OFFLINE_SYNC_P2_RETENTION_REGISTER.md,CANONICAL_SOURCE_CONFLICT_REQUIRES_REVIEW,BLOCKS_UNCONSTRAINED_CODE_TO_GOVERNANCE_COMPARISON,Resolve or explicitly pin canonical governance source before using this artifact for implementation comparison.,YES,NO
UNASSESSED-00830,docs/implementation/WAVE_2_P2_NATIVE_OFFLINE_SYNC/NATIVE_OFFLINE_SYNC_TEST_AND_VALIDATION_PLAN.md,CANONICAL_SOURCE_CONFLICT_REQUIRES_REVIEW,BLOCKS_UNCONSTRAINED_CODE_TO_GOVERNANCE_COMPARISON,Resolve or explicitly pin canonical governance source before using this artifact for implementation comparison.,YES,NO
UNASSESSED-00831,docs/implementation/WAVE_2_P2_NATIVE_OFFLINE_SYNC/NATIVE_OFFLINE_SYNC_THREAT_AND_FAILURE_ANALYSIS.md,FEATURE_INCLUSION_CONFLICT_OR_TRACEABILITY_RISK,BLOCKS_AFFECTED_FEATURE_COMPARISON,Fix feature-to-governance inclusion mapping for affected feature scope before comparing that feature.,NO_UNLESS_AFFECTED_SCOPE,NO
UNASSESSED-00832,docs/implementation/WAVE_2/MASTER_EQUINESYNC_WAVE_2_FINAL_LOCK_DECISION.md,FEATURE_INCLUSION_CONFLICT_OR_TRACEABILITY_RISK,BLOCKS_AFFECTED_FEATURE_COMPARISON,Fix feature-to-governance inclusion mapping for affected feature scope before comparing that feature.,NO_UNLESS_AFFECTED_SCOPE,NO
UNASSESSED-00833,docs/implementation/WAVE_2/MASTER_EQUINESYNC_WAVE_2_LOCK_READINESS_REPORT.md,CANONICAL_SOURCE_CONFLICT_REQUIRES_REVIEW,BLOCKS_UNCONSTRAINED_CODE_TO_GOVERNANCE_COMPARISON,Resolve or explicitly pin canonical governance source before using this artifact for implementation comparison.,YES,NO
UNASSESSED-00834,docs/REFINEMENT_MASTER_FIX_LIST.md,FEATURE_INCLUSION_CONFLICT_OR_TRACEABILITY_RISK,BLOCKS_AFFECTED_FEATURE_COMPARISON,Fix feature-to-governance inclusion mapping for affected feature scope before comparing that feature.,NO_UNLESS_AFFECTED_SCOPE,NO
UNASSESSED-00835,docs/REFINEMENT_MASTER_FIX_LIST.md,FEATURE_INCLUSION_CONFLICT_OR_TRACEABILITY_RISK,BLOCKS_AFFECTED_FEATURE_COMPARISON,Fix feature-to-governance inclusion mapping for affected feature scope before comparing that feature.,NO_UNLESS_AFFECTED_SCOPE,NO
UNASSESSED-00836,docs/REFINEMENT_MASTER_FIX_LIST.md,FEATURE_INCLUSION_CONFLICT_OR_TRACEABILITY_RISK,BLOCKS_AFFECTED_FEATURE_COMPARISON,Fix feature-to-governance inclusion mapping for affected feature scope before comparing that feature.,NO_UNLESS_AFFECTED_SCOPE,NO
UNASSESSED-00837,docs/REFINEMENT_MASTER_FIX_LIST.md,FEATURE_INCLUSION_CONFLICT_OR_TRACEABILITY_RISK,BLOCKS_AFFECTED_FEATURE_COMPARISON,Fix feature-to-governance inclusion mapping for affected feature scope before comparing that feature.,NO_UNLESS_AFFECTED_SCOPE,NO
UNASSESSED-00838,docs/REFINEMENT_MASTER_FIX_LIST.md,FEATURE_INCLUSION_CONFLICT_OR_TRACEABILITY_RISK,BLOCKS_AFFECTED_FEATURE_COMPARISON,Fix feature-to-governance inclusion mapping for affected feature scope before comparing that feature.,NO_UNLESS_AFFECTED_SCOPE,NO
UNASSESSED-00839,docs/REFINEMENT_MASTER_FIX_LIST.md,FEATURE_INCLUSION_CONFLICT_OR_TRACEABILITY_RISK,BLOCKS_AFFECTED_FEATURE_COMPARISON,Fix feature-to-governance inclusion mapping for affected feature scope before comparing that feature.,NO_UNLESS_AFFECTED_SCOPE,NO
UNASSESSED-00840,docs/REFINEMENT_MASTER_FIX_LIST.md,FEATURE_INCLUSION_CONFLICT_OR_TRACEABILITY_RISK,BLOCKS_AFFECTED_FEATURE_COMPARISON,Fix feature-to-governance inclusion mapping for affected feature scope before comparing that feature.,NO_UNLESS_AFFECTED_SCOPE,NO
UNASSESSED-00841,docs/REFINEMENT_MASTER_FIX_LIST.md,FEATURE_INCLUSION_CONFLICT_OR_TRACEABILITY_RISK,BLOCKS_AFFECTED_FEATURE_COMPARISON,Fix feature-to-governance inclusion mapping for affected feature scope before comparing that feature.,NO_UNLESS_AFFECTED_SCOPE,NO
UNASSESSED-00842,docs/REFINEMENT_MASTER_FIX_LIST.md,FEATURE_INCLUSION_CONFLICT_OR_TRACEABILITY_RISK,BLOCKS_AFFECTED_FEATURE_COMPARISON,Fix feature-to-governance inclusion mapping for affected feature scope before comparing that feature.,NO_UNLESS_AFFECTED_SCOPE,NO
UNASSESSED-00843,docs/REFINEMENT_MASTER_FIX_LIST.md,FEATURE_INCLUSION_CONFLICT_OR_TRACEABILITY_RISK,BLOCKS_AFFECTED_FEATURE_COMPARISON,Fix feature-to-governance inclusion mapping for affected feature scope before comparing that feature.,NO_UNLESS_AFFECTED_SCOPE,NO
UNASSESSED-00844,docs/REFINEMENT_MASTER_FIX_LIST.md,FEATURE_INCLUSION_CONFLICT_OR_TRACEABILITY_RISK,BLOCKS_AFFECTED_FEATURE_COMPARISON,Fix feature-to-governance inclusion mapping for affected feature scope before comparing that feature.,NO_UNLESS_AFFECTED_SCOPE,NO
UNASSESSED-00845,governance/implementation/code-guides/assessment/CURRENT_CODE_GUIDE_GAP_REGISTER.csv,CANONICAL_SOURCE_CONFLICT_REQUIRES_REVIEW,BLOCKS_UNCONSTRAINED_CODE_TO_GOVERNANCE_COMPARISON,Resolve or explicitly pin canonical governance source before using this artifact for implementation comparison.,YES,NO
UNASSESSED-00846,governance/implementation/code-guides/assessment/CURRENT_REPOSITORY_COMPONENT_REGISTER.csv,FEATURE_INCLUSION_CONFLICT_OR_TRACEABILITY_RISK,BLOCKS_AFFECTED_FEATURE_COMPARISON,Fix feature-to-governance inclusion mapping for affected feature scope before comparing that feature.,NO_UNLESS_AFFECTED_SCOPE,NO
UNASSESSED-00847,governance/implementation/code-guides/assessment/REPOSITORY_AUTHORITY_ALIGNMENT_REGISTER.csv,FEATURE_INCLUSION_CONFLICT_OR_TRACEABILITY_RISK,BLOCKS_AFFECTED_FEATURE_COMPARISON,Fix feature-to-governance inclusion mapping for affected feature scope before comparing that feature.,NO_UNLESS_AFFECTED_SCOPE,NO
UNASSESSED-00848,governance/implementation/code-guides/classification/CGP-006/CGP_006_CLASSIFICATION_FINDING_REGISTER.csv,CANONICAL_SOURCE_CONFLICT_REQUIRES_REVIEW,BLOCKS_UNCONSTRAINED_CODE_TO_GOVERNANCE_COMPARISON,Resolve or explicitly pin canonical governance source before using this artifact for implementation comparison.,YES,NO
UNASSESSED-00849,governance/implementation/code-guides/classification/CGP-006/CGP_006_CLASSIFICATION_FINDING_REGISTER.csv,CANONICAL_SOURCE_CONFLICT_REQUIRES_REVIEW,BLOCKS_UNCONSTRAINED_CODE_TO_GOVERNANCE_COMPARISON,Resolve or explicitly pin canonical governance source before using this artifact for implementation comparison.,YES,NO
UNASSESSED-00850,governance/implementation/code-guides/classification/CGP-006/CGP_006_CLASSIFICATION_FINDING_REGISTER.csv,CANONICAL_SOURCE_CONFLICT_REQUIRES_REVIEW,BLOCKS_UNCONSTRAINED_CODE_TO_GOVERNANCE_COMPARISON,Resolve or explicitly pin canonical governance source before using this artifact for implementation comparison.,YES,NO
UNASSESSED-00851,governance/implementation/code-guides/classification/CGP-006/CGP_006_CLASSIFICATION_FINDING_REGISTER.csv,CANONICAL_SOURCE_CONFLICT_REQUIRES_REVIEW,BLOCKS_UNCONSTRAINED_CODE_TO_GOVERNANCE_COMPARISON,Resolve or explicitly pin canonical governance source before using this artifact for implementation comparison.,YES,NO
UNASSESSED-00852,governance/implementation/code-guides/classification/CGP-006/CGP_006_CLASSIFICATION_FINDING_REGISTER.csv,CANONICAL_SOURCE_CONFLICT_REQUIRES_REVIEW,BLOCKS_UNCONSTRAINED_CODE_TO_GOVERNANCE_COMPARISON,Resolve or explicitly pin canonical governance source before using this artifact for implementation comparison.,YES,NO
UNASSESSED-00853,governance/implementation/code-guides/classification/CGP-006/CGP_006_DOCUMENT_CLASSIFICATION_FOUNDER_DISPOSITION.md,CANONICAL_SOURCE_CONFLICT_REQUIRES_REVIEW,BLOCKS_UNCONSTRAINED_CODE_TO_GOVERNANCE_COMPARISON,Resolve or explicitly pin canonical governance source before using this artifact for implementation comparison.,YES,NO
UNASSESSED-00854,governance/implementation/code-guides/classification/CGP-006/CGP_006_DOCUMENT_CLASSIFICATION_REPORT.md,CANONICAL_SOURCE_CONFLICT_REQUIRES_REVIEW,BLOCKS_UNCONSTRAINED_CODE_TO_GOVERNANCE_COMPARISON,Resolve or explicitly pin canonical governance source before using this artifact for implementation comparison.,YES,NO
UNASSESSED-00855,governance/implementation/code-guides/classification/CGP-006/CGP_006_DOCUMENT_CLASSIFICATION_REPORT.md,CANONICAL_SOURCE_CONFLICT_REQUIRES_REVIEW,BLOCKS_UNCONSTRAINED_CODE_TO_GOVERNANCE_COMPARISON,Resolve or explicitly pin canonical governance source before using this artifact for implementation comparison.,YES,NO
UNASSESSED-00856,governance/implementation/code-guides/classification/CGP-006/CGP_006_FOUNDER_APPROVED_CONTEXT_REGISTER.csv,FEATURE_INCLUSION_CONFLICT_OR_TRACEABILITY_RISK,BLOCKS_AFFECTED_FEATURE_COMPARISON,Fix feature-to-governance inclusion mapping for affected feature scope before comparing that feature.,NO_UNLESS_AFFECTED_SCOPE,NO
UNASSESSED-00857,governance/implementation/code-guides/classification/CGP-006/CGP_006_NORMATIVE_ROW_RECONCILIATION.csv,FEATURE_INCLUSION_CONFLICT_OR_TRACEABILITY_RISK,BLOCKS_AFFECTED_FEATURE_COMPARISON,Fix feature-to-governance inclusion mapping for affected feature scope before comparing that feature.,NO_UNLESS_AFFECTED_SCOPE,NO
UNASSESSED-00858,governance/implementation/code-guides/classification/CGP-006/CGP_006_NORMATIVE_ROW_RECONCILIATION.csv,FEATURE_INCLUSION_CONFLICT_OR_TRACEABILITY_RISK,BLOCKS_AFFECTED_FEATURE_COMPARISON,Fix feature-to-governance inclusion mapping for affected feature scope before comparing that feature.,NO_UNLESS_AFFECTED_SCOPE,NO
UNASSESSED-00859,governance/implementation/code-guides/classification/CGP-006/CGP_006_NORMATIVE_ROW_RECONCILIATION.csv,FEATURE_INCLUSION_CONFLICT_OR_TRACEABILITY_RISK,BLOCKS_AFFECTED_FEATURE_COMPARISON,Fix feature-to-governance inclusion mapping for affected feature scope before comparing that feature.,NO_UNLESS_AFFECTED_SCOPE,NO
UNASSESSED-00860,governance/implementation/code-guides/classification/CGP-006/CGP_006_NORMATIVE_ROW_RECONCILIATION.csv,FEATURE_INCLUSION_CONFLICT_OR_TRACEABILITY_RISK,BLOCKS_AFFECTED_FEATURE_COMPARISON,Fix feature-to-governance inclusion mapping for affected feature scope before comparing that feature.,NO_UNLESS_AFFECTED_SCOPE,NO
UNASSESSED-00861,governance/implementation/code-guides/classification/CGP-006/CGP_006_NORMATIVE_ROW_RECONCILIATION.csv,FEATURE_INCLUSION_CONFLICT_OR_TRACEABILITY_RISK,BLOCKS_AFFECTED_FEATURE_COMPARISON,Fix feature-to-governance inclusion mapping for affected feature scope before comparing that feature.,NO_UNLESS_AFFECTED_SCOPE,NO
UNASSESSED-00862,governance/implementation/code-guides/classification/CGP-006/CGP_006_NORMATIVE_ROW_RECONCILIATION.csv,FEATURE_INCLUSION_CONFLICT_OR_TRACEABILITY_RISK,BLOCKS_AFFECTED_FEATURE_COMPARISON,Fix feature-to-governance inclusion mapping for affected feature scope before comparing that feature.,NO_UNLESS_AFFECTED_SCOPE,NO
UNASSESSED-00863,governance/implementation/code-guides/classification/CGP-006/CGP_006_NORMATIVE_ROW_RECONCILIATION.csv,FEATURE_INCLUSION_CONFLICT_OR_TRACEABILITY_RISK,BLOCKS_AFFECTED_FEATURE_COMPARISON,Fix feature-to-governance inclusion mapping for affected feature scope before comparing that feature.,NO_UNLESS_AFFECTED_SCOPE,NO
UNASSESSED-00864,governance/implementation/code-guides/classification/CGP-006/CGP_006_NORMATIVE_ROW_RECONCILIATION.csv,FEATURE_INCLUSION_CONFLICT_OR_TRACEABILITY_RISK,BLOCKS_AFFECTED_FEATURE_COMPARISON,Fix feature-to-governance inclusion mapping for affected feature scope before comparing that feature.,NO_UNLESS_AFFECTED_SCOPE,NO
UNASSESSED-00865,governance/implementation/code-guides/classification/CGP-006/CGP_006_REFERENCE_ONLY_REGISTER.csv,FEATURE_INCLUSION_CONFLICT_OR_TRACEABILITY_RISK,BLOCKS_AFFECTED_FEATURE_COMPARISON,Fix feature-to-governance inclusion mapping for affected feature scope before comparing that feature.,NO_UNLESS_AFFECTED_SCOPE,NO
UNASSESSED-00866,governance/implementation/code-guides/drafting/CGP-006/CODE_GUIDE_PROGRAM_V1_1_POST_CUSTODY_CLOSEOUT_AND_STATUS_RECONCILIATION/VALIDATION_REPORT.md,CANONICAL_SOURCE_CONFLICT_REQUIRES_REVIEW,BLOCKS_UNCONSTRAINED_CODE_TO_GOVERNANCE_COMPARISON,Resolve or explicitly pin canonical governance source before using this artifact for implementation comparison.,YES,NO
UNASSESSED-00867,governance/implementation/code-guides/drafting/CGP-006/CODE_GUIDE_PROGRAM_V1_1_POST_CUSTODY_CLOSEOUT_AND_STATUS_RECONCILIATION/VALIDATION_REPORT.md,CANONICAL_SOURCE_CONFLICT_REQUIRES_REVIEW,BLOCKS_UNCONSTRAINED_CODE_TO_GOVERNANCE_COMPARISON,Resolve or explicitly pin canonical governance source before using this artifact for implementation comparison.,YES,NO
UNASSESSED-00868,governance/implementation/code-guides/drafting/CGP-006/CODE_GUIDE_PROGRAM_V1_1_POST_CUSTODY_CLOSEOUT_AND_STATUS_RECONCILIATION/VALIDATION_REPORT.md,CANONICAL_SOURCE_CONFLICT_REQUIRES_REVIEW,BLOCKS_UNCONSTRAINED_CODE_TO_GOVERNANCE_COMPARISON,Resolve or explicitly pin canonical governance source before using this artifact for implementation comparison.,YES,NO
UNASSESSED-00869,governance/implementation/code-guides/drafting/CGP-006/CODE_GUIDE_PROGRAM_V1_1_RECONCILIATION/AUTHORITY_BOUNDARY_REPORT.md,CANONICAL_SOURCE_CONFLICT_REQUIRES_REVIEW,BLOCKS_UNCONSTRAINED_CODE_TO_GOVERNANCE_COMPARISON,Resolve or explicitly pin canonical governance source before using this artifact for implementation comparison.,YES,NO
UNASSESSED-00870,governance/implementation/code-guides/drafting/CGP-006/CODE_GUIDE_PROGRAM_V1_1_RECONCILIATION/AUTHORITY_BOUNDARY_REPORT.md,CANONICAL_SOURCE_CONFLICT_REQUIRES_REVIEW,BLOCKS_UNCONSTRAINED_CODE_TO_GOVERNANCE_COMPARISON,Resolve or explicitly pin canonical governance source before using this artifact for implementation comparison.,YES,NO
UNASSESSED-00871,governance/implementation/code-guides/drafting/CGP-006/CODE_GUIDE_PROGRAM_V1_1_RECONCILIATION/AUTHORITY_BOUNDARY_REPORT.md,CANONICAL_SOURCE_CONFLICT_REQUIRES_REVIEW,BLOCKS_UNCONSTRAINED_CODE_TO_GOVERNANCE_COMPARISON,Resolve or explicitly pin canonical governance source before using this artifact for implementation comparison.,YES,NO
UNASSESSED-00872,governance/implementation/code-guides/drafting/CGP-006/CODE_GUIDE_PROGRAM_V1_1_RECONCILIATION/FOUNDER_DISPOSITION_OF_RECONCILIATION.md,CANONICAL_SOURCE_CONFLICT_REQUIRES_REVIEW,BLOCKS_UNCONSTRAINED_CODE_TO_GOVERNANCE_COMPARISON,Resolve or explicitly pin canonical governance source before using this artifact for implementation comparison.,YES,NO
UNASSESSED-00873,governance/implementation/code-guides/drafting/CGP-006/CODE_GUIDE_PROGRAM_V1_1_RECONCILIATION/FOUNDER_DISPOSITION_OF_RECONCILIATION.md,CANONICAL_SOURCE_CONFLICT_REQUIRES_REVIEW,BLOCKS_UNCONSTRAINED_CODE_TO_GOVERNANCE_COMPARISON,Resolve or explicitly pin canonical governance source before using this artifact for implementation comparison.,YES,NO
UNASSESSED-00874,governance/implementation/code-guides/drafting/CGP-006/CODE_GUIDE_PROGRAM_V1_1_RECONCILIATION/FOUNDER_DISPOSITION_OF_RECONCILIATION.md,CANONICAL_SOURCE_CONFLICT_REQUIRES_REVIEW,BLOCKS_UNCONSTRAINED_CODE_TO_GOVERNANCE_COMPARISON,Resolve or explicitly pin canonical governance source before using this artifact for implementation comparison.,YES,NO
UNASSESSED-00875,governance/implementation/code-guides/drafting/CGP-006/CODE_GUIDE_PROGRAM_V1_1_REVISION_AND_PR_44_SUCCESSOR_PREPARATION/AUTHORITY_BOUNDARY_REPORT.md,CANONICAL_SOURCE_CONFLICT_REQUIRES_REVIEW,BLOCKS_UNCONSTRAINED_CODE_TO_GOVERNANCE_COMPARISON,Resolve or explicitly pin canonical governance source before using this artifact for implementation comparison.,YES,NO
UNASSESSED-00876,governance/implementation/code-guides/drafting/CGP-006/CODE_GUIDE_PROGRAM_V1_1_REVISION_AND_PR_44_SUCCESSOR_PREPARATION/AUTHORITY_BOUNDARY_REPORT.md,CANONICAL_SOURCE_CONFLICT_REQUIRES_REVIEW,BLOCKS_UNCONSTRAINED_CODE_TO_GOVERNANCE_COMPARISON,Resolve or explicitly pin canonical governance source before using this artifact for implementation comparison.,YES,NO
UNASSESSED-00877,governance/implementation/code-guides/drafting/CGP-006/CODE_GUIDE_PROGRAM_V1_1_REVISION_AND_PR_44_SUCCESSOR_PREPARATION/AUTHORITY_BOUNDARY_REPORT.md,CANONICAL_SOURCE_CONFLICT_REQUIRES_REVIEW,BLOCKS_UNCONSTRAINED_CODE_TO_GOVERNANCE_COMPARISON,Resolve or explicitly pin canonical governance source before using this artifact for implementation comparison.,YES,NO
UNASSESSED-00878,governance/implementation/code-guides/drafting/CGP-006/CODE_GUIDE_PROGRAM_V1_1_REVISION_AND_PR_44_SUCCESSOR_PREPARATION/FOUNDER_DISPOSITION_OF_PR_49.md,CANONICAL_SOURCE_CONFLICT_REQUIRES_REVIEW,BLOCKS_UNCONSTRAINED_CODE_TO_GOVERNANCE_COMPARISON,Resolve or explicitly pin canonical governance source before using this artifact for implementation comparison.,YES,NO
UNASSESSED-00879,governance/implementation/code-guides/drafting/CGP-006/CODE_GUIDE_PROGRAM_V1_1_REVISION_AND_PR_44_SUCCESSOR_PREPARATION/FOUNDER_DISPOSITION_OF_PR_49.md,CANONICAL_SOURCE_CONFLICT_REQUIRES_REVIEW,BLOCKS_UNCONSTRAINED_CODE_TO_GOVERNANCE_COMPARISON,Resolve or explicitly pin canonical governance source before using this artifact for implementation comparison.,YES,NO
UNASSESSED-00880,governance/implementation/code-guides/drafting/CGP-006/CODE_GUIDE_PROGRAM_V1_1_REVISION_AND_PR_44_SUCCESSOR_PREPARATION/FOUNDER_DISPOSITION_OF_PR_49.md,CANONICAL_SOURCE_CONFLICT_REQUIRES_REVIEW,BLOCKS_UNCONSTRAINED_CODE_TO_GOVERNANCE_COMPARISON,Resolve or explicitly pin canonical governance source before using this artifact for implementation comparison.,YES,NO
UNASSESSED-00881,governance/implementation/code-guides/drafting/CGP-006/CODE_GUIDE_PROGRAM_V1_1_REVISION_AND_PR_44_SUCCESSOR_PREPARATION/FOUNDER_DISPOSITION_OF_PR_49.md,CANONICAL_SOURCE_CONFLICT_REQUIRES_REVIEW,BLOCKS_UNCONSTRAINED_CODE_TO_GOVERNANCE_COMPARISON,Resolve or explicitly pin canonical governance source before using this artifact for implementation comparison.,YES,NO
UNASSESSED-00882,governance/implementation/code-guides/drafting/CGP-006/CODE_GUIDE_PROGRAM_V1_1_REVISION_AND_PR_44_SUCCESSOR_PREPARATION/FOUNDER_DISPOSITION_OF_PR_49.md,CANONICAL_SOURCE_CONFLICT_REQUIRES_REVIEW,BLOCKS_UNCONSTRAINED_CODE_TO_GOVERNANCE_COMPARISON,Resolve or explicitly pin canonical governance source before using this artifact for implementation comparison.,YES,NO
UNASSESSED-00883,governance/implementation/code-guides/drafting/CGP-006/CODE_GUIDE_PROGRAM_V1_1_REVISION_AND_PR_44_SUCCESSOR_PREPARATION/FOUNDER_DISPOSITION_OF_PR_49.md,CANONICAL_SOURCE_CONFLICT_REQUIRES_REVIEW,BLOCKS_UNCONSTRAINED_CODE_TO_GOVERNANCE_COMPARISON,Resolve or explicitly pin canonical governance source before using this artifact for implementation comparison.,YES,NO
UNASSESSED-00884,governance/implementation/code-guides/drafting/CGP-006/CODE_GUIDE_PROGRAM_V1_1_REVISION_AND_PR_44_SUCCESSOR_PREPARATION/FOUNDER_DISPOSITION_OF_PR_49.md,CANONICAL_SOURCE_CONFLICT_REQUIRES_REVIEW,BLOCKS_UNCONSTRAINED_CODE_TO_GOVERNANCE_COMPARISON,Resolve or explicitly pin canonical governance source before using this artifact for implementation comparison.,YES,NO
UNASSESSED-00885,governance/implementation/code-guides/drafting/CGP-006/CODE_GUIDE_PROGRAM_V1_1_REVISION_AND_PR_44_SUCCESSOR_PREPARATION/FOUNDER_DISPOSITION_OF_PR_49.md,CANONICAL_SOURCE_CONFLICT_REQUIRES_REVIEW,BLOCKS_UNCONSTRAINED_CODE_TO_GOVERNANCE_COMPARISON,Resolve or explicitly pin canonical governance source before using this artifact for implementation comparison.,YES,NO
UNASSESSED-00886,governance/implementation/code-guides/drafting/CGP-006/CODE_GUIDE_PROGRAM_V1_1_REVISION_AND_PR_44_SUCCESSOR_PREPARATION/FOUNDER_DISPOSITION_OF_PR_49.md,CANONICAL_SOURCE_CONFLICT_REQUIRES_REVIEW,BLOCKS_UNCONSTRAINED_CODE_TO_GOVERNANCE_COMPARISON,Resolve or explicitly pin canonical governance source before using this artifact for implementation comparison.,YES,NO
UNASSESSED-00887,governance/implementation/code-guides/drafting/CGP-006/CODE_GUIDE_PROGRAM_V1_1_REVISION_AND_PR_44_SUCCESSOR_PREPARATION/FOUNDER_DISPOSITION_OF_PR_49.md,CANONICAL_SOURCE_CONFLICT_REQUIRES_REVIEW,BLOCKS_UNCONSTRAINED_CODE_TO_GOVERNANCE_COMPARISON,Resolve or explicitly pin canonical governance source before using this artifact for implementation comparison.,YES,NO
UNASSESSED-00888,governance/implementation/code-guides/drafting/CGP-006/CODE_GUIDE_PROGRAM_V1_1_REVISION_AND_PR_44_SUCCESSOR_PREPARATION/FOUNDER_REVIEW_SUMMARY.md,CANONICAL_SOURCE_CONFLICT_REQUIRES_REVIEW,BLOCKS_UNCONSTRAINED_CODE_TO_GOVERNANCE_COMPARISON,Resolve or explicitly pin canonical governance source before using this artifact for implementation comparison.,YES,NO
UNASSESSED-00889,governance/implementation/code-guides/drafting/CGP-006/CODE_GUIDE_PROGRAM_V1_1_REVISION_AND_PR_44_SUCCESSOR_PREPARATION/FOUNDER_REVIEW_SUMMARY.md,CANONICAL_SOURCE_CONFLICT_REQUIRES_REVIEW,BLOCKS_UNCONSTRAINED_CODE_TO_GOVERNANCE_COMPARISON,Resolve or explicitly pin canonical governance source before using this artifact for implementation comparison.,YES,NO
UNASSESSED-00890,governance/implementation/code-guides/drafting/CGP-006/CODE_GUIDE_PROGRAM_V1_1_REVISION_AND_PR_44_SUCCESSOR_PREPARATION/FOUNDER_REVIEW_SUMMARY.md,CANONICAL_SOURCE_CONFLICT_REQUIRES_REVIEW,BLOCKS_UNCONSTRAINED_CODE_TO_GOVERNANCE_COMPARISON,Resolve or explicitly pin canonical governance source before using this artifact for implementation comparison.,YES,NO
UNASSESSED-00891,governance/implementation/code-guides/drafting/CGP-006/CODE_GUIDE_PROGRAM_V1_1_REVISION_AND_PR_44_SUCCESSOR_PREPARATION/REVIEW_DISPOSITION.md,CANONICAL_SOURCE_CONFLICT_REQUIRES_REVIEW,BLOCKS_UNCONSTRAINED_CODE_TO_GOVERNANCE_COMPARISON,Resolve or explicitly pin canonical governance source before using this artifact for implementation comparison.,YES,NO
UNASSESSED-00892,governance/implementation/code-guides/drafting/CGP-006/CODE_GUIDE_PROGRAM_V1_1_REVISION_AND_PR_44_SUCCESSOR_PREPARATION/REVIEW_DISPOSITION.md,CANONICAL_SOURCE_CONFLICT_REQUIRES_REVIEW,BLOCKS_UNCONSTRAINED_CODE_TO_GOVERNANCE_COMPARISON,Resolve or explicitly pin canonical governance source before using this artifact for implementation comparison.,YES,NO
UNASSESSED-00893,governance/implementation/code-guides/drafting/CGP-006/CODE_GUIDE_PROGRAM_V1_1_REVISION_AND_PR_44_SUCCESSOR_PREPARATION/REVIEW_DISPOSITION.md,CANONICAL_SOURCE_CONFLICT_REQUIRES_REVIEW,BLOCKS_UNCONSTRAINED_CODE_TO_GOVERNANCE_COMPARISON,Resolve or explicitly pin canonical governance source before using this artifact for implementation comparison.,YES,NO
UNASSESSED-00894,governance/implementation/code-guides/drafting/CGP-006/CODE_GUIDE_PROGRAM_V1_1_REVISION_AND_PR_44_SUCCESSOR_PREPARATION/validators/validate_revision_package.py,CANONICAL_SOURCE_CONFLICT_REQUIRES_REVIEW,BLOCKS_UNCONSTRAINED_CODE_TO_GOVERNANCE_COMPARISON,Resolve or explicitly pin canonical governance source before using this artifact for implementation comparison.,YES,NO
UNASSESSED-00895,governance/implementation/code-guides/drafting/CGP-006/CODE_GUIDE_PROGRAM_V1_1_REVISION_AND_PR_44_SUCCESSOR_PREPARATION/validators/validate_revision_package.py,CANONICAL_SOURCE_CONFLICT_REQUIRES_REVIEW,BLOCKS_UNCONSTRAINED_CODE_TO_GOVERNANCE_COMPARISON,Resolve or explicitly pin canonical governance source before using this artifact for implementation comparison.,YES,NO
UNASSESSED-00896,governance/implementation/code-guides/drafting/CGP-006/CODE_GUIDE_PROGRAM_V1_1_REVISION_AND_PR_44_SUCCESSOR_PREPARATION/validators/validate_revision_package.py,CANONICAL_SOURCE_CONFLICT_REQUIRES_REVIEW,BLOCKS_UNCONSTRAINED_CODE_TO_GOVERNANCE_COMPARISON,Resolve or explicitly pin canonical governance source before using this artifact for implementation comparison.,YES,NO
UNASSESSED-00897,governance/implementation/code-guides/drafting/CGP-006/SOLO_FOUNDER_COMPENSATING_ASSURANCE_PROFILE_AND_STAGE_24_READINESS_REBASE_V1/MULTI_PASS_REVIEW_RECONCILIATION_REPORT.md,CANONICAL_SOURCE_CONFLICT_REQUIRES_REVIEW,BLOCKS_UNCONSTRAINED_CODE_TO_GOVERNANCE_COMPARISON,Resolve or explicitly pin canonical governance source before using this artifact for implementation comparison.,YES,NO
UNASSESSED-00898,governance/implementation/code-guides/drafting/CGP-006/SOLO_FOUNDER_COMPENSATING_ASSURANCE_PROFILE_AND_STAGE_24_READINESS_REBASE_V1/MULTI_PASS_REVIEW_RECONCILIATION_REPORT.md,CANONICAL_SOURCE_CONFLICT_REQUIRES_REVIEW,BLOCKS_UNCONSTRAINED_CODE_TO_GOVERNANCE_COMPARISON,Resolve or explicitly pin canonical governance source before using this artifact for implementation comparison.,YES,NO
UNASSESSED-00899,governance/implementation/code-guides/drafting/CGP-006/SOLO_FOUNDER_COMPENSATING_ASSURANCE_PROFILE_AND_STAGE_24_READINESS_REBASE_V1/MULTI_PASS_REVIEW_RECONCILIATION_REPORT.md,CANONICAL_SOURCE_CONFLICT_REQUIRES_REVIEW,BLOCKS_UNCONSTRAINED_CODE_TO_GOVERNANCE_COMPARISON,Resolve or explicitly pin canonical governance source before using this artifact for implementation comparison.,YES,NO
UNASSESSED-00900,governance/implementation/code-guides/drafting/CGP-006/SOLO_FOUNDER_COMPENSATING_ASSURANCE_PROFILE_AND_STAGE_24_READINESS_REBASE_V1/MULTI_PASS_REVIEW_RECONCILIATION_REPORT.md,CANONICAL_SOURCE_CONFLICT_REQUIRES_REVIEW,BLOCKS_UNCONSTRAINED_CODE_TO_GOVERNANCE_COMPARISON,Resolve or explicitly pin canonical governance source before using this artifact for implementation comparison.,YES,NO
UNASSESSED-00901,governance/implementation/code-guides/drafting/CGP-006/SOLO_FOUNDER_COMPENSATING_ASSURANCE_PROFILE_AND_STAGE_24_READINESS_REBASE_V1/MULTI_PASS_REVIEW_RECONCILIATION_REPORT.md,CANONICAL_SOURCE_CONFLICT_REQUIRES_REVIEW,BLOCKS_UNCONSTRAINED_CODE_TO_GOVERNANCE_COMPARISON,Resolve or explicitly pin canonical governance source before using this artifact for implementation comparison.,YES,NO
UNASSESSED-00902,governance/implementation/code-guides/drafting/CGP-006/SOLO_FOUNDER_COMPENSATING_ASSURANCE_PROFILE_AND_STAGE_24_READINESS_REBASE_V1/MULTI_PASS_REVIEW_RECONCILIATION_REPORT.md,CANONICAL_SOURCE_CONFLICT_REQUIRES_REVIEW,BLOCKS_UNCONSTRAINED_CODE_TO_GOVERNANCE_COMPARISON,Resolve or explicitly pin canonical governance source before using this artifact for implementation comparison.,YES,NO
UNASSESSED-00903,governance/implementation/code-guides/drafting/CGP-006/SOLO_FOUNDER_COMPENSATING_ASSURANCE_PROFILE_AND_STAGE_24_READINESS_REBASE_V1/MULTI_PASS_REVIEW_RECONCILIATION_REPORT.md,CANONICAL_SOURCE_CONFLICT_REQUIRES_REVIEW,BLOCKS_UNCONSTRAINED_CODE_TO_GOVERNANCE_COMPARISON,Resolve or explicitly pin canonical governance source before using this artifact for implementation comparison.,YES,NO
UNASSESSED-00904,governance/implementation/code-guides/drafting/CGP-006/SOLO_FOUNDER_COMPENSATING_ASSURANCE_PROFILE_AND_STAGE_24_READINESS_REBASE_V1/MULTI_PASS_REVIEW_RECONCILIATION_REPORT.md,CANONICAL_SOURCE_CONFLICT_REQUIRES_REVIEW,BLOCKS_UNCONSTRAINED_CODE_TO_GOVERNANCE_COMPARISON,Resolve or explicitly pin canonical governance source before using this artifact for implementation comparison.,YES,NO
UNASSESSED-00905,governance/implementation/code-guides/drafting/CGP-006/SOLO_FOUNDER_COMPENSATING_ASSURANCE_PROFILE_AND_STAGE_24_READINESS_REBASE_V1/MULTI_PASS_REVIEW_RECONCILIATION_REPORT.md,CANONICAL_SOURCE_CONFLICT_REQUIRES_REVIEW,BLOCKS_UNCONSTRAINED_CODE_TO_GOVERNANCE_COMPARISON,Resolve or explicitly pin canonical governance source before using this artifact for implementation comparison.,YES,NO
UNASSESSED-00906,governance/implementation/code-guides/drafting/CGP-006/SOLO_FOUNDER_COMPENSATING_ASSURANCE_PROFILE_AND_STAGE_24_READINESS_REBASE_V1/MULTI_PASS_REVIEW_RECONCILIATION_REPORT.md,CANONICAL_SOURCE_CONFLICT_REQUIRES_REVIEW,BLOCKS_UNCONSTRAINED_CODE_TO_GOVERNANCE_COMPARISON,Resolve or explicitly pin canonical governance source before using this artifact for implementation comparison.,YES,NO
UNASSESSED-00907,governance/implementation/code-guides/drafting/CGP-006/SOLO_FOUNDER_COMPENSATING_ASSURANCE_PROFILE_AND_STAGE_24_READINESS_REBASE_V1/MULTI_PASS_REVIEW_RECONCILIATION_REPORT.md,CANONICAL_SOURCE_CONFLICT_REQUIRES_REVIEW,BLOCKS_UNCONSTRAINED_CODE_TO_GOVERNANCE_COMPARISON,Resolve or explicitly pin canonical governance source before using this artifact for implementation comparison.,YES,NO
UNASSESSED-00908,governance/implementation/code-guides/drafting/CGP-006/SOLO_FOUNDER_COMPENSATING_ASSURANCE_PROFILE_AND_STAGE_24_READINESS_REBASE_V1/MULTI_PASS_REVIEW_RECONCILIATION_REPORT.md,CANONICAL_SOURCE_CONFLICT_REQUIRES_REVIEW,BLOCKS_UNCONSTRAINED_CODE_TO_GOVERNANCE_COMPARISON,Resolve or explicitly pin canonical governance source before using this artifact for implementation comparison.,YES,NO
UNASSESSED-00909,governance/implementation/code-guides/drafting/CGP-006/SOLO_FOUNDER_COMPENSATING_ASSURANCE_PROFILE_AND_STAGE_24_READINESS_REBASE_V1/MULTI_PASS_REVIEW_RECONCILIATION_REPORT.md,CANONICAL_SOURCE_CONFLICT_REQUIRES_REVIEW,BLOCKS_UNCONSTRAINED_CODE_TO_GOVERNANCE_COMPARISON,Resolve or explicitly pin canonical governance source before using this artifact for implementation comparison.,YES,NO
UNASSESSED-00910,governance/implementation/code-guides/drafting/CGP-006/SOLO_FOUNDER_COMPENSATING_ASSURANCE_PROFILE_AND_STAGE_24_READINESS_REBASE_V1/MULTI_PASS_REVIEW_RECONCILIATION_REPORT.md,CANONICAL_SOURCE_CONFLICT_REQUIRES_REVIEW,BLOCKS_UNCONSTRAINED_CODE_TO_GOVERNANCE_COMPARISON,Resolve or explicitly pin canonical governance source before using this artifact for implementation comparison.,YES,NO
UNASSESSED-00911,governance/implementation/code-guides/drafting/CGP-006/SOLO_FOUNDER_COMPENSATING_ASSURANCE_PROFILE_AND_STAGE_24_READINESS_REBASE_V1/MULTI_PASS_REVIEW_RECONCILIATION_REPORT.md,CANONICAL_SOURCE_CONFLICT_REQUIRES_REVIEW,BLOCKS_UNCONSTRAINED_CODE_TO_GOVERNANCE_COMPARISON,Resolve or explicitly pin canonical governance source before using this artifact for implementation comparison.,YES,NO
UNASSESSED-00912,governance/implementation/code-guides/drafting/CGP-006/SOLO_FOUNDER_COMPENSATING_ASSURANCE_PROFILE_AND_STAGE_24_READINESS_REBASE_V1/MULTI_PASS_REVIEW_RECONCILIATION_REPORT.md,CANONICAL_SOURCE_CONFLICT_REQUIRES_REVIEW,BLOCKS_UNCONSTRAINED_CODE_TO_GOVERNANCE_COMPARISON,Resolve or explicitly pin canonical governance source before using this artifact for implementation comparison.,YES,NO
UNASSESSED-00913,governance/implementation/code-guides/drafting/CGP-006/SOLO_FOUNDER_COMPENSATING_ASSURANCE_PROFILE_AND_STAGE_24_READINESS_REBASE_V1/MULTI_PASS_REVIEW_RECONCILIATION_REPORT.md,CANONICAL_SOURCE_CONFLICT_REQUIRES_REVIEW,BLOCKS_UNCONSTRAINED_CODE_TO_GOVERNANCE_COMPARISON,Resolve or explicitly pin canonical governance source before using this artifact for implementation comparison.,YES,NO
UNASSESSED-00914,governance/implementation/code-guides/drafting/CGP-006/SOLO_FOUNDER_COMPENSATING_ASSURANCE_PROFILE_AND_STAGE_24_READINESS_REBASE_V1/MULTI_PASS_REVIEW_RECONCILIATION_REPORT.md,CANONICAL_SOURCE_CONFLICT_REQUIRES_REVIEW,BLOCKS_UNCONSTRAINED_CODE_TO_GOVERNANCE_COMPARISON,Resolve or explicitly pin canonical governance source before using this artifact for implementation comparison.,YES,NO
UNASSESSED-00915,governance/implementation/code-guides/drafting/CGP-006/SOLO_FOUNDER_COMPENSATING_ASSURANCE_PROFILE_AND_STAGE_24_READINESS_REBASE_V1/MULTI_PASS_REVIEW_RECONCILIATION_REPORT.md,CANONICAL_SOURCE_CONFLICT_REQUIRES_REVIEW,BLOCKS_UNCONSTRAINED_CODE_TO_GOVERNANCE_COMPARISON,Resolve or explicitly pin canonical governance source before using this artifact for implementation comparison.,YES,NO
UNASSESSED-00916,governance/implementation/code-guides/drafting/CGP-006/SOLO_FOUNDER_COMPENSATING_ASSURANCE_PROFILE_AND_STAGE_24_READINESS_REBASE_V1/MULTI_PASS_REVIEW_RECONCILIATION_REPORT.md,CANONICAL_SOURCE_CONFLICT_REQUIRES_REVIEW,BLOCKS_UNCONSTRAINED_CODE_TO_GOVERNANCE_COMPARISON,Resolve or explicitly pin canonical governance source before using this artifact for implementation comparison.,YES,NO
UNASSESSED-00917,governance/implementation/code-guides/drafting/CGP-006/SOLO_FOUNDER_COMPENSATING_ASSURANCE_PROFILE_AND_STAGE_24_READINESS_REBASE_V1/MULTI_PASS_REVIEW_RECONCILIATION_REPORT.md,CANONICAL_SOURCE_CONFLICT_REQUIRES_REVIEW,BLOCKS_UNCONSTRAINED_CODE_TO_GOVERNANCE_COMPARISON,Resolve or explicitly pin canonical governance source before using this artifact for implementation comparison.,YES,NO
UNASSESSED-00918,governance/implementation/code-guides/drafting/CGP-006/SOLO_FOUNDER_COMPENSATING_ASSURANCE_PROFILE_AND_STAGE_24_READINESS_REBASE_V1/MULTI_PASS_REVIEW_RECONCILIATION_REPORT.md,CANONICAL_SOURCE_CONFLICT_REQUIRES_REVIEW,BLOCKS_UNCONSTRAINED_CODE_TO_GOVERNANCE_COMPARISON,Resolve or explicitly pin canonical governance source before using this artifact for implementation comparison.,YES,NO
UNASSESSED-00919,governance/implementation/code-guides/drafting/CGP-006/SOLO_FOUNDER_COMPENSATING_ASSURANCE_PROFILE_AND_STAGE_24_READINESS_REBASE_V1/MULTI_PASS_REVIEW_RECONCILIATION_REPORT.md,CANONICAL_SOURCE_CONFLICT_REQUIRES_REVIEW,BLOCKS_UNCONSTRAINED_CODE_TO_GOVERNANCE_COMPARISON,Resolve or explicitly pin canonical governance source before using this artifact for implementation comparison.,YES,NO
UNASSESSED-00920,governance/implementation/code-guides/drafting/CGP-006/SOLO_FOUNDER_COMPENSATING_ASSURANCE_PROFILE_AND_STAGE_24_READINESS_REBASE_V1/MULTI_PASS_REVIEW_RECONCILIATION_REPORT.md,CANONICAL_SOURCE_CONFLICT_REQUIRES_REVIEW,BLOCKS_UNCONSTRAINED_CODE_TO_GOVERNANCE_COMPARISON,Resolve or explicitly pin canonical governance source before using this artifact for implementation comparison.,YES,NO
UNASSESSED-00921,governance/implementation/code-guides/drafting/CGP-006/SOLO_FOUNDER_COMPENSATING_ASSURANCE_PROFILE_AND_STAGE_24_READINESS_REBASE_V1/MULTI_PASS_REVIEW_RECONCILIATION_REPORT.md,CANONICAL_SOURCE_CONFLICT_REQUIRES_REVIEW,BLOCKS_UNCONSTRAINED_CODE_TO_GOVERNANCE_COMPARISON,Resolve or explicitly pin canonical governance source before using this artifact for implementation comparison.,YES,NO
UNASSESSED-00922,governance/implementation/code-guides/drafting/CGP-006/SOLO_FOUNDER_COMPENSATING_ASSURANCE_PROFILE_AND_STAGE_24_READINESS_REBASE_V1/MULTI_PASS_REVIEW_RECONCILIATION_REPORT.md,CANONICAL_SOURCE_CONFLICT_REQUIRES_REVIEW,BLOCKS_UNCONSTRAINED_CODE_TO_GOVERNANCE_COMPARISON,Resolve or explicitly pin canonical governance source before using this artifact for implementation comparison.,YES,NO
UNASSESSED-00923,governance/implementation/code-guides/drafting/CGP-006/SOLO_FOUNDER_COMPENSATING_ASSURANCE_PROFILE_AND_STAGE_24_READINESS_REBASE_V1/MULTI_PASS_REVIEW_RECONCILIATION_REPORT.md,CANONICAL_SOURCE_CONFLICT_REQUIRES_REVIEW,BLOCKS_UNCONSTRAINED_CODE_TO_GOVERNANCE_COMPARISON,Resolve or explicitly pin canonical governance source before using this artifact for implementation comparison.,YES,NO
UNASSESSED-00924,governance/implementation/code-guides/drafting/CGP-006/SOLO_FOUNDER_COMPENSATING_ASSURANCE_PROFILE_AND_STAGE_24_READINESS_REBASE_V1/PASS_A_AUTHORITY_AND_SOURCE_FIDELITY_REVIEW.md,CANONICAL_SOURCE_CONFLICT_REQUIRES_REVIEW,BLOCKS_UNCONSTRAINED_CODE_TO_GOVERNANCE_COMPARISON,Resolve or explicitly pin canonical governance source before using this artifact for implementation comparison.,YES,NO
UNASSESSED-00925,governance/implementation/code-guides/drafting/CGP-006/SOLO_FOUNDER_COMPENSATING_ASSURANCE_PROFILE_AND_STAGE_24_READINESS_REBASE_V1/SOURCE_REGISTER.md,CANONICAL_SOURCE_CONFLICT_REQUIRES_REVIEW,BLOCKS_UNCONSTRAINED_CODE_TO_GOVERNANCE_COMPARISON,Resolve or explicitly pin canonical governance source before using this artifact for implementation comparison.,YES,NO
UNASSESSED-00926,governance/implementation/code-guides/drafting/CGP-006/SOLO_FOUNDER_COMPENSATING_ASSURANCE_PROFILE_AND_STAGE_24_READINESS_REBASE_V1/SOURCE_REGISTER.md,CANONICAL_SOURCE_CONFLICT_REQUIRES_REVIEW,BLOCKS_UNCONSTRAINED_CODE_TO_GOVERNANCE_COMPARISON,Resolve or explicitly pin canonical governance source before using this artifact for implementation comparison.,YES,NO
UNASSESSED-00927,governance/implementation/code-guides/drafting/CGP-006/SOLO_FOUNDER_COMPENSATING_ASSURANCE_PROFILE_AND_STAGE_24_READINESS_REBASE_V1/SOURCE_REGISTER.md,CANONICAL_SOURCE_CONFLICT_REQUIRES_REVIEW,BLOCKS_UNCONSTRAINED_CODE_TO_GOVERNANCE_COMPARISON,Resolve or explicitly pin canonical governance source before using this artifact for implementation comparison.,YES,NO
UNASSESSED-00928,governance/implementation/code-guides/drafting/CGP-006/SOLO_FOUNDER_COMPENSATING_ASSURANCE_PROFILE_AND_STAGE_24_READINESS_REBASE_V1/validators/validate_solo_founder_assurance_stage24_readiness.py,CANONICAL_SOURCE_CONFLICT_REQUIRES_REVIEW,BLOCKS_UNCONSTRAINED_CODE_TO_GOVERNANCE_COMPARISON,Resolve or explicitly pin canonical governance source before using this artifact for implementation comparison.,YES,NO
UNASSESSED-00929,governance/implementation/code-guides/drafting/CGP-006/SOLO_FOUNDER_COMPENSATING_ASSURANCE_PROFILE_AND_STAGE_24_READINESS_REBASE_V1/WAVE_1_FINDING_TREATMENT_MATRIX.csv,CANONICAL_SOURCE_CONFLICT_REQUIRES_REVIEW,BLOCKS_UNCONSTRAINED_CODE_TO_GOVERNANCE_COMPARISON,Resolve or explicitly pin canonical governance source before using this artifact for implementation comparison.,YES,NO
UNASSESSED-00930,governance/implementation/code-guides/drafting/CGP-006/SOLO_FOUNDER_COMPENSATING_ASSURANCE_PROFILE_AND_STAGE_24_READINESS_REBASE_V1/WAVE_1_FINDING_TREATMENT_MATRIX.csv,CANONICAL_SOURCE_CONFLICT_REQUIRES_REVIEW,BLOCKS_UNCONSTRAINED_CODE_TO_GOVERNANCE_COMPARISON,Resolve or explicitly pin canonical governance source before using this artifact for implementation comparison.,YES,NO
UNASSESSED-00931,governance/implementation/code-guides/drafting/CGP-006/SOLO_FOUNDER_COMPENSATING_ASSURANCE_PROFILE_AND_STAGE_24_READINESS_REBASE_V1/WAVE_1_FINDING_TREATMENT_MATRIX.csv,CANONICAL_SOURCE_CONFLICT_REQUIRES_REVIEW,BLOCKS_UNCONSTRAINED_CODE_TO_GOVERNANCE_COMPARISON,Resolve or explicitly pin canonical governance source before using this artifact for implementation comparison.,YES,NO
UNASSESSED-00932,governance/implementation/code-guides/drafting/CGP-006/SOLO_FOUNDER_COMPENSATING_ASSURANCE_PROFILE_AND_STAGE_24_READINESS_REBASE_V1/WAVE_1_FINDING_TREATMENT_MATRIX.csv,CANONICAL_SOURCE_CONFLICT_REQUIRES_REVIEW,BLOCKS_UNCONSTRAINED_CODE_TO_GOVERNANCE_COMPARISON,Resolve or explicitly pin canonical governance source before using this artifact for implementation comparison.,YES,NO
UNASSESSED-00933,governance/implementation/code-guides/drafting/CGP-006/SOLO_FOUNDER_COMPENSATING_ASSURANCE_PROFILE_AND_STAGE_24_READINESS_REBASE_V1/WAVE_1_FINDING_TREATMENT_MATRIX.csv,CANONICAL_SOURCE_CONFLICT_REQUIRES_REVIEW,BLOCKS_UNCONSTRAINED_CODE_TO_GOVERNANCE_COMPARISON,Resolve or explicitly pin canonical governance source before using this artifact for implementation comparison.,YES,NO
UNASSESSED-00934,governance/implementation/code-guides/drafting/CGP-006/SOLO_FOUNDER_COMPENSATING_ASSURANCE_PROFILE_AND_STAGE_24_READINESS_REBASE_V1/WAVE_1_FINDING_TREATMENT_MATRIX.csv,CANONICAL_SOURCE_CONFLICT_REQUIRES_REVIEW,BLOCKS_UNCONSTRAINED_CODE_TO_GOVERNANCE_COMPARISON,Resolve or explicitly pin canonical governance source before using this artifact for implementation comparison.,YES,NO
UNASSESSED-00935,governance/implementation/code-guides/drafting/CGP-006/SOLO_FOUNDER_COMPENSATING_ASSURANCE_PROFILE_AND_STAGE_24_READINESS_REBASE_V1/WAVE_1_FINDING_TREATMENT_MATRIX.csv,CANONICAL_SOURCE_CONFLICT_REQUIRES_REVIEW,BLOCKS_UNCONSTRAINED_CODE_TO_GOVERNANCE_COMPARISON,Resolve or explicitly pin canonical governance source before using this artifact for implementation comparison.,YES,NO
UNASSESSED-00936,governance/implementation/code-guides/drafting/CGP-006/WAVE_1_ACTIVATION_AND_EVIDENCE_PLANNING_V1_1_SUCCESSOR/FOUNDER_DISPOSITION_OF_PR_49.md,CANONICAL_SOURCE_CONFLICT_REQUIRES_REVIEW,BLOCKS_UNCONSTRAINED_CODE_TO_GOVERNANCE_COMPARISON,Resolve or explicitly pin canonical governance source before using this artifact for implementation comparison.,YES,NO
UNASSESSED-00937,governance/implementation/code-guides/drafting/CGP-006/WAVE_1_ACTIVATION_AND_EVIDENCE_PLANNING_V1_1_SUCCESSOR/FOUNDER_DISPOSITION_OF_PR_49.md,CANONICAL_SOURCE_CONFLICT_REQUIRES_REVIEW,BLOCKS_UNCONSTRAINED_CODE_TO_GOVERNANCE_COMPARISON,Resolve or explicitly pin canonical governance source before using this artifact for implementation comparison.,YES,NO
UNASSESSED-00938,governance/implementation/code-guides/drafting/CGP-006/WAVE_1_ACTIVATION_AND_EVIDENCE_PLANNING_V1_1_SUCCESSOR/FOUNDER_DISPOSITION_OF_PR_49.md,CANONICAL_SOURCE_CONFLICT_REQUIRES_REVIEW,BLOCKS_UNCONSTRAINED_CODE_TO_GOVERNANCE_COMPARISON,Resolve or explicitly pin canonical governance source before using this artifact for implementation comparison.,YES,NO
UNASSESSED-00939,governance/implementation/code-guides/drafting/CGP-006/WAVE_1_ACTIVATION_AND_EVIDENCE_PLANNING_V1_1_SUCCESSOR/FOUNDER_DISPOSITION_OF_PR_49.md,CANONICAL_SOURCE_CONFLICT_REQUIRES_REVIEW,BLOCKS_UNCONSTRAINED_CODE_TO_GOVERNANCE_COMPARISON,Resolve or explicitly pin canonical governance source before using this artifact for implementation comparison.,YES,NO
UNASSESSED-00940,governance/implementation/code-guides/drafting/CGP-006/WAVE_1_ACTIVATION_AND_EVIDENCE_PLANNING_V1_1_SUCCESSOR/FOUNDER_DISPOSITION_OF_PR_49.md,CANONICAL_SOURCE_CONFLICT_REQUIRES_REVIEW,BLOCKS_UNCONSTRAINED_CODE_TO_GOVERNANCE_COMPARISON,Resolve or explicitly pin canonical governance source before using this artifact for implementation comparison.,YES,NO
UNASSESSED-00941,governance/implementation/code-guides/drafting/CGP-006/WAVE_1_ACTIVATION_AND_EVIDENCE_PLANNING_V1_1_SUCCESSOR/FOUNDER_DISPOSITION_OF_PR_49.md,CANONICAL_SOURCE_CONFLICT_REQUIRES_REVIEW,BLOCKS_UNCONSTRAINED_CODE_TO_GOVERNANCE_COMPARISON,Resolve or explicitly pin canonical governance source before using this artifact for implementation comparison.,YES,NO
UNASSESSED-00942,governance/implementation/code-guides/drafting/CGP-006/WAVE_1_ACTIVATION_AND_EVIDENCE_PLANNING_V1_1_SUCCESSOR/FOUNDER_DISPOSITION_OF_PR_49.md,CANONICAL_SOURCE_CONFLICT_REQUIRES_REVIEW,BLOCKS_UNCONSTRAINED_CODE_TO_GOVERNANCE_COMPARISON,Resolve or explicitly pin canonical governance source before using this artifact for implementation comparison.,YES,NO
UNASSESSED-00943,governance/implementation/code-guides/drafting/CGP-006/WAVE_1_ACTIVATION_AND_EVIDENCE_PLANNING_V1_1_SUCCESSOR/FOUNDER_DISPOSITION_OF_PR_49.md,CANONICAL_SOURCE_CONFLICT_REQUIRES_REVIEW,BLOCKS_UNCONSTRAINED_CODE_TO_GOVERNANCE_COMPARISON,Resolve or explicitly pin canonical governance source before using this artifact for implementation comparison.,YES,NO
UNASSESSED-00944,governance/implementation/code-guides/drafting/CGP-006/WAVE_1_ACTIVATION_AND_EVIDENCE_PLANNING_V1_1_SUCCESSOR/FOUNDER_DISPOSITION_OF_PR_49.md,CANONICAL_SOURCE_CONFLICT_REQUIRES_REVIEW,BLOCKS_UNCONSTRAINED_CODE_TO_GOVERNANCE_COMPARISON,Resolve or explicitly pin canonical governance source before using this artifact for implementation comparison.,YES,NO
UNASSESSED-00945,governance/implementation/code-guides/drafting/CGP-006/WAVE_1_ACTIVATION_AND_EVIDENCE_PLANNING_V1_1_SUCCESSOR/FOUNDER_DISPOSITION_OF_PR_49.md,CANONICAL_SOURCE_CONFLICT_REQUIRES_REVIEW,BLOCKS_UNCONSTRAINED_CODE_TO_GOVERNANCE_COMPARISON,Resolve or explicitly pin canonical governance source before using this artifact for implementation comparison.,YES,NO
UNASSESSED-00946,governance/implementation/code-guides/drafting/CGP-006/WAVE_1_ACTIVATION_AND_EVIDENCE_PLANNING_V1_1_SUCCESSOR/FOUNDER_REVIEW_SUMMARY.md,CANONICAL_SOURCE_CONFLICT_REQUIRES_REVIEW,BLOCKS_UNCONSTRAINED_CODE_TO_GOVERNANCE_COMPARISON,Resolve or explicitly pin canonical governance source before using this artifact for implementation comparison.,YES,NO
UNASSESSED-00947,governance/implementation/code-guides/drafting/CGP-006/WAVE_1_ACTIVATION_AND_EVIDENCE_PLANNING_V1_1_SUCCESSOR/FOUNDER_REVIEW_SUMMARY.md,CANONICAL_SOURCE_CONFLICT_REQUIRES_REVIEW,BLOCKS_UNCONSTRAINED_CODE_TO_GOVERNANCE_COMPARISON,Resolve or explicitly pin canonical governance source before using this artifact for implementation comparison.,YES,NO
UNASSESSED-00948,governance/implementation/code-guides/drafting/CGP-006/WAVE_1_ACTIVATION_AND_EVIDENCE_PLANNING_V1_1_SUCCESSOR/FOUNDER_REVIEW_SUMMARY.md,CANONICAL_SOURCE_CONFLICT_REQUIRES_REVIEW,BLOCKS_UNCONSTRAINED_CODE_TO_GOVERNANCE_COMPARISON,Resolve or explicitly pin canonical governance source before using this artifact for implementation comparison.,YES,NO
UNASSESSED-00949,governance/implementation/code-guides/drafting/CGP-006/WAVE_1_ACTIVATION_AND_EVIDENCE_PLANNING_V1_1_SUCCESSOR/GAP_0004_STATUS_REPORT.md,CANONICAL_SOURCE_CONFLICT_REQUIRES_REVIEW,BLOCKS_UNCONSTRAINED_CODE_TO_GOVERNANCE_COMPARISON,Resolve or explicitly pin canonical governance source before using this artifact for implementation comparison.,YES,NO
UNASSESSED-00950,governance/implementation/code-guides/drafting/CGP-006/WAVE_1_ACTIVATION_AND_EVIDENCE_PLANNING_V1_1_SUCCESSOR/SUCCESSOR_REVIEW_DISPOSITION.md,CANONICAL_SOURCE_CONFLICT_REQUIRES_REVIEW,BLOCKS_UNCONSTRAINED_CODE_TO_GOVERNANCE_COMPARISON,Resolve or explicitly pin canonical governance source before using this artifact for implementation comparison.,YES,NO
UNASSESSED-00951,governance/implementation/code-guides/drafting/CGP-006/WAVE_1_ACTIVATION_AND_EVIDENCE_PLANNING_V1_1_SUCCESSOR/SUCCESSOR_REVIEW_DISPOSITION.md,CANONICAL_SOURCE_CONFLICT_REQUIRES_REVIEW,BLOCKS_UNCONSTRAINED_CODE_TO_GOVERNANCE_COMPARISON,Resolve or explicitly pin canonical governance source before using this artifact for implementation comparison.,YES,NO
UNASSESSED-00952,governance/implementation/code-guides/drafting/CGP-006/WAVE_1_ACTIVATION_AND_EVIDENCE_PLANNING_V1_1_SUCCESSOR/SUCCESSOR_REVIEW_DISPOSITION.md,CANONICAL_SOURCE_CONFLICT_REQUIRES_REVIEW,BLOCKS_UNCONSTRAINED_CODE_TO_GOVERNANCE_COMPARISON,Resolve or explicitly pin canonical governance source before using this artifact for implementation comparison.,YES,NO
UNASSESSED-00953,governance/implementation/code-guides/drafting/CGP-006/WAVE_1_ACTIVATION_AND_EVIDENCE_PLANNING_V1_1_SUCCESSOR/validators/validate_wave1_successor_package.py,CANONICAL_SOURCE_CONFLICT_REQUIRES_REVIEW,BLOCKS_UNCONSTRAINED_CODE_TO_GOVERNANCE_COMPARISON,Resolve or explicitly pin canonical governance source before using this artifact for implementation comparison.,YES,NO
UNASSESSED-00954,governance/implementation/code-guides/drafting/CGP-006/WAVE_1_ACTIVATION_AND_EVIDENCE_PLANNING_V1_1_SUCCESSOR/validators/validate_wave1_successor_package.py,CANONICAL_SOURCE_CONFLICT_REQUIRES_REVIEW,BLOCKS_UNCONSTRAINED_CODE_TO_GOVERNANCE_COMPARISON,Resolve or explicitly pin canonical governance source before using this artifact for implementation comparison.,YES,NO
UNASSESSED-00955,governance/implementation/code-guides/drafting/CGP-006/WAVE_1_ACTIVATION_AND_EVIDENCE_PLANNING_V1_1_SUCCESSOR/validators/validate_wave1_successor_package.py,CANONICAL_SOURCE_CONFLICT_REQUIRES_REVIEW,BLOCKS_UNCONSTRAINED_CODE_TO_GOVERNANCE_COMPARISON,Resolve or explicitly pin canonical governance source before using this artifact for implementation comparison.,YES,NO
UNASSESSED-00956,governance/implementation/code-guides/drafting/CGP-006/WAVE_1_ACTIVATION_AND_EVIDENCE_PLANNING_V1_1_SUCCESSOR/WAVE_1_PREREQUISITE_REGISTER.csv,CANONICAL_SOURCE_CONFLICT_REQUIRES_REVIEW,BLOCKS_UNCONSTRAINED_CODE_TO_GOVERNANCE_COMPARISON,Resolve or explicitly pin canonical governance source before using this artifact for implementation comparison.,YES,NO
UNASSESSED-00957,governance/implementation/code-guides/drafting/CGP-006/WAVE_1_ACTIVATION_AND_EVIDENCE_PLANNING_V1_1_SUCCESSOR/WAVE_1_WARNING_REGISTER.csv,CANONICAL_SOURCE_CONFLICT_REQUIRES_REVIEW,BLOCKS_UNCONSTRAINED_CODE_TO_GOVERNANCE_COMPARISON,Resolve or explicitly pin canonical governance source before using this artifact for implementation comparison.,YES,NO
UNASSESSED-00958,governance/implementation/code-guides/drafting/CGP-006/WAVE_1_ACTIVATION_AND_EVIDENCE_PLANNING_V1_1_SUCCESSOR/WAVE_1_WARNING_REGISTER.csv,CANONICAL_SOURCE_CONFLICT_REQUIRES_REVIEW,BLOCKS_UNCONSTRAINED_CODE_TO_GOVERNANCE_COMPARISON,Resolve or explicitly pin canonical governance source before using this artifact for implementation comparison.,YES,NO
UNASSESSED-00959,governance/implementation/code-guides/drafting/CGP-006/WAVE_1_ACTIVATION_AND_EVIDENCE_PLANNING_V1_1_SUCCESSOR/WAVE_1_WARNING_REGISTER.csv,CANONICAL_SOURCE_CONFLICT_REQUIRES_REVIEW,BLOCKS_UNCONSTRAINED_CODE_TO_GOVERNANCE_COMPARISON,Resolve or explicitly pin canonical governance source before using this artifact for implementation comparison.,YES,NO
UNASSESSED-00960,governance/implementation/code-guides/drafting/CGP-006/WAVE_1_ACTIVATION_AND_EVIDENCE_PLANNING_V1_1_SUCCESSOR/WAVE_1_WARNING_REGISTER.csv,CANONICAL_SOURCE_CONFLICT_REQUIRES_REVIEW,BLOCKS_UNCONSTRAINED_CODE_TO_GOVERNANCE_COMPARISON,Resolve or explicitly pin canonical governance source before using this artifact for implementation comparison.,YES,NO
UNASSESSED-00961,governance/implementation/code-guides/drafting/CGP-006/WAVE_1_ACTIVATION_AND_EVIDENCE_PLANNING_V1_1_SUCCESSOR/WAVE_1_WARNING_REGISTER.csv,CANONICAL_SOURCE_CONFLICT_REQUIRES_REVIEW,BLOCKS_UNCONSTRAINED_CODE_TO_GOVERNANCE_COMPARISON,Resolve or explicitly pin canonical governance source before using this artifact for implementation comparison.,YES,NO
UNASSESSED-00962,governance/implementation/code-guides/drafting/CGP-006/WAVE_1_CANDIDATE_DRAFTING_V1/guides/ES-CG-13/ES-CG-13_CANDIDATE_GUIDE.md,CANONICAL_SOURCE_CONFLICT_REQUIRES_REVIEW,BLOCKS_UNCONSTRAINED_CODE_TO_GOVERNANCE_COMPARISON,Resolve or explicitly pin canonical governance source before using this artifact for implementation comparison.,YES,NO
UNASSESSED-00963,governance/implementation/code-guides/drafting/CGP-006/WAVE_1_CANDIDATE_DRAFTING_V1/registers/CGP_006_WAVE_1_MANDATORY_QUESTION_REGISTER.csv,CANONICAL_SOURCE_CONFLICT_REQUIRES_REVIEW,BLOCKS_UNCONSTRAINED_CODE_TO_GOVERNANCE_COMPARISON,Resolve or explicitly pin canonical governance source before using this artifact for implementation comparison.,YES,NO
UNASSESSED-00964,governance/implementation/code-guides/drafting/CGP-006/WAVE_1_CANDIDATE_DRAFTING_V1/reviews/CGP_006_WAVE_1_DUPLICATE_CONTROL_REGISTER.csv,CANONICAL_SOURCE_CONFLICT_REQUIRES_REVIEW,BLOCKS_UNCONSTRAINED_CODE_TO_GOVERNANCE_COMPARISON,Resolve or explicitly pin canonical governance source before using this artifact for implementation comparison.,YES,NO
UNASSESSED-00965,governance/implementation/code-guides/drafting/CGP-006/WAVE_1_CANDIDATE_DRAFTING_V1/reviews/CGP_006_WAVE_1_DUPLICATE_CONTROL_REGISTER.csv,CANONICAL_SOURCE_CONFLICT_REQUIRES_REVIEW,BLOCKS_UNCONSTRAINED_CODE_TO_GOVERNANCE_COMPARISON,Resolve or explicitly pin canonical governance source before using this artifact for implementation comparison.,YES,NO
UNASSESSED-00966,governance/implementation/code-guides/drafting/CGP-006/WAVE_1_CANDIDATE_DRAFTING_V1/reviews/CGP_006_WAVE_1_DUPLICATE_CONTROL_REGISTER.csv,CANONICAL_SOURCE_CONFLICT_REQUIRES_REVIEW,BLOCKS_UNCONSTRAINED_CODE_TO_GOVERNANCE_COMPARISON,Resolve or explicitly pin canonical governance source before using this artifact for implementation comparison.,YES,NO
UNASSESSED-00967,governance/implementation/code-guides/drafting/CGP-006/WAVE_1_CANDIDATE_DRAFTING_V1/reviews/CGP_006_WAVE_1_DUPLICATE_CONTROL_REGISTER.csv,CANONICAL_SOURCE_CONFLICT_REQUIRES_REVIEW,BLOCKS_UNCONSTRAINED_CODE_TO_GOVERNANCE_COMPARISON,Resolve or explicitly pin canonical governance source before using this artifact for implementation comparison.,YES,NO
UNASSESSED-00968,governance/implementation/code-guides/drafting/CGP-006/WAVE_1_CANDIDATE_DRAFTING_V1/reviews/CGP_006_WAVE_1_DUPLICATE_INVARIANT_REGISTER.csv,CANONICAL_SOURCE_CONFLICT_REQUIRES_REVIEW,BLOCKS_UNCONSTRAINED_CODE_TO_GOVERNANCE_COMPARISON,Resolve or explicitly pin canonical governance source before using this artifact for implementation comparison.,YES,NO
UNASSESSED-00969,governance/implementation/code-guides/drafting/CGP-006/WAVE_1_CANDIDATE_DRAFTING_V1/reviews/CGP_006_WAVE_1_DUPLICATE_INVARIANT_REGISTER.csv,CANONICAL_SOURCE_CONFLICT_REQUIRES_REVIEW,BLOCKS_UNCONSTRAINED_CODE_TO_GOVERNANCE_COMPARISON,Resolve or explicitly pin canonical governance source before using this artifact for implementation comparison.,YES,NO
UNASSESSED-00970,governance/implementation/code-guides/drafting/CGP-006/WAVE_1_CANDIDATE_DRAFTING_V1/reviews/CGP_006_WAVE_1_DUPLICATE_INVARIANT_REGISTER.csv,CANONICAL_SOURCE_CONFLICT_REQUIRES_REVIEW,BLOCKS_UNCONSTRAINED_CODE_TO_GOVERNANCE_COMPARISON,Resolve or explicitly pin canonical governance source before using this artifact for implementation comparison.,YES,NO
UNASSESSED-00971,governance/implementation/code-guides/drafting/CGP-006/WAVE_1_CANDIDATE_DRAFTING_V1/reviews/CGP_006_WAVE_1_DUPLICATE_INVARIANT_REGISTER.csv,CANONICAL_SOURCE_CONFLICT_REQUIRES_REVIEW,BLOCKS_UNCONSTRAINED_CODE_TO_GOVERNANCE_COMPARISON,Resolve or explicitly pin canonical governance source before using this artifact for implementation comparison.,YES,NO
UNASSESSED-00972,governance/implementation/code-guides/drafting/CGP-006/WAVE_1_CANDIDATE_DRAFTING_V1/reviews/CGP_006_WAVE_1_DUPLICATE_REQUIREMENT_REGISTER.csv,CANONICAL_SOURCE_CONFLICT_REQUIRES_REVIEW,BLOCKS_UNCONSTRAINED_CODE_TO_GOVERNANCE_COMPARISON,Resolve or explicitly pin canonical governance source before using this artifact for implementation comparison.,YES,NO
UNASSESSED-00973,governance/implementation/code-guides/drafting/CGP-006/WAVE_1_CANDIDATE_DRAFTING_V1/reviews/CGP_006_WAVE_1_DUPLICATE_REQUIREMENT_REGISTER.csv,CANONICAL_SOURCE_CONFLICT_REQUIRES_REVIEW,BLOCKS_UNCONSTRAINED_CODE_TO_GOVERNANCE_COMPARISON,Resolve or explicitly pin canonical governance source before using this artifact for implementation comparison.,YES,NO
UNASSESSED-00974,governance/implementation/code-guides/drafting/CGP-006/WAVE_1_CANDIDATE_DRAFTING_V1/reviews/CGP_006_WAVE_1_DUPLICATE_REQUIREMENT_REGISTER.csv,CANONICAL_SOURCE_CONFLICT_REQUIRES_REVIEW,BLOCKS_UNCONSTRAINED_CODE_TO_GOVERNANCE_COMPARISON,Resolve or explicitly pin canonical governance source before using this artifact for implementation comparison.,YES,NO
UNASSESSED-00975,governance/implementation/code-guides/drafting/CGP-006/WAVE_1_CANDIDATE_DRAFTING_V1/reviews/CGP_006_WAVE_1_DUPLICATE_REQUIREMENT_REGISTER.csv,CANONICAL_SOURCE_CONFLICT_REQUIRES_REVIEW,BLOCKS_UNCONSTRAINED_CODE_TO_GOVERNANCE_COMPARISON,Resolve or explicitly pin canonical governance source before using this artifact for implementation comparison.,YES,NO
UNASSESSED-00976,governance/implementation/code-guides/drafting/CGP-006/WAVE_1_CANDIDATE_DRAFTING_V1/reviews/CGP_006_WAVE_1_TERMINOLOGY_RECONCILIATION_REGISTER.csv,CANONICAL_SOURCE_CONFLICT_REQUIRES_REVIEW,BLOCKS_UNCONSTRAINED_CODE_TO_GOVERNANCE_COMPARISON,Resolve or explicitly pin canonical governance source before using this artifact for implementation comparison.,YES,NO
UNASSESSED-00977,governance/implementation/code-guides/drafting/CGP-006/WAVE_1_CANDIDATE_DRAFTING_V1/reviews/CGP_006_WAVE_1_TERMINOLOGY_RECONCILIATION_REGISTER.csv,CANONICAL_SOURCE_CONFLICT_REQUIRES_REVIEW,BLOCKS_UNCONSTRAINED_CODE_TO_GOVERNANCE_COMPARISON,Resolve or explicitly pin canonical governance source before using this artifact for implementation comparison.,YES,NO
UNASSESSED-00978,governance/implementation/code-guides/drafting/CGP-006/WAVE_1_V1_1_GUIDE_COMPLETION_AND_ADOPTION_CANDIDATE_PREPARATION/AUTHORITY_BOUNDARY_REPORT.md,CANONICAL_SOURCE_CONFLICT_REQUIRES_REVIEW,BLOCKS_UNCONSTRAINED_CODE_TO_GOVERNANCE_COMPARISON,Resolve or explicitly pin canonical governance source before using this artifact for implementation comparison.,YES,NO
UNASSESSED-00979,governance/implementation/code-guides/drafting/CGP-006/WAVE_1_V1_1_GUIDE_COMPLETION_AND_ADOPTION_CANDIDATE_PREPARATION/CONTROL_MASTER_REGISTER.csv,CANONICAL_SOURCE_CONFLICT_REQUIRES_REVIEW,BLOCKS_UNCONSTRAINED_CODE_TO_GOVERNANCE_COMPARISON,Resolve or explicitly pin canonical governance source before using this artifact for implementation comparison.,YES,NO
UNASSESSED-00980,governance/implementation/code-guides/drafting/CGP-006/WAVE_1_V1_1_GUIDE_COMPLETION_AND_ADOPTION_CANDIDATE_PREPARATION/CROSS_GUIDE_RECONCILIATION_REPORT.md,CANONICAL_SOURCE_CONFLICT_REQUIRES_REVIEW,BLOCKS_UNCONSTRAINED_CODE_TO_GOVERNANCE_COMPARISON,Resolve or explicitly pin canonical governance source before using this artifact for implementation comparison.,YES,NO
UNASSESSED-00981,governance/implementation/code-guides/drafting/CGP-006/WAVE_1_V1_1_GUIDE_COMPLETION_AND_ADOPTION_CANDIDATE_PREPARATION/CROSS_GUIDE_RECONCILIATION_REPORT.md,CANONICAL_SOURCE_CONFLICT_REQUIRES_REVIEW,BLOCKS_UNCONSTRAINED_CODE_TO_GOVERNANCE_COMPARISON,Resolve or explicitly pin canonical governance source before using this artifact for implementation comparison.,YES,NO
UNASSESSED-00982,governance/implementation/code-guides/drafting/CGP-006/WAVE_1_V1_1_GUIDE_COMPLETION_AND_ADOPTION_CANDIDATE_PREPARATION/CROSS_GUIDE_RECONCILIATION_REPORT.md,CANONICAL_SOURCE_CONFLICT_REQUIRES_REVIEW,BLOCKS_UNCONSTRAINED_CODE_TO_GOVERNANCE_COMPARISON,Resolve or explicitly pin canonical governance source before using this artifact for implementation comparison.,YES,NO
UNASSESSED-00983,governance/implementation/code-guides/drafting/CGP-006/WAVE_1_V1_1_GUIDE_COMPLETION_AND_ADOPTION_CANDIDATE_PREPARATION/CROSS_GUIDE_RECONCILIATION_REPORT.md,CANONICAL_SOURCE_CONFLICT_REQUIRES_REVIEW,BLOCKS_UNCONSTRAINED_CODE_TO_GOVERNANCE_COMPARISON,Resolve or explicitly pin canonical governance source before using this artifact for implementation comparison.,YES,NO
UNASSESSED-00984,governance/implementation/code-guides/drafting/CGP-006/WAVE_1_V1_1_GUIDE_COMPLETION_AND_ADOPTION_CANDIDATE_PREPARATION/CROSS_GUIDE_RECONCILIATION_REPORT.md,CANONICAL_SOURCE_CONFLICT_REQUIRES_REVIEW,BLOCKS_UNCONSTRAINED_CODE_TO_GOVERNANCE_COMPARISON,Resolve or explicitly pin canonical governance source before using this artifact for implementation comparison.,YES,NO
UNASSESSED-00985,governance/implementation/code-guides/drafting/CGP-006/WAVE_1_V1_1_GUIDE_COMPLETION_AND_ADOPTION_CANDIDATE_PREPARATION/CROSS_GUIDE_RECONCILIATION_REPORT.md,CANONICAL_SOURCE_CONFLICT_REQUIRES_REVIEW,BLOCKS_UNCONSTRAINED_CODE_TO_GOVERNANCE_COMPARISON,Resolve or explicitly pin canonical governance source before using this artifact for implementation comparison.,YES,NO
UNASSESSED-00986,governance/implementation/code-guides/drafting/CGP-006/WAVE_1_V1_1_GUIDE_COMPLETION_AND_ADOPTION_CANDIDATE_PREPARATION/CROSS_GUIDE_RECONCILIATION_REPORT.md,CANONICAL_SOURCE_CONFLICT_REQUIRES_REVIEW,BLOCKS_UNCONSTRAINED_CODE_TO_GOVERNANCE_COMPARISON,Resolve or explicitly pin canonical governance source before using this artifact for implementation comparison.,YES,NO
UNASSESSED-00987,governance/implementation/code-guides/drafting/CGP-006/WAVE_1_V1_1_GUIDE_COMPLETION_AND_ADOPTION_CANDIDATE_PREPARATION/CROSS_GUIDE_RECONCILIATION_REPORT.md,CANONICAL_SOURCE_CONFLICT_REQUIRES_REVIEW,BLOCKS_UNCONSTRAINED_CODE_TO_GOVERNANCE_COMPARISON,Resolve or explicitly pin canonical governance source before using this artifact for implementation comparison.,YES,NO
UNASSESSED-00988,governance/implementation/code-guides/drafting/CGP-006/WAVE_1_V1_1_GUIDE_COMPLETION_AND_ADOPTION_CANDIDATE_PREPARATION/CROSS_GUIDE_RECONCILIATION_REPORT.md,CANONICAL_SOURCE_CONFLICT_REQUIRES_REVIEW,BLOCKS_UNCONSTRAINED_CODE_TO_GOVERNANCE_COMPARISON,Resolve or explicitly pin canonical governance source before using this artifact for implementation comparison.,YES,NO
UNASSESSED-00989,governance/implementation/code-guides/drafting/CGP-006/WAVE_1_V1_1_GUIDE_COMPLETION_AND_ADOPTION_CANDIDATE_PREPARATION/CROSS_GUIDE_RECONCILIATION_REPORT.md,CANONICAL_SOURCE_CONFLICT_REQUIRES_REVIEW,BLOCKS_UNCONSTRAINED_CODE_TO_GOVERNANCE_COMPARISON,Resolve or explicitly pin canonical governance source before using this artifact for implementation comparison.,YES,NO
UNASSESSED-00990,governance/implementation/code-guides/drafting/CGP-006/WAVE_1_V1_1_GUIDE_COMPLETION_AND_ADOPTION_CANDIDATE_PREPARATION/CROSS_GUIDE_RECONCILIATION_REPORT.md,CANONICAL_SOURCE_CONFLICT_REQUIRES_REVIEW,BLOCKS_UNCONSTRAINED_CODE_TO_GOVERNANCE_COMPARISON,Resolve or explicitly pin canonical governance source before using this artifact for implementation comparison.,YES,NO
UNASSESSED-00991,governance/implementation/code-guides/drafting/CGP-006/WAVE_1_V1_1_GUIDE_COMPLETION_AND_ADOPTION_CANDIDATE_PREPARATION/CROSS_GUIDE_RECONCILIATION_REPORT.md,CANONICAL_SOURCE_CONFLICT_REQUIRES_REVIEW,BLOCKS_UNCONSTRAINED_CODE_TO_GOVERNANCE_COMPARISON,Resolve or explicitly pin canonical governance source before using this artifact for implementation comparison.,YES,NO
UNASSESSED-00992,governance/implementation/code-guides/drafting/CGP-006/WAVE_1_V1_1_GUIDE_COMPLETION_AND_ADOPTION_CANDIDATE_PREPARATION/CROSS_GUIDE_RECONCILIATION_REPORT.md,CANONICAL_SOURCE_CONFLICT_REQUIRES_REVIEW,BLOCKS_UNCONSTRAINED_CODE_TO_GOVERNANCE_COMPARISON,Resolve or explicitly pin canonical governance source before using this artifact for implementation comparison.,YES,NO
UNASSESSED-00993,governance/implementation/code-guides/drafting/CGP-006/WAVE_1_V1_1_GUIDE_COMPLETION_AND_ADOPTION_CANDIDATE_PREPARATION/CROSS_GUIDE_RECONCILIATION_REPORT.md,CANONICAL_SOURCE_CONFLICT_REQUIRES_REVIEW,BLOCKS_UNCONSTRAINED_CODE_TO_GOVERNANCE_COMPARISON,Resolve or explicitly pin canonical governance source before using this artifact for implementation comparison.,YES,NO
UNASSESSED-00994,governance/implementation/code-guides/drafting/CGP-006/WAVE_1_V1_1_GUIDE_COMPLETION_AND_ADOPTION_CANDIDATE_PREPARATION/CROSS_GUIDE_RECONCILIATION_REPORT.md,CANONICAL_SOURCE_CONFLICT_REQUIRES_REVIEW,BLOCKS_UNCONSTRAINED_CODE_TO_GOVERNANCE_COMPARISON,Resolve or explicitly pin canonical governance source before using this artifact for implementation comparison.,YES,NO
UNASSESSED-00995,governance/implementation/code-guides/drafting/CGP-006/WAVE_1_V1_1_GUIDE_COMPLETION_AND_ADOPTION_CANDIDATE_PREPARATION/CROSS_GUIDE_RECONCILIATION_REPORT.md,CANONICAL_SOURCE_CONFLICT_REQUIRES_REVIEW,BLOCKS_UNCONSTRAINED_CODE_TO_GOVERNANCE_COMPARISON,Resolve or explicitly pin canonical governance source before using this artifact for implementation comparison.,YES,NO
UNASSESSED-00996,governance/implementation/code-guides/drafting/CGP-006/WAVE_1_V1_1_GUIDE_COMPLETION_AND_ADOPTION_CANDIDATE_PREPARATION/CROSS_GUIDE_RECONCILIATION_REPORT.md,CANONICAL_SOURCE_CONFLICT_REQUIRES_REVIEW,BLOCKS_UNCONSTRAINED_CODE_TO_GOVERNANCE_COMPARISON,Resolve or explicitly pin canonical governance source before using this artifact for implementation comparison.,YES,NO
UNASSESSED-00997,governance/implementation/code-guides/drafting/CGP-006/WAVE_1_V1_1_GUIDE_COMPLETION_AND_ADOPTION_CANDIDATE_PREPARATION/CROSS_GUIDE_RECONCILIATION_REPORT.md,CANONICAL_SOURCE_CONFLICT_REQUIRES_REVIEW,BLOCKS_UNCONSTRAINED_CODE_TO_GOVERNANCE_COMPARISON,Resolve or explicitly pin canonical governance source before using this artifact for implementation comparison.,YES,NO
UNASSESSED-00998,governance/implementation/code-guides/drafting/CGP-006/WAVE_1_V1_1_GUIDE_COMPLETION_AND_ADOPTION_CANDIDATE_PREPARATION/CROSS_GUIDE_RECONCILIATION_REPORT.md,CANONICAL_SOURCE_CONFLICT_REQUIRES_REVIEW,BLOCKS_UNCONSTRAINED_CODE_TO_GOVERNANCE_COMPARISON,Resolve or explicitly pin canonical governance source before using this artifact for implementation comparison.,YES,NO
UNASSESSED-00999,governance/implementation/code-guides/drafting/CGP-006/WAVE_1_V1_1_GUIDE_COMPLETION_AND_ADOPTION_CANDIDATE_PREPARATION/guides/ES-CG-00/MANDATORY_QUESTION_RESPONSES.csv,CANONICAL_SOURCE_CONFLICT_REQUIRES_REVIEW,BLOCKS_UNCONSTRAINED_CODE_TO_GOVERNANCE_COMPARISON,Resolve or explicitly pin canonical governance source before using this artifact for implementation comparison.,YES,NO
UNASSESSED-01000,governance/implementation/code-guides/drafting/CGP-006/WAVE_1_V1_1_GUIDE_COMPLETION_AND_ADOPTION_CANDIDATE_PREPARATION/guides/ES-CG-00/REPRESENTATIVE_SCENARIO_VALIDATION.csv,CANONICAL_SOURCE_CONFLICT_REQUIRES_REVIEW,BLOCKS_UNCONSTRAINED_CODE_TO_GOVERNANCE_COMPARISON,Resolve or explicitly pin canonical governance source before using this artifact for implementation comparison.,YES,NO
UNASSESSED-01001,governance/implementation/code-guides/drafting/CGP-006/WAVE_1_V1_1_GUIDE_COMPLETION_AND_ADOPTION_CANDIDATE_PREPARATION/guides/ES-CG-01/CONTROL_CATALOG.csv,CANONICAL_SOURCE_CONFLICT_REQUIRES_REVIEW,BLOCKS_UNCONSTRAINED_CODE_TO_GOVERNANCE_COMPARISON,Resolve or explicitly pin canonical governance source before using this artifact for implementation comparison.,YES,NO
UNASSESSED-01002,governance/implementation/code-guides/drafting/CGP-006/WAVE_1_V1_1_GUIDE_COMPLETION_AND_ADOPTION_CANDIDATE_PREPARATION/guides/ES-CG-01/CONTROL_CATALOG.csv,CANONICAL_SOURCE_CONFLICT_REQUIRES_REVIEW,BLOCKS_UNCONSTRAINED_CODE_TO_GOVERNANCE_COMPARISON,Resolve or explicitly pin canonical governance source before using this artifact for implementation comparison.,YES,NO
UNASSESSED-01003,governance/implementation/code-guides/drafting/CGP-006/WAVE_1_V1_1_GUIDE_COMPLETION_AND_ADOPTION_CANDIDATE_PREPARATION/guides/ES-CG-01/CONTROL_CATALOG.csv,CANONICAL_SOURCE_CONFLICT_REQUIRES_REVIEW,BLOCKS_UNCONSTRAINED_CODE_TO_GOVERNANCE_COMPARISON,Resolve or explicitly pin canonical governance source before using this artifact for implementation comparison.,YES,NO
UNASSESSED-01004,governance/implementation/code-guides/drafting/CGP-006/WAVE_1_V1_1_GUIDE_COMPLETION_AND_ADOPTION_CANDIDATE_PREPARATION/guides/ES-CG-01/CONTROL_CATALOG.csv,CANONICAL_SOURCE_CONFLICT_REQUIRES_REVIEW,BLOCKS_UNCONSTRAINED_CODE_TO_GOVERNANCE_COMPARISON,Resolve or explicitly pin canonical governance source before using this artifact for implementation comparison.,YES,NO
UNASSESSED-01005,governance/implementation/code-guides/drafting/CGP-006/WAVE_1_V1_1_GUIDE_COMPLETION_AND_ADOPTION_CANDIDATE_PREPARATION/guides/ES-CG-01/CONTROL_CATALOG.csv,CANONICAL_SOURCE_CONFLICT_REQUIRES_REVIEW,BLOCKS_UNCONSTRAINED_CODE_TO_GOVERNANCE_COMPARISON,Resolve or explicitly pin canonical governance source before using this artifact for implementation comparison.,YES,NO
UNASSESSED-01006,governance/implementation/code-guides/drafting/CGP-006/WAVE_1_V1_1_GUIDE_COMPLETION_AND_ADOPTION_CANDIDATE_PREPARATION/guides/ES-CG-01/RISK_MISUSE_ABUSE_FAILURE_ANALYSIS.csv,CANONICAL_SOURCE_CONFLICT_REQUIRES_REVIEW,BLOCKS_UNCONSTRAINED_CODE_TO_GOVERNANCE_COMPARISON,Resolve or explicitly pin canonical governance source before using this artifact for implementation comparison.,YES,NO
UNASSESSED-01007,governance/implementation/code-guides/drafting/CGP-006/WAVE_1_V1_1_GUIDE_COMPLETION_AND_ADOPTION_CANDIDATE_PREPARATION/guides/ES-CG-10/RISK_MISUSE_ABUSE_FAILURE_ANALYSIS.csv,CANONICAL_SOURCE_CONFLICT_REQUIRES_REVIEW,BLOCKS_UNCONSTRAINED_CODE_TO_GOVERNANCE_COMPARISON,Resolve or explicitly pin canonical governance source before using this artifact for implementation comparison.,YES,NO
UNASSESSED-01008,governance/implementation/code-guides/drafting/CGP-006/WAVE_1_V1_1_GUIDE_COMPLETION_AND_ADOPTION_CANDIDATE_PREPARATION/MANDATORY_QUESTION_MASTER_REGISTER.csv,CANONICAL_SOURCE_CONFLICT_REQUIRES_REVIEW,BLOCKS_UNCONSTRAINED_CODE_TO_GOVERNANCE_COMPARISON,Resolve or explicitly pin canonical governance source before using this artifact for implementation comparison.,YES,NO
UNASSESSED-01009,governance/implementation/code-guides/drafting/CGP-006/WAVE_1_WARNING_GAP_DISPOSITION_V1/matrices/CGP_006_WAVE_1_GAP_TO_INVARIANT_MATRIX.csv,CANONICAL_SOURCE_CONFLICT_REQUIRES_REVIEW,BLOCKS_UNCONSTRAINED_CODE_TO_GOVERNANCE_COMPARISON,Resolve or explicitly pin canonical governance source before using this artifact for implementation comparison.,YES,NO
UNASSESSED-01010,governance/implementation/code-guides/drafting/CGP-006/WAVE_1_WARNING_GAP_DISPOSITION_V1/registers/CGP_006_WAVE_1_WARNING_GAP_DISPOSITION_REGISTER.csv,CANONICAL_SOURCE_CONFLICT_REQUIRES_REVIEW,BLOCKS_UNCONSTRAINED_CODE_TO_GOVERNANCE_COMPARISON,Resolve or explicitly pin canonical governance source before using this artifact for implementation comparison.,YES,NO
UNASSESSED-01011,governance/implementation/code-guides/drafting/CGP-006/WAVE_1_WARNING_GAP_DISPOSITION_V1/registers/CGP_006_WAVE_1_WARNING_GAP_DISPOSITION_REGISTER.csv,CANONICAL_SOURCE_CONFLICT_REQUIRES_REVIEW,BLOCKS_UNCONSTRAINED_CODE_TO_GOVERNANCE_COMPARISON,Resolve or explicitly pin canonical governance source before using this artifact for implementation comparison.,YES,NO
UNASSESSED-01012,governance/implementation/code-guides/drafting/CGP-006/WAVE_1_WARNING_GAP_DISPOSITION_V1/registers/CGP_006_WAVE_1_WARNING_GAP_DISPOSITION_REGISTER.csv,CANONICAL_SOURCE_CONFLICT_REQUIRES_REVIEW,BLOCKS_UNCONSTRAINED_CODE_TO_GOVERNANCE_COMPARISON,Resolve or explicitly pin canonical governance source before using this artifact for implementation comparison.,YES,NO
UNASSESSED-01013,governance/implementation/code-guides/drafting/CGP-006/WAVE_1_WARNING_GAP_DISPOSITION_V1/registers/CGP_006_WAVE_1_WARNING_GAP_DISPOSITION_REGISTER.csv,CANONICAL_SOURCE_CONFLICT_REQUIRES_REVIEW,BLOCKS_UNCONSTRAINED_CODE_TO_GOVERNANCE_COMPARISON,Resolve or explicitly pin canonical governance source before using this artifact for implementation comparison.,YES,NO
UNASSESSED-01014,governance/implementation/code-guides/drafting/CGP-006/WAVE_1_WARNING_GAP_DISPOSITION_V1/registers/CGP_006_WAVE_1_WARNING_GAP_DISPOSITION_REGISTER.csv,CANONICAL_SOURCE_CONFLICT_REQUIRES_REVIEW,BLOCKS_UNCONSTRAINED_CODE_TO_GOVERNANCE_COMPARISON,Resolve or explicitly pin canonical governance source before using this artifact for implementation comparison.,YES,NO
UNASSESSED-01015,governance/implementation/code-guides/drafting/CGP-006/WAVE_1_WARNING_GAP_DISPOSITION_V1/registers/CGP_006_WAVE_1_WARNING_GAP_DISPOSITION_REGISTER.csv,CANONICAL_SOURCE_CONFLICT_REQUIRES_REVIEW,BLOCKS_UNCONSTRAINED_CODE_TO_GOVERNANCE_COMPARISON,Resolve or explicitly pin canonical governance source before using this artifact for implementation comparison.,YES,NO
UNASSESSED-01016,governance/implementation/code-guides/drafting/CGP-006/WAVE_1_WARNING_GAP_DISPOSITION_V1/registers/CGP_006_WAVE_1_WARNING_GAP_DISPOSITION_REGISTER.csv,CANONICAL_SOURCE_CONFLICT_REQUIRES_REVIEW,BLOCKS_UNCONSTRAINED_CODE_TO_GOVERNANCE_COMPARISON,Resolve or explicitly pin canonical governance source before using this artifact for implementation comparison.,YES,NO
UNASSESSED-01017,governance/implementation/code-guides/drafting/CGP-006/WAVE_1_WARNING_GAP_DISPOSITION_V1/registers/CGP_006_WAVE_1_WARNING_GAP_DISPOSITION_REGISTER.csv,CANONICAL_SOURCE_CONFLICT_REQUIRES_REVIEW,BLOCKS_UNCONSTRAINED_CODE_TO_GOVERNANCE_COMPARISON,Resolve or explicitly pin canonical governance source before using this artifact for implementation comparison.,YES,NO
UNASSESSED-01018,governance/implementation/code-guides/founder-determinations/ES-FD-SOLO-FOUNDER-COMPENSATING-ASSURANCE-2026-07-29/ACCESSION_READINESS_REPORT.md,CANONICAL_SOURCE_CONFLICT_REQUIRES_REVIEW,BLOCKS_UNCONSTRAINED_CODE_TO_GOVERNANCE_COMPARISON,Resolve or explicitly pin canonical governance source before using this artifact for implementation comparison.,YES,NO
UNASSESSED-01019,governance/implementation/code-guides/founder-determinations/ES-FD-SOLO-FOUNDER-COMPENSATING-ASSURANCE-2026-07-29/ACCESSION_READINESS_REPORT.md,CANONICAL_SOURCE_CONFLICT_REQUIRES_REVIEW,BLOCKS_UNCONSTRAINED_CODE_TO_GOVERNANCE_COMPARISON,Resolve or explicitly pin canonical governance source before using this artifact for implementation comparison.,YES,NO
UNASSESSED-01020,governance/implementation/code-guides/founder-determinations/ES-FD-SOLO-FOUNDER-COMPENSATING-ASSURANCE-2026-07-29/FOUNDER_APPROVAL_RECORD.md,CANONICAL_SOURCE_CONFLICT_REQUIRES_REVIEW,BLOCKS_UNCONSTRAINED_CODE_TO_GOVERNANCE_COMPARISON,Resolve or explicitly pin canonical governance source before using this artifact for implementation comparison.,YES,NO
UNASSESSED-01021,governance/implementation/code-guides/founder-determinations/ES-FD-SOLO-FOUNDER-COMPENSATING-ASSURANCE-2026-07-29/FOUNDER_APPROVAL_RECORD.md,CANONICAL_SOURCE_CONFLICT_REQUIRES_REVIEW,BLOCKS_UNCONSTRAINED_CODE_TO_GOVERNANCE_COMPARISON,Resolve or explicitly pin canonical governance source before using this artifact for implementation comparison.,YES,NO
UNASSESSED-01022,governance/implementation/code-guides/founder-determinations/ES-FD-SOLO-FOUNDER-COMPENSATING-ASSURANCE-2026-07-29/README.md,CANONICAL_SOURCE_CONFLICT_REQUIRES_REVIEW,BLOCKS_UNCONSTRAINED_CODE_TO_GOVERNANCE_COMPARISON,Resolve or explicitly pin canonical governance source before using this artifact for implementation comparison.,YES,NO
UNASSESSED-01023,governance/implementation/code-guides/founder-determinations/ES-FD-SOLO-FOUNDER-COMPENSATING-ASSURANCE-2026-07-29/README.md,CANONICAL_SOURCE_CONFLICT_REQUIRES_REVIEW,BLOCKS_UNCONSTRAINED_CODE_TO_GOVERNANCE_COMPARISON,Resolve or explicitly pin canonical governance source before using this artifact for implementation comparison.,YES,NO
UNASSESSED-01024,governance/implementation/code-guides/guides/ES-CG-00/source-freeze/ES-CG-00_SOURCE_FREEZE_REGISTER.csv,FEATURE_INCLUSION_CONFLICT_OR_TRACEABILITY_RISK,BLOCKS_AFFECTED_FEATURE_COMPARISON,Fix feature-to-governance inclusion mapping for affected feature scope before comparing that feature.,NO_UNLESS_AFFECTED_SCOPE,NO
UNASSESSED-01025,governance/implementation/code-guides/guides/ES-CG-00/source-freeze/ES-CG-00_SOURCE_FREEZE_REGISTER.csv,FEATURE_INCLUSION_CONFLICT_OR_TRACEABILITY_RISK,BLOCKS_AFFECTED_FEATURE_COMPARISON,Fix feature-to-governance inclusion mapping for affected feature scope before comparing that feature.,NO_UNLESS_AFFECTED_SCOPE,NO
UNASSESSED-01026,governance/implementation/code-guides/guides/ES-CG-00/source-freeze/ES-CG-00_SOURCE_FREEZE_REGISTER.csv,FEATURE_INCLUSION_CONFLICT_OR_TRACEABILITY_RISK,BLOCKS_AFFECTED_FEATURE_COMPARISON,Fix feature-to-governance inclusion mapping for affected feature scope before comparing that feature.,NO_UNLESS_AFFECTED_SCOPE,NO
UNASSESSED-01027,governance/implementation/code-guides/guides/ES-CG-00/source-freeze/ES-CG-00_SOURCE_FREEZE_REGISTER.csv,FEATURE_INCLUSION_CONFLICT_OR_TRACEABILITY_RISK,BLOCKS_AFFECTED_FEATURE_COMPARISON,Fix feature-to-governance inclusion mapping for affected feature scope before comparing that feature.,NO_UNLESS_AFFECTED_SCOPE,NO
UNASSESSED-01028,governance/implementation/code-guides/guides/ES-CG-00/source-freeze/ES-CG-00_SOURCE_FREEZE_REGISTER.csv,FEATURE_INCLUSION_CONFLICT_OR_TRACEABILITY_RISK,BLOCKS_AFFECTED_FEATURE_COMPARISON,Fix feature-to-governance inclusion mapping for affected feature scope before comparing that feature.,NO_UNLESS_AFFECTED_SCOPE,NO
UNASSESSED-01029,governance/implementation/code-guides/guides/ES-CG-00/source-freeze/ES-CG-00_SOURCE_FREEZE_REGISTER.csv,FEATURE_INCLUSION_CONFLICT_OR_TRACEABILITY_RISK,BLOCKS_AFFECTED_FEATURE_COMPARISON,Fix feature-to-governance inclusion mapping for affected feature scope before comparing that feature.,NO_UNLESS_AFFECTED_SCOPE,NO
UNASSESSED-01030,governance/implementation/code-guides/guides/ES-CG-00/source-freeze/ES-CG-00_SOURCE_FREEZE_REGISTER.csv,FEATURE_INCLUSION_CONFLICT_OR_TRACEABILITY_RISK,BLOCKS_AFFECTED_FEATURE_COMPARISON,Fix feature-to-governance inclusion mapping for affected feature scope before comparing that feature.,NO_UNLESS_AFFECTED_SCOPE,NO
UNASSESSED-01031,governance/implementation/code-guides/guides/ES-CG-00/source-freeze/ES-CG-00_SOURCE_FREEZE_REGISTER.csv,FEATURE_INCLUSION_CONFLICT_OR_TRACEABILITY_RISK,BLOCKS_AFFECTED_FEATURE_COMPARISON,Fix feature-to-governance inclusion mapping for affected feature scope before comparing that feature.,NO_UNLESS_AFFECTED_SCOPE,NO
UNASSESSED-01032,governance/implementation/code-guides/guides/ES-CG-01/source-freeze/ES-CG-01_SOURCE_FREEZE_REGISTER.csv,FEATURE_INCLUSION_CONFLICT_OR_TRACEABILITY_RISK,BLOCKS_AFFECTED_FEATURE_COMPARISON,Fix feature-to-governance inclusion mapping for affected feature scope before comparing that feature.,NO_UNLESS_AFFECTED_SCOPE,NO
UNASSESSED-01033,governance/implementation/code-guides/guides/ES-CG-01/source-freeze/ES-CG-01_SOURCE_FREEZE_REGISTER.csv,FEATURE_INCLUSION_CONFLICT_OR_TRACEABILITY_RISK,BLOCKS_AFFECTED_FEATURE_COMPARISON,Fix feature-to-governance inclusion mapping for affected feature scope before comparing that feature.,NO_UNLESS_AFFECTED_SCOPE,NO
UNASSESSED-01034,governance/implementation/code-guides/guides/ES-CG-01/source-freeze/ES-CG-01_SOURCE_FREEZE_REGISTER.csv,FEATURE_INCLUSION_CONFLICT_OR_TRACEABILITY_RISK,BLOCKS_AFFECTED_FEATURE_COMPARISON,Fix feature-to-governance inclusion mapping for affected feature scope before comparing that feature.,NO_UNLESS_AFFECTED_SCOPE,NO
UNASSESSED-01035,governance/implementation/code-guides/guides/ES-CG-01/source-freeze/ES-CG-01_SOURCE_FREEZE_REGISTER.csv,FEATURE_INCLUSION_CONFLICT_OR_TRACEABILITY_RISK,BLOCKS_AFFECTED_FEATURE_COMPARISON,Fix feature-to-governance inclusion mapping for affected feature scope before comparing that feature.,NO_UNLESS_AFFECTED_SCOPE,NO
UNASSESSED-01036,governance/implementation/code-guides/guides/ES-CG-01/source-freeze/ES-CG-01_SOURCE_FREEZE_REGISTER.csv,FEATURE_INCLUSION_CONFLICT_OR_TRACEABILITY_RISK,BLOCKS_AFFECTED_FEATURE_COMPARISON,Fix feature-to-governance inclusion mapping for affected feature scope before comparing that feature.,NO_UNLESS_AFFECTED_SCOPE,NO
UNASSESSED-01037,governance/implementation/code-guides/guides/ES-CG-01/source-freeze/ES-CG-01_SOURCE_FREEZE_REGISTER.csv,FEATURE_INCLUSION_CONFLICT_OR_TRACEABILITY_RISK,BLOCKS_AFFECTED_FEATURE_COMPARISON,Fix feature-to-governance inclusion mapping for affected feature scope before comparing that feature.,NO_UNLESS_AFFECTED_SCOPE,NO
UNASSESSED-01038,governance/implementation/code-guides/guides/ES-CG-01/source-freeze/ES-CG-01_SOURCE_FREEZE_REGISTER.csv,FEATURE_INCLUSION_CONFLICT_OR_TRACEABILITY_RISK,BLOCKS_AFFECTED_FEATURE_COMPARISON,Fix feature-to-governance inclusion mapping for affected feature scope before comparing that feature.,NO_UNLESS_AFFECTED_SCOPE,NO
UNASSESSED-01039,governance/implementation/code-guides/guides/ES-CG-01/source-freeze/ES-CG-01_SOURCE_FREEZE_REGISTER.csv,FEATURE_INCLUSION_CONFLICT_OR_TRACEABILITY_RISK,BLOCKS_AFFECTED_FEATURE_COMPARISON,Fix feature-to-governance inclusion mapping for affected feature scope before comparing that feature.,NO_UNLESS_AFFECTED_SCOPE,NO
UNASSESSED-01040,governance/implementation/code-guides/guides/ES-CG-10/source-freeze/ES-CG-10_SOURCE_FREEZE_REGISTER.csv,FEATURE_INCLUSION_CONFLICT_OR_TRACEABILITY_RISK,BLOCKS_AFFECTED_FEATURE_COMPARISON,Fix feature-to-governance inclusion mapping for affected feature scope before comparing that feature.,NO_UNLESS_AFFECTED_SCOPE,NO
UNASSESSED-01041,governance/implementation/code-guides/guides/ES-CG-10/source-freeze/ES-CG-10_SOURCE_FREEZE_REGISTER.csv,FEATURE_INCLUSION_CONFLICT_OR_TRACEABILITY_RISK,BLOCKS_AFFECTED_FEATURE_COMPARISON,Fix feature-to-governance inclusion mapping for affected feature scope before comparing that feature.,NO_UNLESS_AFFECTED_SCOPE,NO
UNASSESSED-01042,governance/implementation/code-guides/guides/ES-CG-10/source-freeze/ES-CG-10_SOURCE_FREEZE_REGISTER.csv,FEATURE_INCLUSION_CONFLICT_OR_TRACEABILITY_RISK,BLOCKS_AFFECTED_FEATURE_COMPARISON,Fix feature-to-governance inclusion mapping for affected feature scope before comparing that feature.,NO_UNLESS_AFFECTED_SCOPE,NO
UNASSESSED-01043,governance/implementation/code-guides/guides/ES-CG-10/source-freeze/ES-CG-10_SOURCE_FREEZE_REGISTER.csv,FEATURE_INCLUSION_CONFLICT_OR_TRACEABILITY_RISK,BLOCKS_AFFECTED_FEATURE_COMPARISON,Fix feature-to-governance inclusion mapping for affected feature scope before comparing that feature.,NO_UNLESS_AFFECTED_SCOPE,NO
UNASSESSED-01044,governance/implementation/code-guides/guides/ES-CG-10/source-freeze/ES-CG-10_SOURCE_FREEZE_REGISTER.csv,FEATURE_INCLUSION_CONFLICT_OR_TRACEABILITY_RISK,BLOCKS_AFFECTED_FEATURE_COMPARISON,Fix feature-to-governance inclusion mapping for affected feature scope before comparing that feature.,NO_UNLESS_AFFECTED_SCOPE,NO
UNASSESSED-01045,governance/implementation/code-guides/guides/ES-CG-10/source-freeze/ES-CG-10_SOURCE_FREEZE_REGISTER.csv,FEATURE_INCLUSION_CONFLICT_OR_TRACEABILITY_RISK,BLOCKS_AFFECTED_FEATURE_COMPARISON,Fix feature-to-governance inclusion mapping for affected feature scope before comparing that feature.,NO_UNLESS_AFFECTED_SCOPE,NO
UNASSESSED-01046,governance/implementation/code-guides/guides/ES-CG-10/source-freeze/ES-CG-10_SOURCE_FREEZE_REGISTER.csv,FEATURE_INCLUSION_CONFLICT_OR_TRACEABILITY_RISK,BLOCKS_AFFECTED_FEATURE_COMPARISON,Fix feature-to-governance inclusion mapping for affected feature scope before comparing that feature.,NO_UNLESS_AFFECTED_SCOPE,NO
UNASSESSED-01047,governance/implementation/code-guides/guides/ES-CG-10/source-freeze/ES-CG-10_SOURCE_FREEZE_REGISTER.csv,FEATURE_INCLUSION_CONFLICT_OR_TRACEABILITY_RISK,BLOCKS_AFFECTED_FEATURE_COMPARISON,Fix feature-to-governance inclusion mapping for affected feature scope before comparing that feature.,NO_UNLESS_AFFECTED_SCOPE,NO
UNASSESSED-01048,governance/implementation/code-guides/guides/ES-CG-13/source-freeze/ES-CG-13_SOURCE_FREEZE_REGISTER.csv,FEATURE_INCLUSION_CONFLICT_OR_TRACEABILITY_RISK,BLOCKS_AFFECTED_FEATURE_COMPARISON,Fix feature-to-governance inclusion mapping for affected feature scope before comparing that feature.,NO_UNLESS_AFFECTED_SCOPE,NO
UNASSESSED-01049,governance/implementation/code-guides/guides/ES-CG-13/source-freeze/ES-CG-13_SOURCE_FREEZE_REGISTER.csv,FEATURE_INCLUSION_CONFLICT_OR_TRACEABILITY_RISK,BLOCKS_AFFECTED_FEATURE_COMPARISON,Fix feature-to-governance inclusion mapping for affected feature scope before comparing that feature.,NO_UNLESS_AFFECTED_SCOPE,NO
UNASSESSED-01050,governance/implementation/code-guides/guides/ES-CG-13/source-freeze/ES-CG-13_SOURCE_FREEZE_REGISTER.csv,FEATURE_INCLUSION_CONFLICT_OR_TRACEABILITY_RISK,BLOCKS_AFFECTED_FEATURE_COMPARISON,Fix feature-to-governance inclusion mapping for affected feature scope before comparing that feature.,NO_UNLESS_AFFECTED_SCOPE,NO
UNASSESSED-01051,governance/implementation/code-guides/guides/ES-CG-13/source-freeze/ES-CG-13_SOURCE_FREEZE_REGISTER.csv,FEATURE_INCLUSION_CONFLICT_OR_TRACEABILITY_RISK,BLOCKS_AFFECTED_FEATURE_COMPARISON,Fix feature-to-governance inclusion mapping for affected feature scope before comparing that feature.,NO_UNLESS_AFFECTED_SCOPE,NO
UNASSESSED-01052,governance/implementation/code-guides/guides/ES-CG-13/source-freeze/ES-CG-13_SOURCE_FREEZE_REGISTER.csv,FEATURE_INCLUSION_CONFLICT_OR_TRACEABILITY_RISK,BLOCKS_AFFECTED_FEATURE_COMPARISON,Fix feature-to-governance inclusion mapping for affected feature scope before comparing that feature.,NO_UNLESS_AFFECTED_SCOPE,NO
UNASSESSED-01053,governance/implementation/code-guides/guides/ES-CG-13/source-freeze/ES-CG-13_SOURCE_FREEZE_REGISTER.csv,FEATURE_INCLUSION_CONFLICT_OR_TRACEABILITY_RISK,BLOCKS_AFFECTED_FEATURE_COMPARISON,Fix feature-to-governance inclusion mapping for affected feature scope before comparing that feature.,NO_UNLESS_AFFECTED_SCOPE,NO
UNASSESSED-01054,governance/implementation/code-guides/guides/ES-CG-13/source-freeze/ES-CG-13_SOURCE_FREEZE_REGISTER.csv,FEATURE_INCLUSION_CONFLICT_OR_TRACEABILITY_RISK,BLOCKS_AFFECTED_FEATURE_COMPARISON,Fix feature-to-governance inclusion mapping for affected feature scope before comparing that feature.,NO_UNLESS_AFFECTED_SCOPE,NO
UNASSESSED-01055,governance/implementation/code-guides/guides/ES-CG-13/source-freeze/ES-CG-13_SOURCE_FREEZE_REGISTER.csv,FEATURE_INCLUSION_CONFLICT_OR_TRACEABILITY_RISK,BLOCKS_AFFECTED_FEATURE_COMPARISON,Fix feature-to-governance inclusion mapping for affected feature scope before comparing that feature.,NO_UNLESS_AFFECTED_SCOPE,NO
UNASSESSED-01056,governance/implementation/code-guides/handoffs/CGP_006_WAVE_1_BOUNDED_CANDIDATE_DRAFTING_HANDOFF.md,CANONICAL_SOURCE_CONFLICT_REQUIRES_REVIEW,BLOCKS_UNCONSTRAINED_CODE_TO_GOVERNANCE_COMPARISON,Resolve or explicitly pin canonical governance source before using this artifact for implementation comparison.,YES,NO
UNASSESSED-01057,governance/implementation/code-guides/PROGRAM_STATUS.md,FEATURE_INCLUSION_CONFLICT_OR_TRACEABILITY_RISK,BLOCKS_AFFECTED_FEATURE_COMPARISON,Fix feature-to-governance inclusion mapping for affected feature scope before comparing that feature.,NO_UNLESS_AFFECTED_SCOPE,NO
UNASSESSED-01058,governance/implementation/code-guides/receipts/CGP_004_FOUNDER_DECISION_RECONCILIATION.md,CANONICAL_SOURCE_CONFLICT_REQUIRES_REVIEW,BLOCKS_UNCONSTRAINED_CODE_TO_GOVERNANCE_COMPARISON,Resolve or explicitly pin canonical governance source before using this artifact for implementation comparison.,YES,NO
UNASSESSED-01059,governance/implementation/code-guides/receipts/CGP_005_TECHNICAL_AUDIT_APPENDIX_REPOSITORY_INTEGRATION_RECEIPT.md,CANONICAL_SOURCE_CONFLICT_REQUIRES_REVIEW,BLOCKS_UNCONSTRAINED_CODE_TO_GOVERNANCE_COMPARISON,Resolve or explicitly pin canonical governance source before using this artifact for implementation comparison.,YES,NO
UNASSESSED-01060,governance/implementation/code-guides/receipts/CGP_006_DOCUMENT_CLASSIFICATION_GATE_REPOSITORY_INTEGRATION_RECEIPT.md,CANONICAL_SOURCE_CONFLICT_REQUIRES_REVIEW,BLOCKS_UNCONSTRAINED_CODE_TO_GOVERNANCE_COMPARISON,Resolve or explicitly pin canonical governance source before using this artifact for implementation comparison.,YES,NO
UNASSESSED-01061,governance/implementation/code-guides/receipts/CGP_006_WAVE_1_CONDITIONAL_ADOPTION_CUSTODY_RECEIPT.md,FEATURE_INCLUSION_CONFLICT_OR_TRACEABILITY_RISK,BLOCKS_AFFECTED_FEATURE_COMPARISON,Fix feature-to-governance inclusion mapping for affected feature scope before comparing that feature.,NO_UNLESS_AFFECTED_SCOPE,NO
UNASSESSED-01062,governance/implementation/code-guides/receipts/CGP_006_WAVE_1_CONDITIONAL_ADOPTION_CUSTODY_RECEIPT.md,FEATURE_INCLUSION_CONFLICT_OR_TRACEABILITY_RISK,BLOCKS_AFFECTED_FEATURE_COMPARISON,Fix feature-to-governance inclusion mapping for affected feature scope before comparing that feature.,NO_UNLESS_AFFECTED_SCOPE,NO
UNASSESSED-01063,governance/implementation/code-guides/receipts/ES_CODE_GUIDE_PROGRAM_V1_1_REVISION_AND_PR_44_SUCCESSOR_CUSTODY_RECEIPT.md,CANONICAL_SOURCE_CONFLICT_REQUIRES_REVIEW,BLOCKS_UNCONSTRAINED_CODE_TO_GOVERNANCE_COMPARISON,Resolve or explicitly pin canonical governance source before using this artifact for implementation comparison.,YES,NO
UNASSESSED-01064,governance/implementation/code-guides/receipts/ES_CODE_GUIDE_PROGRAM_V1_1_REVISION_AND_PR_44_SUCCESSOR_CUSTODY_RECEIPT.md,CANONICAL_SOURCE_CONFLICT_REQUIRES_REVIEW,BLOCKS_UNCONSTRAINED_CODE_TO_GOVERNANCE_COMPARISON,Resolve or explicitly pin canonical governance source before using this artifact for implementation comparison.,YES,NO
UNASSESSED-01065,governance/implementation/code-guides/receipts/ES_CODE_GUIDE_PROGRAM_V1_1_REVISION_AND_PR_44_SUCCESSOR_CUSTODY_RECEIPT.md,CANONICAL_SOURCE_CONFLICT_REQUIRES_REVIEW,BLOCKS_UNCONSTRAINED_CODE_TO_GOVERNANCE_COMPARISON,Resolve or explicitly pin canonical governance source before using this artifact for implementation comparison.,YES,NO
UNASSESSED-01066,governance/implementation/code-guides/registers/CODE_GUIDE_OPEN_DECISION_REGISTER.csv,CANONICAL_SOURCE_CONFLICT_REQUIRES_REVIEW,BLOCKS_UNCONSTRAINED_CODE_TO_GOVERNANCE_COMPARISON,Resolve or explicitly pin canonical governance source before using this artifact for implementation comparison.,YES,NO
UNASSESSED-01067,governance/implementation/code-guides/registers/CODE_GUIDE_OPEN_DECISION_REGISTER.csv,CANONICAL_SOURCE_CONFLICT_REQUIRES_REVIEW,BLOCKS_UNCONSTRAINED_CODE_TO_GOVERNANCE_COMPARISON,Resolve or explicitly pin canonical governance source before using this artifact for implementation comparison.,YES,NO
UNASSESSED-01068,governance/implementation/code-guides/registers/CODE_GUIDE_OPEN_DECISION_REGISTER.csv,CANONICAL_SOURCE_CONFLICT_REQUIRES_REVIEW,BLOCKS_UNCONSTRAINED_CODE_TO_GOVERNANCE_COMPARISON,Resolve or explicitly pin canonical governance source before using this artifact for implementation comparison.,YES,NO
UNASSESSED-01069,governance/implementation/code-guides/registers/CODE_GUIDE_OPEN_DECISION_REGISTER.csv,CANONICAL_SOURCE_CONFLICT_REQUIRES_REVIEW,BLOCKS_UNCONSTRAINED_CODE_TO_GOVERNANCE_COMPARISON,Resolve or explicitly pin canonical governance source before using this artifact for implementation comparison.,YES,NO
UNASSESSED-01070,governance/implementation/code-guides/registers/CODE_GUIDE_OPEN_DECISION_REGISTER.csv,CANONICAL_SOURCE_CONFLICT_REQUIRES_REVIEW,BLOCKS_UNCONSTRAINED_CODE_TO_GOVERNANCE_COMPARISON,Resolve or explicitly pin canonical governance source before using this artifact for implementation comparison.,YES,NO
UNASSESSED-01071,governance/implementation/code-guides/registers/CODE_GUIDE_OPEN_DECISION_REGISTER.csv,CANONICAL_SOURCE_CONFLICT_REQUIRES_REVIEW,BLOCKS_UNCONSTRAINED_CODE_TO_GOVERNANCE_COMPARISON,Resolve or explicitly pin canonical governance source before using this artifact for implementation comparison.,YES,NO
UNASSESSED-01072,governance/implementation/code-guides/registers/CODE_GUIDE_OPEN_DECISION_REGISTER.csv,CANONICAL_SOURCE_CONFLICT_REQUIRES_REVIEW,BLOCKS_UNCONSTRAINED_CODE_TO_GOVERNANCE_COMPARISON,Resolve or explicitly pin canonical governance source before using this artifact for implementation comparison.,YES,NO
UNASSESSED-01073,governance/implementation/code-guides/registers/CODE_GUIDE_OPEN_DECISION_REGISTER.csv,CANONICAL_SOURCE_CONFLICT_REQUIRES_REVIEW,BLOCKS_UNCONSTRAINED_CODE_TO_GOVERNANCE_COMPARISON,Resolve or explicitly pin canonical governance source before using this artifact for implementation comparison.,YES,NO
UNASSESSED-01074,governance/implementation/code-guides/registers/GUIDE_REVIEW_FINDING_REGISTER.csv,FEATURE_INCLUSION_CONFLICT_OR_TRACEABILITY_RISK,BLOCKS_AFFECTED_FEATURE_COMPARISON,Fix feature-to-governance inclusion mapping for affected feature scope before comparing that feature.,NO_UNLESS_AFFECTED_SCOPE,NO
UNASSESSED-01075,governance/implementation/code-guides/registers/GUIDE_REVIEW_FINDING_REGISTER.csv,FEATURE_INCLUSION_CONFLICT_OR_TRACEABILITY_RISK,BLOCKS_AFFECTED_FEATURE_COMPARISON,Fix feature-to-governance inclusion mapping for affected feature scope before comparing that feature.,NO_UNLESS_AFFECTED_SCOPE,NO
UNASSESSED-01076,governance/implementation/code-guides/registers/GUIDE_REVIEW_FINDING_REGISTER.csv,FEATURE_INCLUSION_CONFLICT_OR_TRACEABILITY_RISK,BLOCKS_AFFECTED_FEATURE_COMPARISON,Fix feature-to-governance inclusion mapping for affected feature scope before comparing that feature.,NO_UNLESS_AFFECTED_SCOPE,NO
UNASSESSED-01077,governance/implementation/code-guides/registers/GUIDE_REVIEW_FINDING_REGISTER.csv,FEATURE_INCLUSION_CONFLICT_OR_TRACEABILITY_RISK,BLOCKS_AFFECTED_FEATURE_COMPARISON,Fix feature-to-governance inclusion mapping for affected feature scope before comparing that feature.,NO_UNLESS_AFFECTED_SCOPE,NO
UNASSESSED-01078,governance/implementation/code-guides/registers/OPEN_DECISION_REGISTER.csv,CANONICAL_SOURCE_CONFLICT_REQUIRES_REVIEW,BLOCKS_UNCONSTRAINED_CODE_TO_GOVERNANCE_COMPARISON,Resolve or explicitly pin canonical governance source before using this artifact for implementation comparison.,YES,NO
UNASSESSED-01079,governance/implementation/code-guides/registers/OPEN_DECISION_REGISTER.csv,CANONICAL_SOURCE_CONFLICT_REQUIRES_REVIEW,BLOCKS_UNCONSTRAINED_CODE_TO_GOVERNANCE_COMPARISON,Resolve or explicitly pin canonical governance source before using this artifact for implementation comparison.,YES,NO
UNASSESSED-01080,governance/implementation/code-guides/registers/OPEN_DECISION_REGISTER.csv,CANONICAL_SOURCE_CONFLICT_REQUIRES_REVIEW,BLOCKS_UNCONSTRAINED_CODE_TO_GOVERNANCE_COMPARISON,Resolve or explicitly pin canonical governance source before using this artifact for implementation comparison.,YES,NO
UNASSESSED-01081,governance/implementation/code-guides/registers/OPEN_DECISION_REGISTER.csv,CANONICAL_SOURCE_CONFLICT_REQUIRES_REVIEW,BLOCKS_UNCONSTRAINED_CODE_TO_GOVERNANCE_COMPARISON,Resolve or explicitly pin canonical governance source before using this artifact for implementation comparison.,YES,NO
UNASSESSED-01082,governance/implementation/code-guides/registers/OPEN_DECISION_REGISTER.csv,CANONICAL_SOURCE_CONFLICT_REQUIRES_REVIEW,BLOCKS_UNCONSTRAINED_CODE_TO_GOVERNANCE_COMPARISON,Resolve or explicitly pin canonical governance source before using this artifact for implementation comparison.,YES,NO
UNASSESSED-01083,governance/implementation/code-guides/registers/OPEN_DECISION_REGISTER.csv,CANONICAL_SOURCE_CONFLICT_REQUIRES_REVIEW,BLOCKS_UNCONSTRAINED_CODE_TO_GOVERNANCE_COMPARISON,Resolve or explicitly pin canonical governance source before using this artifact for implementation comparison.,YES,NO
UNASSESSED-01084,governance/implementation/code-guides/registers/OPEN_DECISION_REGISTER.csv,CANONICAL_SOURCE_CONFLICT_REQUIRES_REVIEW,BLOCKS_UNCONSTRAINED_CODE_TO_GOVERNANCE_COMPARISON,Resolve or explicitly pin canonical governance source before using this artifact for implementation comparison.,YES,NO
UNASSESSED-01085,governance/implementation/code-guides/registers/OPEN_DECISION_REGISTER.csv,CANONICAL_SOURCE_CONFLICT_REQUIRES_REVIEW,BLOCKS_UNCONSTRAINED_CODE_TO_GOVERNANCE_COMPARISON,Resolve or explicitly pin canonical governance source before using this artifact for implementation comparison.,YES,NO
UNASSESSED-01086,governance/implementation/code-guides/reviews/CGP_002_VALIDATION_REPORT.json,CANONICAL_SOURCE_CONFLICT_REQUIRES_REVIEW,BLOCKS_UNCONSTRAINED_CODE_TO_GOVERNANCE_COMPARISON,Resolve or explicitly pin canonical governance source before using this artifact for implementation comparison.,YES,NO
UNASSESSED-01087,governance/implementation/code-guides/reviews/CGP_005_RETAINED_GAP_REPORT.md,FEATURE_INCLUSION_CONFLICT_OR_TRACEABILITY_RISK,BLOCKS_AFFECTED_FEATURE_COMPARISON,Fix feature-to-governance inclusion mapping for affected feature scope before comparing that feature.,NO_UNLESS_AFFECTED_SCOPE,NO
UNASSESSED-01088,governance/implementation/code-guides/reviews/CGP_005_RETAINED_GAP_REPORT.md,FEATURE_INCLUSION_CONFLICT_OR_TRACEABILITY_RISK,BLOCKS_AFFECTED_FEATURE_COMPARISON,Fix feature-to-governance inclusion mapping for affected feature scope before comparing that feature.,NO_UNLESS_AFFECTED_SCOPE,NO
UNASSESSED-01089,governance/implementation/code-guides/reviews/CGP_005_RETAINED_GAP_REPORT.md,FEATURE_INCLUSION_CONFLICT_OR_TRACEABILITY_RISK,BLOCKS_AFFECTED_FEATURE_COMPARISON,Fix feature-to-governance inclusion mapping for affected feature scope before comparing that feature.,NO_UNLESS_AFFECTED_SCOPE,NO
UNASSESSED-01090,governance/implementation/code-guides/reviews/CGP_005_RETAINED_GAP_REPORT.md,FEATURE_INCLUSION_CONFLICT_OR_TRACEABILITY_RISK,BLOCKS_AFFECTED_FEATURE_COMPARISON,Fix feature-to-governance inclusion mapping for affected feature scope before comparing that feature.,NO_UNLESS_AFFECTED_SCOPE,NO
UNASSESSED-01091,governance/implementation/code-guides/reviews/CGP_005_RETAINED_GAP_REPORT.md,FEATURE_INCLUSION_CONFLICT_OR_TRACEABILITY_RISK,BLOCKS_AFFECTED_FEATURE_COMPARISON,Fix feature-to-governance inclusion mapping for affected feature scope before comparing that feature.,NO_UNLESS_AFFECTED_SCOPE,NO
UNASSESSED-01092,governance/implementation/code-guides/reviews/CGP_005_RETAINED_GAP_REPORT.md,FEATURE_INCLUSION_CONFLICT_OR_TRACEABILITY_RISK,BLOCKS_AFFECTED_FEATURE_COMPARISON,Fix feature-to-governance inclusion mapping for affected feature scope before comparing that feature.,NO_UNLESS_AFFECTED_SCOPE,NO
UNASSESSED-01093,governance/implementation/code-guides/reviews/CGP_005_RETAINED_GAP_REPORT.md,FEATURE_INCLUSION_CONFLICT_OR_TRACEABILITY_RISK,BLOCKS_AFFECTED_FEATURE_COMPARISON,Fix feature-to-governance inclusion mapping for affected feature scope before comparing that feature.,NO_UNLESS_AFFECTED_SCOPE,NO
UNASSESSED-01094,governance/implementation/code-guides/reviews/CGP_005_RETAINED_GAP_REPORT.md,FEATURE_INCLUSION_CONFLICT_OR_TRACEABILITY_RISK,BLOCKS_AFFECTED_FEATURE_COMPARISON,Fix feature-to-governance inclusion mapping for affected feature scope before comparing that feature.,NO_UNLESS_AFFECTED_SCOPE,NO
UNASSESSED-01095,governance/implementation/code-guides/source-freeze/WAVE_1_DRAFTING_READINESS_REGISTER.csv,CANONICAL_SOURCE_CONFLICT_REQUIRES_REVIEW,BLOCKS_UNCONSTRAINED_CODE_TO_GOVERNANCE_COMPARISON,Resolve or explicitly pin canonical governance source before using this artifact for implementation comparison.,YES,NO
UNASSESSED-01096,governance/implementation/code-guides/source-freeze/WAVE_1_DRAFTING_READINESS_REGISTER.csv,CANONICAL_SOURCE_CONFLICT_REQUIRES_REVIEW,BLOCKS_UNCONSTRAINED_CODE_TO_GOVERNANCE_COMPARISON,Resolve or explicitly pin canonical governance source before using this artifact for implementation comparison.,YES,NO
UNASSESSED-01097,governance/implementation/code-guides/source-freeze/WAVE_1_DRAFTING_READINESS_REGISTER.csv,CANONICAL_SOURCE_CONFLICT_REQUIRES_REVIEW,BLOCKS_UNCONSTRAINED_CODE_TO_GOVERNANCE_COMPARISON,Resolve or explicitly pin canonical governance source before using this artifact for implementation comparison.,YES,NO
UNASSESSED-01098,governance/implementation/code-guides/source-freeze/WAVE_1_DRAFTING_READINESS_REGISTER.csv,CANONICAL_SOURCE_CONFLICT_REQUIRES_REVIEW,BLOCKS_UNCONSTRAINED_CODE_TO_GOVERNANCE_COMPARISON,Resolve or explicitly pin canonical governance source before using this artifact for implementation comparison.,YES,NO
UNASSESSED-01099,governance/implementation/code-guides/source-freeze/WAVE_1_DRAFTING_READINESS_REGISTER.csv,CANONICAL_SOURCE_CONFLICT_REQUIRES_REVIEW,BLOCKS_UNCONSTRAINED_CODE_TO_GOVERNANCE_COMPARISON,Resolve or explicitly pin canonical governance source before using this artifact for implementation comparison.,YES,NO
UNASSESSED-01100,governance/implementation/code-guides/source-freeze/WAVE_1_REPOSITORY_EVIDENCE_BASELINE.csv,FEATURE_INCLUSION_CONFLICT_OR_TRACEABILITY_RISK,BLOCKS_AFFECTED_FEATURE_COMPARISON,Fix feature-to-governance inclusion mapping for affected feature scope before comparing that feature.,NO_UNLESS_AFFECTED_SCOPE,NO
UNASSESSED-01101,governance/implementation/code-guides/tools/generate_cgp005_revision.py,FEATURE_INCLUSION_CONFLICT_OR_TRACEABILITY_RISK,BLOCKS_AFFECTED_FEATURE_COMPARISON,Fix feature-to-governance inclusion mapping for affected feature scope before comparing that feature.,NO_UNLESS_AFFECTED_SCOPE,NO
UNASSESSED-01102,governance/implementation/code-guides/tools/generate_cgp005_revision.py,FEATURE_INCLUSION_CONFLICT_OR_TRACEABILITY_RISK,BLOCKS_AFFECTED_FEATURE_COMPARISON,Fix feature-to-governance inclusion mapping for affected feature scope before comparing that feature.,NO_UNLESS_AFFECTED_SCOPE,NO
UNASSESSED-01103,governance/implementation/code-guides/tools/generate_cgp005_revision.py,FEATURE_INCLUSION_CONFLICT_OR_TRACEABILITY_RISK,BLOCKS_AFFECTED_FEATURE_COMPARISON,Fix feature-to-governance inclusion mapping for affected feature scope before comparing that feature.,NO_UNLESS_AFFECTED_SCOPE,NO
UNASSESSED-01104,governance/implementation/code-guides/validation/tests/test_cgp005_source_freeze.py,CANONICAL_SOURCE_CONFLICT_REQUIRES_REVIEW,BLOCKS_UNCONSTRAINED_CODE_TO_GOVERNANCE_COMPARISON,Resolve or explicitly pin canonical governance source before using this artifact for implementation comparison.,YES,NO
UNASSESSED-01105,governance/implementation/code-guides/validation/validate_code_guide_v1_1_program_revision.py,CANONICAL_SOURCE_CONFLICT_REQUIRES_REVIEW,BLOCKS_UNCONSTRAINED_CODE_TO_GOVERNANCE_COMPARISON,Resolve or explicitly pin canonical governance source before using this artifact for implementation comparison.,YES,NO
UNASSESSED-01106,governance/implementation/code-guides/validation/validate_code_guide_v1_1_program_revision.py,CANONICAL_SOURCE_CONFLICT_REQUIRES_REVIEW,BLOCKS_UNCONSTRAINED_CODE_TO_GOVERNANCE_COMPARISON,Resolve or explicitly pin canonical governance source before using this artifact for implementation comparison.,YES,NO
UNASSESSED-01107,governance/implementation/technical-audit/test-baseline/ES-TA-PRF-008-retained-test-node-classification-v1/RETAINED_TEST_PILOT_GATE_MATRIX.csv,FEATURE_INCLUSION_CONFLICT_OR_TRACEABILITY_RISK,BLOCKS_AFFECTED_FEATURE_COMPARISON,Fix feature-to-governance inclusion mapping for affected feature scope before comparing that feature.,NO_UNLESS_AFFECTED_SCOPE,NO
UNASSESSED-01108,governance/implementation/technical-audit/test-baseline/ES-TA-PRF-008-retained-test-node-classification-v1/RETAINED_TEST_PILOT_GATE_MATRIX.csv,FEATURE_INCLUSION_CONFLICT_OR_TRACEABILITY_RISK,BLOCKS_AFFECTED_FEATURE_COMPARISON,Fix feature-to-governance inclusion mapping for affected feature scope before comparing that feature.,NO_UNLESS_AFFECTED_SCOPE,NO
UNASSESSED-01109,governance/implementation/technical-audit/test-baseline/ES-TA-PRF-008-retained-test-node-classification-v1/RETAINED_TEST_PILOT_GATE_MATRIX.csv,FEATURE_INCLUSION_CONFLICT_OR_TRACEABILITY_RISK,BLOCKS_AFFECTED_FEATURE_COMPARISON,Fix feature-to-governance inclusion mapping for affected feature scope before comparing that feature.,NO_UNLESS_AFFECTED_SCOPE,NO
UNASSESSED-01110,governance/implementation/technical-audit/test-baseline/ES-TA-PRF-008-retained-test-node-classification-v1/RETAINED_TEST_PILOT_GATE_MATRIX.csv,FEATURE_INCLUSION_CONFLICT_OR_TRACEABILITY_RISK,BLOCKS_AFFECTED_FEATURE_COMPARISON,Fix feature-to-governance inclusion mapping for affected feature scope before comparing that feature.,NO_UNLESS_AFFECTED_SCOPE,NO
UNASSESSED-01111,governance/implementation/technical-audit/test-baseline/ES-TA-PRF-008-retained-test-node-classification-v1/RETAINED_TEST_PILOT_GATE_MATRIX.csv,FEATURE_INCLUSION_CONFLICT_OR_TRACEABILITY_RISK,BLOCKS_AFFECTED_FEATURE_COMPARISON,Fix feature-to-governance inclusion mapping for affected feature scope before comparing that feature.,NO_UNLESS_AFFECTED_SCOPE,NO
UNASSESSED-01112,governance/implementation/technical-audit/test-baseline/ES-TA-PRF-008-retained-test-node-classification-v1/RETAINED_TEST_PILOT_GATE_MATRIX.csv,FEATURE_INCLUSION_CONFLICT_OR_TRACEABILITY_RISK,BLOCKS_AFFECTED_FEATURE_COMPARISON,Fix feature-to-governance inclusion mapping for affected feature scope before comparing that feature.,NO_UNLESS_AFFECTED_SCOPE,NO
UNASSESSED-01113,governance/implementation/technical-audit/test-baseline/ES-TA-PRF-008-retained-test-node-classification-v1/RETAINED_TEST_PILOT_GATE_MATRIX.csv,FEATURE_INCLUSION_CONFLICT_OR_TRACEABILITY_RISK,BLOCKS_AFFECTED_FEATURE_COMPARISON,Fix feature-to-governance inclusion mapping for affected feature scope before comparing that feature.,NO_UNLESS_AFFECTED_SCOPE,NO
UNASSESSED-01114,governance/implementation/technical-audit/test-baseline/ES-TA-PRF-008-retained-test-node-classification-v1/RETAINED_TEST_PILOT_GATE_MATRIX.csv,FEATURE_INCLUSION_CONFLICT_OR_TRACEABILITY_RISK,BLOCKS_AFFECTED_FEATURE_COMPARISON,Fix feature-to-governance inclusion mapping for affected feature scope before comparing that feature.,NO_UNLESS_AFFECTED_SCOPE,NO
UNASSESSED-01115,governance/implementation/technical-audit/test-baseline/ES-TA-PRF-008-retained-test-node-classification-v1/RETAINED_TEST_ROOT_CAUSE_CLUSTERS.csv,FEATURE_INCLUSION_CONFLICT_OR_TRACEABILITY_RISK,BLOCKS_AFFECTED_FEATURE_COMPARISON,Fix feature-to-governance inclusion mapping for affected feature scope before comparing that feature.,NO_UNLESS_AFFECTED_SCOPE,NO
UNASSESSED-01116,governance/implementation/technical-audit/test-baseline/ES-TA-PRF-008-retained-test-node-classification-v1/RETAINED_TEST_ROOT_CAUSE_CLUSTERS.csv,FEATURE_INCLUSION_CONFLICT_OR_TRACEABILITY_RISK,BLOCKS_AFFECTED_FEATURE_COMPARISON,Fix feature-to-governance inclusion mapping for affected feature scope before comparing that feature.,NO_UNLESS_AFFECTED_SCOPE,NO
UNASSESSED-01117,governance/pia/items_01_06_10_remediation/prior_audits_and_plans/PIA_GOVERNANCE_BASELINE_AUDIT_AFTER_ITEM_10_EXECUTION_2026-07-25.md,CANONICAL_SOURCE_CONFLICT_REQUIRES_REVIEW,BLOCKS_UNCONSTRAINED_CODE_TO_GOVERNANCE_COMPARISON,Resolve or explicitly pin canonical governance source before using this artifact for implementation comparison.,YES,NO
UNASSESSED-01118,governance/pia/items_01_06_10_remediation/prior_audits_and_plans/PIA_GOVERNANCE_BASELINE_AUDIT_AFTER_ITEM_10_EXECUTION_2026-07-25.md,CANONICAL_SOURCE_CONFLICT_REQUIRES_REVIEW,BLOCKS_UNCONSTRAINED_CODE_TO_GOVERNANCE_COMPARISON,Resolve or explicitly pin canonical governance source before using this artifact for implementation comparison.,YES,NO
UNASSESSED-01119,governance/pia/items_01_06_10_remediation/prior_audits_and_plans/PIA_GOVERNANCE_BASELINE_AUDIT_AFTER_ITEM_10_EXECUTION_2026-07-25.md,CANONICAL_SOURCE_CONFLICT_REQUIRES_REVIEW,BLOCKS_UNCONSTRAINED_CODE_TO_GOVERNANCE_COMPARISON,Resolve or explicitly pin canonical governance source before using this artifact for implementation comparison.,YES,NO
UNASSESSED-01120,governance/pia/items_01_06_10_remediation/prior_audits_and_plans/PIA_GOVERNANCE_BASELINE_AUDIT_AFTER_ITEM_10_EXECUTION_2026-07-25.md,CANONICAL_SOURCE_CONFLICT_REQUIRES_REVIEW,BLOCKS_UNCONSTRAINED_CODE_TO_GOVERNANCE_COMPARISON,Resolve or explicitly pin canonical governance source before using this artifact for implementation comparison.,YES,NO
UNASSESSED-01121,governance/pia/items_01_06_10_remediation/prior_audits_and_plans/PIA_GOVERNANCE_BASELINE_AUDIT_AFTER_ITEM_10_EXECUTION_2026-07-25.md,CANONICAL_SOURCE_CONFLICT_REQUIRES_REVIEW,BLOCKS_UNCONSTRAINED_CODE_TO_GOVERNANCE_COMPARISON,Resolve or explicitly pin canonical governance source before using this artifact for implementation comparison.,YES,NO
UNASSESSED-01122,governance/pia/items_01_06_10_remediation/prior_audits_and_plans/PIA_GOVERNANCE_BASELINE_AUDIT_AFTER_ITEM_10_EXECUTION_2026-07-25.md,CANONICAL_SOURCE_CONFLICT_REQUIRES_REVIEW,BLOCKS_UNCONSTRAINED_CODE_TO_GOVERNANCE_COMPARISON,Resolve or explicitly pin canonical governance source before using this artifact for implementation comparison.,YES,NO
UNASSESSED-01123,governance/pia/items_01_06_10_remediation/prior_audits_and_plans/PIA_GOVERNANCE_BASELINE_AUDIT_AFTER_ITEM_10_EXECUTION_2026-07-25.md,CANONICAL_SOURCE_CONFLICT_REQUIRES_REVIEW,BLOCKS_UNCONSTRAINED_CODE_TO_GOVERNANCE_COMPARISON,Resolve or explicitly pin canonical governance source before using this artifact for implementation comparison.,YES,NO
UNASSESSED-01124,governance/pia/items_01_06_10_remediation/prior_audits_and_plans/PIA_GOVERNANCE_BASELINE_AUDIT_AFTER_ITEM_10_EXECUTION_2026-07-25.md,CANONICAL_SOURCE_CONFLICT_REQUIRES_REVIEW,BLOCKS_UNCONSTRAINED_CODE_TO_GOVERNANCE_COMPARISON,Resolve or explicitly pin canonical governance source before using this artifact for implementation comparison.,YES,NO
UNASSESSED-01125,governance/pia/items_01_06_10_remediation/prior_audits_and_plans/PIA_GOVERNANCE_BASELINE_AUDIT_AFTER_ITEM_10_EXECUTION_2026-07-25.md,CANONICAL_SOURCE_CONFLICT_REQUIRES_REVIEW,BLOCKS_UNCONSTRAINED_CODE_TO_GOVERNANCE_COMPARISON,Resolve or explicitly pin canonical governance source before using this artifact for implementation comparison.,YES,NO
UNASSESSED-01126,governance/pia/items_01_06_10_remediation/prior_audits_and_plans/PIA_GOVERNANCE_BASELINE_AUDIT_AFTER_ITEM_10_EXECUTION_2026-07-25.md,CANONICAL_SOURCE_CONFLICT_REQUIRES_REVIEW,BLOCKS_UNCONSTRAINED_CODE_TO_GOVERNANCE_COMPARISON,Resolve or explicitly pin canonical governance source before using this artifact for implementation comparison.,YES,NO
UNASSESSED-01127,governance/pia/items_01_06_10_remediation/prior_audits_and_plans/PIA_GOVERNANCE_BASELINE_AUDIT_AFTER_ITEM_10_EXECUTION_2026-07-25.md,CANONICAL_SOURCE_CONFLICT_REQUIRES_REVIEW,BLOCKS_UNCONSTRAINED_CODE_TO_GOVERNANCE_COMPARISON,Resolve or explicitly pin canonical governance source before using this artifact for implementation comparison.,YES,NO
UNASSESSED-01128,governance/pia/items_01_06_10_remediation/prior_audits_and_plans/PIA_GOVERNANCE_BASELINE_AUDIT_AFTER_ITEM_10_EXECUTION_2026-07-25.md,CANONICAL_SOURCE_CONFLICT_REQUIRES_REVIEW,BLOCKS_UNCONSTRAINED_CODE_TO_GOVERNANCE_COMPARISON,Resolve or explicitly pin canonical governance source before using this artifact for implementation comparison.,YES,NO
UNASSESSED-01129,governance/pia/items_01_06_10_remediation/prior_audits_and_plans/PIA_GOVERNANCE_BASELINE_AUDIT_AFTER_ITEM_10_EXECUTION_2026-07-25.md,CANONICAL_SOURCE_CONFLICT_REQUIRES_REVIEW,BLOCKS_UNCONSTRAINED_CODE_TO_GOVERNANCE_COMPARISON,Resolve or explicitly pin canonical governance source before using this artifact for implementation comparison.,YES,NO
UNASSESSED-01130,governance/pia/items_01_06_10_remediation/prior_audits_and_plans/PIA_GOVERNANCE_BASELINE_AUDIT_AFTER_ITEM_10_EXECUTION_2026-07-25.md,CANONICAL_SOURCE_CONFLICT_REQUIRES_REVIEW,BLOCKS_UNCONSTRAINED_CODE_TO_GOVERNANCE_COMPARISON,Resolve or explicitly pin canonical governance source before using this artifact for implementation comparison.,YES,NO
UNASSESSED-01131,governance/pia/items_01_06_10_remediation/prior_audits_and_plans/PIA_GOVERNANCE_BASELINE_AUDIT_AFTER_ITEM_10_EXECUTION_2026-07-25.md,CANONICAL_SOURCE_CONFLICT_REQUIRES_REVIEW,BLOCKS_UNCONSTRAINED_CODE_TO_GOVERNANCE_COMPARISON,Resolve or explicitly pin canonical governance source before using this artifact for implementation comparison.,YES,NO
UNASSESSED-01132,governance/pia/items_01_06_10_remediation/prior_audits_and_plans/PIA_GOVERNANCE_BASELINE_AUDIT_AFTER_ITEM_10_EXECUTION_2026-07-25.md,CANONICAL_SOURCE_CONFLICT_REQUIRES_REVIEW,BLOCKS_UNCONSTRAINED_CODE_TO_GOVERNANCE_COMPARISON,Resolve or explicitly pin canonical governance source before using this artifact for implementation comparison.,YES,NO
UNASSESSED-01133,governance/pia/items_01_06_10_remediation/prior_audits_and_plans/PIA_GOVERNANCE_BASELINE_AUDIT_AFTER_ITEM_10_EXECUTION_2026-07-25.md,CANONICAL_SOURCE_CONFLICT_REQUIRES_REVIEW,BLOCKS_UNCONSTRAINED_CODE_TO_GOVERNANCE_COMPARISON,Resolve or explicitly pin canonical governance source before using this artifact for implementation comparison.,YES,NO
UNASSESSED-01134,governance/pia/items_01_06_10_remediation/prior_audits_and_plans/PIA_GOVERNANCE_BASELINE_AUDIT_AFTER_ITEM_10_EXECUTION_2026-07-25.md,CANONICAL_SOURCE_CONFLICT_REQUIRES_REVIEW,BLOCKS_UNCONSTRAINED_CODE_TO_GOVERNANCE_COMPARISON,Resolve or explicitly pin canonical governance source before using this artifact for implementation comparison.,YES,NO
UNASSESSED-01135,governance/pia/items_01_06_10_remediation/prior_audits_and_plans/PIA_ITEMS_01_06_DOCUMENTARY_REMEDIATION_AND_INTEGRATION_PLAN.md,CANONICAL_SOURCE_CONFLICT_REQUIRES_REVIEW,BLOCKS_UNCONSTRAINED_CODE_TO_GOVERNANCE_COMPARISON,Resolve or explicitly pin canonical governance source before using this artifact for implementation comparison.,YES,NO
UNASSESSED-01136,governance/pia/items_01_06_10_remediation/prior_audits_and_plans/PIA_ITEMS_01_06_DOCUMENTARY_REMEDIATION_AND_INTEGRATION_PLAN.md,CANONICAL_SOURCE_CONFLICT_REQUIRES_REVIEW,BLOCKS_UNCONSTRAINED_CODE_TO_GOVERNANCE_COMPARISON,Resolve or explicitly pin canonical governance source before using this artifact for implementation comparison.,YES,NO
UNASSESSED-01137,governance/pia/items_01_06_10_remediation/prior_audits_and_plans/PIA_ITEMS_01_06_DOCUMENTARY_REMEDIATION_AND_INTEGRATION_PLAN.md,CANONICAL_SOURCE_CONFLICT_REQUIRES_REVIEW,BLOCKS_UNCONSTRAINED_CODE_TO_GOVERNANCE_COMPARISON,Resolve or explicitly pin canonical governance source before using this artifact for implementation comparison.,YES,NO
UNASSESSED-01138,governance/pia/items_01_06_10_remediation/reports/CANONICAL_PATH_AND_IDENTIFIER_RECONCILIATION_REGISTER.csv,CANONICAL_SOURCE_CONFLICT_REQUIRES_REVIEW,BLOCKS_UNCONSTRAINED_CODE_TO_GOVERNANCE_COMPARISON,Resolve or explicitly pin canonical governance source before using this artifact for implementation comparison.,YES,NO
UNASSESSED-01139,governance/pia/items_07_10_integration/prior_receipts_and_plans/PIA_MISSING_AUTHORITY_REMEDIATION_PLAN.md,CANONICAL_SOURCE_CONFLICT_REQUIRES_REVIEW,BLOCKS_UNCONSTRAINED_CODE_TO_GOVERNANCE_COMPARISON,Resolve or explicitly pin canonical governance source before using this artifact for implementation comparison.,YES,NO
UNASSESSED-01140,governance/pia/items_07_10_integration/prior_receipts_and_plans/PIA_MISSING_AUTHORITY_REMEDIATION_PLAN.md,CANONICAL_SOURCE_CONFLICT_REQUIRES_REVIEW,BLOCKS_UNCONSTRAINED_CODE_TO_GOVERNANCE_COMPARISON,Resolve or explicitly pin canonical governance source before using this artifact for implementation comparison.,YES,NO
UNASSESSED-01141,governance/pia/items_07_10_integration/prior_receipts_and_plans/PIA_MISSING_AUTHORITY_REMEDIATION_PLAN.md,CANONICAL_SOURCE_CONFLICT_REQUIRES_REVIEW,BLOCKS_UNCONSTRAINED_CODE_TO_GOVERNANCE_COMPARISON,Resolve or explicitly pin canonical governance source before using this artifact for implementation comparison.,YES,NO
UNASSESSED-01142,governance/pia/items_07_10_integration/prior_receipts_and_plans/PIA_MISSING_AUTHORITY_REMEDIATION_PLAN.md,CANONICAL_SOURCE_CONFLICT_REQUIRES_REVIEW,BLOCKS_UNCONSTRAINED_CODE_TO_GOVERNANCE_COMPARISON,Resolve or explicitly pin canonical governance source before using this artifact for implementation comparison.,YES,NO
UNASSESSED-01143,governance/pia/items_07_10_integration/prior_receipts_and_plans/PIA_MISSING_AUTHORITY_REMEDIATION_PLAN.md,CANONICAL_SOURCE_CONFLICT_REQUIRES_REVIEW,BLOCKS_UNCONSTRAINED_CODE_TO_GOVERNANCE_COMPARISON,Resolve or explicitly pin canonical governance source before using this artifact for implementation comparison.,YES,NO
UNASSESSED-01144,governance/pia/items_07_10_integration/prior_receipts_and_plans/PIA_MISSING_AUTHORITY_REMEDIATION_PLAN.md,CANONICAL_SOURCE_CONFLICT_REQUIRES_REVIEW,BLOCKS_UNCONSTRAINED_CODE_TO_GOVERNANCE_COMPARISON,Resolve or explicitly pin canonical governance source before using this artifact for implementation comparison.,YES,NO
UNASSESSED-01145,governance/pia/items_07_10_integration/prior_receipts_and_plans/PIA_MISSING_AUTHORITY_REMEDIATION_PLAN.md,CANONICAL_SOURCE_CONFLICT_REQUIRES_REVIEW,BLOCKS_UNCONSTRAINED_CODE_TO_GOVERNANCE_COMPARISON,Resolve or explicitly pin canonical governance source before using this artifact for implementation comparison.,YES,NO
UNASSESSED-01146,governance/pia/items_07_10_integration/reports/ITEM_07_CARE_FORMAL_FINDING_TREATMENT_AND_INTEGRATION_READINESS_REPORT.md,FEATURE_INCLUSION_CONFLICT_OR_TRACEABILITY_RISK,BLOCKS_AFFECTED_FEATURE_COMPARISON,Fix feature-to-governance inclusion mapping for affected feature scope before comparing that feature.,NO_UNLESS_AFFECTED_SCOPE,NO
UNASSESSED-01147,governance/pia/items_07_10_integration/reports/PIA_ITEMS_07_10_POST_DISPOSITION_FORMAL_REVIEW_AND_INTEGRATION_READINESS_REPORT.md,CANONICAL_SOURCE_CONFLICT_REQUIRES_REVIEW,BLOCKS_UNCONSTRAINED_CODE_TO_GOVERNANCE_COMPARISON,Resolve or explicitly pin canonical governance source before using this artifact for implementation comparison.,YES,NO
UNASSESSED-01148,governance/pia/items_07_10_integration/reports/PIA_ITEMS_07_10_POST_DISPOSITION_FORMAL_REVIEW_AND_INTEGRATION_READINESS_REPORT.md,CANONICAL_SOURCE_CONFLICT_REQUIRES_REVIEW,BLOCKS_UNCONSTRAINED_CODE_TO_GOVERNANCE_COMPARISON,Resolve or explicitly pin canonical governance source before using this artifact for implementation comparison.,YES,NO
UNASSESSED-01149,governance/pia/items_07_10_integration/reports/PIA_ITEMS_07_10_POST_DISPOSITION_FORMAL_REVIEW_AND_INTEGRATION_READINESS_REPORT.md,CANONICAL_SOURCE_CONFLICT_REQUIRES_REVIEW,BLOCKS_UNCONSTRAINED_CODE_TO_GOVERNANCE_COMPARISON,Resolve or explicitly pin canonical governance source before using this artifact for implementation comparison.,YES,NO
UNASSESSED-01150,governance/pia/items_07_10_integration/reports/PIA_ITEMS_07_10_POST_DISPOSITION_FORMAL_REVIEW_AND_INTEGRATION_READINESS_REPORT.md,CANONICAL_SOURCE_CONFLICT_REQUIRES_REVIEW,BLOCKS_UNCONSTRAINED_CODE_TO_GOVERNANCE_COMPARISON,Resolve or explicitly pin canonical governance source before using this artifact for implementation comparison.,YES,NO
UNASSESSED-01151,governance/pia/items_07_10_integration/reports/PIA_ITEMS_07_10_POST_DISPOSITION_FORMAL_REVIEW_AND_INTEGRATION_READINESS_REPORT.md,CANONICAL_SOURCE_CONFLICT_REQUIRES_REVIEW,BLOCKS_UNCONSTRAINED_CODE_TO_GOVERNANCE_COMPARISON,Resolve or explicitly pin canonical governance source before using this artifact for implementation comparison.,YES,NO
UNASSESSED-01152,governance/pia/items_07_10_integration/reports/PIA_ITEMS_07_10_POST_DISPOSITION_FORMAL_REVIEW_AND_INTEGRATION_READINESS_REPORT.md,CANONICAL_SOURCE_CONFLICT_REQUIRES_REVIEW,BLOCKS_UNCONSTRAINED_CODE_TO_GOVERNANCE_COMPARISON,Resolve or explicitly pin canonical governance source before using this artifact for implementation comparison.,YES,NO
UNASSESSED-01153,governance/pia/items_07_10_integration/reports/PIA_ITEMS_07_10_POST_DISPOSITION_FORMAL_REVIEW_AND_INTEGRATION_READINESS_REPORT.md,CANONICAL_SOURCE_CONFLICT_REQUIRES_REVIEW,BLOCKS_UNCONSTRAINED_CODE_TO_GOVERNANCE_COMPARISON,Resolve or explicitly pin canonical governance source before using this artifact for implementation comparison.,YES,NO
UNASSESSED-01154,governance/pia/items_07_10_integration/reports/PIA_ITEMS_07_10_POST_DISPOSITION_FORMAL_REVIEW_AND_INTEGRATION_READINESS_REPORT.md,CANONICAL_SOURCE_CONFLICT_REQUIRES_REVIEW,BLOCKS_UNCONSTRAINED_CODE_TO_GOVERNANCE_COMPARISON,Resolve or explicitly pin canonical governance source before using this artifact for implementation comparison.,YES,NO
UNASSESSED-01155,governance/pia/items_07_10_integration/reports/PIA_ITEMS_07_10_POST_DISPOSITION_FORMAL_REVIEW_AND_INTEGRATION_READINESS_REPORT.md,CANONICAL_SOURCE_CONFLICT_REQUIRES_REVIEW,BLOCKS_UNCONSTRAINED_CODE_TO_GOVERNANCE_COMPARISON,Resolve or explicitly pin canonical governance source before using this artifact for implementation comparison.,YES,NO
UNASSESSED-01156,governance/pia/items_07_10_integration/reports/PIA_ITEMS_07_10_POST_DISPOSITION_FORMAL_REVIEW_AND_INTEGRATION_READINESS_REPORT.md,CANONICAL_SOURCE_CONFLICT_REQUIRES_REVIEW,BLOCKS_UNCONSTRAINED_CODE_TO_GOVERNANCE_COMPARISON,Resolve or explicitly pin canonical governance source before using this artifact for implementation comparison.,YES,NO
UNASSESSED-01157,governance/pia/items_07_10_integration/reports/PIA_ITEMS_07_10_POST_DISPOSITION_FORMAL_REVIEW_AND_INTEGRATION_READINESS_REPORT.md,CANONICAL_SOURCE_CONFLICT_REQUIRES_REVIEW,BLOCKS_UNCONSTRAINED_CODE_TO_GOVERNANCE_COMPARISON,Resolve or explicitly pin canonical governance source before using this artifact for implementation comparison.,YES,NO
UNASSESSED-01158,governance/pia/items_07_10_integration/reports/PIA_ITEMS_07_10_POST_DISPOSITION_FORMAL_REVIEW_AND_INTEGRATION_READINESS_REPORT.md,CANONICAL_SOURCE_CONFLICT_REQUIRES_REVIEW,BLOCKS_UNCONSTRAINED_CODE_TO_GOVERNANCE_COMPARISON,Resolve or explicitly pin canonical governance source before using this artifact for implementation comparison.,YES,NO
UNASSESSED-01159,governance/pia/items_07_10_integration/reports/PIA_ITEMS_07_10_POST_DISPOSITION_FORMAL_REVIEW_AND_INTEGRATION_READINESS_REPORT.md,CANONICAL_SOURCE_CONFLICT_REQUIRES_REVIEW,BLOCKS_UNCONSTRAINED_CODE_TO_GOVERNANCE_COMPARISON,Resolve or explicitly pin canonical governance source before using this artifact for implementation comparison.,YES,NO
UNASSESSED-01160,governance/pia/items_07_10_integration/reports/PIA_ITEMS_07_10_POST_DISPOSITION_FORMAL_REVIEW_AND_INTEGRATION_READINESS_REPORT.md,CANONICAL_SOURCE_CONFLICT_REQUIRES_REVIEW,BLOCKS_UNCONSTRAINED_CODE_TO_GOVERNANCE_COMPARISON,Resolve or explicitly pin canonical governance source before using this artifact for implementation comparison.,YES,NO
UNASSESSED-01161,governance/pia/items_07_10_integration/reports/PIA_ITEMS_07_10_POST_DISPOSITION_FORMAL_REVIEW_AND_INTEGRATION_READINESS_REPORT.md,CANONICAL_SOURCE_CONFLICT_REQUIRES_REVIEW,BLOCKS_UNCONSTRAINED_CODE_TO_GOVERNANCE_COMPARISON,Resolve or explicitly pin canonical governance source before using this artifact for implementation comparison.,YES,NO
UNASSESSED-01162,governance/pia/items/02_facility_tenant_organizational_structure/source_package/ES-PIA-FACILITY-TENANT-ORGANIZATION-V1.1.0/FAC_FD_017_CROSS_ARTIFACT_REVIEW.csv,CANONICAL_SOURCE_CONFLICT_REQUIRES_REVIEW,BLOCKS_UNCONSTRAINED_CODE_TO_GOVERNANCE_COMPARISON,Resolve or explicitly pin canonical governance source before using this artifact for implementation comparison.,YES,NO
UNASSESSED-01163,governance/pia/items/02_facility_tenant_organizational_structure/source_package/ES-PIA-FACILITY-TENANT-ORGANIZATION-V1.1.0/FOUNDER_INPUT_QUESTION_REGISTER.csv,CANONICAL_SOURCE_CONFLICT_REQUIRES_REVIEW,BLOCKS_UNCONSTRAINED_CODE_TO_GOVERNANCE_COMPARISON,Resolve or explicitly pin canonical governance source before using this artifact for implementation comparison.,YES,NO
UNASSESSED-01164,governance/pia/items/02_facility_tenant_organizational_structure/source_package/ES-PIA-FACILITY-TENANT-ORGANIZATION-V1.1.0/RISK_FINDING_DEVIATION_REGISTER.csv,FEATURE_INCLUSION_CONFLICT_OR_TRACEABILITY_RISK,BLOCKS_AFFECTED_FEATURE_COMPARISON,Fix feature-to-governance inclusion mapping for affected feature scope before comparing that feature.,NO_UNLESS_AFFECTED_SCOPE,NO
UNASSESSED-01165,governance/pia/items/02_facility_tenant_organizational_structure/source_package/ES-PIA-FACILITY-TENANT-ORGANIZATION-V1.1.0/RISK_FINDING_DEVIATION_REGISTER.csv,FEATURE_INCLUSION_CONFLICT_OR_TRACEABILITY_RISK,BLOCKS_AFFECTED_FEATURE_COMPARISON,Fix feature-to-governance inclusion mapping for affected feature scope before comparing that feature.,NO_UNLESS_AFFECTED_SCOPE,NO
UNASSESSED-01166,governance/pia/items/02_facility_tenant_organizational_structure/source_package/ES-PIA-FACILITY-TENANT-ORGANIZATION-V1.1.0/RISK_FINDING_DEVIATION_REGISTER.csv,FEATURE_INCLUSION_CONFLICT_OR_TRACEABILITY_RISK,BLOCKS_AFFECTED_FEATURE_COMPARISON,Fix feature-to-governance inclusion mapping for affected feature scope before comparing that feature.,NO_UNLESS_AFFECTED_SCOPE,NO
UNASSESSED-01167,governance/pia/items/02_facility_tenant_organizational_structure/source_package/ES-PIA-FACILITY-TENANT-ORGANIZATION-V1.1.0/RISK_FINDING_DEVIATION_REGISTER.csv,FEATURE_INCLUSION_CONFLICT_OR_TRACEABILITY_RISK,BLOCKS_AFFECTED_FEATURE_COMPARISON,Fix feature-to-governance inclusion mapping for affected feature scope before comparing that feature.,NO_UNLESS_AFFECTED_SCOPE,NO
UNASSESSED-01168,governance/pia/items/02_facility_tenant_organizational_structure/source_package/ES-PIA-FACILITY-TENANT-ORGANIZATION-V1.1.0/RISK_FINDING_DEVIATION_REGISTER.csv,FEATURE_INCLUSION_CONFLICT_OR_TRACEABILITY_RISK,BLOCKS_AFFECTED_FEATURE_COMPARISON,Fix feature-to-governance inclusion mapping for affected feature scope before comparing that feature.,NO_UNLESS_AFFECTED_SCOPE,NO
UNASSESSED-01169,governance/pia/items/02_facility_tenant_organizational_structure/source_package/ES-PIA-FACILITY-TENANT-ORGANIZATION-V1.1.0/RISK_FINDING_DEVIATION_REGISTER.csv,FEATURE_INCLUSION_CONFLICT_OR_TRACEABILITY_RISK,BLOCKS_AFFECTED_FEATURE_COMPARISON,Fix feature-to-governance inclusion mapping for affected feature scope before comparing that feature.,NO_UNLESS_AFFECTED_SCOPE,NO
UNASSESSED-01170,governance/pia/items/02_facility_tenant_organizational_structure/source_package/ES-PIA-FACILITY-TENANT-ORGANIZATION-V1.1.0/RISK_FINDING_DEVIATION_REGISTER.csv,FEATURE_INCLUSION_CONFLICT_OR_TRACEABILITY_RISK,BLOCKS_AFFECTED_FEATURE_COMPARISON,Fix feature-to-governance inclusion mapping for affected feature scope before comparing that feature.,NO_UNLESS_AFFECTED_SCOPE,NO
UNASSESSED-01171,governance/pia/items/03_relationship_authorization_permission/program_authority/governance/pia_program/ES-PIA-REMAINING-PROGRAM-V1.0.0/REMAINING_PIAS_GLOBAL_FOUNDER_DECISION_REGISTER.csv,CANONICAL_SOURCE_CONFLICT_REQUIRES_REVIEW,BLOCKS_UNCONSTRAINED_CODE_TO_GOVERNANCE_COMPARISON,Resolve or explicitly pin canonical governance source before using this artifact for implementation comparison.,YES,NO
UNASSESSED-01172,governance/pia/items/03_relationship_authorization_permission/program_authority/governance/pia_program/ES-PIA-REMAINING-PROGRAM-V1.0.0/REMAINING_PIAS_GLOBAL_FOUNDER_DECISION_REGISTER.csv,CANONICAL_SOURCE_CONFLICT_REQUIRES_REVIEW,BLOCKS_UNCONSTRAINED_CODE_TO_GOVERNANCE_COMPARISON,Resolve or explicitly pin canonical governance source before using this artifact for implementation comparison.,YES,NO
UNASSESSED-01173,governance/pia/items/03_relationship_authorization_permission/program_authority/governance/pia_program/ES-PIA-REMAINING-PROGRAM-V1.0.0/REMAINING_PIAS_GLOBAL_FOUNDER_DECISION_REGISTER.csv,CANONICAL_SOURCE_CONFLICT_REQUIRES_REVIEW,BLOCKS_UNCONSTRAINED_CODE_TO_GOVERNANCE_COMPARISON,Resolve or explicitly pin canonical governance source before using this artifact for implementation comparison.,YES,NO
UNASSESSED-01174,governance/pia/items/03_relationship_authorization_permission/source_package/ITEM_03_STRENGTHENED_V0_2/REVISED_TRACEABILITY_MATRIX.csv,CANONICAL_SOURCE_CONFLICT_REQUIRES_REVIEW,BLOCKS_UNCONSTRAINED_CODE_TO_GOVERNANCE_COMPARISON,Resolve or explicitly pin canonical governance source before using this artifact for implementation comparison.,YES,NO
UNASSESSED-01175,governance/pia/items/04_horse_identity_profile_lifecycle/source_package/ITEM_04_FOUNDER_APPROVED_V0_3/ES-PIA-HORSE-IDENTITY-LIFECYCLE_V0_3_FOUNDER_APPROVED_DESIGN_BASELINE.md,CANONICAL_SOURCE_CONFLICT_REQUIRES_REVIEW,BLOCKS_UNCONSTRAINED_CODE_TO_GOVERNANCE_COMPARISON,Resolve or explicitly pin canonical governance source before using this artifact for implementation comparison.,YES,NO
UNASSESSED-01176,governance/pia/items/06_task_calendar_scheduling_notification/repository_integration/ITEM_06_TCSN_REPOSITORY_INTEGRATION_BLOCKED_RECEIPT.md,CANONICAL_SOURCE_CONFLICT_REQUIRES_REVIEW,BLOCKS_UNCONSTRAINED_CODE_TO_GOVERNANCE_COMPARISON,Resolve or explicitly pin canonical governance source before using this artifact for implementation comparison.,YES,NO
UNASSESSED-01177,governance/pia/items/06_task_calendar_scheduling_notification/source_package/ES-PIA-TASK-CALENDAR-SCHEDULING-NOTIFICATION-V0.3.0-CANONICAL-CONFORMANCE-FRESH-STRUCTURED-REVIEW/CANONICAL_HEADING_CONFORMANCE_MATRIX.csv,CANONICAL_SOURCE_CONFLICT_REQUIRES_REVIEW,BLOCKS_UNCONSTRAINED_CODE_TO_GOVERNANCE_COMPARISON,Resolve or explicitly pin canonical governance source before using this artifact for implementation comparison.,YES,NO
UNASSESSED-01178,governance/pia/items/06_task_calendar_scheduling_notification/source_package/ES-PIA-TASK-CALENDAR-SCHEDULING-NOTIFICATION-V0.3.0-CANONICAL-CONFORMANCE-FRESH-STRUCTURED-REVIEW/ES-PIA-TASK-CALENDAR-SCHEDULING-NOTIFICATION_V0_3_CANONICAL_CONFORMANCE_SUCCESSOR_DRAFT.md,CANONICAL_SOURCE_CONFLICT_REQUIRES_REVIEW,BLOCKS_UNCONSTRAINED_CODE_TO_GOVERNANCE_COMPARISON,Resolve or explicitly pin canonical governance source before using this artifact for implementation comparison.,YES,NO
UNASSESSED-01179,governance/pia/items/06_task_calendar_scheduling_notification/source_package/ES-PIA-TASK-CALENDAR-SCHEDULING-NOTIFICATION-V0.3.0-CANONICAL-CONFORMANCE-FRESH-STRUCTURED-REVIEW/ES-PIA-TASK-CALENDAR-SCHEDULING-NOTIFICATION_V0_3_CANONICAL_CONFORMANCE_SUCCESSOR_DRAFT.md,CANONICAL_SOURCE_CONFLICT_REQUIRES_REVIEW,BLOCKS_UNCONSTRAINED_CODE_TO_GOVERNANCE_COMPARISON,Resolve or explicitly pin canonical governance source before using this artifact for implementation comparison.,YES,NO
UNASSESSED-01180,governance/pia/items/06_task_calendar_scheduling_notification/source_package/ES-PIA-TASK-CALENDAR-SCHEDULING-NOTIFICATION-V0.3.0-CANONICAL-CONFORMANCE-FRESH-STRUCTURED-REVIEW/ES-PIA-TASK-CALENDAR-SCHEDULING-NOTIFICATION_V0_3_CANONICAL_CONFORMANCE_SUCCESSOR_DRAFT.md,CANONICAL_SOURCE_CONFLICT_REQUIRES_REVIEW,BLOCKS_UNCONSTRAINED_CODE_TO_GOVERNANCE_COMPARISON,Resolve or explicitly pin canonical governance source before using this artifact for implementation comparison.,YES,NO
UNASSESSED-01181,governance/pia/items/06_task_calendar_scheduling_notification/source_package/ES-PIA-TASK-CALENDAR-SCHEDULING-NOTIFICATION-V0.3.0-CANONICAL-CONFORMANCE-FRESH-STRUCTURED-REVIEW/FOUNDER_DECISION_REGISTER.csv,CANONICAL_SOURCE_CONFLICT_REQUIRES_REVIEW,BLOCKS_UNCONSTRAINED_CODE_TO_GOVERNANCE_COMPARISON,Resolve or explicitly pin canonical governance source before using this artifact for implementation comparison.,YES,NO
UNASSESSED-01182,governance/pia/items/06_task_calendar_scheduling_notification/source_package/ES-PIA-TASK-CALENDAR-SCHEDULING-NOTIFICATION-V0.3.0-CANONICAL-CONFORMANCE-FRESH-STRUCTURED-REVIEW/FOUNDER_DECISION_REGISTER.csv,CANONICAL_SOURCE_CONFLICT_REQUIRES_REVIEW,BLOCKS_UNCONSTRAINED_CODE_TO_GOVERNANCE_COMPARISON,Resolve or explicitly pin canonical governance source before using this artifact for implementation comparison.,YES,NO
UNASSESSED-01183,governance/pia/items/06_task_calendar_scheduling_notification/source_package/ES-PIA-TASK-CALENDAR-SCHEDULING-NOTIFICATION-V0.3.0-CANONICAL-CONFORMANCE-FRESH-STRUCTURED-REVIEW/FOUNDER_DECISION_REGISTER.csv,CANONICAL_SOURCE_CONFLICT_REQUIRES_REVIEW,BLOCKS_UNCONSTRAINED_CODE_TO_GOVERNANCE_COMPARISON,Resolve or explicitly pin canonical governance source before using this artifact for implementation comparison.,YES,NO
UNASSESSED-01184,governance/pia/items/06_task_calendar_scheduling_notification/source_package/ES-PIA-TASK-CALENDAR-SCHEDULING-NOTIFICATION-V0.3.0-CANONICAL-CONFORMANCE-FRESH-STRUCTURED-REVIEW/PIA_PACKAGE_VALIDATOR.py,CANONICAL_SOURCE_CONFLICT_REQUIRES_REVIEW,BLOCKS_UNCONSTRAINED_CODE_TO_GOVERNANCE_COMPARISON,Resolve or explicitly pin canonical governance source before using this artifact for implementation comparison.,YES,NO
UNASSESSED-01185,governance/pia/items/06_task_calendar_scheduling_notification/source_package/ES-PIA-TASK-CALENDAR-SCHEDULING-NOTIFICATION-V0.3.0-CANONICAL-CONFORMANCE-FRESH-STRUCTURED-REVIEW/PIA_PACKAGE_VALIDATOR.py,CANONICAL_SOURCE_CONFLICT_REQUIRES_REVIEW,BLOCKS_UNCONSTRAINED_CODE_TO_GOVERNANCE_COMPARISON,Resolve or explicitly pin canonical governance source before using this artifact for implementation comparison.,YES,NO
UNASSESSED-01186,governance/pia/items/06_task_calendar_scheduling_notification/source_package/ES-PIA-TASK-CALENDAR-SCHEDULING-NOTIFICATION-V0.3.0-CANONICAL-CONFORMANCE-FRESH-STRUCTURED-REVIEW/SOURCE_INHERITANCE_REGISTER.md,CANONICAL_SOURCE_CONFLICT_REQUIRES_REVIEW,BLOCKS_UNCONSTRAINED_CODE_TO_GOVERNANCE_COMPARISON,Resolve or explicitly pin canonical governance source before using this artifact for implementation comparison.,YES,NO
UNASSESSED-01187,governance/pia/items/06_task_calendar_scheduling_notification/source_package/ES-PIA-TASK-CALENDAR-SCHEDULING-NOTIFICATION-V0.3.0-CANONICAL-CONFORMANCE-FRESH-STRUCTURED-REVIEW/SOURCE_INHERITANCE_REGISTER.md,CANONICAL_SOURCE_CONFLICT_REQUIRES_REVIEW,BLOCKS_UNCONSTRAINED_CODE_TO_GOVERNANCE_COMPARISON,Resolve or explicitly pin canonical governance source before using this artifact for implementation comparison.,YES,NO
UNASSESSED-01188,governance/pia/items/06_task_calendar_scheduling_notification/source_package/ES-PIA-TASK-CALENDAR-SCHEDULING-NOTIFICATION-V0.3.0-CANONICAL-CONFORMANCE-FRESH-STRUCTURED-REVIEW/SOURCE_INHERITANCE_REGISTER.md,CANONICAL_SOURCE_CONFLICT_REQUIRES_REVIEW,BLOCKS_UNCONSTRAINED_CODE_TO_GOVERNANCE_COMPARISON,Resolve or explicitly pin canonical governance source before using this artifact for implementation comparison.,YES,NO
UNASSESSED-01189,governance/pia/items/06_task_calendar_scheduling_notification/source_package/ES-PIA-TASK-CALENDAR-SCHEDULING-NOTIFICATION-V0.3.0-CANONICAL-CONFORMANCE-FRESH-STRUCTURED-REVIEW/STRUCTURED_REVIEW_FINDINGS_REGISTER.csv,CANONICAL_SOURCE_CONFLICT_REQUIRES_REVIEW,BLOCKS_UNCONSTRAINED_CODE_TO_GOVERNANCE_COMPARISON,Resolve or explicitly pin canonical governance source before using this artifact for implementation comparison.,YES,NO
UNASSESSED-01190,governance/pia/items/06_task_calendar_scheduling_notification/source_package/ES-PIA-TASK-CALENDAR-SCHEDULING-NOTIFICATION-V0.3.0-CANONICAL-CONFORMANCE-FRESH-STRUCTURED-REVIEW/STRUCTURED_REVIEW_FINDINGS_REGISTER.csv,CANONICAL_SOURCE_CONFLICT_REQUIRES_REVIEW,BLOCKS_UNCONSTRAINED_CODE_TO_GOVERNANCE_COMPARISON,Resolve or explicitly pin canonical governance source before using this artifact for implementation comparison.,YES,NO
UNASSESSED-01191,governance/pia/items/06_task_calendar_scheduling_notification/source_package/ES-PIA-TASK-CALENDAR-SCHEDULING-NOTIFICATION-V0.3.0-CANONICAL-CONFORMANCE-FRESH-STRUCTURED-REVIEW/VALIDATION_REPORT.md,CANONICAL_SOURCE_CONFLICT_REQUIRES_REVIEW,BLOCKS_UNCONSTRAINED_CODE_TO_GOVERNANCE_COMPARISON,Resolve or explicitly pin canonical governance source before using this artifact for implementation comparison.,YES,NO
UNASSESSED-01192,governance/pia/items/07_care_operations/reports/ITEM_07_CARE_FORMAL_FINDING_TREATMENT_AND_INTEGRATION_READINESS_REPORT.md,FEATURE_INCLUSION_CONFLICT_OR_TRACEABILITY_RISK,BLOCKS_AFFECTED_FEATURE_COMPARISON,Fix feature-to-governance inclusion mapping for affected feature scope before comparing that feature.,NO_UNLESS_AFFECTED_SCOPE,NO
UNASSESSED-01193,governance/pia/items/10_owner_portal_communications/source_package/03_FINDING_TREATMENT_AND_GATE_REALIGNMENT_REGISTER.csv,CANONICAL_SOURCE_CONFLICT_REQUIRES_REVIEW,BLOCKS_UNCONSTRAINED_CODE_TO_GOVERNANCE_COMPARISON,Resolve or explicitly pin canonical governance source before using this artifact for implementation comparison.,YES,NO
UNASSESSED-01194,governance/pia/items/10_owner_portal_communications/source_package/03_FINDING_TREATMENT_AND_GATE_REALIGNMENT_REGISTER.csv,CANONICAL_SOURCE_CONFLICT_REQUIRES_REVIEW,BLOCKS_UNCONSTRAINED_CODE_TO_GOVERNANCE_COMPARISON,Resolve or explicitly pin canonical governance source before using this artifact for implementation comparison.,YES,NO
UNASSESSED-01195,governance/pia/items/10_owner_portal_communications/source_package/03_FINDING_TREATMENT_AND_GATE_REALIGNMENT_REGISTER.csv,CANONICAL_SOURCE_CONFLICT_REQUIRES_REVIEW,BLOCKS_UNCONSTRAINED_CODE_TO_GOVERNANCE_COMPARISON,Resolve or explicitly pin canonical governance source before using this artifact for implementation comparison.,YES,NO
UNASSESSED-01196,governance/pia/items/10_owner_portal_communications/source_package/27_OPC_V0_2_DESIGN_APPROVAL_READINESS_REVIEW.md,OPEN_BLOCKING_FINDING_REQUIRES_SCOPE_GATE,BLOCKS_AFFECTED_COMPARISON_OR_MUTATION_SCOPE,Triage against affected feature/canon scope before relying on this artifact for mutation authority.,NO_UNLESS_AFFECTED_SCOPE,NO
UNASSESSED-01197,outputs/rf0_current_state_inventory.md,FEATURE_INCLUSION_CONFLICT_OR_TRACEABILITY_RISK,BLOCKS_AFFECTED_FEATURE_COMPARISON,Fix feature-to-governance inclusion mapping for affected feature scope before comparing that feature.,NO_UNLESS_AFFECTED_SCOPE,NO
UNASSESSED-01198,outputs/rf0_current_state_inventory.md,FEATURE_INCLUSION_CONFLICT_OR_TRACEABILITY_RISK,BLOCKS_AFFECTED_FEATURE_COMPARISON,Fix feature-to-governance inclusion mapping for affected feature scope before comparing that feature.,NO_UNLESS_AFFECTED_SCOPE,NO
UNASSESSED-01199,outputs/rf0_current_state_inventory.md,FEATURE_INCLUSION_CONFLICT_OR_TRACEABILITY_RISK,BLOCKS_AFFECTED_FEATURE_COMPARISON,Fix feature-to-governance inclusion mapping for affected feature scope before comparing that feature.,NO_UNLESS_AFFECTED_SCOPE,NO
UNASSESSED-01200,outputs/rf0_current_state_inventory.md,FEATURE_INCLUSION_CONFLICT_OR_TRACEABILITY_RISK,BLOCKS_AFFECTED_FEATURE_COMPARISON,Fix feature-to-governance inclusion mapping for affected feature scope before comparing that feature.,NO_UNLESS_AFFECTED_SCOPE,NO
UNASSESSED-01201,outputs/rf0_current_state_inventory.md,FEATURE_INCLUSION_CONFLICT_OR_TRACEABILITY_RISK,BLOCKS_AFFECTED_FEATURE_COMPARISON,Fix feature-to-governance inclusion mapping for affected feature scope before comparing that feature.,NO_UNLESS_AFFECTED_SCOPE,NO
UNASSESSED-01202,outputs/rf0_current_state_inventory.md,FEATURE_INCLUSION_CONFLICT_OR_TRACEABILITY_RISK,BLOCKS_AFFECTED_FEATURE_COMPARISON,Fix feature-to-governance inclusion mapping for affected feature scope before comparing that feature.,NO_UNLESS_AFFECTED_SCOPE,NO
UNASSESSED-01203,outputs/rf6_canonical_systems_consolidation_report.md,CANONICAL_SOURCE_CONFLICT_REQUIRES_REVIEW,BLOCKS_UNCONSTRAINED_CODE_TO_GOVERNANCE_COMPARISON,Resolve or explicitly pin canonical governance source before using this artifact for implementation comparison.,YES,NO
UNASSESSED-01204,outputs/rf6_canonical_systems_consolidation_report.md,CANONICAL_SOURCE_CONFLICT_REQUIRES_REVIEW,BLOCKS_UNCONSTRAINED_CODE_TO_GOVERNANCE_COMPARISON,Resolve or explicitly pin canonical governance source before using this artifact for implementation comparison.,YES,NO
UNASSESSED-01205,outputs/rf6_canonical_systems_consolidation_report.md,CANONICAL_SOURCE_CONFLICT_REQUIRES_REVIEW,BLOCKS_UNCONSTRAINED_CODE_TO_GOVERNANCE_COMPARISON,Resolve or explicitly pin canonical governance source before using this artifact for implementation comparison.,YES,NO
UNASSESSED-01206,outputs/rf6_canonical_systems_consolidation_report.md,CANONICAL_SOURCE_CONFLICT_REQUIRES_REVIEW,BLOCKS_UNCONSTRAINED_CODE_TO_GOVERNANCE_COMPARISON,Resolve or explicitly pin canonical governance source before using this artifact for implementation comparison.,YES,NO
UNASSESSED-01207,outputs/rf6_canonical_systems_consolidation_report.md,CANONICAL_SOURCE_CONFLICT_REQUIRES_REVIEW,BLOCKS_UNCONSTRAINED_CODE_TO_GOVERNANCE_COMPARISON,Resolve or explicitly pin canonical governance source before using this artifact for implementation comparison.,YES,NO
UNASSESSED-01208,docs/canon/reviews/global_companion_reconciliation_v1_0/source/GLOBAL_COMPANION_RECONCILIATION_FOUNDER_DIRECTIVE.txt | docs/canon/reviews/governance_v1_0_ai_reconciliation/source/GOVERNANCE_V1_0_AI_V2_RECONCILIATION_DIRECTIVE.txt | docs/canon/reviews/governance_v1_0_c0_lifecycle_completion_batch_1/source/C0_LIFECYCLE_COMPLETION_BATCH_1_FOUNDER_DIRECTIVE.md | docs/canon/reviews/governance_v1_0_final_baseline_resumption/EVIDENCE_PACKAGE_MANIFEST.json | docs/canon/reviews/governance_v1_0_final_baseline_resumption/closure/FINAL_GOVERNANCE_V1_0_CLOSURE_ASSESSMENT.json | docs/canon/reviews/governance_v1_0_final_baseline_resumption/closure/FINAL_GOVERNANCE_V1_0_CLOSURE_ASSESSMENT.md | docs/canon/reviews/governance_v1_0_final_baseline_resumption/source/GLOBAL_COMPANION_ADOPTION_AND_GOVERNANCE_V1_RESUMPTION_DIRECTIVE.txt | docs/canon/reviews/governance_v1_0_final_baseline_resumption/tools/build_governance_v1_resumption.py,CANONICAL_STATUS_CONFLICT_REQUIRING_TIME_ORDER_RECONCILIATION,BLOCKS_UNCONSTRAINED_CODE_TO_GOVERNANCE_COMPARISON,Pin comparison to latest checksum-backed adoption/lock records and update present-tense status only through Founder-authorized reconciliation.,YES,NO
UNASSESSED-01209,docs/canon/registries/CANON_DEPENDENCY_REGISTRY.md | docs/canon/registries/CANON_STATE_AND_LOCK_REGISTRY.md | docs/canon/registries/DOMAIN_OWNER_AND_STEWARD_REGISTRY.md | docs/canon/registries/IMPLEMENTATION_AUTHORIZATION_REGISTRY.md | docs/canon/reviews/foundational_gap_closure/B_AGREEMENT_CONSENT/B_AGREEMENT_CONSENT_CANON_INDEX_PROPOSAL.md | docs/canon/reviews/foundational_gap_closure/C_AUDIT_EVIDENCE/C_AUDIT_EVIDENCE_CANON_INDEX_PROPOSAL.md | docs/canon/reviews/foundational_gap_closure/D_COMMUNICATION_NOTICE/D_COMMUNICATION_NOTICE_CANON_INDEX_PROPOSAL.md | docs/canon/reviews/foundational_gap_closure/E_PLATFORM_RELIABILITY/E_PLATFORM_RELIABILITY_CANON_INDEX_PROPOSAL.md | docs/canon/reviews/foundational_gap_closure/G_FINANCIAL_TRUTH/G_FINANCIAL_TRUTH_CANON_INDEX_PROPOSAL.md,CANONICAL_STATUS_CONFLICT_REQUIRING_TIME_ORDER_RECONCILIATION,BLOCKS_UNCONSTRAINED_CODE_TO_GOVERNANCE_COMPARISON,Pin comparison to latest checksum-backed adoption/lock records and update present-tense status only through Founder-authorized reconciliation.,YES,NO
UNASSESSED-01210,docs/canon/adoptions/c0_004_master_product_vision/C0_004_MASTER_PRODUCT_VISION_CONSTITUTIONAL_ADOPTION_RECORD.md | docs/canon/adoptions/c0_004_master_product_vision/MASTER_PRODUCT_VISION_V2_1_ADOPTED_PRE_LOCK.md | docs/canon/adoptions/c0_004_master_product_vision/history/MASTER_PRODUCT_VISION_V2_1_PRE_ADOPTION_FOUNDER_APPROVED.md | docs/canon/adoptions/c0_019_agreement_consent_authorization_v2_1/C0_019_AGREEMENT_CONSENT_AND_AUTHORIZATION_CONSTITUTIONAL_ADOPTION_RECORD.md | docs/canon/adoptions/c0_019_agreement_consent_authorization_v2_1/MASTER_AGREEMENT_CONSENT_AND_AUTHORIZATION_MODEL_V2_1_ADOPTED_PRE_LOCK.md | docs/canon/adoptions/c0_019_agreement_consent_authorization_v2_1/history/MASTER_AGREEMENT_CONSENT_AND_AUTHORIZATION_MODEL_V2_1_PRE_ADOPTION_FOUNDER_APPROVED.md | docs/canon/adoptions/c0_023_c0_035_adoption/C0_023_C0_035_CONSTITUTIONAL_ADOPTION_REPORT.md | docs/canon/adoptions/c0_023_c0_035_adoption/tools/build_adoption.py | docs/canon/adoptions/c0_023_c0_035_adoption/tools/validate_and_package.py | docs/canon/adoptions/c0_023_c0_035_lock_readiness/C0_023_C0_035_LOCK_READINESS_MASTER_REPORT.md | docs/canon/adoptions/c0_023_c0_035_lock_readiness/C0_023_PRIVACY_LOCK_READINESS_ASSESSMENT.md | docs/canon/adoptions/c0_023_c0_035_lock_readiness/C0_035_REPORTING_LOCK_READINESS_ASSESSMENT.md | docs/canon/adoptions/c0_023_c0_035_lock_readiness/tools/build_lock_readiness.py | docs/canon/adoptions/c0_023_privacy_v2_0/C0_023_PRIVACY_AND_DATA_PROTECTION_CONSTITUTIONAL_ADOPTION_RECORD.md | docs/canon/adoptions/c0_023_privacy_v2_0/pre_adoption/MASTER_PRIVACY_AND_DATA_PROTECTION_MODEL_V2_0_FOUNDER_APPROVED.md | docs/canon/adoptions/c0_035_reporting_v2_0/C0_035_LOCK_READINESS_PREPARATION.md | docs/canon/adoptions/c0_035_reporting_v2_0/C0_035_REPORTING_ANALYTICS_AND_BUSINESS_INTELLIGENCE_CONSTITUTIONAL_ADOPTION_RECORD.md | docs/canon/adoptions/c0_035_reporting_v2_0/pre_adoption/MASTER_REPORTING_ANALYTICS_AND_BUSINESS_INTELLIGENCE_MODEL_V2_0_FOUNDER_APPROVED.md | docs/canon/companions/CONSTITUTIONAL_DOMAIN_OWNERSHIP_AND_BOUNDARY_REGISTER_V1_1.md | docs/canon/companions/CROSS_CANON_REFERENCE_NORMALIZATION_REGISTER_V1_1.md | docs/canon/companions/EQUINESYNC_CANON_DEPENDENCY_MAP_V1_2.md | docs/canon/companions/EQUINESYNC_CONSTITUTIONAL_AUTHORITY_MATRIX_V1_2.md | docs/canon/companions/EQUINESYNC_CONSTITUTIONAL_CROSS_REFERENCE_INDEX_V1_2.md | docs/canon/companions/MASTER_EQUINESYNC_FOUNDER_DECISION_REGISTER_V1_0.md | docs/canon/companions/MASTER_EQUINESYNC_GOVERNANCE_REQUIREMENT_INDEX_V1_0.md | docs/canon/companions/MASTER_EQUINESYNC_REQUIREMENT_TRACEABILITY_MATRIX_V1_0.md | docs/canon/founder_approved_sources/MASTER_REPORTING_ANALYTICS_AND_BUSINESS_INTELLIGENCE_MODEL_V2_0_FOUNDER_APPROVED.md | docs/canon/locks/privacy_v2_0/pre_lock/MASTER_PRIVACY_AND_DATA_PROTECTION_MODEL_V2_0_FOUNDER_APPROVED.md | docs/canon/locks/privacy_v2_0/tools/build_c0_023_lock.py | docs/canon/registries/CANON_ARTIFACT_INVENTORY.md | docs/canon/registries/CANON_STATE_AND_LOCK_REGISTRY.md | docs/canon/reviews/c0_004_master_product_vision_lifecycle_completion/tools/build_c0_004.py | docs/canon/reviews/c0_004_master_product_vision_lifecycle_completion/tools/finalize_c0_004.py | docs/canon/reviews/c0_019_agreement_consent_authorization_lifecycle_completion/tools/build_c0_019.py | docs/canon/reviews/c0_019_agreement_consent_authorization_lifecycle_completion/tools/finalize_c0_019.py | docs/canon/reviews/privacy_reporting_format_counterpart_completion_v1_0/PRIVACY_FORMAT_COUNTERPART_PROVENANCE_RECORD.md | docs/canon/reviews/privacy_reporting_format_counterpart_completion_v1_0/REPORTING_FORMAT_COUNTERPART_PROVENANCE_RECORD.md | docs/canon/reviews/privacy_reporting_format_counterpart_completion_v1_0/tools/build_completion.py,CANONICAL_STATUS_CONFLICT_REQUIRING_TIME_ORDER_RECONCILIATION,BLOCKS_UNCONSTRAINED_CODE_TO_GOVERNANCE_COMPARISON,Pin comparison to latest checksum-backed adoption/lock records and update present-tense status only through Founder-authorized reconciliation.,YES,NO
UNASSESSED-01211,PR90_TIER1_DOCS_03_10_V5,Required input absent or not joinable in accession registers,BASELINE_GAP_UNASSESSED,Mount/accession source and rerun comparison,YES_IF_AUTHORITY_SOURCE,NO
UNASSESSED-01212,MASTER_STANDARD,Required input absent or not joinable in accession registers,BASELINE_GAP_UNASSESSED,Mount/accession source and rerun comparison,YES_IF_AUTHORITY_SOURCE,NO
UNASSESSED-01213,FEATURE_TO_GOVERNANCE_MATRIX,Required input absent or not joinable in accession registers,BASELINE_GAP_UNASSESSED,Mount/accession source and rerun comparison,YES_IF_AUTHORITY_SOURCE,NO
UNASSESSED-01214,MIAP_STANDARDS,Required input absent or not joinable in accession registers,BASELINE_GAP_UNASSESSED,Mount/accession source and rerun comparison,YES_IF_AUTHORITY_SOURCE,NO
