allocation_id,source_or_document_id,source_id,primary_guide_family,related_guide_families,allocation_basis,normative_row_count,reference_corpus_status,notes
CGP006-ALLOC-0001,CGP005-RC-0001,CGSRC-ARCH-0001,ES-CG-00,ES-CG-00;ES-CG-01;ES-CG-13,CGP005_REFERENCE_CORPUS_ROW,0,REFERENCE_CORPUS_INDEXED_NOT_NORMATIVE,REFERENCE_CONTEXT_ONLY
CGP006-ALLOC-0002,CGP005-RC-0002,CGSRC-ARCH-0002,ES-CG-00,ES-CG-00;ES-CG-01;ES-CG-13,CGP005_REFERENCE_CORPUS_ROW,0,REFERENCE_CORPUS_INDEXED_NOT_NORMATIVE,REFERENCE_CONTEXT_ONLY
CGP006-ALLOC-0003,CGP005-RC-0003,CGSRC-ARCH-0003,ES-CG-00,ES-CG-00;ES-CG-01;ES-CG-13,CGP005_REFERENCE_CORPUS_ROW,0,REFERENCE_CORPUS_INDEXED_NOT_NORMATIVE,REFERENCE_CONTEXT_ONLY
CGP006-ALLOC-0004,CGP005-RC-0004,CGSRC-ARCH-0004,ES-CG-00,ES-CG-00;ES-CG-01;ES-CG-13;ES-CG-10,CGP005_REFERENCE_CORPUS_ROW,0,REFERENCE_CORPUS_INDEXED_NOT_NORMATIVE,REFERENCE_CONTEXT_ONLY
CGP006-ALLOC-0005,CGP005-RC-0005,CGSRC-ARCH-0005,ES-CG-00,ES-CG-00;ES-CG-01;ES-CG-13;ES-CG-10,CGP005_REFERENCE_CORPUS_ROW,0,REFERENCE_CORPUS_INDEXED_NOT_NORMATIVE,REFERENCE_CONTEXT_ONLY
CGP006-ALLOC-0006,CGP005-RC-0006,CGSRC-ARCH-0006,ES-CG-00,ES-CG-00;ES-CG-01;ES-CG-13,CGP005_REFERENCE_CORPUS_ROW,0,REFERENCE_CORPUS_INDEXED_NOT_NORMATIVE,REFERENCE_CONTEXT_ONLY
CGP006-ALLOC-0007,CGP005-RC-0007,CGSRC-ARCH-0007,ES-CG-00,ES-CG-00;ES-CG-01;ES-CG-13,CGP005_REFERENCE_CORPUS_ROW,0,REFERENCE_CORPUS_INDEXED_NOT_NORMATIVE,REFERENCE_CONTEXT_ONLY
CGP006-ALLOC-0008,CGP005-RC-0008,CGSRC-ARCH-0008,ES-CG-00,ES-CG-00;ES-CG-01;ES-CG-13;ES-CG-10,CGP005_REFERENCE_CORPUS_ROW,0,REFERENCE_CORPUS_INDEXED_NOT_NORMATIVE,REFERENCE_CONTEXT_ONLY
CGP006-ALLOC-0009,CGP005-RC-0009,CGSRC-ARCH-0009,ES-CG-00,ES-CG-00;ES-CG-01;ES-CG-13,CGP005_REFERENCE_CORPUS_ROW,0,REFERENCE_CORPUS_INDEXED_NOT_NORMATIVE,REFERENCE_CONTEXT_ONLY
CGP006-ALLOC-0010,CGP005-RC-0010,CGSRC-ARCH-0010,ES-CG-00,ES-CG-00;ES-CG-01;ES-CG-13,CGP005_REFERENCE_CORPUS_ROW,0,REFERENCE_CORPUS_INDEXED_NOT_NORMATIVE,REFERENCE_CONTEXT_ONLY
CGP006-ALLOC-0011,CGP005-RC-0011,CGSRC-ARCH-0011,ES-CG-00,ES-CG-00;ES-CG-01;ES-CG-13,CGP005_REFERENCE_CORPUS_ROW,0,REFERENCE_CORPUS_INDEXED_NOT_NORMATIVE,REFERENCE_CONTEXT_ONLY
CGP006-ALLOC-0012,CGP005-RC-0012,CGSRC-ARCH-0012,ES-CG-00,ES-CG-00;ES-CG-01;ES-CG-13,CGP005_REFERENCE_CORPUS_ROW,0,REFERENCE_CORPUS_INDEXED_NOT_NORMATIVE,REFERENCE_CONTEXT_ONLY
CGP006-ALLOC-0013,CGP005-RC-0013,CGSRC-ARCH-0013,ES-CG-00,ES-CG-00;ES-CG-01;ES-CG-13,CGP005_REFERENCE_CORPUS_ROW,0,REFERENCE_CORPUS_INDEXED_NOT_NORMATIVE,REFERENCE_CONTEXT_ONLY
CGP006-ALLOC-0014,CGP005-RC-0014,CGSRC-ARCH-0014,ES-CG-00,ES-CG-00;ES-CG-01;ES-CG-13,CGP005_REFERENCE_CORPUS_ROW,0,REFERENCE_CORPUS_INDEXED_NOT_NORMATIVE,REFERENCE_CONTEXT_ONLY
CGP006-ALLOC-0015,CGP005-RC-0015,CGSRC-ARCH-0015,ES-CG-00,ES-CG-00;ES-CG-01;ES-CG-13;ES-CG-10,CGP005_REFERENCE_CORPUS_ROW,0,REFERENCE_CORPUS_INDEXED_NOT_NORMATIVE,REFERENCE_CONTEXT_ONLY
CGP006-ALLOC-0016,CGP005-RC-0016,CGSRC-ARCH-0016,ES-CG-00,ES-CG-00;ES-CG-01;ES-CG-13,CGP005_REFERENCE_CORPUS_ROW,0,REFERENCE_CORPUS_INDEXED_NOT_NORMATIVE,REFERENCE_CONTEXT_ONLY
CGP006-ALLOC-0017,CGP005-RC-0017,CGSRC-ARCH-0017,ES-CG-00,ES-CG-00;ES-CG-01;ES-CG-13,CGP005_REFERENCE_CORPUS_ROW,0,REFERENCE_CORPUS_INDEXED_NOT_NORMATIVE,REFERENCE_CONTEXT_ONLY
CGP006-ALLOC-0018,CGP005-RC-0018,CGSRC-ARCH-0018,ES-CG-00,ES-CG-00;ES-CG-01;ES-CG-13,CGP005_REFERENCE_CORPUS_ROW,0,REFERENCE_CORPUS_INDEXED_NOT_NORMATIVE,REFERENCE_CONTEXT_ONLY
CGP006-ALLOC-0019,CGP005-RC-0019,CGSRC-ARCH-0019,ES-CG-00,ES-CG-00;ES-CG-01;ES-CG-13;ES-CG-10,CGP005_REFERENCE_CORPUS_ROW,0,REFERENCE_CORPUS_INDEXED_NOT_NORMATIVE,REFERENCE_CONTEXT_ONLY
CGP006-ALLOC-0020,CGP005-RC-0020,CGSRC-ARCH-0020,ES-CG-00,ES-CG-00;ES-CG-01;ES-CG-13;ES-CG-10,CGP005_REFERENCE_CORPUS_ROW,0,REFERENCE_CORPUS_INDEXED_NOT_NORMATIVE,REFERENCE_CONTEXT_ONLY
CGP006-ALLOC-0021,CGP005-RC-0021,CGSRC-ARCH-0021,ES-CG-00,ES-CG-00;ES-CG-01;ES-CG-13,CGP005_REFERENCE_CORPUS_ROW,0,REFERENCE_CORPUS_INDEXED_NOT_NORMATIVE,SUPERSEDED_CONTEXT_ONLY
CGP006-ALLOC-0022,CGP005-RC-0022,CGSRC-ARCH-0022,ES-CG-00,ES-CG-00;ES-CG-01;ES-CG-13;ES-CG-10,CGP005_REFERENCE_CORPUS_ROW,0,REFERENCE_CORPUS_INDEXED_NOT_NORMATIVE,REFERENCE_CONTEXT_ONLY
CGP006-ALLOC-0023,CGP005-RC-0023,CGSRC-ARCH-0023,ES-CG-00,ES-CG-00;ES-CG-01;ES-CG-13;ES-CG-10,CGP005_REFERENCE_CORPUS_ROW,0,REFERENCE_CORPUS_INDEXED_NOT_NORMATIVE,REFERENCE_CONTEXT_ONLY
CGP006-ALLOC-0024,CGP005-RC-0024,CGSRC-ARCH-0024,ES-CG-00,ES-CG-00;ES-CG-01;ES-CG-13;ES-CG-10,CGP005_REFERENCE_CORPUS_ROW,0,REFERENCE_CORPUS_INDEXED_NOT_NORMATIVE,REFERENCE_CONTEXT_ONLY
CGP006-ALLOC-0025,CGP005-RC-0025,CGSRC-ARCH-0025,ES-CG-00,ES-CG-00;ES-CG-01;ES-CG-13;ES-CG-10,CGP005_REFERENCE_CORPUS_ROW,0,REFERENCE_CORPUS_INDEXED_NOT_NORMATIVE,REFERENCE_CONTEXT_ONLY
CGP006-ALLOC-0026,CGP005-RC-0026,CGSRC-ARCH-0026,ES-CG-00,ES-CG-00;ES-CG-01;ES-CG-13;ES-CG-10,CGP005_REFERENCE_CORPUS_ROW,0,REFERENCE_CORPUS_INDEXED_NOT_NORMATIVE,REFERENCE_CONTEXT_ONLY
CGP006-ALLOC-0027,CGP005-RC-0027,CGSRC-ARCH-0027,ES-CG-00,ES-CG-00;ES-CG-01;ES-CG-13;ES-CG-10,CGP005_REFERENCE_CORPUS_ROW,0,REFERENCE_CORPUS_INDEXED_NOT_NORMATIVE,REFERENCE_CONTEXT_ONLY
CGP006-ALLOC-0028,CGP005-RC-0028,CGSRC-ARCH-0028,ES-CG-00,ES-CG-00;ES-CG-01;ES-CG-13;ES-CG-10,CGP005_REFERENCE_CORPUS_ROW,0,REFERENCE_CORPUS_INDEXED_NOT_NORMATIVE,REFERENCE_CONTEXT_ONLY
CGP006-ALLOC-0029,CGP005-RC-0029,CGSRC-ARCH-0029,ES-CG-00,ES-CG-00;ES-CG-01;ES-CG-13;ES-CG-10,CGP005_REFERENCE_CORPUS_ROW,0,REFERENCE_CORPUS_INDEXED_NOT_NORMATIVE,REFERENCE_CONTEXT_ONLY
CGP006-ALLOC-0030,CGP005-RC-0030,CGSRC-ARCH-0030,ES-CG-00,ES-CG-00;ES-CG-01;ES-CG-13;ES-CG-10,CGP005_REFERENCE_CORPUS_ROW,0,REFERENCE_CORPUS_INDEXED_NOT_NORMATIVE,REFERENCE_CONTEXT_ONLY
CGP006-ALLOC-0031,CGP005-RC-0031,CGSRC-ARCH-0031,ES-CG-00,ES-CG-00;ES-CG-01;ES-CG-13;ES-CG-10,CGP005_REFERENCE_CORPUS_ROW,0,REFERENCE_CORPUS_INDEXED_NOT_NORMATIVE,REFERENCE_CONTEXT_ONLY
CGP006-ALLOC-0032,CGP005-RC-0032,CGSRC-ARCH-0032,ES-CG-00,ES-CG-00;ES-CG-01;ES-CG-13;ES-CG-10,CGP005_REFERENCE_CORPUS_ROW,0,REFERENCE_CORPUS_INDEXED_NOT_NORMATIVE,REFERENCE_CONTEXT_ONLY
CGP006-ALLOC-0033,CGP005-RC-0033,CGSRC-ARCH-0033,ES-CG-00,ES-CG-00;ES-CG-01;ES-CG-13;ES-CG-10,CGP005_REFERENCE_CORPUS_ROW,0,REFERENCE_CORPUS_INDEXED_NOT_NORMATIVE,REFERENCE_CONTEXT_ONLY
CGP006-ALLOC-0034,CGP005-RC-0034,CGSRC-ARCH-0034,ES-CG-00,ES-CG-00;ES-CG-01;ES-CG-13;ES-CG-10,CGP005_REFERENCE_CORPUS_ROW,0,REFERENCE_CORPUS_INDEXED_NOT_NORMATIVE,REFERENCE_CONTEXT_ONLY
CGP006-ALLOC-0035,CGP005-RC-0035,CGSRC-ARCH-0035,ES-CG-00,ES-CG-00;ES-CG-01;ES-CG-13;ES-CG-10,CGP005_REFERENCE_CORPUS_ROW,0,REFERENCE_CORPUS_INDEXED_NOT_NORMATIVE,REFERENCE_CONTEXT_ONLY
CGP006-ALLOC-0036,CGP005-RC-0036,CGSRC-ARCH-0036,ES-CG-00,ES-CG-00;ES-CG-01;ES-CG-13;ES-CG-10,CGP005_REFERENCE_CORPUS_ROW,0,REFERENCE_CORPUS_INDEXED_NOT_NORMATIVE,REFERENCE_CONTEXT_ONLY
CGP006-ALLOC-0037,CGP005-RC-0037,CGSRC-ARCH-0037,ES-CG-00,ES-CG-00;ES-CG-01;ES-CG-13;ES-CG-10,CGP005_REFERENCE_CORPUS_ROW,0,REFERENCE_CORPUS_INDEXED_NOT_NORMATIVE,REFERENCE_CONTEXT_ONLY
CGP006-ALLOC-0038,CGP005-RC-0038,CGSRC-ARCH-0038,ES-CG-00,ES-CG-00;ES-CG-01;ES-CG-13;ES-CG-10,CGP005_REFERENCE_CORPUS_ROW,0,REFERENCE_CORPUS_INDEXED_NOT_NORMATIVE,REFERENCE_CONTEXT_ONLY
CGP006-ALLOC-0039,CGP005-RC-0039,CGSRC-ARCH-0039,ES-CG-00,ES-CG-00;ES-CG-01;ES-CG-13;ES-CG-10,CGP005_REFERENCE_CORPUS_ROW,0,REFERENCE_CORPUS_INDEXED_NOT_NORMATIVE,REFERENCE_CONTEXT_ONLY
CGP006-ALLOC-0040,CGP005-RC-0040,CGSRC-ARCH-0040,ES-CG-00,ES-CG-00;ES-CG-01;ES-CG-13;ES-CG-10,CGP005_REFERENCE_CORPUS_ROW,0,REFERENCE_CORPUS_INDEXED_NOT_NORMATIVE,REFERENCE_CONTEXT_ONLY
CGP006-ALLOC-0041,CGP005-RC-0041,CGSRC-ARCH-0041,ES-CG-00,ES-CG-00;ES-CG-01;ES-CG-13;ES-CG-10,CGP005_REFERENCE_CORPUS_ROW,0,REFERENCE_CORPUS_INDEXED_NOT_NORMATIVE,REFERENCE_CONTEXT_ONLY
CGP006-ALLOC-0042,CGP005-RC-0042,CGSRC-ARCH-0042,ES-CG-00,ES-CG-00;ES-CG-01;ES-CG-13;ES-CG-10,CGP005_REFERENCE_CORPUS_ROW,0,REFERENCE_CORPUS_INDEXED_NOT_NORMATIVE,REFERENCE_CONTEXT_ONLY
CGP006-ALLOC-0043,CGP005-RC-0043,CGSRC-ARCH-0043,ES-CG-00,ES-CG-00;ES-CG-01;ES-CG-13;ES-CG-10,CGP005_REFERENCE_CORPUS_ROW,0,REFERENCE_CORPUS_INDEXED_NOT_NORMATIVE,REFERENCE_CONTEXT_ONLY
CGP006-ALLOC-0044,CGP005-RC-0044,CGSRC-ARCH-0044,ES-CG-00,ES-CG-00;ES-CG-01;ES-CG-13;ES-CG-10,CGP005_REFERENCE_CORPUS_ROW,0,REFERENCE_CORPUS_INDEXED_NOT_NORMATIVE,REFERENCE_CONTEXT_ONLY
CGP006-ALLOC-0045,CGP005-RC-0045,CGSRC-ARCH-0045,ES-CG-00,ES-CG-00;ES-CG-01;ES-CG-13;ES-CG-10,CGP005_REFERENCE_CORPUS_ROW,0,REFERENCE_CORPUS_INDEXED_NOT_NORMATIVE,REFERENCE_CONTEXT_ONLY
CGP006-ALLOC-0046,CGP005-RC-0046,CGSRC-ARCH-0046,ES-CG-00,ES-CG-00;ES-CG-01;ES-CG-13;ES-CG-10,CGP005_REFERENCE_CORPUS_ROW,0,REFERENCE_CORPUS_INDEXED_NOT_NORMATIVE,REFERENCE_CONTEXT_ONLY
CGP006-ALLOC-0047,CGP005-RC-0047,CGSRC-ARCH-0047,ES-CG-00,ES-CG-00;ES-CG-01;ES-CG-13;ES-CG-10,CGP005_REFERENCE_CORPUS_ROW,0,REFERENCE_CORPUS_INDEXED_NOT_NORMATIVE,REFERENCE_CONTEXT_ONLY
CGP006-ALLOC-0048,CGP005-RC-0048,CGSRC-ARCH-0048,ES-CG-00,ES-CG-00;ES-CG-01;ES-CG-13;ES-CG-10,CGP005_REFERENCE_CORPUS_ROW,0,REFERENCE_CORPUS_INDEXED_NOT_NORMATIVE,REFERENCE_CONTEXT_ONLY
CGP006-ALLOC-0049,CGP005-RC-0049,CGSRC-ARCH-0049,ES-CG-00,ES-CG-00;ES-CG-01;ES-CG-13,CGP005_REFERENCE_CORPUS_ROW,0,REFERENCE_CORPUS_INDEXED_NOT_NORMATIVE,REFERENCE_CONTEXT_ONLY
CGP006-ALLOC-0050,CGP005-RC-0050,CGSRC-ARCH-0050,ES-CG-00,ES-CG-00;ES-CG-01;ES-CG-13,CGP005_REFERENCE_CORPUS_ROW,0,REFERENCE_CORPUS_INDEXED_NOT_NORMATIVE,REFERENCE_CONTEXT_ONLY
CGP006-ALLOC-0051,CGP005-RC-0051,CGSRC-ARCH-0051,ES-CG-00,ES-CG-00;ES-CG-01;ES-CG-13,CGP005_REFERENCE_CORPUS_ROW,0,REFERENCE_CORPUS_INDEXED_NOT_NORMATIVE,REFERENCE_CONTEXT_ONLY
CGP006-ALLOC-0052,CGP005-RC-0052,CGSRC-ARCH-0052,ES-CG-00,ES-CG-00;ES-CG-01;ES-CG-13,CGP005_REFERENCE_CORPUS_ROW,0,REFERENCE_CORPUS_INDEXED_NOT_NORMATIVE,REFERENCE_CONTEXT_ONLY
CGP006-ALLOC-0053,CGP005-RC-0053,CGSRC-ARCH-0053,ES-CG-00,ES-CG-00;ES-CG-01;ES-CG-13,CGP005_REFERENCE_CORPUS_ROW,0,REFERENCE_CORPUS_INDEXED_NOT_NORMATIVE,REFERENCE_CONTEXT_ONLY
CGP006-ALLOC-0054,CGP005-RC-0054,CGSRC-ARCH-0054,ES-CG-00,ES-CG-00;ES-CG-01;ES-CG-13,CGP005_REFERENCE_CORPUS_ROW,0,REFERENCE_CORPUS_INDEXED_NOT_NORMATIVE,REFERENCE_CONTEXT_ONLY
CGP006-ALLOC-0055,CGP005-RC-0055,CGSRC-ARCH-0055,ES-CG-00,ES-CG-00;ES-CG-01;ES-CG-13;ES-CG-10,CGP005_REFERENCE_CORPUS_ROW,0,REFERENCE_CORPUS_INDEXED_NOT_NORMATIVE,REFERENCE_CONTEXT_ONLY
CGP006-ALLOC-0056,CGP005-RC-0056,CGSRC-ARCH-0056,ES-CG-00,ES-CG-00;ES-CG-01;ES-CG-13,CGP005_REFERENCE_CORPUS_ROW,0,REFERENCE_CORPUS_INDEXED_NOT_NORMATIVE,REFERENCE_CONTEXT_ONLY
CGP006-ALLOC-0057,CGP005-RC-0057,CGSRC-ARCH-0057,ES-CG-00,ES-CG-00;ES-CG-01;ES-CG-13,CGP005_REFERENCE_CORPUS_ROW,0,REFERENCE_CORPUS_INDEXED_NOT_NORMATIVE,REFERENCE_CONTEXT_ONLY
CGP006-ALLOC-0058,CGP005-RC-0058,CGSRC-ARCH-0058,ES-CG-00,ES-CG-00;ES-CG-01;ES-CG-13;ES-CG-10,CGP005_REFERENCE_CORPUS_ROW,0,REFERENCE_CORPUS_INDEXED_NOT_NORMATIVE,REFERENCE_CONTEXT_ONLY
CGP006-ALLOC-0059,CGP005-RC-0059,CGSRC-ARCH-0059,ES-CG-00,ES-CG-00;ES-CG-01;ES-CG-13,CGP005_REFERENCE_CORPUS_ROW,0,REFERENCE_CORPUS_INDEXED_NOT_NORMATIVE,REFERENCE_CONTEXT_ONLY
CGP006-ALLOC-0060,CGP005-RC-0060,CGSRC-ARCH-0060,ES-CG-00,ES-CG-00;ES-CG-01;ES-CG-13,CGP005_REFERENCE_CORPUS_ROW,0,REFERENCE_CORPUS_INDEXED_NOT_NORMATIVE,REFERENCE_CONTEXT_ONLY
CGP006-ALLOC-0061,CGP005-RC-0061,CGSRC-ARCH-0061,ES-CG-00,ES-CG-00;ES-CG-01;ES-CG-13;ES-CG-10,CGP005_REFERENCE_CORPUS_ROW,0,REFERENCE_CORPUS_INDEXED_NOT_NORMATIVE,REFERENCE_CONTEXT_ONLY
CGP006-ALLOC-0062,CGP005-RC-0062,CGSRC-ARCH-0062,ES-CG-00,ES-CG-00;ES-CG-01;ES-CG-13;ES-CG-10,CGP005_REFERENCE_CORPUS_ROW,0,REFERENCE_CORPUS_INDEXED_NOT_NORMATIVE,REFERENCE_CONTEXT_ONLY
CGP006-ALLOC-0063,CGP005-RC-0063,CGSRC-ARCH-0063,ES-CG-00,ES-CG-00;ES-CG-01;ES-CG-13,CGP005_REFERENCE_CORPUS_ROW,0,REFERENCE_CORPUS_INDEXED_NOT_NORMATIVE,REFERENCE_CONTEXT_ONLY
CGP006-ALLOC-0064,CGP005-RC-0064,CGSRC-ARCH-0064,ES-CG-00,ES-CG-00;ES-CG-01;ES-CG-13,CGP005_REFERENCE_CORPUS_ROW,0,REFERENCE_CORPUS_INDEXED_NOT_NORMATIVE,REFERENCE_CONTEXT_ONLY
CGP006-ALLOC-0065,CGP005-RC-0065,CGSRC-ARCH-0065,ES-CG-00,ES-CG-00;ES-CG-01;ES-CG-13,CGP005_REFERENCE_CORPUS_ROW,0,REFERENCE_CORPUS_INDEXED_NOT_NORMATIVE,REFERENCE_CONTEXT_ONLY
CGP006-ALLOC-0066,CGP005-RC-0066,CGSRC-ARCH-0066,ES-CG-00,ES-CG-00;ES-CG-01;ES-CG-13,CGP005_REFERENCE_CORPUS_ROW,0,REFERENCE_CORPUS_INDEXED_NOT_NORMATIVE,REFERENCE_CONTEXT_ONLY
CGP006-ALLOC-0067,CGP005-RC-0067,CGSRC-ARCH-0067,ES-CG-00,ES-CG-00;ES-CG-01;ES-CG-13,CGP005_REFERENCE_CORPUS_ROW,0,REFERENCE_CORPUS_INDEXED_NOT_NORMATIVE,REFERENCE_CONTEXT_ONLY
CGP006-ALLOC-0068,CGP005-RC-0068,CGSRC-ARCH-0068,ES-CG-00,ES-CG-00;ES-CG-01;ES-CG-13;ES-CG-10,CGP005_REFERENCE_CORPUS_ROW,0,REFERENCE_CORPUS_INDEXED_NOT_NORMATIVE,REFERENCE_CONTEXT_ONLY
CGP006-ALLOC-0069,CGP005-RC-0069,CGSRC-ARCH-0069,ES-CG-00,ES-CG-00;ES-CG-01;ES-CG-13,CGP005_REFERENCE_CORPUS_ROW,0,REFERENCE_CORPUS_INDEXED_NOT_NORMATIVE,REFERENCE_CONTEXT_ONLY
CGP006-ALLOC-0070,CGP005-RC-0070,CGSRC-ARCH-0070,ES-CG-00,ES-CG-00;ES-CG-01;ES-CG-13,CGP005_REFERENCE_CORPUS_ROW,0,REFERENCE_CORPUS_INDEXED_NOT_NORMATIVE,REFERENCE_CONTEXT_ONLY
CGP006-ALLOC-0071,CGP005-RC-0071,CGSRC-ARCH-0071,ES-CG-00,ES-CG-00;ES-CG-01;ES-CG-13,CGP005_REFERENCE_CORPUS_ROW,0,REFERENCE_CORPUS_INDEXED_NOT_NORMATIVE,REFERENCE_CONTEXT_ONLY
CGP006-ALLOC-0072,CGP005-RC-0072,CGSRC-ARCH-0072,ES-CG-00,ES-CG-00;ES-CG-01;ES-CG-13;ES-CG-10,CGP005_REFERENCE_CORPUS_ROW,0,REFERENCE_CORPUS_INDEXED_NOT_NORMATIVE,REFERENCE_CONTEXT_ONLY
CGP006-ALLOC-0073,CGP005-RC-0073,CGSRC-ARCH-0073,ES-CG-00,ES-CG-00;ES-CG-01;ES-CG-13;ES-CG-10,CGP005_REFERENCE_CORPUS_ROW,0,REFERENCE_CORPUS_INDEXED_NOT_NORMATIVE,REFERENCE_CONTEXT_ONLY
CGP006-ALLOC-0074,CGP005-RC-0074,CGSRC-ARCH-0074,ES-CG-00,ES-CG-00;ES-CG-01;ES-CG-13,CGP005_REFERENCE_CORPUS_ROW,0,REFERENCE_CORPUS_INDEXED_NOT_NORMATIVE,REFERENCE_CONTEXT_ONLY
CGP006-ALLOC-0075,CGP005-RC-0075,CGSRC-ARCH-0075,ES-CG-00,ES-CG-00;ES-CG-01;ES-CG-13,CGP005_REFERENCE_CORPUS_ROW,0,REFERENCE_CORPUS_INDEXED_NOT_NORMATIVE,REFERENCE_CONTEXT_ONLY
CGP006-ALLOC-0076,CGP005-RC-0076,CGSRC-ARCH-0076,ES-CG-00,ES-CG-00;ES-CG-01;ES-CG-13,CGP005_REFERENCE_CORPUS_ROW,0,REFERENCE_CORPUS_INDEXED_NOT_NORMATIVE,REFERENCE_CONTEXT_ONLY
CGP006-ALLOC-0077,CGP005-RC-0077,CGSRC-ARCH-0077,ES-CG-00,ES-CG-00;ES-CG-01;ES-CG-13,CGP005_REFERENCE_CORPUS_ROW,0,REFERENCE_CORPUS_INDEXED_NOT_NORMATIVE,REFERENCE_CONTEXT_ONLY
CGP006-ALLOC-0078,CGP005-RC-0078,CGSRC-ARCH-0078,ES-CG-00,ES-CG-00;ES-CG-01;ES-CG-13,CGP005_REFERENCE_CORPUS_ROW,0,REFERENCE_CORPUS_INDEXED_NOT_NORMATIVE,REFERENCE_CONTEXT_ONLY
CGP006-ALLOC-0079,CGP005-RC-0079,CGSRC-ARCH-0079,ES-CG-00,ES-CG-00;ES-CG-01;ES-CG-13,CGP005_REFERENCE_CORPUS_ROW,0,REFERENCE_CORPUS_INDEXED_NOT_NORMATIVE,REFERENCE_CONTEXT_ONLY
CGP006-ALLOC-0080,CGP005-RC-0080,CGSRC-ARCH-0080,ES-CG-00,ES-CG-00;ES-CG-01;ES-CG-13,CGP005_REFERENCE_CORPUS_ROW,0,REFERENCE_CORPUS_INDEXED_NOT_NORMATIVE,REFERENCE_CONTEXT_ONLY
CGP006-ALLOC-0081,CGP005-RC-0081,CGSRC-ARCH-0081,ES-CG-00,ES-CG-00;ES-CG-01;ES-CG-13,CGP005_REFERENCE_CORPUS_ROW,0,REFERENCE_CORPUS_INDEXED_NOT_NORMATIVE,REFERENCE_CONTEXT_ONLY
CGP006-ALLOC-0082,CGP005-RC-0082,CGSRC-ARCH-0082,ES-CG-00,ES-CG-00;ES-CG-01;ES-CG-13,CGP005_REFERENCE_CORPUS_ROW,0,REFERENCE_CORPUS_INDEXED_NOT_NORMATIVE,REFERENCE_CONTEXT_ONLY
CGP006-ALLOC-0083,CGP005-RC-0083,CGSRC-ARCH-0083,ES-CG-00,ES-CG-00;ES-CG-01;ES-CG-13,CGP005_REFERENCE_CORPUS_ROW,0,REFERENCE_CORPUS_INDEXED_NOT_NORMATIVE,REFERENCE_CONTEXT_ONLY
CGP006-ALLOC-0084,CGP005-RC-0084,CGSRC-ARCH-0084,ES-CG-00,ES-CG-00;ES-CG-01;ES-CG-13,CGP005_REFERENCE_CORPUS_ROW,0,REFERENCE_CORPUS_INDEXED_NOT_NORMATIVE,REFERENCE_CONTEXT_ONLY
CGP006-ALLOC-0085,CGP005-RC-0085,CGSRC-ARCH-0085,ES-CG-00,ES-CG-00;ES-CG-01;ES-CG-13,CGP005_REFERENCE_CORPUS_ROW,0,REFERENCE_CORPUS_INDEXED_NOT_NORMATIVE,REFERENCE_CONTEXT_ONLY
CGP006-ALLOC-0086,CGP005-RC-0086,CGSRC-ARCH-0086,ES-CG-00,ES-CG-00;ES-CG-01;ES-CG-13,CGP005_REFERENCE_CORPUS_ROW,0,REFERENCE_CORPUS_INDEXED_NOT_NORMATIVE,REFERENCE_CONTEXT_ONLY
CGP006-ALLOC-0087,CGP005-RC-0087,CGSRC-ARCH-0087,ES-CG-00,ES-CG-00;ES-CG-01;ES-CG-13,CGP005_REFERENCE_CORPUS_ROW,0,REFERENCE_CORPUS_INDEXED_NOT_NORMATIVE,REFERENCE_CONTEXT_ONLY
CGP006-ALLOC-0088,CGP005-RC-0088,CGSRC-ARCH-0088,ES-CG-00,ES-CG-00;ES-CG-01;ES-CG-13,CGP005_REFERENCE_CORPUS_ROW,0,REFERENCE_CORPUS_INDEXED_NOT_NORMATIVE,REFERENCE_CONTEXT_ONLY
CGP006-ALLOC-0089,CGP005-RC-0089,CGSRC-ARCH-0089,ES-CG-00,ES-CG-00;ES-CG-01;ES-CG-13;ES-CG-10,CGP005_REFERENCE_CORPUS_ROW,0,REFERENCE_CORPUS_INDEXED_NOT_NORMATIVE,REFERENCE_CONTEXT_ONLY
CGP006-ALLOC-0090,CGP005-RC-0090,CGSRC-ARCH-0090,ES-CG-00,ES-CG-00;ES-CG-01;ES-CG-13,CGP005_REFERENCE_CORPUS_ROW,0,REFERENCE_CORPUS_INDEXED_NOT_NORMATIVE,REFERENCE_CONTEXT_ONLY
CGP006-ALLOC-0091,CGP005-RC-0091,CGSRC-ARCH-0091,ES-CG-00,ES-CG-00;ES-CG-01;ES-CG-13,CGP005_REFERENCE_CORPUS_ROW,0,REFERENCE_CORPUS_INDEXED_NOT_NORMATIVE,REFERENCE_CONTEXT_ONLY
CGP006-ALLOC-0092,CGP005-RC-0092,CGSRC-ARCH-0092,ES-CG-00,ES-CG-00;ES-CG-01;ES-CG-13,CGP005_REFERENCE_CORPUS_ROW,0,REFERENCE_CORPUS_INDEXED_NOT_NORMATIVE,REFERENCE_CONTEXT_ONLY
CGP006-ALLOC-0093,CGP005-RC-0093,CGSRC-ARCH-0093,ES-CG-00,ES-CG-00;ES-CG-01;ES-CG-13;ES-CG-10,CGP005_REFERENCE_CORPUS_ROW,0,REFERENCE_CORPUS_INDEXED_NOT_NORMATIVE,REFERENCE_CONTEXT_ONLY
CGP006-ALLOC-0094,CGP005-RC-0094,CGSRC-ARCH-0094,ES-CG-00,ES-CG-00;ES-CG-01;ES-CG-13,CGP005_REFERENCE_CORPUS_ROW,0,REFERENCE_CORPUS_INDEXED_NOT_NORMATIVE,REFERENCE_CONTEXT_ONLY
CGP006-ALLOC-0095,CGP005-RC-0095,CGSRC-ARCH-0095,ES-CG-00,ES-CG-00;ES-CG-01;ES-CG-13;ES-CG-10,CGP005_REFERENCE_CORPUS_ROW,0,REFERENCE_CORPUS_INDEXED_NOT_NORMATIVE,REFERENCE_CONTEXT_ONLY
CGP006-ALLOC-0096,CGP005-RC-0096,CGSRC-ARCH-0096,ES-CG-00,ES-CG-00;ES-CG-01;ES-CG-13,CGP005_REFERENCE_CORPUS_ROW,0,REFERENCE_CORPUS_INDEXED_NOT_NORMATIVE,REFERENCE_CONTEXT_ONLY
CGP006-ALLOC-0097,CGP005-RC-0097,CGSRC-ARCH-0097,ES-CG-00,ES-CG-00;ES-CG-01;ES-CG-13,CGP005_REFERENCE_CORPUS_ROW,0,REFERENCE_CORPUS_INDEXED_NOT_NORMATIVE,REFERENCE_CONTEXT_ONLY
CGP006-ALLOC-0098,CGP005-RC-0098,CGSRC-ARCH-0098,ES-CG-00,ES-CG-00;ES-CG-01;ES-CG-13,CGP005_REFERENCE_CORPUS_ROW,0,REFERENCE_CORPUS_INDEXED_NOT_NORMATIVE,REFERENCE_CONTEXT_ONLY
CGP006-ALLOC-0099,CGP005-RC-0099,CGSRC-ARCH-0099,ES-CG-00,ES-CG-00;ES-CG-01;ES-CG-13,CGP005_REFERENCE_CORPUS_ROW,0,REFERENCE_CORPUS_INDEXED_NOT_NORMATIVE,REFERENCE_CONTEXT_ONLY
CGP006-ALLOC-0100,CGP005-RC-0100,CGSRC-ARCH-0100,ES-CG-00,ES-CG-00;ES-CG-01;ES-CG-13;ES-CG-10,CGP005_REFERENCE_CORPUS_ROW,0,REFERENCE_CORPUS_INDEXED_NOT_NORMATIVE,REFERENCE_CONTEXT_ONLY
CGP006-ALLOC-0101,CGP005-RC-0101,CGSRC-ARCH-0101,ES-CG-00,ES-CG-00;ES-CG-01;ES-CG-13,CGP005_REFERENCE_CORPUS_ROW,0,REFERENCE_CORPUS_INDEXED_NOT_NORMATIVE,REFERENCE_CONTEXT_ONLY
CGP006-ALLOC-0102,CGP005-RC-0102,CGSRC-ARCH-0102,ES-CG-00,ES-CG-00;ES-CG-01;ES-CG-13;ES-CG-10,CGP005_REFERENCE_CORPUS_ROW,0,REFERENCE_CORPUS_INDEXED_NOT_NORMATIVE,REFERENCE_CONTEXT_ONLY
CGP006-ALLOC-0103,CGP005-RC-0103,CGSRC-ARCH-0103,ES-CG-00,ES-CG-00;ES-CG-01;ES-CG-13;ES-CG-10,CGP005_REFERENCE_CORPUS_ROW,0,REFERENCE_CORPUS_INDEXED_NOT_NORMATIVE,REFERENCE_CONTEXT_ONLY
CGP006-ALLOC-0104,CGP005-RC-0104,CGSRC-ARCH-0104,ES-CG-00,ES-CG-00;ES-CG-01;ES-CG-13,CGP005_REFERENCE_CORPUS_ROW,0,REFERENCE_CORPUS_INDEXED_NOT_NORMATIVE,REFERENCE_CONTEXT_ONLY
CGP006-ALLOC-0105,CGP005-RC-0105,CGSRC-ARCH-0105,ES-CG-00,ES-CG-00;ES-CG-01;ES-CG-13,CGP005_REFERENCE_CORPUS_ROW,0,REFERENCE_CORPUS_INDEXED_NOT_NORMATIVE,REFERENCE_CONTEXT_ONLY
CGP006-ALLOC-0106,CGP005-RC-0106,CGSRC-ARCH-0106,ES-CG-00,ES-CG-00;ES-CG-01;ES-CG-13;ES-CG-10,CGP005_REFERENCE_CORPUS_ROW,0,REFERENCE_CORPUS_INDEXED_NOT_NORMATIVE,REFERENCE_CONTEXT_ONLY
CGP006-ALLOC-0107,CGP005-RC-0107,CGSRC-ARCH-0107,ES-CG-00,ES-CG-00;ES-CG-01;ES-CG-13,CGP005_REFERENCE_CORPUS_ROW,0,REFERENCE_CORPUS_INDEXED_NOT_NORMATIVE,REFERENCE_CONTEXT_ONLY
CGP006-ALLOC-0108,CGP005-RC-0108,CGSRC-ARCH-0108,ES-CG-00,ES-CG-00;ES-CG-01;ES-CG-13;ES-CG-10,CGP005_REFERENCE_CORPUS_ROW,0,REFERENCE_CORPUS_INDEXED_NOT_NORMATIVE,REFERENCE_CONTEXT_ONLY
CGP006-ALLOC-0109,CGP005-RC-0109,CGSRC-ATLAS-0001,ES-CG-00,ES-CG-00;ES-CG-01;ES-CG-13;ES-CG-10,CGP005_REFERENCE_CORPUS_ROW,0,REFERENCE_CORPUS_INDEXED_NOT_NORMATIVE,REFERENCE_CONTEXT_ONLY
CGP006-ALLOC-0110,CGP005-RC-0110,CGSRC-ATLAS-0002,ES-CG-10,ES-CG-10,CGP005_REFERENCE_CORPUS_ROW,0,REFERENCE_CORPUS_INDEXED_NOT_NORMATIVE,REFERENCE_CONTEXT_ONLY
CGP006-ALLOC-0111,CGP005-RC-0111,CGSRC-ATLAS-0003,ES-CG-10,ES-CG-10,CGP005_REFERENCE_CORPUS_ROW,0,REFERENCE_CORPUS_INDEXED_NOT_NORMATIVE,REFERENCE_CONTEXT_ONLY
CGP006-ALLOC-0112,CGP005-RC-0112,CGSRC-ATLAS-0004,ES-CG-10,ES-CG-10,CGP005_REFERENCE_CORPUS_ROW,0,REFERENCE_CORPUS_INDEXED_NOT_NORMATIVE,REFERENCE_CONTEXT_ONLY
CGP006-ALLOC-0113,CGP005-RC-0113,CGSRC-ATLAS-0005,ES-CG-10,ES-CG-10,CGP005_REFERENCE_CORPUS_ROW,0,REFERENCE_CORPUS_INDEXED_NOT_NORMATIVE,REFERENCE_CONTEXT_ONLY
CGP006-ALLOC-0114,CGP005-RC-0114,CGSRC-ATLAS-0006,ES-CG-10,ES-CG-10,CGP005_REFERENCE_CORPUS_ROW,0,REFERENCE_CORPUS_INDEXED_NOT_NORMATIVE,REFERENCE_CONTEXT_ONLY
CGP006-ALLOC-0115,CGP005-RC-0115,CGSRC-ATLAS-0007,ES-CG-00,ES-CG-00;ES-CG-01;ES-CG-13;ES-CG-10,CGP005_REFERENCE_CORPUS_ROW,0,REFERENCE_CORPUS_INDEXED_NOT_NORMATIVE,REFERENCE_CONTEXT_ONLY
CGP006-ALLOC-0116,CGP005-RC-0116,CGSRC-ATLAS-0008,ES-CG-00,ES-CG-00;ES-CG-01;ES-CG-13;ES-CG-10,CGP005_REFERENCE_CORPUS_ROW,0,REFERENCE_CORPUS_INDEXED_NOT_NORMATIVE,REFERENCE_CONTEXT_ONLY
CGP006-ALLOC-0117,CGP005-RC-0117,CGSRC-ATLAS-0009,ES-CG-10,ES-CG-10,CGP005_REFERENCE_CORPUS_ROW,0,REFERENCE_CORPUS_INDEXED_NOT_NORMATIVE,REFERENCE_CONTEXT_ONLY
CGP006-ALLOC-0118,CGP005-RC-0118,CGSRC-ATLAS-0010,ES-CG-10,ES-CG-10,CGP005_REFERENCE_CORPUS_ROW,0,REFERENCE_CORPUS_INDEXED_NOT_NORMATIVE,REFERENCE_CONTEXT_ONLY
CGP006-ALLOC-0119,CGP005-RC-0119,CGSRC-ATLAS-0011,ES-CG-10,ES-CG-10,CGP005_REFERENCE_CORPUS_ROW,0,REFERENCE_CORPUS_INDEXED_NOT_NORMATIVE,REFERENCE_CONTEXT_ONLY
CGP006-ALLOC-0120,CGP005-RC-0120,CGSRC-ATLAS-0012,ES-CG-10,ES-CG-10,CGP005_REFERENCE_CORPUS_ROW,0,REFERENCE_CORPUS_INDEXED_NOT_NORMATIVE,REFERENCE_CONTEXT_ONLY
CGP006-ALLOC-0121,CGP005-RC-0121,CGSRC-ATLAS-0013,ES-CG-13,ES-CG-13;ES-CG-10,CGP005_REFERENCE_CORPUS_ROW,0,REFERENCE_CORPUS_INDEXED_NOT_NORMATIVE,REFERENCE_CONTEXT_ONLY
CGP006-ALLOC-0122,CGP005-RC-0122,CGSRC-ATLAS-0014,ES-CG-10,ES-CG-10,CGP005_REFERENCE_CORPUS_ROW,0,REFERENCE_CORPUS_INDEXED_NOT_NORMATIVE,REFERENCE_CONTEXT_ONLY
CGP006-ALLOC-0123,CGP005-RC-0123,CGSRC-ATLAS-0015,ES-CG-10,ES-CG-10,CGP005_REFERENCE_CORPUS_ROW,0,REFERENCE_CORPUS_INDEXED_NOT_NORMATIVE,REFERENCE_CONTEXT_ONLY
CGP006-ALLOC-0124,CGP005-RC-0124,CGSRC-ATLAS-0016,ES-CG-13,ES-CG-13;ES-CG-10,CGP005_REFERENCE_CORPUS_ROW,0,REFERENCE_CORPUS_INDEXED_NOT_NORMATIVE,REFERENCE_CONTEXT_ONLY
CGP006-ALLOC-0125,CGP005-RC-0125,CGSRC-ATLAS-0017,ES-CG-10,ES-CG-10,CGP005_REFERENCE_CORPUS_ROW,0,REFERENCE_CORPUS_INDEXED_NOT_NORMATIVE,REFERENCE_CONTEXT_ONLY
CGP006-ALLOC-0126,CGP005-RC-0126,CGSRC-ATLAS-0018,ES-CG-10,ES-CG-10,CGP005_REFERENCE_CORPUS_ROW,0,REFERENCE_CORPUS_INDEXED_NOT_NORMATIVE,REFERENCE_CONTEXT_ONLY
CGP006-ALLOC-0127,CGP005-RC-0127,CGSRC-ATLAS-0019,ES-CG-10,ES-CG-10,CGP005_REFERENCE_CORPUS_ROW,0,REFERENCE_CORPUS_INDEXED_NOT_NORMATIVE,REFERENCE_CONTEXT_ONLY
CGP006-ALLOC-0128,CGP005-RC-0128,CGSRC-ATLAS-0020,ES-CG-10,ES-CG-10,CGP005_REFERENCE_CORPUS_ROW,0,REFERENCE_CORPUS_INDEXED_NOT_NORMATIVE,REFERENCE_CONTEXT_ONLY
CGP006-ALLOC-0129,CGP005-RC-0129,CGSRC-ATLAS-0021,ES-CG-13,ES-CG-13;ES-CG-10,CGP005_REFERENCE_CORPUS_ROW,0,REFERENCE_CORPUS_INDEXED_NOT_NORMATIVE,REFERENCE_CONTEXT_ONLY
CGP006-ALLOC-0130,CGP005-RC-0130,CGSRC-ATLAS-0022,ES-CG-13,ES-CG-13;ES-CG-10,CGP005_REFERENCE_CORPUS_ROW,0,REFERENCE_CORPUS_INDEXED_NOT_NORMATIVE,REFERENCE_CONTEXT_ONLY
CGP006-ALLOC-0131,CGP005-RC-0131,CGSRC-ATLAS-0023,ES-CG-10,ES-CG-10,CGP005_REFERENCE_CORPUS_ROW,0,REFERENCE_CORPUS_INDEXED_NOT_NORMATIVE,REFERENCE_CONTEXT_ONLY
CGP006-ALLOC-0132,CGP005-RC-0132,CGSRC-ATLAS-0024,ES-CG-10,ES-CG-10,CGP005_REFERENCE_CORPUS_ROW,0,REFERENCE_CORPUS_INDEXED_NOT_NORMATIVE,REFERENCE_CONTEXT_ONLY
CGP006-ALLOC-0133,CGP005-RC-0133,CGSRC-ATLAS-0025,ES-CG-10,ES-CG-10,CGP005_REFERENCE_CORPUS_ROW,0,REFERENCE_CORPUS_INDEXED_NOT_NORMATIVE,REFERENCE_CONTEXT_ONLY
CGP006-ALLOC-0134,CGP005-RC-0134,CGSRC-ATLAS-0026,ES-CG-10,ES-CG-10,CGP005_REFERENCE_CORPUS_ROW,0,REFERENCE_CORPUS_INDEXED_NOT_NORMATIVE,REFERENCE_CONTEXT_ONLY
CGP006-ALLOC-0135,CGP005-RC-0135,CGSRC-ATLAS-0027,ES-CG-10,ES-CG-10,CGP005_REFERENCE_CORPUS_ROW,0,REFERENCE_CORPUS_INDEXED_NOT_NORMATIVE,REFERENCE_CONTEXT_ONLY
CGP006-ALLOC-0136,CGP005-RC-0136,CGSRC-ATLAS-0028,ES-CG-10,ES-CG-10,CGP005_REFERENCE_CORPUS_ROW,0,REFERENCE_CORPUS_INDEXED_NOT_NORMATIVE,REFERENCE_CONTEXT_ONLY
CGP006-ALLOC-0137,CGP005-RC-0137,CGSRC-ATLAS-0029,ES-CG-10,ES-CG-10,CGP005_REFERENCE_CORPUS_ROW,0,REFERENCE_CORPUS_INDEXED_NOT_NORMATIVE,REFERENCE_CONTEXT_ONLY
CGP006-ALLOC-0138,CGP005-RC-0138,CGSRC-ATLAS-0030,ES-CG-10,ES-CG-10,CGP005_REFERENCE_CORPUS_ROW,0,REFERENCE_CORPUS_INDEXED_NOT_NORMATIVE,REFERENCE_CONTEXT_ONLY
CGP006-ALLOC-0139,CGP005-RC-0139,CGSRC-ATLAS-0031,ES-CG-10,ES-CG-10,CGP005_REFERENCE_CORPUS_ROW,0,REFERENCE_CORPUS_INDEXED_NOT_NORMATIVE,REFERENCE_CONTEXT_ONLY
CGP006-ALLOC-0140,CGP005-RC-0140,CGSRC-ATLAS-0032,ES-CG-10,ES-CG-10,CGP005_REFERENCE_CORPUS_ROW,0,REFERENCE_CORPUS_INDEXED_NOT_NORMATIVE,REFERENCE_CONTEXT_ONLY
CGP006-ALLOC-0141,CGP005-RC-0141,CGSRC-ATLAS-0033,ES-CG-00,ES-CG-00;ES-CG-01;ES-CG-13;ES-CG-10,CGP005_REFERENCE_CORPUS_ROW,0,REFERENCE_CORPUS_INDEXED_NOT_NORMATIVE,REFERENCE_CONTEXT_ONLY
CGP006-ALLOC-0142,CGP005-RC-0142,CGSRC-ATLAS-0034,ES-CG-00,ES-CG-00;ES-CG-01;ES-CG-13;ES-CG-10,CGP005_REFERENCE_CORPUS_ROW,0,REFERENCE_CORPUS_INDEXED_NOT_NORMATIVE,REFERENCE_CONTEXT_ONLY
CGP006-ALLOC-0143,CGP005-RC-0143,CGSRC-ATLAS-0035,ES-CG-00,ES-CG-00;ES-CG-01;ES-CG-13;ES-CG-10,CGP005_REFERENCE_CORPUS_ROW,0,REFERENCE_CORPUS_INDEXED_NOT_NORMATIVE,REFERENCE_CONTEXT_ONLY
CGP006-ALLOC-0144,CGP005-RC-0144,CGSRC-ATLAS-0036,ES-CG-00,ES-CG-00;ES-CG-01;ES-CG-13;ES-CG-10,CGP005_REFERENCE_CORPUS_ROW,0,REFERENCE_CORPUS_INDEXED_NOT_NORMATIVE,REFERENCE_CONTEXT_ONLY
CGP006-ALLOC-0145,CGP005-RC-0145,CGSRC-ATLAS-0037,ES-CG-10,ES-CG-10,CGP005_REFERENCE_CORPUS_ROW,0,REFERENCE_CORPUS_INDEXED_NOT_NORMATIVE,REFERENCE_CONTEXT_ONLY
CGP006-ALLOC-0146,CGP005-RC-0146,CGSRC-ATLAS-0038,ES-CG-13,ES-CG-13;ES-CG-10,CGP005_REFERENCE_CORPUS_ROW,0,REFERENCE_CORPUS_INDEXED_NOT_NORMATIVE,REFERENCE_CONTEXT_ONLY
CGP006-ALLOC-0147,CGP005-RC-0147,CGSRC-ATLAS-0039,ES-CG-13,ES-CG-13;ES-CG-10,CGP005_REFERENCE_CORPUS_ROW,0,REFERENCE_CORPUS_INDEXED_NOT_NORMATIVE,REFERENCE_CONTEXT_ONLY
CGP006-ALLOC-0148,CGP005-RC-0148,CGSRC-ATLAS-0040,ES-CG-10,ES-CG-10,CGP005_REFERENCE_CORPUS_ROW,0,REFERENCE_CORPUS_INDEXED_NOT_NORMATIVE,REFERENCE_CONTEXT_ONLY
CGP006-ALLOC-0149,CGP005-RC-0149,CGSRC-ATLAS-0041,ES-CG-10,ES-CG-10,CGP005_REFERENCE_CORPUS_ROW,0,REFERENCE_CORPUS_INDEXED_NOT_NORMATIVE,REFERENCE_CONTEXT_ONLY
CGP006-ALLOC-0150,CGP005-RC-0150,CGSRC-ATLAS-0042,ES-CG-10,ES-CG-10,CGP005_REFERENCE_CORPUS_ROW,0,REFERENCE_CORPUS_INDEXED_NOT_NORMATIVE,REFERENCE_CONTEXT_ONLY
CGP006-ALLOC-0151,CGP005-RC-0151,CGSRC-ATLAS-0043,ES-CG-10,ES-CG-10,CGP005_REFERENCE_CORPUS_ROW,0,REFERENCE_CORPUS_INDEXED_NOT_NORMATIVE,REFERENCE_CONTEXT_ONLY
CGP006-ALLOC-0152,CGP005-RC-0152,CGSRC-ATLAS-0044,ES-CG-10,ES-CG-10,CGP005_REFERENCE_CORPUS_ROW,0,REFERENCE_CORPUS_INDEXED_NOT_NORMATIVE,REFERENCE_CONTEXT_ONLY
CGP006-ALLOC-0153,CGP005-RC-0153,CGSRC-ATLAS-0045,ES-CG-00,ES-CG-00;ES-CG-01;ES-CG-13;ES-CG-10,CGP005_REFERENCE_CORPUS_ROW,0,REFERENCE_CORPUS_INDEXED_NOT_NORMATIVE,REFERENCE_CONTEXT_ONLY
CGP006-ALLOC-0154,CGP005-RC-0154,CGSRC-ATLAS-0046,ES-CG-10,ES-CG-10,CGP005_REFERENCE_CORPUS_ROW,0,REFERENCE_CORPUS_INDEXED_NOT_NORMATIVE,REFERENCE_CONTEXT_ONLY
CGP006-ALLOC-0155,CGP005-RC-0155,CGSRC-ATLAS-0047,ES-CG-10,ES-CG-10,CGP005_REFERENCE_CORPUS_ROW,0,REFERENCE_CORPUS_INDEXED_NOT_NORMATIVE,REFERENCE_CONTEXT_ONLY
CGP006-ALLOC-0156,CGP005-RC-0156,CGSRC-ATLAS-0048,ES-CG-10,ES-CG-10,CGP005_REFERENCE_CORPUS_ROW,0,REFERENCE_CORPUS_INDEXED_NOT_NORMATIVE,REFERENCE_CONTEXT_ONLY
CGP006-ALLOC-0157,CGP005-RC-0157,CGSRC-ATLAS-0049,ES-CG-10,ES-CG-10,CGP005_REFERENCE_CORPUS_ROW,0,REFERENCE_CORPUS_INDEXED_NOT_NORMATIVE,REFERENCE_CONTEXT_ONLY
CGP006-ALLOC-0158,CGP005-RC-0158,CGSRC-ATLAS-0050,ES-CG-10,ES-CG-10,CGP005_REFERENCE_CORPUS_ROW,0,REFERENCE_CORPUS_INDEXED_NOT_NORMATIVE,REFERENCE_CONTEXT_ONLY
CGP006-ALLOC-0159,CGP005-RC-0159,CGSRC-ATLAS-0051,ES-CG-10,ES-CG-10,CGP005_REFERENCE_CORPUS_ROW,0,REFERENCE_CORPUS_INDEXED_NOT_NORMATIVE,REFERENCE_CONTEXT_ONLY
CGP006-ALLOC-0160,CGP005-RC-0160,CGSRC-ATLAS-0052,ES-CG-10,ES-CG-10,CGP005_REFERENCE_CORPUS_ROW,0,REFERENCE_CORPUS_INDEXED_NOT_NORMATIVE,REFERENCE_CONTEXT_ONLY
CGP006-ALLOC-0161,CGP005-RC-0161,CGSRC-ATLAS-0053,ES-CG-10,ES-CG-10,CGP005_REFERENCE_CORPUS_ROW,0,REFERENCE_CORPUS_INDEXED_NOT_NORMATIVE,REFERENCE_CONTEXT_ONLY
CGP006-ALLOC-0162,CGP005-RC-0162,CGSRC-ATLAS-0054,ES-CG-10,ES-CG-10,CGP005_REFERENCE_CORPUS_ROW,0,REFERENCE_CORPUS_INDEXED_NOT_NORMATIVE,REFERENCE_CONTEXT_ONLY
CGP006-ALLOC-0163,CGP005-RC-0163,CGSRC-ATLAS-0055,ES-CG-10,ES-CG-10,CGP005_REFERENCE_CORPUS_ROW,0,REFERENCE_CORPUS_INDEXED_NOT_NORMATIVE,REFERENCE_CONTEXT_ONLY
CGP006-ALLOC-0164,CGP005-RC-0164,CGSRC-ATLAS-0056,ES-CG-10,ES-CG-10,CGP005_REFERENCE_CORPUS_ROW,0,REFERENCE_CORPUS_INDEXED_NOT_NORMATIVE,REFERENCE_CONTEXT_ONLY
CGP006-ALLOC-0165,CGP005-RC-0165,CGSRC-ATLAS-0057,ES-CG-13,ES-CG-13;ES-CG-10,CGP005_REFERENCE_CORPUS_ROW,0,REFERENCE_CORPUS_INDEXED_NOT_NORMATIVE,REFERENCE_CONTEXT_ONLY
CGP006-ALLOC-0166,CGP005-RC-0166,CGSRC-ATLAS-0058,ES-CG-00,ES-CG-00;ES-CG-01;ES-CG-13;ES-CG-10,CGP005_REFERENCE_CORPUS_ROW,0,REFERENCE_CORPUS_INDEXED_NOT_NORMATIVE,REFERENCE_CONTEXT_ONLY
CGP006-ALLOC-0167,CGP005-RC-0167,CGSRC-ATLAS-0059,ES-CG-10,ES-CG-10,CGP005_REFERENCE_CORPUS_ROW,0,REFERENCE_CORPUS_INDEXED_NOT_NORMATIVE,REFERENCE_CONTEXT_ONLY
CGP006-ALLOC-0168,CGP005-RC-0168,CGSRC-ATLAS-0060,ES-CG-10,ES-CG-10,CGP005_REFERENCE_CORPUS_ROW,0,REFERENCE_CORPUS_INDEXED_NOT_NORMATIVE,REFERENCE_CONTEXT_ONLY
CGP006-ALLOC-0169,CGP005-RC-0169,CGSRC-ATLAS-0061,ES-CG-13,ES-CG-13;ES-CG-10,CGP005_REFERENCE_CORPUS_ROW,0,REFERENCE_CORPUS_INDEXED_NOT_NORMATIVE,REFERENCE_CONTEXT_ONLY
CGP006-ALLOC-0170,CGP005-RC-0170,CGSRC-ATLAS-0062,ES-CG-00,ES-CG-00;ES-CG-01;ES-CG-13;ES-CG-10,CGP005_REFERENCE_CORPUS_ROW,0,REFERENCE_CORPUS_INDEXED_NOT_NORMATIVE,REFERENCE_CONTEXT_ONLY
CGP006-ALLOC-0171,CGP005-RC-0171,CGSRC-ATLAS-0063,ES-CG-13,ES-CG-13;ES-CG-10,CGP005_REFERENCE_CORPUS_ROW,0,REFERENCE_CORPUS_INDEXED_NOT_NORMATIVE,REFERENCE_CONTEXT_ONLY
CGP006-ALLOC-0172,CGP005-RC-0172,CGSRC-ATLAS-0064,ES-CG-10,ES-CG-10,CGP005_REFERENCE_CORPUS_ROW,0,REFERENCE_CORPUS_INDEXED_NOT_NORMATIVE,REFERENCE_CONTEXT_ONLY
CGP006-ALLOC-0173,CGP005-RC-0173,CGSRC-ATLAS-0065,ES-CG-10,ES-CG-10,CGP005_REFERENCE_CORPUS_ROW,0,REFERENCE_CORPUS_INDEXED_NOT_NORMATIVE,REFERENCE_CONTEXT_ONLY
CGP006-ALLOC-0174,CGP005-RC-0174,CGSRC-ATLAS-0066,ES-CG-10,ES-CG-10,CGP005_REFERENCE_CORPUS_ROW,0,REFERENCE_CORPUS_INDEXED_NOT_NORMATIVE,REFERENCE_CONTEXT_ONLY
CGP006-ALLOC-0175,CGP005-RC-0175,CGSRC-ATLAS-0067,ES-CG-10,ES-CG-10,CGP005_REFERENCE_CORPUS_ROW,0,REFERENCE_CORPUS_INDEXED_NOT_NORMATIVE,REFERENCE_CONTEXT_ONLY
CGP006-ALLOC-0176,CGP005-RC-0176,CGSRC-ATLAS-0068,ES-CG-13,ES-CG-13;ES-CG-10,CGP005_REFERENCE_CORPUS_ROW,0,REFERENCE_CORPUS_INDEXED_NOT_NORMATIVE,REFERENCE_CONTEXT_ONLY
CGP006-ALLOC-0177,CGP005-RC-0177,CGSRC-ATLAS-0069,ES-CG-10,ES-CG-10,CGP005_REFERENCE_CORPUS_ROW,0,REFERENCE_CORPUS_INDEXED_NOT_NORMATIVE,REFERENCE_CONTEXT_ONLY
CGP006-ALLOC-0178,CGP005-RC-0178,CGSRC-ATLAS-0070,ES-CG-10,ES-CG-10,CGP005_REFERENCE_CORPUS_ROW,0,REFERENCE_CORPUS_INDEXED_NOT_NORMATIVE,REFERENCE_CONTEXT_ONLY
CGP006-ALLOC-0179,CGP005-RC-0179,CGSRC-ATLAS-0071,ES-CG-10,ES-CG-10,CGP005_REFERENCE_CORPUS_ROW,0,REFERENCE_CORPUS_INDEXED_NOT_NORMATIVE,REFERENCE_CONTEXT_ONLY
CGP006-ALLOC-0180,CGP005-RC-0180,CGSRC-ATLAS-0072,ES-CG-13,ES-CG-13;ES-CG-10,CGP005_REFERENCE_CORPUS_ROW,0,REFERENCE_CORPUS_INDEXED_NOT_NORMATIVE,REFERENCE_CONTEXT_ONLY
CGP006-ALLOC-0181,CGP005-RC-0181,CGSRC-ATLAS-0073,ES-CG-10,ES-CG-10,CGP005_REFERENCE_CORPUS_ROW,0,REFERENCE_CORPUS_INDEXED_NOT_NORMATIVE,REFERENCE_CONTEXT_ONLY
CGP006-ALLOC-0182,CGP005-RC-0182,CGSRC-ATLAS-0074,ES-CG-13,ES-CG-13;ES-CG-10,CGP005_REFERENCE_CORPUS_ROW,0,REFERENCE_CORPUS_INDEXED_NOT_NORMATIVE,REFERENCE_CONTEXT_ONLY
CGP006-ALLOC-0183,CGP005-RC-0183,CGSRC-ATLAS-0075,ES-CG-00,ES-CG-00;ES-CG-01;ES-CG-13;ES-CG-10,CGP005_REFERENCE_CORPUS_ROW,0,REFERENCE_CORPUS_INDEXED_NOT_NORMATIVE,REFERENCE_CONTEXT_ONLY
CGP006-ALLOC-0184,CGP005-RC-0184,CGSRC-ATLAS-0076,ES-CG-00,ES-CG-00;ES-CG-01;ES-CG-13;ES-CG-10,CGP005_REFERENCE_CORPUS_ROW,0,REFERENCE_CORPUS_INDEXED_NOT_NORMATIVE,REFERENCE_CONTEXT_ONLY
CGP006-ALLOC-0185,CGP005-RC-0185,CGSRC-ATLAS-0077,ES-CG-10,ES-CG-10,CGP005_REFERENCE_CORPUS_ROW,0,REFERENCE_CORPUS_INDEXED_NOT_NORMATIVE,REFERENCE_CONTEXT_ONLY
CGP006-ALLOC-0186,CGP005-RC-0186,CGSRC-ATLAS-0078,ES-CG-10,ES-CG-10,CGP005_REFERENCE_CORPUS_ROW,0,REFERENCE_CORPUS_INDEXED_NOT_NORMATIVE,REFERENCE_CONTEXT_ONLY
CGP006-ALLOC-0187,CGP005-RC-0187,CGSRC-ATLAS-0079,ES-CG-10,ES-CG-10,CGP005_REFERENCE_CORPUS_ROW,0,REFERENCE_CORPUS_INDEXED_NOT_NORMATIVE,REFERENCE_CONTEXT_ONLY
CGP006-ALLOC-0188,CGP005-RC-0188,CGSRC-ATLAS-0080,ES-CG-10,ES-CG-10,CGP005_REFERENCE_CORPUS_ROW,0,REFERENCE_CORPUS_INDEXED_NOT_NORMATIVE,REFERENCE_CONTEXT_ONLY
CGP006-ALLOC-0189,CGP005-RC-0189,CGSRC-ATLAS-0081,ES-CG-10,ES-CG-10,CGP005_REFERENCE_CORPUS_ROW,0,REFERENCE_CORPUS_INDEXED_NOT_NORMATIVE,REFERENCE_CONTEXT_ONLY
CGP006-ALLOC-0190,CGP005-RC-0190,CGSRC-ATLAS-0082,ES-CG-00,ES-CG-00;ES-CG-01;ES-CG-13;ES-CG-10,CGP005_REFERENCE_CORPUS_ROW,0,REFERENCE_CORPUS_INDEXED_NOT_NORMATIVE,REFERENCE_CONTEXT_ONLY
CGP006-ALLOC-0191,CGP005-RC-0191,CGSRC-ATLAS-0083,ES-CG-13,ES-CG-13;ES-CG-10,CGP005_REFERENCE_CORPUS_ROW,0,REFERENCE_CORPUS_INDEXED_NOT_NORMATIVE,REFERENCE_CONTEXT_ONLY
CGP006-ALLOC-0192,CGP005-RC-0192,CGSRC-ATLAS-0084,ES-CG-10,ES-CG-10,CGP005_REFERENCE_CORPUS_ROW,0,REFERENCE_CORPUS_INDEXED_NOT_NORMATIVE,REFERENCE_CONTEXT_ONLY
CGP006-ALLOC-0193,CGP005-RC-0193,CGSRC-ATLAS-0085,ES-CG-10,ES-CG-10,CGP005_REFERENCE_CORPUS_ROW,0,REFERENCE_CORPUS_INDEXED_NOT_NORMATIVE,REFERENCE_CONTEXT_ONLY
CGP006-ALLOC-0194,CGP005-RC-0194,CGSRC-ATLAS-0086,ES-CG-10,ES-CG-10,CGP005_REFERENCE_CORPUS_ROW,0,REFERENCE_CORPUS_INDEXED_NOT_NORMATIVE,REFERENCE_CONTEXT_ONLY
CGP006-ALLOC-0195,CGP005-RC-0195,CGSRC-ATLAS-0087,ES-CG-10,ES-CG-10,CGP005_REFERENCE_CORPUS_ROW,0,REFERENCE_CORPUS_INDEXED_NOT_NORMATIVE,REFERENCE_CONTEXT_ONLY
CGP006-ALLOC-0196,CGP005-RC-0196,CGSRC-ATLAS-0088,ES-CG-10,ES-CG-10,CGP005_REFERENCE_CORPUS_ROW,0,REFERENCE_CORPUS_INDEXED_NOT_NORMATIVE,REFERENCE_CONTEXT_ONLY
CGP006-ALLOC-0197,CGP005-RC-0197,CGSRC-ATLAS-0089,ES-CG-10,ES-CG-10,CGP005_REFERENCE_CORPUS_ROW,0,REFERENCE_CORPUS_INDEXED_NOT_NORMATIVE,REFERENCE_CONTEXT_ONLY
CGP006-ALLOC-0198,CGP005-RC-0198,CGSRC-ATLAS-0090,ES-CG-13,ES-CG-13;ES-CG-10,CGP005_REFERENCE_CORPUS_ROW,0,REFERENCE_CORPUS_INDEXED_NOT_NORMATIVE,REFERENCE_CONTEXT_ONLY
CGP006-ALLOC-0199,CGP005-RC-0199,CGSRC-ATLAS-0091,ES-CG-10,ES-CG-10,CGP005_REFERENCE_CORPUS_ROW,0,REFERENCE_CORPUS_INDEXED_NOT_NORMATIVE,REFERENCE_CONTEXT_ONLY
CGP006-ALLOC-0200,CGP005-RC-0200,CGSRC-ATLAS-0092,ES-CG-10,ES-CG-10,CGP005_REFERENCE_CORPUS_ROW,0,REFERENCE_CORPUS_INDEXED_NOT_NORMATIVE,REFERENCE_CONTEXT_ONLY
CGP006-ALLOC-0201,CGP005-RC-0201,CGSRC-ATLAS-0093,ES-CG-10,ES-CG-10,CGP005_REFERENCE_CORPUS_ROW,0,REFERENCE_CORPUS_INDEXED_NOT_NORMATIVE,REFERENCE_CONTEXT_ONLY
CGP006-ALLOC-0202,CGP005-RC-0202,CGSRC-ATLAS-0094,ES-CG-10,ES-CG-10,CGP005_REFERENCE_CORPUS_ROW,0,REFERENCE_CORPUS_INDEXED_NOT_NORMATIVE,REFERENCE_CONTEXT_ONLY
CGP006-ALLOC-0203,CGP005-RC-0203,CGSRC-ATLAS-0095,ES-CG-10,ES-CG-10,CGP005_REFERENCE_CORPUS_ROW,0,REFERENCE_CORPUS_INDEXED_NOT_NORMATIVE,REFERENCE_CONTEXT_ONLY
CGP006-ALLOC-0204,CGP005-RC-0204,CGSRC-ATLAS-0096,ES-CG-10,ES-CG-10,CGP005_REFERENCE_CORPUS_ROW,0,REFERENCE_CORPUS_INDEXED_NOT_NORMATIVE,REFERENCE_CONTEXT_ONLY
CGP006-ALLOC-0205,CGP005-RC-0205,CGSRC-ATLAS-0097,ES-CG-10,ES-CG-10,CGP005_REFERENCE_CORPUS_ROW,0,REFERENCE_CORPUS_INDEXED_NOT_NORMATIVE,REFERENCE_CONTEXT_ONLY
CGP006-ALLOC-0206,CGP005-RC-0206,CGSRC-ATLAS-0098,ES-CG-10,ES-CG-10,CGP005_REFERENCE_CORPUS_ROW,0,REFERENCE_CORPUS_INDEXED_NOT_NORMATIVE,REFERENCE_CONTEXT_ONLY
CGP006-ALLOC-0207,CGP005-RC-0207,CGSRC-ATLAS-0099,ES-CG-10,ES-CG-10,CGP005_REFERENCE_CORPUS_ROW,0,REFERENCE_CORPUS_INDEXED_NOT_NORMATIVE,REFERENCE_CONTEXT_ONLY
CGP006-ALLOC-0208,CGP005-RC-0208,CGSRC-ATLAS-0100,ES-CG-10,ES-CG-10,CGP005_REFERENCE_CORPUS_ROW,0,REFERENCE_CORPUS_INDEXED_NOT_NORMATIVE,REFERENCE_CONTEXT_ONLY
CGP006-ALLOC-0209,CGP005-RC-0209,CGSRC-ATLAS-0101,ES-CG-10,ES-CG-10,CGP005_REFERENCE_CORPUS_ROW,0,REFERENCE_CORPUS_INDEXED_NOT_NORMATIVE,REFERENCE_CONTEXT_ONLY
CGP006-ALLOC-0210,CGP005-RC-0210,CGSRC-ATLAS-0102,ES-CG-10,ES-CG-10,CGP005_REFERENCE_CORPUS_ROW,0,REFERENCE_CORPUS_INDEXED_NOT_NORMATIVE,REFERENCE_CONTEXT_ONLY
CGP006-ALLOC-0211,CGP005-RC-0211,CGSRC-ATLAS-0103,ES-CG-13,ES-CG-13;ES-CG-10,CGP005_REFERENCE_CORPUS_ROW,0,REFERENCE_CORPUS_INDEXED_NOT_NORMATIVE,REFERENCE_CONTEXT_ONLY
CGP006-ALLOC-0212,CGP005-RC-0212,CGSRC-ATLAS-0104,ES-CG-13,ES-CG-13;ES-CG-10,CGP005_REFERENCE_CORPUS_ROW,0,REFERENCE_CORPUS_INDEXED_NOT_NORMATIVE,REFERENCE_CONTEXT_ONLY
CGP006-ALLOC-0213,CGP005-RC-0213,CGSRC-ATLAS-0109,ES-CG-10,ES-CG-10,CGP005_REFERENCE_CORPUS_ROW,0,REFERENCE_CORPUS_INDEXED_NOT_NORMATIVE,REFERENCE_CONTEXT_ONLY
CGP006-ALLOC-0214,CGP005-RC-0214,CGSRC-ATLAS-0111,ES-CG-10,ES-CG-10,CGP005_REFERENCE_CORPUS_ROW,0,REFERENCE_CORPUS_INDEXED_NOT_NORMATIVE,REFERENCE_CONTEXT_ONLY
CGP006-ALLOC-0215,CGP005-RC-0215,CGSRC-ATLAS-0113,ES-CG-00,ES-CG-00;ES-CG-01;ES-CG-13;ES-CG-10,CGP005_REFERENCE_CORPUS_ROW,0,REFERENCE_CORPUS_INDEXED_NOT_NORMATIVE,REFERENCE_CONTEXT_ONLY
CGP006-ALLOC-0216,CGP005-RC-0216,CGSRC-ATLAS-0114,ES-CG-00,ES-CG-00;ES-CG-01;ES-CG-13;ES-CG-10,CGP005_REFERENCE_CORPUS_ROW,0,REFERENCE_CORPUS_INDEXED_NOT_NORMATIVE,REFERENCE_CONTEXT_ONLY
CGP006-ALLOC-0217,CGP005-RC-0217,CGSRC-ATLAS-0115,ES-CG-00,ES-CG-00;ES-CG-01;ES-CG-13;ES-CG-10,CGP005_REFERENCE_CORPUS_ROW,0,REFERENCE_CORPUS_INDEXED_NOT_NORMATIVE,REFERENCE_CONTEXT_ONLY
CGP006-ALLOC-0218,CGP005-RC-0218,CGSRC-ATLAS-0116,ES-CG-00,ES-CG-00;ES-CG-01;ES-CG-13,CGP005_REFERENCE_CORPUS_ROW,0,REFERENCE_CORPUS_INDEXED_NOT_NORMATIVE,REFERENCE_CONTEXT_ONLY
CGP006-ALLOC-0219,CGP005-RC-0219,CGSRC-ATLAS-0117,ES-CG-00,ES-CG-00;ES-CG-01;ES-CG-13,CGP005_REFERENCE_CORPUS_ROW,0,REFERENCE_CORPUS_INDEXED_NOT_NORMATIVE,REFERENCE_CONTEXT_ONLY
CGP006-ALLOC-0220,CGP005-RC-0220,CGSRC-ATLAS-0118,ES-CG-00,ES-CG-00;ES-CG-01;ES-CG-13,CGP005_REFERENCE_CORPUS_ROW,0,REFERENCE_CORPUS_INDEXED_NOT_NORMATIVE,REFERENCE_CONTEXT_ONLY
CGP006-ALLOC-0221,CGP005-RC-0221,CGSRC-ATLAS-0119,ES-CG-00,ES-CG-00;ES-CG-01;ES-CG-13,CGP005_REFERENCE_CORPUS_ROW,0,REFERENCE_CORPUS_INDEXED_NOT_NORMATIVE,REFERENCE_CONTEXT_ONLY
CGP006-ALLOC-0222,CGP005-RC-0222,CGSRC-ATLAS-0120,ES-CG-00,ES-CG-00;ES-CG-01;ES-CG-13;ES-CG-10,CGP005_REFERENCE_CORPUS_ROW,0,REFERENCE_CORPUS_INDEXED_NOT_NORMATIVE,REFERENCE_CONTEXT_ONLY
CGP006-ALLOC-0223,CGP005-RC-0223,CGSRC-ATLAS-0121,ES-CG-00,ES-CG-00;ES-CG-01;ES-CG-13;ES-CG-10,CGP005_REFERENCE_CORPUS_ROW,0,REFERENCE_CORPUS_INDEXED_NOT_NORMATIVE,REFERENCE_CONTEXT_ONLY
CGP006-ALLOC-0224,CGP005-RC-0224,CGSRC-ATLAS-0122,ES-CG-00,ES-CG-00;ES-CG-01;ES-CG-13;ES-CG-10,CGP005_REFERENCE_CORPUS_ROW,0,REFERENCE_CORPUS_INDEXED_NOT_NORMATIVE,REFERENCE_CONTEXT_ONLY
CGP006-ALLOC-0225,CGP005-RC-0225,CGSRC-ATLAS-0123,ES-CG-00,ES-CG-00;ES-CG-01;ES-CG-13,CGP005_REFERENCE_CORPUS_ROW,0,REFERENCE_CORPUS_INDEXED_NOT_NORMATIVE,REFERENCE_CONTEXT_ONLY
CGP006-ALLOC-0226,CGP005-RC-0226,CGSRC-ATLAS-0124,ES-CG-00,ES-CG-00;ES-CG-01;ES-CG-13,CGP005_REFERENCE_CORPUS_ROW,0,REFERENCE_CORPUS_INDEXED_NOT_NORMATIVE,REFERENCE_CONTEXT_ONLY
CGP006-ALLOC-0227,CGP005-RC-0227,CGSRC-ATLAS-0125,ES-CG-00,ES-CG-00;ES-CG-01;ES-CG-13,CGP005_REFERENCE_CORPUS_ROW,0,REFERENCE_CORPUS_INDEXED_NOT_NORMATIVE,REFERENCE_CONTEXT_ONLY
CGP006-ALLOC-0228,CGP005-RC-0228,CGSRC-ATLAS-0126,ES-CG-00,ES-CG-00;ES-CG-01;ES-CG-13,CGP005_REFERENCE_CORPUS_ROW,0,REFERENCE_CORPUS_INDEXED_NOT_NORMATIVE,REFERENCE_CONTEXT_ONLY
CGP006-ALLOC-0229,CGP005-RC-0229,CGSRC-ATLAS-0127,ES-CG-00,ES-CG-00;ES-CG-01;ES-CG-13,CGP005_REFERENCE_CORPUS_ROW,0,REFERENCE_CORPUS_INDEXED_NOT_NORMATIVE,REFERENCE_CONTEXT_ONLY
CGP006-ALLOC-0230,CGP005-RC-0230,CGSRC-ATLAS-0128,ES-CG-00,ES-CG-00;ES-CG-01;ES-CG-13,CGP005_REFERENCE_CORPUS_ROW,0,REFERENCE_CORPUS_INDEXED_NOT_NORMATIVE,REFERENCE_CONTEXT_ONLY
CGP006-ALLOC-0231,CGP005-RC-0231,CGSRC-ATLAS-0129,ES-CG-00,ES-CG-00;ES-CG-01;ES-CG-13,CGP005_REFERENCE_CORPUS_ROW,0,REFERENCE_CORPUS_INDEXED_NOT_NORMATIVE,REFERENCE_CONTEXT_ONLY
CGP006-ALLOC-0232,CGP005-RC-0232,CGSRC-ATLAS-0130,ES-CG-00,ES-CG-00;ES-CG-01;ES-CG-13,CGP005_REFERENCE_CORPUS_ROW,0,REFERENCE_CORPUS_INDEXED_NOT_NORMATIVE,REFERENCE_CONTEXT_ONLY
CGP006-ALLOC-0233,CGP005-RC-0233,CGSRC-ATLAS-0131,ES-CG-00,ES-CG-00;ES-CG-01;ES-CG-13;ES-CG-10,CGP005_REFERENCE_CORPUS_ROW,0,REFERENCE_CORPUS_INDEXED_NOT_NORMATIVE,REFERENCE_CONTEXT_ONLY
CGP006-ALLOC-0234,CGP005-RC-0234,CGSRC-ATLAS-0132,ES-CG-00,ES-CG-00;ES-CG-01;ES-CG-13;ES-CG-10,CGP005_REFERENCE_CORPUS_ROW,0,REFERENCE_CORPUS_INDEXED_NOT_NORMATIVE,REFERENCE_CONTEXT_ONLY
CGP006-ALLOC-0235,CGP005-RC-0235,CGSRC-ATLAS-0133,ES-CG-00,ES-CG-00;ES-CG-01;ES-CG-13;ES-CG-10,CGP005_REFERENCE_CORPUS_ROW,0,REFERENCE_CORPUS_INDEXED_NOT_NORMATIVE,REFERENCE_CONTEXT_ONLY
CGP006-ALLOC-0236,CGP005-RC-0236,CGSRC-ATLAS-0134,ES-CG-00,ES-CG-00;ES-CG-01;ES-CG-13,CGP005_REFERENCE_CORPUS_ROW,0,REFERENCE_CORPUS_INDEXED_NOT_NORMATIVE,REFERENCE_CONTEXT_ONLY
CGP006-ALLOC-0237,CGP005-RC-0237,CGSRC-ATLAS-0135,ES-CG-00,ES-CG-00;ES-CG-01;ES-CG-13;ES-CG-10,CGP005_REFERENCE_CORPUS_ROW,0,REFERENCE_CORPUS_INDEXED_NOT_NORMATIVE,REFERENCE_CONTEXT_ONLY
CGP006-ALLOC-0238,CGP005-RC-0238,CGSRC-ATLAS-0136,ES-CG-00,ES-CG-00;ES-CG-01;ES-CG-13,CGP005_REFERENCE_CORPUS_ROW,0,REFERENCE_CORPUS_INDEXED_NOT_NORMATIVE,REFERENCE_CONTEXT_ONLY
CGP006-ALLOC-0239,CGP005-RC-0239,CGSRC-ATLAS-0137,ES-CG-00,ES-CG-00;ES-CG-01;ES-CG-13,CGP005_REFERENCE_CORPUS_ROW,0,REFERENCE_CORPUS_INDEXED_NOT_NORMATIVE,REFERENCE_CONTEXT_ONLY
CGP006-ALLOC-0240,CGP005-RC-0240,CGSRC-ATLAS-0138,ES-CG-00,ES-CG-00;ES-CG-01;ES-CG-13,CGP005_REFERENCE_CORPUS_ROW,0,REFERENCE_CORPUS_INDEXED_NOT_NORMATIVE,REFERENCE_CONTEXT_ONLY
CGP006-ALLOC-0241,CGP005-RC-0241,CGSRC-ATLAS-0139,ES-CG-00,ES-CG-00;ES-CG-01;ES-CG-13,CGP005_REFERENCE_CORPUS_ROW,0,REFERENCE_CORPUS_INDEXED_NOT_NORMATIVE,REFERENCE_CONTEXT_ONLY
CGP006-ALLOC-0242,CGP005-RC-0242,CGSRC-ATLAS-0140,ES-CG-00,ES-CG-00;ES-CG-01;ES-CG-13;ES-CG-10,CGP005_REFERENCE_CORPUS_ROW,0,REFERENCE_CORPUS_INDEXED_NOT_NORMATIVE,REFERENCE_CONTEXT_ONLY
CGP006-ALLOC-0243,CGP005-RC-0243,CGSRC-ATLAS-0141,ES-CG-00,ES-CG-00;ES-CG-01;ES-CG-13;ES-CG-10,CGP005_REFERENCE_CORPUS_ROW,0,REFERENCE_CORPUS_INDEXED_NOT_NORMATIVE,REFERENCE_CONTEXT_ONLY
CGP006-ALLOC-0244,CGP005-RC-0244,CGSRC-ATLAS-0142,ES-CG-00,ES-CG-00;ES-CG-01;ES-CG-13,CGP005_REFERENCE_CORPUS_ROW,0,REFERENCE_CORPUS_INDEXED_NOT_NORMATIVE,REFERENCE_CONTEXT_ONLY
CGP006-ALLOC-0245,CGP005-RC-0245,CGSRC-ATLAS-0143,ES-CG-00,ES-CG-00;ES-CG-01;ES-CG-13,CGP005_REFERENCE_CORPUS_ROW,0,REFERENCE_CORPUS_INDEXED_NOT_NORMATIVE,REFERENCE_CONTEXT_ONLY
CGP006-ALLOC-0246,CGP005-RC-0246,CGSRC-ATLAS-0144,ES-CG-00,ES-CG-00;ES-CG-01;ES-CG-13,CGP005_REFERENCE_CORPUS_ROW,0,REFERENCE_CORPUS_INDEXED_NOT_NORMATIVE,REFERENCE_CONTEXT_ONLY
CGP006-ALLOC-0247,CGP005-RC-0247,CGSRC-ATLAS-0145,ES-CG-00,ES-CG-00;ES-CG-01;ES-CG-13,CGP005_REFERENCE_CORPUS_ROW,0,REFERENCE_CORPUS_INDEXED_NOT_NORMATIVE,REFERENCE_CONTEXT_ONLY
CGP006-ALLOC-0248,CGP005-RC-0248,CGSRC-ATLAS-0146,ES-CG-00,ES-CG-00;ES-CG-01;ES-CG-13,CGP005_REFERENCE_CORPUS_ROW,0,REFERENCE_CORPUS_INDEXED_NOT_NORMATIVE,REFERENCE_CONTEXT_ONLY
CGP006-ALLOC-0249,CGP005-RC-0249,CGSRC-ATLAS-0147,ES-CG-00,ES-CG-00;ES-CG-01;ES-CG-13,CGP005_REFERENCE_CORPUS_ROW,0,REFERENCE_CORPUS_INDEXED_NOT_NORMATIVE,REFERENCE_CONTEXT_ONLY
CGP006-ALLOC-0250,CGP005-RC-0250,CGSRC-ATLAS-0148,ES-CG-00,ES-CG-00;ES-CG-01;ES-CG-13,CGP005_REFERENCE_CORPUS_ROW,0,REFERENCE_CORPUS_INDEXED_NOT_NORMATIVE,REFERENCE_CONTEXT_ONLY
CGP006-ALLOC-0251,CGP005-RC-0251,CGSRC-ATLAS-0149,ES-CG-00,ES-CG-00;ES-CG-01;ES-CG-13,CGP005_REFERENCE_CORPUS_ROW,0,REFERENCE_CORPUS_INDEXED_NOT_NORMATIVE,REFERENCE_CONTEXT_ONLY
CGP006-ALLOC-0252,CGP005-RC-0252,CGSRC-ATLAS-0150,ES-CG-00,ES-CG-00;ES-CG-01;ES-CG-13;ES-CG-10,CGP005_REFERENCE_CORPUS_ROW,0,REFERENCE_CORPUS_INDEXED_NOT_NORMATIVE,REFERENCE_CONTEXT_ONLY
CGP006-ALLOC-0253,CGP005-RC-0253,CGSRC-ATLAS-0151,ES-CG-00,ES-CG-00;ES-CG-01;ES-CG-13;ES-CG-10,CGP005_REFERENCE_CORPUS_ROW,0,REFERENCE_CORPUS_INDEXED_NOT_NORMATIVE,REFERENCE_CONTEXT_ONLY
CGP006-ALLOC-0254,CGP005-RC-0254,CGSRC-ATLAS-0152,ES-CG-00,ES-CG-00;ES-CG-01;ES-CG-13;ES-CG-10,CGP005_REFERENCE_CORPUS_ROW,0,REFERENCE_CORPUS_INDEXED_NOT_NORMATIVE,REFERENCE_CONTEXT_ONLY
CGP006-ALLOC-0255,CGP005-RC-0255,CGSRC-ATLAS-0153,ES-CG-00,ES-CG-00;ES-CG-01;ES-CG-13;ES-CG-10,CGP005_REFERENCE_CORPUS_ROW,0,REFERENCE_CORPUS_INDEXED_NOT_NORMATIVE,REFERENCE_CONTEXT_ONLY
CGP006-ALLOC-0256,CGP005-RC-0256,CGSRC-ATLAS-0154,ES-CG-00,ES-CG-00;ES-CG-01;ES-CG-13,CGP005_REFERENCE_CORPUS_ROW,0,REFERENCE_CORPUS_INDEXED_NOT_NORMATIVE,REFERENCE_CONTEXT_ONLY
CGP006-ALLOC-0257,CGP005-RC-0257,CGSRC-ATLAS-0155,ES-CG-00,ES-CG-00;ES-CG-01;ES-CG-13,CGP005_REFERENCE_CORPUS_ROW,0,REFERENCE_CORPUS_INDEXED_NOT_NORMATIVE,REFERENCE_CONTEXT_ONLY
CGP006-ALLOC-0258,CGP005-RC-0258,CGSRC-ATLAS-0156,ES-CG-00,ES-CG-00;ES-CG-01;ES-CG-13,CGP005_REFERENCE_CORPUS_ROW,0,REFERENCE_CORPUS_INDEXED_NOT_NORMATIVE,REFERENCE_CONTEXT_ONLY
CGP006-ALLOC-0259,CGP005-RC-0259,CGSRC-ATLAS-0157,ES-CG-00,ES-CG-00;ES-CG-01;ES-CG-13,CGP005_REFERENCE_CORPUS_ROW,0,REFERENCE_CORPUS_INDEXED_NOT_NORMATIVE,REFERENCE_CONTEXT_ONLY
CGP006-ALLOC-0260,CGP005-RC-0260,CGSRC-ATLAS-0158,ES-CG-00,ES-CG-00;ES-CG-01;ES-CG-13,CGP005_REFERENCE_CORPUS_ROW,0,REFERENCE_CORPUS_INDEXED_NOT_NORMATIVE,REFERENCE_CONTEXT_ONLY
CGP006-ALLOC-0261,CGP005-RC-0261,CGSRC-ATLAS-0159,ES-CG-00,ES-CG-00;ES-CG-01;ES-CG-13,CGP005_REFERENCE_CORPUS_ROW,0,REFERENCE_CORPUS_INDEXED_NOT_NORMATIVE,REFERENCE_CONTEXT_ONLY
CGP006-ALLOC-0262,CGP005-RC-0262,CGSRC-ATLAS-0160,ES-CG-00,ES-CG-00;ES-CG-01;ES-CG-13,CGP005_REFERENCE_CORPUS_ROW,0,REFERENCE_CORPUS_INDEXED_NOT_NORMATIVE,REFERENCE_CONTEXT_ONLY
CGP006-ALLOC-0263,CGP005-RC-0263,CGSRC-ATLAS-0161,ES-CG-00,ES-CG-00;ES-CG-01;ES-CG-13,CGP005_REFERENCE_CORPUS_ROW,0,REFERENCE_CORPUS_INDEXED_NOT_NORMATIVE,REFERENCE_CONTEXT_ONLY
CGP006-ALLOC-0264,CGP005-RC-0264,CGSRC-ATLAS-0162,ES-CG-00,ES-CG-00;ES-CG-01;ES-CG-13,CGP005_REFERENCE_CORPUS_ROW,0,REFERENCE_CORPUS_INDEXED_NOT_NORMATIVE,REFERENCE_CONTEXT_ONLY
CGP006-ALLOC-0265,CGP005-RC-0265,CGSRC-ATLAS-0163,ES-CG-00,ES-CG-00;ES-CG-01;ES-CG-13,CGP005_REFERENCE_CORPUS_ROW,0,REFERENCE_CORPUS_INDEXED_NOT_NORMATIVE,REFERENCE_CONTEXT_ONLY
CGP006-ALLOC-0266,CGP005-RC-0266,CGSRC-ATLAS-0164,ES-CG-00,ES-CG-00;ES-CG-01;ES-CG-13,CGP005_REFERENCE_CORPUS_ROW,0,REFERENCE_CORPUS_INDEXED_NOT_NORMATIVE,REFERENCE_CONTEXT_ONLY
CGP006-ALLOC-0267,CGP005-RC-0267,CGSRC-ATLAS-0165,ES-CG-00,ES-CG-00;ES-CG-01;ES-CG-13;ES-CG-10,CGP005_REFERENCE_CORPUS_ROW,0,REFERENCE_CORPUS_INDEXED_NOT_NORMATIVE,REFERENCE_CONTEXT_ONLY
CGP006-ALLOC-0268,CGP005-RC-0268,CGSRC-ATLAS-0166,ES-CG-00,ES-CG-00;ES-CG-01;ES-CG-13,CGP005_REFERENCE_CORPUS_ROW,0,REFERENCE_CORPUS_INDEXED_NOT_NORMATIVE,REFERENCE_CONTEXT_ONLY
CGP006-ALLOC-0269,CGP005-RC-0269,CGSRC-ATLAS-0167,ES-CG-00,ES-CG-00;ES-CG-01;ES-CG-13,CGP005_REFERENCE_CORPUS_ROW,0,REFERENCE_CORPUS_INDEXED_NOT_NORMATIVE,REFERENCE_CONTEXT_ONLY
CGP006-ALLOC-0270,CGP005-RC-0270,CGSRC-ATLAS-0168,ES-CG-00,ES-CG-00;ES-CG-01;ES-CG-13,CGP005_REFERENCE_CORPUS_ROW,0,REFERENCE_CORPUS_INDEXED_NOT_NORMATIVE,REFERENCE_CONTEXT_ONLY
CGP006-ALLOC-0271,CGP005-RC-0271,CGSRC-ATLAS-0169,ES-CG-00,ES-CG-00;ES-CG-01;ES-CG-13,CGP005_REFERENCE_CORPUS_ROW,0,REFERENCE_CORPUS_INDEXED_NOT_NORMATIVE,REFERENCE_CONTEXT_ONLY
CGP006-ALLOC-0272,CGP005-RC-0272,CGSRC-ATLAS-0170,ES-CG-00,ES-CG-00;ES-CG-01;ES-CG-13,CGP005_REFERENCE_CORPUS_ROW,0,REFERENCE_CORPUS_INDEXED_NOT_NORMATIVE,REFERENCE_CONTEXT_ONLY
CGP006-ALLOC-0273,CGP005-RC-0273,CGSRC-ATLAS-0171,ES-CG-00,ES-CG-00;ES-CG-01;ES-CG-13,CGP005_REFERENCE_CORPUS_ROW,0,REFERENCE_CORPUS_INDEXED_NOT_NORMATIVE,REFERENCE_CONTEXT_ONLY
CGP006-ALLOC-0274,CGP005-RC-0274,CGSRC-ATLAS-0172,ES-CG-00,ES-CG-00;ES-CG-01;ES-CG-13,CGP005_REFERENCE_CORPUS_ROW,0,REFERENCE_CORPUS_INDEXED_NOT_NORMATIVE,REFERENCE_CONTEXT_ONLY
CGP006-ALLOC-0275,CGP005-RC-0275,CGSRC-ATLAS-0173,ES-CG-00,ES-CG-00;ES-CG-01;ES-CG-13;ES-CG-10,CGP005_REFERENCE_CORPUS_ROW,0,REFERENCE_CORPUS_INDEXED_NOT_NORMATIVE,REFERENCE_CONTEXT_ONLY
CGP006-ALLOC-0276,CGP005-RC-0276,CGSRC-ATLAS-0174,ES-CG-00,ES-CG-00;ES-CG-01;ES-CG-13,CGP005_REFERENCE_CORPUS_ROW,0,REFERENCE_CORPUS_INDEXED_NOT_NORMATIVE,REFERENCE_CONTEXT_ONLY
CGP006-ALLOC-0277,CGP005-RC-0277,CGSRC-ATLAS-0175,ES-CG-00,ES-CG-00;ES-CG-01;ES-CG-13,CGP005_REFERENCE_CORPUS_ROW,0,REFERENCE_CORPUS_INDEXED_NOT_NORMATIVE,REFERENCE_CONTEXT_ONLY
CGP006-ALLOC-0278,CGP005-RC-0278,CGSRC-ATLAS-0176,ES-CG-00,ES-CG-00;ES-CG-01;ES-CG-13;ES-CG-10,CGP005_REFERENCE_CORPUS_ROW,0,REFERENCE_CORPUS_INDEXED_NOT_NORMATIVE,REFERENCE_CONTEXT_ONLY
CGP006-ALLOC-0279,CGP005-RC-0279,CGSRC-ATLAS-0177,ES-CG-00,ES-CG-00;ES-CG-01;ES-CG-13,CGP005_REFERENCE_CORPUS_ROW,0,REFERENCE_CORPUS_INDEXED_NOT_NORMATIVE,REFERENCE_CONTEXT_ONLY
CGP006-ALLOC-0280,CGP005-RC-0280,CGSRC-ATLAS-0178,ES-CG-00,ES-CG-00;ES-CG-01;ES-CG-13,CGP005_REFERENCE_CORPUS_ROW,0,REFERENCE_CORPUS_INDEXED_NOT_NORMATIVE,REFERENCE_CONTEXT_ONLY
CGP006-ALLOC-0281,CGP005-RC-0281,CGSRC-ATLAS-0179,ES-CG-00,ES-CG-00;ES-CG-01;ES-CG-13,CGP005_REFERENCE_CORPUS_ROW,0,REFERENCE_CORPUS_INDEXED_NOT_NORMATIVE,REFERENCE_CONTEXT_ONLY
CGP006-ALLOC-0282,CGP005-RC-0282,CGSRC-ATLAS-0180,ES-CG-00,ES-CG-00;ES-CG-01;ES-CG-13,CGP005_REFERENCE_CORPUS_ROW,0,REFERENCE_CORPUS_INDEXED_NOT_NORMATIVE,REFERENCE_CONTEXT_ONLY
CGP006-ALLOC-0283,CGP005-RC-0283,CGSRC-ATLAS-0181,ES-CG-00,ES-CG-00;ES-CG-01;ES-CG-13,CGP005_REFERENCE_CORPUS_ROW,0,REFERENCE_CORPUS_INDEXED_NOT_NORMATIVE,REFERENCE_CONTEXT_ONLY
CGP006-ALLOC-0284,CGP005-RC-0284,CGSRC-ATLAS-0182,ES-CG-00,ES-CG-00;ES-CG-01;ES-CG-13;ES-CG-10,CGP005_REFERENCE_CORPUS_ROW,0,REFERENCE_CORPUS_INDEXED_NOT_NORMATIVE,REFERENCE_CONTEXT_ONLY
CGP006-ALLOC-0285,CGP005-RC-0285,CGSRC-ATLAS-0183,ES-CG-00,ES-CG-00;ES-CG-01;ES-CG-13,CGP005_REFERENCE_CORPUS_ROW,0,REFERENCE_CORPUS_INDEXED_NOT_NORMATIVE,REFERENCE_CONTEXT_ONLY
CGP006-ALLOC-0286,CGP005-RC-0286,CGSRC-ATLAS-0184,ES-CG-00,ES-CG-00;ES-CG-01;ES-CG-13,CGP005_REFERENCE_CORPUS_ROW,0,REFERENCE_CORPUS_INDEXED_NOT_NORMATIVE,REFERENCE_CONTEXT_ONLY
CGP006-ALLOC-0287,CGP005-RC-0287,CGSRC-ATLAS-0185,ES-CG-00,ES-CG-00;ES-CG-01;ES-CG-13;ES-CG-10,CGP005_REFERENCE_CORPUS_ROW,0,REFERENCE_CORPUS_INDEXED_NOT_NORMATIVE,REFERENCE_CONTEXT_ONLY
CGP006-ALLOC-0288,CGP005-RC-0288,CGSRC-ATLAS-0186,ES-CG-00,ES-CG-00;ES-CG-01;ES-CG-13;ES-CG-10,CGP005_REFERENCE_CORPUS_ROW,0,REFERENCE_CORPUS_INDEXED_NOT_NORMATIVE,REFERENCE_CONTEXT_ONLY
CGP006-ALLOC-0289,CGP005-RC-0289,CGSRC-ATLAS-0187,ES-CG-00,ES-CG-00;ES-CG-01;ES-CG-13;ES-CG-10,CGP005_REFERENCE_CORPUS_ROW,0,REFERENCE_CORPUS_INDEXED_NOT_NORMATIVE,REFERENCE_CONTEXT_ONLY
CGP006-ALLOC-0290,CGP005-RC-0290,CGSRC-ATLAS-0188,ES-CG-00,ES-CG-00;ES-CG-01;ES-CG-13,CGP005_REFERENCE_CORPUS_ROW,0,REFERENCE_CORPUS_INDEXED_NOT_NORMATIVE,REFERENCE_CONTEXT_ONLY
CGP006-ALLOC-0291,CGP005-RC-0291,CGSRC-ATLAS-0189,ES-CG-00,ES-CG-00;ES-CG-01;ES-CG-13;ES-CG-10,CGP005_REFERENCE_CORPUS_ROW,0,REFERENCE_CORPUS_INDEXED_NOT_NORMATIVE,REFERENCE_CONTEXT_ONLY
CGP006-ALLOC-0292,CGP005-RC-0292,CGSRC-ATLAS-0190,ES-CG-00,ES-CG-00;ES-CG-01;ES-CG-13;ES-CG-10,CGP005_REFERENCE_CORPUS_ROW,0,REFERENCE_CORPUS_INDEXED_NOT_NORMATIVE,REFERENCE_CONTEXT_ONLY
CGP006-ALLOC-0293,CGP005-RC-0293,CGSRC-ATLAS-0191,ES-CG-00,ES-CG-00;ES-CG-01;ES-CG-13;ES-CG-10,CGP005_REFERENCE_CORPUS_ROW,0,REFERENCE_CORPUS_INDEXED_NOT_NORMATIVE,REFERENCE_CONTEXT_ONLY
CGP006-ALLOC-0294,CGP005-RC-0294,CGSRC-ATLAS-0192,ES-CG-00,ES-CG-00;ES-CG-01;ES-CG-13;ES-CG-10,CGP005_REFERENCE_CORPUS_ROW,0,REFERENCE_CORPUS_INDEXED_NOT_NORMATIVE,REFERENCE_CONTEXT_ONLY
CGP006-ALLOC-0295,CGP005-RC-0295,CGSRC-ATLAS-0193,ES-CG-00,ES-CG-00;ES-CG-01;ES-CG-13;ES-CG-10,CGP005_REFERENCE_CORPUS_ROW,0,REFERENCE_CORPUS_INDEXED_NOT_NORMATIVE,REFERENCE_CONTEXT_ONLY
CGP006-ALLOC-0296,CGP005-RC-0296,CGSRC-ATLAS-0194,ES-CG-00,ES-CG-00;ES-CG-01;ES-CG-13;ES-CG-10,CGP005_REFERENCE_CORPUS_ROW,0,REFERENCE_CORPUS_INDEXED_NOT_NORMATIVE,REFERENCE_CONTEXT_ONLY
CGP006-ALLOC-0297,CGP005-RC-0297,CGSRC-ATLAS-0195,ES-CG-00,ES-CG-00;ES-CG-01;ES-CG-13;ES-CG-10,CGP005_REFERENCE_CORPUS_ROW,0,REFERENCE_CORPUS_INDEXED_NOT_NORMATIVE,REFERENCE_CONTEXT_ONLY
CGP006-ALLOC-0298,CGP005-RC-0298,CGSRC-ATLAS-0196,ES-CG-00,ES-CG-00;ES-CG-01;ES-CG-13;ES-CG-10,CGP005_REFERENCE_CORPUS_ROW,0,REFERENCE_CORPUS_INDEXED_NOT_NORMATIVE,REFERENCE_CONTEXT_ONLY
CGP006-ALLOC-0299,CGP005-RC-0299,CGSRC-ATLAS-0197,ES-CG-00,ES-CG-00;ES-CG-01;ES-CG-13;ES-CG-10,CGP005_REFERENCE_CORPUS_ROW,0,REFERENCE_CORPUS_INDEXED_NOT_NORMATIVE,REFERENCE_CONTEXT_ONLY
CGP006-ALLOC-0300,CGP005-RC-0300,CGSRC-ATLAS-0198,ES-CG-00,ES-CG-00;ES-CG-01;ES-CG-13;ES-CG-10,CGP005_REFERENCE_CORPUS_ROW,0,REFERENCE_CORPUS_INDEXED_NOT_NORMATIVE,REFERENCE_CONTEXT_ONLY
CGP006-ALLOC-0301,CGP005-RC-0301,CGSRC-ATLAS-0199,ES-CG-00,ES-CG-00;ES-CG-01;ES-CG-13;ES-CG-10,CGP005_REFERENCE_CORPUS_ROW,0,REFERENCE_CORPUS_INDEXED_NOT_NORMATIVE,REFERENCE_CONTEXT_ONLY
CGP006-ALLOC-0302,CGP005-RC-0302,CGSRC-ATLAS-0200,ES-CG-00,ES-CG-00;ES-CG-01;ES-CG-13;ES-CG-10,CGP005_REFERENCE_CORPUS_ROW,0,REFERENCE_CORPUS_INDEXED_NOT_NORMATIVE,REFERENCE_CONTEXT_ONLY
CGP006-ALLOC-0303,CGP005-RC-0303,CGSRC-ATLAS-0201,ES-CG-00,ES-CG-00;ES-CG-01;ES-CG-13;ES-CG-10,CGP005_REFERENCE_CORPUS_ROW,0,REFERENCE_CORPUS_INDEXED_NOT_NORMATIVE,REFERENCE_CONTEXT_ONLY
CGP006-ALLOC-0304,CGP005-RC-0304,CGSRC-ATLAS-0202,ES-CG-00,ES-CG-00;ES-CG-01;ES-CG-13;ES-CG-10,CGP005_REFERENCE_CORPUS_ROW,0,REFERENCE_CORPUS_INDEXED_NOT_NORMATIVE,REFERENCE_CONTEXT_ONLY
CGP006-ALLOC-0305,CGP005-RC-0305,CGSRC-ATLAS-0203,ES-CG-00,ES-CG-00;ES-CG-01;ES-CG-13;ES-CG-10,CGP005_REFERENCE_CORPUS_ROW,0,REFERENCE_CORPUS_INDEXED_NOT_NORMATIVE,REFERENCE_CONTEXT_ONLY
CGP006-ALLOC-0306,CGP005-RC-0306,CGSRC-ATLAS-0204,ES-CG-00,ES-CG-00;ES-CG-01;ES-CG-13;ES-CG-10,CGP005_REFERENCE_CORPUS_ROW,0,REFERENCE_CORPUS_INDEXED_NOT_NORMATIVE,REFERENCE_CONTEXT_ONLY
CGP006-ALLOC-0307,CGP005-RC-0307,CGSRC-ATLAS-0205,ES-CG-00,ES-CG-00;ES-CG-01;ES-CG-13;ES-CG-10,CGP005_REFERENCE_CORPUS_ROW,0,REFERENCE_CORPUS_INDEXED_NOT_NORMATIVE,REFERENCE_CONTEXT_ONLY
CGP006-ALLOC-0308,CGP005-RC-0308,CGSRC-ATLAS-0206,ES-CG-00,ES-CG-00;ES-CG-01;ES-CG-13;ES-CG-10,CGP005_REFERENCE_CORPUS_ROW,0,REFERENCE_CORPUS_INDEXED_NOT_NORMATIVE,REFERENCE_CONTEXT_ONLY
CGP006-ALLOC-0309,CGP005-RC-0309,CGSRC-ATLAS-0207,ES-CG-00,ES-CG-00;ES-CG-01;ES-CG-13;ES-CG-10,CGP005_REFERENCE_CORPUS_ROW,0,REFERENCE_CORPUS_INDEXED_NOT_NORMATIVE,REFERENCE_CONTEXT_ONLY
CGP006-ALLOC-0310,CGP005-RC-0310,CGSRC-ATLAS-0208,ES-CG-00,ES-CG-00;ES-CG-01;ES-CG-13;ES-CG-10,CGP005_REFERENCE_CORPUS_ROW,0,REFERENCE_CORPUS_INDEXED_NOT_NORMATIVE,REFERENCE_CONTEXT_ONLY
CGP006-ALLOC-0311,CGP005-RC-0311,CGSRC-ATLAS-0209,ES-CG-00,ES-CG-00;ES-CG-01;ES-CG-13;ES-CG-10,CGP005_REFERENCE_CORPUS_ROW,0,REFERENCE_CORPUS_INDEXED_NOT_NORMATIVE,REFERENCE_CONTEXT_ONLY
CGP006-ALLOC-0312,CGP005-RC-0312,CGSRC-ATLAS-0210,ES-CG-00,ES-CG-00;ES-CG-01;ES-CG-13;ES-CG-10,CGP005_REFERENCE_CORPUS_ROW,0,REFERENCE_CORPUS_INDEXED_NOT_NORMATIVE,REFERENCE_CONTEXT_ONLY
CGP006-ALLOC-0313,CGP005-RC-0313,CGSRC-ATLAS-0211,ES-CG-00,ES-CG-00;ES-CG-01;ES-CG-13;ES-CG-10,CGP005_REFERENCE_CORPUS_ROW,0,REFERENCE_CORPUS_INDEXED_NOT_NORMATIVE,REFERENCE_CONTEXT_ONLY
CGP006-ALLOC-0314,CGP005-RC-0314,CGSRC-ATLAS-0212,ES-CG-00,ES-CG-00;ES-CG-01;ES-CG-13;ES-CG-10,CGP005_REFERENCE_CORPUS_ROW,0,REFERENCE_CORPUS_INDEXED_NOT_NORMATIVE,REFERENCE_CONTEXT_ONLY
CGP006-ALLOC-0315,CGP005-RC-0315,CGSRC-ATLAS-0213,ES-CG-00,ES-CG-00;ES-CG-01;ES-CG-13;ES-CG-10,CGP005_REFERENCE_CORPUS_ROW,0,REFERENCE_CORPUS_INDEXED_NOT_NORMATIVE,REFERENCE_CONTEXT_ONLY
CGP006-ALLOC-0316,CGP005-RC-0316,CGSRC-ATLAS-0214,ES-CG-00,ES-CG-00;ES-CG-01;ES-CG-13;ES-CG-10,CGP005_REFERENCE_CORPUS_ROW,0,REFERENCE_CORPUS_INDEXED_NOT_NORMATIVE,REFERENCE_CONTEXT_ONLY
CGP006-ALLOC-0317,CGP005-RC-0317,CGSRC-ATLAS-0215,ES-CG-00,ES-CG-00;ES-CG-01;ES-CG-13;ES-CG-10,CGP005_REFERENCE_CORPUS_ROW,0,REFERENCE_CORPUS_INDEXED_NOT_NORMATIVE,REFERENCE_CONTEXT_ONLY
CGP006-ALLOC-0318,CGP005-RC-0318,CGSRC-ATLAS-0216,ES-CG-00,ES-CG-00;ES-CG-01;ES-CG-13;ES-CG-10,CGP005_REFERENCE_CORPUS_ROW,0,REFERENCE_CORPUS_INDEXED_NOT_NORMATIVE,REFERENCE_CONTEXT_ONLY
CGP006-ALLOC-0319,CGP005-RC-0319,CGSRC-ATLAS-0217,ES-CG-00,ES-CG-00;ES-CG-01;ES-CG-13;ES-CG-10,CGP005_REFERENCE_CORPUS_ROW,0,REFERENCE_CORPUS_INDEXED_NOT_NORMATIVE,REFERENCE_CONTEXT_ONLY
CGP006-ALLOC-0320,CGP005-RC-0320,CGSRC-ATLAS-0218,ES-CG-00,ES-CG-00;ES-CG-01;ES-CG-13;ES-CG-10,CGP005_REFERENCE_CORPUS_ROW,0,REFERENCE_CORPUS_INDEXED_NOT_NORMATIVE,REFERENCE_CONTEXT_ONLY
CGP006-ALLOC-0321,CGP005-RC-0321,CGSRC-ATLAS-0219,ES-CG-00,ES-CG-00;ES-CG-01;ES-CG-13;ES-CG-10,CGP005_REFERENCE_CORPUS_ROW,0,REFERENCE_CORPUS_INDEXED_NOT_NORMATIVE,REFERENCE_CONTEXT_ONLY
CGP006-ALLOC-0322,CGP005-RC-0322,CGSRC-ATLAS-0220,ES-CG-00,ES-CG-00;ES-CG-01;ES-CG-13;ES-CG-10,CGP005_REFERENCE_CORPUS_ROW,0,REFERENCE_CORPUS_INDEXED_NOT_NORMATIVE,REFERENCE_CONTEXT_ONLY
CGP006-ALLOC-0323,CGP005-RC-0323,CGSRC-ATLAS-0221,ES-CG-00,ES-CG-00;ES-CG-01;ES-CG-13;ES-CG-10,CGP005_REFERENCE_CORPUS_ROW,0,REFERENCE_CORPUS_INDEXED_NOT_NORMATIVE,REFERENCE_CONTEXT_ONLY
CGP006-ALLOC-0324,CGP005-RC-0324,CGSRC-ATLAS-0222,ES-CG-00,ES-CG-00;ES-CG-01;ES-CG-13;ES-CG-10,CGP005_REFERENCE_CORPUS_ROW,0,REFERENCE_CORPUS_INDEXED_NOT_NORMATIVE,REFERENCE_CONTEXT_ONLY
CGP006-ALLOC-0325,CGP005-RC-0325,CGSRC-ATLAS-0223,ES-CG-00,ES-CG-00;ES-CG-01;ES-CG-13;ES-CG-10,CGP005_REFERENCE_CORPUS_ROW,0,REFERENCE_CORPUS_INDEXED_NOT_NORMATIVE,REFERENCE_CONTEXT_ONLY
CGP006-ALLOC-0326,CGP005-RC-0326,CGSRC-ATLAS-0224,ES-CG-00,ES-CG-00;ES-CG-01;ES-CG-13;ES-CG-10,CGP005_REFERENCE_CORPUS_ROW,0,REFERENCE_CORPUS_INDEXED_NOT_NORMATIVE,REFERENCE_CONTEXT_ONLY
CGP006-ALLOC-0327,CGP005-RC-0327,CGSRC-ATLAS-0225,ES-CG-00,ES-CG-00;ES-CG-01;ES-CG-13;ES-CG-10,CGP005_REFERENCE_CORPUS_ROW,0,REFERENCE_CORPUS_INDEXED_NOT_NORMATIVE,REFERENCE_CONTEXT_ONLY
CGP006-ALLOC-0328,CGP005-RC-0328,CGSRC-ATLAS-0226,ES-CG-00,ES-CG-00;ES-CG-01;ES-CG-13;ES-CG-10,CGP005_REFERENCE_CORPUS_ROW,0,REFERENCE_CORPUS_INDEXED_NOT_NORMATIVE,REFERENCE_CONTEXT_ONLY
CGP006-ALLOC-0329,CGP005-RC-0329,CGSRC-ATLAS-0227,ES-CG-00,ES-CG-00;ES-CG-01;ES-CG-13;ES-CG-10,CGP005_REFERENCE_CORPUS_ROW,0,REFERENCE_CORPUS_INDEXED_NOT_NORMATIVE,REFERENCE_CONTEXT_ONLY
CGP006-ALLOC-0330,CGP005-RC-0330,CGSRC-ATLAS-0228,ES-CG-00,ES-CG-00;ES-CG-01;ES-CG-13;ES-CG-10,CGP005_REFERENCE_CORPUS_ROW,0,REFERENCE_CORPUS_INDEXED_NOT_NORMATIVE,REFERENCE_CONTEXT_ONLY
CGP006-ALLOC-0331,CGP005-RC-0331,CGSRC-ATLAS-0229,ES-CG-00,ES-CG-00;ES-CG-01;ES-CG-13;ES-CG-10,CGP005_REFERENCE_CORPUS_ROW,0,REFERENCE_CORPUS_INDEXED_NOT_NORMATIVE,REFERENCE_CONTEXT_ONLY
CGP006-ALLOC-0332,CGP005-RC-0332,CGSRC-ATLAS-0230,ES-CG-00,ES-CG-00;ES-CG-01;ES-CG-13;ES-CG-10,CGP005_REFERENCE_CORPUS_ROW,0,REFERENCE_CORPUS_INDEXED_NOT_NORMATIVE,REFERENCE_CONTEXT_ONLY
CGP006-ALLOC-0333,CGP005-RC-0333,CGSRC-ATLAS-0231,ES-CG-00,ES-CG-00;ES-CG-01;ES-CG-13;ES-CG-10,CGP005_REFERENCE_CORPUS_ROW,0,REFERENCE_CORPUS_INDEXED_NOT_NORMATIVE,REFERENCE_CONTEXT_ONLY
CGP006-ALLOC-0334,CGP005-RC-0334,CGSRC-ATLAS-0232,ES-CG-00,ES-CG-00;ES-CG-01;ES-CG-13;ES-CG-10,CGP005_REFERENCE_CORPUS_ROW,0,REFERENCE_CORPUS_INDEXED_NOT_NORMATIVE,REFERENCE_CONTEXT_ONLY
CGP006-ALLOC-0335,CGP005-RC-0335,CGSRC-ATLAS-0233,ES-CG-00,ES-CG-00;ES-CG-01;ES-CG-13;ES-CG-10,CGP005_REFERENCE_CORPUS_ROW,0,REFERENCE_CORPUS_INDEXED_NOT_NORMATIVE,REFERENCE_CONTEXT_ONLY
CGP006-ALLOC-0336,CGP005-RC-0336,CGSRC-ATLAS-0234,ES-CG-00,ES-CG-00;ES-CG-01;ES-CG-13;ES-CG-10,CGP005_REFERENCE_CORPUS_ROW,0,REFERENCE_CORPUS_INDEXED_NOT_NORMATIVE,REFERENCE_CONTEXT_ONLY
CGP006-ALLOC-0337,CGP005-RC-0337,CGSRC-ATLAS-0235,ES-CG-00,ES-CG-00;ES-CG-01;ES-CG-13;ES-CG-10,CGP005_REFERENCE_CORPUS_ROW,0,REFERENCE_CORPUS_INDEXED_NOT_NORMATIVE,REFERENCE_CONTEXT_ONLY
CGP006-ALLOC-0338,CGP005-RC-0338,CGSRC-ATLAS-0236,ES-CG-00,ES-CG-00;ES-CG-01;ES-CG-13;ES-CG-10,CGP005_REFERENCE_CORPUS_ROW,0,REFERENCE_CORPUS_INDEXED_NOT_NORMATIVE,REFERENCE_CONTEXT_ONLY
CGP006-ALLOC-0339,CGP005-RC-0339,CGSRC-ATLAS-0237,ES-CG-00,ES-CG-00;ES-CG-01;ES-CG-13;ES-CG-10,CGP005_REFERENCE_CORPUS_ROW,0,REFERENCE_CORPUS_INDEXED_NOT_NORMATIVE,REFERENCE_CONTEXT_ONLY
CGP006-ALLOC-0340,CGP005-RC-0340,CGSRC-ATLAS-0238,ES-CG-00,ES-CG-00;ES-CG-01;ES-CG-13;ES-CG-10,CGP005_REFERENCE_CORPUS_ROW,0,REFERENCE_CORPUS_INDEXED_NOT_NORMATIVE,REFERENCE_CONTEXT_ONLY
CGP006-ALLOC-0341,CGP005-RC-0341,CGSRC-ATLAS-0239,ES-CG-00,ES-CG-00;ES-CG-01;ES-CG-13;ES-CG-10,CGP005_REFERENCE_CORPUS_ROW,0,REFERENCE_CORPUS_INDEXED_NOT_NORMATIVE,REFERENCE_CONTEXT_ONLY
CGP006-ALLOC-0342,CGP005-RC-0342,CGSRC-ATLAS-0240,ES-CG-00,ES-CG-00;ES-CG-01;ES-CG-13;ES-CG-10,CGP005_REFERENCE_CORPUS_ROW,0,REFERENCE_CORPUS_INDEXED_NOT_NORMATIVE,REFERENCE_CONTEXT_ONLY
CGP006-ALLOC-0343,CGP005-RC-0343,CGSRC-ATLAS-0241,ES-CG-00,ES-CG-00;ES-CG-01;ES-CG-13;ES-CG-10,CGP005_REFERENCE_CORPUS_ROW,0,REFERENCE_CORPUS_INDEXED_NOT_NORMATIVE,REFERENCE_CONTEXT_ONLY
CGP006-ALLOC-0344,CGP005-RC-0344,CGSRC-ATLAS-0242,ES-CG-00,ES-CG-00;ES-CG-01;ES-CG-13;ES-CG-10,CGP005_REFERENCE_CORPUS_ROW,0,REFERENCE_CORPUS_INDEXED_NOT_NORMATIVE,REFERENCE_CONTEXT_ONLY
CGP006-ALLOC-0345,CGP005-RC-0345,CGSRC-ATLAS-0243,ES-CG-00,ES-CG-00;ES-CG-01;ES-CG-13;ES-CG-10,CGP005_REFERENCE_CORPUS_ROW,0,REFERENCE_CORPUS_INDEXED_NOT_NORMATIVE,REFERENCE_CONTEXT_ONLY
CGP006-ALLOC-0346,CGP005-RC-0346,CGSRC-ATLAS-0244,ES-CG-00,ES-CG-00;ES-CG-01;ES-CG-13;ES-CG-10,CGP005_REFERENCE_CORPUS_ROW,0,REFERENCE_CORPUS_INDEXED_NOT_NORMATIVE,REFERENCE_CONTEXT_ONLY
CGP006-ALLOC-0347,CGP005-RC-0347,CGSRC-ATLAS-0245,ES-CG-00,ES-CG-00;ES-CG-01;ES-CG-13;ES-CG-10,CGP005_REFERENCE_CORPUS_ROW,0,REFERENCE_CORPUS_INDEXED_NOT_NORMATIVE,REFERENCE_CONTEXT_ONLY
CGP006-ALLOC-0348,CGP005-RC-0348,CGSRC-ATLAS-0246,ES-CG-00,ES-CG-00;ES-CG-01;ES-CG-13;ES-CG-10,CGP005_REFERENCE_CORPUS_ROW,0,REFERENCE_CORPUS_INDEXED_NOT_NORMATIVE,REFERENCE_CONTEXT_ONLY
CGP006-ALLOC-0349,CGP005-RC-0349,CGSRC-ATLAS-0247,ES-CG-00,ES-CG-00;ES-CG-01;ES-CG-13;ES-CG-10,CGP005_REFERENCE_CORPUS_ROW,0,REFERENCE_CORPUS_INDEXED_NOT_NORMATIVE,REFERENCE_CONTEXT_ONLY
CGP006-ALLOC-0350,CGP005-RC-0350,CGSRC-ATLAS-0248,ES-CG-00,ES-CG-00;ES-CG-01;ES-CG-13;ES-CG-10,CGP005_REFERENCE_CORPUS_ROW,0,REFERENCE_CORPUS_INDEXED_NOT_NORMATIVE,REFERENCE_CONTEXT_ONLY
CGP006-ALLOC-0351,CGP005-RC-0351,CGSRC-ATLAS-0249,ES-CG-00,ES-CG-00;ES-CG-01;ES-CG-13;ES-CG-10,CGP005_REFERENCE_CORPUS_ROW,0,REFERENCE_CORPUS_INDEXED_NOT_NORMATIVE,REFERENCE_CONTEXT_ONLY
CGP006-ALLOC-0352,CGP005-RC-0352,CGSRC-ATLAS-0250,ES-CG-00,ES-CG-00;ES-CG-01;ES-CG-13;ES-CG-10,CGP005_REFERENCE_CORPUS_ROW,0,REFERENCE_CORPUS_INDEXED_NOT_NORMATIVE,REFERENCE_CONTEXT_ONLY
CGP006-ALLOC-0353,CGP005-RC-0353,CGSRC-ATLAS-0251,ES-CG-00,ES-CG-00;ES-CG-01;ES-CG-13;ES-CG-10,CGP005_REFERENCE_CORPUS_ROW,0,REFERENCE_CORPUS_INDEXED_NOT_NORMATIVE,REFERENCE_CONTEXT_ONLY
CGP006-ALLOC-0354,CGP005-RC-0354,CGSRC-ATLAS-0252,ES-CG-00,ES-CG-00;ES-CG-01;ES-CG-13;ES-CG-10,CGP005_REFERENCE_CORPUS_ROW,0,REFERENCE_CORPUS_INDEXED_NOT_NORMATIVE,REFERENCE_CONTEXT_ONLY
CGP006-ALLOC-0355,CGP005-RC-0355,CGSRC-ATLAS-0253,ES-CG-00,ES-CG-00;ES-CG-01;ES-CG-13;ES-CG-10,CGP005_REFERENCE_CORPUS_ROW,0,REFERENCE_CORPUS_INDEXED_NOT_NORMATIVE,REFERENCE_CONTEXT_ONLY
CGP006-ALLOC-0356,CGP005-RC-0356,CGSRC-ATLAS-0254,ES-CG-00,ES-CG-00;ES-CG-01;ES-CG-13;ES-CG-10,CGP005_REFERENCE_CORPUS_ROW,0,REFERENCE_CORPUS_INDEXED_NOT_NORMATIVE,REFERENCE_CONTEXT_ONLY
CGP006-ALLOC-0357,CGP005-RC-0357,CGSRC-ATLAS-0255,ES-CG-00,ES-CG-00;ES-CG-01;ES-CG-13;ES-CG-10,CGP005_REFERENCE_CORPUS_ROW,0,REFERENCE_CORPUS_INDEXED_NOT_NORMATIVE,REFERENCE_CONTEXT_ONLY
CGP006-ALLOC-0358,CGP005-RC-0358,CGSRC-ATLAS-0256,ES-CG-00,ES-CG-00;ES-CG-01;ES-CG-13;ES-CG-10,CGP005_REFERENCE_CORPUS_ROW,0,REFERENCE_CORPUS_INDEXED_NOT_NORMATIVE,REFERENCE_CONTEXT_ONLY
CGP006-ALLOC-0359,CGP005-RC-0359,CGSRC-ATLAS-0257,ES-CG-00,ES-CG-00;ES-CG-01;ES-CG-13;ES-CG-10,CGP005_REFERENCE_CORPUS_ROW,0,REFERENCE_CORPUS_INDEXED_NOT_NORMATIVE,REFERENCE_CONTEXT_ONLY
CGP006-ALLOC-0360,CGP005-RC-0360,CGSRC-ATLAS-0258,ES-CG-00,ES-CG-00;ES-CG-01;ES-CG-13;ES-CG-10,CGP005_REFERENCE_CORPUS_ROW,0,REFERENCE_CORPUS_INDEXED_NOT_NORMATIVE,REFERENCE_CONTEXT_ONLY
CGP006-ALLOC-0361,CGP005-RC-0361,CGSRC-ATLAS-0259,ES-CG-00,ES-CG-00;ES-CG-01;ES-CG-13;ES-CG-10,CGP005_REFERENCE_CORPUS_ROW,0,REFERENCE_CORPUS_INDEXED_NOT_NORMATIVE,REFERENCE_CONTEXT_ONLY
CGP006-ALLOC-0362,CGP005-RC-0362,CGSRC-ATLAS-0260,ES-CG-00,ES-CG-00;ES-CG-01;ES-CG-13;ES-CG-10,CGP005_REFERENCE_CORPUS_ROW,0,REFERENCE_CORPUS_INDEXED_NOT_NORMATIVE,REFERENCE_CONTEXT_ONLY
CGP006-ALLOC-0363,CGP005-RC-0363,CGSRC-ATLAS-0261,ES-CG-00,ES-CG-00;ES-CG-01;ES-CG-13;ES-CG-10,CGP005_REFERENCE_CORPUS_ROW,0,REFERENCE_CORPUS_INDEXED_NOT_NORMATIVE,REFERENCE_CONTEXT_ONLY
CGP006-ALLOC-0364,CGP005-RC-0364,CGSRC-ATLAS-0262,ES-CG-00,ES-CG-00;ES-CG-01;ES-CG-13;ES-CG-10,CGP005_REFERENCE_CORPUS_ROW,0,REFERENCE_CORPUS_INDEXED_NOT_NORMATIVE,REFERENCE_CONTEXT_ONLY
CGP006-ALLOC-0365,CGP005-RC-0365,CGSRC-ATLAS-0263,ES-CG-00,ES-CG-00;ES-CG-01;ES-CG-13;ES-CG-10,CGP005_REFERENCE_CORPUS_ROW,0,REFERENCE_CORPUS_INDEXED_NOT_NORMATIVE,REFERENCE_CONTEXT_ONLY
CGP006-ALLOC-0366,CGP005-RC-0366,CGSRC-ATLAS-0264,ES-CG-00,ES-CG-00;ES-CG-01;ES-CG-13;ES-CG-10,CGP005_REFERENCE_CORPUS_ROW,0,REFERENCE_CORPUS_INDEXED_NOT_NORMATIVE,REFERENCE_CONTEXT_ONLY
CGP006-ALLOC-0367,CGP005-RC-0367,CGSRC-ATLAS-0265,ES-CG-00,ES-CG-00;ES-CG-01;ES-CG-13;ES-CG-10,CGP005_REFERENCE_CORPUS_ROW,0,REFERENCE_CORPUS_INDEXED_NOT_NORMATIVE,REFERENCE_CONTEXT_ONLY
CGP006-ALLOC-0368,CGP005-RC-0368,CGSRC-ATLAS-0266,ES-CG-00,ES-CG-00;ES-CG-01;ES-CG-13;ES-CG-10,CGP005_REFERENCE_CORPUS_ROW,0,REFERENCE_CORPUS_INDEXED_NOT_NORMATIVE,REFERENCE_CONTEXT_ONLY
CGP006-ALLOC-0369,CGP005-RC-0369,CGSRC-ATLAS-0267,ES-CG-00,ES-CG-00;ES-CG-01;ES-CG-13;ES-CG-10,CGP005_REFERENCE_CORPUS_ROW,0,REFERENCE_CORPUS_INDEXED_NOT_NORMATIVE,REFERENCE_CONTEXT_ONLY
CGP006-ALLOC-0370,CGP005-RC-0370,CGSRC-ATLAS-0268,ES-CG-00,ES-CG-00;ES-CG-01;ES-CG-13;ES-CG-10,CGP005_REFERENCE_CORPUS_ROW,0,REFERENCE_CORPUS_INDEXED_NOT_NORMATIVE,REFERENCE_CONTEXT_ONLY
CGP006-ALLOC-0371,CGP005-RC-0371,CGSRC-ATLAS-0269,ES-CG-00,ES-CG-00;ES-CG-01;ES-CG-13;ES-CG-10,CGP005_REFERENCE_CORPUS_ROW,0,REFERENCE_CORPUS_INDEXED_NOT_NORMATIVE,REFERENCE_CONTEXT_ONLY
CGP006-ALLOC-0372,CGP005-RC-0372,CGSRC-ATLAS-0270,ES-CG-00,ES-CG-00;ES-CG-01;ES-CG-13;ES-CG-10,CGP005_REFERENCE_CORPUS_ROW,0,REFERENCE_CORPUS_INDEXED_NOT_NORMATIVE,REFERENCE_CONTEXT_ONLY
CGP006-ALLOC-0373,CGP005-RC-0373,CGSRC-ATLAS-0271,ES-CG-00,ES-CG-00;ES-CG-01;ES-CG-13;ES-CG-10,CGP005_REFERENCE_CORPUS_ROW,0,REFERENCE_CORPUS_INDEXED_NOT_NORMATIVE,REFERENCE_CONTEXT_ONLY
CGP006-ALLOC-0374,CGP005-RC-0374,CGSRC-ATLAS-0272,ES-CG-00,ES-CG-00;ES-CG-01;ES-CG-13;ES-CG-10,CGP005_REFERENCE_CORPUS_ROW,0,REFERENCE_CORPUS_INDEXED_NOT_NORMATIVE,REFERENCE_CONTEXT_ONLY
CGP006-ALLOC-0375,CGP005-RC-0375,CGSRC-ATLAS-0273,ES-CG-00,ES-CG-00;ES-CG-01;ES-CG-13;ES-CG-10,CGP005_REFERENCE_CORPUS_ROW,0,REFERENCE_CORPUS_INDEXED_NOT_NORMATIVE,REFERENCE_CONTEXT_ONLY
CGP006-ALLOC-0376,CGP005-RC-0376,CGSRC-ATLAS-0274,ES-CG-00,ES-CG-00;ES-CG-01;ES-CG-13;ES-CG-10,CGP005_REFERENCE_CORPUS_ROW,0,REFERENCE_CORPUS_INDEXED_NOT_NORMATIVE,REFERENCE_CONTEXT_ONLY
CGP006-ALLOC-0377,CGP005-RC-0377,CGSRC-ATLAS-0275,ES-CG-00,ES-CG-00;ES-CG-01;ES-CG-13;ES-CG-10,CGP005_REFERENCE_CORPUS_ROW,0,REFERENCE_CORPUS_INDEXED_NOT_NORMATIVE,REFERENCE_CONTEXT_ONLY
CGP006-ALLOC-0378,CGP005-RC-0378,CGSRC-ATLAS-0276,ES-CG-00,ES-CG-00;ES-CG-01;ES-CG-13;ES-CG-10,CGP005_REFERENCE_CORPUS_ROW,0,REFERENCE_CORPUS_INDEXED_NOT_NORMATIVE,REFERENCE_CONTEXT_ONLY
CGP006-ALLOC-0379,CGP005-RC-0379,CGSRC-ATLAS-0277,ES-CG-00,ES-CG-00;ES-CG-01;ES-CG-13;ES-CG-10,CGP005_REFERENCE_CORPUS_ROW,0,REFERENCE_CORPUS_INDEXED_NOT_NORMATIVE,REFERENCE_CONTEXT_ONLY
CGP006-ALLOC-0380,CGP005-RC-0380,CGSRC-ATLAS-0278,ES-CG-00,ES-CG-00;ES-CG-01;ES-CG-13;ES-CG-10,CGP005_REFERENCE_CORPUS_ROW,0,REFERENCE_CORPUS_INDEXED_NOT_NORMATIVE,REFERENCE_CONTEXT_ONLY
CGP006-ALLOC-0381,CGP005-RC-0381,CGSRC-ATLAS-0279,ES-CG-00,ES-CG-00;ES-CG-01;ES-CG-13;ES-CG-10,CGP005_REFERENCE_CORPUS_ROW,0,REFERENCE_CORPUS_INDEXED_NOT_NORMATIVE,REFERENCE_CONTEXT_ONLY
CGP006-ALLOC-0382,CGP005-RC-0382,CGSRC-ATLAS-0280,ES-CG-00,ES-CG-00;ES-CG-01;ES-CG-13;ES-CG-10,CGP005_REFERENCE_CORPUS_ROW,0,REFERENCE_CORPUS_INDEXED_NOT_NORMATIVE,REFERENCE_CONTEXT_ONLY
CGP006-ALLOC-0383,CGP005-RC-0383,CGSRC-ATLAS-0281,ES-CG-00,ES-CG-00;ES-CG-01;ES-CG-13;ES-CG-10,CGP005_REFERENCE_CORPUS_ROW,0,REFERENCE_CORPUS_INDEXED_NOT_NORMATIVE,REFERENCE_CONTEXT_ONLY
CGP006-ALLOC-0384,CGP005-RC-0384,CGSRC-ATLAS-0282,ES-CG-00,ES-CG-00;ES-CG-01;ES-CG-13;ES-CG-10,CGP005_REFERENCE_CORPUS_ROW,0,REFERENCE_CORPUS_INDEXED_NOT_NORMATIVE,REFERENCE_CONTEXT_ONLY
CGP006-ALLOC-0385,CGP005-RC-0385,CGSRC-ATLAS-0283,ES-CG-00,ES-CG-00;ES-CG-01;ES-CG-13;ES-CG-10,CGP005_REFERENCE_CORPUS_ROW,0,REFERENCE_CORPUS_INDEXED_NOT_NORMATIVE,REFERENCE_CONTEXT_ONLY
CGP006-ALLOC-0386,CGP005-RC-0386,CGSRC-ATLAS-0284,ES-CG-00,ES-CG-00;ES-CG-01;ES-CG-13;ES-CG-10,CGP005_REFERENCE_CORPUS_ROW,0,REFERENCE_CORPUS_INDEXED_NOT_NORMATIVE,REFERENCE_CONTEXT_ONLY
CGP006-ALLOC-0387,CGP005-RC-0387,CGSRC-ATLAS-0285,ES-CG-00,ES-CG-00;ES-CG-01;ES-CG-13;ES-CG-10,CGP005_REFERENCE_CORPUS_ROW,0,REFERENCE_CORPUS_INDEXED_NOT_NORMATIVE,REFERENCE_CONTEXT_ONLY
CGP006-ALLOC-0388,CGP005-RC-0388,CGSRC-ATLAS-0286,ES-CG-00,ES-CG-00;ES-CG-01;ES-CG-13;ES-CG-10,CGP005_REFERENCE_CORPUS_ROW,0,REFERENCE_CORPUS_INDEXED_NOT_NORMATIVE,REFERENCE_CONTEXT_ONLY
CGP006-ALLOC-0389,CGP005-RC-0389,CGSRC-ATLAS-0287,ES-CG-00,ES-CG-00;ES-CG-01;ES-CG-13;ES-CG-10,CGP005_REFERENCE_CORPUS_ROW,0,REFERENCE_CORPUS_INDEXED_NOT_NORMATIVE,REFERENCE_CONTEXT_ONLY
CGP006-ALLOC-0390,CGP005-RC-0390,CGSRC-ATLAS-0288,ES-CG-00,ES-CG-00;ES-CG-01;ES-CG-13;ES-CG-10,CGP005_REFERENCE_CORPUS_ROW,0,REFERENCE_CORPUS_INDEXED_NOT_NORMATIVE,REFERENCE_CONTEXT_ONLY
CGP006-ALLOC-0391,CGP005-RC-0391,CGSRC-ATLAS-0289,ES-CG-00,ES-CG-00;ES-CG-01;ES-CG-13;ES-CG-10,CGP005_REFERENCE_CORPUS_ROW,0,REFERENCE_CORPUS_INDEXED_NOT_NORMATIVE,REFERENCE_CONTEXT_ONLY
CGP006-ALLOC-0392,CGP005-RC-0392,CGSRC-ATLAS-0290,ES-CG-00,ES-CG-00;ES-CG-01;ES-CG-13;ES-CG-10,CGP005_REFERENCE_CORPUS_ROW,0,REFERENCE_CORPUS_INDEXED_NOT_NORMATIVE,REFERENCE_CONTEXT_ONLY
CGP006-ALLOC-0393,CGP005-RC-0393,CGSRC-ATLAS-0291,ES-CG-00,ES-CG-00;ES-CG-01;ES-CG-13;ES-CG-10,CGP005_REFERENCE_CORPUS_ROW,0,REFERENCE_CORPUS_INDEXED_NOT_NORMATIVE,REFERENCE_CONTEXT_ONLY
CGP006-ALLOC-0394,CGP005-RC-0394,CGSRC-ATLAS-0292,ES-CG-00,ES-CG-00;ES-CG-01;ES-CG-13;ES-CG-10,CGP005_REFERENCE_CORPUS_ROW,0,REFERENCE_CORPUS_INDEXED_NOT_NORMATIVE,REFERENCE_CONTEXT_ONLY
CGP006-ALLOC-0395,CGP005-RC-0395,CGSRC-ATLAS-0293,ES-CG-00,ES-CG-00;ES-CG-01;ES-CG-13;ES-CG-10,CGP005_REFERENCE_CORPUS_ROW,0,REFERENCE_CORPUS_INDEXED_NOT_NORMATIVE,REFERENCE_CONTEXT_ONLY
CGP006-ALLOC-0396,CGP005-RC-0396,CGSRC-ATLAS-0294,ES-CG-00,ES-CG-00;ES-CG-01;ES-CG-13;ES-CG-10,CGP005_REFERENCE_CORPUS_ROW,0,REFERENCE_CORPUS_INDEXED_NOT_NORMATIVE,REFERENCE_CONTEXT_ONLY
CGP006-ALLOC-0397,CGP005-RC-0397,CGSRC-ATLAS-0295,ES-CG-00,ES-CG-00;ES-CG-01;ES-CG-13;ES-CG-10,CGP005_REFERENCE_CORPUS_ROW,0,REFERENCE_CORPUS_INDEXED_NOT_NORMATIVE,REFERENCE_CONTEXT_ONLY
CGP006-ALLOC-0398,CGP005-RC-0398,CGSRC-ATLAS-0296,ES-CG-00,ES-CG-00;ES-CG-01;ES-CG-13;ES-CG-10,CGP005_REFERENCE_CORPUS_ROW,0,REFERENCE_CORPUS_INDEXED_NOT_NORMATIVE,REFERENCE_CONTEXT_ONLY
CGP006-ALLOC-0399,CGP005-RC-0399,CGSRC-ATLAS-0297,ES-CG-00,ES-CG-00;ES-CG-01;ES-CG-13;ES-CG-10,CGP005_REFERENCE_CORPUS_ROW,0,REFERENCE_CORPUS_INDEXED_NOT_NORMATIVE,REFERENCE_CONTEXT_ONLY
CGP006-ALLOC-0400,CGP005-RC-0400,CGSRC-ATLAS-0298,ES-CG-00,ES-CG-00;ES-CG-01;ES-CG-13;ES-CG-10,CGP005_REFERENCE_CORPUS_ROW,0,REFERENCE_CORPUS_INDEXED_NOT_NORMATIVE,REFERENCE_CONTEXT_ONLY
CGP006-ALLOC-0401,CGP005-RC-0401,CGSRC-ATLAS-0299,ES-CG-00,ES-CG-00;ES-CG-01;ES-CG-13;ES-CG-10,CGP005_REFERENCE_CORPUS_ROW,0,REFERENCE_CORPUS_INDEXED_NOT_NORMATIVE,REFERENCE_CONTEXT_ONLY
CGP006-ALLOC-0402,CGP005-RC-0402,CGSRC-ATLAS-0300,ES-CG-00,ES-CG-00;ES-CG-01;ES-CG-13;ES-CG-10,CGP005_REFERENCE_CORPUS_ROW,0,REFERENCE_CORPUS_INDEXED_NOT_NORMATIVE,REFERENCE_CONTEXT_ONLY
CGP006-ALLOC-0403,CGP005-RC-0403,CGSRC-ATLAS-0301,ES-CG-00,ES-CG-00;ES-CG-01;ES-CG-13;ES-CG-10,CGP005_REFERENCE_CORPUS_ROW,0,REFERENCE_CORPUS_INDEXED_NOT_NORMATIVE,REFERENCE_CONTEXT_ONLY
CGP006-ALLOC-0404,CGP005-RC-0404,CGSRC-ATLAS-0302,ES-CG-00,ES-CG-00;ES-CG-01;ES-CG-13;ES-CG-10,CGP005_REFERENCE_CORPUS_ROW,0,REFERENCE_CORPUS_INDEXED_NOT_NORMATIVE,REFERENCE_CONTEXT_ONLY
CGP006-ALLOC-0405,CGP005-RC-0405,CGSRC-ATLAS-0303,ES-CG-00,ES-CG-00;ES-CG-01;ES-CG-13;ES-CG-10,CGP005_REFERENCE_CORPUS_ROW,0,REFERENCE_CORPUS_INDEXED_NOT_NORMATIVE,REFERENCE_CONTEXT_ONLY
CGP006-ALLOC-0406,CGP005-RC-0406,CGSRC-ATLAS-0304,ES-CG-00,ES-CG-00;ES-CG-01;ES-CG-13;ES-CG-10,CGP005_REFERENCE_CORPUS_ROW,0,REFERENCE_CORPUS_INDEXED_NOT_NORMATIVE,REFERENCE_CONTEXT_ONLY
CGP006-ALLOC-0407,CGP005-RC-0407,CGSRC-ATLAS-0305,ES-CG-00,ES-CG-00;ES-CG-01;ES-CG-13;ES-CG-10,CGP005_REFERENCE_CORPUS_ROW,0,REFERENCE_CORPUS_INDEXED_NOT_NORMATIVE,REFERENCE_CONTEXT_ONLY
CGP006-ALLOC-0408,CGP005-RC-0408,CGSRC-ATLAS-0306,ES-CG-00,ES-CG-00;ES-CG-01;ES-CG-13;ES-CG-10,CGP005_REFERENCE_CORPUS_ROW,0,REFERENCE_CORPUS_INDEXED_NOT_NORMATIVE,REFERENCE_CONTEXT_ONLY
CGP006-ALLOC-0409,CGP005-RC-0409,CGSRC-ATLAS-0307,ES-CG-00,ES-CG-00;ES-CG-01;ES-CG-13;ES-CG-10,CGP005_REFERENCE_CORPUS_ROW,0,REFERENCE_CORPUS_INDEXED_NOT_NORMATIVE,REFERENCE_CONTEXT_ONLY
CGP006-ALLOC-0410,CGP005-RC-0410,CGSRC-ATLAS-0308,ES-CG-00,ES-CG-00;ES-CG-01;ES-CG-13;ES-CG-10,CGP005_REFERENCE_CORPUS_ROW,0,REFERENCE_CORPUS_INDEXED_NOT_NORMATIVE,REFERENCE_CONTEXT_ONLY
CGP006-ALLOC-0411,CGP005-RC-0411,CGSRC-ATLAS-0309,ES-CG-00,ES-CG-00;ES-CG-01;ES-CG-13;ES-CG-10,CGP005_REFERENCE_CORPUS_ROW,0,REFERENCE_CORPUS_INDEXED_NOT_NORMATIVE,REFERENCE_CONTEXT_ONLY
CGP006-ALLOC-0412,CGP005-RC-0412,CGSRC-ATLAS-0310,ES-CG-00,ES-CG-00;ES-CG-01;ES-CG-13;ES-CG-10,CGP005_REFERENCE_CORPUS_ROW,0,REFERENCE_CORPUS_INDEXED_NOT_NORMATIVE,REFERENCE_CONTEXT_ONLY
CGP006-ALLOC-0413,CGP005-RC-0413,CGSRC-ATLAS-0311,ES-CG-00,ES-CG-00;ES-CG-01;ES-CG-13;ES-CG-10,CGP005_REFERENCE_CORPUS_ROW,0,REFERENCE_CORPUS_INDEXED_NOT_NORMATIVE,REFERENCE_CONTEXT_ONLY
CGP006-ALLOC-0414,CGP005-RC-0414,CGSRC-ATLAS-0312,ES-CG-00,ES-CG-00;ES-CG-01;ES-CG-13;ES-CG-10,CGP005_REFERENCE_CORPUS_ROW,0,REFERENCE_CORPUS_INDEXED_NOT_NORMATIVE,REFERENCE_CONTEXT_ONLY
CGP006-ALLOC-0415,CGP005-RC-0415,CGSRC-ATLAS-0313,ES-CG-00,ES-CG-00;ES-CG-01;ES-CG-13;ES-CG-10,CGP005_REFERENCE_CORPUS_ROW,0,REFERENCE_CORPUS_INDEXED_NOT_NORMATIVE,REFERENCE_CONTEXT_ONLY
CGP006-ALLOC-0416,CGP005-RC-0416,CGSRC-ATLAS-0314,ES-CG-00,ES-CG-00;ES-CG-01;ES-CG-13;ES-CG-10,CGP005_REFERENCE_CORPUS_ROW,0,REFERENCE_CORPUS_INDEXED_NOT_NORMATIVE,REFERENCE_CONTEXT_ONLY
CGP006-ALLOC-0417,CGP005-RC-0417,CGSRC-ATLAS-0315,ES-CG-00,ES-CG-00;ES-CG-01;ES-CG-13;ES-CG-10,CGP005_REFERENCE_CORPUS_ROW,0,REFERENCE_CORPUS_INDEXED_NOT_NORMATIVE,REFERENCE_CONTEXT_ONLY
CGP006-ALLOC-0418,CGP005-RC-0418,CGSRC-ATLAS-0316,ES-CG-00,ES-CG-00;ES-CG-01;ES-CG-13;ES-CG-10,CGP005_REFERENCE_CORPUS_ROW,0,REFERENCE_CORPUS_INDEXED_NOT_NORMATIVE,REFERENCE_CONTEXT_ONLY
CGP006-ALLOC-0419,CGP005-RC-0419,CGSRC-ATLAS-0317,ES-CG-00,ES-CG-00;ES-CG-01;ES-CG-13;ES-CG-10,CGP005_REFERENCE_CORPUS_ROW,0,REFERENCE_CORPUS_INDEXED_NOT_NORMATIVE,REFERENCE_CONTEXT_ONLY
CGP006-ALLOC-0420,CGP005-RC-0420,CGSRC-ATLAS-0318,ES-CG-00,ES-CG-00;ES-CG-01;ES-CG-13;ES-CG-10,CGP005_REFERENCE_CORPUS_ROW,0,REFERENCE_CORPUS_INDEXED_NOT_NORMATIVE,REFERENCE_CONTEXT_ONLY
CGP006-ALLOC-0421,CGP005-RC-0421,CGSRC-ATLAS-0319,ES-CG-00,ES-CG-00;ES-CG-01;ES-CG-13;ES-CG-10,CGP005_REFERENCE_CORPUS_ROW,0,REFERENCE_CORPUS_INDEXED_NOT_NORMATIVE,REFERENCE_CONTEXT_ONLY
CGP006-ALLOC-0422,CGP005-RC-0422,CGSRC-ATLAS-0320,ES-CG-00,ES-CG-00;ES-CG-01;ES-CG-13;ES-CG-10,CGP005_REFERENCE_CORPUS_ROW,0,REFERENCE_CORPUS_INDEXED_NOT_NORMATIVE,REFERENCE_CONTEXT_ONLY
CGP006-ALLOC-0423,CGP005-RC-0423,CGSRC-ATLAS-0321,ES-CG-00,ES-CG-00;ES-CG-01;ES-CG-13;ES-CG-10,CGP005_REFERENCE_CORPUS_ROW,0,REFERENCE_CORPUS_INDEXED_NOT_NORMATIVE,REFERENCE_CONTEXT_ONLY
CGP006-ALLOC-0424,CGP005-RC-0424,CGSRC-ATLAS-0322,ES-CG-00,ES-CG-00;ES-CG-01;ES-CG-13;ES-CG-10,CGP005_REFERENCE_CORPUS_ROW,0,REFERENCE_CORPUS_INDEXED_NOT_NORMATIVE,REFERENCE_CONTEXT_ONLY
CGP006-ALLOC-0425,CGP005-RC-0425,CGSRC-ATLAS-0323,ES-CG-00,ES-CG-00;ES-CG-01;ES-CG-13;ES-CG-10,CGP005_REFERENCE_CORPUS_ROW,0,REFERENCE_CORPUS_INDEXED_NOT_NORMATIVE,REFERENCE_CONTEXT_ONLY
CGP006-ALLOC-0426,CGP005-RC-0426,CGSRC-ATLAS-0324,ES-CG-00,ES-CG-00;ES-CG-01;ES-CG-13;ES-CG-10,CGP005_REFERENCE_CORPUS_ROW,0,REFERENCE_CORPUS_INDEXED_NOT_NORMATIVE,REFERENCE_CONTEXT_ONLY
CGP006-ALLOC-0427,CGP005-RC-0427,CGSRC-ATLAS-0325,ES-CG-00,ES-CG-00;ES-CG-01;ES-CG-13;ES-CG-10,CGP005_REFERENCE_CORPUS_ROW,0,REFERENCE_CORPUS_INDEXED_NOT_NORMATIVE,REFERENCE_CONTEXT_ONLY
CGP006-ALLOC-0428,CGP005-RC-0428,CGSRC-ATLAS-0326,ES-CG-00,ES-CG-00;ES-CG-01;ES-CG-13;ES-CG-10,CGP005_REFERENCE_CORPUS_ROW,0,REFERENCE_CORPUS_INDEXED_NOT_NORMATIVE,REFERENCE_CONTEXT_ONLY
CGP006-ALLOC-0429,CGP005-RC-0429,CGSRC-ATLAS-0327,ES-CG-00,ES-CG-00;ES-CG-01;ES-CG-13;ES-CG-10,CGP005_REFERENCE_CORPUS_ROW,0,REFERENCE_CORPUS_INDEXED_NOT_NORMATIVE,REFERENCE_CONTEXT_ONLY
CGP006-ALLOC-0430,CGP005-RC-0430,CGSRC-ATLAS-0328,ES-CG-00,ES-CG-00;ES-CG-01;ES-CG-13;ES-CG-10,CGP005_REFERENCE_CORPUS_ROW,0,REFERENCE_CORPUS_INDEXED_NOT_NORMATIVE,REFERENCE_CONTEXT_ONLY
CGP006-ALLOC-0431,CGP005-RC-0431,CGSRC-ATLAS-0329,ES-CG-00,ES-CG-00;ES-CG-01;ES-CG-13;ES-CG-10,CGP005_REFERENCE_CORPUS_ROW,0,REFERENCE_CORPUS_INDEXED_NOT_NORMATIVE,REFERENCE_CONTEXT_ONLY
CGP006-ALLOC-0432,CGP005-RC-0432,CGSRC-ATLAS-0330,ES-CG-00,ES-CG-00;ES-CG-01;ES-CG-13;ES-CG-10,CGP005_REFERENCE_CORPUS_ROW,0,REFERENCE_CORPUS_INDEXED_NOT_NORMATIVE,REFERENCE_CONTEXT_ONLY
CGP006-ALLOC-0433,CGP005-RC-0433,CGSRC-ATLAS-0331,ES-CG-00,ES-CG-00;ES-CG-01;ES-CG-13;ES-CG-10,CGP005_REFERENCE_CORPUS_ROW,0,REFERENCE_CORPUS_INDEXED_NOT_NORMATIVE,REFERENCE_CONTEXT_ONLY
CGP006-ALLOC-0434,CGP005-RC-0434,CGSRC-ATLAS-0332,ES-CG-00,ES-CG-00;ES-CG-01;ES-CG-13;ES-CG-10,CGP005_REFERENCE_CORPUS_ROW,0,REFERENCE_CORPUS_INDEXED_NOT_NORMATIVE,REFERENCE_CONTEXT_ONLY
CGP006-ALLOC-0435,CGP005-RC-0435,CGSRC-ATLAS-0333,ES-CG-00,ES-CG-00;ES-CG-01;ES-CG-13;ES-CG-10,CGP005_REFERENCE_CORPUS_ROW,0,REFERENCE_CORPUS_INDEXED_NOT_NORMATIVE,REFERENCE_CONTEXT_ONLY
CGP006-ALLOC-0436,CGP005-RC-0436,CGSRC-ATLAS-0334,ES-CG-00,ES-CG-00;ES-CG-01;ES-CG-13;ES-CG-10,CGP005_REFERENCE_CORPUS_ROW,0,REFERENCE_CORPUS_INDEXED_NOT_NORMATIVE,REFERENCE_CONTEXT_ONLY
CGP006-ALLOC-0437,CGP005-RC-0437,CGSRC-ATLAS-0335,ES-CG-00,ES-CG-00;ES-CG-01;ES-CG-13;ES-CG-10,CGP005_REFERENCE_CORPUS_ROW,0,REFERENCE_CORPUS_INDEXED_NOT_NORMATIVE,REFERENCE_CONTEXT_ONLY
CGP006-ALLOC-0438,CGP005-RC-0438,CGSRC-ATLAS-0336,ES-CG-00,ES-CG-00;ES-CG-01;ES-CG-13;ES-CG-10,CGP005_REFERENCE_CORPUS_ROW,0,REFERENCE_CORPUS_INDEXED_NOT_NORMATIVE,REFERENCE_CONTEXT_ONLY
CGP006-ALLOC-0439,CGP005-RC-0439,CGSRC-ATLAS-0337,ES-CG-00,ES-CG-00;ES-CG-01;ES-CG-13;ES-CG-10,CGP005_REFERENCE_CORPUS_ROW,0,REFERENCE_CORPUS_INDEXED_NOT_NORMATIVE,REFERENCE_CONTEXT_ONLY
CGP006-ALLOC-0440,CGP005-RC-0440,CGSRC-ATLAS-0338,ES-CG-00,ES-CG-00;ES-CG-01;ES-CG-13;ES-CG-10,CGP005_REFERENCE_CORPUS_ROW,0,REFERENCE_CORPUS_INDEXED_NOT_NORMATIVE,REFERENCE_CONTEXT_ONLY
CGP006-ALLOC-0441,CGP005-RC-0441,CGSRC-ATLAS-0339,ES-CG-00,ES-CG-00;ES-CG-01;ES-CG-13;ES-CG-10,CGP005_REFERENCE_CORPUS_ROW,0,REFERENCE_CORPUS_INDEXED_NOT_NORMATIVE,REFERENCE_CONTEXT_ONLY
CGP006-ALLOC-0442,CGP005-RC-0442,CGSRC-ATLAS-0340,ES-CG-00,ES-CG-00;ES-CG-01;ES-CG-13;ES-CG-10,CGP005_REFERENCE_CORPUS_ROW,0,REFERENCE_CORPUS_INDEXED_NOT_NORMATIVE,REFERENCE_CONTEXT_ONLY
CGP006-ALLOC-0443,CGP005-RC-0443,CGSRC-ATLAS-0341,ES-CG-00,ES-CG-00;ES-CG-01;ES-CG-13;ES-CG-10,CGP005_REFERENCE_CORPUS_ROW,0,REFERENCE_CORPUS_INDEXED_NOT_NORMATIVE,REFERENCE_CONTEXT_ONLY
CGP006-ALLOC-0444,CGP005-RC-0444,CGSRC-ATLAS-0342,ES-CG-00,ES-CG-00;ES-CG-01;ES-CG-13;ES-CG-10,CGP005_REFERENCE_CORPUS_ROW,0,REFERENCE_CORPUS_INDEXED_NOT_NORMATIVE,REFERENCE_CONTEXT_ONLY
CGP006-ALLOC-0445,CGP005-RC-0445,CGSRC-ATLAS-0343,ES-CG-00,ES-CG-00;ES-CG-01;ES-CG-13;ES-CG-10,CGP005_REFERENCE_CORPUS_ROW,0,REFERENCE_CORPUS_INDEXED_NOT_NORMATIVE,REFERENCE_CONTEXT_ONLY
CGP006-ALLOC-0446,CGP005-RC-0446,CGSRC-ATLAS-0344,ES-CG-00,ES-CG-00;ES-CG-01;ES-CG-13;ES-CG-10,CGP005_REFERENCE_CORPUS_ROW,0,REFERENCE_CORPUS_INDEXED_NOT_NORMATIVE,REFERENCE_CONTEXT_ONLY
CGP006-ALLOC-0447,CGP005-RC-0447,CGSRC-ATLAS-0345,ES-CG-00,ES-CG-00;ES-CG-01;ES-CG-13;ES-CG-10,CGP005_REFERENCE_CORPUS_ROW,0,REFERENCE_CORPUS_INDEXED_NOT_NORMATIVE,REFERENCE_CONTEXT_ONLY
CGP006-ALLOC-0448,CGP005-RC-0448,CGSRC-ATLAS-0346,ES-CG-00,ES-CG-00;ES-CG-01;ES-CG-13;ES-CG-10,CGP005_REFERENCE_CORPUS_ROW,0,REFERENCE_CORPUS_INDEXED_NOT_NORMATIVE,REFERENCE_CONTEXT_ONLY
CGP006-ALLOC-0449,CGP005-RC-0449,CGSRC-ATLAS-0347,ES-CG-00,ES-CG-00;ES-CG-01;ES-CG-13;ES-CG-10,CGP005_REFERENCE_CORPUS_ROW,0,REFERENCE_CORPUS_INDEXED_NOT_NORMATIVE,REFERENCE_CONTEXT_ONLY
CGP006-ALLOC-0450,CGP005-RC-0450,CGSRC-ATLAS-0348,ES-CG-00,ES-CG-00;ES-CG-01;ES-CG-13;ES-CG-10,CGP005_REFERENCE_CORPUS_ROW,0,REFERENCE_CORPUS_INDEXED_NOT_NORMATIVE,REFERENCE_CONTEXT_ONLY
CGP006-ALLOC-0451,CGP005-RC-0451,CGSRC-ATLAS-0349,ES-CG-00,ES-CG-00;ES-CG-01;ES-CG-13;ES-CG-10,CGP005_REFERENCE_CORPUS_ROW,0,REFERENCE_CORPUS_INDEXED_NOT_NORMATIVE,REFERENCE_CONTEXT_ONLY
CGP006-ALLOC-0452,CGP005-RC-0452,CGSRC-ATLAS-0350,ES-CG-00,ES-CG-00;ES-CG-01;ES-CG-13;ES-CG-10,CGP005_REFERENCE_CORPUS_ROW,0,REFERENCE_CORPUS_INDEXED_NOT_NORMATIVE,REFERENCE_CONTEXT_ONLY
CGP006-ALLOC-0453,CGP005-RC-0453,CGSRC-ATLAS-0351,ES-CG-00,ES-CG-00;ES-CG-01;ES-CG-13;ES-CG-10,CGP005_REFERENCE_CORPUS_ROW,0,REFERENCE_CORPUS_INDEXED_NOT_NORMATIVE,REFERENCE_CONTEXT_ONLY
CGP006-ALLOC-0454,CGP005-RC-0454,CGSRC-ATLAS-0352,ES-CG-00,ES-CG-00;ES-CG-01;ES-CG-13;ES-CG-10,CGP005_REFERENCE_CORPUS_ROW,0,REFERENCE_CORPUS_INDEXED_NOT_NORMATIVE,REFERENCE_CONTEXT_ONLY
CGP006-ALLOC-0455,CGP005-RC-0455,CGSRC-ATLAS-0353,ES-CG-00,ES-CG-00;ES-CG-01;ES-CG-13;ES-CG-10,CGP005_REFERENCE_CORPUS_ROW,0,REFERENCE_CORPUS_INDEXED_NOT_NORMATIVE,REFERENCE_CONTEXT_ONLY
CGP006-ALLOC-0456,CGP005-RC-0456,CGSRC-ATLAS-0354,ES-CG-00,ES-CG-00;ES-CG-01;ES-CG-13;ES-CG-10,CGP005_REFERENCE_CORPUS_ROW,0,REFERENCE_CORPUS_INDEXED_NOT_NORMATIVE,REFERENCE_CONTEXT_ONLY
CGP006-ALLOC-0457,CGP005-RC-0457,CGSRC-ATLAS-0355,ES-CG-00,ES-CG-00;ES-CG-01;ES-CG-13;ES-CG-10,CGP005_REFERENCE_CORPUS_ROW,0,REFERENCE_CORPUS_INDEXED_NOT_NORMATIVE,REFERENCE_CONTEXT_ONLY
CGP006-ALLOC-0458,CGP005-RC-0458,CGSRC-ATLAS-0356,ES-CG-00,ES-CG-00;ES-CG-01;ES-CG-13;ES-CG-10,CGP005_REFERENCE_CORPUS_ROW,0,REFERENCE_CORPUS_INDEXED_NOT_NORMATIVE,REFERENCE_CONTEXT_ONLY
CGP006-ALLOC-0459,CGP005-RC-0459,CGSRC-ATLAS-0357,ES-CG-00,ES-CG-00;ES-CG-01;ES-CG-13;ES-CG-10,CGP005_REFERENCE_CORPUS_ROW,0,REFERENCE_CORPUS_INDEXED_NOT_NORMATIVE,REFERENCE_CONTEXT_ONLY
CGP006-ALLOC-0460,CGP005-RC-0460,CGSRC-ATLAS-0358,ES-CG-00,ES-CG-00;ES-CG-01;ES-CG-13;ES-CG-10,CGP005_REFERENCE_CORPUS_ROW,0,REFERENCE_CORPUS_INDEXED_NOT_NORMATIVE,REFERENCE_CONTEXT_ONLY
CGP006-ALLOC-0461,CGP005-RC-0461,CGSRC-ATLAS-0359,ES-CG-00,ES-CG-00;ES-CG-01;ES-CG-13;ES-CG-10,CGP005_REFERENCE_CORPUS_ROW,0,REFERENCE_CORPUS_INDEXED_NOT_NORMATIVE,REFERENCE_CONTEXT_ONLY
CGP006-ALLOC-0462,CGP005-RC-0462,CGSRC-ATLAS-0360,ES-CG-00,ES-CG-00;ES-CG-01;ES-CG-13;ES-CG-10,CGP005_REFERENCE_CORPUS_ROW,0,REFERENCE_CORPUS_INDEXED_NOT_NORMATIVE,REFERENCE_CONTEXT_ONLY
CGP006-ALLOC-0463,CGP005-RC-0463,CGSRC-ATLAS-0361,ES-CG-00,ES-CG-00;ES-CG-01;ES-CG-13;ES-CG-10,CGP005_REFERENCE_CORPUS_ROW,0,REFERENCE_CORPUS_INDEXED_NOT_NORMATIVE,REFERENCE_CONTEXT_ONLY
CGP006-ALLOC-0464,CGP005-RC-0464,CGSRC-ATLAS-0362,ES-CG-00,ES-CG-00;ES-CG-01;ES-CG-13;ES-CG-10,CGP005_REFERENCE_CORPUS_ROW,0,REFERENCE_CORPUS_INDEXED_NOT_NORMATIVE,REFERENCE_CONTEXT_ONLY
CGP006-ALLOC-0465,CGP005-RC-0465,CGSRC-ATLAS-0363,ES-CG-00,ES-CG-00;ES-CG-01;ES-CG-13;ES-CG-10,CGP005_REFERENCE_CORPUS_ROW,0,REFERENCE_CORPUS_INDEXED_NOT_NORMATIVE,REFERENCE_CONTEXT_ONLY
CGP006-ALLOC-0466,CGP005-RC-0466,CGSRC-ATLAS-0364,ES-CG-00,ES-CG-00;ES-CG-01;ES-CG-13;ES-CG-10,CGP005_REFERENCE_CORPUS_ROW,0,REFERENCE_CORPUS_INDEXED_NOT_NORMATIVE,REFERENCE_CONTEXT_ONLY
CGP006-ALLOC-0467,CGP005-RC-0467,CGSRC-ATLAS-0365,ES-CG-00,ES-CG-00;ES-CG-01;ES-CG-13;ES-CG-10,CGP005_REFERENCE_CORPUS_ROW,0,REFERENCE_CORPUS_INDEXED_NOT_NORMATIVE,REFERENCE_CONTEXT_ONLY
CGP006-ALLOC-0468,CGP005-RC-0468,CGSRC-ATLAS-0366,ES-CG-00,ES-CG-00;ES-CG-01;ES-CG-13;ES-CG-10,CGP005_REFERENCE_CORPUS_ROW,0,REFERENCE_CORPUS_INDEXED_NOT_NORMATIVE,REFERENCE_CONTEXT_ONLY
CGP006-ALLOC-0469,CGP005-RC-0469,CGSRC-ATLAS-0367,ES-CG-00,ES-CG-00;ES-CG-01;ES-CG-13;ES-CG-10,CGP005_REFERENCE_CORPUS_ROW,0,REFERENCE_CORPUS_INDEXED_NOT_NORMATIVE,REFERENCE_CONTEXT_ONLY
CGP006-ALLOC-0470,CGP005-RC-0470,CGSRC-ATLAS-0368,ES-CG-00,ES-CG-00;ES-CG-01;ES-CG-13;ES-CG-10,CGP005_REFERENCE_CORPUS_ROW,0,REFERENCE_CORPUS_INDEXED_NOT_NORMATIVE,REFERENCE_CONTEXT_ONLY
CGP006-ALLOC-0471,CGP005-RC-0471,CGSRC-ATLAS-0369,ES-CG-00,ES-CG-00;ES-CG-01;ES-CG-13;ES-CG-10,CGP005_REFERENCE_CORPUS_ROW,0,REFERENCE_CORPUS_INDEXED_NOT_NORMATIVE,REFERENCE_CONTEXT_ONLY
CGP006-ALLOC-0472,CGP005-RC-0472,CGSRC-ATLAS-0370,ES-CG-00,ES-CG-00;ES-CG-01;ES-CG-13;ES-CG-10,CGP005_REFERENCE_CORPUS_ROW,0,REFERENCE_CORPUS_INDEXED_NOT_NORMATIVE,REFERENCE_CONTEXT_ONLY
CGP006-ALLOC-0473,CGP005-RC-0473,CGSRC-ATLAS-0371,ES-CG-00,ES-CG-00;ES-CG-01;ES-CG-13;ES-CG-10,CGP005_REFERENCE_CORPUS_ROW,0,REFERENCE_CORPUS_INDEXED_NOT_NORMATIVE,REFERENCE_CONTEXT_ONLY
CGP006-ALLOC-0474,CGP005-RC-0474,CGSRC-ATLAS-0372,ES-CG-00,ES-CG-00;ES-CG-01;ES-CG-13;ES-CG-10,CGP005_REFERENCE_CORPUS_ROW,0,REFERENCE_CORPUS_INDEXED_NOT_NORMATIVE,REFERENCE_CONTEXT_ONLY
CGP006-ALLOC-0475,CGP005-RC-0475,CGSRC-ATLAS-0373,ES-CG-00,ES-CG-00;ES-CG-01;ES-CG-13;ES-CG-10,CGP005_REFERENCE_CORPUS_ROW,0,REFERENCE_CORPUS_INDEXED_NOT_NORMATIVE,REFERENCE_CONTEXT_ONLY
CGP006-ALLOC-0476,CGP005-RC-0476,CGSRC-ATLAS-0374,ES-CG-00,ES-CG-00;ES-CG-01;ES-CG-13;ES-CG-10,CGP005_REFERENCE_CORPUS_ROW,0,REFERENCE_CORPUS_INDEXED_NOT_NORMATIVE,REFERENCE_CONTEXT_ONLY
CGP006-ALLOC-0477,CGP005-RC-0477,CGSRC-ATLAS-0375,ES-CG-00,ES-CG-00;ES-CG-01;ES-CG-13;ES-CG-10,CGP005_REFERENCE_CORPUS_ROW,0,REFERENCE_CORPUS_INDEXED_NOT_NORMATIVE,REFERENCE_CONTEXT_ONLY
CGP006-ALLOC-0478,CGP005-RC-0478,CGSRC-ATLAS-0376,ES-CG-00,ES-CG-00;ES-CG-01;ES-CG-13;ES-CG-10,CGP005_REFERENCE_CORPUS_ROW,0,REFERENCE_CORPUS_INDEXED_NOT_NORMATIVE,REFERENCE_CONTEXT_ONLY
CGP006-ALLOC-0479,CGP005-RC-0479,CGSRC-ATLAS-0377,ES-CG-00,ES-CG-00;ES-CG-01;ES-CG-13;ES-CG-10,CGP005_REFERENCE_CORPUS_ROW,0,REFERENCE_CORPUS_INDEXED_NOT_NORMATIVE,REFERENCE_CONTEXT_ONLY
CGP006-ALLOC-0480,CGP005-RC-0480,CGSRC-ATLAS-0378,ES-CG-00,ES-CG-00;ES-CG-01;ES-CG-13;ES-CG-10,CGP005_REFERENCE_CORPUS_ROW,0,REFERENCE_CORPUS_INDEXED_NOT_NORMATIVE,REFERENCE_CONTEXT_ONLY
CGP006-ALLOC-0481,CGP005-RC-0481,CGSRC-ATLAS-0379,ES-CG-00,ES-CG-00;ES-CG-01;ES-CG-13;ES-CG-10,CGP005_REFERENCE_CORPUS_ROW,0,REFERENCE_CORPUS_INDEXED_NOT_NORMATIVE,REFERENCE_CONTEXT_ONLY
CGP006-ALLOC-0482,CGP005-RC-0482,CGSRC-ATLAS-0380,ES-CG-00,ES-CG-00;ES-CG-01;ES-CG-13;ES-CG-10,CGP005_REFERENCE_CORPUS_ROW,0,REFERENCE_CORPUS_INDEXED_NOT_NORMATIVE,REFERENCE_CONTEXT_ONLY
CGP006-ALLOC-0483,CGP005-RC-0483,CGSRC-ATLAS-0381,ES-CG-00,ES-CG-00;ES-CG-01;ES-CG-13;ES-CG-10,CGP005_REFERENCE_CORPUS_ROW,0,REFERENCE_CORPUS_INDEXED_NOT_NORMATIVE,REFERENCE_CONTEXT_ONLY
CGP006-ALLOC-0484,CGP005-RC-0484,CGSRC-ATLAS-0382,ES-CG-00,ES-CG-00;ES-CG-01;ES-CG-13;ES-CG-10,CGP005_REFERENCE_CORPUS_ROW,0,REFERENCE_CORPUS_INDEXED_NOT_NORMATIVE,REFERENCE_CONTEXT_ONLY
CGP006-ALLOC-0485,CGP005-RC-0485,CGSRC-ATLAS-0383,ES-CG-00,ES-CG-00;ES-CG-01;ES-CG-13;ES-CG-10,CGP005_REFERENCE_CORPUS_ROW,0,REFERENCE_CORPUS_INDEXED_NOT_NORMATIVE,REFERENCE_CONTEXT_ONLY
CGP006-ALLOC-0486,CGP005-RC-0486,CGSRC-ATLAS-0384,ES-CG-00,ES-CG-00;ES-CG-01;ES-CG-13;ES-CG-10,CGP005_REFERENCE_CORPUS_ROW,0,REFERENCE_CORPUS_INDEXED_NOT_NORMATIVE,REFERENCE_CONTEXT_ONLY
CGP006-ALLOC-0487,CGP005-RC-0487,CGSRC-ATLAS-0385,ES-CG-00,ES-CG-00;ES-CG-01;ES-CG-13;ES-CG-10,CGP005_REFERENCE_CORPUS_ROW,0,REFERENCE_CORPUS_INDEXED_NOT_NORMATIVE,REFERENCE_CONTEXT_ONLY
CGP006-ALLOC-0488,CGP005-RC-0488,CGSRC-ATLAS-0386,ES-CG-00,ES-CG-00;ES-CG-01;ES-CG-13;ES-CG-10,CGP005_REFERENCE_CORPUS_ROW,0,REFERENCE_CORPUS_INDEXED_NOT_NORMATIVE,REFERENCE_CONTEXT_ONLY
CGP006-ALLOC-0489,CGP005-RC-0489,CGSRC-ATLAS-0387,ES-CG-00,ES-CG-00;ES-CG-01;ES-CG-13;ES-CG-10,CGP005_REFERENCE_CORPUS_ROW,0,REFERENCE_CORPUS_INDEXED_NOT_NORMATIVE,REFERENCE_CONTEXT_ONLY
CGP006-ALLOC-0490,CGP005-RC-0490,CGSRC-ATLAS-0388,ES-CG-00,ES-CG-00;ES-CG-01;ES-CG-13;ES-CG-10,CGP005_REFERENCE_CORPUS_ROW,0,REFERENCE_CORPUS_INDEXED_NOT_NORMATIVE,REFERENCE_CONTEXT_ONLY
CGP006-ALLOC-0491,CGP005-RC-0491,CGSRC-ATLAS-0389,ES-CG-00,ES-CG-00;ES-CG-01;ES-CG-13,CGP005_REFERENCE_CORPUS_ROW,0,REFERENCE_CORPUS_INDEXED_NOT_NORMATIVE,REFERENCE_CONTEXT_ONLY
CGP006-ALLOC-0492,CGP005-RC-0492,CGSRC-ATLAS-0390,ES-CG-00,ES-CG-00;ES-CG-01;ES-CG-13;ES-CG-10,CGP005_REFERENCE_CORPUS_ROW,0,REFERENCE_CORPUS_INDEXED_NOT_NORMATIVE,REFERENCE_CONTEXT_ONLY
CGP006-ALLOC-0493,CGP005-RC-0493,CGSRC-ATLAS-0391,ES-CG-00,ES-CG-00;ES-CG-01;ES-CG-13;ES-CG-10,CGP005_REFERENCE_CORPUS_ROW,0,REFERENCE_CORPUS_INDEXED_NOT_NORMATIVE,REFERENCE_CONTEXT_ONLY
CGP006-ALLOC-0494,CGP005-RC-0494,CGSRC-ATLAS-0392,ES-CG-00,ES-CG-00;ES-CG-01;ES-CG-13;ES-CG-10,CGP005_REFERENCE_CORPUS_ROW,0,REFERENCE_CORPUS_INDEXED_NOT_NORMATIVE,REFERENCE_CONTEXT_ONLY
CGP006-ALLOC-0495,CGP005-RC-0495,CGSRC-ATLAS-0393,ES-CG-00,ES-CG-00;ES-CG-01;ES-CG-13,CGP005_REFERENCE_CORPUS_ROW,0,REFERENCE_CORPUS_INDEXED_NOT_NORMATIVE,REFERENCE_CONTEXT_ONLY
CGP006-ALLOC-0496,CGP005-RC-0496,CGSRC-ATLAS-0394,ES-CG-00,ES-CG-00;ES-CG-01;ES-CG-13,CGP005_REFERENCE_CORPUS_ROW,0,REFERENCE_CORPUS_INDEXED_NOT_NORMATIVE,REFERENCE_CONTEXT_ONLY
CGP006-ALLOC-0497,CGP005-RC-0497,CGSRC-ATLAS-0395,ES-CG-00,ES-CG-00;ES-CG-01;ES-CG-13;ES-CG-10,CGP005_REFERENCE_CORPUS_ROW,0,REFERENCE_CORPUS_INDEXED_NOT_NORMATIVE,REFERENCE_CONTEXT_ONLY
CGP006-ALLOC-0498,CGP005-RC-0498,CGSRC-ATLAS-0396,ES-CG-00,ES-CG-00;ES-CG-01;ES-CG-13,CGP005_REFERENCE_CORPUS_ROW,0,REFERENCE_CORPUS_INDEXED_NOT_NORMATIVE,REFERENCE_CONTEXT_ONLY
CGP006-ALLOC-0499,CGP005-RC-0499,CGSRC-ATLAS-0397,ES-CG-00,ES-CG-00;ES-CG-01;ES-CG-13,CGP005_REFERENCE_CORPUS_ROW,0,REFERENCE_CORPUS_INDEXED_NOT_NORMATIVE,REFERENCE_CONTEXT_ONLY
CGP006-ALLOC-0500,CGP005-RC-0500,CGSRC-ATLAS-0398,ES-CG-00,ES-CG-00;ES-CG-01;ES-CG-13,CGP005_REFERENCE_CORPUS_ROW,0,REFERENCE_CORPUS_INDEXED_NOT_NORMATIVE,REFERENCE_CONTEXT_ONLY
CGP006-ALLOC-0501,CGP005-RC-0501,CGSRC-ATLAS-0399,ES-CG-00,ES-CG-00;ES-CG-01;ES-CG-13;ES-CG-10,CGP005_REFERENCE_CORPUS_ROW,0,REFERENCE_CORPUS_INDEXED_NOT_NORMATIVE,REFERENCE_CONTEXT_ONLY
CGP006-ALLOC-0502,CGP005-RC-0502,CGSRC-ATLAS-0400,ES-CG-00,ES-CG-00;ES-CG-01;ES-CG-13,CGP005_REFERENCE_CORPUS_ROW,0,REFERENCE_CORPUS_INDEXED_NOT_NORMATIVE,REFERENCE_CONTEXT_ONLY
CGP006-ALLOC-0503,CGP005-RC-0503,CGSRC-ATLAS-0401,ES-CG-00,ES-CG-00;ES-CG-01;ES-CG-13,CGP005_REFERENCE_CORPUS_ROW,0,REFERENCE_CORPUS_INDEXED_NOT_NORMATIVE,REFERENCE_CONTEXT_ONLY
CGP006-ALLOC-0504,CGP005-RC-0504,CGSRC-ATLAS-0402,ES-CG-00,ES-CG-00;ES-CG-01;ES-CG-13,CGP005_REFERENCE_CORPUS_ROW,0,REFERENCE_CORPUS_INDEXED_NOT_NORMATIVE,REFERENCE_CONTEXT_ONLY
CGP006-ALLOC-0505,CGP005-RC-0505,CGSRC-ATLAS-0403,ES-CG-00,ES-CG-00;ES-CG-01;ES-CG-13,CGP005_REFERENCE_CORPUS_ROW,0,REFERENCE_CORPUS_INDEXED_NOT_NORMATIVE,REFERENCE_CONTEXT_ONLY
CGP006-ALLOC-0506,CGP005-RC-0506,CGSRC-ATLAS-0404,ES-CG-00,ES-CG-00;ES-CG-01;ES-CG-13,CGP005_REFERENCE_CORPUS_ROW,0,REFERENCE_CORPUS_INDEXED_NOT_NORMATIVE,REFERENCE_CONTEXT_ONLY
CGP006-ALLOC-0507,CGP005-RC-0507,CGSRC-ATLAS-0405,ES-CG-00,ES-CG-00;ES-CG-01;ES-CG-13,CGP005_REFERENCE_CORPUS_ROW,0,REFERENCE_CORPUS_INDEXED_NOT_NORMATIVE,REFERENCE_CONTEXT_ONLY
CGP006-ALLOC-0508,CGP005-RC-0508,CGSRC-ATLAS-0406,ES-CG-00,ES-CG-00;ES-CG-01;ES-CG-13,CGP005_REFERENCE_CORPUS_ROW,0,REFERENCE_CORPUS_INDEXED_NOT_NORMATIVE,REFERENCE_CONTEXT_ONLY
CGP006-ALLOC-0509,CGP005-RC-0509,CGSRC-ATLAS-0407,ES-CG-00,ES-CG-00;ES-CG-01;ES-CG-13,CGP005_REFERENCE_CORPUS_ROW,0,REFERENCE_CORPUS_INDEXED_NOT_NORMATIVE,REFERENCE_CONTEXT_ONLY
CGP006-ALLOC-0510,CGP005-RC-0510,CGSRC-ATLAS-0408,ES-CG-00,ES-CG-00;ES-CG-01;ES-CG-13;ES-CG-10,CGP005_REFERENCE_CORPUS_ROW,0,REFERENCE_CORPUS_INDEXED_NOT_NORMATIVE,REFERENCE_CONTEXT_ONLY
CGP006-ALLOC-0511,CGP005-RC-0511,CGSRC-ATLAS-0409,ES-CG-00,ES-CG-00;ES-CG-01;ES-CG-13;ES-CG-10,CGP005_REFERENCE_CORPUS_ROW,0,REFERENCE_CORPUS_INDEXED_NOT_NORMATIVE,REFERENCE_CONTEXT_ONLY
CGP006-ALLOC-0512,CGP005-RC-0512,CGSRC-ATLAS-0410,ES-CG-00,ES-CG-00;ES-CG-01;ES-CG-13;ES-CG-10,CGP005_REFERENCE_CORPUS_ROW,0,REFERENCE_CORPUS_INDEXED_NOT_NORMATIVE,REFERENCE_CONTEXT_ONLY
CGP006-ALLOC-0513,CGP005-RC-0513,CGSRC-ATLAS-0411,ES-CG-00,ES-CG-00;ES-CG-01;ES-CG-13,CGP005_REFERENCE_CORPUS_ROW,0,REFERENCE_CORPUS_INDEXED_NOT_NORMATIVE,REFERENCE_CONTEXT_ONLY
CGP006-ALLOC-0514,CGP005-RC-0514,CGSRC-ATLAS-0412,ES-CG-00,ES-CG-00;ES-CG-01;ES-CG-13,CGP005_REFERENCE_CORPUS_ROW,0,REFERENCE_CORPUS_INDEXED_NOT_NORMATIVE,REFERENCE_CONTEXT_ONLY
CGP006-ALLOC-0515,CGP005-RC-0515,CGSRC-ATLAS-0413,ES-CG-00,ES-CG-00;ES-CG-01;ES-CG-13,CGP005_REFERENCE_CORPUS_ROW,0,REFERENCE_CORPUS_INDEXED_NOT_NORMATIVE,REFERENCE_CONTEXT_ONLY
CGP006-ALLOC-0516,CGP005-RC-0516,CGSRC-ATLAS-0414,ES-CG-00,ES-CG-00;ES-CG-01;ES-CG-13,CGP005_REFERENCE_CORPUS_ROW,0,REFERENCE_CORPUS_INDEXED_NOT_NORMATIVE,REFERENCE_CONTEXT_ONLY
CGP006-ALLOC-0517,CGP005-RC-0517,CGSRC-ATLAS-0415,ES-CG-00,ES-CG-00;ES-CG-01;ES-CG-13,CGP005_REFERENCE_CORPUS_ROW,0,REFERENCE_CORPUS_INDEXED_NOT_NORMATIVE,REFERENCE_CONTEXT_ONLY
CGP006-ALLOC-0518,CGP005-RC-0518,CGSRC-ATLAS-0416,ES-CG-00,ES-CG-00;ES-CG-01;ES-CG-13,CGP005_REFERENCE_CORPUS_ROW,0,REFERENCE_CORPUS_INDEXED_NOT_NORMATIVE,REFERENCE_CONTEXT_ONLY
CGP006-ALLOC-0519,CGP005-RC-0519,CGSRC-ATLAS-0417,ES-CG-00,ES-CG-00;ES-CG-01;ES-CG-13,CGP005_REFERENCE_CORPUS_ROW,0,REFERENCE_CORPUS_INDEXED_NOT_NORMATIVE,REFERENCE_CONTEXT_ONLY
CGP006-ALLOC-0520,CGP005-RC-0520,CGSRC-ATLAS-0418,ES-CG-00,ES-CG-00;ES-CG-01;ES-CG-13,CGP005_REFERENCE_CORPUS_ROW,0,REFERENCE_CORPUS_INDEXED_NOT_NORMATIVE,REFERENCE_CONTEXT_ONLY
CGP006-ALLOC-0521,CGP005-RC-0521,CGSRC-ATLAS-0419,ES-CG-00,ES-CG-00;ES-CG-01;ES-CG-13;ES-CG-10,CGP005_REFERENCE_CORPUS_ROW,0,REFERENCE_CORPUS_INDEXED_NOT_NORMATIVE,REFERENCE_CONTEXT_ONLY
CGP006-ALLOC-0522,CGP005-RC-0522,CGSRC-ATLAS-0420,ES-CG-00,ES-CG-00;ES-CG-01;ES-CG-13,CGP005_REFERENCE_CORPUS_ROW,0,REFERENCE_CORPUS_INDEXED_NOT_NORMATIVE,REFERENCE_CONTEXT_ONLY
CGP006-ALLOC-0523,CGP005-RC-0523,CGSRC-ATLAS-0421,ES-CG-00,ES-CG-00;ES-CG-01;ES-CG-13,CGP005_REFERENCE_CORPUS_ROW,0,REFERENCE_CORPUS_INDEXED_NOT_NORMATIVE,REFERENCE_CONTEXT_ONLY
CGP006-ALLOC-0524,CGP005-RC-0524,CGSRC-ATLAS-0422,ES-CG-00,ES-CG-00;ES-CG-01;ES-CG-13,CGP005_REFERENCE_CORPUS_ROW,0,REFERENCE_CORPUS_INDEXED_NOT_NORMATIVE,REFERENCE_CONTEXT_ONLY
CGP006-ALLOC-0525,CGP005-RC-0525,CGSRC-ATLAS-0423,ES-CG-00,ES-CG-00;ES-CG-01;ES-CG-13,CGP005_REFERENCE_CORPUS_ROW,0,REFERENCE_CORPUS_INDEXED_NOT_NORMATIVE,REFERENCE_CONTEXT_ONLY
CGP006-ALLOC-0526,CGP005-RC-0526,CGSRC-ATLAS-0424,ES-CG-00,ES-CG-00;ES-CG-01;ES-CG-13,CGP005_REFERENCE_CORPUS_ROW,0,REFERENCE_CORPUS_INDEXED_NOT_NORMATIVE,REFERENCE_CONTEXT_ONLY
CGP006-ALLOC-0527,CGP005-RC-0527,CGSRC-ATLAS-0425,ES-CG-00,ES-CG-00;ES-CG-01;ES-CG-13,CGP005_REFERENCE_CORPUS_ROW,0,REFERENCE_CORPUS_INDEXED_NOT_NORMATIVE,REFERENCE_CONTEXT_ONLY
CGP006-ALLOC-0528,CGP005-RC-0528,CGSRC-ATLAS-0426,ES-CG-00,ES-CG-00;ES-CG-01;ES-CG-13;ES-CG-10,CGP005_REFERENCE_CORPUS_ROW,0,REFERENCE_CORPUS_INDEXED_NOT_NORMATIVE,REFERENCE_CONTEXT_ONLY
CGP006-ALLOC-0529,CGP005-RC-0529,CGSRC-ATLAS-0427,ES-CG-00,ES-CG-00;ES-CG-01;ES-CG-13,CGP005_REFERENCE_CORPUS_ROW,0,REFERENCE_CORPUS_INDEXED_NOT_NORMATIVE,REFERENCE_CONTEXT_ONLY
CGP006-ALLOC-0530,CGP005-RC-0530,CGSRC-ATLAS-0428,ES-CG-00,ES-CG-00;ES-CG-01;ES-CG-13,CGP005_REFERENCE_CORPUS_ROW,0,REFERENCE_CORPUS_INDEXED_NOT_NORMATIVE,REFERENCE_CONTEXT_ONLY
CGP006-ALLOC-0531,CGP005-RC-0531,CGSRC-ATLAS-0429,ES-CG-00,ES-CG-00;ES-CG-01;ES-CG-13,CGP005_REFERENCE_CORPUS_ROW,0,REFERENCE_CORPUS_INDEXED_NOT_NORMATIVE,REFERENCE_CONTEXT_ONLY
CGP006-ALLOC-0532,CGP005-RC-0532,CGSRC-ATLAS-0430,ES-CG-00,ES-CG-00;ES-CG-01;ES-CG-13,CGP005_REFERENCE_CORPUS_ROW,0,REFERENCE_CORPUS_INDEXED_NOT_NORMATIVE,REFERENCE_CONTEXT_ONLY
CGP006-ALLOC-0533,CGP005-RC-0533,CGSRC-ATLAS-0431,ES-CG-00,ES-CG-00;ES-CG-01;ES-CG-13,CGP005_REFERENCE_CORPUS_ROW,0,REFERENCE_CORPUS_INDEXED_NOT_NORMATIVE,REFERENCE_CONTEXT_ONLY
CGP006-ALLOC-0534,CGP005-RC-0534,CGSRC-ATLAS-0432,ES-CG-00,ES-CG-00;ES-CG-01;ES-CG-13,CGP005_REFERENCE_CORPUS_ROW,0,REFERENCE_CORPUS_INDEXED_NOT_NORMATIVE,REFERENCE_CONTEXT_ONLY
CGP006-ALLOC-0535,CGP005-RC-0535,CGSRC-ATLAS-0433,ES-CG-00,ES-CG-00;ES-CG-01;ES-CG-13,CGP005_REFERENCE_CORPUS_ROW,0,REFERENCE_CORPUS_INDEXED_NOT_NORMATIVE,REFERENCE_CONTEXT_ONLY
CGP006-ALLOC-0536,CGP005-RC-0536,CGSRC-ATLAS-0434,ES-CG-00,ES-CG-00;ES-CG-01;ES-CG-13,CGP005_REFERENCE_CORPUS_ROW,0,REFERENCE_CORPUS_INDEXED_NOT_NORMATIVE,REFERENCE_CONTEXT_ONLY
CGP006-ALLOC-0537,CGP005-RC-0537,CGSRC-ATLAS-0435,ES-CG-00,ES-CG-00;ES-CG-01;ES-CG-13,CGP005_REFERENCE_CORPUS_ROW,0,REFERENCE_CORPUS_INDEXED_NOT_NORMATIVE,REFERENCE_CONTEXT_ONLY
CGP006-ALLOC-0538,CGP005-RC-0538,CGSRC-ATLAS-0436,ES-CG-00,ES-CG-00;ES-CG-01;ES-CG-13,CGP005_REFERENCE_CORPUS_ROW,0,REFERENCE_CORPUS_INDEXED_NOT_NORMATIVE,REFERENCE_CONTEXT_ONLY
CGP006-ALLOC-0539,CGP005-RC-0539,CGSRC-ATLAS-0437,ES-CG-00,ES-CG-00;ES-CG-01;ES-CG-13,CGP005_REFERENCE_CORPUS_ROW,0,REFERENCE_CORPUS_INDEXED_NOT_NORMATIVE,REFERENCE_CONTEXT_ONLY
CGP006-ALLOC-0540,CGP005-RC-0540,CGSRC-ATLAS-0438,ES-CG-00,ES-CG-00;ES-CG-01;ES-CG-13,CGP005_REFERENCE_CORPUS_ROW,0,REFERENCE_CORPUS_INDEXED_NOT_NORMATIVE,REFERENCE_CONTEXT_ONLY
CGP006-ALLOC-0541,CGP005-RC-0541,CGSRC-ATLAS-0439,ES-CG-00,ES-CG-00;ES-CG-01;ES-CG-13;ES-CG-10,CGP005_REFERENCE_CORPUS_ROW,0,REFERENCE_CORPUS_INDEXED_NOT_NORMATIVE,REFERENCE_CONTEXT_ONLY
CGP006-ALLOC-0542,CGP005-RC-0542,CGSRC-ATLAS-0440,ES-CG-00,ES-CG-00;ES-CG-01;ES-CG-13;ES-CG-10,CGP005_REFERENCE_CORPUS_ROW,0,REFERENCE_CORPUS_INDEXED_NOT_NORMATIVE,REFERENCE_CONTEXT_ONLY
CGP006-ALLOC-0543,CGP005-RC-0543,CGSRC-ATLAS-0441,ES-CG-00,ES-CG-00;ES-CG-01;ES-CG-13,CGP005_REFERENCE_CORPUS_ROW,0,REFERENCE_CORPUS_INDEXED_NOT_NORMATIVE,REFERENCE_CONTEXT_ONLY
CGP006-ALLOC-0544,CGP005-RC-0544,CGSRC-ATLAS-0442,ES-CG-00,ES-CG-00;ES-CG-01;ES-CG-13;ES-CG-10,CGP005_REFERENCE_CORPUS_ROW,0,REFERENCE_CORPUS_INDEXED_NOT_NORMATIVE,REFERENCE_CONTEXT_ONLY
CGP006-ALLOC-0545,CGP005-RC-0545,CGSRC-ATLAS-0443,ES-CG-00,ES-CG-00;ES-CG-01;ES-CG-13,CGP005_REFERENCE_CORPUS_ROW,0,REFERENCE_CORPUS_INDEXED_NOT_NORMATIVE,REFERENCE_CONTEXT_ONLY
CGP006-ALLOC-0546,CGP005-RC-0546,CGSRC-ATLAS-0444,ES-CG-00,ES-CG-00;ES-CG-01;ES-CG-13,CGP005_REFERENCE_CORPUS_ROW,0,REFERENCE_CORPUS_INDEXED_NOT_NORMATIVE,REFERENCE_CONTEXT_ONLY
CGP006-ALLOC-0547,CGP005-RC-0547,CGSRC-ATLAS-0445,ES-CG-00,ES-CG-00;ES-CG-01;ES-CG-13;ES-CG-10,CGP005_REFERENCE_CORPUS_ROW,0,REFERENCE_CORPUS_INDEXED_NOT_NORMATIVE,REFERENCE_CONTEXT_ONLY
CGP006-ALLOC-0548,CGP005-RC-0548,CGSRC-ATLAS-0446,ES-CG-00,ES-CG-00;ES-CG-01;ES-CG-13,CGP005_REFERENCE_CORPUS_ROW,0,REFERENCE_CORPUS_INDEXED_NOT_NORMATIVE,REFERENCE_CONTEXT_ONLY
CGP006-ALLOC-0549,CGP005-RC-0549,CGSRC-ATLAS-0447,ES-CG-00,ES-CG-00;ES-CG-01;ES-CG-13,CGP005_REFERENCE_CORPUS_ROW,0,REFERENCE_CORPUS_INDEXED_NOT_NORMATIVE,REFERENCE_CONTEXT_ONLY
CGP006-ALLOC-0550,CGP005-RC-0550,CGSRC-ATLAS-0448,ES-CG-00,ES-CG-00;ES-CG-01;ES-CG-13,CGP005_REFERENCE_CORPUS_ROW,0,REFERENCE_CORPUS_INDEXED_NOT_NORMATIVE,REFERENCE_CONTEXT_ONLY
CGP006-ALLOC-0551,CGP005-RC-0551,CGSRC-ATLAS-0449,ES-CG-00,ES-CG-00;ES-CG-01;ES-CG-13,CGP005_REFERENCE_CORPUS_ROW,0,REFERENCE_CORPUS_INDEXED_NOT_NORMATIVE,REFERENCE_CONTEXT_ONLY
CGP006-ALLOC-0552,CGP005-RC-0552,CGSRC-ATLAS-0450,ES-CG-00,ES-CG-00;ES-CG-01;ES-CG-13;ES-CG-10,CGP005_REFERENCE_CORPUS_ROW,0,REFERENCE_CORPUS_INDEXED_NOT_NORMATIVE,REFERENCE_CONTEXT_ONLY
CGP006-ALLOC-0553,CGP005-RC-0553,CGSRC-ATLAS-0451,ES-CG-00,ES-CG-00;ES-CG-01;ES-CG-13,CGP005_REFERENCE_CORPUS_ROW,0,REFERENCE_CORPUS_INDEXED_NOT_NORMATIVE,REFERENCE_CONTEXT_ONLY
CGP006-ALLOC-0554,CGP005-RC-0554,CGSRC-ATLAS-0452,ES-CG-00,ES-CG-00;ES-CG-01;ES-CG-13;ES-CG-10,CGP005_REFERENCE_CORPUS_ROW,0,REFERENCE_CORPUS_INDEXED_NOT_NORMATIVE,REFERENCE_CONTEXT_ONLY
CGP006-ALLOC-0555,CGP005-RC-0555,CGSRC-ATLAS-0453,ES-CG-00,ES-CG-00;ES-CG-01;ES-CG-13;ES-CG-10,CGP005_REFERENCE_CORPUS_ROW,0,REFERENCE_CORPUS_INDEXED_NOT_NORMATIVE,REFERENCE_CONTEXT_ONLY
CGP006-ALLOC-0556,CGP005-RC-0556,CGSRC-ATLAS-0454,ES-CG-00,ES-CG-00;ES-CG-01;ES-CG-13,CGP005_REFERENCE_CORPUS_ROW,0,REFERENCE_CORPUS_INDEXED_NOT_NORMATIVE,REFERENCE_CONTEXT_ONLY
CGP006-ALLOC-0557,CGP005-RC-0557,CGSRC-ATLAS-0455,ES-CG-00,ES-CG-00;ES-CG-01;ES-CG-13,CGP005_REFERENCE_CORPUS_ROW,0,REFERENCE_CORPUS_INDEXED_NOT_NORMATIVE,REFERENCE_CONTEXT_ONLY
CGP006-ALLOC-0558,CGP005-RC-0558,CGSRC-ATLAS-0456,ES-CG-00,ES-CG-00;ES-CG-01;ES-CG-13,CGP005_REFERENCE_CORPUS_ROW,0,REFERENCE_CORPUS_INDEXED_NOT_NORMATIVE,REFERENCE_CONTEXT_ONLY
CGP006-ALLOC-0559,CGP005-RC-0559,CGSRC-ATLAS-0457,ES-CG-00,ES-CG-00;ES-CG-01;ES-CG-13,CGP005_REFERENCE_CORPUS_ROW,0,REFERENCE_CORPUS_INDEXED_NOT_NORMATIVE,REFERENCE_CONTEXT_ONLY
CGP006-ALLOC-0560,CGP005-RC-0560,CGSRC-ATLAS-0458,ES-CG-00,ES-CG-00;ES-CG-01;ES-CG-13,CGP005_REFERENCE_CORPUS_ROW,0,REFERENCE_CORPUS_INDEXED_NOT_NORMATIVE,REFERENCE_CONTEXT_ONLY
CGP006-ALLOC-0561,CGP005-RC-0561,CGSRC-ATLAS-0459,ES-CG-00,ES-CG-00;ES-CG-01;ES-CG-13,CGP005_REFERENCE_CORPUS_ROW,0,REFERENCE_CORPUS_INDEXED_NOT_NORMATIVE,REFERENCE_CONTEXT_ONLY
CGP006-ALLOC-0562,CGP005-RC-0562,CGSRC-ATLAS-0460,ES-CG-00,ES-CG-00;ES-CG-01;ES-CG-13,CGP005_REFERENCE_CORPUS_ROW,0,REFERENCE_CORPUS_INDEXED_NOT_NORMATIVE,REFERENCE_CONTEXT_ONLY
CGP006-ALLOC-0563,CGP005-RC-0563,CGSRC-ATLAS-0461,ES-CG-00,ES-CG-00;ES-CG-01;ES-CG-13,CGP005_REFERENCE_CORPUS_ROW,0,REFERENCE_CORPUS_INDEXED_NOT_NORMATIVE,REFERENCE_CONTEXT_ONLY
CGP006-ALLOC-0564,CGP005-RC-0564,CGSRC-ATLAS-0462,ES-CG-00,ES-CG-00;ES-CG-01;ES-CG-13,CGP005_REFERENCE_CORPUS_ROW,0,REFERENCE_CORPUS_INDEXED_NOT_NORMATIVE,REFERENCE_CONTEXT_ONLY
CGP006-ALLOC-0565,CGP005-RC-0565,CGSRC-ATLAS-0463,ES-CG-00,ES-CG-00;ES-CG-01;ES-CG-13,CGP005_REFERENCE_CORPUS_ROW,0,REFERENCE_CORPUS_INDEXED_NOT_NORMATIVE,REFERENCE_CONTEXT_ONLY
CGP006-ALLOC-0566,CGP005-RC-0566,CGSRC-ATLAS-0464,ES-CG-00,ES-CG-00;ES-CG-01;ES-CG-13,CGP005_REFERENCE_CORPUS_ROW,0,REFERENCE_CORPUS_INDEXED_NOT_NORMATIVE,REFERENCE_CONTEXT_ONLY
CGP006-ALLOC-0567,CGP005-RC-0567,CGSRC-ATLAS-0465,ES-CG-00,ES-CG-00;ES-CG-01;ES-CG-13,CGP005_REFERENCE_CORPUS_ROW,0,REFERENCE_CORPUS_INDEXED_NOT_NORMATIVE,REFERENCE_CONTEXT_ONLY
CGP006-ALLOC-0568,CGP005-RC-0568,CGSRC-ATLAS-0466,ES-CG-00,ES-CG-00;ES-CG-01;ES-CG-13,CGP005_REFERENCE_CORPUS_ROW,0,REFERENCE_CORPUS_INDEXED_NOT_NORMATIVE,REFERENCE_CONTEXT_ONLY
CGP006-ALLOC-0569,CGP005-RC-0569,CGSRC-ATLAS-0467,ES-CG-00,ES-CG-00;ES-CG-01;ES-CG-13,CGP005_REFERENCE_CORPUS_ROW,0,REFERENCE_CORPUS_INDEXED_NOT_NORMATIVE,REFERENCE_CONTEXT_ONLY
CGP006-ALLOC-0570,CGP005-RC-0570,CGSRC-ATLAS-0468,ES-CG-00,ES-CG-00;ES-CG-01;ES-CG-13,CGP005_REFERENCE_CORPUS_ROW,0,REFERENCE_CORPUS_INDEXED_NOT_NORMATIVE,REFERENCE_CONTEXT_ONLY
CGP006-ALLOC-0571,CGP005-RC-0571,CGSRC-ATLAS-0469,ES-CG-00,ES-CG-00;ES-CG-01;ES-CG-13,CGP005_REFERENCE_CORPUS_ROW,0,REFERENCE_CORPUS_INDEXED_NOT_NORMATIVE,REFERENCE_CONTEXT_ONLY
CGP006-ALLOC-0572,CGP005-RC-0572,CGSRC-ATLAS-0470,ES-CG-00,ES-CG-00;ES-CG-01;ES-CG-13,CGP005_REFERENCE_CORPUS_ROW,0,REFERENCE_CORPUS_INDEXED_NOT_NORMATIVE,REFERENCE_CONTEXT_ONLY
CGP006-ALLOC-0573,CGP005-RC-0573,CGSRC-ATLAS-0471,ES-CG-00,ES-CG-00;ES-CG-01;ES-CG-13,CGP005_REFERENCE_CORPUS_ROW,0,REFERENCE_CORPUS_INDEXED_NOT_NORMATIVE,REFERENCE_CONTEXT_ONLY
CGP006-ALLOC-0574,CGP005-RC-0574,CGSRC-ATLAS-0472,ES-CG-00,ES-CG-00;ES-CG-01;ES-CG-13,CGP005_REFERENCE_CORPUS_ROW,0,REFERENCE_CORPUS_INDEXED_NOT_NORMATIVE,REFERENCE_CONTEXT_ONLY
CGP006-ALLOC-0575,CGP005-RC-0575,CGSRC-ATLAS-0473,ES-CG-00,ES-CG-00;ES-CG-01;ES-CG-13;ES-CG-10,CGP005_REFERENCE_CORPUS_ROW,0,REFERENCE_CORPUS_INDEXED_NOT_NORMATIVE,REFERENCE_CONTEXT_ONLY
CGP006-ALLOC-0576,CGP005-RC-0576,CGSRC-ATLAS-0474,ES-CG-10,ES-CG-10,CGP005_REFERENCE_CORPUS_ROW,0,REFERENCE_CORPUS_INDEXED_NOT_NORMATIVE,REFERENCE_CONTEXT_ONLY
CGP006-ALLOC-0577,CGP005-RC-0577,CGSRC-ATLAS-0475,ES-CG-10,ES-CG-10,CGP005_REFERENCE_CORPUS_ROW,0,REFERENCE_CORPUS_INDEXED_NOT_NORMATIVE,REFERENCE_CONTEXT_ONLY
CGP006-ALLOC-0578,CGP005-RC-0578,CGSRC-ATLAS-0477,ES-CG-10,ES-CG-10,CGP005_REFERENCE_CORPUS_ROW,0,REFERENCE_CORPUS_INDEXED_NOT_NORMATIVE,REFERENCE_CONTEXT_ONLY
CGP006-ALLOC-0579,CGP005-RC-0579,CGSRC-ATLAS-0507,ES-CG-13,ES-CG-13;ES-CG-10,CGP005_REFERENCE_CORPUS_ROW,0,REFERENCE_CORPUS_INDEXED_NOT_NORMATIVE,REFERENCE_CONTEXT_ONLY
CGP006-ALLOC-0580,CGP005-RC-0580,CGSRC-ATLAS-0510,ES-CG-10,ES-CG-10,CGP005_REFERENCE_CORPUS_ROW,0,REFERENCE_CORPUS_INDEXED_NOT_NORMATIVE,REFERENCE_CONTEXT_ONLY
CGP006-ALLOC-0581,CGP005-RC-0581,CGSRC-ATLAS-0512,ES-CG-10,ES-CG-10,CGP005_REFERENCE_CORPUS_ROW,0,REFERENCE_CORPUS_INDEXED_NOT_NORMATIVE,REFERENCE_CONTEXT_ONLY
CGP006-ALLOC-0582,CGP005-RC-0582,CGSRC-ATLAS-0515,ES-CG-10,ES-CG-10,CGP005_REFERENCE_CORPUS_ROW,0,REFERENCE_CORPUS_INDEXED_NOT_NORMATIVE,REFERENCE_CONTEXT_ONLY
CGP006-ALLOC-0583,CGP005-RC-0583,CGSRC-ATLAS-0518,ES-CG-10,ES-CG-10,CGP005_REFERENCE_CORPUS_ROW,0,REFERENCE_CORPUS_INDEXED_NOT_NORMATIVE,REFERENCE_CONTEXT_ONLY
CGP006-ALLOC-0584,CGP005-RC-0584,CGSRC-ATLAS-0521,ES-CG-13,ES-CG-13;ES-CG-10,CGP005_REFERENCE_CORPUS_ROW,0,REFERENCE_CORPUS_INDEXED_NOT_NORMATIVE,REFERENCE_CONTEXT_ONLY
CGP006-ALLOC-0585,CGP005-RC-0585,CGSRC-ATLAS-0527,ES-CG-10,ES-CG-10,CGP005_REFERENCE_CORPUS_ROW,0,REFERENCE_CORPUS_INDEXED_NOT_NORMATIVE,REFERENCE_CONTEXT_ONLY
CGP006-ALLOC-0586,CGP005-RC-0586,CGSRC-ATLAS-0537,ES-CG-10,ES-CG-10,CGP005_REFERENCE_CORPUS_ROW,0,REFERENCE_CORPUS_INDEXED_NOT_NORMATIVE,REFERENCE_CONTEXT_ONLY
CGP006-ALLOC-0587,CGP005-RC-0587,CGSRC-ATLAS-0538,ES-CG-10,ES-CG-10,CGP005_REFERENCE_CORPUS_ROW,0,REFERENCE_CORPUS_INDEXED_NOT_NORMATIVE,REFERENCE_CONTEXT_ONLY
CGP006-ALLOC-0588,CGP005-RC-0588,CGSRC-ATLAS-0541,ES-CG-10,ES-CG-10,CGP005_REFERENCE_CORPUS_ROW,0,REFERENCE_CORPUS_INDEXED_NOT_NORMATIVE,REFERENCE_CONTEXT_ONLY
CGP006-ALLOC-0589,CGP005-RC-0589,CGSRC-ATLAS-0542,ES-CG-10,ES-CG-10,CGP005_REFERENCE_CORPUS_ROW,0,REFERENCE_CORPUS_INDEXED_NOT_NORMATIVE,REFERENCE_CONTEXT_ONLY
CGP006-ALLOC-0590,CGP005-RC-0590,CGSRC-ATLAS-0547,ES-CG-10,ES-CG-10,CGP005_REFERENCE_CORPUS_ROW,0,REFERENCE_CORPUS_INDEXED_NOT_NORMATIVE,REFERENCE_CONTEXT_ONLY
CGP006-ALLOC-0591,CGP005-RC-0591,CGSRC-ATLAS-0549,ES-CG-10,ES-CG-10,CGP005_REFERENCE_CORPUS_ROW,0,REFERENCE_CORPUS_INDEXED_NOT_NORMATIVE,REFERENCE_CONTEXT_ONLY
CGP006-ALLOC-0592,CGP005-RC-0592,CGSRC-ATLAS-0550,ES-CG-10,ES-CG-10,CGP005_REFERENCE_CORPUS_ROW,0,REFERENCE_CORPUS_INDEXED_NOT_NORMATIVE,REFERENCE_CONTEXT_ONLY
CGP006-ALLOC-0593,CGP005-RC-0593,CGSRC-ATLAS-0554,ES-CG-10,ES-CG-10,CGP005_REFERENCE_CORPUS_ROW,0,REFERENCE_CORPUS_INDEXED_NOT_NORMATIVE,REFERENCE_CONTEXT_ONLY
CGP006-ALLOC-0594,CGP005-RC-0594,CGSRC-ATLAS-0560,ES-CG-10,ES-CG-10,CGP005_REFERENCE_CORPUS_ROW,0,REFERENCE_CORPUS_INDEXED_NOT_NORMATIVE,REFERENCE_CONTEXT_ONLY
CGP006-ALLOC-0595,CGP005-RC-0595,CGSRC-ATLAS-0561,ES-CG-10,ES-CG-10,CGP005_REFERENCE_CORPUS_ROW,0,REFERENCE_CORPUS_INDEXED_NOT_NORMATIVE,REFERENCE_CONTEXT_ONLY
CGP006-ALLOC-0596,CGP005-RC-0596,CGSRC-ATLAS-0567,ES-CG-00,ES-CG-00;ES-CG-01;ES-CG-13,CGP005_REFERENCE_CORPUS_ROW,0,REFERENCE_CORPUS_INDEXED_NOT_NORMATIVE,REFERENCE_CONTEXT_ONLY
CGP006-ALLOC-0597,CGP005-RC-0597,CGSRC-ATLAS-0578,ES-CG-10,ES-CG-10,CGP005_REFERENCE_CORPUS_ROW,0,REFERENCE_CORPUS_INDEXED_NOT_NORMATIVE,REFERENCE_CONTEXT_ONLY
CGP006-ALLOC-0598,CGP005-RC-0598,CGSRC-ATLAS-0582,ES-CG-10,ES-CG-10,CGP005_REFERENCE_CORPUS_ROW,0,REFERENCE_CORPUS_INDEXED_NOT_NORMATIVE,REFERENCE_CONTEXT_ONLY
CGP006-ALLOC-0599,CGP005-RC-0599,CGSRC-ATLAS-0583,ES-CG-10,ES-CG-10,CGP005_REFERENCE_CORPUS_ROW,0,REFERENCE_CORPUS_INDEXED_NOT_NORMATIVE,REFERENCE_CONTEXT_ONLY
CGP006-ALLOC-0600,CGP005-RC-0600,CGSRC-ATLAS-0586,ES-CG-13,ES-CG-13;ES-CG-10,CGP005_REFERENCE_CORPUS_ROW,0,REFERENCE_CORPUS_INDEXED_NOT_NORMATIVE,REFERENCE_CONTEXT_ONLY
CGP006-ALLOC-0601,CGP005-RC-0601,CGSRC-ATLAS-0596,ES-CG-10,ES-CG-10,CGP005_REFERENCE_CORPUS_ROW,0,REFERENCE_CORPUS_INDEXED_NOT_NORMATIVE,REFERENCE_CONTEXT_ONLY
CGP006-ALLOC-0602,CGP005-RC-0602,CGSRC-ATLAS-0600,ES-CG-13,ES-CG-13;ES-CG-10,CGP005_REFERENCE_CORPUS_ROW,0,REFERENCE_CORPUS_INDEXED_NOT_NORMATIVE,REFERENCE_CONTEXT_ONLY
CGP006-ALLOC-0603,CGP005-RC-0603,CGSRC-ATLAS-0602,ES-CG-10,ES-CG-10,CGP005_REFERENCE_CORPUS_ROW,0,REFERENCE_CORPUS_INDEXED_NOT_NORMATIVE,REFERENCE_CONTEXT_ONLY
CGP006-ALLOC-0604,CGP005-RC-0604,CGSRC-BLOCK-0001,ES-CG-00,ES-CG-00;ES-CG-01;ES-CG-13;ES-CG-10,CGP005_REFERENCE_CORPUS_ROW,0,REFERENCE_CORPUS_INDEXED_NOT_NORMATIVE,NON_NORMATIVE_EXCLUDED_SOURCE
CGP006-ALLOC-0605,CGP005-RC-0605,CGSRC-BLOCK-0002,ES-CG-00,ES-CG-00;ES-CG-01;ES-CG-13;ES-CG-10,CGP005_REFERENCE_CORPUS_ROW,0,REFERENCE_CORPUS_INDEXED_NOT_NORMATIVE,NON_NORMATIVE_EXCLUDED_SOURCE
CGP006-ALLOC-0606,CGP005-RC-0606,CGSRC-BLOCK-0003,ES-CG-00,ES-CG-00;ES-CG-01;ES-CG-13;ES-CG-10,CGP005_REFERENCE_CORPUS_ROW,0,REFERENCE_CORPUS_INDEXED_NOT_NORMATIVE,NON_NORMATIVE_EXCLUDED_SOURCE
CGP006-ALLOC-0607,CGP005-RC-0607,CGSRC-BLOCK-0004,ES-CG-00,ES-CG-00;ES-CG-01;ES-CG-13;ES-CG-10,CGP005_REFERENCE_CORPUS_ROW,0,REFERENCE_CORPUS_INDEXED_NOT_NORMATIVE,NON_NORMATIVE_EXCLUDED_SOURCE
CGP006-ALLOC-0608,CGP005-RC-0608,CGSRC-EXT-0001,ES-CG-00,ES-CG-00;ES-CG-01;ES-CG-13,CGP005_REFERENCE_CORPUS_ROW,0,REFERENCE_CORPUS_INDEXED_NOT_NORMATIVE,REFERENCE_CONTEXT_ONLY
CGP006-ALLOC-0609,CGP005-RC-0609,CGSRC-EXT-0002,ES-CG-10,ES-CG-10,CGP005_REFERENCE_CORPUS_ROW,0,REFERENCE_CORPUS_INDEXED_NOT_NORMATIVE,REFERENCE_CONTEXT_ONLY
CGP006-ALLOC-0610,CGP005-RC-0610,CGSRC-EXT-0003,ES-CG-10,ES-CG-10,CGP005_REFERENCE_CORPUS_ROW,0,REFERENCE_CORPUS_INDEXED_NOT_NORMATIVE,REFERENCE_CONTEXT_ONLY
CGP006-ALLOC-0611,CGP005-RC-0611,CGSRC-EXT-0005,ES-CG-00,ES-CG-00;ES-CG-01;ES-CG-13,CGP005_REFERENCE_CORPUS_ROW,0,REFERENCE_CORPUS_INDEXED_NOT_NORMATIVE,REFERENCE_CONTEXT_ONLY
CGP006-ALLOC-0612,CGP005-RC-0612,CGSRC-EXT-0006,ES-CG-10,ES-CG-10,CGP005_REFERENCE_CORPUS_ROW,0,REFERENCE_CORPUS_INDEXED_NOT_NORMATIVE,REFERENCE_CONTEXT_ONLY
CGP006-ALLOC-0613,CGP005-RC-0613,CGSRC-EXT-0007,ES-CG-10,ES-CG-10,CGP005_REFERENCE_CORPUS_ROW,0,REFERENCE_CORPUS_INDEXED_NOT_NORMATIVE,REFERENCE_CONTEXT_ONLY
CGP006-ALLOC-0614,CGP005-RC-0614,CGSRC-EXT-0008,ES-CG-10,ES-CG-10,CGP005_REFERENCE_CORPUS_ROW,0,REFERENCE_CORPUS_INDEXED_NOT_NORMATIVE,REFERENCE_CONTEXT_ONLY
CGP006-ALLOC-0615,CGP005-RC-0615,CGSRC-EXT-0009,ES-CG-10,ES-CG-10,CGP005_REFERENCE_CORPUS_ROW,0,REFERENCE_CORPUS_INDEXED_NOT_NORMATIVE,REFERENCE_CONTEXT_ONLY
CGP006-ALLOC-0616,CGP005-RC-0616,CGSRC-FOUNDER-0001,ES-CG-00,ES-CG-00;ES-CG-01;ES-CG-13;ES-CG-10,CGP005_REFERENCE_CORPUS_ROW,0,REFERENCE_CORPUS_INDEXED_NOT_NORMATIVE,SUPERSEDED_CONTEXT_ONLY
CGP006-ALLOC-0617,CGP005-RC-0617,CGSRC-FOUNDER-0002,ES-CG-00,ES-CG-00;ES-CG-01;ES-CG-13;ES-CG-10,CGP005_REFERENCE_CORPUS_ROW,0,REFERENCE_CORPUS_INDEXED_NOT_NORMATIVE,REFERENCE_CONTEXT_ONLY
CGP006-ALLOC-0618,CGP005-RC-0618,CGSRC-FOUNDER-0003,ES-CG-00,ES-CG-00;ES-CG-01;ES-CG-13;ES-CG-10,CGP005_REFERENCE_CORPUS_ROW,0,REFERENCE_CORPUS_INDEXED_NOT_NORMATIVE,REFERENCE_CONTEXT_ONLY
CGP006-ALLOC-0619,CGP005-RC-0619,CGSRC-FOUNDER-0004,ES-CG-00,ES-CG-00;ES-CG-01;ES-CG-13,CGP005_REFERENCE_CORPUS_ROW,0,REFERENCE_CORPUS_INDEXED_NOT_NORMATIVE,REFERENCE_CONTEXT_ONLY
CGP006-ALLOC-0620,CGP005-RC-0620,CGSRC-FOUNDER-0005,ES-CG-00,ES-CG-00;ES-CG-01;ES-CG-13;ES-CG-10,CGP005_REFERENCE_CORPUS_ROW,0,REFERENCE_CORPUS_INDEXED_NOT_NORMATIVE,REFERENCE_CONTEXT_ONLY
CGP006-ALLOC-0621,CGP005-RC-0621,CGSRC-FOUNDER-0006,ES-CG-00,ES-CG-00;ES-CG-01;ES-CG-13;ES-CG-10,CGP005_REFERENCE_CORPUS_ROW,0,REFERENCE_CORPUS_INDEXED_NOT_NORMATIVE,REFERENCE_CONTEXT_ONLY
CGP006-ALLOC-0622,CGP005-RC-0622,CGSRC-FOUNDER-0007,ES-CG-00,ES-CG-00;ES-CG-01;ES-CG-13;ES-CG-10,CGP005_REFERENCE_CORPUS_ROW,0,REFERENCE_CORPUS_INDEXED_NOT_NORMATIVE,REFERENCE_CONTEXT_ONLY
CGP006-ALLOC-0623,CGP005-RC-0623,CGSRC-FOUNDER-0008,ES-CG-00,ES-CG-00;ES-CG-01;ES-CG-13;ES-CG-10,CGP005_REFERENCE_CORPUS_ROW,0,REFERENCE_CORPUS_INDEXED_NOT_NORMATIVE,REFERENCE_CONTEXT_ONLY
CGP006-ALLOC-0624,CGP005-RC-0624,CGSRC-FOUNDER-0009,ES-CG-00,ES-CG-00;ES-CG-01;ES-CG-13;ES-CG-10,CGP005_REFERENCE_CORPUS_ROW,0,REFERENCE_CORPUS_INDEXED_NOT_NORMATIVE,REFERENCE_CONTEXT_ONLY
CGP006-ALLOC-0625,CGP005-RC-0625,CGSRC-FOUNDER-0010,ES-CG-00,ES-CG-00;ES-CG-01;ES-CG-13;ES-CG-10,CGP005_REFERENCE_CORPUS_ROW,0,REFERENCE_CORPUS_INDEXED_NOT_NORMATIVE,REFERENCE_CONTEXT_ONLY
CGP006-ALLOC-0626,CGP005-RC-0626,CGSRC-FOUNDER-0011,ES-CG-00,ES-CG-00;ES-CG-01;ES-CG-13;ES-CG-10,CGP005_REFERENCE_CORPUS_ROW,0,REFERENCE_CORPUS_INDEXED_NOT_NORMATIVE,REFERENCE_CONTEXT_ONLY
CGP006-ALLOC-0627,CGP005-RC-0627,CGSRC-FOUNDER-0012,ES-CG-00,ES-CG-00;ES-CG-01;ES-CG-13;ES-CG-10,CGP005_REFERENCE_CORPUS_ROW,0,REFERENCE_CORPUS_INDEXED_NOT_NORMATIVE,REFERENCE_CONTEXT_ONLY
CGP006-ALLOC-0628,CGP005-RC-0628,CGSRC-FOUNDER-0013,ES-CG-00,ES-CG-00;ES-CG-01;ES-CG-13;ES-CG-10,CGP005_REFERENCE_CORPUS_ROW,0,REFERENCE_CORPUS_INDEXED_NOT_NORMATIVE,REFERENCE_CONTEXT_ONLY
CGP006-ALLOC-0629,CGP005-RC-0629,CGSRC-FOUNDER-0014,ES-CG-00,ES-CG-00;ES-CG-01;ES-CG-13;ES-CG-10,CGP005_REFERENCE_CORPUS_ROW,0,REFERENCE_CORPUS_INDEXED_NOT_NORMATIVE,REFERENCE_CONTEXT_ONLY
CGP006-ALLOC-0630,CGP005-RC-0630,CGSRC-FOUNDER-0015,ES-CG-00,ES-CG-00;ES-CG-01;ES-CG-13;ES-CG-10,CGP005_REFERENCE_CORPUS_ROW,0,REFERENCE_CORPUS_INDEXED_NOT_NORMATIVE,REFERENCE_CONTEXT_ONLY
CGP006-ALLOC-0631,CGP005-RC-0631,CGSRC-FOUNDER-0016,ES-CG-00,ES-CG-00;ES-CG-01;ES-CG-13;ES-CG-10,CGP005_REFERENCE_CORPUS_ROW,0,REFERENCE_CORPUS_INDEXED_NOT_NORMATIVE,REFERENCE_CONTEXT_ONLY
CGP006-ALLOC-0632,CGP005-RC-0632,CGSRC-FOUNDER-0017,ES-CG-00,ES-CG-00;ES-CG-01;ES-CG-13;ES-CG-10,CGP005_REFERENCE_CORPUS_ROW,0,REFERENCE_CORPUS_INDEXED_NOT_NORMATIVE,REFERENCE_CONTEXT_ONLY
CGP006-ALLOC-0633,CGP005-RC-0633,CGSRC-FOUNDER-0018,ES-CG-00,ES-CG-00;ES-CG-01;ES-CG-13;ES-CG-10,CGP005_REFERENCE_CORPUS_ROW,0,REFERENCE_CORPUS_INDEXED_NOT_NORMATIVE,REFERENCE_CONTEXT_ONLY
CGP006-ALLOC-0634,CGP005-RC-0634,CGSRC-FOUNDER-0019,ES-CG-00,ES-CG-00;ES-CG-01;ES-CG-13;ES-CG-10,CGP005_REFERENCE_CORPUS_ROW,0,REFERENCE_CORPUS_INDEXED_NOT_NORMATIVE,REFERENCE_CONTEXT_ONLY
CGP006-ALLOC-0635,CGP005-RC-0635,CGSRC-FOUNDER-0020,ES-CG-00,ES-CG-00;ES-CG-01;ES-CG-13;ES-CG-10,CGP005_REFERENCE_CORPUS_ROW,0,REFERENCE_CORPUS_INDEXED_NOT_NORMATIVE,REFERENCE_CONTEXT_ONLY
CGP006-ALLOC-0636,CGP005-RC-0636,CGSRC-FOUNDER-0021,ES-CG-00,ES-CG-00;ES-CG-01;ES-CG-13;ES-CG-10,CGP005_REFERENCE_CORPUS_ROW,0,REFERENCE_CORPUS_INDEXED_NOT_NORMATIVE,REFERENCE_CONTEXT_ONLY
CGP006-ALLOC-0637,CGP005-RC-0637,CGSRC-FOUNDER-0022,ES-CG-00,ES-CG-00;ES-CG-01;ES-CG-13;ES-CG-10,CGP005_REFERENCE_CORPUS_ROW,0,REFERENCE_CORPUS_INDEXED_NOT_NORMATIVE,REFERENCE_CONTEXT_ONLY
CGP006-ALLOC-0638,CGP005-RC-0638,CGSRC-FOUNDER-0023,ES-CG-00,ES-CG-00;ES-CG-01;ES-CG-13;ES-CG-10,CGP005_REFERENCE_CORPUS_ROW,0,REFERENCE_CORPUS_INDEXED_NOT_NORMATIVE,REFERENCE_CONTEXT_ONLY
CGP006-ALLOC-0639,CGP005-RC-0639,CGSRC-FOUNDER-0024,ES-CG-00,ES-CG-00;ES-CG-01;ES-CG-13,CGP005_REFERENCE_CORPUS_ROW,0,REFERENCE_CORPUS_INDEXED_NOT_NORMATIVE,REFERENCE_CONTEXT_ONLY
CGP006-ALLOC-0640,CGP005-RC-0640,CGSRC-FOUNDER-0025,ES-CG-00,ES-CG-00;ES-CG-01;ES-CG-13,CGP005_REFERENCE_CORPUS_ROW,0,REFERENCE_CORPUS_INDEXED_NOT_NORMATIVE,REFERENCE_CONTEXT_ONLY
CGP006-ALLOC-0641,CGP005-RC-0641,CGSRC-FOUNDER-0026,ES-CG-00,ES-CG-00;ES-CG-01;ES-CG-13,CGP005_REFERENCE_CORPUS_ROW,0,REFERENCE_CORPUS_INDEXED_NOT_NORMATIVE,REFERENCE_CONTEXT_ONLY
CGP006-ALLOC-0642,CGP005-RC-0642,CGSRC-FOUNDER-0027,ES-CG-00,ES-CG-00;ES-CG-01;ES-CG-13,CGP005_REFERENCE_CORPUS_ROW,0,REFERENCE_CORPUS_INDEXED_NOT_NORMATIVE,REFERENCE_CONTEXT_ONLY
CGP006-ALLOC-0643,CGP005-RC-0643,CGSRC-FOUNDER-0028,ES-CG-00,ES-CG-00;ES-CG-01;ES-CG-13,CGP005_REFERENCE_CORPUS_ROW,0,REFERENCE_CORPUS_INDEXED_NOT_NORMATIVE,REFERENCE_CONTEXT_ONLY
CGP006-ALLOC-0644,CGP005-RC-0644,CGSRC-FOUNDER-0029,ES-CG-00,ES-CG-00;ES-CG-01;ES-CG-13,CGP005_REFERENCE_CORPUS_ROW,0,REFERENCE_CORPUS_INDEXED_NOT_NORMATIVE,REFERENCE_CONTEXT_ONLY
CGP006-ALLOC-0645,CGP005-RC-0645,CGSRC-FOUNDER-0030,ES-CG-00,ES-CG-00;ES-CG-01;ES-CG-13,CGP005_REFERENCE_CORPUS_ROW,0,REFERENCE_CORPUS_INDEXED_NOT_NORMATIVE,REFERENCE_CONTEXT_ONLY
CGP006-ALLOC-0646,CGP005-RC-0646,CGSRC-FOUNDER-0031,ES-CG-00,ES-CG-00;ES-CG-01;ES-CG-13,CGP005_REFERENCE_CORPUS_ROW,0,REFERENCE_CORPUS_INDEXED_NOT_NORMATIVE,REFERENCE_CONTEXT_ONLY
CGP006-ALLOC-0647,CGP005-RC-0647,CGSRC-FOUNDER-0032,ES-CG-00,ES-CG-00;ES-CG-01;ES-CG-13;ES-CG-10,CGP005_REFERENCE_CORPUS_ROW,0,REFERENCE_CORPUS_INDEXED_NOT_NORMATIVE,REFERENCE_CONTEXT_ONLY
CGP006-ALLOC-0648,CGP005-RC-0648,CGSRC-FOUNDER-0033,ES-CG-00,ES-CG-00;ES-CG-01;ES-CG-13;ES-CG-10,CGP005_REFERENCE_CORPUS_ROW,0,REFERENCE_CORPUS_INDEXED_NOT_NORMATIVE,REFERENCE_CONTEXT_ONLY
CGP006-ALLOC-0649,CGP005-RC-0649,CGSRC-FOUNDER-0034,ES-CG-00,ES-CG-00;ES-CG-01;ES-CG-13,CGP005_REFERENCE_CORPUS_ROW,0,REFERENCE_CORPUS_INDEXED_NOT_NORMATIVE,REFERENCE_CONTEXT_ONLY
CGP006-ALLOC-0650,CGP005-RC-0650,CGSRC-FOUNDER-0035,ES-CG-00,ES-CG-00;ES-CG-01;ES-CG-13,CGP005_REFERENCE_CORPUS_ROW,0,REFERENCE_CORPUS_INDEXED_NOT_NORMATIVE,REFERENCE_CONTEXT_ONLY
CGP006-ALLOC-0651,CGP005-RC-0651,CGSRC-FOUNDER-0036,ES-CG-00,ES-CG-00;ES-CG-01;ES-CG-13,CGP005_REFERENCE_CORPUS_ROW,0,REFERENCE_CORPUS_INDEXED_NOT_NORMATIVE,REFERENCE_CONTEXT_ONLY
CGP006-ALLOC-0652,CGP005-RC-0652,CGSRC-FOUNDER-0037,ES-CG-00,ES-CG-00;ES-CG-01;ES-CG-13,CGP005_REFERENCE_CORPUS_ROW,0,REFERENCE_CORPUS_INDEXED_NOT_NORMATIVE,REFERENCE_CONTEXT_ONLY
CGP006-ALLOC-0653,CGP005-RC-0653,CGSRC-FOUNDER-0038,ES-CG-00,ES-CG-00;ES-CG-01;ES-CG-13,CGP005_REFERENCE_CORPUS_ROW,0,REFERENCE_CORPUS_INDEXED_NOT_NORMATIVE,REFERENCE_CONTEXT_ONLY
CGP006-ALLOC-0654,CGP005-RC-0654,CGSRC-FOUNDER-0039,ES-CG-00,ES-CG-00;ES-CG-01;ES-CG-13,CGP005_REFERENCE_CORPUS_ROW,0,REFERENCE_CORPUS_INDEXED_NOT_NORMATIVE,REFERENCE_CONTEXT_ONLY
CGP006-ALLOC-0655,CGP005-RC-0655,CGSRC-FOUNDER-0040,ES-CG-00,ES-CG-00;ES-CG-01;ES-CG-13,CGP005_REFERENCE_CORPUS_ROW,0,REFERENCE_CORPUS_INDEXED_NOT_NORMATIVE,REFERENCE_CONTEXT_ONLY
CGP006-ALLOC-0656,CGP005-RC-0656,CGSRC-FOUNDER-0041,ES-CG-00,ES-CG-00;ES-CG-01;ES-CG-13,CGP005_REFERENCE_CORPUS_ROW,0,REFERENCE_CORPUS_INDEXED_NOT_NORMATIVE,REFERENCE_CONTEXT_ONLY
CGP006-ALLOC-0657,CGP005-RC-0657,CGSRC-FOUNDER-0042,ES-CG-00,ES-CG-00;ES-CG-01;ES-CG-13,CGP005_REFERENCE_CORPUS_ROW,0,REFERENCE_CORPUS_INDEXED_NOT_NORMATIVE,REFERENCE_CONTEXT_ONLY
CGP006-ALLOC-0658,CGP005-RC-0658,CGSRC-FOUNDER-0043,ES-CG-00,ES-CG-00;ES-CG-01;ES-CG-13,CGP005_REFERENCE_CORPUS_ROW,0,REFERENCE_CORPUS_INDEXED_NOT_NORMATIVE,REFERENCE_CONTEXT_ONLY
CGP006-ALLOC-0659,CGP005-RC-0659,CGSRC-GOV-0001,ES-CG-00,ES-CG-00;ES-CG-01;ES-CG-13,CGP005_REFERENCE_CORPUS_ROW,0,REFERENCE_CORPUS_INDEXED_NOT_NORMATIVE,REFERENCE_CONTEXT_ONLY
CGP006-ALLOC-0660,CGP005-RC-0660,CGSRC-GOV-0002,ES-CG-00,ES-CG-00;ES-CG-01;ES-CG-13,CGP005_REFERENCE_CORPUS_ROW,0,REFERENCE_CORPUS_INDEXED_NOT_NORMATIVE,REFERENCE_CONTEXT_ONLY
CGP006-ALLOC-0661,CGP005-RC-0661,CGSRC-GOV-0003,ES-CG-00,ES-CG-00;ES-CG-01;ES-CG-13,CGP005_REFERENCE_CORPUS_ROW,0,REFERENCE_CORPUS_INDEXED_NOT_NORMATIVE,REFERENCE_CONTEXT_ONLY
CGP006-ALLOC-0662,CGP005-RC-0662,CGSRC-GOV-0004,ES-CG-00,ES-CG-00;ES-CG-01;ES-CG-13,CGP005_REFERENCE_CORPUS_ROW,0,REFERENCE_CORPUS_INDEXED_NOT_NORMATIVE,REFERENCE_CONTEXT_ONLY
CGP006-ALLOC-0663,CGP005-RC-0663,CGSRC-GOV-0005,ES-CG-00,ES-CG-00;ES-CG-01;ES-CG-13,CGP005_REFERENCE_CORPUS_ROW,0,REFERENCE_CORPUS_INDEXED_NOT_NORMATIVE,REFERENCE_CONTEXT_ONLY
CGP006-ALLOC-0664,CGP005-RC-0664,CGSRC-GOV-0006,ES-CG-00,ES-CG-00;ES-CG-01;ES-CG-13,CGP005_REFERENCE_CORPUS_ROW,0,REFERENCE_CORPUS_INDEXED_NOT_NORMATIVE,REFERENCE_CONTEXT_ONLY
CGP006-ALLOC-0665,CGP005-RC-0665,CGSRC-GOV-0007,ES-CG-00,ES-CG-00;ES-CG-01;ES-CG-13;ES-CG-10,CGP005_REFERENCE_CORPUS_ROW,0,REFERENCE_CORPUS_INDEXED_NOT_NORMATIVE,REFERENCE_CONTEXT_ONLY
CGP006-ALLOC-0666,CGP005-RC-0666,CGSRC-GOV-0008,ES-CG-00,ES-CG-00;ES-CG-01;ES-CG-13,CGP005_REFERENCE_CORPUS_ROW,0,REFERENCE_CORPUS_INDEXED_NOT_NORMATIVE,REFERENCE_CONTEXT_ONLY
CGP006-ALLOC-0667,CGP005-RC-0667,CGSRC-GOV-0009,ES-CG-00,ES-CG-00;ES-CG-01;ES-CG-13;ES-CG-10,CGP005_REFERENCE_CORPUS_ROW,0,REFERENCE_CORPUS_INDEXED_NOT_NORMATIVE,REFERENCE_CONTEXT_ONLY
CGP006-ALLOC-0668,CGP005-RC-0668,CGSRC-GOV-0010,ES-CG-00,ES-CG-00;ES-CG-01;ES-CG-13;ES-CG-10,CGP005_REFERENCE_CORPUS_ROW,0,REFERENCE_CORPUS_INDEXED_NOT_NORMATIVE,REFERENCE_CONTEXT_ONLY
CGP006-ALLOC-0669,CGP005-RC-0669,CGSRC-GOV-0011,ES-CG-00,ES-CG-00;ES-CG-01;ES-CG-13;ES-CG-10,CGP005_REFERENCE_CORPUS_ROW,0,REFERENCE_CORPUS_INDEXED_NOT_NORMATIVE,REFERENCE_CONTEXT_ONLY
CGP006-ALLOC-0670,CGP005-RC-0670,CGSRC-GOV-0012,ES-CG-00,ES-CG-00;ES-CG-01;ES-CG-13;ES-CG-10,CGP005_REFERENCE_CORPUS_ROW,0,REFERENCE_CORPUS_INDEXED_NOT_NORMATIVE,REFERENCE_CONTEXT_ONLY
CGP006-ALLOC-0671,CGP005-RC-0671,CGSRC-GOV-0013,ES-CG-00,ES-CG-00;ES-CG-01;ES-CG-13;ES-CG-10,CGP005_REFERENCE_CORPUS_ROW,0,REFERENCE_CORPUS_INDEXED_NOT_NORMATIVE,REFERENCE_CONTEXT_ONLY
CGP006-ALLOC-0672,CGP005-RC-0672,CGSRC-GOV-0014,ES-CG-00,ES-CG-00;ES-CG-01;ES-CG-13;ES-CG-10,CGP005_REFERENCE_CORPUS_ROW,0,REFERENCE_CORPUS_INDEXED_NOT_NORMATIVE,REFERENCE_CONTEXT_ONLY
CGP006-ALLOC-0673,CGP005-RC-0673,CGSRC-GOV-0015,ES-CG-00,ES-CG-00;ES-CG-01;ES-CG-13;ES-CG-10,CGP005_REFERENCE_CORPUS_ROW,0,REFERENCE_CORPUS_INDEXED_NOT_NORMATIVE,REFERENCE_CONTEXT_ONLY
CGP006-ALLOC-0674,CGP005-RC-0674,CGSRC-GOV-0016,ES-CG-00,ES-CG-00;ES-CG-01;ES-CG-13;ES-CG-10,CGP005_REFERENCE_CORPUS_ROW,0,REFERENCE_CORPUS_INDEXED_NOT_NORMATIVE,REFERENCE_CONTEXT_ONLY
CGP006-ALLOC-0675,CGP005-RC-0675,CGSRC-GOV-0017,ES-CG-00,ES-CG-00;ES-CG-01;ES-CG-13;ES-CG-10,CGP005_REFERENCE_CORPUS_ROW,0,REFERENCE_CORPUS_INDEXED_NOT_NORMATIVE,REFERENCE_CONTEXT_ONLY
CGP006-ALLOC-0676,CGP005-RC-0676,CGSRC-GOV-0018,ES-CG-00,ES-CG-00;ES-CG-01;ES-CG-13;ES-CG-10,CGP005_REFERENCE_CORPUS_ROW,0,REFERENCE_CORPUS_INDEXED_NOT_NORMATIVE,REFERENCE_CONTEXT_ONLY
CGP006-ALLOC-0677,CGP005-RC-0677,CGSRC-GOV-0019,ES-CG-00,ES-CG-00;ES-CG-01;ES-CG-13,CGP005_REFERENCE_CORPUS_ROW,0,REFERENCE_CORPUS_INDEXED_NOT_NORMATIVE,REFERENCE_CONTEXT_ONLY
CGP006-ALLOC-0678,CGP005-RC-0678,CGSRC-GOV-0020,ES-CG-00,ES-CG-00;ES-CG-01;ES-CG-13,CGP005_REFERENCE_CORPUS_ROW,0,REFERENCE_CORPUS_INDEXED_NOT_NORMATIVE,REFERENCE_CONTEXT_ONLY
CGP006-ALLOC-0679,CGP005-RC-0679,CGSRC-GOV-0021,ES-CG-00,ES-CG-00;ES-CG-01;ES-CG-13,CGP005_REFERENCE_CORPUS_ROW,0,REFERENCE_CORPUS_INDEXED_NOT_NORMATIVE,REFERENCE_CONTEXT_ONLY
CGP006-ALLOC-0680,CGP005-RC-0680,CGSRC-GOV-0022,ES-CG-00,ES-CG-00;ES-CG-01;ES-CG-13,CGP005_REFERENCE_CORPUS_ROW,0,REFERENCE_CORPUS_INDEXED_NOT_NORMATIVE,REFERENCE_CONTEXT_ONLY
CGP006-ALLOC-0681,CGP005-RC-0681,CGSRC-GOV-0023,ES-CG-00,ES-CG-00;ES-CG-01;ES-CG-13,CGP005_REFERENCE_CORPUS_ROW,0,REFERENCE_CORPUS_INDEXED_NOT_NORMATIVE,REFERENCE_CONTEXT_ONLY
CGP006-ALLOC-0682,CGP005-RC-0682,CGSRC-GOV-0024,ES-CG-00,ES-CG-00;ES-CG-01;ES-CG-13,CGP005_REFERENCE_CORPUS_ROW,0,REFERENCE_CORPUS_INDEXED_NOT_NORMATIVE,REFERENCE_CONTEXT_ONLY
CGP006-ALLOC-0683,CGP005-RC-0683,CGSRC-GOV-0025,ES-CG-00,ES-CG-00;ES-CG-01;ES-CG-13,CGP005_REFERENCE_CORPUS_ROW,0,REFERENCE_CORPUS_INDEXED_NOT_NORMATIVE,REFERENCE_CONTEXT_ONLY
CGP006-ALLOC-0684,CGP005-RC-0684,CGSRC-GOV-0026,ES-CG-00,ES-CG-00;ES-CG-01;ES-CG-13,CGP005_REFERENCE_CORPUS_ROW,0,REFERENCE_CORPUS_INDEXED_NOT_NORMATIVE,REFERENCE_CONTEXT_ONLY
CGP006-ALLOC-0685,CGP005-RC-0685,CGSRC-GOV-0027,ES-CG-00,ES-CG-00;ES-CG-01;ES-CG-13,CGP005_REFERENCE_CORPUS_ROW,0,REFERENCE_CORPUS_INDEXED_NOT_NORMATIVE,REFERENCE_CONTEXT_ONLY
CGP006-ALLOC-0686,CGP005-RC-0686,CGSRC-GOV-0028,ES-CG-00,ES-CG-00;ES-CG-01;ES-CG-13,CGP005_REFERENCE_CORPUS_ROW,0,REFERENCE_CORPUS_INDEXED_NOT_NORMATIVE,REFERENCE_CONTEXT_ONLY
CGP006-ALLOC-0687,CGP005-RC-0687,CGSRC-GOV-0029,ES-CG-00,ES-CG-00;ES-CG-01;ES-CG-13,CGP005_REFERENCE_CORPUS_ROW,0,REFERENCE_CORPUS_INDEXED_NOT_NORMATIVE,REFERENCE_CONTEXT_ONLY
CGP006-ALLOC-0688,CGP005-RC-0688,CGSRC-GOV-0030,ES-CG-00,ES-CG-00;ES-CG-01;ES-CG-13,CGP005_REFERENCE_CORPUS_ROW,0,REFERENCE_CORPUS_INDEXED_NOT_NORMATIVE,REFERENCE_CONTEXT_ONLY
CGP006-ALLOC-0689,CGP005-RC-0689,CGSRC-GOV-0031,ES-CG-00,ES-CG-00;ES-CG-01;ES-CG-13,CGP005_REFERENCE_CORPUS_ROW,0,REFERENCE_CORPUS_INDEXED_NOT_NORMATIVE,REFERENCE_CONTEXT_ONLY
CGP006-ALLOC-0690,CGP005-RC-0690,CGSRC-GOV-0032,ES-CG-00,ES-CG-00;ES-CG-01;ES-CG-13,CGP005_REFERENCE_CORPUS_ROW,0,REFERENCE_CORPUS_INDEXED_NOT_NORMATIVE,REFERENCE_CONTEXT_ONLY
CGP006-ALLOC-0691,CGP005-RC-0691,CGSRC-GOV-0033,ES-CG-00,ES-CG-00;ES-CG-01;ES-CG-13,CGP005_REFERENCE_CORPUS_ROW,0,REFERENCE_CORPUS_INDEXED_NOT_NORMATIVE,REFERENCE_CONTEXT_ONLY
CGP006-ALLOC-0692,CGP005-RC-0692,CGSRC-GOV-0034,ES-CG-00,ES-CG-00;ES-CG-01;ES-CG-13,CGP005_REFERENCE_CORPUS_ROW,0,REFERENCE_CORPUS_INDEXED_NOT_NORMATIVE,REFERENCE_CONTEXT_ONLY
CGP006-ALLOC-0693,CGP005-RC-0693,CGSRC-GOV-0035,ES-CG-00,ES-CG-00;ES-CG-01;ES-CG-13,CGP005_REFERENCE_CORPUS_ROW,0,REFERENCE_CORPUS_INDEXED_NOT_NORMATIVE,REFERENCE_CONTEXT_ONLY
CGP006-ALLOC-0694,CGP005-RC-0694,CGSRC-GOV-0036,ES-CG-00,ES-CG-00;ES-CG-01;ES-CG-13,CGP005_REFERENCE_CORPUS_ROW,0,REFERENCE_CORPUS_INDEXED_NOT_NORMATIVE,REFERENCE_CONTEXT_ONLY
CGP006-ALLOC-0695,CGP005-RC-0695,CGSRC-GOV-0037,ES-CG-00,ES-CG-00;ES-CG-01;ES-CG-13,CGP005_REFERENCE_CORPUS_ROW,0,REFERENCE_CORPUS_INDEXED_NOT_NORMATIVE,REFERENCE_CONTEXT_ONLY
CGP006-ALLOC-0696,CGP005-RC-0696,CGSRC-GOV-0038,ES-CG-00,ES-CG-00;ES-CG-01;ES-CG-13;ES-CG-10,CGP005_REFERENCE_CORPUS_ROW,0,REFERENCE_CORPUS_INDEXED_NOT_NORMATIVE,REFERENCE_CONTEXT_ONLY
CGP006-ALLOC-0697,CGP005-RC-0697,CGSRC-GOV-0039,ES-CG-00,ES-CG-00;ES-CG-01;ES-CG-13,CGP005_REFERENCE_CORPUS_ROW,0,REFERENCE_CORPUS_INDEXED_NOT_NORMATIVE,REFERENCE_CONTEXT_ONLY
CGP006-ALLOC-0698,CGP005-RC-0698,CGSRC-GOV-0040,ES-CG-00,ES-CG-00;ES-CG-01;ES-CG-13,CGP005_REFERENCE_CORPUS_ROW,0,REFERENCE_CORPUS_INDEXED_NOT_NORMATIVE,REFERENCE_CONTEXT_ONLY
CGP006-ALLOC-0699,CGP005-RC-0699,CGSRC-GOV-0041,ES-CG-00,ES-CG-00;ES-CG-01;ES-CG-13,CGP005_REFERENCE_CORPUS_ROW,0,REFERENCE_CORPUS_INDEXED_NOT_NORMATIVE,REFERENCE_CONTEXT_ONLY
CGP006-ALLOC-0700,CGP005-RC-0700,CGSRC-GOV-0042,ES-CG-00,ES-CG-00;ES-CG-01;ES-CG-13;ES-CG-10,CGP005_REFERENCE_CORPUS_ROW,0,REFERENCE_CORPUS_INDEXED_NOT_NORMATIVE,REFERENCE_CONTEXT_ONLY
CGP006-ALLOC-0701,CGP005-RC-0701,CGSRC-GOV-0043,ES-CG-00,ES-CG-00;ES-CG-01;ES-CG-13;ES-CG-10,CGP005_REFERENCE_CORPUS_ROW,0,REFERENCE_CORPUS_INDEXED_NOT_NORMATIVE,REFERENCE_CONTEXT_ONLY
CGP006-ALLOC-0702,CGP005-RC-0702,CGSRC-GOV-0044,ES-CG-00,ES-CG-00;ES-CG-01;ES-CG-13,CGP005_REFERENCE_CORPUS_ROW,0,REFERENCE_CORPUS_INDEXED_NOT_NORMATIVE,REFERENCE_CONTEXT_ONLY
CGP006-ALLOC-0703,CGP005-RC-0703,CGSRC-GOV-0045,ES-CG-00,ES-CG-00;ES-CG-01;ES-CG-13,CGP005_REFERENCE_CORPUS_ROW,0,REFERENCE_CORPUS_INDEXED_NOT_NORMATIVE,REFERENCE_CONTEXT_ONLY
CGP006-ALLOC-0704,CGP005-RC-0704,CGSRC-GOV-0046,ES-CG-00,ES-CG-00;ES-CG-01;ES-CG-13,CGP005_REFERENCE_CORPUS_ROW,0,REFERENCE_CORPUS_INDEXED_NOT_NORMATIVE,REFERENCE_CONTEXT_ONLY
CGP006-ALLOC-0705,CGP005-RC-0705,CGSRC-GOV-0047,ES-CG-00,ES-CG-00;ES-CG-01;ES-CG-13,CGP005_REFERENCE_CORPUS_ROW,0,REFERENCE_CORPUS_INDEXED_NOT_NORMATIVE,REFERENCE_CONTEXT_ONLY
CGP006-ALLOC-0706,CGP005-RC-0706,CGSRC-GOV-0048,ES-CG-00,ES-CG-00;ES-CG-01;ES-CG-13;ES-CG-10,CGP005_REFERENCE_CORPUS_ROW,0,REFERENCE_CORPUS_INDEXED_NOT_NORMATIVE,REFERENCE_CONTEXT_ONLY
CGP006-ALLOC-0707,CGP005-RC-0707,CGSRC-GOV-0049,ES-CG-00,ES-CG-00;ES-CG-01;ES-CG-13,CGP005_REFERENCE_CORPUS_ROW,0,REFERENCE_CORPUS_INDEXED_NOT_NORMATIVE,REFERENCE_CONTEXT_ONLY
CGP006-ALLOC-0708,CGP005-RC-0708,CGSRC-GOV-0050,ES-CG-00,ES-CG-00;ES-CG-01;ES-CG-13,CGP005_REFERENCE_CORPUS_ROW,0,REFERENCE_CORPUS_INDEXED_NOT_NORMATIVE,REFERENCE_CONTEXT_ONLY
CGP006-ALLOC-0709,CGP005-RC-0709,CGSRC-GOV-0051,ES-CG-00,ES-CG-00;ES-CG-01;ES-CG-13;ES-CG-10,CGP005_REFERENCE_CORPUS_ROW,0,REFERENCE_CORPUS_INDEXED_NOT_NORMATIVE,REFERENCE_CONTEXT_ONLY
CGP006-ALLOC-0710,CGP005-RC-0710,CGSRC-GOV-0052,ES-CG-00,ES-CG-00;ES-CG-01;ES-CG-13;ES-CG-10,CGP005_REFERENCE_CORPUS_ROW,0,REFERENCE_CORPUS_INDEXED_NOT_NORMATIVE,REFERENCE_CONTEXT_ONLY
CGP006-ALLOC-0711,CGP005-RC-0711,CGSRC-GOV-0053,ES-CG-00,ES-CG-00;ES-CG-01;ES-CG-13;ES-CG-10,CGP005_REFERENCE_CORPUS_ROW,0,REFERENCE_CORPUS_INDEXED_NOT_NORMATIVE,REFERENCE_CONTEXT_ONLY
CGP006-ALLOC-0712,CGP005-RC-0712,CGSRC-GOV-0054,ES-CG-00,ES-CG-00;ES-CG-01;ES-CG-13;ES-CG-10,CGP005_REFERENCE_CORPUS_ROW,0,REFERENCE_CORPUS_INDEXED_NOT_NORMATIVE,REFERENCE_CONTEXT_ONLY
CGP006-ALLOC-0713,CGP005-RC-0713,CGSRC-GOV-0055,ES-CG-00,ES-CG-00;ES-CG-01;ES-CG-13;ES-CG-10,CGP005_REFERENCE_CORPUS_ROW,0,REFERENCE_CORPUS_INDEXED_NOT_NORMATIVE,REFERENCE_CONTEXT_ONLY
CGP006-ALLOC-0714,CGP005-RC-0714,CGSRC-GOV-0056,ES-CG-00,ES-CG-00;ES-CG-01;ES-CG-13;ES-CG-10,CGP005_REFERENCE_CORPUS_ROW,0,REFERENCE_CORPUS_INDEXED_NOT_NORMATIVE,REFERENCE_CONTEXT_ONLY
CGP006-ALLOC-0715,CGP005-RC-0715,CGSRC-GOV-0057,ES-CG-00,ES-CG-00;ES-CG-01;ES-CG-13;ES-CG-10,CGP005_REFERENCE_CORPUS_ROW,0,REFERENCE_CORPUS_INDEXED_NOT_NORMATIVE,REFERENCE_CONTEXT_ONLY
CGP006-ALLOC-0716,CGP005-RC-0716,CGSRC-GOV-0058,ES-CG-00,ES-CG-00;ES-CG-01;ES-CG-13;ES-CG-10,CGP005_REFERENCE_CORPUS_ROW,0,REFERENCE_CORPUS_INDEXED_NOT_NORMATIVE,REFERENCE_CONTEXT_ONLY
CGP006-ALLOC-0717,CGP005-RC-0717,CGSRC-GOV-0059,ES-CG-00,ES-CG-00;ES-CG-01;ES-CG-13;ES-CG-10,CGP005_REFERENCE_CORPUS_ROW,0,REFERENCE_CORPUS_INDEXED_NOT_NORMATIVE,REFERENCE_CONTEXT_ONLY
CGP006-ALLOC-0718,CGP005-RC-0718,CGSRC-GOV-0060,ES-CG-00,ES-CG-00;ES-CG-01;ES-CG-13;ES-CG-10,CGP005_REFERENCE_CORPUS_ROW,0,REFERENCE_CORPUS_INDEXED_NOT_NORMATIVE,REFERENCE_CONTEXT_ONLY
CGP006-ALLOC-0719,CGP005-RC-0719,CGSRC-GOV-0061,ES-CG-00,ES-CG-00;ES-CG-01;ES-CG-13;ES-CG-10,CGP005_REFERENCE_CORPUS_ROW,0,REFERENCE_CORPUS_INDEXED_NOT_NORMATIVE,REFERENCE_CONTEXT_ONLY
CGP006-ALLOC-0720,CGP005-RC-0720,CGSRC-GOV-0062,ES-CG-00,ES-CG-00;ES-CG-01;ES-CG-13,CGP005_REFERENCE_CORPUS_ROW,0,REFERENCE_CORPUS_INDEXED_NOT_NORMATIVE,REFERENCE_CONTEXT_ONLY
CGP006-ALLOC-0721,CGP005-RC-0721,CGSRC-GOV-0063,ES-CG-00,ES-CG-00;ES-CG-01;ES-CG-13;ES-CG-10,CGP005_REFERENCE_CORPUS_ROW,0,REFERENCE_CORPUS_INDEXED_NOT_NORMATIVE,REFERENCE_CONTEXT_ONLY
CGP006-ALLOC-0722,CGP005-RC-0722,CGSRC-GOV-0064,ES-CG-00,ES-CG-00;ES-CG-01;ES-CG-13;ES-CG-10,CGP005_REFERENCE_CORPUS_ROW,0,REFERENCE_CORPUS_INDEXED_NOT_NORMATIVE,REFERENCE_CONTEXT_ONLY
CGP006-ALLOC-0723,CGP005-RC-0723,CGSRC-GOV-0065,ES-CG-00,ES-CG-00;ES-CG-01;ES-CG-13;ES-CG-10,CGP005_REFERENCE_CORPUS_ROW,0,REFERENCE_CORPUS_INDEXED_NOT_NORMATIVE,REFERENCE_CONTEXT_ONLY
CGP006-ALLOC-0724,CGP005-RC-0724,CGSRC-GOV-0066,ES-CG-00,ES-CG-00;ES-CG-01;ES-CG-13;ES-CG-10,CGP005_REFERENCE_CORPUS_ROW,0,REFERENCE_CORPUS_INDEXED_NOT_NORMATIVE,REFERENCE_CONTEXT_ONLY
CGP006-ALLOC-0725,CGP005-RC-0725,CGSRC-GOV-0067,ES-CG-00,ES-CG-00;ES-CG-01;ES-CG-13;ES-CG-10,CGP005_REFERENCE_CORPUS_ROW,0,REFERENCE_CORPUS_INDEXED_NOT_NORMATIVE,REFERENCE_CONTEXT_ONLY
CGP006-ALLOC-0726,CGP005-RC-0726,CGSRC-GOV-0068,ES-CG-00,ES-CG-00;ES-CG-01;ES-CG-13;ES-CG-10,CGP005_REFERENCE_CORPUS_ROW,0,REFERENCE_CORPUS_INDEXED_NOT_NORMATIVE,REFERENCE_CONTEXT_ONLY
CGP006-ALLOC-0727,CGP005-RC-0727,CGSRC-GOV-0069,ES-CG-00,ES-CG-00;ES-CG-01;ES-CG-13;ES-CG-10,CGP005_REFERENCE_CORPUS_ROW,0,REFERENCE_CORPUS_INDEXED_NOT_NORMATIVE,REFERENCE_CONTEXT_ONLY
CGP006-ALLOC-0728,CGP005-RC-0728,CGSRC-GOV-0070,ES-CG-00,ES-CG-00;ES-CG-01;ES-CG-13;ES-CG-10,CGP005_REFERENCE_CORPUS_ROW,0,REFERENCE_CORPUS_INDEXED_NOT_NORMATIVE,REFERENCE_CONTEXT_ONLY
CGP006-ALLOC-0729,CGP005-RC-0729,CGSRC-GOV-0071,ES-CG-00,ES-CG-00;ES-CG-01;ES-CG-13;ES-CG-10,CGP005_REFERENCE_CORPUS_ROW,0,REFERENCE_CORPUS_INDEXED_NOT_NORMATIVE,REFERENCE_CONTEXT_ONLY
CGP006-ALLOC-0730,CGP005-RC-0730,CGSRC-GOV-0072,ES-CG-00,ES-CG-00;ES-CG-01;ES-CG-13;ES-CG-10,CGP005_REFERENCE_CORPUS_ROW,0,REFERENCE_CORPUS_INDEXED_NOT_NORMATIVE,REFERENCE_CONTEXT_ONLY
CGP006-ALLOC-0731,CGP005-RC-0731,CGSRC-GOV-0073,ES-CG-00,ES-CG-00;ES-CG-01;ES-CG-13;ES-CG-10,CGP005_REFERENCE_CORPUS_ROW,0,REFERENCE_CORPUS_INDEXED_NOT_NORMATIVE,REFERENCE_CONTEXT_ONLY
CGP006-ALLOC-0732,CGP005-RC-0732,CGSRC-GOV-0074,ES-CG-00,ES-CG-00;ES-CG-01;ES-CG-13;ES-CG-10,CGP005_REFERENCE_CORPUS_ROW,0,REFERENCE_CORPUS_INDEXED_NOT_NORMATIVE,REFERENCE_CONTEXT_ONLY
CGP006-ALLOC-0733,CGP005-RC-0733,CGSRC-GOV-0075,ES-CG-00,ES-CG-00;ES-CG-01;ES-CG-13;ES-CG-10,CGP005_REFERENCE_CORPUS_ROW,0,REFERENCE_CORPUS_INDEXED_NOT_NORMATIVE,REFERENCE_CONTEXT_ONLY
CGP006-ALLOC-0734,CGP005-RC-0734,CGSRC-GOV-0076,ES-CG-00,ES-CG-00;ES-CG-01;ES-CG-13;ES-CG-10,CGP005_REFERENCE_CORPUS_ROW,0,REFERENCE_CORPUS_INDEXED_NOT_NORMATIVE,REFERENCE_CONTEXT_ONLY
CGP006-ALLOC-0735,CGP005-RC-0735,CGSRC-GOV-0077,ES-CG-00,ES-CG-00;ES-CG-01;ES-CG-13,CGP005_REFERENCE_CORPUS_ROW,0,REFERENCE_CORPUS_INDEXED_NOT_NORMATIVE,REFERENCE_CONTEXT_ONLY
CGP006-ALLOC-0736,CGP005-RC-0736,CGSRC-GOV-0078,ES-CG-00,ES-CG-00;ES-CG-01;ES-CG-13,CGP005_REFERENCE_CORPUS_ROW,0,REFERENCE_CORPUS_INDEXED_NOT_NORMATIVE,REFERENCE_CONTEXT_ONLY
CGP006-ALLOC-0737,CGP005-RC-0737,CGSRC-GOV-0079,ES-CG-00,ES-CG-00;ES-CG-01;ES-CG-13,CGP005_REFERENCE_CORPUS_ROW,0,REFERENCE_CORPUS_INDEXED_NOT_NORMATIVE,REFERENCE_CONTEXT_ONLY
CGP006-ALLOC-0738,CGP005-RC-0738,CGSRC-GOV-0080,ES-CG-00,ES-CG-00;ES-CG-01;ES-CG-13;ES-CG-10,CGP005_REFERENCE_CORPUS_ROW,0,REFERENCE_CORPUS_INDEXED_NOT_NORMATIVE,REFERENCE_CONTEXT_ONLY
CGP006-ALLOC-0739,CGP005-RC-0739,CGSRC-GOV-0081,ES-CG-00,ES-CG-00;ES-CG-01;ES-CG-13;ES-CG-10,CGP005_REFERENCE_CORPUS_ROW,0,REFERENCE_CORPUS_INDEXED_NOT_NORMATIVE,REFERENCE_CONTEXT_ONLY
CGP006-ALLOC-0740,CGP005-RC-0740,CGSRC-GOV-0082,ES-CG-00,ES-CG-00;ES-CG-01;ES-CG-13,CGP005_REFERENCE_CORPUS_ROW,0,REFERENCE_CORPUS_INDEXED_NOT_NORMATIVE,REFERENCE_CONTEXT_ONLY
CGP006-ALLOC-0741,CGP005-RC-0741,CGSRC-GOV-0083,ES-CG-00,ES-CG-00;ES-CG-01;ES-CG-13,CGP005_REFERENCE_CORPUS_ROW,0,REFERENCE_CORPUS_INDEXED_NOT_NORMATIVE,REFERENCE_CONTEXT_ONLY
CGP006-ALLOC-0742,CGP005-RC-0742,CGSRC-GOV-0084,ES-CG-00,ES-CG-00;ES-CG-01;ES-CG-13,CGP005_REFERENCE_CORPUS_ROW,0,REFERENCE_CORPUS_INDEXED_NOT_NORMATIVE,REFERENCE_CONTEXT_ONLY
CGP006-ALLOC-0743,CGP005-RC-0743,CGSRC-GOV-0085,ES-CG-00,ES-CG-00;ES-CG-01;ES-CG-13,CGP005_REFERENCE_CORPUS_ROW,0,REFERENCE_CORPUS_INDEXED_NOT_NORMATIVE,REFERENCE_CONTEXT_ONLY
CGP006-ALLOC-0744,CGP005-RC-0744,CGSRC-GOV-0086,ES-CG-00,ES-CG-00;ES-CG-01;ES-CG-13,CGP005_REFERENCE_CORPUS_ROW,0,REFERENCE_CORPUS_INDEXED_NOT_NORMATIVE,REFERENCE_CONTEXT_ONLY
CGP006-ALLOC-0745,CGP005-RC-0745,CGSRC-GOV-0087,ES-CG-00,ES-CG-00;ES-CG-01;ES-CG-13,CGP005_REFERENCE_CORPUS_ROW,0,REFERENCE_CORPUS_INDEXED_NOT_NORMATIVE,REFERENCE_CONTEXT_ONLY
CGP006-ALLOC-0746,CGP005-RC-0746,CGSRC-GOV-0088,ES-CG-00,ES-CG-00;ES-CG-01;ES-CG-13,CGP005_REFERENCE_CORPUS_ROW,0,REFERENCE_CORPUS_INDEXED_NOT_NORMATIVE,REFERENCE_CONTEXT_ONLY
CGP006-ALLOC-0747,CGP005-RC-0747,CGSRC-GOV-0089,ES-CG-00,ES-CG-00;ES-CG-01;ES-CG-13,CGP005_REFERENCE_CORPUS_ROW,0,REFERENCE_CORPUS_INDEXED_NOT_NORMATIVE,REFERENCE_CONTEXT_ONLY
CGP006-ALLOC-0748,CGP005-RC-0748,CGSRC-GOV-0090,ES-CG-00,ES-CG-00;ES-CG-01;ES-CG-13,CGP005_REFERENCE_CORPUS_ROW,0,REFERENCE_CORPUS_INDEXED_NOT_NORMATIVE,REFERENCE_CONTEXT_ONLY
CGP006-ALLOC-0749,CGP005-RC-0749,CGSRC-GOV-0091,ES-CG-00,ES-CG-00;ES-CG-01;ES-CG-13,CGP005_REFERENCE_CORPUS_ROW,0,REFERENCE_CORPUS_INDEXED_NOT_NORMATIVE,REFERENCE_CONTEXT_ONLY
CGP006-ALLOC-0750,CGP005-RC-0750,CGSRC-GOV-0092,ES-CG-00,ES-CG-00;ES-CG-01;ES-CG-13,CGP005_REFERENCE_CORPUS_ROW,0,REFERENCE_CORPUS_INDEXED_NOT_NORMATIVE,REFERENCE_CONTEXT_ONLY
CGP006-ALLOC-0751,CGP005-RC-0751,CGSRC-GOV-0093,ES-CG-00,ES-CG-00;ES-CG-01;ES-CG-13,CGP005_REFERENCE_CORPUS_ROW,0,REFERENCE_CORPUS_INDEXED_NOT_NORMATIVE,REFERENCE_CONTEXT_ONLY
CGP006-ALLOC-0752,CGP005-RC-0752,CGSRC-GOV-0094,ES-CG-00,ES-CG-00;ES-CG-01;ES-CG-13,CGP005_REFERENCE_CORPUS_ROW,0,REFERENCE_CORPUS_INDEXED_NOT_NORMATIVE,REFERENCE_CONTEXT_ONLY
CGP006-ALLOC-0753,CGP005-RC-0753,CGSRC-GOV-0095,ES-CG-00,ES-CG-00;ES-CG-01;ES-CG-13;ES-CG-10,CGP005_REFERENCE_CORPUS_ROW,0,REFERENCE_CORPUS_INDEXED_NOT_NORMATIVE,REFERENCE_CONTEXT_ONLY
CGP006-ALLOC-0754,CGP005-RC-0754,CGSRC-GOV-0096,ES-CG-00,ES-CG-00;ES-CG-01;ES-CG-13,CGP005_REFERENCE_CORPUS_ROW,0,REFERENCE_CORPUS_INDEXED_NOT_NORMATIVE,REFERENCE_CONTEXT_ONLY
CGP006-ALLOC-0755,CGP005-RC-0755,CGSRC-GOV-0097,ES-CG-00,ES-CG-00;ES-CG-01;ES-CG-13,CGP005_REFERENCE_CORPUS_ROW,0,REFERENCE_CORPUS_INDEXED_NOT_NORMATIVE,REFERENCE_CONTEXT_ONLY
CGP006-ALLOC-0756,CGP005-RC-0756,CGSRC-GOV-0098,ES-CG-00,ES-CG-00;ES-CG-01;ES-CG-13,CGP005_REFERENCE_CORPUS_ROW,0,REFERENCE_CORPUS_INDEXED_NOT_NORMATIVE,REFERENCE_CONTEXT_ONLY
CGP006-ALLOC-0757,CGP005-RC-0757,CGSRC-GOV-0099,ES-CG-00,ES-CG-00;ES-CG-01;ES-CG-13,CGP005_REFERENCE_CORPUS_ROW,0,REFERENCE_CORPUS_INDEXED_NOT_NORMATIVE,REFERENCE_CONTEXT_ONLY
CGP006-ALLOC-0758,CGP005-RC-0758,CGSRC-GOV-0100,ES-CG-00,ES-CG-00;ES-CG-01;ES-CG-13,CGP005_REFERENCE_CORPUS_ROW,0,REFERENCE_CORPUS_INDEXED_NOT_NORMATIVE,REFERENCE_CONTEXT_ONLY
CGP006-ALLOC-0759,CGP005-RC-0759,CGSRC-GOV-0101,ES-CG-00,ES-CG-00;ES-CG-01;ES-CG-13,CGP005_REFERENCE_CORPUS_ROW,0,REFERENCE_CORPUS_INDEXED_NOT_NORMATIVE,REFERENCE_CONTEXT_ONLY
CGP006-ALLOC-0760,CGP005-RC-0760,CGSRC-GOV-0102,ES-CG-00,ES-CG-00;ES-CG-01;ES-CG-13,CGP005_REFERENCE_CORPUS_ROW,0,REFERENCE_CORPUS_INDEXED_NOT_NORMATIVE,REFERENCE_CONTEXT_ONLY
CGP006-ALLOC-0761,CGP005-RC-0761,CGSRC-GOV-0103,ES-CG-00,ES-CG-00;ES-CG-01;ES-CG-13,CGP005_REFERENCE_CORPUS_ROW,0,REFERENCE_CORPUS_INDEXED_NOT_NORMATIVE,REFERENCE_CONTEXT_ONLY
CGP006-ALLOC-0762,CGP005-RC-0762,CGSRC-GOV-0104,ES-CG-00,ES-CG-00;ES-CG-01;ES-CG-13;ES-CG-10,CGP005_REFERENCE_CORPUS_ROW,0,REFERENCE_CORPUS_INDEXED_NOT_NORMATIVE,REFERENCE_CONTEXT_ONLY
CGP006-ALLOC-0763,CGP005-RC-0763,CGSRC-GOV-0105,ES-CG-00,ES-CG-00;ES-CG-01;ES-CG-13,CGP005_REFERENCE_CORPUS_ROW,0,REFERENCE_CORPUS_INDEXED_NOT_NORMATIVE,REFERENCE_CONTEXT_ONLY
CGP006-ALLOC-0764,CGP005-RC-0764,CGSRC-GOV-0106,ES-CG-00,ES-CG-00;ES-CG-01;ES-CG-13,CGP005_REFERENCE_CORPUS_ROW,0,REFERENCE_CORPUS_INDEXED_NOT_NORMATIVE,REFERENCE_CONTEXT_ONLY
CGP006-ALLOC-0765,CGP005-RC-0765,CGSRC-GOV-0107,ES-CG-00,ES-CG-00;ES-CG-01;ES-CG-13;ES-CG-10,CGP005_REFERENCE_CORPUS_ROW,0,REFERENCE_CORPUS_INDEXED_NOT_NORMATIVE,REFERENCE_CONTEXT_ONLY
CGP006-ALLOC-0766,CGP005-RC-0766,CGSRC-GOV-0108,ES-CG-00,ES-CG-00;ES-CG-01;ES-CG-13,CGP005_REFERENCE_CORPUS_ROW,0,REFERENCE_CORPUS_INDEXED_NOT_NORMATIVE,REFERENCE_CONTEXT_ONLY
CGP006-ALLOC-0767,CGP005-RC-0767,CGSRC-GOV-0109,ES-CG-00,ES-CG-00;ES-CG-01;ES-CG-13,CGP005_REFERENCE_CORPUS_ROW,0,REFERENCE_CORPUS_INDEXED_NOT_NORMATIVE,REFERENCE_CONTEXT_ONLY
CGP006-ALLOC-0768,CGP005-RC-0768,CGSRC-GOV-0110,ES-CG-00,ES-CG-00;ES-CG-01;ES-CG-13,CGP005_REFERENCE_CORPUS_ROW,0,REFERENCE_CORPUS_INDEXED_NOT_NORMATIVE,REFERENCE_CONTEXT_ONLY
CGP006-ALLOC-0769,CGP005-RC-0769,CGSRC-GOV-0111,ES-CG-00,ES-CG-00;ES-CG-01;ES-CG-13,CGP005_REFERENCE_CORPUS_ROW,0,REFERENCE_CORPUS_INDEXED_NOT_NORMATIVE,REFERENCE_CONTEXT_ONLY
CGP006-ALLOC-0770,CGP005-RC-0770,CGSRC-GOV-0112,ES-CG-00,ES-CG-00;ES-CG-01;ES-CG-13,CGP005_REFERENCE_CORPUS_ROW,0,REFERENCE_CORPUS_INDEXED_NOT_NORMATIVE,REFERENCE_CONTEXT_ONLY
CGP006-ALLOC-0771,CGP005-RC-0771,CGSRC-GOV-0113,ES-CG-00,ES-CG-00;ES-CG-01;ES-CG-13,CGP005_REFERENCE_CORPUS_ROW,0,REFERENCE_CORPUS_INDEXED_NOT_NORMATIVE,REFERENCE_CONTEXT_ONLY
CGP006-ALLOC-0772,CGP005-RC-0772,CGSRC-GOV-0114,ES-CG-00,ES-CG-00;ES-CG-01;ES-CG-13,CGP005_REFERENCE_CORPUS_ROW,0,REFERENCE_CORPUS_INDEXED_NOT_NORMATIVE,REFERENCE_CONTEXT_ONLY
CGP006-ALLOC-0773,CGP005-RC-0773,CGSRC-GOV-0115,ES-CG-00,ES-CG-00;ES-CG-01;ES-CG-13,CGP005_REFERENCE_CORPUS_ROW,0,REFERENCE_CORPUS_INDEXED_NOT_NORMATIVE,REFERENCE_CONTEXT_ONLY
CGP006-ALLOC-0774,CGP005-RC-0774,CGSRC-GOV-0116,ES-CG-00,ES-CG-00;ES-CG-01;ES-CG-13,CGP005_REFERENCE_CORPUS_ROW,0,REFERENCE_CORPUS_INDEXED_NOT_NORMATIVE,REFERENCE_CONTEXT_ONLY
CGP006-ALLOC-0775,CGP005-RC-0775,CGSRC-GOV-0117,ES-CG-00,ES-CG-00;ES-CG-01;ES-CG-13,CGP005_REFERENCE_CORPUS_ROW,0,REFERENCE_CORPUS_INDEXED_NOT_NORMATIVE,REFERENCE_CONTEXT_ONLY
CGP006-ALLOC-0776,CGP005-RC-0776,CGSRC-GOV-0118,ES-CG-00,ES-CG-00;ES-CG-01;ES-CG-13,CGP005_REFERENCE_CORPUS_ROW,0,REFERENCE_CORPUS_INDEXED_NOT_NORMATIVE,REFERENCE_CONTEXT_ONLY
CGP006-ALLOC-0777,CGP005-RC-0777,CGSRC-GOV-0119,ES-CG-00,ES-CG-00;ES-CG-01;ES-CG-13,CGP005_REFERENCE_CORPUS_ROW,0,REFERENCE_CORPUS_INDEXED_NOT_NORMATIVE,REFERENCE_CONTEXT_ONLY
CGP006-ALLOC-0778,CGP005-RC-0778,CGSRC-GOV-0120,ES-CG-00,ES-CG-00;ES-CG-01;ES-CG-13,CGP005_REFERENCE_CORPUS_ROW,0,REFERENCE_CORPUS_INDEXED_NOT_NORMATIVE,REFERENCE_CONTEXT_ONLY
CGP006-ALLOC-0779,CGP005-RC-0779,CGSRC-GOV-0121,ES-CG-00,ES-CG-00;ES-CG-01;ES-CG-13,CGP005_REFERENCE_CORPUS_ROW,0,REFERENCE_CORPUS_INDEXED_NOT_NORMATIVE,REFERENCE_CONTEXT_ONLY
CGP006-ALLOC-0780,CGP005-RC-0780,CGSRC-GOV-0122,ES-CG-00,ES-CG-00;ES-CG-01;ES-CG-13,CGP005_REFERENCE_CORPUS_ROW,0,REFERENCE_CORPUS_INDEXED_NOT_NORMATIVE,REFERENCE_CONTEXT_ONLY
CGP006-ALLOC-0781,CGP005-RC-0781,CGSRC-GOV-0123,ES-CG-00,ES-CG-00;ES-CG-01;ES-CG-13,CGP005_REFERENCE_CORPUS_ROW,0,REFERENCE_CORPUS_INDEXED_NOT_NORMATIVE,REFERENCE_CONTEXT_ONLY
CGP006-ALLOC-0782,CGP005-RC-0782,CGSRC-GOV-0124,ES-CG-00,ES-CG-00;ES-CG-01;ES-CG-13,CGP005_REFERENCE_CORPUS_ROW,0,REFERENCE_CORPUS_INDEXED_NOT_NORMATIVE,REFERENCE_CONTEXT_ONLY
CGP006-ALLOC-0783,CGP005-RC-0783,CGSRC-GOV-0125,ES-CG-00,ES-CG-00;ES-CG-01;ES-CG-13,CGP005_REFERENCE_CORPUS_ROW,0,REFERENCE_CORPUS_INDEXED_NOT_NORMATIVE,REFERENCE_CONTEXT_ONLY
CGP006-ALLOC-0784,CGP005-RC-0784,CGSRC-GOV-0126,ES-CG-00,ES-CG-00;ES-CG-01;ES-CG-13,CGP005_REFERENCE_CORPUS_ROW,0,REFERENCE_CORPUS_INDEXED_NOT_NORMATIVE,REFERENCE_CONTEXT_ONLY
CGP006-ALLOC-0785,CGP005-RC-0785,CGSRC-GOV-0127,ES-CG-00,ES-CG-00;ES-CG-01;ES-CG-13,CGP005_REFERENCE_CORPUS_ROW,0,REFERENCE_CORPUS_INDEXED_NOT_NORMATIVE,REFERENCE_CONTEXT_ONLY
CGP006-ALLOC-0786,CGP005-RC-0786,CGSRC-GOV-0128,ES-CG-00,ES-CG-00;ES-CG-01;ES-CG-13,CGP005_REFERENCE_CORPUS_ROW,0,REFERENCE_CORPUS_INDEXED_NOT_NORMATIVE,REFERENCE_CONTEXT_ONLY
CGP006-ALLOC-0787,CGP005-RC-0787,CGSRC-GOV-0129,ES-CG-00,ES-CG-00;ES-CG-01;ES-CG-13,CGP005_REFERENCE_CORPUS_ROW,0,REFERENCE_CORPUS_INDEXED_NOT_NORMATIVE,REFERENCE_CONTEXT_ONLY
CGP006-ALLOC-0788,CGP005-RC-0788,CGSRC-GOV-0130,ES-CG-00,ES-CG-00;ES-CG-01;ES-CG-13,CGP005_REFERENCE_CORPUS_ROW,0,REFERENCE_CORPUS_INDEXED_NOT_NORMATIVE,REFERENCE_CONTEXT_ONLY
CGP006-ALLOC-0789,CGP005-RC-0789,CGSRC-GOV-0131,ES-CG-00,ES-CG-00;ES-CG-01;ES-CG-13,CGP005_REFERENCE_CORPUS_ROW,0,REFERENCE_CORPUS_INDEXED_NOT_NORMATIVE,REFERENCE_CONTEXT_ONLY
CGP006-ALLOC-0790,CGP005-RC-0790,CGSRC-GOV-0132,ES-CG-00,ES-CG-00;ES-CG-01;ES-CG-13,CGP005_REFERENCE_CORPUS_ROW,0,REFERENCE_CORPUS_INDEXED_NOT_NORMATIVE,REFERENCE_CONTEXT_ONLY
CGP006-ALLOC-0791,CGP005-RC-0791,CGSRC-GOV-0133,ES-CG-00,ES-CG-00;ES-CG-01;ES-CG-13,CGP005_REFERENCE_CORPUS_ROW,0,REFERENCE_CORPUS_INDEXED_NOT_NORMATIVE,REFERENCE_CONTEXT_ONLY
CGP006-ALLOC-0792,CGP005-RC-0792,CGSRC-GOV-0134,ES-CG-00,ES-CG-00;ES-CG-01;ES-CG-13;ES-CG-10,CGP005_REFERENCE_CORPUS_ROW,0,REFERENCE_CORPUS_INDEXED_NOT_NORMATIVE,REFERENCE_CONTEXT_ONLY
CGP006-ALLOC-0793,CGP005-RC-0793,CGSRC-GOV-0135,ES-CG-00,ES-CG-00;ES-CG-01;ES-CG-13,CGP005_REFERENCE_CORPUS_ROW,0,REFERENCE_CORPUS_INDEXED_NOT_NORMATIVE,REFERENCE_CONTEXT_ONLY
CGP006-ALLOC-0794,CGP005-RC-0794,CGSRC-GOV-0136,ES-CG-00,ES-CG-00;ES-CG-01;ES-CG-13,CGP005_REFERENCE_CORPUS_ROW,0,REFERENCE_CORPUS_INDEXED_NOT_NORMATIVE,REFERENCE_CONTEXT_ONLY
CGP006-ALLOC-0795,CGP005-RC-0795,CGSRC-GOV-0137,ES-CG-00,ES-CG-00;ES-CG-01;ES-CG-13,CGP005_REFERENCE_CORPUS_ROW,0,REFERENCE_CORPUS_INDEXED_NOT_NORMATIVE,REFERENCE_CONTEXT_ONLY
CGP006-ALLOC-0796,CGP005-RC-0796,CGSRC-GOV-0138,ES-CG-00,ES-CG-00;ES-CG-01;ES-CG-13,CGP005_REFERENCE_CORPUS_ROW,0,REFERENCE_CORPUS_INDEXED_NOT_NORMATIVE,REFERENCE_CONTEXT_ONLY
CGP006-ALLOC-0797,CGP005-RC-0797,CGSRC-GOV-0139,ES-CG-00,ES-CG-00;ES-CG-01;ES-CG-13,CGP005_REFERENCE_CORPUS_ROW,0,REFERENCE_CORPUS_INDEXED_NOT_NORMATIVE,REFERENCE_CONTEXT_ONLY
CGP006-ALLOC-0798,CGP005-RC-0798,CGSRC-GOV-0140,ES-CG-00,ES-CG-00;ES-CG-01;ES-CG-13,CGP005_REFERENCE_CORPUS_ROW,0,REFERENCE_CORPUS_INDEXED_NOT_NORMATIVE,REFERENCE_CONTEXT_ONLY
CGP006-ALLOC-0799,CGP005-RC-0799,CGSRC-GOV-0141,ES-CG-00,ES-CG-00;ES-CG-01;ES-CG-13,CGP005_REFERENCE_CORPUS_ROW,0,REFERENCE_CORPUS_INDEXED_NOT_NORMATIVE,REFERENCE_CONTEXT_ONLY
CGP006-ALLOC-0800,CGP005-RC-0800,CGSRC-GOV-0142,ES-CG-00,ES-CG-00;ES-CG-01;ES-CG-13,CGP005_REFERENCE_CORPUS_ROW,0,REFERENCE_CORPUS_INDEXED_NOT_NORMATIVE,REFERENCE_CONTEXT_ONLY
CGP006-ALLOC-0801,CGP005-RC-0801,CGSRC-GOV-0143,ES-CG-00,ES-CG-00;ES-CG-01;ES-CG-13,CGP005_REFERENCE_CORPUS_ROW,0,REFERENCE_CORPUS_INDEXED_NOT_NORMATIVE,REFERENCE_CONTEXT_ONLY
CGP006-ALLOC-0802,CGP005-RC-0802,CGSRC-GOV-0144,ES-CG-00,ES-CG-00;ES-CG-01;ES-CG-13,CGP005_REFERENCE_CORPUS_ROW,0,REFERENCE_CORPUS_INDEXED_NOT_NORMATIVE,REFERENCE_CONTEXT_ONLY
CGP006-ALLOC-0803,CGP005-RC-0803,CGSRC-GOV-0145,ES-CG-00,ES-CG-00;ES-CG-01;ES-CG-13,CGP005_REFERENCE_CORPUS_ROW,0,REFERENCE_CORPUS_INDEXED_NOT_NORMATIVE,REFERENCE_CONTEXT_ONLY
CGP006-ALLOC-0804,CGP005-RC-0804,CGSRC-GOV-0146,ES-CG-00,ES-CG-00;ES-CG-01;ES-CG-13;ES-CG-10,CGP005_REFERENCE_CORPUS_ROW,0,REFERENCE_CORPUS_INDEXED_NOT_NORMATIVE,REFERENCE_CONTEXT_ONLY
CGP006-ALLOC-0805,CGP005-RC-0805,CGSRC-GOV-0147,ES-CG-00,ES-CG-00;ES-CG-01;ES-CG-13;ES-CG-10,CGP005_REFERENCE_CORPUS_ROW,0,REFERENCE_CORPUS_INDEXED_NOT_NORMATIVE,REFERENCE_CONTEXT_ONLY
CGP006-ALLOC-0806,CGP005-RC-0806,CGSRC-GOV-0148,ES-CG-00,ES-CG-00;ES-CG-01;ES-CG-13;ES-CG-10,CGP005_REFERENCE_CORPUS_ROW,0,REFERENCE_CORPUS_INDEXED_NOT_NORMATIVE,REFERENCE_CONTEXT_ONLY
CGP006-ALLOC-0807,CGP005-RC-0807,CGSRC-GOV-0149,ES-CG-00,ES-CG-00;ES-CG-01;ES-CG-13;ES-CG-10,CGP005_REFERENCE_CORPUS_ROW,0,REFERENCE_CORPUS_INDEXED_NOT_NORMATIVE,REFERENCE_CONTEXT_ONLY
CGP006-ALLOC-0808,CGP005-RC-0808,CGSRC-GOV-0150,ES-CG-00,ES-CG-00;ES-CG-01;ES-CG-13,CGP005_REFERENCE_CORPUS_ROW,0,REFERENCE_CORPUS_INDEXED_NOT_NORMATIVE,REFERENCE_CONTEXT_ONLY
CGP006-ALLOC-0809,CGP005-RC-0809,CGSRC-GOV-0151,ES-CG-00,ES-CG-00;ES-CG-01;ES-CG-13,CGP005_REFERENCE_CORPUS_ROW,0,REFERENCE_CORPUS_INDEXED_NOT_NORMATIVE,REFERENCE_CONTEXT_ONLY
CGP006-ALLOC-0810,CGP005-RC-0810,CGSRC-GOV-0152,ES-CG-00,ES-CG-00;ES-CG-01;ES-CG-13,CGP005_REFERENCE_CORPUS_ROW,0,REFERENCE_CORPUS_INDEXED_NOT_NORMATIVE,REFERENCE_CONTEXT_ONLY
CGP006-ALLOC-0811,CGP005-RC-0811,CGSRC-GOV-0153,ES-CG-00,ES-CG-00;ES-CG-01;ES-CG-13,CGP005_REFERENCE_CORPUS_ROW,0,REFERENCE_CORPUS_INDEXED_NOT_NORMATIVE,REFERENCE_CONTEXT_ONLY
CGP006-ALLOC-0812,CGP005-RC-0812,CGSRC-GOV-0154,ES-CG-00,ES-CG-00;ES-CG-01;ES-CG-13,CGP005_REFERENCE_CORPUS_ROW,0,REFERENCE_CORPUS_INDEXED_NOT_NORMATIVE,REFERENCE_CONTEXT_ONLY
CGP006-ALLOC-0813,CGP005-RC-0813,CGSRC-GOV-0155,ES-CG-00,ES-CG-00;ES-CG-01;ES-CG-13,CGP005_REFERENCE_CORPUS_ROW,0,REFERENCE_CORPUS_INDEXED_NOT_NORMATIVE,REFERENCE_CONTEXT_ONLY
CGP006-ALLOC-0814,CGP005-RC-0814,CGSRC-GOV-0156,ES-CG-00,ES-CG-00;ES-CG-01;ES-CG-13,CGP005_REFERENCE_CORPUS_ROW,0,REFERENCE_CORPUS_INDEXED_NOT_NORMATIVE,REFERENCE_CONTEXT_ONLY
CGP006-ALLOC-0815,CGP005-RC-0815,CGSRC-GOV-0157,ES-CG-00,ES-CG-00;ES-CG-01;ES-CG-13,CGP005_REFERENCE_CORPUS_ROW,0,REFERENCE_CORPUS_INDEXED_NOT_NORMATIVE,REFERENCE_CONTEXT_ONLY
CGP006-ALLOC-0816,CGP005-RC-0816,CGSRC-GOV-0158,ES-CG-00,ES-CG-00;ES-CG-01;ES-CG-13,CGP005_REFERENCE_CORPUS_ROW,0,REFERENCE_CORPUS_INDEXED_NOT_NORMATIVE,REFERENCE_CONTEXT_ONLY
CGP006-ALLOC-0817,CGP005-RC-0817,CGSRC-GOV-0159,ES-CG-00,ES-CG-00;ES-CG-01;ES-CG-13,CGP005_REFERENCE_CORPUS_ROW,0,REFERENCE_CORPUS_INDEXED_NOT_NORMATIVE,REFERENCE_CONTEXT_ONLY
CGP006-ALLOC-0818,CGP005-RC-0818,CGSRC-GOV-0160,ES-CG-00,ES-CG-00;ES-CG-01;ES-CG-13,CGP005_REFERENCE_CORPUS_ROW,0,REFERENCE_CORPUS_INDEXED_NOT_NORMATIVE,REFERENCE_CONTEXT_ONLY
CGP006-ALLOC-0819,CGP005-RC-0819,CGSRC-GOV-0161,ES-CG-00,ES-CG-00;ES-CG-01;ES-CG-13,CGP005_REFERENCE_CORPUS_ROW,0,REFERENCE_CORPUS_INDEXED_NOT_NORMATIVE,REFERENCE_CONTEXT_ONLY
CGP006-ALLOC-0820,CGP005-RC-0820,CGSRC-GOV-0162,ES-CG-00,ES-CG-00;ES-CG-01;ES-CG-13;ES-CG-10,CGP005_REFERENCE_CORPUS_ROW,0,REFERENCE_CORPUS_INDEXED_NOT_NORMATIVE,REFERENCE_CONTEXT_ONLY
CGP006-ALLOC-0821,CGP005-RC-0821,CGSRC-GOV-0163,ES-CG-00,ES-CG-00;ES-CG-01;ES-CG-13,CGP005_REFERENCE_CORPUS_ROW,0,REFERENCE_CORPUS_INDEXED_NOT_NORMATIVE,REFERENCE_CONTEXT_ONLY
CGP006-ALLOC-0822,CGP005-RC-0822,CGSRC-GOV-0164,ES-CG-00,ES-CG-00;ES-CG-01;ES-CG-13,CGP005_REFERENCE_CORPUS_ROW,0,REFERENCE_CORPUS_INDEXED_NOT_NORMATIVE,REFERENCE_CONTEXT_ONLY
CGP006-ALLOC-0823,CGP005-RC-0823,CGSRC-GOV-0165,ES-CG-00,ES-CG-00;ES-CG-01;ES-CG-13,CGP005_REFERENCE_CORPUS_ROW,0,REFERENCE_CORPUS_INDEXED_NOT_NORMATIVE,REFERENCE_CONTEXT_ONLY
CGP006-ALLOC-0824,CGP005-RC-0824,CGSRC-GOV-0166,ES-CG-00,ES-CG-00;ES-CG-01;ES-CG-13,CGP005_REFERENCE_CORPUS_ROW,0,REFERENCE_CORPUS_INDEXED_NOT_NORMATIVE,REFERENCE_CONTEXT_ONLY
CGP006-ALLOC-0825,CGP005-RC-0825,CGSRC-GOV-0167,ES-CG-00,ES-CG-00;ES-CG-01;ES-CG-13,CGP005_REFERENCE_CORPUS_ROW,0,REFERENCE_CORPUS_INDEXED_NOT_NORMATIVE,REFERENCE_CONTEXT_ONLY
CGP006-ALLOC-0826,CGP005-RC-0826,CGSRC-GOV-0168,ES-CG-00,ES-CG-00;ES-CG-01;ES-CG-13,CGP005_REFERENCE_CORPUS_ROW,0,REFERENCE_CORPUS_INDEXED_NOT_NORMATIVE,REFERENCE_CONTEXT_ONLY
CGP006-ALLOC-0827,CGP005-RC-0827,CGSRC-GOV-0169,ES-CG-00,ES-CG-00;ES-CG-01;ES-CG-13,CGP005_REFERENCE_CORPUS_ROW,0,REFERENCE_CORPUS_INDEXED_NOT_NORMATIVE,REFERENCE_CONTEXT_ONLY
CGP006-ALLOC-0828,CGP005-RC-0828,CGSRC-GOV-0170,ES-CG-00,ES-CG-00;ES-CG-01;ES-CG-13;ES-CG-10,CGP005_REFERENCE_CORPUS_ROW,0,REFERENCE_CORPUS_INDEXED_NOT_NORMATIVE,REFERENCE_CONTEXT_ONLY
CGP006-ALLOC-0829,CGP005-RC-0829,CGSRC-GOV-0171,ES-CG-00,ES-CG-00;ES-CG-01;ES-CG-13,CGP005_REFERENCE_CORPUS_ROW,0,REFERENCE_CORPUS_INDEXED_NOT_NORMATIVE,REFERENCE_CONTEXT_ONLY
CGP006-ALLOC-0830,CGP005-RC-0830,CGSRC-GOV-0172,ES-CG-00,ES-CG-00;ES-CG-01;ES-CG-13,CGP005_REFERENCE_CORPUS_ROW,0,REFERENCE_CORPUS_INDEXED_NOT_NORMATIVE,REFERENCE_CONTEXT_ONLY
CGP006-ALLOC-0831,CGP005-RC-0831,CGSRC-GOV-0173,ES-CG-00,ES-CG-00;ES-CG-01;ES-CG-13,CGP005_REFERENCE_CORPUS_ROW,0,REFERENCE_CORPUS_INDEXED_NOT_NORMATIVE,REFERENCE_CONTEXT_ONLY
CGP006-ALLOC-0832,CGP005-RC-0832,CGSRC-GOV-0174,ES-CG-00,ES-CG-00;ES-CG-01;ES-CG-13;ES-CG-10,CGP005_REFERENCE_CORPUS_ROW,0,REFERENCE_CORPUS_INDEXED_NOT_NORMATIVE,REFERENCE_CONTEXT_ONLY
CGP006-ALLOC-0833,CGP005-RC-0833,CGSRC-GOV-0175,ES-CG-00,ES-CG-00;ES-CG-01;ES-CG-13;ES-CG-10,CGP005_REFERENCE_CORPUS_ROW,0,REFERENCE_CORPUS_INDEXED_NOT_NORMATIVE,REFERENCE_CONTEXT_ONLY
CGP006-ALLOC-0834,CGP005-RC-0834,CGSRC-GOV-0176,ES-CG-00,ES-CG-00;ES-CG-01;ES-CG-13;ES-CG-10,CGP005_REFERENCE_CORPUS_ROW,0,REFERENCE_CORPUS_INDEXED_NOT_NORMATIVE,REFERENCE_CONTEXT_ONLY
CGP006-ALLOC-0835,CGP005-RC-0835,CGSRC-GOV-0177,ES-CG-00,ES-CG-00;ES-CG-01;ES-CG-13;ES-CG-10,CGP005_REFERENCE_CORPUS_ROW,0,REFERENCE_CORPUS_INDEXED_NOT_NORMATIVE,REFERENCE_CONTEXT_ONLY
CGP006-ALLOC-0836,CGP005-RC-0836,CGSRC-GOV-0178,ES-CG-00,ES-CG-00;ES-CG-01;ES-CG-13;ES-CG-10,CGP005_REFERENCE_CORPUS_ROW,0,REFERENCE_CORPUS_INDEXED_NOT_NORMATIVE,REFERENCE_CONTEXT_ONLY
CGP006-ALLOC-0837,CGP005-RC-0837,CGSRC-GOV-0179,ES-CG-00,ES-CG-00;ES-CG-01;ES-CG-13;ES-CG-10,CGP005_REFERENCE_CORPUS_ROW,0,REFERENCE_CORPUS_INDEXED_NOT_NORMATIVE,REFERENCE_CONTEXT_ONLY
CGP006-ALLOC-0838,CGP005-RC-0838,CGSRC-GOV-0180,ES-CG-00,ES-CG-00;ES-CG-01;ES-CG-13;ES-CG-10,CGP005_REFERENCE_CORPUS_ROW,0,REFERENCE_CORPUS_INDEXED_NOT_NORMATIVE,REFERENCE_CONTEXT_ONLY
CGP006-ALLOC-0839,CGP005-RC-0839,CGSRC-GOV-0181,ES-CG-00,ES-CG-00;ES-CG-01;ES-CG-13;ES-CG-10,CGP005_REFERENCE_CORPUS_ROW,0,REFERENCE_CORPUS_INDEXED_NOT_NORMATIVE,REFERENCE_CONTEXT_ONLY
CGP006-ALLOC-0840,CGP005-RC-0840,CGSRC-GOV-0182,ES-CG-00,ES-CG-00;ES-CG-01;ES-CG-13;ES-CG-10,CGP005_REFERENCE_CORPUS_ROW,0,REFERENCE_CORPUS_INDEXED_NOT_NORMATIVE,REFERENCE_CONTEXT_ONLY
CGP006-ALLOC-0841,CGP005-RC-0841,CGSRC-GOV-0183,ES-CG-00,ES-CG-00;ES-CG-01;ES-CG-13;ES-CG-10,CGP005_REFERENCE_CORPUS_ROW,0,REFERENCE_CORPUS_INDEXED_NOT_NORMATIVE,REFERENCE_CONTEXT_ONLY
CGP006-ALLOC-0842,CGP005-RC-0842,CGSRC-GOV-0184,ES-CG-00,ES-CG-00;ES-CG-01;ES-CG-13;ES-CG-10,CGP005_REFERENCE_CORPUS_ROW,0,REFERENCE_CORPUS_INDEXED_NOT_NORMATIVE,REFERENCE_CONTEXT_ONLY
CGP006-ALLOC-0843,CGP005-RC-0843,CGSRC-GOV-0185,ES-CG-00,ES-CG-00;ES-CG-01;ES-CG-13;ES-CG-10,CGP005_REFERENCE_CORPUS_ROW,0,REFERENCE_CORPUS_INDEXED_NOT_NORMATIVE,REFERENCE_CONTEXT_ONLY
CGP006-ALLOC-0844,CGP005-RC-0844,CGSRC-GOV-0186,ES-CG-00,ES-CG-00;ES-CG-01;ES-CG-13;ES-CG-10,CGP005_REFERENCE_CORPUS_ROW,0,REFERENCE_CORPUS_INDEXED_NOT_NORMATIVE,REFERENCE_CONTEXT_ONLY
CGP006-ALLOC-0845,CGP005-RC-0845,CGSRC-GOV-0187,ES-CG-00,ES-CG-00;ES-CG-01;ES-CG-13;ES-CG-10,CGP005_REFERENCE_CORPUS_ROW,0,REFERENCE_CORPUS_INDEXED_NOT_NORMATIVE,REFERENCE_CONTEXT_ONLY
CGP006-ALLOC-0846,CGP005-RC-0846,CGSRC-GOV-0188,ES-CG-00,ES-CG-00;ES-CG-01;ES-CG-13;ES-CG-10,CGP005_REFERENCE_CORPUS_ROW,0,REFERENCE_CORPUS_INDEXED_NOT_NORMATIVE,REFERENCE_CONTEXT_ONLY
CGP006-ALLOC-0847,CGP005-RC-0847,CGSRC-GOV-0189,ES-CG-00,ES-CG-00;ES-CG-01;ES-CG-13;ES-CG-10,CGP005_REFERENCE_CORPUS_ROW,0,REFERENCE_CORPUS_INDEXED_NOT_NORMATIVE,REFERENCE_CONTEXT_ONLY
CGP006-ALLOC-0848,CGP005-RC-0848,CGSRC-GOV-0190,ES-CG-00,ES-CG-00;ES-CG-01;ES-CG-13;ES-CG-10,CGP005_REFERENCE_CORPUS_ROW,0,REFERENCE_CORPUS_INDEXED_NOT_NORMATIVE,REFERENCE_CONTEXT_ONLY
CGP006-ALLOC-0849,CGP005-RC-0849,CGSRC-GOV-0191,ES-CG-00,ES-CG-00;ES-CG-01;ES-CG-13;ES-CG-10,CGP005_REFERENCE_CORPUS_ROW,0,REFERENCE_CORPUS_INDEXED_NOT_NORMATIVE,REFERENCE_CONTEXT_ONLY
CGP006-ALLOC-0850,CGP005-RC-0850,CGSRC-GOV-0192,ES-CG-00,ES-CG-00;ES-CG-01;ES-CG-13;ES-CG-10,CGP005_REFERENCE_CORPUS_ROW,0,REFERENCE_CORPUS_INDEXED_NOT_NORMATIVE,REFERENCE_CONTEXT_ONLY
CGP006-ALLOC-0851,CGP005-RC-0851,CGSRC-GOV-0193,ES-CG-00,ES-CG-00;ES-CG-01;ES-CG-13;ES-CG-10,CGP005_REFERENCE_CORPUS_ROW,0,REFERENCE_CORPUS_INDEXED_NOT_NORMATIVE,REFERENCE_CONTEXT_ONLY
CGP006-ALLOC-0852,CGP005-RC-0852,CGSRC-GOV-0194,ES-CG-00,ES-CG-00;ES-CG-01;ES-CG-13;ES-CG-10,CGP005_REFERENCE_CORPUS_ROW,0,REFERENCE_CORPUS_INDEXED_NOT_NORMATIVE,REFERENCE_CONTEXT_ONLY
CGP006-ALLOC-0853,CGP005-RC-0853,CGSRC-GOV-0195,ES-CG-00,ES-CG-00;ES-CG-01;ES-CG-13;ES-CG-10,CGP005_REFERENCE_CORPUS_ROW,0,REFERENCE_CORPUS_INDEXED_NOT_NORMATIVE,REFERENCE_CONTEXT_ONLY
CGP006-ALLOC-0854,CGP005-RC-0854,CGSRC-GOV-0196,ES-CG-00,ES-CG-00;ES-CG-01;ES-CG-13;ES-CG-10,CGP005_REFERENCE_CORPUS_ROW,0,REFERENCE_CORPUS_INDEXED_NOT_NORMATIVE,REFERENCE_CONTEXT_ONLY
CGP006-ALLOC-0855,CGP005-RC-0855,CGSRC-GOV-0197,ES-CG-00,ES-CG-00;ES-CG-01;ES-CG-13;ES-CG-10,CGP005_REFERENCE_CORPUS_ROW,0,REFERENCE_CORPUS_INDEXED_NOT_NORMATIVE,REFERENCE_CONTEXT_ONLY
CGP006-ALLOC-0856,CGP005-RC-0856,CGSRC-GOV-0198,ES-CG-00,ES-CG-00;ES-CG-01;ES-CG-13;ES-CG-10,CGP005_REFERENCE_CORPUS_ROW,0,REFERENCE_CORPUS_INDEXED_NOT_NORMATIVE,REFERENCE_CONTEXT_ONLY
CGP006-ALLOC-0857,CGP005-RC-0857,CGSRC-GOV-0199,ES-CG-00,ES-CG-00;ES-CG-01;ES-CG-13;ES-CG-10,CGP005_REFERENCE_CORPUS_ROW,0,REFERENCE_CORPUS_INDEXED_NOT_NORMATIVE,REFERENCE_CONTEXT_ONLY
CGP006-ALLOC-0858,CGP005-RC-0858,CGSRC-GOV-0200,ES-CG-00,ES-CG-00;ES-CG-01;ES-CG-13;ES-CG-10,CGP005_REFERENCE_CORPUS_ROW,0,REFERENCE_CORPUS_INDEXED_NOT_NORMATIVE,REFERENCE_CONTEXT_ONLY
CGP006-ALLOC-0859,CGP005-RC-0859,CGSRC-GOV-0201,ES-CG-00,ES-CG-00;ES-CG-01;ES-CG-13;ES-CG-10,CGP005_REFERENCE_CORPUS_ROW,0,REFERENCE_CORPUS_INDEXED_NOT_NORMATIVE,REFERENCE_CONTEXT_ONLY
CGP006-ALLOC-0860,CGP005-RC-0860,CGSRC-GOV-0202,ES-CG-00,ES-CG-00;ES-CG-01;ES-CG-13;ES-CG-10,CGP005_REFERENCE_CORPUS_ROW,0,REFERENCE_CORPUS_INDEXED_NOT_NORMATIVE,REFERENCE_CONTEXT_ONLY
CGP006-ALLOC-0861,CGP005-RC-0861,CGSRC-GOV-0203,ES-CG-00,ES-CG-00;ES-CG-01;ES-CG-13;ES-CG-10,CGP005_REFERENCE_CORPUS_ROW,0,REFERENCE_CORPUS_INDEXED_NOT_NORMATIVE,REFERENCE_CONTEXT_ONLY
CGP006-ALLOC-0862,CGP005-RC-0862,CGSRC-GOV-0204,ES-CG-00,ES-CG-00;ES-CG-01;ES-CG-13;ES-CG-10,CGP005_REFERENCE_CORPUS_ROW,0,REFERENCE_CORPUS_INDEXED_NOT_NORMATIVE,REFERENCE_CONTEXT_ONLY
CGP006-ALLOC-0863,CGP005-RC-0863,CGSRC-GOV-0205,ES-CG-00,ES-CG-00;ES-CG-01;ES-CG-13;ES-CG-10,CGP005_REFERENCE_CORPUS_ROW,0,REFERENCE_CORPUS_INDEXED_NOT_NORMATIVE,REFERENCE_CONTEXT_ONLY
CGP006-ALLOC-0864,CGP005-RC-0864,CGSRC-GOV-0206,ES-CG-00,ES-CG-00;ES-CG-01;ES-CG-13;ES-CG-10,CGP005_REFERENCE_CORPUS_ROW,0,REFERENCE_CORPUS_INDEXED_NOT_NORMATIVE,REFERENCE_CONTEXT_ONLY
CGP006-ALLOC-0865,CGP005-RC-0865,CGSRC-GOV-0207,ES-CG-00,ES-CG-00;ES-CG-01;ES-CG-13;ES-CG-10,CGP005_REFERENCE_CORPUS_ROW,0,REFERENCE_CORPUS_INDEXED_NOT_NORMATIVE,REFERENCE_CONTEXT_ONLY
CGP006-ALLOC-0866,CGP005-RC-0866,CGSRC-GOV-0208,ES-CG-00,ES-CG-00;ES-CG-01;ES-CG-13;ES-CG-10,CGP005_REFERENCE_CORPUS_ROW,0,REFERENCE_CORPUS_INDEXED_NOT_NORMATIVE,REFERENCE_CONTEXT_ONLY
CGP006-ALLOC-0867,CGP005-RC-0867,CGSRC-GOV-0209,ES-CG-00,ES-CG-00;ES-CG-01;ES-CG-13;ES-CG-10,CGP005_REFERENCE_CORPUS_ROW,0,REFERENCE_CORPUS_INDEXED_NOT_NORMATIVE,REFERENCE_CONTEXT_ONLY
CGP006-ALLOC-0868,CGP005-RC-0868,CGSRC-GOV-0210,ES-CG-00,ES-CG-00;ES-CG-01;ES-CG-13;ES-CG-10,CGP005_REFERENCE_CORPUS_ROW,0,REFERENCE_CORPUS_INDEXED_NOT_NORMATIVE,REFERENCE_CONTEXT_ONLY
CGP006-ALLOC-0869,CGP005-RC-0869,CGSRC-GOV-0211,ES-CG-00,ES-CG-00;ES-CG-01;ES-CG-13;ES-CG-10,CGP005_REFERENCE_CORPUS_ROW,0,REFERENCE_CORPUS_INDEXED_NOT_NORMATIVE,REFERENCE_CONTEXT_ONLY
CGP006-ALLOC-0870,CGP005-RC-0870,CGSRC-GOV-0212,ES-CG-00,ES-CG-00;ES-CG-01;ES-CG-13;ES-CG-10,CGP005_REFERENCE_CORPUS_ROW,0,REFERENCE_CORPUS_INDEXED_NOT_NORMATIVE,REFERENCE_CONTEXT_ONLY
CGP006-ALLOC-0871,CGP005-RC-0871,CGSRC-GOV-0213,ES-CG-00,ES-CG-00;ES-CG-01;ES-CG-13;ES-CG-10,CGP005_REFERENCE_CORPUS_ROW,0,REFERENCE_CORPUS_INDEXED_NOT_NORMATIVE,REFERENCE_CONTEXT_ONLY
CGP006-ALLOC-0872,CGP005-RC-0872,CGSRC-GOV-0214,ES-CG-00,ES-CG-00;ES-CG-01;ES-CG-13;ES-CG-10,CGP005_REFERENCE_CORPUS_ROW,0,REFERENCE_CORPUS_INDEXED_NOT_NORMATIVE,REFERENCE_CONTEXT_ONLY
CGP006-ALLOC-0873,CGP005-RC-0873,CGSRC-GOV-0215,ES-CG-00,ES-CG-00;ES-CG-01;ES-CG-13;ES-CG-10,CGP005_REFERENCE_CORPUS_ROW,0,REFERENCE_CORPUS_INDEXED_NOT_NORMATIVE,REFERENCE_CONTEXT_ONLY
CGP006-ALLOC-0874,CGP005-RC-0874,CGSRC-GOV-0216,ES-CG-00,ES-CG-00;ES-CG-01;ES-CG-13;ES-CG-10,CGP005_REFERENCE_CORPUS_ROW,0,REFERENCE_CORPUS_INDEXED_NOT_NORMATIVE,REFERENCE_CONTEXT_ONLY
CGP006-ALLOC-0875,CGP005-RC-0875,CGSRC-GOV-0217,ES-CG-00,ES-CG-00;ES-CG-01;ES-CG-13;ES-CG-10,CGP005_REFERENCE_CORPUS_ROW,0,REFERENCE_CORPUS_INDEXED_NOT_NORMATIVE,REFERENCE_CONTEXT_ONLY
CGP006-ALLOC-0876,CGP005-RC-0876,CGSRC-GOV-0218,ES-CG-00,ES-CG-00;ES-CG-01;ES-CG-13;ES-CG-10,CGP005_REFERENCE_CORPUS_ROW,0,REFERENCE_CORPUS_INDEXED_NOT_NORMATIVE,REFERENCE_CONTEXT_ONLY
CGP006-ALLOC-0877,CGP005-RC-0877,CGSRC-GOV-0219,ES-CG-00,ES-CG-00;ES-CG-01;ES-CG-13;ES-CG-10,CGP005_REFERENCE_CORPUS_ROW,0,REFERENCE_CORPUS_INDEXED_NOT_NORMATIVE,REFERENCE_CONTEXT_ONLY
CGP006-ALLOC-0878,CGP005-RC-0878,CGSRC-GOV-0220,ES-CG-00,ES-CG-00;ES-CG-01;ES-CG-13;ES-CG-10,CGP005_REFERENCE_CORPUS_ROW,0,REFERENCE_CORPUS_INDEXED_NOT_NORMATIVE,REFERENCE_CONTEXT_ONLY
CGP006-ALLOC-0879,CGP005-RC-0879,CGSRC-GOV-0221,ES-CG-00,ES-CG-00;ES-CG-01;ES-CG-13;ES-CG-10,CGP005_REFERENCE_CORPUS_ROW,0,REFERENCE_CORPUS_INDEXED_NOT_NORMATIVE,REFERENCE_CONTEXT_ONLY
CGP006-ALLOC-0880,CGP005-RC-0880,CGSRC-GOV-0222,ES-CG-00,ES-CG-00;ES-CG-01;ES-CG-13;ES-CG-10,CGP005_REFERENCE_CORPUS_ROW,0,REFERENCE_CORPUS_INDEXED_NOT_NORMATIVE,REFERENCE_CONTEXT_ONLY
CGP006-ALLOC-0881,CGP005-RC-0881,CGSRC-GOV-0223,ES-CG-00,ES-CG-00;ES-CG-01;ES-CG-13;ES-CG-10,CGP005_REFERENCE_CORPUS_ROW,0,REFERENCE_CORPUS_INDEXED_NOT_NORMATIVE,REFERENCE_CONTEXT_ONLY
CGP006-ALLOC-0882,CGP005-RC-0882,CGSRC-GOV-0224,ES-CG-00,ES-CG-00;ES-CG-01;ES-CG-13;ES-CG-10,CGP005_REFERENCE_CORPUS_ROW,0,REFERENCE_CORPUS_INDEXED_NOT_NORMATIVE,REFERENCE_CONTEXT_ONLY
CGP006-ALLOC-0883,CGP005-RC-0883,CGSRC-GOV-0225,ES-CG-00,ES-CG-00;ES-CG-01;ES-CG-13;ES-CG-10,CGP005_REFERENCE_CORPUS_ROW,0,REFERENCE_CORPUS_INDEXED_NOT_NORMATIVE,REFERENCE_CONTEXT_ONLY
CGP006-ALLOC-0884,CGP005-RC-0884,CGSRC-GOV-0226,ES-CG-00,ES-CG-00;ES-CG-01;ES-CG-13;ES-CG-10,CGP005_REFERENCE_CORPUS_ROW,0,REFERENCE_CORPUS_INDEXED_NOT_NORMATIVE,REFERENCE_CONTEXT_ONLY
CGP006-ALLOC-0885,CGP005-RC-0885,CGSRC-GOV-0227,ES-CG-00,ES-CG-00;ES-CG-01;ES-CG-13;ES-CG-10,CGP005_REFERENCE_CORPUS_ROW,0,REFERENCE_CORPUS_INDEXED_NOT_NORMATIVE,REFERENCE_CONTEXT_ONLY
CGP006-ALLOC-0886,CGP005-RC-0886,CGSRC-GOV-0228,ES-CG-00,ES-CG-00;ES-CG-01;ES-CG-13;ES-CG-10,CGP005_REFERENCE_CORPUS_ROW,0,REFERENCE_CORPUS_INDEXED_NOT_NORMATIVE,REFERENCE_CONTEXT_ONLY
CGP006-ALLOC-0887,CGP005-RC-0887,CGSRC-GOV-0229,ES-CG-00,ES-CG-00;ES-CG-01;ES-CG-13;ES-CG-10,CGP005_REFERENCE_CORPUS_ROW,0,REFERENCE_CORPUS_INDEXED_NOT_NORMATIVE,REFERENCE_CONTEXT_ONLY
CGP006-ALLOC-0888,CGP005-RC-0888,CGSRC-GOV-0230,ES-CG-00,ES-CG-00;ES-CG-01;ES-CG-13;ES-CG-10,CGP005_REFERENCE_CORPUS_ROW,0,REFERENCE_CORPUS_INDEXED_NOT_NORMATIVE,REFERENCE_CONTEXT_ONLY
CGP006-ALLOC-0889,CGP005-RC-0889,CGSRC-GOV-0231,ES-CG-00,ES-CG-00;ES-CG-01;ES-CG-13;ES-CG-10,CGP005_REFERENCE_CORPUS_ROW,0,REFERENCE_CORPUS_INDEXED_NOT_NORMATIVE,REFERENCE_CONTEXT_ONLY
CGP006-ALLOC-0890,CGP005-RC-0890,CGSRC-GOV-0232,ES-CG-00,ES-CG-00;ES-CG-01;ES-CG-13;ES-CG-10,CGP005_REFERENCE_CORPUS_ROW,0,REFERENCE_CORPUS_INDEXED_NOT_NORMATIVE,REFERENCE_CONTEXT_ONLY
CGP006-ALLOC-0891,CGP005-RC-0891,CGSRC-GOV-0233,ES-CG-00,ES-CG-00;ES-CG-01;ES-CG-13;ES-CG-10,CGP005_REFERENCE_CORPUS_ROW,0,REFERENCE_CORPUS_INDEXED_NOT_NORMATIVE,REFERENCE_CONTEXT_ONLY
CGP006-ALLOC-0892,CGP005-RC-0892,CGSRC-GOV-0234,ES-CG-00,ES-CG-00;ES-CG-01;ES-CG-13;ES-CG-10,CGP005_REFERENCE_CORPUS_ROW,0,REFERENCE_CORPUS_INDEXED_NOT_NORMATIVE,REFERENCE_CONTEXT_ONLY
CGP006-ALLOC-0893,CGP005-RC-0893,CGSRC-GOV-0235,ES-CG-00,ES-CG-00;ES-CG-01;ES-CG-13;ES-CG-10,CGP005_REFERENCE_CORPUS_ROW,0,REFERENCE_CORPUS_INDEXED_NOT_NORMATIVE,REFERENCE_CONTEXT_ONLY
CGP006-ALLOC-0894,CGP005-RC-0894,CGSRC-GOV-0236,ES-CG-00,ES-CG-00;ES-CG-01;ES-CG-13;ES-CG-10,CGP005_REFERENCE_CORPUS_ROW,0,REFERENCE_CORPUS_INDEXED_NOT_NORMATIVE,REFERENCE_CONTEXT_ONLY
CGP006-ALLOC-0895,CGP005-RC-0895,CGSRC-GOV-0237,ES-CG-00,ES-CG-00;ES-CG-01;ES-CG-13;ES-CG-10,CGP005_REFERENCE_CORPUS_ROW,0,REFERENCE_CORPUS_INDEXED_NOT_NORMATIVE,REFERENCE_CONTEXT_ONLY
CGP006-ALLOC-0896,CGP005-RC-0896,CGSRC-GOV-0238,ES-CG-00,ES-CG-00;ES-CG-01;ES-CG-13;ES-CG-10,CGP005_REFERENCE_CORPUS_ROW,0,REFERENCE_CORPUS_INDEXED_NOT_NORMATIVE,REFERENCE_CONTEXT_ONLY
CGP006-ALLOC-0897,CGP005-RC-0897,CGSRC-GOV-0239,ES-CG-00,ES-CG-00;ES-CG-01;ES-CG-13;ES-CG-10,CGP005_REFERENCE_CORPUS_ROW,0,REFERENCE_CORPUS_INDEXED_NOT_NORMATIVE,REFERENCE_CONTEXT_ONLY
CGP006-ALLOC-0898,CGP005-RC-0898,CGSRC-GOV-0240,ES-CG-00,ES-CG-00;ES-CG-01;ES-CG-13;ES-CG-10,CGP005_REFERENCE_CORPUS_ROW,0,REFERENCE_CORPUS_INDEXED_NOT_NORMATIVE,REFERENCE_CONTEXT_ONLY
CGP006-ALLOC-0899,CGP005-RC-0899,CGSRC-GOV-0241,ES-CG-00,ES-CG-00;ES-CG-01;ES-CG-13;ES-CG-10,CGP005_REFERENCE_CORPUS_ROW,0,REFERENCE_CORPUS_INDEXED_NOT_NORMATIVE,REFERENCE_CONTEXT_ONLY
CGP006-ALLOC-0900,CGP005-RC-0900,CGSRC-GOV-0242,ES-CG-00,ES-CG-00;ES-CG-01;ES-CG-13;ES-CG-10,CGP005_REFERENCE_CORPUS_ROW,0,REFERENCE_CORPUS_INDEXED_NOT_NORMATIVE,REFERENCE_CONTEXT_ONLY
CGP006-ALLOC-0901,CGP005-RC-0901,CGSRC-GOV-0243,ES-CG-00,ES-CG-00;ES-CG-01;ES-CG-13;ES-CG-10,CGP005_REFERENCE_CORPUS_ROW,0,REFERENCE_CORPUS_INDEXED_NOT_NORMATIVE,REFERENCE_CONTEXT_ONLY
CGP006-ALLOC-0902,CGP005-RC-0902,CGSRC-GOV-0244,ES-CG-00,ES-CG-00;ES-CG-01;ES-CG-13;ES-CG-10,CGP005_REFERENCE_CORPUS_ROW,0,REFERENCE_CORPUS_INDEXED_NOT_NORMATIVE,REFERENCE_CONTEXT_ONLY
CGP006-ALLOC-0903,CGP005-RC-0903,CGSRC-GOV-0245,ES-CG-00,ES-CG-00;ES-CG-01;ES-CG-13;ES-CG-10,CGP005_REFERENCE_CORPUS_ROW,0,REFERENCE_CORPUS_INDEXED_NOT_NORMATIVE,REFERENCE_CONTEXT_ONLY
CGP006-ALLOC-0904,CGP005-RC-0904,CGSRC-GOV-0246,ES-CG-00,ES-CG-00;ES-CG-01;ES-CG-13;ES-CG-10,CGP005_REFERENCE_CORPUS_ROW,0,REFERENCE_CORPUS_INDEXED_NOT_NORMATIVE,REFERENCE_CONTEXT_ONLY
CGP006-ALLOC-0905,CGP005-RC-0905,CGSRC-GOV-0247,ES-CG-00,ES-CG-00;ES-CG-01;ES-CG-13;ES-CG-10,CGP005_REFERENCE_CORPUS_ROW,0,REFERENCE_CORPUS_INDEXED_NOT_NORMATIVE,REFERENCE_CONTEXT_ONLY
CGP006-ALLOC-0906,CGP005-RC-0906,CGSRC-GOV-0248,ES-CG-00,ES-CG-00;ES-CG-01;ES-CG-13;ES-CG-10,CGP005_REFERENCE_CORPUS_ROW,0,REFERENCE_CORPUS_INDEXED_NOT_NORMATIVE,REFERENCE_CONTEXT_ONLY
CGP006-ALLOC-0907,CGP005-RC-0907,CGSRC-GOV-0249,ES-CG-00,ES-CG-00;ES-CG-01;ES-CG-13;ES-CG-10,CGP005_REFERENCE_CORPUS_ROW,0,REFERENCE_CORPUS_INDEXED_NOT_NORMATIVE,REFERENCE_CONTEXT_ONLY
CGP006-ALLOC-0908,CGP005-RC-0908,CGSRC-GOV-0250,ES-CG-00,ES-CG-00;ES-CG-01;ES-CG-13;ES-CG-10,CGP005_REFERENCE_CORPUS_ROW,0,REFERENCE_CORPUS_INDEXED_NOT_NORMATIVE,REFERENCE_CONTEXT_ONLY
CGP006-ALLOC-0909,CGP005-RC-0909,CGSRC-GOV-0251,ES-CG-00,ES-CG-00;ES-CG-01;ES-CG-13;ES-CG-10,CGP005_REFERENCE_CORPUS_ROW,0,REFERENCE_CORPUS_INDEXED_NOT_NORMATIVE,REFERENCE_CONTEXT_ONLY
CGP006-ALLOC-0910,CGP005-RC-0910,CGSRC-GOV-0252,ES-CG-00,ES-CG-00;ES-CG-01;ES-CG-13;ES-CG-10,CGP005_REFERENCE_CORPUS_ROW,0,REFERENCE_CORPUS_INDEXED_NOT_NORMATIVE,REFERENCE_CONTEXT_ONLY
CGP006-ALLOC-0911,CGP005-RC-0911,CGSRC-GOV-0253,ES-CG-00,ES-CG-00;ES-CG-01;ES-CG-13;ES-CG-10,CGP005_REFERENCE_CORPUS_ROW,0,REFERENCE_CORPUS_INDEXED_NOT_NORMATIVE,REFERENCE_CONTEXT_ONLY
CGP006-ALLOC-0912,CGP005-RC-0912,CGSRC-GOV-0254,ES-CG-00,ES-CG-00;ES-CG-01;ES-CG-13;ES-CG-10,CGP005_REFERENCE_CORPUS_ROW,0,REFERENCE_CORPUS_INDEXED_NOT_NORMATIVE,REFERENCE_CONTEXT_ONLY
CGP006-ALLOC-0913,CGP005-RC-0913,CGSRC-GOV-0255,ES-CG-00,ES-CG-00;ES-CG-01;ES-CG-13;ES-CG-10,CGP005_REFERENCE_CORPUS_ROW,0,REFERENCE_CORPUS_INDEXED_NOT_NORMATIVE,REFERENCE_CONTEXT_ONLY
CGP006-ALLOC-0914,CGP005-RC-0914,CGSRC-GOV-0256,ES-CG-00,ES-CG-00;ES-CG-01;ES-CG-13;ES-CG-10,CGP005_REFERENCE_CORPUS_ROW,0,REFERENCE_CORPUS_INDEXED_NOT_NORMATIVE,REFERENCE_CONTEXT_ONLY
CGP006-ALLOC-0915,CGP005-RC-0915,CGSRC-GOV-0257,ES-CG-00,ES-CG-00;ES-CG-01;ES-CG-13;ES-CG-10,CGP005_REFERENCE_CORPUS_ROW,0,REFERENCE_CORPUS_INDEXED_NOT_NORMATIVE,REFERENCE_CONTEXT_ONLY
CGP006-ALLOC-0916,CGP005-RC-0916,CGSRC-GOV-0258,ES-CG-00,ES-CG-00;ES-CG-01;ES-CG-13;ES-CG-10,CGP005_REFERENCE_CORPUS_ROW,0,REFERENCE_CORPUS_INDEXED_NOT_NORMATIVE,REFERENCE_CONTEXT_ONLY
CGP006-ALLOC-0917,CGP005-RC-0917,CGSRC-GOV-0259,ES-CG-00,ES-CG-00;ES-CG-01;ES-CG-13;ES-CG-10,CGP005_REFERENCE_CORPUS_ROW,0,REFERENCE_CORPUS_INDEXED_NOT_NORMATIVE,REFERENCE_CONTEXT_ONLY
CGP006-ALLOC-0918,CGP005-RC-0918,CGSRC-GOV-0260,ES-CG-00,ES-CG-00;ES-CG-01;ES-CG-13;ES-CG-10,CGP005_REFERENCE_CORPUS_ROW,0,REFERENCE_CORPUS_INDEXED_NOT_NORMATIVE,REFERENCE_CONTEXT_ONLY
CGP006-ALLOC-0919,CGP005-RC-0919,CGSRC-GOV-0261,ES-CG-00,ES-CG-00;ES-CG-01;ES-CG-13;ES-CG-10,CGP005_REFERENCE_CORPUS_ROW,0,REFERENCE_CORPUS_INDEXED_NOT_NORMATIVE,REFERENCE_CONTEXT_ONLY
CGP006-ALLOC-0920,CGP005-RC-0920,CGSRC-GOV-0262,ES-CG-00,ES-CG-00;ES-CG-01;ES-CG-13;ES-CG-10,CGP005_REFERENCE_CORPUS_ROW,0,REFERENCE_CORPUS_INDEXED_NOT_NORMATIVE,REFERENCE_CONTEXT_ONLY
CGP006-ALLOC-0921,CGP005-RC-0921,CGSRC-GOV-0263,ES-CG-00,ES-CG-00;ES-CG-01;ES-CG-13;ES-CG-10,CGP005_REFERENCE_CORPUS_ROW,0,REFERENCE_CORPUS_INDEXED_NOT_NORMATIVE,REFERENCE_CONTEXT_ONLY
CGP006-ALLOC-0922,CGP005-RC-0922,CGSRC-GOV-0264,ES-CG-00,ES-CG-00;ES-CG-01;ES-CG-13;ES-CG-10,CGP005_REFERENCE_CORPUS_ROW,0,REFERENCE_CORPUS_INDEXED_NOT_NORMATIVE,REFERENCE_CONTEXT_ONLY
CGP006-ALLOC-0923,CGP005-RC-0923,CGSRC-GOV-0265,ES-CG-00,ES-CG-00;ES-CG-01;ES-CG-13;ES-CG-10,CGP005_REFERENCE_CORPUS_ROW,0,REFERENCE_CORPUS_INDEXED_NOT_NORMATIVE,REFERENCE_CONTEXT_ONLY
CGP006-ALLOC-0924,CGP005-RC-0924,CGSRC-GOV-0266,ES-CG-00,ES-CG-00;ES-CG-01;ES-CG-13;ES-CG-10,CGP005_REFERENCE_CORPUS_ROW,0,REFERENCE_CORPUS_INDEXED_NOT_NORMATIVE,REFERENCE_CONTEXT_ONLY
CGP006-ALLOC-0925,CGP005-RC-0925,CGSRC-GOV-0267,ES-CG-00,ES-CG-00;ES-CG-01;ES-CG-13;ES-CG-10,CGP005_REFERENCE_CORPUS_ROW,0,REFERENCE_CORPUS_INDEXED_NOT_NORMATIVE,REFERENCE_CONTEXT_ONLY
CGP006-ALLOC-0926,CGP005-RC-0926,CGSRC-GOV-0268,ES-CG-00,ES-CG-00;ES-CG-01;ES-CG-13;ES-CG-10,CGP005_REFERENCE_CORPUS_ROW,0,REFERENCE_CORPUS_INDEXED_NOT_NORMATIVE,REFERENCE_CONTEXT_ONLY
CGP006-ALLOC-0927,CGP005-RC-0927,CGSRC-GOV-0269,ES-CG-00,ES-CG-00;ES-CG-01;ES-CG-13;ES-CG-10,CGP005_REFERENCE_CORPUS_ROW,0,REFERENCE_CORPUS_INDEXED_NOT_NORMATIVE,REFERENCE_CONTEXT_ONLY
CGP006-ALLOC-0928,CGP005-RC-0928,CGSRC-GOV-0270,ES-CG-00,ES-CG-00;ES-CG-01;ES-CG-13;ES-CG-10,CGP005_REFERENCE_CORPUS_ROW,0,REFERENCE_CORPUS_INDEXED_NOT_NORMATIVE,REFERENCE_CONTEXT_ONLY
CGP006-ALLOC-0929,CGP005-RC-0929,CGSRC-GOV-0271,ES-CG-00,ES-CG-00;ES-CG-01;ES-CG-13;ES-CG-10,CGP005_REFERENCE_CORPUS_ROW,0,REFERENCE_CORPUS_INDEXED_NOT_NORMATIVE,REFERENCE_CONTEXT_ONLY
CGP006-ALLOC-0930,CGP005-RC-0930,CGSRC-GOV-0272,ES-CG-00,ES-CG-00;ES-CG-01;ES-CG-13;ES-CG-10,CGP005_REFERENCE_CORPUS_ROW,0,REFERENCE_CORPUS_INDEXED_NOT_NORMATIVE,REFERENCE_CONTEXT_ONLY
CGP006-ALLOC-0931,CGP005-RC-0931,CGSRC-GOV-0273,ES-CG-00,ES-CG-00;ES-CG-01;ES-CG-13;ES-CG-10,CGP005_REFERENCE_CORPUS_ROW,0,REFERENCE_CORPUS_INDEXED_NOT_NORMATIVE,REFERENCE_CONTEXT_ONLY
CGP006-ALLOC-0932,CGP005-RC-0932,CGSRC-GOV-0274,ES-CG-00,ES-CG-00;ES-CG-01;ES-CG-13;ES-CG-10,CGP005_REFERENCE_CORPUS_ROW,0,REFERENCE_CORPUS_INDEXED_NOT_NORMATIVE,REFERENCE_CONTEXT_ONLY
CGP006-ALLOC-0933,CGP005-RC-0933,CGSRC-GOV-0275,ES-CG-00,ES-CG-00;ES-CG-01;ES-CG-13;ES-CG-10,CGP005_REFERENCE_CORPUS_ROW,0,REFERENCE_CORPUS_INDEXED_NOT_NORMATIVE,REFERENCE_CONTEXT_ONLY
CGP006-ALLOC-0934,CGP005-RC-0934,CGSRC-GOV-0276,ES-CG-00,ES-CG-00;ES-CG-01;ES-CG-13;ES-CG-10,CGP005_REFERENCE_CORPUS_ROW,0,REFERENCE_CORPUS_INDEXED_NOT_NORMATIVE,REFERENCE_CONTEXT_ONLY
CGP006-ALLOC-0935,CGP005-RC-0935,CGSRC-GOV-0277,ES-CG-00,ES-CG-00;ES-CG-01;ES-CG-13;ES-CG-10,CGP005_REFERENCE_CORPUS_ROW,0,REFERENCE_CORPUS_INDEXED_NOT_NORMATIVE,REFERENCE_CONTEXT_ONLY
CGP006-ALLOC-0936,CGP005-RC-0936,CGSRC-GOV-0278,ES-CG-00,ES-CG-00;ES-CG-01;ES-CG-13;ES-CG-10,CGP005_REFERENCE_CORPUS_ROW,0,REFERENCE_CORPUS_INDEXED_NOT_NORMATIVE,REFERENCE_CONTEXT_ONLY
CGP006-ALLOC-0937,CGP005-RC-0937,CGSRC-GOV-0279,ES-CG-00,ES-CG-00;ES-CG-01;ES-CG-13;ES-CG-10,CGP005_REFERENCE_CORPUS_ROW,0,REFERENCE_CORPUS_INDEXED_NOT_NORMATIVE,REFERENCE_CONTEXT_ONLY
CGP006-ALLOC-0938,CGP005-RC-0938,CGSRC-GOV-0280,ES-CG-00,ES-CG-00;ES-CG-01;ES-CG-13;ES-CG-10,CGP005_REFERENCE_CORPUS_ROW,0,REFERENCE_CORPUS_INDEXED_NOT_NORMATIVE,REFERENCE_CONTEXT_ONLY
CGP006-ALLOC-0939,CGP005-RC-0939,CGSRC-GOV-0281,ES-CG-00,ES-CG-00;ES-CG-01;ES-CG-13;ES-CG-10,CGP005_REFERENCE_CORPUS_ROW,0,REFERENCE_CORPUS_INDEXED_NOT_NORMATIVE,REFERENCE_CONTEXT_ONLY
CGP006-ALLOC-0940,CGP005-RC-0940,CGSRC-GOV-0282,ES-CG-00,ES-CG-00;ES-CG-01;ES-CG-13;ES-CG-10,CGP005_REFERENCE_CORPUS_ROW,0,REFERENCE_CORPUS_INDEXED_NOT_NORMATIVE,REFERENCE_CONTEXT_ONLY
CGP006-ALLOC-0941,CGP005-RC-0941,CGSRC-GOV-0283,ES-CG-00,ES-CG-00;ES-CG-01;ES-CG-13;ES-CG-10,CGP005_REFERENCE_CORPUS_ROW,0,REFERENCE_CORPUS_INDEXED_NOT_NORMATIVE,REFERENCE_CONTEXT_ONLY
CGP006-ALLOC-0942,CGP005-RC-0942,CGSRC-GOV-0284,ES-CG-00,ES-CG-00;ES-CG-01;ES-CG-13;ES-CG-10,CGP005_REFERENCE_CORPUS_ROW,0,REFERENCE_CORPUS_INDEXED_NOT_NORMATIVE,REFERENCE_CONTEXT_ONLY
CGP006-ALLOC-0943,CGP005-RC-0943,CGSRC-GOV-0285,ES-CG-00,ES-CG-00;ES-CG-01;ES-CG-13;ES-CG-10,CGP005_REFERENCE_CORPUS_ROW,0,REFERENCE_CORPUS_INDEXED_NOT_NORMATIVE,REFERENCE_CONTEXT_ONLY
CGP006-ALLOC-0944,CGP005-RC-0944,CGSRC-GOV-0286,ES-CG-00,ES-CG-00;ES-CG-01;ES-CG-13;ES-CG-10,CGP005_REFERENCE_CORPUS_ROW,0,REFERENCE_CORPUS_INDEXED_NOT_NORMATIVE,REFERENCE_CONTEXT_ONLY
CGP006-ALLOC-0945,CGP005-RC-0945,CGSRC-GOV-0287,ES-CG-00,ES-CG-00;ES-CG-01;ES-CG-13;ES-CG-10,CGP005_REFERENCE_CORPUS_ROW,0,REFERENCE_CORPUS_INDEXED_NOT_NORMATIVE,REFERENCE_CONTEXT_ONLY
CGP006-ALLOC-0946,CGP005-RC-0946,CGSRC-GOV-0288,ES-CG-00,ES-CG-00;ES-CG-01;ES-CG-13;ES-CG-10,CGP005_REFERENCE_CORPUS_ROW,0,REFERENCE_CORPUS_INDEXED_NOT_NORMATIVE,REFERENCE_CONTEXT_ONLY
CGP006-ALLOC-0947,CGP005-RC-0947,CGSRC-GOV-0289,ES-CG-00,ES-CG-00;ES-CG-01;ES-CG-13;ES-CG-10,CGP005_REFERENCE_CORPUS_ROW,0,REFERENCE_CORPUS_INDEXED_NOT_NORMATIVE,REFERENCE_CONTEXT_ONLY
CGP006-ALLOC-0948,CGP005-RC-0948,CGSRC-GOV-0290,ES-CG-00,ES-CG-00;ES-CG-01;ES-CG-13;ES-CG-10,CGP005_REFERENCE_CORPUS_ROW,0,REFERENCE_CORPUS_INDEXED_NOT_NORMATIVE,REFERENCE_CONTEXT_ONLY
CGP006-ALLOC-0949,CGP005-RC-0949,CGSRC-GOV-0291,ES-CG-00,ES-CG-00;ES-CG-01;ES-CG-13;ES-CG-10,CGP005_REFERENCE_CORPUS_ROW,0,REFERENCE_CORPUS_INDEXED_NOT_NORMATIVE,REFERENCE_CONTEXT_ONLY
CGP006-ALLOC-0950,CGP005-RC-0950,CGSRC-GOV-0292,ES-CG-00,ES-CG-00;ES-CG-01;ES-CG-13;ES-CG-10,CGP005_REFERENCE_CORPUS_ROW,0,REFERENCE_CORPUS_INDEXED_NOT_NORMATIVE,REFERENCE_CONTEXT_ONLY
CGP006-ALLOC-0951,CGP005-RC-0951,CGSRC-GOV-0293,ES-CG-00,ES-CG-00;ES-CG-01;ES-CG-13;ES-CG-10,CGP005_REFERENCE_CORPUS_ROW,0,REFERENCE_CORPUS_INDEXED_NOT_NORMATIVE,REFERENCE_CONTEXT_ONLY
CGP006-ALLOC-0952,CGP005-RC-0952,CGSRC-GOV-0294,ES-CG-00,ES-CG-00;ES-CG-01;ES-CG-13;ES-CG-10,CGP005_REFERENCE_CORPUS_ROW,0,REFERENCE_CORPUS_INDEXED_NOT_NORMATIVE,REFERENCE_CONTEXT_ONLY
CGP006-ALLOC-0953,CGP005-RC-0953,CGSRC-GOV-0295,ES-CG-00,ES-CG-00;ES-CG-01;ES-CG-13;ES-CG-10,CGP005_REFERENCE_CORPUS_ROW,0,REFERENCE_CORPUS_INDEXED_NOT_NORMATIVE,REFERENCE_CONTEXT_ONLY
CGP006-ALLOC-0954,CGP005-RC-0954,CGSRC-GOV-0296,ES-CG-00,ES-CG-00;ES-CG-01;ES-CG-13;ES-CG-10,CGP005_REFERENCE_CORPUS_ROW,0,REFERENCE_CORPUS_INDEXED_NOT_NORMATIVE,REFERENCE_CONTEXT_ONLY
CGP006-ALLOC-0955,CGP005-RC-0955,CGSRC-GOV-0297,ES-CG-00,ES-CG-00;ES-CG-01;ES-CG-13;ES-CG-10,CGP005_REFERENCE_CORPUS_ROW,0,REFERENCE_CORPUS_INDEXED_NOT_NORMATIVE,REFERENCE_CONTEXT_ONLY
CGP006-ALLOC-0956,CGP005-RC-0956,CGSRC-GOV-0298,ES-CG-00,ES-CG-00;ES-CG-01;ES-CG-13;ES-CG-10,CGP005_REFERENCE_CORPUS_ROW,0,REFERENCE_CORPUS_INDEXED_NOT_NORMATIVE,REFERENCE_CONTEXT_ONLY
CGP006-ALLOC-0957,CGP005-RC-0957,CGSRC-GOV-0299,ES-CG-00,ES-CG-00;ES-CG-01;ES-CG-13;ES-CG-10,CGP005_REFERENCE_CORPUS_ROW,0,REFERENCE_CORPUS_INDEXED_NOT_NORMATIVE,REFERENCE_CONTEXT_ONLY
CGP006-ALLOC-0958,CGP005-RC-0958,CGSRC-GOV-0300,ES-CG-00,ES-CG-00;ES-CG-01;ES-CG-13;ES-CG-10,CGP005_REFERENCE_CORPUS_ROW,0,REFERENCE_CORPUS_INDEXED_NOT_NORMATIVE,REFERENCE_CONTEXT_ONLY
CGP006-ALLOC-0959,CGP005-RC-0959,CGSRC-GOV-0301,ES-CG-00,ES-CG-00;ES-CG-01;ES-CG-13;ES-CG-10,CGP005_REFERENCE_CORPUS_ROW,0,REFERENCE_CORPUS_INDEXED_NOT_NORMATIVE,REFERENCE_CONTEXT_ONLY
CGP006-ALLOC-0960,CGP005-RC-0960,CGSRC-GOV-0302,ES-CG-00,ES-CG-00;ES-CG-01;ES-CG-13;ES-CG-10,CGP005_REFERENCE_CORPUS_ROW,0,REFERENCE_CORPUS_INDEXED_NOT_NORMATIVE,REFERENCE_CONTEXT_ONLY
CGP006-ALLOC-0961,CGP005-RC-0961,CGSRC-GOV-0303,ES-CG-00,ES-CG-00;ES-CG-01;ES-CG-13;ES-CG-10,CGP005_REFERENCE_CORPUS_ROW,0,REFERENCE_CORPUS_INDEXED_NOT_NORMATIVE,REFERENCE_CONTEXT_ONLY
CGP006-ALLOC-0962,CGP005-RC-0962,CGSRC-GOV-0304,ES-CG-00,ES-CG-00;ES-CG-01;ES-CG-13;ES-CG-10,CGP005_REFERENCE_CORPUS_ROW,0,REFERENCE_CORPUS_INDEXED_NOT_NORMATIVE,REFERENCE_CONTEXT_ONLY
CGP006-ALLOC-0963,CGP005-RC-0963,CGSRC-GOV-0305,ES-CG-00,ES-CG-00;ES-CG-01;ES-CG-13;ES-CG-10,CGP005_REFERENCE_CORPUS_ROW,0,REFERENCE_CORPUS_INDEXED_NOT_NORMATIVE,REFERENCE_CONTEXT_ONLY
CGP006-ALLOC-0964,CGP005-RC-0964,CGSRC-GOV-0306,ES-CG-00,ES-CG-00;ES-CG-01;ES-CG-13;ES-CG-10,CGP005_REFERENCE_CORPUS_ROW,0,REFERENCE_CORPUS_INDEXED_NOT_NORMATIVE,REFERENCE_CONTEXT_ONLY
CGP006-ALLOC-0965,CGP005-RC-0965,CGSRC-GOV-0307,ES-CG-00,ES-CG-00;ES-CG-01;ES-CG-13;ES-CG-10,CGP005_REFERENCE_CORPUS_ROW,0,REFERENCE_CORPUS_INDEXED_NOT_NORMATIVE,REFERENCE_CONTEXT_ONLY
CGP006-ALLOC-0966,CGP005-RC-0966,CGSRC-GOV-0308,ES-CG-00,ES-CG-00;ES-CG-01;ES-CG-13,CGP005_REFERENCE_CORPUS_ROW,0,REFERENCE_CORPUS_INDEXED_NOT_NORMATIVE,REFERENCE_CONTEXT_ONLY
CGP006-ALLOC-0967,CGP005-RC-0967,CGSRC-GOV-0309,ES-CG-00,ES-CG-00;ES-CG-01;ES-CG-13;ES-CG-10,CGP005_REFERENCE_CORPUS_ROW,0,REFERENCE_CORPUS_INDEXED_NOT_NORMATIVE,REFERENCE_CONTEXT_ONLY
CGP006-ALLOC-0968,CGP005-RC-0968,CGSRC-GOV-0310,ES-CG-00,ES-CG-00;ES-CG-01;ES-CG-13;ES-CG-10,CGP005_REFERENCE_CORPUS_ROW,0,REFERENCE_CORPUS_INDEXED_NOT_NORMATIVE,REFERENCE_CONTEXT_ONLY
CGP006-ALLOC-0969,CGP005-RC-0969,CGSRC-GOV-0311,ES-CG-00,ES-CG-00;ES-CG-01;ES-CG-13;ES-CG-10,CGP005_REFERENCE_CORPUS_ROW,0,REFERENCE_CORPUS_INDEXED_NOT_NORMATIVE,REFERENCE_CONTEXT_ONLY
CGP006-ALLOC-0970,CGP005-RC-0970,CGSRC-GOV-0312,ES-CG-00,ES-CG-00;ES-CG-01;ES-CG-13;ES-CG-10,CGP005_REFERENCE_CORPUS_ROW,0,REFERENCE_CORPUS_INDEXED_NOT_NORMATIVE,REFERENCE_CONTEXT_ONLY
CGP006-ALLOC-0971,CGP005-RC-0971,CGSRC-GOV-0313,ES-CG-00,ES-CG-00;ES-CG-01;ES-CG-13;ES-CG-10,CGP005_REFERENCE_CORPUS_ROW,0,REFERENCE_CORPUS_INDEXED_NOT_NORMATIVE,REFERENCE_CONTEXT_ONLY
CGP006-ALLOC-0972,CGP005-RC-0972,CGSRC-GOV-0314,ES-CG-00,ES-CG-00;ES-CG-01;ES-CG-13;ES-CG-10,CGP005_REFERENCE_CORPUS_ROW,0,REFERENCE_CORPUS_INDEXED_NOT_NORMATIVE,REFERENCE_CONTEXT_ONLY
CGP006-ALLOC-0973,CGP005-RC-0973,CGSRC-GOV-0315,ES-CG-00,ES-CG-00;ES-CG-01;ES-CG-13;ES-CG-10,CGP005_REFERENCE_CORPUS_ROW,0,REFERENCE_CORPUS_INDEXED_NOT_NORMATIVE,REFERENCE_CONTEXT_ONLY
CGP006-ALLOC-0974,CGP005-RC-0974,CGSRC-GOV-0316,ES-CG-00,ES-CG-00;ES-CG-01;ES-CG-13;ES-CG-10,CGP005_REFERENCE_CORPUS_ROW,0,REFERENCE_CORPUS_INDEXED_NOT_NORMATIVE,REFERENCE_CONTEXT_ONLY
CGP006-ALLOC-0975,CGP005-RC-0975,CGSRC-GOV-0317,ES-CG-00,ES-CG-00;ES-CG-01;ES-CG-13;ES-CG-10,CGP005_REFERENCE_CORPUS_ROW,0,REFERENCE_CORPUS_INDEXED_NOT_NORMATIVE,REFERENCE_CONTEXT_ONLY
CGP006-ALLOC-0976,CGP005-RC-0976,CGSRC-GOV-0318,ES-CG-00,ES-CG-00;ES-CG-01;ES-CG-13;ES-CG-10,CGP005_REFERENCE_CORPUS_ROW,0,REFERENCE_CORPUS_INDEXED_NOT_NORMATIVE,REFERENCE_CONTEXT_ONLY
CGP006-ALLOC-0977,CGP005-RC-0977,CGSRC-GOV-0319,ES-CG-00,ES-CG-00;ES-CG-01;ES-CG-13;ES-CG-10,CGP005_REFERENCE_CORPUS_ROW,0,REFERENCE_CORPUS_INDEXED_NOT_NORMATIVE,REFERENCE_CONTEXT_ONLY
CGP006-ALLOC-0978,CGP005-RC-0978,CGSRC-GOV-0320,ES-CG-00,ES-CG-00;ES-CG-01;ES-CG-13;ES-CG-10,CGP005_REFERENCE_CORPUS_ROW,0,REFERENCE_CORPUS_INDEXED_NOT_NORMATIVE,REFERENCE_CONTEXT_ONLY
CGP006-ALLOC-0979,CGP005-RC-0979,CGSRC-GOV-0321,ES-CG-00,ES-CG-00;ES-CG-01;ES-CG-13;ES-CG-10,CGP005_REFERENCE_CORPUS_ROW,0,REFERENCE_CORPUS_INDEXED_NOT_NORMATIVE,REFERENCE_CONTEXT_ONLY
CGP006-ALLOC-0980,CGP005-RC-0980,CGSRC-GOV-0322,ES-CG-00,ES-CG-00;ES-CG-01;ES-CG-13;ES-CG-10,CGP005_REFERENCE_CORPUS_ROW,0,REFERENCE_CORPUS_INDEXED_NOT_NORMATIVE,REFERENCE_CONTEXT_ONLY
CGP006-ALLOC-0981,CGP005-RC-0981,CGSRC-GOV-0323,ES-CG-00,ES-CG-00;ES-CG-01;ES-CG-13;ES-CG-10,CGP005_REFERENCE_CORPUS_ROW,0,REFERENCE_CORPUS_INDEXED_NOT_NORMATIVE,REFERENCE_CONTEXT_ONLY
CGP006-ALLOC-0982,CGP005-RC-0982,CGSRC-GOV-0324,ES-CG-00,ES-CG-00;ES-CG-01;ES-CG-13;ES-CG-10,CGP005_REFERENCE_CORPUS_ROW,0,REFERENCE_CORPUS_INDEXED_NOT_NORMATIVE,REFERENCE_CONTEXT_ONLY
CGP006-ALLOC-0983,CGP005-RC-0983,CGSRC-GOV-0325,ES-CG-00,ES-CG-00;ES-CG-01;ES-CG-13;ES-CG-10,CGP005_REFERENCE_CORPUS_ROW,0,REFERENCE_CORPUS_INDEXED_NOT_NORMATIVE,REFERENCE_CONTEXT_ONLY
CGP006-ALLOC-0984,CGP005-RC-0984,CGSRC-GOV-0326,ES-CG-00,ES-CG-00;ES-CG-01;ES-CG-13;ES-CG-10,CGP005_REFERENCE_CORPUS_ROW,0,REFERENCE_CORPUS_INDEXED_NOT_NORMATIVE,REFERENCE_CONTEXT_ONLY
CGP006-ALLOC-0985,CGP005-RC-0985,CGSRC-GOV-0327,ES-CG-00,ES-CG-00;ES-CG-01;ES-CG-13;ES-CG-10,CGP005_REFERENCE_CORPUS_ROW,0,REFERENCE_CORPUS_INDEXED_NOT_NORMATIVE,REFERENCE_CONTEXT_ONLY
CGP006-ALLOC-0986,CGP005-RC-0986,CGSRC-GOV-0328,ES-CG-00,ES-CG-00;ES-CG-01;ES-CG-13;ES-CG-10,CGP005_REFERENCE_CORPUS_ROW,0,REFERENCE_CORPUS_INDEXED_NOT_NORMATIVE,REFERENCE_CONTEXT_ONLY
CGP006-ALLOC-0987,CGP005-RC-0987,CGSRC-GOV-0329,ES-CG-00,ES-CG-00;ES-CG-01;ES-CG-13;ES-CG-10,CGP005_REFERENCE_CORPUS_ROW,0,REFERENCE_CORPUS_INDEXED_NOT_NORMATIVE,REFERENCE_CONTEXT_ONLY
CGP006-ALLOC-0988,CGP005-RC-0988,CGSRC-GOV-0330,ES-CG-00,ES-CG-00;ES-CG-01;ES-CG-13;ES-CG-10,CGP005_REFERENCE_CORPUS_ROW,0,REFERENCE_CORPUS_INDEXED_NOT_NORMATIVE,REFERENCE_CONTEXT_ONLY
CGP006-ALLOC-0989,CGP005-RC-0989,CGSRC-GOV-0331,ES-CG-00,ES-CG-00;ES-CG-01;ES-CG-13;ES-CG-10,CGP005_REFERENCE_CORPUS_ROW,0,REFERENCE_CORPUS_INDEXED_NOT_NORMATIVE,REFERENCE_CONTEXT_ONLY
CGP006-ALLOC-0990,CGP005-RC-0990,CGSRC-GOV-0332,ES-CG-00,ES-CG-00;ES-CG-01;ES-CG-13;ES-CG-10,CGP005_REFERENCE_CORPUS_ROW,0,REFERENCE_CORPUS_INDEXED_NOT_NORMATIVE,REFERENCE_CONTEXT_ONLY
CGP006-ALLOC-0991,CGP005-RC-0991,CGSRC-GOV-0333,ES-CG-00,ES-CG-00;ES-CG-01;ES-CG-13;ES-CG-10,CGP005_REFERENCE_CORPUS_ROW,0,REFERENCE_CORPUS_INDEXED_NOT_NORMATIVE,REFERENCE_CONTEXT_ONLY
CGP006-ALLOC-0992,CGP005-RC-0992,CGSRC-GOV-0334,ES-CG-00,ES-CG-00;ES-CG-01;ES-CG-13;ES-CG-10,CGP005_REFERENCE_CORPUS_ROW,0,REFERENCE_CORPUS_INDEXED_NOT_NORMATIVE,REFERENCE_CONTEXT_ONLY
CGP006-ALLOC-0993,CGP005-RC-0993,CGSRC-GOV-0335,ES-CG-00,ES-CG-00;ES-CG-01;ES-CG-13;ES-CG-10,CGP005_REFERENCE_CORPUS_ROW,0,REFERENCE_CORPUS_INDEXED_NOT_NORMATIVE,REFERENCE_CONTEXT_ONLY
CGP006-ALLOC-0994,CGP005-RC-0994,CGSRC-GOV-0336,ES-CG-00,ES-CG-00;ES-CG-01;ES-CG-13;ES-CG-10,CGP005_REFERENCE_CORPUS_ROW,0,REFERENCE_CORPUS_INDEXED_NOT_NORMATIVE,REFERENCE_CONTEXT_ONLY
CGP006-ALLOC-0995,CGP005-RC-0995,CGSRC-GOV-0337,ES-CG-00,ES-CG-00;ES-CG-01;ES-CG-13;ES-CG-10,CGP005_REFERENCE_CORPUS_ROW,0,REFERENCE_CORPUS_INDEXED_NOT_NORMATIVE,REFERENCE_CONTEXT_ONLY
CGP006-ALLOC-0996,CGP005-RC-0996,CGSRC-GOV-0338,ES-CG-00,ES-CG-00;ES-CG-01;ES-CG-13;ES-CG-10,CGP005_REFERENCE_CORPUS_ROW,0,REFERENCE_CORPUS_INDEXED_NOT_NORMATIVE,REFERENCE_CONTEXT_ONLY
CGP006-ALLOC-0997,CGP005-RC-0997,CGSRC-GOV-0339,ES-CG-00,ES-CG-00;ES-CG-01;ES-CG-13;ES-CG-10,CGP005_REFERENCE_CORPUS_ROW,0,REFERENCE_CORPUS_INDEXED_NOT_NORMATIVE,REFERENCE_CONTEXT_ONLY
CGP006-ALLOC-0998,CGP005-RC-0998,CGSRC-GOV-0340,ES-CG-00,ES-CG-00;ES-CG-01;ES-CG-13;ES-CG-10,CGP005_REFERENCE_CORPUS_ROW,0,REFERENCE_CORPUS_INDEXED_NOT_NORMATIVE,REFERENCE_CONTEXT_ONLY
CGP006-ALLOC-0999,CGP005-RC-0999,CGSRC-GOV-0341,ES-CG-00,ES-CG-00;ES-CG-01;ES-CG-13;ES-CG-10,CGP005_REFERENCE_CORPUS_ROW,0,REFERENCE_CORPUS_INDEXED_NOT_NORMATIVE,REFERENCE_CONTEXT_ONLY
CGP006-ALLOC-1000,CGP005-RC-1000,CGSRC-GOV-0342,ES-CG-00,ES-CG-00;ES-CG-01;ES-CG-13;ES-CG-10,CGP005_REFERENCE_CORPUS_ROW,0,REFERENCE_CORPUS_INDEXED_NOT_NORMATIVE,REFERENCE_CONTEXT_ONLY
CGP006-ALLOC-1001,CGP005-RC-1001,CGSRC-GOV-0343,ES-CG-00,ES-CG-00;ES-CG-01;ES-CG-13;ES-CG-10,CGP005_REFERENCE_CORPUS_ROW,0,REFERENCE_CORPUS_INDEXED_NOT_NORMATIVE,REFERENCE_CONTEXT_ONLY
CGP006-ALLOC-1002,CGP005-RC-1002,CGSRC-GOV-0344,ES-CG-00,ES-CG-00;ES-CG-01;ES-CG-13;ES-CG-10,CGP005_REFERENCE_CORPUS_ROW,0,REFERENCE_CORPUS_INDEXED_NOT_NORMATIVE,REFERENCE_CONTEXT_ONLY
CGP006-ALLOC-1003,CGP005-RC-1003,CGSRC-GOV-0345,ES-CG-00,ES-CG-00;ES-CG-01;ES-CG-13;ES-CG-10,CGP005_REFERENCE_CORPUS_ROW,0,REFERENCE_CORPUS_INDEXED_NOT_NORMATIVE,REFERENCE_CONTEXT_ONLY
CGP006-ALLOC-1004,CGP005-RC-1004,CGSRC-GOV-0346,ES-CG-00,ES-CG-00;ES-CG-01;ES-CG-13;ES-CG-10,CGP005_REFERENCE_CORPUS_ROW,0,REFERENCE_CORPUS_INDEXED_NOT_NORMATIVE,REFERENCE_CONTEXT_ONLY
CGP006-ALLOC-1005,CGP005-RC-1005,CGSRC-GOV-0347,ES-CG-00,ES-CG-00;ES-CG-01;ES-CG-13;ES-CG-10,CGP005_REFERENCE_CORPUS_ROW,0,REFERENCE_CORPUS_INDEXED_NOT_NORMATIVE,REFERENCE_CONTEXT_ONLY
CGP006-ALLOC-1006,CGP005-RC-1006,CGSRC-GOV-0348,ES-CG-00,ES-CG-00;ES-CG-01;ES-CG-13;ES-CG-10,CGP005_REFERENCE_CORPUS_ROW,0,REFERENCE_CORPUS_INDEXED_NOT_NORMATIVE,REFERENCE_CONTEXT_ONLY
CGP006-ALLOC-1007,CGP005-RC-1007,CGSRC-GOV-0349,ES-CG-00,ES-CG-00;ES-CG-01;ES-CG-13;ES-CG-10,CGP005_REFERENCE_CORPUS_ROW,0,REFERENCE_CORPUS_INDEXED_NOT_NORMATIVE,REFERENCE_CONTEXT_ONLY
CGP006-ALLOC-1008,CGP005-RC-1008,CGSRC-GOV-0350,ES-CG-00,ES-CG-00;ES-CG-01;ES-CG-13;ES-CG-10,CGP005_REFERENCE_CORPUS_ROW,0,REFERENCE_CORPUS_INDEXED_NOT_NORMATIVE,REFERENCE_CONTEXT_ONLY
CGP006-ALLOC-1009,CGP005-RC-1009,CGSRC-GOV-0351,ES-CG-00,ES-CG-00;ES-CG-01;ES-CG-13;ES-CG-10,CGP005_REFERENCE_CORPUS_ROW,0,REFERENCE_CORPUS_INDEXED_NOT_NORMATIVE,REFERENCE_CONTEXT_ONLY
CGP006-ALLOC-1010,CGP005-RC-1010,CGSRC-GOV-0352,ES-CG-00,ES-CG-00;ES-CG-01;ES-CG-13;ES-CG-10,CGP005_REFERENCE_CORPUS_ROW,0,REFERENCE_CORPUS_INDEXED_NOT_NORMATIVE,REFERENCE_CONTEXT_ONLY
CGP006-ALLOC-1011,CGP005-RC-1011,CGSRC-GOV-0353,ES-CG-00,ES-CG-00;ES-CG-01;ES-CG-13;ES-CG-10,CGP005_REFERENCE_CORPUS_ROW,0,REFERENCE_CORPUS_INDEXED_NOT_NORMATIVE,REFERENCE_CONTEXT_ONLY
CGP006-ALLOC-1012,CGP005-RC-1012,CGSRC-GOV-0354,ES-CG-00,ES-CG-00;ES-CG-01;ES-CG-13;ES-CG-10,CGP005_REFERENCE_CORPUS_ROW,0,REFERENCE_CORPUS_INDEXED_NOT_NORMATIVE,REFERENCE_CONTEXT_ONLY
CGP006-ALLOC-1013,CGP005-RC-1013,CGSRC-GOV-0355,ES-CG-00,ES-CG-00;ES-CG-01;ES-CG-13;ES-CG-10,CGP005_REFERENCE_CORPUS_ROW,0,REFERENCE_CORPUS_INDEXED_NOT_NORMATIVE,REFERENCE_CONTEXT_ONLY
CGP006-ALLOC-1014,CGP005-RC-1014,CGSRC-GOV-0356,ES-CG-00,ES-CG-00;ES-CG-01;ES-CG-13;ES-CG-10,CGP005_REFERENCE_CORPUS_ROW,0,REFERENCE_CORPUS_INDEXED_NOT_NORMATIVE,REFERENCE_CONTEXT_ONLY
CGP006-ALLOC-1015,CGP005-RC-1015,CGSRC-GOV-0357,ES-CG-00,ES-CG-00;ES-CG-01;ES-CG-13;ES-CG-10,CGP005_REFERENCE_CORPUS_ROW,0,REFERENCE_CORPUS_INDEXED_NOT_NORMATIVE,REFERENCE_CONTEXT_ONLY
CGP006-ALLOC-1016,CGP005-RC-1016,CGSRC-GOV-0358,ES-CG-00,ES-CG-00;ES-CG-01;ES-CG-13;ES-CG-10,CGP005_REFERENCE_CORPUS_ROW,0,REFERENCE_CORPUS_INDEXED_NOT_NORMATIVE,REFERENCE_CONTEXT_ONLY
CGP006-ALLOC-1017,CGP005-RC-1017,CGSRC-GOV-0359,ES-CG-00,ES-CG-00;ES-CG-01;ES-CG-13;ES-CG-10,CGP005_REFERENCE_CORPUS_ROW,0,REFERENCE_CORPUS_INDEXED_NOT_NORMATIVE,REFERENCE_CONTEXT_ONLY
CGP006-ALLOC-1018,CGP005-RC-1018,CGSRC-GOV-0360,ES-CG-00,ES-CG-00;ES-CG-01;ES-CG-13;ES-CG-10,CGP005_REFERENCE_CORPUS_ROW,0,REFERENCE_CORPUS_INDEXED_NOT_NORMATIVE,REFERENCE_CONTEXT_ONLY
CGP006-ALLOC-1019,CGP005-RC-1019,CGSRC-GOV-0361,ES-CG-00,ES-CG-00;ES-CG-01;ES-CG-13;ES-CG-10,CGP005_REFERENCE_CORPUS_ROW,0,REFERENCE_CORPUS_INDEXED_NOT_NORMATIVE,REFERENCE_CONTEXT_ONLY
CGP006-ALLOC-1020,CGP005-RC-1020,CGSRC-GOV-0362,ES-CG-00,ES-CG-00;ES-CG-01;ES-CG-13;ES-CG-10,CGP005_REFERENCE_CORPUS_ROW,0,REFERENCE_CORPUS_INDEXED_NOT_NORMATIVE,REFERENCE_CONTEXT_ONLY
CGP006-ALLOC-1021,CGP005-RC-1021,CGSRC-GOV-0363,ES-CG-00,ES-CG-00;ES-CG-01;ES-CG-13;ES-CG-10,CGP005_REFERENCE_CORPUS_ROW,0,REFERENCE_CORPUS_INDEXED_NOT_NORMATIVE,REFERENCE_CONTEXT_ONLY
CGP006-ALLOC-1022,CGP005-RC-1022,CGSRC-GOV-0364,ES-CG-00,ES-CG-00;ES-CG-01;ES-CG-13;ES-CG-10,CGP005_REFERENCE_CORPUS_ROW,0,REFERENCE_CORPUS_INDEXED_NOT_NORMATIVE,REFERENCE_CONTEXT_ONLY
CGP006-ALLOC-1023,CGP005-RC-1023,CGSRC-GOV-0365,ES-CG-00,ES-CG-00;ES-CG-01;ES-CG-13;ES-CG-10,CGP005_REFERENCE_CORPUS_ROW,0,REFERENCE_CORPUS_INDEXED_NOT_NORMATIVE,REFERENCE_CONTEXT_ONLY
CGP006-ALLOC-1024,CGP005-RC-1024,CGSRC-GOV-0366,ES-CG-00,ES-CG-00;ES-CG-01;ES-CG-13;ES-CG-10,CGP005_REFERENCE_CORPUS_ROW,0,REFERENCE_CORPUS_INDEXED_NOT_NORMATIVE,REFERENCE_CONTEXT_ONLY
CGP006-ALLOC-1025,CGP005-RC-1025,CGSRC-GOV-0367,ES-CG-00,ES-CG-00;ES-CG-01;ES-CG-13;ES-CG-10,CGP005_REFERENCE_CORPUS_ROW,0,REFERENCE_CORPUS_INDEXED_NOT_NORMATIVE,REFERENCE_CONTEXT_ONLY
CGP006-ALLOC-1026,CGP005-RC-1026,CGSRC-GOV-0368,ES-CG-00,ES-CG-00;ES-CG-01;ES-CG-13;ES-CG-10,CGP005_REFERENCE_CORPUS_ROW,0,REFERENCE_CORPUS_INDEXED_NOT_NORMATIVE,REFERENCE_CONTEXT_ONLY
CGP006-ALLOC-1027,CGP005-RC-1027,CGSRC-GOV-0369,ES-CG-00,ES-CG-00;ES-CG-01;ES-CG-13;ES-CG-10,CGP005_REFERENCE_CORPUS_ROW,0,REFERENCE_CORPUS_INDEXED_NOT_NORMATIVE,REFERENCE_CONTEXT_ONLY
CGP006-ALLOC-1028,CGP005-RC-1028,CGSRC-GOV-0370,ES-CG-00,ES-CG-00;ES-CG-01;ES-CG-13;ES-CG-10,CGP005_REFERENCE_CORPUS_ROW,0,REFERENCE_CORPUS_INDEXED_NOT_NORMATIVE,REFERENCE_CONTEXT_ONLY
CGP006-ALLOC-1029,CGP005-RC-1029,CGSRC-GOV-0371,ES-CG-00,ES-CG-00;ES-CG-01;ES-CG-13;ES-CG-10,CGP005_REFERENCE_CORPUS_ROW,0,REFERENCE_CORPUS_INDEXED_NOT_NORMATIVE,REFERENCE_CONTEXT_ONLY
CGP006-ALLOC-1030,CGP005-RC-1030,CGSRC-GOV-0372,ES-CG-00,ES-CG-00;ES-CG-01;ES-CG-13;ES-CG-10,CGP005_REFERENCE_CORPUS_ROW,0,REFERENCE_CORPUS_INDEXED_NOT_NORMATIVE,REFERENCE_CONTEXT_ONLY
CGP006-ALLOC-1031,CGP005-RC-1031,CGSRC-GOV-0373,ES-CG-00,ES-CG-00;ES-CG-01;ES-CG-13;ES-CG-10,CGP005_REFERENCE_CORPUS_ROW,0,REFERENCE_CORPUS_INDEXED_NOT_NORMATIVE,REFERENCE_CONTEXT_ONLY
CGP006-ALLOC-1032,CGP005-RC-1032,CGSRC-GOV-0374,ES-CG-00,ES-CG-00;ES-CG-01;ES-CG-13;ES-CG-10,CGP005_REFERENCE_CORPUS_ROW,0,REFERENCE_CORPUS_INDEXED_NOT_NORMATIVE,REFERENCE_CONTEXT_ONLY
CGP006-ALLOC-1033,CGP005-RC-1033,CGSRC-GOV-0375,ES-CG-00,ES-CG-00;ES-CG-01;ES-CG-13;ES-CG-10,CGP005_REFERENCE_CORPUS_ROW,0,REFERENCE_CORPUS_INDEXED_NOT_NORMATIVE,REFERENCE_CONTEXT_ONLY
CGP006-ALLOC-1034,CGP005-RC-1034,CGSRC-GOV-0376,ES-CG-00,ES-CG-00;ES-CG-01;ES-CG-13;ES-CG-10,CGP005_REFERENCE_CORPUS_ROW,0,REFERENCE_CORPUS_INDEXED_NOT_NORMATIVE,REFERENCE_CONTEXT_ONLY
CGP006-ALLOC-1035,CGP005-RC-1035,CGSRC-GOV-0377,ES-CG-00,ES-CG-00;ES-CG-01;ES-CG-13;ES-CG-10,CGP005_REFERENCE_CORPUS_ROW,0,REFERENCE_CORPUS_INDEXED_NOT_NORMATIVE,REFERENCE_CONTEXT_ONLY
CGP006-ALLOC-1036,CGP005-RC-1036,CGSRC-GOV-0378,ES-CG-00,ES-CG-00;ES-CG-01;ES-CG-13;ES-CG-10,CGP005_REFERENCE_CORPUS_ROW,0,REFERENCE_CORPUS_INDEXED_NOT_NORMATIVE,REFERENCE_CONTEXT_ONLY
CGP006-ALLOC-1037,CGP005-RC-1037,CGSRC-GOV-0379,ES-CG-00,ES-CG-00;ES-CG-01;ES-CG-13;ES-CG-10,CGP005_REFERENCE_CORPUS_ROW,0,REFERENCE_CORPUS_INDEXED_NOT_NORMATIVE,REFERENCE_CONTEXT_ONLY
CGP006-ALLOC-1038,CGP005-RC-1038,CGSRC-GOV-0380,ES-CG-00,ES-CG-00;ES-CG-01;ES-CG-13;ES-CG-10,CGP005_REFERENCE_CORPUS_ROW,0,REFERENCE_CORPUS_INDEXED_NOT_NORMATIVE,REFERENCE_CONTEXT_ONLY
CGP006-ALLOC-1039,CGP005-RC-1039,CGSRC-GOV-0381,ES-CG-00,ES-CG-00;ES-CG-01;ES-CG-13;ES-CG-10,CGP005_REFERENCE_CORPUS_ROW,0,REFERENCE_CORPUS_INDEXED_NOT_NORMATIVE,REFERENCE_CONTEXT_ONLY
CGP006-ALLOC-1040,CGP005-RC-1040,CGSRC-GOV-0382,ES-CG-00,ES-CG-00;ES-CG-01;ES-CG-13;ES-CG-10,CGP005_REFERENCE_CORPUS_ROW,0,REFERENCE_CORPUS_INDEXED_NOT_NORMATIVE,REFERENCE_CONTEXT_ONLY
CGP006-ALLOC-1041,CGP005-RC-1041,CGSRC-GOV-0383,ES-CG-00,ES-CG-00;ES-CG-01;ES-CG-13;ES-CG-10,CGP005_REFERENCE_CORPUS_ROW,0,REFERENCE_CORPUS_INDEXED_NOT_NORMATIVE,REFERENCE_CONTEXT_ONLY
CGP006-ALLOC-1042,CGP005-RC-1042,CGSRC-GOV-0384,ES-CG-00,ES-CG-00;ES-CG-01;ES-CG-13;ES-CG-10,CGP005_REFERENCE_CORPUS_ROW,0,REFERENCE_CORPUS_INDEXED_NOT_NORMATIVE,REFERENCE_CONTEXT_ONLY
CGP006-ALLOC-1043,CGP005-RC-1043,CGSRC-GOV-0385,ES-CG-00,ES-CG-00;ES-CG-01;ES-CG-13;ES-CG-10,CGP005_REFERENCE_CORPUS_ROW,0,REFERENCE_CORPUS_INDEXED_NOT_NORMATIVE,REFERENCE_CONTEXT_ONLY
CGP006-ALLOC-1044,CGP005-RC-1044,CGSRC-GOV-0386,ES-CG-00,ES-CG-00;ES-CG-01;ES-CG-13;ES-CG-10,CGP005_REFERENCE_CORPUS_ROW,0,REFERENCE_CORPUS_INDEXED_NOT_NORMATIVE,REFERENCE_CONTEXT_ONLY
CGP006-ALLOC-1045,CGP005-RC-1045,CGSRC-GOV-0387,ES-CG-00,ES-CG-00;ES-CG-01;ES-CG-13;ES-CG-10,CGP005_REFERENCE_CORPUS_ROW,0,REFERENCE_CORPUS_INDEXED_NOT_NORMATIVE,REFERENCE_CONTEXT_ONLY
CGP006-ALLOC-1046,CGP005-RC-1046,CGSRC-GOV-0388,ES-CG-00,ES-CG-00;ES-CG-01;ES-CG-13;ES-CG-10,CGP005_REFERENCE_CORPUS_ROW,0,REFERENCE_CORPUS_INDEXED_NOT_NORMATIVE,REFERENCE_CONTEXT_ONLY
CGP006-ALLOC-1047,CGP005-RC-1047,CGSRC-GOV-0389,ES-CG-00,ES-CG-00;ES-CG-01;ES-CG-13;ES-CG-10,CGP005_REFERENCE_CORPUS_ROW,0,REFERENCE_CORPUS_INDEXED_NOT_NORMATIVE,REFERENCE_CONTEXT_ONLY
CGP006-ALLOC-1048,CGP005-RC-1048,CGSRC-GOV-0390,ES-CG-00,ES-CG-00;ES-CG-01;ES-CG-13;ES-CG-10,CGP005_REFERENCE_CORPUS_ROW,0,REFERENCE_CORPUS_INDEXED_NOT_NORMATIVE,REFERENCE_CONTEXT_ONLY
CGP006-ALLOC-1049,CGP005-RC-1049,CGSRC-GOV-0391,ES-CG-00,ES-CG-00;ES-CG-01;ES-CG-13;ES-CG-10,CGP005_REFERENCE_CORPUS_ROW,0,REFERENCE_CORPUS_INDEXED_NOT_NORMATIVE,REFERENCE_CONTEXT_ONLY
CGP006-ALLOC-1050,CGP005-RC-1050,CGSRC-GOV-0392,ES-CG-00,ES-CG-00;ES-CG-01;ES-CG-13;ES-CG-10,CGP005_REFERENCE_CORPUS_ROW,0,REFERENCE_CORPUS_INDEXED_NOT_NORMATIVE,REFERENCE_CONTEXT_ONLY
CGP006-ALLOC-1051,CGP005-RC-1051,CGSRC-GOV-0393,ES-CG-00,ES-CG-00;ES-CG-01;ES-CG-13;ES-CG-10,CGP005_REFERENCE_CORPUS_ROW,0,REFERENCE_CORPUS_INDEXED_NOT_NORMATIVE,REFERENCE_CONTEXT_ONLY
CGP006-ALLOC-1052,CGP005-RC-1052,CGSRC-GOV-0394,ES-CG-00,ES-CG-00;ES-CG-01;ES-CG-13;ES-CG-10,CGP005_REFERENCE_CORPUS_ROW,0,REFERENCE_CORPUS_INDEXED_NOT_NORMATIVE,REFERENCE_CONTEXT_ONLY
CGP006-ALLOC-1053,CGP005-RC-1053,CGSRC-GOV-0395,ES-CG-00,ES-CG-00;ES-CG-01;ES-CG-13;ES-CG-10,CGP005_REFERENCE_CORPUS_ROW,0,REFERENCE_CORPUS_INDEXED_NOT_NORMATIVE,REFERENCE_CONTEXT_ONLY
CGP006-ALLOC-1054,CGP005-RC-1054,CGSRC-GOV-0396,ES-CG-00,ES-CG-00;ES-CG-01;ES-CG-13;ES-CG-10,CGP005_REFERENCE_CORPUS_ROW,0,REFERENCE_CORPUS_INDEXED_NOT_NORMATIVE,REFERENCE_CONTEXT_ONLY
CGP006-ALLOC-1055,CGP005-RC-1055,CGSRC-GOV-0397,ES-CG-00,ES-CG-00;ES-CG-01;ES-CG-13;ES-CG-10,CGP005_REFERENCE_CORPUS_ROW,0,REFERENCE_CORPUS_INDEXED_NOT_NORMATIVE,REFERENCE_CONTEXT_ONLY
CGP006-ALLOC-1056,CGP005-RC-1056,CGSRC-GOV-0398,ES-CG-00,ES-CG-00;ES-CG-01;ES-CG-13;ES-CG-10,CGP005_REFERENCE_CORPUS_ROW,0,REFERENCE_CORPUS_INDEXED_NOT_NORMATIVE,REFERENCE_CONTEXT_ONLY
CGP006-ALLOC-1057,CGP005-RC-1057,CGSRC-GOV-0399,ES-CG-00,ES-CG-00;ES-CG-01;ES-CG-13;ES-CG-10,CGP005_REFERENCE_CORPUS_ROW,0,REFERENCE_CORPUS_INDEXED_NOT_NORMATIVE,REFERENCE_CONTEXT_ONLY
CGP006-ALLOC-1058,CGP005-RC-1058,CGSRC-GOV-0400,ES-CG-00,ES-CG-00;ES-CG-01;ES-CG-13;ES-CG-10,CGP005_REFERENCE_CORPUS_ROW,0,REFERENCE_CORPUS_INDEXED_NOT_NORMATIVE,REFERENCE_CONTEXT_ONLY
CGP006-ALLOC-1059,CGP005-RC-1059,CGSRC-GOV-0401,ES-CG-00,ES-CG-00;ES-CG-01;ES-CG-13;ES-CG-10,CGP005_REFERENCE_CORPUS_ROW,0,REFERENCE_CORPUS_INDEXED_NOT_NORMATIVE,REFERENCE_CONTEXT_ONLY
CGP006-ALLOC-1060,CGP005-RC-1060,CGSRC-GOV-0402,ES-CG-00,ES-CG-00;ES-CG-01;ES-CG-13;ES-CG-10,CGP005_REFERENCE_CORPUS_ROW,0,REFERENCE_CORPUS_INDEXED_NOT_NORMATIVE,REFERENCE_CONTEXT_ONLY
CGP006-ALLOC-1061,CGP005-RC-1061,CGSRC-GOV-0403,ES-CG-00,ES-CG-00;ES-CG-01;ES-CG-13;ES-CG-10,CGP005_REFERENCE_CORPUS_ROW,0,REFERENCE_CORPUS_INDEXED_NOT_NORMATIVE,REFERENCE_CONTEXT_ONLY
CGP006-ALLOC-1062,CGP005-RC-1062,CGSRC-GOV-0404,ES-CG-00,ES-CG-00;ES-CG-01;ES-CG-13;ES-CG-10,CGP005_REFERENCE_CORPUS_ROW,0,REFERENCE_CORPUS_INDEXED_NOT_NORMATIVE,REFERENCE_CONTEXT_ONLY
CGP006-ALLOC-1063,CGP005-RC-1063,CGSRC-GOV-0405,ES-CG-00,ES-CG-00;ES-CG-01;ES-CG-13;ES-CG-10,CGP005_REFERENCE_CORPUS_ROW,0,REFERENCE_CORPUS_INDEXED_NOT_NORMATIVE,REFERENCE_CONTEXT_ONLY
CGP006-ALLOC-1064,CGP005-RC-1064,CGSRC-GOV-0406,ES-CG-00,ES-CG-00;ES-CG-01;ES-CG-13;ES-CG-10,CGP005_REFERENCE_CORPUS_ROW,0,REFERENCE_CORPUS_INDEXED_NOT_NORMATIVE,REFERENCE_CONTEXT_ONLY
CGP006-ALLOC-1065,CGP005-RC-1065,CGSRC-GOV-0407,ES-CG-00,ES-CG-00;ES-CG-01;ES-CG-13;ES-CG-10,CGP005_REFERENCE_CORPUS_ROW,0,REFERENCE_CORPUS_INDEXED_NOT_NORMATIVE,REFERENCE_CONTEXT_ONLY
CGP006-ALLOC-1066,CGP005-RC-1066,CGSRC-GOV-0408,ES-CG-00,ES-CG-00;ES-CG-01;ES-CG-13;ES-CG-10,CGP005_REFERENCE_CORPUS_ROW,0,REFERENCE_CORPUS_INDEXED_NOT_NORMATIVE,REFERENCE_CONTEXT_ONLY
CGP006-ALLOC-1067,CGP005-RC-1067,CGSRC-GOV-0409,ES-CG-00,ES-CG-00;ES-CG-01;ES-CG-13;ES-CG-10,CGP005_REFERENCE_CORPUS_ROW,0,REFERENCE_CORPUS_INDEXED_NOT_NORMATIVE,REFERENCE_CONTEXT_ONLY
CGP006-ALLOC-1068,CGP005-RC-1068,CGSRC-GOV-0410,ES-CG-00,ES-CG-00;ES-CG-01;ES-CG-13;ES-CG-10,CGP005_REFERENCE_CORPUS_ROW,0,REFERENCE_CORPUS_INDEXED_NOT_NORMATIVE,REFERENCE_CONTEXT_ONLY
CGP006-ALLOC-1069,CGP005-RC-1069,CGSRC-GOV-0411,ES-CG-00,ES-CG-00;ES-CG-01;ES-CG-13;ES-CG-10,CGP005_REFERENCE_CORPUS_ROW,0,REFERENCE_CORPUS_INDEXED_NOT_NORMATIVE,REFERENCE_CONTEXT_ONLY
CGP006-ALLOC-1070,CGP005-RC-1070,CGSRC-GOV-0412,ES-CG-00,ES-CG-00;ES-CG-01;ES-CG-13;ES-CG-10,CGP005_REFERENCE_CORPUS_ROW,0,REFERENCE_CORPUS_INDEXED_NOT_NORMATIVE,REFERENCE_CONTEXT_ONLY
CGP006-ALLOC-1071,CGP005-RC-1071,CGSRC-GOV-0413,ES-CG-00,ES-CG-00;ES-CG-01;ES-CG-13;ES-CG-10,CGP005_REFERENCE_CORPUS_ROW,0,REFERENCE_CORPUS_INDEXED_NOT_NORMATIVE,REFERENCE_CONTEXT_ONLY
CGP006-ALLOC-1072,CGP005-RC-1072,CGSRC-GOV-0414,ES-CG-00,ES-CG-00;ES-CG-01;ES-CG-13;ES-CG-10,CGP005_REFERENCE_CORPUS_ROW,0,REFERENCE_CORPUS_INDEXED_NOT_NORMATIVE,REFERENCE_CONTEXT_ONLY
CGP006-ALLOC-1073,CGP005-RC-1073,CGSRC-GOV-0415,ES-CG-00,ES-CG-00;ES-CG-01;ES-CG-13;ES-CG-10,CGP005_REFERENCE_CORPUS_ROW,0,REFERENCE_CORPUS_INDEXED_NOT_NORMATIVE,REFERENCE_CONTEXT_ONLY
CGP006-ALLOC-1074,CGP005-RC-1074,CGSRC-GOV-0416,ES-CG-00,ES-CG-00;ES-CG-01;ES-CG-13;ES-CG-10,CGP005_REFERENCE_CORPUS_ROW,0,REFERENCE_CORPUS_INDEXED_NOT_NORMATIVE,REFERENCE_CONTEXT_ONLY
CGP006-ALLOC-1075,CGP005-RC-1075,CGSRC-GOV-0417,ES-CG-00,ES-CG-00;ES-CG-01;ES-CG-13;ES-CG-10,CGP005_REFERENCE_CORPUS_ROW,0,REFERENCE_CORPUS_INDEXED_NOT_NORMATIVE,REFERENCE_CONTEXT_ONLY
CGP006-ALLOC-1076,CGP005-RC-1076,CGSRC-GOV-0418,ES-CG-00,ES-CG-00;ES-CG-01;ES-CG-13;ES-CG-10,CGP005_REFERENCE_CORPUS_ROW,0,REFERENCE_CORPUS_INDEXED_NOT_NORMATIVE,REFERENCE_CONTEXT_ONLY
CGP006-ALLOC-1077,CGP005-RC-1077,CGSRC-GOV-0419,ES-CG-00,ES-CG-00;ES-CG-01;ES-CG-13;ES-CG-10,CGP005_REFERENCE_CORPUS_ROW,0,REFERENCE_CORPUS_INDEXED_NOT_NORMATIVE,REFERENCE_CONTEXT_ONLY
CGP006-ALLOC-1078,CGP005-RC-1078,CGSRC-GOV-0420,ES-CG-00,ES-CG-00;ES-CG-01;ES-CG-13;ES-CG-10,CGP005_REFERENCE_CORPUS_ROW,0,REFERENCE_CORPUS_INDEXED_NOT_NORMATIVE,REFERENCE_CONTEXT_ONLY
CGP006-ALLOC-1079,CGP005-RC-1079,CGSRC-GOV-0421,ES-CG-00,ES-CG-00;ES-CG-01;ES-CG-13;ES-CG-10,CGP005_REFERENCE_CORPUS_ROW,0,REFERENCE_CORPUS_INDEXED_NOT_NORMATIVE,REFERENCE_CONTEXT_ONLY
CGP006-ALLOC-1080,CGP005-RC-1080,CGSRC-GOV-0422,ES-CG-00,ES-CG-00;ES-CG-01;ES-CG-13;ES-CG-10,CGP005_REFERENCE_CORPUS_ROW,0,REFERENCE_CORPUS_INDEXED_NOT_NORMATIVE,REFERENCE_CONTEXT_ONLY
CGP006-ALLOC-1081,CGP005-RC-1081,CGSRC-GOV-0423,ES-CG-00,ES-CG-00;ES-CG-01;ES-CG-13;ES-CG-10,CGP005_REFERENCE_CORPUS_ROW,0,REFERENCE_CORPUS_INDEXED_NOT_NORMATIVE,REFERENCE_CONTEXT_ONLY
CGP006-ALLOC-1082,CGP005-RC-1082,CGSRC-GOV-0424,ES-CG-00,ES-CG-00;ES-CG-01;ES-CG-13;ES-CG-10,CGP005_REFERENCE_CORPUS_ROW,0,REFERENCE_CORPUS_INDEXED_NOT_NORMATIVE,REFERENCE_CONTEXT_ONLY
CGP006-ALLOC-1083,CGP005-RC-1083,CGSRC-GOV-0425,ES-CG-00,ES-CG-00;ES-CG-01;ES-CG-13;ES-CG-10,CGP005_REFERENCE_CORPUS_ROW,0,REFERENCE_CORPUS_INDEXED_NOT_NORMATIVE,REFERENCE_CONTEXT_ONLY
CGP006-ALLOC-1084,CGP005-RC-1084,CGSRC-GOV-0426,ES-CG-00,ES-CG-00;ES-CG-01;ES-CG-13;ES-CG-10,CGP005_REFERENCE_CORPUS_ROW,0,REFERENCE_CORPUS_INDEXED_NOT_NORMATIVE,REFERENCE_CONTEXT_ONLY
CGP006-ALLOC-1085,CGP005-RC-1085,CGSRC-GOV-0427,ES-CG-00,ES-CG-00;ES-CG-01;ES-CG-13;ES-CG-10,CGP005_REFERENCE_CORPUS_ROW,0,REFERENCE_CORPUS_INDEXED_NOT_NORMATIVE,REFERENCE_CONTEXT_ONLY
CGP006-ALLOC-1086,CGP005-RC-1086,CGSRC-GOV-0428,ES-CG-00,ES-CG-00;ES-CG-01;ES-CG-13;ES-CG-10,CGP005_REFERENCE_CORPUS_ROW,0,REFERENCE_CORPUS_INDEXED_NOT_NORMATIVE,REFERENCE_CONTEXT_ONLY
CGP006-ALLOC-1087,CGP005-RC-1087,CGSRC-GOV-0429,ES-CG-00,ES-CG-00;ES-CG-01;ES-CG-13;ES-CG-10,CGP005_REFERENCE_CORPUS_ROW,0,REFERENCE_CORPUS_INDEXED_NOT_NORMATIVE,REFERENCE_CONTEXT_ONLY
CGP006-ALLOC-1088,CGP005-RC-1088,CGSRC-GOV-0430,ES-CG-00,ES-CG-00;ES-CG-01;ES-CG-13;ES-CG-10,CGP005_REFERENCE_CORPUS_ROW,0,REFERENCE_CORPUS_INDEXED_NOT_NORMATIVE,REFERENCE_CONTEXT_ONLY
CGP006-ALLOC-1089,CGP005-RC-1089,CGSRC-GOV-0431,ES-CG-00,ES-CG-00;ES-CG-01;ES-CG-13;ES-CG-10,CGP005_REFERENCE_CORPUS_ROW,0,REFERENCE_CORPUS_INDEXED_NOT_NORMATIVE,REFERENCE_CONTEXT_ONLY
CGP006-ALLOC-1090,CGP005-RC-1090,CGSRC-GOV-0432,ES-CG-00,ES-CG-00;ES-CG-01;ES-CG-13;ES-CG-10,CGP005_REFERENCE_CORPUS_ROW,0,REFERENCE_CORPUS_INDEXED_NOT_NORMATIVE,REFERENCE_CONTEXT_ONLY
CGP006-ALLOC-1091,CGP005-RC-1091,CGSRC-GOV-0433,ES-CG-00,ES-CG-00;ES-CG-01;ES-CG-13;ES-CG-10,CGP005_REFERENCE_CORPUS_ROW,0,REFERENCE_CORPUS_INDEXED_NOT_NORMATIVE,REFERENCE_CONTEXT_ONLY
CGP006-ALLOC-1092,CGP005-RC-1092,CGSRC-GOV-0434,ES-CG-00,ES-CG-00;ES-CG-01;ES-CG-13;ES-CG-10,CGP005_REFERENCE_CORPUS_ROW,0,REFERENCE_CORPUS_INDEXED_NOT_NORMATIVE,REFERENCE_CONTEXT_ONLY
CGP006-ALLOC-1093,CGP005-RC-1093,CGSRC-GOV-0435,ES-CG-00,ES-CG-00;ES-CG-01;ES-CG-13;ES-CG-10,CGP005_REFERENCE_CORPUS_ROW,0,REFERENCE_CORPUS_INDEXED_NOT_NORMATIVE,REFERENCE_CONTEXT_ONLY
CGP006-ALLOC-1094,CGP005-RC-1094,CGSRC-GOV-0436,ES-CG-00,ES-CG-00;ES-CG-01;ES-CG-13;ES-CG-10,CGP005_REFERENCE_CORPUS_ROW,0,REFERENCE_CORPUS_INDEXED_NOT_NORMATIVE,REFERENCE_CONTEXT_ONLY
CGP006-ALLOC-1095,CGP005-RC-1095,CGSRC-GOV-0437,ES-CG-00,ES-CG-00;ES-CG-01;ES-CG-13;ES-CG-10,CGP005_REFERENCE_CORPUS_ROW,0,REFERENCE_CORPUS_INDEXED_NOT_NORMATIVE,REFERENCE_CONTEXT_ONLY
CGP006-ALLOC-1096,CGP005-RC-1096,CGSRC-GOV-0438,ES-CG-00,ES-CG-00;ES-CG-01;ES-CG-13;ES-CG-10,CGP005_REFERENCE_CORPUS_ROW,0,REFERENCE_CORPUS_INDEXED_NOT_NORMATIVE,REFERENCE_CONTEXT_ONLY
CGP006-ALLOC-1097,CGP005-RC-1097,CGSRC-GOV-0439,ES-CG-00,ES-CG-00;ES-CG-01;ES-CG-13;ES-CG-10,CGP005_REFERENCE_CORPUS_ROW,0,REFERENCE_CORPUS_INDEXED_NOT_NORMATIVE,REFERENCE_CONTEXT_ONLY
CGP006-ALLOC-1098,CGP005-RC-1098,CGSRC-GOV-0440,ES-CG-00,ES-CG-00;ES-CG-01;ES-CG-13;ES-CG-10,CGP005_REFERENCE_CORPUS_ROW,0,REFERENCE_CORPUS_INDEXED_NOT_NORMATIVE,REFERENCE_CONTEXT_ONLY
CGP006-ALLOC-1099,CGP005-RC-1099,CGSRC-GOV-0441,ES-CG-00,ES-CG-00;ES-CG-01;ES-CG-13;ES-CG-10,CGP005_REFERENCE_CORPUS_ROW,0,REFERENCE_CORPUS_INDEXED_NOT_NORMATIVE,REFERENCE_CONTEXT_ONLY
CGP006-ALLOC-1100,CGP005-RC-1100,CGSRC-GOV-0442,ES-CG-00,ES-CG-00;ES-CG-01;ES-CG-13;ES-CG-10,CGP005_REFERENCE_CORPUS_ROW,0,REFERENCE_CORPUS_INDEXED_NOT_NORMATIVE,REFERENCE_CONTEXT_ONLY
CGP006-ALLOC-1101,CGP005-RC-1101,CGSRC-GOV-0443,ES-CG-00,ES-CG-00;ES-CG-01;ES-CG-13;ES-CG-10,CGP005_REFERENCE_CORPUS_ROW,0,REFERENCE_CORPUS_INDEXED_NOT_NORMATIVE,REFERENCE_CONTEXT_ONLY
CGP006-ALLOC-1102,CGP005-RC-1102,CGSRC-GOV-0444,ES-CG-00,ES-CG-00;ES-CG-01;ES-CG-13;ES-CG-10,CGP005_REFERENCE_CORPUS_ROW,0,REFERENCE_CORPUS_INDEXED_NOT_NORMATIVE,REFERENCE_CONTEXT_ONLY
CGP006-ALLOC-1103,CGP005-RC-1103,CGSRC-GOV-0445,ES-CG-00,ES-CG-00;ES-CG-01;ES-CG-13;ES-CG-10,CGP005_REFERENCE_CORPUS_ROW,0,REFERENCE_CORPUS_INDEXED_NOT_NORMATIVE,REFERENCE_CONTEXT_ONLY
CGP006-ALLOC-1104,CGP005-RC-1104,CGSRC-GOV-0446,ES-CG-00,ES-CG-00;ES-CG-01;ES-CG-13;ES-CG-10,CGP005_REFERENCE_CORPUS_ROW,0,REFERENCE_CORPUS_INDEXED_NOT_NORMATIVE,REFERENCE_CONTEXT_ONLY
CGP006-ALLOC-1105,CGP005-RC-1105,CGSRC-GOV-0447,ES-CG-00,ES-CG-00;ES-CG-01;ES-CG-13;ES-CG-10,CGP005_REFERENCE_CORPUS_ROW,0,REFERENCE_CORPUS_INDEXED_NOT_NORMATIVE,REFERENCE_CONTEXT_ONLY
CGP006-ALLOC-1106,CGP005-RC-1106,CGSRC-GOV-0448,ES-CG-00,ES-CG-00;ES-CG-01;ES-CG-13;ES-CG-10,CGP005_REFERENCE_CORPUS_ROW,0,REFERENCE_CORPUS_INDEXED_NOT_NORMATIVE,REFERENCE_CONTEXT_ONLY
CGP006-ALLOC-1107,CGP005-RC-1107,CGSRC-GOV-0449,ES-CG-00,ES-CG-00;ES-CG-01;ES-CG-13;ES-CG-10,CGP005_REFERENCE_CORPUS_ROW,0,REFERENCE_CORPUS_INDEXED_NOT_NORMATIVE,REFERENCE_CONTEXT_ONLY
CGP006-ALLOC-1108,CGP005-RC-1108,CGSRC-GOV-0450,ES-CG-00,ES-CG-00;ES-CG-01;ES-CG-13;ES-CG-10,CGP005_REFERENCE_CORPUS_ROW,0,REFERENCE_CORPUS_INDEXED_NOT_NORMATIVE,REFERENCE_CONTEXT_ONLY
CGP006-ALLOC-1109,CGP005-RC-1109,CGSRC-GOV-0451,ES-CG-00,ES-CG-00;ES-CG-01;ES-CG-13;ES-CG-10,CGP005_REFERENCE_CORPUS_ROW,0,REFERENCE_CORPUS_INDEXED_NOT_NORMATIVE,REFERENCE_CONTEXT_ONLY
CGP006-ALLOC-1110,CGP005-RC-1110,CGSRC-GOV-0452,ES-CG-00,ES-CG-00;ES-CG-01;ES-CG-13;ES-CG-10,CGP005_REFERENCE_CORPUS_ROW,0,REFERENCE_CORPUS_INDEXED_NOT_NORMATIVE,REFERENCE_CONTEXT_ONLY
CGP006-ALLOC-1111,CGP005-RC-1111,CGSRC-GOV-0453,ES-CG-00,ES-CG-00;ES-CG-01;ES-CG-13;ES-CG-10,CGP005_REFERENCE_CORPUS_ROW,0,REFERENCE_CORPUS_INDEXED_NOT_NORMATIVE,REFERENCE_CONTEXT_ONLY
CGP006-ALLOC-1112,CGP005-RC-1112,CGSRC-GOV-0454,ES-CG-00,ES-CG-00;ES-CG-01;ES-CG-13;ES-CG-10,CGP005_REFERENCE_CORPUS_ROW,0,REFERENCE_CORPUS_INDEXED_NOT_NORMATIVE,REFERENCE_CONTEXT_ONLY
CGP006-ALLOC-1113,CGP005-RC-1113,CGSRC-GOV-0455,ES-CG-00,ES-CG-00;ES-CG-01;ES-CG-13;ES-CG-10,CGP005_REFERENCE_CORPUS_ROW,0,REFERENCE_CORPUS_INDEXED_NOT_NORMATIVE,REFERENCE_CONTEXT_ONLY
CGP006-ALLOC-1114,CGP005-RC-1114,CGSRC-GOV-0456,ES-CG-00,ES-CG-00;ES-CG-01;ES-CG-13;ES-CG-10,CGP005_REFERENCE_CORPUS_ROW,0,REFERENCE_CORPUS_INDEXED_NOT_NORMATIVE,REFERENCE_CONTEXT_ONLY
CGP006-ALLOC-1115,CGP005-RC-1115,CGSRC-GOV-0457,ES-CG-00,ES-CG-00;ES-CG-01;ES-CG-13;ES-CG-10,CGP005_REFERENCE_CORPUS_ROW,0,REFERENCE_CORPUS_INDEXED_NOT_NORMATIVE,REFERENCE_CONTEXT_ONLY
CGP006-ALLOC-1116,CGP005-RC-1116,CGSRC-GOV-0458,ES-CG-00,ES-CG-00;ES-CG-01;ES-CG-13;ES-CG-10,CGP005_REFERENCE_CORPUS_ROW,0,REFERENCE_CORPUS_INDEXED_NOT_NORMATIVE,REFERENCE_CONTEXT_ONLY
CGP006-ALLOC-1117,CGP005-RC-1117,CGSRC-GOV-0459,ES-CG-00,ES-CG-00;ES-CG-01;ES-CG-13;ES-CG-10,CGP005_REFERENCE_CORPUS_ROW,0,REFERENCE_CORPUS_INDEXED_NOT_NORMATIVE,REFERENCE_CONTEXT_ONLY
CGP006-ALLOC-1118,CGP005-RC-1118,CGSRC-GOV-0460,ES-CG-00,ES-CG-00;ES-CG-01;ES-CG-13;ES-CG-10,CGP005_REFERENCE_CORPUS_ROW,0,REFERENCE_CORPUS_INDEXED_NOT_NORMATIVE,REFERENCE_CONTEXT_ONLY
CGP006-ALLOC-1119,CGP005-RC-1119,CGSRC-GOV-0461,ES-CG-00,ES-CG-00;ES-CG-01;ES-CG-13;ES-CG-10,CGP005_REFERENCE_CORPUS_ROW,0,REFERENCE_CORPUS_INDEXED_NOT_NORMATIVE,REFERENCE_CONTEXT_ONLY
CGP006-ALLOC-1120,CGP005-RC-1120,CGSRC-GOV-0462,ES-CG-00,ES-CG-00;ES-CG-01;ES-CG-13;ES-CG-10,CGP005_REFERENCE_CORPUS_ROW,0,REFERENCE_CORPUS_INDEXED_NOT_NORMATIVE,REFERENCE_CONTEXT_ONLY
CGP006-ALLOC-1121,CGP005-RC-1121,CGSRC-GOV-0463,ES-CG-00,ES-CG-00;ES-CG-01;ES-CG-13;ES-CG-10,CGP005_REFERENCE_CORPUS_ROW,0,REFERENCE_CORPUS_INDEXED_NOT_NORMATIVE,REFERENCE_CONTEXT_ONLY
CGP006-ALLOC-1122,CGP005-RC-1122,CGSRC-GOV-0464,ES-CG-00,ES-CG-00;ES-CG-01;ES-CG-13;ES-CG-10,CGP005_REFERENCE_CORPUS_ROW,0,REFERENCE_CORPUS_INDEXED_NOT_NORMATIVE,REFERENCE_CONTEXT_ONLY
CGP006-ALLOC-1123,CGP005-RC-1123,CGSRC-GOV-0465,ES-CG-00,ES-CG-00;ES-CG-01;ES-CG-13;ES-CG-10,CGP005_REFERENCE_CORPUS_ROW,0,REFERENCE_CORPUS_INDEXED_NOT_NORMATIVE,REFERENCE_CONTEXT_ONLY
CGP006-ALLOC-1124,CGP005-RC-1124,CGSRC-GOV-0466,ES-CG-00,ES-CG-00;ES-CG-01;ES-CG-13;ES-CG-10,CGP005_REFERENCE_CORPUS_ROW,0,REFERENCE_CORPUS_INDEXED_NOT_NORMATIVE,REFERENCE_CONTEXT_ONLY
CGP006-ALLOC-1125,CGP005-RC-1125,CGSRC-GOV-0467,ES-CG-00,ES-CG-00;ES-CG-01;ES-CG-13;ES-CG-10,CGP005_REFERENCE_CORPUS_ROW,0,REFERENCE_CORPUS_INDEXED_NOT_NORMATIVE,REFERENCE_CONTEXT_ONLY
CGP006-ALLOC-1126,CGP005-RC-1126,CGSRC-GOV-0468,ES-CG-00,ES-CG-00;ES-CG-01;ES-CG-13;ES-CG-10,CGP005_REFERENCE_CORPUS_ROW,0,REFERENCE_CORPUS_INDEXED_NOT_NORMATIVE,REFERENCE_CONTEXT_ONLY
CGP006-ALLOC-1127,CGP005-RC-1127,CGSRC-GOV-0469,ES-CG-00,ES-CG-00;ES-CG-01;ES-CG-13;ES-CG-10,CGP005_REFERENCE_CORPUS_ROW,0,REFERENCE_CORPUS_INDEXED_NOT_NORMATIVE,REFERENCE_CONTEXT_ONLY
CGP006-ALLOC-1128,CGP005-RC-1128,CGSRC-GOV-0470,ES-CG-00,ES-CG-00;ES-CG-01;ES-CG-13;ES-CG-10,CGP005_REFERENCE_CORPUS_ROW,0,REFERENCE_CORPUS_INDEXED_NOT_NORMATIVE,REFERENCE_CONTEXT_ONLY
CGP006-ALLOC-1129,CGP005-RC-1129,CGSRC-GOV-0471,ES-CG-00,ES-CG-00;ES-CG-01;ES-CG-13;ES-CG-10,CGP005_REFERENCE_CORPUS_ROW,0,REFERENCE_CORPUS_INDEXED_NOT_NORMATIVE,REFERENCE_CONTEXT_ONLY
CGP006-ALLOC-1130,CGP005-RC-1130,CGSRC-GOV-0472,ES-CG-00,ES-CG-00;ES-CG-01;ES-CG-13;ES-CG-10,CGP005_REFERENCE_CORPUS_ROW,0,REFERENCE_CORPUS_INDEXED_NOT_NORMATIVE,REFERENCE_CONTEXT_ONLY
CGP006-ALLOC-1131,CGP005-RC-1131,CGSRC-GOV-0473,ES-CG-00,ES-CG-00;ES-CG-01;ES-CG-13;ES-CG-10,CGP005_REFERENCE_CORPUS_ROW,0,REFERENCE_CORPUS_INDEXED_NOT_NORMATIVE,REFERENCE_CONTEXT_ONLY
CGP006-ALLOC-1132,CGP005-RC-1132,CGSRC-GOV-0474,ES-CG-00,ES-CG-00;ES-CG-01;ES-CG-13;ES-CG-10,CGP005_REFERENCE_CORPUS_ROW,0,REFERENCE_CORPUS_INDEXED_NOT_NORMATIVE,REFERENCE_CONTEXT_ONLY
CGP006-ALLOC-1133,CGP005-RC-1133,CGSRC-GOV-0475,ES-CG-00,ES-CG-00;ES-CG-01;ES-CG-13;ES-CG-10,CGP005_REFERENCE_CORPUS_ROW,0,REFERENCE_CORPUS_INDEXED_NOT_NORMATIVE,REFERENCE_CONTEXT_ONLY
CGP006-ALLOC-1134,CGP005-RC-1134,CGSRC-GOV-0476,ES-CG-00,ES-CG-00;ES-CG-01;ES-CG-13;ES-CG-10,CGP005_REFERENCE_CORPUS_ROW,0,REFERENCE_CORPUS_INDEXED_NOT_NORMATIVE,REFERENCE_CONTEXT_ONLY
CGP006-ALLOC-1135,CGP005-RC-1135,CGSRC-GOV-0477,ES-CG-00,ES-CG-00;ES-CG-01;ES-CG-13;ES-CG-10,CGP005_REFERENCE_CORPUS_ROW,0,REFERENCE_CORPUS_INDEXED_NOT_NORMATIVE,REFERENCE_CONTEXT_ONLY
CGP006-ALLOC-1136,CGP005-RC-1136,CGSRC-GOV-0478,ES-CG-00,ES-CG-00;ES-CG-01;ES-CG-13;ES-CG-10,CGP005_REFERENCE_CORPUS_ROW,0,REFERENCE_CORPUS_INDEXED_NOT_NORMATIVE,REFERENCE_CONTEXT_ONLY
CGP006-ALLOC-1137,CGP005-RC-1137,CGSRC-GOV-0479,ES-CG-00,ES-CG-00;ES-CG-01;ES-CG-13;ES-CG-10,CGP005_REFERENCE_CORPUS_ROW,0,REFERENCE_CORPUS_INDEXED_NOT_NORMATIVE,REFERENCE_CONTEXT_ONLY
CGP006-ALLOC-1138,CGP005-RC-1138,CGSRC-GOV-0480,ES-CG-00,ES-CG-00;ES-CG-01;ES-CG-13;ES-CG-10,CGP005_REFERENCE_CORPUS_ROW,0,REFERENCE_CORPUS_INDEXED_NOT_NORMATIVE,REFERENCE_CONTEXT_ONLY
CGP006-ALLOC-1139,CGP005-RC-1139,CGSRC-GOV-0481,ES-CG-00,ES-CG-00;ES-CG-01;ES-CG-13;ES-CG-10,CGP005_REFERENCE_CORPUS_ROW,0,REFERENCE_CORPUS_INDEXED_NOT_NORMATIVE,REFERENCE_CONTEXT_ONLY
CGP006-ALLOC-1140,CGP005-RC-1140,CGSRC-GOV-0482,ES-CG-00,ES-CG-00;ES-CG-01;ES-CG-13;ES-CG-10,CGP005_REFERENCE_CORPUS_ROW,0,REFERENCE_CORPUS_INDEXED_NOT_NORMATIVE,REFERENCE_CONTEXT_ONLY
CGP006-ALLOC-1141,CGP005-RC-1141,CGSRC-GOV-0483,ES-CG-00,ES-CG-00;ES-CG-01;ES-CG-13;ES-CG-10,CGP005_REFERENCE_CORPUS_ROW,0,REFERENCE_CORPUS_INDEXED_NOT_NORMATIVE,REFERENCE_CONTEXT_ONLY
CGP006-ALLOC-1142,CGP005-RC-1142,CGSRC-GOV-0484,ES-CG-00,ES-CG-00;ES-CG-01;ES-CG-13;ES-CG-10,CGP005_REFERENCE_CORPUS_ROW,0,REFERENCE_CORPUS_INDEXED_NOT_NORMATIVE,REFERENCE_CONTEXT_ONLY
CGP006-ALLOC-1143,CGP005-RC-1143,CGSRC-GOV-0485,ES-CG-00,ES-CG-00;ES-CG-01;ES-CG-13;ES-CG-10,CGP005_REFERENCE_CORPUS_ROW,0,REFERENCE_CORPUS_INDEXED_NOT_NORMATIVE,REFERENCE_CONTEXT_ONLY
CGP006-ALLOC-1144,CGP005-RC-1144,CGSRC-GOV-0486,ES-CG-00,ES-CG-00;ES-CG-01;ES-CG-13;ES-CG-10,CGP005_REFERENCE_CORPUS_ROW,0,REFERENCE_CORPUS_INDEXED_NOT_NORMATIVE,REFERENCE_CONTEXT_ONLY
CGP006-ALLOC-1145,CGP005-RC-1145,CGSRC-GOV-0487,ES-CG-00,ES-CG-00;ES-CG-01;ES-CG-13;ES-CG-10,CGP005_REFERENCE_CORPUS_ROW,0,REFERENCE_CORPUS_INDEXED_NOT_NORMATIVE,REFERENCE_CONTEXT_ONLY
CGP006-ALLOC-1146,CGP005-RC-1146,CGSRC-GOV-0488,ES-CG-00,ES-CG-00;ES-CG-01;ES-CG-13;ES-CG-10,CGP005_REFERENCE_CORPUS_ROW,0,REFERENCE_CORPUS_INDEXED_NOT_NORMATIVE,REFERENCE_CONTEXT_ONLY
CGP006-ALLOC-1147,CGP005-RC-1147,CGSRC-GOV-0489,ES-CG-00,ES-CG-00;ES-CG-01;ES-CG-13;ES-CG-10,CGP005_REFERENCE_CORPUS_ROW,0,REFERENCE_CORPUS_INDEXED_NOT_NORMATIVE,REFERENCE_CONTEXT_ONLY
CGP006-ALLOC-1148,CGP005-RC-1148,CGSRC-GOV-0490,ES-CG-00,ES-CG-00;ES-CG-01;ES-CG-13;ES-CG-10,CGP005_REFERENCE_CORPUS_ROW,0,REFERENCE_CORPUS_INDEXED_NOT_NORMATIVE,REFERENCE_CONTEXT_ONLY
CGP006-ALLOC-1149,CGP005-RC-1149,CGSRC-GOV-0491,ES-CG-00,ES-CG-00;ES-CG-01;ES-CG-13;ES-CG-10,CGP005_REFERENCE_CORPUS_ROW,0,REFERENCE_CORPUS_INDEXED_NOT_NORMATIVE,REFERENCE_CONTEXT_ONLY
CGP006-ALLOC-1150,CGP005-RC-1150,CGSRC-GOV-0492,ES-CG-00,ES-CG-00;ES-CG-01;ES-CG-13;ES-CG-10,CGP005_REFERENCE_CORPUS_ROW,0,REFERENCE_CORPUS_INDEXED_NOT_NORMATIVE,REFERENCE_CONTEXT_ONLY
CGP006-ALLOC-1151,CGP005-RC-1151,CGSRC-GOV-0493,ES-CG-00,ES-CG-00;ES-CG-01;ES-CG-13;ES-CG-10,CGP005_REFERENCE_CORPUS_ROW,0,REFERENCE_CORPUS_INDEXED_NOT_NORMATIVE,REFERENCE_CONTEXT_ONLY
CGP006-ALLOC-1152,CGP005-RC-1152,CGSRC-GOV-0494,ES-CG-00,ES-CG-00;ES-CG-01;ES-CG-13;ES-CG-10,CGP005_REFERENCE_CORPUS_ROW,0,REFERENCE_CORPUS_INDEXED_NOT_NORMATIVE,REFERENCE_CONTEXT_ONLY
CGP006-ALLOC-1153,CGP005-RC-1153,CGSRC-GOV-0495,ES-CG-00,ES-CG-00;ES-CG-01;ES-CG-13;ES-CG-10,CGP005_REFERENCE_CORPUS_ROW,0,REFERENCE_CORPUS_INDEXED_NOT_NORMATIVE,REFERENCE_CONTEXT_ONLY
CGP006-ALLOC-1154,CGP005-RC-1154,CGSRC-GOV-0496,ES-CG-00,ES-CG-00;ES-CG-01;ES-CG-13;ES-CG-10,CGP005_REFERENCE_CORPUS_ROW,0,REFERENCE_CORPUS_INDEXED_NOT_NORMATIVE,REFERENCE_CONTEXT_ONLY
CGP006-ALLOC-1155,CGP005-RC-1155,CGSRC-GOV-0497,ES-CG-00,ES-CG-00;ES-CG-01;ES-CG-13;ES-CG-10,CGP005_REFERENCE_CORPUS_ROW,0,REFERENCE_CORPUS_INDEXED_NOT_NORMATIVE,REFERENCE_CONTEXT_ONLY
CGP006-ALLOC-1156,CGP005-RC-1156,CGSRC-GOV-0498,ES-CG-00,ES-CG-00;ES-CG-01;ES-CG-13;ES-CG-10,CGP005_REFERENCE_CORPUS_ROW,0,REFERENCE_CORPUS_INDEXED_NOT_NORMATIVE,REFERENCE_CONTEXT_ONLY
CGP006-ALLOC-1157,CGP005-RC-1157,CGSRC-GOV-0499,ES-CG-00,ES-CG-00;ES-CG-01;ES-CG-13;ES-CG-10,CGP005_REFERENCE_CORPUS_ROW,0,REFERENCE_CORPUS_INDEXED_NOT_NORMATIVE,REFERENCE_CONTEXT_ONLY
CGP006-ALLOC-1158,CGP005-RC-1158,CGSRC-GOV-0500,ES-CG-00,ES-CG-00;ES-CG-01;ES-CG-13;ES-CG-10,CGP005_REFERENCE_CORPUS_ROW,0,REFERENCE_CORPUS_INDEXED_NOT_NORMATIVE,REFERENCE_CONTEXT_ONLY
CGP006-ALLOC-1159,CGP005-RC-1159,CGSRC-GOV-0501,ES-CG-00,ES-CG-00;ES-CG-01;ES-CG-13;ES-CG-10,CGP005_REFERENCE_CORPUS_ROW,0,REFERENCE_CORPUS_INDEXED_NOT_NORMATIVE,REFERENCE_CONTEXT_ONLY
CGP006-ALLOC-1160,CGP005-RC-1160,CGSRC-GOV-0502,ES-CG-00,ES-CG-00;ES-CG-01;ES-CG-13;ES-CG-10,CGP005_REFERENCE_CORPUS_ROW,0,REFERENCE_CORPUS_INDEXED_NOT_NORMATIVE,REFERENCE_CONTEXT_ONLY
CGP006-ALLOC-1161,CGP005-RC-1161,CGSRC-GOV-0503,ES-CG-00,ES-CG-00;ES-CG-01;ES-CG-13;ES-CG-10,CGP005_REFERENCE_CORPUS_ROW,0,REFERENCE_CORPUS_INDEXED_NOT_NORMATIVE,REFERENCE_CONTEXT_ONLY
CGP006-ALLOC-1162,CGP005-RC-1162,CGSRC-GOV-0504,ES-CG-00,ES-CG-00;ES-CG-01;ES-CG-13;ES-CG-10,CGP005_REFERENCE_CORPUS_ROW,0,REFERENCE_CORPUS_INDEXED_NOT_NORMATIVE,REFERENCE_CONTEXT_ONLY
CGP006-ALLOC-1163,CGP005-RC-1163,CGSRC-GOV-0505,ES-CG-00,ES-CG-00;ES-CG-01;ES-CG-13;ES-CG-10,CGP005_REFERENCE_CORPUS_ROW,0,REFERENCE_CORPUS_INDEXED_NOT_NORMATIVE,REFERENCE_CONTEXT_ONLY
CGP006-ALLOC-1164,CGP005-RC-1164,CGSRC-GOV-0506,ES-CG-00,ES-CG-00;ES-CG-01;ES-CG-13;ES-CG-10,CGP005_REFERENCE_CORPUS_ROW,0,REFERENCE_CORPUS_INDEXED_NOT_NORMATIVE,REFERENCE_CONTEXT_ONLY
CGP006-ALLOC-1165,CGP005-RC-1165,CGSRC-GOV-0507,ES-CG-00,ES-CG-00;ES-CG-01;ES-CG-13;ES-CG-10,CGP005_REFERENCE_CORPUS_ROW,0,REFERENCE_CORPUS_INDEXED_NOT_NORMATIVE,REFERENCE_CONTEXT_ONLY
CGP006-ALLOC-1166,CGP005-RC-1166,CGSRC-GOV-0508,ES-CG-00,ES-CG-00;ES-CG-01;ES-CG-13;ES-CG-10,CGP005_REFERENCE_CORPUS_ROW,0,REFERENCE_CORPUS_INDEXED_NOT_NORMATIVE,REFERENCE_CONTEXT_ONLY
CGP006-ALLOC-1167,CGP005-RC-1167,CGSRC-GOV-0509,ES-CG-00,ES-CG-00;ES-CG-01;ES-CG-13;ES-CG-10,CGP005_REFERENCE_CORPUS_ROW,0,REFERENCE_CORPUS_INDEXED_NOT_NORMATIVE,REFERENCE_CONTEXT_ONLY
CGP006-ALLOC-1168,CGP005-RC-1168,CGSRC-GOV-0510,ES-CG-00,ES-CG-00;ES-CG-01;ES-CG-13;ES-CG-10,CGP005_REFERENCE_CORPUS_ROW,0,REFERENCE_CORPUS_INDEXED_NOT_NORMATIVE,REFERENCE_CONTEXT_ONLY
CGP006-ALLOC-1169,CGP005-RC-1169,CGSRC-GOV-0511,ES-CG-00,ES-CG-00;ES-CG-01;ES-CG-13;ES-CG-10,CGP005_REFERENCE_CORPUS_ROW,0,REFERENCE_CORPUS_INDEXED_NOT_NORMATIVE,REFERENCE_CONTEXT_ONLY
CGP006-ALLOC-1170,CGP005-RC-1170,CGSRC-GOV-0512,ES-CG-00,ES-CG-00;ES-CG-01;ES-CG-13;ES-CG-10,CGP005_REFERENCE_CORPUS_ROW,0,REFERENCE_CORPUS_INDEXED_NOT_NORMATIVE,REFERENCE_CONTEXT_ONLY
CGP006-ALLOC-1171,CGP005-RC-1171,CGSRC-GOV-0513,ES-CG-00,ES-CG-00;ES-CG-01;ES-CG-13;ES-CG-10,CGP005_REFERENCE_CORPUS_ROW,0,REFERENCE_CORPUS_INDEXED_NOT_NORMATIVE,REFERENCE_CONTEXT_ONLY
CGP006-ALLOC-1172,CGP005-RC-1172,CGSRC-GOV-0514,ES-CG-00,ES-CG-00;ES-CG-01;ES-CG-13;ES-CG-10,CGP005_REFERENCE_CORPUS_ROW,0,REFERENCE_CORPUS_INDEXED_NOT_NORMATIVE,REFERENCE_CONTEXT_ONLY
CGP006-ALLOC-1173,CGP005-RC-1173,CGSRC-GOV-0515,ES-CG-00,ES-CG-00;ES-CG-01;ES-CG-13;ES-CG-10,CGP005_REFERENCE_CORPUS_ROW,0,REFERENCE_CORPUS_INDEXED_NOT_NORMATIVE,REFERENCE_CONTEXT_ONLY
CGP006-ALLOC-1174,CGP005-RC-1174,CGSRC-GOV-0516,ES-CG-00,ES-CG-00;ES-CG-01;ES-CG-13;ES-CG-10,CGP005_REFERENCE_CORPUS_ROW,0,REFERENCE_CORPUS_INDEXED_NOT_NORMATIVE,REFERENCE_CONTEXT_ONLY
CGP006-ALLOC-1175,CGP005-RC-1175,CGSRC-GOV-0517,ES-CG-00,ES-CG-00;ES-CG-01;ES-CG-13;ES-CG-10,CGP005_REFERENCE_CORPUS_ROW,0,REFERENCE_CORPUS_INDEXED_NOT_NORMATIVE,REFERENCE_CONTEXT_ONLY
CGP006-ALLOC-1176,CGP005-RC-1176,CGSRC-GOV-0518,ES-CG-00,ES-CG-00;ES-CG-01;ES-CG-13;ES-CG-10,CGP005_REFERENCE_CORPUS_ROW,0,REFERENCE_CORPUS_INDEXED_NOT_NORMATIVE,REFERENCE_CONTEXT_ONLY
CGP006-ALLOC-1177,CGP005-RC-1177,CGSRC-GOV-0519,ES-CG-00,ES-CG-00;ES-CG-01;ES-CG-13;ES-CG-10,CGP005_REFERENCE_CORPUS_ROW,0,REFERENCE_CORPUS_INDEXED_NOT_NORMATIVE,REFERENCE_CONTEXT_ONLY
CGP006-ALLOC-1178,CGP005-RC-1178,CGSRC-GOV-0520,ES-CG-00,ES-CG-00;ES-CG-01;ES-CG-13;ES-CG-10,CGP005_REFERENCE_CORPUS_ROW,0,REFERENCE_CORPUS_INDEXED_NOT_NORMATIVE,REFERENCE_CONTEXT_ONLY
CGP006-ALLOC-1179,CGP005-RC-1179,CGSRC-GOV-0521,ES-CG-00,ES-CG-00;ES-CG-01;ES-CG-13;ES-CG-10,CGP005_REFERENCE_CORPUS_ROW,0,REFERENCE_CORPUS_INDEXED_NOT_NORMATIVE,REFERENCE_CONTEXT_ONLY
CGP006-ALLOC-1180,CGP005-RC-1180,CGSRC-GOV-0522,ES-CG-00,ES-CG-00;ES-CG-01;ES-CG-13;ES-CG-10,CGP005_REFERENCE_CORPUS_ROW,0,REFERENCE_CORPUS_INDEXED_NOT_NORMATIVE,REFERENCE_CONTEXT_ONLY
CGP006-ALLOC-1181,CGP005-RC-1181,CGSRC-GOV-0523,ES-CG-00,ES-CG-00;ES-CG-01;ES-CG-13;ES-CG-10,CGP005_REFERENCE_CORPUS_ROW,0,REFERENCE_CORPUS_INDEXED_NOT_NORMATIVE,REFERENCE_CONTEXT_ONLY
CGP006-ALLOC-1182,CGP005-RC-1182,CGSRC-GOV-0524,ES-CG-00,ES-CG-00;ES-CG-01;ES-CG-13;ES-CG-10,CGP005_REFERENCE_CORPUS_ROW,0,REFERENCE_CORPUS_INDEXED_NOT_NORMATIVE,REFERENCE_CONTEXT_ONLY
CGP006-ALLOC-1183,CGP005-RC-1183,CGSRC-GOV-0525,ES-CG-00,ES-CG-00;ES-CG-01;ES-CG-13;ES-CG-10,CGP005_REFERENCE_CORPUS_ROW,0,REFERENCE_CORPUS_INDEXED_NOT_NORMATIVE,REFERENCE_CONTEXT_ONLY
CGP006-ALLOC-1184,CGP005-RC-1184,CGSRC-GOV-0526,ES-CG-00,ES-CG-00;ES-CG-01;ES-CG-13;ES-CG-10,CGP005_REFERENCE_CORPUS_ROW,0,REFERENCE_CORPUS_INDEXED_NOT_NORMATIVE,REFERENCE_CONTEXT_ONLY
CGP006-ALLOC-1185,CGP005-RC-1185,CGSRC-GOV-0527,ES-CG-00,ES-CG-00;ES-CG-01;ES-CG-13;ES-CG-10,CGP005_REFERENCE_CORPUS_ROW,0,REFERENCE_CORPUS_INDEXED_NOT_NORMATIVE,REFERENCE_CONTEXT_ONLY
CGP006-ALLOC-1186,CGP005-RC-1186,CGSRC-GOV-0528,ES-CG-00,ES-CG-00;ES-CG-01;ES-CG-13;ES-CG-10,CGP005_REFERENCE_CORPUS_ROW,0,REFERENCE_CORPUS_INDEXED_NOT_NORMATIVE,REFERENCE_CONTEXT_ONLY
CGP006-ALLOC-1187,CGP005-RC-1187,CGSRC-GOV-0529,ES-CG-00,ES-CG-00;ES-CG-01;ES-CG-13;ES-CG-10,CGP005_REFERENCE_CORPUS_ROW,0,REFERENCE_CORPUS_INDEXED_NOT_NORMATIVE,REFERENCE_CONTEXT_ONLY
CGP006-ALLOC-1188,CGP005-RC-1188,CGSRC-GOV-0530,ES-CG-00,ES-CG-00;ES-CG-01;ES-CG-13;ES-CG-10,CGP005_REFERENCE_CORPUS_ROW,0,REFERENCE_CORPUS_INDEXED_NOT_NORMATIVE,REFERENCE_CONTEXT_ONLY
CGP006-ALLOC-1189,CGP005-RC-1189,CGSRC-GOV-0531,ES-CG-00,ES-CG-00;ES-CG-01;ES-CG-13;ES-CG-10,CGP005_REFERENCE_CORPUS_ROW,0,REFERENCE_CORPUS_INDEXED_NOT_NORMATIVE,REFERENCE_CONTEXT_ONLY
CGP006-ALLOC-1190,CGP005-RC-1190,CGSRC-GOV-0532,ES-CG-00,ES-CG-00;ES-CG-01;ES-CG-13;ES-CG-10,CGP005_REFERENCE_CORPUS_ROW,0,REFERENCE_CORPUS_INDEXED_NOT_NORMATIVE,REFERENCE_CONTEXT_ONLY
CGP006-ALLOC-1191,CGP005-RC-1191,CGSRC-GOV-0533,ES-CG-00,ES-CG-00;ES-CG-01;ES-CG-13;ES-CG-10,CGP005_REFERENCE_CORPUS_ROW,0,REFERENCE_CORPUS_INDEXED_NOT_NORMATIVE,REFERENCE_CONTEXT_ONLY
CGP006-ALLOC-1192,CGP005-RC-1192,CGSRC-GOV-0534,ES-CG-00,ES-CG-00;ES-CG-01;ES-CG-13;ES-CG-10,CGP005_REFERENCE_CORPUS_ROW,0,REFERENCE_CORPUS_INDEXED_NOT_NORMATIVE,REFERENCE_CONTEXT_ONLY
CGP006-ALLOC-1193,CGP005-RC-1193,CGSRC-GOV-0535,ES-CG-00,ES-CG-00;ES-CG-01;ES-CG-13;ES-CG-10,CGP005_REFERENCE_CORPUS_ROW,0,REFERENCE_CORPUS_INDEXED_NOT_NORMATIVE,REFERENCE_CONTEXT_ONLY
CGP006-ALLOC-1194,CGP005-RC-1194,CGSRC-GOV-0536,ES-CG-00,ES-CG-00;ES-CG-01;ES-CG-13;ES-CG-10,CGP005_REFERENCE_CORPUS_ROW,0,REFERENCE_CORPUS_INDEXED_NOT_NORMATIVE,REFERENCE_CONTEXT_ONLY
CGP006-ALLOC-1195,CGP005-RC-1195,CGSRC-GOV-0537,ES-CG-00,ES-CG-00;ES-CG-01;ES-CG-13;ES-CG-10,CGP005_REFERENCE_CORPUS_ROW,0,REFERENCE_CORPUS_INDEXED_NOT_NORMATIVE,REFERENCE_CONTEXT_ONLY
CGP006-ALLOC-1196,CGP005-RC-1196,CGSRC-GOV-0538,ES-CG-00,ES-CG-00;ES-CG-01;ES-CG-13;ES-CG-10,CGP005_REFERENCE_CORPUS_ROW,0,REFERENCE_CORPUS_INDEXED_NOT_NORMATIVE,REFERENCE_CONTEXT_ONLY
CGP006-ALLOC-1197,CGP005-RC-1197,CGSRC-GOV-0539,ES-CG-00,ES-CG-00;ES-CG-01;ES-CG-13;ES-CG-10,CGP005_REFERENCE_CORPUS_ROW,0,REFERENCE_CORPUS_INDEXED_NOT_NORMATIVE,REFERENCE_CONTEXT_ONLY
CGP006-ALLOC-1198,CGP005-RC-1198,CGSRC-GOV-0540,ES-CG-00,ES-CG-00;ES-CG-01;ES-CG-13;ES-CG-10,CGP005_REFERENCE_CORPUS_ROW,0,REFERENCE_CORPUS_INDEXED_NOT_NORMATIVE,REFERENCE_CONTEXT_ONLY
CGP006-ALLOC-1199,CGP005-RC-1199,CGSRC-GOV-0541,ES-CG-00,ES-CG-00;ES-CG-01;ES-CG-13;ES-CG-10,CGP005_REFERENCE_CORPUS_ROW,0,REFERENCE_CORPUS_INDEXED_NOT_NORMATIVE,REFERENCE_CONTEXT_ONLY
CGP006-ALLOC-1200,CGP005-RC-1200,CGSRC-GOV-0542,ES-CG-00,ES-CG-00;ES-CG-01;ES-CG-13;ES-CG-10,CGP005_REFERENCE_CORPUS_ROW,0,REFERENCE_CORPUS_INDEXED_NOT_NORMATIVE,REFERENCE_CONTEXT_ONLY
CGP006-ALLOC-1201,CGP005-RC-1201,CGSRC-GOV-0543,ES-CG-00,ES-CG-00;ES-CG-01;ES-CG-13;ES-CG-10,CGP005_REFERENCE_CORPUS_ROW,0,REFERENCE_CORPUS_INDEXED_NOT_NORMATIVE,REFERENCE_CONTEXT_ONLY
CGP006-ALLOC-1202,CGP005-RC-1202,CGSRC-GOV-0544,ES-CG-00,ES-CG-00;ES-CG-01;ES-CG-13;ES-CG-10,CGP005_REFERENCE_CORPUS_ROW,0,REFERENCE_CORPUS_INDEXED_NOT_NORMATIVE,REFERENCE_CONTEXT_ONLY
CGP006-ALLOC-1203,CGP005-RC-1203,CGSRC-GOV-0545,ES-CG-00,ES-CG-00;ES-CG-01;ES-CG-13;ES-CG-10,CGP005_REFERENCE_CORPUS_ROW,0,REFERENCE_CORPUS_INDEXED_NOT_NORMATIVE,REFERENCE_CONTEXT_ONLY
CGP006-ALLOC-1204,CGP005-RC-1204,CGSRC-GOV-0546,ES-CG-00,ES-CG-00;ES-CG-01;ES-CG-13;ES-CG-10,CGP005_REFERENCE_CORPUS_ROW,0,REFERENCE_CORPUS_INDEXED_NOT_NORMATIVE,REFERENCE_CONTEXT_ONLY
CGP006-ALLOC-1205,CGP005-RC-1205,CGSRC-GOV-0547,ES-CG-00,ES-CG-00;ES-CG-01;ES-CG-13;ES-CG-10,CGP005_REFERENCE_CORPUS_ROW,0,REFERENCE_CORPUS_INDEXED_NOT_NORMATIVE,REFERENCE_CONTEXT_ONLY
CGP006-ALLOC-1206,CGP005-RC-1206,CGSRC-GOV-0548,ES-CG-00,ES-CG-00;ES-CG-01;ES-CG-13;ES-CG-10,CGP005_REFERENCE_CORPUS_ROW,0,REFERENCE_CORPUS_INDEXED_NOT_NORMATIVE,REFERENCE_CONTEXT_ONLY
CGP006-ALLOC-1207,CGP005-RC-1207,CGSRC-GOV-0549,ES-CG-00,ES-CG-00;ES-CG-01;ES-CG-13;ES-CG-10,CGP005_REFERENCE_CORPUS_ROW,0,REFERENCE_CORPUS_INDEXED_NOT_NORMATIVE,REFERENCE_CONTEXT_ONLY
CGP006-ALLOC-1208,CGP005-RC-1208,CGSRC-GOV-0550,ES-CG-00,ES-CG-00;ES-CG-01;ES-CG-13;ES-CG-10,CGP005_REFERENCE_CORPUS_ROW,0,REFERENCE_CORPUS_INDEXED_NOT_NORMATIVE,REFERENCE_CONTEXT_ONLY
CGP006-ALLOC-1209,CGP005-RC-1209,CGSRC-GOV-0551,ES-CG-00,ES-CG-00;ES-CG-01;ES-CG-13;ES-CG-10,CGP005_REFERENCE_CORPUS_ROW,0,REFERENCE_CORPUS_INDEXED_NOT_NORMATIVE,REFERENCE_CONTEXT_ONLY
CGP006-ALLOC-1210,CGP005-RC-1210,CGSRC-GOV-0552,ES-CG-00,ES-CG-00;ES-CG-01;ES-CG-13;ES-CG-10,CGP005_REFERENCE_CORPUS_ROW,0,REFERENCE_CORPUS_INDEXED_NOT_NORMATIVE,REFERENCE_CONTEXT_ONLY
CGP006-ALLOC-1211,CGP005-RC-1211,CGSRC-GOV-0553,ES-CG-00,ES-CG-00;ES-CG-01;ES-CG-13;ES-CG-10,CGP005_REFERENCE_CORPUS_ROW,0,REFERENCE_CORPUS_INDEXED_NOT_NORMATIVE,REFERENCE_CONTEXT_ONLY
CGP006-ALLOC-1212,CGP005-RC-1212,CGSRC-GOV-0554,ES-CG-00,ES-CG-00;ES-CG-01;ES-CG-13;ES-CG-10,CGP005_REFERENCE_CORPUS_ROW,0,REFERENCE_CORPUS_INDEXED_NOT_NORMATIVE,REFERENCE_CONTEXT_ONLY
CGP006-ALLOC-1213,CGP005-RC-1213,CGSRC-GOV-0555,ES-CG-00,ES-CG-00;ES-CG-01;ES-CG-13;ES-CG-10,CGP005_REFERENCE_CORPUS_ROW,0,REFERENCE_CORPUS_INDEXED_NOT_NORMATIVE,REFERENCE_CONTEXT_ONLY
CGP006-ALLOC-1214,CGP005-RC-1214,CGSRC-GOV-0556,ES-CG-00,ES-CG-00;ES-CG-01;ES-CG-13;ES-CG-10,CGP005_REFERENCE_CORPUS_ROW,0,REFERENCE_CORPUS_INDEXED_NOT_NORMATIVE,REFERENCE_CONTEXT_ONLY
CGP006-ALLOC-1215,CGP005-RC-1215,CGSRC-GOV-0557,ES-CG-00,ES-CG-00;ES-CG-01;ES-CG-13;ES-CG-10,CGP005_REFERENCE_CORPUS_ROW,0,REFERENCE_CORPUS_INDEXED_NOT_NORMATIVE,REFERENCE_CONTEXT_ONLY
CGP006-ALLOC-1216,CGP005-RC-1216,CGSRC-GOV-0558,ES-CG-00,ES-CG-00;ES-CG-01;ES-CG-13;ES-CG-10,CGP005_REFERENCE_CORPUS_ROW,0,REFERENCE_CORPUS_INDEXED_NOT_NORMATIVE,REFERENCE_CONTEXT_ONLY
CGP006-ALLOC-1217,CGP005-RC-1217,CGSRC-GOV-0559,ES-CG-00,ES-CG-00;ES-CG-01;ES-CG-13;ES-CG-10,CGP005_REFERENCE_CORPUS_ROW,0,REFERENCE_CORPUS_INDEXED_NOT_NORMATIVE,REFERENCE_CONTEXT_ONLY
CGP006-ALLOC-1218,CGP005-RC-1218,CGSRC-GOV-0560,ES-CG-00,ES-CG-00;ES-CG-01;ES-CG-13;ES-CG-10,CGP005_REFERENCE_CORPUS_ROW,0,REFERENCE_CORPUS_INDEXED_NOT_NORMATIVE,REFERENCE_CONTEXT_ONLY
CGP006-ALLOC-1219,CGP005-RC-1219,CGSRC-GOV-0561,ES-CG-00,ES-CG-00;ES-CG-01;ES-CG-13;ES-CG-10,CGP005_REFERENCE_CORPUS_ROW,0,REFERENCE_CORPUS_INDEXED_NOT_NORMATIVE,REFERENCE_CONTEXT_ONLY
CGP006-ALLOC-1220,CGP005-RC-1220,CGSRC-GOV-0562,ES-CG-00,ES-CG-00;ES-CG-01;ES-CG-13;ES-CG-10,CGP005_REFERENCE_CORPUS_ROW,0,REFERENCE_CORPUS_INDEXED_NOT_NORMATIVE,REFERENCE_CONTEXT_ONLY
CGP006-ALLOC-1221,CGP005-RC-1221,CGSRC-GOV-0563,ES-CG-00,ES-CG-00;ES-CG-01;ES-CG-13;ES-CG-10,CGP005_REFERENCE_CORPUS_ROW,0,REFERENCE_CORPUS_INDEXED_NOT_NORMATIVE,REFERENCE_CONTEXT_ONLY
CGP006-ALLOC-1222,CGP005-RC-1222,CGSRC-GOV-0564,ES-CG-00,ES-CG-00;ES-CG-01;ES-CG-13;ES-CG-10,CGP005_REFERENCE_CORPUS_ROW,0,REFERENCE_CORPUS_INDEXED_NOT_NORMATIVE,REFERENCE_CONTEXT_ONLY
CGP006-ALLOC-1223,CGP005-RC-1223,CGSRC-GOV-0565,ES-CG-00,ES-CG-00;ES-CG-01;ES-CG-13;ES-CG-10,CGP005_REFERENCE_CORPUS_ROW,0,REFERENCE_CORPUS_INDEXED_NOT_NORMATIVE,REFERENCE_CONTEXT_ONLY
CGP006-ALLOC-1224,CGP005-RC-1224,CGSRC-GOV-0566,ES-CG-00,ES-CG-00;ES-CG-01;ES-CG-13;ES-CG-10,CGP005_REFERENCE_CORPUS_ROW,0,REFERENCE_CORPUS_INDEXED_NOT_NORMATIVE,REFERENCE_CONTEXT_ONLY
CGP006-ALLOC-1225,CGP005-RC-1225,CGSRC-GOV-0567,ES-CG-00,ES-CG-00;ES-CG-01;ES-CG-13;ES-CG-10,CGP005_REFERENCE_CORPUS_ROW,0,REFERENCE_CORPUS_INDEXED_NOT_NORMATIVE,REFERENCE_CONTEXT_ONLY
CGP006-ALLOC-1226,CGP005-RC-1226,CGSRC-GOV-0568,ES-CG-00,ES-CG-00;ES-CG-01;ES-CG-13;ES-CG-10,CGP005_REFERENCE_CORPUS_ROW,0,REFERENCE_CORPUS_INDEXED_NOT_NORMATIVE,REFERENCE_CONTEXT_ONLY
CGP006-ALLOC-1227,CGP005-RC-1227,CGSRC-GOV-0569,ES-CG-00,ES-CG-00;ES-CG-01;ES-CG-13;ES-CG-10,CGP005_REFERENCE_CORPUS_ROW,0,REFERENCE_CORPUS_INDEXED_NOT_NORMATIVE,REFERENCE_CONTEXT_ONLY
CGP006-ALLOC-1228,CGP005-RC-1228,CGSRC-GOV-0570,ES-CG-00,ES-CG-00;ES-CG-01;ES-CG-13;ES-CG-10,CGP005_REFERENCE_CORPUS_ROW,0,REFERENCE_CORPUS_INDEXED_NOT_NORMATIVE,REFERENCE_CONTEXT_ONLY
CGP006-ALLOC-1229,CGP005-RC-1229,CGSRC-GOV-0571,ES-CG-00,ES-CG-00;ES-CG-01;ES-CG-13;ES-CG-10,CGP005_REFERENCE_CORPUS_ROW,0,REFERENCE_CORPUS_INDEXED_NOT_NORMATIVE,REFERENCE_CONTEXT_ONLY
CGP006-ALLOC-1230,CGP005-RC-1230,CGSRC-GOV-0572,ES-CG-00,ES-CG-00;ES-CG-01;ES-CG-13;ES-CG-10,CGP005_REFERENCE_CORPUS_ROW,0,REFERENCE_CORPUS_INDEXED_NOT_NORMATIVE,REFERENCE_CONTEXT_ONLY
CGP006-ALLOC-1231,CGP005-RC-1231,CGSRC-GOV-0573,ES-CG-00,ES-CG-00;ES-CG-01;ES-CG-13;ES-CG-10,CGP005_REFERENCE_CORPUS_ROW,0,REFERENCE_CORPUS_INDEXED_NOT_NORMATIVE,REFERENCE_CONTEXT_ONLY
CGP006-ALLOC-1232,CGP005-RC-1232,CGSRC-GOV-0574,ES-CG-00,ES-CG-00;ES-CG-01;ES-CG-13;ES-CG-10,CGP005_REFERENCE_CORPUS_ROW,0,REFERENCE_CORPUS_INDEXED_NOT_NORMATIVE,REFERENCE_CONTEXT_ONLY
CGP006-ALLOC-1233,CGP005-RC-1233,CGSRC-GOV-0575,ES-CG-00,ES-CG-00;ES-CG-01;ES-CG-13;ES-CG-10,CGP005_REFERENCE_CORPUS_ROW,0,REFERENCE_CORPUS_INDEXED_NOT_NORMATIVE,REFERENCE_CONTEXT_ONLY
CGP006-ALLOC-1234,CGP005-RC-1234,CGSRC-GOV-0576,ES-CG-00,ES-CG-00;ES-CG-01;ES-CG-13;ES-CG-10,CGP005_REFERENCE_CORPUS_ROW,0,REFERENCE_CORPUS_INDEXED_NOT_NORMATIVE,REFERENCE_CONTEXT_ONLY
CGP006-ALLOC-1235,CGP005-RC-1235,CGSRC-GOV-0577,ES-CG-00,ES-CG-00;ES-CG-01;ES-CG-13;ES-CG-10,CGP005_REFERENCE_CORPUS_ROW,0,REFERENCE_CORPUS_INDEXED_NOT_NORMATIVE,REFERENCE_CONTEXT_ONLY
CGP006-ALLOC-1236,CGP005-RC-1236,CGSRC-GOV-0578,ES-CG-00,ES-CG-00;ES-CG-01;ES-CG-13;ES-CG-10,CGP005_REFERENCE_CORPUS_ROW,0,REFERENCE_CORPUS_INDEXED_NOT_NORMATIVE,REFERENCE_CONTEXT_ONLY
CGP006-ALLOC-1237,CGP005-RC-1237,CGSRC-GOV-0579,ES-CG-00,ES-CG-00;ES-CG-01;ES-CG-13;ES-CG-10,CGP005_REFERENCE_CORPUS_ROW,0,REFERENCE_CORPUS_INDEXED_NOT_NORMATIVE,REFERENCE_CONTEXT_ONLY
CGP006-ALLOC-1238,CGP005-RC-1238,CGSRC-GOV-0580,ES-CG-00,ES-CG-00;ES-CG-01;ES-CG-13;ES-CG-10,CGP005_REFERENCE_CORPUS_ROW,0,REFERENCE_CORPUS_INDEXED_NOT_NORMATIVE,REFERENCE_CONTEXT_ONLY
CGP006-ALLOC-1239,CGP005-RC-1239,CGSRC-GOV-0581,ES-CG-00,ES-CG-00;ES-CG-01;ES-CG-13;ES-CG-10,CGP005_REFERENCE_CORPUS_ROW,0,REFERENCE_CORPUS_INDEXED_NOT_NORMATIVE,REFERENCE_CONTEXT_ONLY
CGP006-ALLOC-1240,CGP005-RC-1240,CGSRC-GOV-0582,ES-CG-00,ES-CG-00;ES-CG-01;ES-CG-13;ES-CG-10,CGP005_REFERENCE_CORPUS_ROW,0,REFERENCE_CORPUS_INDEXED_NOT_NORMATIVE,REFERENCE_CONTEXT_ONLY
CGP006-ALLOC-1241,CGP005-RC-1241,CGSRC-GOV-0583,ES-CG-00,ES-CG-00;ES-CG-01;ES-CG-13;ES-CG-10,CGP005_REFERENCE_CORPUS_ROW,0,REFERENCE_CORPUS_INDEXED_NOT_NORMATIVE,REFERENCE_CONTEXT_ONLY
CGP006-ALLOC-1242,CGP005-RC-1242,CGSRC-GOV-0584,ES-CG-00,ES-CG-00;ES-CG-01;ES-CG-13;ES-CG-10,CGP005_REFERENCE_CORPUS_ROW,0,REFERENCE_CORPUS_INDEXED_NOT_NORMATIVE,REFERENCE_CONTEXT_ONLY
CGP006-ALLOC-1243,CGP005-RC-1243,CGSRC-GOV-0585,ES-CG-00,ES-CG-00;ES-CG-01;ES-CG-13;ES-CG-10,CGP005_REFERENCE_CORPUS_ROW,0,REFERENCE_CORPUS_INDEXED_NOT_NORMATIVE,REFERENCE_CONTEXT_ONLY
CGP006-ALLOC-1244,CGP005-RC-1244,CGSRC-GOV-0586,ES-CG-00,ES-CG-00;ES-CG-01;ES-CG-13;ES-CG-10,CGP005_REFERENCE_CORPUS_ROW,0,REFERENCE_CORPUS_INDEXED_NOT_NORMATIVE,REFERENCE_CONTEXT_ONLY
CGP006-ALLOC-1245,CGP005-RC-1245,CGSRC-GOV-0587,ES-CG-00,ES-CG-00;ES-CG-01;ES-CG-13;ES-CG-10,CGP005_REFERENCE_CORPUS_ROW,0,REFERENCE_CORPUS_INDEXED_NOT_NORMATIVE,REFERENCE_CONTEXT_ONLY
CGP006-ALLOC-1246,CGP005-RC-1246,CGSRC-GOV-0588,ES-CG-00,ES-CG-00;ES-CG-01;ES-CG-13;ES-CG-10,CGP005_REFERENCE_CORPUS_ROW,0,REFERENCE_CORPUS_INDEXED_NOT_NORMATIVE,REFERENCE_CONTEXT_ONLY
CGP006-ALLOC-1247,CGP005-RC-1247,CGSRC-GOV-0589,ES-CG-00,ES-CG-00;ES-CG-01;ES-CG-13;ES-CG-10,CGP005_REFERENCE_CORPUS_ROW,0,REFERENCE_CORPUS_INDEXED_NOT_NORMATIVE,REFERENCE_CONTEXT_ONLY
CGP006-ALLOC-1248,CGP005-RC-1248,CGSRC-GOV-0590,ES-CG-00,ES-CG-00;ES-CG-01;ES-CG-13;ES-CG-10,CGP005_REFERENCE_CORPUS_ROW,0,REFERENCE_CORPUS_INDEXED_NOT_NORMATIVE,REFERENCE_CONTEXT_ONLY
CGP006-ALLOC-1249,CGP005-RC-1249,CGSRC-GOV-0591,ES-CG-00,ES-CG-00;ES-CG-01;ES-CG-13;ES-CG-10,CGP005_REFERENCE_CORPUS_ROW,0,REFERENCE_CORPUS_INDEXED_NOT_NORMATIVE,REFERENCE_CONTEXT_ONLY
CGP006-ALLOC-1250,CGP005-RC-1250,CGSRC-GOV-0592,ES-CG-00,ES-CG-00;ES-CG-01;ES-CG-13;ES-CG-10,CGP005_REFERENCE_CORPUS_ROW,0,REFERENCE_CORPUS_INDEXED_NOT_NORMATIVE,REFERENCE_CONTEXT_ONLY
CGP006-ALLOC-1251,CGP005-RC-1251,CGSRC-GOV-0593,ES-CG-00,ES-CG-00;ES-CG-01;ES-CG-13;ES-CG-10,CGP005_REFERENCE_CORPUS_ROW,0,REFERENCE_CORPUS_INDEXED_NOT_NORMATIVE,REFERENCE_CONTEXT_ONLY
CGP006-ALLOC-1252,CGP005-RC-1252,CGSRC-GOV-0594,ES-CG-00,ES-CG-00;ES-CG-01;ES-CG-13;ES-CG-10,CGP005_REFERENCE_CORPUS_ROW,0,REFERENCE_CORPUS_INDEXED_NOT_NORMATIVE,REFERENCE_CONTEXT_ONLY
CGP006-ALLOC-1253,CGP005-RC-1253,CGSRC-GOV-0595,ES-CG-00,ES-CG-00;ES-CG-01;ES-CG-13;ES-CG-10,CGP005_REFERENCE_CORPUS_ROW,0,REFERENCE_CORPUS_INDEXED_NOT_NORMATIVE,REFERENCE_CONTEXT_ONLY
CGP006-ALLOC-1254,CGP005-RC-1254,CGSRC-GOV-0596,ES-CG-00,ES-CG-00;ES-CG-01;ES-CG-13;ES-CG-10,CGP005_REFERENCE_CORPUS_ROW,0,REFERENCE_CORPUS_INDEXED_NOT_NORMATIVE,REFERENCE_CONTEXT_ONLY
CGP006-ALLOC-1255,CGP005-RC-1255,CGSRC-GOV-0597,ES-CG-00,ES-CG-00;ES-CG-01;ES-CG-13;ES-CG-10,CGP005_REFERENCE_CORPUS_ROW,0,REFERENCE_CORPUS_INDEXED_NOT_NORMATIVE,REFERENCE_CONTEXT_ONLY
CGP006-ALLOC-1256,CGP005-RC-1256,CGSRC-GOV-0598,ES-CG-00,ES-CG-00;ES-CG-01;ES-CG-13;ES-CG-10,CGP005_REFERENCE_CORPUS_ROW,0,REFERENCE_CORPUS_INDEXED_NOT_NORMATIVE,REFERENCE_CONTEXT_ONLY
CGP006-ALLOC-1257,CGP005-RC-1257,CGSRC-GOV-0599,ES-CG-00,ES-CG-00;ES-CG-01;ES-CG-13;ES-CG-10,CGP005_REFERENCE_CORPUS_ROW,0,REFERENCE_CORPUS_INDEXED_NOT_NORMATIVE,REFERENCE_CONTEXT_ONLY
CGP006-ALLOC-1258,CGP005-RC-1258,CGSRC-GOV-0600,ES-CG-00,ES-CG-00;ES-CG-01;ES-CG-13;ES-CG-10,CGP005_REFERENCE_CORPUS_ROW,0,REFERENCE_CORPUS_INDEXED_NOT_NORMATIVE,REFERENCE_CONTEXT_ONLY
CGP006-ALLOC-1259,CGP005-RC-1259,CGSRC-GOV-0601,ES-CG-00,ES-CG-00;ES-CG-01;ES-CG-13;ES-CG-10,CGP005_REFERENCE_CORPUS_ROW,0,REFERENCE_CORPUS_INDEXED_NOT_NORMATIVE,REFERENCE_CONTEXT_ONLY
CGP006-ALLOC-1260,CGP005-RC-1260,CGSRC-GOV-0602,ES-CG-00,ES-CG-00;ES-CG-01;ES-CG-13;ES-CG-10,CGP005_REFERENCE_CORPUS_ROW,0,REFERENCE_CORPUS_INDEXED_NOT_NORMATIVE,REFERENCE_CONTEXT_ONLY
CGP006-ALLOC-1261,CGP005-RC-1261,CGSRC-GOV-0603,ES-CG-00,ES-CG-00;ES-CG-01;ES-CG-13;ES-CG-10,CGP005_REFERENCE_CORPUS_ROW,0,REFERENCE_CORPUS_INDEXED_NOT_NORMATIVE,REFERENCE_CONTEXT_ONLY
CGP006-ALLOC-1262,CGP005-RC-1262,CGSRC-GOV-0604,ES-CG-00,ES-CG-00;ES-CG-01;ES-CG-13;ES-CG-10,CGP005_REFERENCE_CORPUS_ROW,0,REFERENCE_CORPUS_INDEXED_NOT_NORMATIVE,REFERENCE_CONTEXT_ONLY
CGP006-ALLOC-1263,CGP005-RC-1263,CGSRC-GOV-0605,ES-CG-00,ES-CG-00;ES-CG-01;ES-CG-13;ES-CG-10,CGP005_REFERENCE_CORPUS_ROW,0,REFERENCE_CORPUS_INDEXED_NOT_NORMATIVE,REFERENCE_CONTEXT_ONLY
CGP006-ALLOC-1264,CGP005-RC-1264,CGSRC-GOV-0606,ES-CG-00,ES-CG-00;ES-CG-01;ES-CG-13;ES-CG-10,CGP005_REFERENCE_CORPUS_ROW,0,REFERENCE_CORPUS_INDEXED_NOT_NORMATIVE,REFERENCE_CONTEXT_ONLY
CGP006-ALLOC-1265,CGP005-RC-1265,CGSRC-GOV-0607,ES-CG-00,ES-CG-00;ES-CG-01;ES-CG-13;ES-CG-10,CGP005_REFERENCE_CORPUS_ROW,0,REFERENCE_CORPUS_INDEXED_NOT_NORMATIVE,REFERENCE_CONTEXT_ONLY
CGP006-ALLOC-1266,CGP005-RC-1266,CGSRC-GOV-0608,ES-CG-00,ES-CG-00;ES-CG-01;ES-CG-13;ES-CG-10,CGP005_REFERENCE_CORPUS_ROW,0,REFERENCE_CORPUS_INDEXED_NOT_NORMATIVE,REFERENCE_CONTEXT_ONLY
CGP006-ALLOC-1267,CGP005-RC-1267,CGSRC-GOV-0609,ES-CG-00,ES-CG-00;ES-CG-01;ES-CG-13;ES-CG-10,CGP005_REFERENCE_CORPUS_ROW,0,REFERENCE_CORPUS_INDEXED_NOT_NORMATIVE,REFERENCE_CONTEXT_ONLY
CGP006-ALLOC-1268,CGP005-RC-1268,CGSRC-GOV-0610,ES-CG-00,ES-CG-00;ES-CG-01;ES-CG-13;ES-CG-10,CGP005_REFERENCE_CORPUS_ROW,0,REFERENCE_CORPUS_INDEXED_NOT_NORMATIVE,REFERENCE_CONTEXT_ONLY
CGP006-ALLOC-1269,CGP005-RC-1269,CGSRC-GOV-0611,ES-CG-00,ES-CG-00;ES-CG-01;ES-CG-13;ES-CG-10,CGP005_REFERENCE_CORPUS_ROW,0,REFERENCE_CORPUS_INDEXED_NOT_NORMATIVE,REFERENCE_CONTEXT_ONLY
CGP006-ALLOC-1270,CGP005-RC-1270,CGSRC-GOV-0612,ES-CG-00,ES-CG-00;ES-CG-01;ES-CG-13;ES-CG-10,CGP005_REFERENCE_CORPUS_ROW,0,REFERENCE_CORPUS_INDEXED_NOT_NORMATIVE,REFERENCE_CONTEXT_ONLY
CGP006-ALLOC-1271,CGP005-RC-1271,CGSRC-GOV-0613,ES-CG-00,ES-CG-00;ES-CG-01;ES-CG-13;ES-CG-10,CGP005_REFERENCE_CORPUS_ROW,0,REFERENCE_CORPUS_INDEXED_NOT_NORMATIVE,REFERENCE_CONTEXT_ONLY
CGP006-ALLOC-1272,CGP005-RC-1272,CGSRC-GOV-0614,ES-CG-00,ES-CG-00;ES-CG-01;ES-CG-13;ES-CG-10,CGP005_REFERENCE_CORPUS_ROW,0,REFERENCE_CORPUS_INDEXED_NOT_NORMATIVE,REFERENCE_CONTEXT_ONLY
CGP006-ALLOC-1273,CGP005-RC-1273,CGSRC-GOV-0615,ES-CG-00,ES-CG-00;ES-CG-01;ES-CG-13;ES-CG-10,CGP005_REFERENCE_CORPUS_ROW,0,REFERENCE_CORPUS_INDEXED_NOT_NORMATIVE,REFERENCE_CONTEXT_ONLY
CGP006-ALLOC-1274,CGP005-RC-1274,CGSRC-GOV-0616,ES-CG-00,ES-CG-00;ES-CG-01;ES-CG-13;ES-CG-10,CGP005_REFERENCE_CORPUS_ROW,0,REFERENCE_CORPUS_INDEXED_NOT_NORMATIVE,REFERENCE_CONTEXT_ONLY
CGP006-ALLOC-1275,CGP005-RC-1275,CGSRC-GOV-0617,ES-CG-00,ES-CG-00;ES-CG-01;ES-CG-13;ES-CG-10,CGP005_REFERENCE_CORPUS_ROW,0,REFERENCE_CORPUS_INDEXED_NOT_NORMATIVE,REFERENCE_CONTEXT_ONLY
CGP006-ALLOC-1276,CGP005-RC-1276,CGSRC-GOV-0618,ES-CG-00,ES-CG-00;ES-CG-01;ES-CG-13;ES-CG-10,CGP005_REFERENCE_CORPUS_ROW,0,REFERENCE_CORPUS_INDEXED_NOT_NORMATIVE,REFERENCE_CONTEXT_ONLY
CGP006-ALLOC-1277,CGP005-RC-1277,CGSRC-GOV-0619,ES-CG-00,ES-CG-00;ES-CG-01;ES-CG-13;ES-CG-10,CGP005_REFERENCE_CORPUS_ROW,0,REFERENCE_CORPUS_INDEXED_NOT_NORMATIVE,REFERENCE_CONTEXT_ONLY
CGP006-ALLOC-1278,CGP005-RC-1278,CGSRC-GOV-0620,ES-CG-00,ES-CG-00;ES-CG-01;ES-CG-13;ES-CG-10,CGP005_REFERENCE_CORPUS_ROW,0,REFERENCE_CORPUS_INDEXED_NOT_NORMATIVE,REFERENCE_CONTEXT_ONLY
CGP006-ALLOC-1279,CGP005-RC-1279,CGSRC-GOV-0621,ES-CG-00,ES-CG-00;ES-CG-01;ES-CG-13;ES-CG-10,CGP005_REFERENCE_CORPUS_ROW,0,REFERENCE_CORPUS_INDEXED_NOT_NORMATIVE,REFERENCE_CONTEXT_ONLY
CGP006-ALLOC-1280,CGP005-RC-1280,CGSRC-GOV-0622,ES-CG-00,ES-CG-00;ES-CG-01;ES-CG-13;ES-CG-10,CGP005_REFERENCE_CORPUS_ROW,0,REFERENCE_CORPUS_INDEXED_NOT_NORMATIVE,REFERENCE_CONTEXT_ONLY
CGP006-ALLOC-1281,CGP005-RC-1281,CGSRC-GOV-0623,ES-CG-00,ES-CG-00;ES-CG-01;ES-CG-13;ES-CG-10,CGP005_REFERENCE_CORPUS_ROW,0,REFERENCE_CORPUS_INDEXED_NOT_NORMATIVE,REFERENCE_CONTEXT_ONLY
CGP006-ALLOC-1282,CGP005-RC-1282,CGSRC-GOV-0624,ES-CG-00,ES-CG-00;ES-CG-01;ES-CG-13;ES-CG-10,CGP005_REFERENCE_CORPUS_ROW,0,REFERENCE_CORPUS_INDEXED_NOT_NORMATIVE,REFERENCE_CONTEXT_ONLY
CGP006-ALLOC-1283,CGP005-RC-1283,CGSRC-GOV-0625,ES-CG-00,ES-CG-00;ES-CG-01;ES-CG-13;ES-CG-10,CGP005_REFERENCE_CORPUS_ROW,0,REFERENCE_CORPUS_INDEXED_NOT_NORMATIVE,REFERENCE_CONTEXT_ONLY
CGP006-ALLOC-1284,CGP005-RC-1284,CGSRC-GOV-0626,ES-CG-00,ES-CG-00;ES-CG-01;ES-CG-13;ES-CG-10,CGP005_REFERENCE_CORPUS_ROW,0,REFERENCE_CORPUS_INDEXED_NOT_NORMATIVE,REFERENCE_CONTEXT_ONLY
CGP006-ALLOC-1285,CGP005-RC-1285,CGSRC-GOV-0627,ES-CG-00,ES-CG-00;ES-CG-01;ES-CG-13;ES-CG-10,CGP005_REFERENCE_CORPUS_ROW,0,REFERENCE_CORPUS_INDEXED_NOT_NORMATIVE,REFERENCE_CONTEXT_ONLY
CGP006-ALLOC-1286,CGP005-RC-1286,CGSRC-GOV-0628,ES-CG-00,ES-CG-00;ES-CG-01;ES-CG-13;ES-CG-10,CGP005_REFERENCE_CORPUS_ROW,0,REFERENCE_CORPUS_INDEXED_NOT_NORMATIVE,REFERENCE_CONTEXT_ONLY
CGP006-ALLOC-1287,CGP005-RC-1287,CGSRC-GOV-0629,ES-CG-00,ES-CG-00;ES-CG-01;ES-CG-13;ES-CG-10,CGP005_REFERENCE_CORPUS_ROW,0,REFERENCE_CORPUS_INDEXED_NOT_NORMATIVE,REFERENCE_CONTEXT_ONLY
CGP006-ALLOC-1288,CGP005-RC-1288,CGSRC-GOV-0630,ES-CG-00,ES-CG-00;ES-CG-01;ES-CG-13;ES-CG-10,CGP005_REFERENCE_CORPUS_ROW,0,REFERENCE_CORPUS_INDEXED_NOT_NORMATIVE,REFERENCE_CONTEXT_ONLY
CGP006-ALLOC-1289,CGP005-RC-1289,CGSRC-GOV-0631,ES-CG-00,ES-CG-00;ES-CG-01;ES-CG-13;ES-CG-10,CGP005_REFERENCE_CORPUS_ROW,0,REFERENCE_CORPUS_INDEXED_NOT_NORMATIVE,REFERENCE_CONTEXT_ONLY
CGP006-ALLOC-1290,CGP005-RC-1290,CGSRC-GOV-0632,ES-CG-00,ES-CG-00;ES-CG-01;ES-CG-13;ES-CG-10,CGP005_REFERENCE_CORPUS_ROW,0,REFERENCE_CORPUS_INDEXED_NOT_NORMATIVE,REFERENCE_CONTEXT_ONLY
CGP006-ALLOC-1291,CGP005-RC-1291,CGSRC-GOV-0633,ES-CG-00,ES-CG-00;ES-CG-01;ES-CG-13;ES-CG-10,CGP005_REFERENCE_CORPUS_ROW,0,REFERENCE_CORPUS_INDEXED_NOT_NORMATIVE,REFERENCE_CONTEXT_ONLY
CGP006-ALLOC-1292,CGP005-RC-1292,CGSRC-GOV-0634,ES-CG-00,ES-CG-00;ES-CG-01;ES-CG-13;ES-CG-10,CGP005_REFERENCE_CORPUS_ROW,0,REFERENCE_CORPUS_INDEXED_NOT_NORMATIVE,REFERENCE_CONTEXT_ONLY
CGP006-ALLOC-1293,CGP005-RC-1293,CGSRC-GOV-0635,ES-CG-00,ES-CG-00;ES-CG-01;ES-CG-13;ES-CG-10,CGP005_REFERENCE_CORPUS_ROW,0,REFERENCE_CORPUS_INDEXED_NOT_NORMATIVE,REFERENCE_CONTEXT_ONLY
CGP006-ALLOC-1294,CGP005-RC-1294,CGSRC-GOV-0636,ES-CG-00,ES-CG-00;ES-CG-01;ES-CG-13;ES-CG-10,CGP005_REFERENCE_CORPUS_ROW,0,REFERENCE_CORPUS_INDEXED_NOT_NORMATIVE,REFERENCE_CONTEXT_ONLY
CGP006-ALLOC-1295,CGP005-RC-1295,CGSRC-GOV-0637,ES-CG-00,ES-CG-00;ES-CG-01;ES-CG-13;ES-CG-10,CGP005_REFERENCE_CORPUS_ROW,0,REFERENCE_CORPUS_INDEXED_NOT_NORMATIVE,REFERENCE_CONTEXT_ONLY
CGP006-ALLOC-1296,CGP005-RC-1296,CGSRC-GOV-0638,ES-CG-00,ES-CG-00;ES-CG-01;ES-CG-13;ES-CG-10,CGP005_REFERENCE_CORPUS_ROW,0,REFERENCE_CORPUS_INDEXED_NOT_NORMATIVE,REFERENCE_CONTEXT_ONLY
CGP006-ALLOC-1297,CGP005-RC-1297,CGSRC-GOV-0639,ES-CG-00,ES-CG-00;ES-CG-01;ES-CG-13;ES-CG-10,CGP005_REFERENCE_CORPUS_ROW,0,REFERENCE_CORPUS_INDEXED_NOT_NORMATIVE,REFERENCE_CONTEXT_ONLY
CGP006-ALLOC-1298,CGP005-RC-1298,CGSRC-GOV-0640,ES-CG-00,ES-CG-00;ES-CG-01;ES-CG-13;ES-CG-10,CGP005_REFERENCE_CORPUS_ROW,0,REFERENCE_CORPUS_INDEXED_NOT_NORMATIVE,REFERENCE_CONTEXT_ONLY
CGP006-ALLOC-1299,CGP005-RC-1299,CGSRC-GOV-0641,ES-CG-00,ES-CG-00;ES-CG-01;ES-CG-13;ES-CG-10,CGP005_REFERENCE_CORPUS_ROW,0,REFERENCE_CORPUS_INDEXED_NOT_NORMATIVE,REFERENCE_CONTEXT_ONLY
CGP006-ALLOC-1300,CGP005-RC-1300,CGSRC-GOV-0642,ES-CG-00,ES-CG-00;ES-CG-01;ES-CG-13;ES-CG-10,CGP005_REFERENCE_CORPUS_ROW,0,REFERENCE_CORPUS_INDEXED_NOT_NORMATIVE,REFERENCE_CONTEXT_ONLY
CGP006-ALLOC-1301,CGP005-RC-1301,CGSRC-GOV-0643,ES-CG-00,ES-CG-00;ES-CG-01;ES-CG-13;ES-CG-10,CGP005_REFERENCE_CORPUS_ROW,0,REFERENCE_CORPUS_INDEXED_NOT_NORMATIVE,REFERENCE_CONTEXT_ONLY
CGP006-ALLOC-1302,CGP005-RC-1302,CGSRC-GOV-0644,ES-CG-00,ES-CG-00;ES-CG-01;ES-CG-13;ES-CG-10,CGP005_REFERENCE_CORPUS_ROW,0,REFERENCE_CORPUS_INDEXED_NOT_NORMATIVE,REFERENCE_CONTEXT_ONLY
CGP006-ALLOC-1303,CGP005-RC-1303,CGSRC-GOV-0645,ES-CG-00,ES-CG-00;ES-CG-01;ES-CG-13;ES-CG-10,CGP005_REFERENCE_CORPUS_ROW,0,REFERENCE_CORPUS_INDEXED_NOT_NORMATIVE,REFERENCE_CONTEXT_ONLY
CGP006-ALLOC-1304,CGP005-RC-1304,CGSRC-GOV-0646,ES-CG-00,ES-CG-00;ES-CG-01;ES-CG-13;ES-CG-10,CGP005_REFERENCE_CORPUS_ROW,0,REFERENCE_CORPUS_INDEXED_NOT_NORMATIVE,REFERENCE_CONTEXT_ONLY
CGP006-ALLOC-1305,CGP005-RC-1305,CGSRC-GOV-0647,ES-CG-00,ES-CG-00;ES-CG-01;ES-CG-13;ES-CG-10,CGP005_REFERENCE_CORPUS_ROW,0,REFERENCE_CORPUS_INDEXED_NOT_NORMATIVE,REFERENCE_CONTEXT_ONLY
CGP006-ALLOC-1306,CGP005-RC-1306,CGSRC-GOV-0648,ES-CG-00,ES-CG-00;ES-CG-01;ES-CG-13;ES-CG-10,CGP005_REFERENCE_CORPUS_ROW,0,REFERENCE_CORPUS_INDEXED_NOT_NORMATIVE,REFERENCE_CONTEXT_ONLY
CGP006-ALLOC-1307,CGP005-RC-1307,CGSRC-GOV-0649,ES-CG-00,ES-CG-00;ES-CG-01;ES-CG-13;ES-CG-10,CGP005_REFERENCE_CORPUS_ROW,0,REFERENCE_CORPUS_INDEXED_NOT_NORMATIVE,REFERENCE_CONTEXT_ONLY
CGP006-ALLOC-1308,CGP005-RC-1308,CGSRC-GOV-0650,ES-CG-00,ES-CG-00;ES-CG-01;ES-CG-13;ES-CG-10,CGP005_REFERENCE_CORPUS_ROW,0,REFERENCE_CORPUS_INDEXED_NOT_NORMATIVE,REFERENCE_CONTEXT_ONLY
CGP006-ALLOC-1309,CGP005-RC-1309,CGSRC-GOV-0651,ES-CG-00,ES-CG-00;ES-CG-01;ES-CG-13;ES-CG-10,CGP005_REFERENCE_CORPUS_ROW,0,REFERENCE_CORPUS_INDEXED_NOT_NORMATIVE,REFERENCE_CONTEXT_ONLY
CGP006-ALLOC-1310,CGP005-RC-1310,CGSRC-GOV-0652,ES-CG-00,ES-CG-00;ES-CG-01;ES-CG-13;ES-CG-10,CGP005_REFERENCE_CORPUS_ROW,0,REFERENCE_CORPUS_INDEXED_NOT_NORMATIVE,REFERENCE_CONTEXT_ONLY
CGP006-ALLOC-1311,CGP005-RC-1311,CGSRC-GOV-0653,ES-CG-00,ES-CG-00;ES-CG-01;ES-CG-13;ES-CG-10,CGP005_REFERENCE_CORPUS_ROW,0,REFERENCE_CORPUS_INDEXED_NOT_NORMATIVE,REFERENCE_CONTEXT_ONLY
CGP006-ALLOC-1312,CGP005-RC-1312,CGSRC-GOV-0654,ES-CG-00,ES-CG-00;ES-CG-01;ES-CG-13;ES-CG-10,CGP005_REFERENCE_CORPUS_ROW,0,REFERENCE_CORPUS_INDEXED_NOT_NORMATIVE,REFERENCE_CONTEXT_ONLY
CGP006-ALLOC-1313,CGP005-RC-1313,CGSRC-GOV-0655,ES-CG-00,ES-CG-00;ES-CG-01;ES-CG-13;ES-CG-10,CGP005_REFERENCE_CORPUS_ROW,0,REFERENCE_CORPUS_INDEXED_NOT_NORMATIVE,REFERENCE_CONTEXT_ONLY
CGP006-ALLOC-1314,CGP005-RC-1314,CGSRC-GOV-0656,ES-CG-00,ES-CG-00;ES-CG-01;ES-CG-13;ES-CG-10,CGP005_REFERENCE_CORPUS_ROW,0,REFERENCE_CORPUS_INDEXED_NOT_NORMATIVE,REFERENCE_CONTEXT_ONLY
CGP006-ALLOC-1315,CGP005-RC-1315,CGSRC-GOV-0657,ES-CG-00,ES-CG-00;ES-CG-01;ES-CG-13;ES-CG-10,CGP005_REFERENCE_CORPUS_ROW,0,REFERENCE_CORPUS_INDEXED_NOT_NORMATIVE,REFERENCE_CONTEXT_ONLY
CGP006-ALLOC-1316,CGP005-RC-1316,CGSRC-GOV-0658,ES-CG-00,ES-CG-00;ES-CG-01;ES-CG-13;ES-CG-10,CGP005_REFERENCE_CORPUS_ROW,0,REFERENCE_CORPUS_INDEXED_NOT_NORMATIVE,REFERENCE_CONTEXT_ONLY
CGP006-ALLOC-1317,CGP005-RC-1317,CGSRC-GOV-0659,ES-CG-00,ES-CG-00;ES-CG-01;ES-CG-13;ES-CG-10,CGP005_REFERENCE_CORPUS_ROW,0,REFERENCE_CORPUS_INDEXED_NOT_NORMATIVE,REFERENCE_CONTEXT_ONLY
CGP006-ALLOC-1318,CGP005-RC-1318,CGSRC-GOV-0660,ES-CG-00,ES-CG-00;ES-CG-01;ES-CG-13;ES-CG-10,CGP005_REFERENCE_CORPUS_ROW,0,REFERENCE_CORPUS_INDEXED_NOT_NORMATIVE,REFERENCE_CONTEXT_ONLY
CGP006-ALLOC-1319,CGP005-RC-1319,CGSRC-GOV-0661,ES-CG-00,ES-CG-00;ES-CG-01;ES-CG-13;ES-CG-10,CGP005_REFERENCE_CORPUS_ROW,0,REFERENCE_CORPUS_INDEXED_NOT_NORMATIVE,REFERENCE_CONTEXT_ONLY
CGP006-ALLOC-1320,CGP005-RC-1320,CGSRC-GOV-0662,ES-CG-00,ES-CG-00;ES-CG-01;ES-CG-13;ES-CG-10,CGP005_REFERENCE_CORPUS_ROW,0,REFERENCE_CORPUS_INDEXED_NOT_NORMATIVE,REFERENCE_CONTEXT_ONLY
CGP006-ALLOC-1321,CGP005-RC-1321,CGSRC-GOV-0663,ES-CG-00,ES-CG-00;ES-CG-01;ES-CG-13;ES-CG-10,CGP005_REFERENCE_CORPUS_ROW,0,REFERENCE_CORPUS_INDEXED_NOT_NORMATIVE,REFERENCE_CONTEXT_ONLY
CGP006-ALLOC-1322,CGP005-RC-1322,CGSRC-GOV-0664,ES-CG-00,ES-CG-00;ES-CG-01;ES-CG-13;ES-CG-10,CGP005_REFERENCE_CORPUS_ROW,0,REFERENCE_CORPUS_INDEXED_NOT_NORMATIVE,REFERENCE_CONTEXT_ONLY
CGP006-ALLOC-1323,CGP005-RC-1323,CGSRC-GOV-0665,ES-CG-00,ES-CG-00;ES-CG-01;ES-CG-13;ES-CG-10,CGP005_REFERENCE_CORPUS_ROW,0,REFERENCE_CORPUS_INDEXED_NOT_NORMATIVE,REFERENCE_CONTEXT_ONLY
CGP006-ALLOC-1324,CGP005-RC-1324,CGSRC-GOV-0666,ES-CG-00,ES-CG-00;ES-CG-01;ES-CG-13;ES-CG-10,CGP005_REFERENCE_CORPUS_ROW,0,REFERENCE_CORPUS_INDEXED_NOT_NORMATIVE,REFERENCE_CONTEXT_ONLY
CGP006-ALLOC-1325,CGP005-RC-1325,CGSRC-GOV-0667,ES-CG-00,ES-CG-00;ES-CG-01;ES-CG-13;ES-CG-10,CGP005_REFERENCE_CORPUS_ROW,0,REFERENCE_CORPUS_INDEXED_NOT_NORMATIVE,REFERENCE_CONTEXT_ONLY
CGP006-ALLOC-1326,CGP005-RC-1326,CGSRC-GOV-0668,ES-CG-00,ES-CG-00;ES-CG-01;ES-CG-13;ES-CG-10,CGP005_REFERENCE_CORPUS_ROW,0,REFERENCE_CORPUS_INDEXED_NOT_NORMATIVE,REFERENCE_CONTEXT_ONLY
CGP006-ALLOC-1327,CGP005-RC-1327,CGSRC-GOV-0669,ES-CG-00,ES-CG-00;ES-CG-01;ES-CG-13;ES-CG-10,CGP005_REFERENCE_CORPUS_ROW,0,REFERENCE_CORPUS_INDEXED_NOT_NORMATIVE,REFERENCE_CONTEXT_ONLY
CGP006-ALLOC-1328,CGP005-RC-1328,CGSRC-GOV-0670,ES-CG-00,ES-CG-00;ES-CG-01;ES-CG-13;ES-CG-10,CGP005_REFERENCE_CORPUS_ROW,0,REFERENCE_CORPUS_INDEXED_NOT_NORMATIVE,REFERENCE_CONTEXT_ONLY
CGP006-ALLOC-1329,CGP005-RC-1329,CGSRC-GOV-0671,ES-CG-00,ES-CG-00;ES-CG-01;ES-CG-13;ES-CG-10,CGP005_REFERENCE_CORPUS_ROW,0,REFERENCE_CORPUS_INDEXED_NOT_NORMATIVE,REFERENCE_CONTEXT_ONLY
CGP006-ALLOC-1330,CGP005-RC-1330,CGSRC-GOV-0672,ES-CG-00,ES-CG-00;ES-CG-01;ES-CG-13;ES-CG-10,CGP005_REFERENCE_CORPUS_ROW,0,REFERENCE_CORPUS_INDEXED_NOT_NORMATIVE,REFERENCE_CONTEXT_ONLY
CGP006-ALLOC-1331,CGP005-RC-1331,CGSRC-GOV-0673,ES-CG-00,ES-CG-00;ES-CG-01;ES-CG-13;ES-CG-10,CGP005_REFERENCE_CORPUS_ROW,0,REFERENCE_CORPUS_INDEXED_NOT_NORMATIVE,REFERENCE_CONTEXT_ONLY
CGP006-ALLOC-1332,CGP005-RC-1332,CGSRC-GOV-0674,ES-CG-00,ES-CG-00;ES-CG-01;ES-CG-13;ES-CG-10,CGP005_REFERENCE_CORPUS_ROW,0,REFERENCE_CORPUS_INDEXED_NOT_NORMATIVE,REFERENCE_CONTEXT_ONLY
CGP006-ALLOC-1333,CGP005-RC-1333,CGSRC-GOV-0675,ES-CG-00,ES-CG-00;ES-CG-01;ES-CG-13;ES-CG-10,CGP005_REFERENCE_CORPUS_ROW,0,REFERENCE_CORPUS_INDEXED_NOT_NORMATIVE,REFERENCE_CONTEXT_ONLY
CGP006-ALLOC-1334,CGP005-RC-1334,CGSRC-GOV-0676,ES-CG-00,ES-CG-00;ES-CG-01;ES-CG-13;ES-CG-10,CGP005_REFERENCE_CORPUS_ROW,0,REFERENCE_CORPUS_INDEXED_NOT_NORMATIVE,REFERENCE_CONTEXT_ONLY
CGP006-ALLOC-1335,CGP005-RC-1335,CGSRC-GOV-0677,ES-CG-00,ES-CG-00;ES-CG-01;ES-CG-13;ES-CG-10,CGP005_REFERENCE_CORPUS_ROW,0,REFERENCE_CORPUS_INDEXED_NOT_NORMATIVE,REFERENCE_CONTEXT_ONLY
CGP006-ALLOC-1336,CGP005-RC-1336,CGSRC-GOV-0678,ES-CG-00,ES-CG-00;ES-CG-01;ES-CG-13;ES-CG-10,CGP005_REFERENCE_CORPUS_ROW,0,REFERENCE_CORPUS_INDEXED_NOT_NORMATIVE,REFERENCE_CONTEXT_ONLY
CGP006-ALLOC-1337,CGP005-RC-1337,CGSRC-GOV-0679,ES-CG-00,ES-CG-00;ES-CG-01;ES-CG-13;ES-CG-10,CGP005_REFERENCE_CORPUS_ROW,0,REFERENCE_CORPUS_INDEXED_NOT_NORMATIVE,REFERENCE_CONTEXT_ONLY
CGP006-ALLOC-1338,CGP005-RC-1338,CGSRC-GOV-0680,ES-CG-00,ES-CG-00;ES-CG-01;ES-CG-13;ES-CG-10,CGP005_REFERENCE_CORPUS_ROW,0,REFERENCE_CORPUS_INDEXED_NOT_NORMATIVE,REFERENCE_CONTEXT_ONLY
CGP006-ALLOC-1339,CGP005-RC-1339,CGSRC-GOV-0681,ES-CG-00,ES-CG-00;ES-CG-01;ES-CG-13;ES-CG-10,CGP005_REFERENCE_CORPUS_ROW,0,REFERENCE_CORPUS_INDEXED_NOT_NORMATIVE,REFERENCE_CONTEXT_ONLY
CGP006-ALLOC-1340,CGP005-RC-1340,CGSRC-GOV-0682,ES-CG-00,ES-CG-00;ES-CG-01;ES-CG-13;ES-CG-10,CGP005_REFERENCE_CORPUS_ROW,0,REFERENCE_CORPUS_INDEXED_NOT_NORMATIVE,REFERENCE_CONTEXT_ONLY
CGP006-ALLOC-1341,CGP005-RC-1341,CGSRC-GOV-0683,ES-CG-00,ES-CG-00;ES-CG-01;ES-CG-13;ES-CG-10,CGP005_REFERENCE_CORPUS_ROW,0,REFERENCE_CORPUS_INDEXED_NOT_NORMATIVE,REFERENCE_CONTEXT_ONLY
CGP006-ALLOC-1342,CGP005-RC-1342,CGSRC-GOV-0684,ES-CG-00,ES-CG-00;ES-CG-01;ES-CG-13;ES-CG-10,CGP005_REFERENCE_CORPUS_ROW,0,REFERENCE_CORPUS_INDEXED_NOT_NORMATIVE,REFERENCE_CONTEXT_ONLY
CGP006-ALLOC-1343,CGP005-RC-1343,CGSRC-GOV-0685,ES-CG-00,ES-CG-00;ES-CG-01;ES-CG-13;ES-CG-10,CGP005_REFERENCE_CORPUS_ROW,0,REFERENCE_CORPUS_INDEXED_NOT_NORMATIVE,REFERENCE_CONTEXT_ONLY
CGP006-ALLOC-1344,CGP005-RC-1344,CGSRC-GOV-0686,ES-CG-00,ES-CG-00;ES-CG-01;ES-CG-13;ES-CG-10,CGP005_REFERENCE_CORPUS_ROW,0,REFERENCE_CORPUS_INDEXED_NOT_NORMATIVE,REFERENCE_CONTEXT_ONLY
CGP006-ALLOC-1345,CGP005-RC-1345,CGSRC-GOV-0687,ES-CG-00,ES-CG-00;ES-CG-01;ES-CG-13;ES-CG-10,CGP005_REFERENCE_CORPUS_ROW,0,REFERENCE_CORPUS_INDEXED_NOT_NORMATIVE,REFERENCE_CONTEXT_ONLY
CGP006-ALLOC-1346,CGP005-RC-1346,CGSRC-GOV-0688,ES-CG-00,ES-CG-00;ES-CG-01;ES-CG-13;ES-CG-10,CGP005_REFERENCE_CORPUS_ROW,0,REFERENCE_CORPUS_INDEXED_NOT_NORMATIVE,REFERENCE_CONTEXT_ONLY
CGP006-ALLOC-1347,CGP005-RC-1347,CGSRC-GOV-0689,ES-CG-00,ES-CG-00;ES-CG-01;ES-CG-13;ES-CG-10,CGP005_REFERENCE_CORPUS_ROW,0,REFERENCE_CORPUS_INDEXED_NOT_NORMATIVE,REFERENCE_CONTEXT_ONLY
CGP006-ALLOC-1348,CGP005-RC-1348,CGSRC-GOV-0690,ES-CG-00,ES-CG-00;ES-CG-01;ES-CG-13;ES-CG-10,CGP005_REFERENCE_CORPUS_ROW,0,REFERENCE_CORPUS_INDEXED_NOT_NORMATIVE,REFERENCE_CONTEXT_ONLY
CGP006-ALLOC-1349,CGP005-RC-1349,CGSRC-GOV-0691,ES-CG-00,ES-CG-00;ES-CG-01;ES-CG-13;ES-CG-10,CGP005_REFERENCE_CORPUS_ROW,0,REFERENCE_CORPUS_INDEXED_NOT_NORMATIVE,REFERENCE_CONTEXT_ONLY
CGP006-ALLOC-1350,CGP005-RC-1350,CGSRC-GOV-0692,ES-CG-00,ES-CG-00;ES-CG-01;ES-CG-13;ES-CG-10,CGP005_REFERENCE_CORPUS_ROW,0,REFERENCE_CORPUS_INDEXED_NOT_NORMATIVE,REFERENCE_CONTEXT_ONLY
CGP006-ALLOC-1351,CGP005-RC-1351,CGSRC-GOV-0693,ES-CG-00,ES-CG-00;ES-CG-01;ES-CG-13;ES-CG-10,CGP005_REFERENCE_CORPUS_ROW,0,REFERENCE_CORPUS_INDEXED_NOT_NORMATIVE,REFERENCE_CONTEXT_ONLY
CGP006-ALLOC-1352,CGP005-RC-1352,CGSRC-GOV-0694,ES-CG-00,ES-CG-00;ES-CG-01;ES-CG-13;ES-CG-10,CGP005_REFERENCE_CORPUS_ROW,0,REFERENCE_CORPUS_INDEXED_NOT_NORMATIVE,REFERENCE_CONTEXT_ONLY
CGP006-ALLOC-1353,CGP005-RC-1353,CGSRC-GOV-0695,ES-CG-00,ES-CG-00;ES-CG-01;ES-CG-13;ES-CG-10,CGP005_REFERENCE_CORPUS_ROW,0,REFERENCE_CORPUS_INDEXED_NOT_NORMATIVE,REFERENCE_CONTEXT_ONLY
CGP006-ALLOC-1354,CGP005-RC-1354,CGSRC-GOV-0696,ES-CG-00,ES-CG-00;ES-CG-01;ES-CG-13;ES-CG-10,CGP005_REFERENCE_CORPUS_ROW,0,REFERENCE_CORPUS_INDEXED_NOT_NORMATIVE,REFERENCE_CONTEXT_ONLY
CGP006-ALLOC-1355,CGP005-RC-1355,CGSRC-GOV-0697,ES-CG-00,ES-CG-00;ES-CG-01;ES-CG-13;ES-CG-10,CGP005_REFERENCE_CORPUS_ROW,0,REFERENCE_CORPUS_INDEXED_NOT_NORMATIVE,REFERENCE_CONTEXT_ONLY
CGP006-ALLOC-1356,CGP005-RC-1356,CGSRC-GOV-0698,ES-CG-00,ES-CG-00;ES-CG-01;ES-CG-13;ES-CG-10,CGP005_REFERENCE_CORPUS_ROW,0,REFERENCE_CORPUS_INDEXED_NOT_NORMATIVE,REFERENCE_CONTEXT_ONLY
CGP006-ALLOC-1357,CGP005-RC-1357,CGSRC-GOV-0699,ES-CG-00,ES-CG-00;ES-CG-01;ES-CG-13;ES-CG-10,CGP005_REFERENCE_CORPUS_ROW,0,REFERENCE_CORPUS_INDEXED_NOT_NORMATIVE,REFERENCE_CONTEXT_ONLY
CGP006-ALLOC-1358,CGP005-RC-1358,CGSRC-GOV-0700,ES-CG-00,ES-CG-00;ES-CG-01;ES-CG-13;ES-CG-10,CGP005_REFERENCE_CORPUS_ROW,0,REFERENCE_CORPUS_INDEXED_NOT_NORMATIVE,REFERENCE_CONTEXT_ONLY
CGP006-ALLOC-1359,CGP005-RC-1359,CGSRC-GOV-0701,ES-CG-00,ES-CG-00;ES-CG-01;ES-CG-13;ES-CG-10,CGP005_REFERENCE_CORPUS_ROW,0,REFERENCE_CORPUS_INDEXED_NOT_NORMATIVE,REFERENCE_CONTEXT_ONLY
CGP006-ALLOC-1360,CGP005-RC-1360,CGSRC-GOV-0702,ES-CG-00,ES-CG-00;ES-CG-01;ES-CG-13;ES-CG-10,CGP005_REFERENCE_CORPUS_ROW,0,REFERENCE_CORPUS_INDEXED_NOT_NORMATIVE,REFERENCE_CONTEXT_ONLY
CGP006-ALLOC-1361,CGP005-RC-1361,CGSRC-GOV-0703,ES-CG-00,ES-CG-00;ES-CG-01;ES-CG-13;ES-CG-10,CGP005_REFERENCE_CORPUS_ROW,0,REFERENCE_CORPUS_INDEXED_NOT_NORMATIVE,REFERENCE_CONTEXT_ONLY
CGP006-ALLOC-1362,CGP005-RC-1362,CGSRC-GOV-0704,ES-CG-00,ES-CG-00;ES-CG-01;ES-CG-13;ES-CG-10,CGP005_REFERENCE_CORPUS_ROW,0,REFERENCE_CORPUS_INDEXED_NOT_NORMATIVE,REFERENCE_CONTEXT_ONLY
CGP006-ALLOC-1363,CGP005-RC-1363,CGSRC-GOV-0705,ES-CG-00,ES-CG-00;ES-CG-01;ES-CG-13;ES-CG-10,CGP005_REFERENCE_CORPUS_ROW,0,REFERENCE_CORPUS_INDEXED_NOT_NORMATIVE,REFERENCE_CONTEXT_ONLY
CGP006-ALLOC-1364,CGP005-RC-1364,CGSRC-GOV-0706,ES-CG-00,ES-CG-00;ES-CG-01;ES-CG-13;ES-CG-10,CGP005_REFERENCE_CORPUS_ROW,0,REFERENCE_CORPUS_INDEXED_NOT_NORMATIVE,REFERENCE_CONTEXT_ONLY
CGP006-ALLOC-1365,CGP005-RC-1365,CGSRC-GOV-0707,ES-CG-00,ES-CG-00;ES-CG-01;ES-CG-13;ES-CG-10,CGP005_REFERENCE_CORPUS_ROW,0,REFERENCE_CORPUS_INDEXED_NOT_NORMATIVE,REFERENCE_CONTEXT_ONLY
CGP006-ALLOC-1366,CGP005-RC-1366,CGSRC-GOV-0708,ES-CG-00,ES-CG-00;ES-CG-01;ES-CG-13;ES-CG-10,CGP005_REFERENCE_CORPUS_ROW,0,REFERENCE_CORPUS_INDEXED_NOT_NORMATIVE,REFERENCE_CONTEXT_ONLY
CGP006-ALLOC-1367,CGP005-RC-1367,CGSRC-GOV-0709,ES-CG-00,ES-CG-00;ES-CG-01;ES-CG-13;ES-CG-10,CGP005_REFERENCE_CORPUS_ROW,0,REFERENCE_CORPUS_INDEXED_NOT_NORMATIVE,REFERENCE_CONTEXT_ONLY
CGP006-ALLOC-1368,CGP005-RC-1368,CGSRC-GOV-0710,ES-CG-00,ES-CG-00;ES-CG-01;ES-CG-13;ES-CG-10,CGP005_REFERENCE_CORPUS_ROW,0,REFERENCE_CORPUS_INDEXED_NOT_NORMATIVE,REFERENCE_CONTEXT_ONLY
CGP006-ALLOC-1369,CGP005-RC-1369,CGSRC-GOV-0711,ES-CG-00,ES-CG-00;ES-CG-01;ES-CG-13;ES-CG-10,CGP005_REFERENCE_CORPUS_ROW,0,REFERENCE_CORPUS_INDEXED_NOT_NORMATIVE,REFERENCE_CONTEXT_ONLY
CGP006-ALLOC-1370,CGP005-RC-1370,CGSRC-GOV-0712,ES-CG-00,ES-CG-00;ES-CG-01;ES-CG-13;ES-CG-10,CGP005_REFERENCE_CORPUS_ROW,0,REFERENCE_CORPUS_INDEXED_NOT_NORMATIVE,REFERENCE_CONTEXT_ONLY
CGP006-ALLOC-1371,CGP005-RC-1371,CGSRC-GOV-0713,ES-CG-00,ES-CG-00;ES-CG-01;ES-CG-13;ES-CG-10,CGP005_REFERENCE_CORPUS_ROW,0,REFERENCE_CORPUS_INDEXED_NOT_NORMATIVE,REFERENCE_CONTEXT_ONLY
CGP006-ALLOC-1372,CGP005-RC-1372,CGSRC-GOV-0714,ES-CG-00,ES-CG-00;ES-CG-01;ES-CG-13;ES-CG-10,CGP005_REFERENCE_CORPUS_ROW,0,REFERENCE_CORPUS_INDEXED_NOT_NORMATIVE,REFERENCE_CONTEXT_ONLY
CGP006-ALLOC-1373,CGP005-RC-1373,CGSRC-GOV-0715,ES-CG-00,ES-CG-00;ES-CG-01;ES-CG-13;ES-CG-10,CGP005_REFERENCE_CORPUS_ROW,0,REFERENCE_CORPUS_INDEXED_NOT_NORMATIVE,REFERENCE_CONTEXT_ONLY
CGP006-ALLOC-1374,CGP005-RC-1374,CGSRC-GOV-0716,ES-CG-00,ES-CG-00;ES-CG-01;ES-CG-13;ES-CG-10,CGP005_REFERENCE_CORPUS_ROW,0,REFERENCE_CORPUS_INDEXED_NOT_NORMATIVE,REFERENCE_CONTEXT_ONLY
CGP006-ALLOC-1375,CGP005-RC-1375,CGSRC-GOV-0717,ES-CG-00,ES-CG-00;ES-CG-01;ES-CG-13;ES-CG-10,CGP005_REFERENCE_CORPUS_ROW,0,REFERENCE_CORPUS_INDEXED_NOT_NORMATIVE,REFERENCE_CONTEXT_ONLY
CGP006-ALLOC-1376,CGP005-RC-1376,CGSRC-GOV-0718,ES-CG-00,ES-CG-00;ES-CG-01;ES-CG-13;ES-CG-10,CGP005_REFERENCE_CORPUS_ROW,0,REFERENCE_CORPUS_INDEXED_NOT_NORMATIVE,REFERENCE_CONTEXT_ONLY
CGP006-ALLOC-1377,CGP005-RC-1377,CGSRC-GOV-0719,ES-CG-00,ES-CG-00;ES-CG-01;ES-CG-13;ES-CG-10,CGP005_REFERENCE_CORPUS_ROW,0,REFERENCE_CORPUS_INDEXED_NOT_NORMATIVE,REFERENCE_CONTEXT_ONLY
CGP006-ALLOC-1378,CGP005-RC-1378,CGSRC-GOV-0720,ES-CG-00,ES-CG-00;ES-CG-01;ES-CG-13;ES-CG-10,CGP005_REFERENCE_CORPUS_ROW,0,REFERENCE_CORPUS_INDEXED_NOT_NORMATIVE,REFERENCE_CONTEXT_ONLY
CGP006-ALLOC-1379,CGP005-RC-1379,CGSRC-GOV-0721,ES-CG-00,ES-CG-00;ES-CG-01;ES-CG-13;ES-CG-10,CGP005_REFERENCE_CORPUS_ROW,0,REFERENCE_CORPUS_INDEXED_NOT_NORMATIVE,REFERENCE_CONTEXT_ONLY
CGP006-ALLOC-1380,CGP005-RC-1380,CGSRC-GOV-0722,ES-CG-00,ES-CG-00;ES-CG-01;ES-CG-13;ES-CG-10,CGP005_REFERENCE_CORPUS_ROW,0,REFERENCE_CORPUS_INDEXED_NOT_NORMATIVE,REFERENCE_CONTEXT_ONLY
CGP006-ALLOC-1381,CGP005-RC-1381,CGSRC-GOV-0723,ES-CG-00,ES-CG-00;ES-CG-01;ES-CG-13;ES-CG-10,CGP005_REFERENCE_CORPUS_ROW,0,REFERENCE_CORPUS_INDEXED_NOT_NORMATIVE,REFERENCE_CONTEXT_ONLY
CGP006-ALLOC-1382,CGP005-RC-1382,CGSRC-GOV-0724,ES-CG-00,ES-CG-00;ES-CG-01;ES-CG-13;ES-CG-10,CGP005_REFERENCE_CORPUS_ROW,0,REFERENCE_CORPUS_INDEXED_NOT_NORMATIVE,REFERENCE_CONTEXT_ONLY
CGP006-ALLOC-1383,CGP005-RC-1383,CGSRC-GOV-0725,ES-CG-00,ES-CG-00;ES-CG-01;ES-CG-13;ES-CG-10,CGP005_REFERENCE_CORPUS_ROW,0,REFERENCE_CORPUS_INDEXED_NOT_NORMATIVE,REFERENCE_CONTEXT_ONLY
CGP006-ALLOC-1384,CGP005-RC-1384,CGSRC-GOV-0726,ES-CG-00,ES-CG-00;ES-CG-01;ES-CG-13;ES-CG-10,CGP005_REFERENCE_CORPUS_ROW,0,REFERENCE_CORPUS_INDEXED_NOT_NORMATIVE,REFERENCE_CONTEXT_ONLY
CGP006-ALLOC-1385,CGP005-RC-1385,CGSRC-GOV-0727,ES-CG-00,ES-CG-00;ES-CG-01;ES-CG-13;ES-CG-10,CGP005_REFERENCE_CORPUS_ROW,0,REFERENCE_CORPUS_INDEXED_NOT_NORMATIVE,REFERENCE_CONTEXT_ONLY
CGP006-ALLOC-1386,CGP005-RC-1386,CGSRC-GOV-0728,ES-CG-00,ES-CG-00;ES-CG-01;ES-CG-13;ES-CG-10,CGP005_REFERENCE_CORPUS_ROW,0,REFERENCE_CORPUS_INDEXED_NOT_NORMATIVE,REFERENCE_CONTEXT_ONLY
CGP006-ALLOC-1387,CGP005-RC-1387,CGSRC-GOV-0729,ES-CG-00,ES-CG-00;ES-CG-01;ES-CG-13;ES-CG-10,CGP005_REFERENCE_CORPUS_ROW,0,REFERENCE_CORPUS_INDEXED_NOT_NORMATIVE,REFERENCE_CONTEXT_ONLY
CGP006-ALLOC-1388,CGP005-RC-1388,CGSRC-GOV-0730,ES-CG-00,ES-CG-00;ES-CG-01;ES-CG-13;ES-CG-10,CGP005_REFERENCE_CORPUS_ROW,0,REFERENCE_CORPUS_INDEXED_NOT_NORMATIVE,REFERENCE_CONTEXT_ONLY
CGP006-ALLOC-1389,CGP005-RC-1389,CGSRC-GOV-0731,ES-CG-00,ES-CG-00;ES-CG-01;ES-CG-13;ES-CG-10,CGP005_REFERENCE_CORPUS_ROW,0,REFERENCE_CORPUS_INDEXED_NOT_NORMATIVE,REFERENCE_CONTEXT_ONLY
CGP006-ALLOC-1390,CGP005-RC-1390,CGSRC-GOV-0732,ES-CG-00,ES-CG-00;ES-CG-01;ES-CG-13;ES-CG-10,CGP005_REFERENCE_CORPUS_ROW,0,REFERENCE_CORPUS_INDEXED_NOT_NORMATIVE,REFERENCE_CONTEXT_ONLY
CGP006-ALLOC-1391,CGP005-RC-1391,CGSRC-GOV-0733,ES-CG-00,ES-CG-00;ES-CG-01;ES-CG-13;ES-CG-10,CGP005_REFERENCE_CORPUS_ROW,0,REFERENCE_CORPUS_INDEXED_NOT_NORMATIVE,REFERENCE_CONTEXT_ONLY
CGP006-ALLOC-1392,CGP005-RC-1392,CGSRC-GOV-0734,ES-CG-00,ES-CG-00;ES-CG-01;ES-CG-13;ES-CG-10,CGP005_REFERENCE_CORPUS_ROW,0,REFERENCE_CORPUS_INDEXED_NOT_NORMATIVE,REFERENCE_CONTEXT_ONLY
CGP006-ALLOC-1393,CGP005-RC-1393,CGSRC-GOV-0735,ES-CG-00,ES-CG-00;ES-CG-01;ES-CG-13;ES-CG-10,CGP005_REFERENCE_CORPUS_ROW,0,REFERENCE_CORPUS_INDEXED_NOT_NORMATIVE,REFERENCE_CONTEXT_ONLY
CGP006-ALLOC-1394,CGP005-RC-1394,CGSRC-GOV-0736,ES-CG-00,ES-CG-00;ES-CG-01;ES-CG-13;ES-CG-10,CGP005_REFERENCE_CORPUS_ROW,0,REFERENCE_CORPUS_INDEXED_NOT_NORMATIVE,REFERENCE_CONTEXT_ONLY
CGP006-ALLOC-1395,CGP005-RC-1395,CGSRC-GOV-0737,ES-CG-00,ES-CG-00;ES-CG-01;ES-CG-13;ES-CG-10,CGP005_REFERENCE_CORPUS_ROW,0,REFERENCE_CORPUS_INDEXED_NOT_NORMATIVE,REFERENCE_CONTEXT_ONLY
CGP006-ALLOC-1396,CGP005-RC-1396,CGSRC-GOV-0738,ES-CG-00,ES-CG-00;ES-CG-01;ES-CG-13;ES-CG-10,CGP005_REFERENCE_CORPUS_ROW,0,REFERENCE_CORPUS_INDEXED_NOT_NORMATIVE,REFERENCE_CONTEXT_ONLY
CGP006-ALLOC-1397,CGP005-RC-1397,CGSRC-GOV-0739,ES-CG-00,ES-CG-00;ES-CG-01;ES-CG-13;ES-CG-10,CGP005_REFERENCE_CORPUS_ROW,0,REFERENCE_CORPUS_INDEXED_NOT_NORMATIVE,REFERENCE_CONTEXT_ONLY
CGP006-ALLOC-1398,CGP005-RC-1398,CGSRC-GOV-0740,ES-CG-00,ES-CG-00;ES-CG-01;ES-CG-13;ES-CG-10,CGP005_REFERENCE_CORPUS_ROW,0,REFERENCE_CORPUS_INDEXED_NOT_NORMATIVE,REFERENCE_CONTEXT_ONLY
CGP006-ALLOC-1399,CGP005-RC-1399,CGSRC-GOV-0741,ES-CG-00,ES-CG-00;ES-CG-01;ES-CG-13;ES-CG-10,CGP005_REFERENCE_CORPUS_ROW,0,REFERENCE_CORPUS_INDEXED_NOT_NORMATIVE,REFERENCE_CONTEXT_ONLY
CGP006-ALLOC-1400,CGP005-RC-1400,CGSRC-GOV-0742,ES-CG-00,ES-CG-00;ES-CG-01;ES-CG-13;ES-CG-10,CGP005_REFERENCE_CORPUS_ROW,0,REFERENCE_CORPUS_INDEXED_NOT_NORMATIVE,REFERENCE_CONTEXT_ONLY
CGP006-ALLOC-1401,CGP005-RC-1401,CGSRC-GOV-0743,ES-CG-00,ES-CG-00;ES-CG-01;ES-CG-13;ES-CG-10,CGP005_REFERENCE_CORPUS_ROW,0,REFERENCE_CORPUS_INDEXED_NOT_NORMATIVE,REFERENCE_CONTEXT_ONLY
CGP006-ALLOC-1402,CGP005-RC-1402,CGSRC-GOV-0744,ES-CG-00,ES-CG-00;ES-CG-01;ES-CG-13;ES-CG-10,CGP005_REFERENCE_CORPUS_ROW,0,REFERENCE_CORPUS_INDEXED_NOT_NORMATIVE,REFERENCE_CONTEXT_ONLY
CGP006-ALLOC-1403,CGP005-RC-1403,CGSRC-GOV-0745,ES-CG-00,ES-CG-00;ES-CG-01;ES-CG-13;ES-CG-10,CGP005_REFERENCE_CORPUS_ROW,0,REFERENCE_CORPUS_INDEXED_NOT_NORMATIVE,REFERENCE_CONTEXT_ONLY
CGP006-ALLOC-1404,CGP005-RC-1404,CGSRC-GOV-0746,ES-CG-00,ES-CG-00;ES-CG-01;ES-CG-13;ES-CG-10,CGP005_REFERENCE_CORPUS_ROW,0,REFERENCE_CORPUS_INDEXED_NOT_NORMATIVE,REFERENCE_CONTEXT_ONLY
CGP006-ALLOC-1405,CGP005-RC-1405,CGSRC-GOV-0747,ES-CG-00,ES-CG-00;ES-CG-01;ES-CG-13;ES-CG-10,CGP005_REFERENCE_CORPUS_ROW,0,REFERENCE_CORPUS_INDEXED_NOT_NORMATIVE,REFERENCE_CONTEXT_ONLY
CGP006-ALLOC-1406,CGP005-RC-1406,CGSRC-GOV-0748,ES-CG-00,ES-CG-00;ES-CG-01;ES-CG-13;ES-CG-10,CGP005_REFERENCE_CORPUS_ROW,0,REFERENCE_CORPUS_INDEXED_NOT_NORMATIVE,REFERENCE_CONTEXT_ONLY
CGP006-ALLOC-1407,CGP005-RC-1407,CGSRC-GOV-0749,ES-CG-00,ES-CG-00;ES-CG-01;ES-CG-13;ES-CG-10,CGP005_REFERENCE_CORPUS_ROW,0,REFERENCE_CORPUS_INDEXED_NOT_NORMATIVE,REFERENCE_CONTEXT_ONLY
CGP006-ALLOC-1408,CGP005-RC-1408,CGSRC-GOV-0750,ES-CG-00,ES-CG-00;ES-CG-01;ES-CG-13;ES-CG-10,CGP005_REFERENCE_CORPUS_ROW,0,REFERENCE_CORPUS_INDEXED_NOT_NORMATIVE,REFERENCE_CONTEXT_ONLY
CGP006-ALLOC-1409,CGP005-RC-1409,CGSRC-GOV-0751,ES-CG-00,ES-CG-00;ES-CG-01;ES-CG-13;ES-CG-10,CGP005_REFERENCE_CORPUS_ROW,0,REFERENCE_CORPUS_INDEXED_NOT_NORMATIVE,REFERENCE_CONTEXT_ONLY
CGP006-ALLOC-1410,CGP005-RC-1410,CGSRC-GOV-0752,ES-CG-00,ES-CG-00;ES-CG-01;ES-CG-13;ES-CG-10,CGP005_REFERENCE_CORPUS_ROW,0,REFERENCE_CORPUS_INDEXED_NOT_NORMATIVE,REFERENCE_CONTEXT_ONLY
CGP006-ALLOC-1411,CGP005-RC-1411,CGSRC-GOV-0753,ES-CG-00,ES-CG-00;ES-CG-01;ES-CG-13;ES-CG-10,CGP005_REFERENCE_CORPUS_ROW,0,REFERENCE_CORPUS_INDEXED_NOT_NORMATIVE,REFERENCE_CONTEXT_ONLY
CGP006-ALLOC-1412,CGP005-RC-1412,CGSRC-GOV-0754,ES-CG-00,ES-CG-00;ES-CG-01;ES-CG-13;ES-CG-10,CGP005_REFERENCE_CORPUS_ROW,0,REFERENCE_CORPUS_INDEXED_NOT_NORMATIVE,REFERENCE_CONTEXT_ONLY
CGP006-ALLOC-1413,CGP005-RC-1413,CGSRC-GOV-0755,ES-CG-00,ES-CG-00;ES-CG-01;ES-CG-13;ES-CG-10,CGP005_REFERENCE_CORPUS_ROW,0,REFERENCE_CORPUS_INDEXED_NOT_NORMATIVE,REFERENCE_CONTEXT_ONLY
CGP006-ALLOC-1414,CGP005-RC-1414,CGSRC-GOV-0756,ES-CG-00,ES-CG-00;ES-CG-01;ES-CG-13;ES-CG-10,CGP005_REFERENCE_CORPUS_ROW,0,REFERENCE_CORPUS_INDEXED_NOT_NORMATIVE,REFERENCE_CONTEXT_ONLY
CGP006-ALLOC-1415,CGP005-RC-1415,CGSRC-GOV-0757,ES-CG-00,ES-CG-00;ES-CG-01;ES-CG-13;ES-CG-10,CGP005_REFERENCE_CORPUS_ROW,0,REFERENCE_CORPUS_INDEXED_NOT_NORMATIVE,REFERENCE_CONTEXT_ONLY
CGP006-ALLOC-1416,CGP005-RC-1416,CGSRC-GOV-0758,ES-CG-00,ES-CG-00;ES-CG-01;ES-CG-13;ES-CG-10,CGP005_REFERENCE_CORPUS_ROW,0,REFERENCE_CORPUS_INDEXED_NOT_NORMATIVE,REFERENCE_CONTEXT_ONLY
CGP006-ALLOC-1417,CGP005-RC-1417,CGSRC-GOV-0759,ES-CG-00,ES-CG-00;ES-CG-01;ES-CG-13;ES-CG-10,CGP005_REFERENCE_CORPUS_ROW,0,REFERENCE_CORPUS_INDEXED_NOT_NORMATIVE,REFERENCE_CONTEXT_ONLY
CGP006-ALLOC-1418,CGP005-RC-1418,CGSRC-GOV-0760,ES-CG-00,ES-CG-00;ES-CG-01;ES-CG-13;ES-CG-10,CGP005_REFERENCE_CORPUS_ROW,0,REFERENCE_CORPUS_INDEXED_NOT_NORMATIVE,REFERENCE_CONTEXT_ONLY
CGP006-ALLOC-1419,CGP005-RC-1419,CGSRC-GOV-0761,ES-CG-00,ES-CG-00;ES-CG-01;ES-CG-13;ES-CG-10,CGP005_REFERENCE_CORPUS_ROW,0,REFERENCE_CORPUS_INDEXED_NOT_NORMATIVE,REFERENCE_CONTEXT_ONLY
CGP006-ALLOC-1420,CGP005-RC-1420,CGSRC-GOV-0762,ES-CG-00,ES-CG-00;ES-CG-01;ES-CG-13;ES-CG-10,CGP005_REFERENCE_CORPUS_ROW,0,REFERENCE_CORPUS_INDEXED_NOT_NORMATIVE,REFERENCE_CONTEXT_ONLY
CGP006-ALLOC-1421,CGP005-RC-1421,CGSRC-GOV-0763,ES-CG-00,ES-CG-00;ES-CG-01;ES-CG-13;ES-CG-10,CGP005_REFERENCE_CORPUS_ROW,0,REFERENCE_CORPUS_INDEXED_NOT_NORMATIVE,REFERENCE_CONTEXT_ONLY
CGP006-ALLOC-1422,CGP005-RC-1422,CGSRC-GOV-0764,ES-CG-00,ES-CG-00;ES-CG-01;ES-CG-13;ES-CG-10,CGP005_REFERENCE_CORPUS_ROW,0,REFERENCE_CORPUS_INDEXED_NOT_NORMATIVE,REFERENCE_CONTEXT_ONLY
CGP006-ALLOC-1423,CGP005-RC-1423,CGSRC-GOV-0765,ES-CG-00,ES-CG-00;ES-CG-01;ES-CG-13;ES-CG-10,CGP005_REFERENCE_CORPUS_ROW,0,REFERENCE_CORPUS_INDEXED_NOT_NORMATIVE,REFERENCE_CONTEXT_ONLY
CGP006-ALLOC-1424,CGP005-RC-1424,CGSRC-GOV-0766,ES-CG-00,ES-CG-00;ES-CG-01;ES-CG-13;ES-CG-10,CGP005_REFERENCE_CORPUS_ROW,0,REFERENCE_CORPUS_INDEXED_NOT_NORMATIVE,REFERENCE_CONTEXT_ONLY
CGP006-ALLOC-1425,CGP005-RC-1425,CGSRC-GOV-0767,ES-CG-00,ES-CG-00;ES-CG-01;ES-CG-13;ES-CG-10,CGP005_REFERENCE_CORPUS_ROW,0,REFERENCE_CORPUS_INDEXED_NOT_NORMATIVE,REFERENCE_CONTEXT_ONLY
CGP006-ALLOC-1426,CGP005-RC-1426,CGSRC-GOV-0768,ES-CG-00,ES-CG-00;ES-CG-01;ES-CG-13;ES-CG-10,CGP005_REFERENCE_CORPUS_ROW,0,REFERENCE_CORPUS_INDEXED_NOT_NORMATIVE,REFERENCE_CONTEXT_ONLY
CGP006-ALLOC-1427,CGP005-RC-1427,CGSRC-GOV-0769,ES-CG-00,ES-CG-00;ES-CG-01;ES-CG-13;ES-CG-10,CGP005_REFERENCE_CORPUS_ROW,0,REFERENCE_CORPUS_INDEXED_NOT_NORMATIVE,REFERENCE_CONTEXT_ONLY
CGP006-ALLOC-1428,CGP005-RC-1428,CGSRC-GOV-0770,ES-CG-00,ES-CG-00;ES-CG-01;ES-CG-13;ES-CG-10,CGP005_REFERENCE_CORPUS_ROW,0,REFERENCE_CORPUS_INDEXED_NOT_NORMATIVE,REFERENCE_CONTEXT_ONLY
CGP006-ALLOC-1429,CGP005-RC-1429,CGSRC-GOV-0771,ES-CG-00,ES-CG-00;ES-CG-01;ES-CG-13;ES-CG-10,CGP005_REFERENCE_CORPUS_ROW,0,REFERENCE_CORPUS_INDEXED_NOT_NORMATIVE,REFERENCE_CONTEXT_ONLY
CGP006-ALLOC-1430,CGP005-RC-1430,CGSRC-GOV-0772,ES-CG-00,ES-CG-00;ES-CG-01;ES-CG-13;ES-CG-10,CGP005_REFERENCE_CORPUS_ROW,0,REFERENCE_CORPUS_INDEXED_NOT_NORMATIVE,REFERENCE_CONTEXT_ONLY
CGP006-ALLOC-1431,CGP005-RC-1431,CGSRC-GOV-0773,ES-CG-00,ES-CG-00;ES-CG-01;ES-CG-13;ES-CG-10,CGP005_REFERENCE_CORPUS_ROW,0,REFERENCE_CORPUS_INDEXED_NOT_NORMATIVE,REFERENCE_CONTEXT_ONLY
CGP006-ALLOC-1432,CGP005-RC-1432,CGSRC-GOV-0774,ES-CG-00,ES-CG-00;ES-CG-01;ES-CG-13;ES-CG-10,CGP005_REFERENCE_CORPUS_ROW,0,REFERENCE_CORPUS_INDEXED_NOT_NORMATIVE,REFERENCE_CONTEXT_ONLY
CGP006-ALLOC-1433,CGP005-RC-1433,CGSRC-GOV-0775,ES-CG-00,ES-CG-00;ES-CG-01;ES-CG-13;ES-CG-10,CGP005_REFERENCE_CORPUS_ROW,0,REFERENCE_CORPUS_INDEXED_NOT_NORMATIVE,REFERENCE_CONTEXT_ONLY
CGP006-ALLOC-1434,CGP005-RC-1434,CGSRC-GOV-0776,ES-CG-00,ES-CG-00;ES-CG-01;ES-CG-13;ES-CG-10,CGP005_REFERENCE_CORPUS_ROW,0,REFERENCE_CORPUS_INDEXED_NOT_NORMATIVE,REFERENCE_CONTEXT_ONLY
CGP006-ALLOC-1435,CGP005-RC-1435,CGSRC-GOV-0777,ES-CG-00,ES-CG-00;ES-CG-01;ES-CG-13;ES-CG-10,CGP005_REFERENCE_CORPUS_ROW,0,REFERENCE_CORPUS_INDEXED_NOT_NORMATIVE,REFERENCE_CONTEXT_ONLY
CGP006-ALLOC-1436,CGP005-RC-1436,CGSRC-GOV-0778,ES-CG-00,ES-CG-00;ES-CG-01;ES-CG-13;ES-CG-10,CGP005_REFERENCE_CORPUS_ROW,0,REFERENCE_CORPUS_INDEXED_NOT_NORMATIVE,REFERENCE_CONTEXT_ONLY
CGP006-ALLOC-1437,CGP005-RC-1437,CGSRC-GOV-0779,ES-CG-00,ES-CG-00;ES-CG-01;ES-CG-13;ES-CG-10,CGP005_REFERENCE_CORPUS_ROW,0,REFERENCE_CORPUS_INDEXED_NOT_NORMATIVE,REFERENCE_CONTEXT_ONLY
CGP006-ALLOC-1438,CGP005-RC-1438,CGSRC-GOV-0780,ES-CG-00,ES-CG-00;ES-CG-01;ES-CG-13;ES-CG-10,CGP005_REFERENCE_CORPUS_ROW,0,REFERENCE_CORPUS_INDEXED_NOT_NORMATIVE,REFERENCE_CONTEXT_ONLY
CGP006-ALLOC-1439,CGP005-RC-1439,CGSRC-GOV-0781,ES-CG-00,ES-CG-00;ES-CG-01;ES-CG-13;ES-CG-10,CGP005_REFERENCE_CORPUS_ROW,0,REFERENCE_CORPUS_INDEXED_NOT_NORMATIVE,REFERENCE_CONTEXT_ONLY
CGP006-ALLOC-1440,CGP005-RC-1440,CGSRC-GOV-0782,ES-CG-00,ES-CG-00;ES-CG-01;ES-CG-13;ES-CG-10,CGP005_REFERENCE_CORPUS_ROW,0,REFERENCE_CORPUS_INDEXED_NOT_NORMATIVE,REFERENCE_CONTEXT_ONLY
CGP006-ALLOC-1441,CGP005-RC-1441,CGSRC-GOV-0783,ES-CG-00,ES-CG-00;ES-CG-01;ES-CG-13;ES-CG-10,CGP005_REFERENCE_CORPUS_ROW,0,REFERENCE_CORPUS_INDEXED_NOT_NORMATIVE,REFERENCE_CONTEXT_ONLY
CGP006-ALLOC-1442,CGP005-RC-1442,CGSRC-GOV-0784,ES-CG-00,ES-CG-00;ES-CG-01;ES-CG-13;ES-CG-10,CGP005_REFERENCE_CORPUS_ROW,0,REFERENCE_CORPUS_INDEXED_NOT_NORMATIVE,REFERENCE_CONTEXT_ONLY
CGP006-ALLOC-1443,CGP005-RC-1443,CGSRC-GOV-0785,ES-CG-00,ES-CG-00;ES-CG-01;ES-CG-13;ES-CG-10,CGP005_REFERENCE_CORPUS_ROW,0,REFERENCE_CORPUS_INDEXED_NOT_NORMATIVE,REFERENCE_CONTEXT_ONLY
CGP006-ALLOC-1444,CGP005-RC-1444,CGSRC-GOV-0786,ES-CG-00,ES-CG-00;ES-CG-01;ES-CG-13;ES-CG-10,CGP005_REFERENCE_CORPUS_ROW,0,REFERENCE_CORPUS_INDEXED_NOT_NORMATIVE,REFERENCE_CONTEXT_ONLY
CGP006-ALLOC-1445,CGP005-RC-1445,CGSRC-GOV-0787,ES-CG-00,ES-CG-00;ES-CG-01;ES-CG-13;ES-CG-10,CGP005_REFERENCE_CORPUS_ROW,0,REFERENCE_CORPUS_INDEXED_NOT_NORMATIVE,REFERENCE_CONTEXT_ONLY
CGP006-ALLOC-1446,CGP005-RC-1446,CGSRC-GOV-0788,ES-CG-00,ES-CG-00;ES-CG-01;ES-CG-13;ES-CG-10,CGP005_REFERENCE_CORPUS_ROW,0,REFERENCE_CORPUS_INDEXED_NOT_NORMATIVE,REFERENCE_CONTEXT_ONLY
CGP006-ALLOC-1447,CGP005-RC-1447,CGSRC-GOV-0789,ES-CG-00,ES-CG-00;ES-CG-01;ES-CG-13;ES-CG-10,CGP005_REFERENCE_CORPUS_ROW,0,REFERENCE_CORPUS_INDEXED_NOT_NORMATIVE,REFERENCE_CONTEXT_ONLY
CGP006-ALLOC-1448,CGP005-RC-1448,CGSRC-GOV-0790,ES-CG-00,ES-CG-00;ES-CG-01;ES-CG-13;ES-CG-10,CGP005_REFERENCE_CORPUS_ROW,0,REFERENCE_CORPUS_INDEXED_NOT_NORMATIVE,REFERENCE_CONTEXT_ONLY
CGP006-ALLOC-1449,CGP005-RC-1449,CGSRC-GOV-0791,ES-CG-00,ES-CG-00;ES-CG-01;ES-CG-13;ES-CG-10,CGP005_REFERENCE_CORPUS_ROW,0,REFERENCE_CORPUS_INDEXED_NOT_NORMATIVE,REFERENCE_CONTEXT_ONLY
CGP006-ALLOC-1450,CGP005-RC-1450,CGSRC-GOV-0792,ES-CG-00,ES-CG-00;ES-CG-01;ES-CG-13;ES-CG-10,CGP005_REFERENCE_CORPUS_ROW,0,REFERENCE_CORPUS_INDEXED_NOT_NORMATIVE,REFERENCE_CONTEXT_ONLY
CGP006-ALLOC-1451,CGP005-RC-1451,CGSRC-GOV-0793,ES-CG-00,ES-CG-00;ES-CG-01;ES-CG-13;ES-CG-10,CGP005_REFERENCE_CORPUS_ROW,0,REFERENCE_CORPUS_INDEXED_NOT_NORMATIVE,REFERENCE_CONTEXT_ONLY
CGP006-ALLOC-1452,CGP005-RC-1452,CGSRC-GOV-0794,ES-CG-00,ES-CG-00;ES-CG-01;ES-CG-13;ES-CG-10,CGP005_REFERENCE_CORPUS_ROW,0,REFERENCE_CORPUS_INDEXED_NOT_NORMATIVE,REFERENCE_CONTEXT_ONLY
CGP006-ALLOC-1453,CGP005-RC-1453,CGSRC-GOV-0795,ES-CG-00,ES-CG-00;ES-CG-01;ES-CG-13;ES-CG-10,CGP005_REFERENCE_CORPUS_ROW,0,REFERENCE_CORPUS_INDEXED_NOT_NORMATIVE,REFERENCE_CONTEXT_ONLY
CGP006-ALLOC-1454,CGP005-RC-1454,CGSRC-GOV-0796,ES-CG-00,ES-CG-00;ES-CG-01;ES-CG-13;ES-CG-10,CGP005_REFERENCE_CORPUS_ROW,0,REFERENCE_CORPUS_INDEXED_NOT_NORMATIVE,REFERENCE_CONTEXT_ONLY
CGP006-ALLOC-1455,CGP005-RC-1455,CGSRC-GOV-0797,ES-CG-00,ES-CG-00;ES-CG-01;ES-CG-13;ES-CG-10,CGP005_REFERENCE_CORPUS_ROW,0,REFERENCE_CORPUS_INDEXED_NOT_NORMATIVE,REFERENCE_CONTEXT_ONLY
CGP006-ALLOC-1456,CGP005-RC-1456,CGSRC-GOV-0798,ES-CG-00,ES-CG-00;ES-CG-01;ES-CG-13;ES-CG-10,CGP005_REFERENCE_CORPUS_ROW,0,REFERENCE_CORPUS_INDEXED_NOT_NORMATIVE,REFERENCE_CONTEXT_ONLY
CGP006-ALLOC-1457,CGP005-RC-1457,CGSRC-GOV-0799,ES-CG-00,ES-CG-00;ES-CG-01;ES-CG-13;ES-CG-10,CGP005_REFERENCE_CORPUS_ROW,0,REFERENCE_CORPUS_INDEXED_NOT_NORMATIVE,REFERENCE_CONTEXT_ONLY
CGP006-ALLOC-1458,CGP005-RC-1458,CGSRC-GOV-0800,ES-CG-00,ES-CG-00;ES-CG-01;ES-CG-13;ES-CG-10,CGP005_REFERENCE_CORPUS_ROW,0,REFERENCE_CORPUS_INDEXED_NOT_NORMATIVE,REFERENCE_CONTEXT_ONLY
CGP006-ALLOC-1459,CGP005-RC-1459,CGSRC-GOV-0801,ES-CG-00,ES-CG-00;ES-CG-01;ES-CG-13;ES-CG-10,CGP005_REFERENCE_CORPUS_ROW,0,REFERENCE_CORPUS_INDEXED_NOT_NORMATIVE,REFERENCE_CONTEXT_ONLY
CGP006-ALLOC-1460,CGP005-RC-1460,CGSRC-GOV-0802,ES-CG-00,ES-CG-00;ES-CG-01;ES-CG-13;ES-CG-10,CGP005_REFERENCE_CORPUS_ROW,0,REFERENCE_CORPUS_INDEXED_NOT_NORMATIVE,REFERENCE_CONTEXT_ONLY
CGP006-ALLOC-1461,CGP005-RC-1461,CGSRC-GOV-0803,ES-CG-00,ES-CG-00;ES-CG-01;ES-CG-13;ES-CG-10,CGP005_REFERENCE_CORPUS_ROW,0,REFERENCE_CORPUS_INDEXED_NOT_NORMATIVE,REFERENCE_CONTEXT_ONLY
CGP006-ALLOC-1462,CGP005-RC-1462,CGSRC-GOV-0804,ES-CG-00,ES-CG-00;ES-CG-01;ES-CG-13;ES-CG-10,CGP005_REFERENCE_CORPUS_ROW,0,REFERENCE_CORPUS_INDEXED_NOT_NORMATIVE,REFERENCE_CONTEXT_ONLY
CGP006-ALLOC-1463,CGP005-RC-1463,CGSRC-GOV-0805,ES-CG-00,ES-CG-00;ES-CG-01;ES-CG-13;ES-CG-10,CGP005_REFERENCE_CORPUS_ROW,0,REFERENCE_CORPUS_INDEXED_NOT_NORMATIVE,REFERENCE_CONTEXT_ONLY
CGP006-ALLOC-1464,CGP005-RC-1464,CGSRC-GOV-0806,ES-CG-00,ES-CG-00;ES-CG-01;ES-CG-13;ES-CG-10,CGP005_REFERENCE_CORPUS_ROW,0,REFERENCE_CORPUS_INDEXED_NOT_NORMATIVE,REFERENCE_CONTEXT_ONLY
CGP006-ALLOC-1465,CGP005-RC-1465,CGSRC-GOV-0807,ES-CG-00,ES-CG-00;ES-CG-01;ES-CG-13;ES-CG-10,CGP005_REFERENCE_CORPUS_ROW,0,REFERENCE_CORPUS_INDEXED_NOT_NORMATIVE,REFERENCE_CONTEXT_ONLY
CGP006-ALLOC-1466,CGP005-RC-1466,CGSRC-GOV-0808,ES-CG-00,ES-CG-00;ES-CG-01;ES-CG-13;ES-CG-10,CGP005_REFERENCE_CORPUS_ROW,0,REFERENCE_CORPUS_INDEXED_NOT_NORMATIVE,REFERENCE_CONTEXT_ONLY
CGP006-ALLOC-1467,CGP005-RC-1467,CGSRC-GOV-0809,ES-CG-00,ES-CG-00;ES-CG-01;ES-CG-13;ES-CG-10,CGP005_REFERENCE_CORPUS_ROW,0,REFERENCE_CORPUS_INDEXED_NOT_NORMATIVE,REFERENCE_CONTEXT_ONLY
CGP006-ALLOC-1468,CGP005-RC-1468,CGSRC-GOV-0810,ES-CG-00,ES-CG-00;ES-CG-01;ES-CG-13;ES-CG-10,CGP005_REFERENCE_CORPUS_ROW,0,REFERENCE_CORPUS_INDEXED_NOT_NORMATIVE,REFERENCE_CONTEXT_ONLY
CGP006-ALLOC-1469,CGP005-RC-1469,CGSRC-GOV-0811,ES-CG-00,ES-CG-00;ES-CG-01;ES-CG-13;ES-CG-10,CGP005_REFERENCE_CORPUS_ROW,0,REFERENCE_CORPUS_INDEXED_NOT_NORMATIVE,REFERENCE_CONTEXT_ONLY
CGP006-ALLOC-1470,CGP005-RC-1470,CGSRC-GOV-0812,ES-CG-00,ES-CG-00;ES-CG-01;ES-CG-13;ES-CG-10,CGP005_REFERENCE_CORPUS_ROW,0,REFERENCE_CORPUS_INDEXED_NOT_NORMATIVE,REFERENCE_CONTEXT_ONLY
CGP006-ALLOC-1471,CGP005-RC-1471,CGSRC-GOV-0813,ES-CG-00,ES-CG-00;ES-CG-01;ES-CG-13;ES-CG-10,CGP005_REFERENCE_CORPUS_ROW,0,REFERENCE_CORPUS_INDEXED_NOT_NORMATIVE,REFERENCE_CONTEXT_ONLY
CGP006-ALLOC-1472,CGP005-RC-1472,CGSRC-GOV-0814,ES-CG-00,ES-CG-00;ES-CG-01;ES-CG-13;ES-CG-10,CGP005_REFERENCE_CORPUS_ROW,0,REFERENCE_CORPUS_INDEXED_NOT_NORMATIVE,REFERENCE_CONTEXT_ONLY
CGP006-ALLOC-1473,CGP005-RC-1473,CGSRC-GOV-0815,ES-CG-00,ES-CG-00;ES-CG-01;ES-CG-13;ES-CG-10,CGP005_REFERENCE_CORPUS_ROW,0,REFERENCE_CORPUS_INDEXED_NOT_NORMATIVE,REFERENCE_CONTEXT_ONLY
CGP006-ALLOC-1474,CGP005-RC-1474,CGSRC-GOV-0816,ES-CG-00,ES-CG-00;ES-CG-01;ES-CG-13;ES-CG-10,CGP005_REFERENCE_CORPUS_ROW,0,REFERENCE_CORPUS_INDEXED_NOT_NORMATIVE,REFERENCE_CONTEXT_ONLY
CGP006-ALLOC-1475,CGP005-RC-1475,CGSRC-GOV-0817,ES-CG-00,ES-CG-00;ES-CG-01;ES-CG-13;ES-CG-10,CGP005_REFERENCE_CORPUS_ROW,0,REFERENCE_CORPUS_INDEXED_NOT_NORMATIVE,REFERENCE_CONTEXT_ONLY
CGP006-ALLOC-1476,CGP005-RC-1476,CGSRC-GOV-0818,ES-CG-00,ES-CG-00;ES-CG-01;ES-CG-13;ES-CG-10,CGP005_REFERENCE_CORPUS_ROW,0,REFERENCE_CORPUS_INDEXED_NOT_NORMATIVE,REFERENCE_CONTEXT_ONLY
CGP006-ALLOC-1477,CGP005-RC-1477,CGSRC-GOV-0819,ES-CG-00,ES-CG-00;ES-CG-01;ES-CG-13;ES-CG-10,CGP005_REFERENCE_CORPUS_ROW,0,REFERENCE_CORPUS_INDEXED_NOT_NORMATIVE,REFERENCE_CONTEXT_ONLY
CGP006-ALLOC-1478,CGP005-RC-1478,CGSRC-GOV-0820,ES-CG-00,ES-CG-00;ES-CG-01;ES-CG-13;ES-CG-10,CGP005_REFERENCE_CORPUS_ROW,0,REFERENCE_CORPUS_INDEXED_NOT_NORMATIVE,REFERENCE_CONTEXT_ONLY
CGP006-ALLOC-1479,CGP005-RC-1479,CGSRC-GOV-0821,ES-CG-00,ES-CG-00;ES-CG-01;ES-CG-13;ES-CG-10,CGP005_REFERENCE_CORPUS_ROW,0,REFERENCE_CORPUS_INDEXED_NOT_NORMATIVE,REFERENCE_CONTEXT_ONLY
CGP006-ALLOC-1480,CGP005-RC-1480,CGSRC-GOV-0822,ES-CG-00,ES-CG-00;ES-CG-01;ES-CG-13;ES-CG-10,CGP005_REFERENCE_CORPUS_ROW,0,REFERENCE_CORPUS_INDEXED_NOT_NORMATIVE,REFERENCE_CONTEXT_ONLY
CGP006-ALLOC-1481,CGP005-RC-1481,CGSRC-GOV-0823,ES-CG-00,ES-CG-00;ES-CG-01;ES-CG-13;ES-CG-10,CGP005_REFERENCE_CORPUS_ROW,0,REFERENCE_CORPUS_INDEXED_NOT_NORMATIVE,REFERENCE_CONTEXT_ONLY
CGP006-ALLOC-1482,CGP005-RC-1482,CGSRC-GOV-0824,ES-CG-00,ES-CG-00;ES-CG-01;ES-CG-13;ES-CG-10,CGP005_REFERENCE_CORPUS_ROW,0,REFERENCE_CORPUS_INDEXED_NOT_NORMATIVE,REFERENCE_CONTEXT_ONLY
CGP006-ALLOC-1483,CGP005-RC-1483,CGSRC-GOV-0825,ES-CG-00,ES-CG-00;ES-CG-01;ES-CG-13;ES-CG-10,CGP005_REFERENCE_CORPUS_ROW,0,REFERENCE_CORPUS_INDEXED_NOT_NORMATIVE,REFERENCE_CONTEXT_ONLY
CGP006-ALLOC-1484,CGP005-RC-1484,CGSRC-GOV-0826,ES-CG-00,ES-CG-00;ES-CG-01;ES-CG-13;ES-CG-10,CGP005_REFERENCE_CORPUS_ROW,0,REFERENCE_CORPUS_INDEXED_NOT_NORMATIVE,REFERENCE_CONTEXT_ONLY
CGP006-ALLOC-1485,CGP005-RC-1485,CGSRC-HIST-0001,ES-CG-00,ES-CG-00;ES-CG-01;ES-CG-13;ES-CG-10,CGP005_REFERENCE_CORPUS_ROW,0,REFERENCE_CORPUS_INDEXED_NOT_NORMATIVE,HISTORICAL_CONTEXT_ONLY
CGP006-ALLOC-1486,CGP005-RC-1486,CGSRC-HIST-0002,ES-CG-00,ES-CG-00;ES-CG-01;ES-CG-13;ES-CG-10,CGP005_REFERENCE_CORPUS_ROW,0,REFERENCE_CORPUS_INDEXED_NOT_NORMATIVE,HISTORICAL_CONTEXT_ONLY
CGP006-ALLOC-1487,CGP005-RC-1487,CGSRC-HIST-0003,ES-CG-00,ES-CG-00;ES-CG-01;ES-CG-13;ES-CG-10,CGP005_REFERENCE_CORPUS_ROW,0,REFERENCE_CORPUS_INDEXED_NOT_NORMATIVE,HISTORICAL_CONTEXT_ONLY
CGP006-ALLOC-1488,CGP005-RC-1488,CGSRC-HIST-0004,ES-CG-00,ES-CG-00;ES-CG-01;ES-CG-13,CGP005_REFERENCE_CORPUS_ROW,0,REFERENCE_CORPUS_INDEXED_NOT_NORMATIVE,HISTORICAL_CONTEXT_ONLY
CGP006-ALLOC-1489,CGP005-RC-1489,CGSRC-HIST-0005,ES-CG-00,ES-CG-00;ES-CG-01;ES-CG-13,CGP005_REFERENCE_CORPUS_ROW,0,REFERENCE_CORPUS_INDEXED_NOT_NORMATIVE,HISTORICAL_CONTEXT_ONLY
CGP006-ALLOC-1490,CGP005-RC-1490,CGSRC-HIST-0006,ES-CG-00,ES-CG-00;ES-CG-01;ES-CG-13;ES-CG-10,CGP005_REFERENCE_CORPUS_ROW,0,REFERENCE_CORPUS_INDEXED_NOT_NORMATIVE,HISTORICAL_CONTEXT_ONLY
CGP006-ALLOC-1491,CGP005-RC-1491,CGSRC-HIST-0007,ES-CG-00,ES-CG-00;ES-CG-01;ES-CG-13;ES-CG-10,CGP005_REFERENCE_CORPUS_ROW,0,REFERENCE_CORPUS_INDEXED_NOT_NORMATIVE,HISTORICAL_CONTEXT_ONLY
CGP006-ALLOC-1492,CGP005-RC-1492,CGSRC-HIST-0008,ES-CG-00,ES-CG-00;ES-CG-01;ES-CG-13;ES-CG-10,CGP005_REFERENCE_CORPUS_ROW,0,REFERENCE_CORPUS_INDEXED_NOT_NORMATIVE,HISTORICAL_CONTEXT_ONLY
CGP006-ALLOC-1493,CGP005-RC-1493,CGSRC-HIST-0009,ES-CG-00,ES-CG-00;ES-CG-01;ES-CG-13;ES-CG-10,CGP005_REFERENCE_CORPUS_ROW,0,REFERENCE_CORPUS_INDEXED_NOT_NORMATIVE,HISTORICAL_CONTEXT_ONLY
CGP006-ALLOC-1494,CGP005-RC-1494,CGSRC-HIST-0010,ES-CG-00,ES-CG-00;ES-CG-01;ES-CG-13;ES-CG-10,CGP005_REFERENCE_CORPUS_ROW,0,REFERENCE_CORPUS_INDEXED_NOT_NORMATIVE,HISTORICAL_CONTEXT_ONLY
CGP006-ALLOC-1495,CGP005-RC-1495,CGSRC-HIST-0011,ES-CG-00,ES-CG-00;ES-CG-01;ES-CG-13;ES-CG-10,CGP005_REFERENCE_CORPUS_ROW,0,REFERENCE_CORPUS_INDEXED_NOT_NORMATIVE,HISTORICAL_CONTEXT_ONLY
CGP006-ALLOC-1496,CGP005-RC-1496,CGSRC-HIST-0012,ES-CG-00,ES-CG-00;ES-CG-01;ES-CG-13;ES-CG-10,CGP005_REFERENCE_CORPUS_ROW,0,REFERENCE_CORPUS_INDEXED_NOT_NORMATIVE,HISTORICAL_CONTEXT_ONLY
CGP006-ALLOC-1497,CGP005-RC-1497,CGSRC-HIST-0013,ES-CG-00,ES-CG-00;ES-CG-01;ES-CG-13;ES-CG-10,CGP005_REFERENCE_CORPUS_ROW,0,REFERENCE_CORPUS_INDEXED_NOT_NORMATIVE,HISTORICAL_CONTEXT_ONLY
CGP006-ALLOC-1498,CGP005-RC-1498,CGSRC-HIST-0014,ES-CG-00,ES-CG-00;ES-CG-01;ES-CG-13;ES-CG-10,CGP005_REFERENCE_CORPUS_ROW,0,REFERENCE_CORPUS_INDEXED_NOT_NORMATIVE,HISTORICAL_CONTEXT_ONLY
CGP006-ALLOC-1499,CGP005-RC-1499,CGSRC-HIST-0015,ES-CG-00,ES-CG-00;ES-CG-01;ES-CG-13;ES-CG-10,CGP005_REFERENCE_CORPUS_ROW,0,REFERENCE_CORPUS_INDEXED_NOT_NORMATIVE,HISTORICAL_CONTEXT_ONLY
CGP006-ALLOC-1500,CGP005-RC-1500,CGSRC-HIST-0016,ES-CG-00,ES-CG-00;ES-CG-01;ES-CG-13;ES-CG-10,CGP005_REFERENCE_CORPUS_ROW,0,REFERENCE_CORPUS_INDEXED_NOT_NORMATIVE,HISTORICAL_CONTEXT_ONLY
CGP006-ALLOC-1501,CGP005-RC-1501,CGSRC-HIST-0017,ES-CG-00,ES-CG-00;ES-CG-01;ES-CG-13;ES-CG-10,CGP005_REFERENCE_CORPUS_ROW,0,REFERENCE_CORPUS_INDEXED_NOT_NORMATIVE,HISTORICAL_CONTEXT_ONLY
CGP006-ALLOC-1502,CGP005-RC-1502,CGSRC-HIST-0018,ES-CG-00,ES-CG-00;ES-CG-01;ES-CG-13;ES-CG-10,CGP005_REFERENCE_CORPUS_ROW,0,REFERENCE_CORPUS_INDEXED_NOT_NORMATIVE,HISTORICAL_CONTEXT_ONLY
CGP006-ALLOC-1503,CGP005-RC-1503,CGSRC-HIST-0019,ES-CG-00,ES-CG-00;ES-CG-01;ES-CG-13;ES-CG-10,CGP005_REFERENCE_CORPUS_ROW,0,REFERENCE_CORPUS_INDEXED_NOT_NORMATIVE,HISTORICAL_CONTEXT_ONLY
CGP006-ALLOC-1504,CGP005-RC-1504,CGSRC-HIST-0020,ES-CG-00,ES-CG-00;ES-CG-01;ES-CG-13;ES-CG-10,CGP005_REFERENCE_CORPUS_ROW,0,REFERENCE_CORPUS_INDEXED_NOT_NORMATIVE,HISTORICAL_CONTEXT_ONLY
CGP006-ALLOC-1505,CGP005-RC-1505,CGSRC-HIST-0021,ES-CG-00,ES-CG-00;ES-CG-01;ES-CG-13;ES-CG-10,CGP005_REFERENCE_CORPUS_ROW,0,REFERENCE_CORPUS_INDEXED_NOT_NORMATIVE,HISTORICAL_CONTEXT_ONLY
CGP006-ALLOC-1506,CGP005-RC-1506,CGSRC-HIST-0022,ES-CG-00,ES-CG-00;ES-CG-01;ES-CG-13;ES-CG-10,CGP005_REFERENCE_CORPUS_ROW,0,REFERENCE_CORPUS_INDEXED_NOT_NORMATIVE,HISTORICAL_CONTEXT_ONLY
CGP006-ALLOC-1507,CGP005-RC-1507,CGSRC-HIST-0023,ES-CG-00,ES-CG-00;ES-CG-01;ES-CG-13;ES-CG-10,CGP005_REFERENCE_CORPUS_ROW,0,REFERENCE_CORPUS_INDEXED_NOT_NORMATIVE,HISTORICAL_CONTEXT_ONLY
CGP006-ALLOC-1508,CGP005-RC-1508,CGSRC-HIST-0024,ES-CG-00,ES-CG-00;ES-CG-01;ES-CG-13;ES-CG-10,CGP005_REFERENCE_CORPUS_ROW,0,REFERENCE_CORPUS_INDEXED_NOT_NORMATIVE,HISTORICAL_CONTEXT_ONLY
CGP006-ALLOC-1509,CGP005-RC-1509,CGSRC-HIST-0025,ES-CG-00,ES-CG-00;ES-CG-01;ES-CG-13;ES-CG-10,CGP005_REFERENCE_CORPUS_ROW,0,REFERENCE_CORPUS_INDEXED_NOT_NORMATIVE,HISTORICAL_CONTEXT_ONLY
CGP006-ALLOC-1510,CGP005-RC-1510,CGSRC-HIST-0026,ES-CG-00,ES-CG-00;ES-CG-01;ES-CG-13;ES-CG-10,CGP005_REFERENCE_CORPUS_ROW,0,REFERENCE_CORPUS_INDEXED_NOT_NORMATIVE,HISTORICAL_CONTEXT_ONLY
CGP006-ALLOC-1511,CGP005-RC-1511,CGSRC-HIST-0027,ES-CG-00,ES-CG-00;ES-CG-01;ES-CG-13;ES-CG-10,CGP005_REFERENCE_CORPUS_ROW,0,REFERENCE_CORPUS_INDEXED_NOT_NORMATIVE,HISTORICAL_CONTEXT_ONLY
CGP006-ALLOC-1512,CGP005-RC-1512,CGSRC-HIST-0028,ES-CG-00,ES-CG-00;ES-CG-01;ES-CG-13;ES-CG-10,CGP005_REFERENCE_CORPUS_ROW,0,REFERENCE_CORPUS_INDEXED_NOT_NORMATIVE,HISTORICAL_CONTEXT_ONLY
CGP006-ALLOC-1513,CGP005-RC-1513,CGSRC-HIST-0029,ES-CG-00,ES-CG-00;ES-CG-01;ES-CG-13,CGP005_REFERENCE_CORPUS_ROW,0,REFERENCE_CORPUS_INDEXED_NOT_NORMATIVE,HISTORICAL_CONTEXT_ONLY
CGP006-ALLOC-1514,CGP005-RC-1514,CGSRC-HIST-0030,ES-CG-00,ES-CG-00;ES-CG-01;ES-CG-13,CGP005_REFERENCE_CORPUS_ROW,0,REFERENCE_CORPUS_INDEXED_NOT_NORMATIVE,HISTORICAL_CONTEXT_ONLY
CGP006-ALLOC-1515,CGP005-RC-1515,CGSRC-HIST-0031,ES-CG-00,ES-CG-00;ES-CG-01;ES-CG-13,CGP005_REFERENCE_CORPUS_ROW,0,REFERENCE_CORPUS_INDEXED_NOT_NORMATIVE,HISTORICAL_CONTEXT_ONLY
CGP006-ALLOC-1516,CGP005-RC-1516,CGSRC-HIST-0032,ES-CG-00,ES-CG-00;ES-CG-01;ES-CG-13;ES-CG-10,CGP005_REFERENCE_CORPUS_ROW,0,REFERENCE_CORPUS_INDEXED_NOT_NORMATIVE,HISTORICAL_CONTEXT_ONLY
CGP006-ALLOC-1517,CGP005-RC-1517,CGSRC-HIST-0033,ES-CG-00,ES-CG-00;ES-CG-01;ES-CG-13;ES-CG-10,CGP005_REFERENCE_CORPUS_ROW,0,REFERENCE_CORPUS_INDEXED_NOT_NORMATIVE,HISTORICAL_CONTEXT_ONLY
CGP006-ALLOC-1518,CGP005-RC-1518,CGSRC-HIST-0034,ES-CG-00,ES-CG-00;ES-CG-01;ES-CG-13,CGP005_REFERENCE_CORPUS_ROW,0,REFERENCE_CORPUS_INDEXED_NOT_NORMATIVE,HISTORICAL_CONTEXT_ONLY
CGP006-ALLOC-1519,CGP005-RC-1519,CGSRC-HIST-0035,ES-CG-00,ES-CG-00;ES-CG-01;ES-CG-13,CGP005_REFERENCE_CORPUS_ROW,0,REFERENCE_CORPUS_INDEXED_NOT_NORMATIVE,HISTORICAL_CONTEXT_ONLY
CGP006-ALLOC-1520,CGP005-RC-1520,CGSRC-HIST-0036,ES-CG-00,ES-CG-00;ES-CG-01;ES-CG-13,CGP005_REFERENCE_CORPUS_ROW,0,REFERENCE_CORPUS_INDEXED_NOT_NORMATIVE,HISTORICAL_CONTEXT_ONLY
CGP006-ALLOC-1521,CGP005-RC-1521,CGSRC-HIST-0037,ES-CG-00,ES-CG-00;ES-CG-01;ES-CG-13,CGP005_REFERENCE_CORPUS_ROW,0,REFERENCE_CORPUS_INDEXED_NOT_NORMATIVE,HISTORICAL_CONTEXT_ONLY
CGP006-ALLOC-1522,CGP005-RC-1522,CGSRC-HIST-0038,ES-CG-00,ES-CG-00;ES-CG-01;ES-CG-13,CGP005_REFERENCE_CORPUS_ROW,0,REFERENCE_CORPUS_INDEXED_NOT_NORMATIVE,HISTORICAL_CONTEXT_ONLY
CGP006-ALLOC-1523,CGP005-RC-1523,CGSRC-PIA-0001,ES-CG-00,ES-CG-00;ES-CG-01;ES-CG-13,CGP005_REFERENCE_CORPUS_ROW,0,REFERENCE_CORPUS_INDEXED_NOT_NORMATIVE,REFERENCE_CONTEXT_ONLY
CGP006-ALLOC-1524,CGP005-RC-1524,CGSRC-PIA-0002,ES-CG-00,ES-CG-00;ES-CG-01;ES-CG-13;ES-CG-10,CGP005_REFERENCE_CORPUS_ROW,0,REFERENCE_CORPUS_INDEXED_NOT_NORMATIVE,REFERENCE_CONTEXT_ONLY
CGP006-ALLOC-1525,CGP005-RC-1525,CGSRC-PIA-0003,ES-CG-00,ES-CG-00;ES-CG-01;ES-CG-13,CGP005_REFERENCE_CORPUS_ROW,0,REFERENCE_CORPUS_INDEXED_NOT_NORMATIVE,REFERENCE_CONTEXT_ONLY
CGP006-ALLOC-1526,CGP005-RC-1526,CGSRC-PIA-0004,ES-CG-00,ES-CG-00;ES-CG-01;ES-CG-13,CGP005_REFERENCE_CORPUS_ROW,0,REFERENCE_CORPUS_INDEXED_NOT_NORMATIVE,REFERENCE_CONTEXT_ONLY
CGP006-ALLOC-1527,CGP005-RC-1527,CGSRC-PIA-0005,ES-CG-00,ES-CG-00;ES-CG-01;ES-CG-13,CGP005_REFERENCE_CORPUS_ROW,0,REFERENCE_CORPUS_INDEXED_NOT_NORMATIVE,REFERENCE_CONTEXT_ONLY
CGP006-ALLOC-1528,CGP005-RC-1528,CGSRC-PIA-0006,ES-CG-00,ES-CG-00;ES-CG-01;ES-CG-13,CGP005_REFERENCE_CORPUS_ROW,0,REFERENCE_CORPUS_INDEXED_NOT_NORMATIVE,REFERENCE_CONTEXT_ONLY
CGP006-ALLOC-1529,CGP005-RC-1529,CGSRC-PIA-0007,ES-CG-00,ES-CG-00;ES-CG-01;ES-CG-13,CGP005_REFERENCE_CORPUS_ROW,0,REFERENCE_CORPUS_INDEXED_NOT_NORMATIVE,REFERENCE_CONTEXT_ONLY
CGP006-ALLOC-1530,CGP005-RC-1530,CGSRC-PIA-0008,ES-CG-00,ES-CG-00;ES-CG-01;ES-CG-13,CGP005_REFERENCE_CORPUS_ROW,0,REFERENCE_CORPUS_INDEXED_NOT_NORMATIVE,REFERENCE_CONTEXT_ONLY
CGP006-ALLOC-1531,CGP005-RC-1531,CGSRC-PIA-0009,ES-CG-00,ES-CG-00;ES-CG-01;ES-CG-13;ES-CG-10,CGP005_REFERENCE_CORPUS_ROW,0,REFERENCE_CORPUS_INDEXED_NOT_NORMATIVE,REFERENCE_CONTEXT_ONLY
CGP006-ALLOC-1532,CGP005-RC-1532,CGSRC-PIA-0010,ES-CG-00,ES-CG-00;ES-CG-01;ES-CG-13,CGP005_REFERENCE_CORPUS_ROW,0,REFERENCE_CORPUS_INDEXED_NOT_NORMATIVE,REFERENCE_CONTEXT_ONLY
CGP006-ALLOC-1533,CGP005-RC-1533,CGSRC-PROP-0001,ES-CG-00,ES-CG-00;ES-CG-01;ES-CG-13,CGP005_REFERENCE_CORPUS_ROW,0,REFERENCE_CORPUS_INDEXED_NOT_NORMATIVE,NON_NORMATIVE_EXCLUDED_SOURCE
CGP006-ALLOC-1534,CGP005-RC-1534,CGSRC-PROP-0002,ES-CG-00,ES-CG-00;ES-CG-01;ES-CG-13,CGP005_REFERENCE_CORPUS_ROW,0,REFERENCE_CORPUS_INDEXED_NOT_NORMATIVE,NON_NORMATIVE_EXCLUDED_SOURCE
CGP006-ALLOC-1535,CGP005-RC-1535,CGSRC-PROP-0003,ES-CG-00,ES-CG-00;ES-CG-01;ES-CG-13,CGP005_REFERENCE_CORPUS_ROW,0,REFERENCE_CORPUS_INDEXED_NOT_NORMATIVE,NON_NORMATIVE_EXCLUDED_SOURCE
CGP006-ALLOC-1536,CGP005-RC-1536,CGSRC-PROP-0004,ES-CG-00,ES-CG-00;ES-CG-01;ES-CG-13,CGP005_REFERENCE_CORPUS_ROW,0,REFERENCE_CORPUS_INDEXED_NOT_NORMATIVE,NON_NORMATIVE_EXCLUDED_SOURCE
CGP006-ALLOC-1537,CGP005-RC-1537,CGSRC-PROP-0005,ES-CG-00,ES-CG-00;ES-CG-01;ES-CG-13,CGP005_REFERENCE_CORPUS_ROW,0,REFERENCE_CORPUS_INDEXED_NOT_NORMATIVE,NON_NORMATIVE_EXCLUDED_SOURCE
CGP006-ALLOC-1538,CGP005-RC-1538,CGSRC-PROP-0006,ES-CG-00,ES-CG-00;ES-CG-01;ES-CG-13;ES-CG-10,CGP005_REFERENCE_CORPUS_ROW,0,REFERENCE_CORPUS_INDEXED_NOT_NORMATIVE,NON_NORMATIVE_EXCLUDED_SOURCE
CGP006-ALLOC-1539,CGP005-RC-1539,CGSRC-PROP-0007,ES-CG-00,ES-CG-00;ES-CG-01;ES-CG-13,CGP005_REFERENCE_CORPUS_ROW,0,REFERENCE_CORPUS_INDEXED_NOT_NORMATIVE,NON_NORMATIVE_EXCLUDED_SOURCE
CGP006-ALLOC-1540,CGP005-RC-1540,CGSRC-PROP-0008,ES-CG-00,ES-CG-00;ES-CG-01;ES-CG-13,CGP005_REFERENCE_CORPUS_ROW,0,REFERENCE_CORPUS_INDEXED_NOT_NORMATIVE,NON_NORMATIVE_EXCLUDED_SOURCE
CGP006-ALLOC-1541,CGP005-RC-1541,CGSRC-PROP-0009,ES-CG-00,ES-CG-00;ES-CG-01;ES-CG-13;ES-CG-10,CGP005_REFERENCE_CORPUS_ROW,0,REFERENCE_CORPUS_INDEXED_NOT_NORMATIVE,NON_NORMATIVE_EXCLUDED_SOURCE
CGP006-ALLOC-1542,CGP005-RC-1542,CGSRC-PROP-0010,ES-CG-00,ES-CG-00;ES-CG-01;ES-CG-13,CGP005_REFERENCE_CORPUS_ROW,0,REFERENCE_CORPUS_INDEXED_NOT_NORMATIVE,NON_NORMATIVE_EXCLUDED_SOURCE
CGP006-ALLOC-1543,CGP005-RC-1543,CGSRC-PROP-0011,ES-CG-00,ES-CG-00;ES-CG-01;ES-CG-13;ES-CG-10,CGP005_REFERENCE_CORPUS_ROW,0,REFERENCE_CORPUS_INDEXED_NOT_NORMATIVE,NON_NORMATIVE_EXCLUDED_SOURCE
CGP006-ALLOC-1544,CGP005-RC-1544,CGSRC-PROP-0012,ES-CG-00,ES-CG-00;ES-CG-01;ES-CG-13,CGP005_REFERENCE_CORPUS_ROW,0,REFERENCE_CORPUS_INDEXED_NOT_NORMATIVE,NON_NORMATIVE_EXCLUDED_SOURCE
CGP006-ALLOC-1545,CGP005-RC-1545,CGSRC-PROP-0013,ES-CG-00,ES-CG-00;ES-CG-01;ES-CG-13,CGP005_REFERENCE_CORPUS_ROW,0,REFERENCE_CORPUS_INDEXED_NOT_NORMATIVE,NON_NORMATIVE_EXCLUDED_SOURCE
CGP006-ALLOC-1546,CGP005-RC-1546,CGSRC-PROP-0014,ES-CG-00,ES-CG-00;ES-CG-01;ES-CG-13,CGP005_REFERENCE_CORPUS_ROW,0,REFERENCE_CORPUS_INDEXED_NOT_NORMATIVE,NON_NORMATIVE_EXCLUDED_SOURCE
CGP006-ALLOC-1547,CGP005-RC-1547,CGSRC-PROP-0015,ES-CG-00,ES-CG-00;ES-CG-01;ES-CG-13,CGP005_REFERENCE_CORPUS_ROW,0,REFERENCE_CORPUS_INDEXED_NOT_NORMATIVE,NON_NORMATIVE_EXCLUDED_SOURCE
CGP006-ALLOC-1548,CGP005-RC-1548,CGSRC-PROP-0016,ES-CG-00,ES-CG-00;ES-CG-01;ES-CG-13;ES-CG-10,CGP005_REFERENCE_CORPUS_ROW,0,REFERENCE_CORPUS_INDEXED_NOT_NORMATIVE,NON_NORMATIVE_EXCLUDED_SOURCE
CGP006-ALLOC-1549,CGP005-RC-1549,CGSRC-PROP-0017,ES-CG-00,ES-CG-00;ES-CG-01;ES-CG-13;ES-CG-10,CGP005_REFERENCE_CORPUS_ROW,0,REFERENCE_CORPUS_INDEXED_NOT_NORMATIVE,NON_NORMATIVE_EXCLUDED_SOURCE
CGP006-ALLOC-1550,CGP005-RC-1550,CGSRC-PROP-0018,ES-CG-00,ES-CG-00;ES-CG-01;ES-CG-13,CGP005_REFERENCE_CORPUS_ROW,0,REFERENCE_CORPUS_INDEXED_NOT_NORMATIVE,NON_NORMATIVE_EXCLUDED_SOURCE
CGP006-ALLOC-1551,CGP005-RC-1551,CGSRC-PROP-0019,ES-CG-00,ES-CG-00;ES-CG-01;ES-CG-13;ES-CG-10,CGP005_REFERENCE_CORPUS_ROW,0,REFERENCE_CORPUS_INDEXED_NOT_NORMATIVE,NON_NORMATIVE_EXCLUDED_SOURCE
CGP006-ALLOC-1552,CGP005-RC-1552,CGSRC-PROP-0020,ES-CG-00,ES-CG-00;ES-CG-01;ES-CG-13,CGP005_REFERENCE_CORPUS_ROW,0,REFERENCE_CORPUS_INDEXED_NOT_NORMATIVE,NON_NORMATIVE_EXCLUDED_SOURCE
CGP006-ALLOC-1553,CGP005-RC-1553,CGSRC-PROP-0021,ES-CG-00,ES-CG-00;ES-CG-01;ES-CG-13;ES-CG-10,CGP005_REFERENCE_CORPUS_ROW,0,REFERENCE_CORPUS_INDEXED_NOT_NORMATIVE,NON_NORMATIVE_EXCLUDED_SOURCE
CGP006-ALLOC-1554,CGP005-RC-1554,CGSRC-PROP-0022,ES-CG-00,ES-CG-00;ES-CG-01;ES-CG-13;ES-CG-10,CGP005_REFERENCE_CORPUS_ROW,0,REFERENCE_CORPUS_INDEXED_NOT_NORMATIVE,NON_NORMATIVE_EXCLUDED_SOURCE
CGP006-ALLOC-1555,CGP005-RC-1555,CGSRC-PROP-0023,ES-CG-00,ES-CG-00;ES-CG-01;ES-CG-13,CGP005_REFERENCE_CORPUS_ROW,0,REFERENCE_CORPUS_INDEXED_NOT_NORMATIVE,NON_NORMATIVE_EXCLUDED_SOURCE
CGP006-ALLOC-1556,CGP005-RC-1556,CGSRC-PROP-0024,ES-CG-00,ES-CG-00;ES-CG-01;ES-CG-13,CGP005_REFERENCE_CORPUS_ROW,0,REFERENCE_CORPUS_INDEXED_NOT_NORMATIVE,NON_NORMATIVE_EXCLUDED_SOURCE
CGP006-ALLOC-1557,CGP005-RC-1557,CGSRC-PROP-0025,ES-CG-00,ES-CG-00;ES-CG-01;ES-CG-13;ES-CG-10,CGP005_REFERENCE_CORPUS_ROW,0,REFERENCE_CORPUS_INDEXED_NOT_NORMATIVE,NON_NORMATIVE_EXCLUDED_SOURCE
CGP006-ALLOC-1558,CGP005-RC-1558,CGSRC-PROP-0026,ES-CG-00,ES-CG-00;ES-CG-01;ES-CG-13,CGP005_REFERENCE_CORPUS_ROW,0,REFERENCE_CORPUS_INDEXED_NOT_NORMATIVE,NON_NORMATIVE_EXCLUDED_SOURCE
CGP006-ALLOC-1559,CGP005-RC-1559,CGSRC-PROP-0027,ES-CG-00,ES-CG-00;ES-CG-01;ES-CG-13;ES-CG-10,CGP005_REFERENCE_CORPUS_ROW,0,REFERENCE_CORPUS_INDEXED_NOT_NORMATIVE,NON_NORMATIVE_EXCLUDED_SOURCE
CGP006-ALLOC-1560,CGP005-RC-1560,CGSRC-PROP-0028,ES-CG-00,ES-CG-00;ES-CG-01;ES-CG-13;ES-CG-10,CGP005_REFERENCE_CORPUS_ROW,0,REFERENCE_CORPUS_INDEXED_NOT_NORMATIVE,NON_NORMATIVE_EXCLUDED_SOURCE
CGP006-ALLOC-1561,CGP005-RC-1561,CGSRC-PROP-0029,ES-CG-00,ES-CG-00;ES-CG-01;ES-CG-13;ES-CG-10,CGP005_REFERENCE_CORPUS_ROW,0,REFERENCE_CORPUS_INDEXED_NOT_NORMATIVE,NON_NORMATIVE_EXCLUDED_SOURCE
CGP006-ALLOC-1562,CGP005-RC-1562,CGSRC-PROP-0030,ES-CG-00,ES-CG-00;ES-CG-01;ES-CG-13;ES-CG-10,CGP005_REFERENCE_CORPUS_ROW,0,REFERENCE_CORPUS_INDEXED_NOT_NORMATIVE,NON_NORMATIVE_EXCLUDED_SOURCE
CGP006-ALLOC-1563,CGP005-RC-1563,CGSRC-PROP-0031,ES-CG-00,ES-CG-00;ES-CG-01;ES-CG-13;ES-CG-10,CGP005_REFERENCE_CORPUS_ROW,0,REFERENCE_CORPUS_INDEXED_NOT_NORMATIVE,NON_NORMATIVE_EXCLUDED_SOURCE
CGP006-ALLOC-1564,CGP005-RC-1564,CGSRC-PROP-0032,ES-CG-00,ES-CG-00;ES-CG-01;ES-CG-13;ES-CG-10,CGP005_REFERENCE_CORPUS_ROW,0,REFERENCE_CORPUS_INDEXED_NOT_NORMATIVE,NON_NORMATIVE_EXCLUDED_SOURCE
CGP006-ALLOC-1565,CGP005-RC-1565,CGSRC-PROP-0033,ES-CG-00,ES-CG-00;ES-CG-01;ES-CG-13,CGP005_REFERENCE_CORPUS_ROW,0,REFERENCE_CORPUS_INDEXED_NOT_NORMATIVE,NON_NORMATIVE_EXCLUDED_SOURCE
CGP006-ALLOC-1566,CGP005-RC-1566,CGSRC-PROP-0034,ES-CG-00,ES-CG-00;ES-CG-01;ES-CG-13;ES-CG-10,CGP005_REFERENCE_CORPUS_ROW,0,REFERENCE_CORPUS_INDEXED_NOT_NORMATIVE,NON_NORMATIVE_EXCLUDED_SOURCE
CGP006-ALLOC-1567,CGP005-RC-1567,CGSRC-PROP-0035,ES-CG-00,ES-CG-00;ES-CG-01;ES-CG-13;ES-CG-10,CGP005_REFERENCE_CORPUS_ROW,0,REFERENCE_CORPUS_INDEXED_NOT_NORMATIVE,NON_NORMATIVE_EXCLUDED_SOURCE
CGP006-ALLOC-1568,CGP005-RC-1568,CGSRC-PROP-0036,ES-CG-00,ES-CG-00;ES-CG-01;ES-CG-13;ES-CG-10,CGP005_REFERENCE_CORPUS_ROW,0,REFERENCE_CORPUS_INDEXED_NOT_NORMATIVE,NON_NORMATIVE_EXCLUDED_SOURCE
CGP006-ALLOC-1569,CGP005-RC-1569,CGSRC-PROP-0037,ES-CG-00,ES-CG-00;ES-CG-01;ES-CG-13;ES-CG-10,CGP005_REFERENCE_CORPUS_ROW,0,REFERENCE_CORPUS_INDEXED_NOT_NORMATIVE,NON_NORMATIVE_EXCLUDED_SOURCE
CGP006-ALLOC-1570,CGP005-RC-1570,CGSRC-PROP-0038,ES-CG-00,ES-CG-00;ES-CG-01;ES-CG-13;ES-CG-10,CGP005_REFERENCE_CORPUS_ROW,0,REFERENCE_CORPUS_INDEXED_NOT_NORMATIVE,NON_NORMATIVE_EXCLUDED_SOURCE
CGP006-ALLOC-1571,CGP005-RC-1571,CGSRC-PROP-0039,ES-CG-00,ES-CG-00;ES-CG-01;ES-CG-13;ES-CG-10,CGP005_REFERENCE_CORPUS_ROW,0,REFERENCE_CORPUS_INDEXED_NOT_NORMATIVE,NON_NORMATIVE_EXCLUDED_SOURCE
CGP006-ALLOC-1572,CGP005-RC-1572,CGSRC-PROP-0040,ES-CG-00,ES-CG-00;ES-CG-01;ES-CG-13;ES-CG-10,CGP005_REFERENCE_CORPUS_ROW,0,REFERENCE_CORPUS_INDEXED_NOT_NORMATIVE,NON_NORMATIVE_EXCLUDED_SOURCE
CGP006-ALLOC-1573,CGP005-RC-1573,CGSRC-PROP-0041,ES-CG-00,ES-CG-00;ES-CG-01;ES-CG-13;ES-CG-10,CGP005_REFERENCE_CORPUS_ROW,0,REFERENCE_CORPUS_INDEXED_NOT_NORMATIVE,NON_NORMATIVE_EXCLUDED_SOURCE
CGP006-ALLOC-1574,CGP005-RC-1574,CGSRC-PROP-0042,ES-CG-00,ES-CG-00;ES-CG-01;ES-CG-13;ES-CG-10,CGP005_REFERENCE_CORPUS_ROW,0,REFERENCE_CORPUS_INDEXED_NOT_NORMATIVE,NON_NORMATIVE_EXCLUDED_SOURCE
CGP006-ALLOC-1575,CGP005-RC-1575,CGSRC-PROP-0043,ES-CG-00,ES-CG-00;ES-CG-01;ES-CG-13;ES-CG-10,CGP005_REFERENCE_CORPUS_ROW,0,REFERENCE_CORPUS_INDEXED_NOT_NORMATIVE,NON_NORMATIVE_EXCLUDED_SOURCE
CGP006-ALLOC-1576,CGP005-RC-1576,CGSRC-PROP-0044,ES-CG-00,ES-CG-00;ES-CG-01;ES-CG-13;ES-CG-10,CGP005_REFERENCE_CORPUS_ROW,0,REFERENCE_CORPUS_INDEXED_NOT_NORMATIVE,NON_NORMATIVE_EXCLUDED_SOURCE
CGP006-ALLOC-1577,CGP005-RC-1577,CGSRC-PROP-0045,ES-CG-00,ES-CG-00;ES-CG-01;ES-CG-13;ES-CG-10,CGP005_REFERENCE_CORPUS_ROW,0,REFERENCE_CORPUS_INDEXED_NOT_NORMATIVE,NON_NORMATIVE_EXCLUDED_SOURCE
CGP006-ALLOC-1578,CGP005-RC-1578,CGSRC-PROP-0046,ES-CG-00,ES-CG-00;ES-CG-01;ES-CG-13;ES-CG-10,CGP005_REFERENCE_CORPUS_ROW,0,REFERENCE_CORPUS_INDEXED_NOT_NORMATIVE,NON_NORMATIVE_EXCLUDED_SOURCE
CGP006-ALLOC-1579,CGP005-RC-1579,CGSRC-PROP-0047,ES-CG-00,ES-CG-00;ES-CG-01;ES-CG-13;ES-CG-10,CGP005_REFERENCE_CORPUS_ROW,0,REFERENCE_CORPUS_INDEXED_NOT_NORMATIVE,NON_NORMATIVE_EXCLUDED_SOURCE
CGP006-ALLOC-1580,CGP005-RC-1580,CGSRC-PROP-0048,ES-CG-00,ES-CG-00;ES-CG-01;ES-CG-13;ES-CG-10,CGP005_REFERENCE_CORPUS_ROW,0,REFERENCE_CORPUS_INDEXED_NOT_NORMATIVE,NON_NORMATIVE_EXCLUDED_SOURCE
CGP006-ALLOC-1581,CGP005-RC-1581,CGSRC-PROP-0049,ES-CG-00,ES-CG-00;ES-CG-01;ES-CG-13;ES-CG-10,CGP005_REFERENCE_CORPUS_ROW,0,REFERENCE_CORPUS_INDEXED_NOT_NORMATIVE,NON_NORMATIVE_EXCLUDED_SOURCE
CGP006-ALLOC-1582,CGP005-RC-1582,CGSRC-PROP-0050,ES-CG-00,ES-CG-00;ES-CG-01;ES-CG-13;ES-CG-10,CGP005_REFERENCE_CORPUS_ROW,0,REFERENCE_CORPUS_INDEXED_NOT_NORMATIVE,NON_NORMATIVE_EXCLUDED_SOURCE
CGP006-ALLOC-1583,CGP005-RC-1583,CGSRC-PROP-0051,ES-CG-00,ES-CG-00;ES-CG-01;ES-CG-13;ES-CG-10,CGP005_REFERENCE_CORPUS_ROW,0,REFERENCE_CORPUS_INDEXED_NOT_NORMATIVE,NON_NORMATIVE_EXCLUDED_SOURCE
CGP006-ALLOC-1584,CGP005-RC-1584,CGSRC-PROP-0052,ES-CG-00,ES-CG-00;ES-CG-01;ES-CG-13;ES-CG-10,CGP005_REFERENCE_CORPUS_ROW,0,REFERENCE_CORPUS_INDEXED_NOT_NORMATIVE,NON_NORMATIVE_EXCLUDED_SOURCE
CGP006-ALLOC-1585,CGP005-RC-1585,CGSRC-PROP-0053,ES-CG-00,ES-CG-00;ES-CG-01;ES-CG-13;ES-CG-10,CGP005_REFERENCE_CORPUS_ROW,0,REFERENCE_CORPUS_INDEXED_NOT_NORMATIVE,NON_NORMATIVE_EXCLUDED_SOURCE
CGP006-ALLOC-1586,CGP005-RC-1586,CGSRC-PROP-0054,ES-CG-00,ES-CG-00;ES-CG-01;ES-CG-13;ES-CG-10,CGP005_REFERENCE_CORPUS_ROW,0,REFERENCE_CORPUS_INDEXED_NOT_NORMATIVE,NON_NORMATIVE_EXCLUDED_SOURCE
CGP006-ALLOC-1587,CGP005-RC-1587,CGSRC-PROP-0055,ES-CG-00,ES-CG-00;ES-CG-01;ES-CG-13;ES-CG-10,CGP005_REFERENCE_CORPUS_ROW,0,REFERENCE_CORPUS_INDEXED_NOT_NORMATIVE,NON_NORMATIVE_EXCLUDED_SOURCE
CGP006-ALLOC-1588,CGP005-RC-1588,CGSRC-PROP-0056,ES-CG-00,ES-CG-00;ES-CG-01;ES-CG-13;ES-CG-10,CGP005_REFERENCE_CORPUS_ROW,0,REFERENCE_CORPUS_INDEXED_NOT_NORMATIVE,NON_NORMATIVE_EXCLUDED_SOURCE
CGP006-ALLOC-1589,CGP005-RC-1589,CGSRC-PROP-0057,ES-CG-00,ES-CG-00;ES-CG-01;ES-CG-13;ES-CG-10,CGP005_REFERENCE_CORPUS_ROW,0,REFERENCE_CORPUS_INDEXED_NOT_NORMATIVE,NON_NORMATIVE_EXCLUDED_SOURCE
CGP006-ALLOC-1590,CGP005-RC-1590,CGSRC-PROP-0058,ES-CG-00,ES-CG-00;ES-CG-01;ES-CG-13;ES-CG-10,CGP005_REFERENCE_CORPUS_ROW,0,REFERENCE_CORPUS_INDEXED_NOT_NORMATIVE,NON_NORMATIVE_EXCLUDED_SOURCE
CGP006-ALLOC-1591,CGP005-RC-1591,CGSRC-PROP-0059,ES-CG-00,ES-CG-00;ES-CG-01;ES-CG-13;ES-CG-10,CGP005_REFERENCE_CORPUS_ROW,0,REFERENCE_CORPUS_INDEXED_NOT_NORMATIVE,NON_NORMATIVE_EXCLUDED_SOURCE
CGP006-ALLOC-1592,CGP005-RC-1592,CGSRC-PROP-0060,ES-CG-00,ES-CG-00;ES-CG-01;ES-CG-13;ES-CG-10,CGP005_REFERENCE_CORPUS_ROW,0,REFERENCE_CORPUS_INDEXED_NOT_NORMATIVE,NON_NORMATIVE_EXCLUDED_SOURCE
CGP006-ALLOC-1593,CGP005-RC-1593,CGSRC-PROP-0061,ES-CG-00,ES-CG-00;ES-CG-01;ES-CG-13;ES-CG-10,CGP005_REFERENCE_CORPUS_ROW,0,REFERENCE_CORPUS_INDEXED_NOT_NORMATIVE,NON_NORMATIVE_EXCLUDED_SOURCE
CGP006-ALLOC-1594,CGP005-RC-1594,CGSRC-PROP-0062,ES-CG-00,ES-CG-00;ES-CG-01;ES-CG-13;ES-CG-10,CGP005_REFERENCE_CORPUS_ROW,0,REFERENCE_CORPUS_INDEXED_NOT_NORMATIVE,NON_NORMATIVE_EXCLUDED_SOURCE
CGP006-ALLOC-1595,CGP005-RC-1595,CGSRC-PROP-0063,ES-CG-00,ES-CG-00;ES-CG-01;ES-CG-13;ES-CG-10,CGP005_REFERENCE_CORPUS_ROW,0,REFERENCE_CORPUS_INDEXED_NOT_NORMATIVE,NON_NORMATIVE_EXCLUDED_SOURCE
CGP006-ALLOC-1596,CGP005-RC-1596,CGSRC-PROP-0064,ES-CG-00,ES-CG-00;ES-CG-01;ES-CG-13;ES-CG-10,CGP005_REFERENCE_CORPUS_ROW,0,REFERENCE_CORPUS_INDEXED_NOT_NORMATIVE,NON_NORMATIVE_EXCLUDED_SOURCE
CGP006-ALLOC-1597,CGP005-RC-1597,CGSRC-PROP-0065,ES-CG-00,ES-CG-00;ES-CG-01;ES-CG-13;ES-CG-10,CGP005_REFERENCE_CORPUS_ROW,0,REFERENCE_CORPUS_INDEXED_NOT_NORMATIVE,NON_NORMATIVE_EXCLUDED_SOURCE
CGP006-ALLOC-1598,CGP005-RC-1598,CGSRC-PROP-0066,ES-CG-00,ES-CG-00;ES-CG-01;ES-CG-13;ES-CG-10,CGP005_REFERENCE_CORPUS_ROW,0,REFERENCE_CORPUS_INDEXED_NOT_NORMATIVE,NON_NORMATIVE_EXCLUDED_SOURCE
CGP006-ALLOC-1599,CGP005-RC-1599,CGSRC-PROP-0067,ES-CG-00,ES-CG-00;ES-CG-01;ES-CG-13;ES-CG-10,CGP005_REFERENCE_CORPUS_ROW,0,REFERENCE_CORPUS_INDEXED_NOT_NORMATIVE,NON_NORMATIVE_EXCLUDED_SOURCE
CGP006-ALLOC-1600,CGP005-RC-1600,CGSRC-PROP-0068,ES-CG-00,ES-CG-00;ES-CG-01;ES-CG-13,CGP005_REFERENCE_CORPUS_ROW,0,REFERENCE_CORPUS_INDEXED_NOT_NORMATIVE,NON_NORMATIVE_EXCLUDED_SOURCE
CGP006-ALLOC-1601,CGP005-RC-1601,CGSRC-PROP-0069,ES-CG-00,ES-CG-00;ES-CG-01;ES-CG-13;ES-CG-10,CGP005_REFERENCE_CORPUS_ROW,0,REFERENCE_CORPUS_INDEXED_NOT_NORMATIVE,NON_NORMATIVE_EXCLUDED_SOURCE
CGP006-ALLOC-1602,CGP005-RC-1602,CGSRC-PROP-0070,ES-CG-00,ES-CG-00;ES-CG-01;ES-CG-13;ES-CG-10,CGP005_REFERENCE_CORPUS_ROW,0,REFERENCE_CORPUS_INDEXED_NOT_NORMATIVE,NON_NORMATIVE_EXCLUDED_SOURCE
CGP006-ALLOC-1603,CGP005-RC-1603,CGSRC-REPO-0001,ES-CG-00,ES-CG-00;ES-CG-01;ES-CG-13;ES-CG-10,CGP005_REFERENCE_CORPUS_ROW,0,REFERENCE_CORPUS_INDEXED_NOT_NORMATIVE,SUPERSEDED_CONTEXT_ONLY
CGP006-ALLOC-1604,CGP005-RC-1604,CGSRC-REPO-0002,ES-CG-00,ES-CG-00;ES-CG-01;ES-CG-13;ES-CG-10,CGP005_REFERENCE_CORPUS_ROW,0,REFERENCE_CORPUS_INDEXED_NOT_NORMATIVE,REFERENCE_CONTEXT_ONLY
CGP006-ALLOC-1605,CGP005-RC-1605,CGSRC-REPO-0003,ES-CG-00,ES-CG-00;ES-CG-01;ES-CG-13;ES-CG-10,CGP005_REFERENCE_CORPUS_ROW,0,REFERENCE_CORPUS_INDEXED_NOT_NORMATIVE,REFERENCE_CONTEXT_ONLY
CGP006-ALLOC-1606,CGP005-RC-1606,CGSRC-REPO-0004,ES-CG-00,ES-CG-00;ES-CG-01;ES-CG-13;ES-CG-10,CGP005_REFERENCE_CORPUS_ROW,0,REFERENCE_CORPUS_INDEXED_NOT_NORMATIVE,REFERENCE_CONTEXT_ONLY
CGP006-ALLOC-1607,CGP005-RC-1607,CGSRC-REPO-0005,ES-CG-00,ES-CG-00;ES-CG-01;ES-CG-13;ES-CG-10,CGP005_REFERENCE_CORPUS_ROW,0,REFERENCE_CORPUS_INDEXED_NOT_NORMATIVE,REFERENCE_CONTEXT_ONLY
CGP006-ALLOC-1608,CGP005-RC-1608,CGSRC-REPO-0006,ES-CG-00,ES-CG-00;ES-CG-01;ES-CG-13;ES-CG-10,CGP005_REFERENCE_CORPUS_ROW,0,REFERENCE_CORPUS_INDEXED_NOT_NORMATIVE,REFERENCE_CONTEXT_ONLY
CGP006-ALLOC-1609,CGP005-RC-1609,CGSRC-REPO-0007,ES-CG-00,ES-CG-00;ES-CG-01;ES-CG-13;ES-CG-10,CGP005_REFERENCE_CORPUS_ROW,0,REFERENCE_CORPUS_INDEXED_NOT_NORMATIVE,REFERENCE_CONTEXT_ONLY
CGP006-ALLOC-1610,CGP005-RC-1610,CGSRC-REPO-0008,ES-CG-00,ES-CG-00;ES-CG-01;ES-CG-13;ES-CG-10,CGP005_REFERENCE_CORPUS_ROW,0,REFERENCE_CORPUS_INDEXED_NOT_NORMATIVE,REFERENCE_CONTEXT_ONLY
CGP006-ALLOC-1611,CGP005-RC-1611,CGSRC-REPO-0009,ES-CG-00,ES-CG-00;ES-CG-01;ES-CG-13,CGP005_REFERENCE_CORPUS_ROW,0,REFERENCE_CORPUS_INDEXED_NOT_NORMATIVE,REFERENCE_CONTEXT_ONLY
CGP006-ALLOC-1612,CGP005-RC-1612,CGSRC-REPO-0010,ES-CG-00,ES-CG-00;ES-CG-01;ES-CG-13;ES-CG-10,CGP005_REFERENCE_CORPUS_ROW,0,REFERENCE_CORPUS_INDEXED_NOT_NORMATIVE,REFERENCE_CONTEXT_ONLY
CGP006-ALLOC-1613,CGP005-RC-1613,CGSRC-REPO-0011,ES-CG-00,ES-CG-00;ES-CG-01;ES-CG-13;ES-CG-10,CGP005_REFERENCE_CORPUS_ROW,0,REFERENCE_CORPUS_INDEXED_NOT_NORMATIVE,REFERENCE_CONTEXT_ONLY
CGP006-ALLOC-1614,CGP005-RC-1614,CGSRC-REPO-0012,ES-CG-00,ES-CG-00;ES-CG-01;ES-CG-13;ES-CG-10,CGP005_REFERENCE_CORPUS_ROW,0,REFERENCE_CORPUS_INDEXED_NOT_NORMATIVE,REFERENCE_CONTEXT_ONLY
CGP006-ALLOC-1615,CGP005-RC-1615,CGSRC-REPO-0013,ES-CG-00,ES-CG-00;ES-CG-01;ES-CG-13;ES-CG-10,CGP005_REFERENCE_CORPUS_ROW,0,REFERENCE_CORPUS_INDEXED_NOT_NORMATIVE,REFERENCE_CONTEXT_ONLY
CGP006-ALLOC-1616,CGP005-RC-1616,CGSRC-REPO-0014,ES-CG-00,ES-CG-00;ES-CG-01;ES-CG-13;ES-CG-10,CGP005_REFERENCE_CORPUS_ROW,0,REFERENCE_CORPUS_INDEXED_NOT_NORMATIVE,REFERENCE_CONTEXT_ONLY
CGP006-ALLOC-1617,CGP005-RC-1617,CGSRC-REPO-0015,ES-CG-00,ES-CG-00;ES-CG-01;ES-CG-13;ES-CG-10,CGP005_REFERENCE_CORPUS_ROW,0,REFERENCE_CORPUS_INDEXED_NOT_NORMATIVE,REFERENCE_CONTEXT_ONLY
CGP006-ALLOC-1618,CGP005-RC-1618,CGSRC-REPO-0016,ES-CG-00,ES-CG-00;ES-CG-01;ES-CG-13;ES-CG-10,CGP005_REFERENCE_CORPUS_ROW,0,REFERENCE_CORPUS_INDEXED_NOT_NORMATIVE,REFERENCE_CONTEXT_ONLY
CGP006-ALLOC-1619,CGP005-RC-1619,CGSRC-REPO-0017,ES-CG-00,ES-CG-00;ES-CG-01;ES-CG-13;ES-CG-10,CGP005_REFERENCE_CORPUS_ROW,0,REFERENCE_CORPUS_INDEXED_NOT_NORMATIVE,REFERENCE_CONTEXT_ONLY
CGP006-ALLOC-1620,CGP005-RC-1620,CGSRC-REPO-0018,ES-CG-00,ES-CG-00;ES-CG-01;ES-CG-13;ES-CG-10,CGP005_REFERENCE_CORPUS_ROW,0,REFERENCE_CORPUS_INDEXED_NOT_NORMATIVE,REFERENCE_CONTEXT_ONLY
CGP006-ALLOC-1621,CGP005-RC-1621,CGSRC-REPO-0019,ES-CG-00,ES-CG-00;ES-CG-01;ES-CG-13;ES-CG-10,CGP005_REFERENCE_CORPUS_ROW,0,REFERENCE_CORPUS_INDEXED_NOT_NORMATIVE,REFERENCE_CONTEXT_ONLY
CGP006-ALLOC-1622,CGP005-RC-1622,CGSRC-REPO-0020,ES-CG-00,ES-CG-00;ES-CG-01;ES-CG-13;ES-CG-10,CGP005_REFERENCE_CORPUS_ROW,0,REFERENCE_CORPUS_INDEXED_NOT_NORMATIVE,REFERENCE_CONTEXT_ONLY
CGP006-ALLOC-1623,CGP005-RC-1623,CGSRC-REPO-0021,ES-CG-00,ES-CG-00;ES-CG-01;ES-CG-13;ES-CG-10,CGP005_REFERENCE_CORPUS_ROW,0,REFERENCE_CORPUS_INDEXED_NOT_NORMATIVE,REFERENCE_CONTEXT_ONLY
CGP006-ALLOC-1624,CGP005-RC-1624,CGSRC-REPO-0022,ES-CG-00,ES-CG-00;ES-CG-01;ES-CG-13;ES-CG-10,CGP005_REFERENCE_CORPUS_ROW,0,REFERENCE_CORPUS_INDEXED_NOT_NORMATIVE,REFERENCE_CONTEXT_ONLY
CGP006-ALLOC-1625,CGP005-RC-1625,CGSRC-REPO-0023,ES-CG-00,ES-CG-00;ES-CG-01;ES-CG-13;ES-CG-10,CGP005_REFERENCE_CORPUS_ROW,0,REFERENCE_CORPUS_INDEXED_NOT_NORMATIVE,REFERENCE_CONTEXT_ONLY
CGP006-ALLOC-1626,CGP005-RC-1626,CGSRC-REPO-0024,ES-CG-00,ES-CG-00;ES-CG-01;ES-CG-13;ES-CG-10,CGP005_REFERENCE_CORPUS_ROW,0,REFERENCE_CORPUS_INDEXED_NOT_NORMATIVE,REFERENCE_CONTEXT_ONLY
CGP006-ALLOC-1627,CGP005-RC-1627,CGSRC-REPO-0025,ES-CG-00,ES-CG-00;ES-CG-01;ES-CG-13;ES-CG-10,CGP005_REFERENCE_CORPUS_ROW,0,REFERENCE_CORPUS_INDEXED_NOT_NORMATIVE,REFERENCE_CONTEXT_ONLY
CGP006-ALLOC-1628,CGP005-RC-1628,CGSRC-REPO-0026,ES-CG-00,ES-CG-00;ES-CG-01;ES-CG-13;ES-CG-10,CGP005_REFERENCE_CORPUS_ROW,0,REFERENCE_CORPUS_INDEXED_NOT_NORMATIVE,REFERENCE_CONTEXT_ONLY
CGP006-ALLOC-1629,CGP005-RC-1629,CGSRC-REPO-0027,ES-CG-00,ES-CG-00;ES-CG-01;ES-CG-13;ES-CG-10,CGP005_REFERENCE_CORPUS_ROW,0,REFERENCE_CORPUS_INDEXED_NOT_NORMATIVE,REFERENCE_CONTEXT_ONLY
CGP006-ALLOC-1630,CGP005-RC-1630,CGSRC-REPO-0028,ES-CG-00,ES-CG-00;ES-CG-01;ES-CG-13;ES-CG-10,CGP005_REFERENCE_CORPUS_ROW,0,REFERENCE_CORPUS_INDEXED_NOT_NORMATIVE,REFERENCE_CONTEXT_ONLY
CGP006-ALLOC-1631,CGP005-RC-1631,CGSRC-REPO-0029,ES-CG-00,ES-CG-00;ES-CG-01;ES-CG-13;ES-CG-10,CGP005_REFERENCE_CORPUS_ROW,0,REFERENCE_CORPUS_INDEXED_NOT_NORMATIVE,REFERENCE_CONTEXT_ONLY
CGP006-ALLOC-1632,CGP005-RC-1632,CGSRC-REPO-0030,ES-CG-00,ES-CG-00;ES-CG-01;ES-CG-13;ES-CG-10,CGP005_REFERENCE_CORPUS_ROW,0,REFERENCE_CORPUS_INDEXED_NOT_NORMATIVE,REFERENCE_CONTEXT_ONLY
CGP006-ALLOC-1633,CGP005-RC-1633,CGSRC-REPO-0031,ES-CG-00,ES-CG-00;ES-CG-01;ES-CG-13;ES-CG-10,CGP005_REFERENCE_CORPUS_ROW,0,REFERENCE_CORPUS_INDEXED_NOT_NORMATIVE,REFERENCE_CONTEXT_ONLY
CGP006-ALLOC-1634,CGP005-RC-1634,CGSRC-REPO-0032,ES-CG-00,ES-CG-00;ES-CG-01;ES-CG-13;ES-CG-10,CGP005_REFERENCE_CORPUS_ROW,0,REFERENCE_CORPUS_INDEXED_NOT_NORMATIVE,REFERENCE_CONTEXT_ONLY
CGP006-ALLOC-1635,CGP005-RC-1635,CGSRC-REPO-0033,ES-CG-00,ES-CG-00;ES-CG-01;ES-CG-13;ES-CG-10,CGP005_REFERENCE_CORPUS_ROW,0,REFERENCE_CORPUS_INDEXED_NOT_NORMATIVE,REFERENCE_CONTEXT_ONLY
CGP006-ALLOC-1636,CGP005-RC-1636,CGSRC-REPO-0034,ES-CG-00,ES-CG-00;ES-CG-01;ES-CG-13;ES-CG-10,CGP005_REFERENCE_CORPUS_ROW,0,REFERENCE_CORPUS_INDEXED_NOT_NORMATIVE,REFERENCE_CONTEXT_ONLY
CGP006-ALLOC-1637,CGP005-RC-1637,CGSRC-REPO-0035,ES-CG-00,ES-CG-00;ES-CG-01;ES-CG-13;ES-CG-10,CGP005_REFERENCE_CORPUS_ROW,0,REFERENCE_CORPUS_INDEXED_NOT_NORMATIVE,REFERENCE_CONTEXT_ONLY
CGP006-ALLOC-1638,CGP005-RC-1638,CGSRC-REPO-0036,ES-CG-00,ES-CG-00;ES-CG-01;ES-CG-13;ES-CG-10,CGP005_REFERENCE_CORPUS_ROW,0,REFERENCE_CORPUS_INDEXED_NOT_NORMATIVE,REFERENCE_CONTEXT_ONLY
CGP006-ALLOC-1639,CGP005-RC-1639,CGSRC-REPO-0037,ES-CG-00,ES-CG-00;ES-CG-01;ES-CG-13;ES-CG-10,CGP005_REFERENCE_CORPUS_ROW,0,REFERENCE_CORPUS_INDEXED_NOT_NORMATIVE,REFERENCE_CONTEXT_ONLY
CGP006-ALLOC-1640,CGP005-RC-1640,CGSRC-REPO-0038,ES-CG-00,ES-CG-00;ES-CG-01;ES-CG-13,CGP005_REFERENCE_CORPUS_ROW,0,REFERENCE_CORPUS_INDEXED_NOT_NORMATIVE,REFERENCE_CONTEXT_ONLY
CGP006-ALLOC-1641,CGP005-RC-1641,CGSRC-REPO-0039,ES-CG-00,ES-CG-00;ES-CG-01;ES-CG-13;ES-CG-10,CGP005_REFERENCE_CORPUS_ROW,0,REFERENCE_CORPUS_INDEXED_NOT_NORMATIVE,REFERENCE_CONTEXT_ONLY
CGP006-ALLOC-1642,CGP005-RC-1642,CGSRC-REPO-0040,ES-CG-00,ES-CG-00;ES-CG-01;ES-CG-13;ES-CG-10,CGP005_REFERENCE_CORPUS_ROW,0,REFERENCE_CORPUS_INDEXED_NOT_NORMATIVE,REFERENCE_CONTEXT_ONLY
CGP006-ALLOC-1643,CGP005-RC-1643,CGSRC-REPO-0041,ES-CG-00,ES-CG-00;ES-CG-01;ES-CG-13;ES-CG-10,CGP005_REFERENCE_CORPUS_ROW,0,REFERENCE_CORPUS_INDEXED_NOT_NORMATIVE,REFERENCE_CONTEXT_ONLY
CGP006-ALLOC-1644,CGP005-RC-1644,CGSRC-REPO-0042,ES-CG-00,ES-CG-00;ES-CG-01;ES-CG-13;ES-CG-10,CGP005_REFERENCE_CORPUS_ROW,0,REFERENCE_CORPUS_INDEXED_NOT_NORMATIVE,REFERENCE_CONTEXT_ONLY
CGP006-ALLOC-1645,CGP005-RC-1645,CGSRC-REPO-0043,ES-CG-00,ES-CG-00;ES-CG-01;ES-CG-13;ES-CG-10,CGP005_REFERENCE_CORPUS_ROW,0,REFERENCE_CORPUS_INDEXED_NOT_NORMATIVE,REFERENCE_CONTEXT_ONLY
CGP006-ALLOC-1646,CGP005-RC-1646,CGSRC-REPO-0044,ES-CG-00,ES-CG-00;ES-CG-01;ES-CG-13;ES-CG-10,CGP005_REFERENCE_CORPUS_ROW,0,REFERENCE_CORPUS_INDEXED_NOT_NORMATIVE,REFERENCE_CONTEXT_ONLY
CGP006-ALLOC-1647,CGP005-RC-1647,CGSRC-REPO-0045,ES-CG-00,ES-CG-00;ES-CG-01;ES-CG-13;ES-CG-10,CGP005_REFERENCE_CORPUS_ROW,0,REFERENCE_CORPUS_INDEXED_NOT_NORMATIVE,REFERENCE_CONTEXT_ONLY
CGP006-ALLOC-1648,CGP005-RC-1648,CGSRC-REPO-0046,ES-CG-00,ES-CG-00;ES-CG-01;ES-CG-13;ES-CG-10,CGP005_REFERENCE_CORPUS_ROW,0,REFERENCE_CORPUS_INDEXED_NOT_NORMATIVE,REFERENCE_CONTEXT_ONLY
CGP006-ALLOC-1649,CGP005-RC-1649,CGSRC-REPO-0047,ES-CG-00,ES-CG-00;ES-CG-01;ES-CG-13;ES-CG-10,CGP005_REFERENCE_CORPUS_ROW,0,REFERENCE_CORPUS_INDEXED_NOT_NORMATIVE,REFERENCE_CONTEXT_ONLY
CGP006-ALLOC-1650,CGP005-RC-1650,CGSRC-REPO-0048,ES-CG-00,ES-CG-00;ES-CG-01;ES-CG-13;ES-CG-10,CGP005_REFERENCE_CORPUS_ROW,0,REFERENCE_CORPUS_INDEXED_NOT_NORMATIVE,REFERENCE_CONTEXT_ONLY
CGP006-ALLOC-1651,CGP005-RC-1651,CGSRC-REPO-0049,ES-CG-00,ES-CG-00;ES-CG-01;ES-CG-13;ES-CG-10,CGP005_REFERENCE_CORPUS_ROW,0,REFERENCE_CORPUS_INDEXED_NOT_NORMATIVE,REFERENCE_CONTEXT_ONLY
CGP006-ALLOC-1652,CGP005-RC-1652,CGSRC-REPO-0050,ES-CG-00,ES-CG-00;ES-CG-01;ES-CG-13;ES-CG-10,CGP005_REFERENCE_CORPUS_ROW,0,REFERENCE_CORPUS_INDEXED_NOT_NORMATIVE,REFERENCE_CONTEXT_ONLY
CGP006-ALLOC-1653,CGP005-RC-1653,CGSRC-REPO-0051,ES-CG-00,ES-CG-00;ES-CG-01;ES-CG-13;ES-CG-10,CGP005_REFERENCE_CORPUS_ROW,0,REFERENCE_CORPUS_INDEXED_NOT_NORMATIVE,REFERENCE_CONTEXT_ONLY
CGP006-ALLOC-1654,CGP005-RC-1654,CGSRC-REPO-0052,ES-CG-00,ES-CG-00;ES-CG-01;ES-CG-13;ES-CG-10,CGP005_REFERENCE_CORPUS_ROW,0,REFERENCE_CORPUS_INDEXED_NOT_NORMATIVE,REFERENCE_CONTEXT_ONLY
CGP006-ALLOC-1655,CGP005-RC-1655,CGSRC-REPO-0053,ES-CG-00,ES-CG-00;ES-CG-01;ES-CG-13;ES-CG-10,CGP005_REFERENCE_CORPUS_ROW,0,REFERENCE_CORPUS_INDEXED_NOT_NORMATIVE,REFERENCE_CONTEXT_ONLY
CGP006-ALLOC-1656,CGP005-RC-1656,CGSRC-REPO-0054,ES-CG-00,ES-CG-00;ES-CG-01;ES-CG-13;ES-CG-10,CGP005_REFERENCE_CORPUS_ROW,0,REFERENCE_CORPUS_INDEXED_NOT_NORMATIVE,REFERENCE_CONTEXT_ONLY
CGP006-ALLOC-1657,CGP005-RC-1657,CGSRC-REPO-0055,ES-CG-00,ES-CG-00;ES-CG-01;ES-CG-13;ES-CG-10,CGP005_REFERENCE_CORPUS_ROW,0,REFERENCE_CORPUS_INDEXED_NOT_NORMATIVE,REFERENCE_CONTEXT_ONLY
CGP006-ALLOC-1658,CGP005-RC-1658,CGSRC-REPO-0056,ES-CG-00,ES-CG-00;ES-CG-01;ES-CG-13;ES-CG-10,CGP005_REFERENCE_CORPUS_ROW,0,REFERENCE_CORPUS_INDEXED_NOT_NORMATIVE,REFERENCE_CONTEXT_ONLY
CGP006-ALLOC-1659,CGP005-RC-1659,CGSRC-REPO-0057,ES-CG-00,ES-CG-00;ES-CG-01;ES-CG-13;ES-CG-10,CGP005_REFERENCE_CORPUS_ROW,0,REFERENCE_CORPUS_INDEXED_NOT_NORMATIVE,REFERENCE_CONTEXT_ONLY
CGP006-ALLOC-1660,CGP005-RC-1660,CGSRC-REPO-0058,ES-CG-00,ES-CG-00;ES-CG-01;ES-CG-13;ES-CG-10,CGP005_REFERENCE_CORPUS_ROW,0,REFERENCE_CORPUS_INDEXED_NOT_NORMATIVE,REFERENCE_CONTEXT_ONLY
CGP006-ALLOC-1661,CGP005-RC-1661,CGSRC-REPO-0059,ES-CG-00,ES-CG-00;ES-CG-01;ES-CG-13;ES-CG-10,CGP005_REFERENCE_CORPUS_ROW,0,REFERENCE_CORPUS_INDEXED_NOT_NORMATIVE,REFERENCE_CONTEXT_ONLY
CGP006-ALLOC-1662,CGP005-RC-1662,CGSRC-REPO-0060,ES-CG-00,ES-CG-00;ES-CG-01;ES-CG-13;ES-CG-10,CGP005_REFERENCE_CORPUS_ROW,0,REFERENCE_CORPUS_INDEXED_NOT_NORMATIVE,REFERENCE_CONTEXT_ONLY
CGP006-ALLOC-1663,CGP005-RC-1663,CGSRC-REPO-0061,ES-CG-00,ES-CG-00;ES-CG-01;ES-CG-13,CGP005_REFERENCE_CORPUS_ROW,0,REFERENCE_CORPUS_INDEXED_NOT_NORMATIVE,REFERENCE_CONTEXT_ONLY
CGP006-ALLOC-1664,CGP005-RC-1664,CGSRC-REPO-0062,ES-CG-00,ES-CG-00;ES-CG-01;ES-CG-13;ES-CG-10,CGP005_REFERENCE_CORPUS_ROW,0,REFERENCE_CORPUS_INDEXED_NOT_NORMATIVE,REFERENCE_CONTEXT_ONLY
CGP006-ALLOC-1665,CGP005-RC-1665,CGSRC-REPO-0063,ES-CG-00,ES-CG-00;ES-CG-01;ES-CG-13;ES-CG-10,CGP005_REFERENCE_CORPUS_ROW,0,REFERENCE_CORPUS_INDEXED_NOT_NORMATIVE,REFERENCE_CONTEXT_ONLY
CGP006-ALLOC-1666,CGP005-RC-1666,CGSRC-REPO-0064,ES-CG-00,ES-CG-00;ES-CG-01;ES-CG-13;ES-CG-10,CGP005_REFERENCE_CORPUS_ROW,0,REFERENCE_CORPUS_INDEXED_NOT_NORMATIVE,REFERENCE_CONTEXT_ONLY
CGP006-ALLOC-1667,CGP005-RC-1667,CGSRC-REPO-0065,ES-CG-00,ES-CG-00;ES-CG-01;ES-CG-13;ES-CG-10,CGP005_REFERENCE_CORPUS_ROW,0,REFERENCE_CORPUS_INDEXED_NOT_NORMATIVE,REFERENCE_CONTEXT_ONLY
CGP006-ALLOC-1668,CGP005-RC-1668,CGSRC-REPO-0066,ES-CG-00,ES-CG-00;ES-CG-01;ES-CG-13;ES-CG-10,CGP005_REFERENCE_CORPUS_ROW,0,REFERENCE_CORPUS_INDEXED_NOT_NORMATIVE,REFERENCE_CONTEXT_ONLY
CGP006-ALLOC-1669,CGP005-RC-1669,CGSRC-REPO-0067,ES-CG-00,ES-CG-00;ES-CG-01;ES-CG-13;ES-CG-10,CGP005_REFERENCE_CORPUS_ROW,0,REFERENCE_CORPUS_INDEXED_NOT_NORMATIVE,REFERENCE_CONTEXT_ONLY
CGP006-ALLOC-1670,CGP005-RC-1670,CGSRC-REPO-0068,ES-CG-00,ES-CG-00;ES-CG-01;ES-CG-13;ES-CG-10,CGP005_REFERENCE_CORPUS_ROW,0,REFERENCE_CORPUS_INDEXED_NOT_NORMATIVE,REFERENCE_CONTEXT_ONLY
CGP006-ALLOC-1671,CGP005-RC-1671,CGSRC-REPO-0069,ES-CG-00,ES-CG-00;ES-CG-01;ES-CG-13;ES-CG-10,CGP005_REFERENCE_CORPUS_ROW,0,REFERENCE_CORPUS_INDEXED_NOT_NORMATIVE,REFERENCE_CONTEXT_ONLY
CGP006-ALLOC-1672,CGP005-RC-1672,CGSRC-REPO-0070,ES-CG-00,ES-CG-00;ES-CG-01;ES-CG-13;ES-CG-10,CGP005_REFERENCE_CORPUS_ROW,0,REFERENCE_CORPUS_INDEXED_NOT_NORMATIVE,REFERENCE_CONTEXT_ONLY
CGP006-ALLOC-1673,CGP005-RC-1673,CGSRC-REPO-0071,ES-CG-00,ES-CG-00;ES-CG-01;ES-CG-13;ES-CG-10,CGP005_REFERENCE_CORPUS_ROW,0,REFERENCE_CORPUS_INDEXED_NOT_NORMATIVE,REFERENCE_CONTEXT_ONLY
CGP006-ALLOC-1674,CGP005-RC-1674,CGSRC-REPO-0072,ES-CG-00,ES-CG-00;ES-CG-01;ES-CG-13;ES-CG-10,CGP005_REFERENCE_CORPUS_ROW,0,REFERENCE_CORPUS_INDEXED_NOT_NORMATIVE,REFERENCE_CONTEXT_ONLY
CGP006-ALLOC-1675,CGP005-RC-1675,CGSRC-REPO-0073,ES-CG-00,ES-CG-00;ES-CG-01;ES-CG-13;ES-CG-10,CGP005_REFERENCE_CORPUS_ROW,0,REFERENCE_CORPUS_INDEXED_NOT_NORMATIVE,REFERENCE_CONTEXT_ONLY
CGP006-ALLOC-1676,CGP005-RC-1676,CGSRC-REPO-0074,ES-CG-00,ES-CG-00;ES-CG-01;ES-CG-13,CGP005_REFERENCE_CORPUS_ROW,0,REFERENCE_CORPUS_INDEXED_NOT_NORMATIVE,REFERENCE_CONTEXT_ONLY
CGP006-ALLOC-1677,CGP005-RC-1677,CGSRC-REPO-0075,ES-CG-00,ES-CG-00;ES-CG-01;ES-CG-13;ES-CG-10,CGP005_REFERENCE_CORPUS_ROW,0,REFERENCE_CORPUS_INDEXED_NOT_NORMATIVE,REFERENCE_CONTEXT_ONLY
CGP006-ALLOC-1678,CGP005-RC-1678,CGSRC-REPO-0076,ES-CG-00,ES-CG-00;ES-CG-01;ES-CG-13;ES-CG-10,CGP005_REFERENCE_CORPUS_ROW,0,REFERENCE_CORPUS_INDEXED_NOT_NORMATIVE,REFERENCE_CONTEXT_ONLY
CGP006-ALLOC-1679,CGP005-RC-1679,CGSRC-REPO-0077,ES-CG-00,ES-CG-00;ES-CG-01;ES-CG-13;ES-CG-10,CGP005_REFERENCE_CORPUS_ROW,0,REFERENCE_CORPUS_INDEXED_NOT_NORMATIVE,REFERENCE_CONTEXT_ONLY
CGP006-ALLOC-1680,CGP005-RC-1680,CGSRC-REPO-0078,ES-CG-00,ES-CG-00;ES-CG-01;ES-CG-13;ES-CG-10,CGP005_REFERENCE_CORPUS_ROW,0,REFERENCE_CORPUS_INDEXED_NOT_NORMATIVE,REFERENCE_CONTEXT_ONLY
CGP006-ALLOC-1681,CGP005-RC-1681,CGSRC-REPO-0079,ES-CG-00,ES-CG-00;ES-CG-01;ES-CG-13;ES-CG-10,CGP005_REFERENCE_CORPUS_ROW,0,REFERENCE_CORPUS_INDEXED_NOT_NORMATIVE,REFERENCE_CONTEXT_ONLY
CGP006-ALLOC-1682,CGP005-RC-1682,CGSRC-REPO-0080,ES-CG-00,ES-CG-00;ES-CG-01;ES-CG-13;ES-CG-10,CGP005_REFERENCE_CORPUS_ROW,0,REFERENCE_CORPUS_INDEXED_NOT_NORMATIVE,REFERENCE_CONTEXT_ONLY
CGP006-ALLOC-1683,CGP005-RC-1683,CGSRC-REPO-0081,ES-CG-00,ES-CG-00;ES-CG-01;ES-CG-13;ES-CG-10,CGP005_REFERENCE_CORPUS_ROW,0,REFERENCE_CORPUS_INDEXED_NOT_NORMATIVE,REFERENCE_CONTEXT_ONLY
CGP006-ALLOC-1684,CGP005-RC-1684,CGSRC-REPO-0082,ES-CG-00,ES-CG-00;ES-CG-01;ES-CG-13;ES-CG-10,CGP005_REFERENCE_CORPUS_ROW,0,REFERENCE_CORPUS_INDEXED_NOT_NORMATIVE,REFERENCE_CONTEXT_ONLY
CGP006-ALLOC-1685,CGP005-RC-1685,CGSRC-REPO-0083,ES-CG-00,ES-CG-00;ES-CG-01;ES-CG-13;ES-CG-10,CGP005_REFERENCE_CORPUS_ROW,0,REFERENCE_CORPUS_INDEXED_NOT_NORMATIVE,REFERENCE_CONTEXT_ONLY
CGP006-ALLOC-1686,CGP005-RC-1686,CGSRC-REPO-0084,ES-CG-00,ES-CG-00;ES-CG-01;ES-CG-13;ES-CG-10,CGP005_REFERENCE_CORPUS_ROW,0,REFERENCE_CORPUS_INDEXED_NOT_NORMATIVE,REFERENCE_CONTEXT_ONLY
CGP006-ALLOC-1687,CGP005-RC-1687,CGSRC-REPO-0085,ES-CG-00,ES-CG-00;ES-CG-01;ES-CG-13;ES-CG-10,CGP005_REFERENCE_CORPUS_ROW,0,REFERENCE_CORPUS_INDEXED_NOT_NORMATIVE,REFERENCE_CONTEXT_ONLY
CGP006-ALLOC-1688,CGP005-RC-1688,CGSRC-REPO-0086,ES-CG-00,ES-CG-00;ES-CG-01;ES-CG-13;ES-CG-10,CGP005_REFERENCE_CORPUS_ROW,0,REFERENCE_CORPUS_INDEXED_NOT_NORMATIVE,REFERENCE_CONTEXT_ONLY
CGP006-ALLOC-1689,CGP005-RC-1689,CGSRC-REPO-0087,ES-CG-00,ES-CG-00;ES-CG-01;ES-CG-13;ES-CG-10,CGP005_REFERENCE_CORPUS_ROW,0,REFERENCE_CORPUS_INDEXED_NOT_NORMATIVE,REFERENCE_CONTEXT_ONLY
CGP006-ALLOC-1690,CGP005-RC-1690,CGSRC-REPO-0088,ES-CG-00,ES-CG-00;ES-CG-01;ES-CG-13;ES-CG-10,CGP005_REFERENCE_CORPUS_ROW,0,REFERENCE_CORPUS_INDEXED_NOT_NORMATIVE,REFERENCE_CONTEXT_ONLY
CGP006-ALLOC-1691,CGP005-RC-1691,CGSRC-REPO-0089,ES-CG-00,ES-CG-00;ES-CG-01;ES-CG-13,CGP005_REFERENCE_CORPUS_ROW,0,REFERENCE_CORPUS_INDEXED_NOT_NORMATIVE,REFERENCE_CONTEXT_ONLY
CGP006-ALLOC-1692,CGP005-RC-1692,CGSRC-REPO-0090,ES-CG-00,ES-CG-00;ES-CG-01;ES-CG-13,CGP005_REFERENCE_CORPUS_ROW,0,REFERENCE_CORPUS_INDEXED_NOT_NORMATIVE,REFERENCE_CONTEXT_ONLY
CGP006-ALLOC-1693,CGP005-RC-1693,CGSRC-REPO-0091,ES-CG-00,ES-CG-00;ES-CG-01;ES-CG-13;ES-CG-10,CGP005_REFERENCE_CORPUS_ROW,0,REFERENCE_CORPUS_INDEXED_NOT_NORMATIVE,REFERENCE_CONTEXT_ONLY
CGP006-ALLOC-1694,CGP005-RC-1694,CGSRC-REPO-0092,ES-CG-00,ES-CG-00;ES-CG-01;ES-CG-13;ES-CG-10,CGP005_REFERENCE_CORPUS_ROW,0,REFERENCE_CORPUS_INDEXED_NOT_NORMATIVE,REFERENCE_CONTEXT_ONLY
CGP006-ALLOC-1695,CGP005-RC-1695,CGSRC-REPO-0093,ES-CG-00,ES-CG-00;ES-CG-01;ES-CG-13;ES-CG-10,CGP005_REFERENCE_CORPUS_ROW,0,REFERENCE_CORPUS_INDEXED_NOT_NORMATIVE,REFERENCE_CONTEXT_ONLY
CGP006-ALLOC-1696,CGP005-RC-1696,CGSRC-REPO-0094,ES-CG-00,ES-CG-00;ES-CG-01;ES-CG-13;ES-CG-10,CGP005_REFERENCE_CORPUS_ROW,0,REFERENCE_CORPUS_INDEXED_NOT_NORMATIVE,REFERENCE_CONTEXT_ONLY
CGP006-ALLOC-1697,CGP005-RC-1697,CGSRC-REPO-0095,ES-CG-00,ES-CG-00;ES-CG-01;ES-CG-13;ES-CG-10,CGP005_REFERENCE_CORPUS_ROW,0,REFERENCE_CORPUS_INDEXED_NOT_NORMATIVE,REFERENCE_CONTEXT_ONLY
CGP006-ALLOC-1698,CGP005-RC-1698,CGSRC-REPO-0096,ES-CG-00,ES-CG-00;ES-CG-01;ES-CG-13;ES-CG-10,CGP005_REFERENCE_CORPUS_ROW,0,REFERENCE_CORPUS_INDEXED_NOT_NORMATIVE,REFERENCE_CONTEXT_ONLY
CGP006-ALLOC-1699,CGP005-RC-1699,CGSRC-REPO-0097,ES-CG-00,ES-CG-00;ES-CG-01;ES-CG-13;ES-CG-10,CGP005_REFERENCE_CORPUS_ROW,0,REFERENCE_CORPUS_INDEXED_NOT_NORMATIVE,REFERENCE_CONTEXT_ONLY
CGP006-ALLOC-1700,CGP005-RC-1700,CGSRC-REPO-0098,ES-CG-00,ES-CG-00;ES-CG-01;ES-CG-13;ES-CG-10,CGP005_REFERENCE_CORPUS_ROW,0,REFERENCE_CORPUS_INDEXED_NOT_NORMATIVE,REFERENCE_CONTEXT_ONLY
CGP006-ALLOC-1701,CGP005-RC-1701,CGSRC-REPO-0099,ES-CG-00,ES-CG-00;ES-CG-01;ES-CG-13;ES-CG-10,CGP005_REFERENCE_CORPUS_ROW,0,REFERENCE_CORPUS_INDEXED_NOT_NORMATIVE,REFERENCE_CONTEXT_ONLY
CGP006-ALLOC-1702,CGP005-RC-1702,CGSRC-REPO-0100,ES-CG-00,ES-CG-00;ES-CG-01;ES-CG-13;ES-CG-10,CGP005_REFERENCE_CORPUS_ROW,0,REFERENCE_CORPUS_INDEXED_NOT_NORMATIVE,REFERENCE_CONTEXT_ONLY
CGP006-ALLOC-1703,CGP005-RC-1703,CGSRC-REPO-0101,ES-CG-00,ES-CG-00;ES-CG-01;ES-CG-13;ES-CG-10,CGP005_REFERENCE_CORPUS_ROW,0,REFERENCE_CORPUS_INDEXED_NOT_NORMATIVE,REFERENCE_CONTEXT_ONLY
CGP006-ALLOC-1704,CGP005-RC-1704,CGSRC-REPO-0102,ES-CG-00,ES-CG-00;ES-CG-01;ES-CG-13;ES-CG-10,CGP005_REFERENCE_CORPUS_ROW,0,REFERENCE_CORPUS_INDEXED_NOT_NORMATIVE,REFERENCE_CONTEXT_ONLY
CGP006-ALLOC-1705,CGP005-RC-1705,CGSRC-REPO-0103,ES-CG-00,ES-CG-00;ES-CG-01;ES-CG-13;ES-CG-10,CGP005_REFERENCE_CORPUS_ROW,0,REFERENCE_CORPUS_INDEXED_NOT_NORMATIVE,REFERENCE_CONTEXT_ONLY
CGP006-ALLOC-1706,CGP005-RC-1706,CGSRC-REPO-0104,ES-CG-00,ES-CG-00;ES-CG-01;ES-CG-13;ES-CG-10,CGP005_REFERENCE_CORPUS_ROW,0,REFERENCE_CORPUS_INDEXED_NOT_NORMATIVE,REFERENCE_CONTEXT_ONLY
CGP006-ALLOC-1707,CGP005-RC-1707,CGSRC-REPO-0105,ES-CG-00,ES-CG-00;ES-CG-01;ES-CG-13;ES-CG-10,CGP005_REFERENCE_CORPUS_ROW,0,REFERENCE_CORPUS_INDEXED_NOT_NORMATIVE,REFERENCE_CONTEXT_ONLY
CGP006-ALLOC-1708,CGP005-RC-1708,CGSRC-REPO-0106,ES-CG-00,ES-CG-00;ES-CG-01;ES-CG-13;ES-CG-10,CGP005_REFERENCE_CORPUS_ROW,0,REFERENCE_CORPUS_INDEXED_NOT_NORMATIVE,REFERENCE_CONTEXT_ONLY
CGP006-ALLOC-1709,CGP005-RC-1709,CGSRC-REPO-0107,ES-CG-00,ES-CG-00;ES-CG-01;ES-CG-13;ES-CG-10,CGP005_REFERENCE_CORPUS_ROW,0,REFERENCE_CORPUS_INDEXED_NOT_NORMATIVE,REFERENCE_CONTEXT_ONLY
CGP006-ALLOC-1710,CGP005-RC-1710,CGSRC-REPO-0108,ES-CG-00,ES-CG-00;ES-CG-01;ES-CG-13;ES-CG-10,CGP005_REFERENCE_CORPUS_ROW,0,REFERENCE_CORPUS_INDEXED_NOT_NORMATIVE,REFERENCE_CONTEXT_ONLY
CGP006-ALLOC-1711,CGP005-RC-1711,CGSRC-REPO-0109,ES-CG-00,ES-CG-00;ES-CG-01;ES-CG-13;ES-CG-10,CGP005_REFERENCE_CORPUS_ROW,0,REFERENCE_CORPUS_INDEXED_NOT_NORMATIVE,REFERENCE_CONTEXT_ONLY
CGP006-ALLOC-1712,CGP005-RC-1712,CGSRC-REPO-0110,ES-CG-00,ES-CG-00;ES-CG-01;ES-CG-13;ES-CG-10,CGP005_REFERENCE_CORPUS_ROW,0,REFERENCE_CORPUS_INDEXED_NOT_NORMATIVE,REFERENCE_CONTEXT_ONLY
CGP006-ALLOC-1713,CGP005-RC-1713,CGSRC-REPO-0111,ES-CG-00,ES-CG-00;ES-CG-01;ES-CG-13;ES-CG-10,CGP005_REFERENCE_CORPUS_ROW,0,REFERENCE_CORPUS_INDEXED_NOT_NORMATIVE,REFERENCE_CONTEXT_ONLY
CGP006-ALLOC-1714,CGP005-RC-1714,CGSRC-REPO-0112,ES-CG-00,ES-CG-00;ES-CG-01;ES-CG-13;ES-CG-10,CGP005_REFERENCE_CORPUS_ROW,0,REFERENCE_CORPUS_INDEXED_NOT_NORMATIVE,REFERENCE_CONTEXT_ONLY
CGP006-ALLOC-1715,CGP005-RC-1715,CGSRC-REPO-0113,ES-CG-00,ES-CG-00;ES-CG-01;ES-CG-13;ES-CG-10,CGP005_REFERENCE_CORPUS_ROW,0,REFERENCE_CORPUS_INDEXED_NOT_NORMATIVE,REFERENCE_CONTEXT_ONLY
CGP006-ALLOC-1716,CGP005-RC-1716,CGSRC-REPO-0114,ES-CG-00,ES-CG-00;ES-CG-01;ES-CG-13;ES-CG-10,CGP005_REFERENCE_CORPUS_ROW,0,REFERENCE_CORPUS_INDEXED_NOT_NORMATIVE,REFERENCE_CONTEXT_ONLY
CGP006-ALLOC-1717,CGP005-RC-1717,CGSRC-REPO-0115,ES-CG-00,ES-CG-00;ES-CG-01;ES-CG-13;ES-CG-10,CGP005_REFERENCE_CORPUS_ROW,0,REFERENCE_CORPUS_INDEXED_NOT_NORMATIVE,REFERENCE_CONTEXT_ONLY
CGP006-ALLOC-1718,CGP005-RC-1718,CGSRC-REPO-0116,ES-CG-00,ES-CG-00;ES-CG-01;ES-CG-13;ES-CG-10,CGP005_REFERENCE_CORPUS_ROW,0,REFERENCE_CORPUS_INDEXED_NOT_NORMATIVE,REFERENCE_CONTEXT_ONLY
CGP006-ALLOC-1719,CGP005-RC-1719,CGSRC-REPO-0117,ES-CG-00,ES-CG-00;ES-CG-01;ES-CG-13;ES-CG-10,CGP005_REFERENCE_CORPUS_ROW,0,REFERENCE_CORPUS_INDEXED_NOT_NORMATIVE,REFERENCE_CONTEXT_ONLY
CGP006-ALLOC-1720,CGP005-RC-1720,CGSRC-REPO-0118,ES-CG-00,ES-CG-00;ES-CG-01;ES-CG-13;ES-CG-10,CGP005_REFERENCE_CORPUS_ROW,0,REFERENCE_CORPUS_INDEXED_NOT_NORMATIVE,REFERENCE_CONTEXT_ONLY
CGP006-ALLOC-1721,CGP005-RC-1721,CGSRC-REPO-0119,ES-CG-00,ES-CG-00;ES-CG-01;ES-CG-13;ES-CG-10,CGP005_REFERENCE_CORPUS_ROW,0,REFERENCE_CORPUS_INDEXED_NOT_NORMATIVE,REFERENCE_CONTEXT_ONLY
CGP006-ALLOC-1722,CGP005-RC-1722,CGSRC-REPO-0120,ES-CG-00,ES-CG-00;ES-CG-01;ES-CG-13;ES-CG-10,CGP005_REFERENCE_CORPUS_ROW,0,REFERENCE_CORPUS_INDEXED_NOT_NORMATIVE,REFERENCE_CONTEXT_ONLY
CGP006-ALLOC-1723,CGP005-RC-1723,CGSRC-REPO-0121,ES-CG-00,ES-CG-00;ES-CG-01;ES-CG-13;ES-CG-10,CGP005_REFERENCE_CORPUS_ROW,0,REFERENCE_CORPUS_INDEXED_NOT_NORMATIVE,REFERENCE_CONTEXT_ONLY
CGP006-ALLOC-1724,CGP005-RC-1724,CGSRC-REPO-0122,ES-CG-00,ES-CG-00;ES-CG-01;ES-CG-13;ES-CG-10,CGP005_REFERENCE_CORPUS_ROW,0,REFERENCE_CORPUS_INDEXED_NOT_NORMATIVE,REFERENCE_CONTEXT_ONLY
CGP006-ALLOC-1725,CGP005-RC-1725,CGSRC-REPO-0123,ES-CG-00,ES-CG-00;ES-CG-01;ES-CG-13;ES-CG-10,CGP005_REFERENCE_CORPUS_ROW,0,REFERENCE_CORPUS_INDEXED_NOT_NORMATIVE,REFERENCE_CONTEXT_ONLY
CGP006-ALLOC-1726,CGP005-RC-1726,CGSRC-REPO-0124,ES-CG-00,ES-CG-00;ES-CG-01;ES-CG-13;ES-CG-10,CGP005_REFERENCE_CORPUS_ROW,0,REFERENCE_CORPUS_INDEXED_NOT_NORMATIVE,REFERENCE_CONTEXT_ONLY
CGP006-ALLOC-1727,CGP005-RC-1727,CGSRC-REPO-0125,ES-CG-00,ES-CG-00;ES-CG-01;ES-CG-13;ES-CG-10,CGP005_REFERENCE_CORPUS_ROW,0,REFERENCE_CORPUS_INDEXED_NOT_NORMATIVE,REFERENCE_CONTEXT_ONLY
CGP006-ALLOC-1728,CGP005-RC-1728,CGSRC-REPO-0126,ES-CG-00,ES-CG-00;ES-CG-01;ES-CG-13;ES-CG-10,CGP005_REFERENCE_CORPUS_ROW,0,REFERENCE_CORPUS_INDEXED_NOT_NORMATIVE,REFERENCE_CONTEXT_ONLY
CGP006-ALLOC-1729,CGP005-RC-1729,CGSRC-REPO-0127,ES-CG-00,ES-CG-00;ES-CG-01;ES-CG-13;ES-CG-10,CGP005_REFERENCE_CORPUS_ROW,0,REFERENCE_CORPUS_INDEXED_NOT_NORMATIVE,REFERENCE_CONTEXT_ONLY
CGP006-ALLOC-1730,CGP005-RC-1730,CGSRC-REPO-0128,ES-CG-00,ES-CG-00;ES-CG-01;ES-CG-13;ES-CG-10,CGP005_REFERENCE_CORPUS_ROW,0,REFERENCE_CORPUS_INDEXED_NOT_NORMATIVE,REFERENCE_CONTEXT_ONLY
CGP006-ALLOC-1731,CGP005-RC-1731,CGSRC-REPO-0129,ES-CG-00,ES-CG-00;ES-CG-01;ES-CG-13;ES-CG-10,CGP005_REFERENCE_CORPUS_ROW,0,REFERENCE_CORPUS_INDEXED_NOT_NORMATIVE,REFERENCE_CONTEXT_ONLY
CGP006-ALLOC-1732,CGP005-RC-1732,CGSRC-REPO-0130,ES-CG-00,ES-CG-00;ES-CG-01;ES-CG-13;ES-CG-10,CGP005_REFERENCE_CORPUS_ROW,0,REFERENCE_CORPUS_INDEXED_NOT_NORMATIVE,REFERENCE_CONTEXT_ONLY
CGP006-ALLOC-1733,CGP005-RC-1733,CGSRC-REPO-0131,ES-CG-00,ES-CG-00;ES-CG-01;ES-CG-13;ES-CG-10,CGP005_REFERENCE_CORPUS_ROW,0,REFERENCE_CORPUS_INDEXED_NOT_NORMATIVE,REFERENCE_CONTEXT_ONLY
CGP006-ALLOC-1734,CGP005-RC-1734,CGSRC-REPO-0132,ES-CG-00,ES-CG-00;ES-CG-01;ES-CG-13;ES-CG-10,CGP005_REFERENCE_CORPUS_ROW,0,REFERENCE_CORPUS_INDEXED_NOT_NORMATIVE,REFERENCE_CONTEXT_ONLY
CGP006-ALLOC-1735,CGP005-RC-1735,CGSRC-REPO-0133,ES-CG-00,ES-CG-00;ES-CG-01;ES-CG-13;ES-CG-10,CGP005_REFERENCE_CORPUS_ROW,0,REFERENCE_CORPUS_INDEXED_NOT_NORMATIVE,REFERENCE_CONTEXT_ONLY
CGP006-ALLOC-1736,CGP005-RC-1736,CGSRC-REPO-0134,ES-CG-00,ES-CG-00;ES-CG-01;ES-CG-13;ES-CG-10,CGP005_REFERENCE_CORPUS_ROW,0,REFERENCE_CORPUS_INDEXED_NOT_NORMATIVE,REFERENCE_CONTEXT_ONLY
CGP006-ALLOC-1737,CGP005-RC-1737,CGSRC-REPO-0135,ES-CG-00,ES-CG-00;ES-CG-01;ES-CG-13;ES-CG-10,CGP005_REFERENCE_CORPUS_ROW,0,REFERENCE_CORPUS_INDEXED_NOT_NORMATIVE,REFERENCE_CONTEXT_ONLY
CGP006-ALLOC-1738,CGP005-RC-1738,CGSRC-REPO-0136,ES-CG-00,ES-CG-00;ES-CG-01;ES-CG-13;ES-CG-10,CGP005_REFERENCE_CORPUS_ROW,0,REFERENCE_CORPUS_INDEXED_NOT_NORMATIVE,REFERENCE_CONTEXT_ONLY
CGP006-ALLOC-1739,CGP005-RC-1739,CGSRC-REPO-0137,ES-CG-00,ES-CG-00;ES-CG-01;ES-CG-13;ES-CG-10,CGP005_REFERENCE_CORPUS_ROW,0,REFERENCE_CORPUS_INDEXED_NOT_NORMATIVE,REFERENCE_CONTEXT_ONLY
CGP006-ALLOC-1740,CGP005-RC-1740,CGSRC-REPO-0138,ES-CG-00,ES-CG-00;ES-CG-01;ES-CG-13;ES-CG-10,CGP005_REFERENCE_CORPUS_ROW,0,REFERENCE_CORPUS_INDEXED_NOT_NORMATIVE,REFERENCE_CONTEXT_ONLY
CGP006-ALLOC-1741,CGP005-RC-1741,CGSRC-REPO-0139,ES-CG-00,ES-CG-00;ES-CG-01;ES-CG-13;ES-CG-10,CGP005_REFERENCE_CORPUS_ROW,0,REFERENCE_CORPUS_INDEXED_NOT_NORMATIVE,REFERENCE_CONTEXT_ONLY
CGP006-ALLOC-1742,CGP005-RC-1742,CGSRC-REPO-0140,ES-CG-00,ES-CG-00;ES-CG-01;ES-CG-13;ES-CG-10,CGP005_REFERENCE_CORPUS_ROW,0,REFERENCE_CORPUS_INDEXED_NOT_NORMATIVE,REFERENCE_CONTEXT_ONLY
CGP006-ALLOC-1743,CGP005-RC-1743,CGSRC-REPO-0141,ES-CG-00,ES-CG-00;ES-CG-01;ES-CG-13;ES-CG-10,CGP005_REFERENCE_CORPUS_ROW,0,REFERENCE_CORPUS_INDEXED_NOT_NORMATIVE,REFERENCE_CONTEXT_ONLY
CGP006-ALLOC-1744,CGP005-RC-1744,CGSRC-REPO-0142,ES-CG-00,ES-CG-00;ES-CG-01;ES-CG-13;ES-CG-10,CGP005_REFERENCE_CORPUS_ROW,0,REFERENCE_CORPUS_INDEXED_NOT_NORMATIVE,REFERENCE_CONTEXT_ONLY
CGP006-ALLOC-1745,CGP005-RC-1745,CGSRC-REPO-0143,ES-CG-00,ES-CG-00;ES-CG-01;ES-CG-13;ES-CG-10,CGP005_REFERENCE_CORPUS_ROW,0,REFERENCE_CORPUS_INDEXED_NOT_NORMATIVE,REFERENCE_CONTEXT_ONLY
CGP006-ALLOC-1746,CGP005-RC-1746,CGSRC-REPO-0144,ES-CG-00,ES-CG-00;ES-CG-01;ES-CG-13;ES-CG-10,CGP005_REFERENCE_CORPUS_ROW,0,REFERENCE_CORPUS_INDEXED_NOT_NORMATIVE,REFERENCE_CONTEXT_ONLY
CGP006-ALLOC-1747,CGP005-RC-1747,CGSRC-REPO-0145,ES-CG-00,ES-CG-00;ES-CG-01;ES-CG-13;ES-CG-10,CGP005_REFERENCE_CORPUS_ROW,0,REFERENCE_CORPUS_INDEXED_NOT_NORMATIVE,REFERENCE_CONTEXT_ONLY
CGP006-ALLOC-1748,CGP005-RC-1748,CGSRC-REPO-0146,ES-CG-00,ES-CG-00;ES-CG-01;ES-CG-13;ES-CG-10,CGP005_REFERENCE_CORPUS_ROW,0,REFERENCE_CORPUS_INDEXED_NOT_NORMATIVE,REFERENCE_CONTEXT_ONLY
CGP006-ALLOC-1749,CGP005-RC-1749,CGSRC-REPO-0147,ES-CG-00,ES-CG-00;ES-CG-01;ES-CG-13;ES-CG-10,CGP005_REFERENCE_CORPUS_ROW,0,REFERENCE_CORPUS_INDEXED_NOT_NORMATIVE,REFERENCE_CONTEXT_ONLY
CGP006-ALLOC-1750,CGP005-RC-1750,CGSRC-REPO-0148,ES-CG-00,ES-CG-00;ES-CG-01;ES-CG-13;ES-CG-10,CGP005_REFERENCE_CORPUS_ROW,0,REFERENCE_CORPUS_INDEXED_NOT_NORMATIVE,REFERENCE_CONTEXT_ONLY
CGP006-ALLOC-1751,CGP005-RC-1751,CGSRC-REPO-0149,ES-CG-00,ES-CG-00;ES-CG-01;ES-CG-13;ES-CG-10,CGP005_REFERENCE_CORPUS_ROW,0,REFERENCE_CORPUS_INDEXED_NOT_NORMATIVE,REFERENCE_CONTEXT_ONLY
CGP006-ALLOC-1752,CGP005-RC-1752,CGSRC-REPO-0150,ES-CG-00,ES-CG-00;ES-CG-01;ES-CG-13;ES-CG-10,CGP005_REFERENCE_CORPUS_ROW,0,REFERENCE_CORPUS_INDEXED_NOT_NORMATIVE,REFERENCE_CONTEXT_ONLY
CGP006-ALLOC-1753,CGP005-RC-1753,CGSRC-REPO-0151,ES-CG-00,ES-CG-00;ES-CG-01;ES-CG-13;ES-CG-10,CGP005_REFERENCE_CORPUS_ROW,0,REFERENCE_CORPUS_INDEXED_NOT_NORMATIVE,REFERENCE_CONTEXT_ONLY
CGP006-ALLOC-1754,CGP005-RC-1754,CGSRC-REPO-0152,ES-CG-00,ES-CG-00;ES-CG-01;ES-CG-13;ES-CG-10,CGP005_REFERENCE_CORPUS_ROW,0,REFERENCE_CORPUS_INDEXED_NOT_NORMATIVE,REFERENCE_CONTEXT_ONLY
CGP006-ALLOC-1755,CGP005-RC-1755,CGSRC-REPO-0153,ES-CG-00,ES-CG-00;ES-CG-01;ES-CG-13;ES-CG-10,CGP005_REFERENCE_CORPUS_ROW,0,REFERENCE_CORPUS_INDEXED_NOT_NORMATIVE,REFERENCE_CONTEXT_ONLY
CGP006-ALLOC-1756,CGP005-RC-1756,CGSRC-REPO-0154,ES-CG-00,ES-CG-00;ES-CG-01;ES-CG-13;ES-CG-10,CGP005_REFERENCE_CORPUS_ROW,0,REFERENCE_CORPUS_INDEXED_NOT_NORMATIVE,REFERENCE_CONTEXT_ONLY
CGP006-ALLOC-1757,CGP005-RC-1757,CGSRC-REPO-0155,ES-CG-00,ES-CG-00;ES-CG-01;ES-CG-13;ES-CG-10,CGP005_REFERENCE_CORPUS_ROW,0,REFERENCE_CORPUS_INDEXED_NOT_NORMATIVE,REFERENCE_CONTEXT_ONLY
CGP006-ALLOC-1758,CGP005-RC-1758,CGSRC-REPO-0156,ES-CG-00,ES-CG-00;ES-CG-01;ES-CG-13;ES-CG-10,CGP005_REFERENCE_CORPUS_ROW,0,REFERENCE_CORPUS_INDEXED_NOT_NORMATIVE,REFERENCE_CONTEXT_ONLY
CGP006-ALLOC-1759,CGP005-RC-1759,CGSRC-REPO-0157,ES-CG-00,ES-CG-00;ES-CG-01;ES-CG-13;ES-CG-10,CGP005_REFERENCE_CORPUS_ROW,0,REFERENCE_CORPUS_INDEXED_NOT_NORMATIVE,REFERENCE_CONTEXT_ONLY
CGP006-ALLOC-1760,CGP005-RC-1760,CGSRC-REPO-0158,ES-CG-00,ES-CG-00;ES-CG-01;ES-CG-13;ES-CG-10,CGP005_REFERENCE_CORPUS_ROW,0,REFERENCE_CORPUS_INDEXED_NOT_NORMATIVE,REFERENCE_CONTEXT_ONLY
CGP006-ALLOC-1761,CGP005-RC-1761,CGSRC-REPO-0159,ES-CG-00,ES-CG-00;ES-CG-01;ES-CG-13;ES-CG-10,CGP005_REFERENCE_CORPUS_ROW,0,REFERENCE_CORPUS_INDEXED_NOT_NORMATIVE,REFERENCE_CONTEXT_ONLY
CGP006-ALLOC-1762,CGP005-RC-1762,CGSRC-REPO-0160,ES-CG-00,ES-CG-00;ES-CG-01;ES-CG-13;ES-CG-10,CGP005_REFERENCE_CORPUS_ROW,0,REFERENCE_CORPUS_INDEXED_NOT_NORMATIVE,REFERENCE_CONTEXT_ONLY
CGP006-ALLOC-1763,CGP005-RC-1763,CGSRC-REPO-0161,ES-CG-00,ES-CG-00;ES-CG-01;ES-CG-13;ES-CG-10,CGP005_REFERENCE_CORPUS_ROW,0,REFERENCE_CORPUS_INDEXED_NOT_NORMATIVE,REFERENCE_CONTEXT_ONLY
CGP006-ALLOC-1764,CGP005-RC-1764,CGSRC-REPO-0162,ES-CG-00,ES-CG-00;ES-CG-01;ES-CG-13;ES-CG-10,CGP005_REFERENCE_CORPUS_ROW,0,REFERENCE_CORPUS_INDEXED_NOT_NORMATIVE,REFERENCE_CONTEXT_ONLY
CGP006-ALLOC-1765,CGP005-RC-1765,CGSRC-REPO-0163,ES-CG-00,ES-CG-00;ES-CG-01;ES-CG-13;ES-CG-10,CGP005_REFERENCE_CORPUS_ROW,0,REFERENCE_CORPUS_INDEXED_NOT_NORMATIVE,REFERENCE_CONTEXT_ONLY
CGP006-ALLOC-1766,CGP005-RC-1766,CGSRC-REPO-0164,ES-CG-00,ES-CG-00;ES-CG-01;ES-CG-13;ES-CG-10,CGP005_REFERENCE_CORPUS_ROW,0,REFERENCE_CORPUS_INDEXED_NOT_NORMATIVE,REFERENCE_CONTEXT_ONLY
CGP006-ALLOC-1767,CGP005-RC-1767,CGSRC-REPO-0165,ES-CG-00,ES-CG-00;ES-CG-01;ES-CG-13;ES-CG-10,CGP005_REFERENCE_CORPUS_ROW,0,REFERENCE_CORPUS_INDEXED_NOT_NORMATIVE,REFERENCE_CONTEXT_ONLY
CGP006-ALLOC-1768,CGP005-RC-1768,CGSRC-REPO-0166,ES-CG-00,ES-CG-00;ES-CG-01;ES-CG-13;ES-CG-10,CGP005_REFERENCE_CORPUS_ROW,0,REFERENCE_CORPUS_INDEXED_NOT_NORMATIVE,REFERENCE_CONTEXT_ONLY
CGP006-ALLOC-1769,CGP005-RC-1769,CGSRC-REPO-0167,ES-CG-00,ES-CG-00;ES-CG-01;ES-CG-13;ES-CG-10,CGP005_REFERENCE_CORPUS_ROW,0,REFERENCE_CORPUS_INDEXED_NOT_NORMATIVE,REFERENCE_CONTEXT_ONLY
CGP006-ALLOC-1770,CGP005-RC-1770,CGSRC-REPO-0168,ES-CG-00,ES-CG-00;ES-CG-01;ES-CG-13;ES-CG-10,CGP005_REFERENCE_CORPUS_ROW,0,REFERENCE_CORPUS_INDEXED_NOT_NORMATIVE,REFERENCE_CONTEXT_ONLY
CGP006-ALLOC-1771,CGP005-RC-1771,CGSRC-REPO-0169,ES-CG-00,ES-CG-00;ES-CG-01;ES-CG-13;ES-CG-10,CGP005_REFERENCE_CORPUS_ROW,0,REFERENCE_CORPUS_INDEXED_NOT_NORMATIVE,REFERENCE_CONTEXT_ONLY
CGP006-ALLOC-1772,CGP005-RC-1772,CGSRC-REPO-0170,ES-CG-00,ES-CG-00;ES-CG-01;ES-CG-13;ES-CG-10,CGP005_REFERENCE_CORPUS_ROW,0,REFERENCE_CORPUS_INDEXED_NOT_NORMATIVE,REFERENCE_CONTEXT_ONLY
CGP006-ALLOC-1773,CGP005-RC-1773,CGSRC-REPO-0171,ES-CG-00,ES-CG-00;ES-CG-01;ES-CG-13;ES-CG-10,CGP005_REFERENCE_CORPUS_ROW,0,REFERENCE_CORPUS_INDEXED_NOT_NORMATIVE,REFERENCE_CONTEXT_ONLY
CGP006-ALLOC-1774,CGP005-RC-1774,CGSRC-REPO-0172,ES-CG-00,ES-CG-00;ES-CG-01;ES-CG-13;ES-CG-10,CGP005_REFERENCE_CORPUS_ROW,0,REFERENCE_CORPUS_INDEXED_NOT_NORMATIVE,REFERENCE_CONTEXT_ONLY
CGP006-ALLOC-1775,CGP005-RC-1775,CGSRC-REPO-0173,ES-CG-00,ES-CG-00;ES-CG-01;ES-CG-13;ES-CG-10,CGP005_REFERENCE_CORPUS_ROW,0,REFERENCE_CORPUS_INDEXED_NOT_NORMATIVE,REFERENCE_CONTEXT_ONLY
CGP006-ALLOC-1776,CGP005-RC-1776,CGSRC-REPO-0174,ES-CG-00,ES-CG-00;ES-CG-01;ES-CG-13;ES-CG-10,CGP005_REFERENCE_CORPUS_ROW,0,REFERENCE_CORPUS_INDEXED_NOT_NORMATIVE,REFERENCE_CONTEXT_ONLY
CGP006-ALLOC-1777,CGP005-RC-1777,CGSRC-REPO-0175,ES-CG-00,ES-CG-00;ES-CG-01;ES-CG-13;ES-CG-10,CGP005_REFERENCE_CORPUS_ROW,0,REFERENCE_CORPUS_INDEXED_NOT_NORMATIVE,REFERENCE_CONTEXT_ONLY
CGP006-ALLOC-1778,CGP005-RC-1778,CGSRC-REPO-0176,ES-CG-00,ES-CG-00;ES-CG-01;ES-CG-13,CGP005_REFERENCE_CORPUS_ROW,0,REFERENCE_CORPUS_INDEXED_NOT_NORMATIVE,REFERENCE_CONTEXT_ONLY
CGP006-ALLOC-1779,CGP005-RC-1779,CGSRC-REPO-0177,ES-CG-00,ES-CG-00;ES-CG-01;ES-CG-13,CGP005_REFERENCE_CORPUS_ROW,0,REFERENCE_CORPUS_INDEXED_NOT_NORMATIVE,REFERENCE_CONTEXT_ONLY
CGP006-ALLOC-1780,CGP005-RC-1780,CGSRC-REPO-0178,ES-CG-00,ES-CG-00;ES-CG-01;ES-CG-13;ES-CG-10,CGP005_REFERENCE_CORPUS_ROW,0,REFERENCE_CORPUS_INDEXED_NOT_NORMATIVE,REFERENCE_CONTEXT_ONLY
CGP006-ALLOC-1781,CGP005-RC-1781,CGSRC-REPO-0179,ES-CG-00,ES-CG-00;ES-CG-01;ES-CG-13;ES-CG-10,CGP005_REFERENCE_CORPUS_ROW,0,REFERENCE_CORPUS_INDEXED_NOT_NORMATIVE,REFERENCE_CONTEXT_ONLY
CGP006-ALLOC-1782,CGP005-RC-1782,CGSRC-REPO-0180,ES-CG-00,ES-CG-00;ES-CG-01;ES-CG-13;ES-CG-10,CGP005_REFERENCE_CORPUS_ROW,0,REFERENCE_CORPUS_INDEXED_NOT_NORMATIVE,REFERENCE_CONTEXT_ONLY
CGP006-ALLOC-1783,CGP005-RC-1783,CGSRC-REPO-0181,ES-CG-00,ES-CG-00;ES-CG-01;ES-CG-13;ES-CG-10,CGP005_REFERENCE_CORPUS_ROW,0,REFERENCE_CORPUS_INDEXED_NOT_NORMATIVE,REFERENCE_CONTEXT_ONLY
CGP006-ALLOC-1784,CGP005-RC-1784,CGSRC-REPO-0182,ES-CG-00,ES-CG-00;ES-CG-01;ES-CG-13;ES-CG-10,CGP005_REFERENCE_CORPUS_ROW,0,REFERENCE_CORPUS_INDEXED_NOT_NORMATIVE,REFERENCE_CONTEXT_ONLY
CGP006-ALLOC-1785,CGP005-RC-1785,CGSRC-REPO-0183,ES-CG-00,ES-CG-00;ES-CG-01;ES-CG-13;ES-CG-10,CGP005_REFERENCE_CORPUS_ROW,0,REFERENCE_CORPUS_INDEXED_NOT_NORMATIVE,REFERENCE_CONTEXT_ONLY
CGP006-ALLOC-1786,CGP005-RC-1786,CGSRC-REPO-0184,ES-CG-00,ES-CG-00;ES-CG-01;ES-CG-13;ES-CG-10,CGP005_REFERENCE_CORPUS_ROW,0,REFERENCE_CORPUS_INDEXED_NOT_NORMATIVE,REFERENCE_CONTEXT_ONLY
CGP006-ALLOC-1787,CGP005-RC-1787,CGSRC-REPO-0185,ES-CG-00,ES-CG-00;ES-CG-01;ES-CG-13;ES-CG-10,CGP005_REFERENCE_CORPUS_ROW,0,REFERENCE_CORPUS_INDEXED_NOT_NORMATIVE,REFERENCE_CONTEXT_ONLY
CGP006-ALLOC-1788,CGP005-RC-1788,CGSRC-REPO-0186,ES-CG-00,ES-CG-00;ES-CG-01;ES-CG-13;ES-CG-10,CGP005_REFERENCE_CORPUS_ROW,0,REFERENCE_CORPUS_INDEXED_NOT_NORMATIVE,REFERENCE_CONTEXT_ONLY
CGP006-ALLOC-1789,CGP005-RC-1789,CGSRC-REPO-0187,ES-CG-00,ES-CG-00;ES-CG-01;ES-CG-13;ES-CG-10,CGP005_REFERENCE_CORPUS_ROW,0,REFERENCE_CORPUS_INDEXED_NOT_NORMATIVE,REFERENCE_CONTEXT_ONLY
CGP006-ALLOC-1790,CGP005-RC-1790,CGSRC-REPO-0188,ES-CG-00,ES-CG-00;ES-CG-01;ES-CG-13;ES-CG-10,CGP005_REFERENCE_CORPUS_ROW,0,REFERENCE_CORPUS_INDEXED_NOT_NORMATIVE,REFERENCE_CONTEXT_ONLY
CGP006-ALLOC-1791,CGP005-RC-1791,CGSRC-REPO-0189,ES-CG-00,ES-CG-00;ES-CG-01;ES-CG-13;ES-CG-10,CGP005_REFERENCE_CORPUS_ROW,0,REFERENCE_CORPUS_INDEXED_NOT_NORMATIVE,REFERENCE_CONTEXT_ONLY
CGP006-ALLOC-1792,CGP005-RC-1792,CGSRC-REPO-0190,ES-CG-00,ES-CG-00;ES-CG-01;ES-CG-13;ES-CG-10,CGP005_REFERENCE_CORPUS_ROW,0,REFERENCE_CORPUS_INDEXED_NOT_NORMATIVE,REFERENCE_CONTEXT_ONLY
CGP006-ALLOC-1793,CGP005-RC-1793,CGSRC-REPO-0191,ES-CG-00,ES-CG-00;ES-CG-01;ES-CG-13;ES-CG-10,CGP005_REFERENCE_CORPUS_ROW,0,REFERENCE_CORPUS_INDEXED_NOT_NORMATIVE,REFERENCE_CONTEXT_ONLY
CGP006-ALLOC-1794,CGP005-RC-1794,CGSRC-REPO-0192,ES-CG-00,ES-CG-00;ES-CG-01;ES-CG-13;ES-CG-10,CGP005_REFERENCE_CORPUS_ROW,0,REFERENCE_CORPUS_INDEXED_NOT_NORMATIVE,REFERENCE_CONTEXT_ONLY
CGP006-ALLOC-1795,CGP005-RC-1795,CGSRC-REPO-0193,ES-CG-00,ES-CG-00;ES-CG-01;ES-CG-13;ES-CG-10,CGP005_REFERENCE_CORPUS_ROW,0,REFERENCE_CORPUS_INDEXED_NOT_NORMATIVE,REFERENCE_CONTEXT_ONLY
CGP006-ALLOC-1796,CGP005-RC-1796,CGSRC-REPO-0194,ES-CG-00,ES-CG-00;ES-CG-01;ES-CG-13,CGP005_REFERENCE_CORPUS_ROW,0,REFERENCE_CORPUS_INDEXED_NOT_NORMATIVE,REFERENCE_CONTEXT_ONLY
CGP006-ALLOC-1797,CGP005-RC-1797,CGSRC-REPO-0195,ES-CG-00,ES-CG-00;ES-CG-01;ES-CG-13,CGP005_REFERENCE_CORPUS_ROW,0,REFERENCE_CORPUS_INDEXED_NOT_NORMATIVE,REFERENCE_CONTEXT_ONLY
CGP006-ALLOC-1798,CGP005-RC-1798,CGSRC-REPO-0196,ES-CG-00,ES-CG-00;ES-CG-01;ES-CG-13;ES-CG-10,CGP005_REFERENCE_CORPUS_ROW,0,REFERENCE_CORPUS_INDEXED_NOT_NORMATIVE,REFERENCE_CONTEXT_ONLY
CGP006-ALLOC-1799,CGP005-RC-1799,CGSRC-REPO-0197,ES-CG-00,ES-CG-00;ES-CG-01;ES-CG-13;ES-CG-10,CGP005_REFERENCE_CORPUS_ROW,0,REFERENCE_CORPUS_INDEXED_NOT_NORMATIVE,REFERENCE_CONTEXT_ONLY
CGP006-ALLOC-1800,CGP005-RC-1800,CGSRC-REPO-0198,ES-CG-00,ES-CG-00;ES-CG-01;ES-CG-13;ES-CG-10,CGP005_REFERENCE_CORPUS_ROW,0,REFERENCE_CORPUS_INDEXED_NOT_NORMATIVE,REFERENCE_CONTEXT_ONLY
CGP006-ALLOC-1801,CGP005-RC-1801,CGSRC-REPO-0199,ES-CG-00,ES-CG-00;ES-CG-01;ES-CG-13;ES-CG-10,CGP005_REFERENCE_CORPUS_ROW,0,REFERENCE_CORPUS_INDEXED_NOT_NORMATIVE,REFERENCE_CONTEXT_ONLY
CGP006-ALLOC-1802,CGP005-RC-1802,CGSRC-REPO-0200,ES-CG-00,ES-CG-00;ES-CG-01;ES-CG-13;ES-CG-10,CGP005_REFERENCE_CORPUS_ROW,0,REFERENCE_CORPUS_INDEXED_NOT_NORMATIVE,REFERENCE_CONTEXT_ONLY
CGP006-ALLOC-1803,CGP005-RC-1803,CGSRC-REPO-0201,ES-CG-00,ES-CG-00;ES-CG-01;ES-CG-13;ES-CG-10,CGP005_REFERENCE_CORPUS_ROW,0,REFERENCE_CORPUS_INDEXED_NOT_NORMATIVE,REFERENCE_CONTEXT_ONLY
CGP006-ALLOC-1804,CGP005-RC-1804,CGSRC-REPO-0202,ES-CG-00,ES-CG-00;ES-CG-01;ES-CG-13;ES-CG-10,CGP005_REFERENCE_CORPUS_ROW,0,REFERENCE_CORPUS_INDEXED_NOT_NORMATIVE,REFERENCE_CONTEXT_ONLY
CGP006-ALLOC-1805,CGP005-RC-1805,CGSRC-REPO-0203,ES-CG-00,ES-CG-00;ES-CG-01;ES-CG-13;ES-CG-10,CGP005_REFERENCE_CORPUS_ROW,0,REFERENCE_CORPUS_INDEXED_NOT_NORMATIVE,REFERENCE_CONTEXT_ONLY
CGP006-ALLOC-1806,CGP005-RC-1806,CGSRC-REPO-0204,ES-CG-00,ES-CG-00;ES-CG-01;ES-CG-13;ES-CG-10,CGP005_REFERENCE_CORPUS_ROW,0,REFERENCE_CORPUS_INDEXED_NOT_NORMATIVE,REFERENCE_CONTEXT_ONLY
CGP006-ALLOC-1807,CGP005-RC-1807,CGSRC-REPO-0205,ES-CG-00,ES-CG-00;ES-CG-01;ES-CG-13;ES-CG-10,CGP005_REFERENCE_CORPUS_ROW,0,REFERENCE_CORPUS_INDEXED_NOT_NORMATIVE,REFERENCE_CONTEXT_ONLY
CGP006-ALLOC-1808,CGP005-RC-1808,CGSRC-REPO-0206,ES-CG-00,ES-CG-00;ES-CG-01;ES-CG-13;ES-CG-10,CGP005_REFERENCE_CORPUS_ROW,0,REFERENCE_CORPUS_INDEXED_NOT_NORMATIVE,REFERENCE_CONTEXT_ONLY
CGP006-ALLOC-1809,CGP005-RC-1809,CGSRC-REPO-0207,ES-CG-00,ES-CG-00;ES-CG-01;ES-CG-13;ES-CG-10,CGP005_REFERENCE_CORPUS_ROW,0,REFERENCE_CORPUS_INDEXED_NOT_NORMATIVE,REFERENCE_CONTEXT_ONLY
CGP006-ALLOC-1810,CGP005-RC-1810,CGSRC-REPO-0208,ES-CG-00,ES-CG-00;ES-CG-01;ES-CG-13;ES-CG-10,CGP005_REFERENCE_CORPUS_ROW,0,REFERENCE_CORPUS_INDEXED_NOT_NORMATIVE,REFERENCE_CONTEXT_ONLY
CGP006-ALLOC-1811,CGP005-RC-1811,CGSRC-REPO-0209,ES-CG-00,ES-CG-00;ES-CG-01;ES-CG-13;ES-CG-10,CGP005_REFERENCE_CORPUS_ROW,0,REFERENCE_CORPUS_INDEXED_NOT_NORMATIVE,REFERENCE_CONTEXT_ONLY
CGP006-ALLOC-1812,CGP005-RC-1812,CGSRC-REPO-0210,ES-CG-00,ES-CG-00;ES-CG-01;ES-CG-13;ES-CG-10,CGP005_REFERENCE_CORPUS_ROW,0,REFERENCE_CORPUS_INDEXED_NOT_NORMATIVE,REFERENCE_CONTEXT_ONLY
CGP006-ALLOC-1813,CGP005-RC-1813,CGSRC-REPO-0211,ES-CG-00,ES-CG-00;ES-CG-01;ES-CG-13;ES-CG-10,CGP005_REFERENCE_CORPUS_ROW,0,REFERENCE_CORPUS_INDEXED_NOT_NORMATIVE,REFERENCE_CONTEXT_ONLY
CGP006-ALLOC-1814,CGP005-RC-1814,CGSRC-REPO-0212,ES-CG-00,ES-CG-00;ES-CG-01;ES-CG-13;ES-CG-10,CGP005_REFERENCE_CORPUS_ROW,0,REFERENCE_CORPUS_INDEXED_NOT_NORMATIVE,REFERENCE_CONTEXT_ONLY
CGP006-ALLOC-1815,CGP005-RC-1815,CGSRC-REPO-0213,ES-CG-00,ES-CG-00;ES-CG-01;ES-CG-13;ES-CG-10,CGP005_REFERENCE_CORPUS_ROW,0,REFERENCE_CORPUS_INDEXED_NOT_NORMATIVE,REFERENCE_CONTEXT_ONLY
CGP006-ALLOC-1816,CGP005-RC-1816,CGSRC-REPO-0214,ES-CG-00,ES-CG-00;ES-CG-01;ES-CG-13;ES-CG-10,CGP005_REFERENCE_CORPUS_ROW,0,REFERENCE_CORPUS_INDEXED_NOT_NORMATIVE,REFERENCE_CONTEXT_ONLY
CGP006-ALLOC-1817,CGP005-RC-1817,CGSRC-REPO-0215,ES-CG-00,ES-CG-00;ES-CG-01;ES-CG-13;ES-CG-10,CGP005_REFERENCE_CORPUS_ROW,0,REFERENCE_CORPUS_INDEXED_NOT_NORMATIVE,REFERENCE_CONTEXT_ONLY
CGP006-ALLOC-1818,CGP005-RC-1818,CGSRC-REPO-0216,ES-CG-00,ES-CG-00;ES-CG-01;ES-CG-13;ES-CG-10,CGP005_REFERENCE_CORPUS_ROW,0,REFERENCE_CORPUS_INDEXED_NOT_NORMATIVE,REFERENCE_CONTEXT_ONLY
CGP006-ALLOC-1819,CGP005-RC-1819,CGSRC-REPO-0217,ES-CG-00,ES-CG-00;ES-CG-01;ES-CG-13;ES-CG-10,CGP005_REFERENCE_CORPUS_ROW,0,REFERENCE_CORPUS_INDEXED_NOT_NORMATIVE,REFERENCE_CONTEXT_ONLY
CGP006-ALLOC-1820,CGP005-RC-1820,CGSRC-REPO-0218,ES-CG-00,ES-CG-00;ES-CG-01;ES-CG-13;ES-CG-10,CGP005_REFERENCE_CORPUS_ROW,0,REFERENCE_CORPUS_INDEXED_NOT_NORMATIVE,REFERENCE_CONTEXT_ONLY
CGP006-ALLOC-1821,CGP005-RC-1821,CGSRC-REPO-0219,ES-CG-00,ES-CG-00;ES-CG-01;ES-CG-13;ES-CG-10,CGP005_REFERENCE_CORPUS_ROW,0,REFERENCE_CORPUS_INDEXED_NOT_NORMATIVE,REFERENCE_CONTEXT_ONLY
CGP006-ALLOC-1822,CGP005-RC-1822,CGSRC-REPO-0220,ES-CG-00,ES-CG-00;ES-CG-01;ES-CG-13;ES-CG-10,CGP005_REFERENCE_CORPUS_ROW,0,REFERENCE_CORPUS_INDEXED_NOT_NORMATIVE,REFERENCE_CONTEXT_ONLY
CGP006-ALLOC-1823,CGP005-RC-1823,CGSRC-REPO-0221,ES-CG-00,ES-CG-00;ES-CG-01;ES-CG-13;ES-CG-10,CGP005_REFERENCE_CORPUS_ROW,0,REFERENCE_CORPUS_INDEXED_NOT_NORMATIVE,REFERENCE_CONTEXT_ONLY
CGP006-ALLOC-1824,CGP005-RC-1824,CGSRC-REPO-0222,ES-CG-00,ES-CG-00;ES-CG-01;ES-CG-13;ES-CG-10,CGP005_REFERENCE_CORPUS_ROW,0,REFERENCE_CORPUS_INDEXED_NOT_NORMATIVE,REFERENCE_CONTEXT_ONLY
CGP006-ALLOC-1825,CGP005-RC-1825,CGSRC-REPO-0223,ES-CG-00,ES-CG-00;ES-CG-01;ES-CG-13;ES-CG-10,CGP005_REFERENCE_CORPUS_ROW,0,REFERENCE_CORPUS_INDEXED_NOT_NORMATIVE,REFERENCE_CONTEXT_ONLY
CGP006-ALLOC-1826,CGP005-RC-1826,CGSRC-REPO-0224,ES-CG-00,ES-CG-00;ES-CG-01;ES-CG-13;ES-CG-10,CGP005_REFERENCE_CORPUS_ROW,0,REFERENCE_CORPUS_INDEXED_NOT_NORMATIVE,REFERENCE_CONTEXT_ONLY
CGP006-ALLOC-1827,CGP005-RC-1827,CGSRC-REPO-0225,ES-CG-00,ES-CG-00;ES-CG-01;ES-CG-13;ES-CG-10,CGP005_REFERENCE_CORPUS_ROW,0,REFERENCE_CORPUS_INDEXED_NOT_NORMATIVE,REFERENCE_CONTEXT_ONLY
CGP006-ALLOC-1828,CGP005-RC-1828,CGSRC-REPO-0226,ES-CG-00,ES-CG-00;ES-CG-01;ES-CG-13;ES-CG-10,CGP005_REFERENCE_CORPUS_ROW,0,REFERENCE_CORPUS_INDEXED_NOT_NORMATIVE,REFERENCE_CONTEXT_ONLY
CGP006-ALLOC-1829,CGP005-RC-1829,CGSRC-REPO-0227,ES-CG-00,ES-CG-00;ES-CG-01;ES-CG-13;ES-CG-10,CGP005_REFERENCE_CORPUS_ROW,0,REFERENCE_CORPUS_INDEXED_NOT_NORMATIVE,REFERENCE_CONTEXT_ONLY
CGP006-ALLOC-1830,CGP005-RC-1830,CGSRC-REPO-0228,ES-CG-00,ES-CG-00;ES-CG-01;ES-CG-13;ES-CG-10,CGP005_REFERENCE_CORPUS_ROW,0,REFERENCE_CORPUS_INDEXED_NOT_NORMATIVE,REFERENCE_CONTEXT_ONLY
CGP006-ALLOC-1831,CGP005-RC-1831,CGSRC-REPO-0229,ES-CG-00,ES-CG-00;ES-CG-01;ES-CG-13;ES-CG-10,CGP005_REFERENCE_CORPUS_ROW,0,REFERENCE_CORPUS_INDEXED_NOT_NORMATIVE,REFERENCE_CONTEXT_ONLY
CGP006-ALLOC-1832,CGP005-RC-1832,CGSRC-REPO-0230,ES-CG-00,ES-CG-00;ES-CG-01;ES-CG-13;ES-CG-10,CGP005_REFERENCE_CORPUS_ROW,0,REFERENCE_CORPUS_INDEXED_NOT_NORMATIVE,REFERENCE_CONTEXT_ONLY
CGP006-ALLOC-1833,CGP005-RC-1833,CGSRC-REPO-0231,ES-CG-00,ES-CG-00;ES-CG-01;ES-CG-13;ES-CG-10,CGP005_REFERENCE_CORPUS_ROW,0,REFERENCE_CORPUS_INDEXED_NOT_NORMATIVE,REFERENCE_CONTEXT_ONLY
CGP006-ALLOC-1834,CGP005-RC-1834,CGSRC-REPO-0232,ES-CG-00,ES-CG-00;ES-CG-01;ES-CG-13;ES-CG-10,CGP005_REFERENCE_CORPUS_ROW,0,REFERENCE_CORPUS_INDEXED_NOT_NORMATIVE,REFERENCE_CONTEXT_ONLY
CGP006-ALLOC-1835,CGP005-RC-1835,CGSRC-REPO-0233,ES-CG-00,ES-CG-00;ES-CG-01;ES-CG-13;ES-CG-10,CGP005_REFERENCE_CORPUS_ROW,0,REFERENCE_CORPUS_INDEXED_NOT_NORMATIVE,REFERENCE_CONTEXT_ONLY
CGP006-ALLOC-1836,CGP005-RC-1836,CGSRC-REPO-0234,ES-CG-00,ES-CG-00;ES-CG-01;ES-CG-13;ES-CG-10,CGP005_REFERENCE_CORPUS_ROW,0,REFERENCE_CORPUS_INDEXED_NOT_NORMATIVE,REFERENCE_CONTEXT_ONLY
CGP006-ALLOC-1837,CGP005-RC-1837,CGSRC-REPO-0235,ES-CG-00,ES-CG-00;ES-CG-01;ES-CG-13;ES-CG-10,CGP005_REFERENCE_CORPUS_ROW,0,REFERENCE_CORPUS_INDEXED_NOT_NORMATIVE,REFERENCE_CONTEXT_ONLY
CGP006-ALLOC-1838,CGP005-RC-1838,CGSRC-REPO-0236,ES-CG-00,ES-CG-00;ES-CG-01;ES-CG-13;ES-CG-10,CGP005_REFERENCE_CORPUS_ROW,0,REFERENCE_CORPUS_INDEXED_NOT_NORMATIVE,REFERENCE_CONTEXT_ONLY
CGP006-ALLOC-1839,CGP005-RC-1839,CGSRC-REPO-0237,ES-CG-00,ES-CG-00;ES-CG-01;ES-CG-13;ES-CG-10,CGP005_REFERENCE_CORPUS_ROW,0,REFERENCE_CORPUS_INDEXED_NOT_NORMATIVE,REFERENCE_CONTEXT_ONLY
CGP006-ALLOC-1840,CGP005-RC-1840,CGSRC-REPO-0238,ES-CG-00,ES-CG-00;ES-CG-01;ES-CG-13;ES-CG-10,CGP005_REFERENCE_CORPUS_ROW,0,REFERENCE_CORPUS_INDEXED_NOT_NORMATIVE,REFERENCE_CONTEXT_ONLY
CGP006-ALLOC-1841,CGP005-RC-1841,CGSRC-REPO-0239,ES-CG-00,ES-CG-00;ES-CG-01;ES-CG-13;ES-CG-10,CGP005_REFERENCE_CORPUS_ROW,0,REFERENCE_CORPUS_INDEXED_NOT_NORMATIVE,REFERENCE_CONTEXT_ONLY
CGP006-ALLOC-1842,CGP005-RC-1842,CGSRC-REPO-0240,ES-CG-00,ES-CG-00;ES-CG-01;ES-CG-13;ES-CG-10,CGP005_REFERENCE_CORPUS_ROW,0,REFERENCE_CORPUS_INDEXED_NOT_NORMATIVE,REFERENCE_CONTEXT_ONLY
CGP006-ALLOC-1843,CGP005-RC-1843,CGSRC-REPO-0241,ES-CG-00,ES-CG-00;ES-CG-01;ES-CG-13;ES-CG-10,CGP005_REFERENCE_CORPUS_ROW,0,REFERENCE_CORPUS_INDEXED_NOT_NORMATIVE,REFERENCE_CONTEXT_ONLY
CGP006-ALLOC-1844,CGP005-RC-1844,CGSRC-REPO-0242,ES-CG-00,ES-CG-00;ES-CG-01;ES-CG-13;ES-CG-10,CGP005_REFERENCE_CORPUS_ROW,0,REFERENCE_CORPUS_INDEXED_NOT_NORMATIVE,REFERENCE_CONTEXT_ONLY
CGP006-ALLOC-1845,CGP005-RC-1845,CGSRC-REPO-0243,ES-CG-00,ES-CG-00;ES-CG-01;ES-CG-13;ES-CG-10,CGP005_REFERENCE_CORPUS_ROW,0,REFERENCE_CORPUS_INDEXED_NOT_NORMATIVE,REFERENCE_CONTEXT_ONLY
CGP006-ALLOC-1846,CGP005-RC-1846,CGSRC-REPO-0244,ES-CG-00,ES-CG-00;ES-CG-01;ES-CG-13;ES-CG-10,CGP005_REFERENCE_CORPUS_ROW,0,REFERENCE_CORPUS_INDEXED_NOT_NORMATIVE,REFERENCE_CONTEXT_ONLY
CGP006-ALLOC-1847,CGP005-RC-1847,CGSRC-REPO-0245,ES-CG-00,ES-CG-00;ES-CG-01;ES-CG-13;ES-CG-10,CGP005_REFERENCE_CORPUS_ROW,0,REFERENCE_CORPUS_INDEXED_NOT_NORMATIVE,REFERENCE_CONTEXT_ONLY
CGP006-ALLOC-1848,CGP005-RC-1848,CGSRC-REPO-0246,ES-CG-00,ES-CG-00;ES-CG-01;ES-CG-13;ES-CG-10,CGP005_REFERENCE_CORPUS_ROW,0,REFERENCE_CORPUS_INDEXED_NOT_NORMATIVE,REFERENCE_CONTEXT_ONLY
CGP006-ALLOC-1849,CGP005-RC-1849,CGSRC-REPO-0247,ES-CG-00,ES-CG-00;ES-CG-01;ES-CG-13;ES-CG-10,CGP005_REFERENCE_CORPUS_ROW,0,REFERENCE_CORPUS_INDEXED_NOT_NORMATIVE,REFERENCE_CONTEXT_ONLY
CGP006-ALLOC-1850,CGP005-RC-1850,CGSRC-REPO-0248,ES-CG-00,ES-CG-00;ES-CG-01;ES-CG-13;ES-CG-10,CGP005_REFERENCE_CORPUS_ROW,0,REFERENCE_CORPUS_INDEXED_NOT_NORMATIVE,REFERENCE_CONTEXT_ONLY
CGP006-ALLOC-1851,CGP005-RC-1851,CGSRC-REPO-0249,ES-CG-00,ES-CG-00;ES-CG-01;ES-CG-13;ES-CG-10,CGP005_REFERENCE_CORPUS_ROW,0,REFERENCE_CORPUS_INDEXED_NOT_NORMATIVE,REFERENCE_CONTEXT_ONLY
CGP006-ALLOC-1852,CGP005-RC-1852,CGSRC-REPO-0250,ES-CG-00,ES-CG-00;ES-CG-01;ES-CG-13;ES-CG-10,CGP005_REFERENCE_CORPUS_ROW,0,REFERENCE_CORPUS_INDEXED_NOT_NORMATIVE,REFERENCE_CONTEXT_ONLY
CGP006-ALLOC-1853,CGP005-RC-1853,CGSRC-REPO-0251,ES-CG-00,ES-CG-00;ES-CG-01;ES-CG-13;ES-CG-10,CGP005_REFERENCE_CORPUS_ROW,0,REFERENCE_CORPUS_INDEXED_NOT_NORMATIVE,REFERENCE_CONTEXT_ONLY
CGP006-ALLOC-1854,CGP005-RC-1854,CGSRC-REPO-0252,ES-CG-00,ES-CG-00;ES-CG-01;ES-CG-13;ES-CG-10,CGP005_REFERENCE_CORPUS_ROW,0,REFERENCE_CORPUS_INDEXED_NOT_NORMATIVE,REFERENCE_CONTEXT_ONLY
CGP006-ALLOC-1855,CGP005-RC-1855,CGSRC-REPO-0253,ES-CG-00,ES-CG-00;ES-CG-01;ES-CG-13;ES-CG-10,CGP005_REFERENCE_CORPUS_ROW,0,REFERENCE_CORPUS_INDEXED_NOT_NORMATIVE,REFERENCE_CONTEXT_ONLY
CGP006-ALLOC-1856,CGP005-RC-1856,CGSRC-REPO-0254,ES-CG-00,ES-CG-00;ES-CG-01;ES-CG-13;ES-CG-10,CGP005_REFERENCE_CORPUS_ROW,0,REFERENCE_CORPUS_INDEXED_NOT_NORMATIVE,REFERENCE_CONTEXT_ONLY
CGP006-ALLOC-1857,CGP005-RC-1857,CGSRC-REPO-0255,ES-CG-00,ES-CG-00;ES-CG-01;ES-CG-13;ES-CG-10,CGP005_REFERENCE_CORPUS_ROW,0,REFERENCE_CORPUS_INDEXED_NOT_NORMATIVE,REFERENCE_CONTEXT_ONLY
CGP006-ALLOC-1858,CGP005-RC-1858,CGSRC-REPO-0256,ES-CG-00,ES-CG-00;ES-CG-01;ES-CG-13;ES-CG-10,CGP005_REFERENCE_CORPUS_ROW,0,REFERENCE_CORPUS_INDEXED_NOT_NORMATIVE,REFERENCE_CONTEXT_ONLY
CGP006-ALLOC-1859,CGP005-RC-1859,CGSRC-REPO-0257,ES-CG-00,ES-CG-00;ES-CG-01;ES-CG-13;ES-CG-10,CGP005_REFERENCE_CORPUS_ROW,0,REFERENCE_CORPUS_INDEXED_NOT_NORMATIVE,REFERENCE_CONTEXT_ONLY
CGP006-ALLOC-1860,CGP005-RC-1860,CGSRC-REPO-0258,ES-CG-00,ES-CG-00;ES-CG-01;ES-CG-13;ES-CG-10,CGP005_REFERENCE_CORPUS_ROW,0,REFERENCE_CORPUS_INDEXED_NOT_NORMATIVE,REFERENCE_CONTEXT_ONLY
CGP006-ALLOC-1861,CGP005-RC-1861,CGSRC-REPO-0259,ES-CG-00,ES-CG-00;ES-CG-01;ES-CG-13;ES-CG-10,CGP005_REFERENCE_CORPUS_ROW,0,REFERENCE_CORPUS_INDEXED_NOT_NORMATIVE,REFERENCE_CONTEXT_ONLY
CGP006-ALLOC-1862,CGP005-RC-1862,CGSRC-REPO-0260,ES-CG-00,ES-CG-00;ES-CG-01;ES-CG-13;ES-CG-10,CGP005_REFERENCE_CORPUS_ROW,0,REFERENCE_CORPUS_INDEXED_NOT_NORMATIVE,REFERENCE_CONTEXT_ONLY
CGP006-ALLOC-1863,CGP005-RC-1863,CGSRC-REPO-0261,ES-CG-00,ES-CG-00;ES-CG-01;ES-CG-13;ES-CG-10,CGP005_REFERENCE_CORPUS_ROW,0,REFERENCE_CORPUS_INDEXED_NOT_NORMATIVE,REFERENCE_CONTEXT_ONLY
CGP006-ALLOC-1864,CGP005-RC-1864,CGSRC-REPO-0262,ES-CG-00,ES-CG-00;ES-CG-01;ES-CG-13;ES-CG-10,CGP005_REFERENCE_CORPUS_ROW,0,REFERENCE_CORPUS_INDEXED_NOT_NORMATIVE,REFERENCE_CONTEXT_ONLY
CGP006-ALLOC-1865,CGP005-RC-1865,CGSRC-REPO-0263,ES-CG-00,ES-CG-00;ES-CG-01;ES-CG-13;ES-CG-10,CGP005_REFERENCE_CORPUS_ROW,0,REFERENCE_CORPUS_INDEXED_NOT_NORMATIVE,REFERENCE_CONTEXT_ONLY
CGP006-ALLOC-1866,CGP005-RC-1866,CGSRC-REPO-0264,ES-CG-00,ES-CG-00;ES-CG-01;ES-CG-13;ES-CG-10,CGP005_REFERENCE_CORPUS_ROW,0,REFERENCE_CORPUS_INDEXED_NOT_NORMATIVE,REFERENCE_CONTEXT_ONLY
CGP006-ALLOC-1867,CGP005-RC-1867,CGSRC-REPO-0265,ES-CG-00,ES-CG-00;ES-CG-01;ES-CG-13;ES-CG-10,CGP005_REFERENCE_CORPUS_ROW,0,REFERENCE_CORPUS_INDEXED_NOT_NORMATIVE,REFERENCE_CONTEXT_ONLY
CGP006-ALLOC-1868,CGP005-RC-1868,CGSRC-REPO-0266,ES-CG-00,ES-CG-00;ES-CG-01;ES-CG-13;ES-CG-10,CGP005_REFERENCE_CORPUS_ROW,0,REFERENCE_CORPUS_INDEXED_NOT_NORMATIVE,REFERENCE_CONTEXT_ONLY
CGP006-ALLOC-1869,CGP005-RC-1869,CGSRC-REPO-0267,ES-CG-00,ES-CG-00;ES-CG-01;ES-CG-13;ES-CG-10,CGP005_REFERENCE_CORPUS_ROW,0,REFERENCE_CORPUS_INDEXED_NOT_NORMATIVE,REFERENCE_CONTEXT_ONLY
CGP006-ALLOC-1870,CGP005-RC-1870,CGSRC-REPO-0268,ES-CG-00,ES-CG-00;ES-CG-01;ES-CG-13;ES-CG-10,CGP005_REFERENCE_CORPUS_ROW,0,REFERENCE_CORPUS_INDEXED_NOT_NORMATIVE,REFERENCE_CONTEXT_ONLY
CGP006-ALLOC-1871,CGP005-RC-1871,CGSRC-REPO-0269,ES-CG-00,ES-CG-00;ES-CG-01;ES-CG-13;ES-CG-10,CGP005_REFERENCE_CORPUS_ROW,0,REFERENCE_CORPUS_INDEXED_NOT_NORMATIVE,REFERENCE_CONTEXT_ONLY
CGP006-ALLOC-1872,CGP005-RC-1872,CGSRC-REPO-0270,ES-CG-00,ES-CG-00;ES-CG-01;ES-CG-13;ES-CG-10,CGP005_REFERENCE_CORPUS_ROW,0,REFERENCE_CORPUS_INDEXED_NOT_NORMATIVE,REFERENCE_CONTEXT_ONLY
CGP006-ALLOC-1873,CGP005-RC-1873,CGSRC-REPO-0271,ES-CG-00,ES-CG-00;ES-CG-01;ES-CG-13;ES-CG-10,CGP005_REFERENCE_CORPUS_ROW,0,REFERENCE_CORPUS_INDEXED_NOT_NORMATIVE,REFERENCE_CONTEXT_ONLY
CGP006-ALLOC-1874,CGP005-RC-1874,CGSRC-REPO-0272,ES-CG-00,ES-CG-00;ES-CG-01;ES-CG-13;ES-CG-10,CGP005_REFERENCE_CORPUS_ROW,0,REFERENCE_CORPUS_INDEXED_NOT_NORMATIVE,REFERENCE_CONTEXT_ONLY
CGP006-ALLOC-1875,CGP005-RC-1875,CGSRC-REPO-0273,ES-CG-00,ES-CG-00;ES-CG-01;ES-CG-13;ES-CG-10,CGP005_REFERENCE_CORPUS_ROW,0,REFERENCE_CORPUS_INDEXED_NOT_NORMATIVE,REFERENCE_CONTEXT_ONLY
CGP006-ALLOC-1876,CGP005-RC-1876,CGSRC-REPO-0274,ES-CG-00,ES-CG-00;ES-CG-01;ES-CG-13;ES-CG-10,CGP005_REFERENCE_CORPUS_ROW,0,REFERENCE_CORPUS_INDEXED_NOT_NORMATIVE,REFERENCE_CONTEXT_ONLY
CGP006-ALLOC-1877,CGP005-RC-1877,CGSRC-REPO-0275,ES-CG-00,ES-CG-00;ES-CG-01;ES-CG-13;ES-CG-10,CGP005_REFERENCE_CORPUS_ROW,0,REFERENCE_CORPUS_INDEXED_NOT_NORMATIVE,REFERENCE_CONTEXT_ONLY
CGP006-ALLOC-1878,CGP005-RC-1878,CGSRC-REPO-0276,ES-CG-00,ES-CG-00;ES-CG-01;ES-CG-13;ES-CG-10,CGP005_REFERENCE_CORPUS_ROW,0,REFERENCE_CORPUS_INDEXED_NOT_NORMATIVE,REFERENCE_CONTEXT_ONLY
CGP006-ALLOC-1879,CGP005-RC-1879,CGSRC-REPO-0277,ES-CG-00,ES-CG-00;ES-CG-01;ES-CG-13;ES-CG-10,CGP005_REFERENCE_CORPUS_ROW,0,REFERENCE_CORPUS_INDEXED_NOT_NORMATIVE,REFERENCE_CONTEXT_ONLY
CGP006-ALLOC-1880,CGP005-RC-1880,CGSRC-REPO-0278,ES-CG-00,ES-CG-00;ES-CG-01;ES-CG-13;ES-CG-10,CGP005_REFERENCE_CORPUS_ROW,0,REFERENCE_CORPUS_INDEXED_NOT_NORMATIVE,REFERENCE_CONTEXT_ONLY
CGP006-ALLOC-1881,CGP005-RC-1881,CGSRC-REPO-0279,ES-CG-00,ES-CG-00;ES-CG-01;ES-CG-13;ES-CG-10,CGP005_REFERENCE_CORPUS_ROW,0,REFERENCE_CORPUS_INDEXED_NOT_NORMATIVE,REFERENCE_CONTEXT_ONLY
CGP006-ALLOC-1882,CGP005-RC-1882,CGSRC-REPO-0280,ES-CG-00,ES-CG-00;ES-CG-01;ES-CG-13;ES-CG-10,CGP005_REFERENCE_CORPUS_ROW,0,REFERENCE_CORPUS_INDEXED_NOT_NORMATIVE,REFERENCE_CONTEXT_ONLY
CGP006-ALLOC-1883,CGP005-RC-1883,CGSRC-REPO-0281,ES-CG-00,ES-CG-00;ES-CG-01;ES-CG-13;ES-CG-10,CGP005_REFERENCE_CORPUS_ROW,0,REFERENCE_CORPUS_INDEXED_NOT_NORMATIVE,REFERENCE_CONTEXT_ONLY
CGP006-ALLOC-1884,CGP005-RC-1884,CGSRC-REPO-0282,ES-CG-00,ES-CG-00;ES-CG-01;ES-CG-13;ES-CG-10,CGP005_REFERENCE_CORPUS_ROW,0,REFERENCE_CORPUS_INDEXED_NOT_NORMATIVE,REFERENCE_CONTEXT_ONLY
CGP006-ALLOC-1885,CGP005-RC-1885,CGSRC-REPO-0283,ES-CG-00,ES-CG-00;ES-CG-01;ES-CG-13;ES-CG-10,CGP005_REFERENCE_CORPUS_ROW,0,REFERENCE_CORPUS_INDEXED_NOT_NORMATIVE,REFERENCE_CONTEXT_ONLY
CGP006-ALLOC-1886,CGP005-RC-1886,CGSRC-REPO-0284,ES-CG-00,ES-CG-00;ES-CG-01;ES-CG-13;ES-CG-10,CGP005_REFERENCE_CORPUS_ROW,0,REFERENCE_CORPUS_INDEXED_NOT_NORMATIVE,REFERENCE_CONTEXT_ONLY
CGP006-ALLOC-1887,CGP005-RC-1887,CGSRC-REPO-0285,ES-CG-00,ES-CG-00;ES-CG-01;ES-CG-13;ES-CG-10,CGP005_REFERENCE_CORPUS_ROW,0,REFERENCE_CORPUS_INDEXED_NOT_NORMATIVE,REFERENCE_CONTEXT_ONLY
CGP006-ALLOC-1888,CGP005-RC-1888,CGSRC-REPO-0286,ES-CG-00,ES-CG-00;ES-CG-01;ES-CG-13;ES-CG-10,CGP005_REFERENCE_CORPUS_ROW,0,REFERENCE_CORPUS_INDEXED_NOT_NORMATIVE,REFERENCE_CONTEXT_ONLY
CGP006-ALLOC-1889,CGP005-RC-1889,CGSRC-REPO-0287,ES-CG-00,ES-CG-00;ES-CG-01;ES-CG-13;ES-CG-10,CGP005_REFERENCE_CORPUS_ROW,0,REFERENCE_CORPUS_INDEXED_NOT_NORMATIVE,REFERENCE_CONTEXT_ONLY
CGP006-ALLOC-1890,CGP005-RC-1890,CGSRC-REPO-0288,ES-CG-00,ES-CG-00;ES-CG-01;ES-CG-13;ES-CG-10,CGP005_REFERENCE_CORPUS_ROW,0,REFERENCE_CORPUS_INDEXED_NOT_NORMATIVE,REFERENCE_CONTEXT_ONLY
CGP006-ALLOC-1891,CGP005-RC-1891,CGSRC-REPO-0289,ES-CG-00,ES-CG-00;ES-CG-01;ES-CG-13;ES-CG-10,CGP005_REFERENCE_CORPUS_ROW,0,REFERENCE_CORPUS_INDEXED_NOT_NORMATIVE,REFERENCE_CONTEXT_ONLY
CGP006-ALLOC-1892,CGP005-RC-1892,CGSRC-REPO-0290,ES-CG-00,ES-CG-00;ES-CG-01;ES-CG-13;ES-CG-10,CGP005_REFERENCE_CORPUS_ROW,0,REFERENCE_CORPUS_INDEXED_NOT_NORMATIVE,REFERENCE_CONTEXT_ONLY
CGP006-ALLOC-1893,CGP005-RC-1893,CGSRC-REPO-0291,ES-CG-00,ES-CG-00;ES-CG-01;ES-CG-13;ES-CG-10,CGP005_REFERENCE_CORPUS_ROW,0,REFERENCE_CORPUS_INDEXED_NOT_NORMATIVE,REFERENCE_CONTEXT_ONLY
CGP006-ALLOC-1894,CGP005-RC-1894,CGSRC-REPO-0292,ES-CG-00,ES-CG-00;ES-CG-01;ES-CG-13;ES-CG-10,CGP005_REFERENCE_CORPUS_ROW,0,REFERENCE_CORPUS_INDEXED_NOT_NORMATIVE,REFERENCE_CONTEXT_ONLY
CGP006-ALLOC-1895,CGP005-RC-1895,CGSRC-REPO-0293,ES-CG-00,ES-CG-00;ES-CG-01;ES-CG-13;ES-CG-10,CGP005_REFERENCE_CORPUS_ROW,0,REFERENCE_CORPUS_INDEXED_NOT_NORMATIVE,REFERENCE_CONTEXT_ONLY
CGP006-ALLOC-1896,CGP005-RC-1896,CGSRC-REPO-0294,ES-CG-00,ES-CG-00;ES-CG-01;ES-CG-13;ES-CG-10,CGP005_REFERENCE_CORPUS_ROW,0,REFERENCE_CORPUS_INDEXED_NOT_NORMATIVE,REFERENCE_CONTEXT_ONLY
CGP006-ALLOC-1897,CGP005-RC-1897,CGSRC-REPO-0295,ES-CG-00,ES-CG-00;ES-CG-01;ES-CG-13;ES-CG-10,CGP005_REFERENCE_CORPUS_ROW,0,REFERENCE_CORPUS_INDEXED_NOT_NORMATIVE,REFERENCE_CONTEXT_ONLY
CGP006-ALLOC-1898,CGP005-RC-1898,CGSRC-REPO-0296,ES-CG-00,ES-CG-00;ES-CG-01;ES-CG-13;ES-CG-10,CGP005_REFERENCE_CORPUS_ROW,0,REFERENCE_CORPUS_INDEXED_NOT_NORMATIVE,REFERENCE_CONTEXT_ONLY
CGP006-ALLOC-1899,CGP005-RC-1899,CGSRC-REPO-0297,ES-CG-00,ES-CG-00;ES-CG-01;ES-CG-13;ES-CG-10,CGP005_REFERENCE_CORPUS_ROW,0,REFERENCE_CORPUS_INDEXED_NOT_NORMATIVE,REFERENCE_CONTEXT_ONLY
CGP006-ALLOC-1900,CGP005-RC-1900,CGSRC-REPO-0298,ES-CG-00,ES-CG-00;ES-CG-01;ES-CG-13;ES-CG-10,CGP005_REFERENCE_CORPUS_ROW,0,REFERENCE_CORPUS_INDEXED_NOT_NORMATIVE,REFERENCE_CONTEXT_ONLY
CGP006-ALLOC-1901,CGP005-RC-1901,CGSRC-REPO-0299,ES-CG-00,ES-CG-00;ES-CG-01;ES-CG-13;ES-CG-10,CGP005_REFERENCE_CORPUS_ROW,0,REFERENCE_CORPUS_INDEXED_NOT_NORMATIVE,REFERENCE_CONTEXT_ONLY
CGP006-ALLOC-1902,CGP005-RC-1902,CGSRC-REPO-0300,ES-CG-00,ES-CG-00;ES-CG-01;ES-CG-13;ES-CG-10,CGP005_REFERENCE_CORPUS_ROW,0,REFERENCE_CORPUS_INDEXED_NOT_NORMATIVE,REFERENCE_CONTEXT_ONLY
CGP006-ALLOC-1903,CGP005-RC-1903,CGSRC-REPO-0301,ES-CG-00,ES-CG-00;ES-CG-01;ES-CG-13;ES-CG-10,CGP005_REFERENCE_CORPUS_ROW,0,REFERENCE_CORPUS_INDEXED_NOT_NORMATIVE,REFERENCE_CONTEXT_ONLY
CGP006-ALLOC-1904,CGP005-RC-1904,CGSRC-REPO-0302,ES-CG-00,ES-CG-00;ES-CG-01;ES-CG-13;ES-CG-10,CGP005_REFERENCE_CORPUS_ROW,0,REFERENCE_CORPUS_INDEXED_NOT_NORMATIVE,REFERENCE_CONTEXT_ONLY
CGP006-ALLOC-1905,CGP005-RC-1905,CGSRC-REPO-0303,ES-CG-00,ES-CG-00;ES-CG-01;ES-CG-13;ES-CG-10,CGP005_REFERENCE_CORPUS_ROW,0,REFERENCE_CORPUS_INDEXED_NOT_NORMATIVE,REFERENCE_CONTEXT_ONLY
CGP006-ALLOC-1906,CGP005-RC-1906,CGSRC-REPO-0304,ES-CG-00,ES-CG-00;ES-CG-01;ES-CG-13;ES-CG-10,CGP005_REFERENCE_CORPUS_ROW,0,REFERENCE_CORPUS_INDEXED_NOT_NORMATIVE,REFERENCE_CONTEXT_ONLY
CGP006-ALLOC-1907,CGP005-RC-1907,CGSRC-REPO-0305,ES-CG-00,ES-CG-00;ES-CG-01;ES-CG-13;ES-CG-10,CGP005_REFERENCE_CORPUS_ROW,0,REFERENCE_CORPUS_INDEXED_NOT_NORMATIVE,REFERENCE_CONTEXT_ONLY
CGP006-ALLOC-1908,CGP005-RC-1908,CGSRC-REPO-0306,ES-CG-00,ES-CG-00;ES-CG-01;ES-CG-13;ES-CG-10,CGP005_REFERENCE_CORPUS_ROW,0,REFERENCE_CORPUS_INDEXED_NOT_NORMATIVE,REFERENCE_CONTEXT_ONLY
CGP006-ALLOC-1909,CGP005-RC-1909,CGSRC-REPO-0307,ES-CG-00,ES-CG-00;ES-CG-01;ES-CG-13;ES-CG-10,CGP005_REFERENCE_CORPUS_ROW,0,REFERENCE_CORPUS_INDEXED_NOT_NORMATIVE,REFERENCE_CONTEXT_ONLY
CGP006-ALLOC-1910,CGP005-RC-1910,CGSRC-REPO-0308,ES-CG-00,ES-CG-00;ES-CG-01;ES-CG-13;ES-CG-10,CGP005_REFERENCE_CORPUS_ROW,0,REFERENCE_CORPUS_INDEXED_NOT_NORMATIVE,REFERENCE_CONTEXT_ONLY
CGP006-ALLOC-1911,CGP005-RC-1911,CGSRC-REPO-0309,ES-CG-00,ES-CG-00;ES-CG-01;ES-CG-13;ES-CG-10,CGP005_REFERENCE_CORPUS_ROW,0,REFERENCE_CORPUS_INDEXED_NOT_NORMATIVE,REFERENCE_CONTEXT_ONLY
CGP006-ALLOC-1912,CGP005-RC-1912,CGSRC-REPO-0310,ES-CG-00,ES-CG-00;ES-CG-01;ES-CG-13;ES-CG-10,CGP005_REFERENCE_CORPUS_ROW,0,REFERENCE_CORPUS_INDEXED_NOT_NORMATIVE,REFERENCE_CONTEXT_ONLY
CGP006-ALLOC-1913,CGP005-RC-1913,CGSRC-REPO-0311,ES-CG-00,ES-CG-00;ES-CG-01;ES-CG-13;ES-CG-10,CGP005_REFERENCE_CORPUS_ROW,0,REFERENCE_CORPUS_INDEXED_NOT_NORMATIVE,REFERENCE_CONTEXT_ONLY
CGP006-ALLOC-1914,CGP005-RC-1914,CGSRC-REPO-0312,ES-CG-00,ES-CG-00;ES-CG-01;ES-CG-13;ES-CG-10,CGP005_REFERENCE_CORPUS_ROW,0,REFERENCE_CORPUS_INDEXED_NOT_NORMATIVE,REFERENCE_CONTEXT_ONLY
CGP006-ALLOC-1915,CGP005-RC-1915,CGSRC-REPO-0313,ES-CG-00,ES-CG-00;ES-CG-01;ES-CG-13;ES-CG-10,CGP005_REFERENCE_CORPUS_ROW,0,REFERENCE_CORPUS_INDEXED_NOT_NORMATIVE,REFERENCE_CONTEXT_ONLY
CGP006-ALLOC-1916,CGP005-RC-1916,CGSRC-REPO-0314,ES-CG-00,ES-CG-00;ES-CG-01;ES-CG-13;ES-CG-10,CGP005_REFERENCE_CORPUS_ROW,0,REFERENCE_CORPUS_INDEXED_NOT_NORMATIVE,REFERENCE_CONTEXT_ONLY
CGP006-ALLOC-1917,CGP005-RC-1917,CGSRC-REPO-0315,ES-CG-00,ES-CG-00;ES-CG-01;ES-CG-13;ES-CG-10,CGP005_REFERENCE_CORPUS_ROW,0,REFERENCE_CORPUS_INDEXED_NOT_NORMATIVE,REFERENCE_CONTEXT_ONLY
CGP006-ALLOC-1918,CGP005-RC-1918,CGSRC-REPO-0316,ES-CG-00,ES-CG-00;ES-CG-01;ES-CG-13;ES-CG-10,CGP005_REFERENCE_CORPUS_ROW,0,REFERENCE_CORPUS_INDEXED_NOT_NORMATIVE,REFERENCE_CONTEXT_ONLY
CGP006-ALLOC-1919,CGP005-RC-1919,CGSRC-REPO-0317,ES-CG-00,ES-CG-00;ES-CG-01;ES-CG-13;ES-CG-10,CGP005_REFERENCE_CORPUS_ROW,0,REFERENCE_CORPUS_INDEXED_NOT_NORMATIVE,REFERENCE_CONTEXT_ONLY
CGP006-ALLOC-1920,CGP005-RC-1920,CGSRC-REPO-0318,ES-CG-00,ES-CG-00;ES-CG-01;ES-CG-13;ES-CG-10,CGP005_REFERENCE_CORPUS_ROW,0,REFERENCE_CORPUS_INDEXED_NOT_NORMATIVE,REFERENCE_CONTEXT_ONLY
CGP006-ALLOC-1921,CGP005-RC-1921,CGSRC-REPO-0319,ES-CG-00,ES-CG-00;ES-CG-01;ES-CG-13;ES-CG-10,CGP005_REFERENCE_CORPUS_ROW,0,REFERENCE_CORPUS_INDEXED_NOT_NORMATIVE,REFERENCE_CONTEXT_ONLY
CGP006-ALLOC-1922,CGP005-RC-1922,CGSRC-REPO-0320,ES-CG-00,ES-CG-00;ES-CG-01;ES-CG-13,CGP005_REFERENCE_CORPUS_ROW,0,REFERENCE_CORPUS_INDEXED_NOT_NORMATIVE,REFERENCE_CONTEXT_ONLY
CGP006-ALLOC-1923,CGP005-RC-1923,CGSRC-REPO-0321,ES-CG-00,ES-CG-00;ES-CG-01;ES-CG-13;ES-CG-10,CGP005_REFERENCE_CORPUS_ROW,0,REFERENCE_CORPUS_INDEXED_NOT_NORMATIVE,REFERENCE_CONTEXT_ONLY
CGP006-ALLOC-1924,CGP005-RC-1924,CGSRC-REPO-0322,ES-CG-00,ES-CG-00;ES-CG-01;ES-CG-13;ES-CG-10,CGP005_REFERENCE_CORPUS_ROW,0,REFERENCE_CORPUS_INDEXED_NOT_NORMATIVE,REFERENCE_CONTEXT_ONLY
CGP006-ALLOC-1925,CGP005-RC-1925,CGSRC-REPO-0323,ES-CG-00,ES-CG-00;ES-CG-01;ES-CG-13;ES-CG-10,CGP005_REFERENCE_CORPUS_ROW,0,REFERENCE_CORPUS_INDEXED_NOT_NORMATIVE,REFERENCE_CONTEXT_ONLY
CGP006-ALLOC-1926,CGP005-RC-1926,CGSRC-REPO-0324,ES-CG-00,ES-CG-00;ES-CG-01;ES-CG-13;ES-CG-10,CGP005_REFERENCE_CORPUS_ROW,0,REFERENCE_CORPUS_INDEXED_NOT_NORMATIVE,REFERENCE_CONTEXT_ONLY
CGP006-ALLOC-1927,CGP005-RC-1927,CGSRC-REPO-0325,ES-CG-00,ES-CG-00;ES-CG-01;ES-CG-13;ES-CG-10,CGP005_REFERENCE_CORPUS_ROW,0,REFERENCE_CORPUS_INDEXED_NOT_NORMATIVE,REFERENCE_CONTEXT_ONLY
CGP006-ALLOC-1928,CGP005-RC-1928,CGSRC-REPO-0326,ES-CG-00,ES-CG-00;ES-CG-01;ES-CG-13;ES-CG-10,CGP005_REFERENCE_CORPUS_ROW,0,REFERENCE_CORPUS_INDEXED_NOT_NORMATIVE,REFERENCE_CONTEXT_ONLY
CGP006-ALLOC-1929,CGP005-RC-1929,CGSRC-REPO-0327,ES-CG-00,ES-CG-00;ES-CG-01;ES-CG-13;ES-CG-10,CGP005_REFERENCE_CORPUS_ROW,0,REFERENCE_CORPUS_INDEXED_NOT_NORMATIVE,REFERENCE_CONTEXT_ONLY
CGP006-ALLOC-1930,CGP005-RC-1930,CGSRC-REPO-0328,ES-CG-00,ES-CG-00;ES-CG-01;ES-CG-13;ES-CG-10,CGP005_REFERENCE_CORPUS_ROW,0,REFERENCE_CORPUS_INDEXED_NOT_NORMATIVE,REFERENCE_CONTEXT_ONLY
CGP006-ALLOC-1931,CGP005-RC-1931,CGSRC-REPO-0329,ES-CG-00,ES-CG-00;ES-CG-01;ES-CG-13;ES-CG-10,CGP005_REFERENCE_CORPUS_ROW,0,REFERENCE_CORPUS_INDEXED_NOT_NORMATIVE,REFERENCE_CONTEXT_ONLY
CGP006-ALLOC-1932,CGP005-RC-1932,CGSRC-REPO-0330,ES-CG-00,ES-CG-00;ES-CG-01;ES-CG-13;ES-CG-10,CGP005_REFERENCE_CORPUS_ROW,0,REFERENCE_CORPUS_INDEXED_NOT_NORMATIVE,REFERENCE_CONTEXT_ONLY
CGP006-ALLOC-1933,CGP005-RC-1933,CGSRC-REPO-0331,ES-CG-00,ES-CG-00;ES-CG-01;ES-CG-13;ES-CG-10,CGP005_REFERENCE_CORPUS_ROW,0,REFERENCE_CORPUS_INDEXED_NOT_NORMATIVE,REFERENCE_CONTEXT_ONLY
CGP006-ALLOC-1934,CGP005-RC-1934,CGSRC-REPO-0332,ES-CG-00,ES-CG-00;ES-CG-01;ES-CG-13;ES-CG-10,CGP005_REFERENCE_CORPUS_ROW,0,REFERENCE_CORPUS_INDEXED_NOT_NORMATIVE,REFERENCE_CONTEXT_ONLY
CGP006-ALLOC-1935,CGP005-RC-1935,CGSRC-REPO-0333,ES-CG-00,ES-CG-00;ES-CG-01;ES-CG-13;ES-CG-10,CGP005_REFERENCE_CORPUS_ROW,0,REFERENCE_CORPUS_INDEXED_NOT_NORMATIVE,REFERENCE_CONTEXT_ONLY
CGP006-ALLOC-1936,CGP005-RC-1936,CGSRC-REPO-0334,ES-CG-00,ES-CG-00;ES-CG-01;ES-CG-13,CGP005_REFERENCE_CORPUS_ROW,0,REFERENCE_CORPUS_INDEXED_NOT_NORMATIVE,REFERENCE_CONTEXT_ONLY
CGP006-ALLOC-1937,CGP005-RC-1937,CGSRC-REPO-0335,ES-CG-00,ES-CG-00;ES-CG-01;ES-CG-13;ES-CG-10,CGP005_REFERENCE_CORPUS_ROW,0,REFERENCE_CORPUS_INDEXED_NOT_NORMATIVE,REFERENCE_CONTEXT_ONLY
CGP006-ALLOC-1938,CGP005-RC-1938,CGSRC-REPO-0336,ES-CG-00,ES-CG-00;ES-CG-01;ES-CG-13;ES-CG-10,CGP005_REFERENCE_CORPUS_ROW,0,REFERENCE_CORPUS_INDEXED_NOT_NORMATIVE,REFERENCE_CONTEXT_ONLY
CGP006-ALLOC-1939,CGP005-RC-1939,CGSRC-REPO-0337,ES-CG-00,ES-CG-00;ES-CG-01;ES-CG-13;ES-CG-10,CGP005_REFERENCE_CORPUS_ROW,0,REFERENCE_CORPUS_INDEXED_NOT_NORMATIVE,REFERENCE_CONTEXT_ONLY
CGP006-ALLOC-1940,CGP005-RC-1940,CGSRC-REPO-0338,ES-CG-00,ES-CG-00;ES-CG-01;ES-CG-13;ES-CG-10,CGP005_REFERENCE_CORPUS_ROW,0,REFERENCE_CORPUS_INDEXED_NOT_NORMATIVE,REFERENCE_CONTEXT_ONLY
CGP006-ALLOC-1941,CGP005-RC-1941,CGSRC-REPO-0339,ES-CG-00,ES-CG-00;ES-CG-01;ES-CG-13;ES-CG-10,CGP005_REFERENCE_CORPUS_ROW,0,REFERENCE_CORPUS_INDEXED_NOT_NORMATIVE,REFERENCE_CONTEXT_ONLY
CGP006-ALLOC-1942,CGP005-RC-1942,CGSRC-REPO-0340,ES-CG-00,ES-CG-00;ES-CG-01;ES-CG-13;ES-CG-10,CGP005_REFERENCE_CORPUS_ROW,0,REFERENCE_CORPUS_INDEXED_NOT_NORMATIVE,REFERENCE_CONTEXT_ONLY
CGP006-ALLOC-1943,CGP005-RC-1943,CGSRC-REPO-0341,ES-CG-00,ES-CG-00;ES-CG-01;ES-CG-13;ES-CG-10,CGP005_REFERENCE_CORPUS_ROW,0,REFERENCE_CORPUS_INDEXED_NOT_NORMATIVE,REFERENCE_CONTEXT_ONLY
CGP006-ALLOC-1944,CGP005-RC-1944,CGSRC-REPO-0342,ES-CG-00,ES-CG-00;ES-CG-01;ES-CG-13;ES-CG-10,CGP005_REFERENCE_CORPUS_ROW,0,REFERENCE_CORPUS_INDEXED_NOT_NORMATIVE,REFERENCE_CONTEXT_ONLY
CGP006-ALLOC-1945,CGP005-RC-1945,CGSRC-REPO-0343,ES-CG-00,ES-CG-00;ES-CG-01;ES-CG-13;ES-CG-10,CGP005_REFERENCE_CORPUS_ROW,0,REFERENCE_CORPUS_INDEXED_NOT_NORMATIVE,REFERENCE_CONTEXT_ONLY
CGP006-ALLOC-1946,CGP005-RC-1946,CGSRC-REPO-0344,ES-CG-00,ES-CG-00;ES-CG-01;ES-CG-13;ES-CG-10,CGP005_REFERENCE_CORPUS_ROW,0,REFERENCE_CORPUS_INDEXED_NOT_NORMATIVE,REFERENCE_CONTEXT_ONLY
CGP006-ALLOC-1947,CGP005-RC-1947,CGSRC-REPO-0345,ES-CG-00,ES-CG-00;ES-CG-01;ES-CG-13;ES-CG-10,CGP005_REFERENCE_CORPUS_ROW,0,REFERENCE_CORPUS_INDEXED_NOT_NORMATIVE,REFERENCE_CONTEXT_ONLY
CGP006-ALLOC-1948,CGP005-RC-1948,CGSRC-REPO-0346,ES-CG-00,ES-CG-00;ES-CG-01;ES-CG-13;ES-CG-10,CGP005_REFERENCE_CORPUS_ROW,0,REFERENCE_CORPUS_INDEXED_NOT_NORMATIVE,REFERENCE_CONTEXT_ONLY
CGP006-ALLOC-1949,CGP005-RC-1949,CGSRC-REPO-0347,ES-CG-00,ES-CG-00;ES-CG-01;ES-CG-13;ES-CG-10,CGP005_REFERENCE_CORPUS_ROW,0,REFERENCE_CORPUS_INDEXED_NOT_NORMATIVE,REFERENCE_CONTEXT_ONLY
CGP006-ALLOC-1950,CGP005-RC-1950,CGSRC-REPO-0348,ES-CG-00,ES-CG-00;ES-CG-01;ES-CG-13;ES-CG-10,CGP005_REFERENCE_CORPUS_ROW,0,REFERENCE_CORPUS_INDEXED_NOT_NORMATIVE,REFERENCE_CONTEXT_ONLY
CGP006-ALLOC-1951,CGP005-RC-1951,CGSRC-REPO-0349,ES-CG-00,ES-CG-00;ES-CG-01;ES-CG-13;ES-CG-10,CGP005_REFERENCE_CORPUS_ROW,0,REFERENCE_CORPUS_INDEXED_NOT_NORMATIVE,REFERENCE_CONTEXT_ONLY
CGP006-ALLOC-1952,CGP005-RC-1952,CGSRC-REPO-0350,ES-CG-00,ES-CG-00;ES-CG-01;ES-CG-13;ES-CG-10,CGP005_REFERENCE_CORPUS_ROW,0,REFERENCE_CORPUS_INDEXED_NOT_NORMATIVE,REFERENCE_CONTEXT_ONLY
CGP006-ALLOC-1953,CGP005-RC-1953,CGSRC-REPO-0351,ES-CG-00,ES-CG-00;ES-CG-01;ES-CG-13;ES-CG-10,CGP005_REFERENCE_CORPUS_ROW,0,REFERENCE_CORPUS_INDEXED_NOT_NORMATIVE,REFERENCE_CONTEXT_ONLY
CGP006-ALLOC-1954,CGP005-RC-1954,CGSRC-REPO-0352,ES-CG-00,ES-CG-00;ES-CG-01;ES-CG-13;ES-CG-10,CGP005_REFERENCE_CORPUS_ROW,0,REFERENCE_CORPUS_INDEXED_NOT_NORMATIVE,REFERENCE_CONTEXT_ONLY
CGP006-ALLOC-1955,CGP005-RC-1955,CGSRC-REPO-0353,ES-CG-00,ES-CG-00;ES-CG-01;ES-CG-13;ES-CG-10,CGP005_REFERENCE_CORPUS_ROW,0,REFERENCE_CORPUS_INDEXED_NOT_NORMATIVE,REFERENCE_CONTEXT_ONLY
CGP006-ALLOC-1956,CGP005-RC-1956,CGSRC-REPO-0354,ES-CG-00,ES-CG-00;ES-CG-01;ES-CG-13;ES-CG-10,CGP005_REFERENCE_CORPUS_ROW,0,REFERENCE_CORPUS_INDEXED_NOT_NORMATIVE,REFERENCE_CONTEXT_ONLY
CGP006-ALLOC-1957,CGP005-RC-1957,CGSRC-REPO-0355,ES-CG-00,ES-CG-00;ES-CG-01;ES-CG-13;ES-CG-10,CGP005_REFERENCE_CORPUS_ROW,0,REFERENCE_CORPUS_INDEXED_NOT_NORMATIVE,REFERENCE_CONTEXT_ONLY
CGP006-ALLOC-1958,CGP005-RC-1958,CGSRC-REPO-0356,ES-CG-00,ES-CG-00;ES-CG-01;ES-CG-13;ES-CG-10,CGP005_REFERENCE_CORPUS_ROW,0,REFERENCE_CORPUS_INDEXED_NOT_NORMATIVE,REFERENCE_CONTEXT_ONLY
CGP006-ALLOC-1959,CGP005-RC-1959,CGSRC-REPO-0357,ES-CG-00,ES-CG-00;ES-CG-01;ES-CG-13;ES-CG-10,CGP005_REFERENCE_CORPUS_ROW,0,REFERENCE_CORPUS_INDEXED_NOT_NORMATIVE,REFERENCE_CONTEXT_ONLY
CGP006-ALLOC-1960,CGP005-RC-1960,CGSRC-REPO-0358,ES-CG-00,ES-CG-00;ES-CG-01;ES-CG-13;ES-CG-10,CGP005_REFERENCE_CORPUS_ROW,0,REFERENCE_CORPUS_INDEXED_NOT_NORMATIVE,REFERENCE_CONTEXT_ONLY
CGP006-ALLOC-1961,CGP005-RC-1961,CGSRC-REPO-0359,ES-CG-00,ES-CG-00;ES-CG-01;ES-CG-13;ES-CG-10,CGP005_REFERENCE_CORPUS_ROW,0,REFERENCE_CORPUS_INDEXED_NOT_NORMATIVE,REFERENCE_CONTEXT_ONLY
CGP006-ALLOC-1962,CGP005-RC-1962,CGSRC-REPO-0360,ES-CG-00,ES-CG-00;ES-CG-01;ES-CG-13;ES-CG-10,CGP005_REFERENCE_CORPUS_ROW,0,REFERENCE_CORPUS_INDEXED_NOT_NORMATIVE,REFERENCE_CONTEXT_ONLY
CGP006-ALLOC-1963,CGP005-RC-1963,CGSRC-REPO-0361,ES-CG-00,ES-CG-00;ES-CG-01;ES-CG-13;ES-CG-10,CGP005_REFERENCE_CORPUS_ROW,0,REFERENCE_CORPUS_INDEXED_NOT_NORMATIVE,REFERENCE_CONTEXT_ONLY
CGP006-ALLOC-1964,CGP005-RC-1964,CGSRC-REPO-0362,ES-CG-00,ES-CG-00;ES-CG-01;ES-CG-13;ES-CG-10,CGP005_REFERENCE_CORPUS_ROW,0,REFERENCE_CORPUS_INDEXED_NOT_NORMATIVE,REFERENCE_CONTEXT_ONLY
CGP006-ALLOC-1965,CGP005-RC-1965,CGSRC-REPO-0363,ES-CG-00,ES-CG-00;ES-CG-01;ES-CG-13;ES-CG-10,CGP005_REFERENCE_CORPUS_ROW,0,REFERENCE_CORPUS_INDEXED_NOT_NORMATIVE,REFERENCE_CONTEXT_ONLY
CGP006-ALLOC-1966,CGP005-RC-1966,CGSRC-REPO-0364,ES-CG-00,ES-CG-00;ES-CG-01;ES-CG-13;ES-CG-10,CGP005_REFERENCE_CORPUS_ROW,0,REFERENCE_CORPUS_INDEXED_NOT_NORMATIVE,REFERENCE_CONTEXT_ONLY
CGP006-ALLOC-1967,CGP005-RC-1967,CGSRC-REPO-0365,ES-CG-00,ES-CG-00;ES-CG-01;ES-CG-13;ES-CG-10,CGP005_REFERENCE_CORPUS_ROW,0,REFERENCE_CORPUS_INDEXED_NOT_NORMATIVE,REFERENCE_CONTEXT_ONLY
CGP006-ALLOC-1968,CGP005-RC-1968,CGSRC-REPO-0366,ES-CG-00,ES-CG-00;ES-CG-01;ES-CG-13;ES-CG-10,CGP005_REFERENCE_CORPUS_ROW,0,REFERENCE_CORPUS_INDEXED_NOT_NORMATIVE,REFERENCE_CONTEXT_ONLY
CGP006-ALLOC-1969,CGP005-RC-1969,CGSRC-REPO-0367,ES-CG-00,ES-CG-00;ES-CG-01;ES-CG-13;ES-CG-10,CGP005_REFERENCE_CORPUS_ROW,0,REFERENCE_CORPUS_INDEXED_NOT_NORMATIVE,REFERENCE_CONTEXT_ONLY
CGP006-ALLOC-1970,CGP005-RC-1970,CGSRC-REPO-0368,ES-CG-00,ES-CG-00;ES-CG-01;ES-CG-13;ES-CG-10,CGP005_REFERENCE_CORPUS_ROW,0,REFERENCE_CORPUS_INDEXED_NOT_NORMATIVE,REFERENCE_CONTEXT_ONLY
CGP006-ALLOC-1971,CGP005-RC-1971,CGSRC-REPO-0369,ES-CG-00,ES-CG-00;ES-CG-01;ES-CG-13;ES-CG-10,CGP005_REFERENCE_CORPUS_ROW,0,REFERENCE_CORPUS_INDEXED_NOT_NORMATIVE,REFERENCE_CONTEXT_ONLY
CGP006-ALLOC-1972,CGP005-RC-1972,CGSRC-REPO-0370,ES-CG-00,ES-CG-00;ES-CG-01;ES-CG-13;ES-CG-10,CGP005_REFERENCE_CORPUS_ROW,0,REFERENCE_CORPUS_INDEXED_NOT_NORMATIVE,REFERENCE_CONTEXT_ONLY
CGP006-ALLOC-1973,CGP005-RC-1973,CGSRC-REPO-0371,ES-CG-00,ES-CG-00;ES-CG-01;ES-CG-13;ES-CG-10,CGP005_REFERENCE_CORPUS_ROW,0,REFERENCE_CORPUS_INDEXED_NOT_NORMATIVE,REFERENCE_CONTEXT_ONLY
CGP006-ALLOC-1974,CGP005-RC-1974,CGSRC-REPO-0372,ES-CG-00,ES-CG-00;ES-CG-01;ES-CG-13;ES-CG-10,CGP005_REFERENCE_CORPUS_ROW,0,REFERENCE_CORPUS_INDEXED_NOT_NORMATIVE,REFERENCE_CONTEXT_ONLY
CGP006-ALLOC-1975,CGP005-RC-1975,CGSRC-REPO-0373,ES-CG-00,ES-CG-00;ES-CG-01;ES-CG-13;ES-CG-10,CGP005_REFERENCE_CORPUS_ROW,0,REFERENCE_CORPUS_INDEXED_NOT_NORMATIVE,REFERENCE_CONTEXT_ONLY
CGP006-ALLOC-1976,CGP005-RC-1976,CGSRC-REPO-0374,ES-CG-00,ES-CG-00;ES-CG-01;ES-CG-13;ES-CG-10,CGP005_REFERENCE_CORPUS_ROW,0,REFERENCE_CORPUS_INDEXED_NOT_NORMATIVE,REFERENCE_CONTEXT_ONLY
CGP006-ALLOC-1977,CGP005-RC-1977,CGSRC-REPO-0375,ES-CG-00,ES-CG-00;ES-CG-01;ES-CG-13;ES-CG-10,CGP005_REFERENCE_CORPUS_ROW,0,REFERENCE_CORPUS_INDEXED_NOT_NORMATIVE,REFERENCE_CONTEXT_ONLY
CGP006-ALLOC-1978,CGP005-RC-1978,CGSRC-REPO-0376,ES-CG-00,ES-CG-00;ES-CG-01;ES-CG-13;ES-CG-10,CGP005_REFERENCE_CORPUS_ROW,0,REFERENCE_CORPUS_INDEXED_NOT_NORMATIVE,REFERENCE_CONTEXT_ONLY
CGP006-ALLOC-1979,CGP005-RC-1979,CGSRC-REPO-0377,ES-CG-00,ES-CG-00;ES-CG-01;ES-CG-13;ES-CG-10,CGP005_REFERENCE_CORPUS_ROW,0,REFERENCE_CORPUS_INDEXED_NOT_NORMATIVE,REFERENCE_CONTEXT_ONLY
CGP006-ALLOC-1980,CGP005-RC-1980,CGSRC-REPO-0378,ES-CG-00,ES-CG-00;ES-CG-01;ES-CG-13;ES-CG-10,CGP005_REFERENCE_CORPUS_ROW,0,REFERENCE_CORPUS_INDEXED_NOT_NORMATIVE,REFERENCE_CONTEXT_ONLY
CGP006-ALLOC-1981,CGP005-RC-1981,CGSRC-REPO-0379,ES-CG-00,ES-CG-00;ES-CG-01;ES-CG-13;ES-CG-10,CGP005_REFERENCE_CORPUS_ROW,0,REFERENCE_CORPUS_INDEXED_NOT_NORMATIVE,REFERENCE_CONTEXT_ONLY
CGP006-ALLOC-1982,CGP005-RC-1982,CGSRC-REPO-0380,ES-CG-00,ES-CG-00;ES-CG-01;ES-CG-13;ES-CG-10,CGP005_REFERENCE_CORPUS_ROW,0,REFERENCE_CORPUS_INDEXED_NOT_NORMATIVE,REFERENCE_CONTEXT_ONLY
CGP006-ALLOC-1983,CGP005-RC-1983,CGSRC-REPO-0381,ES-CG-00,ES-CG-00;ES-CG-01;ES-CG-13;ES-CG-10,CGP005_REFERENCE_CORPUS_ROW,0,REFERENCE_CORPUS_INDEXED_NOT_NORMATIVE,REFERENCE_CONTEXT_ONLY
CGP006-ALLOC-1984,CGP005-RC-1984,CGSRC-REPO-0382,ES-CG-00,ES-CG-00;ES-CG-01;ES-CG-13;ES-CG-10,CGP005_REFERENCE_CORPUS_ROW,0,REFERENCE_CORPUS_INDEXED_NOT_NORMATIVE,REFERENCE_CONTEXT_ONLY
CGP006-ALLOC-1985,CGP005-RC-1985,CGSRC-REPO-0383,ES-CG-00,ES-CG-00;ES-CG-01;ES-CG-13;ES-CG-10,CGP005_REFERENCE_CORPUS_ROW,0,REFERENCE_CORPUS_INDEXED_NOT_NORMATIVE,REFERENCE_CONTEXT_ONLY
CGP006-ALLOC-1986,CGP005-RC-1986,CGSRC-REPO-0384,ES-CG-00,ES-CG-00;ES-CG-01;ES-CG-13;ES-CG-10,CGP005_REFERENCE_CORPUS_ROW,0,REFERENCE_CORPUS_INDEXED_NOT_NORMATIVE,REFERENCE_CONTEXT_ONLY
CGP006-ALLOC-1987,CGP005-RC-1987,CGSRC-REPO-0385,ES-CG-00,ES-CG-00;ES-CG-01;ES-CG-13;ES-CG-10,CGP005_REFERENCE_CORPUS_ROW,0,REFERENCE_CORPUS_INDEXED_NOT_NORMATIVE,REFERENCE_CONTEXT_ONLY
CGP006-ALLOC-1988,CGP005-RC-1988,CGSRC-REPO-0386,ES-CG-00,ES-CG-00;ES-CG-01;ES-CG-13;ES-CG-10,CGP005_REFERENCE_CORPUS_ROW,0,REFERENCE_CORPUS_INDEXED_NOT_NORMATIVE,REFERENCE_CONTEXT_ONLY
CGP006-ALLOC-1989,CGP005-RC-1989,CGSRC-REPO-0387,ES-CG-00,ES-CG-00;ES-CG-01;ES-CG-13;ES-CG-10,CGP005_REFERENCE_CORPUS_ROW,0,REFERENCE_CORPUS_INDEXED_NOT_NORMATIVE,REFERENCE_CONTEXT_ONLY
CGP006-ALLOC-1990,CGP005-RC-1990,CGSRC-REPO-0388,ES-CG-00,ES-CG-00;ES-CG-01;ES-CG-13;ES-CG-10,CGP005_REFERENCE_CORPUS_ROW,0,REFERENCE_CORPUS_INDEXED_NOT_NORMATIVE,REFERENCE_CONTEXT_ONLY
CGP006-ALLOC-1991,CGP005-RC-1991,CGSRC-REPO-0389,ES-CG-00,ES-CG-00;ES-CG-01;ES-CG-13;ES-CG-10,CGP005_REFERENCE_CORPUS_ROW,0,REFERENCE_CORPUS_INDEXED_NOT_NORMATIVE,REFERENCE_CONTEXT_ONLY
CGP006-ALLOC-1992,CGP005-RC-1992,CGSRC-REPO-0390,ES-CG-00,ES-CG-00;ES-CG-01;ES-CG-13;ES-CG-10,CGP005_REFERENCE_CORPUS_ROW,0,REFERENCE_CORPUS_INDEXED_NOT_NORMATIVE,REFERENCE_CONTEXT_ONLY
CGP006-ALLOC-1993,CGP005-RC-1993,CGSRC-REPO-0391,ES-CG-00,ES-CG-00;ES-CG-01;ES-CG-13;ES-CG-10,CGP005_REFERENCE_CORPUS_ROW,0,REFERENCE_CORPUS_INDEXED_NOT_NORMATIVE,REFERENCE_CONTEXT_ONLY
CGP006-ALLOC-1994,CGP005-RC-1994,CGSRC-REPO-0392,ES-CG-00,ES-CG-00;ES-CG-01;ES-CG-13;ES-CG-10,CGP005_REFERENCE_CORPUS_ROW,0,REFERENCE_CORPUS_INDEXED_NOT_NORMATIVE,REFERENCE_CONTEXT_ONLY
CGP006-ALLOC-1995,CGP005-RC-1995,CGSRC-REPO-0393,ES-CG-00,ES-CG-00;ES-CG-01;ES-CG-13;ES-CG-10,CGP005_REFERENCE_CORPUS_ROW,0,REFERENCE_CORPUS_INDEXED_NOT_NORMATIVE,REFERENCE_CONTEXT_ONLY
CGP006-ALLOC-1996,CGP005-RC-1996,CGSRC-REPO-0394,ES-CG-00,ES-CG-00;ES-CG-01;ES-CG-13;ES-CG-10,CGP005_REFERENCE_CORPUS_ROW,0,REFERENCE_CORPUS_INDEXED_NOT_NORMATIVE,REFERENCE_CONTEXT_ONLY
CGP006-ALLOC-1997,CGP005-RC-1997,CGSRC-REPO-0395,ES-CG-00,ES-CG-00;ES-CG-01;ES-CG-13;ES-CG-10,CGP005_REFERENCE_CORPUS_ROW,0,REFERENCE_CORPUS_INDEXED_NOT_NORMATIVE,REFERENCE_CONTEXT_ONLY
CGP006-ALLOC-1998,CGP005-RC-1998,CGSRC-REPO-0396,ES-CG-00,ES-CG-00;ES-CG-01;ES-CG-13;ES-CG-10,CGP005_REFERENCE_CORPUS_ROW,0,REFERENCE_CORPUS_INDEXED_NOT_NORMATIVE,REFERENCE_CONTEXT_ONLY
CGP006-ALLOC-1999,CGP005-RC-1999,CGSRC-REPO-0397,ES-CG-00,ES-CG-00;ES-CG-01;ES-CG-13;ES-CG-10,CGP005_REFERENCE_CORPUS_ROW,0,REFERENCE_CORPUS_INDEXED_NOT_NORMATIVE,REFERENCE_CONTEXT_ONLY
CGP006-ALLOC-2000,CGP005-RC-2000,CGSRC-REPO-0398,ES-CG-00,ES-CG-00;ES-CG-01;ES-CG-13;ES-CG-10,CGP005_REFERENCE_CORPUS_ROW,0,REFERENCE_CORPUS_INDEXED_NOT_NORMATIVE,REFERENCE_CONTEXT_ONLY
CGP006-ALLOC-2001,CGP005-RC-2001,CGSRC-REPO-0399,ES-CG-00,ES-CG-00;ES-CG-01;ES-CG-13;ES-CG-10,CGP005_REFERENCE_CORPUS_ROW,0,REFERENCE_CORPUS_INDEXED_NOT_NORMATIVE,REFERENCE_CONTEXT_ONLY
CGP006-ALLOC-2002,CGP005-RC-2002,CGSRC-REPO-0400,ES-CG-00,ES-CG-00;ES-CG-01;ES-CG-13;ES-CG-10,CGP005_REFERENCE_CORPUS_ROW,0,REFERENCE_CORPUS_INDEXED_NOT_NORMATIVE,REFERENCE_CONTEXT_ONLY
CGP006-ALLOC-2003,CGP005-RC-2003,CGSRC-REPO-0401,ES-CG-00,ES-CG-00;ES-CG-01;ES-CG-13;ES-CG-10,CGP005_REFERENCE_CORPUS_ROW,0,REFERENCE_CORPUS_INDEXED_NOT_NORMATIVE,REFERENCE_CONTEXT_ONLY
CGP006-ALLOC-2004,CGP005-RC-2004,CGSRC-REPO-0402,ES-CG-00,ES-CG-00;ES-CG-01;ES-CG-13;ES-CG-10,CGP005_REFERENCE_CORPUS_ROW,0,REFERENCE_CORPUS_INDEXED_NOT_NORMATIVE,REFERENCE_CONTEXT_ONLY
CGP006-ALLOC-2005,CGP005-RC-2005,CGSRC-REPO-0403,ES-CG-00,ES-CG-00;ES-CG-01;ES-CG-13;ES-CG-10,CGP005_REFERENCE_CORPUS_ROW,0,REFERENCE_CORPUS_INDEXED_NOT_NORMATIVE,REFERENCE_CONTEXT_ONLY
CGP006-ALLOC-2006,CGP005-RC-2006,CGSRC-REPO-0404,ES-CG-00,ES-CG-00;ES-CG-01;ES-CG-13;ES-CG-10,CGP005_REFERENCE_CORPUS_ROW,0,REFERENCE_CORPUS_INDEXED_NOT_NORMATIVE,REFERENCE_CONTEXT_ONLY
CGP006-ALLOC-2007,CGP005-RC-2007,CGSRC-REPO-0405,ES-CG-00,ES-CG-00;ES-CG-01;ES-CG-13;ES-CG-10,CGP005_REFERENCE_CORPUS_ROW,0,REFERENCE_CORPUS_INDEXED_NOT_NORMATIVE,REFERENCE_CONTEXT_ONLY
CGP006-ALLOC-2008,CGP005-RC-2008,CGSRC-REPO-0406,ES-CG-00,ES-CG-00;ES-CG-01;ES-CG-13;ES-CG-10,CGP005_REFERENCE_CORPUS_ROW,0,REFERENCE_CORPUS_INDEXED_NOT_NORMATIVE,REFERENCE_CONTEXT_ONLY
CGP006-ALLOC-2009,CGP005-RC-2009,CGSRC-REPO-0407,ES-CG-00,ES-CG-00;ES-CG-01;ES-CG-13;ES-CG-10,CGP005_REFERENCE_CORPUS_ROW,0,REFERENCE_CORPUS_INDEXED_NOT_NORMATIVE,REFERENCE_CONTEXT_ONLY
CGP006-ALLOC-2010,CGP005-RC-2010,CGSRC-REPO-0408,ES-CG-00,ES-CG-00;ES-CG-01;ES-CG-13;ES-CG-10,CGP005_REFERENCE_CORPUS_ROW,0,REFERENCE_CORPUS_INDEXED_NOT_NORMATIVE,REFERENCE_CONTEXT_ONLY
CGP006-ALLOC-2011,CGP005-RC-2011,CGSRC-REPO-0409,ES-CG-00,ES-CG-00;ES-CG-01;ES-CG-13;ES-CG-10,CGP005_REFERENCE_CORPUS_ROW,0,REFERENCE_CORPUS_INDEXED_NOT_NORMATIVE,REFERENCE_CONTEXT_ONLY
CGP006-ALLOC-2012,CGP005-RC-2012,CGSRC-REPO-0410,ES-CG-00,ES-CG-00;ES-CG-01;ES-CG-13;ES-CG-10,CGP005_REFERENCE_CORPUS_ROW,0,REFERENCE_CORPUS_INDEXED_NOT_NORMATIVE,REFERENCE_CONTEXT_ONLY
CGP006-ALLOC-2013,CGP005-RC-2013,CGSRC-REPO-0411,ES-CG-00,ES-CG-00;ES-CG-01;ES-CG-13;ES-CG-10,CGP005_REFERENCE_CORPUS_ROW,0,REFERENCE_CORPUS_INDEXED_NOT_NORMATIVE,REFERENCE_CONTEXT_ONLY
CGP006-ALLOC-2014,CGP005-RC-2014,CGSRC-REPO-0412,ES-CG-00,ES-CG-00;ES-CG-01;ES-CG-13;ES-CG-10,CGP005_REFERENCE_CORPUS_ROW,0,REFERENCE_CORPUS_INDEXED_NOT_NORMATIVE,REFERENCE_CONTEXT_ONLY
CGP006-ALLOC-2015,CGP005-RC-2015,CGSRC-REPO-0413,ES-CG-00,ES-CG-00;ES-CG-01;ES-CG-13;ES-CG-10,CGP005_REFERENCE_CORPUS_ROW,0,REFERENCE_CORPUS_INDEXED_NOT_NORMATIVE,REFERENCE_CONTEXT_ONLY
CGP006-ALLOC-2016,CGP005-RC-2016,CGSRC-REPO-0414,ES-CG-00,ES-CG-00;ES-CG-01;ES-CG-13;ES-CG-10,CGP005_REFERENCE_CORPUS_ROW,0,REFERENCE_CORPUS_INDEXED_NOT_NORMATIVE,REFERENCE_CONTEXT_ONLY
CGP006-ALLOC-2017,CGP005-RC-2017,CGSRC-REPO-0415,ES-CG-00,ES-CG-00;ES-CG-01;ES-CG-13;ES-CG-10,CGP005_REFERENCE_CORPUS_ROW,0,REFERENCE_CORPUS_INDEXED_NOT_NORMATIVE,REFERENCE_CONTEXT_ONLY
CGP006-ALLOC-2018,CGP005-RC-2018,CGSRC-REPO-0416,ES-CG-00,ES-CG-00;ES-CG-01;ES-CG-13;ES-CG-10,CGP005_REFERENCE_CORPUS_ROW,0,REFERENCE_CORPUS_INDEXED_NOT_NORMATIVE,REFERENCE_CONTEXT_ONLY
CGP006-ALLOC-2019,CGP005-RC-2019,CGSRC-REPO-0417,ES-CG-00,ES-CG-00;ES-CG-01;ES-CG-13;ES-CG-10,CGP005_REFERENCE_CORPUS_ROW,0,REFERENCE_CORPUS_INDEXED_NOT_NORMATIVE,REFERENCE_CONTEXT_ONLY
CGP006-ALLOC-2020,CGP005-RC-2020,CGSRC-REPO-0418,ES-CG-00,ES-CG-00;ES-CG-01;ES-CG-13;ES-CG-10,CGP005_REFERENCE_CORPUS_ROW,0,REFERENCE_CORPUS_INDEXED_NOT_NORMATIVE,REFERENCE_CONTEXT_ONLY
CGP006-ALLOC-2021,CGP005-RC-2021,CGSRC-REPO-0419,ES-CG-00,ES-CG-00;ES-CG-01;ES-CG-13;ES-CG-10,CGP005_REFERENCE_CORPUS_ROW,0,REFERENCE_CORPUS_INDEXED_NOT_NORMATIVE,REFERENCE_CONTEXT_ONLY
CGP006-ALLOC-2022,CGP005-RC-2022,CGSRC-REPO-0420,ES-CG-00,ES-CG-00;ES-CG-01;ES-CG-13;ES-CG-10,CGP005_REFERENCE_CORPUS_ROW,0,REFERENCE_CORPUS_INDEXED_NOT_NORMATIVE,REFERENCE_CONTEXT_ONLY
CGP006-ALLOC-2023,CGP005-RC-2023,CGSRC-REPO-0421,ES-CG-00,ES-CG-00;ES-CG-01;ES-CG-13;ES-CG-10,CGP005_REFERENCE_CORPUS_ROW,0,REFERENCE_CORPUS_INDEXED_NOT_NORMATIVE,REFERENCE_CONTEXT_ONLY
CGP006-ALLOC-2024,CGP005-RC-2024,CGSRC-REPO-0422,ES-CG-00,ES-CG-00;ES-CG-01;ES-CG-13;ES-CG-10,CGP005_REFERENCE_CORPUS_ROW,0,REFERENCE_CORPUS_INDEXED_NOT_NORMATIVE,REFERENCE_CONTEXT_ONLY
CGP006-ALLOC-2025,CGP005-RC-2025,CGSRC-REPO-0423,ES-CG-00,ES-CG-00;ES-CG-01;ES-CG-13;ES-CG-10,CGP005_REFERENCE_CORPUS_ROW,0,REFERENCE_CORPUS_INDEXED_NOT_NORMATIVE,REFERENCE_CONTEXT_ONLY
CGP006-ALLOC-2026,CGP005-RC-2026,CGSRC-REPO-0424,ES-CG-00,ES-CG-00;ES-CG-01;ES-CG-13;ES-CG-10,CGP005_REFERENCE_CORPUS_ROW,0,REFERENCE_CORPUS_INDEXED_NOT_NORMATIVE,REFERENCE_CONTEXT_ONLY
CGP006-ALLOC-2027,CGP005-RC-2027,CGSRC-REPO-0425,ES-CG-00,ES-CG-00;ES-CG-01;ES-CG-13;ES-CG-10,CGP005_REFERENCE_CORPUS_ROW,0,REFERENCE_CORPUS_INDEXED_NOT_NORMATIVE,REFERENCE_CONTEXT_ONLY
CGP006-ALLOC-2028,CGP005-RC-2028,CGSRC-REPO-0426,ES-CG-00,ES-CG-00;ES-CG-01;ES-CG-13;ES-CG-10,CGP005_REFERENCE_CORPUS_ROW,0,REFERENCE_CORPUS_INDEXED_NOT_NORMATIVE,REFERENCE_CONTEXT_ONLY
CGP006-ALLOC-2029,CGP005-RC-2029,CGSRC-REPO-0427,ES-CG-00,ES-CG-00;ES-CG-01;ES-CG-13;ES-CG-10,CGP005_REFERENCE_CORPUS_ROW,0,REFERENCE_CORPUS_INDEXED_NOT_NORMATIVE,REFERENCE_CONTEXT_ONLY
CGP006-ALLOC-2030,CGP005-RC-2030,CGSRC-REPO-0428,ES-CG-00,ES-CG-00;ES-CG-01;ES-CG-13;ES-CG-10,CGP005_REFERENCE_CORPUS_ROW,0,REFERENCE_CORPUS_INDEXED_NOT_NORMATIVE,REFERENCE_CONTEXT_ONLY
CGP006-ALLOC-2031,CGP005-RC-2031,CGSRC-REPO-0429,ES-CG-00,ES-CG-00;ES-CG-01;ES-CG-13;ES-CG-10,CGP005_REFERENCE_CORPUS_ROW,0,REFERENCE_CORPUS_INDEXED_NOT_NORMATIVE,REFERENCE_CONTEXT_ONLY
CGP006-ALLOC-2032,CGP005-RC-2032,CGSRC-REPO-0430,ES-CG-00,ES-CG-00;ES-CG-01;ES-CG-13;ES-CG-10,CGP005_REFERENCE_CORPUS_ROW,0,REFERENCE_CORPUS_INDEXED_NOT_NORMATIVE,REFERENCE_CONTEXT_ONLY
CGP006-ALLOC-2033,CGP005-RC-2033,CGSRC-REPO-0431,ES-CG-00,ES-CG-00;ES-CG-01;ES-CG-13;ES-CG-10,CGP005_REFERENCE_CORPUS_ROW,0,REFERENCE_CORPUS_INDEXED_NOT_NORMATIVE,REFERENCE_CONTEXT_ONLY
CGP006-ALLOC-2034,CGP005-RC-2034,CGSRC-REPO-0432,ES-CG-00,ES-CG-00;ES-CG-01;ES-CG-13;ES-CG-10,CGP005_REFERENCE_CORPUS_ROW,0,REFERENCE_CORPUS_INDEXED_NOT_NORMATIVE,REFERENCE_CONTEXT_ONLY
CGP006-ALLOC-2035,CGP005-RC-2035,CGSRC-REPO-0433,ES-CG-00,ES-CG-00;ES-CG-01;ES-CG-13;ES-CG-10,CGP005_REFERENCE_CORPUS_ROW,0,REFERENCE_CORPUS_INDEXED_NOT_NORMATIVE,REFERENCE_CONTEXT_ONLY
CGP006-ALLOC-2036,CGP005-RC-2036,CGSRC-REPO-0434,ES-CG-00,ES-CG-00;ES-CG-01;ES-CG-13;ES-CG-10,CGP005_REFERENCE_CORPUS_ROW,0,REFERENCE_CORPUS_INDEXED_NOT_NORMATIVE,REFERENCE_CONTEXT_ONLY
CGP006-ALLOC-2037,CGP005-RC-2037,CGSRC-REPO-0435,ES-CG-00,ES-CG-00;ES-CG-01;ES-CG-13;ES-CG-10,CGP005_REFERENCE_CORPUS_ROW,0,REFERENCE_CORPUS_INDEXED_NOT_NORMATIVE,REFERENCE_CONTEXT_ONLY
CGP006-ALLOC-2038,CGP005-RC-2038,CGSRC-REPO-0436,ES-CG-00,ES-CG-00;ES-CG-01;ES-CG-13;ES-CG-10,CGP005_REFERENCE_CORPUS_ROW,0,REFERENCE_CORPUS_INDEXED_NOT_NORMATIVE,REFERENCE_CONTEXT_ONLY
CGP006-ALLOC-2039,CGP005-RC-2039,CGSRC-REPO-0437,ES-CG-00,ES-CG-00;ES-CG-01;ES-CG-13;ES-CG-10,CGP005_REFERENCE_CORPUS_ROW,0,REFERENCE_CORPUS_INDEXED_NOT_NORMATIVE,REFERENCE_CONTEXT_ONLY
CGP006-ALLOC-2040,CGP005-RC-2040,CGSRC-REPO-0438,ES-CG-00,ES-CG-00;ES-CG-01;ES-CG-13;ES-CG-10,CGP005_REFERENCE_CORPUS_ROW,0,REFERENCE_CORPUS_INDEXED_NOT_NORMATIVE,REFERENCE_CONTEXT_ONLY
CGP006-ALLOC-2041,CGP005-RC-2041,CGSRC-REPO-0439,ES-CG-00,ES-CG-00;ES-CG-01;ES-CG-13;ES-CG-10,CGP005_REFERENCE_CORPUS_ROW,0,REFERENCE_CORPUS_INDEXED_NOT_NORMATIVE,REFERENCE_CONTEXT_ONLY
CGP006-ALLOC-2042,CGP005-RC-2042,CGSRC-REPO-0440,ES-CG-00,ES-CG-00;ES-CG-01;ES-CG-13;ES-CG-10,CGP005_REFERENCE_CORPUS_ROW,0,REFERENCE_CORPUS_INDEXED_NOT_NORMATIVE,REFERENCE_CONTEXT_ONLY
CGP006-ALLOC-2043,CGP005-RC-2043,CGSRC-REPO-0441,ES-CG-00,ES-CG-00;ES-CG-01;ES-CG-13;ES-CG-10,CGP005_REFERENCE_CORPUS_ROW,0,REFERENCE_CORPUS_INDEXED_NOT_NORMATIVE,REFERENCE_CONTEXT_ONLY
CGP006-ALLOC-2044,CGP005-RC-2044,CGSRC-REPO-0442,ES-CG-00,ES-CG-00;ES-CG-01;ES-CG-13;ES-CG-10,CGP005_REFERENCE_CORPUS_ROW,0,REFERENCE_CORPUS_INDEXED_NOT_NORMATIVE,REFERENCE_CONTEXT_ONLY
CGP006-ALLOC-2045,CGP005-RC-2045,CGSRC-REPO-0443,ES-CG-00,ES-CG-00;ES-CG-01;ES-CG-13;ES-CG-10,CGP005_REFERENCE_CORPUS_ROW,0,REFERENCE_CORPUS_INDEXED_NOT_NORMATIVE,REFERENCE_CONTEXT_ONLY
CGP006-ALLOC-2046,CGP005-RC-2046,CGSRC-REPO-0444,ES-CG-00,ES-CG-00;ES-CG-01;ES-CG-13;ES-CG-10,CGP005_REFERENCE_CORPUS_ROW,0,REFERENCE_CORPUS_INDEXED_NOT_NORMATIVE,REFERENCE_CONTEXT_ONLY
CGP006-ALLOC-2047,CGP005-RC-2047,CGSRC-REPO-0445,ES-CG-00,ES-CG-00;ES-CG-01;ES-CG-13;ES-CG-10,CGP005_REFERENCE_CORPUS_ROW,0,REFERENCE_CORPUS_INDEXED_NOT_NORMATIVE,REFERENCE_CONTEXT_ONLY
CGP006-ALLOC-2048,CGP005-RC-2048,CGSRC-REPO-0446,ES-CG-00,ES-CG-00;ES-CG-01;ES-CG-13;ES-CG-10,CGP005_REFERENCE_CORPUS_ROW,0,REFERENCE_CORPUS_INDEXED_NOT_NORMATIVE,REFERENCE_CONTEXT_ONLY
CGP006-ALLOC-2049,CGP005-RC-2049,CGSRC-REPO-0447,ES-CG-00,ES-CG-00;ES-CG-01;ES-CG-13;ES-CG-10,CGP005_REFERENCE_CORPUS_ROW,0,REFERENCE_CORPUS_INDEXED_NOT_NORMATIVE,REFERENCE_CONTEXT_ONLY
CGP006-ALLOC-2050,CGP005-RC-2050,CGSRC-REPO-0448,ES-CG-00,ES-CG-00;ES-CG-01;ES-CG-13;ES-CG-10,CGP005_REFERENCE_CORPUS_ROW,0,REFERENCE_CORPUS_INDEXED_NOT_NORMATIVE,REFERENCE_CONTEXT_ONLY
CGP006-ALLOC-2051,CGP005-RC-2051,CGSRC-REPO-0449,ES-CG-00,ES-CG-00;ES-CG-01;ES-CG-13;ES-CG-10,CGP005_REFERENCE_CORPUS_ROW,0,REFERENCE_CORPUS_INDEXED_NOT_NORMATIVE,REFERENCE_CONTEXT_ONLY
CGP006-ALLOC-2052,CGP005-RC-2052,CGSRC-REPO-0450,ES-CG-00,ES-CG-00;ES-CG-01;ES-CG-13;ES-CG-10,CGP005_REFERENCE_CORPUS_ROW,0,REFERENCE_CORPUS_INDEXED_NOT_NORMATIVE,REFERENCE_CONTEXT_ONLY
CGP006-ALLOC-2053,CGP005-RC-2053,CGSRC-REPO-0451,ES-CG-00,ES-CG-00;ES-CG-01;ES-CG-13;ES-CG-10,CGP005_REFERENCE_CORPUS_ROW,0,REFERENCE_CORPUS_INDEXED_NOT_NORMATIVE,REFERENCE_CONTEXT_ONLY
CGP006-ALLOC-2054,CGP005-RC-2054,CGSRC-REPO-0452,ES-CG-00,ES-CG-00;ES-CG-01;ES-CG-13;ES-CG-10,CGP005_REFERENCE_CORPUS_ROW,0,REFERENCE_CORPUS_INDEXED_NOT_NORMATIVE,REFERENCE_CONTEXT_ONLY
CGP006-ALLOC-2055,CGP005-RC-2055,CGSRC-REPO-0453,ES-CG-00,ES-CG-00;ES-CG-01;ES-CG-13;ES-CG-10,CGP005_REFERENCE_CORPUS_ROW,0,REFERENCE_CORPUS_INDEXED_NOT_NORMATIVE,REFERENCE_CONTEXT_ONLY
CGP006-ALLOC-2056,CGP005-RC-2056,CGSRC-REPO-0454,ES-CG-00,ES-CG-00;ES-CG-01;ES-CG-13;ES-CG-10,CGP005_REFERENCE_CORPUS_ROW,0,REFERENCE_CORPUS_INDEXED_NOT_NORMATIVE,REFERENCE_CONTEXT_ONLY
CGP006-ALLOC-2057,CGP005-RC-2057,CGSRC-REPO-0455,ES-CG-00,ES-CG-00;ES-CG-01;ES-CG-13;ES-CG-10,CGP005_REFERENCE_CORPUS_ROW,0,REFERENCE_CORPUS_INDEXED_NOT_NORMATIVE,REFERENCE_CONTEXT_ONLY
CGP006-ALLOC-2058,CGP005-RC-2058,CGSRC-REPO-0456,ES-CG-00,ES-CG-00;ES-CG-01;ES-CG-13;ES-CG-10,CGP005_REFERENCE_CORPUS_ROW,0,REFERENCE_CORPUS_INDEXED_NOT_NORMATIVE,REFERENCE_CONTEXT_ONLY
CGP006-ALLOC-2059,CGP005-RC-2059,CGSRC-REPO-0457,ES-CG-00,ES-CG-00;ES-CG-01;ES-CG-13;ES-CG-10,CGP005_REFERENCE_CORPUS_ROW,0,REFERENCE_CORPUS_INDEXED_NOT_NORMATIVE,REFERENCE_CONTEXT_ONLY
CGP006-ALLOC-2060,CGP005-RC-2060,CGSRC-REPO-0458,ES-CG-00,ES-CG-00;ES-CG-01;ES-CG-13;ES-CG-10,CGP005_REFERENCE_CORPUS_ROW,0,REFERENCE_CORPUS_INDEXED_NOT_NORMATIVE,REFERENCE_CONTEXT_ONLY
CGP006-ALLOC-2061,CGP005-RC-2061,CGSRC-REPO-0459,ES-CG-00,ES-CG-00;ES-CG-01;ES-CG-13;ES-CG-10,CGP005_REFERENCE_CORPUS_ROW,0,REFERENCE_CORPUS_INDEXED_NOT_NORMATIVE,REFERENCE_CONTEXT_ONLY
CGP006-ALLOC-2062,CGP005-RC-2062,CGSRC-REPO-0460,ES-CG-00,ES-CG-00;ES-CG-01;ES-CG-13;ES-CG-10,CGP005_REFERENCE_CORPUS_ROW,0,REFERENCE_CORPUS_INDEXED_NOT_NORMATIVE,REFERENCE_CONTEXT_ONLY
CGP006-ALLOC-2063,CGP005-RC-2063,CGSRC-REPO-0461,ES-CG-00,ES-CG-00;ES-CG-01;ES-CG-13;ES-CG-10,CGP005_REFERENCE_CORPUS_ROW,0,REFERENCE_CORPUS_INDEXED_NOT_NORMATIVE,REFERENCE_CONTEXT_ONLY
CGP006-ALLOC-2064,CGP005-RC-2064,CGSRC-REPO-0462,ES-CG-00,ES-CG-00;ES-CG-01;ES-CG-13;ES-CG-10,CGP005_REFERENCE_CORPUS_ROW,0,REFERENCE_CORPUS_INDEXED_NOT_NORMATIVE,REFERENCE_CONTEXT_ONLY
CGP006-ALLOC-2065,CGP005-RC-2065,CGSRC-REPO-0463,ES-CG-00,ES-CG-00;ES-CG-01;ES-CG-13;ES-CG-10,CGP005_REFERENCE_CORPUS_ROW,0,REFERENCE_CORPUS_INDEXED_NOT_NORMATIVE,REFERENCE_CONTEXT_ONLY
CGP006-ALLOC-2066,CGP005-RC-2066,CGSRC-REPO-0464,ES-CG-00,ES-CG-00;ES-CG-01;ES-CG-13;ES-CG-10,CGP005_REFERENCE_CORPUS_ROW,0,REFERENCE_CORPUS_INDEXED_NOT_NORMATIVE,REFERENCE_CONTEXT_ONLY
CGP006-ALLOC-2067,CGP005-RC-2067,CGSRC-REPO-0465,ES-CG-00,ES-CG-00;ES-CG-01;ES-CG-13;ES-CG-10,CGP005_REFERENCE_CORPUS_ROW,0,REFERENCE_CORPUS_INDEXED_NOT_NORMATIVE,REFERENCE_CONTEXT_ONLY
CGP006-ALLOC-2068,CGP005-RC-2068,CGSRC-REPO-0466,ES-CG-00,ES-CG-00;ES-CG-01;ES-CG-13;ES-CG-10,CGP005_REFERENCE_CORPUS_ROW,0,REFERENCE_CORPUS_INDEXED_NOT_NORMATIVE,REFERENCE_CONTEXT_ONLY
CGP006-ALLOC-2069,CGP005-RC-2069,CGSRC-REPO-0467,ES-CG-00,ES-CG-00;ES-CG-01;ES-CG-13;ES-CG-10,CGP005_REFERENCE_CORPUS_ROW,0,REFERENCE_CORPUS_INDEXED_NOT_NORMATIVE,REFERENCE_CONTEXT_ONLY
CGP006-ALLOC-2070,CGP005-RC-2070,CGSRC-REPO-0468,ES-CG-00,ES-CG-00;ES-CG-01;ES-CG-13;ES-CG-10,CGP005_REFERENCE_CORPUS_ROW,0,REFERENCE_CORPUS_INDEXED_NOT_NORMATIVE,REFERENCE_CONTEXT_ONLY
CGP006-ALLOC-2071,CGP005-RC-2071,CGSRC-REPO-0469,ES-CG-00,ES-CG-00;ES-CG-01;ES-CG-13;ES-CG-10,CGP005_REFERENCE_CORPUS_ROW,0,REFERENCE_CORPUS_INDEXED_NOT_NORMATIVE,REFERENCE_CONTEXT_ONLY
CGP006-ALLOC-2072,CGP005-RC-2072,CGSRC-REPO-0470,ES-CG-00,ES-CG-00;ES-CG-01;ES-CG-13;ES-CG-10,CGP005_REFERENCE_CORPUS_ROW,0,REFERENCE_CORPUS_INDEXED_NOT_NORMATIVE,REFERENCE_CONTEXT_ONLY
CGP006-ALLOC-2073,CGP005-RC-2073,CGSRC-REPO-0471,ES-CG-00,ES-CG-00;ES-CG-01;ES-CG-13;ES-CG-10,CGP005_REFERENCE_CORPUS_ROW,0,REFERENCE_CORPUS_INDEXED_NOT_NORMATIVE,REFERENCE_CONTEXT_ONLY
CGP006-ALLOC-2074,CGP005-RC-2074,CGSRC-REPO-0472,ES-CG-00,ES-CG-00;ES-CG-01;ES-CG-13;ES-CG-10,CGP005_REFERENCE_CORPUS_ROW,0,REFERENCE_CORPUS_INDEXED_NOT_NORMATIVE,REFERENCE_CONTEXT_ONLY
CGP006-ALLOC-2075,CGP005-RC-2075,CGSRC-REPO-0473,ES-CG-00,ES-CG-00;ES-CG-01;ES-CG-13;ES-CG-10,CGP005_REFERENCE_CORPUS_ROW,0,REFERENCE_CORPUS_INDEXED_NOT_NORMATIVE,REFERENCE_CONTEXT_ONLY
CGP006-ALLOC-2076,CGP005-RC-2076,CGSRC-REPO-0474,ES-CG-00,ES-CG-00;ES-CG-01;ES-CG-13;ES-CG-10,CGP005_REFERENCE_CORPUS_ROW,0,REFERENCE_CORPUS_INDEXED_NOT_NORMATIVE,REFERENCE_CONTEXT_ONLY
CGP006-ALLOC-2077,CGP005-RC-2077,CGSRC-REPO-0475,ES-CG-00,ES-CG-00;ES-CG-01;ES-CG-13;ES-CG-10,CGP005_REFERENCE_CORPUS_ROW,0,REFERENCE_CORPUS_INDEXED_NOT_NORMATIVE,REFERENCE_CONTEXT_ONLY
CGP006-ALLOC-2078,CGP005-RC-2078,CGSRC-REPO-0476,ES-CG-00,ES-CG-00;ES-CG-01;ES-CG-13;ES-CG-10,CGP005_REFERENCE_CORPUS_ROW,0,REFERENCE_CORPUS_INDEXED_NOT_NORMATIVE,REFERENCE_CONTEXT_ONLY
CGP006-ALLOC-2079,CGP005-RC-2079,CGSRC-REPO-0477,ES-CG-00,ES-CG-00;ES-CG-01;ES-CG-13;ES-CG-10,CGP005_REFERENCE_CORPUS_ROW,0,REFERENCE_CORPUS_INDEXED_NOT_NORMATIVE,REFERENCE_CONTEXT_ONLY
CGP006-ALLOC-2080,CGP005-RC-2080,CGSRC-REPO-0478,ES-CG-00,ES-CG-00;ES-CG-01;ES-CG-13;ES-CG-10,CGP005_REFERENCE_CORPUS_ROW,0,REFERENCE_CORPUS_INDEXED_NOT_NORMATIVE,REFERENCE_CONTEXT_ONLY
CGP006-ALLOC-2081,CGP005-RC-2081,CGSRC-REPO-0479,ES-CG-00,ES-CG-00;ES-CG-01;ES-CG-13;ES-CG-10,CGP005_REFERENCE_CORPUS_ROW,0,REFERENCE_CORPUS_INDEXED_NOT_NORMATIVE,REFERENCE_CONTEXT_ONLY
CGP006-ALLOC-2082,CGP005-RC-2082,CGSRC-REPO-0480,ES-CG-00,ES-CG-00;ES-CG-01;ES-CG-13;ES-CG-10,CGP005_REFERENCE_CORPUS_ROW,0,REFERENCE_CORPUS_INDEXED_NOT_NORMATIVE,REFERENCE_CONTEXT_ONLY
CGP006-ALLOC-2083,CGP005-RC-2083,CGSRC-REPO-0481,ES-CG-00,ES-CG-00;ES-CG-01;ES-CG-13;ES-CG-10,CGP005_REFERENCE_CORPUS_ROW,0,REFERENCE_CORPUS_INDEXED_NOT_NORMATIVE,REFERENCE_CONTEXT_ONLY
CGP006-ALLOC-2084,CGP005-RC-2084,CGSRC-REPO-0482,ES-CG-00,ES-CG-00;ES-CG-01;ES-CG-13;ES-CG-10,CGP005_REFERENCE_CORPUS_ROW,0,REFERENCE_CORPUS_INDEXED_NOT_NORMATIVE,REFERENCE_CONTEXT_ONLY
CGP006-ALLOC-2085,CGP005-RC-2085,CGSRC-REPO-0483,ES-CG-00,ES-CG-00;ES-CG-01;ES-CG-13;ES-CG-10,CGP005_REFERENCE_CORPUS_ROW,0,REFERENCE_CORPUS_INDEXED_NOT_NORMATIVE,REFERENCE_CONTEXT_ONLY
CGP006-ALLOC-2086,CGP005-RC-2086,CGSRC-REPO-0484,ES-CG-00,ES-CG-00;ES-CG-01;ES-CG-13;ES-CG-10,CGP005_REFERENCE_CORPUS_ROW,0,REFERENCE_CORPUS_INDEXED_NOT_NORMATIVE,REFERENCE_CONTEXT_ONLY
CGP006-ALLOC-2087,CGP005-RC-2087,CGSRC-REPO-0485,ES-CG-00,ES-CG-00;ES-CG-01;ES-CG-13;ES-CG-10,CGP005_REFERENCE_CORPUS_ROW,0,REFERENCE_CORPUS_INDEXED_NOT_NORMATIVE,REFERENCE_CONTEXT_ONLY
CGP006-ALLOC-2088,CGP005-RC-2088,CGSRC-REPO-0486,ES-CG-00,ES-CG-00;ES-CG-01;ES-CG-13;ES-CG-10,CGP005_REFERENCE_CORPUS_ROW,0,REFERENCE_CORPUS_INDEXED_NOT_NORMATIVE,REFERENCE_CONTEXT_ONLY
CGP006-ALLOC-2089,CGP005-RC-2089,CGSRC-REPO-0487,ES-CG-00,ES-CG-00;ES-CG-01;ES-CG-13;ES-CG-10,CGP005_REFERENCE_CORPUS_ROW,0,REFERENCE_CORPUS_INDEXED_NOT_NORMATIVE,REFERENCE_CONTEXT_ONLY
CGP006-ALLOC-2090,CGP005-RC-2090,CGSRC-REPO-0488,ES-CG-00,ES-CG-00;ES-CG-01;ES-CG-13;ES-CG-10,CGP005_REFERENCE_CORPUS_ROW,0,REFERENCE_CORPUS_INDEXED_NOT_NORMATIVE,REFERENCE_CONTEXT_ONLY
CGP006-ALLOC-2091,CGP005-RC-2091,CGSRC-REPO-0489,ES-CG-00,ES-CG-00;ES-CG-01;ES-CG-13;ES-CG-10,CGP005_REFERENCE_CORPUS_ROW,0,REFERENCE_CORPUS_INDEXED_NOT_NORMATIVE,REFERENCE_CONTEXT_ONLY
CGP006-ALLOC-2092,CGP005-RC-2092,CGSRC-REPO-0490,ES-CG-00,ES-CG-00;ES-CG-01;ES-CG-13;ES-CG-10,CGP005_REFERENCE_CORPUS_ROW,0,REFERENCE_CORPUS_INDEXED_NOT_NORMATIVE,REFERENCE_CONTEXT_ONLY
CGP006-ALLOC-2093,CGP005-RC-2093,CGSRC-REPO-0491,ES-CG-00,ES-CG-00;ES-CG-01;ES-CG-13;ES-CG-10,CGP005_REFERENCE_CORPUS_ROW,0,REFERENCE_CORPUS_INDEXED_NOT_NORMATIVE,REFERENCE_CONTEXT_ONLY
CGP006-ALLOC-2094,CGP005-RC-2094,CGSRC-REPO-0492,ES-CG-00,ES-CG-00;ES-CG-01;ES-CG-13;ES-CG-10,CGP005_REFERENCE_CORPUS_ROW,0,REFERENCE_CORPUS_INDEXED_NOT_NORMATIVE,REFERENCE_CONTEXT_ONLY
CGP006-ALLOC-2095,CGP005-RC-2095,CGSRC-REPO-0493,ES-CG-00,ES-CG-00;ES-CG-01;ES-CG-13;ES-CG-10,CGP005_REFERENCE_CORPUS_ROW,0,REFERENCE_CORPUS_INDEXED_NOT_NORMATIVE,REFERENCE_CONTEXT_ONLY
CGP006-ALLOC-2096,CGP005-RC-2096,CGSRC-REPO-0494,ES-CG-00,ES-CG-00;ES-CG-01;ES-CG-13;ES-CG-10,CGP005_REFERENCE_CORPUS_ROW,0,REFERENCE_CORPUS_INDEXED_NOT_NORMATIVE,REFERENCE_CONTEXT_ONLY
CGP006-ALLOC-2097,CGP005-RC-2097,CGSRC-REPO-0495,ES-CG-00,ES-CG-00;ES-CG-01;ES-CG-13;ES-CG-10,CGP005_REFERENCE_CORPUS_ROW,0,REFERENCE_CORPUS_INDEXED_NOT_NORMATIVE,REFERENCE_CONTEXT_ONLY
CGP006-ALLOC-2098,CGP005-RC-2098,CGSRC-REPO-0496,ES-CG-00,ES-CG-00;ES-CG-01;ES-CG-13;ES-CG-10,CGP005_REFERENCE_CORPUS_ROW,0,REFERENCE_CORPUS_INDEXED_NOT_NORMATIVE,REFERENCE_CONTEXT_ONLY
CGP006-ALLOC-2099,CGP005-RC-2099,CGSRC-REPO-0497,ES-CG-00,ES-CG-00;ES-CG-01;ES-CG-13;ES-CG-10,CGP005_REFERENCE_CORPUS_ROW,0,REFERENCE_CORPUS_INDEXED_NOT_NORMATIVE,REFERENCE_CONTEXT_ONLY
CGP006-ALLOC-2100,CGP005-RC-2100,CGSRC-REPO-0498,ES-CG-00,ES-CG-00;ES-CG-01;ES-CG-13;ES-CG-10,CGP005_REFERENCE_CORPUS_ROW,0,REFERENCE_CORPUS_INDEXED_NOT_NORMATIVE,REFERENCE_CONTEXT_ONLY
CGP006-ALLOC-2101,CGP005-RC-2101,CGSRC-REPO-0499,ES-CG-00,ES-CG-00;ES-CG-01;ES-CG-13;ES-CG-10,CGP005_REFERENCE_CORPUS_ROW,0,REFERENCE_CORPUS_INDEXED_NOT_NORMATIVE,REFERENCE_CONTEXT_ONLY
CGP006-ALLOC-2102,CGP005-RC-2102,CGSRC-REPO-0500,ES-CG-00,ES-CG-00;ES-CG-01;ES-CG-13;ES-CG-10,CGP005_REFERENCE_CORPUS_ROW,0,REFERENCE_CORPUS_INDEXED_NOT_NORMATIVE,REFERENCE_CONTEXT_ONLY
CGP006-ALLOC-2103,CGP005-RC-2103,CGSRC-REPO-0501,ES-CG-00,ES-CG-00;ES-CG-01;ES-CG-13;ES-CG-10,CGP005_REFERENCE_CORPUS_ROW,0,REFERENCE_CORPUS_INDEXED_NOT_NORMATIVE,REFERENCE_CONTEXT_ONLY
CGP006-ALLOC-2104,CGP005-RC-2104,CGSRC-REPO-0502,ES-CG-00,ES-CG-00;ES-CG-01;ES-CG-13;ES-CG-10,CGP005_REFERENCE_CORPUS_ROW,0,REFERENCE_CORPUS_INDEXED_NOT_NORMATIVE,REFERENCE_CONTEXT_ONLY
CGP006-ALLOC-2105,CGP005-RC-2105,CGSRC-REPO-0503,ES-CG-00,ES-CG-00;ES-CG-01;ES-CG-13;ES-CG-10,CGP005_REFERENCE_CORPUS_ROW,0,REFERENCE_CORPUS_INDEXED_NOT_NORMATIVE,REFERENCE_CONTEXT_ONLY
CGP006-ALLOC-2106,CGP005-RC-2106,CGSRC-REPO-0504,ES-CG-00,ES-CG-00;ES-CG-01;ES-CG-13;ES-CG-10,CGP005_REFERENCE_CORPUS_ROW,0,REFERENCE_CORPUS_INDEXED_NOT_NORMATIVE,REFERENCE_CONTEXT_ONLY
CGP006-ALLOC-2107,CGP005-RC-2107,CGSRC-REPO-0505,ES-CG-00,ES-CG-00;ES-CG-01;ES-CG-13;ES-CG-10,CGP005_REFERENCE_CORPUS_ROW,0,REFERENCE_CORPUS_INDEXED_NOT_NORMATIVE,REFERENCE_CONTEXT_ONLY
CGP006-ALLOC-2108,CGP005-RC-2108,CGSRC-REPO-0506,ES-CG-00,ES-CG-00;ES-CG-01;ES-CG-13;ES-CG-10,CGP005_REFERENCE_CORPUS_ROW,0,REFERENCE_CORPUS_INDEXED_NOT_NORMATIVE,REFERENCE_CONTEXT_ONLY
CGP006-ALLOC-2109,CGP005-RC-2109,CGSRC-REPO-0507,ES-CG-00,ES-CG-00;ES-CG-01;ES-CG-13;ES-CG-10,CGP005_REFERENCE_CORPUS_ROW,0,REFERENCE_CORPUS_INDEXED_NOT_NORMATIVE,REFERENCE_CONTEXT_ONLY
CGP006-ALLOC-2110,CGP005-RC-2110,CGSRC-REPO-0508,ES-CG-00,ES-CG-00;ES-CG-01;ES-CG-13;ES-CG-10,CGP005_REFERENCE_CORPUS_ROW,0,REFERENCE_CORPUS_INDEXED_NOT_NORMATIVE,REFERENCE_CONTEXT_ONLY
CGP006-ALLOC-2111,CGP005-RC-2111,CGSRC-REPO-0509,ES-CG-00,ES-CG-00;ES-CG-01;ES-CG-13;ES-CG-10,CGP005_REFERENCE_CORPUS_ROW,0,REFERENCE_CORPUS_INDEXED_NOT_NORMATIVE,REFERENCE_CONTEXT_ONLY
CGP006-ALLOC-2112,CGP005-RC-2112,CGSRC-REPO-0510,ES-CG-00,ES-CG-00;ES-CG-01;ES-CG-13;ES-CG-10,CGP005_REFERENCE_CORPUS_ROW,0,REFERENCE_CORPUS_INDEXED_NOT_NORMATIVE,REFERENCE_CONTEXT_ONLY
CGP006-ALLOC-2113,CGP005-RC-2113,CGSRC-REPO-0511,ES-CG-00,ES-CG-00;ES-CG-01;ES-CG-13;ES-CG-10,CGP005_REFERENCE_CORPUS_ROW,0,REFERENCE_CORPUS_INDEXED_NOT_NORMATIVE,REFERENCE_CONTEXT_ONLY
CGP006-ALLOC-2114,CGP005-RC-2114,CGSRC-REPO-0512,ES-CG-00,ES-CG-00;ES-CG-01;ES-CG-13;ES-CG-10,CGP005_REFERENCE_CORPUS_ROW,0,REFERENCE_CORPUS_INDEXED_NOT_NORMATIVE,REFERENCE_CONTEXT_ONLY
CGP006-ALLOC-2115,CGP005-RC-2115,CGSRC-REPO-0513,ES-CG-00,ES-CG-00;ES-CG-01;ES-CG-13;ES-CG-10,CGP005_REFERENCE_CORPUS_ROW,0,REFERENCE_CORPUS_INDEXED_NOT_NORMATIVE,REFERENCE_CONTEXT_ONLY
CGP006-ALLOC-2116,CGP005-RC-2116,CGSRC-REPO-0514,ES-CG-00,ES-CG-00;ES-CG-01;ES-CG-13;ES-CG-10,CGP005_REFERENCE_CORPUS_ROW,0,REFERENCE_CORPUS_INDEXED_NOT_NORMATIVE,REFERENCE_CONTEXT_ONLY
CGP006-ALLOC-2117,CGP005-RC-2117,CGSRC-REPO-0515,ES-CG-00,ES-CG-00;ES-CG-01;ES-CG-13;ES-CG-10,CGP005_REFERENCE_CORPUS_ROW,0,REFERENCE_CORPUS_INDEXED_NOT_NORMATIVE,REFERENCE_CONTEXT_ONLY
CGP006-ALLOC-2118,CGP005-RC-2118,CGSRC-REPO-0516,ES-CG-00,ES-CG-00;ES-CG-01;ES-CG-13;ES-CG-10,CGP005_REFERENCE_CORPUS_ROW,0,REFERENCE_CORPUS_INDEXED_NOT_NORMATIVE,REFERENCE_CONTEXT_ONLY
CGP006-ALLOC-2119,CGP005-RC-2119,CGSRC-REPO-0517,ES-CG-00,ES-CG-00;ES-CG-01;ES-CG-13;ES-CG-10,CGP005_REFERENCE_CORPUS_ROW,0,REFERENCE_CORPUS_INDEXED_NOT_NORMATIVE,REFERENCE_CONTEXT_ONLY
CGP006-ALLOC-2120,CGP005-RC-2120,CGSRC-REPO-0518,ES-CG-00,ES-CG-00;ES-CG-01;ES-CG-13;ES-CG-10,CGP005_REFERENCE_CORPUS_ROW,0,REFERENCE_CORPUS_INDEXED_NOT_NORMATIVE,REFERENCE_CONTEXT_ONLY
CGP006-ALLOC-2121,CGP005-RC-2121,CGSRC-REPO-0519,ES-CG-00,ES-CG-00;ES-CG-01;ES-CG-13;ES-CG-10,CGP005_REFERENCE_CORPUS_ROW,0,REFERENCE_CORPUS_INDEXED_NOT_NORMATIVE,REFERENCE_CONTEXT_ONLY
CGP006-ALLOC-2122,CGP005-RC-2122,CGSRC-REPO-0520,ES-CG-00,ES-CG-00;ES-CG-01;ES-CG-13;ES-CG-10,CGP005_REFERENCE_CORPUS_ROW,0,REFERENCE_CORPUS_INDEXED_NOT_NORMATIVE,REFERENCE_CONTEXT_ONLY
CGP006-ALLOC-2123,CGP005-RC-2123,CGSRC-REPO-0521,ES-CG-00,ES-CG-00;ES-CG-01;ES-CG-13;ES-CG-10,CGP005_REFERENCE_CORPUS_ROW,0,REFERENCE_CORPUS_INDEXED_NOT_NORMATIVE,REFERENCE_CONTEXT_ONLY
CGP006-ALLOC-2124,CGP005-RC-2124,CGSRC-REPO-0522,ES-CG-00,ES-CG-00;ES-CG-01;ES-CG-13;ES-CG-10,CGP005_REFERENCE_CORPUS_ROW,0,REFERENCE_CORPUS_INDEXED_NOT_NORMATIVE,REFERENCE_CONTEXT_ONLY
CGP006-ALLOC-2125,CGP005-RC-2125,CGSRC-REPO-0523,ES-CG-00,ES-CG-00;ES-CG-01;ES-CG-13;ES-CG-10,CGP005_REFERENCE_CORPUS_ROW,0,REFERENCE_CORPUS_INDEXED_NOT_NORMATIVE,REFERENCE_CONTEXT_ONLY
CGP006-ALLOC-2126,CGP005-RC-2126,CGSRC-REPO-0524,ES-CG-00,ES-CG-00;ES-CG-01;ES-CG-13;ES-CG-10,CGP005_REFERENCE_CORPUS_ROW,0,REFERENCE_CORPUS_INDEXED_NOT_NORMATIVE,REFERENCE_CONTEXT_ONLY
CGP006-ALLOC-2127,CGP005-RC-2127,CGSRC-REPO-0525,ES-CG-00,ES-CG-00;ES-CG-01;ES-CG-13;ES-CG-10,CGP005_REFERENCE_CORPUS_ROW,0,REFERENCE_CORPUS_INDEXED_NOT_NORMATIVE,REFERENCE_CONTEXT_ONLY
CGP006-ALLOC-2128,CGP005-RC-2128,CGSRC-REPO-0526,ES-CG-00,ES-CG-00;ES-CG-01;ES-CG-13;ES-CG-10,CGP005_REFERENCE_CORPUS_ROW,0,REFERENCE_CORPUS_INDEXED_NOT_NORMATIVE,REFERENCE_CONTEXT_ONLY
CGP006-ALLOC-2129,CGP005-RC-2129,CGSRC-REPO-0527,ES-CG-00,ES-CG-00;ES-CG-01;ES-CG-13;ES-CG-10,CGP005_REFERENCE_CORPUS_ROW,0,REFERENCE_CORPUS_INDEXED_NOT_NORMATIVE,REFERENCE_CONTEXT_ONLY
CGP006-ALLOC-2130,CGP005-RC-2130,CGSRC-REPO-0528,ES-CG-00,ES-CG-00;ES-CG-01;ES-CG-13;ES-CG-10,CGP005_REFERENCE_CORPUS_ROW,0,REFERENCE_CORPUS_INDEXED_NOT_NORMATIVE,REFERENCE_CONTEXT_ONLY
CGP006-ALLOC-2131,CGP005-RC-2131,CGSRC-REPO-0529,ES-CG-00,ES-CG-00;ES-CG-01;ES-CG-13;ES-CG-10,CGP005_REFERENCE_CORPUS_ROW,0,REFERENCE_CORPUS_INDEXED_NOT_NORMATIVE,REFERENCE_CONTEXT_ONLY
CGP006-ALLOC-2132,CGP005-RC-2132,CGSRC-REPO-0530,ES-CG-00,ES-CG-00;ES-CG-01;ES-CG-13;ES-CG-10,CGP005_REFERENCE_CORPUS_ROW,0,REFERENCE_CORPUS_INDEXED_NOT_NORMATIVE,REFERENCE_CONTEXT_ONLY
CGP006-ALLOC-2133,CGP005-RC-2133,CGSRC-REPO-0531,ES-CG-00,ES-CG-00;ES-CG-01;ES-CG-13;ES-CG-10,CGP005_REFERENCE_CORPUS_ROW,0,REFERENCE_CORPUS_INDEXED_NOT_NORMATIVE,REFERENCE_CONTEXT_ONLY
CGP006-ALLOC-2134,CGP005-RC-2134,CGSRC-REPO-0532,ES-CG-00,ES-CG-00;ES-CG-01;ES-CG-13;ES-CG-10,CGP005_REFERENCE_CORPUS_ROW,0,REFERENCE_CORPUS_INDEXED_NOT_NORMATIVE,REFERENCE_CONTEXT_ONLY
CGP006-ALLOC-2135,CGP005-RC-2135,CGSRC-REPO-0533,ES-CG-00,ES-CG-00;ES-CG-01;ES-CG-13;ES-CG-10,CGP005_REFERENCE_CORPUS_ROW,0,REFERENCE_CORPUS_INDEXED_NOT_NORMATIVE,REFERENCE_CONTEXT_ONLY
CGP006-ALLOC-2136,CGP005-RC-2136,CGSRC-REPO-0534,ES-CG-00,ES-CG-00;ES-CG-01;ES-CG-13;ES-CG-10,CGP005_REFERENCE_CORPUS_ROW,0,REFERENCE_CORPUS_INDEXED_NOT_NORMATIVE,REFERENCE_CONTEXT_ONLY
CGP006-ALLOC-2137,CGP005-RC-2137,CGSRC-REPO-0535,ES-CG-00,ES-CG-00;ES-CG-01;ES-CG-13;ES-CG-10,CGP005_REFERENCE_CORPUS_ROW,0,REFERENCE_CORPUS_INDEXED_NOT_NORMATIVE,REFERENCE_CONTEXT_ONLY
CGP006-ALLOC-2138,CGP005-RC-2138,CGSRC-REPO-0536,ES-CG-00,ES-CG-00;ES-CG-01;ES-CG-13;ES-CG-10,CGP005_REFERENCE_CORPUS_ROW,0,REFERENCE_CORPUS_INDEXED_NOT_NORMATIVE,REFERENCE_CONTEXT_ONLY
CGP006-ALLOC-2139,CGP005-RC-2139,CGSRC-REPO-0537,ES-CG-00,ES-CG-00;ES-CG-01;ES-CG-13;ES-CG-10,CGP005_REFERENCE_CORPUS_ROW,0,REFERENCE_CORPUS_INDEXED_NOT_NORMATIVE,REFERENCE_CONTEXT_ONLY
CGP006-ALLOC-2140,CGP005-RC-2140,CGSRC-REPO-0538,ES-CG-00,ES-CG-00;ES-CG-01;ES-CG-13;ES-CG-10,CGP005_REFERENCE_CORPUS_ROW,0,REFERENCE_CORPUS_INDEXED_NOT_NORMATIVE,REFERENCE_CONTEXT_ONLY
CGP006-ALLOC-2141,CGP005-RC-2141,CGSRC-REPO-0539,ES-CG-00,ES-CG-00;ES-CG-01;ES-CG-13;ES-CG-10,CGP005_REFERENCE_CORPUS_ROW,0,REFERENCE_CORPUS_INDEXED_NOT_NORMATIVE,REFERENCE_CONTEXT_ONLY
CGP006-ALLOC-2142,CGP005-RC-2142,CGSRC-REPO-0540,ES-CG-00,ES-CG-00;ES-CG-01;ES-CG-13;ES-CG-10,CGP005_REFERENCE_CORPUS_ROW,0,REFERENCE_CORPUS_INDEXED_NOT_NORMATIVE,REFERENCE_CONTEXT_ONLY
CGP006-ALLOC-2143,CGP005-RC-2143,CGSRC-REPO-0541,ES-CG-00,ES-CG-00;ES-CG-01;ES-CG-13;ES-CG-10,CGP005_REFERENCE_CORPUS_ROW,0,REFERENCE_CORPUS_INDEXED_NOT_NORMATIVE,REFERENCE_CONTEXT_ONLY
CGP006-ALLOC-2144,CGP005-RC-2144,CGSRC-REPO-0542,ES-CG-00,ES-CG-00;ES-CG-01;ES-CG-13;ES-CG-10,CGP005_REFERENCE_CORPUS_ROW,0,REFERENCE_CORPUS_INDEXED_NOT_NORMATIVE,REFERENCE_CONTEXT_ONLY
CGP006-ALLOC-2145,CGP005-RC-2145,CGSRC-REPO-0543,ES-CG-00,ES-CG-00;ES-CG-01;ES-CG-13;ES-CG-10,CGP005_REFERENCE_CORPUS_ROW,0,REFERENCE_CORPUS_INDEXED_NOT_NORMATIVE,REFERENCE_CONTEXT_ONLY
CGP006-ALLOC-2146,CGP005-RC-2146,CGSRC-REPO-0544,ES-CG-00,ES-CG-00;ES-CG-01;ES-CG-13;ES-CG-10,CGP005_REFERENCE_CORPUS_ROW,0,REFERENCE_CORPUS_INDEXED_NOT_NORMATIVE,REFERENCE_CONTEXT_ONLY
CGP006-ALLOC-2147,CGP005-RC-2147,CGSRC-REPO-0545,ES-CG-00,ES-CG-00;ES-CG-01;ES-CG-13;ES-CG-10,CGP005_REFERENCE_CORPUS_ROW,0,REFERENCE_CORPUS_INDEXED_NOT_NORMATIVE,REFERENCE_CONTEXT_ONLY
CGP006-ALLOC-2148,CGP005-RC-2148,CGSRC-REPO-0546,ES-CG-00,ES-CG-00;ES-CG-01;ES-CG-13;ES-CG-10,CGP005_REFERENCE_CORPUS_ROW,0,REFERENCE_CORPUS_INDEXED_NOT_NORMATIVE,REFERENCE_CONTEXT_ONLY
CGP006-ALLOC-2149,CGP005-RC-2149,CGSRC-REPO-0547,ES-CG-00,ES-CG-00;ES-CG-01;ES-CG-13;ES-CG-10,CGP005_REFERENCE_CORPUS_ROW,0,REFERENCE_CORPUS_INDEXED_NOT_NORMATIVE,REFERENCE_CONTEXT_ONLY
CGP006-ALLOC-2150,CGP005-RC-2150,CGSRC-REPO-0548,ES-CG-00,ES-CG-00;ES-CG-01;ES-CG-13;ES-CG-10,CGP005_REFERENCE_CORPUS_ROW,0,REFERENCE_CORPUS_INDEXED_NOT_NORMATIVE,REFERENCE_CONTEXT_ONLY
CGP006-ALLOC-2151,CGP005-RC-2151,CGSRC-REPO-0549,ES-CG-00,ES-CG-00;ES-CG-01;ES-CG-13;ES-CG-10,CGP005_REFERENCE_CORPUS_ROW,0,REFERENCE_CORPUS_INDEXED_NOT_NORMATIVE,REFERENCE_CONTEXT_ONLY
CGP006-ALLOC-2152,CGP005-RC-2152,CGSRC-REPO-0550,ES-CG-00,ES-CG-00;ES-CG-01;ES-CG-13,CGP005_REFERENCE_CORPUS_ROW,0,REFERENCE_CORPUS_INDEXED_NOT_NORMATIVE,REFERENCE_CONTEXT_ONLY
CGP006-ALLOC-2153,CGP005-RC-2153,CGSRC-REPO-0551,ES-CG-00,ES-CG-00;ES-CG-01;ES-CG-13;ES-CG-10,CGP005_REFERENCE_CORPUS_ROW,0,REFERENCE_CORPUS_INDEXED_NOT_NORMATIVE,REFERENCE_CONTEXT_ONLY
CGP006-ALLOC-2154,CGP005-RC-2154,CGSRC-REPO-0552,ES-CG-00,ES-CG-00;ES-CG-01;ES-CG-13;ES-CG-10,CGP005_REFERENCE_CORPUS_ROW,0,REFERENCE_CORPUS_INDEXED_NOT_NORMATIVE,REFERENCE_CONTEXT_ONLY
CGP006-ALLOC-2155,CGP005-RC-2155,CGSRC-REPO-0553,ES-CG-00,ES-CG-00;ES-CG-01;ES-CG-13;ES-CG-10,CGP005_REFERENCE_CORPUS_ROW,0,REFERENCE_CORPUS_INDEXED_NOT_NORMATIVE,REFERENCE_CONTEXT_ONLY
CGP006-ALLOC-2156,CGP005-RC-2156,CGSRC-REPO-0554,ES-CG-00,ES-CG-00;ES-CG-01;ES-CG-13;ES-CG-10,CGP005_REFERENCE_CORPUS_ROW,0,REFERENCE_CORPUS_INDEXED_NOT_NORMATIVE,REFERENCE_CONTEXT_ONLY
CGP006-ALLOC-2157,CGP005-RC-2157,CGSRC-REPO-0555,ES-CG-00,ES-CG-00;ES-CG-01;ES-CG-13;ES-CG-10,CGP005_REFERENCE_CORPUS_ROW,0,REFERENCE_CORPUS_INDEXED_NOT_NORMATIVE,REFERENCE_CONTEXT_ONLY
CGP006-ALLOC-2158,CGP005-RC-2158,CGSRC-REPO-0556,ES-CG-00,ES-CG-00;ES-CG-01;ES-CG-13;ES-CG-10,CGP005_REFERENCE_CORPUS_ROW,0,REFERENCE_CORPUS_INDEXED_NOT_NORMATIVE,REFERENCE_CONTEXT_ONLY
CGP006-ALLOC-2159,CGP005-RC-2159,CGSRC-REPO-0557,ES-CG-00,ES-CG-00;ES-CG-01;ES-CG-13;ES-CG-10,CGP005_REFERENCE_CORPUS_ROW,0,REFERENCE_CORPUS_INDEXED_NOT_NORMATIVE,REFERENCE_CONTEXT_ONLY
CGP006-ALLOC-2160,CGP005-RC-2160,CGSRC-REPO-0558,ES-CG-00,ES-CG-00;ES-CG-01;ES-CG-13;ES-CG-10,CGP005_REFERENCE_CORPUS_ROW,0,REFERENCE_CORPUS_INDEXED_NOT_NORMATIVE,REFERENCE_CONTEXT_ONLY
CGP006-ALLOC-2161,CGP005-RC-2161,CGSRC-REPO-0559,ES-CG-00,ES-CG-00;ES-CG-01;ES-CG-13;ES-CG-10,CGP005_REFERENCE_CORPUS_ROW,0,REFERENCE_CORPUS_INDEXED_NOT_NORMATIVE,REFERENCE_CONTEXT_ONLY
CGP006-ALLOC-2162,CGP005-RC-2162,CGSRC-REPO-0560,ES-CG-00,ES-CG-00;ES-CG-01;ES-CG-13;ES-CG-10,CGP005_REFERENCE_CORPUS_ROW,0,REFERENCE_CORPUS_INDEXED_NOT_NORMATIVE,REFERENCE_CONTEXT_ONLY
CGP006-ALLOC-2163,CGP005-RC-2163,CGSRC-REPO-0561,ES-CG-00,ES-CG-00;ES-CG-01;ES-CG-13;ES-CG-10,CGP005_REFERENCE_CORPUS_ROW,0,REFERENCE_CORPUS_INDEXED_NOT_NORMATIVE,REFERENCE_CONTEXT_ONLY
CGP006-ALLOC-2164,CGP005-RC-2164,CGSRC-REPO-0562,ES-CG-00,ES-CG-00;ES-CG-01;ES-CG-13;ES-CG-10,CGP005_REFERENCE_CORPUS_ROW,0,REFERENCE_CORPUS_INDEXED_NOT_NORMATIVE,REFERENCE_CONTEXT_ONLY
CGP006-ALLOC-2165,CGP005-RC-2165,CGSRC-REPO-0563,ES-CG-00,ES-CG-00;ES-CG-01;ES-CG-13;ES-CG-10,CGP005_REFERENCE_CORPUS_ROW,0,REFERENCE_CORPUS_INDEXED_NOT_NORMATIVE,REFERENCE_CONTEXT_ONLY
CGP006-ALLOC-2166,CGP005-RC-2166,CGSRC-REPO-0564,ES-CG-00,ES-CG-00;ES-CG-01;ES-CG-13;ES-CG-10,CGP005_REFERENCE_CORPUS_ROW,0,REFERENCE_CORPUS_INDEXED_NOT_NORMATIVE,REFERENCE_CONTEXT_ONLY
CGP006-ALLOC-2167,CGP005-RC-2167,CGSRC-REPO-0565,ES-CG-00,ES-CG-00;ES-CG-01;ES-CG-13;ES-CG-10,CGP005_REFERENCE_CORPUS_ROW,0,REFERENCE_CORPUS_INDEXED_NOT_NORMATIVE,REFERENCE_CONTEXT_ONLY
CGP006-ALLOC-2168,CGP005-RC-2168,CGSRC-REPO-0566,ES-CG-00,ES-CG-00;ES-CG-01;ES-CG-13;ES-CG-10,CGP005_REFERENCE_CORPUS_ROW,0,REFERENCE_CORPUS_INDEXED_NOT_NORMATIVE,REFERENCE_CONTEXT_ONLY
CGP006-ALLOC-2169,CGP005-RC-2169,CGSRC-REPO-0567,ES-CG-00,ES-CG-00;ES-CG-01;ES-CG-13;ES-CG-10,CGP005_REFERENCE_CORPUS_ROW,0,REFERENCE_CORPUS_INDEXED_NOT_NORMATIVE,REFERENCE_CONTEXT_ONLY
CGP006-ALLOC-2170,CGP005-RC-2170,CGSRC-REPO-0568,ES-CG-00,ES-CG-00;ES-CG-01;ES-CG-13;ES-CG-10,CGP005_REFERENCE_CORPUS_ROW,0,REFERENCE_CORPUS_INDEXED_NOT_NORMATIVE,REFERENCE_CONTEXT_ONLY
CGP006-ALLOC-2171,CGP005-RC-2171,CGSRC-REPO-0569,ES-CG-00,ES-CG-00;ES-CG-01;ES-CG-13;ES-CG-10,CGP005_REFERENCE_CORPUS_ROW,0,REFERENCE_CORPUS_INDEXED_NOT_NORMATIVE,REFERENCE_CONTEXT_ONLY
CGP006-ALLOC-2172,CGP005-RC-2172,CGSRC-REPO-0570,ES-CG-00,ES-CG-00;ES-CG-01;ES-CG-13;ES-CG-10,CGP005_REFERENCE_CORPUS_ROW,0,REFERENCE_CORPUS_INDEXED_NOT_NORMATIVE,REFERENCE_CONTEXT_ONLY
CGP006-ALLOC-2173,CGP005-RC-2173,CGSRC-REPO-0571,ES-CG-00,ES-CG-00;ES-CG-01;ES-CG-13;ES-CG-10,CGP005_REFERENCE_CORPUS_ROW,0,REFERENCE_CORPUS_INDEXED_NOT_NORMATIVE,REFERENCE_CONTEXT_ONLY
CGP006-ALLOC-2174,CGP005-RC-2174,CGSRC-REPO-0572,ES-CG-00,ES-CG-00;ES-CG-01;ES-CG-13;ES-CG-10,CGP005_REFERENCE_CORPUS_ROW,0,REFERENCE_CORPUS_INDEXED_NOT_NORMATIVE,REFERENCE_CONTEXT_ONLY
CGP006-ALLOC-2175,CGP005-RC-2175,CGSRC-REPO-0573,ES-CG-00,ES-CG-00;ES-CG-01;ES-CG-13;ES-CG-10,CGP005_REFERENCE_CORPUS_ROW,0,REFERENCE_CORPUS_INDEXED_NOT_NORMATIVE,REFERENCE_CONTEXT_ONLY
CGP006-ALLOC-2176,CGP005-RC-2176,CGSRC-REPO-0574,ES-CG-00,ES-CG-00;ES-CG-01;ES-CG-13;ES-CG-10,CGP005_REFERENCE_CORPUS_ROW,0,REFERENCE_CORPUS_INDEXED_NOT_NORMATIVE,REFERENCE_CONTEXT_ONLY
CGP006-ALLOC-2177,CGP005-RC-2177,CGSRC-REPO-0575,ES-CG-00,ES-CG-00;ES-CG-01;ES-CG-13;ES-CG-10,CGP005_REFERENCE_CORPUS_ROW,0,REFERENCE_CORPUS_INDEXED_NOT_NORMATIVE,REFERENCE_CONTEXT_ONLY
CGP006-ALLOC-2178,CGP005-RC-2178,CGSRC-REPO-0576,ES-CG-00,ES-CG-00;ES-CG-01;ES-CG-13;ES-CG-10,CGP005_REFERENCE_CORPUS_ROW,0,REFERENCE_CORPUS_INDEXED_NOT_NORMATIVE,REFERENCE_CONTEXT_ONLY
CGP006-ALLOC-2179,CGP005-RC-2179,CGSRC-REPO-0577,ES-CG-00,ES-CG-00;ES-CG-01;ES-CG-13;ES-CG-10,CGP005_REFERENCE_CORPUS_ROW,0,REFERENCE_CORPUS_INDEXED_NOT_NORMATIVE,REFERENCE_CONTEXT_ONLY
CGP006-ALLOC-2180,CGP005-RC-2180,CGSRC-REPO-0578,ES-CG-00,ES-CG-00;ES-CG-01;ES-CG-13;ES-CG-10,CGP005_REFERENCE_CORPUS_ROW,0,REFERENCE_CORPUS_INDEXED_NOT_NORMATIVE,REFERENCE_CONTEXT_ONLY
CGP006-ALLOC-2181,CGP005-RC-2181,CGSRC-REPO-0579,ES-CG-00,ES-CG-00;ES-CG-01;ES-CG-13;ES-CG-10,CGP005_REFERENCE_CORPUS_ROW,0,REFERENCE_CORPUS_INDEXED_NOT_NORMATIVE,REFERENCE_CONTEXT_ONLY
CGP006-ALLOC-2182,CGP005-RC-2182,CGSRC-REPO-0580,ES-CG-00,ES-CG-00;ES-CG-01;ES-CG-13;ES-CG-10,CGP005_REFERENCE_CORPUS_ROW,0,REFERENCE_CORPUS_INDEXED_NOT_NORMATIVE,REFERENCE_CONTEXT_ONLY
CGP006-ALLOC-2183,CGP005-RC-2183,CGSRC-REPO-0581,ES-CG-00,ES-CG-00;ES-CG-01;ES-CG-13;ES-CG-10,CGP005_REFERENCE_CORPUS_ROW,0,REFERENCE_CORPUS_INDEXED_NOT_NORMATIVE,REFERENCE_CONTEXT_ONLY
CGP006-ALLOC-2184,CGP005-RC-2184,CGSRC-REPO-0582,ES-CG-00,ES-CG-00;ES-CG-01;ES-CG-13;ES-CG-10,CGP005_REFERENCE_CORPUS_ROW,0,REFERENCE_CORPUS_INDEXED_NOT_NORMATIVE,REFERENCE_CONTEXT_ONLY
CGP006-ALLOC-2185,CGP005-RC-2185,CGSRC-REPO-0583,ES-CG-00,ES-CG-00;ES-CG-01;ES-CG-13;ES-CG-10,CGP005_REFERENCE_CORPUS_ROW,0,REFERENCE_CORPUS_INDEXED_NOT_NORMATIVE,REFERENCE_CONTEXT_ONLY
CGP006-ALLOC-2186,CGP005-RC-2186,CGSRC-REPO-0584,ES-CG-00,ES-CG-00;ES-CG-01;ES-CG-13;ES-CG-10,CGP005_REFERENCE_CORPUS_ROW,0,REFERENCE_CORPUS_INDEXED_NOT_NORMATIVE,REFERENCE_CONTEXT_ONLY
CGP006-ALLOC-2187,CGP005-RC-2187,CGSRC-REPO-0585,ES-CG-00,ES-CG-00;ES-CG-01;ES-CG-13;ES-CG-10,CGP005_REFERENCE_CORPUS_ROW,0,REFERENCE_CORPUS_INDEXED_NOT_NORMATIVE,REFERENCE_CONTEXT_ONLY
CGP006-ALLOC-2188,CGP005-RC-2188,CGSRC-REPO-0586,ES-CG-00,ES-CG-00;ES-CG-01;ES-CG-13;ES-CG-10,CGP005_REFERENCE_CORPUS_ROW,0,REFERENCE_CORPUS_INDEXED_NOT_NORMATIVE,REFERENCE_CONTEXT_ONLY
CGP006-ALLOC-2189,CGP005-RC-2189,CGSRC-REPO-0587,ES-CG-00,ES-CG-00;ES-CG-01;ES-CG-13;ES-CG-10,CGP005_REFERENCE_CORPUS_ROW,0,REFERENCE_CORPUS_INDEXED_NOT_NORMATIVE,REFERENCE_CONTEXT_ONLY
CGP006-ALLOC-2190,CGP005-RC-2190,CGSRC-REPO-0588,ES-CG-00,ES-CG-00;ES-CG-01;ES-CG-13;ES-CG-10,CGP005_REFERENCE_CORPUS_ROW,0,REFERENCE_CORPUS_INDEXED_NOT_NORMATIVE,REFERENCE_CONTEXT_ONLY
CGP006-ALLOC-2191,CGP005-RC-2191,CGSRC-REPO-0589,ES-CG-00,ES-CG-00;ES-CG-01;ES-CG-13;ES-CG-10,CGP005_REFERENCE_CORPUS_ROW,0,REFERENCE_CORPUS_INDEXED_NOT_NORMATIVE,REFERENCE_CONTEXT_ONLY
CGP006-ALLOC-2192,CGP005-RC-2192,CGSRC-REPO-0590,ES-CG-00,ES-CG-00;ES-CG-01;ES-CG-13;ES-CG-10,CGP005_REFERENCE_CORPUS_ROW,0,REFERENCE_CORPUS_INDEXED_NOT_NORMATIVE,REFERENCE_CONTEXT_ONLY
CGP006-ALLOC-2193,CGP005-RC-2193,CGSRC-REPO-0591,ES-CG-00,ES-CG-00;ES-CG-01;ES-CG-13;ES-CG-10,CGP005_REFERENCE_CORPUS_ROW,0,REFERENCE_CORPUS_INDEXED_NOT_NORMATIVE,REFERENCE_CONTEXT_ONLY
CGP006-ALLOC-2194,CGP005-RC-2194,CGSRC-REPO-0592,ES-CG-00,ES-CG-00;ES-CG-01;ES-CG-13;ES-CG-10,CGP005_REFERENCE_CORPUS_ROW,0,REFERENCE_CORPUS_INDEXED_NOT_NORMATIVE,REFERENCE_CONTEXT_ONLY
CGP006-ALLOC-2195,CGP005-RC-2195,CGSRC-REPO-0593,ES-CG-00,ES-CG-00;ES-CG-01;ES-CG-13;ES-CG-10,CGP005_REFERENCE_CORPUS_ROW,0,REFERENCE_CORPUS_INDEXED_NOT_NORMATIVE,REFERENCE_CONTEXT_ONLY
CGP006-ALLOC-2196,CGP005-RC-2196,CGSRC-REPO-0594,ES-CG-00,ES-CG-00;ES-CG-01;ES-CG-13;ES-CG-10,CGP005_REFERENCE_CORPUS_ROW,0,REFERENCE_CORPUS_INDEXED_NOT_NORMATIVE,REFERENCE_CONTEXT_ONLY
CGP006-ALLOC-2197,CGP005-RC-2197,CGSRC-REPO-0595,ES-CG-00,ES-CG-00;ES-CG-01;ES-CG-13;ES-CG-10,CGP005_REFERENCE_CORPUS_ROW,0,REFERENCE_CORPUS_INDEXED_NOT_NORMATIVE,REFERENCE_CONTEXT_ONLY
CGP006-ALLOC-2198,CGP005-RC-2198,CGSRC-REPO-0596,ES-CG-00,ES-CG-00;ES-CG-01;ES-CG-13;ES-CG-10,CGP005_REFERENCE_CORPUS_ROW,0,REFERENCE_CORPUS_INDEXED_NOT_NORMATIVE,REFERENCE_CONTEXT_ONLY
CGP006-ALLOC-2199,CGP005-RC-2199,CGSRC-REPO-0597,ES-CG-00,ES-CG-00;ES-CG-01;ES-CG-13;ES-CG-10,CGP005_REFERENCE_CORPUS_ROW,0,REFERENCE_CORPUS_INDEXED_NOT_NORMATIVE,REFERENCE_CONTEXT_ONLY
CGP006-ALLOC-2200,CGP005-RC-2200,CGSRC-REPO-0598,ES-CG-00,ES-CG-00;ES-CG-01;ES-CG-13;ES-CG-10,CGP005_REFERENCE_CORPUS_ROW,0,REFERENCE_CORPUS_INDEXED_NOT_NORMATIVE,REFERENCE_CONTEXT_ONLY
CGP006-ALLOC-2201,CGP005-RC-2201,CGSRC-REPO-0599,ES-CG-00,ES-CG-00;ES-CG-01;ES-CG-13,CGP005_REFERENCE_CORPUS_ROW,0,REFERENCE_CORPUS_INDEXED_NOT_NORMATIVE,REFERENCE_CONTEXT_ONLY
CGP006-ALLOC-2202,CGP005-RC-2202,CGSRC-REPO-0600,ES-CG-00,ES-CG-00;ES-CG-01;ES-CG-13;ES-CG-10,CGP005_REFERENCE_CORPUS_ROW,0,REFERENCE_CORPUS_INDEXED_NOT_NORMATIVE,REFERENCE_CONTEXT_ONLY
CGP006-ALLOC-2203,CGP005-RC-2203,CGSRC-REPO-0601,ES-CG-00,ES-CG-00;ES-CG-01;ES-CG-13;ES-CG-10,CGP005_REFERENCE_CORPUS_ROW,0,REFERENCE_CORPUS_INDEXED_NOT_NORMATIVE,REFERENCE_CONTEXT_ONLY
CGP006-ALLOC-2204,CGP005-RC-2204,CGSRC-REPO-0602,ES-CG-00,ES-CG-00;ES-CG-01;ES-CG-13;ES-CG-10,CGP005_REFERENCE_CORPUS_ROW,0,REFERENCE_CORPUS_INDEXED_NOT_NORMATIVE,REFERENCE_CONTEXT_ONLY
CGP006-ALLOC-2205,CGP005-RC-2205,CGSRC-REPO-0603,ES-CG-00,ES-CG-00;ES-CG-01;ES-CG-13;ES-CG-10,CGP005_REFERENCE_CORPUS_ROW,0,REFERENCE_CORPUS_INDEXED_NOT_NORMATIVE,REFERENCE_CONTEXT_ONLY
CGP006-ALLOC-2206,CGP005-RC-2206,CGSRC-REPO-0604,ES-CG-00,ES-CG-00;ES-CG-01;ES-CG-13;ES-CG-10,CGP005_REFERENCE_CORPUS_ROW,0,REFERENCE_CORPUS_INDEXED_NOT_NORMATIVE,REFERENCE_CONTEXT_ONLY
CGP006-ALLOC-2207,CGP005-RC-2207,CGSRC-REPO-0605,ES-CG-00,ES-CG-00;ES-CG-01;ES-CG-13;ES-CG-10,CGP005_REFERENCE_CORPUS_ROW,0,REFERENCE_CORPUS_INDEXED_NOT_NORMATIVE,REFERENCE_CONTEXT_ONLY
CGP006-ALLOC-2208,CGP005-RC-2208,CGSRC-REPO-0606,ES-CG-00,ES-CG-00;ES-CG-01;ES-CG-13;ES-CG-10,CGP005_REFERENCE_CORPUS_ROW,0,REFERENCE_CORPUS_INDEXED_NOT_NORMATIVE,REFERENCE_CONTEXT_ONLY
CGP006-ALLOC-2209,CGP005-RC-2209,CGSRC-REPO-0607,ES-CG-00,ES-CG-00;ES-CG-01;ES-CG-13;ES-CG-10,CGP005_REFERENCE_CORPUS_ROW,0,REFERENCE_CORPUS_INDEXED_NOT_NORMATIVE,REFERENCE_CONTEXT_ONLY
CGP006-ALLOC-2210,CGP005-RC-2210,CGSRC-REPO-0608,ES-CG-00,ES-CG-00;ES-CG-01;ES-CG-13;ES-CG-10,CGP005_REFERENCE_CORPUS_ROW,0,REFERENCE_CORPUS_INDEXED_NOT_NORMATIVE,REFERENCE_CONTEXT_ONLY
CGP006-ALLOC-2211,CGP005-RC-2211,CGSRC-REPO-0609,ES-CG-00,ES-CG-00;ES-CG-01;ES-CG-13;ES-CG-10,CGP005_REFERENCE_CORPUS_ROW,0,REFERENCE_CORPUS_INDEXED_NOT_NORMATIVE,REFERENCE_CONTEXT_ONLY
CGP006-ALLOC-2212,CGP005-RC-2212,CGSRC-REPO-0610,ES-CG-00,ES-CG-00;ES-CG-01;ES-CG-13;ES-CG-10,CGP005_REFERENCE_CORPUS_ROW,0,REFERENCE_CORPUS_INDEXED_NOT_NORMATIVE,REFERENCE_CONTEXT_ONLY
CGP006-ALLOC-2213,CGP005-RC-2213,CGSRC-REPO-0611,ES-CG-00,ES-CG-00;ES-CG-01;ES-CG-13;ES-CG-10,CGP005_REFERENCE_CORPUS_ROW,0,REFERENCE_CORPUS_INDEXED_NOT_NORMATIVE,REFERENCE_CONTEXT_ONLY
CGP006-ALLOC-2214,CGP005-RC-2214,CGSRC-REPO-0612,ES-CG-00,ES-CG-00;ES-CG-01;ES-CG-13;ES-CG-10,CGP005_REFERENCE_CORPUS_ROW,0,REFERENCE_CORPUS_INDEXED_NOT_NORMATIVE,REFERENCE_CONTEXT_ONLY
CGP006-ALLOC-2215,CGP005-RC-2215,CGSRC-REPO-0613,ES-CG-00,ES-CG-00;ES-CG-01;ES-CG-13;ES-CG-10,CGP005_REFERENCE_CORPUS_ROW,0,REFERENCE_CORPUS_INDEXED_NOT_NORMATIVE,REFERENCE_CONTEXT_ONLY
CGP006-ALLOC-2216,CGP005-RC-2216,CGSRC-REPO-0614,ES-CG-00,ES-CG-00;ES-CG-01;ES-CG-13;ES-CG-10,CGP005_REFERENCE_CORPUS_ROW,0,REFERENCE_CORPUS_INDEXED_NOT_NORMATIVE,REFERENCE_CONTEXT_ONLY
CGP006-ALLOC-2217,CGP005-RC-2217,CGSRC-REPO-0615,ES-CG-00,ES-CG-00;ES-CG-01;ES-CG-13;ES-CG-10,CGP005_REFERENCE_CORPUS_ROW,0,REFERENCE_CORPUS_INDEXED_NOT_NORMATIVE,REFERENCE_CONTEXT_ONLY
CGP006-ALLOC-2218,CGP005-RC-2218,CGSRC-REPO-0616,ES-CG-00,ES-CG-00;ES-CG-01;ES-CG-13;ES-CG-10,CGP005_REFERENCE_CORPUS_ROW,0,REFERENCE_CORPUS_INDEXED_NOT_NORMATIVE,REFERENCE_CONTEXT_ONLY
CGP006-ALLOC-2219,CGP005-RC-2219,CGSRC-REPO-0617,ES-CG-00,ES-CG-00;ES-CG-01;ES-CG-13;ES-CG-10,CGP005_REFERENCE_CORPUS_ROW,0,REFERENCE_CORPUS_INDEXED_NOT_NORMATIVE,REFERENCE_CONTEXT_ONLY
CGP006-ALLOC-2220,CGP005-RC-2220,CGSRC-REPO-0618,ES-CG-00,ES-CG-00;ES-CG-01;ES-CG-13,CGP005_REFERENCE_CORPUS_ROW,0,REFERENCE_CORPUS_INDEXED_NOT_NORMATIVE,REFERENCE_CONTEXT_ONLY
CGP006-ALLOC-2221,CGP005-RC-2221,CGSRC-REPO-0619,ES-CG-00,ES-CG-00;ES-CG-01;ES-CG-13;ES-CG-10,CGP005_REFERENCE_CORPUS_ROW,0,REFERENCE_CORPUS_INDEXED_NOT_NORMATIVE,REFERENCE_CONTEXT_ONLY
CGP006-ALLOC-2222,CGP005-RC-2222,CGSRC-REPO-0620,ES-CG-00,ES-CG-00;ES-CG-01;ES-CG-13;ES-CG-10,CGP005_REFERENCE_CORPUS_ROW,0,REFERENCE_CORPUS_INDEXED_NOT_NORMATIVE,REFERENCE_CONTEXT_ONLY
CGP006-ALLOC-2223,CGP005-RC-2223,CGSRC-REPO-0621,ES-CG-00,ES-CG-00;ES-CG-01;ES-CG-13;ES-CG-10,CGP005_REFERENCE_CORPUS_ROW,0,REFERENCE_CORPUS_INDEXED_NOT_NORMATIVE,REFERENCE_CONTEXT_ONLY
CGP006-ALLOC-2224,CGP005-RC-2224,CGSRC-REPO-0622,ES-CG-00,ES-CG-00;ES-CG-01;ES-CG-13;ES-CG-10,CGP005_REFERENCE_CORPUS_ROW,0,REFERENCE_CORPUS_INDEXED_NOT_NORMATIVE,REFERENCE_CONTEXT_ONLY
CGP006-ALLOC-2225,CGP005-RC-2225,CGSRC-REPO-0623,ES-CG-00,ES-CG-00;ES-CG-01;ES-CG-13;ES-CG-10,CGP005_REFERENCE_CORPUS_ROW,0,REFERENCE_CORPUS_INDEXED_NOT_NORMATIVE,REFERENCE_CONTEXT_ONLY
CGP006-ALLOC-2226,CGP005-RC-2226,CGSRC-REPO-0624,ES-CG-00,ES-CG-00;ES-CG-01;ES-CG-13;ES-CG-10,CGP005_REFERENCE_CORPUS_ROW,0,REFERENCE_CORPUS_INDEXED_NOT_NORMATIVE,REFERENCE_CONTEXT_ONLY
CGP006-ALLOC-2227,CGP005-RC-2227,CGSRC-REPO-0625,ES-CG-00,ES-CG-00;ES-CG-01;ES-CG-13;ES-CG-10,CGP005_REFERENCE_CORPUS_ROW,0,REFERENCE_CORPUS_INDEXED_NOT_NORMATIVE,REFERENCE_CONTEXT_ONLY
CGP006-ALLOC-2228,CGP005-RC-2228,CGSRC-REPO-0626,ES-CG-00,ES-CG-00;ES-CG-01;ES-CG-13;ES-CG-10,CGP005_REFERENCE_CORPUS_ROW,0,REFERENCE_CORPUS_INDEXED_NOT_NORMATIVE,REFERENCE_CONTEXT_ONLY
CGP006-ALLOC-2229,CGP005-RC-2229,CGSRC-REPO-0627,ES-CG-00,ES-CG-00;ES-CG-01;ES-CG-13;ES-CG-10,CGP005_REFERENCE_CORPUS_ROW,0,REFERENCE_CORPUS_INDEXED_NOT_NORMATIVE,REFERENCE_CONTEXT_ONLY
CGP006-ALLOC-2230,CGP005-RC-2230,CGSRC-REPO-0628,ES-CG-00,ES-CG-00;ES-CG-01;ES-CG-13;ES-CG-10,CGP005_REFERENCE_CORPUS_ROW,0,REFERENCE_CORPUS_INDEXED_NOT_NORMATIVE,REFERENCE_CONTEXT_ONLY
CGP006-ALLOC-2231,CGP005-RC-2231,CGSRC-REPO-0629,ES-CG-00,ES-CG-00;ES-CG-01;ES-CG-13;ES-CG-10,CGP005_REFERENCE_CORPUS_ROW,0,REFERENCE_CORPUS_INDEXED_NOT_NORMATIVE,REFERENCE_CONTEXT_ONLY
CGP006-ALLOC-2232,CGP005-RC-2232,CGSRC-REVIEW-0001,ES-CG-00,ES-CG-00;ES-CG-01;ES-CG-13;ES-CG-10,CGP005_REFERENCE_CORPUS_ROW,0,REFERENCE_CORPUS_INDEXED_NOT_NORMATIVE,REFERENCE_CONTEXT_ONLY
CGP006-ALLOC-2233,CGP005-RC-2233,CGSRC-REVIEW-0002,ES-CG-00,ES-CG-00;ES-CG-01;ES-CG-13;ES-CG-10,CGP005_REFERENCE_CORPUS_ROW,0,REFERENCE_CORPUS_INDEXED_NOT_NORMATIVE,REFERENCE_CONTEXT_ONLY
CGP006-ALLOC-2234,CGP005-RC-2234,CGSRC-REVIEW-0003,ES-CG-00,ES-CG-00;ES-CG-01;ES-CG-13;ES-CG-10,CGP005_REFERENCE_CORPUS_ROW,0,REFERENCE_CORPUS_INDEXED_NOT_NORMATIVE,REFERENCE_CONTEXT_ONLY
CGP006-ALLOC-2235,CGP005-RC-2235,CGSRC-REVIEW-0004,ES-CG-00,ES-CG-00;ES-CG-01;ES-CG-13;ES-CG-10,CGP005_REFERENCE_CORPUS_ROW,0,REFERENCE_CORPUS_INDEXED_NOT_NORMATIVE,REFERENCE_CONTEXT_ONLY
CGP006-ALLOC-2236,CGP005-RC-2236,CGSRC-REVIEW-0005,ES-CG-00,ES-CG-00;ES-CG-01;ES-CG-13;ES-CG-10,CGP005_REFERENCE_CORPUS_ROW,0,REFERENCE_CORPUS_INDEXED_NOT_NORMATIVE,REFERENCE_CONTEXT_ONLY
CGP006-ALLOC-2237,CGP005-RC-2237,CGSRC-REVIEW-0006,ES-CG-00,ES-CG-00;ES-CG-01;ES-CG-13;ES-CG-10,CGP005_REFERENCE_CORPUS_ROW,0,REFERENCE_CORPUS_INDEXED_NOT_NORMATIVE,REFERENCE_CONTEXT_ONLY
CGP006-ALLOC-2238,CGP005-RC-2238,CGSRC-REVIEW-0007,ES-CG-00,ES-CG-00;ES-CG-01;ES-CG-13;ES-CG-10,CGP005_REFERENCE_CORPUS_ROW,0,REFERENCE_CORPUS_INDEXED_NOT_NORMATIVE,REFERENCE_CONTEXT_ONLY
CGP006-ALLOC-2239,CGP005-RC-2239,CGSRC-REVIEW-0008,ES-CG-00,ES-CG-00;ES-CG-01;ES-CG-13;ES-CG-10,CGP005_REFERENCE_CORPUS_ROW,0,REFERENCE_CORPUS_INDEXED_NOT_NORMATIVE,REFERENCE_CONTEXT_ONLY
CGP006-ALLOC-2240,CGP005-RC-2240,CGSRC-REVIEW-0009,ES-CG-00,ES-CG-00;ES-CG-01;ES-CG-13;ES-CG-10,CGP005_REFERENCE_CORPUS_ROW,0,REFERENCE_CORPUS_INDEXED_NOT_NORMATIVE,REFERENCE_CONTEXT_ONLY
CGP006-ALLOC-2241,CGP005-RC-2241,CGSRC-REVIEW-0010,ES-CG-00,ES-CG-00;ES-CG-01;ES-CG-13;ES-CG-10,CGP005_REFERENCE_CORPUS_ROW,0,REFERENCE_CORPUS_INDEXED_NOT_NORMATIVE,REFERENCE_CONTEXT_ONLY
CGP006-ALLOC-2242,CGP005-RC-2242,CGSRC-REVIEW-0011,ES-CG-00,ES-CG-00;ES-CG-01;ES-CG-13;ES-CG-10,CGP005_REFERENCE_CORPUS_ROW,0,REFERENCE_CORPUS_INDEXED_NOT_NORMATIVE,REFERENCE_CONTEXT_ONLY
CGP006-ALLOC-2243,CGP005-RC-2243,CGSRC-REVIEW-0012,ES-CG-00,ES-CG-00;ES-CG-01;ES-CG-13;ES-CG-10,CGP005_REFERENCE_CORPUS_ROW,0,REFERENCE_CORPUS_INDEXED_NOT_NORMATIVE,REFERENCE_CONTEXT_ONLY
CGP006-ALLOC-2244,CGP005-RC-2244,CGSRC-REVIEW-0013,ES-CG-00,ES-CG-00;ES-CG-01;ES-CG-13;ES-CG-10,CGP005_REFERENCE_CORPUS_ROW,0,REFERENCE_CORPUS_INDEXED_NOT_NORMATIVE,REFERENCE_CONTEXT_ONLY
CGP006-ALLOC-2245,CGP005-RC-2245,CGSRC-REVIEW-0014,ES-CG-00,ES-CG-00;ES-CG-01;ES-CG-13;ES-CG-10,CGP005_REFERENCE_CORPUS_ROW,0,REFERENCE_CORPUS_INDEXED_NOT_NORMATIVE,REFERENCE_CONTEXT_ONLY
CGP006-ALLOC-2246,CGP005-RC-2246,CGSRC-REVIEW-0015,ES-CG-00,ES-CG-00;ES-CG-01;ES-CG-13;ES-CG-10,CGP005_REFERENCE_CORPUS_ROW,0,REFERENCE_CORPUS_INDEXED_NOT_NORMATIVE,REFERENCE_CONTEXT_ONLY
CGP006-ALLOC-2247,CGP005-RC-2247,CGSRC-REVIEW-0016,ES-CG-00,ES-CG-00;ES-CG-01;ES-CG-13;ES-CG-10,CGP005_REFERENCE_CORPUS_ROW,0,REFERENCE_CORPUS_INDEXED_NOT_NORMATIVE,REFERENCE_CONTEXT_ONLY
CGP006-ALLOC-2248,CGP005-RC-2248,CGSRC-REVIEW-0017,ES-CG-00,ES-CG-00;ES-CG-01;ES-CG-13;ES-CG-10,CGP005_REFERENCE_CORPUS_ROW,0,REFERENCE_CORPUS_INDEXED_NOT_NORMATIVE,REFERENCE_CONTEXT_ONLY
CGP006-ALLOC-2249,CGP005-RC-2249,CGSRC-REVIEW-0018,ES-CG-00,ES-CG-00;ES-CG-01;ES-CG-13;ES-CG-10,CGP005_REFERENCE_CORPUS_ROW,0,REFERENCE_CORPUS_INDEXED_NOT_NORMATIVE,REFERENCE_CONTEXT_ONLY
CGP006-ALLOC-2250,CGP005-RC-2250,CGSRC-REVIEW-0019,ES-CG-00,ES-CG-00;ES-CG-01;ES-CG-13;ES-CG-10,CGP005_REFERENCE_CORPUS_ROW,0,REFERENCE_CORPUS_INDEXED_NOT_NORMATIVE,REFERENCE_CONTEXT_ONLY
CGP006-ALLOC-2251,CGP005-RC-2251,CGSRC-REVIEW-0020,ES-CG-00,ES-CG-00;ES-CG-01;ES-CG-13;ES-CG-10,CGP005_REFERENCE_CORPUS_ROW,0,REFERENCE_CORPUS_INDEXED_NOT_NORMATIVE,REFERENCE_CONTEXT_ONLY
CGP006-ALLOC-2252,CGP005-RC-2252,CGSRC-REVIEW-0021,ES-CG-00,ES-CG-00;ES-CG-01;ES-CG-13;ES-CG-10,CGP005_REFERENCE_CORPUS_ROW,0,REFERENCE_CORPUS_INDEXED_NOT_NORMATIVE,REFERENCE_CONTEXT_ONLY
CGP006-ALLOC-2253,CGP005-RC-2253,CGSRC-REVIEW-0022,ES-CG-00,ES-CG-00;ES-CG-01;ES-CG-13;ES-CG-10,CGP005_REFERENCE_CORPUS_ROW,0,REFERENCE_CORPUS_INDEXED_NOT_NORMATIVE,REFERENCE_CONTEXT_ONLY
CGP006-ALLOC-2254,CGP005-RC-2254,CGSRC-REVIEW-0023,ES-CG-00,ES-CG-00;ES-CG-01;ES-CG-13;ES-CG-10,CGP005_REFERENCE_CORPUS_ROW,0,REFERENCE_CORPUS_INDEXED_NOT_NORMATIVE,REFERENCE_CONTEXT_ONLY
CGP006-ALLOC-2255,CGP005-RC-2255,CGSRC-REVIEW-0024,ES-CG-00,ES-CG-00;ES-CG-01;ES-CG-13;ES-CG-10,CGP005_REFERENCE_CORPUS_ROW,0,REFERENCE_CORPUS_INDEXED_NOT_NORMATIVE,REFERENCE_CONTEXT_ONLY
CGP006-ALLOC-2256,CGP005-RC-2256,CGSRC-REVIEW-0025,ES-CG-00,ES-CG-00;ES-CG-01;ES-CG-13;ES-CG-10,CGP005_REFERENCE_CORPUS_ROW,0,REFERENCE_CORPUS_INDEXED_NOT_NORMATIVE,REFERENCE_CONTEXT_ONLY
CGP006-ALLOC-2257,CGP005-RC-2257,CGSRC-REVIEW-0026,ES-CG-00,ES-CG-00;ES-CG-01;ES-CG-13;ES-CG-10,CGP005_REFERENCE_CORPUS_ROW,0,REFERENCE_CORPUS_INDEXED_NOT_NORMATIVE,REFERENCE_CONTEXT_ONLY
CGP006-ALLOC-2258,CGP005-RC-2258,CGSRC-REVIEW-0027,ES-CG-00,ES-CG-00;ES-CG-01;ES-CG-13;ES-CG-10,CGP005_REFERENCE_CORPUS_ROW,0,REFERENCE_CORPUS_INDEXED_NOT_NORMATIVE,REFERENCE_CONTEXT_ONLY
CGP006-ALLOC-2259,CGP005-RC-2259,CGSRC-REVIEW-0028,ES-CG-00,ES-CG-00;ES-CG-01;ES-CG-13;ES-CG-10,CGP005_REFERENCE_CORPUS_ROW,0,REFERENCE_CORPUS_INDEXED_NOT_NORMATIVE,REFERENCE_CONTEXT_ONLY
CGP006-ALLOC-2260,CGP005-RC-2260,CGSRC-REVIEW-0029,ES-CG-00,ES-CG-00;ES-CG-01;ES-CG-13;ES-CG-10,CGP005_REFERENCE_CORPUS_ROW,0,REFERENCE_CORPUS_INDEXED_NOT_NORMATIVE,REFERENCE_CONTEXT_ONLY
CGP006-ALLOC-2261,CGP005-RC-2261,CGSRC-STD-0001,ES-CG-10,ES-CG-10,CGP005_REFERENCE_CORPUS_ROW,0,REFERENCE_CORPUS_INDEXED_NOT_NORMATIVE,REFERENCE_CONTEXT_ONLY
CGP006-ALLOC-2262,CGP005-RC-2262,CGSRC-STD-0002,ES-CG-13,ES-CG-13;ES-CG-10,CGP005_REFERENCE_CORPUS_ROW,0,REFERENCE_CORPUS_INDEXED_NOT_NORMATIVE,REFERENCE_CONTEXT_ONLY
CGP006-ALLOC-2263,CGP005-RC-2263,CGSRC-STD-0003,ES-CG-10,ES-CG-10,CGP005_REFERENCE_CORPUS_ROW,0,REFERENCE_CORPUS_INDEXED_NOT_NORMATIVE,REFERENCE_CONTEXT_ONLY
CGP006-ALLOC-2264,CGP005-RC-2264,CGSRC-STD-0004,ES-CG-10,ES-CG-10,CGP005_REFERENCE_CORPUS_ROW,0,REFERENCE_CORPUS_INDEXED_NOT_NORMATIVE,REFERENCE_CONTEXT_ONLY
CGP006-ALLOC-2265,CGP005-RC-2265,CGSRC-STD-0005,ES-CG-00,ES-CG-00;ES-CG-01;ES-CG-13;ES-CG-10,CGP005_REFERENCE_CORPUS_ROW,0,REFERENCE_CORPUS_INDEXED_NOT_NORMATIVE,REFERENCE_CONTEXT_ONLY
CGP006-ALLOC-2266,CGP005-RC-2266,CGSRC-STD-0006,ES-CG-10,ES-CG-10,CGP005_REFERENCE_CORPUS_ROW,0,REFERENCE_CORPUS_INDEXED_NOT_NORMATIVE,REFERENCE_CONTEXT_ONLY
CGP006-ALLOC-2267,CGP005-RC-2267,CGSRC-STD-0007,ES-CG-10,ES-CG-10,CGP005_REFERENCE_CORPUS_ROW,0,REFERENCE_CORPUS_INDEXED_NOT_NORMATIVE,REFERENCE_CONTEXT_ONLY
CGP006-ALLOC-2268,CGP005-RC-2268,CGSRC-STD-0008,ES-CG-10,ES-CG-10,CGP005_REFERENCE_CORPUS_ROW,0,REFERENCE_CORPUS_INDEXED_NOT_NORMATIVE,REFERENCE_CONTEXT_ONLY
CGP006-ALLOC-2269,CGP005-RC-2269,CGSRC-STD-0009,ES-CG-10,ES-CG-10,CGP005_REFERENCE_CORPUS_ROW,0,REFERENCE_CORPUS_INDEXED_NOT_NORMATIVE,REFERENCE_CONTEXT_ONLY
CGP006-ALLOC-2270,CGP005-RC-2270,CGSRC-STD-0010,ES-CG-10,ES-CG-10,CGP005_REFERENCE_CORPUS_ROW,0,REFERENCE_CORPUS_INDEXED_NOT_NORMATIVE,REFERENCE_CONTEXT_ONLY
CGP006-ALLOC-2271,CGP005-RC-2271,CGSRC-STD-0011,ES-CG-10,ES-CG-10,CGP005_REFERENCE_CORPUS_ROW,0,REFERENCE_CORPUS_INDEXED_NOT_NORMATIVE,REFERENCE_CONTEXT_ONLY
CGP006-ALLOC-2272,CGP005-RC-2272,CGSRC-STD-0012,ES-CG-00,ES-CG-00;ES-CG-01;ES-CG-13;ES-CG-10,CGP005_REFERENCE_CORPUS_ROW,0,REFERENCE_CORPUS_INDEXED_NOT_NORMATIVE,REFERENCE_CONTEXT_ONLY
CGP006-ALLOC-2273,CGP005-RC-2273,CGSRC-STD-0013,ES-CG-10,ES-CG-10,CGP005_REFERENCE_CORPUS_ROW,0,REFERENCE_CORPUS_INDEXED_NOT_NORMATIVE,REFERENCE_CONTEXT_ONLY
CGP006-ALLOC-2274,CGP005-RC-2274,CGSRC-STD-0014,ES-CG-10,ES-CG-10,CGP005_REFERENCE_CORPUS_ROW,0,REFERENCE_CORPUS_INDEXED_NOT_NORMATIVE,REFERENCE_CONTEXT_ONLY
CGP006-ALLOC-2275,CGP005-RC-2275,CGSRC-STD-0015,ES-CG-10,ES-CG-10,CGP005_REFERENCE_CORPUS_ROW,0,REFERENCE_CORPUS_INDEXED_NOT_NORMATIVE,REFERENCE_CONTEXT_ONLY
CGP006-ALLOC-2276,CGP005-RC-2276,CGSRC-STD-0016,ES-CG-13,ES-CG-13;ES-CG-10,CGP005_REFERENCE_CORPUS_ROW,0,REFERENCE_CORPUS_INDEXED_NOT_NORMATIVE,REFERENCE_CONTEXT_ONLY
CGP006-ALLOC-2277,CGP005-RC-2277,CGSRC-STD-0017,ES-CG-10,ES-CG-10,CGP005_REFERENCE_CORPUS_ROW,0,REFERENCE_CORPUS_INDEXED_NOT_NORMATIVE,REFERENCE_CONTEXT_ONLY
CGP006-ALLOC-2278,CGP005-RC-2278,CGSRC-STD-0018,ES-CG-13,ES-CG-13;ES-CG-10,CGP005_REFERENCE_CORPUS_ROW,0,REFERENCE_CORPUS_INDEXED_NOT_NORMATIVE,REFERENCE_CONTEXT_ONLY
CGP006-ALLOC-2279,CGP005-RC-2279,CGSRC-STD-0019,ES-CG-10,ES-CG-10,CGP005_REFERENCE_CORPUS_ROW,0,REFERENCE_CORPUS_INDEXED_NOT_NORMATIVE,REFERENCE_CONTEXT_ONLY
CGP006-ALLOC-2280,CGP005-RC-2280,CGSRC-STD-0020,ES-CG-10,ES-CG-10,CGP005_REFERENCE_CORPUS_ROW,0,REFERENCE_CORPUS_INDEXED_NOT_NORMATIVE,REFERENCE_CONTEXT_ONLY
CGP006-ALLOC-2281,CGP005-RC-2281,CGSRC-STD-0021,ES-CG-10,ES-CG-10,CGP005_REFERENCE_CORPUS_ROW,0,REFERENCE_CORPUS_INDEXED_NOT_NORMATIVE,REFERENCE_CONTEXT_ONLY
CGP006-ALLOC-2282,CGP005-RC-2282,CGSRC-STD-0022,ES-CG-10,ES-CG-10,CGP005_REFERENCE_CORPUS_ROW,0,REFERENCE_CORPUS_INDEXED_NOT_NORMATIVE,REFERENCE_CONTEXT_ONLY
CGP006-ALLOC-2283,CGP005-RC-2283,CGSRC-STD-0023,ES-CG-10,ES-CG-10,CGP005_REFERENCE_CORPUS_ROW,0,REFERENCE_CORPUS_INDEXED_NOT_NORMATIVE,REFERENCE_CONTEXT_ONLY
CGP006-ALLOC-2284,CGP005-RC-2284,CGSRC-STD-0024,ES-CG-10,ES-CG-10,CGP005_REFERENCE_CORPUS_ROW,0,REFERENCE_CORPUS_INDEXED_NOT_NORMATIVE,REFERENCE_CONTEXT_ONLY
CGP006-ALLOC-2285,CGP005-RC-2285,CGSRC-STD-0025,ES-CG-10,ES-CG-10,CGP005_REFERENCE_CORPUS_ROW,0,REFERENCE_CORPUS_INDEXED_NOT_NORMATIVE,REFERENCE_CONTEXT_ONLY
CGP006-ALLOC-2286,CGP005-RC-2286,CGSRC-STD-0026,ES-CG-10,ES-CG-10,CGP005_REFERENCE_CORPUS_ROW,0,REFERENCE_CORPUS_INDEXED_NOT_NORMATIVE,REFERENCE_CONTEXT_ONLY
CGP006-ALLOC-2287,CGP005-RC-2287,CGSRC-STD-0027,ES-CG-10,ES-CG-10,CGP005_REFERENCE_CORPUS_ROW,0,REFERENCE_CORPUS_INDEXED_NOT_NORMATIVE,REFERENCE_CONTEXT_ONLY
CGP006-ALLOC-2288,CGP005-RC-2288,CGSRC-STD-0028,ES-CG-10,ES-CG-10,CGP005_REFERENCE_CORPUS_ROW,0,REFERENCE_CORPUS_INDEXED_NOT_NORMATIVE,REFERENCE_CONTEXT_ONLY
CGP006-ALLOC-2289,CGP005-RC-2289,CGSRC-STD-0029,ES-CG-13,ES-CG-13;ES-CG-10,CGP005_REFERENCE_CORPUS_ROW,0,REFERENCE_CORPUS_INDEXED_NOT_NORMATIVE,REFERENCE_CONTEXT_ONLY
CGP006-ALLOC-2290,CGP005-RC-2290,CGSRC-STD-0030,ES-CG-10,ES-CG-10,CGP005_REFERENCE_CORPUS_ROW,0,REFERENCE_CORPUS_INDEXED_NOT_NORMATIVE,REFERENCE_CONTEXT_ONLY
CGP006-ALLOC-2291,CGP005-RC-2291,CGSRC-STD-0031,ES-CG-10,ES-CG-10,CGP005_REFERENCE_CORPUS_ROW,0,REFERENCE_CORPUS_INDEXED_NOT_NORMATIVE,REFERENCE_CONTEXT_ONLY
CGP006-ALLOC-2292,CGP005-RC-2292,CGSRC-STD-0032,ES-CG-10,ES-CG-10,CGP005_REFERENCE_CORPUS_ROW,0,REFERENCE_CORPUS_INDEXED_NOT_NORMATIVE,REFERENCE_CONTEXT_ONLY
CGP006-ALLOC-2293,CGP005-RC-2293,CGSRC-STD-0033,ES-CG-10,ES-CG-10,CGP005_REFERENCE_CORPUS_ROW,0,REFERENCE_CORPUS_INDEXED_NOT_NORMATIVE,REFERENCE_CONTEXT_ONLY
CGP006-ALLOC-2294,CGP005-RC-2294,CGSRC-STD-0034,ES-CG-13,ES-CG-13;ES-CG-10,CGP005_REFERENCE_CORPUS_ROW,0,REFERENCE_CORPUS_INDEXED_NOT_NORMATIVE,REFERENCE_CONTEXT_ONLY
CGP006-ALLOC-2295,CGP005-RC-2295,CGSRC-STD-0035,ES-CG-10,ES-CG-10,CGP005_REFERENCE_CORPUS_ROW,0,REFERENCE_CORPUS_INDEXED_NOT_NORMATIVE,REFERENCE_CONTEXT_ONLY
CGP006-ALLOC-2296,CGP005-RC-2296,CGSRC-STD-0036,ES-CG-00,ES-CG-00;ES-CG-01;ES-CG-13;ES-CG-10,CGP005_REFERENCE_CORPUS_ROW,0,REFERENCE_CORPUS_INDEXED_NOT_NORMATIVE,REFERENCE_CONTEXT_ONLY
CGP006-ALLOC-2297,CGP005-RC-2297,CGSRC-STD-0037,ES-CG-10,ES-CG-10,CGP005_REFERENCE_CORPUS_ROW,0,REFERENCE_CORPUS_INDEXED_NOT_NORMATIVE,REFERENCE_CONTEXT_ONLY
CGP006-ALLOC-2298,CGP005-RC-2298,CGSRC-STD-0038,ES-CG-13,ES-CG-13;ES-CG-10,CGP005_REFERENCE_CORPUS_ROW,0,REFERENCE_CORPUS_INDEXED_NOT_NORMATIVE,REFERENCE_CONTEXT_ONLY
CGP006-ALLOC-2299,CGP005-RC-2299,CGSRC-STD-0039,ES-CG-00,ES-CG-00;ES-CG-01;ES-CG-13;ES-CG-10,CGP005_REFERENCE_CORPUS_ROW,0,REFERENCE_CORPUS_INDEXED_NOT_NORMATIVE,REFERENCE_CONTEXT_ONLY
CGP006-ALLOC-2300,CGP005-RC-2300,CGSRC-STD-0040,ES-CG-10,ES-CG-10,CGP005_REFERENCE_CORPUS_ROW,0,REFERENCE_CORPUS_INDEXED_NOT_NORMATIVE,REFERENCE_CONTEXT_ONLY
CGP006-ALLOC-2301,CGP005-RC-2301,CGSRC-STD-0041,ES-CG-10,ES-CG-10,CGP005_REFERENCE_CORPUS_ROW,0,REFERENCE_CORPUS_INDEXED_NOT_NORMATIVE,REFERENCE_CONTEXT_ONLY
CGP006-ALLOC-2302,CGP005-RC-2302,CGSRC-STD-0042,ES-CG-10,ES-CG-10,CGP005_REFERENCE_CORPUS_ROW,0,REFERENCE_CORPUS_INDEXED_NOT_NORMATIVE,REFERENCE_CONTEXT_ONLY
CGP006-ALLOC-2303,CGP005-RC-2303,CGSRC-STD-0043,ES-CG-10,ES-CG-10,CGP005_REFERENCE_CORPUS_ROW,0,REFERENCE_CORPUS_INDEXED_NOT_NORMATIVE,REFERENCE_CONTEXT_ONLY
CGP006-ALLOC-2304,CGP005-RC-2304,CGSRC-STD-0044,ES-CG-10,ES-CG-10,CGP005_REFERENCE_CORPUS_ROW,0,REFERENCE_CORPUS_INDEXED_NOT_NORMATIVE,REFERENCE_CONTEXT_ONLY
CGP006-ALLOC-2305,CGP005-RC-2305,CGSRC-STD-0045,ES-CG-10,ES-CG-10,CGP005_REFERENCE_CORPUS_ROW,0,REFERENCE_CORPUS_INDEXED_NOT_NORMATIVE,REFERENCE_CONTEXT_ONLY
CGP006-ALLOC-2306,CGP005-RC-2306,CGSRC-STD-0046,ES-CG-00,ES-CG-00;ES-CG-01;ES-CG-13;ES-CG-10,CGP005_REFERENCE_CORPUS_ROW,0,REFERENCE_CORPUS_INDEXED_NOT_NORMATIVE,REFERENCE_CONTEXT_ONLY
CGP006-ALLOC-2307,CGP005-RC-2307,CGSRC-STD-0047,ES-CG-13,ES-CG-13;ES-CG-10,CGP005_REFERENCE_CORPUS_ROW,0,REFERENCE_CORPUS_INDEXED_NOT_NORMATIVE,REFERENCE_CONTEXT_ONLY
CGP006-ALLOC-2308,CGP005-RC-2308,CGSRC-STD-0048,ES-CG-10,ES-CG-10,CGP005_REFERENCE_CORPUS_ROW,0,REFERENCE_CORPUS_INDEXED_NOT_NORMATIVE,REFERENCE_CONTEXT_ONLY
CGP006-ALLOC-2309,CGP005-RC-2309,CGSRC-STD-0049,ES-CG-10,ES-CG-10,CGP005_REFERENCE_CORPUS_ROW,0,REFERENCE_CORPUS_INDEXED_NOT_NORMATIVE,REFERENCE_CONTEXT_ONLY
CGP006-ALLOC-2310,CGP005-RC-2310,CGSRC-STD-0050,ES-CG-10,ES-CG-10,CGP005_REFERENCE_CORPUS_ROW,0,REFERENCE_CORPUS_INDEXED_NOT_NORMATIVE,REFERENCE_CONTEXT_ONLY
CGP006-ALLOC-2311,CGP005-RC-2311,CGSRC-STD-0051,ES-CG-10,ES-CG-10,CGP005_REFERENCE_CORPUS_ROW,0,REFERENCE_CORPUS_INDEXED_NOT_NORMATIVE,REFERENCE_CONTEXT_ONLY
CGP006-ALLOC-2312,CGP005-RC-2312,CGSRC-STD-0052,ES-CG-00,ES-CG-00;ES-CG-01;ES-CG-13;ES-CG-10,CGP005_REFERENCE_CORPUS_ROW,0,REFERENCE_CORPUS_INDEXED_NOT_NORMATIVE,REFERENCE_CONTEXT_ONLY
CGP006-ALLOC-2313,CGP005-RC-2313,CGSRC-STD-0053,ES-CG-10,ES-CG-10,CGP005_REFERENCE_CORPUS_ROW,0,REFERENCE_CORPUS_INDEXED_NOT_NORMATIVE,REFERENCE_CONTEXT_ONLY
CGP006-ALLOC-2314,CGP005-RC-2314,CGSRC-STD-0054,ES-CG-10,ES-CG-10,CGP005_REFERENCE_CORPUS_ROW,0,REFERENCE_CORPUS_INDEXED_NOT_NORMATIVE,REFERENCE_CONTEXT_ONLY
CGP006-ALLOC-2315,CGP005-RC-2315,CGSRC-STD-0055,ES-CG-10,ES-CG-10,CGP005_REFERENCE_CORPUS_ROW,0,REFERENCE_CORPUS_INDEXED_NOT_NORMATIVE,REFERENCE_CONTEXT_ONLY
CGP006-ALLOC-2316,CGP005-RC-2316,CGSRC-STD-0056,ES-CG-10,ES-CG-10,CGP005_REFERENCE_CORPUS_ROW,0,REFERENCE_CORPUS_INDEXED_NOT_NORMATIVE,REFERENCE_CONTEXT_ONLY
CGP006-ALLOC-2317,CGP005-RC-2317,CGSRC-STD-0057,ES-CG-10,ES-CG-10,CGP005_REFERENCE_CORPUS_ROW,0,REFERENCE_CORPUS_INDEXED_NOT_NORMATIVE,REFERENCE_CONTEXT_ONLY
CGP006-ALLOC-2318,CGP005-RC-2318,CGSRC-STD-0058,ES-CG-10,ES-CG-10,CGP005_REFERENCE_CORPUS_ROW,0,REFERENCE_CORPUS_INDEXED_NOT_NORMATIVE,REFERENCE_CONTEXT_ONLY
CGP006-ALLOC-2319,CGP005-RC-2319,CGSRC-STD-0059,ES-CG-10,ES-CG-10,CGP005_REFERENCE_CORPUS_ROW,0,REFERENCE_CORPUS_INDEXED_NOT_NORMATIVE,REFERENCE_CONTEXT_ONLY
CGP006-ALLOC-2320,CGP005-RC-2320,CGSRC-STD-0060,ES-CG-13,ES-CG-13;ES-CG-10,CGP005_REFERENCE_CORPUS_ROW,0,REFERENCE_CORPUS_INDEXED_NOT_NORMATIVE,REFERENCE_CONTEXT_ONLY
CGP006-ALLOC-2321,CGP005-RC-2321,CGSRC-STD-0061,ES-CG-10,ES-CG-10,CGP005_REFERENCE_CORPUS_ROW,0,REFERENCE_CORPUS_INDEXED_NOT_NORMATIVE,REFERENCE_CONTEXT_ONLY
CGP006-ALLOC-2322,CGP005-RC-2322,CGSRC-STD-0062,ES-CG-10,ES-CG-10,CGP005_REFERENCE_CORPUS_ROW,0,REFERENCE_CORPUS_INDEXED_NOT_NORMATIVE,REFERENCE_CONTEXT_ONLY
CGP006-ALLOC-2323,CGP005-RC-2323,CGSRC-STD-0063,ES-CG-10,ES-CG-10,CGP005_REFERENCE_CORPUS_ROW,0,REFERENCE_CORPUS_INDEXED_NOT_NORMATIVE,REFERENCE_CONTEXT_ONLY
CGP006-ALLOC-2324,CGP005-RC-2324,CGSRC-STD-0064,ES-CG-10,ES-CG-10,CGP005_REFERENCE_CORPUS_ROW,0,REFERENCE_CORPUS_INDEXED_NOT_NORMATIVE,REFERENCE_CONTEXT_ONLY
CGP006-ALLOC-2325,CGP005-RC-2325,CGSRC-STD-0065,ES-CG-10,ES-CG-10,CGP005_REFERENCE_CORPUS_ROW,0,REFERENCE_CORPUS_INDEXED_NOT_NORMATIVE,REFERENCE_CONTEXT_ONLY
CGP006-ALLOC-2326,CGP005-RC-2326,CGSRC-STD-0066,ES-CG-10,ES-CG-10,CGP005_REFERENCE_CORPUS_ROW,0,REFERENCE_CORPUS_INDEXED_NOT_NORMATIVE,REFERENCE_CONTEXT_ONLY
CGP006-ALLOC-2327,CGP005-RC-2327,CGSRC-STD-0067,ES-CG-13,ES-CG-13;ES-CG-10,CGP005_REFERENCE_CORPUS_ROW,0,REFERENCE_CORPUS_INDEXED_NOT_NORMATIVE,REFERENCE_CONTEXT_ONLY
CGP006-ALLOC-2328,CGP005-RC-2328,CGSRC-STD-0068,ES-CG-10,ES-CG-10,CGP005_REFERENCE_CORPUS_ROW,0,REFERENCE_CORPUS_INDEXED_NOT_NORMATIVE,REFERENCE_CONTEXT_ONLY
CGP006-ALLOC-2329,CGP005-RC-2329,CGSRC-STD-0069,ES-CG-10,ES-CG-10,CGP005_REFERENCE_CORPUS_ROW,0,REFERENCE_CORPUS_INDEXED_NOT_NORMATIVE,REFERENCE_CONTEXT_ONLY
CGP006-ALLOC-2330,CGP005-RC-2330,CGSRC-STD-0070,ES-CG-10,ES-CG-10,CGP005_REFERENCE_CORPUS_ROW,0,REFERENCE_CORPUS_INDEXED_NOT_NORMATIVE,REFERENCE_CONTEXT_ONLY
CGP006-ALLOC-2331,CGP005-RC-2331,CGSRC-STD-0071,ES-CG-10,ES-CG-10,CGP005_REFERENCE_CORPUS_ROW,0,REFERENCE_CORPUS_INDEXED_NOT_NORMATIVE,REFERENCE_CONTEXT_ONLY
CGP006-ALLOC-2332,CGP005-RC-2332,CGSRC-STD-0072,ES-CG-10,ES-CG-10,CGP005_REFERENCE_CORPUS_ROW,0,REFERENCE_CORPUS_INDEXED_NOT_NORMATIVE,REFERENCE_CONTEXT_ONLY
CGP006-ALLOC-2333,CGP005-RC-2333,CGSRC-STD-0073,ES-CG-10,ES-CG-10,CGP005_REFERENCE_CORPUS_ROW,0,REFERENCE_CORPUS_INDEXED_NOT_NORMATIVE,REFERENCE_CONTEXT_ONLY
CGP006-ALLOC-2334,CGP005-RC-2334,CGSRC-STD-0074,ES-CG-10,ES-CG-10,CGP005_REFERENCE_CORPUS_ROW,0,REFERENCE_CORPUS_INDEXED_NOT_NORMATIVE,REFERENCE_CONTEXT_ONLY
CGP006-ALLOC-2335,CGP005-RC-2335,CGSRC-STD-0075,ES-CG-10,ES-CG-10,CGP005_REFERENCE_CORPUS_ROW,0,REFERENCE_CORPUS_INDEXED_NOT_NORMATIVE,REFERENCE_CONTEXT_ONLY
CGP006-ALLOC-2336,CGP005-RC-2336,CGSRC-STD-0076,ES-CG-10,ES-CG-10,CGP005_REFERENCE_CORPUS_ROW,0,REFERENCE_CORPUS_INDEXED_NOT_NORMATIVE,REFERENCE_CONTEXT_ONLY
CGP006-ALLOC-2337,CGP005-RC-2337,CGSRC-STD-0077,ES-CG-10,ES-CG-10,CGP005_REFERENCE_CORPUS_ROW,0,REFERENCE_CORPUS_INDEXED_NOT_NORMATIVE,REFERENCE_CONTEXT_ONLY
CGP006-ALLOC-2338,CGP005-RC-2338,CGSRC-STD-0078,ES-CG-10,ES-CG-10,CGP005_REFERENCE_CORPUS_ROW,0,REFERENCE_CORPUS_INDEXED_NOT_NORMATIVE,REFERENCE_CONTEXT_ONLY
CGP006-ALLOC-2339,CGP005-RC-2339,CGSRC-STD-0079,ES-CG-10,ES-CG-10,CGP005_REFERENCE_CORPUS_ROW,0,REFERENCE_CORPUS_INDEXED_NOT_NORMATIVE,REFERENCE_CONTEXT_ONLY
CGP006-ALLOC-2340,CGP005-RC-2340,CGSRC-STD-0080,ES-CG-10,ES-CG-10,CGP005_REFERENCE_CORPUS_ROW,0,REFERENCE_CORPUS_INDEXED_NOT_NORMATIVE,REFERENCE_CONTEXT_ONLY
CGP006-ALLOC-2341,CGP005-RC-2341,CGSRC-STD-0081,ES-CG-13,ES-CG-13;ES-CG-10,CGP005_REFERENCE_CORPUS_ROW,0,REFERENCE_CORPUS_INDEXED_NOT_NORMATIVE,REFERENCE_CONTEXT_ONLY
CGP006-ALLOC-2342,CGP005-RC-2342,CGSRC-STD-0082,ES-CG-13,ES-CG-13;ES-CG-10,CGP005_REFERENCE_CORPUS_ROW,0,REFERENCE_CORPUS_INDEXED_NOT_NORMATIVE,REFERENCE_CONTEXT_ONLY
CGP006-ALLOC-2343,CGP005-RC-2343,CGSRC-STD-0083,ES-CG-10,ES-CG-10,CGP005_REFERENCE_CORPUS_ROW,0,REFERENCE_CORPUS_INDEXED_NOT_NORMATIVE,REFERENCE_CONTEXT_ONLY
CGP006-ALLOC-2344,CGP005-RC-2344,CGSRC-STD-0084,ES-CG-10,ES-CG-10,CGP005_REFERENCE_CORPUS_ROW,0,REFERENCE_CORPUS_INDEXED_NOT_NORMATIVE,REFERENCE_CONTEXT_ONLY
CGP006-ALLOC-2345,CGP005-RC-2345,CGSRC-STD-0085,ES-CG-10,ES-CG-10,CGP005_REFERENCE_CORPUS_ROW,0,REFERENCE_CORPUS_INDEXED_NOT_NORMATIVE,REFERENCE_CONTEXT_ONLY
CGP006-ALLOC-2346,CGP005-RC-2346,CGSRC-STD-0086,ES-CG-13,ES-CG-13;ES-CG-10,CGP005_REFERENCE_CORPUS_ROW,0,REFERENCE_CORPUS_INDEXED_NOT_NORMATIVE,REFERENCE_CONTEXT_ONLY
CGP006-ALLOC-2347,CGP005-RC-2347,CGSRC-STD-0087,ES-CG-10,ES-CG-10,CGP005_REFERENCE_CORPUS_ROW,0,REFERENCE_CORPUS_INDEXED_NOT_NORMATIVE,REFERENCE_CONTEXT_ONLY
CGP006-ALLOC-2348,CGP005-RC-2348,CGSRC-STD-0088,ES-CG-10,ES-CG-10,CGP005_REFERENCE_CORPUS_ROW,0,REFERENCE_CORPUS_INDEXED_NOT_NORMATIVE,REFERENCE_CONTEXT_ONLY
CGP006-ALLOC-2349,CGP005-RC-2349,CGSRC-STD-0089,ES-CG-00,ES-CG-00;ES-CG-01;ES-CG-13;ES-CG-10,CGP005_REFERENCE_CORPUS_ROW,0,REFERENCE_CORPUS_INDEXED_NOT_NORMATIVE,REFERENCE_CONTEXT_ONLY
CGP006-ALLOC-2350,CGP005-RC-2350,CGSRC-STD-0090,ES-CG-10,ES-CG-10,CGP005_REFERENCE_CORPUS_ROW,0,REFERENCE_CORPUS_INDEXED_NOT_NORMATIVE,REFERENCE_CONTEXT_ONLY
CGP006-ALLOC-2351,CGP005-RC-2351,CGSRC-STD-0091,ES-CG-13,ES-CG-13;ES-CG-10,CGP005_REFERENCE_CORPUS_ROW,0,REFERENCE_CORPUS_INDEXED_NOT_NORMATIVE,REFERENCE_CONTEXT_ONLY
CGP006-ALLOC-2352,CGP005-RC-2352,CGSRC-STD-0092,ES-CG-10,ES-CG-10,CGP005_REFERENCE_CORPUS_ROW,0,REFERENCE_CORPUS_INDEXED_NOT_NORMATIVE,REFERENCE_CONTEXT_ONLY
CGP006-ALLOC-2353,CGP005-RC-2353,CGSRC-STD-0093,ES-CG-13,ES-CG-13;ES-CG-10,CGP005_REFERENCE_CORPUS_ROW,0,REFERENCE_CORPUS_INDEXED_NOT_NORMATIVE,REFERENCE_CONTEXT_ONLY
CGP006-ALLOC-2354,CGP005-RC-2354,CGSRC-STD-0094,ES-CG-10,ES-CG-10,CGP005_REFERENCE_CORPUS_ROW,0,REFERENCE_CORPUS_INDEXED_NOT_NORMATIVE,REFERENCE_CONTEXT_ONLY
CGP006-ALLOC-2355,CGP005-RC-2355,CGSRC-STD-0095,ES-CG-10,ES-CG-10,CGP005_REFERENCE_CORPUS_ROW,0,REFERENCE_CORPUS_INDEXED_NOT_NORMATIVE,REFERENCE_CONTEXT_ONLY
CGP006-ALLOC-2356,CGP005-RC-2356,CGSRC-STD-0096,ES-CG-10,ES-CG-10,CGP005_REFERENCE_CORPUS_ROW,0,REFERENCE_CORPUS_INDEXED_NOT_NORMATIVE,REFERENCE_CONTEXT_ONLY
CGP006-ALLOC-2357,CGP005-RC-2357,CGSRC-STD-0097,ES-CG-10,ES-CG-10,CGP005_REFERENCE_CORPUS_ROW,0,REFERENCE_CORPUS_INDEXED_NOT_NORMATIVE,REFERENCE_CONTEXT_ONLY
CGP006-ALLOC-2358,CGP005-RC-2358,CGSRC-STD-0098,ES-CG-13,ES-CG-13;ES-CG-10,CGP005_REFERENCE_CORPUS_ROW,0,REFERENCE_CORPUS_INDEXED_NOT_NORMATIVE,REFERENCE_CONTEXT_ONLY
CGP006-ALLOC-2359,CGP005-RC-2359,CGSRC-STD-0099,ES-CG-10,ES-CG-10,CGP005_REFERENCE_CORPUS_ROW,0,REFERENCE_CORPUS_INDEXED_NOT_NORMATIVE,REFERENCE_CONTEXT_ONLY
CGP006-ALLOC-2360,CGP005-RC-2360,CGSRC-STD-0100,ES-CG-13,ES-CG-13;ES-CG-10,CGP005_REFERENCE_CORPUS_ROW,0,REFERENCE_CORPUS_INDEXED_NOT_NORMATIVE,REFERENCE_CONTEXT_ONLY
CGP006-ALLOC-2361,CGP005-RC-2361,CGSRC-STD-0101,ES-CG-13,ES-CG-13;ES-CG-10,CGP005_REFERENCE_CORPUS_ROW,0,REFERENCE_CORPUS_INDEXED_NOT_NORMATIVE,REFERENCE_CONTEXT_ONLY
CGP006-ALLOC-2362,CGP005-RC-2362,CGSRC-STD-0102,ES-CG-10,ES-CG-10,CGP005_REFERENCE_CORPUS_ROW,0,REFERENCE_CORPUS_INDEXED_NOT_NORMATIVE,REFERENCE_CONTEXT_ONLY
CGP006-ALLOC-2363,CGP005-RC-2363,CGSRC-STD-0103,ES-CG-10,ES-CG-10,CGP005_REFERENCE_CORPUS_ROW,0,REFERENCE_CORPUS_INDEXED_NOT_NORMATIVE,REFERENCE_CONTEXT_ONLY
CGP006-ALLOC-2364,CGP005-RC-2364,CGSRC-STD-0104,ES-CG-13,ES-CG-13;ES-CG-10,CGP005_REFERENCE_CORPUS_ROW,0,REFERENCE_CORPUS_INDEXED_NOT_NORMATIVE,REFERENCE_CONTEXT_ONLY
CGP006-ALLOC-2365,CGP005-RC-2365,CGSRC-STD-0105,ES-CG-10,ES-CG-10,CGP005_REFERENCE_CORPUS_ROW,0,REFERENCE_CORPUS_INDEXED_NOT_NORMATIVE,REFERENCE_CONTEXT_ONLY
CGP006-ALLOC-2366,CGP005-RC-2366,CGSRC-STD-0106,ES-CG-10,ES-CG-10,CGP005_REFERENCE_CORPUS_ROW,0,REFERENCE_CORPUS_INDEXED_NOT_NORMATIVE,REFERENCE_CONTEXT_ONLY
CGP006-ALLOC-2367,CGP005-RC-2367,CGSRC-STD-0107,ES-CG-10,ES-CG-10,CGP005_REFERENCE_CORPUS_ROW,0,REFERENCE_CORPUS_INDEXED_NOT_NORMATIVE,REFERENCE_CONTEXT_ONLY
CGP006-ALLOC-2368,CGP005-RC-2368,CGSRC-STD-0108,ES-CG-10,ES-CG-10,CGP005_REFERENCE_CORPUS_ROW,0,REFERENCE_CORPUS_INDEXED_NOT_NORMATIVE,REFERENCE_CONTEXT_ONLY
CGP006-ALLOC-2369,CGP005-RC-2369,CGSRC-STD-0109,ES-CG-13,ES-CG-13;ES-CG-10,CGP005_REFERENCE_CORPUS_ROW,0,REFERENCE_CORPUS_INDEXED_NOT_NORMATIVE,REFERENCE_CONTEXT_ONLY
CGP006-ALLOC-2370,CGP005-RC-2370,CGSRC-STD-0110,ES-CG-10,ES-CG-10,CGP005_REFERENCE_CORPUS_ROW,0,REFERENCE_CORPUS_INDEXED_NOT_NORMATIVE,REFERENCE_CONTEXT_ONLY
CGP006-ALLOC-2371,CGP005-RC-2371,CGSRC-STD-0111,ES-CG-10,ES-CG-10,CGP005_REFERENCE_CORPUS_ROW,0,REFERENCE_CORPUS_INDEXED_NOT_NORMATIVE,REFERENCE_CONTEXT_ONLY
CGP006-ALLOC-2372,CGP005-RC-2372,CGSRC-STD-0112,ES-CG-13,ES-CG-13;ES-CG-10,CGP005_REFERENCE_CORPUS_ROW,0,REFERENCE_CORPUS_INDEXED_NOT_NORMATIVE,REFERENCE_CONTEXT_ONLY
CGP006-ALLOC-2373,CGP005-RC-2373,CGSRC-STD-0113,ES-CG-10,ES-CG-10,CGP005_REFERENCE_CORPUS_ROW,0,REFERENCE_CORPUS_INDEXED_NOT_NORMATIVE,REFERENCE_CONTEXT_ONLY
CGP006-ALLOC-2374,CGP005-RC-2374,CGSRC-STD-0114,ES-CG-10,ES-CG-10,CGP005_REFERENCE_CORPUS_ROW,0,REFERENCE_CORPUS_INDEXED_NOT_NORMATIVE,REFERENCE_CONTEXT_ONLY
CGP006-ALLOC-2375,CGP005-RC-2375,CGSRC-STD-0115,ES-CG-10,ES-CG-10,CGP005_REFERENCE_CORPUS_ROW,0,REFERENCE_CORPUS_INDEXED_NOT_NORMATIVE,REFERENCE_CONTEXT_ONLY
CGP006-ALLOC-2376,CGP005-RC-2376,CGSRC-STD-0116,ES-CG-10,ES-CG-10,CGP005_REFERENCE_CORPUS_ROW,0,REFERENCE_CORPUS_INDEXED_NOT_NORMATIVE,REFERENCE_CONTEXT_ONLY
CGP006-ALLOC-2377,CGP005-RC-2377,CGSRC-STD-0117,ES-CG-10,ES-CG-10,CGP005_REFERENCE_CORPUS_ROW,0,REFERENCE_CORPUS_INDEXED_NOT_NORMATIVE,REFERENCE_CONTEXT_ONLY
CGP006-ALLOC-2378,CGP005-RC-2378,CGSRC-STD-0118,ES-CG-10,ES-CG-10,CGP005_REFERENCE_CORPUS_ROW,0,REFERENCE_CORPUS_INDEXED_NOT_NORMATIVE,REFERENCE_CONTEXT_ONLY
CGP006-ALLOC-2379,CGP005-RC-2379,CGSRC-STD-0119,ES-CG-10,ES-CG-10,CGP005_REFERENCE_CORPUS_ROW,0,REFERENCE_CORPUS_INDEXED_NOT_NORMATIVE,REFERENCE_CONTEXT_ONLY
CGP006-ALLOC-2380,CGP005-RC-2380,CGSRC-STD-0120,ES-CG-10,ES-CG-10,CGP005_REFERENCE_CORPUS_ROW,0,REFERENCE_CORPUS_INDEXED_NOT_NORMATIVE,REFERENCE_CONTEXT_ONLY
CGP006-ALLOC-2381,CGP005-RC-2381,CGSRC-STD-0121,ES-CG-10,ES-CG-10,CGP005_REFERENCE_CORPUS_ROW,0,REFERENCE_CORPUS_INDEXED_NOT_NORMATIVE,REFERENCE_CONTEXT_ONLY
CGP006-ALLOC-2382,CGP005-RC-2382,CGSRC-STD-0122,ES-CG-10,ES-CG-10,CGP005_REFERENCE_CORPUS_ROW,0,REFERENCE_CORPUS_INDEXED_NOT_NORMATIVE,REFERENCE_CONTEXT_ONLY
CGP006-ALLOC-2383,CGP005-RC-2383,CGSRC-STD-0123,ES-CG-10,ES-CG-10,CGP005_REFERENCE_CORPUS_ROW,0,REFERENCE_CORPUS_INDEXED_NOT_NORMATIVE,REFERENCE_CONTEXT_ONLY
CGP006-ALLOC-2384,CGP005-RC-2384,CGSRC-STD-0124,ES-CG-10,ES-CG-10,CGP005_REFERENCE_CORPUS_ROW,0,REFERENCE_CORPUS_INDEXED_NOT_NORMATIVE,REFERENCE_CONTEXT_ONLY
CGP006-ALLOC-2385,CGP005-RC-2385,CGSRC-STD-0125,ES-CG-10,ES-CG-10,CGP005_REFERENCE_CORPUS_ROW,0,REFERENCE_CORPUS_INDEXED_NOT_NORMATIVE,REFERENCE_CONTEXT_ONLY
CGP006-ALLOC-2386,CGP005-RC-2386,CGSRC-STD-0126,ES-CG-10,ES-CG-10,CGP005_REFERENCE_CORPUS_ROW,0,REFERENCE_CORPUS_INDEXED_NOT_NORMATIVE,REFERENCE_CONTEXT_ONLY
CGP006-ALLOC-2387,CGP005-RC-2387,CGSRC-STD-0127,ES-CG-10,ES-CG-10,CGP005_REFERENCE_CORPUS_ROW,0,REFERENCE_CORPUS_INDEXED_NOT_NORMATIVE,REFERENCE_CONTEXT_ONLY
CGP006-ALLOC-2388,CGP005-RC-2388,CGSRC-STD-0128,ES-CG-10,ES-CG-10,CGP005_REFERENCE_CORPUS_ROW,0,REFERENCE_CORPUS_INDEXED_NOT_NORMATIVE,REFERENCE_CONTEXT_ONLY
CGP006-ALLOC-2389,CGP005-RC-2389,CGSRC-STD-0129,ES-CG-10,ES-CG-10,CGP005_REFERENCE_CORPUS_ROW,0,REFERENCE_CORPUS_INDEXED_NOT_NORMATIVE,REFERENCE_CONTEXT_ONLY
CGP006-ALLOC-2390,CGP005-RC-2390,CGSRC-STD-0130,ES-CG-10,ES-CG-10,CGP005_REFERENCE_CORPUS_ROW,0,REFERENCE_CORPUS_INDEXED_NOT_NORMATIVE,REFERENCE_CONTEXT_ONLY
CGP006-ALLOC-2391,CGP005-RC-2391,CGSRC-STD-0131,ES-CG-10,ES-CG-10,CGP005_REFERENCE_CORPUS_ROW,0,REFERENCE_CORPUS_INDEXED_NOT_NORMATIVE,REFERENCE_CONTEXT_ONLY
CGP006-ALLOC-2392,CGP005-RC-2392,CGSRC-STD-0132,ES-CG-10,ES-CG-10,CGP005_REFERENCE_CORPUS_ROW,0,REFERENCE_CORPUS_INDEXED_NOT_NORMATIVE,REFERENCE_CONTEXT_ONLY
CGP006-ALLOC-2393,CGP005-RC-2393,CGSRC-STD-0133,ES-CG-10,ES-CG-10,CGP005_REFERENCE_CORPUS_ROW,0,REFERENCE_CORPUS_INDEXED_NOT_NORMATIVE,REFERENCE_CONTEXT_ONLY
CGP006-ALLOC-2394,CGP005-RC-2394,CGSRC-STD-0134,ES-CG-10,ES-CG-10,CGP005_REFERENCE_CORPUS_ROW,0,REFERENCE_CORPUS_INDEXED_NOT_NORMATIVE,REFERENCE_CONTEXT_ONLY
CGP006-ALLOC-2395,CGP005-RC-2395,CGSRC-STD-0135,ES-CG-10,ES-CG-10,CGP005_REFERENCE_CORPUS_ROW,0,REFERENCE_CORPUS_INDEXED_NOT_NORMATIVE,REFERENCE_CONTEXT_ONLY
CGP006-ALLOC-2396,CGP005-RC-2396,CGSRC-STD-0136,ES-CG-10,ES-CG-10,CGP005_REFERENCE_CORPUS_ROW,0,REFERENCE_CORPUS_INDEXED_NOT_NORMATIVE,REFERENCE_CONTEXT_ONLY
CGP006-ALLOC-2397,CGP005-RC-2397,CGSRC-STD-0137,ES-CG-13,ES-CG-13;ES-CG-10,CGP005_REFERENCE_CORPUS_ROW,0,REFERENCE_CORPUS_INDEXED_NOT_NORMATIVE,REFERENCE_CONTEXT_ONLY
CGP006-ALLOC-2398,CGP005-RC-2398,CGSRC-STD-0138,ES-CG-10,ES-CG-10,CGP005_REFERENCE_CORPUS_ROW,0,REFERENCE_CORPUS_INDEXED_NOT_NORMATIVE,REFERENCE_CONTEXT_ONLY
CGP006-ALLOC-2399,CGP005-RC-2399,CGSRC-STD-0139,ES-CG-10,ES-CG-10,CGP005_REFERENCE_CORPUS_ROW,0,REFERENCE_CORPUS_INDEXED_NOT_NORMATIVE,REFERENCE_CONTEXT_ONLY
CGP006-ALLOC-2400,CGP005-RC-2400,CGSRC-STD-0140,ES-CG-00,ES-CG-00;ES-CG-01;ES-CG-13;ES-CG-10,CGP005_REFERENCE_CORPUS_ROW,0,REFERENCE_CORPUS_INDEXED_NOT_NORMATIVE,REFERENCE_CONTEXT_ONLY
CGP006-ALLOC-2401,CGP005-RC-2401,CGSRC-STD-0141,ES-CG-13,ES-CG-13;ES-CG-10,CGP005_REFERENCE_CORPUS_ROW,0,REFERENCE_CORPUS_INDEXED_NOT_NORMATIVE,REFERENCE_CONTEXT_ONLY
CGP006-ALLOC-2402,CGP005-RC-2402,CGSRC-STD-0142,ES-CG-10,ES-CG-10,CGP005_REFERENCE_CORPUS_ROW,0,REFERENCE_CORPUS_INDEXED_NOT_NORMATIVE,REFERENCE_CONTEXT_ONLY
CGP006-ALLOC-2403,CGP005-RC-2403,CGSRC-STD-0143,ES-CG-10,ES-CG-10,CGP005_REFERENCE_CORPUS_ROW,0,REFERENCE_CORPUS_INDEXED_NOT_NORMATIVE,REFERENCE_CONTEXT_ONLY
CGP006-ALLOC-2404,CGP005-RC-2404,CGSRC-STD-0144,ES-CG-13,ES-CG-13;ES-CG-10,CGP005_REFERENCE_CORPUS_ROW,0,REFERENCE_CORPUS_INDEXED_NOT_NORMATIVE,REFERENCE_CONTEXT_ONLY
CGP006-ALLOC-2405,CGP005-RC-2405,CGSRC-STD-0145,ES-CG-13,ES-CG-13;ES-CG-10,CGP005_REFERENCE_CORPUS_ROW,0,REFERENCE_CORPUS_INDEXED_NOT_NORMATIVE,REFERENCE_CONTEXT_ONLY
CGP006-ALLOC-2406,CGP005-RC-2406,CGSRC-STD-0146,ES-CG-10,ES-CG-10,CGP005_REFERENCE_CORPUS_ROW,0,REFERENCE_CORPUS_INDEXED_NOT_NORMATIVE,REFERENCE_CONTEXT_ONLY
CGP006-ALLOC-2407,CGP005-RC-2407,CGSRC-STD-0147,ES-CG-10,ES-CG-10,CGP005_REFERENCE_CORPUS_ROW,0,REFERENCE_CORPUS_INDEXED_NOT_NORMATIVE,REFERENCE_CONTEXT_ONLY
CGP006-ALLOC-2408,CGP005-RC-2408,CGSRC-STD-0148,ES-CG-00,ES-CG-00;ES-CG-01;ES-CG-13,CGP005_REFERENCE_CORPUS_ROW,0,REFERENCE_CORPUS_INDEXED_NOT_NORMATIVE,REFERENCE_CONTEXT_ONLY
CGP006-ALLOC-2409,CGP005-RC-2409,CGSRC-STD-0149,ES-CG-10,ES-CG-10,CGP005_REFERENCE_CORPUS_ROW,0,REFERENCE_CORPUS_INDEXED_NOT_NORMATIVE,REFERENCE_CONTEXT_ONLY
CGP006-ALLOC-2410,CGP005-RC-2410,CGSRC-STD-0150,ES-CG-10,ES-CG-10,CGP005_REFERENCE_CORPUS_ROW,0,REFERENCE_CORPUS_INDEXED_NOT_NORMATIVE,REFERENCE_CONTEXT_ONLY
CGP006-ALLOC-2411,CGP005-RC-2411,CGSRC-STD-0151,ES-CG-10,ES-CG-10,CGP005_REFERENCE_CORPUS_ROW,0,REFERENCE_CORPUS_INDEXED_NOT_NORMATIVE,REFERENCE_CONTEXT_ONLY
CGP006-ALLOC-2412,CGP005-RC-2412,CGSRC-STD-0152,ES-CG-10,ES-CG-10,CGP005_REFERENCE_CORPUS_ROW,0,REFERENCE_CORPUS_INDEXED_NOT_NORMATIVE,REFERENCE_CONTEXT_ONLY
CGP006-ALLOC-2413,CGP005-RC-2413,CGSRC-STD-0153,ES-CG-10,ES-CG-10,CGP005_REFERENCE_CORPUS_ROW,0,REFERENCE_CORPUS_INDEXED_NOT_NORMATIVE,REFERENCE_CONTEXT_ONLY
CGP006-ALLOC-2414,CGP005-RC-2414,CGSRC-STD-0154,ES-CG-10,ES-CG-10,CGP005_REFERENCE_CORPUS_ROW,0,REFERENCE_CORPUS_INDEXED_NOT_NORMATIVE,REFERENCE_CONTEXT_ONLY
CGP006-ALLOC-2415,CGP005-RC-2415,CGSRC-STD-0155,ES-CG-10,ES-CG-10,CGP005_REFERENCE_CORPUS_ROW,0,REFERENCE_CORPUS_INDEXED_NOT_NORMATIVE,REFERENCE_CONTEXT_ONLY
CGP006-ALLOC-2416,CGP005-RC-2416,CGSRC-STD-0156,ES-CG-10,ES-CG-10,CGP005_REFERENCE_CORPUS_ROW,0,REFERENCE_CORPUS_INDEXED_NOT_NORMATIVE,REFERENCE_CONTEXT_ONLY
CGP006-ALLOC-2417,CGP005-RC-2417,CGSRC-STD-0157,ES-CG-10,ES-CG-10,CGP005_REFERENCE_CORPUS_ROW,0,REFERENCE_CORPUS_INDEXED_NOT_NORMATIVE,REFERENCE_CONTEXT_ONLY
CGP006-ALLOC-2418,CGP005-RC-2418,CGSRC-STD-0158,ES-CG-10,ES-CG-10,CGP005_REFERENCE_CORPUS_ROW,0,REFERENCE_CORPUS_INDEXED_NOT_NORMATIVE,REFERENCE_CONTEXT_ONLY
CGP006-ALLOC-2419,CGP005-RC-2419,CGSRC-STD-0159,ES-CG-10,ES-CG-10,CGP005_REFERENCE_CORPUS_ROW,0,REFERENCE_CORPUS_INDEXED_NOT_NORMATIVE,REFERENCE_CONTEXT_ONLY
CGP006-ALLOC-2420,CGP005-RC-2420,CGSRC-STD-0160,ES-CG-10,ES-CG-10,CGP005_REFERENCE_CORPUS_ROW,0,REFERENCE_CORPUS_INDEXED_NOT_NORMATIVE,REFERENCE_CONTEXT_ONLY
CGP006-ALLOC-2421,CGP005-RC-2421,CGSRC-STD-0161,ES-CG-10,ES-CG-10,CGP005_REFERENCE_CORPUS_ROW,0,REFERENCE_CORPUS_INDEXED_NOT_NORMATIVE,REFERENCE_CONTEXT_ONLY
CGP006-ALLOC-2422,CGP005-RC-2422,CGSRC-STD-0162,ES-CG-13,ES-CG-13;ES-CG-10,CGP005_REFERENCE_CORPUS_ROW,0,REFERENCE_CORPUS_INDEXED_NOT_NORMATIVE,REFERENCE_CONTEXT_ONLY
CGP006-ALLOC-2423,CGP005-RC-2423,CGSRC-STD-0163,ES-CG-00,ES-CG-00;ES-CG-01;ES-CG-13;ES-CG-10,CGP005_REFERENCE_CORPUS_ROW,0,REFERENCE_CORPUS_INDEXED_NOT_NORMATIVE,REFERENCE_CONTEXT_ONLY
CGP006-ALLOC-2424,CGP005-RC-2424,CGSRC-STD-0164,ES-CG-13,ES-CG-13;ES-CG-10,CGP005_REFERENCE_CORPUS_ROW,0,REFERENCE_CORPUS_INDEXED_NOT_NORMATIVE,REFERENCE_CONTEXT_ONLY
CGP006-ALLOC-2425,CGP005-RC-2425,CGSRC-STD-0165,ES-CG-10,ES-CG-10,CGP005_REFERENCE_CORPUS_ROW,0,REFERENCE_CORPUS_INDEXED_NOT_NORMATIVE,REFERENCE_CONTEXT_ONLY
CGP006-ALLOC-2426,CGP005-RC-2426,CGSRC-STD-0166,ES-CG-10,ES-CG-10,CGP005_REFERENCE_CORPUS_ROW,0,REFERENCE_CORPUS_INDEXED_NOT_NORMATIVE,REFERENCE_CONTEXT_ONLY
CGP006-ALLOC-2427,CGP005-RC-2427,CGSRC-STD-0167,ES-CG-10,ES-CG-10,CGP005_REFERENCE_CORPUS_ROW,0,REFERENCE_CORPUS_INDEXED_NOT_NORMATIVE,REFERENCE_CONTEXT_ONLY
CGP006-ALLOC-2428,CGP005-RC-2428,CGSRC-STD-0168,ES-CG-10,ES-CG-10,CGP005_REFERENCE_CORPUS_ROW,0,REFERENCE_CORPUS_INDEXED_NOT_NORMATIVE,REFERENCE_CONTEXT_ONLY
CGP006-ALLOC-2429,CGP005-RC-2429,CGSRC-STD-0169,ES-CG-10,ES-CG-10,CGP005_REFERENCE_CORPUS_ROW,0,REFERENCE_CORPUS_INDEXED_NOT_NORMATIVE,REFERENCE_CONTEXT_ONLY
CGP006-ALLOC-2430,CGP005-RC-2430,CGSRC-STD-0170,ES-CG-13,ES-CG-13;ES-CG-10,CGP005_REFERENCE_CORPUS_ROW,0,REFERENCE_CORPUS_INDEXED_NOT_NORMATIVE,REFERENCE_CONTEXT_ONLY
CGP006-ALLOC-2431,CGP005-RC-2431,CGSRC-STD-0171,ES-CG-10,ES-CG-10,CGP005_REFERENCE_CORPUS_ROW,0,REFERENCE_CORPUS_INDEXED_NOT_NORMATIVE,REFERENCE_CONTEXT_ONLY
CGP006-ALLOC-2432,CGP005-RC-2432,CGSRC-STD-0172,ES-CG-10,ES-CG-10,CGP005_REFERENCE_CORPUS_ROW,0,REFERENCE_CORPUS_INDEXED_NOT_NORMATIVE,REFERENCE_CONTEXT_ONLY
CGP006-ALLOC-2433,CGP005-RC-2433,CGSRC-STD-0173,ES-CG-13,ES-CG-13;ES-CG-10,CGP005_REFERENCE_CORPUS_ROW,0,REFERENCE_CORPUS_INDEXED_NOT_NORMATIVE,REFERENCE_CONTEXT_ONLY
CGP006-ALLOC-2434,CGP005-RC-2434,CGSRC-STD-0174,ES-CG-10,ES-CG-10,CGP005_REFERENCE_CORPUS_ROW,0,REFERENCE_CORPUS_INDEXED_NOT_NORMATIVE,REFERENCE_CONTEXT_ONLY
CGP006-ALLOC-2435,CGP005-RC-2435,CGSRC-STD-0175,ES-CG-13,ES-CG-13;ES-CG-10,CGP005_REFERENCE_CORPUS_ROW,0,REFERENCE_CORPUS_INDEXED_NOT_NORMATIVE,REFERENCE_CONTEXT_ONLY
CGP006-ALLOC-2436,CGP005-RC-2436,CGSRC-STD-0176,ES-CG-10,ES-CG-10,CGP005_REFERENCE_CORPUS_ROW,0,REFERENCE_CORPUS_INDEXED_NOT_NORMATIVE,REFERENCE_CONTEXT_ONLY
CGP006-ALLOC-2437,CGP005-RC-2437,CGSRC-STD-0177,ES-CG-13,ES-CG-13;ES-CG-10,CGP005_REFERENCE_CORPUS_ROW,0,REFERENCE_CORPUS_INDEXED_NOT_NORMATIVE,REFERENCE_CONTEXT_ONLY
CGP006-ALLOC-2438,CGP005-RC-2438,CGSRC-STD-0178,ES-CG-10,ES-CG-10,CGP005_REFERENCE_CORPUS_ROW,0,REFERENCE_CORPUS_INDEXED_NOT_NORMATIVE,REFERENCE_CONTEXT_ONLY
CGP006-ALLOC-2439,CGP005-RC-2439,CGSRC-STD-0179,ES-CG-13,ES-CG-13;ES-CG-10,CGP005_REFERENCE_CORPUS_ROW,0,REFERENCE_CORPUS_INDEXED_NOT_NORMATIVE,REFERENCE_CONTEXT_ONLY
CGP006-ALLOC-2440,CGP005-RC-2440,CGSRC-STD-0180,ES-CG-10,ES-CG-10,CGP005_REFERENCE_CORPUS_ROW,0,REFERENCE_CORPUS_INDEXED_NOT_NORMATIVE,REFERENCE_CONTEXT_ONLY
CGP006-ALLOC-2441,CGP005-RC-2441,CGSRC-STD-0181,ES-CG-10,ES-CG-10,CGP005_REFERENCE_CORPUS_ROW,0,REFERENCE_CORPUS_INDEXED_NOT_NORMATIVE,REFERENCE_CONTEXT_ONLY
CGP006-ALLOC-2442,CGP005-RC-2442,CGSRC-STD-0182,ES-CG-00,ES-CG-00;ES-CG-01;ES-CG-13,CGP005_REFERENCE_CORPUS_ROW,0,REFERENCE_CORPUS_INDEXED_NOT_NORMATIVE,REFERENCE_CONTEXT_ONLY
CGP006-ALLOC-2443,CGP005-RC-2443,CGSRC-STD-0183,ES-CG-00,ES-CG-00;ES-CG-01;ES-CG-13,CGP005_REFERENCE_CORPUS_ROW,0,REFERENCE_CORPUS_INDEXED_NOT_NORMATIVE,REFERENCE_CONTEXT_ONLY
CGP006-ALLOC-2444,CGP005-RC-2444,CGSRC-STD-0184,ES-CG-00,ES-CG-00;ES-CG-01;ES-CG-13,CGP005_REFERENCE_CORPUS_ROW,0,REFERENCE_CORPUS_INDEXED_NOT_NORMATIVE,REFERENCE_CONTEXT_ONLY
CGP006-ALLOC-2445,CGP005-RC-2445,CGSRC-STD-0185,ES-CG-00,ES-CG-00;ES-CG-01;ES-CG-13,CGP005_REFERENCE_CORPUS_ROW,0,REFERENCE_CORPUS_INDEXED_NOT_NORMATIVE,REFERENCE_CONTEXT_ONLY
CGP006-ALLOC-2446,CGP005-RC-2446,CGSRC-STD-0186,ES-CG-00,ES-CG-00;ES-CG-01;ES-CG-13,CGP005_REFERENCE_CORPUS_ROW,0,REFERENCE_CORPUS_INDEXED_NOT_NORMATIVE,REFERENCE_CONTEXT_ONLY
CGP006-ALLOC-2447,CGP005-RC-2447,CGSRC-STD-0187,ES-CG-00,ES-CG-00;ES-CG-01;ES-CG-13,CGP005_REFERENCE_CORPUS_ROW,0,REFERENCE_CORPUS_INDEXED_NOT_NORMATIVE,REFERENCE_CONTEXT_ONLY
CGP006-ALLOC-2448,CGP005-RC-2448,CGSRC-STD-0188,ES-CG-00,ES-CG-00;ES-CG-01;ES-CG-13,CGP005_REFERENCE_CORPUS_ROW,0,REFERENCE_CORPUS_INDEXED_NOT_NORMATIVE,REFERENCE_CONTEXT_ONLY
CGP006-ALLOC-2449,CGP005-RC-2449,CGSRC-STD-0189,ES-CG-00,ES-CG-00;ES-CG-01;ES-CG-13,CGP005_REFERENCE_CORPUS_ROW,0,REFERENCE_CORPUS_INDEXED_NOT_NORMATIVE,REFERENCE_CONTEXT_ONLY
CGP006-ALLOC-2450,CGP005-RC-2450,CGSRC-STD-0190,ES-CG-00,ES-CG-00;ES-CG-01;ES-CG-13,CGP005_REFERENCE_CORPUS_ROW,0,REFERENCE_CORPUS_INDEXED_NOT_NORMATIVE,REFERENCE_CONTEXT_ONLY
CGP006-ALLOC-2451,CGP005-RC-2451,CGSRC-STD-0191,ES-CG-00,ES-CG-00;ES-CG-01;ES-CG-13;ES-CG-10,CGP005_REFERENCE_CORPUS_ROW,0,REFERENCE_CORPUS_INDEXED_NOT_NORMATIVE,REFERENCE_CONTEXT_ONLY
CGP006-ALLOC-2452,CGP005-RC-2452,CGSRC-STD-0192,ES-CG-00,ES-CG-00;ES-CG-01;ES-CG-13,CGP005_REFERENCE_CORPUS_ROW,0,REFERENCE_CORPUS_INDEXED_NOT_NORMATIVE,REFERENCE_CONTEXT_ONLY
CGP006-ALLOC-2453,CGP005-RC-2453,CGSRC-STD-0193,ES-CG-00,ES-CG-00;ES-CG-01;ES-CG-13,CGP005_REFERENCE_CORPUS_ROW,0,REFERENCE_CORPUS_INDEXED_NOT_NORMATIVE,REFERENCE_CONTEXT_ONLY
CGP006-ALLOC-2454,CGP005-RC-2454,CGSRC-STD-0194,ES-CG-00,ES-CG-00;ES-CG-01;ES-CG-13,CGP005_REFERENCE_CORPUS_ROW,0,REFERENCE_CORPUS_INDEXED_NOT_NORMATIVE,REFERENCE_CONTEXT_ONLY
CGP006-ALLOC-2455,CGP005-RC-2455,CGSRC-STD-0195,ES-CG-00,ES-CG-00;ES-CG-01;ES-CG-13,CGP005_REFERENCE_CORPUS_ROW,0,REFERENCE_CORPUS_INDEXED_NOT_NORMATIVE,REFERENCE_CONTEXT_ONLY
CGP006-ALLOC-2456,CGP005-RC-2456,CGSRC-STD-0196,ES-CG-00,ES-CG-00;ES-CG-01;ES-CG-13,CGP005_REFERENCE_CORPUS_ROW,0,REFERENCE_CORPUS_INDEXED_NOT_NORMATIVE,REFERENCE_CONTEXT_ONLY
CGP006-ALLOC-2457,CGP005-RC-2457,CGSRC-STD-0197,ES-CG-00,ES-CG-00;ES-CG-01;ES-CG-13,CGP005_REFERENCE_CORPUS_ROW,0,REFERENCE_CORPUS_INDEXED_NOT_NORMATIVE,REFERENCE_CONTEXT_ONLY
CGP006-ALLOC-2458,CGP005-RC-2458,CGSRC-STD-0198,ES-CG-00,ES-CG-00;ES-CG-01;ES-CG-13,CGP005_REFERENCE_CORPUS_ROW,0,REFERENCE_CORPUS_INDEXED_NOT_NORMATIVE,REFERENCE_CONTEXT_ONLY
CGP006-ALLOC-2459,CGP005-RC-2459,CGSRC-STD-0199,ES-CG-00,ES-CG-00;ES-CG-01;ES-CG-13,CGP005_REFERENCE_CORPUS_ROW,0,REFERENCE_CORPUS_INDEXED_NOT_NORMATIVE,REFERENCE_CONTEXT_ONLY
CGP006-ALLOC-2460,CGP005-RC-2460,CGSRC-STD-0200,ES-CG-00,ES-CG-00;ES-CG-01;ES-CG-13,CGP005_REFERENCE_CORPUS_ROW,0,REFERENCE_CORPUS_INDEXED_NOT_NORMATIVE,REFERENCE_CONTEXT_ONLY
CGP006-ALLOC-2461,CGP005-RC-2461,CGSRC-STD-0201,ES-CG-00,ES-CG-00;ES-CG-01;ES-CG-13,CGP005_REFERENCE_CORPUS_ROW,0,REFERENCE_CORPUS_INDEXED_NOT_NORMATIVE,REFERENCE_CONTEXT_ONLY
CGP006-ALLOC-2462,CGP005-RC-2462,CGSRC-STD-0202,ES-CG-00,ES-CG-00;ES-CG-01;ES-CG-13,CGP005_REFERENCE_CORPUS_ROW,0,REFERENCE_CORPUS_INDEXED_NOT_NORMATIVE,REFERENCE_CONTEXT_ONLY
CGP006-ALLOC-2463,CGP005-RC-2463,CGSRC-STD-0203,ES-CG-00,ES-CG-00;ES-CG-01;ES-CG-13;ES-CG-10,CGP005_REFERENCE_CORPUS_ROW,0,REFERENCE_CORPUS_INDEXED_NOT_NORMATIVE,REFERENCE_CONTEXT_ONLY
CGP006-ALLOC-2464,CGP005-RC-2464,CGSRC-STD-0204,ES-CG-00,ES-CG-00;ES-CG-01;ES-CG-13;ES-CG-10,CGP005_REFERENCE_CORPUS_ROW,0,REFERENCE_CORPUS_INDEXED_NOT_NORMATIVE,REFERENCE_CONTEXT_ONLY
CGP006-ALLOC-2465,CGP005-RC-2465,CGSRC-STD-0205,ES-CG-00,ES-CG-00;ES-CG-01;ES-CG-13;ES-CG-10,CGP005_REFERENCE_CORPUS_ROW,0,REFERENCE_CORPUS_INDEXED_NOT_NORMATIVE,REFERENCE_CONTEXT_ONLY
CGP006-ALLOC-2466,CGP005-RC-2466,CGSRC-STD-0206,ES-CG-00,ES-CG-00;ES-CG-01;ES-CG-13;ES-CG-10,CGP005_REFERENCE_CORPUS_ROW,0,REFERENCE_CORPUS_INDEXED_NOT_NORMATIVE,REFERENCE_CONTEXT_ONLY
CGP006-ALLOC-2467,CGP005-RC-2467,CGSRC-STD-0207,ES-CG-00,ES-CG-00;ES-CG-01;ES-CG-13;ES-CG-10,CGP005_REFERENCE_CORPUS_ROW,0,REFERENCE_CORPUS_INDEXED_NOT_NORMATIVE,REFERENCE_CONTEXT_ONLY
CGP006-ALLOC-2468,CGP005-RC-2468,CGSRC-STD-0208,ES-CG-00,ES-CG-00;ES-CG-01;ES-CG-13;ES-CG-10,CGP005_REFERENCE_CORPUS_ROW,0,REFERENCE_CORPUS_INDEXED_NOT_NORMATIVE,REFERENCE_CONTEXT_ONLY
CGP006-ALLOC-2469,CGP005-RC-2469,CGSRC-STD-0209,ES-CG-00,ES-CG-00;ES-CG-01;ES-CG-13;ES-CG-10,CGP005_REFERENCE_CORPUS_ROW,0,REFERENCE_CORPUS_INDEXED_NOT_NORMATIVE,REFERENCE_CONTEXT_ONLY
CGP006-ALLOC-2470,CGP005-RC-2470,CGSRC-STD-0210,ES-CG-00,ES-CG-00;ES-CG-01;ES-CG-13;ES-CG-10,CGP005_REFERENCE_CORPUS_ROW,0,REFERENCE_CORPUS_INDEXED_NOT_NORMATIVE,REFERENCE_CONTEXT_ONLY
CGP006-ALLOC-2471,CGP005-RC-2471,CGSRC-STD-0211,ES-CG-00,ES-CG-00;ES-CG-01;ES-CG-13;ES-CG-10,CGP005_REFERENCE_CORPUS_ROW,0,REFERENCE_CORPUS_INDEXED_NOT_NORMATIVE,REFERENCE_CONTEXT_ONLY
CGP006-ALLOC-2472,CGP005-RC-2472,CGSRC-STD-0212,ES-CG-00,ES-CG-00;ES-CG-01;ES-CG-13;ES-CG-10,CGP005_REFERENCE_CORPUS_ROW,0,REFERENCE_CORPUS_INDEXED_NOT_NORMATIVE,REFERENCE_CONTEXT_ONLY
CGP006-ALLOC-2473,CGP005-RC-2473,CGSRC-STD-0213,ES-CG-00,ES-CG-00;ES-CG-01;ES-CG-13;ES-CG-10,CGP005_REFERENCE_CORPUS_ROW,0,REFERENCE_CORPUS_INDEXED_NOT_NORMATIVE,REFERENCE_CONTEXT_ONLY
CGP006-ALLOC-2474,CGP005-RC-2474,CGSRC-STD-0214,ES-CG-00,ES-CG-00;ES-CG-01;ES-CG-13;ES-CG-10,CGP005_REFERENCE_CORPUS_ROW,0,REFERENCE_CORPUS_INDEXED_NOT_NORMATIVE,REFERENCE_CONTEXT_ONLY
CGP006-ALLOC-2475,CGP005-RC-2475,CGSRC-STD-0215,ES-CG-00,ES-CG-00;ES-CG-01;ES-CG-13;ES-CG-10,CGP005_REFERENCE_CORPUS_ROW,0,REFERENCE_CORPUS_INDEXED_NOT_NORMATIVE,REFERENCE_CONTEXT_ONLY
CGP006-ALLOC-2476,CGP005-RC-2476,CGSRC-STD-0216,ES-CG-00,ES-CG-00;ES-CG-01;ES-CG-13;ES-CG-10,CGP005_REFERENCE_CORPUS_ROW,0,REFERENCE_CORPUS_INDEXED_NOT_NORMATIVE,REFERENCE_CONTEXT_ONLY
CGP006-ALLOC-2477,CGP005-RC-2477,CGSRC-STD-0217,ES-CG-00,ES-CG-00;ES-CG-01;ES-CG-13;ES-CG-10,CGP005_REFERENCE_CORPUS_ROW,0,REFERENCE_CORPUS_INDEXED_NOT_NORMATIVE,REFERENCE_CONTEXT_ONLY
CGP006-ALLOC-2478,CGP005-RC-2478,CGSRC-STD-0218,ES-CG-00,ES-CG-00;ES-CG-01;ES-CG-13;ES-CG-10,CGP005_REFERENCE_CORPUS_ROW,0,REFERENCE_CORPUS_INDEXED_NOT_NORMATIVE,REFERENCE_CONTEXT_ONLY
CGP006-ALLOC-2479,CGP005-RC-2479,CGSRC-STD-0219,ES-CG-00,ES-CG-00;ES-CG-01;ES-CG-13;ES-CG-10,CGP005_REFERENCE_CORPUS_ROW,0,REFERENCE_CORPUS_INDEXED_NOT_NORMATIVE,REFERENCE_CONTEXT_ONLY
CGP006-ALLOC-2480,CGP005-RC-2480,CGSRC-STD-0220,ES-CG-00,ES-CG-00;ES-CG-01;ES-CG-13;ES-CG-10,CGP005_REFERENCE_CORPUS_ROW,0,REFERENCE_CORPUS_INDEXED_NOT_NORMATIVE,REFERENCE_CONTEXT_ONLY
CGP006-ALLOC-2481,CGP005-RC-2481,CGSRC-STD-0221,ES-CG-00,ES-CG-00;ES-CG-01;ES-CG-13;ES-CG-10,CGP005_REFERENCE_CORPUS_ROW,0,REFERENCE_CORPUS_INDEXED_NOT_NORMATIVE,REFERENCE_CONTEXT_ONLY
CGP006-ALLOC-2482,CGP005-RC-2482,CGSRC-STD-0222,ES-CG-00,ES-CG-00;ES-CG-01;ES-CG-13;ES-CG-10,CGP005_REFERENCE_CORPUS_ROW,0,REFERENCE_CORPUS_INDEXED_NOT_NORMATIVE,REFERENCE_CONTEXT_ONLY
CGP006-ALLOC-2483,CGP005-RC-2483,CGSRC-STD-0223,ES-CG-00,ES-CG-00;ES-CG-01;ES-CG-13;ES-CG-10,CGP005_REFERENCE_CORPUS_ROW,0,REFERENCE_CORPUS_INDEXED_NOT_NORMATIVE,REFERENCE_CONTEXT_ONLY
CGP006-ALLOC-2484,CGP005-RC-2484,CGSRC-STD-0224,ES-CG-00,ES-CG-00;ES-CG-01;ES-CG-13;ES-CG-10,CGP005_REFERENCE_CORPUS_ROW,0,REFERENCE_CORPUS_INDEXED_NOT_NORMATIVE,REFERENCE_CONTEXT_ONLY
CGP006-ALLOC-2485,CGP005-RC-2485,CGSRC-STD-0225,ES-CG-00,ES-CG-00;ES-CG-01;ES-CG-13,CGP005_REFERENCE_CORPUS_ROW,0,REFERENCE_CORPUS_INDEXED_NOT_NORMATIVE,REFERENCE_CONTEXT_ONLY
CGP006-ALLOC-2486,CGP005-RC-2486,CGSRC-STD-0226,ES-CG-00,ES-CG-00;ES-CG-01;ES-CG-13;ES-CG-10,CGP005_REFERENCE_CORPUS_ROW,0,REFERENCE_CORPUS_INDEXED_NOT_NORMATIVE,REFERENCE_CONTEXT_ONLY
CGP006-ALLOC-2487,CGP005-RC-2487,CGSRC-STD-0227,ES-CG-00,ES-CG-00;ES-CG-01;ES-CG-13;ES-CG-10,CGP005_REFERENCE_CORPUS_ROW,0,REFERENCE_CORPUS_INDEXED_NOT_NORMATIVE,REFERENCE_CONTEXT_ONLY
CGP006-ALLOC-2488,CGP005-RC-2488,CGSRC-STD-0228,ES-CG-00,ES-CG-00;ES-CG-01;ES-CG-13;ES-CG-10,CGP005_REFERENCE_CORPUS_ROW,0,REFERENCE_CORPUS_INDEXED_NOT_NORMATIVE,REFERENCE_CONTEXT_ONLY
CGP006-ALLOC-2489,CGP005-RC-2489,CGSRC-STD-0229,ES-CG-00,ES-CG-00;ES-CG-01;ES-CG-13;ES-CG-10,CGP005_REFERENCE_CORPUS_ROW,0,REFERENCE_CORPUS_INDEXED_NOT_NORMATIVE,REFERENCE_CONTEXT_ONLY
CGP006-ALLOC-2490,CGP005-RC-2490,CGSRC-STD-0230,ES-CG-00,ES-CG-00;ES-CG-01;ES-CG-13;ES-CG-10,CGP005_REFERENCE_CORPUS_ROW,0,REFERENCE_CORPUS_INDEXED_NOT_NORMATIVE,REFERENCE_CONTEXT_ONLY
CGP006-ALLOC-2491,CGP005-RC-2491,CGSRC-STD-0231,ES-CG-00,ES-CG-00;ES-CG-01;ES-CG-13;ES-CG-10,CGP005_REFERENCE_CORPUS_ROW,0,REFERENCE_CORPUS_INDEXED_NOT_NORMATIVE,REFERENCE_CONTEXT_ONLY
CGP006-ALLOC-2492,CGP005-RC-2492,CGSRC-STD-0232,ES-CG-00,ES-CG-00;ES-CG-01;ES-CG-13;ES-CG-10,CGP005_REFERENCE_CORPUS_ROW,0,REFERENCE_CORPUS_INDEXED_NOT_NORMATIVE,REFERENCE_CONTEXT_ONLY
CGP006-ALLOC-2493,CGP005-RC-2493,CGSRC-STD-0233,ES-CG-00,ES-CG-00;ES-CG-01;ES-CG-13;ES-CG-10,CGP005_REFERENCE_CORPUS_ROW,0,REFERENCE_CORPUS_INDEXED_NOT_NORMATIVE,REFERENCE_CONTEXT_ONLY
CGP006-ALLOC-2494,CGP005-RC-2494,CGSRC-STD-0234,ES-CG-00,ES-CG-00;ES-CG-01;ES-CG-13,CGP005_REFERENCE_CORPUS_ROW,0,REFERENCE_CORPUS_INDEXED_NOT_NORMATIVE,REFERENCE_CONTEXT_ONLY
CGP006-ALLOC-2495,CGP005-RC-2495,CGSRC-STD-0235,ES-CG-00,ES-CG-00;ES-CG-01;ES-CG-13,CGP005_REFERENCE_CORPUS_ROW,0,REFERENCE_CORPUS_INDEXED_NOT_NORMATIVE,REFERENCE_CONTEXT_ONLY
CGP006-ALLOC-2496,CGP005-RC-2496,CGSRC-STD-0236,ES-CG-00,ES-CG-00;ES-CG-01;ES-CG-13,CGP005_REFERENCE_CORPUS_ROW,0,REFERENCE_CORPUS_INDEXED_NOT_NORMATIVE,REFERENCE_CONTEXT_ONLY
CGP006-ALLOC-2497,CGP005-RC-2497,CGSRC-STD-0237,ES-CG-00,ES-CG-00;ES-CG-01;ES-CG-13;ES-CG-10,CGP005_REFERENCE_CORPUS_ROW,0,REFERENCE_CORPUS_INDEXED_NOT_NORMATIVE,REFERENCE_CONTEXT_ONLY
CGP006-ALLOC-2498,CGP005-RC-2498,CGSRC-STD-0238,ES-CG-00,ES-CG-00;ES-CG-01;ES-CG-13,CGP005_REFERENCE_CORPUS_ROW,0,REFERENCE_CORPUS_INDEXED_NOT_NORMATIVE,REFERENCE_CONTEXT_ONLY
CGP006-ALLOC-2499,CGP005-RC-2499,CGSRC-STD-0239,ES-CG-00,ES-CG-00;ES-CG-01;ES-CG-13;ES-CG-10,CGP005_REFERENCE_CORPUS_ROW,0,REFERENCE_CORPUS_INDEXED_NOT_NORMATIVE,REFERENCE_CONTEXT_ONLY
CGP006-ALLOC-2500,CGP005-RC-2500,CGSRC-STD-0240,ES-CG-00,ES-CG-00;ES-CG-01;ES-CG-13,CGP005_REFERENCE_CORPUS_ROW,0,REFERENCE_CORPUS_INDEXED_NOT_NORMATIVE,REFERENCE_CONTEXT_ONLY
CGP006-ALLOC-2501,CGP005-RC-2501,CGSRC-STD-0241,ES-CG-00,ES-CG-00;ES-CG-01;ES-CG-13,CGP005_REFERENCE_CORPUS_ROW,0,REFERENCE_CORPUS_INDEXED_NOT_NORMATIVE,REFERENCE_CONTEXT_ONLY
CGP006-ALLOC-2502,CGP005-RC-2502,CGSRC-STD-0242,ES-CG-00,ES-CG-00;ES-CG-01;ES-CG-13,CGP005_REFERENCE_CORPUS_ROW,0,REFERENCE_CORPUS_INDEXED_NOT_NORMATIVE,REFERENCE_CONTEXT_ONLY
CGP006-ALLOC-2503,CGP005-RC-2503,CGSRC-STD-0243,ES-CG-00,ES-CG-00;ES-CG-01;ES-CG-13;ES-CG-10,CGP005_REFERENCE_CORPUS_ROW,0,REFERENCE_CORPUS_INDEXED_NOT_NORMATIVE,REFERENCE_CONTEXT_ONLY
CGP006-ALLOC-2504,CGP005-RC-2504,CGSRC-STD-0244,ES-CG-00,ES-CG-00;ES-CG-01;ES-CG-13,CGP005_REFERENCE_CORPUS_ROW,0,REFERENCE_CORPUS_INDEXED_NOT_NORMATIVE,REFERENCE_CONTEXT_ONLY
CGP006-ALLOC-2505,CGP005-RC-2505,CGSRC-STD-0245,ES-CG-00,ES-CG-00;ES-CG-01;ES-CG-13,CGP005_REFERENCE_CORPUS_ROW,0,REFERENCE_CORPUS_INDEXED_NOT_NORMATIVE,REFERENCE_CONTEXT_ONLY
CGP006-ALLOC-2506,CGP005-RC-2506,CGSRC-STD-0246,ES-CG-00,ES-CG-00;ES-CG-01;ES-CG-13,CGP005_REFERENCE_CORPUS_ROW,0,REFERENCE_CORPUS_INDEXED_NOT_NORMATIVE,REFERENCE_CONTEXT_ONLY
CGP006-ALLOC-2507,CGP005-RC-2507,CGSRC-STD-0247,ES-CG-00,ES-CG-00;ES-CG-01;ES-CG-13;ES-CG-10,CGP005_REFERENCE_CORPUS_ROW,0,REFERENCE_CORPUS_INDEXED_NOT_NORMATIVE,REFERENCE_CONTEXT_ONLY
CGP006-ALLOC-2508,CGP005-RC-2508,CGSRC-TEST-0001,ES-CG-00,ES-CG-00;ES-CG-01;ES-CG-13;ES-CG-10,CGP005_REFERENCE_CORPUS_ROW,0,REFERENCE_CORPUS_INDEXED_NOT_NORMATIVE,REFERENCE_CONTEXT_ONLY
CGP006-ALLOC-2509,CGP005-RC-2509,CGSRC-TEST-0002,ES-CG-00,ES-CG-00;ES-CG-01;ES-CG-13;ES-CG-10,CGP005_REFERENCE_CORPUS_ROW,0,REFERENCE_CORPUS_INDEXED_NOT_NORMATIVE,REFERENCE_CONTEXT_ONLY
CGP006-ALLOC-2510,CGP005-RC-2510,CGSRC-TEST-0003,ES-CG-00,ES-CG-00;ES-CG-01;ES-CG-13;ES-CG-10,CGP005_REFERENCE_CORPUS_ROW,0,REFERENCE_CORPUS_INDEXED_NOT_NORMATIVE,REFERENCE_CONTEXT_ONLY
CGP006-ALLOC-2511,CGP005-RC-2511,CGSRC-TEST-0004,ES-CG-00,ES-CG-00;ES-CG-01;ES-CG-13;ES-CG-10,CGP005_REFERENCE_CORPUS_ROW,0,REFERENCE_CORPUS_INDEXED_NOT_NORMATIVE,REFERENCE_CONTEXT_ONLY
CGP006-ALLOC-2512,CGP005-NF-ES-CG-00-0001,CGSRC-GOV-0002,ES-CG-00,ES-CG-00,CGP005_GUIDE_NORMATIVE_FREEZE_ROW,1,IN_APPROVED_CGP005_NORMATIVE_SOURCE_FREEZE,CONTROLLING_AUTHORITY_WITHIN_GUIDE_FREEZE_SCOPE
CGP006-ALLOC-2513,CGP005-NF-ES-CG-00-0002,CGSRC-GOV-0003,ES-CG-00,ES-CG-00,CGP005_GUIDE_NORMATIVE_FREEZE_ROW,1,IN_APPROVED_CGP005_NORMATIVE_SOURCE_FREEZE,CONTROLLING_AUTHORITY_WITHIN_GUIDE_FREEZE_SCOPE
CGP006-ALLOC-2514,CGP005-NF-ES-CG-00-0003,CGSRC-GOV-0005,ES-CG-00,ES-CG-00,CGP005_GUIDE_NORMATIVE_FREEZE_ROW,1,IN_APPROVED_CGP005_NORMATIVE_SOURCE_FREEZE,CONTROLLING_AUTHORITY_WITHIN_GUIDE_FREEZE_SCOPE
CGP006-ALLOC-2515,CGP005-NF-ES-CG-00-0004,CGSRC-GOV-0006,ES-CG-00,ES-CG-00,CGP005_GUIDE_NORMATIVE_FREEZE_ROW,1,IN_APPROVED_CGP005_NORMATIVE_SOURCE_FREEZE,SUPPORTING_AUTHORITY_OR_INTERPRETIVE_SOURCE_WITHIN_GUIDE_FREEZE_SCOPE
CGP006-ALLOC-2516,CGP005-NF-ES-CG-00-0005,CGSRC-GOV-0008,ES-CG-00,ES-CG-00,CGP005_GUIDE_NORMATIVE_FREEZE_ROW,1,IN_APPROVED_CGP005_NORMATIVE_SOURCE_FREEZE,CONTROLLING_AUTHORITY_WITHIN_GUIDE_FREEZE_SCOPE
CGP006-ALLOC-2517,CGP005-NF-ES-CG-00-0006,CGSRC-GOV-0009,ES-CG-00,ES-CG-00,CGP005_GUIDE_NORMATIVE_FREEZE_ROW,1,IN_APPROVED_CGP005_NORMATIVE_SOURCE_FREEZE,CONTROLLING_AUTHORITY_WITHIN_GUIDE_FREEZE_SCOPE
CGP006-ALLOC-2518,CGP005-NF-ES-CG-00-0007,CGSRC-GOV-0011,ES-CG-00,ES-CG-00,CGP005_GUIDE_NORMATIVE_FREEZE_ROW,1,IN_APPROVED_CGP005_NORMATIVE_SOURCE_FREEZE,CONTROLLING_AUTHORITY_WITHIN_GUIDE_FREEZE_SCOPE
CGP006-ALLOC-2519,CGP005-NF-ES-CG-00-0008,CGSRC-GOV-0012,ES-CG-00,ES-CG-00,CGP005_GUIDE_NORMATIVE_FREEZE_ROW,1,IN_APPROVED_CGP005_NORMATIVE_SOURCE_FREEZE,CONTROLLING_AUTHORITY_WITHIN_GUIDE_FREEZE_SCOPE
CGP006-ALLOC-2520,CGP005-NF-ES-CG-00-0009,CGSRC-GOV-0014,ES-CG-00,ES-CG-00,CGP005_GUIDE_NORMATIVE_FREEZE_ROW,1,IN_APPROVED_CGP005_NORMATIVE_SOURCE_FREEZE,CONTROLLING_AUTHORITY_WITHIN_GUIDE_FREEZE_SCOPE
CGP006-ALLOC-2521,CGP005-NF-ES-CG-00-0010,CGSRC-GOV-0084,ES-CG-00,ES-CG-00,CGP005_GUIDE_NORMATIVE_FREEZE_ROW,1,IN_APPROVED_CGP005_NORMATIVE_SOURCE_FREEZE,CONTROLLING_AUTHORITY_WITHIN_GUIDE_FREEZE_SCOPE
CGP006-ALLOC-2522,CGP005-NF-ES-CG-00-0011,CGSRC-GOV-0138,ES-CG-00,ES-CG-00,CGP005_GUIDE_NORMATIVE_FREEZE_ROW,1,IN_APPROVED_CGP005_NORMATIVE_SOURCE_FREEZE,CONTROLLING_AUTHORITY_WITHIN_GUIDE_FREEZE_SCOPE
CGP006-ALLOC-2523,CGP005-NF-ES-CG-00-0012,CGSRC-GOV-0139,ES-CG-00,ES-CG-00,CGP005_GUIDE_NORMATIVE_FREEZE_ROW,1,IN_APPROVED_CGP005_NORMATIVE_SOURCE_FREEZE,CONTROLLING_AUTHORITY_WITHIN_GUIDE_FREEZE_SCOPE
CGP006-ALLOC-2524,CGP005-NF-ES-CG-00-0013,CGSRC-GOV-0152,ES-CG-00,ES-CG-00,CGP005_GUIDE_NORMATIVE_FREEZE_ROW,1,IN_APPROVED_CGP005_NORMATIVE_SOURCE_FREEZE,CONTROLLING_AUTHORITY_WITHIN_GUIDE_FREEZE_SCOPE
CGP006-ALLOC-2525,CGP005-NF-ES-CG-00-0014,CGSRC-GOV-0153,ES-CG-00,ES-CG-00,CGP005_GUIDE_NORMATIVE_FREEZE_ROW,1,IN_APPROVED_CGP005_NORMATIVE_SOURCE_FREEZE,CONTROLLING_AUTHORITY_WITHIN_GUIDE_FREEZE_SCOPE
CGP006-ALLOC-2526,CGP005-NF-ES-CG-00-0015,CGSRC-ATLAS-0006,ES-CG-00,ES-CG-00,CGP005_GUIDE_NORMATIVE_FREEZE_ROW,1,IN_APPROVED_CGP005_NORMATIVE_SOURCE_FREEZE,CONTROLLING_AUTHORITY_WITHIN_GUIDE_FREEZE_SCOPE
CGP006-ALLOC-2527,CGP005-NF-ES-CG-00-0016,CGSRC-ATLAS-0017,ES-CG-00,ES-CG-00,CGP005_GUIDE_NORMATIVE_FREEZE_ROW,1,IN_APPROVED_CGP005_NORMATIVE_SOURCE_FREEZE,CONTROLLING_AUTHORITY_WITHIN_GUIDE_FREEZE_SCOPE
CGP006-ALLOC-2528,CGP005-NF-ES-CG-00-0017,CGSRC-ATLAS-0018,ES-CG-00,ES-CG-00,CGP005_GUIDE_NORMATIVE_FREEZE_ROW,1,IN_APPROVED_CGP005_NORMATIVE_SOURCE_FREEZE,CONTROLLING_AUTHORITY_WITHIN_GUIDE_FREEZE_SCOPE
CGP006-ALLOC-2529,CGP005-NF-ES-CG-00-0018,CGSRC-ATLAS-0019,ES-CG-00,ES-CG-00,CGP005_GUIDE_NORMATIVE_FREEZE_ROW,1,IN_APPROVED_CGP005_NORMATIVE_SOURCE_FREEZE,CONTROLLING_AUTHORITY_WITHIN_GUIDE_FREEZE_SCOPE
CGP006-ALLOC-2530,CGP005-NF-ES-CG-00-0019,CGSRC-ATLAS-0020,ES-CG-00,ES-CG-00,CGP005_GUIDE_NORMATIVE_FREEZE_ROW,1,IN_APPROVED_CGP005_NORMATIVE_SOURCE_FREEZE,CONTROLLING_AUTHORITY_WITHIN_GUIDE_FREEZE_SCOPE
CGP006-ALLOC-2531,CGP005-NF-ES-CG-00-0020,CGSRC-ATLAS-0021,ES-CG-00,ES-CG-00,CGP005_GUIDE_NORMATIVE_FREEZE_ROW,1,IN_APPROVED_CGP005_NORMATIVE_SOURCE_FREEZE,CONTROLLING_AUTHORITY_WITHIN_GUIDE_FREEZE_SCOPE
CGP006-ALLOC-2532,CGP005-NF-ES-CG-00-0021,CGSRC-REPO-0001,ES-CG-00,ES-CG-00,CGP005_GUIDE_NORMATIVE_FREEZE_ROW,1,IN_APPROVED_CGP005_NORMATIVE_SOURCE_FREEZE,IMPLEMENTATION_EVIDENCE_ONLY_NOT_PRODUCT_AUTHORITY
CGP006-ALLOC-2533,CGP005-NF-ES-CG-00-0022,CGSRC-REPO-0002,ES-CG-00,ES-CG-00,CGP005_GUIDE_NORMATIVE_FREEZE_ROW,1,IN_APPROVED_CGP005_NORMATIVE_SOURCE_FREEZE,IMPLEMENTATION_EVIDENCE_ONLY_NOT_PRODUCT_AUTHORITY
CGP006-ALLOC-2534,CGP005-NF-ES-CG-00-0023,CGSRC-REPO-0008,ES-CG-00,ES-CG-00,CGP005_GUIDE_NORMATIVE_FREEZE_ROW,1,IN_APPROVED_CGP005_NORMATIVE_SOURCE_FREEZE,IMPLEMENTATION_EVIDENCE_ONLY_NOT_PRODUCT_AUTHORITY
CGP006-ALLOC-2535,CGP005-NF-ES-CG-00-0024,CGSRC-REPO-0009,ES-CG-00,ES-CG-00,CGP005_GUIDE_NORMATIVE_FREEZE_ROW,1,IN_APPROVED_CGP005_NORMATIVE_SOURCE_FREEZE,IMPLEMENTATION_EVIDENCE_ONLY_NOT_PRODUCT_AUTHORITY
CGP006-ALLOC-2536,CGP005-NF-ES-CG-00-0025,CGSRC-CGP005-0001,ES-CG-00,ES-CG-00,CGP005_GUIDE_NORMATIVE_FREEZE_ROW,1,IN_APPROVED_CGP005_NORMATIVE_SOURCE_FREEZE,IMPLEMENTATION_EVIDENCE_ONLY_NOT_PRODUCT_AUTHORITY
CGP006-ALLOC-2537,CGP005-NF-ES-CG-00-0026,CGSRC-CGP005-0002,ES-CG-00,ES-CG-00,CGP005_GUIDE_NORMATIVE_FREEZE_ROW,1,IN_APPROVED_CGP005_NORMATIVE_SOURCE_FREEZE,IMPLEMENTATION_EVIDENCE_ONLY_NOT_PRODUCT_AUTHORITY
CGP006-ALLOC-2538,CGP005-NF-ES-CG-00-0027,CGSRC-CGP005-0003,ES-CG-00,ES-CG-00,CGP005_GUIDE_NORMATIVE_FREEZE_ROW,1,IN_APPROVED_CGP005_NORMATIVE_SOURCE_FREEZE,IMPLEMENTATION_EVIDENCE_ONLY_NOT_PRODUCT_AUTHORITY
CGP006-ALLOC-2539,CGP005-NF-ES-CG-00-0028,CGSRC-CGP005-0004,ES-CG-00,ES-CG-00,CGP005_GUIDE_NORMATIVE_FREEZE_ROW,1,IN_APPROVED_CGP005_NORMATIVE_SOURCE_FREEZE,IMPLEMENTATION_EVIDENCE_ONLY_NOT_PRODUCT_AUTHORITY
CGP006-ALLOC-2540,CGP005-NF-ES-CG-00-0029,CGSRC-CGP005-0201,ES-CG-00,ES-CG-00,CGP005_GUIDE_NORMATIVE_FREEZE_ROW,1,IN_APPROVED_CGP005_NORMATIVE_SOURCE_FREEZE,IMPLEMENTATION_EVIDENCE_ONLY_NOT_PRODUCT_AUTHORITY
CGP006-ALLOC-2541,CGP005-NF-ES-CG-01-0001,CGSRC-GOV-0002,ES-CG-01,ES-CG-01,CGP005_GUIDE_NORMATIVE_FREEZE_ROW,1,IN_APPROVED_CGP005_NORMATIVE_SOURCE_FREEZE,CONTROLLING_AUTHORITY_WITHIN_GUIDE_FREEZE_SCOPE
CGP006-ALLOC-2542,CGP005-NF-ES-CG-01-0002,CGSRC-GOV-0003,ES-CG-01,ES-CG-01,CGP005_GUIDE_NORMATIVE_FREEZE_ROW,1,IN_APPROVED_CGP005_NORMATIVE_SOURCE_FREEZE,CONTROLLING_AUTHORITY_WITHIN_GUIDE_FREEZE_SCOPE
CGP006-ALLOC-2543,CGP005-NF-ES-CG-01-0003,CGSRC-GOV-0004,ES-CG-01,ES-CG-01,CGP005_GUIDE_NORMATIVE_FREEZE_ROW,1,IN_APPROVED_CGP005_NORMATIVE_SOURCE_FREEZE,CONTROLLING_AUTHORITY_WITHIN_GUIDE_FREEZE_SCOPE
CGP006-ALLOC-2544,CGP005-NF-ES-CG-01-0004,CGSRC-GOV-0005,ES-CG-01,ES-CG-01,CGP005_GUIDE_NORMATIVE_FREEZE_ROW,1,IN_APPROVED_CGP005_NORMATIVE_SOURCE_FREEZE,CONTROLLING_AUTHORITY_WITHIN_GUIDE_FREEZE_SCOPE
CGP006-ALLOC-2545,CGP005-NF-ES-CG-01-0005,CGSRC-GOV-0006,ES-CG-01,ES-CG-01,CGP005_GUIDE_NORMATIVE_FREEZE_ROW,1,IN_APPROVED_CGP005_NORMATIVE_SOURCE_FREEZE,SUPPORTING_AUTHORITY_OR_INTERPRETIVE_SOURCE_WITHIN_GUIDE_FREEZE_SCOPE
CGP006-ALLOC-2546,CGP005-NF-ES-CG-01-0006,CGSRC-GOV-0007,ES-CG-01,ES-CG-01,CGP005_GUIDE_NORMATIVE_FREEZE_ROW,1,IN_APPROVED_CGP005_NORMATIVE_SOURCE_FREEZE,SUPPORTING_AUTHORITY_OR_INTERPRETIVE_SOURCE_WITHIN_GUIDE_FREEZE_SCOPE
CGP006-ALLOC-2547,CGP005-NF-ES-CG-01-0007,CGSRC-GOV-0008,ES-CG-01,ES-CG-01,CGP005_GUIDE_NORMATIVE_FREEZE_ROW,1,IN_APPROVED_CGP005_NORMATIVE_SOURCE_FREEZE,CONTROLLING_AUTHORITY_WITHIN_GUIDE_FREEZE_SCOPE
CGP006-ALLOC-2548,CGP005-NF-ES-CG-01-0008,CGSRC-GOV-0009,ES-CG-01,ES-CG-01,CGP005_GUIDE_NORMATIVE_FREEZE_ROW,1,IN_APPROVED_CGP005_NORMATIVE_SOURCE_FREEZE,CONTROLLING_AUTHORITY_WITHIN_GUIDE_FREEZE_SCOPE
CGP006-ALLOC-2549,CGP005-NF-ES-CG-01-0009,CGSRC-GOV-0010,ES-CG-01,ES-CG-01,CGP005_GUIDE_NORMATIVE_FREEZE_ROW,1,IN_APPROVED_CGP005_NORMATIVE_SOURCE_FREEZE,SUPPORTING_AUTHORITY_OR_INTERPRETIVE_SOURCE_WITHIN_GUIDE_FREEZE_SCOPE
CGP006-ALLOC-2550,CGP005-NF-ES-CG-01-0010,CGSRC-GOV-0011,ES-CG-01,ES-CG-01,CGP005_GUIDE_NORMATIVE_FREEZE_ROW,1,IN_APPROVED_CGP005_NORMATIVE_SOURCE_FREEZE,CONTROLLING_AUTHORITY_WITHIN_GUIDE_FREEZE_SCOPE
CGP006-ALLOC-2551,CGP005-NF-ES-CG-01-0011,CGSRC-GOV-0012,ES-CG-01,ES-CG-01,CGP005_GUIDE_NORMATIVE_FREEZE_ROW,1,IN_APPROVED_CGP005_NORMATIVE_SOURCE_FREEZE,CONTROLLING_AUTHORITY_WITHIN_GUIDE_FREEZE_SCOPE
CGP006-ALLOC-2552,CGP005-NF-ES-CG-01-0012,CGSRC-GOV-0013,ES-CG-01,ES-CG-01,CGP005_GUIDE_NORMATIVE_FREEZE_ROW,1,IN_APPROVED_CGP005_NORMATIVE_SOURCE_FREEZE,SUPPORTING_AUTHORITY_OR_INTERPRETIVE_SOURCE_WITHIN_GUIDE_FREEZE_SCOPE
CGP006-ALLOC-2553,CGP005-NF-ES-CG-01-0013,CGSRC-GOV-0014,ES-CG-01,ES-CG-01,CGP005_GUIDE_NORMATIVE_FREEZE_ROW,1,IN_APPROVED_CGP005_NORMATIVE_SOURCE_FREEZE,CONTROLLING_AUTHORITY_WITHIN_GUIDE_FREEZE_SCOPE
CGP006-ALLOC-2554,CGP005-NF-ES-CG-01-0014,CGSRC-GOV-0134,ES-CG-01,ES-CG-01,CGP005_GUIDE_NORMATIVE_FREEZE_ROW,1,IN_APPROVED_CGP005_NORMATIVE_SOURCE_FREEZE,SUPPORTING_AUTHORITY_OR_INTERPRETIVE_SOURCE_WITHIN_GUIDE_FREEZE_SCOPE
CGP006-ALLOC-2555,CGP005-NF-ES-CG-01-0015,CGSRC-GOV-0138,ES-CG-01,ES-CG-01,CGP005_GUIDE_NORMATIVE_FREEZE_ROW,1,IN_APPROVED_CGP005_NORMATIVE_SOURCE_FREEZE,CONTROLLING_AUTHORITY_WITHIN_GUIDE_FREEZE_SCOPE
CGP006-ALLOC-2556,CGP005-NF-ES-CG-01-0016,CGSRC-GOV-0139,ES-CG-01,ES-CG-01,CGP005_GUIDE_NORMATIVE_FREEZE_ROW,1,IN_APPROVED_CGP005_NORMATIVE_SOURCE_FREEZE,CONTROLLING_AUTHORITY_WITHIN_GUIDE_FREEZE_SCOPE
CGP006-ALLOC-2557,CGP005-NF-ES-CG-01-0017,CGSRC-GOV-0140,ES-CG-01,ES-CG-01,CGP005_GUIDE_NORMATIVE_FREEZE_ROW,1,IN_APPROVED_CGP005_NORMATIVE_SOURCE_FREEZE,SUPPORTING_AUTHORITY_OR_INTERPRETIVE_SOURCE_WITHIN_GUIDE_FREEZE_SCOPE
CGP006-ALLOC-2558,CGP005-NF-ES-CG-01-0018,CGSRC-GOV-0141,ES-CG-01,ES-CG-01,CGP005_GUIDE_NORMATIVE_FREEZE_ROW,1,IN_APPROVED_CGP005_NORMATIVE_SOURCE_FREEZE,SUPPORTING_AUTHORITY_OR_INTERPRETIVE_SOURCE_WITHIN_GUIDE_FREEZE_SCOPE
CGP006-ALLOC-2559,CGP005-NF-ES-CG-01-0019,CGSRC-GOV-0152,ES-CG-01,ES-CG-01,CGP005_GUIDE_NORMATIVE_FREEZE_ROW,1,IN_APPROVED_CGP005_NORMATIVE_SOURCE_FREEZE,CONTROLLING_AUTHORITY_WITHIN_GUIDE_FREEZE_SCOPE
CGP006-ALLOC-2560,CGP005-NF-ES-CG-01-0020,CGSRC-GOV-0153,ES-CG-01,ES-CG-01,CGP005_GUIDE_NORMATIVE_FREEZE_ROW,1,IN_APPROVED_CGP005_NORMATIVE_SOURCE_FREEZE,CONTROLLING_AUTHORITY_WITHIN_GUIDE_FREEZE_SCOPE
CGP006-ALLOC-2561,CGP005-NF-ES-CG-01-0021,CGSRC-GOV-0018,ES-CG-01,ES-CG-01,CGP005_GUIDE_NORMATIVE_FREEZE_ROW,1,IN_APPROVED_CGP005_NORMATIVE_SOURCE_FREEZE,CONTROLLING_AUTHORITY_WITHIN_GUIDE_FREEZE_SCOPE
CGP006-ALLOC-2562,CGP005-NF-ES-CG-01-0022,CGSRC-ARCH-0021,ES-CG-01,ES-CG-01,CGP005_GUIDE_NORMATIVE_FREEZE_ROW,1,IN_APPROVED_CGP005_NORMATIVE_SOURCE_FREEZE,SUPPORTING_AUTHORITY_OR_INTERPRETIVE_SOURCE_WITHIN_GUIDE_FREEZE_SCOPE
CGP006-ALLOC-2563,CGP005-NF-ES-CG-01-0023,CGSRC-ATLAS-0017,ES-CG-01,ES-CG-01,CGP005_GUIDE_NORMATIVE_FREEZE_ROW,1,IN_APPROVED_CGP005_NORMATIVE_SOURCE_FREEZE,CONTROLLING_AUTHORITY_WITHIN_GUIDE_FREEZE_SCOPE
CGP006-ALLOC-2564,CGP005-NF-ES-CG-01-0024,CGSRC-ATLAS-0018,ES-CG-01,ES-CG-01,CGP005_GUIDE_NORMATIVE_FREEZE_ROW,1,IN_APPROVED_CGP005_NORMATIVE_SOURCE_FREEZE,CONTROLLING_AUTHORITY_WITHIN_GUIDE_FREEZE_SCOPE
CGP006-ALLOC-2565,CGP005-NF-ES-CG-01-0025,CGSRC-ATLAS-0019,ES-CG-01,ES-CG-01,CGP005_GUIDE_NORMATIVE_FREEZE_ROW,1,IN_APPROVED_CGP005_NORMATIVE_SOURCE_FREEZE,CONTROLLING_AUTHORITY_WITHIN_GUIDE_FREEZE_SCOPE
CGP006-ALLOC-2566,CGP005-NF-ES-CG-01-0026,CGSRC-ATLAS-0020,ES-CG-01,ES-CG-01,CGP005_GUIDE_NORMATIVE_FREEZE_ROW,1,IN_APPROVED_CGP005_NORMATIVE_SOURCE_FREEZE,CONTROLLING_AUTHORITY_WITHIN_GUIDE_FREEZE_SCOPE
CGP006-ALLOC-2567,CGP005-NF-ES-CG-01-0027,CGSRC-ATLAS-0021,ES-CG-01,ES-CG-01,CGP005_GUIDE_NORMATIVE_FREEZE_ROW,1,IN_APPROVED_CGP005_NORMATIVE_SOURCE_FREEZE,CONTROLLING_AUTHORITY_WITHIN_GUIDE_FREEZE_SCOPE
CGP006-ALLOC-2568,CGP005-NF-ES-CG-01-0028,CGSRC-CGP005-0005,ES-CG-01,ES-CG-01,CGP005_GUIDE_NORMATIVE_FREEZE_ROW,1,IN_APPROVED_CGP005_NORMATIVE_SOURCE_FREEZE,IMPLEMENTATION_EVIDENCE_ONLY_NOT_PRODUCT_AUTHORITY
CGP006-ALLOC-2569,CGP005-NF-ES-CG-01-0029,CGSRC-CGP005-0006,ES-CG-01,ES-CG-01,CGP005_GUIDE_NORMATIVE_FREEZE_ROW,1,IN_APPROVED_CGP005_NORMATIVE_SOURCE_FREEZE,IMPLEMENTATION_EVIDENCE_ONLY_NOT_PRODUCT_AUTHORITY
CGP006-ALLOC-2570,CGP005-NF-ES-CG-01-0030,CGSRC-CGP005-0010,ES-CG-01,ES-CG-01,CGP005_GUIDE_NORMATIVE_FREEZE_ROW,1,IN_APPROVED_CGP005_NORMATIVE_SOURCE_FREEZE,IMPLEMENTATION_EVIDENCE_ONLY_NOT_PRODUCT_AUTHORITY
CGP006-ALLOC-2571,CGP005-NF-ES-CG-01-0031,CGSRC-CGP005-0011,ES-CG-01,ES-CG-01,CGP005_GUIDE_NORMATIVE_FREEZE_ROW,1,IN_APPROVED_CGP005_NORMATIVE_SOURCE_FREEZE,IMPLEMENTATION_EVIDENCE_ONLY_NOT_PRODUCT_AUTHORITY
CGP006-ALLOC-2572,CGP005-NF-ES-CG-01-0032,CGSRC-CGP005-0202,ES-CG-01,ES-CG-01,CGP005_GUIDE_NORMATIVE_FREEZE_ROW,1,IN_APPROVED_CGP005_NORMATIVE_SOURCE_FREEZE,IMPLEMENTATION_EVIDENCE_ONLY_NOT_PRODUCT_AUTHORITY
CGP006-ALLOC-2573,CGP005-NF-ES-CG-01-0033,CGSRC-CGP005-0203,ES-CG-01,ES-CG-01,CGP005_GUIDE_NORMATIVE_FREEZE_ROW,1,IN_APPROVED_CGP005_NORMATIVE_SOURCE_FREEZE,IMPLEMENTATION_EVIDENCE_ONLY_NOT_PRODUCT_AUTHORITY
CGP006-ALLOC-2574,CGP005-NF-ES-CG-01-0034,CGSRC-CGP005-0204,ES-CG-01,ES-CG-01,CGP005_GUIDE_NORMATIVE_FREEZE_ROW,1,IN_APPROVED_CGP005_NORMATIVE_SOURCE_FREEZE,IMPLEMENTATION_EVIDENCE_ONLY_NOT_PRODUCT_AUTHORITY
CGP006-ALLOC-2575,CGP005-NF-ES-CG-13-0001,CGSRC-GOV-0002,ES-CG-13,ES-CG-13,CGP005_GUIDE_NORMATIVE_FREEZE_ROW,1,IN_APPROVED_CGP005_NORMATIVE_SOURCE_FREEZE,CONTROLLING_AUTHORITY_WITHIN_GUIDE_FREEZE_SCOPE
CGP006-ALLOC-2576,CGP005-NF-ES-CG-13-0002,CGSRC-GOV-0003,ES-CG-13,ES-CG-13,CGP005_GUIDE_NORMATIVE_FREEZE_ROW,1,IN_APPROVED_CGP005_NORMATIVE_SOURCE_FREEZE,CONTROLLING_AUTHORITY_WITHIN_GUIDE_FREEZE_SCOPE
CGP006-ALLOC-2577,CGP005-NF-ES-CG-13-0003,CGSRC-GOV-0004,ES-CG-13,ES-CG-13,CGP005_GUIDE_NORMATIVE_FREEZE_ROW,1,IN_APPROVED_CGP005_NORMATIVE_SOURCE_FREEZE,CONTROLLING_AUTHORITY_WITHIN_GUIDE_FREEZE_SCOPE
CGP006-ALLOC-2578,CGP005-NF-ES-CG-13-0004,CGSRC-GOV-0005,ES-CG-13,ES-CG-13,CGP005_GUIDE_NORMATIVE_FREEZE_ROW,1,IN_APPROVED_CGP005_NORMATIVE_SOURCE_FREEZE,CONTROLLING_AUTHORITY_WITHIN_GUIDE_FREEZE_SCOPE
CGP006-ALLOC-2579,CGP005-NF-ES-CG-13-0005,CGSRC-GOV-0007,ES-CG-13,ES-CG-13,CGP005_GUIDE_NORMATIVE_FREEZE_ROW,1,IN_APPROVED_CGP005_NORMATIVE_SOURCE_FREEZE,SUPPORTING_AUTHORITY_OR_INTERPRETIVE_SOURCE_WITHIN_GUIDE_FREEZE_SCOPE
CGP006-ALLOC-2580,CGP005-NF-ES-CG-13-0006,CGSRC-GOV-0008,ES-CG-13,ES-CG-13,CGP005_GUIDE_NORMATIVE_FREEZE_ROW,1,IN_APPROVED_CGP005_NORMATIVE_SOURCE_FREEZE,CONTROLLING_AUTHORITY_WITHIN_GUIDE_FREEZE_SCOPE
CGP006-ALLOC-2581,CGP005-NF-ES-CG-13-0007,CGSRC-GOV-0009,ES-CG-13,ES-CG-13,CGP005_GUIDE_NORMATIVE_FREEZE_ROW,1,IN_APPROVED_CGP005_NORMATIVE_SOURCE_FREEZE,CONTROLLING_AUTHORITY_WITHIN_GUIDE_FREEZE_SCOPE
CGP006-ALLOC-2582,CGP005-NF-ES-CG-13-0008,CGSRC-GOV-0010,ES-CG-13,ES-CG-13,CGP005_GUIDE_NORMATIVE_FREEZE_ROW,1,IN_APPROVED_CGP005_NORMATIVE_SOURCE_FREEZE,SUPPORTING_AUTHORITY_OR_INTERPRETIVE_SOURCE_WITHIN_GUIDE_FREEZE_SCOPE
CGP006-ALLOC-2583,CGP005-NF-ES-CG-13-0009,CGSRC-GOV-0011,ES-CG-13,ES-CG-13,CGP005_GUIDE_NORMATIVE_FREEZE_ROW,1,IN_APPROVED_CGP005_NORMATIVE_SOURCE_FREEZE,CONTROLLING_AUTHORITY_WITHIN_GUIDE_FREEZE_SCOPE
CGP006-ALLOC-2584,CGP005-NF-ES-CG-13-0010,CGSRC-GOV-0012,ES-CG-13,ES-CG-13,CGP005_GUIDE_NORMATIVE_FREEZE_ROW,1,IN_APPROVED_CGP005_NORMATIVE_SOURCE_FREEZE,CONTROLLING_AUTHORITY_WITHIN_GUIDE_FREEZE_SCOPE
CGP006-ALLOC-2585,CGP005-NF-ES-CG-13-0011,CGSRC-GOV-0013,ES-CG-13,ES-CG-13,CGP005_GUIDE_NORMATIVE_FREEZE_ROW,1,IN_APPROVED_CGP005_NORMATIVE_SOURCE_FREEZE,SUPPORTING_AUTHORITY_OR_INTERPRETIVE_SOURCE_WITHIN_GUIDE_FREEZE_SCOPE
CGP006-ALLOC-2586,CGP005-NF-ES-CG-13-0012,CGSRC-GOV-0014,ES-CG-13,ES-CG-13,CGP005_GUIDE_NORMATIVE_FREEZE_ROW,1,IN_APPROVED_CGP005_NORMATIVE_SOURCE_FREEZE,CONTROLLING_AUTHORITY_WITHIN_GUIDE_FREEZE_SCOPE
CGP006-ALLOC-2587,CGP005-NF-ES-CG-13-0013,CGSRC-GOV-0016,ES-CG-13,ES-CG-13,CGP005_GUIDE_NORMATIVE_FREEZE_ROW,1,IN_APPROVED_CGP005_NORMATIVE_SOURCE_FREEZE,SUPPORTING_AUTHORITY_OR_INTERPRETIVE_SOURCE_WITHIN_GUIDE_FREEZE_SCOPE
CGP006-ALLOC-2588,CGP005-NF-ES-CG-13-0014,CGSRC-GOV-0017,ES-CG-13,ES-CG-13,CGP005_GUIDE_NORMATIVE_FREEZE_ROW,1,IN_APPROVED_CGP005_NORMATIVE_SOURCE_FREEZE,SUPPORTING_AUTHORITY_OR_INTERPRETIVE_SOURCE_WITHIN_GUIDE_FREEZE_SCOPE
CGP006-ALLOC-2589,CGP005-NF-ES-CG-13-0015,CGSRC-GOV-0018,ES-CG-13,ES-CG-13,CGP005_GUIDE_NORMATIVE_FREEZE_ROW,1,IN_APPROVED_CGP005_NORMATIVE_SOURCE_FREEZE,CONTROLLING_AUTHORITY_WITHIN_GUIDE_FREEZE_SCOPE
CGP006-ALLOC-2590,CGP005-NF-ES-CG-13-0016,CGSRC-GOV-0134,ES-CG-13,ES-CG-13,CGP005_GUIDE_NORMATIVE_FREEZE_ROW,1,IN_APPROVED_CGP005_NORMATIVE_SOURCE_FREEZE,SUPPORTING_AUTHORITY_OR_INTERPRETIVE_SOURCE_WITHIN_GUIDE_FREEZE_SCOPE
CGP006-ALLOC-2591,CGP005-NF-ES-CG-13-0017,CGSRC-GOV-0140,ES-CG-13,ES-CG-13,CGP005_GUIDE_NORMATIVE_FREEZE_ROW,1,IN_APPROVED_CGP005_NORMATIVE_SOURCE_FREEZE,SUPPORTING_AUTHORITY_OR_INTERPRETIVE_SOURCE_WITHIN_GUIDE_FREEZE_SCOPE
CGP006-ALLOC-2592,CGP005-NF-ES-CG-13-0018,CGSRC-GOV-0141,ES-CG-13,ES-CG-13,CGP005_GUIDE_NORMATIVE_FREEZE_ROW,1,IN_APPROVED_CGP005_NORMATIVE_SOURCE_FREEZE,SUPPORTING_AUTHORITY_OR_INTERPRETIVE_SOURCE_WITHIN_GUIDE_FREEZE_SCOPE
CGP006-ALLOC-2593,CGP005-NF-ES-CG-13-0019,CGSRC-GOV-0152,ES-CG-13,ES-CG-13,CGP005_GUIDE_NORMATIVE_FREEZE_ROW,1,IN_APPROVED_CGP005_NORMATIVE_SOURCE_FREEZE,CONTROLLING_AUTHORITY_WITHIN_GUIDE_FREEZE_SCOPE
CGP006-ALLOC-2594,CGP005-NF-ES-CG-13-0020,CGSRC-GOV-0153,ES-CG-13,ES-CG-13,CGP005_GUIDE_NORMATIVE_FREEZE_ROW,1,IN_APPROVED_CGP005_NORMATIVE_SOURCE_FREEZE,CONTROLLING_AUTHORITY_WITHIN_GUIDE_FREEZE_SCOPE
CGP006-ALLOC-2595,CGP005-NF-ES-CG-13-0021,CGSRC-PIA-0010,ES-CG-13,ES-CG-13,CGP005_GUIDE_NORMATIVE_FREEZE_ROW,1,IN_APPROVED_CGP005_NORMATIVE_SOURCE_FREEZE,CONTROLLING_AUTHORITY_WITHIN_GUIDE_FREEZE_SCOPE
CGP006-ALLOC-2596,CGP005-NF-ES-CG-13-0022,CGSRC-HIST-0038,ES-CG-13,ES-CG-13,CGP005_GUIDE_NORMATIVE_FREEZE_ROW,1,IN_APPROVED_CGP005_NORMATIVE_SOURCE_FREEZE,RETAINED_HISTORICAL_EVIDENCE_WITHIN_GUIDE_FREEZE_SCOPE
CGP006-ALLOC-2597,CGP005-NF-ES-CG-13-0023,CGSRC-ATLAS-0006,ES-CG-13,ES-CG-13,CGP005_GUIDE_NORMATIVE_FREEZE_ROW,1,IN_APPROVED_CGP005_NORMATIVE_SOURCE_FREEZE,CONTROLLING_AUTHORITY_WITHIN_GUIDE_FREEZE_SCOPE
CGP006-ALLOC-2598,CGP005-NF-ES-CG-13-0024,CGSRC-ATLAS-0017,ES-CG-13,ES-CG-13,CGP005_GUIDE_NORMATIVE_FREEZE_ROW,1,IN_APPROVED_CGP005_NORMATIVE_SOURCE_FREEZE,CONTROLLING_AUTHORITY_WITHIN_GUIDE_FREEZE_SCOPE
CGP006-ALLOC-2599,CGP005-NF-ES-CG-13-0025,CGSRC-ATLAS-0018,ES-CG-13,ES-CG-13,CGP005_GUIDE_NORMATIVE_FREEZE_ROW,1,IN_APPROVED_CGP005_NORMATIVE_SOURCE_FREEZE,CONTROLLING_AUTHORITY_WITHIN_GUIDE_FREEZE_SCOPE
CGP006-ALLOC-2600,CGP005-NF-ES-CG-13-0026,CGSRC-ATLAS-0019,ES-CG-13,ES-CG-13,CGP005_GUIDE_NORMATIVE_FREEZE_ROW,1,IN_APPROVED_CGP005_NORMATIVE_SOURCE_FREEZE,CONTROLLING_AUTHORITY_WITHIN_GUIDE_FREEZE_SCOPE
CGP006-ALLOC-2601,CGP005-NF-ES-CG-13-0027,CGSRC-ATLAS-0020,ES-CG-13,ES-CG-13,CGP005_GUIDE_NORMATIVE_FREEZE_ROW,1,IN_APPROVED_CGP005_NORMATIVE_SOURCE_FREEZE,CONTROLLING_AUTHORITY_WITHIN_GUIDE_FREEZE_SCOPE
CGP006-ALLOC-2602,CGP005-NF-ES-CG-13-0028,CGSRC-ATLAS-0021,ES-CG-13,ES-CG-13,CGP005_GUIDE_NORMATIVE_FREEZE_ROW,1,IN_APPROVED_CGP005_NORMATIVE_SOURCE_FREEZE,CONTROLLING_AUTHORITY_WITHIN_GUIDE_FREEZE_SCOPE
CGP006-ALLOC-2603,CGP005-NF-ES-CG-13-0029,CGSRC-ATLAS-0022,ES-CG-13,ES-CG-13,CGP005_GUIDE_NORMATIVE_FREEZE_ROW,1,IN_APPROVED_CGP005_NORMATIVE_SOURCE_FREEZE,SUPPORTING_AUTHORITY_OR_INTERPRETIVE_SOURCE_WITHIN_GUIDE_FREEZE_SCOPE
CGP006-ALLOC-2604,CGP005-NF-ES-CG-13-0030,CGSRC-ATLAS-0023,ES-CG-13,ES-CG-13,CGP005_GUIDE_NORMATIVE_FREEZE_ROW,1,IN_APPROVED_CGP005_NORMATIVE_SOURCE_FREEZE,SUPPORTING_AUTHORITY_OR_INTERPRETIVE_SOURCE_WITHIN_GUIDE_FREEZE_SCOPE
CGP006-ALLOC-2605,CGP005-NF-ES-CG-13-0031,CGSRC-CGP005-0001,ES-CG-13,ES-CG-13,CGP005_GUIDE_NORMATIVE_FREEZE_ROW,1,IN_APPROVED_CGP005_NORMATIVE_SOURCE_FREEZE,IMPLEMENTATION_EVIDENCE_ONLY_NOT_PRODUCT_AUTHORITY
CGP006-ALLOC-2606,CGP005-NF-ES-CG-13-0032,CGSRC-CGP005-0002,ES-CG-13,ES-CG-13,CGP005_GUIDE_NORMATIVE_FREEZE_ROW,1,IN_APPROVED_CGP005_NORMATIVE_SOURCE_FREEZE,IMPLEMENTATION_EVIDENCE_ONLY_NOT_PRODUCT_AUTHORITY
CGP006-ALLOC-2607,CGP005-NF-ES-CG-13-0033,CGSRC-CGP005-0003,ES-CG-13,ES-CG-13,CGP005_GUIDE_NORMATIVE_FREEZE_ROW,1,IN_APPROVED_CGP005_NORMATIVE_SOURCE_FREEZE,IMPLEMENTATION_EVIDENCE_ONLY_NOT_PRODUCT_AUTHORITY
CGP006-ALLOC-2608,CGP005-NF-ES-CG-13-0034,CGSRC-CGP005-0004,ES-CG-13,ES-CG-13,CGP005_GUIDE_NORMATIVE_FREEZE_ROW,1,IN_APPROVED_CGP005_NORMATIVE_SOURCE_FREEZE,IMPLEMENTATION_EVIDENCE_ONLY_NOT_PRODUCT_AUTHORITY
CGP006-ALLOC-2609,CGP005-NF-ES-CG-13-0035,CGSRC-CGP005-0005,ES-CG-13,ES-CG-13,CGP005_GUIDE_NORMATIVE_FREEZE_ROW,1,IN_APPROVED_CGP005_NORMATIVE_SOURCE_FREEZE,IMPLEMENTATION_EVIDENCE_ONLY_NOT_PRODUCT_AUTHORITY
CGP006-ALLOC-2610,CGP005-NF-ES-CG-13-0036,CGSRC-CGP005-0006,ES-CG-13,ES-CG-13,CGP005_GUIDE_NORMATIVE_FREEZE_ROW,1,IN_APPROVED_CGP005_NORMATIVE_SOURCE_FREEZE,IMPLEMENTATION_EVIDENCE_ONLY_NOT_PRODUCT_AUTHORITY
CGP006-ALLOC-2611,CGP005-NF-ES-CG-13-0037,CGSRC-CGP005-0007,ES-CG-13,ES-CG-13,CGP005_GUIDE_NORMATIVE_FREEZE_ROW,1,IN_APPROVED_CGP005_NORMATIVE_SOURCE_FREEZE,IMPLEMENTATION_EVIDENCE_ONLY_NOT_PRODUCT_AUTHORITY
CGP006-ALLOC-2612,CGP005-NF-ES-CG-13-0038,CGSRC-CGP005-0008,ES-CG-13,ES-CG-13,CGP005_GUIDE_NORMATIVE_FREEZE_ROW,1,IN_APPROVED_CGP005_NORMATIVE_SOURCE_FREEZE,IMPLEMENTATION_EVIDENCE_ONLY_NOT_PRODUCT_AUTHORITY
CGP006-ALLOC-2613,CGP005-NF-ES-CG-13-0039,CGSRC-CGP005-0009,ES-CG-13,ES-CG-13,CGP005_GUIDE_NORMATIVE_FREEZE_ROW,1,IN_APPROVED_CGP005_NORMATIVE_SOURCE_FREEZE,IMPLEMENTATION_EVIDENCE_ONLY_NOT_PRODUCT_AUTHORITY
CGP006-ALLOC-2614,CGP005-NF-ES-CG-13-0040,CGSRC-CGP005-0010,ES-CG-13,ES-CG-13,CGP005_GUIDE_NORMATIVE_FREEZE_ROW,1,IN_APPROVED_CGP005_NORMATIVE_SOURCE_FREEZE,IMPLEMENTATION_EVIDENCE_ONLY_NOT_PRODUCT_AUTHORITY
CGP006-ALLOC-2615,CGP005-NF-ES-CG-13-0041,CGSRC-CGP005-0011,ES-CG-13,ES-CG-13,CGP005_GUIDE_NORMATIVE_FREEZE_ROW,1,IN_APPROVED_CGP005_NORMATIVE_SOURCE_FREEZE,IMPLEMENTATION_EVIDENCE_ONLY_NOT_PRODUCT_AUTHORITY
CGP006-ALLOC-2616,CGP005-NF-ES-CG-13-0042,CGSRC-CGP005-0201,ES-CG-13,ES-CG-13,CGP005_GUIDE_NORMATIVE_FREEZE_ROW,1,IN_APPROVED_CGP005_NORMATIVE_SOURCE_FREEZE,IMPLEMENTATION_EVIDENCE_ONLY_NOT_PRODUCT_AUTHORITY
CGP006-ALLOC-2617,CGP005-NF-ES-CG-13-0043,CGSRC-CGP005-0205,ES-CG-13,ES-CG-13,CGP005_GUIDE_NORMATIVE_FREEZE_ROW,1,IN_APPROVED_CGP005_NORMATIVE_SOURCE_FREEZE,IMPLEMENTATION_EVIDENCE_ONLY_NOT_PRODUCT_AUTHORITY
CGP006-ALLOC-2618,CGP005-NF-ES-CG-13-0044,CGSRC-CGP005-0207,ES-CG-13,ES-CG-13,CGP005_GUIDE_NORMATIVE_FREEZE_ROW,1,IN_APPROVED_CGP005_NORMATIVE_SOURCE_FREEZE,IMPLEMENTATION_EVIDENCE_ONLY_NOT_PRODUCT_AUTHORITY
CGP006-ALLOC-2619,CGP005-NF-ES-CG-13-0045,CGSRC-CGP005-0209,ES-CG-13,ES-CG-13,CGP005_GUIDE_NORMATIVE_FREEZE_ROW,1,IN_APPROVED_CGP005_NORMATIVE_SOURCE_FREEZE,IMPLEMENTATION_EVIDENCE_ONLY_NOT_PRODUCT_AUTHORITY
CGP006-ALLOC-2620,CGP005-NF-ES-CG-10-0001,CGSRC-GOV-0007,ES-CG-10,ES-CG-10,CGP005_GUIDE_NORMATIVE_FREEZE_ROW,1,IN_APPROVED_CGP005_NORMATIVE_SOURCE_FREEZE,SUPPORTING_AUTHORITY_OR_INTERPRETIVE_SOURCE_WITHIN_GUIDE_FREEZE_SCOPE
CGP006-ALLOC-2621,CGP005-NF-ES-CG-10-0002,CGSRC-GOV-0008,ES-CG-10,ES-CG-10,CGP005_GUIDE_NORMATIVE_FREEZE_ROW,1,IN_APPROVED_CGP005_NORMATIVE_SOURCE_FREEZE,CONTROLLING_AUTHORITY_WITHIN_GUIDE_FREEZE_SCOPE
CGP006-ALLOC-2622,CGP005-NF-ES-CG-10-0003,CGSRC-GOV-0016,ES-CG-10,ES-CG-10,CGP005_GUIDE_NORMATIVE_FREEZE_ROW,1,IN_APPROVED_CGP005_NORMATIVE_SOURCE_FREEZE,SUPPORTING_AUTHORITY_OR_INTERPRETIVE_SOURCE_WITHIN_GUIDE_FREEZE_SCOPE
CGP006-ALLOC-2623,CGP005-NF-ES-CG-10-0004,CGSRC-GOV-0017,ES-CG-10,ES-CG-10,CGP005_GUIDE_NORMATIVE_FREEZE_ROW,1,IN_APPROVED_CGP005_NORMATIVE_SOURCE_FREEZE,SUPPORTING_AUTHORITY_OR_INTERPRETIVE_SOURCE_WITHIN_GUIDE_FREEZE_SCOPE
CGP006-ALLOC-2624,CGP005-NF-ES-CG-10-0005,CGSRC-GOV-0018,ES-CG-10,ES-CG-10,CGP005_GUIDE_NORMATIVE_FREEZE_ROW,1,IN_APPROVED_CGP005_NORMATIVE_SOURCE_FREEZE,CONTROLLING_AUTHORITY_WITHIN_GUIDE_FREEZE_SCOPE
CGP006-ALLOC-2625,CGP005-NF-ES-CG-10-0006,CGSRC-GOV-0140,ES-CG-10,ES-CG-10,CGP005_GUIDE_NORMATIVE_FREEZE_ROW,1,IN_APPROVED_CGP005_NORMATIVE_SOURCE_FREEZE,SUPPORTING_AUTHORITY_OR_INTERPRETIVE_SOURCE_WITHIN_GUIDE_FREEZE_SCOPE
CGP006-ALLOC-2626,CGP005-NF-ES-CG-10-0007,CGSRC-GOV-0141,ES-CG-10,ES-CG-10,CGP005_GUIDE_NORMATIVE_FREEZE_ROW,1,IN_APPROVED_CGP005_NORMATIVE_SOURCE_FREEZE,SUPPORTING_AUTHORITY_OR_INTERPRETIVE_SOURCE_WITHIN_GUIDE_FREEZE_SCOPE
CGP006-ALLOC-2627,CGP005-NF-ES-CG-10-0008,CGSRC-ATLAS-0006,ES-CG-10,ES-CG-10,CGP005_GUIDE_NORMATIVE_FREEZE_ROW,1,IN_APPROVED_CGP005_NORMATIVE_SOURCE_FREEZE,CONTROLLING_AUTHORITY_WITHIN_GUIDE_FREEZE_SCOPE
CGP006-ALLOC-2628,CGP005-NF-ES-CG-10-0009,CGSRC-ATLAS-0017,ES-CG-10,ES-CG-10,CGP005_GUIDE_NORMATIVE_FREEZE_ROW,1,IN_APPROVED_CGP005_NORMATIVE_SOURCE_FREEZE,CONTROLLING_AUTHORITY_WITHIN_GUIDE_FREEZE_SCOPE
CGP006-ALLOC-2629,CGP005-NF-ES-CG-10-0010,CGSRC-ATLAS-0018,ES-CG-10,ES-CG-10,CGP005_GUIDE_NORMATIVE_FREEZE_ROW,1,IN_APPROVED_CGP005_NORMATIVE_SOURCE_FREEZE,CONTROLLING_AUTHORITY_WITHIN_GUIDE_FREEZE_SCOPE
CGP006-ALLOC-2630,CGP005-NF-ES-CG-10-0011,CGSRC-ATLAS-0019,ES-CG-10,ES-CG-10,CGP005_GUIDE_NORMATIVE_FREEZE_ROW,1,IN_APPROVED_CGP005_NORMATIVE_SOURCE_FREEZE,CONTROLLING_AUTHORITY_WITHIN_GUIDE_FREEZE_SCOPE
CGP006-ALLOC-2631,CGP005-NF-ES-CG-10-0012,CGSRC-ATLAS-0020,ES-CG-10,ES-CG-10,CGP005_GUIDE_NORMATIVE_FREEZE_ROW,1,IN_APPROVED_CGP005_NORMATIVE_SOURCE_FREEZE,CONTROLLING_AUTHORITY_WITHIN_GUIDE_FREEZE_SCOPE
CGP006-ALLOC-2632,CGP005-NF-ES-CG-10-0013,CGSRC-ATLAS-0021,ES-CG-10,ES-CG-10,CGP005_GUIDE_NORMATIVE_FREEZE_ROW,1,IN_APPROVED_CGP005_NORMATIVE_SOURCE_FREEZE,CONTROLLING_AUTHORITY_WITHIN_GUIDE_FREEZE_SCOPE
CGP006-ALLOC-2633,CGP005-NF-ES-CG-10-0014,CGSRC-ATLAS-0022,ES-CG-10,ES-CG-10,CGP005_GUIDE_NORMATIVE_FREEZE_ROW,1,IN_APPROVED_CGP005_NORMATIVE_SOURCE_FREEZE,SUPPORTING_AUTHORITY_OR_INTERPRETIVE_SOURCE_WITHIN_GUIDE_FREEZE_SCOPE
CGP006-ALLOC-2634,CGP005-NF-ES-CG-10-0015,CGSRC-REPO-0006,ES-CG-10,ES-CG-10,CGP005_GUIDE_NORMATIVE_FREEZE_ROW,1,IN_APPROVED_CGP005_NORMATIVE_SOURCE_FREEZE,IMPLEMENTATION_EVIDENCE_ONLY_NOT_PRODUCT_AUTHORITY
CGP006-ALLOC-2635,CGP005-NF-ES-CG-10-0016,CGSRC-REPO-0007,ES-CG-10,ES-CG-10,CGP005_GUIDE_NORMATIVE_FREEZE_ROW,1,IN_APPROVED_CGP005_NORMATIVE_SOURCE_FREEZE,IMPLEMENTATION_EVIDENCE_ONLY_NOT_PRODUCT_AUTHORITY
CGP006-ALLOC-2636,CGP005-NF-ES-CG-10-0017,CGSRC-TEST-0001,ES-CG-10,ES-CG-10,CGP005_GUIDE_NORMATIVE_FREEZE_ROW,1,IN_APPROVED_CGP005_NORMATIVE_SOURCE_FREEZE,IMPLEMENTATION_EVIDENCE_ONLY_NOT_PRODUCT_AUTHORITY
CGP006-ALLOC-2637,CGP005-NF-ES-CG-10-0018,CGSRC-TEST-0002,ES-CG-10,ES-CG-10,CGP005_GUIDE_NORMATIVE_FREEZE_ROW,1,IN_APPROVED_CGP005_NORMATIVE_SOURCE_FREEZE,IMPLEMENTATION_EVIDENCE_ONLY_NOT_PRODUCT_AUTHORITY
CGP006-ALLOC-2638,CGP005-NF-ES-CG-10-0019,CGSRC-TEST-0004,ES-CG-10,ES-CG-10,CGP005_GUIDE_NORMATIVE_FREEZE_ROW,1,IN_APPROVED_CGP005_NORMATIVE_SOURCE_FREEZE,IMPLEMENTATION_EVIDENCE_ONLY_NOT_PRODUCT_AUTHORITY
CGP006-ALLOC-2639,CGP005-NF-ES-CG-10-0020,CGSRC-REPO-0629,ES-CG-10,ES-CG-10,CGP005_GUIDE_NORMATIVE_FREEZE_ROW,1,IN_APPROVED_CGP005_NORMATIVE_SOURCE_FREEZE,IMPLEMENTATION_EVIDENCE_ONLY_NOT_PRODUCT_AUTHORITY
CGP006-ALLOC-2640,CGP005-NF-ES-CG-10-0021,CGSRC-EXT-0002,ES-CG-10,ES-CG-10,CGP005_GUIDE_NORMATIVE_FREEZE_ROW,1,IN_APPROVED_CGP005_NORMATIVE_SOURCE_FREEZE,SUPPORTING_EXTERNAL_STANDARD_CONTEXT_ONLY
CGP006-ALLOC-2641,CGP005-NF-ES-CG-10-0022,CGSRC-CGP005-0007,ES-CG-10,ES-CG-10,CGP005_GUIDE_NORMATIVE_FREEZE_ROW,1,IN_APPROVED_CGP005_NORMATIVE_SOURCE_FREEZE,IMPLEMENTATION_EVIDENCE_ONLY_NOT_PRODUCT_AUTHORITY
CGP006-ALLOC-2642,CGP005-NF-ES-CG-10-0023,CGSRC-CGP005-0008,ES-CG-10,ES-CG-10,CGP005_GUIDE_NORMATIVE_FREEZE_ROW,1,IN_APPROVED_CGP005_NORMATIVE_SOURCE_FREEZE,IMPLEMENTATION_EVIDENCE_ONLY_NOT_PRODUCT_AUTHORITY
CGP006-ALLOC-2643,CGP005-NF-ES-CG-10-0024,CGSRC-CGP005-0009,ES-CG-10,ES-CG-10,CGP005_GUIDE_NORMATIVE_FREEZE_ROW,1,IN_APPROVED_CGP005_NORMATIVE_SOURCE_FREEZE,IMPLEMENTATION_EVIDENCE_ONLY_NOT_PRODUCT_AUTHORITY
CGP006-ALLOC-2644,CGP005-NF-ES-CG-10-0025,CGSRC-CGP005-0205,ES-CG-10,ES-CG-10,CGP005_GUIDE_NORMATIVE_FREEZE_ROW,1,IN_APPROVED_CGP005_NORMATIVE_SOURCE_FREEZE,IMPLEMENTATION_EVIDENCE_ONLY_NOT_PRODUCT_AUTHORITY
CGP006-ALLOC-2645,CGP005-NF-ES-CG-10-0026,CGSRC-CGP005-0206,ES-CG-10,ES-CG-10,CGP005_GUIDE_NORMATIVE_FREEZE_ROW,1,IN_APPROVED_CGP005_NORMATIVE_SOURCE_FREEZE,IMPLEMENTATION_EVIDENCE_ONLY_NOT_PRODUCT_AUTHORITY
CGP006-ALLOC-2646,CGP005-NF-ES-CG-10-0027,CGSRC-CGP005-0207,ES-CG-10,ES-CG-10,CGP005_GUIDE_NORMATIVE_FREEZE_ROW,1,IN_APPROVED_CGP005_NORMATIVE_SOURCE_FREEZE,IMPLEMENTATION_EVIDENCE_ONLY_NOT_PRODUCT_AUTHORITY
CGP006-ALLOC-2647,CGP005-NF-ES-CG-10-0028,CGSRC-CGP005-0208,ES-CG-10,ES-CG-10,CGP005_GUIDE_NORMATIVE_FREEZE_ROW,1,IN_APPROVED_CGP005_NORMATIVE_SOURCE_FREEZE,IMPLEMENTATION_EVIDENCE_ONLY_NOT_PRODUCT_AUTHORITY
CGP006-ALLOC-2648,CGP005-NF-ES-CG-10-0029,CGSRC-CGP005-0209,ES-CG-10,ES-CG-10,CGP005_GUIDE_NORMATIVE_FREEZE_ROW,1,IN_APPROVED_CGP005_NORMATIVE_SOURCE_FREEZE,IMPLEMENTATION_EVIDENCE_ONLY_NOT_PRODUCT_AUTHORITY
CGP006-ALLOC-2649,CGP005-NF-ES-CG-10-0030,CGSRC-CGP005-0210,ES-CG-10,ES-CG-10,CGP005_GUIDE_NORMATIVE_FREEZE_ROW,1,IN_APPROVED_CGP005_NORMATIVE_SOURCE_FREEZE,IMPLEMENTATION_EVIDENCE_ONLY_NOT_PRODUCT_AUTHORITY
CGP006-ALLOC-2650,CGP005-NF-ES-CG-10-0031,CGSRC-CGP005-0211,ES-CG-10,ES-CG-10,CGP005_GUIDE_NORMATIVE_FREEZE_ROW,1,IN_APPROVED_CGP005_NORMATIVE_SOURCE_FREEZE,IMPLEMENTATION_EVIDENCE_ONLY_NOT_PRODUCT_AUTHORITY
CGP006-ALLOC-2651,CGP006-CONTEXT-0001,CGP006-CONTEXT-0001,CROSS_GUIDE_CONTEXT,ES-CG-00;ES-CG-01;ES-CG-13;ES-CG-10,CGP006_INITIATION_CONTEXT,0,POST_CGP005_CONTEXT_NOT_IN_SOURCE_FREEZE,FOUNDER_APPROVED_CONTEXT_ONLY_NOT_DRAFTING_AUTHORITY
CGP006-ALLOC-2652,CGP006-CONTEXT-0002,CGP006-CONTEXT-0002,CROSS_GUIDE_CONTEXT,ES-CG-00;ES-CG-01;ES-CG-13;ES-CG-10,CGP006_INITIATION_CONTEXT,0,POST_CGP005_CONTEXT_NOT_IN_SOURCE_FREEZE,FOUNDER_APPROVED_CONTEXT_ONLY_NOT_DRAFTING_AUTHORITY
CGP006-ALLOC-2653,CGP006-CONTEXT-0003,CGP006-CONTEXT-0003,CROSS_GUIDE_CONTEXT,ES-CG-00;ES-CG-01;ES-CG-13;ES-CG-10,CGP006_INITIATION_CONTEXT,0,POST_CGP005_CONTEXT_NOT_IN_SOURCE_FREEZE,FOUNDER_APPROVED_CONTEXT_ONLY_NOT_DRAFTING_AUTHORITY
CGP006-ALLOC-2654,CGP006-CONTEXT-0004,CGP006-CONTEXT-0004,CROSS_GUIDE_CONTEXT,ES-CG-00;ES-CG-01;ES-CG-13;ES-CG-10,CGP006_INITIATION_CONTEXT,0,POST_CGP005_CONTEXT_NOT_IN_SOURCE_FREEZE,FOUNDER_APPROVED_CONTEXT_ONLY_NOT_DRAFTING_AUTHORITY
CGP006-ALLOC-2655,CGP006-CONTEXT-0005,CGP006-CONTEXT-0005,CROSS_GUIDE_CONTEXT,ES-CG-00;ES-CG-01;ES-CG-13;ES-CG-10,CGP006_INITIATION_CONTEXT,0,POST_CGP005_CONTEXT_NOT_IN_SOURCE_FREEZE,FOUNDER_APPROVED_CONTEXT_ONLY_NOT_DRAFTING_AUTHORITY
CGP006-ALLOC-2656,CGP006-CONTEXT-0006,CGP006-CONTEXT-0006,CROSS_GUIDE_CONTEXT,ES-CG-00;ES-CG-01;ES-CG-13;ES-CG-10,CGP006_INITIATION_CONTEXT,0,POST_CGP005_CONTEXT_NOT_IN_SOURCE_FREEZE,FOUNDER_APPROVED_CONTEXT_ONLY_NOT_DRAFTING_AUTHORITY
CGP006-ALLOC-2657,CGP006-CONTEXT-0007,CGP006-CONTEXT-0007,CROSS_GUIDE_CONTEXT,ES-CG-00;ES-CG-01;ES-CG-13;ES-CG-10,CGP006_INITIATION_CONTEXT,0,POST_CGP005_CONTEXT_NOT_IN_SOURCE_FREEZE,FOUNDER_APPROVED_CONTEXT_ONLY_NOT_DRAFTING_AUTHORITY
CGP006-ALLOC-2658,CGP006-CONTEXT-0008,CGP006-CONTEXT-0008,CROSS_GUIDE_CONTEXT,ES-CG-00;ES-CG-01;ES-CG-13;ES-CG-10,CGP006_INITIATION_CONTEXT,0,POST_CGP005_CONTEXT_NOT_IN_SOURCE_FREEZE,FOUNDER_APPROVED_CONTEXT_ONLY_NOT_DRAFTING_AUTHORITY
CGP006-ALLOC-2659,CGP006-CONTEXT-0009,CGP006-CONTEXT-0009,CROSS_GUIDE_CONTEXT,ES-CG-00;ES-CG-01;ES-CG-13;ES-CG-10,CGP006_INITIATION_CONTEXT,0,POST_CGP005_CONTEXT_NOT_IN_SOURCE_FREEZE,FOUNDER_APPROVED_CONTEXT_ONLY_NOT_DRAFTING_AUTHORITY
CGP006-ALLOC-2660,CGP006-CONTEXT-0010,CGP006-CONTEXT-0010,CROSS_GUIDE_CONTEXT,ES-CG-00;ES-CG-01;ES-CG-13;ES-CG-10,CGP006_INITIATION_CONTEXT,0,POST_CGP005_CONTEXT_NOT_IN_SOURCE_FREEZE,FOUNDER_APPROVED_CONTEXT_ONLY_NOT_DRAFTING_AUTHORITY
CGP006-ALLOC-2661,CGP006-CONTEXT-0011,CGP006-CONTEXT-0011,CROSS_GUIDE_CONTEXT,ES-CG-00;ES-CG-01;ES-CG-13;ES-CG-10,CGP006_INITIATION_CONTEXT,0,POST_CGP005_CONTEXT_NOT_IN_SOURCE_FREEZE,FOUNDER_APPROVED_CONTEXT_ONLY_NOT_DRAFTING_AUTHORITY
CGP006-ALLOC-2662,CGP006-CONTEXT-0012,CGP006-CONTEXT-0012,CROSS_GUIDE_CONTEXT,ES-CG-00;ES-CG-01;ES-CG-13;ES-CG-10,CGP006_INITIATION_CONTEXT,0,POST_CGP005_CONTEXT_NOT_IN_SOURCE_FREEZE,FOUNDER_APPROVED_CONTEXT_ONLY_NOT_DRAFTING_AUTHORITY
CGP006-ALLOC-2663,CGP006-CONTEXT-0013,CGP006-CONTEXT-0013,CROSS_GUIDE_CONTEXT,ES-CG-00;ES-CG-01;ES-CG-13;ES-CG-10,CGP006_INITIATION_CONTEXT,0,POST_CGP005_CONTEXT_NOT_IN_SOURCE_FREEZE,FOUNDER_APPROVED_CONTEXT_ONLY_NOT_DRAFTING_AUTHORITY
CGP006-ALLOC-2664,CGP006-CONTEXT-0014,CGP006-CONTEXT-0014,CROSS_GUIDE_CONTEXT,ES-CG-00;ES-CG-01;ES-CG-13;ES-CG-10,CGP006_INITIATION_CONTEXT,0,POST_CGP005_CONTEXT_NOT_IN_SOURCE_FREEZE,FOUNDER_APPROVED_CONTEXT_ONLY_NOT_DRAFTING_AUTHORITY
CGP006-ALLOC-2665,CGP006-CONTEXT-0015,CGP006-CONTEXT-0015,CROSS_GUIDE_CONTEXT,ES-CG-00;ES-CG-01;ES-CG-13;ES-CG-10,CGP006_INITIATION_CONTEXT,0,POST_CGP005_CONTEXT_NOT_IN_SOURCE_FREEZE,FOUNDER_APPROVED_CONTEXT_ONLY_NOT_DRAFTING_AUTHORITY
CGP006-ALLOC-2666,CGP006-CONTEXT-0016,CGP006-CONTEXT-0016,CROSS_GUIDE_CONTEXT,ES-CG-00;ES-CG-01;ES-CG-13;ES-CG-10,CGP006_INITIATION_CONTEXT,0,POST_CGP005_CONTEXT_NOT_IN_SOURCE_FREEZE,FOUNDER_APPROVED_CONTEXT_ONLY_NOT_DRAFTING_AUTHORITY
CGP006-ALLOC-2667,CGP006-CONTEXT-0017,CGP006-CONTEXT-0017,CROSS_GUIDE_CONTEXT,ES-CG-00;ES-CG-01;ES-CG-13;ES-CG-10,CGP006_INITIATION_CONTEXT,0,POST_CGP005_CONTEXT_NOT_IN_SOURCE_FREEZE,FOUNDER_APPROVED_CONTEXT_ONLY_NOT_DRAFTING_AUTHORITY
CGP006-ALLOC-2668,CGP006-CONTEXT-0018,CGP006-CONTEXT-0018,CROSS_GUIDE_CONTEXT,ES-CG-00;ES-CG-01;ES-CG-13;ES-CG-10,CGP006_INITIATION_CONTEXT,0,POST_CGP005_CONTEXT_NOT_IN_SOURCE_FREEZE,FOUNDER_APPROVED_CONTEXT_ONLY_NOT_DRAFTING_AUTHORITY
CGP006-ALLOC-2669,CGP006-CONTEXT-0019,CGP006-CONTEXT-0019,CROSS_GUIDE_CONTEXT,ES-CG-00;ES-CG-01;ES-CG-13;ES-CG-10,CGP006_INITIATION_CONTEXT,0,POST_CGP005_CONTEXT_NOT_IN_SOURCE_FREEZE,FOUNDER_APPROVED_CONTEXT_ONLY_NOT_DRAFTING_AUTHORITY
CGP006-ALLOC-2670,CGP006-CONTEXT-0020,CGP006-CONTEXT-0020,CROSS_GUIDE_CONTEXT,ES-CG-00;ES-CG-01;ES-CG-13;ES-CG-10,CGP006_INITIATION_CONTEXT,0,POST_CGP005_CONTEXT_NOT_IN_SOURCE_FREEZE,FOUNDER_APPROVED_CONTEXT_ONLY_NOT_DRAFTING_AUTHORITY
CGP006-ALLOC-2671,CGP006-CONTEXT-0021,CGP006-CONTEXT-0021,CROSS_GUIDE_CONTEXT,ES-CG-00;ES-CG-01;ES-CG-13;ES-CG-10,CGP006_INITIATION_CONTEXT,0,POST_CGP005_CONTEXT_NOT_IN_SOURCE_FREEZE,FOUNDER_APPROVED_CONTEXT_ONLY_NOT_DRAFTING_AUTHORITY
CGP006-ALLOC-2672,CGP006-CONTEXT-0022,CGP006-CONTEXT-0022,CROSS_GUIDE_CONTEXT,ES-CG-00;ES-CG-01;ES-CG-13;ES-CG-10,CGP006_INITIATION_CONTEXT,0,POST_CGP005_CONTEXT_NOT_IN_SOURCE_FREEZE,FOUNDER_APPROVED_CONTEXT_ONLY_NOT_DRAFTING_AUTHORITY
CGP006-ALLOC-2673,CGP006-CONTEXT-0023,CGP006-CONTEXT-0023,CROSS_GUIDE_CONTEXT,ES-CG-00;ES-CG-01;ES-CG-13;ES-CG-10,CGP006_INITIATION_CONTEXT,0,POST_CGP005_CONTEXT_NOT_IN_SOURCE_FREEZE,FOUNDER_APPROVED_CONTEXT_ONLY_NOT_DRAFTING_AUTHORITY
CGP006-ALLOC-2674,CGP006-CONTEXT-0024,CGP006-CONTEXT-0024,CROSS_GUIDE_CONTEXT,ES-CG-00;ES-CG-01;ES-CG-13;ES-CG-10,CGP006_INITIATION_CONTEXT,0,POST_CGP005_CONTEXT_NOT_IN_SOURCE_FREEZE,FOUNDER_APPROVED_CONTEXT_ONLY_NOT_DRAFTING_AUTHORITY
CGP006-ALLOC-2675,CGP006-CONTEXT-0025,CGP006-CONTEXT-0025,CROSS_GUIDE_CONTEXT,ES-CG-00;ES-CG-01;ES-CG-13;ES-CG-10,CGP006_INITIATION_CONTEXT,0,POST_CGP005_CONTEXT_NOT_IN_SOURCE_FREEZE,FOUNDER_APPROVED_CONTEXT_ONLY_NOT_DRAFTING_AUTHORITY
CGP006-ALLOC-2676,CGP006-CONTEXT-0026,CGP006-CONTEXT-0026,CROSS_GUIDE_CONTEXT,ES-CG-00;ES-CG-01;ES-CG-13;ES-CG-10,CGP006_INITIATION_CONTEXT,0,POST_CGP005_CONTEXT_NOT_IN_SOURCE_FREEZE,FOUNDER_APPROVED_CONTEXT_ONLY_NOT_DRAFTING_AUTHORITY
CGP006-ALLOC-2677,CGP006-CONTEXT-0027,CGP006-CONTEXT-0027,CROSS_GUIDE_CONTEXT,ES-CG-00;ES-CG-01;ES-CG-13;ES-CG-10,CGP006_INITIATION_CONTEXT,0,POST_CGP005_CONTEXT_NOT_IN_SOURCE_FREEZE,FOUNDER_APPROVED_CONTEXT_ONLY_NOT_DRAFTING_AUTHORITY
CGP006-ALLOC-2678,CGP006-CONTEXT-0028,CGP006-CONTEXT-0028,CROSS_GUIDE_CONTEXT,ES-CG-00;ES-CG-01;ES-CG-13;ES-CG-10,CGP006_INITIATION_CONTEXT,0,POST_CGP005_CONTEXT_NOT_IN_SOURCE_FREEZE,FOUNDER_APPROVED_CONTEXT_ONLY_NOT_DRAFTING_AUTHORITY
CGP006-ALLOC-2679,CGP006-CONTEXT-0029,CGP006-CONTEXT-0029,CROSS_GUIDE_CONTEXT,ES-CG-00;ES-CG-01;ES-CG-13;ES-CG-10,CGP006_INITIATION_CONTEXT,0,POST_CGP005_CONTEXT_NOT_IN_SOURCE_FREEZE,FOUNDER_APPROVED_CONTEXT_ONLY_NOT_DRAFTING_AUTHORITY
CGP006-ALLOC-2680,CGP006-CONTEXT-0030,CGP006-CONTEXT-0030,CROSS_GUIDE_CONTEXT,ES-CG-00;ES-CG-01;ES-CG-13;ES-CG-10,CGP006_INITIATION_CONTEXT,0,POST_CGP005_CONTEXT_NOT_IN_SOURCE_FREEZE,FOUNDER_APPROVED_CONTEXT_ONLY_NOT_DRAFTING_AUTHORITY
CGP006-ALLOC-2681,CGP006-CONTEXT-0031,CGP006-CONTEXT-0031,CROSS_GUIDE_CONTEXT,ES-CG-00;ES-CG-01;ES-CG-13;ES-CG-10,CGP006_INITIATION_CONTEXT,0,POST_CGP005_CONTEXT_NOT_IN_SOURCE_FREEZE,FOUNDER_APPROVED_CONTEXT_ONLY_NOT_DRAFTING_AUTHORITY
CGP006-ALLOC-2682,PR23-FOUNDER-CONTEXT-0001,PR23-FOUNDER-CONTEXT-0001,CROSS_GUIDE_CONTEXT,ES-CG-00;ES-CG-01;ES-CG-13;ES-CG-10,PR23_TECHNICAL_AUDIT_FOUNDER_CONTEXT,0,POST_CGP005_CONTEXT_NOT_IN_SOURCE_FREEZE,FOUNDER_APPROVED_TECHNICAL_AUDIT_CONTEXT_ONLY_NOT_CODE_GUIDE_AUTHORITY
CGP006-ALLOC-2683,PR23-FOUNDER-CONTEXT-0002,PR23-FOUNDER-CONTEXT-0002,CROSS_GUIDE_CONTEXT,ES-CG-00;ES-CG-01;ES-CG-13;ES-CG-10,PR23_TECHNICAL_AUDIT_FOUNDER_CONTEXT,0,POST_CGP005_CONTEXT_NOT_IN_SOURCE_FREEZE,FOUNDER_APPROVED_TECHNICAL_AUDIT_CONTEXT_ONLY_NOT_CODE_GUIDE_AUTHORITY
CGP006-ALLOC-2684,PR23-FOUNDER-CONTEXT-0003,PR23-FOUNDER-CONTEXT-0003,CROSS_GUIDE_CONTEXT,ES-CG-00;ES-CG-01;ES-CG-13;ES-CG-10,PR23_TECHNICAL_AUDIT_FOUNDER_CONTEXT,0,POST_CGP005_CONTEXT_NOT_IN_SOURCE_FREEZE,FOUNDER_APPROVED_TECHNICAL_AUDIT_CONTEXT_ONLY_NOT_CODE_GUIDE_AUTHORITY
CGP006-ALLOC-2685,PR23-FOUNDER-CONTEXT-0004,PR23-FOUNDER-CONTEXT-0004,CROSS_GUIDE_CONTEXT,ES-CG-00;ES-CG-01;ES-CG-13;ES-CG-10,PR23_TECHNICAL_AUDIT_FOUNDER_CONTEXT,0,POST_CGP005_CONTEXT_NOT_IN_SOURCE_FREEZE,FOUNDER_APPROVED_TECHNICAL_AUDIT_CONTEXT_ONLY_NOT_CODE_GUIDE_AUTHORITY
CGP006-ALLOC-2686,PR23-FOUNDER-CONTEXT-0005,PR23-FOUNDER-CONTEXT-0005,CROSS_GUIDE_CONTEXT,ES-CG-00;ES-CG-01;ES-CG-13;ES-CG-10,PR23_TECHNICAL_AUDIT_FOUNDER_CONTEXT,0,POST_CGP005_CONTEXT_NOT_IN_SOURCE_FREEZE,FOUNDER_APPROVED_TECHNICAL_AUDIT_CONTEXT_ONLY_NOT_CODE_GUIDE_AUTHORITY
CGP006-ALLOC-2687,PR23-FOUNDER-CONTEXT-0006,PR23-FOUNDER-CONTEXT-0006,CROSS_GUIDE_CONTEXT,ES-CG-00;ES-CG-01;ES-CG-13;ES-CG-10,PR23_TECHNICAL_AUDIT_FOUNDER_CONTEXT,0,POST_CGP005_CONTEXT_NOT_IN_SOURCE_FREEZE,FOUNDER_APPROVED_TECHNICAL_AUDIT_CONTEXT_ONLY_NOT_CODE_GUIDE_AUTHORITY
CGP006-ALLOC-2688,PR23-FOUNDER-CONTEXT-0007,PR23-FOUNDER-CONTEXT-0007,CROSS_GUIDE_CONTEXT,ES-CG-00;ES-CG-01;ES-CG-13;ES-CG-10,PR23_TECHNICAL_AUDIT_FOUNDER_CONTEXT,0,POST_CGP005_CONTEXT_NOT_IN_SOURCE_FREEZE,FOUNDER_APPROVED_TECHNICAL_AUDIT_CONTEXT_ONLY_NOT_CODE_GUIDE_AUTHORITY
CGP006-ALLOC-2689,PR23-FOUNDER-CONTEXT-0008,PR23-FOUNDER-CONTEXT-0008,CROSS_GUIDE_CONTEXT,ES-CG-00;ES-CG-01;ES-CG-13;ES-CG-10,PR23_TECHNICAL_AUDIT_FOUNDER_CONTEXT,0,POST_CGP005_CONTEXT_NOT_IN_SOURCE_FREEZE,FOUNDER_APPROVED_TECHNICAL_AUDIT_CONTEXT_ONLY_NOT_CODE_GUIDE_AUTHORITY
CGP006-ALLOC-2690,PR23-FOUNDER-CONTEXT-0009,PR23-FOUNDER-CONTEXT-0009,CROSS_GUIDE_CONTEXT,ES-CG-00;ES-CG-01;ES-CG-13;ES-CG-10,PR23_TECHNICAL_AUDIT_FOUNDER_CONTEXT,0,POST_CGP005_CONTEXT_NOT_IN_SOURCE_FREEZE,FOUNDER_APPROVED_TECHNICAL_AUDIT_CONTEXT_ONLY_NOT_CODE_GUIDE_AUTHORITY
CGP006-ALLOC-2691,PR23-FOUNDER-CONTEXT-0010,PR23-FOUNDER-CONTEXT-0010,CROSS_GUIDE_CONTEXT,ES-CG-00;ES-CG-01;ES-CG-13;ES-CG-10,PR23_TECHNICAL_AUDIT_FOUNDER_CONTEXT,0,POST_CGP005_CONTEXT_NOT_IN_SOURCE_FREEZE,FOUNDER_APPROVED_TECHNICAL_AUDIT_CONTEXT_ONLY_NOT_CODE_GUIDE_AUTHORITY
