requirement_id,requirement_statement,source_pia_id,source_document,source_document_sha256,source_location,founder_decision_ids,external_source_ids,external_source_resolution,external_source_hashes_known,actor,action,resource,workflow_ids,entity_or_field_ids,state_ids,permission_ids,interface_or_ui_ids,acceptance_criteria_ids,test_ids,evidence_ids,work_package_ids,dependency_ids,risk_ids,finding_ids,deviation_ids,release_classification,gate,mapping_method,mapping_status
OPC-REQ-001,The portal SHALL be horse-first and SHALL NOT require an individual owner to create an unnecessary Facility or Organization.,ES-PIA-OWNER-PORTAL-COMMUNICATIONS-V0.2.0,EquineSync_Item_10_Owner_Portal_Communications_PIA_V0_2_Strengthened_Draft.md,c68746f3eb2e1463fca17f81bebce416d420a2f2da7d8b6ba24d9987aff9c09a,Section 10 / OPC-REQ-001,OPC-FD-002,OPC-SRC-005;OPC-SRC-009;OPC-SRC-010,OPC-SRC-005:SOURCE_FAMILY_IDENTIFIED_FREEZE_PENDING;OPC-SRC-009:CROSS_PIA_CONTRACT_PENDING;OPC-SRC-010:CROSS_PIA_CONTRACT_PENDING,NONE_REGISTERED_FOR_REFERENCED_SET,EQUINESYNC_SYSTEM,DENY_OR_PREVENT_PROHIBITED_BEHAVIOR,PORTAL_PROJECTION,"OPC-WF-001,002,010,011","OPC-ENT-001,002",OPC-SM-001 to OPC-SM-008,"OPC-PERM-001,002,016","OPC-UI-001 to OPC-UI-003,015","OPC-AC-001 to OPC-AC-004,020,031","OPC-TEST-001 to OPC-TEST-007,032,033,048","OPC-EVID-001 to OPC-EVID-004,014,020","OPC-WP-001,002,012",OPC-DEP-001 to OPC-DEP-010,"OPC-RISK-001,006",OPC-FIND-P1-006,NONE,Initial,Design / verification,ROW_EXPANSION_FROM_V0_2_SECTIONS_10_28_29_30_33_36_37_40_WITH_PACKAGE_LOCAL_DEPENDENCY_IDS,COMPLETE_DOCUMENTARY_ROW_PENDING_FOUNDER_CLOSURE_DISPOSITION
OPC-REQ-002,"Every portal read or action SHALL evaluate identity, account, tenant, facility, horse, relationship, purpose, time, restriction, and permission at action time.",ES-PIA-OWNER-PORTAL-COMMUNICATIONS-V0.2.0,EquineSync_Item_10_Owner_Portal_Communications_PIA_V0_2_Strengthened_Draft.md,c68746f3eb2e1463fca17f81bebce416d420a2f2da7d8b6ba24d9987aff9c09a,Section 10 / OPC-REQ-002,OPC-FD-001;OPC-FD-003,OPC-SRC-006;OPC-SRC-007;OPC-SRC-008;OPC-SRC-009;OPC-SRC-010;OPC-SRC-016,OPC-SRC-006:CONTRACT_FREEZE_PENDING;OPC-SRC-007:CONTRACT_FREEZE_PENDING;OPC-SRC-008:SOURCE_FREEZE_PENDING;OPC-SRC-009:CROSS_PIA_CONTRACT_PENDING;OPC-SRC-010:CROSS_PIA_CONTRACT_PENDING;OPC-SRC-016:SOURCE_FREEZE_PENDING,NONE_REGISTERED_FOR_REFERENCED_SET,EQUINESYNC_SYSTEM,ENFORCE_NORMATIVE_REQUIREMENT,PORTAL_PROJECTION,"OPC-WF-001,002,010,011","OPC-ENT-001,002",OPC-SM-001 to OPC-SM-008,"OPC-PERM-001,002,016","OPC-UI-001 to OPC-UI-003,015","OPC-AC-001 to OPC-AC-004,020,031","OPC-TEST-001 to OPC-TEST-007,032,033,048","OPC-EVID-001 to OPC-EVID-004,014,020","OPC-WP-001,002,012",OPC-DEP-001 to OPC-DEP-010,"OPC-RISK-001,006",OPC-FIND-P1-006,NONE,Initial,Design / verification,ROW_EXPANSION_FROM_V0_2_SECTIONS_10_28_29_30_33_36_37_40_WITH_PACKAGE_LOCAL_DEPENDENCY_IDS,COMPLETE_DOCUMENTARY_ROW_PENDING_FOUNDER_CLOSURE_DISPOSITION
OPC-REQ-003,"A portal projection SHALL identify its authoritative source, version or as-of time, provenance, staleness, and applicable correction route.",ES-PIA-OWNER-PORTAL-COMMUNICATIONS-V0.2.0,EquineSync_Item_10_Owner_Portal_Communications_PIA_V0_2_Strengthened_Draft.md,c68746f3eb2e1463fca17f81bebce416d420a2f2da7d8b6ba24d9987aff9c09a,Section 10 / OPC-REQ-003,OPC-FD-004;OPC-FD-005,OPC-SRC-002;OPC-SRC-010;OPC-SRC-011;OPC-SRC-012;OPC-SRC-013;OPC-SRC-014;OPC-SRC-015;OPC-SRC-016,OPC-SRC-002:EXACT_HASH_REGISTERED;OPC-SRC-010:CROSS_PIA_CONTRACT_PENDING;OPC-SRC-011:CROSS_PIA_CONTRACT_PENDING;OPC-SRC-012:CROSS_PIA_CONTRACT_PENDING;OPC-SRC-013:CROSS_PIA_CONTRACT_PENDING;OPC-SRC-014:CROSS_PIA_CONTRACT_PENDING;OPC-SRC-015:SOURCE_FREEZE_PENDING;OPC-SRC-016:SOURCE_FREEZE_PENDING,c751a73331d89eb4dd5d5ff3b059c81bb1d99284102c6f39a008aeb84620bbbc,EQUINESYNC_SYSTEM,ENFORCE_NORMATIVE_REQUIREMENT,PORTAL_PROJECTION,"OPC-WF-001,002,010,011","OPC-ENT-001,002",OPC-SM-001 to OPC-SM-008,"OPC-PERM-001,002,016","OPC-UI-001 to OPC-UI-003,015","OPC-AC-001 to OPC-AC-004,020,031","OPC-TEST-001 to OPC-TEST-007,032,033,048","OPC-EVID-001 to OPC-EVID-004,014,020","OPC-WP-001,002,012",OPC-DEP-001 to OPC-DEP-010,"OPC-RISK-001,006",OPC-FIND-P1-006,NONE,Initial,Design / verification,ROW_EXPANSION_FROM_V0_2_SECTIONS_10_28_29_30_33_36_37_40_WITH_PACKAGE_LOCAL_DEPENDENCY_IDS,COMPLETE_DOCUMENTARY_ROW_PENDING_FOUNDER_CLOSURE_DISPOSITION
OPC-REQ-004,"The portal SHALL NOT silently mutate source-owned horse, care, medical, training, schedule, relationship, agreement, or financial records.",ES-PIA-OWNER-PORTAL-COMMUNICATIONS-V0.2.0,EquineSync_Item_10_Owner_Portal_Communications_PIA_V0_2_Strengthened_Draft.md,c68746f3eb2e1463fca17f81bebce416d420a2f2da7d8b6ba24d9987aff9c09a,Section 10 / OPC-REQ-004,OPC-FD-004,OPC-SRC-007;OPC-SRC-008;OPC-SRC-009;OPC-SRC-010;OPC-SRC-011;OPC-SRC-012;OPC-SRC-013;OPC-SRC-014;OPC-SRC-015;OPC-SRC-016,OPC-SRC-007:CONTRACT_FREEZE_PENDING;OPC-SRC-008:SOURCE_FREEZE_PENDING;OPC-SRC-009:CROSS_PIA_CONTRACT_PENDING;OPC-SRC-010:CROSS_PIA_CONTRACT_PENDING;OPC-SRC-011:CROSS_PIA_CONTRACT_PENDING;OPC-SRC-012:CROSS_PIA_CONTRACT_PENDING;OPC-SRC-013:CROSS_PIA_CONTRACT_PENDING;OPC-SRC-014:CROSS_PIA_CONTRACT_PENDING;OPC-SRC-015:SOURCE_FREEZE_PENDING;OPC-SRC-016:SOURCE_FREEZE_PENDING,NONE_REGISTERED_FOR_REFERENCED_SET,EQUINESYNC_SYSTEM,DENY_OR_PREVENT_PROHIBITED_BEHAVIOR,PORTAL_PROJECTION,"OPC-WF-001,002,010,011","OPC-ENT-001,002",OPC-SM-001 to OPC-SM-008,"OPC-PERM-001,002,016","OPC-UI-001 to OPC-UI-003,015","OPC-AC-001 to OPC-AC-004,020,031","OPC-TEST-001 to OPC-TEST-007,032,033,048","OPC-EVID-001 to OPC-EVID-004,014,020","OPC-WP-001,002,012",OPC-DEP-001 to OPC-DEP-010,"OPC-RISK-001,006",OPC-FIND-P1-006,NONE,Initial,Design / verification,ROW_EXPANSION_FROM_V0_2_SECTIONS_10_28_29_30_33_36_37_40_WITH_PACKAGE_LOCAL_DEPENDENCY_IDS,COMPLETE_DOCUMENTARY_ROW_PENDING_FOUNDER_CLOSURE_DISPOSITION
OPC-REQ-005,Consolidated multi-facility views SHALL preserve tenant and facility isolation and SHALL NOT pool private communications or records.,ES-PIA-OWNER-PORTAL-COMMUNICATIONS-V0.2.0,EquineSync_Item_10_Owner_Portal_Communications_PIA_V0_2_Strengthened_Draft.md,c68746f3eb2e1463fca17f81bebce416d420a2f2da7d8b6ba24d9987aff9c09a,Section 10 / OPC-REQ-005,OPC-FD-003,OPC-SRC-008;OPC-SRC-009;OPC-SRC-016,OPC-SRC-008:SOURCE_FREEZE_PENDING;OPC-SRC-009:CROSS_PIA_CONTRACT_PENDING;OPC-SRC-016:SOURCE_FREEZE_PENDING,NONE_REGISTERED_FOR_REFERENCED_SET,EQUINESYNC_SYSTEM,DENY_OR_PREVENT_PROHIBITED_BEHAVIOR,COMMUNICATION_RECORD,"OPC-WF-001,002,010,011","OPC-ENT-001,002",OPC-SM-001 to OPC-SM-008,"OPC-PERM-001,002,016","OPC-UI-001 to OPC-UI-003,015","OPC-AC-001 to OPC-AC-004,020,031","OPC-TEST-001 to OPC-TEST-007,032,033,048","OPC-EVID-001 to OPC-EVID-004,014,020","OPC-WP-001,002,012",OPC-DEP-001 to OPC-DEP-010,"OPC-RISK-001,006",OPC-FIND-P1-006,NONE,Initial,Design / verification,ROW_EXPANSION_FROM_V0_2_SECTIONS_10_28_29_30_33_36_37_40_WITH_PACKAGE_LOCAL_DEPENDENCY_IDS,COMPLETE_DOCUMENTARY_ROW_PENDING_FOUNDER_CLOSURE_DISPOSITION
OPC-REQ-006,"Account, invoice, payment, email, emergency-contact, invitation, device, or horse-name match SHALL NOT independently create ownership, guardianship, or portal authority.",ES-PIA-OWNER-PORTAL-COMMUNICATIONS-V0.2.0,EquineSync_Item_10_Owner_Portal_Communications_PIA_V0_2_Strengthened_Draft.md,c68746f3eb2e1463fca17f81bebce416d420a2f2da7d8b6ba24d9987aff9c09a,Section 10 / OPC-REQ-006,OPC-FD-001,OPC-SRC-006;OPC-SRC-007;OPC-SRC-008;OPC-SRC-009;OPC-SRC-010;OPC-SRC-014;OPC-SRC-016,OPC-SRC-006:CONTRACT_FREEZE_PENDING;OPC-SRC-007:CONTRACT_FREEZE_PENDING;OPC-SRC-008:SOURCE_FREEZE_PENDING;OPC-SRC-009:CROSS_PIA_CONTRACT_PENDING;OPC-SRC-010:CROSS_PIA_CONTRACT_PENDING;OPC-SRC-014:CROSS_PIA_CONTRACT_PENDING;OPC-SRC-016:SOURCE_FREEZE_PENDING,NONE_REGISTERED_FOR_REFERENCED_SET,EQUINESYNC_SYSTEM,DENY_OR_PREVENT_PROHIBITED_BEHAVIOR,PORTAL_PROJECTION,"OPC-WF-001,002,010,011","OPC-ENT-001,002",OPC-SM-001 to OPC-SM-008,"OPC-PERM-001,002,016","OPC-UI-001 to OPC-UI-003,015","OPC-AC-001 to OPC-AC-004,020,031","OPC-TEST-001 to OPC-TEST-007,032,033,048","OPC-EVID-001 to OPC-EVID-004,014,020","OPC-WP-001,002,012",OPC-DEP-001 to OPC-DEP-010,"OPC-RISK-001,006",OPC-FIND-P1-006,NONE,Initial,Design / verification,ROW_EXPANSION_FROM_V0_2_SECTIONS_10_28_29_30_33_36_37_40_WITH_PACKAGE_LOCAL_DEPENDENCY_IDS,COMPLETE_DOCUMENTARY_ROW_PENDING_FOUNDER_CLOSURE_DISPOSITION
OPC-REQ-007,The portal SHALL expose owner-visible categories only through explicit source-domain projection contracts and field-level permissions.,ES-PIA-OWNER-PORTAL-COMMUNICATIONS-V0.2.0,EquineSync_Item_10_Owner_Portal_Communications_PIA_V0_2_Strengthened_Draft.md,c68746f3eb2e1463fca17f81bebce416d420a2f2da7d8b6ba24d9987aff9c09a,Section 10 / OPC-REQ-007,OPC-FD-005,OPC-SRC-010;OPC-SRC-011;OPC-SRC-012;OPC-SRC-013;OPC-SRC-014;OPC-SRC-015;OPC-SRC-016;OPC-SRC-017,OPC-SRC-010:CROSS_PIA_CONTRACT_PENDING;OPC-SRC-011:CROSS_PIA_CONTRACT_PENDING;OPC-SRC-012:CROSS_PIA_CONTRACT_PENDING;OPC-SRC-013:CROSS_PIA_CONTRACT_PENDING;OPC-SRC-014:CROSS_PIA_CONTRACT_PENDING;OPC-SRC-015:SOURCE_FREEZE_PENDING;OPC-SRC-016:SOURCE_FREEZE_PENDING;OPC-SRC-017:SOURCE_FREEZE_PENDING,NONE_REGISTERED_FOR_REFERENCED_SET,EQUINESYNC_SYSTEM,PRESENT_TRUTHFUL_GOVERNED_INFORMATION,PORTAL_PROJECTION,"OPC-WF-001,002,010,011","OPC-ENT-001,002",OPC-SM-001 to OPC-SM-008,"OPC-PERM-001,002,016","OPC-UI-001 to OPC-UI-003,015","OPC-AC-001 to OPC-AC-004,020,031","OPC-TEST-001 to OPC-TEST-007,032,033,048","OPC-EVID-001 to OPC-EVID-004,014,020","OPC-WP-001,002,012",OPC-DEP-001 to OPC-DEP-010,"OPC-RISK-001,006",OPC-FIND-P1-006,NONE,Initial,Design / verification,ROW_EXPANSION_FROM_V0_2_SECTIONS_10_28_29_30_33_36_37_40_WITH_PACKAGE_LOCAL_DEPENDENCY_IDS,COMPLETE_DOCUMENTARY_ROW_PENDING_FOUNDER_CLOSURE_DISPOSITION
OPC-REQ-008,"Internal staff notes, safeguarding content, private employment data, internal disputes, unrelated facility operations, and other customers data SHALL remain excluded unless specifically authorized.",ES-PIA-OWNER-PORTAL-COMMUNICATIONS-V0.2.0,EquineSync_Item_10_Owner_Portal_Communications_PIA_V0_2_Strengthened_Draft.md,c68746f3eb2e1463fca17f81bebce416d420a2f2da7d8b6ba24d9987aff9c09a,Section 10 / OPC-REQ-008,OPC-FD-005,OPC-SRC-008;OPC-SRC-009;OPC-SRC-016,OPC-SRC-008:SOURCE_FREEZE_PENDING;OPC-SRC-009:CROSS_PIA_CONTRACT_PENDING;OPC-SRC-016:SOURCE_FREEZE_PENDING,NONE_REGISTERED_FOR_REFERENCED_SET,EQUINESYNC_SYSTEM,ENFORCE_NORMATIVE_REQUIREMENT,OWNER_PORTAL_AND_COMMUNICATIONS_CAPABILITY,"OPC-WF-001,002,010,011","OPC-ENT-001,002",OPC-SM-001 to OPC-SM-008,"OPC-PERM-001,002,016","OPC-UI-001 to OPC-UI-003,015","OPC-AC-001 to OPC-AC-004,020,031","OPC-TEST-001 to OPC-TEST-007,032,033,048","OPC-EVID-001 to OPC-EVID-004,014,020","OPC-WP-001,002,012",OPC-DEP-001 to OPC-DEP-010,"OPC-RISK-001,006",OPC-FIND-P1-006,NONE,Initial,Design / verification,ROW_EXPANSION_FROM_V0_2_SECTIONS_10_28_29_30_33_36_37_40_WITH_PACKAGE_LOCAL_DEPENDENCY_IDS,COMPLETE_DOCUMENTARY_ROW_PENDING_FOUNDER_CLOSURE_DISPOSITION
OPC-REQ-009,"Communications SHALL be classified using the approved taxonomy before routing, preference application, retention, escalation, and evidence rules are selected.",ES-PIA-OWNER-PORTAL-COMMUNICATIONS-V0.2.0,EquineSync_Item_10_Owner_Portal_Communications_PIA_V0_2_Strengthened_Draft.md,c68746f3eb2e1463fca17f81bebce416d420a2f2da7d8b6ba24d9987aff9c09a,Section 10 / OPC-REQ-009,OPC-FD-006,OPC-SRC-011;OPC-SRC-015;OPC-SRC-016,OPC-SRC-011:CROSS_PIA_CONTRACT_PENDING;OPC-SRC-015:SOURCE_FREEZE_PENDING;OPC-SRC-016:SOURCE_FREEZE_PENDING,NONE_REGISTERED_FOR_REFERENCED_SET,EQUINESYNC_SYSTEM,ENFORCE_NORMATIVE_REQUIREMENT,COMMUNICATION_RECORD,"OPC-WF-003,005 to 008","OPC-ENT-003 to OPC-ENT-011,013",OPC-SM-001 to OPC-SM-008,OPC-PERM-004 to OPC-PERM-007,OPC-UI-004 to OPC-UI-006,"OPC-AC-005 to OPC-AC-011,030,035","OPC-TEST-008 to OPC-TEST-017,051,052",OPC-EVID-005 to OPC-EVID-010,"OPC-WP-003,004,012","OPC-DEP-005,008 to OPC-DEP-010","OPC-RISK-002,003,011",OPC-FIND-P1-006,NONE,Initial,Implementation / operations,ROW_EXPANSION_FROM_V0_2_SECTIONS_10_28_29_30_33_36_37_40_WITH_PACKAGE_LOCAL_DEPENDENCY_IDS,COMPLETE_DOCUMENTARY_ROW_PENDING_FOUNDER_CLOSURE_DISPOSITION
OPC-REQ-010,"Ordinary message, owner update, announcement, actionable request, reminder, transaction confirmation, formal notice, emergency alert, safeguarding-restricted, billing, and security communications SHALL remain distinguishable.",ES-PIA-OWNER-PORTAL-COMMUNICATIONS-V0.2.0,EquineSync_Item_10_Owner_Portal_Communications_PIA_V0_2_Strengthened_Draft.md,c68746f3eb2e1463fca17f81bebce416d420a2f2da7d8b6ba24d9987aff9c09a,Section 10 / OPC-REQ-010,OPC-FD-006,OPC-SRC-015,OPC-SRC-015:SOURCE_FREEZE_PENDING,NONE_REGISTERED_FOR_REFERENCED_SET,EQUINESYNC_SYSTEM,ENFORCE_NORMATIVE_REQUIREMENT,COMMUNICATION_RECORD,"OPC-WF-003,005 to 008","OPC-ENT-003 to OPC-ENT-011,013",OPC-SM-001 to OPC-SM-008,OPC-PERM-004 to OPC-PERM-007,OPC-UI-004 to OPC-UI-006,"OPC-AC-005 to OPC-AC-011,030,035","OPC-TEST-008 to OPC-TEST-017,051,052",OPC-EVID-005 to OPC-EVID-010,"OPC-WP-003,004,012","OPC-DEP-005,008 to OPC-DEP-010","OPC-RISK-002,003,011",OPC-FIND-P1-006,NONE,Initial,Implementation / operations,ROW_EXPANSION_FROM_V0_2_SECTIONS_10_28_29_30_33_36_37_40_WITH_PACKAGE_LOCAL_DEPENDENCY_IDS,COMPLETE_DOCUMENTARY_ROW_PENDING_FOUNDER_CLOSURE_DISPOSITION
OPC-REQ-011,"The initial channel plan SHALL support in-app, email, push, and optional SMS through replaceable adapters.",ES-PIA-OWNER-PORTAL-COMMUNICATIONS-V0.2.0,EquineSync_Item_10_Owner_Portal_Communications_PIA_V0_2_Strengthened_Draft.md,c68746f3eb2e1463fca17f81bebce416d420a2f2da7d8b6ba24d9987aff9c09a,Section 10 / OPC-REQ-011,OPC-FD-007,OPC-SRC-011;OPC-SRC-015;OPC-SRC-019,OPC-SRC-011:CROSS_PIA_CONTRACT_PENDING;OPC-SRC-015:SOURCE_FREEZE_PENDING;OPC-SRC-019:ARCHITECTURE_PACKAGE_PENDING,NONE_REGISTERED_FOR_REFERENCED_SET,EQUINESYNC_SYSTEM,PROVIDE_CONTROLLED_CAPABILITY,SUPPORT_SESSION,"OPC-WF-003,005 to 008","OPC-ENT-003 to OPC-ENT-011,013",OPC-SM-001 to OPC-SM-008,OPC-PERM-004 to OPC-PERM-007,OPC-UI-004 to OPC-UI-006,"OPC-AC-005 to OPC-AC-011,030,035","OPC-TEST-008 to OPC-TEST-017,051,052",OPC-EVID-005 to OPC-EVID-010,"OPC-WP-003,004,012","OPC-DEP-005,008 to OPC-DEP-010","OPC-RISK-002,003,011",OPC-FIND-P1-006,NONE,Initial,Implementation / operations,ROW_EXPANSION_FROM_V0_2_SECTIONS_10_28_29_30_33_36_37_40_WITH_PACKAGE_LOCAL_DEPENDENCY_IDS,COMPLETE_DOCUMENTARY_ROW_PENDING_FOUNDER_CLOSURE_DISPOSITION
OPC-REQ-012,"Generated, queued, provider-accepted, delivered where evidenced, failed, opened where lawful, acknowledged, and action-completed states SHALL NOT be conflated.",ES-PIA-OWNER-PORTAL-COMMUNICATIONS-V0.2.0,EquineSync_Item_10_Owner_Portal_Communications_PIA_V0_2_Strengthened_Draft.md,c68746f3eb2e1463fca17f81bebce416d420a2f2da7d8b6ba24d9987aff9c09a,Section 10 / OPC-REQ-012,OPC-FD-011,OPC-SRC-015;OPC-SRC-019,OPC-SRC-015:SOURCE_FREEZE_PENDING;OPC-SRC-019:ARCHITECTURE_PACKAGE_PENDING,NONE_REGISTERED_FOR_REFERENCED_SET,EQUINESYNC_SYSTEM,DENY_OR_PREVENT_PROHIBITED_BEHAVIOR,OWNER_PORTAL_AND_COMMUNICATIONS_CAPABILITY,"OPC-WF-003,005 to 008","OPC-ENT-003 to OPC-ENT-011,013",OPC-SM-001 to OPC-SM-008,OPC-PERM-004 to OPC-PERM-007,OPC-UI-004 to OPC-UI-006,"OPC-AC-005 to OPC-AC-011,030,035","OPC-TEST-008 to OPC-TEST-017,051,052",OPC-EVID-005 to OPC-EVID-010,"OPC-WP-003,004,012","OPC-DEP-005,008 to OPC-DEP-010","OPC-RISK-002,003,011",OPC-FIND-P1-006,NONE,Initial,Implementation / operations,ROW_EXPANSION_FROM_V0_2_SECTIONS_10_28_29_30_33_36_37_40_WITH_PACKAGE_LOCAL_DEPENDENCY_IDS,COMPLETE_DOCUMENTARY_ROW_PENDING_FOUNDER_CLOSURE_DISPOSITION
OPC-REQ-013,The system SHALL expose delivery uncertainty and channel failure without claiming success unsupported by provider or recipient evidence.,ES-PIA-OWNER-PORTAL-COMMUNICATIONS-V0.2.0,EquineSync_Item_10_Owner_Portal_Communications_PIA_V0_2_Strengthened_Draft.md,c68746f3eb2e1463fca17f81bebce416d420a2f2da7d8b6ba24d9987aff9c09a,Section 10 / OPC-REQ-013,OPC-FD-007;OPC-FD-011;OPC-FD-012,OPC-SRC-015;OPC-SRC-019;OPC-SRC-020,OPC-SRC-015:SOURCE_FREEZE_PENDING;OPC-SRC-019:ARCHITECTURE_PACKAGE_PENDING;OPC-SRC-020:OPERATIONS_PACKAGE_PENDING,NONE_REGISTERED_FOR_REFERENCED_SET,EQUINESYNC_SYSTEM,PRESENT_TRUTHFUL_GOVERNED_INFORMATION,SUPPORT_SESSION,"OPC-WF-003,005 to 008","OPC-ENT-003 to OPC-ENT-011,013",OPC-SM-001 to OPC-SM-008,OPC-PERM-004 to OPC-PERM-007,OPC-UI-004 to OPC-UI-006,"OPC-AC-005 to OPC-AC-011,030,035","OPC-TEST-008 to OPC-TEST-017,051,052",OPC-EVID-005 to OPC-EVID-010,"OPC-WP-003,004,012","OPC-DEP-005,008 to OPC-DEP-010","OPC-RISK-002,003,011",OPC-FIND-P1-006,NONE,Initial,Implementation / operations,ROW_EXPANSION_FROM_V0_2_SECTIONS_10_28_29_30_33_36_37_40_WITH_PACKAGE_LOCAL_DEPENDENCY_IDS,COMPLETE_DOCUMENTARY_ROW_PENDING_FOUNDER_CLOSURE_DISPOSITION
OPC-REQ-014,Retries SHALL use stable idempotency and deduplication controls so a provider or queue replay does not create misleading duplicate communications.,ES-PIA-OWNER-PORTAL-COMMUNICATIONS-V0.2.0,EquineSync_Item_10_Owner_Portal_Communications_PIA_V0_2_Strengthened_Draft.md,c68746f3eb2e1463fca17f81bebce416d420a2f2da7d8b6ba24d9987aff9c09a,Section 10 / OPC-REQ-014,OPC-FD-007;OPC-FD-011,OPC-SRC-015;OPC-SRC-019;OPC-SRC-020,OPC-SRC-015:SOURCE_FREEZE_PENDING;OPC-SRC-019:ARCHITECTURE_PACKAGE_PENDING;OPC-SRC-020:OPERATIONS_PACKAGE_PENDING,NONE_REGISTERED_FOR_REFERENCED_SET,EQUINESYNC_SYSTEM,ENFORCE_NORMATIVE_REQUIREMENT,COMMUNICATION_RECORD,"OPC-WF-003,005 to 008","OPC-ENT-003 to OPC-ENT-011,013",OPC-SM-001 to OPC-SM-008,OPC-PERM-004 to OPC-PERM-007,OPC-UI-004 to OPC-UI-006,"OPC-AC-005 to OPC-AC-011,030,035","OPC-TEST-008 to OPC-TEST-017,051,052",OPC-EVID-005 to OPC-EVID-010,"OPC-WP-003,004,012","OPC-DEP-005,008 to OPC-DEP-010","OPC-RISK-002,003,011",OPC-FIND-P1-006,NONE,Initial,Implementation / operations,ROW_EXPANSION_FROM_V0_2_SECTIONS_10_28_29_30_33_36_37_40_WITH_PACKAGE_LOCAL_DEPENDENCY_IDS,COMPLETE_DOCUMENTARY_ROW_PENDING_FOUNDER_CLOSURE_DISPOSITION
OPC-REQ-015,Mandatory communications SHALL override only the specific preference or quiet-hours rules authorized for their classification.,ES-PIA-OWNER-PORTAL-COMMUNICATIONS-V0.2.0,EquineSync_Item_10_Owner_Portal_Communications_PIA_V0_2_Strengthened_Draft.md,c68746f3eb2e1463fca17f81bebce416d420a2f2da7d8b6ba24d9987aff9c09a,Section 10 / OPC-REQ-015,OPC-FD-008;OPC-FD-018,OPC-SRC-011;OPC-SRC-015;OPC-SRC-016,OPC-SRC-011:CROSS_PIA_CONTRACT_PENDING;OPC-SRC-015:SOURCE_FREEZE_PENDING;OPC-SRC-016:SOURCE_FREEZE_PENDING,NONE_REGISTERED_FOR_REFERENCED_SET,EQUINESYNC_SYSTEM,ENFORCE_NORMATIVE_REQUIREMENT,COMMUNICATION_RECORD,"OPC-WF-003,005 to 008","OPC-ENT-003 to OPC-ENT-011,013",OPC-SM-001 to OPC-SM-008,OPC-PERM-004 to OPC-PERM-007,OPC-UI-004 to OPC-UI-006,"OPC-AC-005 to OPC-AC-011,030,035","OPC-TEST-008 to OPC-TEST-017,051,052",OPC-EVID-005 to OPC-EVID-010,"OPC-WP-003,004,012","OPC-DEP-005,008 to OPC-DEP-010","OPC-RISK-002,003,011",OPC-FIND-P1-006,NONE,Initial,Implementation / operations,ROW_EXPANSION_FROM_V0_2_SECTIONS_10_28_29_30_33_36_37_40_WITH_PACKAGE_LOCAL_DEPENDENCY_IDS,COMPLETE_DOCUMENTARY_ROW_PENDING_FOUNDER_CLOSURE_DISPOSITION
OPC-REQ-016,"Users SHALL be able to understand why a communication was sent, which channel was used, whether action is required, and how to challenge or obtain help.",ES-PIA-OWNER-PORTAL-COMMUNICATIONS-V0.2.0,EquineSync_Item_10_Owner_Portal_Communications_PIA_V0_2_Strengthened_Draft.md,c68746f3eb2e1463fca17f81bebce416d420a2f2da7d8b6ba24d9987aff9c09a,Section 10 / OPC-REQ-016,OPC-FD-006;OPC-FD-008;OPC-FD-011,OPC-SRC-005;OPC-SRC-015;OPC-SRC-016,OPC-SRC-005:SOURCE_FAMILY_IDENTIFIED_FREEZE_PENDING;OPC-SRC-015:SOURCE_FREEZE_PENDING;OPC-SRC-016:SOURCE_FREEZE_PENDING,NONE_REGISTERED_FOR_REFERENCED_SET,PORTAL_USER,ENFORCE_NORMATIVE_REQUIREMENT,COMMUNICATION_RECORD,"OPC-WF-003,005 to 008","OPC-ENT-003 to OPC-ENT-011,013",OPC-SM-001 to OPC-SM-008,OPC-PERM-004 to OPC-PERM-007,OPC-UI-004 to OPC-UI-006,"OPC-AC-005 to OPC-AC-011,030,035","OPC-TEST-008 to OPC-TEST-017,051,052",OPC-EVID-005 to OPC-EVID-010,"OPC-WP-003,004,012","OPC-DEP-005,008 to OPC-DEP-010","OPC-RISK-002,003,011",OPC-FIND-P1-006,NONE,Initial,Implementation / operations,ROW_EXPANSION_FROM_V0_2_SECTIONS_10_28_29_30_33_36_37_40_WITH_PACKAGE_LOCAL_DEPENDENCY_IDS,COMPLETE_DOCUMENTARY_ROW_PENDING_FOUNDER_CLOSURE_DISPOSITION
OPC-REQ-017,"The system SHALL support controlled owner-to-facility messaging, replies, service requests, clarification, document exchange, and escalation.",ES-PIA-OWNER-PORTAL-COMMUNICATIONS-V0.2.0,EquineSync_Item_10_Owner_Portal_Communications_PIA_V0_2_Strengthened_Draft.md,c68746f3eb2e1463fca17f81bebce416d420a2f2da7d8b6ba24d9987aff9c09a,Section 10 / OPC-REQ-017,OPC-FD-009;OPC-FD-021,OPC-SRC-015,OPC-SRC-015:SOURCE_FREEZE_PENDING,NONE_REGISTERED_FOR_REFERENCED_SET,EQUINESYNC_SYSTEM,PROVIDE_CONTROLLED_CAPABILITY,SUPPORT_SESSION,"OPC-WF-003,005 to 007",OPC-ENT-003 to OPC-ENT-011,OPC-SM-001 to OPC-SM-008,OPC-PERM-003 to OPC-PERM-006,"OPC-UI-004 to OPC-UI-006,011","OPC-AC-008 to OPC-AC-010,019","OPC-TEST-008 to OPC-TEST-017,031,061",OPC-EVID-006 to OPC-EVID-010,"OPC-WP-003 to OPC-WP-006,012","OPC-DEP-005,008 to OPC-DEP-010","OPC-RISK-002,003",OPC-FIND-P1-006,NONE,Initial,Verification / release,ROW_EXPANSION_FROM_V0_2_SECTIONS_10_28_29_30_33_36_37_40_WITH_PACKAGE_LOCAL_DEPENDENCY_IDS,COMPLETE_DOCUMENTARY_ROW_PENDING_FOUNDER_CLOSURE_DISPOSITION
OPC-REQ-018,"The initial product SHALL NOT provide public posting, anonymous messaging, unrestricted member discovery, or cross-facility owner messaging.",ES-PIA-OWNER-PORTAL-COMMUNICATIONS-V0.2.0,EquineSync_Item_10_Owner_Portal_Communications_PIA_V0_2_Strengthened_Draft.md,c68746f3eb2e1463fca17f81bebce416d420a2f2da7d8b6ba24d9987aff9c09a,Section 10 / OPC-REQ-018,OPC-FD-009;OPC-FD-024,OPC-SRC-004;OPC-SRC-016,OPC-SRC-004:ARTIFACT_ACCESSION_PENDING;OPC-SRC-016:SOURCE_FREEZE_PENDING,NONE_REGISTERED_FOR_REFERENCED_SET,EQUINESYNC_SYSTEM,DENY_OR_PREVENT_PROHIBITED_BEHAVIOR,OWNER_PORTAL_AND_COMMUNICATIONS_CAPABILITY,"OPC-WF-003,005 to 007",OPC-ENT-003 to OPC-ENT-011,OPC-SM-001 to OPC-SM-008,OPC-PERM-003 to OPC-PERM-006,"OPC-UI-004 to OPC-UI-006,011","OPC-AC-008 to OPC-AC-010,019","OPC-TEST-008 to OPC-TEST-017,031,061",OPC-EVID-006 to OPC-EVID-010,"OPC-WP-003 to OPC-WP-006,012","OPC-DEP-005,008 to OPC-DEP-010","OPC-RISK-002,003",OPC-FIND-P1-006,NONE,Initial,Verification / release,ROW_EXPANSION_FROM_V0_2_SECTIONS_10_28_29_30_33_36_37_40_WITH_PACKAGE_LOCAL_DEPENDENCY_IDS,COMPLETE_DOCUMENTARY_ROW_PENDING_FOUNDER_CLOSURE_DISPOSITION
OPC-REQ-019,A facility broadcast SHALL hide ordinary recipient contact information and SHALL NOT automatically make recipients visible to one another.,ES-PIA-OWNER-PORTAL-COMMUNICATIONS-V0.2.0,EquineSync_Item_10_Owner_Portal_Communications_PIA_V0_2_Strengthened_Draft.md,c68746f3eb2e1463fca17f81bebce416d420a2f2da7d8b6ba24d9987aff9c09a,Section 10 / OPC-REQ-019,OPC-FD-010,OPC-SRC-015;OPC-SRC-016,OPC-SRC-015:SOURCE_FREEZE_PENDING;OPC-SRC-016:SOURCE_FREEZE_PENDING,NONE_REGISTERED_FOR_REFERENCED_SET,FACILITY_ADMINISTRATOR,DENY_OR_PREVENT_PROHIBITED_BEHAVIOR,OWNER_PORTAL_AND_COMMUNICATIONS_CAPABILITY,"OPC-WF-003,005 to 007",OPC-ENT-003 to OPC-ENT-011,OPC-SM-001 to OPC-SM-008,OPC-PERM-003 to OPC-PERM-006,"OPC-UI-004 to OPC-UI-006,011","OPC-AC-008 to OPC-AC-010,019","OPC-TEST-008 to OPC-TEST-017,031,061",OPC-EVID-006 to OPC-EVID-010,"OPC-WP-003 to OPC-WP-006,012","OPC-DEP-005,008 to OPC-DEP-010","OPC-RISK-002,003",OPC-FIND-P1-006,NONE,Initial,Verification / release,ROW_EXPANSION_FROM_V0_2_SECTIONS_10_28_29_30_33_36_37_40_WITH_PACKAGE_LOCAL_DEPENDENCY_IDS,COMPLETE_DOCUMENTARY_ROW_PENDING_FOUNDER_CLOSURE_DISPOSITION
OPC-REQ-020,Audience evaluation SHALL use current governed relationships and SHALL preserve a versioned issue-time audience snapshot without becoming relationship truth.,ES-PIA-OWNER-PORTAL-COMMUNICATIONS-V0.2.0,EquineSync_Item_10_Owner_Portal_Communications_PIA_V0_2_Strengthened_Draft.md,c68746f3eb2e1463fca17f81bebce416d420a2f2da7d8b6ba24d9987aff9c09a,Section 10 / OPC-REQ-020,OPC-FD-010;OPC-FD-022,OPC-SRC-007;OPC-SRC-008;OPC-SRC-009;OPC-SRC-015;OPC-SRC-016,OPC-SRC-007:CONTRACT_FREEZE_PENDING;OPC-SRC-008:SOURCE_FREEZE_PENDING;OPC-SRC-009:CROSS_PIA_CONTRACT_PENDING;OPC-SRC-015:SOURCE_FREEZE_PENDING;OPC-SRC-016:SOURCE_FREEZE_PENDING,NONE_REGISTERED_FOR_REFERENCED_SET,EQUINESYNC_SYSTEM,PRESERVE_GOVERNED_STATE_AND_EVIDENCE,OWNER_PORTAL_AND_COMMUNICATIONS_CAPABILITY,"OPC-WF-003,005 to 007",OPC-ENT-003 to OPC-ENT-011,OPC-SM-001 to OPC-SM-008,OPC-PERM-003 to OPC-PERM-006,"OPC-UI-004 to OPC-UI-006,011","OPC-AC-008 to OPC-AC-010,019","OPC-TEST-008 to OPC-TEST-017,031,061",OPC-EVID-006 to OPC-EVID-010,"OPC-WP-003 to OPC-WP-006,012","OPC-DEP-005,008 to OPC-DEP-010","OPC-RISK-002,003",OPC-FIND-P1-006,NONE,Initial,Verification / release,ROW_EXPANSION_FROM_V0_2_SECTIONS_10_28_29_30_33_36_37_40_WITH_PACKAGE_LOCAL_DEPENDENCY_IDS,COMPLETE_DOCUMENTARY_ROW_PENDING_FOUNDER_CLOSURE_DISPOSITION
OPC-REQ-021,Critical notices SHALL use explicit acknowledgment or required action when receipt matters and SHALL NOT rely solely on inferred opens.,ES-PIA-OWNER-PORTAL-COMMUNICATIONS-V0.2.0,EquineSync_Item_10_Owner_Portal_Communications_PIA_V0_2_Strengthened_Draft.md,c68746f3eb2e1463fca17f81bebce416d420a2f2da7d8b6ba24d9987aff9c09a,Section 10 / OPC-REQ-021,OPC-FD-011,OPC-SRC-015;OPC-SRC-016,OPC-SRC-015:SOURCE_FREEZE_PENDING;OPC-SRC-016:SOURCE_FREEZE_PENDING,NONE_REGISTERED_FOR_REFERENCED_SET,EQUINESYNC_SYSTEM,DENY_OR_PREVENT_PROHIBITED_BEHAVIOR,FORMAL_NOTICE,"OPC-WF-003,005 to 007",OPC-ENT-003 to OPC-ENT-011,OPC-SM-001 to OPC-SM-008,OPC-PERM-003 to OPC-PERM-006,"OPC-UI-004 to OPC-UI-006,011","OPC-AC-008 to OPC-AC-010,019","OPC-TEST-008 to OPC-TEST-017,031,061",OPC-EVID-006 to OPC-EVID-010,"OPC-WP-003 to OPC-WP-006,012","OPC-DEP-005,008 to OPC-DEP-010","OPC-RISK-002,003",OPC-FIND-P1-006,NONE,Initial,Verification / release,ROW_EXPANSION_FROM_V0_2_SECTIONS_10_28_29_30_33_36_37_40_WITH_PACKAGE_LOCAL_DEPENDENCY_IDS,COMPLETE_DOCUMENTARY_ROW_PENDING_FOUNDER_CLOSURE_DISPOSITION
OPC-REQ-022,"Acknowledgment SHALL NOT be treated as consent, contractual assent, agreement acceptance, factual admission, task completion, or payment authorization.",ES-PIA-OWNER-PORTAL-COMMUNICATIONS-V0.2.0,EquineSync_Item_10_Owner_Portal_Communications_PIA_V0_2_Strengthened_Draft.md,c68746f3eb2e1463fca17f81bebce416d420a2f2da7d8b6ba24d9987aff9c09a,Section 10 / OPC-REQ-022,OPC-FD-011,OPC-SRC-016,OPC-SRC-016:SOURCE_FREEZE_PENDING,NONE_REGISTERED_FOR_REFERENCED_SET,EQUINESYNC_SYSTEM,DENY_OR_PREVENT_PROHIBITED_BEHAVIOR,OWNER_PORTAL_AND_COMMUNICATIONS_CAPABILITY,"OPC-WF-003,005 to 007",OPC-ENT-003 to OPC-ENT-011,OPC-SM-001 to OPC-SM-008,OPC-PERM-003 to OPC-PERM-006,"OPC-UI-004 to OPC-UI-006,011","OPC-AC-008 to OPC-AC-010,019","OPC-TEST-008 to OPC-TEST-017,031,061",OPC-EVID-006 to OPC-EVID-010,"OPC-WP-003 to OPC-WP-006,012","OPC-DEP-005,008 to OPC-DEP-010","OPC-RISK-002,003",OPC-FIND-P1-006,NONE,Initial,Verification / release,ROW_EXPANSION_FROM_V0_2_SECTIONS_10_28_29_30_33_36_37_40_WITH_PACKAGE_LOCAL_DEPENDENCY_IDS,COMPLETE_DOCUMENTARY_ROW_PENDING_FOUNDER_CLOSURE_DISPOSITION
OPC-REQ-023,"Emergency alerts SHALL support authorized multi-channel routing, alternate contacts, visible escalation, delivery failures, and direct fallback instructions.",ES-PIA-OWNER-PORTAL-COMMUNICATIONS-V0.2.0,EquineSync_Item_10_Owner_Portal_Communications_PIA_V0_2_Strengthened_Draft.md,c68746f3eb2e1463fca17f81bebce416d420a2f2da7d8b6ba24d9987aff9c09a,Section 10 / OPC-REQ-023,OPC-FD-012,OPC-SRC-011;OPC-SRC-015;OPC-SRC-020,OPC-SRC-011:CROSS_PIA_CONTRACT_PENDING;OPC-SRC-015:SOURCE_FREEZE_PENDING;OPC-SRC-020:OPERATIONS_PACKAGE_PENDING,NONE_REGISTERED_FOR_REFERENCED_SET,EQUINESYNC_SYSTEM,PROVIDE_CONTROLLED_CAPABILITY,SUPPORT_SESSION,"OPC-WF-003,005 to 007",OPC-ENT-003 to OPC-ENT-011,OPC-SM-001 to OPC-SM-008,OPC-PERM-003 to OPC-PERM-006,"OPC-UI-004 to OPC-UI-006,011","OPC-AC-008 to OPC-AC-010,019","OPC-TEST-008 to OPC-TEST-017,031,061",OPC-EVID-006 to OPC-EVID-010,"OPC-WP-003 to OPC-WP-006,012","OPC-DEP-005,008 to OPC-DEP-010","OPC-RISK-002,003",OPC-FIND-P1-006,NONE,Initial,Verification / release,ROW_EXPANSION_FROM_V0_2_SECTIONS_10_28_29_30_33_36_37_40_WITH_PACKAGE_LOCAL_DEPENDENCY_IDS,COMPLETE_DOCUMENTARY_ROW_PENDING_FOUNDER_CLOSURE_DISPOSITION
OPC-REQ-024,"Emergency communications SHALL NOT promise dispatch, veterinary response, staff monitoring, or response time unless a separately approved and operationally supported service level applies.",ES-PIA-OWNER-PORTAL-COMMUNICATIONS-V0.2.0,EquineSync_Item_10_Owner_Portal_Communications_PIA_V0_2_Strengthened_Draft.md,c68746f3eb2e1463fca17f81bebce416d420a2f2da7d8b6ba24d9987aff9c09a,Section 10 / OPC-REQ-024,OPC-FD-012;OPC-FD-021,OPC-SRC-015;OPC-SRC-020,OPC-SRC-015:SOURCE_FREEZE_PENDING;OPC-SRC-020:OPERATIONS_PACKAGE_PENDING,NONE_REGISTERED_FOR_REFERENCED_SET,EQUINESYNC_SYSTEM,DENY_OR_PREVENT_PROHIBITED_BEHAVIOR,COMMUNICATION_RECORD,"OPC-WF-003,005 to 007",OPC-ENT-003 to OPC-ENT-011,OPC-SM-001 to OPC-SM-008,OPC-PERM-003 to OPC-PERM-006,"OPC-UI-004 to OPC-UI-006,011","OPC-AC-008 to OPC-AC-010,019","OPC-TEST-008 to OPC-TEST-017,031,061",OPC-EVID-006 to OPC-EVID-010,"OPC-WP-003 to OPC-WP-006,012","OPC-DEP-005,008 to OPC-DEP-010","OPC-RISK-002,003",OPC-FIND-P1-006,NONE,Initial,Verification / release,ROW_EXPANSION_FROM_V0_2_SECTIONS_10_28_29_30_33_36_37_40_WITH_PACKAGE_LOCAL_DEPENDENCY_IDS,COMPLETE_DOCUMENTARY_ROW_PENDING_FOUNDER_CLOSURE_DISPOSITION
OPC-REQ-025,"Minor communications SHALL apply the adopted age bands, guardian authority, consent, safeguarding controls, and protected communication routes.",ES-PIA-OWNER-PORTAL-COMMUNICATIONS-V0.2.0,EquineSync_Item_10_Owner_Portal_Communications_PIA_V0_2_Strengthened_Draft.md,c68746f3eb2e1463fca17f81bebce416d420a2f2da7d8b6ba24d9987aff9c09a,Section 10 / OPC-REQ-025,OPC-FD-013;OPC-FD-014,OPC-SRC-006;OPC-SRC-007;OPC-SRC-012;OPC-SRC-016,OPC-SRC-006:CONTRACT_FREEZE_PENDING;OPC-SRC-007:CONTRACT_FREEZE_PENDING;OPC-SRC-012:CROSS_PIA_CONTRACT_PENDING;OPC-SRC-016:SOURCE_FREEZE_PENDING,NONE_REGISTERED_FOR_REFERENCED_SET,EQUINESYNC_SYSTEM,APPLY_GOVERNED_CONTROL,COMMUNICATION_RECORD,"OPC-WF-006,010,011","OPC-ENT-004,008,010,018,019",OPC-SM-001 to OPC-SM-010,"OPC-PERM-001,005,012 to OPC-PERM-014",OPC-UI-016,"OPC-AC-012 to OPC-AC-014,020,044","OPC-TEST-018 to OPC-TEST-021,032,033,060","OPC-EVID-009,014,017,030","OPC-WP-008,012","OPC-DEP-001,003,006,008,010",OPC-RISK-004,OPC-FIND-P1-006,NONE,Initial,Safeguarding / verification,ROW_EXPANSION_FROM_V0_2_SECTIONS_10_28_29_30_33_36_37_40_WITH_PACKAGE_LOCAL_DEPENDENCY_IDS,COMPLETE_DOCUMENTARY_ROW_PENDING_FOUNDER_CLOSURE_DISPOSITION
OPC-REQ-026,The system SHALL prohibit disappearing messages and hidden adult-minor conversation paths designed to bypass guardians or safeguarding controls.,ES-PIA-OWNER-PORTAL-COMMUNICATIONS-V0.2.0,EquineSync_Item_10_Owner_Portal_Communications_PIA_V0_2_Strengthened_Draft.md,c68746f3eb2e1463fca17f81bebce416d420a2f2da7d8b6ba24d9987aff9c09a,Section 10 / OPC-REQ-026,OPC-FD-013,OPC-SRC-012;OPC-SRC-016,OPC-SRC-012:CROSS_PIA_CONTRACT_PENDING;OPC-SRC-016:SOURCE_FREEZE_PENDING,NONE_REGISTERED_FOR_REFERENCED_SET,EQUINESYNC_SYSTEM,DENY_OR_PREVENT_PROHIBITED_BEHAVIOR,COMMUNICATION_RECORD,"OPC-WF-006,010,011","OPC-ENT-004,008,010,018,019",OPC-SM-001 to OPC-SM-010,"OPC-PERM-001,005,012 to OPC-PERM-014",OPC-UI-016,"OPC-AC-012 to OPC-AC-014,020,044","OPC-TEST-018 to OPC-TEST-021,032,033,060","OPC-EVID-009,014,017,030","OPC-WP-008,012","OPC-DEP-001,003,006,008,010",OPC-RISK-004,OPC-FIND-P1-006,NONE,Initial,Safeguarding / verification,ROW_EXPANSION_FROM_V0_2_SECTIONS_10_28_29_30_33_36_37_40_WITH_PACKAGE_LOCAL_DEPENDENCY_IDS,COMPLETE_DOCUMENTARY_ROW_PENDING_FOUNDER_CLOSURE_DISPOSITION
OPC-REQ-027,Guardian visibility SHALL be purpose-specific and SHALL support protected handling where disclosure to a guardian may be unsafe or legally restricted.,ES-PIA-OWNER-PORTAL-COMMUNICATIONS-V0.2.0,EquineSync_Item_10_Owner_Portal_Communications_PIA_V0_2_Strengthened_Draft.md,c68746f3eb2e1463fca17f81bebce416d420a2f2da7d8b6ba24d9987aff9c09a,Section 10 / OPC-REQ-027,OPC-FD-014,OPC-SRC-012;OPC-SRC-016,OPC-SRC-012:CROSS_PIA_CONTRACT_PENDING;OPC-SRC-016:SOURCE_FREEZE_PENDING,NONE_REGISTERED_FOR_REFERENCED_SET,EQUINESYNC_SYSTEM,PROVIDE_CONTROLLED_CAPABILITY,SUPPORT_SESSION,"OPC-WF-006,010,011","OPC-ENT-004,008,010,018,019",OPC-SM-001 to OPC-SM-010,"OPC-PERM-001,005,012 to OPC-PERM-014",OPC-UI-016,"OPC-AC-012 to OPC-AC-014,020,044","OPC-TEST-018 to OPC-TEST-021,032,033,060","OPC-EVID-009,014,017,030","OPC-WP-008,012","OPC-DEP-001,003,006,008,010",OPC-RISK-004,OPC-FIND-P1-006,NONE,Initial,Safeguarding / verification,ROW_EXPANSION_FROM_V0_2_SECTIONS_10_28_29_30_33_36_37_40_WITH_PACKAGE_LOCAL_DEPENDENCY_IDS,COMPLETE_DOCUMENTARY_ROW_PENDING_FOUNDER_CLOSURE_DISPOSITION
OPC-REQ-028,A minor reaching a new age band or majority SHALL trigger controlled re-evaluation without erasing historical guardian or assent evidence.,ES-PIA-OWNER-PORTAL-COMMUNICATIONS-V0.2.0,EquineSync_Item_10_Owner_Portal_Communications_PIA_V0_2_Strengthened_Draft.md,c68746f3eb2e1463fca17f81bebce416d420a2f2da7d8b6ba24d9987aff9c09a,Section 10 / OPC-REQ-028,OPC-FD-013;OPC-FD-014,OPC-SRC-006;OPC-SRC-007;OPC-SRC-012;OPC-SRC-016,OPC-SRC-006:CONTRACT_FREEZE_PENDING;OPC-SRC-007:CONTRACT_FREEZE_PENDING;OPC-SRC-012:CROSS_PIA_CONTRACT_PENDING;OPC-SRC-016:SOURCE_FREEZE_PENDING,NONE_REGISTERED_FOR_REFERENCED_SET,EQUINESYNC_SYSTEM,ENFORCE_NORMATIVE_REQUIREMENT,PROTECTED_PARTICIPANT_COMMUNICATION,"OPC-WF-006,010,011","OPC-ENT-004,008,010,018,019",OPC-SM-001 to OPC-SM-010,"OPC-PERM-001,005,012 to OPC-PERM-014",OPC-UI-016,"OPC-AC-012 to OPC-AC-014,020,044","OPC-TEST-018 to OPC-TEST-021,032,033,060","OPC-EVID-009,014,017,030","OPC-WP-008,012","OPC-DEP-001,003,006,008,010",OPC-RISK-004,OPC-FIND-P1-006,NONE,Initial,Safeguarding / verification,ROW_EXPANSION_FROM_V0_2_SECTIONS_10_28_29_30_33_36_37_40_WITH_PACKAGE_LOCAL_DEPENDENCY_IDS,COMPLETE_DOCUMENTARY_ROW_PENDING_FOUNDER_CLOSURE_DISPOSITION
OPC-REQ-029,"Draft communications may be edited, but material sent communications SHALL preserve author, version, timestamps, corrections, and recipient-visible lineage as applicable.",ES-PIA-OWNER-PORTAL-COMMUNICATIONS-V0.2.0,EquineSync_Item_10_Owner_Portal_Communications_PIA_V0_2_Strengthened_Draft.md,c68746f3eb2e1463fca17f81bebce416d420a2f2da7d8b6ba24d9987aff9c09a,Section 10 / OPC-REQ-029,OPC-FD-015,OPC-SRC-015;OPC-SRC-016,OPC-SRC-015:SOURCE_FREEZE_PENDING;OPC-SRC-016:SOURCE_FREEZE_PENDING,NONE_REGISTERED_FOR_REFERENCED_SET,EQUINESYNC_SYSTEM,PRESERVE_GOVERNED_STATE_AND_EVIDENCE,COMMUNICATION_RECORD,"OPC-WF-006,010,011","OPC-ENT-004,008,010,018,019",OPC-SM-001 to OPC-SM-010,"OPC-PERM-001,005,012 to OPC-PERM-014",OPC-UI-016,"OPC-AC-012 to OPC-AC-014,020,044","OPC-TEST-018 to OPC-TEST-021,032,033,060","OPC-EVID-009,014,017,030","OPC-WP-008,012","OPC-DEP-001,003,006,008,010",OPC-RISK-004,OPC-FIND-P1-006,NONE,Initial,Safeguarding / verification,ROW_EXPANSION_FROM_V0_2_SECTIONS_10_28_29_30_33_36_37_40_WITH_PACKAGE_LOCAL_DEPENDENCY_IDS,COMPLETE_DOCUMENTARY_ROW_PENDING_FOUNDER_CLOSURE_DISPOSITION
OPC-REQ-030,"Formal notices, approvals, acknowledgments, emergency alerts, and consequential communications SHALL NOT be destructively overwritten.",ES-PIA-OWNER-PORTAL-COMMUNICATIONS-V0.2.0,EquineSync_Item_10_Owner_Portal_Communications_PIA_V0_2_Strengthened_Draft.md,c68746f3eb2e1463fca17f81bebce416d420a2f2da7d8b6ba24d9987aff9c09a,Section 10 / OPC-REQ-030,OPC-FD-015,OPC-SRC-015;OPC-SRC-016,OPC-SRC-015:SOURCE_FREEZE_PENDING;OPC-SRC-016:SOURCE_FREEZE_PENDING,NONE_REGISTERED_FOR_REFERENCED_SET,EQUINESYNC_SYSTEM,DENY_OR_PREVENT_PROHIBITED_BEHAVIOR,COMMUNICATION_RECORD,"OPC-WF-006,010,011","OPC-ENT-004,008,010,018,019",OPC-SM-001 to OPC-SM-010,"OPC-PERM-001,005,012 to OPC-PERM-014",OPC-UI-016,"OPC-AC-012 to OPC-AC-014,020,044","OPC-TEST-018 to OPC-TEST-021,032,033,060","OPC-EVID-009,014,017,030","OPC-WP-008,012","OPC-DEP-001,003,006,008,010",OPC-RISK-004,OPC-FIND-P1-006,NONE,Initial,Safeguarding / verification,ROW_EXPANSION_FROM_V0_2_SECTIONS_10_28_29_30_33_36_37_40_WITH_PACKAGE_LOCAL_DEPENDENCY_IDS,COMPLETE_DOCUMENTARY_ROW_PENDING_FOUNDER_CLOSURE_DISPOSITION
OPC-REQ-031,"User-facing removal SHALL NOT falsely represent external copies, downloaded files, evidence holds, recipient records, or retained legal records as erased.",ES-PIA-OWNER-PORTAL-COMMUNICATIONS-V0.2.0,EquineSync_Item_10_Owner_Portal_Communications_PIA_V0_2_Strengthened_Draft.md,c68746f3eb2e1463fca17f81bebce416d420a2f2da7d8b6ba24d9987aff9c09a,Section 10 / OPC-REQ-031,OPC-FD-015;OPC-FD-017,OPC-SRC-016;OPC-SRC-017,OPC-SRC-016:SOURCE_FREEZE_PENDING;OPC-SRC-017:SOURCE_FREEZE_PENDING,NONE_REGISTERED_FOR_REFERENCED_SET,EQUINESYNC_SYSTEM,DENY_OR_PREVENT_PROHIBITED_BEHAVIOR,OWNER_PORTAL_AND_COMMUNICATIONS_CAPABILITY,"OPC-WF-006,010,011","OPC-ENT-004,008,010,018,019",OPC-SM-001 to OPC-SM-010,"OPC-PERM-001,005,012 to OPC-PERM-014",OPC-UI-016,"OPC-AC-012 to OPC-AC-014,020,044","OPC-TEST-018 to OPC-TEST-021,032,033,060","OPC-EVID-009,014,017,030","OPC-WP-008,012","OPC-DEP-001,003,006,008,010",OPC-RISK-004,OPC-FIND-P1-006,NONE,Initial,Safeguarding / verification,ROW_EXPANSION_FROM_V0_2_SECTIONS_10_28_29_30_33_36_37_40_WITH_PACKAGE_LOCAL_DEPENDENCY_IDS,COMPLETE_DOCUMENTARY_ROW_PENDING_FOUNDER_CLOSURE_DISPOSITION
OPC-REQ-032,"Retention and disposition SHALL be selected by communication category, purpose, participant, claims, safeguarding, financial, privacy, and legal-hold rules.",ES-PIA-OWNER-PORTAL-COMMUNICATIONS-V0.2.0,EquineSync_Item_10_Owner_Portal_Communications_PIA_V0_2_Strengthened_Draft.md,c68746f3eb2e1463fca17f81bebce416d420a2f2da7d8b6ba24d9987aff9c09a,Section 10 / OPC-REQ-032,OPC-FD-016,OPC-SRC-016,OPC-SRC-016:SOURCE_FREEZE_PENDING,NONE_REGISTERED_FOR_REFERENCED_SET,EQUINESYNC_SYSTEM,ENFORCE_NORMATIVE_REQUIREMENT,COMMUNICATION_RECORD,"OPC-WF-006,010,011","OPC-ENT-004,008,010,018,019",OPC-SM-001 to OPC-SM-010,"OPC-PERM-001,005,012 to OPC-PERM-014",OPC-UI-016,"OPC-AC-012 to OPC-AC-014,020,044","OPC-TEST-018 to OPC-TEST-021,032,033,060","OPC-EVID-009,014,017,030","OPC-WP-008,012","OPC-DEP-001,003,006,008,010",OPC-RISK-004,OPC-FIND-P1-006,NONE,Initial,Safeguarding / verification,ROW_EXPANSION_FROM_V0_2_SECTIONS_10_28_29_30_33_36_37_40_WITH_PACKAGE_LOCAL_DEPENDENCY_IDS,COMPLETE_DOCUMENTARY_ROW_PENDING_FOUNDER_CLOSURE_DISPOSITION
OPC-REQ-033,"Attachments and media SHALL be validated for type, size, malware, sensitivity, metadata, consent, destination, and independent access permission.",ES-PIA-OWNER-PORTAL-COMMUNICATIONS-V0.2.0,EquineSync_Item_10_Owner_Portal_Communications_PIA_V0_2_Strengthened_Draft.md,c68746f3eb2e1463fca17f81bebce416d420a2f2da7d8b6ba24d9987aff9c09a,Section 10 / OPC-REQ-033,OPC-FD-017,OPC-SRC-016;OPC-SRC-017;OPC-SRC-019,OPC-SRC-016:SOURCE_FREEZE_PENDING;OPC-SRC-017:SOURCE_FREEZE_PENDING;OPC-SRC-019:ARCHITECTURE_PACKAGE_PENDING,NONE_REGISTERED_FOR_REFERENCED_SET,EQUINESYNC_SYSTEM,ENFORCE_NORMATIVE_REQUIREMENT,MEDIA_ASSET,"OPC-WF-008,009","OPC-ENT-013,020",OPC-SM-001 to OPC-SM-008,"OPC-PERM-007,008","OPC-UI-004,013,017,018","OPC-AC-010,015 to OPC-AC-017","OPC-TEST-013 to OPC-TEST-015,022 to OPC-TEST-027",OPC-EVID-010 to OPC-EVID-012,"OPC-WP-007,012","OPC-DEP-005,008 to OPC-DEP-010",OPC-RISK-008,OPC-FIND-P1-006,NONE,Initial,Verification,ROW_EXPANSION_FROM_V0_2_SECTIONS_10_28_29_30_33_36_37_40_WITH_PACKAGE_LOCAL_DEPENDENCY_IDS,COMPLETE_DOCUMENTARY_ROW_PENDING_FOUNDER_CLOSURE_DISPOSITION
OPC-REQ-034,Revoking an attachment link SHALL stop future authorized access where technically possible but SHALL NOT claim deletion of lawfully downloaded copies.,ES-PIA-OWNER-PORTAL-COMMUNICATIONS-V0.2.0,EquineSync_Item_10_Owner_Portal_Communications_PIA_V0_2_Strengthened_Draft.md,c68746f3eb2e1463fca17f81bebce416d420a2f2da7d8b6ba24d9987aff9c09a,Section 10 / OPC-REQ-034,OPC-FD-017,OPC-SRC-016;OPC-SRC-017,OPC-SRC-016:SOURCE_FREEZE_PENDING;OPC-SRC-017:SOURCE_FREEZE_PENDING,NONE_REGISTERED_FOR_REFERENCED_SET,EQUINESYNC_SYSTEM,DENY_OR_PREVENT_PROHIBITED_BEHAVIOR,MEDIA_ASSET,"OPC-WF-008,009","OPC-ENT-013,020",OPC-SM-001 to OPC-SM-008,"OPC-PERM-007,008","OPC-UI-004,013,017,018","OPC-AC-010,015 to OPC-AC-017","OPC-TEST-013 to OPC-TEST-015,022 to OPC-TEST-027",OPC-EVID-010 to OPC-EVID-012,"OPC-WP-007,012","OPC-DEP-005,008 to OPC-DEP-010",OPC-RISK-008,OPC-FIND-P1-006,NONE,Initial,Verification,ROW_EXPANSION_FROM_V0_2_SECTIONS_10_28_29_30_33_36_37_40_WITH_PACKAGE_LOCAL_DEPENDENCY_IDS,COMPLETE_DOCUMENTARY_ROW_PENDING_FOUNDER_CLOSURE_DISPOSITION
OPC-REQ-035,"Quiet hours SHALL defer eligible noncritical delivery and SHALL preserve visible classification, timing, and override evidence.",ES-PIA-OWNER-PORTAL-COMMUNICATIONS-V0.2.0,EquineSync_Item_10_Owner_Portal_Communications_PIA_V0_2_Strengthened_Draft.md,c68746f3eb2e1463fca17f81bebce416d420a2f2da7d8b6ba24d9987aff9c09a,Section 10 / OPC-REQ-035,OPC-FD-018,OPC-SRC-011;OPC-SRC-015,OPC-SRC-011:CROSS_PIA_CONTRACT_PENDING;OPC-SRC-015:SOURCE_FREEZE_PENDING,NONE_REGISTERED_FOR_REFERENCED_SET,EQUINESYNC_SYSTEM,PRESERVE_GOVERNED_STATE_AND_EVIDENCE,OWNER_PORTAL_AND_COMMUNICATIONS_CAPABILITY,"OPC-WF-008,009","OPC-ENT-013,020",OPC-SM-001 to OPC-SM-008,"OPC-PERM-007,008","OPC-UI-004,013,017,018","OPC-AC-010,015 to OPC-AC-017","OPC-TEST-013 to OPC-TEST-015,022 to OPC-TEST-027",OPC-EVID-010 to OPC-EVID-012,"OPC-WP-007,012","OPC-DEP-005,008 to OPC-DEP-010",OPC-RISK-008,OPC-FIND-P1-006,NONE,Initial,Verification,ROW_EXPANSION_FROM_V0_2_SECTIONS_10_28_29_30_33_36_37_40_WITH_PACKAGE_LOCAL_DEPENDENCY_IDS,COMPLETE_DOCUMENTARY_ROW_PENDING_FOUNDER_CLOSURE_DISPOSITION
OPC-REQ-036,Facilities SHALL NOT relabel routine content as emergency or mandatory solely to bypass user preferences.,ES-PIA-OWNER-PORTAL-COMMUNICATIONS-V0.2.0,EquineSync_Item_10_Owner_Portal_Communications_PIA_V0_2_Strengthened_Draft.md,c68746f3eb2e1463fca17f81bebce416d420a2f2da7d8b6ba24d9987aff9c09a,Section 10 / OPC-REQ-036,OPC-FD-008;OPC-FD-018,OPC-SRC-015;OPC-SRC-016,OPC-SRC-015:SOURCE_FREEZE_PENDING;OPC-SRC-016:SOURCE_FREEZE_PENDING,NONE_REGISTERED_FOR_REFERENCED_SET,FACILITY_ADMINISTRATOR,DENY_OR_PREVENT_PROHIBITED_BEHAVIOR,EMERGENCY_COMMUNICATION,"OPC-WF-008,009","OPC-ENT-013,020",OPC-SM-001 to OPC-SM-008,"OPC-PERM-007,008","OPC-UI-004,013,017,018","OPC-AC-010,015 to OPC-AC-017","OPC-TEST-013 to OPC-TEST-015,022 to OPC-TEST-027",OPC-EVID-010 to OPC-EVID-012,"OPC-WP-007,012","OPC-DEP-005,008 to OPC-DEP-010",OPC-RISK-008,OPC-FIND-P1-006,NONE,Initial,Verification,ROW_EXPANSION_FROM_V0_2_SECTIONS_10_28_29_30_33_36_37_40_WITH_PACKAGE_LOCAL_DEPENDENCY_IDS,COMPLETE_DOCUMENTARY_ROW_PENDING_FOUNDER_CLOSURE_DISPOSITION
OPC-REQ-037,"Machine-assisted translation SHALL preserve the original, label the translation, identify the controlling language, and expose uncertainty or review requirements.",ES-PIA-OWNER-PORTAL-COMMUNICATIONS-V0.2.0,EquineSync_Item_10_Owner_Portal_Communications_PIA_V0_2_Strengthened_Draft.md,c68746f3eb2e1463fca17f81bebce416d420a2f2da7d8b6ba24d9987aff9c09a,Section 10 / OPC-REQ-037,OPC-FD-019,OPC-SRC-015;OPC-SRC-016;OPC-SRC-018;OPC-SRC-019,OPC-SRC-015:SOURCE_FREEZE_PENDING;OPC-SRC-016:SOURCE_FREEZE_PENDING;OPC-SRC-018:FAMILY_AND_AUTHORITY_IDENTIFIED;OPC-SRC-019:ARCHITECTURE_PACKAGE_PENDING,NONE_REGISTERED_FOR_REFERENCED_SET,EQUINESYNC_SYSTEM,PRESERVE_GOVERNED_STATE_AND_EVIDENCE,TRANSLATED_CONTENT,"OPC-WF-008,009","OPC-ENT-013,020",OPC-SM-001 to OPC-SM-008,"OPC-PERM-007,008","OPC-UI-004,013,017,018","OPC-AC-010,015 to OPC-AC-017","OPC-TEST-013 to OPC-TEST-015,022 to OPC-TEST-027",OPC-EVID-010 to OPC-EVID-012,"OPC-WP-007,012","OPC-DEP-005,008 to OPC-DEP-010",OPC-RISK-008,OPC-FIND-P1-006,NONE,Initial,Verification,ROW_EXPANSION_FROM_V0_2_SECTIONS_10_28_29_30_33_36_37_40_WITH_PACKAGE_LOCAL_DEPENDENCY_IDS,COMPLETE_DOCUMENTARY_ROW_PENDING_FOUNDER_CLOSURE_DISPOSITION
OPC-REQ-038,"Consequential translations involving agreements, medical instructions, payment terms, emergencies, or safeguarding SHALL require heightened human review before reliance.",ES-PIA-OWNER-PORTAL-COMMUNICATIONS-V0.2.0,EquineSync_Item_10_Owner_Portal_Communications_PIA_V0_2_Strengthened_Draft.md,c68746f3eb2e1463fca17f81bebce416d420a2f2da7d8b6ba24d9987aff9c09a,Section 10 / OPC-REQ-038,OPC-FD-019,OPC-SRC-014;OPC-SRC-015;OPC-SRC-016;OPC-SRC-018,OPC-SRC-014:CROSS_PIA_CONTRACT_PENDING;OPC-SRC-015:SOURCE_FREEZE_PENDING;OPC-SRC-016:SOURCE_FREEZE_PENDING;OPC-SRC-018:FAMILY_AND_AUTHORITY_IDENTIFIED,NONE_REGISTERED_FOR_REFERENCED_SET,EQUINESYNC_SYSTEM,ENFORCE_PREREQUISITES,TRANSLATED_CONTENT,"OPC-WF-008,009","OPC-ENT-013,020",OPC-SM-001 to OPC-SM-008,"OPC-PERM-007,008","OPC-UI-004,013,017,018","OPC-AC-010,015 to OPC-AC-017","OPC-TEST-013 to OPC-TEST-015,022 to OPC-TEST-027",OPC-EVID-010 to OPC-EVID-012,"OPC-WP-007,012","OPC-DEP-005,008 to OPC-DEP-010",OPC-RISK-008,OPC-FIND-P1-006,NONE,Initial,Verification,ROW_EXPANSION_FROM_V0_2_SECTIONS_10_28_29_30_33_36_37_40_WITH_PACKAGE_LOCAL_DEPENDENCY_IDS,COMPLETE_DOCUMENTARY_ROW_PENDING_FOUNDER_CLOSURE_DISPOSITION
OPC-REQ-039,"Material portal and communication workflows SHALL support keyboard operation, assistive technology, readable contrast, plain language, non-color status cues, and accessible attachments.",ES-PIA-OWNER-PORTAL-COMMUNICATIONS-V0.2.0,EquineSync_Item_10_Owner_Portal_Communications_PIA_V0_2_Strengthened_Draft.md,c68746f3eb2e1463fca17f81bebce416d420a2f2da7d8b6ba24d9987aff9c09a,Section 10 / OPC-REQ-039,OPC-FD-019,OPC-SRC-002;OPC-SRC-005;OPC-SRC-016;OPC-SRC-017,OPC-SRC-002:EXACT_HASH_REGISTERED;OPC-SRC-005:SOURCE_FAMILY_IDENTIFIED_FREEZE_PENDING;OPC-SRC-016:SOURCE_FREEZE_PENDING;OPC-SRC-017:SOURCE_FREEZE_PENDING,c751a73331d89eb4dd5d5ff3b059c81bb1d99284102c6f39a008aeb84620bbbc,EQUINESYNC_SYSTEM,PROVIDE_CONTROLLED_CAPABILITY,COMMUNICATION_RECORD,"OPC-WF-008,009","OPC-ENT-013,020",OPC-SM-001 to OPC-SM-008,"OPC-PERM-007,008","OPC-UI-004,013,017,018","OPC-AC-010,015 to OPC-AC-017","OPC-TEST-013 to OPC-TEST-015,022 to OPC-TEST-027",OPC-EVID-010 to OPC-EVID-012,"OPC-WP-007,012","OPC-DEP-005,008 to OPC-DEP-010",OPC-RISK-008,OPC-FIND-P1-006,NONE,Initial,Verification,ROW_EXPANSION_FROM_V0_2_SECTIONS_10_28_29_30_33_36_37_40_WITH_PACKAGE_LOCAL_DEPENDENCY_IDS,COMPLETE_DOCUMENTARY_ROW_PENDING_FOUNDER_CLOSURE_DISPOSITION
OPC-REQ-040,"AI may assist with drafts, summaries, translation, categorization, and suggested replies only through approved registered use cases with source and uncertainty controls.",ES-PIA-OWNER-PORTAL-COMMUNICATIONS-V0.2.0,EquineSync_Item_10_Owner_Portal_Communications_PIA_V0_2_Strengthened_Draft.md,c68746f3eb2e1463fca17f81bebce416d420a2f2da7d8b6ba24d9987aff9c09a,Section 10 / OPC-REQ-040,OPC-FD-020,OPC-SRC-018,OPC-SRC-018:FAMILY_AND_AUTHORITY_IDENTIFIED,NONE_REGISTERED_FOR_REFERENCED_SET,AI_ASSISTANCE_SERVICE,ENFORCE_NORMATIVE_REQUIREMENT,AI_ASSISTED_COMMUNICATION,OPC-WF-017,OPC-ENT-022,OPC-SM-001 to OPC-SM-008,OPC-PERM-017,PIA Section 22,"OPC-AC-018,031","OPC-TEST-028 to OPC-TEST-030,050,065",OPC-EVID-013,"OPC-WP-003,012",OPC-DEP-008 to OPC-DEP-010,OPC-RISK-009,OPC-FIND-P1-006,NONE,Controlled optional,AI implementation gate,ROW_EXPANSION_FROM_V0_2_SECTIONS_10_28_29_30_33_36_37_40_WITH_PACKAGE_LOCAL_DEPENDENCY_IDS,COMPLETE_DOCUMENTARY_ROW_PENDING_FOUNDER_CLOSURE_DISPOSITION
OPC-REQ-041,"AI SHALL NOT autonomously send formal notices, emergency or medical instructions, dispute outcomes, disciplinary conclusions, financial adjustments, or protected minor communications.",ES-PIA-OWNER-PORTAL-COMMUNICATIONS-V0.2.0,EquineSync_Item_10_Owner_Portal_Communications_PIA_V0_2_Strengthened_Draft.md,c68746f3eb2e1463fca17f81bebce416d420a2f2da7d8b6ba24d9987aff9c09a,Section 10 / OPC-REQ-041,OPC-FD-020,OPC-SRC-012;OPC-SRC-014;OPC-SRC-015;OPC-SRC-016;OPC-SRC-018,OPC-SRC-012:CROSS_PIA_CONTRACT_PENDING;OPC-SRC-014:CROSS_PIA_CONTRACT_PENDING;OPC-SRC-015:SOURCE_FREEZE_PENDING;OPC-SRC-016:SOURCE_FREEZE_PENDING;OPC-SRC-018:FAMILY_AND_AUTHORITY_IDENTIFIED,NONE_REGISTERED_FOR_REFERENCED_SET,AI_ASSISTANCE_SERVICE,DENY_OR_PREVENT_PROHIBITED_BEHAVIOR,COMMUNICATION_RECORD,OPC-WF-017,OPC-ENT-022,OPC-SM-001 to OPC-SM-008,OPC-PERM-017,PIA Section 22,"OPC-AC-018,031","OPC-TEST-028 to OPC-TEST-030,050,065",OPC-EVID-013,"OPC-WP-003,012",OPC-DEP-008 to OPC-DEP-010,OPC-RISK-009,OPC-FIND-P1-006,NONE,Initial prohibition,AI implementation gate,ROW_EXPANSION_FROM_V0_2_SECTIONS_10_28_29_30_33_36_37_40_WITH_PACKAGE_LOCAL_DEPENDENCY_IDS,COMPLETE_DOCUMENTARY_ROW_PENDING_FOUNDER_CLOSURE_DISPOSITION
OPC-REQ-042,"A human author SHALL approve consequential AI-assisted communication, and the final sent record SHALL distinguish the approving actor from the AI assistance record.",ES-PIA-OWNER-PORTAL-COMMUNICATIONS-V0.2.0,EquineSync_Item_10_Owner_Portal_Communications_PIA_V0_2_Strengthened_Draft.md,c68746f3eb2e1463fca17f81bebce416d420a2f2da7d8b6ba24d9987aff9c09a,Section 10 / OPC-REQ-042,OPC-FD-020,OPC-SRC-015;OPC-SRC-016;OPC-SRC-018,OPC-SRC-015:SOURCE_FREEZE_PENDING;OPC-SRC-016:SOURCE_FREEZE_PENDING;OPC-SRC-018:FAMILY_AND_AUTHORITY_IDENTIFIED,NONE_REGISTERED_FOR_REFERENCED_SET,HUMAN_AUTHOR,ENFORCE_NORMATIVE_REQUIREMENT,COMMUNICATION_RECORD,OPC-WF-017,OPC-ENT-022,OPC-SM-001 to OPC-SM-008,OPC-PERM-017,PIA Section 22,"OPC-AC-018,031","OPC-TEST-028 to OPC-TEST-030,050,065",OPC-EVID-013,"OPC-WP-003,012",OPC-DEP-008 to OPC-DEP-010,OPC-RISK-009,OPC-FIND-P1-006,NONE,Controlled optional,AI implementation gate,ROW_EXPANSION_FROM_V0_2_SECTIONS_10_28_29_30_33_36_37_40_WITH_PACKAGE_LOCAL_DEPENDENCY_IDS,COMPLETE_DOCUMENTARY_ROW_PENDING_FOUNDER_CLOSURE_DISPOSITION
OPC-REQ-043,"AI and analytics SHALL NOT train across tenants on identifiable communication content or infer protected traits, legal guilt, medical condition, or relationship authority.",ES-PIA-OWNER-PORTAL-COMMUNICATIONS-V0.2.0,EquineSync_Item_10_Owner_Portal_Communications_PIA_V0_2_Strengthened_Draft.md,c68746f3eb2e1463fca17f81bebce416d420a2f2da7d8b6ba24d9987aff9c09a,Section 10 / OPC-REQ-043,OPC-FD-020,OPC-SRC-016;OPC-SRC-018,OPC-SRC-016:SOURCE_FREEZE_PENDING;OPC-SRC-018:FAMILY_AND_AUTHORITY_IDENTIFIED,NONE_REGISTERED_FOR_REFERENCED_SET,AI_ASSISTANCE_SERVICE,DENY_OR_PREVENT_PROHIBITED_BEHAVIOR,COMMUNICATION_RECORD,OPC-WF-017,OPC-ENT-022,OPC-SM-001 to OPC-SM-008,OPC-PERM-017,PIA Section 22,"OPC-AC-018,031","OPC-TEST-028 to OPC-TEST-030,050,065",OPC-EVID-013,"OPC-WP-003,012",OPC-DEP-008 to OPC-DEP-010,OPC-RISK-009,OPC-FIND-P1-006,NONE,Initial prohibition,AI implementation gate,ROW_EXPANSION_FROM_V0_2_SECTIONS_10_28_29_30_33_36_37_40_WITH_PACKAGE_LOCAL_DEPENDENCY_IDS,COMPLETE_DOCUMENTARY_ROW_PENDING_FOUNDER_CLOSURE_DISPOSITION
OPC-REQ-044,"Service requests SHALL display category, status, responsible domain, next action, correction route, and truthful response expectations.",ES-PIA-OWNER-PORTAL-COMMUNICATIONS-V0.2.0,EquineSync_Item_10_Owner_Portal_Communications_PIA_V0_2_Strengthened_Draft.md,c68746f3eb2e1463fca17f81bebce416d420a2f2da7d8b6ba24d9987aff9c09a,Section 10 / OPC-REQ-044,OPC-FD-021,OPC-SRC-005;OPC-SRC-013;OPC-SRC-014;OPC-SRC-015;OPC-SRC-016,OPC-SRC-005:SOURCE_FAMILY_IDENTIFIED_FREEZE_PENDING;OPC-SRC-013:CROSS_PIA_CONTRACT_PENDING;OPC-SRC-014:CROSS_PIA_CONTRACT_PENDING;OPC-SRC-015:SOURCE_FREEZE_PENDING;OPC-SRC-016:SOURCE_FREEZE_PENDING,NONE_REGISTERED_FOR_REFERENCED_SET,EQUINESYNC_SYSTEM,PRESENT_TRUTHFUL_GOVERNED_INFORMATION,SERVICE_REQUEST,"OPC-WF-004,010 to OPC-WF-012","OPC-ENT-012,021",OPC-SM-001 to OPC-SM-008,"OPC-PERM-003,015,016",OPC-UI-001 to OPC-UI-018,"OPC-AC-019 to OPC-AC-021,029,032","OPC-TEST-031 to OPC-TEST-035,047,049","OPC-EVID-014,015,021","OPC-WP-006,010,012",OPC-DEP-001 to OPC-DEP-010,"OPC-RISK-006,007",OPC-FIND-P1-006,NONE,Initial,Implementation / operations,ROW_EXPANSION_FROM_V0_2_SECTIONS_10_28_29_30_33_36_37_40_WITH_PACKAGE_LOCAL_DEPENDENCY_IDS,COMPLETE_DOCUMENTARY_ROW_PENDING_FOUNDER_CLOSURE_DISPOSITION
OPC-REQ-045,"Submitting or labeling a request urgent SHALL NOT create an unsupported guarantee of acceptance, completion, monitoring, or emergency response.",ES-PIA-OWNER-PORTAL-COMMUNICATIONS-V0.2.0,EquineSync_Item_10_Owner_Portal_Communications_PIA_V0_2_Strengthened_Draft.md,c68746f3eb2e1463fca17f81bebce416d420a2f2da7d8b6ba24d9987aff9c09a,Section 10 / OPC-REQ-045,OPC-FD-021,OPC-SRC-013;OPC-SRC-015;OPC-SRC-020,OPC-SRC-013:CROSS_PIA_CONTRACT_PENDING;OPC-SRC-015:SOURCE_FREEZE_PENDING;OPC-SRC-020:OPERATIONS_PACKAGE_PENDING,NONE_REGISTERED_FOR_REFERENCED_SET,EQUINESYNC_SYSTEM,DENY_OR_PREVENT_PROHIBITED_BEHAVIOR,SUPPORT_SESSION,"OPC-WF-004,010 to OPC-WF-012","OPC-ENT-012,021",OPC-SM-001 to OPC-SM-008,"OPC-PERM-003,015,016",OPC-UI-001 to OPC-UI-018,"OPC-AC-019 to OPC-AC-021,029,032","OPC-TEST-031 to OPC-TEST-035,047,049","OPC-EVID-014,015,021","OPC-WP-006,010,012",OPC-DEP-001 to OPC-DEP-010,"OPC-RISK-006,007",OPC-FIND-P1-006,NONE,Initial,Implementation / operations,ROW_EXPANSION_FROM_V0_2_SECTIONS_10_28_29_30_33_36_37_40_WITH_PACKAGE_LOCAL_DEPENDENCY_IDS,COMPLETE_DOCUMENTARY_ROW_PENDING_FOUNDER_CLOSURE_DISPOSITION
OPC-REQ-046,"Source-domain actions arising from a request SHALL be completed and audited in the owning domain, with the portal displaying a bounded status projection.",ES-PIA-OWNER-PORTAL-COMMUNICATIONS-V0.2.0,EquineSync_Item_10_Owner_Portal_Communications_PIA_V0_2_Strengthened_Draft.md,c68746f3eb2e1463fca17f81bebce416d420a2f2da7d8b6ba24d9987aff9c09a,Section 10 / OPC-REQ-046,OPC-FD-004;OPC-FD-021,OPC-SRC-010;OPC-SRC-011;OPC-SRC-012;OPC-SRC-013;OPC-SRC-014;OPC-SRC-015;OPC-SRC-016,OPC-SRC-010:CROSS_PIA_CONTRACT_PENDING;OPC-SRC-011:CROSS_PIA_CONTRACT_PENDING;OPC-SRC-012:CROSS_PIA_CONTRACT_PENDING;OPC-SRC-013:CROSS_PIA_CONTRACT_PENDING;OPC-SRC-014:CROSS_PIA_CONTRACT_PENDING;OPC-SRC-015:SOURCE_FREEZE_PENDING;OPC-SRC-016:SOURCE_FREEZE_PENDING,NONE_REGISTERED_FOR_REFERENCED_SET,EQUINESYNC_SYSTEM,ENFORCE_NORMATIVE_REQUIREMENT,PORTAL_PROJECTION,"OPC-WF-004,010 to OPC-WF-012","OPC-ENT-012,021",OPC-SM-001 to OPC-SM-008,"OPC-PERM-003,015,016",OPC-UI-001 to OPC-UI-018,"OPC-AC-019 to OPC-AC-021,029,032","OPC-TEST-031 to OPC-TEST-035,047,049","OPC-EVID-014,015,021","OPC-WP-006,010,012",OPC-DEP-001 to OPC-DEP-010,"OPC-RISK-006,007",OPC-FIND-P1-006,NONE,Initial,Implementation / operations,ROW_EXPANSION_FROM_V0_2_SECTIONS_10_28_29_30_33_36_37_40_WITH_PACKAGE_LOCAL_DEPENDENCY_IDS,COMPLETE_DOCUMENTARY_ROW_PENDING_FOUNDER_CLOSURE_DISPOSITION
OPC-REQ-047,"Relationship-effective termination SHALL end current portal and community access and trigger revocation of active sessions, tokens, caches, and queued sends as applicable.",ES-PIA-OWNER-PORTAL-COMMUNICATIONS-V0.2.0,EquineSync_Item_10_Owner_Portal_Communications_PIA_V0_2_Strengthened_Draft.md,c68746f3eb2e1463fca17f81bebce416d420a2f2da7d8b6ba24d9987aff9c09a,Section 10 / OPC-REQ-047,OPC-FD-022,OPC-SRC-006;OPC-SRC-007;OPC-SRC-008;OPC-SRC-009;OPC-SRC-016;OPC-SRC-020,OPC-SRC-006:CONTRACT_FREEZE_PENDING;OPC-SRC-007:CONTRACT_FREEZE_PENDING;OPC-SRC-008:SOURCE_FREEZE_PENDING;OPC-SRC-009:CROSS_PIA_CONTRACT_PENDING;OPC-SRC-016:SOURCE_FREEZE_PENDING;OPC-SRC-020:OPERATIONS_PACKAGE_PENDING,NONE_REGISTERED_FOR_REFERENCED_SET,EQUINESYNC_SYSTEM,ENFORCE_NORMATIVE_REQUIREMENT,OWNER_COMMUNITY,"OPC-WF-004,010 to OPC-WF-012","OPC-ENT-012,021",OPC-SM-001 to OPC-SM-008,"OPC-PERM-003,015,016",OPC-UI-001 to OPC-UI-018,"OPC-AC-019 to OPC-AC-021,029,032","OPC-TEST-031 to OPC-TEST-035,047,049","OPC-EVID-014,015,021","OPC-WP-006,010,012",OPC-DEP-001 to OPC-DEP-010,"OPC-RISK-006,007",OPC-FIND-P1-006,NONE,Initial,Implementation / operations,ROW_EXPANSION_FROM_V0_2_SECTIONS_10_28_29_30_33_36_37_40_WITH_PACKAGE_LOCAL_DEPENDENCY_IDS,COMPLETE_DOCUMENTARY_ROW_PENDING_FOUNDER_CLOSURE_DISPOSITION
OPC-REQ-048,"Former parties may retain only historically authorized communications, agreements, invoices, receipts, shared records, and claims evidence permitted by governing retention and access rules.",ES-PIA-OWNER-PORTAL-COMMUNICATIONS-V0.2.0,EquineSync_Item_10_Owner_Portal_Communications_PIA_V0_2_Strengthened_Draft.md,c68746f3eb2e1463fca17f81bebce416d420a2f2da7d8b6ba24d9987aff9c09a,Section 10 / OPC-REQ-048,OPC-FD-022,OPC-SRC-007;OPC-SRC-010;OPC-SRC-014;OPC-SRC-015;OPC-SRC-016,OPC-SRC-007:CONTRACT_FREEZE_PENDING;OPC-SRC-010:CROSS_PIA_CONTRACT_PENDING;OPC-SRC-014:CROSS_PIA_CONTRACT_PENDING;OPC-SRC-015:SOURCE_FREEZE_PENDING;OPC-SRC-016:SOURCE_FREEZE_PENDING,NONE_REGISTERED_FOR_REFERENCED_SET,EQUINESYNC_SYSTEM,ENFORCE_NORMATIVE_REQUIREMENT,COMMUNICATION_RECORD,"OPC-WF-004,010 to OPC-WF-012","OPC-ENT-012,021",OPC-SM-001 to OPC-SM-008,"OPC-PERM-003,015,016",OPC-UI-001 to OPC-UI-018,"OPC-AC-019 to OPC-AC-021,029,032","OPC-TEST-031 to OPC-TEST-035,047,049","OPC-EVID-014,015,021","OPC-WP-006,010,012",OPC-DEP-001 to OPC-DEP-010,"OPC-RISK-006,007",OPC-FIND-P1-006,NONE,Initial,Implementation / operations,ROW_EXPANSION_FROM_V0_2_SECTIONS_10_28_29_30_33_36_37_40_WITH_PACKAGE_LOCAL_DEPENDENCY_IDS,COMPLETE_DOCUMENTARY_ROW_PENDING_FOUNDER_CLOSURE_DISPOSITION
OPC-REQ-049,"Historical retention SHALL NOT create access to new updates, current location, successor-facility information, current staff conversations, or new community discovery.",ES-PIA-OWNER-PORTAL-COMMUNICATIONS-V0.2.0,EquineSync_Item_10_Owner_Portal_Communications_PIA_V0_2_Strengthened_Draft.md,c68746f3eb2e1463fca17f81bebce416d420a2f2da7d8b6ba24d9987aff9c09a,Section 10 / OPC-REQ-049,OPC-FD-022,OPC-SRC-007;OPC-SRC-008;OPC-SRC-009;OPC-SRC-010;OPC-SRC-016,OPC-SRC-007:CONTRACT_FREEZE_PENDING;OPC-SRC-008:SOURCE_FREEZE_PENDING;OPC-SRC-009:CROSS_PIA_CONTRACT_PENDING;OPC-SRC-010:CROSS_PIA_CONTRACT_PENDING;OPC-SRC-016:SOURCE_FREEZE_PENDING,NONE_REGISTERED_FOR_REFERENCED_SET,EQUINESYNC_SYSTEM,DENY_OR_PREVENT_PROHIBITED_BEHAVIOR,OWNER_COMMUNITY,"OPC-WF-004,010 to OPC-WF-012","OPC-ENT-012,021",OPC-SM-001 to OPC-SM-008,"OPC-PERM-003,015,016",OPC-UI-001 to OPC-UI-018,"OPC-AC-019 to OPC-AC-021,029,032","OPC-TEST-031 to OPC-TEST-035,047,049","OPC-EVID-014,015,021","OPC-WP-006,010,012",OPC-DEP-001 to OPC-DEP-010,"OPC-RISK-006,007",OPC-FIND-P1-006,NONE,Initial,Implementation / operations,ROW_EXPANSION_FROM_V0_2_SECTIONS_10_28_29_30_33_36_37_40_WITH_PACKAGE_LOCAL_DEPENDENCY_IDS,COMPLETE_DOCUMENTARY_ROW_PENDING_FOUNDER_CLOSURE_DISPOSITION
OPC-REQ-050,"Support access SHALL be purpose-limited, role-controlled, time-bounded where feasible, attributable, auditable, and visibly identified as support mode.",ES-PIA-OWNER-PORTAL-COMMUNICATIONS-V0.2.0,EquineSync_Item_10_Owner_Portal_Communications_PIA_V0_2_Strengthened_Draft.md,c68746f3eb2e1463fca17f81bebce416d420a2f2da7d8b6ba24d9987aff9c09a,Section 10 / OPC-REQ-050,OPC-FD-023,OPC-SRC-006;OPC-SRC-008;OPC-SRC-016;OPC-SRC-020,OPC-SRC-006:CONTRACT_FREEZE_PENDING;OPC-SRC-008:SOURCE_FREEZE_PENDING;OPC-SRC-016:SOURCE_FREEZE_PENDING;OPC-SRC-020:OPERATIONS_PACKAGE_PENDING,NONE_REGISTERED_FOR_REFERENCED_SET,SUPPORT_OPERATOR,ENFORCE_NORMATIVE_REQUIREMENT,SUPPORT_SESSION,"OPC-WF-004,010 to OPC-WF-012","OPC-ENT-012,021",OPC-SM-001 to OPC-SM-008,"OPC-PERM-003,015,016",OPC-UI-001 to OPC-UI-018,"OPC-AC-019 to OPC-AC-021,029,032","OPC-TEST-031 to OPC-TEST-035,047,049","OPC-EVID-014,015,021","OPC-WP-006,010,012",OPC-DEP-001 to OPC-DEP-010,"OPC-RISK-006,007",OPC-FIND-P1-006,NONE,Operational prerequisite,Implementation / operations,ROW_EXPANSION_FROM_V0_2_SECTIONS_10_28_29_30_33_36_37_40_WITH_PACKAGE_LOCAL_DEPENDENCY_IDS,COMPLETE_DOCUMENTARY_ROW_PENDING_FOUNDER_CLOSURE_DISPOSITION
OPC-REQ-051,"Support SHALL NOT sign, consent, acknowledge, author, or communicate as the customer, nor conceal the real operator in a customer-attributed record.",ES-PIA-OWNER-PORTAL-COMMUNICATIONS-V0.2.0,EquineSync_Item_10_Owner_Portal_Communications_PIA_V0_2_Strengthened_Draft.md,c68746f3eb2e1463fca17f81bebce416d420a2f2da7d8b6ba24d9987aff9c09a,Section 10 / OPC-REQ-051,OPC-FD-023,OPC-SRC-006;OPC-SRC-016,OPC-SRC-006:CONTRACT_FREEZE_PENDING;OPC-SRC-016:SOURCE_FREEZE_PENDING,NONE_REGISTERED_FOR_REFERENCED_SET,SUPPORT_OPERATOR,DENY_OR_PREVENT_PROHIBITED_BEHAVIOR,SUPPORT_SESSION,"OPC-WF-004,010 to OPC-WF-012","OPC-ENT-012,021",OPC-SM-001 to OPC-SM-008,"OPC-PERM-003,015,016",OPC-UI-001 to OPC-UI-018,"OPC-AC-019 to OPC-AC-021,029,032","OPC-TEST-031 to OPC-TEST-035,047,049","OPC-EVID-014,015,021","OPC-WP-006,010,012",OPC-DEP-001 to OPC-DEP-010,"OPC-RISK-006,007",OPC-FIND-P1-006,NONE,Initial prohibition,Implementation / operations,ROW_EXPANSION_FROM_V0_2_SECTIONS_10_28_29_30_33_36_37_40_WITH_PACKAGE_LOCAL_DEPENDENCY_IDS,COMPLETE_DOCUMENTARY_ROW_PENDING_FOUNDER_CLOSURE_DISPOSITION
OPC-REQ-052,"Support and moderation tools SHALL enforce the same tenant, facility, horse, record, purpose, safeguarding, and sensitivity boundaries as customer channels, plus any stricter platform controls.",ES-PIA-OWNER-PORTAL-COMMUNICATIONS-V0.2.0,EquineSync_Item_10_Owner_Portal_Communications_PIA_V0_2_Strengthened_Draft.md,c68746f3eb2e1463fca17f81bebce416d420a2f2da7d8b6ba24d9987aff9c09a,Section 10 / OPC-REQ-052,OPC-FD-023;OPC-FD-024,OPC-SRC-008;OPC-SRC-009;OPC-SRC-016;OPC-SRC-020,OPC-SRC-008:SOURCE_FREEZE_PENDING;OPC-SRC-009:CROSS_PIA_CONTRACT_PENDING;OPC-SRC-016:SOURCE_FREEZE_PENDING;OPC-SRC-020:OPERATIONS_PACKAGE_PENDING,NONE_REGISTERED_FOR_REFERENCED_SET,SUPPORT_OPERATOR,ENFORCE_NORMATIVE_REQUIREMENT,SUPPORT_SESSION,"OPC-WF-004,010 to OPC-WF-012","OPC-ENT-012,021",OPC-SM-001 to OPC-SM-008,"OPC-PERM-003,015,016",OPC-UI-001 to OPC-UI-018,"OPC-AC-019 to OPC-AC-021,029,032","OPC-TEST-031 to OPC-TEST-035,047,049","OPC-EVID-014,015,021","OPC-WP-006,010,012",OPC-DEP-001 to OPC-DEP-010,"OPC-RISK-006,007",OPC-FIND-P1-006,NONE,Operational prerequisite,Implementation / operations,ROW_EXPANSION_FROM_V0_2_SECTIONS_10_28_29_30_33_36_37_40_WITH_PACKAGE_LOCAL_DEPENDENCY_IDS,COMPLETE_DOCUMENTARY_ROW_PENDING_FOUNDER_CLOSURE_DISPOSITION
OPC-REQ-053,Owner community messaging SHALL remain disabled unless the facility affirmatively enables it and an authorized operational owner and moderation route are assigned.,ES-PIA-OWNER-PORTAL-COMMUNICATIONS-V0.2.0,EquineSync_Item_10_Owner_Portal_Communications_PIA_V0_2_Strengthened_Draft.md,c68746f3eb2e1463fca17f81bebce416d420a2f2da7d8b6ba24d9987aff9c09a,Section 10 / OPC-REQ-053,OPC-FD-024,OPC-SRC-004;OPC-SRC-009;OPC-SRC-016;OPC-SRC-020,OPC-SRC-004:ARTIFACT_ACCESSION_PENDING;OPC-SRC-009:CROSS_PIA_CONTRACT_PENDING;OPC-SRC-016:SOURCE_FREEZE_PENDING;OPC-SRC-020:OPERATIONS_PACKAGE_PENDING,NONE_REGISTERED_FOR_REFERENCED_SET,EQUINESYNC_SYSTEM,KEEP_FEATURE_DISABLED_UNTIL_GATE,OWNER_COMMUNITY,OPC-WF-013 to OPC-WF-016,OPC-ENT-014 to OPC-ENT-019,"OPC-SM-009,010","OPC-PERM-010 to OPC-PERM-014,018",OPC-UI-007 to OPC-UI-012,"OPC-AC-022 to OPC-AC-028,031","OPC-TEST-036 to OPC-TEST-045,048",OPC-EVID-016 to OPC-EVID-018,"OPC-WP-009,010,012,013",OPC-DEP-001 to OPC-DEP-010,"OPC-RISK-001,005,013 to OPC-RISK-016",OPC-FIND-P1-006,NONE,Initial conditional,Community activation,ROW_EXPANSION_FROM_V0_2_SECTIONS_10_28_29_30_33_36_37_40_WITH_PACKAGE_LOCAL_DEPENDENCY_IDS,COMPLETE_DOCUMENTARY_ROW_PENDING_FOUNDER_CLOSURE_DISPOSITION
OPC-REQ-054,Community discovery SHALL be limited to verified current owners within the same active barn or facility and SHALL reveal only a minimum community profile.,ES-PIA-OWNER-PORTAL-COMMUNICATIONS-V0.2.0,EquineSync_Item_10_Owner_Portal_Communications_PIA_V0_2_Strengthened_Draft.md,c68746f3eb2e1463fca17f81bebce416d420a2f2da7d8b6ba24d9987aff9c09a,Section 10 / OPC-REQ-054,OPC-FD-024,OPC-SRC-004;OPC-SRC-007;OPC-SRC-008;OPC-SRC-009;OPC-SRC-016,OPC-SRC-004:ARTIFACT_ACCESSION_PENDING;OPC-SRC-007:CONTRACT_FREEZE_PENDING;OPC-SRC-008:SOURCE_FREEZE_PENDING;OPC-SRC-009:CROSS_PIA_CONTRACT_PENDING;OPC-SRC-016:SOURCE_FREEZE_PENDING,NONE_REGISTERED_FOR_REFERENCED_SET,EQUINESYNC_SYSTEM,ENFORCE_NORMATIVE_REQUIREMENT,OWNER_COMMUNITY,OPC-WF-013 to OPC-WF-016,OPC-ENT-014 to OPC-ENT-019,"OPC-SM-009,010","OPC-PERM-010 to OPC-PERM-014,018",OPC-UI-007 to OPC-UI-012,"OPC-AC-022 to OPC-AC-028,031","OPC-TEST-036 to OPC-TEST-045,048",OPC-EVID-016 to OPC-EVID-018,"OPC-WP-009,010,012,013",OPC-DEP-001 to OPC-DEP-010,"OPC-RISK-001,005,013 to OPC-RISK-016",OPC-FIND-P1-006,NONE,Initial conditional,Community activation,ROW_EXPANSION_FROM_V0_2_SECTIONS_10_28_29_30_33_36_37_40_WITH_PACKAGE_LOCAL_DEPENDENCY_IDS,COMPLETE_DOCUMENTARY_ROW_PENDING_FOUNDER_CLOSURE_DISPOSITION
OPC-REQ-055,"The system SHALL revalidate both participants current same-facility eligibility, account state, facility enablement, blocks, restrictions, and safeguarding controls before each owner-to-owner send.",ES-PIA-OWNER-PORTAL-COMMUNICATIONS-V0.2.0,EquineSync_Item_10_Owner_Portal_Communications_PIA_V0_2_Strengthened_Draft.md,c68746f3eb2e1463fca17f81bebce416d420a2f2da7d8b6ba24d9987aff9c09a,Section 10 / OPC-REQ-055,OPC-FD-024,OPC-SRC-004;OPC-SRC-006;OPC-SRC-007;OPC-SRC-008;OPC-SRC-009;OPC-SRC-016,OPC-SRC-004:ARTIFACT_ACCESSION_PENDING;OPC-SRC-006:CONTRACT_FREEZE_PENDING;OPC-SRC-007:CONTRACT_FREEZE_PENDING;OPC-SRC-008:SOURCE_FREEZE_PENDING;OPC-SRC-009:CROSS_PIA_CONTRACT_PENDING;OPC-SRC-016:SOURCE_FREEZE_PENDING,NONE_REGISTERED_FOR_REFERENCED_SET,EQUINESYNC_SYSTEM,ENFORCE_NORMATIVE_REQUIREMENT,OWNER_PORTAL_AND_COMMUNICATIONS_CAPABILITY,OPC-WF-013 to OPC-WF-016,OPC-ENT-014 to OPC-ENT-019,"OPC-SM-009,010","OPC-PERM-010 to OPC-PERM-014,018",OPC-UI-007 to OPC-UI-012,"OPC-AC-022 to OPC-AC-028,031","OPC-TEST-036 to OPC-TEST-045,048",OPC-EVID-016 to OPC-EVID-018,"OPC-WP-009,010,012,013",OPC-DEP-001 to OPC-DEP-010,"OPC-RISK-001,005,013 to OPC-RISK-016",OPC-FIND-P1-006,NONE,Initial conditional,Community activation,ROW_EXPANSION_FROM_V0_2_SECTIONS_10_28_29_30_33_36_37_40_WITH_PACKAGE_LOCAL_DEPENDENCY_IDS,COMPLETE_DOCUMENTARY_ROW_PENDING_FOUNDER_CLOSURE_DISPOSITION
OPC-REQ-056,"Community messaging SHALL use in-app identities and SHALL NOT expose private phone numbers, email addresses, home addresses, billing data, horse medical data, or other sensitive details by default.",ES-PIA-OWNER-PORTAL-COMMUNICATIONS-V0.2.0,EquineSync_Item_10_Owner_Portal_Communications_PIA_V0_2_Strengthened_Draft.md,c68746f3eb2e1463fca17f81bebce416d420a2f2da7d8b6ba24d9987aff9c09a,Section 10 / OPC-REQ-056,OPC-FD-024,OPC-SRC-004;OPC-SRC-016,OPC-SRC-004:ARTIFACT_ACCESSION_PENDING;OPC-SRC-016:SOURCE_FREEZE_PENDING,NONE_REGISTERED_FOR_REFERENCED_SET,EQUINESYNC_SYSTEM,DENY_OR_PREVENT_PROHIBITED_BEHAVIOR,OWNER_COMMUNITY,OPC-WF-013 to OPC-WF-016,OPC-ENT-014 to OPC-ENT-019,"OPC-SM-009,010","OPC-PERM-010 to OPC-PERM-014,018",OPC-UI-007 to OPC-UI-012,"OPC-AC-022 to OPC-AC-028,031","OPC-TEST-036 to OPC-TEST-045,048",OPC-EVID-016 to OPC-EVID-018,"OPC-WP-009,010,012,013",OPC-DEP-001 to OPC-DEP-010,"OPC-RISK-001,005,013 to OPC-RISK-016",OPC-FIND-P1-006,NONE,Initial conditional,Community activation,ROW_EXPANSION_FROM_V0_2_SECTIONS_10_28_29_30_33_36_37_40_WITH_PACKAGE_LOCAL_DEPENDENCY_IDS,COMPLETE_DOCUMENTARY_ROW_PENDING_FOUNDER_CLOSURE_DISPOSITION
OPC-REQ-057,A block SHALL promptly prevent new peer contact through the bounded community feature while preserving the blocked users ability to report safety concerns and preserving required evidence.,ES-PIA-OWNER-PORTAL-COMMUNICATIONS-V0.2.0,EquineSync_Item_10_Owner_Portal_Communications_PIA_V0_2_Strengthened_Draft.md,c68746f3eb2e1463fca17f81bebce416d420a2f2da7d8b6ba24d9987aff9c09a,Section 10 / OPC-REQ-057,OPC-FD-024,OPC-SRC-004;OPC-SRC-016,OPC-SRC-004:ARTIFACT_ACCESSION_PENDING;OPC-SRC-016:SOURCE_FREEZE_PENDING,NONE_REGISTERED_FOR_REFERENCED_SET,EQUINESYNC_SYSTEM,ENFORCE_NORMATIVE_REQUIREMENT,OWNER_COMMUNITY,OPC-WF-013 to OPC-WF-016,OPC-ENT-014 to OPC-ENT-019,"OPC-SM-009,010","OPC-PERM-010 to OPC-PERM-014,018",OPC-UI-007 to OPC-UI-012,"OPC-AC-022 to OPC-AC-028,031","OPC-TEST-036 to OPC-TEST-045,048",OPC-EVID-016 to OPC-EVID-018,"OPC-WP-009,010,012,013",OPC-DEP-001 to OPC-DEP-010,"OPC-RISK-001,005,013 to OPC-RISK-016",OPC-FIND-P1-006,NONE,Initial conditional,Community activation,ROW_EXPANSION_FROM_V0_2_SECTIONS_10_28_29_30_33_36_37_40_WITH_PACKAGE_LOCAL_DEPENDENCY_IDS,COMPLETE_DOCUMENTARY_ROW_PENDING_FOUNDER_CLOSURE_DISPOSITION
OPC-REQ-058,"A report SHALL open a reason-coded moderation or safeguarding route without automatically determining guilt, liability, discipline, or legal status.",ES-PIA-OWNER-PORTAL-COMMUNICATIONS-V0.2.0,EquineSync_Item_10_Owner_Portal_Communications_PIA_V0_2_Strengthened_Draft.md,c68746f3eb2e1463fca17f81bebce416d420a2f2da7d8b6ba24d9987aff9c09a,Section 10 / OPC-REQ-058,OPC-FD-024,OPC-SRC-004;OPC-SRC-016,OPC-SRC-004:ARTIFACT_ACCESSION_PENDING;OPC-SRC-016:SOURCE_FREEZE_PENDING,NONE_REGISTERED_FOR_REFERENCED_SET,EQUINESYNC_SYSTEM,ENFORCE_NORMATIVE_REQUIREMENT,OWNER_PORTAL_AND_COMMUNICATIONS_CAPABILITY,OPC-WF-013 to OPC-WF-016,OPC-ENT-014 to OPC-ENT-019,"OPC-SM-009,010","OPC-PERM-010 to OPC-PERM-014,018",OPC-UI-007 to OPC-UI-012,"OPC-AC-022 to OPC-AC-028,031","OPC-TEST-036 to OPC-TEST-045,048",OPC-EVID-016 to OPC-EVID-018,"OPC-WP-009,010,012,013",OPC-DEP-001 to OPC-DEP-010,"OPC-RISK-001,005,013 to OPC-RISK-016",OPC-FIND-P1-006,NONE,Initial conditional,Community activation,ROW_EXPANSION_FROM_V0_2_SECTIONS_10_28_29_30_33_36_37_40_WITH_PACKAGE_LOCAL_DEPENDENCY_IDS,COMPLETE_DOCUMENTARY_ROW_PENDING_FOUNDER_CLOSURE_DISPOSITION
OPC-REQ-059,"Authorized moderators may apply temporary protective restrictions before final review when necessary, but every action SHALL be attributable, explainable, reviewable, and appealable where appropriate.",ES-PIA-OWNER-PORTAL-COMMUNICATIONS-V0.2.0,EquineSync_Item_10_Owner_Portal_Communications_PIA_V0_2_Strengthened_Draft.md,c68746f3eb2e1463fca17f81bebce416d420a2f2da7d8b6ba24d9987aff9c09a,Section 10 / OPC-REQ-059,OPC-FD-024,OPC-SRC-004;OPC-SRC-016;OPC-SRC-020,OPC-SRC-004:ARTIFACT_ACCESSION_PENDING;OPC-SRC-016:SOURCE_FREEZE_PENDING;OPC-SRC-020:OPERATIONS_PACKAGE_PENDING,NONE_REGISTERED_FOR_REFERENCED_SET,AUTHORIZED_MODERATOR_OR_PLATFORM_SUPPORT,ENFORCE_NORMATIVE_REQUIREMENT,OWNER_PORTAL_AND_COMMUNICATIONS_CAPABILITY,OPC-WF-013 to OPC-WF-016,OPC-ENT-014 to OPC-ENT-019,"OPC-SM-009,010","OPC-PERM-010 to OPC-PERM-014,018",OPC-UI-007 to OPC-UI-012,"OPC-AC-022 to OPC-AC-028,031","OPC-TEST-036 to OPC-TEST-045,048",OPC-EVID-016 to OPC-EVID-018,"OPC-WP-009,010,012,013",OPC-DEP-001 to OPC-DEP-010,"OPC-RISK-001,005,013 to OPC-RISK-016",OPC-FIND-P1-006,NONE,Operational prerequisite,Community activation,ROW_EXPANSION_FROM_V0_2_SECTIONS_10_28_29_30_33_36_37_40_WITH_PACKAGE_LOCAL_DEPENDENCY_IDS,COMPLETE_DOCUMENTARY_ROW_PENDING_FOUNDER_CLOSURE_DISPOSITION
OPC-REQ-060,"Facility and EquineSync kill switches SHALL stop new discovery and sending without deleting historical evidence, reports, or retained communications.",ES-PIA-OWNER-PORTAL-COMMUNICATIONS-V0.2.0,EquineSync_Item_10_Owner_Portal_Communications_PIA_V0_2_Strengthened_Draft.md,c68746f3eb2e1463fca17f81bebce416d420a2f2da7d8b6ba24d9987aff9c09a,Section 10 / OPC-REQ-060,OPC-FD-024,OPC-SRC-004;OPC-SRC-020,OPC-SRC-004:ARTIFACT_ACCESSION_PENDING;OPC-SRC-020:OPERATIONS_PACKAGE_PENDING,NONE_REGISTERED_FOR_REFERENCED_SET,EQUINESYNC_SYSTEM,ENFORCE_NORMATIVE_REQUIREMENT,COMMUNICATION_RECORD,OPC-WF-013 to OPC-WF-016,OPC-ENT-014 to OPC-ENT-019,"OPC-SM-009,010","OPC-PERM-010 to OPC-PERM-014,018",OPC-UI-007 to OPC-UI-012,"OPC-AC-022 to OPC-AC-028,031","OPC-TEST-036 to OPC-TEST-045,048",OPC-EVID-016 to OPC-EVID-018,"OPC-WP-009,010,012,013",OPC-DEP-001 to OPC-DEP-010,"OPC-RISK-001,005,013 to OPC-RISK-016",OPC-FIND-P1-006,NONE,Operational prerequisite,Community activation,ROW_EXPANSION_FROM_V0_2_SECTIONS_10_28_29_30_33_36_37_40_WITH_PACKAGE_LOCAL_DEPENDENCY_IDS,COMPLETE_DOCUMENTARY_ROW_PENDING_FOUNDER_CLOSURE_DISPOSITION
OPC-REQ-061,"A shared facility, email domain, horse professional, billing relationship, prior membership, or geographic proximity SHALL NOT establish community eligibility.",ES-PIA-OWNER-PORTAL-COMMUNICATIONS-V0.2.0,EquineSync_Item_10_Owner_Portal_Communications_PIA_V0_2_Strengthened_Draft.md,c68746f3eb2e1463fca17f81bebce416d420a2f2da7d8b6ba24d9987aff9c09a,Section 10 / OPC-REQ-061,OPC-FD-024,OPC-SRC-004;OPC-SRC-007;OPC-SRC-008;OPC-SRC-009;OPC-SRC-016,OPC-SRC-004:ARTIFACT_ACCESSION_PENDING;OPC-SRC-007:CONTRACT_FREEZE_PENDING;OPC-SRC-008:SOURCE_FREEZE_PENDING;OPC-SRC-009:CROSS_PIA_CONTRACT_PENDING;OPC-SRC-016:SOURCE_FREEZE_PENDING,NONE_REGISTERED_FOR_REFERENCED_SET,EQUINESYNC_SYSTEM,DENY_OR_PREVENT_PROHIBITED_BEHAVIOR,OWNER_COMMUNITY,OPC-WF-013 to OPC-WF-016,OPC-ENT-014 to OPC-ENT-019,"OPC-SM-009,010","OPC-PERM-010 to OPC-PERM-014,018",OPC-UI-007 to OPC-UI-012,"OPC-AC-022 to OPC-AC-028,031","OPC-TEST-036 to OPC-TEST-045,048",OPC-EVID-016 to OPC-EVID-018,"OPC-WP-009,010,012,013",OPC-DEP-001 to OPC-DEP-010,"OPC-RISK-001,005,013 to OPC-RISK-016",OPC-FIND-P1-006,NONE,Initial prohibition,Community activation,ROW_EXPANSION_FROM_V0_2_SECTIONS_10_28_29_30_33_36_37_40_WITH_PACKAGE_LOCAL_DEPENDENCY_IDS,COMPLETE_DOCUMENTARY_ROW_PENDING_FOUNDER_CLOSURE_DISPOSITION
OPC-REQ-062,"Cross-facility, public, anonymous, unrestricted, former-owner, or unverified owner messaging SHALL fail closed without disclosing hidden membership or relationship information.",ES-PIA-OWNER-PORTAL-COMMUNICATIONS-V0.2.0,EquineSync_Item_10_Owner_Portal_Communications_PIA_V0_2_Strengthened_Draft.md,c68746f3eb2e1463fca17f81bebce416d420a2f2da7d8b6ba24d9987aff9c09a,Section 10 / OPC-REQ-062,OPC-FD-024,OPC-SRC-004;OPC-SRC-007;OPC-SRC-008;OPC-SRC-009;OPC-SRC-016,OPC-SRC-004:ARTIFACT_ACCESSION_PENDING;OPC-SRC-007:CONTRACT_FREEZE_PENDING;OPC-SRC-008:SOURCE_FREEZE_PENDING;OPC-SRC-009:CROSS_PIA_CONTRACT_PENDING;OPC-SRC-016:SOURCE_FREEZE_PENDING,NONE_REGISTERED_FOR_REFERENCED_SET,EQUINESYNC_SYSTEM,DENY_OR_PREVENT_PROHIBITED_BEHAVIOR,OWNER_PORTAL_AND_COMMUNICATIONS_CAPABILITY,OPC-WF-013 to OPC-WF-016,OPC-ENT-014 to OPC-ENT-019,"OPC-SM-009,010","OPC-PERM-010 to OPC-PERM-014,018",OPC-UI-007 to OPC-UI-012,"OPC-AC-022 to OPC-AC-028,031","OPC-TEST-036 to OPC-TEST-045,048",OPC-EVID-016 to OPC-EVID-018,"OPC-WP-009,010,012,013",OPC-DEP-001 to OPC-DEP-010,"OPC-RISK-001,005,013 to OPC-RISK-016",OPC-FIND-P1-006,NONE,Initial prohibition,Community activation,ROW_EXPANSION_FROM_V0_2_SECTIONS_10_28_29_30_33_36_37_40_WITH_PACKAGE_LOCAL_DEPENDENCY_IDS,COMPLETE_DOCUMENTARY_ROW_PENDING_FOUNDER_CLOSURE_DISPOSITION
OPC-REQ-063,"Offline clients may cache only approved bounded content and SHALL visibly distinguish current, stale, unavailable, and revoked states.",ES-PIA-OWNER-PORTAL-COMMUNICATIONS-V0.2.0,EquineSync_Item_10_Owner_Portal_Communications_PIA_V0_2_Strengthened_Draft.md,c68746f3eb2e1463fca17f81bebce416d420a2f2da7d8b6ba24d9987aff9c09a,Section 10 / OPC-REQ-063,OPC-FD-003;OPC-FD-022;OPC-FD-024,OPC-SRC-016;OPC-SRC-020,OPC-SRC-016:SOURCE_FREEZE_PENDING;OPC-SRC-020:OPERATIONS_PACKAGE_PENDING,NONE_REGISTERED_FOR_REFERENCED_SET,OFFLINE_CLIENT,ENFORCE_NORMATIVE_REQUIREMENT,OFFLINE_STATE,OPC-WF-018,"OPC-ENT-003,004,014 to OPC-ENT-019",OPC-SM-001 to OPC-SM-010,OPC-PERM parity,PIA Section 20,OPC-AC-029 to OPC-AC-031,OPC-TEST-046 to OPC-TEST-049,"OPC-EVID-019,020","OPC-WP-011,012",OPC-DEP-001 to OPC-DEP-010,"OPC-RISK-006,012",OPC-FIND-P1-006,NONE,Initial,Verification,ROW_EXPANSION_FROM_V0_2_SECTIONS_10_28_29_30_33_36_37_40_WITH_PACKAGE_LOCAL_DEPENDENCY_IDS,COMPLETE_DOCUMENTARY_ROW_PENDING_FOUNDER_CLOSURE_DISPOSITION
OPC-REQ-064,"Offline composition SHALL create a draft or pending send only; reconnect SHALL require authentication, fresh authorization, relationship and community revalidation, and duplicate protection.",ES-PIA-OWNER-PORTAL-COMMUNICATIONS-V0.2.0,EquineSync_Item_10_Owner_Portal_Communications_PIA_V0_2_Strengthened_Draft.md,c68746f3eb2e1463fca17f81bebce416d420a2f2da7d8b6ba24d9987aff9c09a,Section 10 / OPC-REQ-064,OPC-FD-007;OPC-FD-022;OPC-FD-024,OPC-SRC-015;OPC-SRC-020,OPC-SRC-015:SOURCE_FREEZE_PENDING;OPC-SRC-020:OPERATIONS_PACKAGE_PENDING,NONE_REGISTERED_FOR_REFERENCED_SET,EQUINESYNC_SYSTEM,ENFORCE_PREREQUISITES,OWNER_COMMUNITY,OPC-WF-018,"OPC-ENT-003,004,014 to OPC-ENT-019",OPC-SM-001 to OPC-SM-010,OPC-PERM parity,PIA Section 20,OPC-AC-029 to OPC-AC-031,OPC-TEST-046 to OPC-TEST-049,"OPC-EVID-019,020","OPC-WP-011,012",OPC-DEP-001 to OPC-DEP-010,"OPC-RISK-006,012",OPC-FIND-P1-006,NONE,Initial,Verification,ROW_EXPANSION_FROM_V0_2_SECTIONS_10_28_29_30_33_36_37_40_WITH_PACKAGE_LOCAL_DEPENDENCY_IDS,COMPLETE_DOCUMENTARY_ROW_PENDING_FOUNDER_CLOSURE_DISPOSITION
OPC-REQ-065,"Revocation, blocking, facility disablement, safeguarding restrictions, and relationship termination SHALL win over offline queued peer or facility messages before send.",ES-PIA-OWNER-PORTAL-COMMUNICATIONS-V0.2.0,EquineSync_Item_10_Owner_Portal_Communications_PIA_V0_2_Strengthened_Draft.md,c68746f3eb2e1463fca17f81bebce416d420a2f2da7d8b6ba24d9987aff9c09a,Section 10 / OPC-REQ-065,OPC-FD-022;OPC-FD-024,OPC-SRC-007;OPC-SRC-008;OPC-SRC-009;OPC-SRC-016;OPC-SRC-020,OPC-SRC-007:CONTRACT_FREEZE_PENDING;OPC-SRC-008:SOURCE_FREEZE_PENDING;OPC-SRC-009:CROSS_PIA_CONTRACT_PENDING;OPC-SRC-016:SOURCE_FREEZE_PENDING;OPC-SRC-020:OPERATIONS_PACKAGE_PENDING,NONE_REGISTERED_FOR_REFERENCED_SET,EQUINESYNC_SYSTEM,ENFORCE_NORMATIVE_REQUIREMENT,COMMUNICATION_RECORD,OPC-WF-018,"OPC-ENT-003,004,014 to OPC-ENT-019",OPC-SM-001 to OPC-SM-010,OPC-PERM parity,PIA Section 20,OPC-AC-029 to OPC-AC-031,OPC-TEST-046 to OPC-TEST-049,"OPC-EVID-019,020","OPC-WP-011,012",OPC-DEP-001 to OPC-DEP-010,"OPC-RISK-006,012",OPC-FIND-P1-006,NONE,Initial,Verification,ROW_EXPANSION_FROM_V0_2_SECTIONS_10_28_29_30_33_36_37_40_WITH_PACKAGE_LOCAL_DEPENDENCY_IDS,COMPLETE_DOCUMENTARY_ROW_PENDING_FOUNDER_CLOSURE_DISPOSITION
OPC-REQ-066,"Search, autocomplete, notifications, analytics, exports, APIs, background jobs, and support tools SHALL apply the same communication and community authorization rules as the primary interface.",ES-PIA-OWNER-PORTAL-COMMUNICATIONS-V0.2.0,EquineSync_Item_10_Owner_Portal_Communications_PIA_V0_2_Strengthened_Draft.md,c68746f3eb2e1463fca17f81bebce416d420a2f2da7d8b6ba24d9987aff9c09a,Section 10 / OPC-REQ-066,OPC-FD-003;OPC-FD-023;OPC-FD-024,OPC-SRC-008;OPC-SRC-016;OPC-SRC-020,OPC-SRC-008:SOURCE_FREEZE_PENDING;OPC-SRC-016:SOURCE_FREEZE_PENDING;OPC-SRC-020:OPERATIONS_PACKAGE_PENDING,NONE_REGISTERED_FOR_REFERENCED_SET,EQUINESYNC_SYSTEM,APPLY_GOVERNED_CONTROL,OWNER_COMMUNITY,OPC-WF-018,"OPC-ENT-003,004,014 to OPC-ENT-019",OPC-SM-001 to OPC-SM-010,OPC-PERM parity,PIA Section 20,OPC-AC-029 to OPC-AC-031,OPC-TEST-046 to OPC-TEST-049,"OPC-EVID-019,020","OPC-WP-011,012",OPC-DEP-001 to OPC-DEP-010,"OPC-RISK-006,012",OPC-FIND-P1-006,NONE,Initial,Verification,ROW_EXPANSION_FROM_V0_2_SECTIONS_10_28_29_30_33_36_37_40_WITH_PACKAGE_LOCAL_DEPENDENCY_IDS,COMPLETE_DOCUMENTARY_ROW_PENDING_FOUNDER_CLOSURE_DISPOSITION
OPC-REQ-067,"Operational telemetry SHALL measure routing, failures, retries, latency, acknowledgment, moderation queues, revocation propagation, and support actions without logging prohibited content or secrets.",ES-PIA-OWNER-PORTAL-COMMUNICATIONS-V0.2.0,EquineSync_Item_10_Owner_Portal_Communications_PIA_V0_2_Strengthened_Draft.md,c68746f3eb2e1463fca17f81bebce416d420a2f2da7d8b6ba24d9987aff9c09a,Section 10 / OPC-REQ-067,OPC-FD-011;OPC-FD-023;OPC-FD-024,OPC-SRC-016;OPC-SRC-019;OPC-SRC-020,OPC-SRC-016:SOURCE_FREEZE_PENDING;OPC-SRC-019:ARCHITECTURE_PACKAGE_PENDING;OPC-SRC-020:OPERATIONS_PACKAGE_PENDING,NONE_REGISTERED_FOR_REFERENCED_SET,EQUINESYNC_SYSTEM,DENY_OR_PREVENT_PROHIBITED_BEHAVIOR,SUPPORT_SESSION,"OPC-WF-011,012,016",OPC-ENT-021,OPC-SM-001 to OPC-SM-010,OPC-PERM-001 to OPC-PERM-018,PIA Sections 23 to 38,OPC-AC-032 to OPC-AC-040,OPC-TEST-050 to OPC-TEST-055,"OPC-EVID-021 to OPC-EVID-025,032","OPC-WP-001,010,011,012",OPC-DEP-001 to OPC-DEP-010,"OPC-RISK-003,007,010 to OPC-RISK-012",OPC-FIND-P1-006,NONE,Operational prerequisite,All lifecycle gates,ROW_EXPANSION_FROM_V0_2_SECTIONS_10_28_29_30_33_36_37_40_WITH_PACKAGE_LOCAL_DEPENDENCY_IDS,COMPLETE_DOCUMENTARY_ROW_PENDING_FOUNDER_CLOSURE_DISPOSITION
OPC-REQ-068,"The capability SHALL provide administrative tools for delivery diagnostics, moderation, restrictions, corrections, exports, evidence holds, feature disablement, and incident response before enrollment.",ES-PIA-OWNER-PORTAL-COMMUNICATIONS-V0.2.0,EquineSync_Item_10_Owner_Portal_Communications_PIA_V0_2_Strengthened_Draft.md,c68746f3eb2e1463fca17f81bebce416d420a2f2da7d8b6ba24d9987aff9c09a,Section 10 / OPC-REQ-068,OPC-FD-012;OPC-FD-015;OPC-FD-016;OPC-FD-023;OPC-FD-024,OPC-SRC-016;OPC-SRC-020,OPC-SRC-016:SOURCE_FREEZE_PENDING;OPC-SRC-020:OPERATIONS_PACKAGE_PENDING,NONE_REGISTERED_FOR_REFERENCED_SET,EQUINESYNC_SYSTEM,ENFORCE_NORMATIVE_REQUIREMENT,OWNER_PORTAL_AND_COMMUNICATIONS_CAPABILITY,"OPC-WF-011,012,016",OPC-ENT-021,OPC-SM-001 to OPC-SM-010,OPC-PERM-001 to OPC-PERM-018,PIA Sections 23 to 38,OPC-AC-032 to OPC-AC-040,OPC-TEST-050 to OPC-TEST-055,"OPC-EVID-021 to OPC-EVID-025,032","OPC-WP-001,010,011,012",OPC-DEP-001 to OPC-DEP-010,"OPC-RISK-003,007,010 to OPC-RISK-012",OPC-FIND-P1-006,NONE,Operational prerequisite,All lifecycle gates,ROW_EXPANSION_FROM_V0_2_SECTIONS_10_28_29_30_33_36_37_40_WITH_PACKAGE_LOCAL_DEPENDENCY_IDS,COMPLETE_DOCUMENTARY_ROW_PENDING_FOUNDER_CLOSURE_DISPOSITION
OPC-REQ-069,"Every material action SHALL create an attributable audit event with actor, principal, facility, horse or conversation context, action, reason, outcome, time, source version, and correlation reference as applicable.",ES-PIA-OWNER-PORTAL-COMMUNICATIONS-V0.2.0,EquineSync_Item_10_Owner_Portal_Communications_PIA_V0_2_Strengthened_Draft.md,c68746f3eb2e1463fca17f81bebce416d420a2f2da7d8b6ba24d9987aff9c09a,Section 10 / OPC-REQ-069,OPC-FD-004;OPC-FD-011;OPC-FD-015;OPC-FD-023;OPC-FD-024,OPC-SRC-016,OPC-SRC-016:SOURCE_FREEZE_PENDING,NONE_REGISTERED_FOR_REFERENCED_SET,EQUINESYNC_SYSTEM,ENFORCE_NORMATIVE_REQUIREMENT,AUDIT_EVENT,"OPC-WF-011,012,016",OPC-ENT-021,OPC-SM-001 to OPC-SM-010,OPC-PERM-001 to OPC-PERM-018,PIA Sections 23 to 38,OPC-AC-032 to OPC-AC-040,OPC-TEST-050 to OPC-TEST-055,"OPC-EVID-021 to OPC-EVID-025,032","OPC-WP-001,010,011,012",OPC-DEP-001 to OPC-DEP-010,"OPC-RISK-003,007,010 to OPC-RISK-012",OPC-FIND-P1-006,NONE,Initial,All lifecycle gates,ROW_EXPANSION_FROM_V0_2_SECTIONS_10_28_29_30_33_36_37_40_WITH_PACKAGE_LOCAL_DEPENDENCY_IDS,COMPLETE_DOCUMENTARY_ROW_PENDING_FOUNDER_CLOSURE_DISPOSITION
OPC-REQ-070,"Migration or seed data SHALL NOT infer ownership, guardianship, community eligibility, delivery success, acknowledgment, consent, or notice effectiveness from ambiguous legacy fields.",ES-PIA-OWNER-PORTAL-COMMUNICATIONS-V0.2.0,EquineSync_Item_10_Owner_Portal_Communications_PIA_V0_2_Strengthened_Draft.md,c68746f3eb2e1463fca17f81bebce416d420a2f2da7d8b6ba24d9987aff9c09a,Section 10 / OPC-REQ-070,OPC-FD-001;OPC-FD-011;OPC-FD-024,OPC-SRC-006;OPC-SRC-007;OPC-SRC-008;OPC-SRC-009;OPC-SRC-015;OPC-SRC-016;OPC-SRC-020,OPC-SRC-006:CONTRACT_FREEZE_PENDING;OPC-SRC-007:CONTRACT_FREEZE_PENDING;OPC-SRC-008:SOURCE_FREEZE_PENDING;OPC-SRC-009:CROSS_PIA_CONTRACT_PENDING;OPC-SRC-015:SOURCE_FREEZE_PENDING;OPC-SRC-016:SOURCE_FREEZE_PENDING;OPC-SRC-020:OPERATIONS_PACKAGE_PENDING,NONE_REGISTERED_FOR_REFERENCED_SET,EQUINESYNC_SYSTEM,DENY_OR_PREVENT_PROHIBITED_BEHAVIOR,OWNER_COMMUNITY,"OPC-WF-011,012,016",OPC-ENT-021,OPC-SM-001 to OPC-SM-010,OPC-PERM-001 to OPC-PERM-018,PIA Sections 23 to 38,OPC-AC-032 to OPC-AC-040,OPC-TEST-050 to OPC-TEST-055,"OPC-EVID-021 to OPC-EVID-025,032","OPC-WP-001,010,011,012",OPC-DEP-001 to OPC-DEP-010,"OPC-RISK-003,007,010 to OPC-RISK-012",OPC-FIND-P1-006,NONE,Migration gate,All lifecycle gates,ROW_EXPANSION_FROM_V0_2_SECTIONS_10_28_29_30_33_36_37_40_WITH_PACKAGE_LOCAL_DEPENDENCY_IDS,COMPLETE_DOCUMENTARY_ROW_PENDING_FOUNDER_CLOSURE_DISPOSITION
OPC-REQ-071,"Deployment SHALL use environment separation, least-privilege secrets, feature flags, staged cohorts, monitoring, stop conditions, rollback, and post-release reconciliation.",ES-PIA-OWNER-PORTAL-COMMUNICATIONS-V0.2.0,EquineSync_Item_10_Owner_Portal_Communications_PIA_V0_2_Strengthened_Draft.md,c68746f3eb2e1463fca17f81bebce416d420a2f2da7d8b6ba24d9987aff9c09a,Section 10 / OPC-REQ-071,OPC-FD-007;OPC-FD-012;OPC-FD-023;OPC-FD-024,OPC-SRC-019;OPC-SRC-020,OPC-SRC-019:ARCHITECTURE_PACKAGE_PENDING;OPC-SRC-020:OPERATIONS_PACKAGE_PENDING,NONE_REGISTERED_FOR_REFERENCED_SET,DEPLOYMENT_OPERATOR,ENFORCE_NORMATIVE_REQUIREMENT,DEPLOYMENT_BASELINE,"OPC-WF-011,012,016",OPC-ENT-021,OPC-SM-001 to OPC-SM-010,OPC-PERM-001 to OPC-PERM-018,PIA Sections 23 to 38,OPC-AC-032 to OPC-AC-040,OPC-TEST-050 to OPC-TEST-055,"OPC-EVID-021 to OPC-EVID-025,032","OPC-WP-001,010,011,012",OPC-DEP-001 to OPC-DEP-010,"OPC-RISK-003,007,010 to OPC-RISK-012",OPC-FIND-P1-006,NONE,Release gate,All lifecycle gates,ROW_EXPANSION_FROM_V0_2_SECTIONS_10_28_29_30_33_36_37_40_WITH_PACKAGE_LOCAL_DEPENDENCY_IDS,COMPLETE_DOCUMENTARY_ROW_PENDING_FOUNDER_CLOSURE_DISPOSITION
OPC-REQ-072,"No implementation, production, provider activation, community activation, or first-user enrollment may be claimed until the applicable PIA gates, evidence, review, and explicit Founder authority are satisfied.",ES-PIA-OWNER-PORTAL-COMMUNICATIONS-V0.2.0,EquineSync_Item_10_Owner_Portal_Communications_PIA_V0_2_Strengthened_Draft.md,c68746f3eb2e1463fca17f81bebce416d420a2f2da7d8b6ba24d9987aff9c09a,Section 10 / OPC-REQ-072,OPC-FD-001;OPC-FD-002;OPC-FD-003;OPC-FD-004;OPC-FD-005;OPC-FD-006;OPC-FD-007;OPC-FD-008;OPC-FD-009;OPC-FD-010;OPC-FD-011;OPC-FD-012;OPC-FD-013;OPC-FD-014;OPC-FD-015;OPC-FD-016;OPC-FD-017;OPC-FD-018;OPC-FD-019;OPC-FD-020;OPC-FD-021;OPC-FD-022;OPC-FD-023;OPC-FD-024,OPC-SRC-001;OPC-SRC-002;OPC-SRC-003;OPC-SRC-004;OPC-SRC-020;OPC-SRC-021,OPC-SRC-001:REGISTERED_IMMUTABLE;OPC-SRC-002:EXACT_HASH_REGISTERED;OPC-SRC-003:EXACT_HASH_REGISTERED;OPC-SRC-004:ARTIFACT_ACCESSION_PENDING;OPC-SRC-020:OPERATIONS_PACKAGE_PENDING;OPC-SRC-021:AS_BUILT_BASELINE_PENDING,c751a73331d89eb4dd5d5ff3b059c81bb1d99284102c6f39a008aeb84620bbbc;bd5d466494bf24d5ec6942b8f8c7b9248881d4d731a5861b020cef8a7d6ffcd8,EQUINESYNC_SYSTEM,ENFORCE_NORMATIVE_REQUIREMENT,OWNER_COMMUNITY,"OPC-WF-011,012,016",OPC-ENT-021,OPC-SM-001 to OPC-SM-010,OPC-PERM-001 to OPC-PERM-018,PIA Sections 23 to 38,OPC-AC-032 to OPC-AC-040,OPC-TEST-050 to OPC-TEST-055,"OPC-EVID-021 to OPC-EVID-025,032","OPC-WP-001,010,011,012",OPC-DEP-001 to OPC-DEP-010,"OPC-RISK-003,007,010 to OPC-RISK-012",OPC-FIND-P1-006,NONE,All gates,All lifecycle gates,ROW_EXPANSION_FROM_V0_2_SECTIONS_10_28_29_30_33_36_37_40_WITH_PACKAGE_LOCAL_DEPENDENCY_IDS,COMPLETE_DOCUMENTARY_ROW_PENDING_FOUNDER_CLOSURE_DISPOSITION
OPC-REQ-073,"Community activation SHALL require a current facility enablement decision, published rules, assigned qualified moderators, escalation coverage, trained support, tested block and report flows, and rehearsed facility and platform kill switches.",ES-PIA-OWNER-PORTAL-COMMUNICATIONS-V0.2.0,EquineSync_Item_10_Owner_Portal_Communications_PIA_V0_2_Strengthened_Draft.md,c68746f3eb2e1463fca17f81bebce416d420a2f2da7d8b6ba24d9987aff9c09a,Section 10 / OPC-REQ-073,OPC-FD-024,OPC-SRC-004;OPC-SRC-009;OPC-SRC-016;OPC-SRC-020,OPC-SRC-004:ARTIFACT_ACCESSION_PENDING;OPC-SRC-009:CROSS_PIA_CONTRACT_PENDING;OPC-SRC-016:SOURCE_FREEZE_PENDING;OPC-SRC-020:OPERATIONS_PACKAGE_PENDING,NONE_REGISTERED_FOR_REFERENCED_SET,EQUINESYNC_SYSTEM,ENFORCE_PREREQUISITES,OWNER_COMMUNITY,"OPC-WF-019,020","OPC-ENT-023,024","OPC-SM-009,010",OPC-PERM-009 to OPC-PERM-014,"OPC-UI-007 to OPC-UI-012,016",OPC-AC-041 to OPC-AC-048,OPC-TEST-056 to OPC-TEST-065,OPC-EVID-026 to OPC-EVID-031,"OPC-WP-009,010,012,013",OPC-DEP-001 to OPC-DEP-010,"OPC-RISK-004,005,013 to OPC-RISK-016",OPC-FIND-P1-006,NONE,Separate activation gate,Separate community activation,ROW_EXPANSION_FROM_V0_2_SECTIONS_10_28_29_30_33_36_37_40_WITH_PACKAGE_LOCAL_DEPENDENCY_IDS,COMPLETE_DOCUMENTARY_ROW_PENDING_FOUNDER_CLOSURE_DISPOSITION
OPC-REQ-074,"Owner community participation SHALL be voluntary, separately explained, reversible, and SHALL NOT be a condition for boarding, training, lessons, billing, emergency, or core portal access.",ES-PIA-OWNER-PORTAL-COMMUNICATIONS-V0.2.0,EquineSync_Item_10_Owner_Portal_Communications_PIA_V0_2_Strengthened_Draft.md,c68746f3eb2e1463fca17f81bebce416d420a2f2da7d8b6ba24d9987aff9c09a,Section 10 / OPC-REQ-074,OPC-FD-024,OPC-SRC-004;OPC-SRC-016,OPC-SRC-004:ARTIFACT_ACCESSION_PENDING;OPC-SRC-016:SOURCE_FREEZE_PENDING,NONE_REGISTERED_FOR_REFERENCED_SET,OWNER_PARTICIPANT,DENY_OR_PREVENT_PROHIBITED_BEHAVIOR,OWNER_COMMUNITY,"OPC-WF-019,020","OPC-ENT-023,024","OPC-SM-009,010",OPC-PERM-009 to OPC-PERM-014,"OPC-UI-007 to OPC-UI-012,016",OPC-AC-041 to OPC-AC-048,OPC-TEST-056 to OPC-TEST-065,OPC-EVID-026 to OPC-EVID-031,"OPC-WP-009,010,012,013",OPC-DEP-001 to OPC-DEP-010,"OPC-RISK-004,005,013 to OPC-RISK-016",OPC-FIND-P1-006,NONE,Initial community control,Separate community activation,ROW_EXPANSION_FROM_V0_2_SECTIONS_10_28_29_30_33_36_37_40_WITH_PACKAGE_LOCAL_DEPENDENCY_IDS,COMPLETE_DOCUMENTARY_ROW_PENDING_FOUNDER_CLOSURE_DISPOSITION
OPC-REQ-075,"Community discovery SHALL return only eligible participating owners through bounded non-enumerable queries and SHALL NOT expose a downloadable roster, private contact data, precise location, billing data, medical data, or horse association by default.",ES-PIA-OWNER-PORTAL-COMMUNICATIONS-V0.2.0,EquineSync_Item_10_Owner_Portal_Communications_PIA_V0_2_Strengthened_Draft.md,c68746f3eb2e1463fca17f81bebce416d420a2f2da7d8b6ba24d9987aff9c09a,Section 10 / OPC-REQ-075,OPC-FD-024,OPC-SRC-004;OPC-SRC-007;OPC-SRC-008;OPC-SRC-009;OPC-SRC-016,OPC-SRC-004:ARTIFACT_ACCESSION_PENDING;OPC-SRC-007:CONTRACT_FREEZE_PENDING;OPC-SRC-008:SOURCE_FREEZE_PENDING;OPC-SRC-009:CROSS_PIA_CONTRACT_PENDING;OPC-SRC-016:SOURCE_FREEZE_PENDING,NONE_REGISTERED_FOR_REFERENCED_SET,EQUINESYNC_SYSTEM,DENY_OR_PREVENT_PROHIBITED_BEHAVIOR,OWNER_COMMUNITY,"OPC-WF-019,020","OPC-ENT-023,024","OPC-SM-009,010",OPC-PERM-009 to OPC-PERM-014,"OPC-UI-007 to OPC-UI-012,016",OPC-AC-041 to OPC-AC-048,OPC-TEST-056 to OPC-TEST-065,OPC-EVID-026 to OPC-EVID-031,"OPC-WP-009,010,012,013",OPC-DEP-001 to OPC-DEP-010,"OPC-RISK-004,005,013 to OPC-RISK-016",OPC-FIND-P1-006,NONE,Initial community control,Separate community activation,ROW_EXPANSION_FROM_V0_2_SECTIONS_10_28_29_30_33_36_37_40_WITH_PACKAGE_LOCAL_DEPENDENCY_IDS,COMPLETE_DOCUMENTARY_ROW_PENDING_FOUNDER_CLOSURE_DISPOSITION
OPC-REQ-076,"An owner opt-out or block SHALL prevent new peer discovery and contact for that user, and a facility SHALL NOT override the user control for owner-to-owner communication. Mandatory facility notices remain a separate facility-to-owner channel.",ES-PIA-OWNER-PORTAL-COMMUNICATIONS-V0.2.0,EquineSync_Item_10_Owner_Portal_Communications_PIA_V0_2_Strengthened_Draft.md,c68746f3eb2e1463fca17f81bebce416d420a2f2da7d8b6ba24d9987aff9c09a,Section 10 / OPC-REQ-076,OPC-FD-008;OPC-FD-024,OPC-SRC-004;OPC-SRC-015;OPC-SRC-016,OPC-SRC-004:ARTIFACT_ACCESSION_PENDING;OPC-SRC-015:SOURCE_FREEZE_PENDING;OPC-SRC-016:SOURCE_FREEZE_PENDING,NONE_REGISTERED_FOR_REFERENCED_SET,EQUINESYNC_SYSTEM,DENY_OR_PREVENT_PROHIBITED_BEHAVIOR,COMMUNICATION_RECORD,"OPC-WF-019,020","OPC-ENT-023,024","OPC-SM-009,010",OPC-PERM-009 to OPC-PERM-014,"OPC-UI-007 to OPC-UI-012,016",OPC-AC-041 to OPC-AC-048,OPC-TEST-056 to OPC-TEST-065,OPC-EVID-026 to OPC-EVID-031,"OPC-WP-009,010,012,013",OPC-DEP-001 to OPC-DEP-010,"OPC-RISK-004,005,013 to OPC-RISK-016",OPC-FIND-P1-006,NONE,Initial community control,Separate community activation,ROW_EXPANSION_FROM_V0_2_SECTIONS_10_28_29_30_33_36_37_40_WITH_PACKAGE_LOCAL_DEPENDENCY_IDS,COMPLETE_DOCUMENTARY_ROW_PENDING_FOUNDER_CLOSURE_DISPOSITION
OPC-REQ-077,"Owner-to-owner community messaging SHALL be presented as non-emergency and not continuously monitored; the interface SHALL provide direct routes for urgent horse welfare, safeguarding, facility, veterinary, or emergency concerns.",ES-PIA-OWNER-PORTAL-COMMUNICATIONS-V0.2.0,EquineSync_Item_10_Owner_Portal_Communications_PIA_V0_2_Strengthened_Draft.md,c68746f3eb2e1463fca17f81bebce416d420a2f2da7d8b6ba24d9987aff9c09a,Section 10 / OPC-REQ-077,OPC-FD-012;OPC-FD-021;OPC-FD-024,OPC-SRC-004;OPC-SRC-015;OPC-SRC-016;OPC-SRC-020,OPC-SRC-004:ARTIFACT_ACCESSION_PENDING;OPC-SRC-015:SOURCE_FREEZE_PENDING;OPC-SRC-016:SOURCE_FREEZE_PENDING;OPC-SRC-020:OPERATIONS_PACKAGE_PENDING,NONE_REGISTERED_FOR_REFERENCED_SET,EQUINESYNC_SYSTEM,ENFORCE_NORMATIVE_REQUIREMENT,OWNER_COMMUNITY,"OPC-WF-019,020","OPC-ENT-023,024","OPC-SM-009,010",OPC-PERM-009 to OPC-PERM-014,"OPC-UI-007 to OPC-UI-012,016",OPC-AC-041 to OPC-AC-048,OPC-TEST-056 to OPC-TEST-065,OPC-EVID-026 to OPC-EVID-031,"OPC-WP-009,010,012,013",OPC-DEP-001 to OPC-DEP-010,"OPC-RISK-004,005,013 to OPC-RISK-016",OPC-FIND-P1-006,NONE,Initial community control,Separate community activation,ROW_EXPANSION_FROM_V0_2_SECTIONS_10_28_29_30_33_36_37_40_WITH_PACKAGE_LOCAL_DEPENDENCY_IDS,COMPLETE_DOCUMENTARY_ROW_PENDING_FOUNDER_CLOSURE_DISPOSITION
OPC-REQ-078,"Facility moderators and platform support SHALL NOT browse private peer content by default. Content access SHALL require a report, safety case, legal obligation, or appeal; least privilege; reason code; conflict check; time limit; visible case state where safe; and complete audit.",ES-PIA-OWNER-PORTAL-COMMUNICATIONS-V0.2.0,EquineSync_Item_10_Owner_Portal_Communications_PIA_V0_2_Strengthened_Draft.md,c68746f3eb2e1463fca17f81bebce416d420a2f2da7d8b6ba24d9987aff9c09a,Section 10 / OPC-REQ-078,OPC-FD-023;OPC-FD-024,OPC-SRC-004;OPC-SRC-008;OPC-SRC-016;OPC-SRC-020,OPC-SRC-004:ARTIFACT_ACCESSION_PENDING;OPC-SRC-008:SOURCE_FREEZE_PENDING;OPC-SRC-016:SOURCE_FREEZE_PENDING;OPC-SRC-020:OPERATIONS_PACKAGE_PENDING,NONE_REGISTERED_FOR_REFERENCED_SET,AUTHORIZED_MODERATOR_OR_PLATFORM_SUPPORT,DENY_OR_PREVENT_PROHIBITED_BEHAVIOR,SUPPORT_SESSION,"OPC-WF-019,020","OPC-ENT-023,024","OPC-SM-009,010",OPC-PERM-009 to OPC-PERM-014,"OPC-UI-007 to OPC-UI-012,016",OPC-AC-041 to OPC-AC-048,OPC-TEST-056 to OPC-TEST-065,OPC-EVID-026 to OPC-EVID-031,"OPC-WP-009,010,012,013",OPC-DEP-001 to OPC-DEP-010,"OPC-RISK-004,005,013 to OPC-RISK-016",OPC-FIND-P1-006,NONE,Operational prerequisite,Separate community activation,ROW_EXPANSION_FROM_V0_2_SECTIONS_10_28_29_30_33_36_37_40_WITH_PACKAGE_LOCAL_DEPENDENCY_IDS,COMPLETE_DOCUMENTARY_ROW_PENDING_FOUNDER_CLOSURE_DISPOSITION
OPC-REQ-079,"Community reports SHALL protect reporter information as required, prohibit retaliation, separate allegation from finding, support temporary protective controls, and provide review or appeal where appropriate.",ES-PIA-OWNER-PORTAL-COMMUNICATIONS-V0.2.0,EquineSync_Item_10_Owner_Portal_Communications_PIA_V0_2_Strengthened_Draft.md,c68746f3eb2e1463fca17f81bebce416d420a2f2da7d8b6ba24d9987aff9c09a,Section 10 / OPC-REQ-079,OPC-FD-024,OPC-SRC-004;OPC-SRC-016,OPC-SRC-004:ARTIFACT_ACCESSION_PENDING;OPC-SRC-016:SOURCE_FREEZE_PENDING,NONE_REGISTERED_FOR_REFERENCED_SET,COMMUNITY_REPORTING_AND_MODERATION_SYSTEM,DENY_OR_PREVENT_PROHIBITED_BEHAVIOR,OWNER_COMMUNITY,"OPC-WF-019,020","OPC-ENT-023,024","OPC-SM-009,010",OPC-PERM-009 to OPC-PERM-014,"OPC-UI-007 to OPC-UI-012,016",OPC-AC-041 to OPC-AC-048,OPC-TEST-056 to OPC-TEST-065,OPC-EVID-026 to OPC-EVID-031,"OPC-WP-009,010,012,013",OPC-DEP-001 to OPC-DEP-010,"OPC-RISK-004,005,013 to OPC-RISK-016",OPC-FIND-P1-006,NONE,Initial community control,Separate community activation,ROW_EXPANSION_FROM_V0_2_SECTIONS_10_28_29_30_33_36_37_40_WITH_PACKAGE_LOCAL_DEPENDENCY_IDS,COMPLETE_DOCUMENTARY_ROW_PENDING_FOUNDER_CLOSURE_DISPOSITION
OPC-REQ-080,"Community messaging SHALL enforce rate limits, spam controls, harassment controls, block-bypass detection, alternate-account review, and evidence-preserving restrictions without automated guilt or discipline.",ES-PIA-OWNER-PORTAL-COMMUNICATIONS-V0.2.0,EquineSync_Item_10_Owner_Portal_Communications_PIA_V0_2_Strengthened_Draft.md,c68746f3eb2e1463fca17f81bebce416d420a2f2da7d8b6ba24d9987aff9c09a,Section 10 / OPC-REQ-080,OPC-FD-024,OPC-SRC-004;OPC-SRC-016;OPC-SRC-020,OPC-SRC-004:ARTIFACT_ACCESSION_PENDING;OPC-SRC-016:SOURCE_FREEZE_PENDING;OPC-SRC-020:OPERATIONS_PACKAGE_PENDING,NONE_REGISTERED_FOR_REFERENCED_SET,EQUINESYNC_SYSTEM,ENFORCE_NORMATIVE_REQUIREMENT,OWNER_COMMUNITY,"OPC-WF-019,020","OPC-ENT-023,024","OPC-SM-009,010",OPC-PERM-009 to OPC-PERM-014,"OPC-UI-007 to OPC-UI-012,016",OPC-AC-041 to OPC-AC-048,OPC-TEST-056 to OPC-TEST-065,OPC-EVID-026 to OPC-EVID-031,"OPC-WP-009,010,012,013",OPC-DEP-001 to OPC-DEP-010,"OPC-RISK-004,005,013 to OPC-RISK-016",OPC-FIND-P1-006,NONE,Initial community control,Separate community activation,ROW_EXPANSION_FROM_V0_2_SECTIONS_10_28_29_30_33_36_37_40_WITH_PACKAGE_LOCAL_DEPENDENCY_IDS,COMPLETE_DOCUMENTARY_ROW_PENDING_FOUNDER_CLOSURE_DISPOSITION
OPC-REQ-081,"Community participation by minors SHALL follow the approved age and guardian model: no direct account under eight; no peer community messaging for ages eight through twelve; and ages thirteen through seventeen disabled by default unless a separately approved protected configuration, guardian linkage, and safeguarding controls apply.",ES-PIA-OWNER-PORTAL-COMMUNICATIONS-V0.2.0,EquineSync_Item_10_Owner_Portal_Communications_PIA_V0_2_Strengthened_Draft.md,c68746f3eb2e1463fca17f81bebce416d420a2f2da7d8b6ba24d9987aff9c09a,Section 10 / OPC-REQ-081,OPC-FD-013;OPC-FD-014;OPC-FD-024,OPC-SRC-004;OPC-SRC-006;OPC-SRC-012;OPC-SRC-016,OPC-SRC-004:ARTIFACT_ACCESSION_PENDING;OPC-SRC-006:CONTRACT_FREEZE_PENDING;OPC-SRC-012:CROSS_PIA_CONTRACT_PENDING;OPC-SRC-016:SOURCE_FREEZE_PENDING,NONE_REGISTERED_FOR_REFERENCED_SET,PROTECTED_PARTICIPANT_CONTROL_SYSTEM,ENFORCE_NORMATIVE_REQUIREMENT,OWNER_COMMUNITY,"OPC-WF-019,020","OPC-ENT-023,024","OPC-SM-009,010",OPC-PERM-009 to OPC-PERM-014,"OPC-UI-007 to OPC-UI-012,016",OPC-AC-041 to OPC-AC-048,OPC-TEST-056 to OPC-TEST-065,OPC-EVID-026 to OPC-EVID-031,"OPC-WP-009,010,012,013",OPC-DEP-001 to OPC-DEP-010,"OPC-RISK-004,005,013 to OPC-RISK-016",OPC-FIND-P1-006,NONE,Initial safeguarding floor,Separate community activation,ROW_EXPANSION_FROM_V0_2_SECTIONS_10_28_29_30_33_36_37_40_WITH_PACKAGE_LOCAL_DEPENDENCY_IDS,COMPLETE_DOCUMENTARY_ROW_PENDING_FOUNDER_CLOSURE_DISPOSITION
OPC-REQ-082,"Owner-created group conversations, public feeds, unrestricted community rooms, and cross-facility groups SHALL remain unavailable in the initial scope. Facility broadcasts SHALL NOT be represented as peer group chats.",ES-PIA-OWNER-PORTAL-COMMUNICATIONS-V0.2.0,EquineSync_Item_10_Owner_Portal_Communications_PIA_V0_2_Strengthened_Draft.md,c68746f3eb2e1463fca17f81bebce416d420a2f2da7d8b6ba24d9987aff9c09a,Section 10 / OPC-REQ-082,OPC-FD-010;OPC-FD-024,OPC-SRC-004;OPC-SRC-009;OPC-SRC-015;OPC-SRC-016,OPC-SRC-004:ARTIFACT_ACCESSION_PENDING;OPC-SRC-009:CROSS_PIA_CONTRACT_PENDING;OPC-SRC-015:SOURCE_FREEZE_PENDING;OPC-SRC-016:SOURCE_FREEZE_PENDING,NONE_REGISTERED_FOR_REFERENCED_SET,EQUINESYNC_SYSTEM,DENY_OR_PREVENT_PROHIBITED_BEHAVIOR,OWNER_COMMUNITY,"OPC-WF-019,020","OPC-ENT-023,024","OPC-SM-009,010",OPC-PERM-009 to OPC-PERM-014,"OPC-UI-007 to OPC-UI-012,016",OPC-AC-041 to OPC-AC-048,OPC-TEST-056 to OPC-TEST-065,OPC-EVID-026 to OPC-EVID-031,"OPC-WP-009,010,012,013",OPC-DEP-001 to OPC-DEP-010,"OPC-RISK-004,005,013 to OPC-RISK-016",OPC-FIND-P1-006,NONE,Deferred / prohibited,Separate community activation,ROW_EXPANSION_FROM_V0_2_SECTIONS_10_28_29_30_33_36_37_40_WITH_PACKAGE_LOCAL_DEPENDENCY_IDS,COMPLETE_DOCUMENTARY_ROW_PENDING_FOUNDER_CLOSURE_DISPOSITION
OPC-REQ-083,"Facility split, merger, tenancy change, horse move, ownership change, or parent-organization change SHALL trigger fresh eligibility evaluation and SHALL NOT automatically carry community access or conversations across facility boundaries.",ES-PIA-OWNER-PORTAL-COMMUNICATIONS-V0.2.0,EquineSync_Item_10_Owner_Portal_Communications_PIA_V0_2_Strengthened_Draft.md,c68746f3eb2e1463fca17f81bebce416d420a2f2da7d8b6ba24d9987aff9c09a,Section 10 / OPC-REQ-083,OPC-FD-003;OPC-FD-022;OPC-FD-024,OPC-SRC-007;OPC-SRC-008;OPC-SRC-009;OPC-SRC-016,OPC-SRC-007:CONTRACT_FREEZE_PENDING;OPC-SRC-008:SOURCE_FREEZE_PENDING;OPC-SRC-009:CROSS_PIA_CONTRACT_PENDING;OPC-SRC-016:SOURCE_FREEZE_PENDING,NONE_REGISTERED_FOR_REFERENCED_SET,EQUINESYNC_SYSTEM,DENY_OR_PREVENT_PROHIBITED_BEHAVIOR,OWNER_COMMUNITY,"OPC-WF-019,020","OPC-ENT-023,024","OPC-SM-009,010",OPC-PERM-009 to OPC-PERM-014,"OPC-UI-007 to OPC-UI-012,016",OPC-AC-041 to OPC-AC-048,OPC-TEST-056 to OPC-TEST-065,OPC-EVID-026 to OPC-EVID-031,"OPC-WP-009,010,012,013",OPC-DEP-001 to OPC-DEP-010,"OPC-RISK-004,005,013 to OPC-RISK-016",OPC-FIND-P1-006,NONE,Initial community control,Separate community activation,ROW_EXPANSION_FROM_V0_2_SECTIONS_10_28_29_30_33_36_37_40_WITH_PACKAGE_LOCAL_DEPENDENCY_IDS,COMPLETE_DOCUMENTARY_ROW_PENDING_FOUNDER_CLOSURE_DISPOSITION
OPC-REQ-084,"Peer message content, community profiles, reports, and participation data SHALL NOT be used for advertising, data brokerage, public profiles, engagement ranking, or cross-tenant identifiable model training.",ES-PIA-OWNER-PORTAL-COMMUNICATIONS-V0.2.0,EquineSync_Item_10_Owner_Portal_Communications_PIA_V0_2_Strengthened_Draft.md,c68746f3eb2e1463fca17f81bebce416d420a2f2da7d8b6ba24d9987aff9c09a,Section 10 / OPC-REQ-084,OPC-FD-024,OPC-SRC-004;OPC-SRC-016;OPC-SRC-018,OPC-SRC-004:ARTIFACT_ACCESSION_PENDING;OPC-SRC-016:SOURCE_FREEZE_PENDING;OPC-SRC-018:FAMILY_AND_AUTHORITY_IDENTIFIED,NONE_REGISTERED_FOR_REFERENCED_SET,EQUINESYNC_SYSTEM,DENY_OR_PREVENT_PROHIBITED_BEHAVIOR,OWNER_COMMUNITY,"OPC-WF-019,020","OPC-ENT-023,024","OPC-SM-009,010",OPC-PERM-009 to OPC-PERM-014,"OPC-UI-007 to OPC-UI-012,016",OPC-AC-041 to OPC-AC-048,OPC-TEST-056 to OPC-TEST-065,OPC-EVID-026 to OPC-EVID-031,"OPC-WP-009,010,012,013",OPC-DEP-001 to OPC-DEP-010,"OPC-RISK-004,005,013 to OPC-RISK-016",OPC-FIND-P1-006,NONE,Initial prohibition,Separate community activation,ROW_EXPANSION_FROM_V0_2_SECTIONS_10_28_29_30_33_36_37_40_WITH_PACKAGE_LOCAL_DEPENDENCY_IDS,COMPLETE_DOCUMENTARY_ROW_PENDING_FOUNDER_CLOSURE_DISPOSITION
